# vtk DataFile Version 2.0
AirplaneModel, Created by Gmsh 4.12.1 
ASCII
DATASET UNSTRUCTURED_GRID
POINTS 4341 double
-50 18.30127018922192 68.30127018922194
-50 -68.30127018922194 18.30127018922192
-50 68.30127018922194 -18.30127018922192
-50 -18.30127018922192 -68.30127018922194
50 18.30127018922192 68.30127018922194
50 -68.30127018922194 18.30127018922192
50 68.30127018922194 -18.30127018922192
50 -18.30127018922192 -68.30127018922194
-50 -50.98076211353319 28.30127018922191
-50 -33.66025403784445 38.3012701892219
-50 -16.33974596215563 48.30127018922192
-50 0.980762113533217 58.30127018922197
-50 28.30127018922191 50.98076211353319
-50 38.3012701892219 33.66025403784445
-50 48.30127018922192 16.33974596215563
-50 58.30127018922197 -0.980762113533217
-50 -0.9807621135331779 -58.30127018922195
-50 16.33974596215556 -48.30127018922197
-50 33.66025403784438 -38.30127018922194
-50 50.98076211353323 -28.3012701892219
-50 -58.30127018922195 0.9807621135331779
-50 -48.30127018922197 -16.33974596215556
-50 -38.30127018922194 -33.66025403784438
-50 -28.3012701892219 -50.98076211353323
50 -50.98076211353319 28.30127018922191
50 -33.66025403784445 38.3012701892219
50 -16.33974596215563 48.30127018922192
50 0.980762113533217 58.30127018922197
50 28.30127018922191 50.98076211353319
50 38.3012701892219 33.66025403784445
50 48.30127018922192 16.33974596215563
50 58.30127018922197 -0.980762113533217
50 -0.9807621135331779 -58.30127018922195
50 16.33974596215556 -48.30127018922197
50 33.66025403784438 -38.30127018922194
50 50.98076211353323 -28.3012701892219
50 -58.30127018922195 0.9807621135331779
50 -48.30127018922197 -16.33974596215556
50 -38.30127018922194 -33.66025403784438
50 -28.3012701892219 -50.98076211353323
-30.00000000000003 -68.30127018922194 18.30127018922192
-10.00000000000007 -68.30127018922194 18.30127018922192
9.999999999999986 -68.30127018922194 18.30127018922192
30.00000000000007 -68.30127018922194 18.30127018922192
-30.00000000000003 18.30127018922192 68.30127018922194
-10.00000000000007 18.30127018922192 68.30127018922194
9.999999999999986 18.30127018922192 68.30127018922194
30.00000000000007 18.30127018922192 68.30127018922194
-30.00000000000003 -18.30127018922192 -68.30127018922194
-10.00000000000007 -18.30127018922192 -68.30127018922194
9.999999999999986 -18.30127018922192 -68.30127018922194
30.00000000000007 -18.30127018922192 -68.30127018922194
-30.00000000000003 68.30127018922194 -18.30127018922192
-10.00000000000007 68.30127018922194 -18.30127018922192
9.999999999999986 68.30127018922194 -18.30127018922192
30.00000000000007 68.30127018922194 -18.30127018922192
-50 -28.55711599615785 -17.60755401061216
-50 29.69060742203111 15.83303702780903
-50 18.90787538849055 -31.53309115342998
-50 -16.24537208377909 28.46473054147743
-50 0.7205672728679104 38.60230280162585
-50 0.4560960791709334 19.97804296256514
-50 -17.4536568729966 10.19030237873717
-50 0.9807621135331033 -1.698729810778175
-50 38.62666743914865 -0.779779227026701
-50 -18.63802509962583 -33.83337611439237
-50 -36.71125480860452 0.6458360452673944
-50 17.82149004641677 31.49433463126548
-50 31.62713424944037 -17.93671568138365
-50 0.2743909396703117 -37.65949175277787
-50 -33.89209501766331 19.80761594742088
-50 21.0928576339733 -0.8261878836416017
-50 -8.860748780799248 -18.3572980704032
-50 11.13140123425147 -14.65680629583527
-50 48.3012701892219 -12.94228634059947
-50 12.94228634059948 48.30127018922192
-50 -12.94228634059948 -48.30127018922197
-50 -48.30127018922197 12.94228634059948
-50 14.33833283180432 13.10467328625882
-50 -18.51814639009751 -5.865023837129712
50 -28.55711599615785 -17.60755401061216
50 29.69060742203111 15.83303702780903
50 18.90787538849055 -31.53309115342998
50 -16.24537208377909 28.46473054147743
50 0.7205672728679104 38.60230280162585
50 0.4560960791709334 19.97804296256514
50 -17.4536568729966 10.19030237873717
50 0.9807621135331033 -1.698729810778175
50 38.62666743914865 -0.779779227026701
50 -18.63802509962583 -33.83337611439237
50 -36.71125480860452 0.6458360452673944
50 17.82149004641677 31.49433463126548
50 31.62713424944037 -17.93671568138365
50 0.2743909396703117 -37.65949175277787
50 -33.89209501766331 19.80761594742088
50 21.0928576339733 -0.8261878836416017
50 -8.860748780799248 -18.3572980704032
50 11.13140123425147 -14.65680629583527
50 48.3012701892219 -12.94228634059947
50 12.94228634059948 48.30127018922192
50 -12.94228634059948 -48.30127018922197
50 -48.30127018922197 12.94228634059948
50 14.33833283180432 13.10467328625882
50 -18.51814639009751 -5.865023837129712
-1.186163304946135 -54.61107040421268 26.20531072035678
0.1634603522555054 3.383000365349673 59.68820309056582
33.72448438200789 -25.83726517599346 42.81787491447901
-33.63011050363134 -25.69570435842861 42.89960509060678
19.92518096425223 3.63971231949975 59.83641580639856
10.38489982209172 -10.21282817813658 51.83864782112803
-10.02089867631717 -9.798293934050015 52.07797927853973
7.105427357601002e-15 -26.69872981077811 42.32050807568875
-31.48028884944708 -8.603621971498526 52.76772345771213
18.19202846837926 -51.70810828163076 27.88133668327674
-19.99218203946497 -55.46131231437589 25.71442332464775
-19.44945183702189 4.534233850525936 60.35286805313245
-30.86055710882906 -42.79019693014706 33.03009520266507
31.19551020549234 -9.074421702964898 52.49590710601561
33.80305650564441 -41.78442109954527 33.61078014920744
-16.41620538129375 -33.61195973369827 38.32915291872102
17.95663697274624 -34.56698161172665 37.77777078035935
3.045230058973821 -40.00000000000004 34.64101615137753
35.35898384862246 -55.6217782649107 25.62177826491071
-35.35898384862247 5.621778264910716 60.98076211353317
35.35898384862247 5.621778264910716 60.98076211353317
-35.35898384862249 -55.62177826491074 25.62177826491068
18.9750224214721 -21.37336530241227 45.39510870812664
-18.80178165217436 -21.24537088843854 45.46900631748915
-10.92224884805843 -44.67832579169588 31.93998349618516
-1.186163304946142 -4.611070404212663 -60.39722965808708
0.1634603522555054 53.38300036534969 -26.91433728787804
33.72448438200789 24.16273482400656 -43.78466546396485
-33.63011050363134 24.30429564157139 -43.70293528783709
19.92518096425223 53.63971231949976 -26.7661245720453
10.38489982209172 39.78717182186344 -34.76389255731583
-10.02089867631717 40.20170606595 -34.52456109990413
7.105427357601002e-15 23.3012701892219 -44.28203230275511
-31.48028884944708 41.39637802850149 -33.83481692073173
18.19202846837928 -1.708108281630746 -58.72120369516713
-19.99218203946497 -5.461312314375876 -60.88811705379612
-19.44945183702188 54.53423385052595 -26.24967232531142
-30.86055710882906 7.209803069852942 -53.5724451757788
31.19551020549234 40.92557829703512 -34.10663327242825
33.80305650564441 8.215578900454748 -52.99176022923643
-16.41620538129375 16.38804026630174 -48.27338745972285
17.95663697274624 15.43301838827336 -48.82476959808452
3.045230058973821 9.999999999999979 -51.96152422706633
35.35898384862246 -5.621778264910686 -60.98076211353316
-35.35898384862247 55.62177826491073 -25.6217782649107
35.35898384862247 55.62177826491073 -25.6217782649107
-35.35898384862249 -5.621778264910722 -60.98076211353317
18.9750224214721 28.62663469758774 -41.20743167031722
-18.80178165217434 28.75462911156146 -41.13353406095472
-10.92224884805844 5.32167420830412 -54.66255688225871
-1.186163304946149 -60.39722965808708 4.611070404212651
0.1634603522554769 -26.91433728787806 -53.38300036534967
33.72448438200787 -43.78466546396485 -24.16273482400656
-33.63011050363135 -43.70293528783708 -24.3042956415714
19.92518096425218 -26.76612457204532 -53.63971231949974
10.38489982209167 -34.76389255731583 -39.78717182186344
-10.02089867631719 -34.52456109990414 -40.20170606594999
-1.27897692436818e-13 -44.28203230275512 -23.30127018922189
-31.48028884944707 -33.83481692073175 -41.39637802850147
18.19202846837925 -58.72120369516713 1.70810828163075
-19.99218203946498 -60.88811705379611 5.46131231437586
-19.44945183702189 -26.24967232531142 -54.53423385052595
31.19551020549231 -34.10663327242825 -40.9255782970351
33.80305650564441 -52.99176022923643 -8.21557890045473
-30.86055710882908 -53.57244517577879 -7.209803069852956
17.9566369727462 -48.82476959808452 -15.43301838827336
-16.41620538129382 -48.27338745972284 -16.38804026630174
3.045230058973743 -51.96152422706633 -9.999999999999982
35.35898384862243 -25.62177826491072 -55.62177826491069
-35.35898384862244 -25.6217782649107 -55.62177826491072
35.35898384862247 -60.98076211353317 5.621778264910708
-35.35898384862247 -60.98076211353317 5.621778264910715
18.9750224214721 -41.20743167031721 -28.62663469758776
-18.80178165217437 -41.13353406095472 -28.75462911156147
-10.92224884805847 -54.66255688225868 -5.321674208304167
-34.19191893773029 42.70818853674886 26.02724755512028
32.77386580268778 43.38300036534969 24.85843918243519
-0.966790549485836 60.16351238022587 -4.206260204350372
-0.8033301972303022 26.48621493740625 54.12453002822263
33.07029123435326 53.26386067134805 7.744287109955458
17.07475526381221 48.49372010026779 16.00641293831208
17.5534181786356 38.29082085106334 33.67835282244054
-1.961524227066363 43.30127018922194 25
-30.83986701189038 52.39728442341157 9.245241200013844
18.9329065369804 27.56112576449839 52.26272986209318
-35.17369372914835 33.30517916948944 42.31373752325966
34.10319572782103 33.57654427071098 41.84371938054288
-20.54234997311372 27.8709916348074 51.72602643118642
-19.38098008002898 60.20279844204413 -4.274305659448885
18.38927383358737 58.8990252919681 -2.016104321973074
-9.944234541001819 35.09316749857506 39.2168508939432
-11.04699881772515 52.27958867559505 9.449096215066866
-17.32050807568881 44.82388521870884 22.36275340856069
-35.35898384862244 60.98076211353316 -5.621778264910702
35.35898384862247 25.6217782649107 55.62177826491072
35.35898384862247 60.98076211353317 -5.621778264910716
-35.35898384862248 25.62177826491069 55.62177826491073
4.187677037809429 52.78878139995798 8.567148545625855
4.335472256534437 33.90037936313475 41.28282054719116
-22.72257338607355 37.84014576519271 34.45894496887394
-21.52082252502441 -1.145394563674927 -7.313189506530762
-21.48822021484375 -1.198038339614868 -7.787816047668457
-21.48822021484375 -1.300821781158447 -7.787816047668457
-21.52082252502441 -1.339357018470764 -7.313189506530762
-20.99100685119629 -1.442638158798218 -7.385006904602051
-21.25701141357422 -1.300821781158447 -7.787816047668457
-21.25701141357422 -1.198038339614868 -7.787816047668457
-20.99100685119629 -1.064665675163269 -7.385006904602051
-21.50621032714844 -1.173386096954346 -6.68083381652832
-21.50621032714844 -1.329219102859497 -6.68083381652832
-21.08796882629395 -1.549433350563049 -6.418975830078125
-21.08796882629395 -1.002638578414917 -6.418975830078125
-20.82582855224609 -1.100386023521423 -5.597189426422119
-20.82582855224609 -1.484116077423096 -5.597189426422119
-20.64915657043457 -1.216753125190735 -5.108237743377686
-20.64915657043457 -1.344239473342896 -5.108237743377686
-20.16300010681152 -1.108215808868408 -7.115034103393555
-20.16300010681152 -1.478185296058655 -7.115034103393555
-19.66742324829102 -1.230370998382568 -6.929285526275635
-19.66742324829102 -1.352326035499573 -6.929285526275635
-20.0802173614502 -1.906497597694397 -6.371761322021484
-20.0802173614502 -1.952719569206238 -5.616958618164062
-19.73902702331543 -2.12535834312439 -6.030142784118652
-19.73902702331543 -2.12535834312439 -5.916138172149658
-20.16300010681152 -1.535962820053101 -4.94102954864502
-20.16300010681152 -0.8982337117195129 -6.455189228057861
-20.16300010681152 -0.9415673613548279 -5.597189426422119
-20.16300010681152 -1.151549458503723 -4.94102954864502
-19.38581466674805 -2.177278995513916 -5.616958618164062
-19.30500030517578 -2.151047945022583 -6.079678535461426
-19.35085487365723 -1.661134600639343 -6.454489231109619
-19.72568893432617 -2.119942665100098 -5.344138145446777
-19.56570816040039 -1.778504490852356 -4.679232597351074
-19.15142059326172 -2.190909385681152 -4.739189147949219
-19.10086822509766 -1.695347428321838 -4.169933319091797
-18.96553802490234 -2.160478115081787 -4.225311756134033
-19.35085487365723 -1.159304022789001 -6.411697864532471
-19.30500030517578 -1.02960479259491 -5.597189426422119
-19.34537124633789 -1.131635308265686 -4.679232597351074
-19.0862865447998 -1.215054750442505 -4.208058834075928
-18.44700050354004 -2.27959132194519 -5.597189426422119
-18.44700050354004 -2.171751499176025 -6.104513168334961
-18.44700050354004 -2.328219652175903 -4.739189147949219
-18.42241096496582 -2.231365442276001 -3.916063070297241
-18.46396827697754 -1.72229540348053 -6.131156921386719
-18.42241096496582 -1.642127871513367 -3.718941688537598
-18.12001800537109 -1.892648100852966 -3.368970632553101
-18.12001800537109 -2.174667596817017 -3.368970632553101
-18.76128196716309 -1.232206702232361 -6.09670352935791
-18.46396827697754 -1.189915060997009 -5.566753387451172
-18.18928146362305 -1.45426082611084 -5.832463264465332
-18.44700050354004 -1.127194762229919 -4.739189147949219
-18.44700050354004 -1.197129845619202 -4.063787460327148
-17.58522415161133 -2.272037506103516 -5.655672550201416
-17.86870574951172 -2.152962923049927 -6.063255786895752
-17.5890007019043 -2.461520910263062 -4.739189147949219
-17.5890007019043 -2.436607360839844 -3.881189584732056
-17.5490550994873 -2.265144348144531 -3.05905818939209
-17.86870574951172 -2.026260852813721 -6.063255786895752
-17.59696769714355 -1.675643086433411 -5.620562076568604
-17.51819801330566 -1.673256278038025 -3.118660688400269
-17.79997253417969 -1.320647954940796 -3.511784553527832
-17.23642539978027 -2.025864839553833 -2.533785820007324
-17.23642539978027 -2.174692630767822 -2.533785820007324
-17.8972282409668 -1.242858648300171 -5.260463237762451
-17.60233688354492 -1.224819898605347 -4.675549030303955
-17.32522964477539 -1.325025200843811 -4.919122219085693
-17.54398345947266 -1.236874103546143 -3.831146478652954
-17.22797203063965 -1.262949109077454 -3.440350532531738
-16.73100090026855 -2.572821855545044 -4.739189147949219
-16.73100090026855 -2.323691129684448 -5.472587585449219
-16.73100090026855 -2.619069576263428 -3.881189584732056
-16.73100090026855 -2.533814907073975 -3.023189544677734
-16.65279006958008 -2.261764049530029 -2.214747190475464
-16.73100090026855 -1.822685122489929 -5.472587585449219
-16.79143333435059 -1.389330387115479 -4.675549030303955
-16.65279006958008 -1.916092038154602 -2.214747190475464
-16.77438926696777 -1.417887210845947 -3.10188627243042
-16.31464958190918 -2.110923051834106 -1.727078437805176
-16.31464958190918 -2.134873628616333 -1.727078437805176
-17.11772155761719 -1.261621117591858 -4.347122192382812
-17.07527732849121 -1.26025390625 -3.881189584732056
-16.64627838134766 -1.303413987159729 -3.881189584732056
-17.08931541442871 -1.262949109077454 -3.440350532531738
-15.8730001449585 -2.619073390960693 -4.739189147949219
-15.8730001449585 -2.306655168533325 -5.356910228729248
-15.8730001449585 -2.759884119033813 -3.881189584732056
-15.8730001449585 -2.750071287155151 -3.023189544677734
-15.8730001449585 -2.567668676376343 -2.165189504623413
-15.8730001449585 -2.265063285827637 -1.579601049423218
-15.8730001449585 -1.919661402702332 -5.356910228729248
-15.8730001449585 -1.5656818151474 -4.739189147949219
-15.8730001449585 -1.378466367721558 -3.881189584732056
-15.8730001449585 -1.36628794670105 -3.023189544677734
-15.8730001449585 -1.611983180046082 -2.165189504623413
-15.8730001449585 -1.9781414270401 -1.579601049423218
-14.97874641418457 -2.449548959732056 -4.795454502105713
-15.24057769775391 -2.227999687194824 -5.254425048828125
-15.01500034332275 -2.825191259384155 -3.881189584732056
-15.01500034332275 -2.873992919921875 -3.023189544677734
-15.01500034332275 -2.828009128570557 -2.165189504623413
-15.0197811126709 -2.459172010421753 -1.2731853723526
-15.24057769775391 -2.026326894760132 -5.254425048828125
-14.97874641418457 -1.841026663780212 -4.795454502105713
-15.01500034332275 -1.501316666603088 -3.881189584732056
-15.01500034332275 -1.417752385139465 -3.023189544677734
-15.01500034332275 -1.458791375160217 -2.165189504623413
-15.0197811126709 -1.828364729881287 -1.2731853723526
-14.73696804046631 -2.032851457595825 -0.7878903746604919
-14.73696804046631 -2.247591733932495 -0.7878903746604919
-14.07345199584961 -2.842200517654419 -3.796292781829834
-14.1569995880127 -2.398606777191162 -4.552925109863281
-14.25736808776855 -2.948480606079102 -3.023189544677734
-13.73175239562988 -2.982635974884033 -3.453695058822632
-13.82836818695068 -2.992206573486328 -3.023189544677734
-14.3356819152832 -2.947699785232544 -2.165189504623413
-13.90668201446533 -3.002557992935181 -2.165189504623413
-14.1361026763916 -2.856747150421143 -1.29068124294281
-13.83617115020752 -2.996438026428223 -1.565675616264343
-14.1569995880127 -2.417571067810059 -0.6309830546379089
-14.1569995880127 -1.957330346107483 -4.552925109863281
-14.1569995880127 -1.690832734107971 -3.881189584732056
-14.1569995880127 -1.54650342464447 -3.023189544677734
-14.1569995880127 -1.500392436981201 -2.165189504623413
-14.1569995880127 -1.628046154975891 -1.307189464569092
-14.1569995880127 -1.940654635429382 -0.6309830546379089
-7.729063987731934 -1.258720397949219 -23.1616039276123
-7.729063987731934 -1.258720397949219 -23.21699905395508
-7.729063987731934 -1.281742453575134 -23.21699905395508
-7.729063987731934 -1.281742453575134 -23.1616039276123
-7.299473285675049 -1.538912415504456 -22.82823753356934
-7.293000221252441 -1.439250946044922 -23.38573455810547
-7.293000221252441 -1.191112279891968 -23.38573455810547
-7.299473285675049 -1.157742023468018 -22.82823753356934
-7.017788887023926 -1.185652017593384 -22.12873268127441
-7.017788887023926 -1.490084409713745 -22.12873268127441
-13.29899978637695 -3.045845746994019 -3.023189544677734
-13.29899978637695 -3.004961729049683 -3.516892910003662
-13.29899978637695 -3.066481113433838 -2.165189504623413
-13.35118198394775 -3.040828943252563 -1.29068124294281
-13.26466369628906 -2.558645486831665 -3.978292942047119
-13.52777194976807 -2.276177406311035 -4.397061347961426
-13.67196941375732 -2.964067935943604 -0.9936756491661072
-13.36926651000977 -2.664874315261841 -0.3610951602458954
-13.09996891021729 -3.02215051651001 -0.6553102731704712
-13.52777194976807 -2.054677963256836 -4.397061347961426
-13.26466369628906 -1.940045475959778 -3.926530361175537
-13.29899978637695 -1.712072968482971 -3.023189544677734
-13.29899978637695 -1.629657864570618 -2.165189504623413
-13.29899978637695 -1.639881730079651 -1.307189464569092
-13.33113861083984 -1.903690218925476 -0.3914038240909576
-12.44099998474121 -3.123058080673218 -3.023189544677734
-12.44099998474121 -3.03812050819397 -3.573522567749023
-12.44099998474121 -3.155887842178345 -2.165189504623413
-12.44099998474121 -3.156988620758057 -1.307189464569092
-12.50069999694824 -3.089413166046143 -0.401261955499649
-12.44099998474121 -2.553347587585449 -3.777663469314575
-12.82650089263916 -2.93768048286438 -0.08331026136875153
-12.44099998474121 -2.036430358886719 -3.656330347061157
-12.44099998474121 -1.877132296562195 -3.023189544677734
-12.44099998474121 -1.7706538438797 -2.165189504623413
-12.44099998474121 -1.731951117515564 -1.307189464569092
-12.44099998474121 -1.799510359764099 -0.4491894841194153
-11.58300018310547 -3.168926239013672 -3.023189544677734
-11.58300018310547 -3.040072202682495 -3.539742708206177
-11.58300018310547 -3.246006488800049 -2.165189504623413
-11.58300018310547 -3.253319978713989 -1.307189464569092
-11.58300018310547 -3.244609832763672 -0.4491894841194153
-11.60183048248291 -2.571263790130615 -3.554404020309448
-11.9003849029541 -2.095052719116211 -3.505809307098389
-11.60183048248291 -2.034836292266846 -3.015960931777954
-11.32838535308838 -2.297208070755005 -3.297141790390015
-11.58300018310547 -1.89820396900177 -2.165189504623413
-11.58300018310547 -1.829417824745178 -1.307189464569092
-11.58300018310547 -1.820732474327087 -0.4491894841194153
-10.70571327209473 -3.139552593231201 -3.08742880821228
-10.97885608673096 -3.014813899993896 -3.491915225982666
-10.72500038146973 -3.342683792114258 -2.165189504623413
-10.72500038146973 -3.360585451126099 -1.307189464569092
-10.72500038146973 -3.361071825027466 -0.4491894841194153
-10.97885608673096 -2.869208097457886 -3.491915225982666
-10.67459487915039 -2.510117769241333 -3.070698499679565
-10.94233322143555 -2.087209939956665 -2.725141763687134
-10.68379974365234 -2.038280725479126 -2.202840089797974
-10.37033367156982 -2.151027679443359 -2.513940572738647
-10.72500038146973 -1.928534865379333 -1.307189464569092
-10.72500038146973 -1.882825493812561 -0.4491894841194153
-9.866999626159668 -3.446040391921997 -2.165189504623413
-9.866999626159668 -3.189656019210815 -2.915536165237427
-9.866999626159668 -3.497976779937744 -1.307189464569092
-9.866999626159668 -3.501134157180786 -0.4491894841194153
-9.866999626159668 -2.640600919723511 -2.915536165237427
-9.792538642883301 -2.196166515350342 -2.202840089797974
-10.02889728546143 -2.091347694396973 -1.941940665245056
-9.792538642883301 -2.049403429031372 -1.380839347839355
-9.456897735595703 -2.127708196640015 -1.715939283370972
-9.866999626159668 -1.962643504142761 -0.4491894841194153
-9.008999824523926 -3.505622625350952 -2.165189504623413
-9.008999824523926 -3.183704137802124 -2.805770635604858
-9.008999824523926 -3.635819673538208 -1.307189464569092
-9.008999824523926 -3.646159887313843 -0.4491894841194153
-9.008999824523926 -2.744770765304565 -2.805770635604858
-9.008999824523926 -2.350724697113037 -2.165189504623413
-8.944413185119629 -2.155249834060669 -1.380839347839355
-9.187355041503906 -2.094472408294678 -1.143939256668091
-8.944413185119629 -2.064692735671997 -0.5053113102912903
-8.615354537963867 -2.12924599647522 -0.8287258744239807
-8.072875022888184 -3.333400726318359 -2.246740818023682
-8.306791305541992 -3.103743553161621 -2.697901487350464
-8.151000022888184 -3.715546369552612 -1.307189464569092
-8.151000022888184 -3.762120962142944 -0.4491894841194153
-8.306791305541992 -2.861921072006226 -2.697901487350464
-8.072875022888184 -2.65900707244873 -2.246740818023682
-8.151000022888184 -2.280260562896729 -1.307189464569092
-8.130114555358887 -2.164441823959351 -0.5053113102912903
-8.402190208435059 -2.104537487030029 -0.2567258179187775
-7.281644821166992 -3.742408037185669 -1.255067467689514
-7.293000221252441 -3.300379991531372 -2.036595821380615
-7.56801176071167 -3.825653791427612 -0.4491894841194153
-6.98807430267334 -3.850384950637817 -0.9343194365501404
-7.139011859893799 -3.864893198013306 -0.4491894841194153
-7.293000221252441 -2.777650356292725 -2.036595821380615
-7.293000221252441 -2.470561981201172 -1.307189464569092
-7.293000221252441 -2.300340414047241 -0.4491894841194153
-6.440440654754639 -1.972452998161316 -22.74486351013184
-6.434999942779541 -1.552176833152771 -23.41959381103516
-6.593301773071289 -1.743789553642273 -21.86531448364258
-6.15806770324707 -2.148717641830444 -22.45064735412598
-6.168639659881592 -2.162927627563477 -21.89918899536133
-6.197075843811035 -1.695347428321838 -21.27584266662598
-6.070785045623779 -2.15141749382019 -21.38088226318359
-6.434999942779541 -1.160642147064209 -23.41959381103516
-6.434999942779541 -1.036227345466614 -22.75718879699707
-6.463189601898193 -1.126150727272034 -21.86531448364258
-6.195982933044434 -1.198572754859924 -21.30036735534668
-5.577000141143799 -2.244031667709351 -21.89918899536133
-5.577000141143799 -2.173847198486328 -22.49649047851562
-5.579383373260498 -2.218316555023193 -21.07340431213379
-5.579838752746582 -1.709125161170959 -22.89773750305176
-5.86773157119751 -1.432310223579407 -23.26214408874512
-5.797294616699219 -1.695347428321838 -20.84684371948242
-5.86773157119751 -1.218093752861023 -23.26214408874512
-5.579838752746582 -1.152828454971313 -22.76309776306152
-5.577000141143799 -1.05878734588623 -21.89918899536133
-5.579252243041992 -1.155843257904053 -21.02509689331055
-4.718999862670898 -2.288999319076538 -21.89918899536133
-4.718999862670898 -2.176153182983398 -22.43596649169922
-4.718999862670898 -2.361965656280518 -21.04118919372559
-4.64100170135498 -1.625526785850525 -22.50611877441406
-4.875002861022949 -1.210593819618225 -22.48103523254395
-4.64100170135498 -1.167204976081848 -21.97481918334961
-4.303002834320068 -1.292979717254639 -22.31123924255371
-4.718999862670898 -1.110308527946472 -21.04118919372559
-3.865307807922363 -2.248284816741943 -21.94530487060547
-4.15418004989624 -2.151792526245117 -22.36994934082031
-3.861000061035156 -2.431691646575928 -21.04118919372559
-4.15418004989624 -1.86497962474823 -22.36994934082031
-3.865307807922363 -1.625526785850525 -22.12270736694336
-3.861000061035156 -1.228095173835754 -21.69194030761719
-3.861000061035156 -1.166136026382446 -21.04118919372559
-3.003000020980835 -2.473215103149414 -21.04118919372559
-3.003000020980835 -2.264472484588623 -21.72907447814941
-3.055235385894775 -1.662113070487976 -21.69326782226562
-3.376059055328369 -1.256800651550293 -21.4968090057373
-3.055235385894775 -1.240715265274048 -20.95899963378906
-2.804059028625488 -1.353956937789917 -21.19020462036133
-2.144999980926514 -2.54711127281189 -21.04118919372559
-2.144999980926514 -2.276444435119629 -21.66077423095703
-2.144999980926514 -1.850907444953918 -21.66077423095703
-2.144999980926514 -1.421907544136047 -21.05178070068359
-2.144999980926514 -1.264356851577759 -20.62277984619141
-1.415422677993774 -2.79412841796875 -21.04118919372559
-1.213186264038086 -2.527235269546509 -21.83008575439453
-0.8730885982513428 -2.9907546043396 -21.48918724060059
-0.9864226579666138 -3.056353330612183 -21.04118919372559
-1.27743399143219 -1.647872805595398 -21.92113876342773
-0.9812838435173035 -1.909593939781189 -22.46596145629883
-0.9812838435173035 -2.246995210647583 -22.46596145629883
-1.573584198951721 -1.386151552200317 -21.19229316711426
-1.287350535392761 -1.09238862991333 -20.96025276184082
-1.00158417224884 -1.189119219779968 -21.67129325866699
-0.4289999902248383 -3.262880086898804 -21.04118919372559
-0.4289999902248383 -3.059462547302246 -21.68635749816895
-0.4289999902248383 -2.854623556137085 -22.1153564453125
-0.4023620188236237 -2.406334161758423 -22.75405311584473
-0.4447640180587769 -1.618758797645569 -22.80813598632812
-0.09860334545373917 -1.89992368221283 -23.23762321472168
-0.09860334545373917 -2.192623853683472 -23.23762321472168
-0.7909247279167175 -1.337594032287598 -22.2432918548584
-0.4745548367500305 -1.03338623046875 -21.93405151367188
-0.2189247161149979 -1.177880764007568 -22.57831001281738
-0.4736073911190033 -0.6167821288108826 -21.08600234985352
-5.368294715881348 -1.695347428321838 -20.3672981262207
-5.29497241973877 -2.18738317489624 -20.41403198242188
-5.294754028320312 -1.217975854873657 -20.48382568359375
-4.767579555511475 -2.285401344299316 -20.15009498596191
-4.955139636993408 -1.695347428321838 -19.93829917907715
-4.492217063903809 -1.751572251319885 -19.36261177062988
-4.474605560302734 -2.214501142501831 -19.3251895904541
-4.312174797058105 -2.075055360794067 -18.87044334411621
-4.312174797058105 -2.142492055892944 -18.87044334411621
-4.687732696533203 -1.190672039985657 -20.19197082519531
-4.380887508392334 -1.238789916038513 -19.67355918884277
-3.861000061035156 -2.492753505706787 -20.18318939208984
-3.861000061035156 -2.452686786651611 -19.3251895904541
-3.820136547088623 -2.272823810577393 -18.53754043579102
-3.780839443206787 -1.756731867790222 -18.57433700561523
-4.054784774780273 -1.503055334091187 -19.10155868530273
-3.506894111633301 -2.010408401489258 -17.95465278625488
-3.506894111633301 -2.194555044174194 -17.95465278625488
-3.861000061035156 -1.155372858047485 -20.18318939208984
-3.805670976638794 -1.21805465221405 -19.36261177062988
-3.482784986495972 -1.251213550567627 -18.8502311706543
-3.003000020980835 -2.582982063293457 -20.18318939208984
-3.003000020980835 -2.651108980178833 -19.3251895904541
-3.003000020980835 -2.62758207321167 -18.46718978881836
-2.986629724502563 -2.399488687515259 -17.64486694335938
-2.986629724502563 -1.805430769920349 -17.64486694335938
-3.003000020980835 -1.405000329017639 -18.30840492248535
-2.689716100692749 -1.979949355125427 -17.00728607177734
-2.689716100692749 -2.2810959815979 -17.00728607177734
-3.003000020980835 -1.203349828720093 -20.18318939208984
-3.003000020980835 -1.20798647403717 -19.3251895904541
-3.003000020980835 -1.246104001998901 -18.73740577697754
-2.117586374282837 -3.411347627639771 -15.03518962860107
-1.956703305244446 -3.495779037475586 -15.97485542297363
-1.773174405097961 -3.910116910934448 -15.74329948425293
-1.829509258270264 -3.981060743331909 -15.03518962860107
-2.197848558425903 -3.411347627639771 -14.17718887329102
-1.877435088157654 -4.046859741210938 -14.17718887329102
-2.144999980926514 -2.723639488220215 -20.18318939208984
-2.123085498809814 -2.856478452682495 -19.35698699951172
-2.378418922424316 -2.884595155715942 -18.46718978881836
-1.822475790977478 -3.032892465591431 -19.09218406677246
-1.949418783187866 -3.130494832992554 -18.46718978881836
-2.44750452041626 -2.844618320465088 -17.60918998718262
-2.018504619598389 -3.256925106048584 -17.60918998718262
-2.414796113967896 -2.561596632003784 -16.73324775695801
-1.989090204238892 -3.35947585105896 -16.75119018554688
-2.287593364715576 -2.553347587585449 -15.89318943023682
-2.294658660888672 -2.553347587585449 -15.03518962860107
-2.341665029525757 -2.553347587585449 -14.17718887329102
-2.41996955871582 -1.382156014442444 -17.60918998718262
-2.534220933914185 -1.279157042503357 -18.15843391418457
-2.301174402236938 -1.69450843334198 -16.73324775695801
-2.106355905532837 -1.695347428321838 -15.89318943023682
-2.089303970336914 -1.695347428321838 -15.03518962860107
-2.122204542160034 -1.695347428321838 -14.17718887329102
-2.144999980926514 -1.240175008773804 -20.18318939208984
-2.144999980926514 -1.206971287727356 -19.3251895904541
-2.206932544708252 -1.200655817985535 -18.45353698730469
-1.99096953868866 -1.166901707649231 -17.60918998718262
-1.847063183784485 -1.172693014144897 -16.75119018554688
-1.792760968208313 -1.178200840950012 -15.89318943023682
-1.798722267150879 -1.159955143928528 -15.03518962860107
-1.816953063011169 -1.142013311386108 -14.17718887329102
-1.243504762649536 -4.465970516204834 -15.11027431488037
-1.371727705001831 -4.183809757232666 -15.97485542297363
-1.436736583709717 -4.475860118865967 -14.17718887329102
-0.9285080432891846 -4.738943576812744 -14.8743314743042
-1.007736682891846 -4.786050319671631 -14.17718887329102
-1.266973376274109 -3.60053277015686 -18.51249504089355
-1.352329730987549 -3.2691490650177 -19.35698699951172
-1.530239701271057 -3.685925245285034 -17.60918998718262
-0.9676222205162048 -3.913340330123901 -18.25669860839844
-1.101239681243896 -4.009128570556641 -17.60918998718262
-1.661182641983032 -3.788475751876831 -16.75119018554688
-1.232182621955872 -4.119069576263428 -16.75119018554688
-1.714212775230408 -3.838066339492798 -16.31529998779297
-1.593018412590027 -2.908370494842529 -20.18318939208984
-1.164018511772156 -3.175056934356689 -20.18318939208984
-1.681882977485657 -2.959797859191895 -19.6641845703125
-1.208693027496338 -0.7839962840080261 -20.12722587585449
-1.324982404708862 -0.7966344952583313 -19.3251895904541
-1.361496806144714 -0.7641260027885437 -18.46718978881836
-1.395907044410706 -0.7379017472267151 -17.60918998718262
-1.425402164459229 -0.7436930537223816 -16.75119018554688
-1.450982570648193 -0.7492008805274963 -15.89318943023682
-1.458489060401917 -0.7309553027153015 -15.03518962860107
-1.434438228607178 -0.7130133509635925 -14.17718887329102
-0.8959824442863464 -0.1523756384849548 -19.3251895904541
-0.8704884648323059 -0.3086923360824585 -19.80391693115234
-0.9196338653564453 0.07983691245317459 -18.44585609436035
-0.9753386378288269 0.02065251022577286 -17.60918998718262
-1.006056666374207 0.02065251022577286 -16.75119018554688
-0.9922007918357849 0.0723121240735054 -15.95051670074463
-1.029489040374756 -0.1305477023124695 -15.03518962860107
-1.005438208580017 -0.2440962791442871 -14.17718887329102
-0.4289999902248383 -4.961040019989014 -14.17718887329102
-0.5074244737625122 -4.816189765930176 -15.11027431488037
-0.4289999902248383 -4.283137321472168 -17.60918998718262
-0.4735056161880493 -4.010953903198242 -18.51249504089355
-0.4289999902248383 -4.496773242950439 -16.75119018554688
-0.5074244737625122 -4.656005382537842 -15.97538375854492
-0.8457074761390686 -4.6954345703125 -15.44633197784424
-0.2737074792385101 -4.755191326141357 -15.74418067932129
-0.4289999902248383 -3.510567188262939 -20.18318939208984
-0.4735056161880493 -3.741856813430786 -19.37174606323242
-0.7891760468482971 -3.815126657485962 -18.82869911193848
-0.2171760350465775 -3.905196905136108 -19.11678314208984
-0.7893456220626831 -0.483540415763855 -20.37591743469238
-0.7641237378120422 -0.005354397464543581 -20.12722587585449
-0.3258869647979736 0.02065251022577286 -20.94864082336426
-0.8394737839698792 0.2766243815422058 -19.3251895904541
-0.8522747755050659 0.4052931666374207 -18.71763229370117
-0.7072446346282959 0.2984522879123688 -15.03518962860107
-0.8238154649734497 0.3927518725395203 -15.70273590087891
-0.4147064387798309 0.2028839588165283 -14.16791820526123
-2.252246856689453 -3.411347627639771 -13.31918907165527
-1.912180781364441 -4.101742267608643 -13.31918907165527
-2.287204504013062 -3.411347627639771 -12.46118927001953
-1.93505859375 -4.141331195831299 -12.46118927001953
-2.303951501846313 -3.411347627639771 -11.60318946838379
-1.945781111717224 -4.159889221191406 -11.60318946838379
-2.308430910110474 -3.411347627639771 -10.74518966674805
-1.94846522808075 -4.164569854736328 -10.74518966674805
-2.308706760406494 -3.411347627639771 -9.887188911437988
-1.9487224817276 -4.165158271789551 -9.887188911437988
-2.308433294296265 -3.411347627639771 -9.029189109802246
-1.94873046875 -4.165194034576416 -9.029189109802246
-2.308448314666748 -3.411347627639771 -8.171189308166504
-1.948745369911194 -4.165197849273682 -8.171189308166504
-2.308686971664429 -3.411347627639771 -7.313189506530762
-1.948720574378967 -4.165176868438721 -7.313189506530762
-2.374565601348877 -2.553347587585449 -13.31918907165527
-2.394138336181641 -2.553347587585449 -12.46118927001953
-2.40428900718689 -2.553347587585449 -11.60318946838379
-2.407312631607056 -2.553347587585449 -10.74518966674805
-2.406741857528687 -2.553347587585449 -9.887188911437988
-2.405746698379517 -2.553347587585449 -9.029189109802246
-2.405711889266968 -2.553347587585449 -8.171189308166504
-2.406728744506836 -2.553347587585449 -7.313189506530762
-2.148289918899536 -1.695347428321838 -13.31918907165527
-2.164783477783203 -1.695347428321838 -12.46118927001953
-2.174389839172363 -1.695347428321838 -11.60318946838379
-2.177987337112427 -1.695347428321838 -10.74518966674805
-2.178667306900024 -1.695347428321838 -9.887188911437988
-2.17856502532959 -1.695347428321838 -9.029189109802246
-2.178650617599487 -1.695347428321838 -8.171189308166504
-2.179877042770386 -1.695347428321838 -7.313189506530762
-1.829790353775024 -1.132604122161865 -13.31918907165527
-1.838791131973267 -1.12526273727417 -12.46118927001953
-1.844271302223206 -1.120466828346252 -11.60318946838379
-1.846640229225159 -1.117678046226501 -10.74518966674805
-1.847909927368164 -1.114578604698181 -9.887188911437988
-1.848520994186401 -1.11275053024292 -9.029189109802246
-1.848641633987427 -1.112348914146423 -8.171189308166504
-1.849114537239075 -1.11202335357666 -7.313189506530762
-1.515658140182495 -4.530742645263672 -13.31918907165527
-1.086658120155334 -4.835267066955566 -13.31918907165527
-1.569180965423584 -4.57033109664917 -12.46118927001953
-1.140181064605713 -4.870227336883545 -12.46118927001953
-1.592843055725098 -4.588889122009277 -11.60318946838379
-1.163843035697937 -4.886306762695312 -11.60318946838379
-1.598629951477051 -4.593569755554199 -10.74518966674805
-1.16963005065918 -4.890316963195801 -10.74518966674805
-1.59939169883728 -4.59415864944458 -9.887188911437988
-1.17039167881012 -4.89088249206543 -9.887188911437988
-1.599461793899536 -4.594193935394287 -9.029189109802246
-1.170461773872375 -4.890974521636963 -9.029189109802246
-1.59946596622467 -4.594197750091553 -8.171189308166504
-1.17046594619751 -4.890984535217285 -8.171189308166504
-1.599456906318665 -4.594176769256592 -7.313189506530762
-1.170457005500793 -4.890985488891602 -7.313189506530762
-1.394041180610657 -0.7036041617393494 -13.31918907165527
-1.356811046600342 -0.6962627768516541 -12.46118927001953
-1.330843806266785 -0.6914668679237366 -11.60318946838379
-1.319759130477905 -0.6886780858039856 -10.74518966674805
-1.324272871017456 -0.6855786442756653 -9.887188911437988
-1.330788135528564 -0.6837505698204041 -9.029189109802246
-1.332514047622681 -0.6833489537239075 -8.171189308166504
-1.332510471343994 -0.6830233931541443 -7.313189506530762
-0.9650411605834961 -0.3200544714927673 -13.31918907165527
-0.9278110265731812 -0.3618180155754089 -12.46118927001953
-0.901843786239624 -0.3826188445091248 -11.60318946838379
-0.8907591104507446 -0.3903351426124573 -10.74518966674805
-0.8952729105949402 -0.3880726099014282 -9.887188911437988
-0.9017881155014038 -0.3844082355499268 -9.029189109802246
-0.9035140872001648 -0.3834312558174133 -8.171189308166504
-0.9035104513168335 -0.383442759513855 -7.313189506530762
-0.4289999902248383 -5.05888557434082 -13.31918907165527
-0.4289999902248383 -5.128248691558838 -12.46118927001953
-0.4289999902248383 -5.160129070281982 -11.60318946838379
-0.4289999902248383 -5.168135643005371 -10.74518966674805
-0.4289999902248383 -5.169225692749023 -9.887188911437988
-0.4289999902248383 -5.169328689575195 -9.029189109802246
-0.4289999902248383 -5.169338703155518 -8.171189308166504
-0.4289999902248383 -5.169339656829834 -7.313189506530762
-0.4289999902248383 -0.03836440294981003 -13.31918907165527
-0.4289999902248383 -0.1693703532218933 -12.46118927001953
-0.4289999902248383 -0.237913966178894 -11.60318946838379
-0.4289999902248383 -0.2713242173194885 -10.74518966674805
-0.4289999902248383 -0.2763977646827698 -9.887188911437988
-0.4289999902248383 -0.2727572917938232 -9.029189109802246
-0.4289999902248383 -0.2717742919921875 -8.171189308166504
-0.4289999902248383 -0.2717836499214172 -7.313189506530762
-6.434999942779541 -3.931146383285522 -0.4491894841194153
-6.434999942779541 -3.875834226608276 -1.02955687046051
-6.434999942779541 -3.633445024490356 -1.458556890487671
-6.434999942779541 -3.204445123672485 -1.847378373146057
-6.434999942779541 -2.89216160774231 -1.847378373146057
-6.434999942779541 -2.670628070831299 -1.307189464569092
-6.434999942779541 -2.462294578552246 -0.4491894841194153
-5.577000141143799 -4.020259857177734 -0.4491894841194153
-5.577000141143799 -3.920952558517456 -1.161907434463501
-5.59428882598877 -3.387151718139648 -1.571650624275208
-5.891814708709717 -3.085021018981934 -1.762818455696106
-5.891814708709717 -2.959310054779053 -1.762818455696106
-5.59428882598877 -2.847963571548462 -1.34467625617981
-5.577000141143799 -2.608037710189819 -0.4491894841194153
-4.718999862670898 -4.142130851745605 -0.4491894841194153
-4.75136137008667 -3.980012655258179 -1.360947847366333
-4.75136137008667 -3.417994022369385 -1.577668309211731
-4.486935615539551 -3.708425283432007 -1.780388116836548
-4.486935615539551 -3.881988763809204 -1.780388116836548
-4.718999862670898 -2.886844873428345 -1.149090051651001
-4.718999862670898 -2.726149320602417 -0.4491894841194153
-3.861000061035156 -4.198580265045166 -1.307189464569092
-3.861000061035156 -3.9648597240448 -1.869053840637207
-3.861000061035156 -4.320538520812988 -0.4491894841194153
-3.861000061035156 -3.565008401870728 -1.869053840637207
-3.861000061035156 -3.136008501052856 -1.579540729522705
-3.861000061035156 -2.900153398513794 -1.150540709495544
-3.861000061035156 -2.765870094299316 -0.4491894841194153
-3.003000020980835 -4.475934028625488 -1.307189464569092
-2.980632066726685 -4.133825302124023 -2.159161806106567
-3.003000020980835 -4.552577018737793 -0.4491894841194153
-3.157581329345703 -3.356029748916626 -2.159161806106567
-2.689178943634033 -3.411347627639771 -2.798285007476807
-2.679719924926758 -3.951012372970581 -2.738569974899292
-3.393063545227051 -3.033151149749756 -1.657601714134216
-2.795186519622803 -2.727240800857544 -2.165189504623413
-2.621851921081543 -2.879211664199829 -2.721936464309692
-3.065438270568848 -2.64267635345459 -1.345836877822876
-3.003000020980835 -2.452844619750977 -0.4491894841194153
-2.382133960723877 -4.542913436889648 -2.165189504623413
-2.157952547073364 -4.32174015045166 -3.085909843444824
-1.81523609161377 -4.758674621582031 -2.861249685287476
-1.953133940696716 -4.807881832122803 -2.165189504623413
-2.506492137908936 -4.668635368347168 -1.307189464569092
-2.077491998672485 -4.832045078277588 -1.307189464569092
-2.549818754196167 -4.689509868621826 -0.4491894841194153
-2.120818614959717 -4.839368343353271 -0.4491894841194153
-2.308923244476318 -3.411347627639771 -6.455189228057861
-1.948734998703003 -4.165231704711914 -6.455189228057861
-2.309056043624878 -3.411347627639771 -5.597189426422119
-1.949445366859436 -4.165607929229736 -5.597189426422119
-2.311543941497803 -3.411347627639771 -4.739189147949219
-1.953377246856689 -4.177727699279785 -4.739189147949219
-2.356503486633301 -3.411347627639771 -3.881189584732056
-1.995816946029663 -4.225032806396484 -3.881189584732056
-2.486488103866577 -3.411347627639771 -3.227285146713257
-2.407769441604614 -2.553347587585449 -6.455189228057861
-2.408158540725708 -2.553347587585449 -5.597189426422119
-2.407984495162964 -2.553347587585449 -4.739189147949219
-2.4103844165802 -2.553347587585449 -3.881189584732056
-2.470287561416626 -2.577265977859497 -3.014037609100342
-2.50157904624939 -2.298240661621094 -2.165189504623413
-2.539714574813843 -2.174302101135254 -1.307189464569092
-2.562795400619507 -2.137831926345825 -0.4491894841194153
-2.181161165237427 -1.695347428321838 -6.455189228057861
-2.182536602020264 -1.695347428321838 -5.597189426422119
-2.185056686401367 -1.695347428321838 -4.739189147949219
-2.186350345611572 -1.695347428321838 -3.881189584732056
-2.182611227035522 -1.695347428321838 -3.023189544677734
-2.204753875732422 -1.695347428321838 -2.165189504623413
-2.241762399673462 -1.695347428321838 -1.307189464569092
-2.26392936706543 -1.695347428321838 -0.4491894841194153
-1.849579930305481 -1.111721038818359 -6.455189228057861
-1.84998881816864 -1.111505150794983 -5.597189426422119
-1.85123884677887 -1.110639214515686 -4.739189147949219
-1.852652430534363 -1.109397172927856 -3.881189584732056
-1.850738167762756 -1.109552145004272 -3.023189544677734
-1.848174810409546 -1.111693739891052 -2.165189504623413
-1.847047924995422 -1.11430037021637 -1.307189464569092
-1.846133947372437 -1.115774750709534 -0.4491894841194153
-1.286999940872192 -5.069303035736084 -2.165189504623413
-1.368369340896606 -4.929069042205811 -3.097625732421875
-1.286999940872192 -5.102888107299805 -1.307189464569092
-1.286999940872192 -5.116992950439453 -0.4491894841194153
-1.599516749382019 -4.594232082366943 -6.455189228057861
-1.170516729354858 -4.890972137451172 -6.455189228057861
-1.599595069885254 -4.594607830047607 -5.597189426422119
-1.170595169067383 -4.891062259674072 -5.597189426422119
-1.613373160362244 -4.606728076934814 -4.739189147949219
-1.184373140335083 -4.896472930908203 -4.739189147949219
-1.666029810905457 -4.654032707214355 -3.881189584732056
-1.237029910087585 -4.915300846099854 -3.881189584732056
-1.708615660667419 -4.692468166351318 -3.433249711990356
-1.332507729530334 -0.6827210783958435 -6.455189228057861
-1.332531809806824 -0.682505190372467 -5.597189426422119
-1.332523584365845 -0.6816392540931702 -4.739189147949219
-1.332544565200806 -0.6803972125053406 -3.881189584732056
-1.332780361175537 -0.6805521845817566 -3.023189544677734
-1.332944273948669 -0.6826937794685364 -2.165189504623413
-1.332937836647034 -0.6853004097938538 -1.307189464569092
-1.332967758178711 -0.6867747902870178 -0.4491894841194153
-0.9035077095031738 -0.3834528923034668 -6.455189228057861
-0.9035317897796631 -0.3834400773048401 -5.597189426422119
-0.9035236239433289 -0.3834577798843384 -4.739189147949219
-0.903544545173645 -0.3834670782089233 -3.881189584732056
-0.9037804007530212 -0.3834363222122192 -3.023189544677734
-0.9039442539215088 -0.3833999633789062 -2.165189504623413
-0.9039378762245178 -0.3833109140396118 -1.307189464569092
-0.9039677977561951 -0.3832194805145264 -0.4491894841194153
-0.4289999902248383 -5.169093608856201 -6.455189228057861
-0.4289999902248383 -5.169479370117188 -5.597189426422119
-0.4289999902248383 -5.179462909698486 -4.739189147949219
-0.4289999902248383 -5.211101055145264 -3.881189584732056
-0.4289999902248383 -5.25221586227417 -3.023189544677734
-0.4289999902248383 -5.282156944274902 -2.165189504623413
-0.4289999902248383 -5.301323413848877 -1.307189464569092
-0.4289999902248383 -5.315506458282471 -0.4491894841194153
-0.4289999902248383 -0.2717921733856201 -6.455189228057861
-0.4289999902248383 -0.271778404712677 -5.597189426422119
-0.4289999902248383 -0.2717956900596619 -4.739189147949219
-0.4289999902248383 -0.2718148231506348 -3.881189584732056
-0.4289999902248383 -0.2718093991279602 -3.023189544677734
-0.4289999902248383 -0.2718005776405334 -2.165189504623413
-0.4289999902248383 -0.2717198133468628 -1.307189464569092
-0.4289999902248383 -0.2716196179389954 -0.4491894841194153
-13.06656360626221 -2.055152654647827 0.07449555397033691
-13.06656360626221 -2.365680456161499 0.07449555397033691
-12.50069999694824 -2.612347364425659 0.3106217980384827
-12.25450038909912 -3.046072244644165 0.1803817749023438
-12.44099998474121 -1.99751079082489 0.242896169424057
-11.62265682220459 -3.129385709762573 0.4433532655239105
-11.91488838195801 -2.553347587585449 0.7513108253479004
-11.48588848114014 -2.553347587585449 1.030483245849609
-11.36309432983398 -3.059284925460815 0.9937695264816284
-11.63725471496582 -1.976729035377502 0.4766680002212524
-11.38742446899414 -2.071531534194946 0.9387484788894653
-10.72500038146973 -3.333862543106079 0.4088104963302612
-10.73138999938965 -3.161468505859375 1.274585962295532
-10.73138999938965 -2.491175889968872 1.480765461921692
-10.44964981079102 -2.735728025436401 1.808722734451294
-10.44964981079102 -3.063750028610229 1.808722734451294
-10.72500038146973 -1.912088990211487 0.4088104963302612
-10.72500038146973 -2.03752875328064 1.095534920692444
-9.866999626159668 -3.494893074035645 0.4088104963302612
-9.866999626159668 -3.428903341293335 1.266810417175293
-9.832947731018066 -3.174947023391724 2.106757879257202
-9.865785598754883 -2.521777153015137 2.07126522064209
-10.20732593536377 -2.163727998733521 1.652505040168762
-9.524246215820312 -2.879826307296753 2.618115425109863
-9.524246215820312 -3.045276641845703 2.618115425109863
-9.866999626159668 -1.944712042808533 0.4088104963302612
-9.899595260620117 -2.039899110794067 1.326627254486084
-9.63532543182373 -2.09941577911377 1.761807680130005
-9.008999824523926 -3.645441293716431 0.4088104963302612
-9.008999824523926 -3.625181913375854 1.266810417175293
-9.008999824523926 -3.490101099014282 2.124810457229614
-9.008999824523926 -3.178101778030396 2.809809923171997
-9.008999824523926 -2.718728542327881 2.809809923171997
-9.008999824523926 -2.289728403091431 2.280304670333862
-9.008999824523926 -2.008431434631348 0.4088104963302612
-9.008999824523926 -2.023488283157349 1.266810417175293
-9.008999824523926 -2.087242364883423 1.851304769515991
-8.151000022888184 -3.772873163223267 0.4088104963302612
-8.151000022888184 -3.770363569259644 1.266810417175293
-8.151000022888184 -3.727903127670288 2.124810457229614
-8.229656219482422 -3.378085136413574 3.06322717666626
-8.229656219482422 -2.563776969909668 3.06322717666626
-8.151000022888184 -2.157843112945557 2.367632389068604
-7.996093273162842 -2.812068939208984 3.581872224807739
-7.996093273162842 -3.170281887054443 3.581872224807739
-8.130114555358887 -2.08869457244873 0.4280340373516083
-7.830190181732178 -2.136812686920166 0.1548497527837753
-8.151000022888184 -2.067171573638916 1.266810417175293
-8.151000022888184 -2.096880197525024 1.938632369041443
-7.676904678344727 -3.835814237594604 0.4088104963302612
-7.247904777526855 -3.877568483352661 0.4088104963302612
-7.691139221191406 -3.836887121200562 1.266810417175293
-7.262139320373535 -3.882874250411987 1.266810417175293
-7.640069007873535 -3.828847169876099 2.124810457229614
-7.211069107055664 -3.883028745651245 2.124810457229614
-7.461810111999512 -3.7574622631073 2.982810497283936
-7.032810211181641 -3.865281820297241 2.982810497283936
-7.210960865020752 -3.413076162338257 3.792656660079956
-6.887908458709717 -3.846449613571167 3.431440830230713
-7.344440460205078 -2.186351537704468 0.4280340373516083
-7.293000221252441 -2.277271509170532 2.982810497283936
-7.303210735321045 -2.149929285049438 2.148470878601074
-7.266008377075195 -2.707315444946289 3.857047557830811
-6.962013721466064 -2.918837070465088 4.329790592193604
-6.962013721466064 -3.083870410919189 4.329790592193604
-7.664734363555908 -2.116868019104004 0.7268497347831726
-7.584564208984375 -2.109677076339722 1.266810417175293
-7.155563831329346 -2.159667015075684 1.266810417175293
-7.596017837524414 -2.112266302108765 1.878244519233704
-6.434999942779541 -3.957310914993286 0.4088104963302612
-6.434999942779541 -3.967588663101196 1.266810417175293
-6.434999942779541 -3.970117807388306 2.124810457229614
-6.434999942779541 -3.94809889793396 2.982810497283936
-6.378318786621094 -3.885680913925171 3.766788721084595
-6.626531600952148 -3.655870199203491 4.003441333770752
-6.378318786621094 -3.38646125793457 4.467082977294922
-6.054531574249268 -3.857808828353882 4.310797214508057
-6.434999942779541 -2.336422204971313 0.4088104963302612
-6.434999942779541 -2.256672859191895 1.266810417175293
-6.434999942779541 -2.221099615097046 2.124810457229614
-6.434999942779541 -2.258991479873657 2.982810497283936
-6.434999942779541 -2.474537372589111 3.840810537338257
-6.434999942779541 -2.814914226531982 4.485661029815674
-5.577000141143799 -4.044867515563965 0.4088104963302612
-5.577000141143799 -4.055616855621338 1.266810417175293
-5.577000141143799 -4.062537670135498 2.124810457229614
-5.577000141143799 -4.058703422546387 2.982810497283936
-5.577000141143799 -4.018833160400391 3.840810537338257
-5.522680282592773 -3.913134813308716 4.637602806091309
-5.763294219970703 -3.411347627639771 4.900415897369385
-5.334294319152832 -3.411347627639771 5.262739658355713
-5.200467109680176 -3.865308523178101 5.177467823028564
-5.577000141143799 -2.479441165924072 0.4088104963302612
-5.577000141143799 -2.385003805160522 1.266810417175293
-5.577000141143799 -2.32257604598999 2.124810457229614
-5.577000141143799 -2.30596137046814 2.982810497283936
-5.577000141143799 -2.3883216381073 3.840810537338257
-5.608755111694336 -2.720239639282227 4.749702930450439
-5.343925476074219 -2.891322135925293 5.258059024810791
-4.718999862670898 -4.161990165710449 0.4088104963302612
-4.718999862670898 -4.171710014343262 1.266810417175293
-4.718999862670898 -4.179701805114746 2.124810457229614
-4.718999862670898 -4.182940006256104 2.982810497283936
-4.718999862670898 -4.171881198883057 3.840810537338257
-4.718999862670898 -4.108374118804932 4.698810577392578
-4.686716079711914 -3.960901021957397 5.500804901123047
-4.846220970153809 -3.411347627639771 5.691739559173584
-4.417221069335938 -3.411347627639771 6.114040374755859
-4.379193305969238 -3.897423982620239 6.086414337158203
-4.718999862670898 -2.611273765563965 0.4088104963302612
-4.718999862670898 -2.519202709197998 1.266810417175293
-4.718999862670898 -2.439288854598999 2.124810457229614
-4.718999862670898 -2.385028600692749 2.982810497283936
-4.718999862670898 -2.396648406982422 3.840810537338257
-4.718999862670898 -2.529750823974609 4.698810577392578
-4.681460857391357 -2.817729234695435 5.549159526824951
-4.370434284210205 -2.939883470535278 6.056180000305176
-3.861000061035156 -4.336259841918945 0.4088104963302612
-3.861000061035156 -4.341725826263428 1.266810417175293
-3.861000061035156 -4.346422672271729 2.124810457229614
-3.861000061035156 -4.350510120391846 2.982810497283936
-3.861000061035156 -4.348275661468506 3.840810537338257
-3.861000061035156 -4.327941417694092 4.698810577392578
-3.861000061035156 -4.252903938293457 5.556810855865479
-3.861646175384521 -4.049377918243408 6.389372825622559
-4.022694110870361 -3.411347627639771 6.54304027557373
-3.861000061035156 -2.6764235496521 0.4088104963302612
-3.861000061035156 -2.601006507873535 1.266810417175293
-3.861000061035156 -2.526943206787109 2.124810457229614
-3.861000061035156 -2.462430715560913 2.982810497283936
-3.861000061035156 -2.435590744018555 3.840810537338257
-3.861000061035156 -2.486583948135376 4.698810577392578
-3.861000061035156 -2.636732816696167 5.556810855865479
-3.818109035491943 -2.857322454452515 6.371232032775879
-3.003000020980835 -4.562561988830566 0.4088104963302612
-3.003000020980835 -4.564773082733154 1.266810417175293
-3.003000020980835 -4.566428661346436 2.124810457229614
-3.003000020980835 -4.567670822143555 2.982810497283936
-3.003000020980835 -4.567336082458496 3.840810537338257
-3.003000020980835 -4.560206413269043 4.698810577392578
-3.003000020980835 -4.535956382751465 5.556810855865479
-3.003000020980835 -4.457103729248047 6.414810657501221
-2.925990104675293 -2.345627307891846 0.3281053900718689
-3.036397218704224 -2.369801759719849 1.266810417175293
-3.05970287322998 -2.339731693267822 2.124810457229614
-3.085893630981445 -2.309128761291504 2.982810497283936
-3.105015277862549 -2.289993047714233 3.840810537338257
-3.099385499954224 -2.302346229553223 4.698810577392578
-3.071572303771973 -2.345236539840698 5.556810855865479
-3.033259153366089 -2.428914308547974 6.414810657501221
-2.607397317886353 -2.093401432037354 1.266810417175293
-2.588650226593018 -2.109854459762573 0.5603019595146179
-2.63070273399353 -2.076663732528687 2.124810457229614
-2.656893730163574 -2.06186056137085 2.982810497283936
-2.676015377044678 -2.052075386047363 3.840810537338257
-2.670385599136353 -2.052902460098267 4.698810577392578
-2.642572402954102 -2.066410779953003 5.556810855865479
-2.604259014129639 -2.094969749450684 6.414810657501221
-2.557952642440796 -4.692514419555664 0.4088104963302612
-2.128952503204346 -4.843204021453857 0.4088104963302612
-2.559975385665894 -4.693201541900635 1.266810417175293
-2.130975246429443 -4.845821380615234 1.266810417175293
-2.561107635498047 -4.693606853485107 2.124810457229614
-2.132107734680176 -4.846925735473633 2.124810457229614
-2.560968399047852 -4.693561553955078 2.982810497283936
-2.13196849822998 -4.847074508666992 2.982810497283936
-2.560867309570312 -4.693546295166016 3.840810537338257
-2.131867408752441 -4.846516609191895 3.840810537338257
-2.555986642837524 -4.691751003265381 4.698810577392578
-2.126986742019653 -4.844518184661865 4.698810577392578
-2.536881685256958 -4.684370517730713 5.556810855865479
-2.107881546020508 -4.839808464050293 5.556810855865479
-2.499255180358887 -4.667623043060303 6.414810657501221
-2.070255041122437 -4.83200216293335 6.414810657501221
-2.573673009872437 -2.124714136123657 -0.01169801875948906
-2.334546089172363 -1.772451519966125 0.3281053900718689
-2.274740219116211 -1.664401173591614 1.266810417175293
-2.274517774581909 -1.647663712501526 2.124810457229614
-2.274388551712036 -1.63286030292511 2.982810497283936
-2.274481296539307 -1.623075127601624 3.840810537338257
-2.274929046630859 -1.623902440071106 4.698810577392578
-2.276061296463013 -1.637410759925842 5.556810855865479
-2.277537107467651 -1.665969491004944 6.414810657501221
-1.845927715301514 -1.116573333740234 0.4088104963302612
-1.84574019908905 -1.117381811141968 1.266810417175293
-1.845517873764038 -1.118259906768799 2.124810457229614
-1.845388650894165 -1.119093894958496 2.982810497283936
-1.845481276512146 -1.119546055793762 3.840810537338257
-1.845929026603699 -1.119211792945862 4.698810577392578
-1.847061276435852 -1.117722749710083 5.556810855865479
-1.848537087440491 -1.115461468696594 6.414810657501221
-1.286999940872192 -5.126203536987305 0.4088104963302612
-1.286999940872192 -5.132555961608887 1.266810417175293
-1.286999940872192 -5.135131359100342 2.124810457229614
-1.286999940872192 -5.135193824768066 2.982810497283936
-1.286999940872192 -5.133489608764648 3.840810537338257
-1.286999940872192 -5.128161907196045 4.698810577392578
-1.286999940872192 -5.117561340332031 5.556810855865479
-1.286999940872192 -5.101719379425049 6.414810657501221
-1.333000302314758 -0.6875733733177185 0.4088104963302612
-1.333020567893982 -0.6883818507194519 1.266810417175293
-1.333025097846985 -0.6892600655555725 2.124810457229614
-1.333026647567749 -0.6900939345359802 2.982810497283936
-1.333027124404907 -0.6905462145805359 3.840810537338257
-1.333032727241516 -0.6902118325233459 4.698810577392578
-1.333071947097778 -0.6887227892875671 5.556810855865479
-1.333109498023987 -0.6864616274833679 6.414810657501221
-0.9040003418922424 -0.3831591606140137 0.4088104963302612
-0.9040205478668213 -0.3831132650375366 1.266810417175293
-0.9040250778198242 -0.3830779194831848 2.124810457229614
-0.9040266871452332 -0.3830440044403076 2.982810497283936
-0.9040270447731018 -0.3830211758613586 3.840810537338257
-0.9040327668190002 -0.383024275302887 4.698810577392578
-0.9040719866752625 -0.3830517530441284 5.556810855865479
-0.9041095376014709 -0.3831084966659546 6.414810657501221
-0.4289999902248383 -5.326650619506836 0.4088104963302612
-0.4289999902248383 -5.334133148193359 1.266810417175293
-0.4289999902248383 -5.336568355560303 2.124810457229614
-0.4289999902248383 -5.336060047149658 2.982810497283936
-0.4289999902248383 -5.333571434020996 3.840810537338257
-0.4289999902248383 -5.326544284820557 4.698810577392578
-0.4289999902248383 -5.314277172088623 5.556810855865479
-0.4289999902248383 -5.297552585601807 6.414810657501221
-0.4289999902248383 -0.2715575098991394 0.4088104963302612
-0.4289999902248383 -0.2715192437171936 1.266810417175293
-0.4289999902248383 -0.271492600440979 2.124810457229614
-0.4289999902248383 -0.2714624404907227 2.982810497283936
-0.4289999902248383 -0.2714380621910095 3.840810537338257
-0.4289999902248383 -0.2714389562606812 4.698810577392578
-0.4289999902248383 -0.2714675664901733 5.556810855865479
-0.4289999902248383 -0.2715268135070801 6.414810657501221
-3.59369421005249 -3.411347627639771 7.045801162719727
-3.576077222824097 -3.952909231185913 7.032040596008301
-3.503515243530273 -2.9371657371521 6.924901962280273
-3.048418283462524 -4.184133052825928 7.299948692321777
-3.288768768310547 -3.411347627639771 7.474801063537598
-2.897751569747925 -3.411347627639771 8.130810737609863
-2.755937576293945 -4.017453670501709 8.130810737609863
-2.611982822418213 -3.411347627639771 8.671875
-2.597886323928833 -3.8741295337677 8.610493659973145
-2.944268941879272 -2.555964469909668 7.190784931182861
-2.715814113616943 -2.745572328567505 8.130810737609863
-2.600757360458374 -2.902231454849243 8.658546447753906
-2.580209970474243 -2.117022514343262 6.884667873382568
-2.425850391387939 -4.614658355712891 7.272810935974121
-1.996850252151489 -4.81934928894043 7.272810935974121
-2.300265312194824 -4.44645357131958 8.130810737609863
-1.871265172958374 -4.781586170196533 8.130810737609863
-2.121976137161255 -4.266278743743896 8.949129104614258
-1.769099473953247 -4.73409366607666 8.715764999389648
-2.466217517852783 -3.411347627639771 9.100874900817871
-2.333951711654663 -3.411347627639771 9.846810340881348
-1.972611665725708 -4.187565326690674 9.846810340881348
-2.309354543685913 -3.411347627639771 10.70481109619141
-1.948817849159241 -4.165212154388428 10.70481109619141
-2.309491157531738 -3.411347627639771 11.56281089782715
-1.948686599731445 -4.164939403533936 11.56281089782715
-2.309477090835571 -3.411347627639771 12.42081069946289
-1.94867479801178 -4.165144443511963 12.42081069946289
-2.309151887893677 -3.411347627639771 13.27881050109863
-1.948678612709045 -4.165164947509766 13.27881050109863
-2.504912853240967 -2.316572189331055 8.130810737609863
-2.545167684555054 -2.174763202667236 7.456667900085449
-2.471882820129395 -2.591078042984009 8.962252616882324
-2.413157939910889 -2.553347587585449 9.846810340881348
-2.412566184997559 -2.553347587585449 10.70481109619141
-2.412243604660034 -2.553347587585449 11.56281089782715
-2.411083459854126 -2.553347587585449 12.42081069946289
-2.409551382064819 -2.553347587585449 13.27881050109863
-2.320024251937866 -1.776752352714539 7.211524963378906
-2.209022521972656 -1.695347428321838 8.130810737609863
-2.18580150604248 -1.695347428321838 8.988810539245605
-2.188488483428955 -1.695347428321838 9.846810340881348
-2.188070774078369 -1.695347428321838 10.70481109619141
-2.187029838562012 -1.695347428321838 11.56281089782715
-2.185388803482056 -1.695347428321838 12.42081069946289
-2.18352746963501 -1.695347428321838 13.27881050109863
-1.849154591560364 -1.113431811332703 7.272810935974121
-1.849109649658203 -1.111754536628723 8.130810737609863
-1.851025819778442 -1.110188722610474 8.988810539245605
-1.852670669555664 -1.109513401985168 9.846810340881348
-1.852041482925415 -1.110032439231873 10.70481109619141
-1.851590752601624 -1.110410690307617 11.56281089782715
-1.851107716560364 -1.110673785209656 12.42081069946289
-1.850449323654175 -1.111133098602295 13.27881050109863
-1.286999940872192 -5.079694747924805 7.272810935974121
-1.286999940872192 -5.028112888336182 8.130810737609863
-1.343033194541931 -4.894647598266602 8.996582984924316
-1.666388511657715 -4.65842866897583 9.287764549255371
-1.620660543441772 -4.616565227508545 9.846810340881348
-1.191660523414612 -4.894182682037354 9.846810340881348
-1.599265336990356 -4.594212055206299 10.70481109619141
-1.170265316963196 -4.890377044677734 10.70481109619141
-1.599045395851135 -4.593939304351807 11.56281089782715
-1.170045375823975 -4.890538215637207 11.56281089782715
-1.59937846660614 -4.594144344329834 12.42081069946289
-1.170378565788269 -4.890833854675293 12.42081069946289
-1.599454641342163 -4.594164848327637 13.27881050109863
-1.170454621315002 -4.890973091125488 13.27881050109863
-1.333073973655701 -0.6844318509101868 7.272810935974121
-1.332855701446533 -0.6827545762062073 8.130810737609863
-1.332595586776733 -0.6811887621879578 8.988810539245605
-1.332518577575684 -0.6805134415626526 9.846810340881348
-1.332508087158203 -0.6810325980186462 10.70481109619141
-1.332529664039612 -0.6814107298851013 11.56281089782715
-1.332567930221558 -0.6816738247871399 12.42081069946289
-1.332572460174561 -0.6821331381797791 13.27881050109863
-0.9040740132331848 -0.3832322955131531 7.272810935974121
-0.9038557410240173 -0.3833485245704651 8.130810737609863
-0.9035956263542175 -0.3834220767021179 8.988810539245605
-0.9035184979438782 -0.3835082054138184 9.846810340881348
-0.9035080671310425 -0.3835062384605408 10.70481109619141
-0.9035297036170959 -0.3834565877914429 11.56281089782715
-0.9035679697990417 -0.3834429383277893 12.42081069946289
-0.9035723805427551 -0.383431077003479 13.27881050109863
-0.4289999902248383 -5.277416229248047 7.272810935974121
-0.4289999902248383 -5.251110553741455 8.130810737609863
-0.4289999902248383 -5.207592010498047 8.988810539245605
-0.4289999902248383 -5.173914432525635 9.846810340881348
-0.4289999902248383 -5.168086528778076 10.70481109619141
-0.4289999902248383 -5.168546676635742 11.56281089782715
-0.4289999902248383 -5.169173717498779 12.42081069946289
-0.4289999902248383 -5.169326782226562 13.27881050109863
-0.4289999902248383 -0.2716425657272339 7.272810935974121
-0.4289999902248383 -0.2717260718345642 8.130810737609863
-0.4289999902248383 -0.2717757225036621 8.988810539245605
-0.4289999902248383 -0.2718662619590759 9.846810340881348
-0.4289999902248383 -0.2718661427497864 10.70481109619141
-0.4289999902248383 -0.271814227104187 11.56281089782715
-0.4289999902248383 -0.2717936635017395 12.42081069946289
-0.4289999902248383 -0.2717730402946472 13.27881050109863
-2.309042692184448 -3.411347627639771 14.13681030273438
-1.948705911636353 -4.165163040161133 14.13681030273438
-2.308786392211914 -3.411347627639771 14.99481105804443
-1.948735475540161 -4.165186405181885 14.99481105804443
-2.308579683303833 -3.411347627639771 15.85281085968018
-1.948760032653809 -4.165182113647461 15.85281085968018
-2.306991100311279 -3.411347627639771 16.71081161499023
-1.948145151138306 -4.164535999298096 16.71081161499023
-2.297295570373535 -3.411347627639771 17.56881141662598
-1.943982124328613 -4.161411285400391 17.56881141662598
-2.27474570274353 -3.411347627639771 18.42681121826172
-1.934619188308716 -4.153885841369629 18.42681121826172
-2.232756376266479 -3.411347627639771 19.28481101989746
-1.91756796836853 -4.137293815612793 19.28481101989746
-2.155622005462646 -3.411347627639771 20.1428108215332
-1.886629462242126 -4.103421211242676 20.1428108215332
-2.408492088317871 -2.553347587585449 14.13681030273438
-2.407227039337158 -2.553347587585449 14.99481105804443
-2.406355857849121 -2.553347587585449 15.85281085968018
-2.404888868331909 -2.553347587585449 16.71081161499023
-2.393215894699097 -2.553347587585449 17.56881141662598
-2.36189341545105 -2.553347587585449 18.42681121826172
-2.299872875213623 -2.553347587585449 19.28481101989746
-2.186703205108643 -2.553347587585449 20.1428108215332
-2.18224024772644 -1.695347428321838 14.13681030273438
-2.180711269378662 -1.695347428321838 14.99481105804443
-2.179659843444824 -1.695347428321838 15.85281085968018
-2.177788734436035 -1.695347428321838 16.71081161499023
-2.16148567199707 -1.695347428321838 17.56881141662598
-2.114919662475586 -1.695347428321838 18.42681121826172
-2.022772312164307 -1.695347428321838 19.28481101989746
-1.878422021865845 -1.673102021217346 20.06111717224121
-1.850085020065308 -1.111330986022949 14.13681030273438
-1.84953510761261 -1.111687421798706 14.99481105804443
-1.849123477935791 -1.111968517303467 15.85281085968018
-1.847745776176453 -1.113895654678345 16.71081161499023
-1.837583184242249 -1.126754760742188 17.56881141662598
-1.809152841567993 -1.160988569259644 18.42681121826172
-1.754087805747986 -1.223877668380737 19.28481101989746
-1.717755794525146 -1.26443612575531 19.72065544128418
-1.599451303482056 -4.594162940979004 14.13681030273438
-1.170451402664185 -4.890985012054443 14.13681030273438
-1.599455833435059 -4.594186305999756 14.99481105804443
-1.170455813407898 -4.890970230102539 14.99481105804443
-1.5993732213974 -4.594182014465332 15.85281085968018
-1.170373201370239 -4.890822410583496 15.85281085968018
-1.598710894584656 -4.593536376953125 16.71081161499023
-1.169710874557495 -4.890443801879883 16.71081161499023
-1.596427321434021 -4.590411186218262 17.56881141662598
-1.16742730140686 -4.889829158782959 17.56881141662598
-1.590924143791199 -4.582886219024658 18.42681121826172
-1.161924123764038 -4.888445377349854 18.42681121826172
-1.578440427780151 -4.566293716430664 19.28481101989746
-1.149440407752991 -4.884624481201172 19.28481101989746
-1.554348587989807 -4.532421112060547 20.1428108215332
-1.125348567962646 -4.874918937683105 20.1428108215332
-1.332579374313354 -0.6823311448097229 14.13681030273438
-1.332592129707336 -0.6826874613761902 14.99481105804443
-1.332601189613342 -0.6829685568809509 15.85281085968018
-1.329378604888916 -0.6848956942558289 16.71081161499023
-1.307116627693176 -0.6977549195289612 17.56881141662598
-1.201631426811218 -0.6853798031806946 18.34333038330078
-1.286999940872192 -0.8785021901130676 19.28481101989746
-1.316235899925232 -1.062570810317993 20.06111717224121
-1.621726393699646 -1.372271776199341 20.29265594482422
-0.9035794138908386 -0.383424699306488 14.13681030273438
-0.9035921096801758 -0.3834080696105957 14.99481105804443
-0.9036011695861816 -0.3833951354026794 15.85281085968018
-0.9003785848617554 -0.3851577043533325 16.71081161499023
-0.8781166076660156 -0.3973419666290283 17.56881141662598
-0.8587191104888916 -0.4079581499099731 18.00167465209961
-0.4289999902248383 -5.169338703155518 14.13681030273438
-0.4289999902248383 -5.169323444366455 14.99481105804443
-0.4289999902248383 -5.169160842895508 15.85281085968018
-0.4289999902248383 -5.168661117553711 16.71081161499023
-0.4289999902248383 -5.167813301086426 17.56881141662598
-0.4289999902248383 -5.165917873382568 18.42681121826172
-0.4289999902248383 -5.160984516143799 19.28481101989746
-0.4289999902248383 -5.146615505218506 20.1428108215332
-0.4339300096035004 -0.4860702157020569 19.30712509155273
-0.723216712474823 -0.4385465979576111 18.57367515563965
-0.4289999902248383 -0.6627933382987976 20.1428108215332
-0.4289999902248383 -0.2717654705047607 14.13681030273438
-0.4289999902248383 -0.2717507481575012 14.99481105804443
-0.4289999902248383 -0.2717418670654297 15.85281085968018
-0.4289999902248383 -0.2752455472946167 16.71081161499023
-0.4289999902248383 -0.2992428541183472 17.56881141662598
-0.4339300096035004 -0.3547603487968445 18.34333038330078
-0.1512167006731033 -0.378108024597168 19.0359992980957
-2.023724794387817 -3.411347627639771 21.00081062316895
-1.832039475440979 -4.030900478363037 21.00081062316895
-1.813475251197815 -3.40703821182251 21.91012954711914
-1.770108580589294 -3.933904886245728 21.65834045410156
-2.001852035522461 -2.553347587585449 21.00081062316895
-1.792580008506775 -2.618569612503052 21.80203247070312
-1.728181004524231 -2.94805121421814 22.31786918640137
-1.728181004524231 -3.118165254592896 22.31786918640137
-1.810166835784912 -1.966546893119812 21.00081062316895
-1.735283255577087 -2.094022750854492 21.47817993164062
-1.506054759025574 -4.459900379180908 21.00081062316895
-1.077054738998413 -4.849188327789307 21.00081062316895
-1.471166610717773 -4.239681720733643 21.91012954711914
-0.9919869899749756 -4.795314788818359 21.85881042480469
-1.155113101005554 -4.328629016876221 22.72976112365723
-0.9125394821166992 -4.739631175994873 22.45239448547363
-1.701295018196106 -3.690165281295776 22.2303409576416
-1.56557822227478 -3.40703821182251 22.64904594421387
-1.072032570838928 -3.422230005264282 23.63665008544922
-1.000554800033569 -4.046654224395752 23.57481002807617
-0.8787189722061157 -3.715484857559204 24.02918434143066
-0.8787189722061157 -3.873620748519897 24.02918434143066
-1.308670163154602 -2.56074070930481 22.70284080505371
-1.592692494392395 -2.376051187515259 22.05018043518066
-1.024647951126099 -2.745430469512939 23.39187622070312
-1.457683920860291 -1.537546992301941 21.00081062316895
-1.243272304534912 -1.74987804889679 21.7634391784668
-1.020692467689514 -1.977733492851257 22.51581382751465
-1.02868390083313 -1.148262500762939 21.00081062316895
-0.8938520550727844 -1.241917490959167 21.47669792175293
-0.4289999902248383 -5.103896617889404 21.00081062316895
-0.4289999902248383 -5.011212825775146 21.85881042480469
-0.467085599899292 -4.842390060424805 22.72976112365723
-0.7784759998321533 -4.654150009155273 23.02439498901367
-0.467085599899292 -4.487610816955566 23.60239791870117
-0.2064760029315948 -4.77037525177002 23.33479118347168
-0.4289999902248383 -4.039074420928955 24.15882682800293
-0.4798220098018646 -3.422230005264282 24.19414520263672
-0.7997033596038818 -3.143484830856323 23.96387672424316
-0.4905799925327301 -2.517386674880981 23.59685707092285
-0.7534566521644592 -2.173430442810059 23.08781433105469
-0.2277033627033234 -2.861342906951904 24.11434555053711
-0.4520739912986755 -1.865307450294495 22.76781272888184
-0.4289999902248383 -1.414469838142395 22.02956199645996
-0.1814566403627396 -2.067117691040039 23.22983741760254
-0.4289999902248383 -0.9282674193382263 21.00081062316895
-0.4289999902248383 -1.17732560634613 21.60056304931641
-0.5691701173782349 1.736652493476868 -21.04118919372559
-0.205779492855072 1.736652493476868 -21.6827507019043
-0.08698472380638123 1.15350604057312 -21.53819274902344
-0.3246425986289978 0.8719646334648132 -21.09393692016602
-0.6848691701889038 2.594652414321899 -21.04118919372559
-0.3062169849872589 2.583539485931396 -21.94263648986816
-0.5629376769065857 3.452652454376221 -21.89918899536133
-0.2137506455183029 3.452652454376221 -22.56689071655273
-0.09568798542022705 2.862131118774414 -22.41159439086914
-0.7150433659553528 3.452652454376221 -21.04118919372559
-0.6471681594848633 4.310652732849121 -21.89918899536133
-0.3093475699424744 4.279358386993408 -22.81230735778809
-0.6120745539665222 4.310652732849121 -21.04118919372559
-0.4217533469200134 5.168652534484863 -22.75718879699707
-0.1560578495264053 5.168652534484863 -23.34031867980957
-0.1061019971966743 4.544496059417725 -23.28216934204102
-0.4532731175422668 5.168652534484863 -21.89918899536133
-0.2255166918039322 5.157380104064941 -21.09999847412109
-0.1770535707473755 5.752600193023682 -22.75718879699707
-0.1019751280546188 5.690186977386475 -23.29571533203125
-0.1268122941255569 5.702536106109619 -21.89918899536133
-0.03498676419258118 5.623435020446777 -21.42520332336426
-0.8664316534996033 0.5894538164138794 -17.60918998718262
-0.8613941073417664 0.5471506118774414 -18.14563179016113
-0.8676544427871704 0.5312367677688599 -16.75119018554688
-0.8630245327949524 0.4695278108119965 -16.27473640441895
-0.739016056060791 0.8786525130271912 -20.18318939208984
-0.8155142068862915 0.8786525130271912 -19.3251895904541
-0.8440264463424683 0.8513513803482056 -18.44585609436035
-0.8370256423950195 1.01845383644104 -17.60918998718262
-0.7725915312767029 0.9602367281913757 -16.75119018554688
-0.5082650780677795 0.8821369409561157 -15.87797164916992
-0.2782446444034576 0.7148129940032959 -15.03518962860107
-0.1191774010658264 0.5301063060760498 -14.44773769378662
-0.7590036988258362 1.736652493476868 -20.18318939208984
-0.8022109270095825 1.736652493476868 -19.3251895904541
-0.7980433106422424 1.736652493476868 -18.46718978881836
-0.6932623982429504 1.736652493476868 -17.60918998718262
-0.3570824265480042 1.770589470863342 -16.73392486572266
-0.192714735865593 1.507214188575745 -16.05320739746094
-0.7610996961593628 2.594652414321899 -20.18318939208984
-0.7477341294288635 2.594652414321899 -19.3251895904541
-0.5957487821578979 2.594652414321899 -18.46718978881836
-0.2704095542430878 2.584199905395508 -17.64877891540527
-0.1370153576135635 2.291231632232666 -17.00841522216797
-0.6881670951843262 3.452652454376221 -20.18318939208984
-0.3864544332027435 3.531654834747314 -19.24813461303711
-0.2135324478149414 3.273957490921021 -18.46718978881836
-0.07036689668893814 3.082721948623657 -17.96117401123047
-0.3236150145530701 4.343201637268066 -20.1672534942627
-0.1766725331544876 4.078901290893555 -19.48276710510254
-0.125757709145546 4.863864898681641 -20.44262886047363
0.4289999902248383 -3.263875007629395 -21.04118919372559
0.4289999902248383 -3.060190200805664 -21.6879711151123
0.4024133384227753 -2.406788110733032 -22.75440788269043
0.09868891537189484 -2.192623853683472 -23.23762321472168
0.4289999902248383 -2.855190992355347 -22.11697006225586
0.09868891537189484 -1.89992368221283 -23.23762321472168
0.4449336528778076 -1.618441224098206 -22.80843162536621
0.2191783934831619 -1.177880764007568 -22.57831001281738
0.4747070372104645 -1.033374309539795 -21.93426132202148
0.7911784052848816 -1.336958646774292 -22.24364280700684
0.4735207259654999 -0.6168624758720398 -21.08600234985352
0.3257741034030914 0.02065251022577286 -20.94864082336426
0.9893011450767517 -3.057348251342773 -21.04118919372559
0.8749569654464722 -2.991724491119385 -21.49134063720703
1.214813351631165 -2.528792381286621 -21.83241081237793
0.9826696515083313 -2.247751951217651 -22.46655464172363
1.418301105499268 -2.797271728515625 -21.04118919372559
0.9826696515083313 -1.908958554267883 -22.46655464172363
1.27851927280426 -1.646426558494568 -21.92256355285645
1.002368807792664 -1.189099192619324 -21.67164421081543
1.287821292877197 -1.092275857925415 -20.96111106872559
1.574368834495544 -1.383894324302673 -21.19372749328613
2.144999980926514 -2.548292875289917 -21.04118919372559
2.144999980926514 -2.277484655380249 -21.66151237487793
2.144999980926514 -1.849853873252869 -21.66151237487793
2.144999980926514 -1.420853853225708 -21.05232429504395
2.144999980926514 -1.264182090759277 -20.62332534790039
3.003000020980835 -2.466578960418701 -21.04118919372559
3.003000020980835 -2.261477708816528 -21.72412872314453
3.059757947921753 -1.662624478340149 -21.68685531616211
2.811596632003784 -1.354809165000916 -21.18949890136719
3.059757947921753 -1.242347717285156 -20.95857429504395
3.383596658706665 -1.258288741111755 -21.49271202087402
3.861000061035156 -2.424384117126465 -21.04118919372559
3.868295669555664 -2.245542764663696 -21.94225883483887
3.868295669555664 -1.625647902488708 -22.11716461181641
4.159159183502197 -1.86518132686615 -22.36971092224121
4.159159183502197 -2.15161395072937 -22.36971092224121
3.861000061035156 -1.229251980781555 -21.68882179260254
3.861000061035156 -1.168187856674194 -21.04118919372559
4.718999862670898 -2.287801027297974 -21.89918899536133
4.718999862670898 -2.175983667373657 -22.4355297088623
4.718999862670898 -2.359409093856812 -21.04118919372559
4.641021251678467 -1.625647902488708 -22.50561714172363
4.303035259246826 -1.293181419372559 -22.31117630004883
4.641021251678467 -1.16723108291626 -21.97478103637695
4.875035285949707 -1.210603475570679 -22.48078155517578
4.718999862670898 -1.110355854034424 -21.04118919372559
5.577000141143799 -2.244010925292969 -21.89918899536133
5.577000141143799 -2.173819541931152 -22.49596405029297
5.579460620880127 -2.218384981155396 -21.07339668273926
5.580016613006592 -1.708861470222473 -22.89716529846191
5.580016613006592 -1.152854800224304 -22.7629451751709
5.868027687072754 -1.21812641620636 -23.26218223571777
5.868027687072754 -1.431870937347412 -23.26218223571777
5.577000141143799 -1.058777332305908 -21.89918899536133
5.579259872436523 -1.155816435813904 -21.02510643005371
6.168694496154785 -2.162944555282593 -21.89918899536133
6.158119678497314 -2.148728370666504 -22.45029067993164
6.07080602645874 -2.151429414749146 -21.38086891174316
6.44047212600708 -1.972180247306824 -22.74464988708496
6.434999942779541 -1.551824450492859 -23.41888236999512
6.593352794647217 -1.743798613548279 -21.86531066894531
6.19710111618042 -1.695347428321838 -21.27584457397461
5.79740047454834 -1.695347428321838 -20.84684562683105
6.434999942779541 -1.160696148872375 -23.41888236999512
6.434999942779541 -1.036281704902649 -22.75718879699707
6.463197231292725 -1.126148581504822 -21.86531066894531
6.195995807647705 -1.19856870174408 -21.30038452148438
0.5075219869613647 -4.816152095794678 -15.11040115356445
0.2738699615001678 -4.755191326141357 -15.74418067932129
0.4289999902248383 -4.96093225479126 -14.17718887329102
0.4743641018867493 -4.011232376098633 -18.5135555267334
0.2186068147420883 -3.905196905136108 -19.11678314208984
0.4289999902248383 -4.283464431762695 -17.60918998718262
0.4289999902248383 -4.496770858764648 -16.75119018554688
0.5075219869613647 -4.656045436859131 -15.97538375854492
0.8458699584007263 -4.695476055145264 -15.44654178619385
0.4289999902248383 -3.510996341705322 -20.18318939208984
0.4743641018867493 -3.742383718490601 -19.37174606323242
0.7906067967414856 -3.815788984298706 -18.83046531677246
0.7640323042869568 -0.005364053416997194 -20.12715339660645
0.7892012000083923 -0.4836943745613098 -20.37579727172852
1.007855653762817 -4.785942554473877 -14.17718887329102
0.9287853240966797 -4.73888111114502 -14.87454223632812
1.102158546447754 -4.009455680847168 -17.60918998718262
0.9687831401824951 -3.913804769515991 -18.25846672058105
1.232744812965393 -4.119067192077637 -16.75119018554688
1.372138857841492 -4.184280872344971 -15.97645568847656
1.243671178817749 -4.467370510101318 -15.11040115356445
1.436855673789978 -4.47711181640625 -14.17718887329102
1.165963649749756 -3.175486087799072 -20.18318939208984
1.352704167366028 -3.269927024841309 -19.3580436706543
1.267669916152954 -3.601884126663208 -18.5135555267334
1.531158566474915 -3.686837911605835 -17.60918998718262
1.661744832992554 -3.789167165756226 -16.75119018554688
1.714898109436035 -3.838942289352417 -16.31796646118164
1.594963669776917 -2.910080194473267 -20.18318939208984
1.682506918907166 -2.960244178771973 -19.66594696044922
1.208692073822021 -0.7838851809501648 -20.12715339660645
0.8704867362976074 -0.3087084293365479 -19.80379676818848
0.8959780335426331 -0.1523953676223755 -19.3251895904541
1.324977993965149 -0.7966020703315735 -19.3251895904541
0.839471697807312 0.2766046226024628 -19.3251895904541
0.9196308255195618 0.07983074337244034 -18.44584846496582
1.361493110656738 -0.7641898989677429 -18.46718978881836
0.8522738814353943 0.4052829146385193 -18.71762084960938
0.9753350019454956 0.02065251022577286 -17.60918998718262
1.395902514457703 -0.738074004650116 -17.60918998718262
1.006068825721741 0.02065251022577286 -16.75119018554688
1.425413966178894 -0.7437824606895447 -16.75119018554688
0.9922379851341248 0.07234261184930801 -15.9505090713501
1.451029658317566 -0.7494432330131531 -15.89318943023682
1.029509663581848 -0.1305525302886963 -15.03518962860107
1.458509683609009 -0.730233371257782 -15.03518962860107
0.7072573900222778 0.2984475195407867 -15.03518962860107
0.8238306045532227 0.3928026854991913 -15.70272254943848
1.005333304405212 -0.2442195415496826 -14.17718887329102
1.434333324432373 -0.7118545174598694 -14.17718887329102
0.4147075414657593 0.2027853429317474 -14.16791820526123
1.831470966339111 -3.98278021812439 -15.03518962860107
1.774020433425903 -3.910835981369019 -15.74596691131592
1.87897515296936 -4.048111915588379 -14.17718887329102
1.951573610305786 -3.131686925888062 -18.46718978881836
1.822725534439087 -3.033311128616333 -19.09394836425781
2.020360946655273 -3.257837772369385 -17.60918998718262
1.989171266555786 -3.360167264938354 -16.75119018554688
1.957805037498474 -3.496304512023926 -15.97645568847656
2.121983289718628 -3.411347627639771 -15.03518962860107
2.201809167861938 -3.411347627639771 -14.17718887329102
2.144999980926514 -2.723300218582153 -20.18318939208984
2.12323522567749 -2.855761289596558 -19.3580436706543
2.380573749542236 -2.886100769042969 -18.46718978881836
2.449361085891724 -2.845901966094971 -17.60918998718262
2.414310216903687 -2.561086893081665 -16.73442649841309
2.288285255432129 -2.553347587585449 -15.89318943023682
2.299247980117798 -2.553347587585449 -15.03518962860107
2.346558332443237 -2.553347587585449 -14.17718887329102
2.30043363571167 -1.69500195980072 -16.73442649841309
2.106073379516602 -1.695347428321838 -15.89318943023682
2.092355012893677 -1.695347428321838 -15.03518962860107
2.126104831695557 -1.695347428321838 -14.17718887329102
2.144999980926514 -1.239958882331848 -20.18318939208984
2.144999980926514 -1.206828236579895 -19.3251895904541
2.206746339797974 -1.20064103603363 -18.45342445373535
1.990547657012939 -1.167073845863342 -17.60918998718262
2.41954779624939 -1.382652521133423 -17.60918998718262
2.533910512924194 -1.278996586799622 -18.15824890136719
1.84682559967041 -1.172782421112061 -16.75119018554688
1.792528867721558 -1.178443074226379 -15.89318943023682
1.799619078636169 -1.159233331680298 -15.03518962860107
1.81838059425354 -1.140854358673096 -14.17718887329102
3.003000020980835 -2.576337814331055 -20.18318939208984
3.003000020980835 -2.647939205169678 -19.3251895904541
3.003000020980835 -2.628804206848145 -18.46718978881836
2.986362934112549 -2.400090217590332 -17.64466285705566
2.689271688461304 -2.280246496200562 -17.00925064086914
2.986362934112549 -1.805020928382874 -17.64466285705566
3.003000020980835 -1.403870940208435 -18.30867576599121
2.689271688461304 -1.980771660804749 -17.00925064086914
3.003000020980835 -1.205084443092346 -20.18318939208984
3.003000020980835 -1.209057211875916 -19.3251895904541
3.003000020980835 -1.24636447429657 -18.73767471313477
3.861000061035156 -2.48507833480835 -20.18318939208984
3.861000061035156 -2.448761940002441 -19.3251895904541
3.820556402206421 -2.272187471389771 -18.53796005249023
3.507594108581543 -2.193846225738525 -17.95431327819824
3.780469417572021 -1.756939768791199 -18.57495880126953
3.507594108581543 -2.009063243865967 -17.95431327819824
3.861000061035156 -1.157147169113159 -20.18318939208984
3.80480694770813 -1.219032406806946 -19.36279678344727
3.481344938278198 -1.251670598983765 -18.85077857971191
4.0533447265625 -1.504816651344299 -19.10186767578125
4.767182350158691 -2.282999992370605 -20.14980697631836
4.473495483398438 -2.212515115737915 -19.3251895904541
4.311357021331787 -2.141808986663818 -18.87113952636719
4.954630851745605 -1.695347428321838 -19.93781471252441
4.491319179534912 -1.752628922462463 -19.36279678344727
4.311357021331787 -2.07681679725647 -18.87113952636719
4.687722682952881 -1.190722227096558 -20.19187164306641
4.380870819091797 -1.238844275474548 -19.67386817932129
5.295100688934326 -2.187487840652466 -20.41355133056641
5.368400573730469 -1.695347428321838 -20.36681365966797
5.294766902923584 -1.217955827713013 -20.4836597442627
0.4289999902248383 -5.058684349060059 -13.31918907165527
0.4289999902248383 -5.127833843231201 -12.46118927001953
0.4289999902248383 -5.159546375274658 -11.60318946838379
0.4289999902248383 -5.167412281036377 -10.74518966674805
0.4289999902248383 -5.168310642242432 -9.887188911437988
0.4289999902248383 -5.168317317962646 -9.029189109802246
0.4289999902248383 -5.168315887451172 -8.171189308166504
0.4289999902248383 -5.16831636428833 -7.313189506530762
0.4289999902248383 -0.03846742957830429 -13.31918907165527
0.4289999902248383 -0.1693989634513855 -12.46118927001953
0.4289999902248383 -0.2379151582717896 -11.60318946838379
0.4289999902248383 -0.2713205218315125 -10.74518966674805
0.4289999902248383 -0.2764045596122742 -9.887188911437988
0.4289999902248383 -0.2727715969085693 -9.029189109802246
0.4289999902248383 -0.2717888951301575 -8.171189308166504
0.4289999902248383 -0.2717928886413574 -7.313189506530762
1.086423754692078 -4.835065841674805 -13.31918907165527
1.139696002006531 -4.869812488555908 -12.46118927001953
1.163274645805359 -4.885724067687988 -11.60318946838379
1.168977022171021 -4.889593601226807 -10.74518966674805
1.16948401927948 -4.889967441558838 -9.887188911437988
1.169492602348328 -4.889963150024414 -9.029189109802246
1.169493675231934 -4.889961719512939 -8.171189308166504
1.169483780860901 -4.889962196350098 -7.313189506530762
1.515423774719238 -4.530747890472412 -13.31918907165527
1.568695902824402 -4.570059776306152 -12.46118927001953
1.59227466583252 -4.588602542877197 -11.60318946838379
1.597977042198181 -4.593252658843994 -10.74518966674805
1.598484039306641 -4.593669891357422 -9.887188911437988
1.598492622375488 -4.593689918518066 -9.029189109802246
1.598493695259094 -4.593696594238281 -8.171189308166504
1.598483681678772 -4.593674659729004 -7.313189506530762
0.9649519324302673 -0.3201574683189392 -13.31918907165527
1.393952012062073 -0.7032573819160461 -13.31918907165527
0.9278032779693604 -0.3618466258049011 -12.46118927001953
1.356803297996521 -0.6960965991020203 -12.46118927001953
0.9018404483795166 -0.3826200366020203 -11.60318946838379
1.330840468406677 -0.6914326548576355 -11.60318946838379
0.8907702565193176 -0.3903314471244812 -10.74518966674805
1.319770216941833 -0.6886329054832458 -10.74518966674805
0.8952675461769104 -0.3880793452262878 -9.887188911437988
1.324267506599426 -0.6855284571647644 -9.887188911437988
0.9017728567123413 -0.3844225406646729 -9.029189109802246
1.330772876739502 -0.683685839176178 -9.029189109802246
0.9034985303878784 -0.3834458589553833 -8.171189308166504
1.332498550415039 -0.6832839846611023 -8.171189308166504
0.9034988880157471 -0.3834520578384399 -7.313189506530762
1.332498908042908 -0.6829860806465149 -7.313189506530762
1.912377595901489 -4.101747989654541 -13.31918907165527
1.935052752494812 -4.141059875488281 -12.46118927001953
1.945812582969666 -4.159602165222168 -11.60318946838379
1.948502659797668 -4.164252758026123 -10.74518966674805
1.948763251304626 -4.164669990539551 -9.887188911437988
1.948781251907349 -4.164690017700195 -9.029189109802246
1.948797821998596 -4.16469669342041 -8.171189308166504
1.948772192001343 -4.164674282073975 -7.313189506530762
2.252982139587402 -3.411347627639771 -13.31918907165527
2.28720498085022 -3.411347627639771 -12.46118927001953
2.303988695144653 -3.411347627639771 -11.60318946838379
2.308474779129028 -3.411347627639771 -10.74518966674805
2.308756113052368 -3.411347627639771 -9.887188911437988
2.308491945266724 -3.411347627639771 -9.029189109802246
2.308508634567261 -3.411347627639771 -8.171189308166504
2.308747529983521 -3.411347627639771 -7.313189506530762
2.376188516616821 -2.553347587585449 -13.31918907165527
2.394269704818726 -2.553347587585449 -12.46118927001953
2.404295682907104 -2.553347587585449 -11.60318946838379
2.407324314117432 -2.553347587585449 -10.74518966674805
2.406753540039062 -2.553347587585449 -9.887188911437988
2.405760765075684 -2.553347587585449 -9.029189109802246
2.405725955963135 -2.553347587585449 -8.171189308166504
2.40674090385437 -2.553347587585449 -7.313189506530762
2.149899959564209 -1.695347428321838 -13.31918907165527
2.165122032165527 -1.695347428321838 -12.46118927001953
2.174449682235718 -1.695347428321838 -11.60318946838379
2.178039312362671 -1.695347428321838 -10.74518966674805
2.178724527359009 -1.695347428321838 -9.887188911437988
2.178646087646484 -1.695347428321838 -9.029189109802246
2.178732872009277 -1.695347428321838 -8.171189308166504
2.179928064346313 -1.695347428321838 -7.313189506530762
1.830315947532654 -1.132257342338562 -13.31918907165527
1.839004516601562 -1.125096559524536 -12.46118927001953
1.844329833984375 -1.120432496070862 -11.60318946838379
1.846686959266663 -1.117632865905762 -10.74518966674805
1.847963690757751 -1.11452841758728 -9.887188911437988
1.848596096038818 -1.112685680389404 -9.029189109802246
1.84871768951416 -1.112283945083618 -8.171189308166504
1.849162340164185 -1.111986041069031 -7.313189506530762
0.4289999902248383 -5.168091773986816 -6.455189228057861
0.4289999902248383 -5.168656349182129 -5.597189426422119
0.4289999902248383 -5.178928852081299 -4.739189147949219
0.4289999902248383 -5.210845470428467 -3.881189584732056
0.4289999902248383 -5.25205135345459 -3.023189544677734
0.4289999902248383 -5.281796932220459 -2.165189504623413
0.4289999902248383 -5.300941944122314 -1.307189464569092
0.4289999902248383 -5.315380573272705 -0.4491894841194153
0.4289999902248383 -0.2717971205711365 -6.455189228057861
0.4289999902248383 -0.2717843055725098 -5.597189426422119
0.4289999902248383 -0.2718028426170349 -4.739189147949219
0.4289999902248383 -0.2718271017074585 -3.881189584732056
0.4289999902248383 -0.2718196511268616 -3.023189544677734
0.4289999902248383 -0.2718015909194946 -2.165189504623413
0.4289999902248383 -0.271719753742218 -1.307189464569092
0.4289999902248383 -0.2716194987297058 -0.4491894841194153
1.169548749923706 -4.889970302581787 -6.455189228057861
1.169736623764038 -4.890238761901855 -5.597189426422119
1.183203101158142 -4.895939350128174 -4.739189147949219
1.235953330993652 -4.915045261383057 -3.881189584732056
1.368142366409302 -4.92876148223877 -3.097031593322754
1.286999940872192 -5.068499088287354 -2.165189504623413
1.286999940872192 -5.102231025695801 -1.307189464569092
1.286999940872192 -5.116738319396973 -0.4491894841194153
1.598548769950867 -4.593723773956299 -6.455189228057861
1.598736643791199 -4.594104290008545 -5.597189426422119
1.612203121185303 -4.605747699737549 -4.739189147949219
1.664953351020813 -4.653077602386475 -3.881189584732056
1.708237290382385 -4.692171573638916 -3.432259798049927
0.9034996628761292 -0.3834578990936279 -6.455189228057861
1.332499623298645 -0.6827057003974915 -6.455189228057861
0.903525173664093 -0.3834459185600281 -5.597189426422119
1.332525253295898 -0.6824793219566345 -5.597189426422119
0.9035131335258484 -0.3834649324417114 -4.739189147949219
1.332513093948364 -0.6816167235374451 -4.739189147949219
0.9035327434539795 -0.3834793567657471 -3.881189584732056
1.33253276348114 -0.6803433299064636 -3.881189584732056
0.9037718176841736 -0.3834465742111206 -3.023189544677734
1.332771897315979 -0.6805029511451721 -3.023189544677734
0.9039397835731506 -0.3834009170532227 -2.165189504623413
1.332939743995667 -0.6826992630958557 -2.165189504623413
0.9039380550384521 -0.3833107948303223 -1.307189464569092
1.332938075065613 -0.6853007674217224 -1.307189464569092
0.9039679169654846 -0.3832193613052368 -0.4491894841194153
1.33296799659729 -0.6867801547050476 -0.4491894841194153
1.953005194664001 -4.807438373565674 -2.165189504623413
1.815144062042236 -4.758380889892578 -2.860259771347046
2.077514171600342 -4.831769466400146 -1.307189464569092
2.121040821075439 -4.839239120483398 -0.4491894841194153
1.948783040046692 -4.164723873138428 -6.455189228057861
1.949436783790588 -4.165104389190674 -5.597189426422119
1.953034996986389 -4.176747798919678 -4.739189147949219
1.995550394058228 -4.224077224731445 -3.881189584732056
2.157936334609985 -4.321750640869141 -3.085513591766357
2.382005214691162 -4.543220520019531 -2.165189504623413
2.506514072418213 -4.668741703033447 -1.307189464569092
2.55004096031189 -4.689603805541992 -0.4491894841194153
2.30898118019104 -3.411347627639771 -6.455189228057861
2.309054851531982 -3.411347627639771 -5.597189426422119
2.311163663864136 -3.411347627639771 -4.739189147949219
2.35619044303894 -3.411347627639771 -3.881189584732056
2.48652720451355 -3.411347627639771 -3.227437734603882
2.407779932022095 -2.553347587585449 -6.455189228057861
2.408168077468872 -2.553347587585449 -5.597189426422119
2.407950639724731 -2.553347587585449 -4.739189147949219
2.410352230072021 -2.553347587585449 -3.881189584732056
2.470294952392578 -2.577255249023438 -3.014041423797607
2.181186676025391 -1.695347428321838 -6.455189228057861
2.182570219039917 -1.695347428321838 -5.597189426422119
2.185095310211182 -1.695347428321838 -4.739189147949219
2.18642258644104 -1.695347428321838 -3.881189584732056
2.182675838470459 -1.695347428321838 -3.023189544677734
2.204760551452637 -1.695347428321838 -2.165189504623413
2.501582860946655 -2.298221826553345 -2.165189504623413
2.241744518280029 -1.695347428321838 -1.307189464569092
2.539697885513306 -2.174323558807373 -1.307189464569092
2.263779401779175 -1.695347428321838 -0.4491894841194153
2.562659740447998 -2.137990713119507 -0.4491894841194153
1.849604845046997 -1.111705541610718 -6.455189228057861
1.850020170211792 -1.11147928237915 -5.597189426422119
1.85127317905426 -1.110616683959961 -4.739189147949219
1.852710485458374 -1.109343290328979 -3.881189584732056
1.850788116455078 -1.109502792358398 -3.023189544677734
1.848177790641785 -1.111699223518372 -2.165189504623413
1.847046732902527 -1.114300727844238 -1.307189464569092
1.846119523048401 -1.115780115127563 -0.4491894841194153
2.980848789215088 -4.134246826171875 -2.159386157989502
2.680081129074097 -3.951329469680786 -2.738767385482788
3.003000020980835 -4.476274013519287 -1.307189464569092
3.003000020980835 -4.552844524383545 -0.4491894841194153
2.689462423324585 -3.411347627639771 -2.798437833786011
3.157805681228638 -3.355977535247803 -2.159386157989502
2.621868848800659 -2.879193782806396 -2.72194242477417
2.795196294784546 -2.727221965789795 -2.165189504623413
3.065435647964478 -2.642695188522339 -1.345829844474792
3.393059492111206 -3.033064126968384 -1.65759003162384
3.003000020980835 -2.45306134223938 -0.4491894841194153
3.861000061035156 -4.198895454406738 -1.307189464569092
3.861000061035156 -3.965126752853394 -1.869376420974731
3.861000061035156 -4.320784568786621 -0.4491894841194153
3.861000061035156 -3.564887762069702 -1.869376420974731
3.861000061035156 -3.135887622833252 -1.579546809196472
3.861000061035156 -2.900144338607788 -1.150546789169312
3.861000061035156 -2.765907526016235 -0.4491894841194153
4.751283168792725 -3.980077505111694 -1.360864281654358
4.486804962158203 -3.882051706314087 -1.780444383621216
4.718999862670898 -4.142240047454834 -0.4491894841194153
4.486804962158203 -3.708351373672485 -1.780444383621216
4.751283168792725 -3.417949914932251 -1.577614068984985
4.718999862670898 -2.886828422546387 -1.149126768112183
4.718999862670898 -2.726117610931396 -0.4491894841194153
5.577000141143799 -4.020277976989746 -0.4491894841194153
5.577000141143799 -3.920933961868286 -1.161542892456055
5.59430456161499 -3.386958837509155 -1.571376442909241
5.59430456161499 -2.84796667098999 -1.344693779945374
5.891841411590576 -2.959327459335327 -1.762773394584656
5.891841411590576 -3.084699630737305 -1.762773394584656
5.577000141143799 -2.608022451400757 -0.4491894841194153
6.434999942779541 -3.931126356124878 -0.4491894841194153
6.434999942779541 -3.875813722610474 -1.029200315475464
6.434999942779541 -3.632941961288452 -1.458200335502625
6.434999942779541 -3.203942060470581 -1.846960783004761
6.434999942779541 -2.89232063293457 -1.846960783004761
6.434999942779541 -2.670782804489136 -1.307189464569092
6.434999942779541 -2.462289810180664 -0.4491894841194153
7.299475193023682 -1.538904428482056 -22.82823753356934
7.293000221252441 -1.439229607582092 -23.3848762512207
7.017792224884033 -1.490099430084229 -22.12872314453125
7.293000221252441 -1.191141963005066 -23.3848762512207
7.299475193023682 -1.15776515007019 -22.82823753356934
7.017792224884033 -1.185650825500488 -22.12872314453125
7.729063510894775 -1.281744480133057 -23.1616039276123
7.729063510894775 -1.281744480133057 -23.21684074401855
7.729063510894775 -1.258720874786377 -23.21684074401855
7.729063510894775 -1.258720874786377 -23.1616039276123
7.139001369476318 -3.864891290664673 -0.4491894841194153
6.988061904907227 -3.850383520126343 -0.9341906905174255
7.281637191772461 -3.742201566696167 -1.254990220069885
7.293000221252441 -3.300121545791626 -2.036305904388428
7.568001270294189 -3.825653791427612 -0.4491894841194153
7.293000221252441 -2.777771949768066 -2.036305904388428
7.293000221252441 -2.470682859420776 -1.307189464569092
7.293000221252441 -2.300339698791504 -0.4491894841194153
8.151000022888184 -3.7155601978302 -1.307189464569092
8.072748184204102 -3.333413124084473 -2.246815919876099
8.151000022888184 -3.762123823165894 -0.4491894841194153
8.072748184204102 -2.659085988998413 -2.246815919876099
8.306580543518066 -2.862092971801758 -2.697853326797485
8.306580543518066 -3.103749752044678 -2.697853326797485
8.151000022888184 -2.280229568481445 -1.307189464569092
8.130114555358887 -2.164441108703613 -0.5053195357322693
9.008999824523926 -3.505524158477783 -2.165189504623413
9.008999824523926 -3.183804750442505 -2.806069135665894
9.008999824523926 -3.635432481765747 -1.307189464569092
9.008999824523926 -3.645984411239624 -0.4491894841194153
9.008999824523926 -2.744887828826904 -2.806069135665894
9.008999824523926 -2.350844144821167 -2.165189504623413
8.944405555725098 -2.155250787734985 -1.38083016872406
8.615342140197754 -2.129244804382324 -0.8287395238876343
8.944405555725098 -2.064691543579102 -0.5053195357322693
9.187341690063477 -2.094470262527466 -1.143923878669739
8.402190208435059 -2.104537487030029 -0.2567395269870758
9.866999626159668 -3.444272756576538 -2.165189504623413
9.866999626159668 -3.188974618911743 -2.914029359817505
9.866999626159668 -3.496465682983398 -1.307189464569092
9.866999626159668 -3.50052547454834 -0.4491894841194153
9.866999626159668 -2.641636848449707 -2.914029359817505
9.79259204864502 -2.197001695632935 -2.201018333435059
9.456986427307129 -2.127718687057495 -1.71592390537262
9.79259204864502 -2.049530506134033 -1.38083016872406
10.02898597717285 -2.091471672058105 -1.938904166221619
9.866999626159668 -1.962710022926331 -0.4491894841194153
10.72500038146973 -3.340110778808594 -2.165189504623413
10.70885276794434 -3.138208866119385 -3.08595609664917
10.72500038146973 -3.358994245529175 -1.307189464569092
10.72500038146973 -3.360414266586304 -0.4491894841194153
10.67856597900391 -2.511144399642944 -3.069422960281372
10.98408794403076 -2.869864225387573 -3.49160099029541
10.98408794403076 -3.014482498168945 -3.49160099029541
10.37304306030273 -2.152424812316895 -2.510904312133789
10.68542575836182 -2.038376331329346 -2.201018333435059
10.94504356384277 -2.087237358093262 -2.725045442581177
10.72500038146973 -1.928706049919128 -1.307189464569092
10.72500038146973 -1.882898449897766 -0.4491894841194153
11.58300018310547 -3.167960405349731 -3.023189544677734
11.58300018310547 -3.039808750152588 -3.539498329162598
11.58300018310547 -3.245033979415894 -2.165189504623413
11.58300018310547 -3.252820253372192 -1.307189464569092
11.58300018310547 -3.244380235671997 -0.4491894841194153
11.60185050964355 -2.571657657623291 -3.554213047027588
11.32841777801514 -2.297864198684692 -3.297045469284058
11.60185050964355 -2.034852743148804 -3.015902996063232
11.90041732788086 -2.095051050186157 -3.505817174911499
11.58300018310547 -1.898232579231262 -2.165189504623413
11.58300018310547 -1.829428791999817 -1.307189464569092
11.58300018310547 -1.820736527442932 -0.4491894841194153
12.44099998474121 -3.12299919128418 -3.023189544677734
12.44099998474121 -3.038109302520752 -3.57354736328125
12.44099998474121 -3.155828237533569 -2.165189504623413
12.44099998474121 -3.156960487365723 -1.307189464569092
12.50069808959961 -3.089408874511719 -0.4012717008590698
12.44099998474121 -2.553347587585449 -3.777741670608521
12.44099998474121 -2.036426782608032 -3.656383752822876
12.44099998474121 -1.877130150794983 -3.023189544677734
12.44099998474121 -1.770655989646912 -2.165189504623413
12.44099998474121 -1.73195207118988 -1.307189464569092
12.44099998474121 -1.799510598182678 -0.4491894841194153
13.29899978637695 -3.045849323272705 -3.023189544677734
13.29899978637695 -3.004965305328369 -3.516924858093262
13.29899978637695 -3.066477298736572 -2.165189504623413
13.35117721557617 -3.040824174880981 -1.290685296058655
13.09996223449707 -3.022147417068481 -0.6553265452384949
13.26467609405518 -2.558588027954102 -3.978356599807739
13.67196273803711 -2.964066982269287 -0.9936825633049011
13.3692626953125 -2.664869070053101 -0.3611032366752625
12.82649707794189 -2.937671422958374 -0.08332651108503342
13.26467609405518 -1.940089106559753 -3.926568269729614
13.52779293060303 -2.054763317108154 -4.39683723449707
13.52779293060303 -2.276081562042236 -4.39683723449707
13.29899978637695 -1.712063908576965 -3.023189544677734
13.29899978637695 -1.629658341407776 -2.165189504623413
13.29899978637695 -1.639882445335388 -1.307189464569092
13.33113765716553 -1.903690695762634 -0.3914037644863129
19.66766357421875 -1.230413913726807 -6.929243564605713
20.16300010681152 -1.108198165893555 -7.115718364715576
20.16300010681152 -1.478175759315491 -7.115718364715576
19.66766357421875 -1.352243185043335 -6.929243564605713
13.82835960388184 -2.992205381393433 -3.023189544677734
13.73174667358398 -2.982635498046875 -3.45369291305542
13.9066801071167 -3.002556562423706 -2.165189504623413
13.83617401123047 -2.996437311172485 -1.565682530403137
14.07344818115234 -2.842168569564819 -3.796291589736938
14.1569995880127 -2.398568868637085 -4.552705764770508
14.25735950469971 -2.94847846031189 -3.023189544677734
14.33568000793457 -2.947701215744019 -2.165189504623413
14.13610458374023 -2.856749534606934 -1.290685296058655
14.1569995880127 -2.417572259902954 -0.6309813261032104
14.1569995880127 -1.957377314567566 -4.552705764770508
14.1569995880127 -1.690875649452209 -3.881189584732056
14.1569995880127 -1.546499490737915 -3.023189544677734
14.1569995880127 -1.500392436981201 -2.165189504623413
14.1569995880127 -1.628044724464417 -1.307189464569092
14.1569995880127 -1.940653204917908 -0.6309813261032104
15.01500034332275 -2.825248003005981 -3.881189584732056
14.97885990142822 -2.449518203735352 -4.795413494110107
15.01500034332275 -2.874001502990723 -3.023189544677734
15.01500034332275 -2.82801628112793 -2.165189504623413
15.01978302001953 -2.45917534828186 -1.273183465003967
14.73697185516357 -2.247594594955444 -0.7878881692886353
14.97885990142822 -1.841065764427185 -4.795413494110107
15.24076747894287 -2.026434659957886 -5.254260540008545
15.24076747894287 -2.227877855300903 -5.254260540008545
15.01500034332275 -1.501285910606384 -3.881189584732056
15.01500034332275 -1.417749524116516 -3.023189544677734
15.01500034332275 -1.458785653114319 -2.165189504623413
15.01978302001953 -1.828362345695496 -1.273183465003967
14.73697185516357 -2.032849788665771 -0.7878881692886353
15.8730001449585 -2.617854833602905 -4.739189147949219
15.8730001449585 -2.306103467941284 -5.356228828430176
15.8730001449585 -2.758841991424561 -3.881189584732056
15.8730001449585 -2.749675512313843 -3.023189544677734
15.8730001449585 -2.567649841308594 -2.165189504623413
15.8730001449585 -2.26506495475769 -1.579599261283875
15.8730001449585 -1.920045495033264 -5.356228828430176
15.8730001449585 -1.566216349601746 -4.739189147949219
15.8730001449585 -1.378668427467346 -3.881189584732056
15.8730001449585 -1.366349577903748 -3.023189544677734
15.8730001449585 -1.611992478370667 -2.165189504623413
15.8730001449585 -1.978140473365784 -1.579599261283875
16.73100090026855 -2.567348480224609 -4.739189147949219
16.73100090026855 -2.320593118667603 -5.466445446014404
16.73100090026855 -2.615330219268799 -3.881189584732056
16.73100090026855 -2.532053232192993 -3.023189544677734
16.65278625488281 -2.261446714401245 -2.215028762817383
16.31464576721191 -2.134874820709229 -1.727079272270203
16.73100090026855 -1.825273633003235 -5.466445446014404
16.79482078552246 -1.391533255577087 -4.671968936920166
16.65505409240723 -1.303632497787476 -3.881189584732056
16.77802085876465 -1.41835618019104 -3.102640628814697
16.65278625488281 -1.916518807411194 -2.215028762817383
16.31464576721191 -2.110924005508423 -1.727079272270203
17.08405303955078 -1.261065006256104 -3.881189584732056
17.12336921691895 -1.262334585189819 -4.341155052185059
17.09536933898926 -1.263317108154297 -3.44160795211792
17.5890007019043 -2.455171346664429 -4.739189147949219
17.59382820129395 -2.268146514892578 -5.651205539703369
17.5890007019043 -2.432615995407104 -3.881189584732056
17.54867744445801 -2.263678789138794 -3.05952787399292
17.23579597473145 -2.174196004867554 -2.534254789352417
17.60539054870605 -1.678831458091736 -5.616647243499756
17.88304710388184 -2.029591083526611 -6.06178092956543
17.88304710388184 -2.151568651199341 -6.06178092956543
17.32773590087891 -1.32807195186615 -4.913155078887939
17.51481437683105 -1.674009442329407 -3.119680881500244
17.23579597473145 -2.026556730270386 -2.534254789352417
17.60384178161621 -1.225286364555359 -4.671968936920166
17.89973449707031 -1.242897987365723 -5.260077953338623
17.54029846191406 -1.237537860870361 -3.831358909606934
17.22183036804199 -1.263317108154297 -3.44160795211792
17.79383087158203 -1.321462154388428 -3.512138605117798
18.44700050354004 -2.277150869369507 -5.597189426422119
18.44700050354004 -2.170546054840088 -6.102874279022217
18.44700050354004 -2.326148748397827 -4.739189147949219
18.42195510864258 -2.230315446853638 -3.916049242019653
18.11925888061523 -2.174031972885132 -3.36975359916687
18.46418762207031 -1.72429358959198 -6.129708766937256
18.18964767456055 -1.457590818405151 -5.832077980041504
18.42195510864258 -1.642616391181946 -3.719122648239136
18.11925888061523 -1.893462061882019 -3.36975359916687
18.46418762207031 -1.189951658248901 -5.566522598266602
18.76164817810059 -1.23223602771759 -6.096475601196289
18.44700050354004 -1.127226829528809 -4.739189147949219
18.44700050354004 -1.197137951850891 -4.06403112411499
19.38580703735352 -2.177160739898682 -5.613512516021729
19.30500030517578 -2.150954961776733 -6.079401969909668
19.15141868591309 -2.190861225128174 -4.739189147949219
18.96554565429688 -2.160486698150635 -4.225288867950439
19.35099792480469 -1.661084771156311 -6.454131126403809
19.72567939758301 -2.119940996170044 -5.338395118713379
19.56570053100586 -1.77850353717804 -4.679245471954346
19.10086441040039 -1.695347428321838 -4.169893741607666
19.35099792480469 -1.159348130226135 -6.411561012268066
19.30500030517578 -1.02962601184845 -5.597189426422119
19.34536552429199 -1.131625533103943 -4.679245471954346
19.08627510070801 -1.215040922164917 -4.208029270172119
19.73946380615234 -2.125447273254395 -5.91039514541626
19.73946380615234 -2.125447273254395 -6.030485153198242
20.08047866821289 -1.906506419181824 -6.37196683883667
20.08047866821289 -1.95272696018219 -5.613512516021729
20.16300010681152 -1.535951375961304 -4.941052436828613
20.16300010681152 -0.8982145190238953 -6.455189228057861
20.16300010681152 -0.9415726065635681 -5.597189426422119
20.16300010681152 -1.151556253433228 -4.941052436828613
20.98747825622559 -1.062317371368408 -7.385580062866211
21.25112915039062 -1.194915533065796 -7.790253639221191
21.25112915039062 -1.302688956260681 -7.790253639221191
20.98747825622559 -1.444248080253601 -7.385580062866211
21.52264022827148 -1.3413165807724 -7.313189506530762
21.49012756347656 -1.302688956260681 -7.790253639221191
21.49012756347656 -1.194915533065796 -7.790253639221191
21.52264022827148 -1.14250910282135 -7.313189506530762
21.08796501159668 -1.549939513206482 -6.41860294342041
20.82581520080566 -1.484126687049866 -5.597189426422119
20.64914512634277 -1.344225883483887 -5.108246326446533
21.08796501159668 -1.002161979675293 -6.41860294342041
20.82581520080566 -1.100386381149292 -5.597189426422119
20.64914512634277 -1.216756939888 -5.108246326446533
21.5067253112793 -1.329964876174927 -6.680212020874023
21.5067253112793 -1.172661542892456 -6.680212020874023
0.4289999902248383 -5.326675415039062 0.4088104963302612
0.4289999902248383 -5.334169864654541 1.266810417175293
0.4289999902248383 -5.336398124694824 2.124810457229614
0.4289999902248383 -5.335543155670166 2.982810497283936
0.4289999902248383 -5.333018779754639 3.840810537338257
0.4289999902248383 -5.326343536376953 4.698810577392578
0.4289999902248383 -5.314319133758545 5.556810855865479
0.4289999902248383 -5.297563076019287 6.414810657501221
0.4289999902248383 -0.2715573906898499 0.4088104963302612
0.4289999902248383 -0.2715192437171936 1.266810417175293
0.4289999902248383 -0.2714927196502686 2.124810457229614
0.4289999902248383 -0.2714625597000122 2.982810497283936
0.4289999902248383 -0.2714381217956543 3.840810537338257
0.4289999902248383 -0.2714389562606812 4.698810577392578
0.4289999902248383 -0.2714675664901733 5.556810855865479
0.4289999902248383 -0.2715269327163696 6.414810657501221
1.286999940872192 -5.126036643981934 0.4088104963302612
1.286999940872192 -5.132399082183838 1.266810417175293
1.286999940872192 -5.134823322296143 2.124810457229614
1.286999940872192 -5.134312629699707 2.982810497283936
1.286999940872192 -5.132530212402344 3.840810537338257
1.286999940872192 -5.127817630767822 4.698810577392578
1.286999940872192 -5.11754035949707 5.556810855865479
1.286999940872192 -5.101680278778076 6.414810657501221
0.9040003418922424 -0.3831590414047241 0.4088104963302612
1.333000302314758 -0.687582790851593 0.4088104963302612
0.9040201902389526 -0.3831132650375366 1.266810417175293
1.333020210266113 -0.6883864998817444 1.266810417175293
0.9040246605873108 -0.3830780386924744 2.124810457229614
1.333024621009827 -0.6892609000205994 2.124810457229614
0.9040263295173645 -0.3830441832542419 2.982810497283936
1.33302628993988 -0.6900936961174011 2.982810497283936
0.9040265679359436 -0.3830212354660034 3.840810537338257
1.333026647567749 -0.6905439496040344 3.840810537338257
0.9040324687957764 -0.383024275302887 4.698810577392578
1.333032488822937 -0.6902100443840027 4.698810577392578
0.9040719866752625 -0.3830517530441284 5.556810855865479
1.333071947097778 -0.6887229084968567 5.556810855865479
0.9041092991828918 -0.3831085562705994 6.414810657501221
1.333109259605408 -0.6864619851112366 6.414810657501221
2.129252433776855 -4.84301233291626 0.4088104963302612
2.131210565567017 -4.845628261566162 1.266810417175293
2.132273197174072 -4.846787929534912 2.124810457229614
2.132164001464844 -4.846709728240967 2.982810497283936
2.131961584091187 -4.846109390258789 3.840810537338257
2.127034902572632 -4.844374656677246 4.698810577392578
2.107957363128662 -4.839745998382568 5.556810855865479
2.070229291915894 -4.831952571868896 6.414810657501221
2.558252573013306 -4.69263744354248 0.4088104963302612
2.560210704803467 -4.693299770355225 1.266810417175293
2.561273097991943 -4.693674564361572 2.124810457229614
2.561163902282715 -4.693647384643555 2.982810497283936
2.560961723327637 -4.693595409393311 3.840810537338257
2.556035041809082 -4.691776275634766 4.698810577392578
2.536957502365112 -4.684407711029053 5.556810855865479
2.499229192733765 -4.667618274688721 6.414810657501221
2.334432125091553 -1.772565960884094 0.3305472731590271
2.573516130447388 -2.124889850616455 -0.007628242019563913
1.845903038978577 -1.116582751274109 0.4088104963302612
1.845725774765015 -1.11738646030426 1.266810417175293
2.274725675582886 -1.664593577384949 1.266810417175293
1.845515131950378 -1.118260741233826 2.124810457229614
2.274515151977539 -1.647708058357239 2.124810457229614
1.845391154289246 -1.119093656539917 2.982810497283936
2.274391174316406 -1.632836937904358 2.982810497283936
1.845488905906677 -1.11954391002655 3.840810537338257
2.274488925933838 -1.623022437095642 3.840810537338257
1.845934987068176 -1.119210004806519 4.698810577392578
2.274935007095337 -1.623859763145447 4.698810577392578
1.84706175327301 -1.117722868919373 5.556810855865479
2.276061773300171 -1.637402176856995 5.556810855865479
1.848536133766174 -1.115461945533752 6.414810657501221
2.277536153793335 -1.665982365608215 6.414810657501221
3.003000020980835 -4.563019752502441 0.4088104963302612
3.003000020980835 -4.565159797668457 1.266810417175293
3.003000020980835 -4.566627979278564 2.124810457229614
3.003000020980835 -4.567825317382812 2.982810497283936
3.003000020980835 -4.56753396987915 3.840810537338257
3.003000020980835 -4.560358047485352 4.698810577392578
3.003000020980835 -4.536030769348145 5.556810855865479
3.003000020980835 -4.45704460144043 6.414810657501221
2.925872564315796 -2.345816850662231 0.3305472731590271
2.588454246520996 -2.110044956207275 0.5643717050552368
2.607194423675537 -2.093593597412109 1.266810417175293
3.036194562911987 -2.369863033294678 1.266810417175293
2.630652904510498 -2.076708078384399 2.124810457229614
3.059653043746948 -2.33974289894104 2.124810457229614
2.656925439834595 -2.061836957931519 2.982810497283936
3.085925579071045 -2.309120178222656 2.982810497283936
2.67609167098999 -2.052022457122803 3.840810537338257
3.10509181022644 -2.289962768554688 3.840810537338257
2.670446157455444 -2.052859783172607 4.698810577392578
3.099446296691895 -2.302322864532471 4.698810577392578
2.642582654953003 -2.066402435302734 5.556810855865479
3.071582555770874 -2.345235824584961 5.556810855865479
2.604248046875 -2.094982385635376 6.414810657501221
3.03324818611145 -2.42891788482666 6.414810657501221
3.861000061035156 -4.336697101593018 0.4088104963302612
3.861000061035156 -4.342115879058838 1.266810417175293
3.861000061035156 -4.346621036529541 2.124810457229614
3.861000061035156 -4.350606918334961 2.982810497283936
3.861000061035156 -4.34843635559082 3.840810537338257
3.861000061035156 -4.328099727630615 4.698810577392578
3.861000061035156 -4.252973079681396 5.556810855865479
3.861660242080688 -4.049344539642334 6.389416694641113
3.861000061035156 -2.676516532897949 0.4088104963302612
3.861000061035156 -2.601065158843994 1.266810417175293
3.861000061035156 -2.526953458786011 2.124810457229614
3.861000061035156 -2.462420225143433 2.982810497283936
3.861000061035156 -2.435558557510376 3.840810537338257
3.861000061035156 -2.486559391021729 4.698810577392578
3.861000061035156 -2.636731147766113 5.556810855865479
3.818110942840576 -2.857324838638306 6.371237754821777
4.718999862670898 -4.16215991973877 0.4088104963302612
4.718999862670898 -4.171857357025146 1.266810417175293
4.718999862670898 -4.17978572845459 2.124810457229614
4.718999862670898 -4.182975769042969 2.982810497283936
4.718999862670898 -4.17191219329834 3.840810537338257
4.718999862670898 -4.10842227935791 4.698810577392578
4.686728000640869 -3.960928201675415 5.50080680847168
4.379213333129883 -3.897441148757935 6.08648681640625
4.846237659454346 -3.411347627639771 5.691741943359375
4.417237758636475 -3.411347627639771 6.114101886749268
4.022714138031006 -3.411347627639771 6.543101787567139
4.718999862670898 -2.611256122589111 0.4088104963302612
4.718999862670898 -2.519200325012207 1.266810417175293
4.718999862670898 -2.439288377761841 2.124810457229614
4.718999862670898 -2.385027170181274 2.982810497283936
4.718999862670898 -2.396646499633789 3.840810537338257
4.718999862670898 -2.529750108718872 4.698810577392578
4.681462287902832 -2.817729234695435 5.549159526824951
4.370436668395996 -2.939882278442383 6.05618953704834
5.577000141143799 -4.044936656951904 0.4088104963302612
5.577000141143799 -4.055664539337158 1.266810417175293
5.577000141143799 -4.062554359436035 2.124810457229614
5.577000141143799 -4.05871057510376 2.982810497283936
5.577000141143799 -4.018850326538086 3.840810537338257
5.522685050964355 -3.913146257400513 4.637600421905518
5.200474739074707 -3.865311861038208 5.177471160888672
5.763298988342285 -3.411347627639771 4.900413513183594
5.334299087524414 -3.411347627639771 5.262742042541504
5.577000141143799 -2.479435205459595 0.4088104963302612
5.577000141143799 -2.385004043579102 1.266810417175293
5.577000141143799 -2.322576522827148 2.124810457229614
5.577000141143799 -2.305961608886719 2.982810497283936
5.577000141143799 -2.388320446014404 3.840810537338257
5.608754634857178 -2.720239162445068 4.749703407287598
5.343924045562744 -2.89132285118103 5.258058547973633
6.434999942779541 -3.957311868667603 0.4088104963302612
6.434999942779541 -3.967589139938354 1.266810417175293
6.434999942779541 -3.970116853713989 2.124810457229614
6.434999942779541 -3.948096990585327 2.982810497283936
6.378298759460449 -3.885679006576538 3.766778945922852
6.054497718811035 -3.857806444168091 4.310793399810791
6.626497745513916 -3.655800580978394 4.003424644470215
6.378298759460449 -3.386419534683228 4.467069625854492
6.434999942779541 -2.336421728134155 0.4088104963302612
6.434999942779541 -2.256672859191895 1.266810417175293
6.434999942779541 -2.221099615097046 2.124810457229614
6.434999942779541 -2.258991241455078 2.982810497283936
6.434999942779541 -2.474551200866699 3.840810537338257
6.434999942779541 -2.814928293228149 4.485647678375244
0.4289999902248383 -5.277290821075439 7.272810935974121
0.4289999902248383 -5.250614643096924 8.130810737609863
0.4289999902248383 -5.206878662109375 8.988810539245605
0.4289999902248383 -5.173247337341309 9.846810340881348
0.4289999902248383 -5.167593479156494 10.70481109619141
0.4289999902248383 -5.168039798736572 11.56281089782715
0.4289999902248383 -5.168331146240234 12.42081069946289
0.4289999902248383 -5.168318748474121 13.27881050109863
0.4289999902248383 -0.2716426253318787 7.272810935974121
0.4289999902248383 -0.2717272043228149 8.130810737609863
0.4289999902248383 -0.2717837691307068 8.988810539245605
0.4289999902248383 -0.2718753814697266 9.846810340881348
0.4289999902248383 -0.2718768715858459 10.70481109619141
0.4289999902248383 -0.271824061870575 11.56281089782715
0.4289999902248383 -0.2717950344085693 12.42081069946289
0.4289999902248383 -0.271773636341095 13.27881050109863
1.286999940872192 -5.079324245452881 7.272810935974121
1.286999940872192 -5.027008533477783 8.130810737609863
1.342872023582458 -4.893763065338135 8.995804786682129
1.191065311431885 -4.893515586853027 9.846810340881348
1.16985821723938 -4.889883518218994 10.70481109619141
1.169642090797424 -4.890031814575195 11.56281089782715
1.169505834579468 -4.889991283416748 12.42081069946289
1.169484734535217 -4.889965057373047 13.27881050109863
1.666120171546936 -4.658326625823975 9.286467552185059
1.620065331459045 -4.616236209869385 9.846810340881348
1.598858237266541 -4.594028472900391 10.70481109619141
1.598642110824585 -4.593775749206543 11.56281089782715
1.598505854606628 -4.593656063079834 12.42081069946289
1.598484754562378 -4.593657493591309 13.27881050109863
0.9040737748146057 -0.3832323551177979 7.272810935974121
1.333073854446411 -0.6844320893287659 7.272810935974121
0.9038510918617249 -0.3833496570587158 8.130810737609863
1.332851052284241 -0.6827579140663147 8.130810737609863
0.9035893082618713 -0.3834300637245178 8.988810539245605
1.332589268684387 -0.6811448931694031 8.988810539245605
0.9035079479217529 -0.3835172653198242 9.846810340881348
1.332507967948914 -0.6804723143577576 9.846810340881348
0.9034965038299561 -0.3835169672966003 10.70481109619141
1.332496523857117 -0.6809830069541931 10.70481109619141
0.9035218954086304 -0.3834664225578308 11.56281089782715
1.332521915435791 -0.6813587546348572 11.56281089782715
0.9035626649856567 -0.3834443092346191 12.42081069946289
1.332562685012817 -0.6816777586936951 12.42081069946289
0.9035713076591492 -0.3834316730499268 13.27881050109863
1.332571268081665 -0.6821313500404358 13.27881050109863
1.996105432510376 -4.81910514831543 7.272810935974121
1.870124459266663 -4.780977725982666 8.130810737609863
1.768516182899475 -4.733570575714111 8.71446704864502
2.425105333328247 -4.614134788513184 7.272810935974121
2.299124479293823 -4.445554733276367 8.130810737609863
2.121668100357056 -4.265967845916748 8.948068618774414
1.972587943077087 -4.187236309051514 9.846810340881348
1.948841094970703 -4.16502857208252 10.70481109619141
1.948723196983337 -4.164775848388672 11.56281089782715
1.948711752891541 -4.164656162261963 12.42081069946289
1.948726296424866 -4.164657592773438 13.27881050109863
2.466182470321655 -3.411347627639771 9.100157737731934
2.333917617797852 -3.411347627639771 9.846810340881348
2.309379816055298 -3.411347627639771 10.70481109619141
2.309533834457397 -3.411347627639771 11.56281089782715
2.309523582458496 -3.411347627639771 12.42081069946289
2.309210062026978 -3.411347627639771 13.27881050109863
2.471879243850708 -2.591139078140259 8.962172508239746
2.413152456283569 -2.553347587585449 9.846810340881348
2.412573575973511 -2.553347587585449 10.70481109619141
2.412255048751831 -2.553347587585449 11.56281089782715
2.411090612411499 -2.553347587585449 12.42081069946289
2.409561395645142 -2.553347587585449 13.27881050109863
2.32002067565918 -1.776762843132019 7.211470603942871
2.209025144577026 -1.695347428321838 8.130810737609863
2.504908323287964 -2.316660404205322 8.130810737609863
2.545162677764893 -2.174779176712036 7.456577301025391
2.185856819152832 -1.695347428321838 8.988810539245605
2.188544750213623 -1.695347428321838 9.846810340881348
2.188136339187622 -1.695347428321838 10.70481109619141
2.187090873718262 -1.695347428321838 11.56281089782715
2.185391187667847 -1.695347428321838 12.42081069946289
2.183530330657959 -1.695347428321838 13.27881050109863
1.849153637886047 -1.113432049751282 7.272810935974121
1.849116683006287 -1.111757874488831 8.130810737609863
1.851075291633606 -1.110144734382629 8.988810539245605
1.85272204875946 -1.109472274780273 9.846810340881348
1.852101445198059 -1.109982967376709 10.70481109619141
1.851646423339844 -1.110358715057373 11.56281089782715
1.851112365722656 -1.110677719116211 12.42081069946289
1.850452542304993 -1.111131191253662 13.27881050109863
3.048247337341309 -4.183662891387939 7.299813747406006
2.755418062210083 -4.016554355621338 8.130810737609863
2.59747838973999 -3.873608827590942 8.60966968536377
3.288529634475708 -3.411347627639771 7.474617004394531
2.897175550460815 -3.411347627639771 8.130810737609863
2.611645936965942 -3.411347627639771 8.671157836914062
2.944244384765625 -2.555974960327148 7.190729141235352
2.715757369995117 -2.745660543441772 8.130810737609863
2.600716114044189 -2.90233325958252 8.658413887023926
2.58019495010376 -2.117039918899536 6.88457727432251
3.57610034942627 -3.952823400497437 7.031815528869629
3.593713998794556 -3.411347627639771 7.045616626739502
3.503518342971802 -2.937170505523682 6.924880504608154
0.4289999902248383 -5.168315887451172 14.13681030273438
0.4289999902248383 -5.168315887451172 14.99481105804443
0.4289999902248383 -5.168319225311279 15.85281085968018
0.4289999902248383 -5.168153285980225 16.71081161499023
0.4289999902248383 -5.167287349700928 17.56881141662598
0.4289999902248383 -5.165091991424561 18.42681121826172
0.4289999902248383 -5.160189628601074 19.28481101989746
0.4289999902248383 -5.145753383636475 20.1428108215332
0.4289999902248383 -0.6628044247627258 20.1428108215332
0.4339682757854462 -0.4860444068908691 19.30712509155273
0.4289999902248383 -0.2717682719230652 14.13681030273438
0.4289999902248383 -0.2717594504356384 14.99481105804443
0.4289999902248383 -0.2717559337615967 15.85281085968018
0.4289999902248383 -0.2752670049667358 16.71081161499023
0.4289999902248383 -0.2993242144584656 17.56881141662598
0.4339682757854462 -0.354814350605011 18.34280014038086
0.151280477643013 -0.378108024597168 19.0359992980957
0.7232804894447327 -0.4385087490081787 18.57279396057129
1.169477343559265 -4.889962196350098 14.13681030273438
1.16948676109314 -4.889962673187256 14.99481105804443
1.169501662254333 -4.889980792999268 15.85281085968018
1.169308066368103 -4.889936447143555 16.71081161499023
1.166996240615845 -4.889303207397461 17.56881141662598
1.160976886749268 -4.887619495391846 18.42681121826172
1.149099588394165 -4.883829593658447 19.28481101989746
1.124814510345459 -4.874056339263916 20.1428108215332
1.598477244377136 -4.593658924102783 14.13681030273438
1.5984867811203 -4.593680381774902 14.99481105804443
1.598501682281494 -4.593695163726807 15.85281085968018
1.598308086395264 -4.59337043762207 16.71081161499023
1.595996260643005 -4.590215682983398 17.56881141662598
1.589976787567139 -4.582349300384521 18.42681121826172
1.578099489212036 -4.566561698913574 19.28481101989746
1.55381453037262 -4.532558441162109 20.1428108215332
1.286999940872192 -0.8780025839805603 19.28481101989746
1.201532483100891 -0.6847949624061584 18.34280014038086
1.316220879554749 -1.062477827072144 20.06147384643555
0.9035746455192566 -0.3834275603294373 14.13681030273438
1.332574605941772 -0.6823223233222961 14.13681030273438
0.9035820960998535 -0.3834167718887329 14.99481105804443
1.332582116127014 -0.6826494336128235 14.99481105804443
0.9035856127738953 -0.3834092020988464 15.85281085968018
1.332585573196411 -0.682905375957489 15.85281085968018
0.9003403782844543 -0.3851791620254517 16.71081161499023
1.32934033870697 -0.6848104596138 16.71081161499023
0.8779640197753906 -0.3974233269691467 17.56881141662598
1.306964039802551 -0.6973391175270081 17.56881141662598
0.8585540652275085 -0.4080482125282288 18.00079345703125
1.948756217956543 -4.164659023284912 14.13681030273438
1.948784708976746 -4.164680004119873 14.99481105804443
1.948798656463623 -4.164695262908936 15.85281085968018
1.948167681694031 -4.164370536804199 16.71081161499023
1.94397759437561 -4.161215782165527 17.56881141662598
1.934715390205383 -4.15334939956665 18.42681121826172
1.918128848075867 -4.137561798095703 19.28481101989746
1.887131690979004 -4.103558540344238 20.1428108215332
2.309103012084961 -3.411347627639771 14.13681030273438
2.308844566345215 -3.411347627639771 14.99481105804443
2.308624982833862 -3.411347627639771 15.85281085968018
2.307023286819458 -3.411347627639771 16.71081161499023
2.297392845153809 -3.411347627639771 17.56881141662598
2.275099039077759 -3.411347627639771 18.42681121826172
2.233654022216797 -3.411347627639771 19.28481101989746
2.156288623809814 -3.411347627639771 20.1428108215332
2.408501863479614 -2.553347587585449 14.13681030273438
2.407238960266113 -2.553347587585449 14.99481105804443
2.406368255615234 -2.553347587585449 15.85281085968018
2.40500545501709 -2.553347587585449 16.71081161499023
2.393897294998169 -2.553347587585449 17.56881141662598
2.363159894943237 -2.553347587585449 18.42681121826172
2.301011800765991 -2.553347587585449 19.28481101989746
2.187198162078857 -2.553347587585449 20.1428108215332
2.182254791259766 -1.695347428321838 14.13681030273438
2.180761098861694 -1.695347428321838 14.99481105804443
2.179741382598877 -1.695347428321838 15.85281085968018
2.178060293197632 -1.695347428321838 16.71081161499023
2.162625074386597 -1.695347428321838 17.56881141662598
2.116762161254883 -1.695347428321838 18.42681121826172
2.024089813232422 -1.695347428321838 19.28481101989746
1.878780961036682 -1.673085808753967 20.06147384643555
1.850099682807922 -1.111322283744812 14.13681030273438
1.849582076072693 -1.111649394035339 14.99481105804443
1.849199652671814 -1.111905336380005 15.85281085968018
1.847910523414612 -1.113810420036316 16.71081161499023
1.838142991065979 -1.126339077949524 17.56881141662598
1.809985756874084 -1.160285830497742 18.42681121826172
1.754602909088135 -1.223410367965698 19.28481101989746
1.717913389205933 -1.264266610145569 19.72125053405762
1.62170147895813 -1.372244715690613 20.29324913024902
0.4289999902248383 -5.103223323822021 21.00081062316895
0.4289999902248383 -5.011090755462646 21.85881042480469
0.4671777188777924 -4.8424072265625 22.72992134094238
0.2066295146942139 -4.77037525177002 23.33479118347168
0.7786295413970947 -4.65425968170166 23.0246639251709
0.4671777188777924 -4.487699508666992 23.60239791870117
0.4289999902248383 -4.039103507995605 24.15884017944336
0.4798077344894409 -3.422245740890503 24.19415473937988
0.4905663430690765 -2.517387390136719 23.59684753417969
0.2276795655488968 -2.861342906951904 24.11434555053711
0.7996795773506165 -3.143511056900024 23.96385955810547
0.452071875333786 -1.865313410758972 22.7678108215332
0.4289999902248383 -1.414477109909058 22.02952575683594
0.181453138589859 -2.067117691040039 23.22983741760254
0.7534531354904175 -2.173432111740112 23.08781051635742
0.4289999902248383 -0.9283037781715393 21.00081062316895
0.4289999902248383 -1.17734706401825 21.60052490234375
1.076215744018555 -4.848515033721924 21.00081062316895
0.9919002056121826 -4.795192718505859 21.85881042480469
0.9125784039497375 -4.739659786224365 22.45266342163086
1.505215764045715 -4.459450721740723 21.00081062316895
1.471137166023254 -4.239646434783936 21.91023063659668
1.155201315879822 -4.328694820404053 22.72992134094238
1.000587940216064 -4.046765804290771 23.57481002807617
0.8787216544151306 -3.87365984916687 24.02920341491699
1.701361656188965 -3.69045615196228 22.23050880432129
1.565648078918457 -3.407212734222412 22.64904403686523
1.07206404209137 -3.422245740890503 23.63664054870605
0.8787216544151306 -3.715511083602905 24.02920341491699
1.308690667152405 -2.560737609863281 22.70283889770508
1.024656176567078 -2.745432138442993 23.39185905456543
1.24327290058136 -1.749873042106628 21.76343536376953
1.020725011825562 -1.977743029594421 22.51581001281738
1.592725038528442 -2.376043081283569 22.05022239685059
1.028641700744629 -1.148298859596252 21.00081062316895
1.45764172077179 -1.537512183189392 21.00081062316895
0.8938208222389221 -1.24194598197937 21.47664833068848
1.832048654556274 -4.030450820922852 21.00081062316895
1.770054578781128 -3.933846235275269 21.65851020812988
2.023726224899292 -3.411347627639771 21.00081062316895
1.813443541526794 -3.407212734222412 21.91023063659668
1.728179335594177 -3.11845588684082 22.3178653717041
2.001920223236084 -2.553347587585449 21.00081062316895
1.79259192943573 -2.61856484413147 21.80205726623535
1.728179335594177 -2.94804310798645 22.3178653717041
1.810242772102356 -1.966512084007263 21.00081062316895
1.735301852226257 -2.094003200531006 21.47822380065918
7.247895240783691 -3.877567529678345 0.4088104963302612
7.262131214141846 -3.882873773574829 1.266810417175293
7.211067199707031 -3.883027791976929 2.124810457229614
7.032816886901855 -3.865280389785767 2.982810497283936
6.88792085647583 -3.846448183059692 3.431424617767334
7.676895141601562 -3.835813283920288 0.4088104963302612
7.691131114959717 -3.836886167526245 1.266810417175293
7.640067100524902 -3.828847646713257 2.124810457229614
7.461817264556885 -3.757525682449341 2.982810497283936
7.210933685302734 -3.41308331489563 3.792643547058105
6.961946964263916 -3.083800792694092 4.329771995544434
7.344443798065186 -2.186351299285889 0.428038626909256
7.155567646026611 -2.159667015075684 1.266810417175293
7.303210735321045 -2.14992880821228 2.148472309112549
7.293000221252441 -2.27724289894104 2.982810497283936
7.265968322753906 -2.707305192947388 3.857041835784912
6.961946964263916 -2.918857574462891 4.329771995544434
7.584568023681641 -2.109677791595459 1.266810417175293
7.664739608764648 -2.11686897277832 0.7268573641777039
7.596017837524414 -2.112266302108765 1.878246903419495
8.151000022888184 -3.772883653640747 0.4088104963302612
8.151000022888184 -3.770374536514282 1.266810417175293
8.151000022888184 -3.727878332138062 2.124810457229614
8.229764938354492 -3.37811541557312 3.063305377960205
7.996275424957275 -3.170366048812866 3.581862688064575
7.830190658569336 -2.136812686920166 0.1548573821783066
8.229764938354492 -2.563770532608032 3.063305377960205
8.151000022888184 -2.157863140106201 2.367615461349487
7.996275424957275 -2.812031507492065 3.581862688064575
8.130114555358887 -2.08869481086731 0.428038626909256
8.151000022888184 -2.067171812057495 1.266810417175293
8.151000022888184 -2.096880197525024 1.938615441322327
9.008999824523926 -3.645495653152466 0.4088104963302612
9.008999824523926 -3.62514853477478 1.266810417175293
9.008999824523926 -3.489774703979492 2.124810457229614
9.008999824523926 -3.177850484848022 2.809669733047485
9.008999824523926 -2.719001770019531 2.809669733047485
9.008999824523926 -2.29000186920166 2.280256032943726
9.008999824523926 -2.008421659469604 0.4088104963302612
9.008999824523926 -2.023479223251343 1.266810417175293
9.008999824523926 -2.087242841720581 1.851255893707275
9.866999626159668 -3.494742393493652 0.4088104963302612
9.866999626159668 -3.428951501846313 1.266810417175293
9.832852363586426 -3.17477822303772 2.106899738311768
9.524086952209473 -3.044975996017456 2.617798089981079
9.865694999694824 -2.521921634674072 2.07136344909668
9.524086952209473 -2.880163192749023 2.617798089981079
9.866999626159668 -1.94470226764679 0.4088104963302612
9.899581909179688 -2.039891242980957 1.326620697975159
9.635303497314453 -2.099416494369507 1.761767506599426
10.20730400085449 -2.163680076599121 1.652494192123413
10.72500038146973 -3.33366584777832 0.4088104963302612
10.73144912719727 -3.161549091339111 1.274574160575867
10.44974899291992 -3.063869714736938 1.808959126472473
10.73144912719727 -2.491147041320801 1.480740666389465
10.44974899291992 -2.735680103302002 1.808959126472473
10.72500038146973 -1.912089467048645 0.4088104963302612
10.72500038146973 -2.037528514862061 1.095518589019775
11.62266063690186 -3.129392147064209 0.4433604776859283
11.36310005187988 -3.059295654296875 0.9937499761581421
11.91489315032959 -2.553347587585449 0.7513200044631958
11.48589324951172 -2.553347587585449 1.030460476875305
11.6372537612915 -1.976729512214661 0.4766681790351868
11.38742351531982 -2.071532487869263 0.9387375712394714
12.25449752807617 -3.046087026596069 0.1803937703371048
12.50069808959961 -2.61234188079834 0.3106290102005005
12.44099998474121 -1.99751079082489 0.242896169424057
13.06656360626221 -2.365671396255493 0.07449524849653244
13.06656360626221 -2.055152654647827 0.07449524849653244
0.3246397376060486 0.8719646334648132 -21.09393692016602
0.08699505776166916 1.15350604057312 -21.53819274902344
0.2057810872793198 1.736652493476868 -21.6827507019043
0.5691648125648499 1.736652493476868 -21.04118919372559
0.3061424791812897 2.583539485931396 -21.94263648986816
0.09557222574949265 2.862131118774414 -22.41159439086914
0.6848627924919128 2.594652414321899 -21.04118919372559
0.2132030874490738 3.452652454376221 -22.56689071655273
0.5623911023139954 3.452652454376221 -21.89918899536133
0.7150422334671021 3.452652454376221 -21.04118919372559
0.308557391166687 4.279358386993408 -22.81230735778809
0.1054786443710327 4.544496059417725 -23.28216934204102
0.6468284726142883 4.310652732849121 -21.89918899536133
0.6123644113540649 4.310652732849121 -21.04118919372559
0.1555659919977188 5.168652534484863 -23.34031867980957
0.4214049875736237 5.168652534484863 -22.75718879699707
0.453728049993515 5.168652534484863 -21.89918899536133
0.2258550673723221 5.157380104064941 -21.09999847412109
0.1019426882266998 5.690186977386475 -23.29571533203125
0.1772321760654449 5.752600193023682 -22.75718879699707
0.127147376537323 5.702536106109619 -21.89918899536133
0.03516296669840813 5.623435020446777 -21.42520332336426
0.7390035390853882 0.8786525130271912 -20.18318939208984
0.815512478351593 0.8786525130271912 -19.3251895904541
0.8440259695053101 0.8513498902320862 -18.44584846496582
0.5082727670669556 0.882135272026062 -15.87796497344971
0.2782573699951172 0.7148129940032959 -15.03518962860107
0.1191792413592339 0.5301063060760498 -14.44773769378662
0.7589970231056213 1.736652493476868 -20.18318939208984
0.8022112250328064 1.736652493476868 -19.3251895904541
0.7980433702468872 1.736652493476868 -18.46718978881836
0.6932624578475952 1.736652493476868 -17.60918998718262
0.8370256423950195 1.018457174301147 -17.60918998718262
0.3570825755596161 1.770589470863342 -16.73392486572266
0.7725916504859924 0.9602392911911011 -16.75119018554688
0.1927148997783661 1.507214188575745 -16.05320739746094
0.761099636554718 2.594652414321899 -20.18318939208984
0.7477341294288635 2.594652414321899 -19.3251895904541
0.5957486033439636 2.594652414321899 -18.46718978881836
0.270409494638443 2.584199905395508 -17.64877891540527
0.1370154023170471 2.291231632232666 -17.00841522216797
0.6881592869758606 3.452652454376221 -20.18318939208984
0.3864498436450958 3.531654834747314 -19.24813461303711
0.2135322988033295 3.273957490921021 -18.46718978881836
0.0703667476773262 3.082721948623657 -17.96117401123047
0.3236979246139526 4.343201637268066 -20.1672534942627
0.1766649186611176 4.078901290893555 -19.48276710510254
0.125906378030777 4.863864898681641 -20.44262886047363
0.8613938689231873 0.5471481680870056 -18.14562034606934
0.8664324879646301 0.589457094669342 -17.60918998718262
0.8676548600196838 0.5312393307685852 -16.75119018554688
0.8630236983299255 0.4695244431495667 -16.27472305297852
-21.00173196487106 -1.23575350892362 -7.538878865870751
-7.875559825701298 -3.002845063918133 -2.32703001663476
-14.76669675871419 -2.146953595919533 -4.864082050061106
-3.502911928870393e-05 2.254647972642541 -22.17846767170253
8.72069917016468 -2.817797759510394 3.519365374804052
-0.004850318303100319 4.062537738304074 -22.87987649343566
0.005053701036123515 5.465473353998441 -20.87124745034465
0.0005035229844727073 4.425293878912926 -20.02122059484082
7.477952650479979 -1.320456541014604 -22.57235759667668
3.690178940340444 -2.163237644102748 -17.24046933083851
21.83758109351361 -1.234364901723054 -5.662831929221622
-20.82616695981982 -29.17654907596151 7.25847097736156
20.81762596897785 -29.14464887175427 7.249896955946212
12.84342352603733 24.37592897063552 -8.202469942856478
-17.15864372253418 22.90684118293096 -2.207772297401586
23.22551339515689 -1.270232677459717 -23.18922233581543
-23.22863076856832 -1.249430060386657 -23.18930149078402
-23.27750825656558 -4.88465976976809 17.4506968233856
21.37062835693359 -18.43269635799466 -13.9750382256109
-21.37261581420899 -18.2527921383169 -13.91253653937507
25.32548781615322 14.26906196228827 11.30399439988596
-12.38817374427 24.04176868347903 25.18606533619206
-29.32223435635557 -14.66462022395826 1.539808427804037
21.1364621914151 -2.96256959438324 14.98480930625905
4.37754515654056 -15.84352321198034 -33.89353888178299
-13.18511982040608 10.50843930731037 11.34996749474867
7.433444261520372e-05 15.55191881211251 -10.89317051197955
8.058741359711762 -19.09338021738867 -4.747437156446249
-10.6280040315289 -16.76935326678639 10.93684184149055
-8.061191148024225 -19.09751012910231 -4.748887322443782
12.1762884431425 8.934241475713833 -13.55496867746983
2.601724102001499 1.236459601304396 -35.2953010468907
-25.64503267073918 -1.280496299266815 4.971520622928312
8.660061488781201 14.3412702995378 4.494155546118351
-11.14294546187091 10.00454783045097 -23.18930149078355
13.32972593643469 -14.65688504627698 10.23172052904753
8.412198919389818 11.7747066690224 20.7387411856397
-14.56402090117346 -2.089611887931824 -15.53946509439472
6.979793692166826 4.791541487787875 31.44816285667401
-11.59311196835005 -6.371841076914043 27.57703543077188
14.32237293529452 -1.291328549385071 -15.34454497950602
25.24124492415967 -0.5651009287677543 4.669634484845025
-6.975114801576248 4.786006693351773 31.4418039329179
-7.451694135631802 -17.05456071253331 -21.19412882328775
8.548969703571029 -12.63515507363322 -17.83634980500018
-7.408057331604549 10.2577646458763 -1.737245549150848
-18.23817747863637 -10.09310824674575 4.301826233530686
-14.99417717431221 1.428199495656938 8.692480338869565
15.01225811748839 1.448732081807693 8.724910981197901
9.913173958672914 8.773153667424651 -25.51364244577278
-16.85818504424319 8.461518105475308 -4.164394318222167
20.84835223331683 -13.54518696544884 -1.045959690557507
17.15859985351564 8.066834087612259 0.4387711444614473
11.58178742608265 -6.367973406603557 27.57344116791822
-3.399028065019968 -10.01434224315964 -28.38315175932224
22.96972916243676 -9.622587243547656 -8.323544665892335
-8.02150491156489 4.035837401360696 -14.72111814581595
7.33945501698568 9.156358935345681 -2.570181318917863
-10.8435856436105 -8.474744742392435 9.437707112774511
-9.307223801897749 -10.5138419300964 -9.459062157137177
17.19852295644249 -5.962792945187323 5.52841142446328
8.539331058251655 3.085504673848496 -6.695444199619425
21.37062835693359 -1.248802244663239 -14.85444020440898
3.497404053004433 -5.89722349854194 -29.02999458549635
10.05327121321422 -4.630779901407387 11.12351428544745
8.72344343930952 -10.05412291515412 -8.600240603568523
-8.612413971038595 2.982320124426812 -6.613641368280458
2.628608471763396 1.290447062561419 -27.48092032160657
-23.53489306422724 -10.24907059790755 -7.854856263185515
-7.032278148259696 -8.489750856674085 -17.15584498634411
-15.47652450023805 -1.270231425762177 -23.18930149078369
7.675588130945377e-05 -12.78171755342459 23.83645752679313
3.462383959687824 6.456031214745859 -11.78977874785978
-23.27339816067563 -6.305828760770951 -2.267038642057047
-5.176691296227242 -12.83384248358271 0.8251194969722471
-8.896494046241074 -2.171100099234153 10.62928655069078
-21.37261581420898 -1.249430060386658 -14.6982764545156
5.421399327626926 -12.93816227815796 6.275150749486926
-15.52774845407006 3.212635505353881 -8.51658261929564
15.23182360882286 3.867414708409012 -8.806606213350513
-4.279333164032163 -8.381769709660372 26.38133545034498
23.26730535627818 -6.279426626151207 -2.254514740031538
-6.808189951864841 5.551785944916472 5.969127957244401
6.808377914166833 5.55225927894109 5.969129956336062
9.387726139311187 -2.942173361778259 -10.31154547580348
-9.386506050281412 -2.942010998725891 -10.31154627968053
-11.64160044000718 -1.270231425762177 -34.06026868897489
-20.78159526721281 1.033096555873726 0.8091660246401911
-2.9955601670383 -2.008386075496674 -26.86127705028478
10.78705154101265 -6.656543347339664 -20.65861666261397
7.278634691458696 5.262983764370772 -19.04651538592095
-4.43672886352719 -10.10001165954554 10.20481522779334
-35.16550116155961 -1.242375791072845 -6.685220979188621
18.34023327218143 -1.248802244663239 -11.25854691561431
4.83927496713844 -11.4532528371521 -1.160138292018363
-1.62199139594893e-05 20.16109746794339 -24.68051178469821
6.997772645697889 -6.511191839303771 -16.07004525514581
21.1506556806572 1.144274128686242 1.543130896299001
4.271821168889307 -8.37273742617359 26.37667672891659
3.682148631453855 -8.508864176117683 -22.76431841507493
11.59594842718723 -1.270232677459717 -19.73401593635635
-17.74702884484822 -4.225276674959743 -10.90285748553869
-18.0959557795453 3.566751364572945 -2.740253835801943
35.09571690597461 -1.241912841796875 -6.656914492409624
5.011595018416477 -7.789502350630998 -4.10835256776564
5.733894018944028 -8.023636242482365 10.15723150526328
-5.51048274886649 4.227206167894046 -25.44525867972198
-24.48586303022277 -1.280496299266815 -4.036564871827145
-9.897394660672752 -5.599522903608601 -20.85037666391688
-11.90360094925118 1.02202815242667 19.91204284427923
27.47811452402173 12.37677326767469 -9.446702477288285
-7.714436052328317 -2.108773708343505 -15.06339306923556
-3.010370232264324 9.635328705544895 14.56558532397254
7.004691502339898 1.334928678413721 -14.79875428105303
6.577605713040331 0.9347053573288036 24.99192398380625
-6.04967161173567 -7.866502589116054 -5.28567335326374
-2.783206255495452 5.189903841019494 -12.0818958265269
24.57406804288468 -1.251313209533691 -3.988514392476101
-5.762276742713022 3.776256385129359 -0.8656131598554492
-4.703535766402061 0.7191176825390921 23.97845632081916
-8.733747314953654 -10.01743392246208 18.09123740304675
18.09144085784306 3.552986220168047 -2.738318552330427
-14.550109995039 -5.05732862106922 3.558765214397905
6.826744413799702 -1.943167888377721 9.371297911278374
9.914096653818994 3.081034238131243 16.30324156920962
5.653956462056192 3.368593417713415 -0.8663441769199247
-2.846056253955179 -6.096335417283774 -24.04896746083765
8.124113082891293e-05 -13.36274932905382 -16.10828061691575
-24.0928059792631 5.876653470211665 -6.625956656825729
7.891560527990693 -2.109312891960144 -17.51918445061618
15.44756604050019 -5.639987815433425 1.581104042896108
8.810125291322524e-05 7.439767395806173 -19.22879831405542
-1.621991395950317e-05 12.42315701300962 -23.78371336385346
0.008737505306077586 -12.65164165576568 -6.882043638952561
21.37062835693359 4.839820563882073 -9.379834705969861
-10.88148311513188 0.4427165973927369 4.932644272745714
-5.097802653936649 2.806514704343827 -17.92890042506726
-10.22624798589583 3.880662149744684 -21.04159566611949
-5.787983536716113e-05 0.361410272663651 -25.01703932635771
10.73913241153534 -1.270232677459717 -31.69621241058295
8.414394723423205 -9.713346974986646 18.09267466551793
-12.08749085308306 -10.77379835089678 -1.800324314108432
11.2060683226158 -1.270232677459717 -23.18922233581543
-12.38820537210804 -5.768381693988054 -7.650565229173253
-9.586217735332882 -1.337868213653564 -18.77454931094568
14.48040182999226 -4.895018711569664 -9.963633841090388
0.0001079780151687637 7.273457870726639 -4.309976031201538
2.65694200856878 -2.04627376794815 -25.27991050858088
19.9279017802069 -5.180997162474588 -9.6960470864624
-5.960699031441229 1.021162077755794 7.873315282979877
9.190669756063523 -6.752022789934216 5.201116793009557
16.69116570424913 -9.203730702061037 -5.380802068846554
5.045957433449439 -2.101454734802246 -15.79224622298776
-21.4509557237909 -1.280496299266815 -1.949090948682179
21.51404345090372 -1.191991035311482 -1.799978223475904
10.8811876724946 0.4433929854061196 4.933731021647533
-17.08511743712778 -2.14022159576416 1.368019905662586
-17.07808679056737 -0.3549518330899333 -8.836068959302212
10.09846693509579 -0.9556746518477011 -6.901784621018855
-7.865916402256524 -6.554214481187131 5.157985396626704
21.37062835693359 -1.248802244663239 -10.84581542330923
0.007056512179250019 -12.36260982163795 15.42517419013961
-10.10882848868618 -0.9591359760588787 -6.905266100261301
-13.03084230832211 -2.127163290977478 -7.466772253418521
12.92129229679264 2.331423048901099 -5.483016109800187
-5.937733850077485 0.8403928703324923 -12.06932631568199
-5.456553903969613 0.5550246763496056 -3.581645545701992
4.90455479239694 3.185548181089987 -22.5349781560808
1.031135693996266e-06 7.150059837501532 3.411599650424356
-5.403535560649624 -3.795207023620605 -4.7570291676326
17.05940920753465 -2.140222191810608 1.324372680696041
-18.01721887984304 -8.23471639033418 -6.41240214979214
-5.847630554132743 -4.42119070403946 9.557419927237811
16.25909986536937 0.2500749086223943 -8.539287526094926
6.267277558198959 -2.98292136192322 -6.027935214708902
1.035578152109753 6.865990329737105 21.30231827820405
-18.00553998593267 0.6692932009503756 -1.123907578179714
9.479850906628501 -1.270232677459717 -21.24176420924033
10.37739512202622 -9.365903251824296 -2.094820206622966
5.47266579978893 -0.04052751416162059 -3.964986843050229
6.016132980745128 -5.645681841715317 -9.458308911820716
-19.61154879661137 -1.249430060386658 -9.224769574991731
-12.19021336003555 4.649052454536981 -0.3730870249333206
-6.053721105864443 -5.712781016056615 -13.04436120829831
-7.497644179717764 -3.001353740692139 7.140714846118433
-1.750886440249344e-06 1.485284346545528 24.32083699628522
27.55289984295225 -1.248802244663239 -9.557003555550475
4.780005177952881 1.647896111461039 3.412928337381245
-3.717768845084159 3.189625725130742 -6.884138176893181
-5.12709036801877 3.376948032447842 12.85472718739119
-1.621991395950317e-05 5.87844056388865 -28.72310276276168
-4.779998573927377 1.647882887759634 3.412952014915202
-3.868309271345555 -2.362334895201241 29.67831426456797
-6.071010615080971 -0.1377369268979693 -17.00118003258245
-2.845109694079868 1.259572295491755 -23.14841195608743
3.868062370763711 -2.361971383533089 29.67763485530992
4.356077641359266 2.096362148265807 -17.59727650275786
-6.972326336910594 -6.101666400040642 14.56558484893059
18.54984666641572 3.089526458239243 -6.210042519410803
6.814763240433583 -4.511298587897265 7.439152533851965
11.88663597372668 -4.098498932027245 -6.768449912447424
-15.2610514641588 -6.212122491326513 -1.149730974968651
8.36743375974447 -4.023144793875366 -21.17408315663126
7.489731542870778 -5.629595982457922 -25.50158741736582
5.115557329993102 0.4356864965460021 6.962878963071339
5.41246697480792 3.72197229347867 11.99582409798183
-21.37261581420898 -5.506141367277224 -8.877833841761651
11.88314446822473 3.398510243202949 -0.4715594487184879
-10.28337400812137 -2.991175413131714 5.5303426136728
-5.150202035380786 -3.971637084640259 -15.86942941055612
3.841888522357155 -8.294983287417077 -12.17463644302118
-3.31521348280767 -6.009163002339941 -19.74220985194392
10.45903882194561 0.1198705635539152 -4.316757949915743
9.201467037478483e-07 3.013530818209862 -12.41409583519814
3.49285681216597 7.118856116838295 -20.7571386256277
-3.969207309793934 -9.321229390799029 4.287520582364089
-9.112631433697505 1.553505784278588 -2.834784116539972
3.855765939824544 3.38787845667165 -7.742163390787167
-8.547369142907272 -8.575472178595145 0.8175611793888387
-12.76032448485062 1.871047641561097 -5.459806378238675
10.23797275770923 -2.991198778152466 5.469870428685649
6.017304045405625 -1.138304537738204 -9.457838077962887
2.77523207369147 2.858366290038089 -14.3975110384039
3.350746681868627 -6.024828562119501 -19.72912228375982
18.16046738317234 1.275570703217138 -0.4472208014043984
21.12251514379148 -3.913317803211132 -3.63299219314143
2.235174172138255e-08 5.479426609614611 -15.15775456679063
-2.104539280119027 -10.20044707283244 -2.766342386355417
-3.847249874839499 -8.302813198550238 -10.32073097223333
-21.16401367174499 -3.957461597424957 -3.615110543384975
2.358003130548249 0.7462303778793209 -23.01653707676272
3.848464369696169 -2.560084628560514 24.4201069892725
-6.119354641469128 -4.353139996456822 -8.600255923845618
-3.855192045979876 -7.407657291476291 -2.351238953271488
-1.930492612405211 5.049950829670405 8.560587690582903
8.861111894760516 0.868915882286887 -1.820484956049274
11.11617296775903 -6.046669117615243 -4.01176480327907
-1.60602783391136 3.671913742861795 1.695639683594335
4.278495907780733e-05 -4.809885412931751 -23.95108708850461
8.331711467319394 -3.458435076997907 20.26715760597007
-3.393402376743382 1.185678499815669 -17.94985008928296
4.764716264765262 -4.703000421059408 -4.429814350625455
-5.185515141074005 -3.241213682456977 25.01212732702922
-4.454396897519493 6.629487024289729 -20.30620015782308
-4.412292742890356 3.808443693914014 18.31426165015456
-7.320922756578164 -0.797209915427034 15.43011061580977
-7.69902796872991 -3.182595485184411 20.43341981423443
8.544907472392191 1.812806767580625 1.981054345924296
17.82984187091333 -2.090579867362978 -8.752773299515962
-7.523493606182061 -5.838635185438424 -25.63004313973867
-3.621820667868919 2.152215960712925 -14.61497292393184
-6.51523470126596 -2.108773708343506 -18.35095567109613
-8.544877678474597 1.916436928146551 1.992284371962755
-20.05028770231041 3.306971918695066 -8.156743350093752
-9.367950703047642 -1.270231425762177 -21.26826286803625
1.188928900286434e-05 -8.775385643149486 -18.27213143000105
13.41484266758293 -4.044188666914117 2.331113573493751
18.04302397973437 -5.015284113362108 -6.438502079471127
4.196980155662131 3.893323542569178 17.28722273503854
-25.35734583301586 -1.249430060386658 -7.806535320327534
-11.22394957517182 -6.014897624894465 -14.24009320668763
3.485299978872566 -7.784350935781807 -7.742085818263814
17.34027887957918 -8.651387551267163 -16.46283296197103
-6.078676541041248 -0.2661102295092981 -7.747763229033904
0.0007039681645419904 -10.09366380906207 6.956606728813259
-3.401916282937264 -7.645500330881198 -14.99716312618116
17.79231546642038 4.203147842403331 -14.79515878396416
1.605609190185294 3.670864039828358 5.127908231781719
0.0009472187547110433 -10.11066840765889 1.682256954461219
7.855948476171199 1.42224714872965 -19.03304351731004
-14.32781314432698 -4.50453817974342 0.5082306866473651
-4.599737809043496 0.4288362445285394 -0.4349127217127591
8.930265903478452e-05 8.99864734178075 -22.14622405012907
4.542012700465866 0.2917760873834192 -0.936981286133583
-9.030474107498527 -4.458238453028804 -6.301158171663378
-11.07976796788158 -6.545511906689504 -4.198893970609005
4.720517558555672 -2.409154602316211 -3.691254897256194
-1.588898366986397 3.593705657517314 -3.452520494931148
8.76799429437294 1.936363526798735 -22.3316278464823
5.21906879129109 -9.022117992289877 3.474280698404164
3.822591957630564 -6.066781731973296 9.853150620239623
-5.772544504452576 1.767680806432055 -23.62671331288928
3.01512586693796 2.207405988873333 -3.452876900599688
5.725012752846801 -3.3764290255722 -12.07105149555142
6.458736215836369e-05 3.523016180935345 -8.604536115057382
12.30129760540149 0.878525752175372 -11.40805430397555
-17.18192699949744 6.053464100335395 -16.46754746735807
-9.674115874899927 -1.270231425762177 -23.18930149078369
-8.749739395160747 -1.270231425762177 -26.58682185453084
-8.715554803845041 -3.66899472465679 -23.18930149078369
13.9826964681201 -6.645728973153736 -1.815132379917865
22.90345146802155 -4.911613928158401 -6.897652169738282
4.068861618825641 -8.629368629777495 14.56568229346136
3.854378872349268 1.807295631052062 -11.14970752660324
15.08048334218965 -4.86828580061678 -6.263464486612417
-2.609877332712985 -2.008386075496674 -23.75445520087551
-4.001763891470201 -8.524079044109664 17.16053265532056
2.181423016835518 -31.13580878508524 11.69765123488418
-4.437449794323353 -0.1942593196381042 0.8203288876109656
-13.49860864952083 -2.210416555404663 2.196995454246958
7.675588130950928e-05 -6.020802794276595 25.26667319795168
9.233414128122833 -2.942173361778259 -5.434862687164623
6.891799401950436 -7.432322662461232 -1.075723325329027
2.571307359963229 -4.706803614900778 -22.35278199936815
-26.6734547389552 13.88246809325468 5.771188509922823
4.587308331195096 -4.820118223560969 -16.9392665147601
2.857039490213023 -7.215557073726567 -15.63565014137857
6.559559711498284 -0.9999204980548436 13.71431694349454
15.14897491672439 -2.127156257629395 -7.941671797021916
19.67289726671422 -1.248802244663239 -9.108755121780993
8.481355802109551 -0.1060693375925494 -22.0824763310193
-4.482930035437402 -6.587366231561353 11.99021500182055
-11.12449134198652 -7.017667215958001 2.537724189266465
4.514530713440125 0.01894376622239458 -13.79718913172315
18.33730435042867 -5.853122283772386 -1.614856400062481
11.69320047980396 3.088661093359264 -16.02362926204266
2.128835391420709 3.073613061607203 -24.63306097562611
-4.770495022867241 -7.366289633311637 7.707115836874377
-3.907755737583956 -6.075904874054848 -5.204052943168666
11.61754784312658 -5.46019902325401 -14.15757066617463
-8.18552945941269 -5.855371959915498 -3.816779437173246
3.520721555481301 -8.125565594305153 -0.04158343445617291
15.45197440610059 4.263119807943502 -21.91872382890728
-1.922086026604811 -8.02233960707019 -6.884192957294772
-5.120032532290939 -6.86770523522196 21.01598214893513
2.758518360925378 -10.15377016877383 19.81979226357104
-11.1550320852837 -2.942010998725891 -5.929543509744554
-21.31319009144974 2.396177551464746 -4.298692785628659
14.99657559712805 0.5871723938783933 -6.107896302899881
-15.03219568428543 0.4099931007657509 0.04535308287107065
-19.38730213036621 -14.20071120752056 -30.18307710205604
-6.054512966168605 -5.484768186973894 -21.57844852670112
-9.81846446944315 -0.4558575113747405 -4.386174679198585
5.3961543885486 -1.324998676776886 -26.20129541375746
5.690079600922426 -0.2664679015644293 -17.55842516015286
19.80913821610452 -14.63012988460859 -30.85109906494348
-19.41883344216162 -9.949092096222028 -18.58970275002849
-4.416206683994404 0.0003612127179661861 5.576160621741625
-15.9759564039322 1.799976776120719 -4.754423961811965
4.278495907784896e-05 -2.046273767948151 -25.74746750657973
-4.900445306654638 -4.828716796849896 -18.49703902406391
-22.66172593536711 -1.249430060386658 -11.26345358307876
4.666911787283952 -1.520373601156686 8.335327606074269
-4.646928743209307 -2.213256218555443 -3.409475179937954
1.646251498166329e-05 4.770263985084644 14.56572416484766
0.003367931879275587 -9.162572707927346 -11.21150170142848
-4.667607761124698 -1.519707992635697 8.335522736243611
-4.842506332002126 0.2176785154769127 11.13596749448041
4.843050309359484 0.2163035398545754 11.13597821231754
14.51713849440917 1.300581191340652 1.656489315275134
16.61195566721948 1.313745670708834 -4.160314434194603
2.786591491647877 1.808388206752578 0.8376499833712151
-12.71138595187343 0.5474192363031127 -11.69702827806933
-21.37261581420898 -1.249430060386658 -9.579866693641884
5.99784986805306 -5.06823650237973 -22.53388366849639
0.002410695514010852 -9.362908032322697 11.13162876873194
8.686649478272392 -1.270232677459717 -26.36988302511159
4.620138927356466 0.07629449455539006 -6.886006785668668
2.527541885654519 4.184012531703027 -17.15916532833745
-7.943907793623341 -2.70750473558647 -20.09995701370887
8.528557829638865 -1.981191262743915 -22.12823948390962
7.794918301021701 -3.729592278597564 -23.51355857886209
-7.124466623571363 0.2011638228053079 -19.33647404272581
-3.384729222831981 6.753513684784375 -23.59850115253088
7.552106920309402 -5.035028634673927 -4.597552490973476
-3.404905382504035 -7.789722689584167 0.8333360424557588
-1.977600320913324 -6.31912695217839 -16.66523705262085
22.30894514708429 -0.2439326759784338 -5.4798532440287
3.466188747205075 -7.834022975092182 7.01265977902193
-13.15419876691871 -4.369889827372837 -5.656723097268907
-16.09981321225324 -5.287555168409331 -6.47666356246557
-11.16194206443631 10.15578154925387 -10.01103619171553
-4.110561603835643 1.619523993006081 -20.64706646276171
-1.711253920255408 -8.368425029917542 22.90616225136458
6.080433741865594 -5.67159747534891 17.16554956540107
-6.888064678416242 -2.982832312583923 -3.930554871191081
7.822100971755579 -1.337875127792358 -20.51121776300694
-19.68394437442042 -2.033657848834992 -2.513889304739303
3.291064450855273 1.341404394954536 -20.64441153295044
2.617358844968899 1.618015297249739 -6.026268231941106
5.124140963265179 -5.222526774480492 12.84975501151522
-12.33221032452258 1.572443399683982 -1.886117248357416
-8.718095171914932 1.557785262902069 -23.18930149078369
-20.96432872296175 -20.67733511360371 24.37571721102814
-19.71227294133866 -5.28618361526455 -6.089375556311349
-8.825570736017312 -4.133286455711305 -17.33119781930897
-5.208701485799359 -3.310896484940272 -11.18934286772922
-1.987292043856902 -8.193485261621284 13.70776758160091
-2.244903797393867 3.969743479487002 -17.32010876333201
-3.487871983025439 1.436066522402344 -10.32783664660563
2.531598688418508 0.6615580955405784 -18.08274962312187
-31.71711703751853 -7.587812474045978 -16.62131439307134
-7.343959058209975 -0.7371544132865977 5.170125217183325
32.97208995422805 -11.10312810649757 -18.76473490165024
5.358591181772381 0.5216395997886423 19.97281514234621
-19.02599828129202 -3.252673331299183 -8.149584616689278
-2.935222123978726 2.053628506115999 7.702657699219749
8.093362648567204 -0.9000593154600143 -4.354064223420695
17.38197352359592 0.525245462997203 -6.585911455094248
-2.741371344441819 -7.354939961903177 9.860579735875177
-2.608781099359765 1.603163427197793 -1.736382987197182
-4.50235012952101 -1.57138132523434 -15.41640196302785
-5.868049974865585 -5.131976941083384 -3.022253016820558
-6.831499382453061 -6.464512784825834 -0.9834524966915508
-11.13221271583545 -0.0517393489764415 -15.31996013154963
2.771006566910561 5.774853518466862 -24.18049287421278
-5.115803485625719 -2.108773708343506 -17.34844459823196
6.204512985770732 -1.978822941542234 -18.48196562457623
11.61759326292751 0.8180876203620278 -1.95125490170849
-2.550073583473343 1.482098249605045 0.8376719179045047
19.48889482883725 -2.461395560447253 -2.838828161151945
1.612981923675818 3.696142598272097 10.27581876458693
8.548779324711647 -7.083968936320182 1.86098309677281
-3.859258103078711 10.19354642411728 -15.39534110106833
-17.84352230858262 0.7175714100566339 -4.206849563302701
-18.29147386497895 -5.398512893423138 -3.3001541345074
4.554813203650673 0.6520173129578544 -23.92732399057181
-11.60397577308915 -6.617904175692744 -0.8439890624471864
-13.64172710728911 -5.477455316960371 -3.473097815151434
-12.50504901276762 0.426221886124976 1.747155629636051
10.06317340510873 -1.359029959783729 -14.07604552270526
4.443815176090102 -4.948244560084802 -13.90198297991092
-7.279195280559556 0.3803592774561322 -0.5996167430063182
14.58671970097453 -5.002922981226723 -3.799784065361323
6.714016717668676 -2.982921361923218 -4.009857432350644
-18.2959926111732 8.479822096228947 4.310482115776026
1.948214152030977 -8.136725544362609 -3.047650481526195
11.80150042690218 -1.813258436390772 -5.768547485219331
13.65624052831492 -2.127156257629394 -6.500853772072609
9.087162615304596 0.572566756146629 -9.93894005054632
-5.110731660567339 22.44006944106935 6.864602336413447
-1.980285694314077e-07 2.578871966937337 -0.8785223545226186
-11.61965621761856 -1.447224396188044 3.398486270020701
-4.066511288726556 35.90232082746326 -11.75400702436044
5.007398136145724 -6.788584269914105 20.96414891947557
-0.3675765117120153 2.744061687837648 -24.87074334908775
-31.70846921253636 5.634170846630353 -16.61806881123851
-24.92306638444007 23.73546096719613 -20.26368706174595
4.065599120897751 -0.2868544598714364 1.669302004392106
4.951757220196164 -3.276338204014692 -8.309942179248763
3.346419262148602 -5.92135243395786 -3.580891940306905
6.899473136661394 -2.716724168913521 -19.94206636096816
0.0001917340369169684 3.500237078062067 18.23296813014773
0.002167915136272569 -29.07209744741474 -14.04996888756992
12.33868197233206 -2.35447055127811 -9.359557065351551
14.82781661547975 -1.618662899466816 -11.81950332366706
-6.648581919918441 -4.654830488933772 5.743498414178116
2.920892912008676 -2.20628503454809 -23.34801856042706
8.932602266419501 -5.197589145044669 -7.885164051876863
0.9651417934420182 1.666303824423429 -23.14794117343568
-18.97979824275253 1.391017365375017 -6.419819448566393
5.604722143113873 -5.628372763683064 -2.58850612370586
1.533748123433432e-05 2.388214474467479 -6.026232013341668
9.148362270405737 -1.270232677459717 -23.18922233581543
-1.359876664749672 2.624490571097587 5.127886197640878
3.515760384799954 -5.803393014356066 -6.027145507447264
-16.77782128091838 -0.1447430877810787 -6.212142374817047
-3.710404500968745 -5.956176722929803 -7.742133812205363
3.56517140801468 1.4843171446034 13.7090937425836
1.601497958485573 -8.440370251180696 4.294011729625898
-4.188396909605499 -0.1689520118689828 -6.027541005315022
-2.516174598117951 1.472621674135669 -5.168135644023618
14.45108518421027 1.302577073903993 -1.309670829612409
4.694482426937656 0.1177586240107944 16.28881961762484
3.415995143944698 8.850755258756918 -16.04178158558781
-4.5934420087825 -1.5093381633754 -12.93703445116853
3.110257957733847 0.9372187659766629 -8.604525583735201
3.914665667400162 -0.360202894631678 -16.39953641912771
3.034643872848856 1.289217950332815 -16.06001691597692
7.523615965305423 -0.2962382949270692 5.483182912134522
-0.8847876256302837 1.485105630475221 -23.41546975410298
-4.602865282802734 -3.24092820344089 -6.8848210967491
-13.82419040358923 0.9815236061896728 -19.22198719516624
6.517663895044459 -20.84120963156955 19.22420082228532
8.180591671595487 -2.587470671769676 -7.908959790158752
-3.374505925310627 4.20699396632599 -21.35791879324542
-26.56043402913586 10.39541917981502 30.54983539175817
1.486038054524938 5.801749237666101 -18.94532343120487
5.861385572296015 -6.808978042193269 5.464533886637196
-17.35538767112038 1.694770648817697 -13.5180644789309
7.061977962471395 -3.218500347819746 6.100795185761397
6.74915751169294 -0.07873591612526454 -0.8211911403060079
-1.772190963312267 -20.17424807968708 7.094748023478573
3.958272733905975 -0.4183919418605087 5.144734428124039
2.538543483481403 1.473274172329315 5.985862576486896
25.3990971271386 6.495037391113824 -2.815148520855364
-1.528154675773351 -3.985888071499894 27.08916228906997
-4.971039493933802 -3.963234861267469 -25.04298878710897
-6.32527455308707 -6.980381775092568 2.566858364120991
-2.318040550745243 -4.299176380244558 -22.09057193968372
-8.847312920555785 0.6224359722641801 -9.915289302167499
17.35340011813406 -4.595169607005595 -14.2719915027767
-3.01860356695068 0.8218303242244946 -7.742753444887049
13.345395887517 -1.234782823885768 2.842852967766067
3.6763367700962 -5.932738724389336 -10.31806852280664
17.69884436732029 -3.081079049545675 -20.49188425803442
19.08921098082156 0.6322388984456067 -8.036187267859091
21.73427310154133 1.622199920388599 -7.873839758588516
0.6340755794975286 -6.33663248865245 -20.5604190130405
0.0003308763486353228 -7.595342187183974 -15.10310502455888
15.50197353081336 -6.975575838113087 -27.58925711822886
0.001895603380047683 -8.37109830633057 16.28367628715728
-4.300605468642001 -1.325201988220215 -24.3796447253881
-7.570726804925818 0.01141266769692178 -23.16932491543471
22.30284104393787 -2.139883873149473 -5.528439315563647
21.04844218935349 -3.92849747300221 -5.970440149307251
21.37062835693359 -3.533115454926683 -8.179642559926664
-6.186072667554204 0.8310222143836802 20.01443190671649
5.383116100452886 -3.795201539993286 -3.11002301732923
21.37062835693359 -1.248802244663239 -9.315222636225048
19.25670225835113 -3.086128543401319 -7.818232555377813
24.59985496106322 -2.288961200888069 -7.840840552040307
21.71786269457656 1.96749990214536 -3.355216589059555
-15.07610505589204 -9.478052812066704 -11.38891798511047
-4.667723171006855 -1.493017441723268 -9.457892285873847
11.44286860523247 -1.245900635641935 2.475427620829924
-5.847763067080743 -1.003621057523208 -2.306355744377368
-9.560639681755807 -2.942010998725891 -4.818508126863502
-5.111454220056345 -6.113551693678179 4.955305891164393
-3.430204456304543 -6.906668147668055 3.411952294893672
-1.472986009401249 -7.887155854664526 5.164508317559181
8.798263869527752 0.1246101616145441 0.245678620340432
-11.86659450898559 0.05718656264020261 -3.846473746829969
-5.753522903437925 -3.363375669569749 17.17881263663027
-16.29720646275137 -2.089611887931824 -7.656166771175933
12.56602877774211 0.2736725295170929 -7.508958986596145
-3.675855783759379 -5.996512100690194 -12.12060813744904
-1.645545132824323 -7.372276563834696 -13.02604509073808
4.073187594534541 -1.537571074672631 -2.255615204112214
-2.670169815908637 1.70236680593705 11.99169882645449
-7.450580596923828e-08 5.195301928560871 -17.49208471337284
5.944690187265793 0.6130857984384637 1.183101130132722
17.89570464897722 2.490700375965299 -11.0908976308308
-3.079220271683435 2.278118120390102 15.42374786374856
-3.836222801574223 -6.05848240536554 14.56575899507218
-3.092242679891219 -0.4785340332082988 -22.78992643621046
19.28454183862137 -3.564169951169368 -6.059230093240995
11.33754438007559 -2.96256959438324 3.731455306981765
-5.065192104315217 -3.30266958503305 11.99185597780101
8.418832898115786 -5.949567944390839 -12.29801097728702
7.476565376398627 4.438692678044457 -11.57818554510665
5.009069441263097 -2.109312891960144 -17.44541365048493
0.8838460975120555 3.437991814923065 -23.88935024390641
-11.80502556425572 -2.899739027023315 2.474617261873344
11.62253768435981 -3.061463048438936 -16.71762411627596
0.001254727842551095 -8.123260856965864 -0.9255626445621686
12.17875764582496 0.5952393694051099 0.6102953718685419
4.478487330381585 -1.540230574614727 -11.18382150479649
-13.45343598467442 -3.662140188533458 -11.44186916826275
7.467676756085703 0.1421765483970725 -7.322411164821115
5.910382288278122 -1.034943492897252 -1.932416533898816
29.00139209305816 5.880232334840264 33.72721752246854
2.558445601520152 1.54323157595703 8.560496061870959
4.991121154373421 -3.707557219256618 -24.74787572579024
11.31993723437789 -0.04038207806042493 -2.401561740222149
4.923348726556457 -3.834147985597018 9.547092084885003
-2.194753639813096 2.156511603228085 20.38077730704899
-22.9157155800266 -2.987237295693983 -5.266367506252708
2.414550480614063 1.941705811680593 18.79671172054525
-19.39631998296668 -16.45013340155755 -2.345251763863794
26.44730382329466 -19.91990252354647 24.80938105097662
-4.192584684427624 -0.3915448167976132 -17.21466213574753
-3.213127934281388 0.304031149295767 -15.50536362591954
17.22830343033303 12.21984993096333 -7.239320491749445
-6.163797708718909 1.051860208922919 -21.37740818284263
-3.836224077256499 -0.528791521908931 3.399105996192513
-2.425536147624914 1.28954125021553 3.41176538139469
14.06681706055294 0.7535153924450082 -3.851361517424759
-5.674353175210294 -0.787732964368565 -18.79460921737516
1.953689163225469e-07 2.540663845393728 7.702084552761623
20.80465764108101 18.25309986164072 -21.50793244245552
-1.467323527210732 -0.3363130583685041 -23.61470115706079
34.35298571479916 -14.13585896763787 -2.43291536683394
1.627401377436978 -7.235001431822242 -10.31748186308728
4.574179413618255 -1.62087878146882 -24.43071159715027
7.704977822573596 -3.490454276682585 -14.61240411302423
-7.052199928404065 -2.91738640524227 -6.435472125716018
1.59862096357088 -7.157436031228415 -6.026992684149329
-5.8488100792669 -3.826927131090221 7.139286077404486
-4.876362827535931 -11.38013352016935 -21.98337576487382
-6.683955210507479 0.1940207724345169 1.773039057893158
0.1106748884611148 0.99613525287627 19.9554378457942
9.484127922268332 -1.552791500632729 -19.00894042571879
1.290016602226149 2.114125855655033 -10.32484099560069
-10.3587643558906 21.75066874268209 -16.48493531958268
-9.098704279195175 -0.5244608501192114 -2.755934923050772
11.06795187559223 -5.809856917882582 2.286409673329391
2.764241459211677 -6.739969913308411 11.99229530490015
5.450186352340308 1.028832751959218 -19.59140039741236
-9.173988765975398 -14.75017511251093 -42.84906498393553
-2.356717282764597 0.4894826769567717 -21.32734708911003
12.36210099168098 -11.92481273427709 3.357485197654097
-10.25331201000795 0.09377539505242005 2.135136165912827
16.71861970550949 0.5678851022014249 -13.70153273891774
6.575736370542042 -1.092026026374501 -19.71954190249275
-3.695924203638907 -0.4476516682973186 -3.447955412434879
18.24337752707584 -1.156510672504054 -7.569404571020477
-18.11980350245608 -3.35660621311766 -0.5350986453811117
-13.97088901240714 4.621279652201048 -28.56625376977408
1.774216255070042 -7.412879305975432 23.36161133183702
10.34731150541621 -1.656976263415344 -4.687719003779736
18.56255918044973 -4.650851200362281 -4.047492124408899
-14.16937052455046 -3.033068109120123 -5.896494659754615
-13.95081307197008 -1.380481026355129 -6.119171734326894
7.303538615337315 -0.6295463172397722 -12.31882878031014
-1.221922351582477 1.849880946332999 -10.32382403778413
13.01889275883359 -4.207444459718997 -5.107236096360575
1.19081741593871 1.904819648272785 2.553719642947048
-4.852736292132708 -3.268574626767104 14.56657056485408
-3.92517298943679 -5.553196618240866 9.262218558403109
2.474670351914296 1.181082367422226 -12.75006275612734
3.227941248627379 -7.240203933126276 2.553975998907457
4.265420888464144 -3.20194340683481 -6.026357311921075
-3.313081423925465 -6.030429544913656 24.17600833291836
-1.396889053641699 -7.517030842371861 7.77087911564428
-22.18694948518379 1.5683209761114 -6.860706793416638
11.75716440092842 8.105893355199353 -6.443499766261227
-2.140751219560173 4.55128715245292 -19.28776811995184
-0.000311676412820816 4.682497712070141 -25.29206909449867
-3.101235267252711 0.7783407401376654 -12.82795194651205
16.87702880390482 -2.090579867362976 -7.387221370015805
-12.82201073477121 -5.281396181919568 -1.066415227643279
-9.453618301202678 -0.8206012782657401 -12.70633179860309
-4.032953412019238 -4.444989698700724 -3.92525727103606
2.35523529279362 -6.147171744762563 -17.4286510395036
24.1352085092997 -4.901019631303893 -11.66328909989638
-4.347610365721517 -4.251476743462041 -22.39393707870322
-8.211814255673907 -6.047949230105612 0.8262886957590916
9.5259971323768 -0.2493454957133352 2.982319512229853
11.16929820557925 -2.942173361778259 -4.989019234678451
-20.30066992367674 -0.364525430823629 -8.384024179620894
18.37721682914059 0.7654348454311908 -4.711232456615571
-2.355233457642087 3.454077378321976 -23.26166118894409
5.475816401183467 -6.534448968865666 1.675933230702823
13.85114711009759 -10.66793810297941 -11.86829513724201
5.345223758523997 -4.534490559387576 -19.28387062755529
-4.275010819449047 -0.1158738229094854 13.7090695067339
-4.470109973312044 0.3112534560129735 16.31641232901283
1.666534333702342 -7.366724848875423 9.503129832235206
-5.830135948999697 -19.52337257265594 19.27961817636104
0.2671920146840918 16.27923168181442 -0.3042777564410206
3.314346682776184 4.198857953877969 -20.53032644317588
1.240889183043879 2.114589275404707 12.8497704127429
1.244855123114557 2.131614226540759 15.42378737101609
-2.894721404640836 -6.341715669607797 6.034841909970854
-10.76998936545404 -1.888654316002852 -4.745813334201863
18.10955089820256 -3.33056917484486 -0.5506371678792894
-8.864222746437694 0.9936361648086041 -17.00681589902842
-1.123015536348342 1.613506303543637 -7.742161703008972
12.7479290037962 -8.350877103606926 -7.758858289672636
-10.05291014771924 0.6903509346891701 -0.4488295968473719
-21.53450334823379 0.3883772933302505 -7.72560193424519
-14.09929928353319 0.6073772727632809 -3.826645944087335
-8.233196076577997 -1.270231425762177 -22.04969880604186
-7.545691158981021 -1.417788568562489 -20.75732720784535
-2.558168461598574 -6.438831034289207 -9.458343198831365
3.123949176160561 -7.239069108519521 17.15365906565542
-2.47573619853004 -6.466404241116853 -3.886035954487589
16.69618458093132 -3.475407113281865 -10.89515386696741
2.175563370387887 -0.4863528907436716 -22.16840227058958
-5.749112244113975 -3.308903592013549 -19.24599758378338
6.479429231279878 0.922799168346354 -22.68394840552671
3.995839491688884 -2.824717047213462 -16.6941260288939
8.810125291347504e-05 6.452046874187142 -20.26149286884114
-2.077743421672385 6.52874323652849 -21.13086444328499
-0.6608628076295082 5.562270595007197 -19.09761677609014
8.195638656616211e-08 3.414673655962785 -15.27734301731449
11.38482841228666 -5.294161552877825 -9.819083707129387
-2.075741135456364 1.559865295797533 -15.75276237643964
0.002401518315768014 -7.752781008279311 18.87069933811498
1.306310985227968 -0.515435081206858 -23.42755197988118
-17.54082103341669 -2.122898340225219 -1.257562661745819
4.792311001524877 -2.537585535201805 7.342871523665524
5.775423631599921 4.780365388466794 -15.45410184437306
12.26781948095321 -26.85843826212165 -23.9699710075464
10.089591289586 0.7048340798035555 -19.85869734695828
1.68983214424221 -7.398298575573525 14.56580357493821
28.71759167123511 -1.08486441378005 -42.6622548108796
-6.635462852475204 -5.487763081338112 -6.310637505953899
35.76697839116407 5.691654726722525 -19.67834126395172
-1.36182135241863 -7.381824691479335 2.555022307254039
-7.272252347515112 -0.6360281485602293 -5.102757077577306
1.14996727211737 1.727950573285307 -7.7421742556263
5.700094015253591 -4.250687535739468 6.441302208556342
3.661550754521893 -0.7809737365742844 3.374987582309473
-7.62379061299635 -2.851294821283842 -12.41853834606622
-4.792258931594897 -2.537732707361175 7.342796267889289
-8.885255816904559 -12.29817810889143 5.298545593517829
1.807393297466525 -3.794585466384888 27.24119780925949
10.20621550196748 3.545143812772834 -3.634448351692355
6.975609303795187 -3.377714347229329 -9.928441143044347
-1.521630601608385 2.031535607395727 -13.68585013560163
2.310520294456189 1.159138858442678 -1.736348670751711
20.41613756735435 0.8727917174736874 -10.08051902976714
-8.231745538618187 -4.089954479789632 5.10775817498952
-9.3655607216051 -5.519448340748534 3.46267848391297
9.48268525670526 0.3992399691155173 -16.58120749320875
12.25827830218488 -0.2587253160303022 -17.09903058221499
14.31933582393899 -2.401267070432233 -18.38950877014664
15.23611756725775 2.056344495941257 -16.84454320521157
-5.05230296908249 9.503516679602493 -7.762068671468317
-8.036198348245275 18.57151774866942 -6.543836191793007
-3.494415127638652 -4.849894769476411 -16.87098437475139
5.469752416501187 -4.95748528433606 -6.853344895415495
9.526517535305761 -4.555093800976374 -18.38511827459078
-3.967458401131275 -4.685155468257546 -13.87119705856533
-3.041965762793509 1.002249387436687 18.17246752960193
10.44075460048013 30.2902466688402 15.36812041321088
9.604800126604919 -6.207935359104657 -1.880266834560887
25.74977491239997 -13.60407544045527 10.41582494074551
24.85335869668731 2.454579884477439 -12.85012781385911
-6.456648705401888 -2.159269218749013 -19.98078371116209
-4.609966897002304 -4.04414969864387 22.0807676937933
-16.4455825953307 0.4767012006283218 -2.891752005441848
-9.297726753742104 -0.8202684582370854 3.909385746386242
-17.8991377976554 -5.501663824441174 10.51312576136534
12.3831224901476 -0.2944493279284084 -4.619487523013177
-24.22838133981328 5.9177609662193 13.76635130086255
10.44585404582372 -3.240917092537089 -20.35870570292877
2.573204781059032 2.279827828346791 -18.88757671622879
3.700696046923291 -0.442437940831458 -5.171563260668766
4.108868294447252 -3.691179579524712 -3.284301960241409
-2.7224936487513 -5.676879454682372 -14.94278775888744
3.740100818891797 11.49640598005973 10.5166036091694
7.271462955606356 -7.710019376603819 -6.520794108051406
8.466941265140127 18.73876334483573 -17.49195433421081
1.141052693942484 1.035139665133959 22.16773680523962
13.09664907306531 -5.188314155102964 0.3518502455331373
-0.002590878596744339 17.58358705898068 31.12819380147351
4.362607672761002 -3.447903682951262 -10.31686278231323
1.14005570540307 1.685996733873012 -4.310159981361663
-3.999285686477951 -4.680889590328296 -9.458229594792773
-12.57532018756899 -3.820476321393585 -25.80315286706814
11.23720076969626 3.200302959698087 -8.970188489055442
0.1978930215911144 12.96617347861038 -18.15104541401517
1.577835371437906 -7.35798446342266 -13.07271207269029
-17.25996795913353 -4.640903409219234 -2.458552181782804
-9.067006910084364 -6.67528272361001 -9.44374557555583
1.653258739176329 -7.254235829819743 20.67435355304606
0.0006558213222455089 -7.412570794584012 -4.391950370592969
6.602683614111065 7.92384833837423 -7.677573800650773
12.28836512089104 0.5012695132713028 -14.29184938877211
14.10160085933167 -0.5401432317330744 -9.632380701811487
-5.342961671838403 -3.707245168956312 -3.034560280251416
-2.32442921512103 0.1827096024170063 -19.21334520137227
20.60270460161949 -1.087683684516679 -3.515015547327372
-18.405655988193 -1.39756662279159 -18.93031771781261
-18.45639969172435 -5.064079020480435 -15.6789141257859
12.60792355509724 -2.045764119287256 -13.35481677341829
-11.70330746120331 7.16062865940798 -5.133185858897697
-8.141462324620854 -1.674704182800481 -8.428390605093242
1.443787109516711 1.612662133684359 -14.09296765004465
6.393953181229875 1.836297910466768 -9.55316952852349
-14.75709825477371 0.2692692105070833 4.902315939922437
0.2034346906203064 -16.06476025572226 -1.016877795657022
2.335903043402731 0.3071507937982832 -19.86378632464225
9.201467037200928e-07 2.052294992935885 -14.34570607342881
17.26805215266404 -1.614569861710467 -1.087796378805599
-17.25787072194204 -30.03370580032643 -6.686665006403285
0.002706948317314162 -7.465270298231225 -8.600185379358061
-21.37261581420898 -3.448407111564284 -8.153370598278697
-21.09352376976037 -3.709189489165765 -6.103336445013474
7.402040159991332 -2.964436556055945 -22.17150131421979
-12.61985392268745 -3.896653587827855 -18.50243526268493
-24.02269019502172 5.300468892520846 -13.73354873806271
-20.16867523372197 14.36171705562693 -11.62360475086365
3.289007305208361 -18.54037687840955 -24.18093494469567
-3.996035072226527 -1.744729555079185 -2.065102280688514
8.68211724280725 -23.51701971328002 5.417361170867862
3.652771480697542 -1.079702359018756 -0.2862817447293959
-5.293780611095006 -3.98476999421998 -20.58444170359583
-9.5914345250574 -5.685332900976542 -2.0570708310518
1.43623378238843 -2.046273767948151 -23.8804467070787
4.063326953077638 -1.655784783295765 -7.744149621760936
-3.821988895372716 -2.190264349702524 -16.36701048018267
-4.330780651768498 -2.990518210867303 9.617757180329354
-9.792777757001076 -5.524980403448322 7.880350839882089
-4.434835551672707 -4.849964972532796 18.91928913106639
-6.994125600979759 15.13839281683095 -34.18700105698218
24.54298497718051 8.433342609582745 -20.9238544023568
-1.175910678087417 1.838515095262058 10.2758089361512
-1.175980392432652 1.838715792712891 13.70779165124235
9.439258696515072 -1.118486110880609 -3.40948132204814
-1.802774357217308 -1.207520995317661 25.57387473517278
-2.925572463646962 -4.336336917627573 -19.15205052200741
19.24205845049229 0.6896968300423513 -6.026363623836578
30.29180372437101 -7.721595168441912 -5.767122528612706
30.90976344980525 30.58972852924079 -0.1782966739128982
2.933894003497853 -4.350154405280772 -19.15999853613009
2.882622941085513 -6.304414947352202 -1.904163354177177
-8.323928087452646 0.4563297885155659 -20.96682497917225
-28.77116614361348 12.12651402866388 -31.99101465918049
-27.35806335025285 -2.762804348418633 -39.19847466896672
-6.423877845898048 4.517806097498138 -9.947484421854391
-11.1403212914398 4.748315204037189 -10.19860747244116
7.693971166284887 -5.388330555717415 -2.500227132350983
7.448592909271956 -5.568622335543827 4.639182071254189
10.42944422013205 -3.053214800170279 -8.24103314120492
-2.787807277866328 -6.717224460669431 18.88771072986439
16.35231150322218 -1.241655600222099 -10.21480023668634
17.97577696703297 -0.2311592790758501 -9.544661484662635
3.330004687990559 -0.7320563727475918 7.603772989695496
2.512669096585983 2.660075474341341 -22.10340978998119
-3.73120225814117 -0.4191422225481698 -11.1816710945318
3.128455118921039 0.1751804739171352 -19.34198063221996
-14.89170109218985 -2.14022159576416 1.024525116937614
-16.15802908961185 -3.143972233053623 0.05988414579057566
8.810125291347504e-05 6.915527098648456 -21.46889814620836
-23.12163069124837 -1.310121256096886 -7.781052874878324
3.71774032085378 -4.546783052758341 -7.742126584909007
2.352417718901464 1.245262670822939 11.13367216826087
5.896487083495311 -0.2820216325310627 3.610039915860578
-20.09994016811215 1.496834563256362 -11.34710604707418
14.93953606958734 -2.140222191810608 1.319556781345882
-4.213819012243425 -2.581100967489307 -5.06230495108615
-4.422145478406505 -0.311739800514518 -18.5564771137644
12.7489022158429 -34.56573475938217 -5.70443571565093
-3.70004013502773 -1.047532619569578 -0.2910794989459776
7.291387817863011 3.751777438461165 -27.20996356264702
-11.36425996818489 -0.9206214798002472 -9.550773558876138
0.1647337868143588 -6.339327469964555 -17.22583788437874
2.691833644801681 0.4585049205759917 -10.32751429678316
0.1154679192677187 0.3227472083900027 -22.68329922686043
5.864060471777318 -2.864855560134471 -23.76469300355228
12.8717246028129 6.317665005702319 4.910918996936643
0.001117208579802521 -0.8726002082330097 -23.68785731777659
0.6456412034801038 21.10190882998574 17.85199941582392
1.37133360091956 -7.416158665711796 0.8195919893878403
-2.583549440111008 -6.476022437211565 16.28398753009226
-34.39344550753849 17.07246682302684 -6.948041038622251
9.071670844966478 -5.380549007858741 3.201195312223289
8.246077150777479 -2.982921361923218 -4.241409389674951
7.718028430295083 -1.090048853855958 -2.250650111235426
8.522049409072979 -0.72028668605649 -1.375333136685215
-3.76365562119907 12.36781397685824 7.493335276163318
3.148882916782797 -5.548575639415922 -12.09623757773623
-2.126874794124718 0.9256100260822582 -3.452572738287062
-18.14574244226938 -1.291348516941071 -7.803354287752182
-13.5067910482148 0.7924536028506317 -8.214717346098295
-10.9898376270468 12.55362322080226 22.78268487009993
-20.51700517775657 -1.358849227176324 -3.673921048350763
-6.322262564220098 -0.04198374842085384 -14.44865747754241
-8.484021493869918 -0.1601817893067274 0.8703770906332738
9.601207985701249 1.596913341462338 -12.95652741199578
12.00796696828955 4.558656851145386 -12.48420299462582
16.08230542572502 -4.801275116048748 -2.139631892075507
4.803726374230852 -15.19575048369702 -11.33098315708028
-12.58957468730345 -4.531134515715911 1.418727311715774
-10.67011172952766 -5.407714981212203 0.9874653992910625
-6.806726671141826 -5.26899364521927 4.173708066408232
-7.533152448838671 -5.616999204982437 2.406781164966964
4.869318547964816 0.7477026874082762 -21.63872412673279
-1.529654630627662 1.593796400502964 -28.99357891125367
-12.26506744934339 -2.165427684783936 -5.237878173499562
5.713738517669457 4.979487608188744 -4.550531914414754
-10.03569489845813 -3.056546320934287 -8.025671657420439
17.95790250420246 -1.603539635928349 -16.67264054383995
17.16508036295386 18.72475224543226 34.16850802402144
2.135073133659152 4.811362202662528 -5.298170699781148
3.642231831499225 -5.423873838388395 23.09396013215627
4.351640955936461 -2.068671562617908 -13.8169209155317
19.39602439317722 20.23946475805085 2.080629556845325
8.159089004013673 -5.899233120605509 -0.2006869848119664
14.19629828726451 2.692050853852384 25.06300420721631
-6.488102577202589 -0.921054603273412 -20.06550503950919
-3.805164570083684 -0.9947613564782312 6.763977391025639
-2.691360268995625 0.4246478446034692 6.84124087641954
-5.900853525045586 -0.3617631870760454 3.602388934487145
-6.733608919935993 -2.978238802340934 -16.56811472705217
-8.173110322481813 -1.403368110002373 -17.09320040171344
5.197437658679627 -11.70858275877191 -6.329387840007008
-32.55227703515317 32.33481301283409 4.864752779660892
7.816101592292521 -1.732393736248024 -6.144783184584533
-5.522866584851389 -13.16383353013095 -13.56917317651593
-1.402752300877844 -0.7344325751350347 22.56175895357035
-2.444844516595695 0.266619189353022 21.60146585096071
-3.877113924117837 -1.616063275765817 21.68021783021656
4.601830581706971 -6.24910513712236 -0.9743576268485992
9.458963031815509 -4.557637194685249 -4.297592720260967
-5.767383072434272 -1.325201988220215 -24.77386681435717
4.878220871543597 -3.274220902260167 14.56658458525915
4.864501107383497 -3.26881259346308 17.16857144514425
5.070935736880969 -3.086791305189305 20.08878990511377
4.113777803308805 -1.538832359310829 21.73822456684162
3.538272875759652 -4.280092397921163 -15.56459177405051
6.95741054648698 13.75511922475089 -12.00702324459435
-18.57099890141069 -0.9472329475584497 -2.168536754667122
-8.862052067972385 -0.4653392664586035 -1.147098821039612
-34.48252373636983 -23.22118415921441 -25.51050808044489
-6.130029162067015 1.584584749680859 -5.894432190962756
1.802701130751338 -1.207785282198083 25.57366145358968
2.645057121169016 0.3575005890389147 2.554824341973969
11.11221092038406 -1.387003528186652 -11.3860834288566
-12.99780248100688 -10.69221313196623 -18.34128157976613
20.41613756735435 -3.053664114997075 -10.08051902976714
0.5896380169500536 3.717490243999091 -16.66270436836334
-13.38030438450181 -3.934591255839159 15.46103233579097
31.8841077900424 -33.45886578156215 -7.961866892400677
-18.72707277627368 -10.73108451474119 -1.339476133815631
-19.86452080241023 0.6509961596248319 -3.763956610842917
15.4152614395555 0.9469595291222646 -11.40956420569572
-1.410783944823645 -5.755508587308298 -19.03352203887405
-12.82121512093047 -17.73033403574756 -12.69327376200504
11.67230391120874 -2.957010532487293 2.26002385093981
6.406711648109019 -1.710189659511188 -7.573698621998654
17.92175342854008 -7.681242086641856 -11.79633141131722
-18.45474711159977 23.90210774097628 12.11250529336751
3.851227845934051 -1.583856194929036 -16.76765144619199
13.67206784879151 -3.272942083149025 -21.71788194727622
2.940159169552936 0.5266614287255236 20.56919809870476
-34.86362420458089 -28.35889697471621 -8.318740899461581
4.340970421029819 -4.036762028450237 -22.54364210982435
13.38742919587365 1.663182255444819 -19.7155088586534
7.09352954285143 0.4053141918568872 -20.78445911479535
-4.039427455720945 -4.698820156488412 16.28371182041952
20.24401241097526 -1.248802244663238 -8.187458639319384
-5.86437977301629 -2.864526980157982 -23.76415161293105
-2.928263824804269 0.7244532293027808 9.416847564668004
-10.04733796980361 -3.386909313438723 -13.91405599095784
-4.438834297984855 -5.531777181517091 -2.191306628650651
-14.34074354373694 -4.692135322580102 -1.792955793739615
3.374458579933948 -0.633257379593902 -3.448689380126657
-2.121076701658597 0.8634754939799272 5.127795005511214
-3.983575570682234 -1.677446386728836 -7.744058803998723
10.68115741648116 -5.465808527183897 0.04586377846453171
-20.39167114811228 -2.319192546890787 -8.452016008829185
-20.26522354605265 -3.426282589448399 -10.52740042244223
-23.91496963105819 -5.982689602878833 -13.6931205487616
1.614786379267072 4.721657960931919 -23.48091154455825
-4.704404783416687 -6.289406838464602 -0.06966062767199166
8.212716332408389 -4.055029281877879 5.077766936061051
-6.138843209615404 5.357827561341724 -4.532805191745796
5.110511954902543 -1.663326966766544 -5.366956187040445
12.45927116018599 -19.40529160928942 -13.41521610094925
-22.68383632056225 39.50465414980281 -9.786521918509091
2.820337761757709 -6.012576396481648 -8.600201776544278
4.617402709675972 -0.197475884109471 -18.61260127769552
3.583553668972909 -5.857058841461718 14.56575702016914
3.833496357741845 -0.8187732633841677 -9.458037725150335
3.048345358758246 -6.766772713237067 5.156821125541088
14.4564821748601 -4.558079065825089 -15.87867405134494
-7.392593704658196 -3.715969961145077 -3.144456983441362
-2.383643122018467 -6.120712437531895 -6.028143472970522
14.42913379235724 -4.748658614159488 -0.9858062175047972
-21.98264940185193 -16.00525464106014 13.68844359073172
-7.565340705283374 -1.346997730117368 -3.431826474598364
3.43681835124046 -0.2548179588331959 -12.04680807206572
3.532249400872655 -5.766184124720875 18.90470859310867
9.970371404943259 -3.156739545082385 -4.19504289483593
-2.349937581721694 -6.918464216699297 -0.9086301891409396
-6.935863733105854 -1.085596409558236 -10.64781936882138
-2.932462354745164 -6.228341709519052 7.910791888268448
-12.01288060225302 4.082290213367023 -16.63410217081535
-5.950369204319809 -3.03096704292691 -13.95454096803264
-7.75359522596672 -4.770856309448668 -14.87392933876979
1.320627959608527 -5.602759007998101 -18.99476253902101
-26.80374958260755 4.189403965834836 -0.4852615967333045
-27.85198839399134 -5.500626092699954 -5.279053517918683
10.87161395018625 -1.07492269891223 -3.600278620409755
16.39285171205852 -3.747211107290047 -8.740244002370416
-12.57532018756899 -2.580615277873498 -21.74200577516611
3.295525180606703 -6.405086293768402 0.834808427056892
-1.302880028297067 -2.046273767948151 -23.72626562656757
3.943632205560681 5.55892424879708 2.239916968033677
20.66883109223896 -7.9767627793209 -5.277950884380692
-0.1594112044953103 -0.6518611457322723 23.71109844025967
-4.3673798136733 -1.5115265032456 18.11879489346352
-12.81638350257567 6.161385324953008 5.461976314668258
-12.27469617916218 14.5632648922027 3.853101320436516
14.95730093510897 -13.20683023677787 -22.59651392993848
-5.970716984006768 -5.239366856463308 2.928083420771555
4.963767207787731 15.13839281683094 -34.18700105698218
-3.254600213048179 -0.2394437594626817 -1.731687683269438
7.924083684873517 -4.062254656176444 -6.524757724176724
8.15588762342524 11.95354132696629 -19.78049819191597
5.935500494238159 -2.610692007194997 -3.02453663667049
2.678329168599019 -5.249141490989221 -15.13998202008102
1.289513087643841 -6.095204038940675 -15.30597889276401
7.008802600537405 0.7449061785764859 -25.33563463210598
-3.395271472922329 -0.6321848635909305 -13.77724695150489
-1.167515355663051 1.826260877322771 17.17852192410287
-1.621991395953093e-05 8.407959812388837 -25.91744793481391
7.030147420684886 -5.772203379167138 2.574000480862126
-6.609456331648891 -10.18740659005399 -2.180487418293949
-2.490207906197793 -6.341466624055689 11.99104732918573
-4.208949590135987 -3.267798734498715 -8.497037270439151
2.472426715056482 5.521597287969376 -1.487055572013686
23.99313606453241 -6.829426909935989 -18.63027734877247
-1.531958392121955 -6.958378050891298 20.65892332766058
-28.33218850845206 -7.602614106302598 34.79739856097872
-0.3329537103446567 8.509269528923113 -9.1998632273803
13.57034234386668 -3.633302122029483 -8.083516816274576
9.369374185372347 2.346824069683683 9.288861671435175
-2.406674625132006 2.568774695515162 -18.58886511947765
7.166949666868888 8.64530784711901 -13.39780417423404
-15.12512605290713 -4.192090646994543 -4.982192818916362
1.279168610759959 -7.052320272800421 6.021721646895615
-4.35505048432203 0.1064839769214114 -22.52522393444183
0.002617359046453993 -7.396619210904203 12.84941324398412
-2.240507233052876 2.505337764573792 -20.97126427069787
7.574778287493183 1.958553493595041 -4.192160616113393
2.633174197264792 0.3419672956724009 4.269399951761333
3.731871555416808 -2.930236570629986 9.505378831109514
7.264864624364207 -0.9774407455309815 0.327477948084242
-0.4693418514146028 -28.14208435426175 -1.961946137199521
6.844310272824451 -8.514010081373543 -19.86267165703334
22.90660560552204 -3.053664114997074 -10.08051902976714
-5.248173467429295 0.4632961277982703 -19.95952639763227
9.255535629994572 -1.671905105566122 4.117952925181632
16.01709226406986 -0.7395673103840088 -6.654944873515515
-6.229749216841824 -7.382798909851125 -8.642381556492097
-10.97937135280592 2.908340165233869 12.71477934209912
18.67577883359205 -0.5079442750507868 -2.288650435090744
-8.928347793458103 -7.521451702716924 -6.279818171324925
-11.36038249063162 -5.125963190919406 -2.766541748120326
-6.100943683289056 -3.867601987432287 -22.21783086979855
-7.140251554161554 6.325071783906941 -33.81501544914801
6.065762632207444 -3.611545006811775 -22.21041755311853
-2.76469003571902 -5.837843508073517 21.86480607482459
4.182324831576079 -5.913470141180261 7.290295166815001
7.973996165237272 -1.627392362488385 -9.685226809551946
-4.363504488732048 -4.177846792329758 8.463939057262206
7.757268585709947 -0.5151113088889738 2.571950517919809
-3.836713282709725 -4.605719672480752 11.13423987800247
-4.323030917281583 -3.651696992410463 -18.88966674216032
-3.303764989840532 -4.642583866497186 -6.876960227225498
-22.45317781216089 -1.280496299266815 -4.771031156180533
-18.08775056007093 -4.132284393560545 -6.169392075806744
-14.07366010721171 -8.886024898100171 -5.652262401862344
18.16187920986925 -2.242508334728293 -2.115578441158503
-10.2142529933464 -4.605864483727342 -4.185197865168439
8.186508403993768 -1.270232677459717 -22.44505438389424
1.695951108534885 2.606857157787013 -16.9403663104559
13.88872808958461 -9.676555099987667 -43.69627957987238
4.65161623204335 -6.117680569241598 3.436829111078603
1.386621483486816 -6.59170645907535 -7.742187849146601
-0.7847015865957907 -8.036595424957923 -38.11160561862301
6.457587611308917 -15.70474411709068 13.25734493030901
0.00764553902783264 -12.17958699960129 39.93477382489612
10.28741042441503 -19.62942707881994 33.09204773019032
-7.216739512637286 -19.59521783989585 32.15511891973275
2.852451982542167 0.6218006870946269 15.42477516663239
1.402948552558999 -0.7340236451953202 22.56194315854425
-7.234127867886166 -4.904191617990866 -10.87865283229709
9.055591113568285 -3.721722875631476 3.926267664639234
-8.474131550324774 6.592910032015999 1.715705725773316
-0.002142807012914416 -5.010760844311001 -21.94678234962821
17.15859985351562 0.00200201262597588 -2.450176047286855
15.97779688432443 -0.1140018278120325 -0.8212866205825832
14.43176417517444 -2.691646221508387 -9.941847387450419
-4.689865954414627 -4.084924702840457 7.154747841709373
-3.944986822940819 -5.638736883692246 7.056998841007699
-5.959946288299151 -2.149542293050066 -5.228289762931476
19.86318281111876 7.544302413765315 -33.49218089600502
10.5545702881608 -0.9639289198247252 -9.129250296727166
3.766040611457054 -0.4060581396015097 12.85165600903894
5.043892591436251 -2.584939502435522 11.99538312155166
16.41965056773289 -4.59123788429303 -4.622873649382645
-38.73349313260855 5.271258765712881 8.725347225735348
-35.70282346047725 -7.941218388644272 11.94058933520477
3.430590044724385 -0.5942249563992792 9.41437637122954
-2.714564086184031 0.1016912651995385 -17.03817612161012
12.67513139219268 -3.794751661051169 -11.46680012244533
10.36172706335508 -3.543756663231444 -12.66551614512169
3.981202350967823 -3.187051482993164 -12.06516224552271
10.5121847040149 -2.649441829007823 -6.561580643996725
11.71320296585016 -1.649723759289563 -7.682870114263956
-16.36932197601877 0.1516138900069965 -4.504259672544041
-6.393716179595636 -3.163471855642382 6.08198529907133
-5.845426396515943 -1.308386123285311 6.267633379153247
6.457700370907798 -3.723169591750055 -17.19372538605366
-3.981414317457378 -3.186835856362548 -12.92662143784113
1.059528398464187 1.345637486126287 0.8377146248619892
3.677761310254754 -1.759031180215979 -6.026763758795883
-2.777617522810151 10.01102560925677 -19.73008280604191
-9.025492709482359 8.918591229197606 -17.62875491394836
-18.38213449192009 3.81216436694931 -21.89703587134088
-10.5834493265712 -2.328886910472334 -16.53924158452657
2.216787311604129e-06 1.60527674224937 -2.59422903582242
12.14401959886884 -0.7858633570259745 -3.178593303787178
-0.9359378789319094 1.353684090809026 -0.03004716344653151
-0.6555074692845176 1.458721571969569 1.645969691627901
-15.28948943427804 -29.27747717412037 -21.14338642500539
2.929967952256046 12.93112447140442 -5.692133157182662
-11.9533509535083 0.5989521415297294 -21.84113200572606
4.773033033773973 0.3022635448295801 -20.93235608017776
9.903688048807069 -9.744628462577779 -14.48786649660651
-15.13479248759552 -6.050591925744187 -9.666001579978722
-1.276990507090426 1.285896750270956 -11.98103021227666
-5.249957904382265 -11.79870236990492 -7.613243441321061
6.586076670092394 -4.326874681109794 -2.655042429879976
-15.23761558514327 -0.5111439381113281 -5.753765699239464
3.221805532629966 -0.4475557943992018 -17.56177765861685
1.063386071865293 1.362292297419005 4.269815644932063
5.161140980232072 2.24507427949287 -5.36991104261419
17.3580729200374 -1.082291745454016 -6.68833909669886
-10.23511154443243 -1.338405355298027 2.882565939858153
-1.62199139594893e-05 7.514425854634344 -23.21480974191158
-10.74893568932002 -0.240574282905315 -2.099459900341986
0.8164615249955808 26.50722978466485 -6.343451875224832
6.635966512041834 -3.488951153238109 -7.714460150072833
12.92947933200115 -4.586260524324036 -3.530615973829473
11.8708224016879 -5.420129339563062 -1.680487909379175
14.33808892961212 -2.176856545239787 0.3135481466302725
14.34957005864341 -3.711338829524855 0.143480108129667
2.81870601394478 0.001182674423914509 -14.65292811346901
-2.771781487306004 6.974439634617121 -0.9331119615851149
1.459884774580134 1.09752907949158 -21.93316307598677
7.382167445950672 -1.86038241497791 -3.296140418602278
-0.336179542880342 -21.18706805958372 -7.908705191160244
-8.242207709716727 -2.158116369144444 5.111951132663325
-9.406424275465238 -0.5261445653351458 7.543789762980943
-12.83811471941308 -2.689842310170778 8.980782055564761
2.926851250048708 -1.417632357989482 23.6124497426285
-3.174147763944468 -3.143786656728112 -22.94050540891326
10.34808813155681 -4.297948201977963 -5.849061619627631
10.58036929858126 1.534503664187629 -6.463674469967372
-2.704139917785088 -1.582094076115848 23.54023291923072
-19.35531751731734 -2.280911000657303 -30.66951556642972
-5.442546990016078 -2.108773708343506 -18.73410888030809
-8.170374135263302 -3.782628311433935 -8.770292655037386
-19.70436880914885 -8.410728632545659 -12.39143067685107
3.807228572148048 -4.590950282004186 11.13419185902708
1.813804509036305 5.117448429925681 -20.47458049619368
-6.180166111811817 -5.70917769649191 0.8168868773798417
-16.63158784231157 -3.796722203524995 -1.452482552710454
0.9652252400316116 -6.808845471055565 -1.817030108150416
-10.81991107424745 1.388628430557187 -8.154558444234246
3.72957282197542 -4.012300261197466 -20.72400473030118
-3.227068999401223 -5.160330558777071 -3.033450264429756
3.789490835444674 -2.749792206955748 -2.918607173675075
17.17315253201902 -7.86168892682505 -8.950833899121962
1.044454998794207 1.440967704930295 17.17000932507752
-8.611444000534123 -0.6503705090149594 2.363019749965179
-8.307416455835719 -2.982832312583923 -4.125461724471299
-4.061683543151064 -1.66047736379603 11.99404187392223
3.777445697415188 -3.142292989933714 -4.613372814313419
-8.481269933869084 -1.028444238064482 -23.30838718401274
-8.240003287461553 -2.257011288296372 -22.7128670942027
-8.259816374928242 -2.331035402386618 -24.3304898835644
-2.982549969542875 7.057377359625931 -17.51912485571398
-13.70191906904186 0.2567059240065006 -1.465271228570678
-8.343361803541566 0.5732696781894577 -7.545042567907749
2.052798763115072 6.513644084558189 -22.17137558018556
15.36505847445924 -2.127156257629395 -6.601891695742285
8.065273492754855 -2.904974280734272 -12.31343875938237
16.41756452971822 10.18163378451653 13.46911181379911
8.546402322402955 3.493581305473883 -16.64790802896551
12.89876036238078 -14.9756559628452 -6.839085041980571
15.30907009533661 -0.6282853948625369 -5.438495142706865
-2.289256712400782 -6.051514562601571 -11.18683338014631
2.881414903815705 -4.380607230849195 -16.7460557673926
5.655493084386377 -2.99022206625506 -19.30536610941841
5.404293656306813 -3.76009386719725 -20.68477611341523
4.747188799693154 -3.409447487607099 -18.17157692600068
-11.09950019271347 -45.11210669430898 12.08775255760673
10.25115699149577 40.92422241066643 -2.889654032128018
3.658116907166222 -4.446358384515699 -9.121997505890178
-18.33568553627817 -2.100278735160828 -2.255805179767799
-23.69513579188205 12.44336586156808 -20.97554430328287
-3.311106103261682 -0.6658346518987011 -9.460185037141365
-10.85433746151786 -1.02138644966045 -3.63065157864583
-11.03706166889752 -25.28961724431798 3.908865437402414
-11.53748236911766 -4.395525287019955 -9.757261689398039
-9.851493320670787 -5.256840211760575 -11.82971366026461
2.555011946295461 0.263719713194694 -6.884499708346146
23.20424561771859 -1.248802244663239 -8.690789395916124
1.446941690550959 2.855600808468945 -22.65775759449989
-4.618980459111895 -5.916947037832007 1.687200249634087
-3.222835532569776 -6.142483339246487 0.8350844523147056
1.115680190417402 1.161010589501436 -11.92321284680723
2.471698300828685 0.1710684501102764 -4.313128746621289
23.21777111148894 -1.241912841796875 -6.955561009292937
25.85666067693234 2.280246035909341 -6.357158059232355
38.15263258643402 7.782722777330077 5.742298513554212
35.65845718883214 -3.692213557044855 14.34113348078079
14.79272742847527 3.914744823193894 -3.284806750605846
23.64086539557412 37.9990619119181 -16.30623596051854
-11.95133981392669 -4.702499473684962 -0.1690554793853144
-5.750848322333113 -0.8772246842925577 -0.2699657680031896
8.899172753430161 -0.85677126700678 0.3084764161083164
-10.79680960097479 -4.269688333189078 3.331536773458012
-5.998459873609071 -2.343846918485307 -8.121286540781878
6.336815779827497 -1.169275489471563 -14.24402806136348
-2.295758924840267 -6.032066855149705 9.282258357594463
-10.69969058233958 -2.543061274779534 3.075447670950291
-9.714170466792913 -2.962551474571228 4.054117419821656
3.273723198360659 0.2522502797867525 -21.50181488854012
-16.52640876818424 -6.311758542732177 -21.42465062473412
14.80596394990807 -3.207430770573231 -13.77785830604506
16.89684970264535 -2.214413521543944 -12.98303701556421
19.59006369555981 -3.342924892752637 -12.86869819427953
12.49150520050187 -2.75072812439906 -5.103022595336141
-3.631807784012041 -14.65627931977415 6.640390799294398
1.275684789592421 -15.05628013072318 9.976157848688061
1.005544352066429 1.115618319180123 -0.878352739973455
2.170386874142456 -5.893127768269641 -4.412595643832252
-3.59871384427745 -4.491109749635975 12.84979547466669
-3.624880793348678 -4.503105489145476 -11.18129774182337
-14.52047345098859 -1.398000141998752 -9.896350092902585
-16.02445895007925 -2.132063517919318 -12.65888522873261
13.43198746052447 -0.9897445115075403 -5.496504628265044
-7.855122669098473 -1.325676338040084 -19.07534822319833
-3.9480060172012 -3.091898603427968 -14.69548177836587
-4.815323129684312 5.108096598675345 -15.55004330588109
-15.21783737466014 -5.338419364283735 -14.10800494971885
5.034262691688027 -1.414954466525294 -18.1564392868777
30.81120937438991 -26.57514646526368 -25.6219018030469
25.54298490725571 6.878713672467907 21.5126229564309
21.73385938180702 -2.765828712456298 -6.965541284025679
-11.54802532277009 0.9388514416319156 -25.52365278786049
-2.447166384454957 0.15791230367656 -10.32167937203642
-7.308179760817362 -2.931888188871951 -21.39845261964916
-14.9490132667515 2.962280418689394 -2.209206961955613
-17.0453605467623 4.115626724459625 1.592580161031898
-2.561243419028328 0.4008869290927822 14.29477889552617
21.9767188271044 -1.028753981461461 -3.970998595234571
-7.041317082748198 -4.663538603226645 -4.699561166716902
10.16877546995096 -0.5550985014306555 -0.9503019434205328
-12.23319512148107 -10.21435544454832 -24.76495781565162
-8.237489759981392 -0.5121654200757962 -24.89317236305411
-9.1863596135279 -1.762667693571218 -3.945031341796732
5.407844652455122 -1.240641348851542 5.64055475012216
-10.05839532721029 2.485178317128741 -12.44970477244972
3.298864689556789 -0.6658828215706507 -22.61739722471443
-16.11378986053565 -1.100056221643341 0.03938542860542604
-12.2374798769805 36.8473286088625 4.522141315397972
-6.605566066036927 -20.9253788707444 -32.69190067365744
5.668842931122976 -6.225588698834627 -11.98118048022904
2.627442599090629 0.3402103611377028 -0.01927713558285771
21.14949810359418 -0.05434926030341908 -8.462731474381355
-24.25381611016247 -3.684248086380423 -9.725478168030719
-18.71161252745193 -7.000009199908959 0.0503840846435315
-12.07779068153862 -0.1403447697194218 -6.194878102221729
4.519340077557765 -0.1066028517166824 -22.48865619137356
-5.787983536720276e-05 1.992537627959607 -22.96493933036798
10.13770750996006 -0.930717597694257 -2.389922507111158
1.409538193292247 -3.754346956041604 -23.26736122831385
-33.53108589442047 -14.06624411905253 -8.28927703119048
14.01254519472288 -0.4222411485223434 -13.40546079744745
14.44351926993674 2.527682851291809 -13.77151633203585
5.766603296245626 0.2942243869800341 -21.66240962802236
-8.58170693621819 -8.899451246394129 -13.12225962334693
-1.296446024160188 -3.575147954317438 -23.13448442665587
-8.69253712323323 0.06583147976485826 -14.80138121281486
-11.36862114174891 -2.217698073792842 -11.75232323307338
6.175304997636528 -5.605101800302163 -0.07087838136210484
5.291980545937134 -3.318401006706273 -4.874905213887099
-3.848106024538426 -3.152638644225937 -10.3166842557778
-3.544917859013567 -1.022950219567478 1.649942664809193
-1.244869238364573 -6.882394392966217 0.8242756031777554
-1.253286026950743 -6.769101817203328 -2.646600912141603
-14.96264197151434 -17.38897593547464 4.244375897712626
-3.4537119695893 -3.296637762395807 -16.86184323427863
-3.984398730517657 2.474760769432315 -3.526268011156929
-11.28561737444925 -2.942010998725891 -4.627689433530872
-11.87888249049134 -4.451855279388409 -4.305475012087097
5.457403021951407 -0.742694691706354 -19.34218901870128
-13.49862853655501 -3.204298763374819 1.158794050428983
-34.46118422351081 21.92257336725545 19.57312165239423
20.67154875652276 0.6151169106685084 -4.954395406040509
-11.97271102310117 -0.2216837384238042 -0.7566106308621738
2.666236333665888 0.4032931414352365 17.19094916771225
19.01378940220831 -24.70388328427897 -4.300693681968855
-17.04306221008546 -0.46172440430506 -3.795078571148037
-4.434722703004923 1.190098346062761 -26.80645861616896
-14.21973219337498 1.156276321011714 -14.66036006743308
-3.469999632582369 -0.5582965438934002 19.71111027687692
-18.67911563429661 -4.00388338955873 -4.51121253683394
9.201467037339706e-07 1.214386967513787 -13.32035770144645
14.88952325047393 -34.88328787842432 21.55459341159224
-22.85105797907196 -4.478336891497459 -18.78038303794067
0.001146430569414103 -7.113137344653358 4.283685852870249
-1.004120720294674 1.108182081878926 -5.1681575539295
13.9320863889125 -7.403157769967694 -13.16506589854206
-12.66274086687866 13.95512345703344 -4.289693440854063
-19.92088868896656 15.2379914317528 -0.3392101547380726
-19.57820191929045 -5.115699914807073 4.795058889207088
4.891692448594968 1.415433137517017 -15.48551923240287
-4.597401492750318 -15.91305751570981 12.81397892899555
1.248138622839294 -6.898387981986961 2.555367375122126
8.700939900655253 -7.61019807453364 -4.0258385953411
6.11034142201729 -1.540321909550715 -4.16127942482051
6.527406177581283 -0.3245726077762743 -5.654847047871917
-0.6760368157472495 -7.047426002165446 9.490687196235807
0.0009662398990641918 -6.849280934489947 11.13293632263654
10.25185317430497 -0.5616244259951764 1.010307017039843
1.291493805791868 -6.802172639415316 7.808454809250478
-4.849331178566676 -0.9909517600248288 -4.605003723081584
0.001487972087897416 -6.932699513886496 -11.1906932561841
5.338608818280578 2.34504932715785 -13.15291560600092
8.383387762034021 -13.17798740788776 -24.72206243687615
17.67530760654709 -3.933829921349002 -2.336138623878186
-3.339904119763845 -0.6467289526325495 8.590731190317477
-1.877204768283579 1.063543638137136 -17.76797502371917
21.13118583717653 2.542872492124021 -19.29129535769993
3.285465001277492 -4.33985928045654 -5.176077162363478
21.21339954412372 6.843278103553101 7.575804052496139
-34.85438543560331 -26.77298355292915 16.62103662597588
10.4473057843304 16.6019212194429 -4.914318379191991
-11.25587502916778 -0.4090689523365811 0.9004003123862434
13.48796873180629 -3.195369956807718 1.142538689082443
16.34568064174537 -3.63907194358546 -6.633338616732079
33.13889956038643 23.51590933061986 25.613296811782
16.87330424636363 -0.1902972595596957 -27.05249132860449
-26.19418233031291 -9.081784147440153 9.588662598875665
-1.207323274243263 0.134778650626175 -22.00537700348473
-4.21081523792207 -3.056234376521665 19.97332660296687
-3.272549624752525 0.2140529060414596 -20.22549489069426
3.076524068651311 -11.08057473671364 9.279552370410739
21.37062835693359 -2.310012937081492 -8.58460320225646
-6.453268040915366 -4.288665493665956 -31.77167308225908
-15.66301363657084 -4.328421478543207 -3.434194298366646
5.494194837833261 0.3850816806679167 -11.5595668379612
11.1614146140611 -4.431663775141494 -4.30001164326542
12.25400589110491 7.76236235706501 -18.99778467068981
-15.38772636162573 -11.1422718033042 14.79155492415439
-2.799666153143553 -5.224950202252558 10.3216185012636
-2.346614811297107 4.420293834731378 -14.75558941945853
-6.92874403895901 -6.015969452464899 7.883937432703708
-1.059863189529479 1.346185340430773 8.560006241343901
-1.042667945192641 1.274154542331845 6.844055665828011
-3.610790864773747 -2.918818915080502 -3.496104459851792
4.539945797270865 -3.738718562403148 8.041803535428791
-8.920288041639811 -2.444994692297144 -6.571918924823672
-5.917975015646057 -2.481826330525111 -3.029169775077322
19.77185601155117 0.7912839587767579 -13.1269252029719
8.78639886825154 -2.578427925811051 -20.68718670441339
-1.889648331965261 0.5742554570129569 -8.60326572139731
-19.72850734735158 -3.476812901234331 -6.002967032362643
-29.43325057796641 -0.6249691925705307 -13.76427386662164
-1.890339995524071 0.5727442413936827 -6.884174921378802
8.640795223077783 6.471520561425843 1.112852673755511
3.629465279495655 -1.778642497456774 -15.24266844325699
9.067471870312843 -6.164052143123215 -5.84307756990258
8.522526869835501 -5.080871206063135 -10.15771280338678
-10.60161739812742 1.357990122309995 -19.34661329736948
12.69960820247175 -1.648552139325171 -4.734300634567257
9.054562170944024 -1.217151807860016 -11.39605914867967
3.187127246598659 -0.2431779880536895 -1.731786321102521
1.014586619863092 1.152647652972905 -6.026214078857389
1.046068009879471 1.288349996583544 6.844057854850459
-10.6737214825541 -31.65226659186426 15.82159066696124
1.425546323597384 -6.695369291651318 16.28196234491076
-16.97545331697242 -3.223504741334024 -6.677517099095232
24.6726933649167 -4.904222305201337 27.52442024421664
17.54670887111647 -0.114654864866206 37.38829403929825
9.080221828996459 34.03400056875838 -19.67645881325119
4.126356781800659 -1.640110428724441 15.42612386786952
-2.329571819158665 -6.107897603045902 13.70781660734042
-2.219778531563074 0.4361730548947885 -14.48997297949207
-2.194901272496062 5.111325703870797 -22.39274889702983
21.37062835693359 -1.248802244663239 -8.547103977918905
16.83191729217898 0.06588780139645944 -4.924218822460089
10.25387839493593 -3.706839968848624 -22.85425160029234
-13.7644745091404 -3.931803165629965 -4.032520935948418
-4.41757368182898 2.984877419172877 -12.24554160367074
10.4909073090433 18.05137394115815 13.43520471200778
-19.72263995684473 2.324522288180077 6.042956620225006
1.821884771886883 -4.320327224120751 -20.72617153955698
-2.197332391660652 -5.916852378475996 -7.742150750844095
5.676783820460721 25.49222362136079 4.085255363165403
8.960436722859342 0.3945369436515578 -5.763415583812547
-14.37165133392617 3.965583899140048 -12.0777303301712
-17.82356172707158 8.59966898823104 -10.17072836391134
12.2038044458447 -1.511444791983268 -15.37695037845848
12.90262427083461 -5.890662541871324 5.656132982889486
-0.3196927916164694 9.122499698734291 -15.91100856842787
-1.060116028471487 1.346326572889779 15.42378323075005
8.084265129815638 -0.3855148923794846 -18.9791212792309
-5.994425547668794 3.706931184455725 -20.44529495530123
3.900229121087996 -0.1367997919587726 -20.14694651142075
12.05746035416971 -6.210549285370197 -17.26360483703552
3.159552171795482 -5.380805767878371 20.73953055756402
3.72839831870726 -3.873939069917768 21.8761114844419
-4.956189859149122 -0.9708630854845832 2.462662384195273
-3.17836349965927 -0.7437369739042421 -6.885039958703598
-3.352553216182359 -1.059707627438167 -16.04616795813777
-13.55212894538126 -0.5354378429969568 -4.728300917348775
1.899373101206859 3.576571040492571 -19.28330255841418
-1.055713057463298 -5.938806883605473 -28.29639382060524
-36.60091967597837 -0.9707381629936975 -28.37507025207635
14.26695828992041 1.645906257124044 -8.577726576926164
-3.178185289027542 -0.741612656828484 -5.170496315236388
1.370858479857513 -6.549133112855348 18.00252149131914
-3.950731208727479 -1.686955127157778 14.56808551312081
9.584699297470898 8.638247424010929 11.00232405160179
19.09135673354811 -12.97178078822718 19.7963064688267
5.170615189508034 -2.223024405293462 -6.804317517410034
2.296761038366609 -5.380757686625244 24.81231052251792
3.505517097257193 -1.810325674048677 -4.313258157170726
-1.3555479181799 1.94472018221599 -22.21952338878365
-1.077708746133961 -6.572248333507399 23.56160755905222
13.46393974066231 -0.2608513043952636 -2.729612197792961
-9.187737268819085 0.05659336431968387 -22.3235264953739
-7.213896741083518 -0.794485932384329 0.9182809973323263
-2.009506509439309 -5.392495173622717 24.93284446978728
-2.712328883503112 -4.248992363156698 23.54489902388296
1.99926377992849 1.980609837364194 -20.90759811899847
2.947414558089561 5.846197116008137 -14.6888409894015
-7.406850745636408 -0.9545174874669788 -1.867729776264228
13.4566737337765 -1.493452197069468 -8.201281197498419
-6.831232695812123 -4.965591717925191 -1.928256642179068
-8.015048385533792 -5.221172280314517 -0.9586548806645686
-12.28476569020932 -1.985989053682633 1.788900447092374
-0.005745744980618639 9.622712136262653 44.98080177478933
-13.8552693337637 17.04705862170757 40.03050336525466
13.04155174826482 -1.498697170792618 -10.99172596292222
19.68802511879593 0.2772839004349298 -6.958692493282826
3.124347942811753 -5.480732789426193 16.28249132216217
-1.252903138848443 -4.631107770130026 -20.97141769620923
0.1420018464829501 -4.759463716623832 -20.20180277085705
4.181212689088385 -1.527332794958182 19.38476021101548
-8.401562686130429 2.19263276874752 6.082975776435497
-4.666363261506347 -1.288402391665462 -18.28468835107444
18.07342967805747 -2.331803394888019 -7.260486664929943
2.342033147103143 3.486160602998832 -12.02024486818543
-11.05115012738168 -4.071801855283469 1.181384278927844
-4.938487815558152 5.365707749505003 2.517352329552816
10.37884771422591 -4.638992810518213 -2.990437966529903
7.174034582726347 -2.286917653656288 -21.00041361664262
-17.75179504810072 2.015062869476568 15.51615149131794
-1.537547078221233 5.601111541382553 -23.61768088289171
-24.17995371993963 1.467343611736735 -9.709813609678202
-2.02349087878198 -0.7314274463081338 -22.08178828799641
-18.12943779219353 -5.949076569101773 -8.364406403077016
-4.597374300112941 -5.755177070968818 3.432146431808926
-21.11993946694229 -2.813014580074192 -4.814353244233962
5.125762479484912 -3.022013545036316 -2.463581025301523
1.050887982342937 1.307101422784476 9.417996230811061
4.926668117925471 -1.104733489366218 0.6811122981995494
-3.574492599098684 -3.529876207643921 -18.07894890719492
-0.7476266264913942 -30.6399551559918 24.7596528857393
-0.4311949415024803 -6.463879536339915 -6.718943517808749
5.931949052520368 -5.385199358838969 4.453527319847518
-12.90890895159628 -0.6343969658379069 0.2585066124473361
7.677626918374992 -0.1403457422011387 -23.49473659565356
-2.092222139878089 1.053812957211348 -25.21922729521287
3.735156900980463 -3.139663819526942 -7.378256282703572
-14.64599853831901 -3.969107005338822 -8.241275915726876
-5.588605303723011 0.571970540545486 -9.821931677655332
7.572957429078091 -3.92264074858937 -3.510892362684883
-1.166481290583989 -6.233467974788359 -15.31610794448821
-8.990167477201744 -5.088904036491129 1.936887569996827
-8.493174019881247 -4.381174995000514 -2.906853090502409
-7.950959754550903 -6.770400610952225 11.20910912282637
4.108817243400818 -4.965020614781263 -2.488237825655232
-6.236217299433881 -1.447407976539977 -15.80522242507043
6.990558807614692 -1.510557569511835 -0.6515987372942715
4.278495907784896e-05 -3.502102678168365 -23.37146906066701
12.49548848146404 3.701791922513219 -44.07602155118605
11.46201870762507 -0.9566348575359827 -2.245737870732917
11.85475367860408 -0.3965919160638656 -0.8926612922275412
10.83892563828936 4.215935955518401 -19.36079966909632
8.771762615794648 -0.8499775751095793 -8.198208036066719
-2.731831864323951 -5.143926854594259 -4.405528637764563
2.984236064565857 10.63997202327148 0.4136966957652928
-1.750886440249344e-06 -1.863990424904179 24.2217605024213
-2.515337899688461 0.2025396007845874 1.696716556315737
1.555053673836681 0.113363370870931 -21.16559872361206
19.07222397387264 -1.29695247350232 -8.018871635070312
3.556816032367399 -2.156859365561966 8.133849033241338
-7.598301413457032 -1.10106699221829 -13.35625893055795
-12.31469014372997 -2.102080226137704 -14.19396318578869
3.425997709771061 -4.603768653081458 9.659202129016046
-15.53848113467225 1.293235026993924 -10.87155597445665
-3.104206085348895 -0.2303743853017273 -18.11726576909857
-22.08601311106905 -2.597746279328407 -7.108315589585846
-17.94655070563664 -1.181434557998862 -15.43018526405602
12.45936634809773 -42.54829370715474 7.940723179015644
-2.513904811326273 0.2032205230206252 -0.01940555218035223
-4.812974184607008 1.438022654057098 -16.32688686610932
2.269512096056328 -6.02545963510329 10.32888759964495
16.14629911493515 -3.119820993618535 0.04251294723397514
-21.56131692754032 0.4372535404046487 -4.675247885180303
-12.67147590091536 -15.05081865356418 -6.495920089280514
-18.56077154210532 -14.13695269149183 -8.771694915205588
-1.26625309948048 2.884771784491931 -16.06872700691576
-5.120823420799899 -5.192451443505794 6.239252820181513
-4.801897252606259 -5.314297440757233 4.699744419057274
2.931277203013416 -5.696119962455211 8.692475822258045
21.10179267677889 -2.777106155918355 -4.831106869025522
-3.381382593903248 -0.6223768950862023 10.27722682420509
11.07582900325121 -1.596633637214241 -17.88310032880533
12.17649094120528 -3.293264772565887 -18.9003166535855
9.690316171628869 -2.054724481673949 -16.17742661065731
-17.38318519077436 -1.091908635166841 -6.65770481170925
-10.19513227694543 1.118938036377584 -5.983933659076815
-10.57110765010141 3.677991758705963 -4.417221313037671
-18.92071422597121 0.1947745043749001 -4.978663137073323
-10.5303709842773 -4.892914082757621 -0.8833169322464794
-4.351675424816805 -7.366696248912723 -17.5835547984531
13.92179021918795 -0.5178925845285861 0.2602123023415436
2.574504969999428 -0.3821356633811078 -16.20062675412584
15.34051573157283 -3.60116554619613 -5.623268268655685
-12.33617967519955 -3.429453451086514 1.158922945965267
-4.064027412873242 -3.985092423522671 -5.514763942740998
-8.02904666915058 4.2024159624947 9.832476097583065
6.149684985682985 -4.303951420345038 -4.236251556180895
5.990208474071533 -5.896123433198214 -5.275696552428075
-28.56748030908744 -43.28969169567617 14.78182182895236
6.962041359039359 0.4638026020659149 -2.732316003882296
2.499178260850776e-05 1.226206334292986 -9.464543709206691
-7.788177168672044 17.37921104814293 13.96235140862559
15.16951393642786 -8.542132237712282 11.06985771043703
-10.37180330805253 -3.256973333324511 -20.15268706712477
3.45555186243047 -4.292417978391768 -11.18019883073494
-3.103031516447778 -0.4853182149647919 5.125053725206937
-34.99047488118793 1.877778330751014 22.49984828975951
7.140036936066052 -1.337203461581844 -21.18788439276362
1.835313274475682 0.4929489752631522 -8.603063257326511
5.602180552133872 -10.56466586238993 -15.42236382673571
-12.62846412164116 -3.261008859482081 -4.780480023396847
2.681135601672317 -5.807054826902471 -25.3292380534817
-8.644746553757823 -11.7267162337733 13.0433420168463
-22.51526287233017 -1.249430060386658 -8.753087340552838
3.686493903213199 -1.748631382415742 -12.46708367928364
16.5801410340502 -19.76708466360962 3.695076128920882
3.932706602852025 10.17630950681342 -24.08322501601969
-3.528060690595201 -1.60844790747393 -22.89733732964306
-3.251769763886548 -0.03147887437966368 11.99293008755001
-2.180839682806771 -6.389595753331977 4.273699428823046
-1.037450143183491 1.250067277864373 11.99177883998584
9.583272334179551 -9.876932319004537 -31.58120792750445
-5.65455359376413 0.8745843499032186 -18.3343378567381
-7.540065565577929 2.540031593535587 -18.49321444062981
19.65677065107531 12.4142370639613 -15.31609685448178
2.443432962324498 0.126393704530406 6.840447233849253
5.982700360357645 -0.1432299445744616 -20.3478864294426
-16.98023185790901 -18.21486199351052 -22.12810281038162
-2.821181962578035 -5.73353179399065 -1.95606193184905
20.64985114791524 -7.367479685303968 -14.00934852370479
19.43252079880479 -12.85542712983171 -11.92591384082397
-0.1216631818781144 -5.203501466817652 -18.68992864637458
-4.922160700478951 -1.712763604927718 -6.409540619838968
-0.975093282776232 0.9864435002408203 4.269815030503422
-6.982654076692435 8.066762762757605 -12.79728674667975
-6.674653581984124 14.09174388878601 -11.5419280475493
-3.842988156368726 -2.950593319929174 17.08305273433985
-12.58954781907384 -6.941957008032059 -11.4558443593593
7.378765761958509 -0.4548018254485882 -16.0959827303533
0.5651904306658769 5.927232387377646 -20.74815734882616
1.675914298274995 7.29528821467646 -20.0793110624154
-3.588614763417781 0.02228505390589852 -21.48266601168185
2.122479375402501 -5.811638882852717 -6.026844081540082
-3.791472336238793 -2.516328555603813 7.921571910420382
-3.10503289745377 -4.267193164882726 9.598840774753342
-16.86123348983591 -2.089611887931824 -6.569776337008692
18.85119580474177 -2.377365056828371 -10.08733690490415
-0.8430723842311109 3.51384589114991 -23.8288439986499
4.072310921813791 -1.595177843438407 5.833650693690938
-3.179926809913234 -4.306213279067608 -15.53505027030949
5.002350000079911 4.225111775496179 -10.20132669881824
-8.40909094789914 2.849247281269918 -0.5543888627700673
10.3338961891319 -3.017812813827773 2.896922407654337
-20.85340986730205 0.7224677200569358 27.39056473579857
22.5932274661749 0.4387153349550486 -10.08051902976714
6.575383567300976 1.800484291240198 -17.02198868961736
2.035738040058599 0.7842360188547823 13.70780040040955
5.333182123473553 -1.105702498131078 -12.68483341470091
0.6684499391318028 5.848018473888364 -12.34652258568818
3.168118377870651 -5.984567676947536 3.412031765687446
7.937398825852954 -7.315739366061025 -8.990640468647019
7.40353635907791 -9.393221201008098 -11.89738081376709
-6.756738365177202 -5.349922252534829 -17.0380166909096
25.98980080507608 -11.90863558844432 -14.22584772661537
-0.9755395835752667 0.9877279184808212 -1.736331253160053
1.290517308928836 3.93778059408035 0.9294922495609648
-11.1315442294512 -1.555742975541888 2.115917775922158
-4.687874015092395 -2.648748434690535 -2.309872299971786
2.978095795107803 -5.362520309429569 12.84984324570007
-2.345572278247335 -4.87752050070077 -16.21773553572026
10.44183278008783 -8.289721938736283 -10.99929317378276
-14.35486736835682 -2.10765752048125 -5.814847945982353
-15.31570742767775 -2.79458422365042 -6.388689703562888
13.70628509496136 -0.8109876065694952 -4.277539403119576
3.234604015643939 -0.707483708475062 -13.43224769632118
36.18858509379768 -26.30587074421861 12.93581534156581
32.35818081514827 -43.16057294633467 7.377591131933798
6.726605174395368 -1.911740819438836 -24.81407598950587
8.629860881374015 -1.196506750069668 -24.11337229956801
0.9584058616331187 4.421468731303985 -18.49389247098735
-18.47708729300453 -1.733536438162132 -11.61927222358547
8.037551505591173 -2.510733693672722 -23.16945926850864
1.490644543061447 1.895105382905206 -15.52025505306984
-15.89251661018842 -2.037705878263542 40.99956456794892
12.69916781785151 -1.649212546018729 1.336300805855021
-6.731088879281975 -2.941686816190053 -9.897676415208101
-2.641683410173818 -5.359905196327463 -13.0604544272696
-9.456004013791116 8.3232996590803 16.78075482107811
1.959123726798749 0.9981333680303421 -17.09290733829816
-16.01551604459788 -7.287193753073018 -3.857668731826206
0.00196240193235736 -6.83993203093465 14.5658403905586
7.317381161991966 -3.676464847442946 -5.201909320472418
-14.53664184350816 4.992508227027832 -5.557180313148057
-5.458659914400142 -9.762017468084162 13.86212735114357
-4.479293754092556 6.656854440086323 23.54644151693788
2.268106844632794 -6.038944584121564 -13.46059484843251
-5.277562370044427 1.915676033833813 1.183544278419895
-12.95614325010153 -3.291711599494733 4.94420446032592
35.08825840921789 -3.424463764563203 -30.23515564582404
0.001299343404268738 -6.75935447353663 21.61259357491577
5.025124251979188 -1.012076578672419 2.528593909543007
32.27131856496642 5.57517652134568 -10.5862325477144
11.47162502927179 -0.0969059377609871 -6.144721878645944
3.834522540549445 -2.32713488764667 -9.456536392384594
17.65192679626665 7.250034995226516 -11.13329303963226
17.04989553556885 -23.44950493928232 16.20593340654319
-22.619023153824 -8.366668378768246 -25.05088943591319
-6.565995523390077 2.027675497785106 -8.20038089498104
8.086571862262305 -16.64510585530592 1.437462376324159
-5.411119845389955 -2.753440930116562 6.375873473923422
9.658051154740168 -1.084999576242551 -0.6457253938737411
-11.20362971895623 2.776062374494527 3.078219289918206
-3.577422008228927 -1.66819113221222 -4.169884129543865
10.10751981064203 6.921554206372423 -9.883587015926576
2.122933331917036 -5.811902169629708 -11.18431477995913
-13.09358754145313 -4.169278292059937 -0.1313508436088716
-20.18050294319464 2.539749705444826 -17.15379344365144
14.47743885030907 -0.8815985003595717 -7.113052492398812
-11.83728131690879 -1.246349132282267 -4.459434518524146
16.50073677456942 -1.283408653157635 -8.664967262559397
33.50403362334674 -16.70701863235699 -41.03726910316728
3.879626240694701 -1.692702771629481 17.17056113330289
0.5646096639418563 -13.26169578413155 -21.83859607129984
1.974767587851232 -2.234344211012984 -29.18615687949155
24.5475250112459 28.64315700041385 12.6586720997272
2.832928420650666 -0.3721312255079212 -24.28625178145028
10.85250980451502 -6.020745299423887 -7.147344303515317
16.02867452377795 2.074144475858974 -7.344981203105586
-13.00484639699077 9.947361037217954 -0.7284074869443189
16.95630694371604 -2.090579867362976 -6.401483265835353
7.526482503900048 1.708266750249347 -11.69821511948054
-0.2708160074068136 -8.058125950721923 -23.26470798243607
1.973429724926613 -10.70119667717962 -27.30758799053816
9.293505355469874 -3.510642034257713 -7.184793364958141
8.993282810538812 -3.767932031770061 -8.85708934387144
9.025844311903949 -1.924880431998364 -4.566019273252527
-21.37261581420898 -1.249430060386658 -8.67937568034503
-11.91639661090512 -0.4188276610156973 -17.84686802293689
17.81352690224495 -0.5259370420562319 -5.972634631958637
-7.655031973120508 -9.504709581318139 7.245278684259094
-5.463959989451993 -1.20511612388794 4.792461648580411
-5.998915971652229 0.2920765307333595 -23.34956110342991
3.054505323369925 -0.8140096711710015 -7.742917692048862
-2.012368452009259 -4.77218865780496 -18.25471515215324
-6.274875413385377 -2.62115003373008 8.640676256281978
17.15672903214956 -0.2665410620013133 -3.693523298637614
3.034608268266193 -0.6270927644095905 0.8385149569408963
-8.132194194703814 1.088780534470957 -12.79170936430473
-2.977660694544711 -5.323846166550274 19.78401367583442
2.038693719976648 0.2731709606589826 -13.7286216615025
3.531933402423531 -3.194536655304393 -13.82599443723164
15.36184098540768 -6.063534465115937 -19.40683140061836
-9.787841701700735 -4.523326464343687 2.533102629219353
-3.395826762626466 -1.82664558131857 -14.65565788240172
3.303552757431768 -4.358857535537994 -12.93753508178792
8.99763221010126 -0.6866556583817556 -20.03269557274088
-12.72145465675708 3.569554995342305 -7.825062804020825
-7.89949126736651 -0.965183499719608 -0.2614900591192847
-2.279566361805482 0.3466895020499931 16.27964737721043
5.142776030379694 0.5075339486745358 -8.757976924038712
1.760915888771726 0.4034296026877261 -11.15593468116933
11.21444829349121 -1.925646841141437 -4.234198618028461
15.34344786880837 0.2864331021029987 -2.511701136861642
-17.15864372253418 -0.5233519005452923 -2.686072195969585
-16.70838428304703 -0.7641459313770942 -1.315995850445091
-3.50448257658695 -3.950161503277288 -20.79411884996647
1.781814269035667 0.7700899170826012 -15.13148414496555
11.08574296723866 4.35206963436393 -6.351574144513959
-1.965351304264826 -3.580469044783171 -25.41181745122707
2.29233460599421 5.005514654059077 -9.559779942059237
-1.551270512213898 5.295136027756281 -20.43551958549319
15.96637877845706 -1.456653556529511 -0.196783116183072
-7.971760931118955 -18.95690580265702 3.047169145830538
-3.501637025486712 -1.801210843871219 -10.31723801849382
6.697918412483987 -1.886702594855895 -11.04979536033481
-3.193559567608352 -10.09673476490804 7.275103647816216
-5.990757385465617e-05 -6.73408754442519 1.692177689057223
0.0008906678090490616 -6.673222976621146 17.1413309443305
-1.323199495489416 -6.421163048301636 18.00129893289779
0.0002058741481120174 -6.718628973554102 -0.03858772498373836
18.52799385897961 17.97565371242662 22.30229281514903
14.93094749715118 -11.73204078636405 -1.174996315169164
5.310644663014836 -2.109312891960144 -18.91244144232535
-2.788344870595042 -6.006286322226459 2.553916670944589
-10.09597351781689 5.460389765038992 -25.51823300376586
12.33616479408903 -3.429437405985507 1.15892025068677
-6.274805204877141 1.319360076689925 5.153709659957826
3.120074833556088 -4.378594723218281 -3.709253296163202
-20.3094134938582 7.621740813307468 -0.3886759052750386
1.335341394494433 -6.455391184382957 12.84986252797385
8.121460906088767 -5.189186283423689 1.735648354907397
-14.83776003786054 -8.997106042372575 2.018925728846789
6.706950422901398 2.928971395434983 -20.74461078291175
-5.290244649073954 -5.753704913358844 -10.76081643049342
-9.170062432043551 -38.31728657481418 0.459780711550291
-3.547205310135984 -8.700274636014681 -4.878534179023151
-3.427240257851672 -1.825167866593481 -6.028185781204045
-10.97536952079172 -7.014386498745926 -17.70431273832785
4.471328547749768 0.6371811545446506 -17.45128842872474
-2.871545222033643 -5.273487072292571 17.14568456689825
33.27834484057708 -21.90478367220845 -12.49912504524616
18.215867935873 -3.880116166414475 -9.161710768772686
-4.289621839246561 -3.795207023620605 -2.761017800417665
-2.333806945265879 -0.004550884285599244 -2.592690752537766
-8.025431499360241 -4.559675786475171 3.798223709782372
13.09707800883783 -6.078590945731867 -6.503282618339312
-20.59306842171934 -1.249430060386658 -8.218243402487266
-2.872736381028767 -5.274168706371821 15.42393696109424
20.41545384842861 -2.393758711020881 -7.856065488469378
4.909072442670888 -1.202400268755024 -23.35076210193237
4.036341238750346 -1.321636214443328 -23.42733950124903
4.564615086375351 -5.599397152666137 0.8216210638990844
1.83248460784592 -6.016164369474823 -2.589534304660056
0.9400136384038085 0.7560911927849012 -10.31944181952454
-12.66102234969127 -0.4284693479890438 -2.713527748786735
-7.010759244724843 1.561534717637403 -15.86700417118371
11.43182700770867 -4.438827172217297 0.8609934862818465
0.9200805431306032 -14.38208202008764 4.33327276318004
-4.682845755555876 -12.58566677986866 20.87356160315033
6.624429715577126 -4.244486868382969 5.420808764662754
20.74858862057003 -31.2629500129883 -15.28667826188525
-17.13581530000326 -3.471496018801649 -2.977532016373159
-18.33096385999644 -3.53372136291529 -3.18640981575073
-20.35795512116088 15.0616299023617 18.02281847264778
-22.96181803881603 -1.251302599906921 -6.214280753474533
1.196477124087068 -11.51561520433857 -1.761681683753061
5.407111760359767 -4.252595659981033 -2.153982686023566
-11.05587110153086 -5.03034929444112 -6.194134142666215
-6.781563438898048 0.1258195470932237 -22.20006319837199
-4.280013282070893 -2.008386075496674 -23.32110471357397
0.1018548120632798 2.864108745444316 -23.42063406045487
-6.78130092715707 32.25879156484353 16.0187399851943
-19.49174023392532 6.252917041975009 -39.05627067884669
17.25469996918761 -3.661704968643813 -5.515989979019924
8.381666286325057 -2.934668583331532 -19.00364338149328
14.17343805961343 -2.167940555304686 -5.584896854830892
0.0002132403006405714 -6.736270994227489 6.877812281031274
-7.389784285246342 -2.401601274709592 -3.126322919827459
5.082275427986203 1.748747946706752 -2.606079635917512
-0.9995011429460128 1.765197697207437 -15.0991870447861
1.917637610462747 7.608299650855905 7.682149379885022
14.14618068803283 6.085532447785816 -15.39746909517405
4.996031233135443 -1.562966810985834 -1.084676409175165
-7.42883190615238 0.5798341351783808 -3.089839669418112
-6.508988585235692 2.891174515384376 -3.718829470404368
0.0007553286887652111 -6.690231487337749 -13.01926800810531
-3.806430989030644 -1.006248931748753 -17.98895388464747
-17.39484855868322 -0.153479902388945 -5.180268549273996
-1.287876428710152 -6.074170319074452 -13.9446866766154
4.859445436603306 -7.645524249284176 -17.76890507383155
4.278495907783508e-05 -2.046273767948151 -24.48633991461144
7.249826316429804 0.04615435842294846 -10.45795845289131
-3.521370914849426 -1.792368439042509 -12.04732425392089
0.6153599717457856 1.049657402106307 18.33500695580246
2.342763047251903 0.2438574027582635 18.92442168622235
-7.601339790380962 -1.235456937765802 -6.768138326529254
4.62758004552893 -5.536756129450668 5.236929924345119
0.0001235457620635261 -5.94462708756104 -14.84702768864986
-9.196308687089868 -8.640655239381072 -2.90550602377132
-0.0009710842191115177 -8.673721180036642 30.91596857753151
19.08115414342258 -13.01002182603492 6.028534447396126
-15.29792873846727 1.468580146797296 -6.931899210237063
-19.59467675323685 -1.291348516941071 -7.95761439021893
9.759792476898749 -4.632229225180255 -15.78921839010948
-0.5415776412936277 5.920423274797693 -20.7440153595129
-1.454778525862275 0.7021724786497704 19.20209953334351
3.718243452477405 -1.749816318494619 13.70942712960714
-12.95884153702726 -15.42988490062606 24.77215619569624
-5.759399855932998 -3.120034498881213 -17.92803843425911
4.693576512537879 -6.165576645151856 -8.147671790636448
5.418916550060487 -8.415564828790774 -9.733970479586553
-10.72944300024998 -12.46022657803947 -33.81691220860218
-8.541331801262487 6.255353212003356 -2.008466299391496
27.27365061660086 -21.78294062797314 2.302169240850549
-16.12681999970156 -3.962089537963523 -18.09328283728144
-2.799876034180904 4.07105735034142 -9.447679304594512
-7.445771874880049 -2.292874689486509 -5.134675558736938
-2.371193874906297 0.031889727565795 -12.00515297745856
8.842497141197308 0.5897126083098279 -3.620575822984928
1.956913392974716 -4.566125419493556 -18.14688272078923
-7.888225458810133 -3.001353740692139 4.507031268810604
-7.509630822366555 -5.163488903762035 -19.48651784313679
16.62712972168297 7.559505136333378 -5.948736405082769
-14.74363868698963 -3.651541601576236 -0.5877512201156754
12.32027945388546 -0.5366172994131981 -9.254401257675358
27.41704436085401 -2.151774640666872 -16.24300900031392
-1.960525807867433 1.325509028621226 -19.81360792884308
13.81392551279544 2.944058471487993 -10.81682872282649
7.308364771199138 -14.79246870330664 23.72466922384873
-2.309735380279461 -0.04360248068048289 4.269552115894937
-15.30288023644996 13.5103769347812 -17.63104633805497
-15.12343377375317 20.43106611108817 -27.30338310002572
0.9619564782640097 0.9290919076572297 14.56579366999523
10.26469469010124 -1.234505454758478 -20.10445181296271
8.346290126801174 -0.9359140800218585 1.354425863943705
5.692285463143461 -3.450085336722194 -14.43272398693144
2.20700061068398 -6.489726682264717 -0.4066652352010718
-5.518006823521669 -5.556121416825652 -4.699974582457784
7.103882980522894 -5.272751562591093 -7.650354163215982
6.944770208593763 -2.147270073612498 -5.11942493578443
2.625865620943588 -5.075045813572983 -7.742165111164796
1.766933733728899 10.28152015451912 -12.41737743021104
2.755822605962677 -11.28095509367135 -9.376657709161712
11.05272229479803 -3.16669350259159 -14.65654046066697
-11.47811677490608 -1.160233508462762 -20.19264956005278
-8.433471037015339 6.899009553597489 -7.431110495228455
-3.269309227554753 -20.65826982603881 -15.36419446066289
14.78816384709707 -3.717513231638845 -11.74007700312079
-13.35233260081539 -2.165427684783936 -5.494847406507935
7.237777915947764 -4.49507632173939 -11.51841273151659
-3.690766301272783 -3.14161376390883 11.13359105448617
13.22449140880539 -10.9816661284551 -17.95941915056202
-5.652959387839019 -3.920548858055007 6.117425594264045
-11.88473955936381 -3.798987795892815 -7.622440123078914
9.316875830677581 -2.15119852396927 -8.93319045327814
26.92914193857122 -17.82060829826479 -6.582996432769371
-13.64205738092113 -6.587029610855548 7.198223334447084
7.888304881277837 -3.001329183578491 4.507160565084287
7.536111076534151 -4.961169375540169 3.439473359995993
1.933745265394749 0.6457079402994794 -3.045909584845424
-21.37261581420898 -0.5696509569697772 -7.608220946620595
1.263551422187384 3.22577894399123 -17.87892195895088
-7.235103247869349 -3.001353740692139 5.392176486795798
-1.302930655907149 -6.370416165795191 15.4240786154988
10.06636818202976 0.587120316387858 -8.074519128010177
-5.108474839702392 -4.813367775902653 -6.54696662978811
-2.189887748662984 -0.08480918503173343 -4.333966118476369
-5.328288588897157 -5.35046913360191 -0.997813098637182
12.76035855764251 8.044666327483821 -1.670327917740864
16.25389096854947 13.29041097007047 6.247399361134445
-5.108844055825352 -1.598957770965755 -1.208640249990996
0.05247612196631527 -31.11918104535133 -27.23453775997715
-1.155228707956289 -6.501878085860618 6.011516794827164
7.100254930905608 -1.64860135245266 4.392530525391975
3.844015043976135 -1.719067267296736 11.13582930808934
-1.247972542227365 -6.215873865705265 -5.177658595701857
-2.057081236234092 -2.078294575214386 -22.77053682624538
7.413379530330306 5.885646830078115 22.1078645815794
-4.517411838116697 -14.10727437834132 -3.61980778867473
-8.542627805182848 -1.6667256872291 -11.34344344199441
9.600738561123411 -13.86926225648391 -11.69517111714487
-6.962467151133279 -0.719050471313182 -18.04602835441036
5.993621923551359 1.636220810396426 -7.201802237950678
5.604316337997635 -0.3820059304238619 -15.7559598527329
-21.37261581420898 -2.317781110831625 -8.286202166430853
-8.458051884566974 1.055272894827773 -4.836836453005761
-3.378520345308101 -4.169941369734227 20.76994050894802
-3.424883233829601 -0.1940921186926334 -19.17730651238792
21.40280370533329 -5.832071226917564 2.537417601931081
30.25425080654492 -8.176630157661396 3.42074276454031
13.16641800070037 -8.772229960069406 -4.380209609227786
2.696496825407658 -0.8786835828763688 21.69203975949443
-7.017454071068385 15.76113823782861 -18.72399554391583
6.464868538714425 -1.56396333286944 -16.91363923036594
8.251389116614817 -0.2696001002146362 -14.17666691639734

CELLS 24104 115560
3 11 0 75
3 0 12 75
3 1 8 77
3 20 1 77
3 15 2 74
3 2 19 74
3 16 3 76
3 3 23 76
3 8 9 70
3 8 70 77
3 9 10 59
3 9 59 70
3 10 11 60
3 59 10 60
3 60 11 75
3 12 13 67
3 12 67 75
3 13 14 57
3 13 57 67
3 14 15 64
3 57 14 64
3 64 15 74
3 17 16 69
3 69 16 76
3 18 17 58
3 58 17 69
3 19 18 68
3 18 58 68
3 19 68 74
3 21 20 66
3 66 20 77
3 22 21 56
3 56 21 66
3 23 22 65
3 22 56 65
3 23 65 76
3 65 56 72
3 56 66 79
3 72 56 79
3 57 64 71
3 67 57 78
3 57 71 78
3 68 58 73
3 58 69 73
3 59 60 61
3 59 61 62
3 59 62 70
3 61 60 67
3 67 60 75
3 62 61 63
3 63 61 78
3 61 67 78
3 62 63 79
3 62 66 70
3 66 62 79
3 63 71 73
3 71 63 78
3 72 63 73
3 63 72 79
3 64 68 71
3 68 64 74
3 69 65 72
3 65 69 76
3 70 66 77
3 71 68 73
3 69 72 73
3 27 99 4
3 4 99 28
3 5 101 24
3 36 101 5
3 31 98 6
3 6 98 35
3 32 100 7
3 7 100 39
3 24 94 25
3 24 101 94
3 25 83 26
3 25 94 83
3 26 84 27
3 83 84 26
3 84 99 27
3 28 91 29
3 28 99 91
3 29 81 30
3 29 91 81
3 30 88 31
3 81 88 30
3 88 98 31
3 33 93 32
3 93 100 32
3 34 82 33
3 82 93 33
3 35 92 34
3 34 92 82
3 35 98 92
3 37 90 36
3 90 101 36
3 38 80 37
3 80 90 37
3 39 89 38
3 38 89 80
3 39 100 89
3 89 96 80
3 80 103 90
3 96 103 80
3 81 95 88
3 91 102 81
3 81 102 95
3 92 97 82
3 82 97 93
3 83 85 84
3 83 86 85
3 83 94 86
3 85 91 84
3 91 99 84
3 86 87 85
3 87 102 85
3 85 102 91
3 86 103 87
3 86 94 90
3 90 103 86
3 87 97 95
3 95 102 87
3 96 97 87
3 87 103 96
3 88 95 92
3 92 98 88
3 93 96 89
3 89 100 93
3 94 101 90
3 95 97 92
3 93 97 96
3 0 11 123
3 44 0 123
3 8 1 125
3 1 40 125
3 27 4 124
3 4 47 124
3 5 24 122
3 43 5 122
3 9 8 116
3 116 8 125
3 10 9 107
3 107 9 116
3 11 10 112
3 10 107 112
3 11 112 123
3 24 25 118
3 24 118 122
3 25 26 106
3 25 106 118
3 26 27 117
3 106 26 117
3 117 27 124
3 40 41 114
3 40 114 125
3 41 42 104
3 41 104 114
3 42 43 113
3 104 42 113
3 113 43 122
3 45 44 115
3 115 44 123
3 46 45 105
3 105 45 115
3 47 46 108
3 46 105 108
3 47 108 124
3 104 113 121
3 114 104 128
3 104 121 128
3 108 105 109
3 109 105 110
3 110 105 115
3 106 117 126
3 118 106 120
3 120 106 126
3 112 107 127
3 107 116 119
3 107 119 127
3 108 109 117
3 108 117 124
3 109 110 111
3 109 111 126
3 117 109 126
3 111 110 127
3 112 110 115
3 110 112 127
3 111 119 121
3 119 111 127
3 120 111 121
3 111 120 126
3 112 115 123
3 113 118 120
3 118 113 122
3 113 120 121
3 114 116 125
3 116 114 128
3 119 116 128
3 121 119 128
3 2 148 19
3 52 148 2
3 16 150 3
3 3 150 48
3 35 149 6
3 6 149 55
3 7 147 32
3 51 147 7
3 17 141 16
3 141 150 16
3 18 132 17
3 132 141 17
3 19 137 18
3 18 137 132
3 19 148 137
3 32 143 33
3 32 147 143
3 33 131 34
3 33 143 131
3 34 142 35
3 131 142 34
3 142 149 35
3 48 139 49
3 48 150 139
3 49 129 50
3 49 139 129
3 50 138 51
3 129 138 50
3 138 147 51
3 53 140 52
3 140 148 52
3 54 130 53
3 130 140 53
3 55 133 54
3 54 133 130
3 55 149 133
3 129 146 138
3 139 153 129
3 129 153 146
3 133 134 130
3 134 135 130
3 135 140 130
3 131 151 142
3 143 145 131
3 145 151 131
3 137 152 132
3 132 144 141
3 132 152 144
3 133 142 134
3 133 149 142
3 134 136 135
3 134 151 136
3 142 151 134
3 136 152 135
3 137 140 135
3 135 152 137
3 136 146 144
3 144 152 136
3 145 146 136
3 136 151 145
3 137 148 140
3 138 145 143
3 143 147 138
3 138 146 145
3 139 150 141
3 141 153 139
3 144 153 141
3 146 153 144
3 1 20 175
3 40 1 175
3 23 3 173
3 3 48 173
3 36 5 174
3 5 43 174
3 7 39 172
3 51 7 172
3 20 21 168
3 20 168 175
3 21 22 157
3 21 157 168
3 22 23 162
3 157 22 162
3 162 23 173
3 37 36 167
3 167 36 174
3 38 37 156
3 156 37 167
3 39 38 166
3 38 156 166
3 39 166 172
3 41 40 164
3 164 40 175
3 42 41 154
3 154 41 164
3 43 42 163
3 42 154 163
3 43 163 174
3 48 49 165
3 48 165 173
3 49 50 155
3 49 155 165
3 50 51 158
3 155 50 158
3 158 51 172
3 163 154 171
3 154 164 178
3 171 154 178
3 155 158 159
3 155 159 160
3 155 160 165
3 166 156 176
3 156 167 169
3 156 169 176
3 157 162 177
3 168 157 170
3 170 157 177
3 159 158 166
3 166 158 172
3 160 159 161
3 161 159 176
3 159 166 176
3 160 161 177
3 160 162 165
3 162 160 177
3 161 169 171
3 169 161 176
3 170 161 171
3 161 170 177
3 165 162 173
3 167 163 169
3 163 167 174
3 169 163 171
3 168 164 175
3 164 168 178
3 168 170 178
3 170 171 178
3 0 200 12
3 44 200 0
3 15 197 2
3 2 197 52
3 28 198 4
3 4 198 47
3 6 199 31
3 55 199 6
3 12 189 13
3 12 200 189
3 13 179 14
3 13 189 179
3 14 187 15
3 179 187 14
3 187 197 15
3 29 190 28
3 190 198 28
3 30 180 29
3 180 190 29
3 31 183 30
3 30 183 180
3 31 199 183
3 45 191 44
3 191 200 44
3 46 182 45
3 182 191 45
3 47 188 46
3 46 188 182
3 47 198 188
3 52 192 53
3 52 197 192
3 53 181 54
3 53 192 181
3 54 193 55
3 181 193 54
3 193 199 55
3 179 196 187
3 189 203 179
3 179 203 196
3 183 184 180
3 184 185 180
3 185 190 180
3 192 195 181
3 181 201 193
3 195 201 181
3 188 202 182
3 182 194 191
3 182 202 194
3 183 193 184
3 183 199 193
3 184 186 185
3 184 201 186
3 193 201 184
3 186 202 185
3 188 190 185
3 185 202 188
3 186 196 194
3 194 202 186
3 195 196 186
3 186 201 195
3 187 195 192
3 192 197 187
3 187 196 195
3 188 198 190
3 189 200 191
3 191 203 189
3 194 203 191
3 196 203 194
3 204 205 206
3 204 210 205
3 204 206 207
3 212 204 207
3 204 211 210
3 212 211 204
3 205 209 206
3 205 210 209
3 208 207 206
3 208 206 209
3 214 207 208
3 212 207 213
3 214 213 207
3 210 208 209
3 210 211 208
3 211 221 208
3 224 214 208
3 224 208 221
3 212 215 211
3 215 220 211
3 211 220 221
3 215 212 213
3 215 213 214
3 216 215 214
3 216 214 217
3 225 217 214
3 225 214 224
3 216 229 215
3 215 229 220
3 218 216 217
3 218 230 216
3 216 230 229
3 218 217 219
3 228 219 217
3 228 217 225
3 231 218 219
3 218 231 230
3 231 219 228
3 220 223 221
3 220 222 223
3 229 222 220
3 234 221 223
3 234 224 221
3 222 234 223
3 229 240 222
3 222 240 234
3 225 224 226
3 224 233 226
3 224 234 233
3 225 226 227
3 235 225 227
3 236 228 225
3 236 225 235
3 232 227 226
3 232 226 233
3 235 227 232
3 242 231 228
3 242 228 236
3 230 240 229
3 231 241 230
3 230 241 240
3 231 242 241
3 244 232 233
3 236 235 232
3 236 232 237
3 246 237 232
3 246 232 244
3 234 245 233
3 244 233 245
3 240 248 234
3 234 248 245
3 238 236 237
3 243 236 238
3 243 242 236
3 238 237 239
3 247 239 237
3 247 237 246
3 249 238 239
3 256 243 238
3 256 238 249
3 249 239 247
3 241 252 240
3 240 252 248
3 242 253 241
3 241 253 252
3 243 255 242
3 242 255 253
3 243 256 255
3 257 244 245
3 259 246 244
3 259 244 257
3 248 258 245
3 257 245 258
3 260 247 246
3 260 246 259
3 250 249 247
3 250 247 251
3 261 251 247
3 261 247 260
3 252 254 248
3 254 262 248
3 248 262 258
3 250 265 249
3 271 256 249
3 271 249 265
3 264 250 251
3 250 264 265
3 264 251 261
3 252 253 254
3 253 263 254
3 255 268 253
3 253 268 263
3 254 263 262
3 256 269 255
3 255 269 268
3 256 271 269
3 262 257 258
3 273 259 257
3 262 263 257
3 263 274 257
3 273 257 274
3 275 260 259
3 275 259 273
3 276 261 260
3 276 260 275
3 266 264 261
3 266 261 267
3 277 267 261
3 277 261 276
3 268 270 263
3 270 278 263
3 263 278 274
3 272 265 264
3 266 281 264
3 287 272 264
3 287 264 281
3 272 271 265
3 280 266 267
3 266 280 281
3 280 267 277
3 268 269 270
3 269 279 270
3 271 284 269
3 269 284 279
3 270 279 278
3 272 285 271
3 271 285 284
3 272 287 285
3 288 273 274
3 290 275 273
3 290 273 288
3 278 289 274
3 288 274 289
3 291 276 275
3 291 275 290
3 292 277 276
3 292 276 291
3 282 280 277
3 282 277 283
3 293 283 277
3 293 277 292
3 279 294 278
3 278 294 289
3 284 286 279
3 286 295 279
3 279 295 294
3 280 297 281
3 282 298 280
3 280 298 297
3 285 281 286
3 285 287 281
3 281 296 286
3 281 297 296
3 299 282 283
3 282 299 298
3 299 283 293
3 284 285 286
3 286 296 295
3 300 288 289
3 302 290 288
3 302 288 300
3 294 301 289
3 300 289 301
3 303 291 290
3 303 290 302
3 304 292 291
3 304 291 303
3 305 293 292
3 305 292 304
3 311 299 293
3 311 293 305
3 295 306 294
3 294 306 301
3 296 307 295
3 295 307 306
3 297 308 296
3 296 308 307
3 298 309 297
3 297 309 308
3 299 310 298
3 298 310 309
3 299 311 310
3 306 300 301
3 314 302 300
3 306 307 300
3 307 315 300
3 314 300 315
3 316 303 302
3 316 302 314
3 319 304 303
3 319 303 316
3 321 305 304
3 321 304 319
3 312 311 305
3 312 305 313
3 323 313 305
3 323 305 321
3 308 324 307
3 307 324 315
3 309 325 308
3 308 325 324
3 310 326 309
3 309 326 325
3 311 327 310
3 310 327 326
3 312 328 311
3 311 328 327
3 329 312 313
3 312 329 328
3 329 313 323
3 344 314 315
3 316 314 317
3 314 341 317
3 314 344 341
3 324 345 315
3 344 315 345
3 316 317 318
3 319 316 318
3 340 318 317
3 340 317 341
3 319 318 320
3 342 320 318
3 342 318 340
3 321 319 320
3 321 320 322
3 343 322 320
3 343 320 342
3 346 321 322
3 347 323 321
3 347 321 346
3 346 322 343
3 354 329 323
3 354 323 347
3 325 349 324
3 324 349 345
3 326 350 325
3 325 350 349
3 327 351 326
3 326 351 350
3 328 352 327
3 327 352 351
3 329 353 328
3 328 353 352
3 329 354 353
3 330 331 332
3 330 336 331
3 330 332 333
3 337 330 333
3 330 337 336
3 331 335 332
3 331 336 335
3 334 333 332
3 334 332 335
3 337 333 334
3 428 334 335
3 338 337 334
3 338 334 339
3 430 339 334
3 430 334 428
3 336 429 335
3 428 335 429
3 337 435 336
3 336 435 429
3 338 436 337
3 337 436 435
3 437 338 339
3 338 437 436
3 437 339 430
3 355 340 341
3 357 342 340
3 357 340 355
3 344 356 341
3 355 341 356
3 358 343 342
3 358 342 357
3 347 346 343
3 347 343 348
3 359 348 343
3 359 343 358
3 349 344 345
3 349 350 344
3 350 360 344
3 344 360 356
3 361 347 348
3 825 354 347
3 827 347 361
3 825 347 826
3 827 826 347
3 361 348 359
3 351 362 350
3 350 362 360
3 352 363 351
3 351 363 362
3 353 364 352
3 352 364 363
3 354 365 353
3 353 365 364
3 354 366 365
3 825 366 354
3 367 355 356
3 369 357 355
3 369 355 367
3 360 368 356
3 367 356 368
3 370 358 357
3 370 357 369
3 371 359 358
3 371 358 370
3 827 361 359
3 830 359 371
3 827 359 828
3 830 828 359
3 362 372 360
3 360 372 368
3 363 373 362
3 362 373 372
3 364 374 363
3 363 374 373
3 365 376 364
3 364 376 374
3 366 377 365
3 365 377 376
3 366 378 377
3 829 378 366
3 825 829 366
3 379 367 368
3 381 369 367
3 381 367 379
3 372 380 368
3 379 368 380
3 382 370 369
3 382 369 381
3 383 371 370
3 383 370 382
3 836 371 383
3 836 830 371
3 373 375 372
3 375 384 372
3 372 384 380
3 373 374 375
3 374 385 375
3 376 386 374
3 374 386 385
3 375 385 384
3 377 387 376
3 376 387 386
3 378 389 377
3 377 389 387
3 378 390 389
3 834 390 378
3 829 834 378
3 384 379 380
3 391 381 379
3 384 385 379
3 385 392 379
3 391 379 392
3 393 382 381
3 393 381 391
3 394 383 382
3 394 382 393
3 843 383 394
3 843 836 383
3 386 388 385
3 388 395 385
3 385 395 392
3 386 387 388
3 387 396 388
3 389 397 387
3 387 397 396
3 388 396 395
3 390 398 389
3 389 398 397
3 390 400 398
3 841 400 390
3 834 841 390
3 401 391 392
3 403 393 391
3 403 391 401
3 395 402 392
3 401 392 402
3 404 394 393
3 404 393 403
3 853 394 404
3 853 843 394
3 396 405 395
3 395 405 402
3 397 399 396
3 399 406 396
3 396 406 405
3 397 398 399
3 398 407 399
3 400 408 398
3 398 408 407
3 399 407 406
3 400 409 408
3 850 409 400
3 841 850 400
3 411 401 402
3 413 403 401
3 413 401 411
3 405 412 402
3 411 402 412
3 414 404 403
3 414 403 413
3 862 404 414
3 862 853 404
3 406 415 405
3 405 415 412
3 407 416 406
3 406 416 415
3 408 410 407
3 410 417 407
3 407 417 416
3 408 409 410
3 409 418 410
3 409 419 418
3 859 419 409
3 850 859 409
3 410 418 417
3 415 411 412
3 420 413 411
3 415 416 411
3 416 421 411
3 420 411 421
3 422 414 413
3 422 413 420
3 874 414 422
3 874 862 414
3 417 425 416
3 416 425 421
3 418 426 417
3 417 426 425
3 419 871 418
3 418 427 426
3 871 427 418
3 859 870 419
3 419 870 871
3 702 420 421
3 422 420 423
3 420 701 423
3 420 702 701
3 425 703 421
3 702 421 703
3 422 423 424
3 874 422 424
3 700 424 423
3 700 423 701
3 894 424 700
3 874 424 875
3 894 875 424
3 426 704 425
3 425 704 703
3 427 705 426
3 426 705 704
3 427 706 705
3 884 706 427
3 871 884 427
3 442 428 429
3 430 428 431
3 428 440 431
3 428 442 440
3 435 443 429
3 442 429 443
3 430 431 432
3 433 430 432
3 438 430 433
3 438 437 430
3 439 432 431
3 439 431 440
3 433 432 434
3 441 434 432
3 441 432 439
3 444 433 434
3 448 438 433
3 448 433 444
3 444 434 441
3 436 445 435
3 435 445 443
3 437 446 436
3 436 446 445
3 438 447 437
3 437 447 446
3 438 448 447
3 449 439 440
3 451 441 439
3 451 439 449
3 442 450 440
3 449 440 450
3 496 444 441
3 499 441 451
3 496 441 497
3 499 497 441
3 445 442 443
3 445 446 442
3 446 452 442
3 442 452 450
3 498 448 444
3 498 444 496
3 447 453 446
3 446 453 452
3 448 454 447
3 447 454 453
3 448 456 454
3 498 456 448
3 457 449 450
3 459 451 449
3 459 449 457
3 452 458 450
3 457 450 458
3 507 451 459
3 507 499 451
3 453 455 452
3 455 460 452
3 452 460 458
3 453 454 455
3 454 461 455
3 456 462 454
3 454 462 461
3 455 461 460
3 456 463 462
3 505 463 456
3 498 505 456
3 460 457 458
3 464 459 457
3 460 461 457
3 461 465 457
3 464 457 465
3 517 459 464
3 517 507 459
3 462 466 461
3 461 466 465
3 463 467 462
3 462 467 466
3 463 468 467
3 514 468 463
3 505 514 463
3 470 464 465
3 534 464 470
3 534 517 464
3 466 471 465
3 470 465 471
3 467 469 466
3 469 472 466
3 466 472 471
3 467 468 469
3 468 473 469
3 468 474 473
3 525 474 468
3 514 525 468
3 469 473 472
3 475 470 471
3 573 470 475
3 573 534 470
3 472 476 471
3 475 471 476
3 473 479 472
3 472 479 476
3 474 482 473
3 473 482 479
3 474 483 482
3 552 483 474
3 525 552 474
3 475 476 477
3 475 477 478
3 573 475 478
3 476 486 477
3 479 481 476
3 487 476 481
3 476 487 486
3 485 478 477
3 485 477 486
3 600 478 485
3 573 478 574
3 600 574 478
3 479 480 481
3 479 489 480
3 483 479 482
3 483 484 479
3 484 492 479
3 479 492 489
3 480 488 481
3 480 489 488
3 487 481 488
3 483 493 484
3 483 495 493
3 576 495 483
3 552 576 483
3 484 493 492
3 1344 485 486
3 1422 600 485
3 1422 485 1344
3 487 1345 486
3 1344 486 1345
3 1348 487 488
3 487 1348 1345
3 489 491 488
3 1346 488 491
3 1348 488 1346
3 489 490 491
3 489 1349 490
3 493 489 492
3 493 494 489
3 494 1350 489
3 489 1350 1349
3 490 1347 491
3 490 1349 1347
3 1346 491 1347
3 493 1351 494
3 495 1352 493
3 493 1352 1351
3 494 1351 1350
3 576 604 495
3 605 495 604
3 605 606 495
3 606 1354 495
3 495 1354 1352
3 500 496 497
3 505 498 496
3 505 496 500
3 500 497 499
3 501 500 499
3 501 499 502
3 508 502 499
3 508 499 507
3 506 500 501
3 506 505 500
3 503 501 502
3 503 511 501
3 515 506 501
3 515 501 511
3 503 502 504
3 509 504 502
3 509 502 508
3 510 503 504
3 503 510 511
3 510 504 509
3 506 514 505
3 506 515 514
3 518 508 507
3 518 507 517
3 519 509 508
3 519 508 518
3 512 510 509
3 512 509 513
3 520 513 509
3 520 509 519
3 516 511 510
3 512 522 510
3 527 516 510
3 527 510 522
3 516 515 511
3 521 512 513
3 512 521 522
3 521 513 520
3 515 525 514
3 516 526 515
3 515 526 525
3 516 527 526
3 535 518 517
3 535 517 534
3 536 519 518
3 536 518 535
3 539 520 519
3 539 519 536
3 523 521 520
3 523 520 524
3 541 524 520
3 541 520 539
3 521 547 522
3 523 546 521
3 521 546 547
3 554 527 522
3 554 522 547
3 548 523 524
3 523 548 546
3 548 524 541
3 526 552 525
3 527 553 526
3 526 553 552
3 527 554 553
3 528 529 530
3 544 529 528
3 528 530 531
3 532 528 531
3 545 528 532
3 545 544 528
3 529 561 530
3 543 542 529
3 572 529 542
3 544 543 529
3 529 572 561
3 560 531 530
3 560 530 561
3 532 531 533
3 562 533 531
3 562 531 560
3 612 532 533
3 628 545 532
3 628 532 612
3 652 533 562
3 612 533 613
3 652 613 533
3 575 535 534
3 575 534 573
3 536 535 537
3 535 566 537
3 535 575 566
3 536 537 538
3 539 536 538
3 565 538 537
3 565 537 566
3 539 538 540
3 567 540 538
3 567 538 565
3 541 539 540
3 541 540 542
3 570 542 540
3 570 540 567
3 543 541 542
3 549 541 543
3 549 548 541
3 572 542 570
3 550 543 544
3 550 549 543
3 551 544 545
3 551 550 544
3 636 551 545
3 636 545 628
3 555 547 546
3 556 546 548
3 556 555 546
3 555 554 547
3 557 548 549
3 557 556 548
3 558 549 550
3 558 557 549
3 559 550 551
3 559 558 550
3 644 559 551
3 644 551 636
3 553 576 552
3 554 577 553
3 553 577 576
3 555 578 554
3 554 578 577
3 556 579 555
3 555 579 578
3 557 580 556
3 556 580 579
3 558 581 557
3 557 581 580
3 559 582 558
3 558 582 581
3 559 583 582
3 644 583 559
3 598 560 561
3 562 560 563
3 560 593 563
3 560 598 593
3 572 571 561
3 597 561 571
3 598 561 597
3 562 563 564
3 652 562 564
3 592 564 563
3 592 563 593
3 684 564 592
3 652 564 653
3 684 653 564
3 602 565 566
3 567 565 568
3 565 595 568
3 565 602 595
3 575 574 566
3 601 566 574
3 602 566 601
3 567 568 569
3 570 567 569
3 594 569 568
3 594 568 595
3 570 569 571
3 596 571 569
3 596 569 594
3 572 570 571
3 597 571 596
3 575 573 574
3 601 574 600
3 584 576 577
3 584 585 576
3 585 604 576
3 586 577 578
3 586 584 577
3 587 578 579
3 587 586 578
3 588 579 580
3 588 587 579
3 589 580 581
3 589 588 580
3 590 581 582
3 590 589 581
3 591 582 583
3 591 590 582
3 676 591 583
3 644 668 583
3 676 583 668
3 584 605 585
3 586 607 584
3 584 607 605
3 585 605 604
3 1314 586 587
3 586 608 607
3 1315 608 586
3 1314 1315 586
3 1316 587 588
3 1316 1314 587
3 1317 588 589
3 1317 1316 588
3 590 610 589
3 1323 589 610
3 1323 1317 589
3 591 609 590
3 590 609 610
3 591 611 609
3 676 611 591
3 1415 592 593
3 1528 684 592
3 1528 592 1415
3 598 599 593
3 1413 593 599
3 1415 593 1413
3 1418 594 595
3 1419 596 594
3 1419 594 1418
3 602 603 595
3 1416 595 603
3 1418 595 1416
3 1420 597 596
3 1420 596 1419
3 598 597 599
3 597 1414 599
3 597 1420 1414
3 1413 599 1414
3 1423 601 600
3 1423 600 1422
3 602 601 603
3 601 1417 603
3 601 1423 1417
3 1416 603 1417
3 1318 606 605
3 1319 605 607
3 1319 1318 605
3 1318 1295 606
3 1295 1355 606
3 606 1355 1354
3 1320 607 608
3 1320 1319 607
3 1315 1320 608
3 1324 610 609
3 1325 609 611
3 1325 1324 609
3 1324 1323 610
3 676 692 611
3 692 1463 611
3 2459 1325 611
3 2459 611 1463
3 614 612 613
3 629 612 614
3 629 628 612
3 614 613 615
3 654 615 613
3 654 613 652
3 616 614 615
3 630 614 616
3 630 629 614
3 616 615 617
3 656 617 615
3 656 615 654
3 618 616 617
3 631 616 618
3 631 630 616
3 618 617 619
3 658 619 617
3 658 617 656
3 620 618 619
3 632 618 620
3 632 631 618
3 620 619 621
3 660 621 619
3 660 619 658
3 622 620 621
3 633 620 622
3 633 632 620
3 622 621 623
3 662 623 621
3 662 621 660
3 624 622 623
3 634 622 624
3 634 633 622
3 624 623 625
3 664 625 623
3 664 623 662
3 626 624 625
3 635 624 626
3 635 634 624
3 626 625 627
3 666 627 625
3 666 625 664
3 747 626 627
3 756 635 626
3 756 626 747
3 784 627 666
3 747 627 748
3 784 748 627
3 637 628 629
3 637 636 628
3 638 629 630
3 638 637 629
3 639 630 631
3 639 638 630
3 640 631 632
3 640 639 631
3 641 632 633
3 641 640 632
3 642 633 634
3 642 641 633
3 643 634 635
3 643 642 634
3 764 643 635
3 764 635 756
3 645 636 637
3 645 644 636
3 646 637 638
3 646 645 637
3 647 638 639
3 647 646 638
3 648 639 640
3 648 647 639
3 649 640 641
3 649 648 640
3 650 641 642
3 650 649 641
3 651 642 643
3 651 650 642
3 772 651 643
3 772 643 764
3 645 668 644
3 646 669 645
3 645 669 668
3 647 670 646
3 646 670 669
3 648 671 647
3 647 671 670
3 649 672 648
3 648 672 671
3 650 673 649
3 649 673 672
3 651 674 650
3 650 674 673
3 651 675 674
3 772 675 651
3 654 652 653
3 654 653 655
3 685 655 653
3 685 653 684
3 656 654 655
3 656 655 657
3 686 657 655
3 686 655 685
3 658 656 657
3 658 657 659
3 687 659 657
3 687 657 686
3 660 658 659
3 660 659 661
3 688 661 659
3 688 659 687
3 662 660 661
3 662 661 663
3 689 663 661
3 689 661 688
3 664 662 663
3 664 663 665
3 690 665 663
3 690 663 689
3 666 664 665
3 666 665 667
3 691 667 665
3 691 665 690
3 784 666 667
3 809 667 691
3 784 667 785
3 809 785 667
3 677 668 669
3 677 676 668
3 678 669 670
3 678 677 669
3 679 670 671
3 679 678 670
3 680 671 672
3 680 679 671
3 681 672 673
3 681 680 672
3 682 673 674
3 682 681 673
3 683 674 675
3 683 682 674
3 801 683 675
3 772 793 675
3 801 675 793
3 677 692 676
3 678 693 677
3 677 693 692
3 679 694 678
3 678 694 693
3 680 695 679
3 679 695 694
3 681 696 680
3 680 696 695
3 682 697 681
3 681 697 696
3 683 698 682
3 682 698 697
3 683 699 698
3 801 699 683
3 1529 685 684
3 1529 684 1528
3 1530 686 685
3 1530 685 1529
3 1531 687 686
3 1531 686 1530
3 1532 688 687
3 1532 687 1531
3 1533 689 688
3 1533 688 1532
3 1534 690 689
3 1534 689 1533
3 1535 691 690
3 1535 690 1534
3 1616 809 691
3 1616 691 1535
3 693 1536 692
3 692 1536 1463
3 694 1537 693
3 693 1537 1536
3 695 1538 694
3 694 1538 1537
3 696 1539 695
3 695 1539 1538
3 697 1540 696
3 696 1540 1539
3 698 1541 697
3 697 1541 1540
3 699 1542 698
3 698 1542 1541
3 801 817 699
3 817 1543 699
3 699 1543 1542
3 707 700 701
3 908 700 707
3 908 894 700
3 702 708 701
3 707 701 708
3 709 702 703
3 702 709 708
3 704 710 703
3 709 703 710
3 705 711 704
3 704 711 710
3 706 712 705
3 705 712 711
3 706 713 712
3 902 713 706
3 884 902 706
3 714 707 708
3 924 707 714
3 924 908 707
3 709 715 708
3 714 708 715
3 711 709 710
3 711 712 709
3 712 716 709
3 709 716 715
3 713 719 712
3 712 719 716
3 713 720 719
3 917 720 713
3 902 917 713
3 723 714 715
3 942 714 723
3 942 924 714
3 716 718 715
3 721 715 718
3 723 715 721
3 716 717 718
3 716 724 717
3 719 725 716
3 716 725 724
3 717 722 718
3 717 724 722
3 721 718 722
3 720 726 719
3 719 726 725
3 720 727 726
3 934 727 720
3 917 934 720
3 728 721 722
3 730 723 721
3 730 721 728
3 724 729 722
3 728 722 729
3 959 723 730
3 959 942 723
3 725 731 724
3 724 731 729
3 726 734 725
3 725 734 731
3 727 737 726
3 726 737 734
3 727 738 737
3 951 738 727
3 934 951 727
3 743 728 729
3 745 730 728
3 745 728 743
3 731 733 729
3 739 729 733
3 743 729 739
3 983 730 745
3 983 959 730
3 731 732 733
3 735 732 731
3 737 731 734
3 737 735 731
3 732 740 733
3 735 736 732
3 736 755 732
3 732 755 740
3 739 733 740
3 735 760 736
3 737 761 735
3 735 761 760
3 736 760 755
3 738 762 737
3 737 762 761
3 738 763 762
3 967 763 738
3 951 967 738
3 739 740 741
3 739 741 742
3 743 739 742
3 740 781 741
3 755 754 740
3 792 740 754
3 740 792 781
3 780 742 741
3 780 741 781
3 743 742 744
3 782 744 742
3 782 742 780
3 745 743 744
3 745 744 746
3 783 746 744
3 783 744 782
3 983 745 746
3 1016 746 783
3 983 746 984
3 1016 984 746
3 749 747 748
3 757 747 749
3 757 756 747
3 749 748 750
3 786 750 748
3 786 748 784
3 751 749 750
3 758 749 751
3 758 757 749
3 751 750 752
3 788 752 750
3 788 750 786
3 753 751 752
3 759 751 753
3 759 758 751
3 753 752 754
3 790 754 752
3 790 752 788
3 755 753 754
3 760 753 755
3 760 759 753
3 792 754 790
3 765 756 757
3 765 764 756
3 766 757 758
3 766 765 757
3 767 758 759
3 767 766 758
3 768 759 760
3 768 767 759
3 769 760 761
3 769 768 760
3 770 761 762
3 770 769 761
3 771 762 763
3 771 770 762
3 1000 771 763
3 967 999 763
3 1000 763 999
3 773 764 765
3 773 772 764
3 774 765 766
3 774 773 765
3 775 766 767
3 775 774 766
3 776 767 768
3 776 775 767
3 777 768 769
3 777 776 768
3 778 769 770
3 778 777 769
3 779 770 771
3 779 778 770
3 1008 779 771
3 1008 771 1000
3 773 793 772
3 774 794 773
3 773 794 793
3 775 795 774
3 774 795 794
3 776 796 775
3 775 796 795
3 777 797 776
3 776 797 796
3 778 798 777
3 777 798 797
3 779 799 778
3 778 799 798
3 779 800 799
3 1008 800 779
3 814 780 781
3 815 782 780
3 815 780 814
3 792 791 781
3 813 781 791
3 814 781 813
3 816 783 782
3 816 782 815
3 1040 783 816
3 1040 1016 783
3 786 784 785
3 786 785 787
3 810 787 785
3 810 785 809
3 788 786 787
3 788 787 789
3 811 789 787
3 811 787 810
3 790 788 789
3 790 789 791
3 812 791 789
3 812 789 811
3 792 790 791
3 813 791 812
3 802 793 794
3 802 801 793
3 803 794 795
3 803 802 794
3 804 795 796
3 804 803 795
3 805 796 797
3 805 804 796
3 806 797 798
3 806 805 797
3 807 798 799
3 807 806 798
3 808 799 800
3 808 807 799
3 1032 808 800
3 1008 1024 800
3 1032 800 1024
3 802 817 801
3 803 818 802
3 802 818 817
3 804 819 803
3 803 819 818
3 805 820 804
3 804 820 819
3 806 821 805
3 805 821 820
3 807 822 806
3 806 822 821
3 808 823 807
3 807 823 822
3 808 824 823
3 1032 824 808
3 1617 810 809
3 1617 809 1616
3 1618 811 810
3 1618 810 1617
3 1619 812 811
3 1619 811 1618
3 1620 813 812
3 1620 812 1619
3 1621 814 813
3 1621 813 1620
3 1622 815 814
3 1622 814 1621
3 1623 816 815
3 1623 815 1622
3 1965 1040 816
3 1965 816 1623
3 818 1624 817
3 817 1624 1543
3 819 1625 818
3 818 1625 1624
3 820 1626 819
3 819 1626 1625
3 821 1627 820
3 820 1627 1626
3 822 1628 821
3 821 1628 1627
3 823 1629 822
3 822 1629 1628
3 824 1630 823
3 823 1630 1629
3 1032 1048 824
3 1048 1631 824
3 824 1631 1630
3 829 825 826
3 829 826 827
3 831 827 828
3 834 829 827
3 834 827 831
3 831 828 830
3 832 831 830
3 832 830 833
3 837 833 830
3 837 830 836
3 835 831 832
3 835 834 831
3 838 832 833
3 842 835 832
3 842 832 838
3 838 833 837
3 835 841 834
3 835 842 841
3 844 837 836
3 844 836 843
3 839 838 837
3 839 837 840
3 845 840 837
3 845 837 844
3 839 847 838
3 851 842 838
3 851 838 847
3 846 839 840
3 839 846 847
3 846 840 845
3 842 850 841
3 842 851 850
3 854 844 843
3 854 843 853
3 855 845 844
3 855 844 854
3 848 846 845
3 848 845 849
3 856 849 845
3 856 845 855
3 852 847 846
3 848 858 846
3 861 852 846
3 861 846 858
3 852 851 847
3 857 848 849
3 848 857 858
3 857 849 856
3 851 859 850
3 852 860 851
3 851 860 859
3 852 861 860
3 863 854 853
3 863 853 862
3 864 855 854
3 864 854 863
3 865 856 855
3 865 855 864
3 866 857 856
3 866 856 865
3 857 867 858
3 857 866 867
3 873 861 858
3 873 858 867
3 860 870 859
3 861 872 860
3 860 872 870
3 861 873 872
3 876 863 862
3 876 862 874
3 878 864 863
3 878 863 876
3 880 865 864
3 880 864 878
3 868 866 865
3 868 865 869
3 882 869 865
3 882 865 880
3 866 886 867
3 868 885 866
3 866 885 886
3 893 873 867
3 893 867 886
3 887 868 869
3 868 887 885
3 887 869 882
3 870 884 871
3 872 890 870
3 870 890 884
3 873 891 872
3 872 891 890
3 873 893 891
3 876 874 875
3 876 875 877
3 895 877 875
3 895 875 894
3 878 876 877
3 878 877 879
3 896 879 877
3 896 877 895
3 880 878 879
3 880 879 881
3 897 881 879
3 897 879 896
3 882 880 881
3 882 881 883
3 898 883 881
3 898 881 897
3 899 882 883
3 888 887 882
3 888 882 889
3 900 889 882
3 900 882 899
3 899 883 898
3 890 892 884
3 892 902 884
3 885 904 886
3 887 905 885
3 885 905 904
3 891 886 892
3 891 893 886
3 886 903 892
3 886 904 903
3 888 906 887
3 887 906 905
3 907 888 889
3 888 907 906
3 907 889 900
3 890 891 892
3 892 903 902
3 909 895 894
3 909 894 908
3 910 896 895
3 910 895 909
3 911 897 896
3 911 896 910
3 912 898 897
3 912 897 911
3 900 899 898
3 900 898 901
3 913 901 898
3 913 898 912
3 914 900 901
3 922 907 900
3 922 900 914
3 914 901 913
3 903 917 902
3 904 918 903
3 903 918 917
3 905 919 904
3 904 919 918
3 906 920 905
3 905 920 919
3 907 921 906
3 906 921 920
3 907 922 921
3 925 909 908
3 925 908 924
3 926 910 909
3 926 909 925
3 927 911 910
3 927 910 926
3 928 912 911
3 928 911 927
3 929 913 912
3 929 912 928
3 915 914 913
3 915 913 916
3 930 916 913
3 930 913 929
3 923 914 915
3 923 922 914
3 931 915 916
3 940 923 915
3 940 915 931
3 931 916 930
3 918 934 917
3 919 935 918
3 918 935 934
3 920 936 919
3 919 936 935
3 921 937 920
3 920 937 936
3 922 938 921
3 921 938 937
3 923 939 922
3 922 939 938
3 923 940 939
3 943 925 924
3 943 924 942
3 944 926 925
3 944 925 943
3 945 927 926
3 945 926 944
3 946 928 927
3 946 927 945
3 947 929 928
3 947 928 946
3 948 930 929
3 948 929 947
3 932 931 930
3 932 930 933
3 949 933 930
3 949 930 948
3 941 931 932
3 941 940 931
3 950 932 933
3 958 941 932
3 958 932 950
3 950 933 949
3 935 951 934
3 936 952 935
3 935 952 951
3 937 953 936
3 936 953 952
3 938 954 937
3 937 954 953
3 939 955 938
3 938 955 954
3 940 956 939
3 939 956 955
3 941 957 940
3 940 957 956
3 941 958 957
3 960 943 942
3 960 942 959
3 961 944 943
3 961 943 960
3 962 945 944
3 962 944 961
3 963 946 945
3 963 945 962
3 964 947 946
3 964 946 963
3 965 948 947
3 965 947 964
3 966 949 948
3 966 948 965
3 1056 950 949
3 1059 949 966
3 1056 949 1057
3 1059 1057 949
3 1058 958 950
3 1058 950 1056
3 952 967 951
3 953 968 952
3 952 968 967
3 954 969 953
3 953 969 968
3 955 970 954
3 954 970 969
3 956 971 955
3 955 971 970
3 957 972 956
3 956 972 971
3 958 973 957
3 957 973 972
3 958 974 973
3 1058 974 958
3 985 960 959
3 985 959 983
3 987 961 960
3 987 960 985
3 989 962 961
3 989 961 987
3 991 963 962
3 991 962 989
3 993 964 963
3 993 963 991
3 995 965 964
3 995 964 993
3 997 966 965
3 997 965 995
3 1069 966 997
3 1069 1059 966
3 975 967 968
3 975 976 967
3 976 999 967
3 977 968 969
3 977 975 968
3 978 969 970
3 978 977 969
3 979 970 971
3 979 978 970
3 980 971 972
3 980 979 971
3 981 972 973
3 981 980 972
3 982 973 974
3 982 981 973
3 1068 982 974
3 1058 1065 974
3 1068 974 1065
3 975 1000 976
3 977 1001 975
3 975 1001 1000
3 976 1000 999
3 978 1002 977
3 977 1002 1001
3 979 1003 978
3 978 1003 1002
3 980 1004 979
3 979 1004 1003
3 981 1005 980
3 980 1005 1004
3 982 1006 981
3 981 1006 1005
3 982 1007 1006
3 1068 1007 982
3 985 983 984
3 985 984 986
3 1017 986 984
3 1017 984 1016
3 987 985 986
3 987 986 988
3 1018 988 986
3 1018 986 1017
3 989 987 988
3 989 988 990
3 1019 990 988
3 1019 988 1018
3 991 989 990
3 991 990 992
3 1020 992 990
3 1020 990 1019
3 993 991 992
3 993 992 994
3 1021 994 992
3 1021 992 1020
3 995 993 994
3 995 994 996
3 1022 996 994
3 1022 994 1021
3 997 995 996
3 997 996 998
3 1023 998 996
3 1023 996 1022
3 1069 997 998
3 1110 998 1023
3 1069 998 1070
3 1110 1070 998
3 1009 1000 1001
3 1009 1008 1000
3 1010 1001 1002
3 1010 1009 1001
3 1011 1002 1003
3 1011 1010 1002
3 1012 1003 1004
3 1012 1011 1003
3 1013 1004 1005
3 1013 1012 1004
3 1014 1005 1006
3 1014 1013 1005
3 1015 1006 1007
3 1015 1014 1006
3 1102 1015 1007
3 1068 1094 1007
3 1102 1007 1094
3 1009 1024 1008
3 1010 1025 1009
3 1009 1025 1024
3 1011 1026 1010
3 1010 1026 1025
3 1012 1027 1011
3 1011 1027 1026
3 1013 1028 1012
3 1012 1028 1027
3 1014 1029 1013
3 1013 1029 1028
3 1015 1030 1014
3 1014 1030 1029
3 1015 1031 1030
3 1102 1031 1015
3 1041 1017 1016
3 1041 1016 1040
3 1042 1018 1017
3 1042 1017 1041
3 1043 1019 1018
3 1043 1018 1042
3 1044 1020 1019
3 1044 1019 1043
3 1045 1021 1020
3 1045 1020 1044
3 1046 1022 1021
3 1046 1021 1045
3 1047 1023 1022
3 1047 1022 1046
3 1140 1023 1047
3 1140 1110 1023
3 1033 1024 1025
3 1033 1032 1024
3 1034 1025 1026
3 1034 1033 1025
3 1035 1026 1027
3 1035 1034 1026
3 1036 1027 1028
3 1036 1035 1027
3 1037 1028 1029
3 1037 1036 1028
3 1038 1029 1030
3 1038 1037 1029
3 1039 1030 1031
3 1039 1038 1030
3 1132 1039 1031
3 1102 1124 1031
3 1132 1031 1124
3 1033 1048 1032
3 1034 1049 1033
3 1033 1049 1048
3 1035 1050 1034
3 1034 1050 1049
3 1036 1051 1035
3 1035 1051 1050
3 1037 1052 1036
3 1036 1052 1051
3 1038 1053 1037
3 1037 1053 1052
3 1039 1054 1038
3 1038 1054 1053
3 1039 1055 1054
3 1132 1055 1039
3 1966 1041 1040
3 1966 1040 1965
3 1967 1042 1041
3 1967 1041 1966
3 1968 1043 1042
3 1968 1042 1967
3 1969 1044 1043
3 1969 1043 1968
3 1970 1045 1044
3 1970 1044 1969
3 1971 1046 1045
3 1971 1045 1970
3 1972 1047 1046
3 1972 1046 1971
3 2127 1140 1047
3 2127 1047 1972
3 1049 1973 1048
3 1048 1973 1631
3 1050 1974 1049
3 1049 1974 1973
3 1051 1975 1050
3 1050 1975 1974
3 1052 1976 1051
3 1051 1976 1975
3 1053 1977 1052
3 1052 1977 1976
3 1054 1978 1053
3 1053 1978 1977
3 1055 1979 1054
3 1054 1979 1978
3 1132 1148 1055
3 1148 1980 1055
3 1055 1980 1979
3 1060 1056 1057
3 1065 1058 1056
3 1065 1056 1060
3 1060 1057 1059
3 1061 1060 1059
3 1061 1059 1062
3 1071 1062 1059
3 1071 1059 1069
3 1066 1060 1061
3 1066 1065 1060
3 1063 1061 1062
3 1067 1061 1063
3 1067 1066 1061
3 1063 1062 1064
3 1073 1064 1062
3 1073 1062 1071
3 1075 1063 1064
3 1088 1067 1063
3 1088 1063 1075
3 1075 1064 1073
3 1066 1087 1065
3 1094 1068 1065
3 1094 1065 1087
3 1067 1086 1066
3 1066 1086 1087
3 1067 1088 1086
3 1071 1069 1070
3 1071 1070 1072
3 1111 1072 1070
3 1111 1070 1110
3 1073 1071 1072
3 1073 1072 1074
3 1112 1074 1072
3 1112 1072 1111
3 1113 1073 1074
3 1076 1075 1073
3 1076 1073 1077
3 1114 1077 1073
3 1114 1073 1113
3 1113 1074 1112
3 1089 1075 1076
3 1089 1088 1075
3 1078 1076 1077
3 1090 1076 1078
3 1090 1089 1076
3 1078 1077 1079
3 1116 1079 1077
3 1116 1077 1114
3 1080 1078 1079
3 1091 1078 1080
3 1091 1090 1078
3 1080 1079 1081
3 1118 1081 1079
3 1118 1079 1116
3 1082 1080 1081
3 1092 1080 1082
3 1092 1091 1080
3 1082 1081 1083
3 1120 1083 1081
3 1120 1081 1118
3 1084 1082 1083
3 1093 1082 1084
3 1093 1092 1082
3 1084 1083 1085
3 1122 1085 1083
3 1122 1083 1120
3 1156 1084 1085
3 1172 1093 1084
3 1172 1084 1156
3 1196 1085 1122
3 1156 1085 1157
3 1196 1157 1085
3 1095 1087 1086
3 1096 1086 1088
3 1096 1095 1086
3 1095 1094 1087
3 1097 1088 1089
3 1097 1096 1088
3 1098 1089 1090
3 1098 1097 1089
3 1099 1090 1091
3 1099 1098 1090
3 1100 1091 1092
3 1100 1099 1091
3 1101 1092 1093
3 1101 1100 1092
3 1180 1101 1093
3 1180 1093 1172
3 1103 1094 1095
3 1103 1102 1094
3 1104 1095 1096
3 1104 1103 1095
3 1105 1096 1097
3 1105 1104 1096
3 1106 1097 1098
3 1106 1105 1097
3 1107 1098 1099
3 1107 1106 1098
3 1108 1099 1100
3 1108 1107 1099
3 1109 1100 1101
3 1109 1108 1100
3 1188 1109 1101
3 1188 1101 1180
3 1103 1124 1102
3 1104 1125 1103
3 1103 1125 1124
3 1105 1126 1104
3 1104 1126 1125
3 1106 1127 1105
3 1105 1127 1126
3 1107 1128 1106
3 1106 1128 1127
3 1108 1129 1107
3 1107 1129 1128
3 1109 1130 1108
3 1108 1130 1129
3 1109 1131 1130
3 1188 1131 1109
3 1141 1111 1110
3 1141 1110 1140
3 1142 1112 1111
3 1142 1111 1141
3 1114 1113 1112
3 1114 1112 1115
3 1143 1115 1112
3 1143 1112 1142
3 1116 1114 1115
3 1116 1115 1117
3 1144 1117 1115
3 1144 1115 1143
3 1118 1116 1117
3 1118 1117 1119
3 1145 1119 1117
3 1145 1117 1144
3 1120 1118 1119
3 1120 1119 1121
3 1146 1121 1119
3 1146 1119 1145
3 1122 1120 1121
3 1122 1121 1123
3 1147 1123 1121
3 1147 1121 1146
3 1196 1122 1123
3 1227 1123 1147
3 1196 1123 1197
3 1227 1197 1123
3 1133 1124 1125
3 1133 1132 1124
3 1134 1125 1126
3 1134 1133 1125
3 1135 1126 1127
3 1135 1134 1126
3 1136 1127 1128
3 1136 1135 1127
3 1137 1128 1129
3 1137 1136 1128
3 1138 1129 1130
3 1138 1137 1129
3 1139 1130 1131
3 1139 1138 1130
3 1221 1139 1131
3 1188 1212 1131
3 1221 1131 1212
3 1133 1148 1132
3 1134 1149 1133
3 1133 1149 1148
3 1135 1150 1134
3 1134 1150 1149
3 1136 1151 1135
3 1135 1151 1150
3 1137 1152 1136
3 1136 1152 1151
3 1138 1153 1137
3 1137 1153 1152
3 1139 1154 1138
3 1138 1154 1153
3 1139 1155 1154
3 1221 1155 1139
3 2128 1141 1140
3 2128 1140 2127
3 2129 1142 1141
3 2129 1141 2128
3 2130 1143 1142
3 2130 1142 2129
3 2131 1144 1143
3 2131 1143 2130
3 2132 1145 1144
3 2132 1144 2131
3 2133 1146 1145
3 2133 1145 2132
3 2134 1147 1146
3 2134 1146 2133
3 2227 1227 1147
3 2227 1147 2134
3 1149 2135 1148
3 1148 2135 1980
3 1150 2136 1149
3 1149 2136 2135
3 1151 2137 1150
3 1150 2137 2136
3 1152 2138 1151
3 1151 2138 2137
3 1153 2139 1152
3 1152 2139 2138
3 1154 2140 1153
3 1153 2140 2139
3 1155 2141 1154
3 1154 2141 2140
3 1221 1238 1155
3 1238 2142 1155
3 1155 2142 2141
3 1158 1156 1157
3 1173 1156 1158
3 1173 1172 1156
3 1158 1157 1159
3 1198 1159 1157
3 1198 1157 1196
3 1160 1158 1159
3 1174 1158 1160
3 1174 1173 1158
3 1160 1159 1161
3 1200 1161 1159
3 1200 1159 1198
3 1162 1160 1161
3 1175 1160 1162
3 1175 1174 1160
3 1162 1161 1163
3 1202 1163 1161
3 1202 1161 1200
3 1164 1162 1163
3 1176 1162 1164
3 1176 1175 1162
3 1164 1163 1165
3 1204 1165 1163
3 1204 1163 1202
3 1166 1164 1165
3 1177 1164 1166
3 1177 1176 1164
3 1166 1165 1167
3 1206 1167 1165
3 1206 1165 1204
3 1168 1166 1167
3 1178 1166 1168
3 1178 1177 1166
3 1168 1167 1169
3 1208 1169 1167
3 1208 1167 1206
3 1170 1168 1169
3 1179 1168 1170
3 1179 1178 1168
3 1170 1169 1171
3 1210 1171 1169
3 1210 1169 1208
3 1245 1170 1171
3 1249 1179 1170
3 1249 1170 1245
3 1255 1171 1210
3 1245 1171 1246
3 1255 1246 1171
3 1181 1172 1173
3 1181 1180 1172
3 1182 1173 1174
3 1182 1181 1173
3 1183 1174 1175
3 1183 1182 1174
3 1184 1175 1176
3 1184 1183 1175
3 1185 1176 1177
3 1185 1184 1176
3 1186 1177 1178
3 1186 1185 1177
3 1187 1178 1179
3 1187 1186 1178
3 1253 1187 1179
3 1253 1179 1249
3 1189 1180 1181
3 1189 1188 1180
3 1190 1181 1182
3 1190 1189 1181
3 1191 1182 1183
3 1191 1190 1182
3 1192 1183 1184
3 1192 1191 1183
3 1193 1184 1185
3 1193 1192 1184
3 1194 1185 1186
3 1194 1193 1185
3 1195 1186 1187
3 1195 1194 1186
3 1219 1195 1187
3 1219 1187 1220
3 1253 1220 1187
3 1189 1212 1188
3 1190 1213 1189
3 1189 1213 1212
3 1191 1214 1190
3 1190 1214 1213
3 1192 1215 1191
3 1191 1215 1214
3 1193 1216 1192
3 1192 1216 1215
3 1194 1217 1193
3 1193 1217 1216
3 1195 1218 1194
3 1194 1218 1217
3 1195 1219 1218
3 1198 1196 1197
3 1198 1197 1199
3 1228 1199 1197
3 1228 1197 1227
3 1200 1198 1199
3 1200 1199 1201
3 1229 1201 1199
3 1229 1199 1228
3 1202 1200 1201
3 1202 1201 1203
3 1230 1203 1201
3 1230 1201 1229
3 1204 1202 1203
3 1204 1203 1205
3 1231 1205 1203
3 1231 1203 1230
3 1206 1204 1205
3 1206 1205 1207
3 1232 1207 1205
3 1232 1205 1231
3 1208 1206 1207
3 1208 1207 1209
3 1233 1209 1207
3 1233 1207 1232
3 1210 1208 1209
3 1210 1209 1211
3 1234 1211 1209
3 1234 1209 1233
3 1255 1210 1211
3 1275 1211 1234
3 1255 1211 1256
3 1275 1256 1211
3 1222 1212 1213
3 1222 1221 1212
3 1223 1213 1214
3 1223 1222 1213
3 1224 1214 1215
3 1224 1223 1214
3 1225 1215 1216
3 1225 1224 1215
3 1226 1216 1217
3 1226 1225 1216
3 1218 1236 1217
3 1243 1226 1217
3 1243 1217 1236
3 1219 1235 1218
3 1218 1235 1236
3 1273 1219 1220
3 1219 1237 1235
3 1273 1237 1219
3 1253 1270 1220
3 1273 1220 1270
3 1222 1238 1221
3 1223 1239 1222
3 1222 1239 1238
3 1224 1240 1223
3 1223 1240 1239
3 1225 1241 1224
3 1224 1241 1240
3 1226 1242 1225
3 1225 1242 1241
3 1226 1243 1242
3 2228 1228 1227
3 2228 1227 2227
3 2229 1229 1228
3 2229 1228 2228
3 2230 1230 1229
3 2230 1229 2229
3 2231 1231 1230
3 2231 1230 2230
3 2232 1232 1231
3 2232 1231 2231
3 2233 1233 1232
3 2233 1232 2232
3 2234 1234 1233
3 2234 1233 2233
3 2316 1275 1234
3 2316 1234 2234
3 1244 1236 1235
3 1237 2236 1235
3 2243 1244 1235
3 2243 1235 2236
3 1244 1243 1236
3 1273 1290 1237
3 1290 2235 1237
3 1237 2235 2236
3 1239 2237 1238
3 1238 2237 2142
3 1240 2238 1239
3 1239 2238 2237
3 1241 2239 1240
3 1240 2239 2238
3 1242 2240 1241
3 1241 2240 2239
3 1243 2241 1242
3 1242 2241 2240
3 1244 2242 1243
3 1243 2242 2241
3 1244 2243 2242
3 1247 1245 1246
3 1250 1245 1247
3 1250 1249 1245
3 1247 1246 1248
3 1257 1248 1246
3 1257 1246 1255
3 1261 1247 1248
3 1251 1250 1247
3 1251 1247 1252
3 1262 1252 1247
3 1262 1247 1261
3 1261 1248 1257
3 1254 1249 1250
3 1254 1253 1249
3 1251 1268 1250
3 1271 1254 1250
3 1271 1250 1268
3 1267 1251 1252
3 1251 1267 1268
3 1267 1252 1262
3 1254 1270 1253
3 1254 1271 1270
3 1257 1255 1256
3 1257 1256 1258
3 1276 1258 1256
3 1276 1256 1275
3 1259 1257 1258
3 1262 1257 1259
3 1262 1261 1257
3 1259 1258 1260
3 1277 1260 1258
3 1277 1258 1276
3 1278 1259 1260
3 1263 1262 1259
3 1263 1259 1264
3 1279 1264 1259
3 1279 1259 1278
3 1278 1260 1277
3 1269 1262 1263
3 1269 1267 1262
3 1265 1263 1264
3 1265 1283 1263
3 1284 1269 1263
3 1284 1263 1283
3 1265 1264 1266
3 1281 1266 1264
3 1281 1264 1279
3 1282 1265 1266
3 1265 1282 1283
3 1282 1266 1281
3 1272 1268 1267
3 1269 1285 1267
3 1287 1272 1267
3 1287 1267 1285
3 1272 1271 1268
3 1269 1284 1285
3 1274 1270 1271
3 1274 1273 1270
3 1272 1288 1271
3 1291 1274 1271
3 1291 1271 1288
3 1272 1287 1288
3 1274 1290 1273
3 1274 1291 1290
3 2317 1276 1275
3 2317 1275 2316
3 2318 1277 1276
3 2318 1276 2317
3 1279 1278 1277
3 1279 1277 1280
3 2319 1280 1277
3 2319 1277 2318
3 2321 1279 1280
3 2322 1281 1279
3 2322 1279 2321
3 2321 1280 2319
3 2323 1282 1281
3 2323 1281 2322
3 1286 1283 1282
3 2325 1286 1282
3 2325 1282 2323
3 1286 1284 1283
3 1289 1285 1284
3 1286 2324 1284
3 2329 1289 1284
3 2329 1284 2324
3 1289 1287 1285
3 1286 2325 2324
3 1287 2328 1288
3 1289 2327 1287
3 1287 2327 2328
3 2332 1291 1288
3 2332 1288 2328
3 1289 2329 2327
3 1291 2331 1290
3 1290 2331 2235
3 1291 2332 2331
3 1292 1293 1294
3 1296 1293 1292
3 1292 1294 1295
3 1326 1292 1295
3 1332 1296 1292
3 1332 1292 1326
3 1293 2433 1294
3 1296 1297 1293
3 1297 2434 1293
3 1293 2434 2433
3 2432 1295 1294
3 2432 1294 2433
3 1326 1295 1318
3 1295 2432 1355
3 1301 1297 1296
3 1337 1301 1296
3 1337 1296 1332
3 1298 1300 1297
3 1301 1298 1297
3 2436 1297 1300
3 1297 2436 2434
3 1298 1299 1300
3 1302 1299 1298
3 1304 1298 1301
3 1304 1302 1298
3 1299 2437 1300
3 1302 1303 1299
3 1303 2439 1299
3 1299 2439 2437
3 2436 1300 2437
3 1341 1304 1301
3 1341 1301 1337
3 1308 1303 1302
3 1309 1302 1304
3 1309 1308 1302
3 1305 1307 1303
3 1308 1305 1303
3 2442 1303 1307
3 1303 2442 2439
3 1343 1309 1304
3 1343 1304 1341
3 1305 1306 1307
3 1310 1306 1305
3 1312 1305 1308
3 1312 1310 1305
3 1306 2443 1307
3 1310 1311 1306
3 1311 2446 1306
3 1306 2446 2443
3 2442 1307 2443
3 1313 1308 1309
3 1313 1312 1308
3 2453 1313 1309
3 1343 2449 1309
3 2453 1309 2449
3 1310 2450 1311
3 1312 2451 1310
3 1310 2451 2450
3 1311 2450 2446
3 1313 2452 1312
3 1312 2452 2451
3 1313 2453 2452
3 1314 1320 1315
3 1316 1321 1314
3 1314 1321 1320
3 1317 1322 1316
3 1316 1322 1321
3 1317 1323 1322
3 1327 1318 1319
3 1327 1326 1318
3 1328 1319 1320
3 1328 1327 1319
3 1329 1320 1321
3 1329 1328 1320
3 1330 1321 1322
3 1330 1329 1321
3 1331 1322 1323
3 1331 1330 1322
3 1324 2457 1323
3 2467 1331 1323
3 2467 1323 2457
3 1325 2458 1324
3 1324 2458 2457
3 1325 2459 2458
3 1333 1326 1327
3 1333 1332 1326
3 1334 1327 1328
3 1334 1333 1327
3 1335 1328 1329
3 1335 1334 1328
3 1336 1329 1330
3 1336 1335 1329
3 1331 2465 1330
3 2472 1336 1330
3 2472 1330 2465
3 1331 2467 2465
3 1338 1332 1333
3 1338 1337 1332
3 1339 1333 1334
3 1339 1338 1333
3 1340 1334 1335
3 1340 1339 1334
3 1336 2471 1335
3 2476 1340 1335
3 2476 1335 2471
3 1336 2472 2471
3 1342 1337 1338
3 1342 1341 1337
3 1339 2474 1338
3 2478 1342 1338
3 2478 1338 2474
3 1340 2475 1339
3 1339 2475 2474
3 1340 2476 2475
3 1342 2477 1341
3 2479 1343 1341
3 2479 1341 2477
3 1342 2478 2477
3 1343 2479 2449
3 1356 1344 1345
3 1435 1344 1356
3 1435 1422 1344
3 1348 1357 1345
3 1356 1345 1357
3 1349 1346 1347
3 1358 1348 1346
3 1349 1350 1346
3 1350 1359 1346
3 1358 1346 1359
3 1348 1358 1357
3 1351 1353 1350
3 1353 1361 1350
3 1350 1361 1359
3 1351 1352 1353
3 1352 1362 1353
3 1354 1363 1352
3 1352 1363 1362
3 1353 1362 1361
3 1355 1426 1354
3 1354 1364 1363
3 1426 1364 1354
3 1355 1425 1426
3 2432 1425 1355
3 1358 1356 1357
3 1358 1360 1356
3 1360 1435 1356
3 1361 1358 1359
3 1366 1360 1358
3 1361 1362 1358
3 1362 1367 1358
3 1366 1358 1367
3 1474 1360 1366
3 1360 1441 1435
3 1474 1441 1360
3 1363 1365 1362
3 1365 1368 1362
3 1362 1368 1367
3 1363 1364 1365
3 1364 1369 1365
3 1364 1370 1369
3 1443 1370 1364
3 1426 1443 1364
3 1365 1369 1368
3 1371 1366 1367
3 1496 1366 1371
3 1496 1474 1366
3 1368 1372 1367
3 1371 1367 1372
3 1369 1373 1368
3 1368 1373 1372
3 1370 1374 1369
3 1369 1374 1373
3 1370 1375 1374
3 1486 1375 1370
3 1443 1486 1370
3 1377 1371 1372
3 1507 1371 1377
3 1507 1496 1371
3 1373 1378 1372
3 1377 1372 1378
3 1375 1373 1374
3 1375 1376 1373
3 1376 1379 1373
3 1373 1379 1378
3 1375 1382 1376
3 1375 1383 1382
3 1504 1383 1375
3 1486 1504 1375
3 1376 1382 1379
3 1386 1377 1378
3 1517 1377 1386
3 1517 1507 1377
3 1379 1381 1378
3 1384 1378 1381
3 1386 1378 1384
3 1379 1380 1381
3 1379 1387 1380
3 1382 1388 1379
3 1379 1388 1387
3 1380 1385 1381
3 1380 1387 1385
3 1384 1381 1385
3 1383 1389 1382
3 1382 1389 1388
3 1383 1391 1389
3 1513 1391 1383
3 1504 1513 1383
3 1392 1384 1385
3 1394 1386 1384
3 1394 1384 1392
3 1387 1393 1385
3 1392 1385 1393
3 1525 1386 1394
3 1525 1517 1386
3 1389 1387 1388
3 1389 1390 1387
3 1390 1395 1387
3 1387 1395 1393
3 1389 1396 1390
3 1391 1399 1389
3 1389 1399 1396
3 1390 1396 1395
3 1391 1400 1399
3 1523 1400 1391
3 1513 1523 1391
3 1401 1392 1393
3 1403 1394 1392
3 1403 1392 1401
3 1395 1402 1393
3 1401 1393 1402
3 1407 1394 1403
3 1407 1408 1394
3 1408 1525 1394
3 1396 1398 1395
3 1404 1395 1398
3 1395 1404 1402
3 1396 1397 1398
3 1396 1409 1397
3 1399 1410 1396
3 1396 1410 1409
3 1397 1405 1398
3 1397 1409 1405
3 1404 1398 1405
3 1400 1411 1399
3 1399 1411 1410
3 1412 1400 1408
3 1400 1526 1408
3 1400 1412 1411
3 1523 1527 1400
3 1400 1527 1526
3 1404 1401 1402
3 1406 1403 1401
3 1404 1406 1401
3 1406 1407 1403
3 1741 1404 1405
3 1743 1406 1404
3 1743 1404 1741
3 1409 1742 1405
3 1741 1405 1742
3 1411 1407 1406
3 1746 1411 1406
3 1746 1406 1743
3 1412 1408 1407
3 1411 1412 1407
3 1408 1526 1525
3 1410 1744 1409
3 1409 1744 1742
3 1411 1745 1410
3 1410 1745 1744
3 1411 1746 1745
3 1420 1413 1414
3 1427 1415 1413
3 1420 1421 1413
3 1421 1428 1413
3 1427 1413 1428
3 1544 1415 1427
3 1544 1528 1415
3 1423 1416 1417
3 1429 1418 1416
3 1423 1424 1416
3 1424 1430 1416
3 1429 1416 1430
3 1431 1419 1418
3 1431 1418 1429
3 1432 1420 1419
3 1432 1419 1431
3 1433 1421 1420
3 1433 1420 1432
3 1421 1433 1428
3 1436 1423 1422
3 1436 1422 1435
3 1437 1424 1423
3 1437 1423 1436
3 1424 1437 1430
3 1425 1443 1426
3 1425 1444 1443
3 1447 1444 1425
3 2454 1447 1425
3 2432 2454 1425
3 1433 1427 1428
3 1433 1434 1427
3 1434 1544 1427
3 1437 1429 1430
3 1438 1431 1429
3 1437 1438 1429
3 1439 1432 1431
3 1438 1439 1431
3 1464 1433 1432
3 1439 1440 1432
3 1440 1465 1432
3 1464 1432 1465
3 1466 1434 1433
3 1466 1433 1464
3 1576 1434 1466
3 1434 1552 1544
3 1576 1552 1434
3 1441 1436 1435
3 1467 1437 1436
3 1441 1442 1436
3 1442 1468 1436
3 1467 1436 1468
3 1469 1438 1437
3 1469 1437 1467
3 1470 1439 1438
3 1470 1438 1469
3 1471 1440 1439
3 1471 1439 1470
3 1440 1471 1465
3 1475 1442 1441
3 1475 1441 1474
3 1442 1475 1468
3 1444 1446 1443
3 1446 1486 1443
3 1444 1445 1446
3 1447 1445 1444
3 1445 1449 1446
3 1450 1445 1447
3 1445 1448 1449
3 1450 1448 1445
3 1449 1487 1446
3 1446 1487 1486
3 2455 1450 1447
3 2454 2455 1447
3 1448 1452 1449
3 2456 1448 1450
3 1448 1451 1452
3 2480 1451 1448
3 2456 2480 1448
3 1452 1488 1449
3 1449 1488 1487
3 2455 2456 1450
3 1451 1454 1452
3 1451 1453 1454
3 2481 1453 1451
3 2480 2481 1451
3 1454 1489 1452
3 1452 1489 1488
3 1453 1456 1454
3 1453 1455 1456
3 2482 1455 1453
3 2481 2482 1453
3 1456 1492 1454
3 1454 1492 1489
3 1455 1458 1456
3 1455 1457 1458
3 1459 1457 1455
3 1459 1455 1460
3 2483 1460 1455
3 2482 2483 1455
3 1458 1493 1456
3 1456 1493 1492
3 1457 1462 1458
3 1463 1457 1459
3 1457 1461 1462
3 1463 1461 1457
3 1462 1494 1458
3 1458 1494 1493
3 2457 1459 1460
3 2458 1463 1459
3 2457 2458 1459
3 2483 2457 1460
3 1461 1561 1462
3 1536 1461 1463
3 1536 1560 1461
3 1461 1560 1561
3 1462 1495 1494
3 1561 1495 1462
3 2458 2459 1463
3 1471 1464 1465
3 1472 1466 1464
3 1471 1472 1464
3 1472 1473 1466
3 1473 1576 1466
3 1475 1467 1468
3 1476 1469 1467
3 1475 1476 1467
3 1477 1470 1469
3 1476 1477 1469
3 1478 1471 1470
3 1477 1478 1470
3 1479 1472 1471
3 1478 1479 1471
3 1480 1473 1472
3 1479 1480 1472
3 1480 1481 1473
3 1481 1584 1473
3 1473 1584 1576
3 1497 1475 1474
3 1497 1474 1496
3 1498 1476 1475
3 1498 1475 1497
3 1499 1477 1476
3 1499 1476 1498
3 1500 1478 1477
3 1500 1477 1499
3 1482 1479 1478
3 1503 1482 1478
3 1503 1478 1500
3 1483 1480 1479
3 1482 1483 1479
3 1484 1481 1480
3 1483 1484 1480
3 1484 1485 1481
3 1485 1592 1481
3 1481 1592 1584
3 1492 1483 1482
3 1489 1482 1490
3 1489 1492 1482
3 1482 1501 1490
3 1482 1503 1501
3 1493 1484 1483
3 1492 1493 1483
3 1494 1485 1484
3 1493 1494 1484
3 1494 1495 1485
3 1495 1600 1485
3 1485 1600 1592
3 1487 1504 1486
3 1488 1505 1487
3 1487 1505 1504
3 1488 1489 1490
3 1488 1490 1491
3 1506 1488 1491
3 1488 1506 1505
3 1490 1502 1491
3 1490 1501 1502
3 1506 1491 1502
3 1561 1608 1495
3 1495 1608 1600
3 1508 1497 1496
3 1508 1496 1507
3 1509 1498 1497
3 1509 1497 1508
3 1510 1499 1498
3 1510 1498 1509
3 1501 1500 1499
3 1512 1501 1499
3 1512 1499 1510
3 1501 1503 1500
3 1501 1511 1502
3 1501 1512 1511
3 1515 1506 1502
3 1515 1502 1511
3 1505 1513 1504
3 1506 1514 1505
3 1505 1514 1513
3 1506 1515 1514
3 1518 1508 1507
3 1518 1507 1517
3 1519 1509 1508
3 1519 1508 1518
3 1511 1510 1509
3 1522 1511 1509
3 1522 1509 1519
3 1511 1512 1510
3 1514 1515 1511
3 1514 1511 1516
3 1511 1521 1516
3 1511 1522 1521
3 1514 1523 1513
3 1524 1514 1516
3 1514 1524 1523
3 1524 1516 1521
3 1520 1518 1517
3 1526 1520 1517
3 1526 1517 1525
3 1521 1519 1518
3 1520 1521 1518
3 1521 1522 1519
3 1523 1521 1520
3 1527 1523 1520
3 1527 1520 1526
3 1523 1524 1521
3 1545 1529 1528
3 1545 1528 1544
3 1546 1530 1529
3 1546 1529 1545
3 1547 1531 1530
3 1547 1530 1546
3 1548 1532 1531
3 1548 1531 1547
3 1549 1533 1532
3 1549 1532 1548
3 1550 1534 1533
3 1550 1533 1549
3 1551 1535 1534
3 1551 1534 1550
3 1632 1535 1551
3 1632 1616 1535
3 1537 1560 1536
3 1538 1562 1537
3 1537 1562 1560
3 1539 1564 1538
3 1538 1564 1562
3 1540 1566 1539
3 1539 1566 1564
3 1541 1568 1540
3 1540 1568 1566
3 1542 1570 1541
3 1541 1570 1568
3 1543 1572 1542
3 1542 1572 1570
3 1543 1574 1572
3 1624 1574 1543
3 1552 1545 1544
3 1553 1546 1545
3 1552 1553 1545
3 1554 1547 1546
3 1553 1554 1546
3 1555 1548 1547
3 1554 1555 1547
3 1556 1549 1548
3 1555 1556 1548
3 1557 1550 1549
3 1556 1557 1549
3 1558 1551 1550
3 1557 1558 1550
3 1558 1559 1551
3 1559 1632 1551
3 1577 1553 1552
3 1577 1552 1576
3 1578 1554 1553
3 1578 1553 1577
3 1579 1555 1554
3 1579 1554 1578
3 1580 1556 1555
3 1580 1555 1579
3 1581 1557 1556
3 1581 1556 1580
3 1582 1558 1557
3 1582 1557 1581
3 1583 1559 1558
3 1583 1558 1582
3 1665 1559 1583
3 1559 1640 1632
3 1665 1640 1559
3 1560 1563 1561
3 1560 1562 1563
3 1563 1608 1561
3 1562 1565 1563
3 1562 1564 1565
3 1565 1609 1563
3 1563 1609 1608
3 1564 1567 1565
3 1564 1566 1567
3 1567 1610 1565
3 1565 1610 1609
3 1566 1569 1567
3 1566 1568 1569
3 1569 1611 1567
3 1567 1611 1610
3 1568 1571 1569
3 1568 1570 1571
3 1571 1612 1569
3 1569 1612 1611
3 1570 1573 1571
3 1570 1572 1573
3 1573 1613 1571
3 1571 1613 1612
3 1572 1575 1573
3 1572 1574 1575
3 1575 1614 1573
3 1573 1614 1613
3 1574 1646 1575
3 1624 1645 1574
3 1574 1645 1646
3 1575 1615 1614
3 1646 1615 1575
3 1584 1577 1576
3 1585 1578 1577
3 1584 1585 1577
3 1586 1579 1578
3 1585 1586 1578
3 1587 1580 1579
3 1586 1587 1579
3 1588 1581 1580
3 1587 1588 1580
3 1589 1582 1581
3 1588 1589 1581
3 1590 1583 1582
3 1589 1590 1582
3 1590 1591 1583
3 1591 1665 1583
3 1592 1585 1584
3 1593 1586 1585
3 1592 1593 1585
3 1594 1587 1586
3 1593 1594 1586
3 1595 1588 1587
3 1594 1595 1587
3 1596 1589 1588
3 1595 1596 1588
3 1597 1590 1589
3 1596 1597 1589
3 1598 1591 1590
3 1597 1598 1590
3 1598 1599 1591
3 1599 1673 1591
3 1591 1673 1665
3 1600 1593 1592
3 1601 1594 1593
3 1600 1601 1593
3 1602 1595 1594
3 1601 1602 1594
3 1603 1596 1595
3 1602 1603 1595
3 1604 1597 1596
3 1603 1604 1596
3 1605 1598 1597
3 1604 1605 1597
3 1606 1599 1598
3 1605 1606 1598
3 1606 1607 1599
3 1607 1678 1599
3 1599 1678 1673
3 1608 1601 1600
3 1609 1602 1601
3 1608 1609 1601
3 1610 1603 1602
3 1609 1610 1602
3 1611 1604 1603
3 1610 1611 1603
3 1612 1605 1604
3 1611 1612 1604
3 1613 1606 1605
3 1612 1613 1605
3 1614 1607 1606
3 1613 1614 1606
3 1614 1615 1607
3 1615 1683 1607
3 1607 1683 1678
3 1646 1694 1615
3 1615 1694 1683
3 1633 1617 1616
3 1633 1616 1632
3 1634 1618 1617
3 1634 1617 1633
3 1635 1619 1618
3 1635 1618 1634
3 1636 1620 1619
3 1636 1619 1635
3 1637 1621 1620
3 1637 1620 1636
3 1638 1622 1621
3 1638 1621 1637
3 1639 1623 1622
3 1639 1622 1638
3 1981 1623 1639
3 1981 1965 1623
3 1625 1645 1624
3 1626 1647 1625
3 1625 1647 1645
3 1627 1649 1626
3 1626 1649 1647
3 1628 1651 1627
3 1627 1651 1649
3 1629 1653 1628
3 1628 1653 1651
3 1630 1655 1629
3 1629 1655 1653
3 1631 1657 1630
3 1630 1657 1655
3 1631 1659 1657
3 1973 1659 1631
3 1640 1633 1632
3 1641 1634 1633
3 1640 1641 1633
3 1642 1635 1634
3 1641 1642 1634
3 1643 1636 1635
3 1642 1643 1635
3 1661 1637 1636
3 1643 1644 1636
3 1644 1662 1636
3 1661 1636 1662
3 1663 1638 1637
3 1663 1637 1661
3 1664 1639 1638
3 1664 1638 1663
3 2005 1639 1664
3 2005 1981 1639
3 1666 1641 1640
3 1666 1640 1665
3 1667 1642 1641
3 1667 1641 1666
3 1668 1643 1642
3 1668 1642 1667
3 1669 1644 1643
3 1669 1643 1668
3 1644 1669 1662
3 1645 1648 1646
3 1645 1647 1648
3 1648 1694 1646
3 1647 1650 1648
3 1647 1649 1650
3 1650 1695 1648
3 1648 1695 1694
3 1649 1652 1650
3 1649 1651 1652
3 1652 1696 1650
3 1650 1696 1695
3 1651 1654 1652
3 1651 1653 1654
3 1654 1697 1652
3 1652 1697 1696
3 1653 1656 1654
3 1653 1655 1656
3 1656 1698 1654
3 1654 1698 1697
3 1655 1658 1656
3 1655 1657 1658
3 1658 1699 1656
3 1656 1699 1698
3 1657 1660 1658
3 1657 1659 1660
3 1660 1700 1658
3 1658 1700 1699
3 1659 1990 1660
3 1973 1989 1659
3 1659 1989 1990
3 1660 1701 1700
3 1990 1701 1660
3 1669 1661 1662
3 1670 1663 1661
3 1669 1670 1661
3 1671 1664 1663
3 1670 1671 1663
3 1671 1672 1664
3 1672 2005 1664
3 1673 1666 1665
3 1674 1667 1666
3 1673 1674 1666
3 1675 1668 1667
3 1674 1675 1667
3 1676 1669 1668
3 1675 1676 1668
3 1702 1670 1669
3 1676 1677 1669
3 1677 1703 1669
3 1702 1669 1703
3 1704 1671 1670
3 1704 1670 1702
3 1705 1672 1671
3 1705 1671 1704
3 2038 1672 1705
3 1672 2013 2005
3 2038 2013 1672
3 1678 1674 1673
3 1679 1675 1674
3 1678 1679 1674
3 1680 1676 1675
3 1679 1680 1675
3 1681 1677 1676
3 1680 1681 1676
3 1681 1682 1677
3 1682 1706 1677
3 1677 1706 1703
3 1683 1679 1678
3 1684 1680 1679
3 1683 1684 1679
3 1685 1681 1680
3 1684 1685 1680
3 1686 1682 1681
3 1685 1686 1681
3 1686 1687 1682
3 1687 1689 1682
3 1689 1708 1682
3 1682 1708 1706
3 1694 1684 1683
3 1695 1685 1684
3 1694 1695 1684
3 1696 1686 1685
3 1695 1696 1685
3 1697 1687 1686
3 1696 1697 1686
3 1687 1688 1689
3 1698 1688 1687
3 1697 1698 1687
3 1688 1691 1689
3 1688 1690 1691
3 1699 1690 1688
3 1698 1699 1688
3 1691 1709 1689
3 1689 1709 1708
3 1690 1693 1691
3 1690 1692 1693
3 1700 1692 1690
3 1699 1700 1690
3 1693 1710 1691
3 1691 1710 1709
3 1692 2022 1693
3 1700 1701 1692
3 1701 2021 1692
3 1692 2021 2022
3 1693 1712 1710
3 2022 1712 1693
3 1990 2023 1701
3 1701 2023 2021
3 1706 1702 1703
3 1713 1704 1702
3 1706 1707 1702
3 1707 1714 1702
3 1713 1702 1714
3 1715 1705 1704
3 1715 1704 1713
3 2062 1705 1715
3 2062 2038 1705
3 1708 1707 1706
3 1708 1709 1707
3 1709 1711 1707
3 1711 1716 1707
3 1707 1716 1714
3 1709 1710 1711
3 1710 1717 1711
3 1712 1718 1710
3 1710 1718 1717
3 1711 1717 1716
3 1712 1719 1718
3 2046 1719 1712
3 2022 2046 1712
3 1720 1713 1714
3 1722 1715 1713
3 1722 1713 1720
3 1716 1721 1714
3 1720 1714 1721
3 2078 1715 1722
3 2078 2062 1715
3 1717 1723 1716
3 1716 1723 1721
3 1718 1724 1717
3 1717 1724 1723
3 1719 1725 1718
3 1718 1725 1724
3 1719 1726 1725
3 2070 1726 1719
3 2046 2070 1719
3 1723 1720 1721
3 1727 1722 1720
3 1723 1724 1720
3 1724 1728 1720
3 1727 1720 1728
3 2097 1722 1727
3 2097 2078 1722
3 1725 1729 1724
3 1724 1729 1728
3 1726 1730 1725
3 1725 1730 1729
3 1726 1733 1730
3 2089 1733 1726
3 2070 2089 1726
3 1734 1727 1728
3 2113 1727 1734
3 2113 2097 1727
3 1729 1735 1728
3 1734 1728 1735
3 1730 1732 1729
3 1736 1729 1732
3 1729 1736 1735
3 1730 1731 1732
3 1730 1738 1731
3 1733 1739 1730
3 1730 1739 1738
3 1731 1737 1732
3 1731 1738 1737
3 1736 1732 1737
3 1733 1740 1739
3 2106 1740 1733
3 2089 2106 1733
3 1751 1734 1735
3 2363 1734 1751
3 2363 2113 1734
3 1736 1752 1735
3 1751 1735 1752
3 1753 1736 1737
3 1736 1753 1752
3 1738 1754 1737
3 1753 1737 1754
3 1739 1756 1738
3 1738 1756 1754
3 1740 1757 1739
3 1739 1757 1756
3 1740 1758 1757
3 2121 1758 1740
3 2106 2121 1740
3 1747 1741 1742
3 1745 1743 1741
3 1750 1745 1741
3 1750 1741 1747
3 1744 1748 1742
3 1747 1742 1748
3 1745 1746 1743
3 1745 1749 1744
3 1744 1749 1748
3 1745 1750 1749
3 1749 1747 1748
3 1749 1750 1747
3 1753 1751 1752
3 1753 1755 1751
3 1755 2363 1751
3 1759 1753 1754
3 1761 1755 1753
3 1761 1753 1759
3 1756 1760 1754
3 1759 1754 1760
3 2383 1755 1761
3 1755 2368 2363
3 2383 2368 1755
3 1757 1762 1756
3 1756 1762 1760
3 1758 1765 1757
3 1757 1765 1762
3 1758 1766 1765
3 2374 1766 1758
3 2121 2374 1758
3 1769 1759 1760
3 1770 1761 1759
3 1770 1759 1769
3 1762 1764 1760
3 1767 1760 1764
3 1769 1760 1767
3 2395 1761 1770
3 2395 2383 1761
3 1762 1763 1764
3 1762 1771 1763
3 1765 1772 1762
3 1762 1772 1771
3 1763 1768 1764
3 1763 1771 1768
3 1767 1764 1768
3 1766 1773 1765
3 1765 1773 1772
3 1766 1774 1773
3 1777 1774 1766
3 2392 1777 1766
3 2374 2388 1766
3 2392 1766 2388
3 1778 1767 1768
3 1780 1769 1767
3 1780 1767 1778
3 1771 1779 1768
3 1778 1768 1779
3 1781 1770 1769
3 1781 1769 1780
3 2404 1770 1781
3 2404 2395 1770
3 1772 1782 1771
3 1771 1782 1779
3 1773 1783 1772
3 1772 1783 1782
3 1775 1773 1774
3 1775 1776 1773
3 1776 1784 1773
3 1773 1784 1783
3 1777 1775 1774
3 1775 1785 1776
3 2392 1775 1777
3 1775 1787 1785
3 2401 1787 1775
3 2392 2401 1775
3 1776 1785 1784
3 1788 1778 1779
3 1790 1780 1778
3 1790 1778 1788
3 1782 1789 1779
3 1788 1779 1789
3 1791 1781 1780
3 1791 1780 1790
3 2414 1781 1791
3 2414 2404 1781
3 1783 1792 1782
3 1782 1792 1789
3 1785 1783 1784
3 1785 1786 1783
3 1786 1795 1783
3 1783 1795 1792
3 1785 1796 1786
3 1787 1798 1785
3 1785 1798 1796
3 1786 1796 1795
3 1787 1799 1798
3 2410 1799 1787
3 2401 2410 1787
3 1802 1788 1789
3 1803 1790 1788
3 1803 1788 1802
3 1792 1794 1789
3 1800 1789 1794
3 1802 1789 1800
3 1804 1791 1790
3 1804 1790 1803
3 2421 1791 1804
3 2421 2414 1791
3 1792 1793 1794
3 1792 1805 1793
3 1796 1792 1795
3 1796 1797 1792
3 1797 1806 1792
3 1792 1806 1805
3 1793 1801 1794
3 1793 1805 1801
3 1800 1794 1801
3 1796 1807 1797
3 1798 1809 1796
3 1796 1809 1807
3 1797 1807 1806
3 1799 1810 1798
3 1798 1810 1809
3 1799 1811 1810
3 2419 1811 1799
3 2410 2419 1799
3 1812 1800 1801
3 1814 1802 1800
3 1814 1800 1812
3 1805 1813 1801
3 1812 1801 1813
3 1815 1803 1802
3 1815 1802 1814
3 1816 1804 1803
3 1816 1803 1815
3 2427 1804 1816
3 2427 2421 1804
3 1807 1805 1806
3 1807 1808 1805
3 1808 1817 1805
3 1805 1817 1813
3 1807 1818 1808
3 1809 1819 1807
3 1807 1819 1818
3 1808 1818 1817
3 1810 1820 1809
3 1809 1820 1819
3 1811 1821 1810
3 1810 1821 1820
3 1811 1822 1821
3 2425 1822 1811
3 2419 2425 1811
3 1823 1812 1813
3 1825 1814 1812
3 1825 1812 1823
3 1817 1824 1813
3 1823 1813 1824
3 1826 1815 1814
3 1826 1814 1825
3 1827 1816 1815
3 1827 1815 1826
3 1830 1816 1827
3 1830 1831 1816
3 1831 2427 1816
3 1818 1828 1817
3 1817 1828 1824
3 1819 1832 1818
3 1818 1832 1828
3 1820 1835 1819
3 1819 1835 1832
3 1821 1836 1820
3 1820 1836 1835
3 1822 1837 1821
3 1821 1837 1836
3 1822 1838 1837
3 2429 1838 1822
3 2425 2429 1822
3 1843 1823 1824
3 1845 1825 1823
3 1845 1823 1843
3 1828 1844 1824
3 1843 1824 1844
3 1846 1826 1825
3 1846 1825 1845
3 1829 1827 1826
3 1851 1829 1826
3 1851 1826 1846
3 1829 1830 1827
3 1832 1834 1828
3 1847 1828 1834
3 1828 1847 1844
3 1852 1830 1829
3 1852 1829 1851
3 2430 1831 1830
3 1858 1838 1830
3 1838 2430 1830
3 1858 1830 1852
3 1831 2428 2427
3 2430 2428 1831
3 1832 1833 1834
3 1832 1853 1833
3 1835 1854 1832
3 1832 1854 1853
3 1833 1848 1834
3 1833 1853 1848
3 1847 1834 1848
3 1836 1855 1835
3 1835 1855 1854
3 1837 1856 1836
3 1836 1856 1855
3 1838 1857 1837
3 1837 1857 1856
3 1838 1858 1857
3 2429 2431 1838
3 1838 2431 2430
3 1839 1840 1841
3 1937 1840 1839
3 1839 1841 1842
3 1937 1839 1842
3 1840 1952 1841
3 1937 1946 1840
3 1946 1949 1840
3 1840 1949 1952
3 1943 1842 1841
3 1957 1943 1841
3 1957 1841 1952
3 1937 1842 1933
3 1943 1933 1842
3 1847 1843 1844
3 1849 1845 1843
3 1847 1849 1843
3 1850 1846 1845
3 1849 1850 1845
3 1850 1851 1846
3 1859 1847 1848
3 1861 1849 1847
3 1861 1847 1859
3 1853 1860 1848
3 1859 1848 1860
3 1862 1850 1849
3 1862 1849 1861
3 1863 1851 1850
3 1863 1850 1862
3 1864 1852 1851
3 1864 1851 1863
3 1872 1858 1852
3 1872 1852 1864
3 1854 1865 1853
3 1853 1865 1860
3 1855 1868 1854
3 1854 1868 1865
3 1856 1869 1855
3 1855 1869 1868
3 1857 1870 1856
3 1856 1870 1869
3 1858 1871 1857
3 1857 1871 1870
3 1858 1872 1871
3 1875 1859 1860
3 1876 1861 1859
3 1876 1859 1875
3 1865 1867 1860
3 1873 1860 1867
3 1875 1860 1873
3 1877 1862 1861
3 1877 1861 1876
3 1878 1863 1862
3 1878 1862 1877
3 1871 1864 1863
3 1884 1871 1863
3 1884 1863 1878
3 1871 1872 1864
3 1865 1866 1867
3 1865 1879 1866
3 1868 1880 1865
3 1865 1880 1879
3 1866 1874 1867
3 1866 1879 1874
3 1873 1867 1874
3 1869 1881 1868
3 1868 1881 1880
3 1870 1882 1869
3 1869 1882 1881
3 1871 1883 1870
3 1870 1883 1882
3 1871 1884 1883
3 1885 1873 1874
3 1887 1875 1873
3 1887 1873 1885
3 1879 1886 1874
3 1885 1874 1886
3 1888 1876 1875
3 1888 1875 1887
3 1889 1877 1876
3 1889 1876 1888
3 1890 1878 1877
3 1890 1877 1889
3 1896 1884 1878
3 1896 1878 1890
3 1880 1891 1879
3 1879 1891 1886
3 1881 1892 1880
3 1880 1892 1891
3 1882 1893 1881
3 1881 1893 1892
3 1883 1894 1882
3 1882 1894 1893
3 1884 1895 1883
3 1883 1895 1894
3 1884 1896 1895
3 1900 1885 1886
3 1902 1887 1885
3 1902 1885 1900
3 1891 1901 1886
3 1900 1886 1901
3 1903 1888 1887
3 1903 1887 1902
3 1904 1889 1888
3 1904 1888 1903
3 1895 1890 1889
3 1910 1895 1889
3 1910 1889 1904
3 1895 1896 1890
3 1892 1905 1891
3 1891 1905 1901
3 1897 1892 1893
3 1897 1898 1892
3 1898 1908 1892
3 1892 1908 1905
3 1899 1893 1894
3 1899 1897 1893
3 1895 1909 1894
3 1914 1899 1894
3 1914 1894 1909
3 1895 1910 1909
3 1897 1911 1898
3 1899 1913 1897
3 1897 1913 1911
3 1898 1911 1908
3 1899 1914 1913
3 1918 1900 1901
3 1919 1902 1900
3 1919 1900 1918
3 1905 1907 1901
3 1916 1901 1907
3 1918 1901 1916
3 1920 1903 1902
3 1920 1902 1919
3 1909 1904 1903
3 1924 1909 1903
3 1924 1903 1920
3 1909 1910 1904
3 1905 1906 1907
3 1905 1921 1906
3 1911 1905 1908
3 1911 1912 1905
3 1912 1922 1905
3 1905 1922 1921
3 1906 1917 1907
3 1906 1921 1917
3 1916 1907 1917
3 1913 1914 1909
3 1913 1909 1915
3 1909 1923 1915
3 1909 1924 1923
3 1911 1925 1912
3 1913 1927 1911
3 1911 1927 1925
3 1912 1925 1922
3 1928 1913 1915
3 1913 1928 1927
3 1928 1915 1923
3 1929 1916 1917
3 1931 1918 1916
3 1931 1916 1929
3 1921 1930 1917
3 1929 1917 1930
3 1932 1919 1918
3 1932 1918 1931
3 1923 1920 1919
3 1936 1923 1919
3 1936 1919 1932
3 1923 1924 1920
3 1925 1921 1922
3 1925 1926 1921
3 1926 1933 1921
3 1921 1933 1930
3 1940 1928 1923
3 1940 1923 1936
3 1925 1937 1926
3 1927 1938 1925
3 1925 1938 1937
3 1926 1937 1933
3 1928 1939 1927
3 1927 1939 1938
3 1928 1940 1939
3 1941 1929 1930
3 1934 1931 1929
3 1944 1934 1929
3 1944 1929 1941
3 1933 1942 1930
3 1941 1930 1942
3 1935 1932 1931
3 1934 1935 1931
3 1935 1936 1932
3 1933 1943 1942
3 1945 1935 1934
3 1945 1934 1944
3 1939 1936 1935
3 1948 1939 1935
3 1948 1935 1945
3 1939 1940 1936
3 1938 1946 1937
3 1939 1947 1938
3 1938 1947 1946
3 1939 1948 1947
3 1943 1941 1942
3 1943 1944 1941
3 1958 1944 1943
3 1958 1943 1957
3 1959 1945 1944
3 1959 1944 1958
3 1962 1948 1945
3 1962 1945 1959
3 1947 1960 1946
3 1946 1960 1949
3 1948 1961 1947
3 1947 1961 1960
3 1948 1962 1961
3 1949 1950 1951
3 1949 1955 1950
3 1949 1951 1952
3 1949 1956 1955
3 1960 1956 1949
3 1950 1954 1951
3 1950 1955 1954
3 1953 1952 1951
3 1953 1951 1954
3 1963 1952 1953
3 1963 1957 1952
3 1955 1953 1954
3 1955 1956 1953
3 1956 1963 1953
3 1960 1964 1956
3 1956 1964 1963
3 1960 1958 1957
3 1964 1960 1957
3 1964 1957 1963
3 1961 1959 1958
3 1960 1961 1958
3 1961 1962 1959
3 1982 1966 1965
3 1982 1965 1981
3 1983 1967 1966
3 1983 1966 1982
3 1984 1968 1967
3 1984 1967 1983
3 1985 1969 1968
3 1985 1968 1984
3 1986 1970 1969
3 1986 1969 1985
3 1987 1971 1970
3 1987 1970 1986
3 1988 1972 1971
3 1988 1971 1987
3 2143 1972 1988
3 2143 2127 1972
3 1974 1989 1973
3 1975 1991 1974
3 1974 1991 1989
3 1976 1993 1975
3 1975 1993 1991
3 1977 1995 1976
3 1976 1995 1993
3 1978 1997 1977
3 1977 1997 1995
3 1979 1999 1978
3 1978 1999 1997
3 1980 2001 1979
3 1979 2001 1999
3 1980 2003 2001
3 2135 2003 1980
3 2006 1982 1981
3 2006 1981 2005
3 2007 1983 1982
3 2007 1982 2006
3 2008 1984 1983
3 2008 1983 2007
3 2009 1985 1984
3 2009 1984 2008
3 2010 1986 1985
3 2010 1985 2009
3 2011 1987 1986
3 2011 1986 2010
3 2012 1988 1987
3 2012 1987 2011
3 2173 1988 2012
3 2173 2143 1988
3 1989 1992 1990
3 1989 1991 1992
3 1992 2023 1990
3 1991 1994 1992
3 1991 1993 1994
3 1994 2024 1992
3 1992 2024 2023
3 1993 1996 1994
3 1993 1995 1996
3 1996 2026 1994
3 1994 2026 2024
3 1995 1998 1996
3 1995 1997 1998
3 1998 2028 1996
3 1996 2028 2026
3 1997 2000 1998
3 1997 1999 2000
3 2000 2030 1998
3 1998 2030 2028
3 1999 2002 2000
3 1999 2001 2002
3 2002 2032 2000
3 2000 2032 2030
3 2001 2004 2002
3 2001 2003 2004
3 2004 2034 2002
3 2002 2034 2032
3 2003 2158 2004
3 2135 2157 2003
3 2003 2157 2158
3 2004 2036 2034
3 2158 2036 2004
3 2013 2006 2005
3 2014 2007 2006
3 2013 2014 2006
3 2015 2008 2007
3 2014 2015 2007
3 2016 2009 2008
3 2015 2016 2008
3 2017 2010 2009
3 2016 2017 2009
3 2018 2011 2010
3 2017 2018 2010
3 2019 2012 2011
3 2018 2019 2011
3 2019 2020 2012
3 2020 2173 2012
3 2039 2014 2013
3 2039 2013 2038
3 2040 2015 2014
3 2040 2014 2039
3 2041 2016 2015
3 2041 2015 2040
3 2042 2017 2016
3 2042 2016 2041
3 2043 2018 2017
3 2043 2017 2042
3 2044 2019 2018
3 2044 2018 2043
3 2045 2020 2019
3 2045 2019 2044
3 2214 2020 2045
3 2020 2176 2173
3 2214 2176 2020
3 2021 2046 2022
3 2023 2025 2021
3 2025 2047 2021
3 2021 2047 2046
3 2023 2024 2025
3 2024 2027 2025
3 2024 2026 2027
3 2027 2048 2025
3 2025 2048 2047
3 2026 2029 2027
3 2026 2028 2029
3 2029 2050 2027
3 2027 2050 2048
3 2028 2031 2029
3 2028 2030 2031
3 2031 2052 2029
3 2029 2052 2050
3 2030 2033 2031
3 2030 2032 2033
3 2033 2054 2031
3 2031 2054 2052
3 2032 2035 2033
3 2032 2034 2035
3 2035 2056 2033
3 2033 2056 2054
3 2034 2037 2035
3 2034 2036 2037
3 2037 2058 2035
3 2035 2058 2056
3 2036 2196 2037
3 2158 2206 2036
3 2036 2206 2196
3 2037 2060 2058
3 2196 2060 2037
3 2063 2039 2038
3 2063 2038 2062
3 2064 2040 2039
3 2064 2039 2063
3 2065 2041 2040
3 2065 2040 2064
3 2066 2042 2041
3 2066 2041 2065
3 2067 2043 2042
3 2067 2042 2066
3 2068 2044 2043
3 2068 2043 2067
3 2069 2045 2044
3 2069 2044 2068
3 2224 2045 2069
3 2224 2214 2045
3 2047 2049 2046
3 2049 2070 2046
3 2047 2048 2049
3 2048 2051 2049
3 2048 2050 2051
3 2051 2071 2049
3 2049 2071 2070
3 2050 2053 2051
3 2050 2052 2053
3 2053 2072 2051
3 2051 2072 2071
3 2052 2055 2053
3 2052 2054 2055
3 2055 2073 2053
3 2053 2073 2072
3 2054 2057 2055
3 2054 2056 2057
3 2057 2074 2055
3 2055 2074 2073
3 2056 2059 2057
3 2056 2058 2059
3 2059 2075 2057
3 2057 2075 2074
3 2058 2061 2059
3 2058 2060 2061
3 2061 2076 2059
3 2059 2076 2075
3 2060 2220 2061
3 2196 2223 2060
3 2060 2223 2220
3 2061 2077 2076
3 2220 2077 2061
3 2079 2063 2062
3 2079 2062 2078
3 2080 2064 2063
3 2080 2063 2079
3 2081 2065 2064
3 2081 2064 2080
3 2082 2066 2065
3 2082 2065 2081
3 2083 2067 2066
3 2083 2066 2082
3 2084 2068 2067
3 2084 2067 2083
3 2085 2069 2068
3 2085 2068 2084
3 2087 2069 2085
3 2087 2088 2069
3 2088 2224 2069
3 2071 2089 2070
3 2072 2090 2071
3 2071 2090 2089
3 2073 2091 2072
3 2072 2091 2090
3 2074 2092 2073
3 2073 2092 2091
3 2075 2093 2074
3 2074 2093 2092
3 2076 2094 2075
3 2075 2094 2093
3 2077 2095 2076
3 2076 2095 2094
3 2096 2077 2088
3 2077 2225 2088
3 2077 2096 2095
3 2220 2226 2077
3 2077 2226 2225
3 2098 2079 2078
3 2098 2078 2097
3 2099 2080 2079
3 2099 2079 2098
3 2100 2081 2080
3 2100 2080 2099
3 2101 2082 2081
3 2101 2081 2100
3 2102 2083 2082
3 2102 2082 2101
3 2103 2084 2083
3 2103 2083 2102
3 2086 2085 2084
3 2105 2086 2084
3 2105 2084 2103
3 2086 2087 2085
3 2095 2087 2086
3 2112 2095 2086
3 2112 2086 2105
3 2096 2088 2087
3 2095 2096 2087
3 2088 2225 2224
3 2090 2106 2089
3 2091 2107 2090
3 2090 2107 2106
3 2092 2108 2091
3 2091 2108 2107
3 2093 2109 2092
3 2092 2109 2108
3 2094 2110 2093
3 2093 2110 2109
3 2095 2111 2094
3 2094 2111 2110
3 2095 2112 2111
3 2114 2098 2097
3 2114 2097 2113
3 2115 2099 2098
3 2115 2098 2114
3 2116 2100 2099
3 2116 2099 2115
3 2117 2101 2100
3 2117 2100 2116
3 2118 2102 2101
3 2118 2101 2117
3 2104 2103 2102
3 2120 2104 2102
3 2120 2102 2118
3 2104 2105 2103
3 2111 2105 2104
3 2126 2111 2104
3 2126 2104 2120
3 2111 2112 2105
3 2107 2121 2106
3 2108 2122 2107
3 2107 2122 2121
3 2109 2123 2108
3 2108 2123 2122
3 2110 2124 2109
3 2109 2124 2123
3 2111 2125 2110
3 2110 2125 2124
3 2111 2126 2125
3 2364 2114 2113
3 2364 2113 2363
3 2365 2115 2114
3 2365 2114 2364
3 2366 2116 2115
3 2366 2115 2365
3 2367 2117 2116
3 2367 2116 2366
3 2119 2118 2117
3 2372 2119 2117
3 2372 2117 2367
3 2119 2120 2118
3 2373 2120 2119
3 2373 2119 2372
3 2379 2126 2120
3 2379 2120 2373
3 2122 2374 2121
3 2123 2375 2122
3 2122 2375 2374
3 2124 2376 2123
3 2123 2376 2375
3 2125 2377 2124
3 2124 2377 2376
3 2126 2378 2125
3 2125 2378 2377
3 2126 2379 2378
3 2144 2128 2127
3 2144 2127 2143
3 2145 2129 2128
3 2145 2128 2144
3 2146 2130 2129
3 2146 2129 2145
3 2147 2131 2130
3 2147 2130 2146
3 2148 2132 2131
3 2148 2131 2147
3 2149 2133 2132
3 2149 2132 2148
3 2150 2134 2133
3 2150 2133 2149
3 2245 2134 2150
3 2245 2227 2134
3 2136 2157 2135
3 2137 2159 2136
3 2136 2159 2157
3 2138 2161 2137
3 2137 2161 2159
3 2139 2163 2138
3 2138 2163 2161
3 2140 2165 2139
3 2139 2165 2163
3 2141 2167 2140
3 2140 2167 2165
3 2142 2169 2141
3 2141 2169 2167
3 2142 2171 2169
3 2237 2171 2142
3 2174 2144 2143
3 2174 2143 2173
3 2175 2145 2144
3 2175 2144 2174
3 2151 2146 2145
3 2178 2151 2145
3 2178 2145 2175
3 2152 2147 2146
3 2151 2152 2146
3 2153 2148 2147
3 2152 2153 2147
3 2154 2149 2148
3 2153 2154 2148
3 2155 2150 2149
3 2154 2155 2149
3 2155 2156 2150
3 2156 2245 2150
3 2179 2152 2151
3 2179 2151 2178
3 2180 2153 2152
3 2180 2152 2179
3 2181 2154 2153
3 2181 2153 2180
3 2182 2155 2154
3 2182 2154 2181
3 2183 2156 2155
3 2183 2155 2182
3 2275 2156 2183
3 2156 2253 2245
3 2275 2253 2156
3 2157 2160 2158
3 2157 2159 2160
3 2160 2206 2158
3 2159 2162 2160
3 2159 2161 2162
3 2162 2207 2160
3 2160 2207 2206
3 2161 2164 2162
3 2161 2163 2164
3 2164 2208 2162
3 2162 2208 2207
3 2163 2166 2164
3 2163 2165 2166
3 2166 2209 2164
3 2164 2209 2208
3 2165 2168 2166
3 2165 2167 2168
3 2168 2210 2166
3 2166 2210 2209
3 2167 2170 2168
3 2167 2169 2170
3 2170 2211 2168
3 2168 2211 2210
3 2169 2172 2170
3 2169 2171 2172
3 2172 2212 2170
3 2170 2212 2211
3 2171 2265 2172
3 2237 2264 2171
3 2171 2264 2265
3 2172 2213 2212
3 2265 2213 2172
3 2176 2174 2173
3 2177 2175 2174
3 2176 2177 2174
3 2177 2178 2175
3 2215 2177 2176
3 2215 2176 2214
3 2216 2178 2177
3 2216 2177 2215
3 2184 2179 2178
3 2219 2184 2178
3 2219 2178 2216
3 2185 2180 2179
3 2184 2185 2179
3 2186 2181 2180
3 2185 2186 2180
3 2187 2182 2181
3 2186 2187 2181
3 2188 2183 2182
3 2187 2188 2182
3 2188 2189 2183
3 2189 2275 2183
3 2190 2185 2184
3 2222 2190 2184
3 2222 2184 2219
3 2191 2186 2185
3 2190 2191 2185
3 2192 2187 2186
3 2191 2192 2186
3 2193 2188 2187
3 2192 2193 2187
3 2194 2189 2188
3 2193 2194 2188
3 2194 2195 2189
3 2195 2283 2189
3 2189 2283 2275
3 2200 2191 2190
3 2197 2190 2198
3 2197 2200 2190
3 2190 2221 2198
3 2190 2222 2221
3 2201 2192 2191
3 2200 2201 2191
3 2202 2193 2192
3 2201 2202 2192
3 2203 2194 2193
3 2202 2203 2193
3 2204 2195 2194
3 2203 2204 2194
3 2204 2205 2195
3 2205 2291 2195
3 2195 2291 2283
3 2196 2197 2198
3 2206 2197 2196
3 2196 2198 2199
3 2223 2196 2199
3 2207 2200 2197
3 2206 2207 2197
3 2198 2220 2199
3 2198 2221 2220
3 2223 2199 2220
3 2208 2201 2200
3 2207 2208 2200
3 2209 2202 2201
3 2208 2209 2201
3 2210 2203 2202
3 2209 2210 2202
3 2211 2204 2203
3 2210 2211 2203
3 2212 2205 2204
3 2211 2212 2204
3 2212 2213 2205
3 2213 2299 2205
3 2205 2299 2291
3 2265 2307 2213
3 2213 2307 2299
3 2217 2215 2214
3 2225 2217 2214
3 2225 2214 2224
3 2218 2216 2215
3 2217 2218 2215
3 2218 2219 2216
3 2220 2218 2217
3 2226 2220 2217
3 2226 2217 2225
3 2221 2219 2218
3 2220 2221 2218
3 2221 2222 2219
3 2246 2228 2227
3 2246 2227 2245
3 2247 2229 2228
3 2247 2228 2246
3 2248 2230 2229
3 2248 2229 2247
3 2249 2231 2230
3 2249 2230 2248
3 2250 2232 2231
3 2250 2231 2249
3 2251 2233 2232
3 2251 2232 2250
3 2252 2234 2233
3 2252 2233 2251
3 2333 2234 2252
3 2333 2316 2234
3 2235 2261 2236
3 2235 2263 2261
3 2331 2263 2235
3 2242 2243 2236
3 2242 2236 2244
3 2236 2262 2244
3 2236 2261 2262
3 2238 2264 2237
3 2239 2266 2238
3 2238 2266 2264
3 2240 2268 2239
3 2239 2268 2266
3 2241 2270 2240
3 2240 2270 2268
3 2242 2272 2241
3 2241 2272 2270
3 2274 2242 2244
3 2242 2274 2272
3 2274 2244 2262
3 2253 2246 2245
3 2254 2247 2246
3 2253 2254 2246
3 2255 2248 2247
3 2254 2255 2247
3 2256 2249 2248
3 2255 2256 2248
3 2257 2250 2249
3 2256 2257 2249
3 2258 2251 2250
3 2257 2258 2250
3 2259 2252 2251
3 2258 2259 2251
3 2259 2260 2252
3 2260 2333 2252
3 2276 2254 2253
3 2276 2253 2275
3 2277 2255 2254
3 2277 2254 2276
3 2278 2256 2255
3 2278 2255 2277
3 2279 2257 2256
3 2279 2256 2278
3 2280 2258 2257
3 2280 2257 2279
3 2281 2259 2258
3 2281 2258 2280
3 2282 2260 2259
3 2282 2259 2281
3 2353 2260 2282
3 2260 2336 2333
3 2353 2336 2260
3 2261 2312 2262
3 2263 2313 2261
3 2261 2313 2312
3 2272 2262 2273
3 2272 2274 2262
3 2262 2311 2273
3 2262 2312 2311
3 2263 2314 2313
3 2314 2263 2315
3 2263 2351 2315
3 2331 2350 2263
3 2263 2350 2351
3 2264 2267 2265
3 2264 2266 2267
3 2267 2307 2265
3 2266 2269 2267
3 2266 2268 2269
3 2269 2308 2267
3 2267 2308 2307
3 2268 2271 2269
3 2268 2270 2271
3 2271 2309 2269
3 2269 2309 2308
3 2270 2273 2271
3 2270 2272 2273
3 2273 2310 2271
3 2271 2310 2309
3 2273 2311 2310
3 2283 2276 2275
3 2284 2277 2276
3 2283 2284 2276
3 2285 2278 2277
3 2284 2285 2277
3 2286 2279 2278
3 2285 2286 2278
3 2287 2280 2279
3 2286 2287 2279
3 2288 2281 2280
3 2287 2288 2280
3 2289 2282 2281
3 2288 2289 2281
3 2289 2290 2282
3 2290 2353 2282
3 2291 2284 2283
3 2292 2285 2284
3 2291 2292 2284
3 2293 2286 2285
3 2292 2293 2285
3 2294 2287 2286
3 2293 2294 2286
3 2295 2288 2287
3 2294 2295 2287
3 2296 2289 2288
3 2295 2296 2288
3 2297 2290 2289
3 2296 2297 2289
3 2297 2298 2290
3 2298 2355 2290
3 2290 2355 2353
3 2299 2292 2291
3 2300 2293 2292
3 2299 2300 2292
3 2301 2294 2293
3 2300 2301 2293
3 2302 2295 2294
3 2301 2302 2294
3 2303 2296 2295
3 2302 2303 2295
3 2304 2297 2296
3 2303 2304 2296
3 2305 2298 2297
3 2304 2305 2297
3 2305 2306 2298
3 2306 2358 2298
3 2298 2358 2355
3 2307 2300 2299
3 2308 2301 2300
3 2307 2308 2300
3 2309 2302 2301
3 2308 2309 2301
3 2310 2303 2302
3 2309 2310 2302
3 2311 2304 2303
3 2310 2311 2303
3 2312 2305 2304
3 2311 2312 2304
3 2313 2306 2305
3 2312 2313 2305
3 2313 2314 2306
3 2314 2315 2306
3 2351 2306 2315
3 2351 2361 2306
3 2306 2361 2358
3 2334 2317 2316
3 2334 2316 2333
3 2335 2318 2317
3 2335 2317 2334
3 2320 2319 2318
3 2338 2320 2318
3 2338 2318 2335
3 2320 2321 2319
3 2339 2321 2320
3 2339 2320 2338
3 2340 2322 2321
3 2340 2321 2339
3 2344 2323 2322
3 2344 2322 2340
3 2324 2325 2323
3 2324 2323 2326
3 2323 2343 2326
3 2323 2344 2343
3 2346 2324 2326
3 2327 2329 2324
3 2327 2324 2330
3 2324 2345 2330
3 2324 2346 2345
3 2346 2326 2343
3 2327 2347 2328
3 2348 2327 2330
3 2327 2348 2347
3 2352 2332 2328
3 2352 2328 2347
3 2348 2330 2345
3 2332 2350 2331
3 2332 2352 2350
3 2336 2334 2333
3 2337 2335 2334
3 2336 2337 2334
3 2337 2338 2335
3 2354 2337 2336
3 2354 2336 2353
3 2341 2338 2337
3 2356 2341 2337
3 2356 2337 2354
3 2342 2339 2338
3 2341 2342 2338
3 2343 2340 2339
3 2342 2343 2339
3 2343 2344 2340
3 2357 2342 2341
3 2357 2341 2356
3 2345 2343 2342
3 2360 2345 2342
3 2360 2342 2357
3 2345 2346 2343
3 2347 2348 2345
3 2347 2345 2349
3 2345 2359 2349
3 2345 2360 2359
3 2362 2347 2349
3 2350 2347 2351
3 2350 2352 2347
3 2347 2361 2351
3 2347 2362 2361
3 2362 2349 2359
3 2355 2354 2353
3 2355 2356 2354
3 2358 2356 2355
3 2359 2357 2356
3 2358 2359 2356
3 2359 2360 2357
3 2361 2359 2358
3 2361 2362 2359
3 2368 2364 2363
3 2369 2365 2364
3 2368 2369 2364
3 2370 2366 2365
3 2369 2370 2365
3 2371 2367 2366
3 2370 2371 2366
3 2371 2372 2367
3 2384 2369 2368
3 2384 2368 2383
3 2385 2370 2369
3 2385 2369 2384
3 2386 2371 2370
3 2386 2370 2385
3 2387 2372 2371
3 2387 2371 2386
3 2378 2373 2372
3 2391 2378 2372
3 2391 2372 2387
3 2378 2379 2373
3 2380 2374 2375
3 2380 2381 2374
3 2381 2388 2374
3 2382 2375 2376
3 2382 2380 2375
3 2377 2390 2376
3 2394 2382 2376
3 2394 2376 2390
3 2378 2389 2377
3 2377 2389 2390
3 2378 2391 2389
3 2380 2392 2381
3 2382 2393 2380
3 2380 2393 2392
3 2381 2392 2388
3 2382 2394 2393
3 2396 2384 2383
3 2396 2383 2395
3 2397 2385 2384
3 2397 2384 2396
3 2398 2386 2385
3 2398 2385 2397
3 2389 2387 2386
3 2399 2389 2386
3 2399 2386 2398
3 2389 2391 2387
3 2389 2400 2390
3 2389 2399 2400
3 2403 2394 2390
3 2403 2390 2400
3 2393 2401 2392
3 2394 2402 2393
3 2393 2402 2401
3 2394 2403 2402
3 2405 2396 2395
3 2405 2395 2404
3 2406 2397 2396
3 2406 2396 2405
3 2407 2398 2397
3 2407 2397 2406
3 2409 2399 2398
3 2409 2398 2407
3 2399 2408 2400
3 2399 2409 2408
3 2412 2403 2400
3 2412 2400 2408
3 2402 2410 2401
3 2403 2411 2402
3 2402 2411 2410
3 2403 2412 2411
3 2415 2405 2404
3 2415 2404 2414
3 2416 2406 2405
3 2416 2405 2415
3 2408 2407 2406
3 2418 2408 2406
3 2418 2406 2416
3 2408 2409 2407
3 2411 2412 2408
3 2411 2408 2413
3 2408 2417 2413
3 2408 2418 2417
3 2411 2419 2410
3 2420 2411 2413
3 2411 2420 2419
3 2420 2413 2417
3 2422 2415 2414
3 2422 2414 2421
3 2417 2416 2415
3 2424 2417 2415
3 2424 2415 2422
3 2417 2418 2416
3 2426 2420 2417
3 2426 2417 2424
3 2420 2425 2419
3 2420 2426 2425
3 2423 2422 2421
3 2428 2423 2421
3 2428 2421 2427
3 2423 2424 2422
3 2425 2424 2423
3 2429 2425 2423
3 2429 2423 2428
3 2425 2426 2424
3 2431 2429 2428
3 2431 2428 2430
3 2434 2432 2433
3 2434 2435 2432
3 2435 2454 2432
3 2436 2435 2434
3 2436 2438 2435
3 2438 2460 2435
3 2435 2460 2454
3 2439 2436 2437
3 2440 2438 2436
3 2439 2440 2436
3 2440 2441 2438
3 2441 2468 2438
3 2438 2468 2460
3 2442 2440 2439
3 2444 2441 2440
3 2442 2444 2440
3 2444 2445 2441
3 2445 2473 2441
3 2441 2473 2468
3 2446 2442 2443
3 2447 2444 2442
3 2446 2447 2442
3 2448 2445 2444
3 2447 2448 2444
3 2448 2449 2445
3 2449 2477 2445
3 2445 2477 2473
3 2450 2447 2446
3 2451 2448 2447
3 2450 2451 2447
3 2452 2449 2448
3 2451 2452 2448
3 2452 2453 2449
3 2449 2479 2477
3 2460 2455 2454
3 2461 2456 2455
3 2460 2461 2455
3 2461 2462 2456
3 2462 2464 2456
3 2464 2480 2456
3 2465 2457 2466
3 2465 2467 2457
3 2457 2482 2466
3 2457 2483 2482
3 2468 2461 2460
3 2469 2462 2461
3 2468 2469 2461
3 2462 2463 2464
3 2470 2463 2462
3 2469 2470 2462
3 2463 2466 2464
3 2463 2465 2466
3 2471 2465 2463
3 2470 2471 2463
3 2466 2481 2464
3 2464 2481 2480
3 2471 2472 2465
3 2466 2482 2481
3 2473 2469 2468
3 2474 2470 2469
3 2473 2474 2469
3 2475 2471 2470
3 2474 2475 2470
3 2475 2476 2471
3 2477 2474 2473
3 2477 2478 2474
4 3217 3327 2913 4116
4 2503 2552 3043 3960
4 2672 2768 2630 2936
4 2626 3159 2661 4279
4 2644 2793 2577 4032
4 2569 3234 3303 3339
4 2568 3376 2928 3546
4 2586 2822 2934 4078
4 817 1624 1543 3824
4 1543 699 817 3824
4 204 205 206 3292
4 576 585 605 3228
4 2892 3005 2719 3702
4 2479 2491 2477 2961
4 2521 2744 3247 3947
4 2456 2874 1450 3239
4 2844 2860 2661 3515
4 3214 3342 2761 3562
4 575 534 573 3268
4 1985 2010 1986 4045
4 660 619 658 3634
4 3647 4213 3339 4299
4 513 3258 2890 3737
4 2913 2545 3217 3236
4 2453 1309 2449 2490
4 3163 3263 131 3537
4 1262 1251 1252 3881
4 2835 2922 2757 3015
4 368 380 379 3740
4 2581 2601 2638 2996
4 441 3144 497 3195
4 498 496 500 3052
4 623 662 664 3844
4 3054 131 3163 3263
4 2594 3054 92 3163
4 248 262 258 3321
4 3096 3293 1673 3922
4 2530 2542 3171 4302
4 3283 3284 2577 3384
4 2506 3543 2576 3722
4 131 3263 3054 3537
4 1985 2009 2010 4045
4 2747 2976 3407 3644
4 730 723 728 4014
4 1823 1843 1845 3585
4 2630 2768 2672 4261
4 2444 2445 2441 3607
4 2658 3872 3416 4285
4 2561 2589 2519 2634
4 241 252 240 3973
4 2568 3151 2928 3281
4 1432 1421 1420 3461
4 2658 3388 3872 4285
4 2545 2701 4036 4328
4 2925 3119 2686 4220
4 2578 2896 2763 3075
4 1917 1907 3899 4219
4 222 2934 3321 4248
4 2690 2557 2868 3245
4 1773 1765 1766 3316
4 2516 2576 3441 3543
4 2548 2723 2608 2791
4 1669 1662 1644 2924
4 1439 1440 1432 3635
4 2530 3716 2557 3761
4 685 686 655 3634
4 1137 1136 1128 4006
4 2562 2934 2822 4078
4 1768 3362 1767 3925
4 92 3054 2594 3661
4 2516 2557 2506 3441
4 1397 2900 3058 4195
4 918 903 3859 3879
4 1771 3315 1763 3592
4 657 655 686 3634
4 3221 3339 2758 3604
4 1932 1931 1935 3965
4 2672 2630 2761 2936
4 1845 1843 1849 2907
4 2585 2879 3008 3321
4 1735 2935 1728 4212
4 3131 3707 2888 3728
4 2455 2456 1450 3239
4 3356 3549 2785 4119
4 2545 4036 3236 4328
4 1673 3293 3096 3780
4 2659 2742 2828 3207
4 2498 2914 3185 3583
4 1320 607 608 3228
4 1499 3146 1477 3638
4 2626 2762 2806 3302
4 625 624 3469 3509
4 1136 1135 1127 3401
4 2507 2608 2548 2723
4 2923 2705 3174 3213
4 957 940 941 3349
4 2609 2719 2691 2731
4 1673 1665 3293 3780
4 2532 2581 2544 2654
4 2646 3303 3234 3339
4 237 239 236 3911
4 1088 1097 1096 3777
4 2721 2884 2761 2915
4 2516 3441 2506 3543
4 885 868 887 3594
4 792 781 740 741
4 2548 2723 2624 3988
4 2758 3339 3221 4213
4 3129 3705 3001 3808
4 2979 3340 2975 4015
4 1051 1976 1975 3565
4 1050 1051 1975 3565
4 2747 3407 2998 3644
4 2690 3041 2557 3245
4 2543 3497 3512 4244
4 3165 3705 2816 3808
4 2552 2503 3411 3605
4 2949 3169 3434 3946
4 2642 2785 3356 3549
4 2509 2909 2788 3452
4 688 661 659 3634
4 690 665 663 3844
4 2620 3688 3854 4009
4 3705 3808 3165 4262
4 1524 3741 1523 3855
4 2516 3440 2591 3441
4 2698 2842 2574 3157
4 3536 3772 3429 3809
4 2675 2880 2821 3406
4 2626 2584 3159 4279
4 2512 3123 2966 3763
4 866 868 885 3198
4 2923 2705 3213 4089
4 397 398 399 3069
4 2912 3550 2911 3685
4 1626 820 1627 3757
4 820 1626 819 3757
4 2612 2743 2576 3907
4 3287 4159 2870 4238
4 708 702 709 3227
4 2747 3407 2976 3860
4 1298 1299 1300 3875
4 1611 1612 1604 3422
4 234 221 223 2879
4 2661 2626 2794 3159
4 2566 3451 3452 3529
4 2719 2609 2965 3005
4 2630 3224 3338 3342
4 1684 1694 1695 3557
4 2112 2095 2086 3156
4 1129 1137 1128 4006
4 1956 1960 1964 2981
4 2612 3760 3440 4174
4 168 3242 2495 4180
4 2530 3171 4177 4302
4 3165 2944 3772 4018
4 2578 2662 2786 2896
4 2536 2605 2708 2833
4 2572 2772 2971 3363
4 2684 2911 2912 3550
4 1764 1768 1767 3925
4 2020 2176 2173 3503
4 2106 2121 1740 4228
4 2569 2974 3234 4325
4 92 2594 3271 3661
4 2503 2875 2820 4092
4 2577 3283 3077 3674
4 2665 3321 2879 4066
4 2585 3008 2641 3321
4 688 659 687 3634
4 804 805 820 3320
4 204 4210 212 4306
4 663 689 690 3844
4 3087 3717 3575 3862
4 2705 3388 2923 3584
4 2945 3079 2944 3867
4 2563 2648 3660 4153
4 980 979 971 3991
4 3046 3325 2885 3463
4 2649 2974 3924 4093
4 2622 3256 3154 3309
4 1448 1450 2874 3239
4 2605 2946 2833 3660
4 3024 3328 3327 3631
4 2196 2223 2060 3285
4 3087 3322 3008 3575
4 1127 1128 1136 3401
4 2747 2944 3407 3860
4 2652 3318 3590 3902
4 1133 1132 1124 3350
4 2501 3428 2867 3543
4 2587 2601 2969 3657
4 2646 2816 3808 4241
4 2949 3169 2870 3434
4 3169 3402 2569 4325
4 2747 2944 3165 4018
4 660 621 619 3634
4 2609 2691 2719 3173
4 2509 2909 2531 3842
4 1385 4195 3058 4196
4 3278 3233 4078 4142
4 1316 588 1317 3545
4 807 799 808 3954
4 2945 3079 3867 4312
4 3000 3429 3772 3809
4 3024 3478 3328 3631
4 1491 1506 1488 3576
4 2548 2589 2634 3988
4 642 650 3644 3860
4 2714 2933 2800 4111
4 1735 3279 1752 3730
4 2788 3313 2498 3760
4 2642 3356 2958 4119
4 2658 3187 3096 3872
4 2514 2799 3328 3631
4 2502 2819 3453 4049
4 2684 2912 2911 3676
4 2675 2566 2880 2938
4 2799 3180 3159 3181
4 2529 3590 3318 3902
4 1033 1032 1024 3954
4 3072 3741 3078 3853
4 2869 3353 2735 3686
4 1183 1182 1174 3121
4 1035 1034 1026 3942
4 1647 1649 1650 3655
4 1991 1993 1994 3375
4 664 625 623 3844
4 2662 3070 3211 3408
4 2667 2749 2693 3189
4 3072 3125 2862 3203
4 1500 3391 1503 3817
4 1634 1617 1633 3680
4 1382 1376 1375 3671
4 2642 2785 3084 4121
4 2677 3728 3353 3931
4 2712 2749 2667 3010
4 2524 3225 3723 3724
4 1529 1545 1546 4100
4 2747 2944 2976 3373
4 773 3815 772 3867
4 2642 3549 3356 4119
4 2523 4039 2501 4253
4 1448 2456 2480 2874
4 851 847 852 3580
4 2592 2553 2815 4267
4 3232 3849 3673 4289
4 2568 3281 2928 3538
4 1702 1669 1703 4173
4 2646 2810 2647 3339
4 2642 3356 2785 4121
4 2663 3204 3405 3655
4 2913 3538 4270 4310
4 2680 3125 3072 3203
4 1669 1670 1662 2924
4 2569 3604 3339 3647
4 2300 2299 2307 4252
4 3061 3243 2807 3917
4 2766 3470 3214 3562
4 1054 3805 1979 4019
4 2816 3705 3129 3808
4 2619 2531 3595 3897
4 289 288 274 3828
4 2585 3008 2879 3828
4 2495 3242 168 3394
4 2949 3287 2870 4238
4 2648 2892 2696 3200
4 2675 2880 2566 4172
4 2819 3471 3453 4049
4 2220 2223 2199 3285
4 2504 3271 2594 3345
4 2574 2680 2842 3125
4 2499 3161 2984 3788
4 1683 1694 3557 4128
4 2755 2906 2650 3000
4 1682 1708 1706 3614
4 2569 3234 2974 3303
4 2112 2086 2105 3167
4 2504 2594 2969 3345
4 2842 2961 2698 3125
4 496 500 3052 3195
4 1147 1123 1121 3833
4 2639 2731 2691 3030
4 2525 2587 2601 2969
4 233 226 224 3813
4 240 222 2934 3321
4 1512 1511 3576 3690
4 2622 3256 3309 4236
4 1580 1556 1555 4100
4 2498 3185 2917 3583
4 2007 1983 1982 3764
4 513 2890 509 3915
4 2626 2840 2762 3302
4 3242 3386 2513 4292
4 2998 3287 2870 3434
4 1982 2006 2007 3764
4 1117 1145 1119 3769
4 2186 2192 2187 4320
4 404 3887 853 3974
4 2735 3144 2843 3195
4 1756 1763 2908 3592
4 3342 3474 3224 4155
4 747 749 757 3980
4 274 288 273 3828
4 2596 2659 3310 4080
4 2503 2820 4013 4092
4 2599 2886 2804 2887
4 1634 1618 1617 3680
4 2693 2890 2885 3258
4 2545 3024 3236 4036
4 2516 2557 2591 2637
4 1124 1125 1133 3350
4 2616 2518 2847 3558
4 2842 2948 2698 2961
4 2870 3287 2998 4159
4 2929 3384 3283 3674
4 1597 1590 1589 4089
4 2735 3931 2890 4327
4 2557 2530 3382 3716
4 2507 2624 2723 3988
4 662 621 660 3139
4 2512 2542 2530 3800
4 2913 4270 2769 4310
4 1695 3649 1648 3655
4 434 444 433 3195
4 2528 3453 3417 3775
4 2924 2939 2588 3680
4 2653 2859 3536 4262
4 1499 1512 1501 2493
4 2193 2187 2192 4320
4 3225 3327 2904 3376
4 756 747 757 3980
4 2498 3068 2917 3185
4 2747 2976 2944 3860
4 2986 3019 2678 3481
4 1270 1254 1271 3358
4 2507 2723 2548 3988
4 1556 1557 1549 3419
4 1095 1087 1086 4029
4 1597 1598 1590 4089
4 1121 1146 1147 3833
4 514 505 506 3792
4 2557 2516 2591 3441
4 2648 2834 2812 4113
4 2649 2734 3325 4201
4 3165 3808 2816 4241
4 2523 3380 2604 3800
4 1740 1733 2106 4228
4 2574 3478 3157 3631
4 521 3861 546 4232
4 756 626 747 2955
4 2854 2902 2853 3479
4 1994 1992 1991 3375
4 2705 2923 3174 3584
4 1604 1603 1611 3422
4 2949 2870 3287 3434
4 2986 3019 2779 3055
4 800 808 799 3954
4 2578 2786 2763 2896
4 1735 1752 3279 3574
4 2646 2647 3303 3339
4 1613 1612 1571 3994
4 2521 3689 2744 3947
4 1025 1033 1024 3954
4 650 651 674 3815
4 2653 2955 3060 3536
4 2876 3617 3198 4172
4 3163 3537 131 4084
4 1117 1144 1145 3769
4 1027 1035 1026 3942
4 674 651 675 3815
4 2584 3181 3159 3967
4 2546 3490 2644 3675
4 2847 3500 2590 4170
4 1571 1612 1569 3994
4 3235 3589 3094 4135
4 2637 2713 2861 3081
4 442 443 445 4215
4 2675 2721 2938 3050
4 773 793 772 3815
4 794 793 773 3815
4 2548 2791 2608 3476
4 2578 2662 2896 3075
4 2944 2945 2650 3079
4 1647 1650 1648 3655
4 3162 3221 2758 3604
4 694 3572 695 4199
4 2595 3353 3728 3931
4 2602 2650 2755 2906
4 1546 1530 1529 4100
4 2012 2173 1988 3771
4 2257 2249 2256 3868
4 2194 2189 2188 3540
4 1683 1694 1684 3557
4 756 635 626 2955
4 2767 3990 3548 4140
4 2586 2534 2737 2811
4 3031 3213 2705 4089
4 2521 3750 2956 3952
4 711 4053 3809 4316
4 2913 3538 2769 4270
4 2557 3081 2637 3761
4 3765 3818 2720 4112
4 1263 1265 1283 2726
4 756 2955 747 3980
4 2050 2051 2048 4132
4 3351 3617 2876 4172
4 2686 2573 2838 2845
4 3475 3628 2912 3978
4 1999 2001 2002 3485
4 933 930 949 3962
4 3509 3939 750 3980
4 1731 1730 3034 3912
4 918 935 934 2782
4 240 222 229 2934
4 3024 3217 2545 3236
4 2195 2189 2194 3540
4 2706 2680 2952 3516
4 1475 1442 1441 3843
4 1074 1072 1112 3668
4 3096 3187 2725 3780
4 1995 1997 1998 3485
4 2568 2928 3151 3546
4 2716 3221 3162 3604
4 357 342 340 2902
4 2769 2913 3217 3327
4 2529 3318 3529 3902
4 1082 1084 1093 3681
4 252 240 2934 3321
4 735 760 736 3806
4 2568 2928 3376 3538
4 3169 2949 3437 3946
4 2979 2984 3471 4137
4 2534 3697 2666 3698
4 2721 2602 2884 2893
4 340 355 357 2902
4 695 1539 1538 4199
4 1538 694 695 4199
4 972 980 971 3991
4 918 934 917 2782
4 2597 3024 3327 3631
4 348 343 359 4101
4 2530 2542 2512 3736
4 2504 3692 3658 3787
4 2562 3848 4078 4142
4 2820 3411 2503 3605
4 2966 2957 3678 3763
4 3059 4281 3712 4295
4 2672 2761 2630 3415
4 497 500 496 3195
4 1694 3204 1695 3557
4 934 935 951 3301
4 2855 3436 3278 3847
4 165 2814 3073 3276
4 385 388 395 3705
4 2974 3234 2646 3303
4 2698 2948 2842 3157
4 1093 1092 1082 3681
4 2112 3156 2086 3167
4 3209 3455 2579 3831
4 2585 3008 3828 3923
4 1610 1611 1603 3430
4 2813 3698 2660 3709
4 565 566 602 4129
4 2885 3045 2890 3931
4 2744 2997 3726 4023
4 1671 1705 1672 3273
4 2566 3529 3318 3902
4 2696 3600 3846 4264
4 2859 3536 3429 3809
4 2407 3314 2406 4038
4 2568 3281 3538 4300
4 3103 3325 2734 3463
4 2580 3188 3119 3554
4 3388 3504 2705 3938
4 1353 1362 1361 3154
4 2803 3758 3570 3856
4 1988 2173 2143 3771
4 2717 2886 2599 2887
4 1512 3576 3391 3690
4 2495 3782 3394 3984
4 1157 1159 1158 4193
4 623 625 3215 3844
4 1448 1450 2456 2874
4 3303 3647 2647 3683
4 2515 3302 2623 3455
4 509 2890 504 4254
4 2870 3169 2949 3437
4 875 424 894 3608
4 3345 2536 3781 4315
4 2258 2251 2250 3868
4 1847 1848 1859 3978
4 3497 3573 2599 4244
4 2836 3106 2974 3303
4 2665 3321 3114 4248
4 2814 3276 162 3372
4 2164 2209 2208 3544
4 935 952 951 3733
4 2542 2530 3800 4302
4 2724 3152 2872 3955
4 2637 3081 2571 3761
4 3043 3959 3386 3960
4 2698 2948 3218 4026
4 2208 2162 2164 3544
4 423 700 424 3887
4 2910 3061 2617 3223
4 2524 3673 3340 3674
4 221 223 2879 4248
4 689 663 661 3139
4 1845 1849 1850 2907
4 2749 2693 3189 3206
4 2843 2869 2735 3686
4 723 721 728 3403
4 1062 1073 1064 4030
4 2785 2642 3084 3549
4 2758 3618 3701 4262
4 2456 2874 2462 4074
4 2779 3019 2986 4003
4 2578 2662 2511 3354
4 3024 3157 3478 3631
4 1374 1370 1375 3943
4 1598 3922 1590 4089
4 3327 3376 2913 3822
4 2767 3174 3213 4295
4 497 500 3195 3603
4 1158 1156 1157 4193
4 3046 2734 3325 3463
4 3077 3283 2577 3384
4 3469 3509 2955 4311
4 2641 3008 2585 3683
4 2628 3274 2846 3686
4 2910 3061 2588 3354
4 918 3859 3663 3879
4 1845 1825 1823 3585
4 2846 3131 2628 3686
4 805 821 820 3320
4 2765 2986 2678 3481
4 2074 2075 2093 3168
4 756 3980 757 4182
4 2512 3800 2604 3998
4 1609 1563 3430 4135
4 2758 3001 3618 4262
4 2702 3171 2796 4177
4 2849 2702 2972 3413
4 2501 2867 3473 3543
4 3024 3327 3217 4116
4 1247 1252 1251 3196
4 2530 3171 2542 3736
4 2439 1303 2442 2489
4 1036 1035 1027 4275
4 2648 2563 3660 4113
4 2769 3327 3225 3376
4 2113 2363 2364 3730
4 1989 1991 1992 3556
4 2569 3303 2974 4325
4 2444 2441 3286 3607
4 3124 3185 2529 3452
4 3031 1603 3422 3430
4 2528 3330 3250 3417
4 589 1317 588 3545
4 2735 3352 2890 3931
4 1408 1407 1412 3078
4 153 2515 3500 3520
4 2131 2147 2148 3956
4 2140 2167 2165 3294
4 2501 3380 2523 3800
4 1482 1503 1501 3391
4 2724 3477 3152 3778
4 2558 2625 3467 4324
4 273 275 259 3752
4 3339 3647 3221 4213
4 2697 2706 3150 3900
4 3165 3772 3536 4018
4 2122 3487 2121 3914
4 2552 2503 2875 3411
4 852 860 851 3617
4 1011 1027 3942 4275
4 2309 2310 2302 4107
4 1998 1996 1995 3485
4 2530 3761 2557 3789
4 2658 3096 3187 3731
4 3054 3455 3209 3831
4 2156 2253 2245 4054
4 2911 3200 3084 4147
4 2630 3342 3338 3470
4 1999 2002 2000 3485
4 2211 2170 2212 3294
4 239 237 3752 3911
4 700 894 424 3608
4 2528 2611 3250 3330
4 1510 1499 1498 3638
4 2168 2170 2211 3294
4 2653 3060 2955 4311
4 2693 2885 2890 3931
4 2671 2922 2835 3015
4 3034 3459 1731 3912
4 661 688 689 3139
4 2595 3437 3931 3946
4 2928 3281 3151 3475
4 1476 1477 1469 4265
4 1542 698 699 3132
4 699 1543 1542 3132
4 2615 3014 2961 3851
4 2501 2593 2523 3380
4 2209 2164 2166 3294
4 2521 3684 3032 3947
4 2209 2166 2210 3294
4 2503 3043 2552 3722
4 2563 3217 4099 4273
4 3174 3213 2705 4160
4 2645 3678 2957 3763
4 2506 3043 2495 3394
4 2779 2572 3055 3446
4 3090 3978 2912 4221
4 2519 2634 2589 3988
4 521 523 546 3861
4 2729 2681 3022 3092
4 2502 2877 2819 4049
4 2961 3014 2842 3883
4 2729 3022 2831 3619
4 2107 2108 2122 4086
4 384 395 392 3001
4 2504 2969 2594 3658
4 2885 3437 3325 3931
4 2904 3232 3225 3376
4 3119 3188 2686 4220
4 2364 2114 2113 3730
4 1555 1579 1580 4100
4 2589 2776 2624 2864
4 2473 2468 2441 3882
4 2757 3405 3012 3823
4 3278 4078 3848 4142
4 3052 3195 500 3603
4 3060 3162 2758 3604
4 3031 2705 3213 4160
4 2509 2566 3451 3452
4 2628 3353 2869 3686
4 1549 1548 1556 3419
4 2505 3212 3310 4217
4 2641 3321 2665 4066
4 2581 2654 2532 2833
4 2296 2297 2289 3896
4 1602 1603 1595 3031
4 2976 3644 2747 3924
4 1976 1051 1052 4019
4 1052 1977 1976 4019
4 1054 1979 1978 4019
4 1978 1053 1054 4019
4 2569 3339 3303 3647
4 2108 2123 2122 4086
4 2675 2821 2880 4172
4 1595 1594 1602 3031
4 2543 3357 3573 3959
4 623 621 662 3139
4 2540 3436 3278 4020
4 2746 3453 4016 4297
4 1355 1352 3306 3943
4 2121 3932 1740 4228
4 492 3055 480 4322
4 2646 2816 3129 3808
4 2335 2317 2334 4085
4 2506 3394 2495 3782
4 2148 2132 2131 3956
4 2568 3376 3546 3547
4 1113 1073 1074 3668
4 2853 3337 2810 4294
4 2659 2828 2596 3207
4 2629 3133 3151 3758
4 205 3292 204 4306
4 252 3973 253 4233
4 2654 2532 2833 2977
4 2595 3402 3106 3728
4 153 3500 2570 3520
4 2855 3249 4021 4276
4 2256 2249 2248 3868
4 92 3054 82 3163
4 3096 3187 2923 3872
4 3250 3417 3330 4292
4 1004 979 980 3991
4 168 2495 3984 4180
4 2098 2114 2115 3466
4 3151 3281 2684 3475
4 709 703 710 3227
4 1165 1167 1166 4185
4 2196 2199 2223 3285
4 2115 2099 2098 3466
4 202 3191 3212 3310
4 2640 2660 3698 3709
4 2952 3589 3235 4152
4 2974 2747 3234 3434
4 2408 2412 2400 3112
4 2725 2924 2939 3983
4 2577 2793 2644 3177
4 396 395 388 3705
4 2524 3182 3181 3183
4 2555 3916 2957 4274
4 2642 4119 2958 4300
4 2506 3441 2576 3543
4 1868 3051 1881 3633
4 1525 1408 1526 2925
4 756 2955 3980 4182
4 2745 2588 3061 3354
4 192 3418 2917 3710
4 616 630 3555 3732
4 2522 2659 2520 4323
4 569 596 571 4129
4 115 2960 3890 4069
4 3215 3509 3469 4311
4 2578 2588 2786 3765
4 2473 2441 3863 3882
4 1524 3420 3741 3855
4 2675 2938 2880 3406
4 438 3138 3348 4214
4 2725 3187 3096 3731
4 2141 2169 2167 3126
4 2892 3030 3005 3702
4 3189 3206 2693 4035
4 2766 3176 2915 3562
4 2482 2483 1455 4074
4 123 2960 200 3890
4 2534 2586 3697 3698
4 1629 1655 1653 4305
4 115 2960 123 3890
4 2524 3181 3182 3849
4 2755 2893 2884 4082
4 2738 2843 3137 3138
4 2456 2455 3203 3239
4 2545 3033 2913 4310
4 3191 3640 3845 4217
4 1950 1949 1955 3714
4 2524 3673 3232 3849
4 1764 1767 1760 3925
4 711 709 710 4053
4 2325 1286 1282 2970
4 3045 3046 2885 3861
4 2777 2950 2701 3067
4 2408 2399 2409 3492
4 2904 3376 3327 3822
4 343 322 320 3404
4 2499 2819 2984 3161
4 2425 1811 2419 3936
4 290 273 288 3796
4 2735 3052 2890 3603
4 2923 3174 2664 3213
4 396 397 399 3069
4 1860 1859 1848 3978
4 2863 3204 2766 3655
4 1870 1856 1857 4148
4 879 877 896 3334
4 2375 2376 2382 3506
4 2684 3549 2911 3550
4 711 712 4053 4316
4 635 2955 756 4182
4 980 1005 1004 3991
4 991 993 963 4005
4 2890 3045 2885 3258
4 2695 2739 2982 3385
4 2658 3584 3187 3872
4 2480 1451 1448 2874
4 3107 3613 3403 4283
4 1728 3361 1720 4212
4 2574 2842 2698 3125
4 1881 3633 3051 3837
4 2915 3176 2835 3679
4 3281 4119 3549 4300
4 1543 3132 699 3824
4 2589 2634 2561 2962
4 1028 1036 1027 4275
4 106 83 3044 3829
4 2574 2842 2680 3157
4 2708 3130 3241 3496
4 1316 1317 3152 3545
4 2532 2548 2507 2608
4 3278 3436 2855 4020
4 594 596 569 4129
4 2833 2946 2691 3660
4 2642 3549 4119 4300
4 1595 3031 1603 4089
4 3453 3471 2746 4049
4 1131 1221 1139 3699
4 2634 2763 2896 3075
4 1158 1160 1174 3092
4 3009 3685 3200 4088
4 135 3068 2917 3418
4 2716 3162 3060 3604
4 162 2814 165 3276
4 2642 3281 3549 4300
4 2901 3105 2754 3331
4 1084 1156 1172 3092
4 2869 2735 3352 4254
4 2189 2275 2183 4054
4 1166 1164 1165 4185
4 2524 3723 3077 3724
4 2521 2956 3230 3952
4 2981 2996 2682 3744
4 2495 3394 168 3984
4 2566 3452 3318 3529
4 2969 3345 2536 3781
4 1603 1602 1610 3430
4 2523 2730 2604 3380
4 1907 4115 3899 4219
4 2694 3219 2790 3995
4 2530 2506 2557 3382
4 3327 3328 2799 3631
4 2543 3573 3497 4244
4 2790 2983 2611 3219
4 2472 3150 2465 4068
4 1647 1648 1645 3824
4 2609 3173 2719 3484
4 3072 3078 3741 4012
4 317 318 316 3839
4 2303 2311 2304 4107
4 2556 3224 3474 4155
4 699 3132 817 3824
4 751 3806 3298 3980
4 2528 3417 3250 3775
4 3710 3845 3640 4217
4 2630 3224 3342 3474
4 2509 2566 3318 3981
4 1174 1173 1158 3092
4 2732 2994 2793 3944
4 2594 3271 2504 3658
4 1774 1766 1777 3317
4 2853 3996 3337 4294
4 3276 3372 2814 4092
4 2867 3473 3543 3782
4 2497 2594 3271 3345
4 2220 2077 2061 4034
4 1738 1731 3034 3459
4 2911 3550 3009 3685
4 2189 2195 2283 4252
4 2606 3237 3761 4083
4 2658 3187 3457 4077
4 751 3107 3806 3980
4 1172 1093 1084 3092
4 2701 2950 2777 4145
4 2667 2749 2712 3726
4 2283 2275 2189 4054
4 3353 3561 2595 3728
4 2630 3184 3124 3567
4 573 470 475 3894
4 2514 3369 3047 4010
4 1738 1731 1730 3034
4 2904 3225 3180 3327
4 2522 2659 2669 4080
4 1980 1979 1055 3805
4 1055 1979 1054 3805
4 641 633 3407 3644
4 2136 2135 1149 3805
4 1149 2135 1148 3805
4 2758 3618 3514 3701
4 499 500 497 3603
4 2836 2888 3106 3947
4 3527 3726 2667 4179
4 2770 3436 2855 3847
4 384 3001 380 3739
4 2913 3327 2769 3376
4 2647 2810 3337 4294
4 2649 3325 3103 3463
4 513 3737 2890 3915
4 1611 3305 1612 3422
4 336 435 429 3363
4 2842 3125 2680 3203
4 2536 2605 2581 2708
4 1848 3676 1834 4221
4 2653 2827 3536 3809
4 2923 3257 2705 4089
4 2309 2302 2301 4107
4 2048 2051 2049 4132
4 2680 2874 3203 3288
4 2639 2691 2833 3030
4 3079 3772 2944 3867
4 2684 2911 3113 3676
4 140 2917 192 3418
4 2617 2611 2829 4288
4 2705 3257 2923 3388
4 2502 2819 3158 3453
4 2657 3016 2980 3284
4 1127 1105 1106 3966
4 2545 2913 3033 3236
4 2207 2160 2162 3036
4 2658 3356 3388 4285
4 2549 3354 2662 3765
4 2661 3202 2626 4279
4 1290 1274 1291 3358
4 3124 3184 2510 3567
4 3096 3293 2939 3780
4 1081 1118 1120 3468
4 1647 1649 3655 3824
4 1557 1556 1581 3641
4 2523 4069 3473 4253
4 1125 1104 1126 3777
4 2827 2653 3298 3806
4 3072 3203 2862 3288
4 1106 1128 1127 3966
4 421 411 416 2485
4 2479 2491 2961 3149
4 2291 2283 2195 4252
4 2860 3515 2844 3993
4 2689 2828 2742 3207
4 1695 3204 1694 3649
4 918 2782 3663 3859
4 2647 3008 3087 3683
4 1538 3654 694 4199
4 2566 2718 3318 3981
4 2885 3046 3045 3955
4 3322 3575 3087 3717
4 3384 3723 2929 3891
4 1647 3655 1648 3824
4 3119 3554 3188 4220
4 2979 3183 3182 3340
4 2693 2749 2667 4048
4 2456 3203 2874 3239
4 1003 3049 1011 3733
4 2600 3851 3474 4044
4 2518 3500 2847 4170
4 2628 3353 3131 3561
4 2585 3683 3008 3923
4 1448 2874 1449 3239
4 2723 2791 2548 2858
4 2516 3440 2576 3542
4 1628 1653 1651 4305
4 3469 3732 2716 4071
4 2521 3247 3561 3947
4 2014 2015 2007 3445
4 2524 3225 3181 3849
4 3283 3443 2732 4105
4 2800 2933 2622 4111
4 2657 3080 3579 4105
4 423 701 700 3886
4 2664 2923 3213 3641
4 2860 3078 2925 4220
4 2749 3186 2693 3206
4 3032 3684 2836 3947
4 1407 1412 3078 3993
4 1354 1352 1355 3943
4 2688 2567 2968 3036
4 2506 3043 2530 3736
4 998 1110 1070 3128
4 3629 3667 2767 4043
4 2595 3402 3169 3946
4 1442 1468 1436 3272
4 2542 2796 2643 4125
4 2628 2738 3274 3686
4 1385 3037 1381 4196
4 1450 1445 1447 3239
4 1681 3205 1677 3620
4 2642 3084 3846 4121
4 1511 1515 1502 3576
4 2793 3284 2732 3944
4 2524 3674 3077 3723
4 2245 2150 2156 4054
4 386 387 388 3645
4 3131 3353 2628 3686
4 2407 2397 2406 3314
4 2732 2577 3283 3284
4 2645 3521 2957 3678
4 2545 2701 3224 4036
4 2548 2624 2589 3988
4 2653 3536 2859 3809
4 356 355 341 3839
4 2568 3547 3151 3819
4 142 131 82 3054
4 2519 2561 2634 3075
4 2460 2461 2455 3239
4 2524 3182 3028 3849
4 2534 2666 3697 4078
4 2569 3527 3604 3648
4 2626 2937 2762 4064
4 1815 1827 1816 3586
4 2913 3376 2769 3538
4 1662 1644 2924 4198
4 3119 3554 2925 3636
4 3186 2693 3206 4035
4 2744 3561 3247 3947
4 2579 2510 3209 3583
4 3073 3276 2570 4218
4 2716 3469 2955 4311
4 3271 3640 183 3661
4 234 245 233 2879
4 260 259 275 3752
4 1548 1556 3419 4100
4 1785 1796 1786 3720
4 2792 3628 3475 3786
4 1112 1111 1142 3668
4 2697 2706 3235 3240
4 2614 3075 3070 3211
4 1815 1826 1827 3586
4 2664 3213 3174 4295
4 2650 3000 2906 4229
4 2647 2646 3303 3717
4 941 3553 940 4095
4 1241 2239 1240 3852
4 1763 3315 2908 3592
4 2240 2239 1241 3852
4 310 309 3197 3625
4 2692 3665 3260 4083
4 2890 3603 504 4254
4 2520 3310 3212 4166
4 900 889 882 3178
4 2344 2343 2326 2715
4 2731 2953 2671 3295
4 628 3463 636 4139
4 3475 3786 3628 3978
4 2974 3303 3106 4325
4 3524 4069 2523 4253
4 2497 2594 3047 4010
4 3032 2836 3729 3947
4 2769 3376 3232 3891
4 2280 2279 2287 3431
4 2653 3298 2955 3536
4 2606 4083 3761 4302
4 2823 3721 3256 4236
4 2997 3605 2820 3960
4 82 3054 131 3163
4 2609 2835 2757 3015
4 1396 1410 1409 3145
4 1282 2323 2325 2970
4 2498 3313 3249 3760
4 2769 4270 3217 4310
4 173 3276 65 3372
4 2921 3249 2498 3313
4 2157 2159 2160 4011
4 2769 3225 3232 3376
4 3238 3252 2511 4094
4 2432 3306 2433 3591
4 2636 3817 3368 4136
4 3024 2597 3327 4116
4 2890 3052 2735 4327
4 2516 2576 3440 3441
4 3200 3442 3084 4147
4 340 318 317 3839
4 2633 2880 2673 3401
4 2628 2869 2843 3686
4 3288 3420 3072 4184
4 2542 3171 2512 3736
4 2653 3227 3107 3806
4 1389 1396 1390 3718
4 1617 1618 810 4321
4 3125 3203 2842 3863
4 1480 3368 1479 3817
4 2684 3113 2911 3549
4 2847 3262 2616 3465
4 2566 2938 2675 3902
4 396 388 3069 3705
4 2869 3352 2735 3353
4 2503 3242 3394 3566
4 810 1618 811 4321
4 2620 2872 3101 3624
4 2699 2643 2972 4125
4 1613 3422 3994 4128
4 2280 2287 2288 3431
4 2576 2591 2743 3440
4 2921 3313 2498 3418
4 3000 3251 3079 3456
4 2702 2972 2643 3171
4 2553 2592 3377 4183
4 2254 2255 2247 3893
4 2944 3079 2650 3772
4 2580 2905 2694 3712
4 2949 3325 2885 3437
4 2544 2654 2581 4334
4 2529 3318 3124 3452
4 3072 2818 3741 3853
4 2663 2766 3204 3655
4 935 951 3301 3733
4 3422 3430 3305 3797
4 1221 1131 1212 3699
4 3815 3860 772 3867
4 3181 3225 3180 3849
4 2797 3667 3088 4043
4 2106 3914 2121 4228
4 1594 3031 1595 3548
4 2577 2732 3283 4032
4 2558 2702 2625 3171
4 2568 3174 3504 4160
4 2974 2836 3303 3611
4 142 3054 92 3661
4 340 341 355 3839
4 2552 3411 3441 3715
4 2701 3342 3224 4155
4 2524 3183 3181 3225
4 108 3341 3035 3830
4 385 384 375 3129
4 957 940 3349 4126
4 2267 2308 2307 4042
4 135 3068 2921 4277
4 2788 3452 2909 3760
4 2611 2749 2739 3975
4 2879 3321 2585 4066
4 2211 2210 3294 4320
4 751 749 750 3980
4 3033 3388 2705 3938
4 2260 2252 2259 3857
4 1694 3649 3557 4128
4 3049 3733 2782 3942
4 874 422 424 3887
4 2802 3613 3107 4283
4 2267 2307 2265 4042
4 218 219 3324 3510
4 2575 2645 2839 2871
4 1011 1010 3733 3942
4 2584 3967 3159 4279
4 60 2960 112 3473
4 2820 2875 2503 3411
4 2735 3352 3931 4327
4 2885 3325 3046 3955
4 3023 3151 2803 3547
4 3258 3687 543 4139
4 896 877 895 3334
4 2701 2545 3338 4328
4 2923 3096 3872 3922
4 1374 1369 1370 3943
4 2939 3061 2588 3680
4 3075 3850 2634 3988
4 2527 2538 3063 4108
4 68 3313 2921 3418
4 2172 2213 2212 4042
4 2170 2172 2212 4042
4 2998 3732 3469 4071
4 3152 3778 3477 3961
4 2716 3469 3215 3732
4 1157 1156 3681 4193
4 2510 2579 3068 3583
4 2584 3182 3181 3967
4 2019 2020 2012 3423
4 750 752 751 3980
4 2923 3187 3096 3922
4 3293 3641 2923 4255
4 3052 2890 3603 3898
4 3204 3557 1694 3649
4 2572 2772 3363 3749
4 2589 2624 2548 2864
4 2506 2495 3043 3736
4 2765 2986 3481 4127
4 2880 3264 3013 3401
4 2552 2557 2506 3382
4 135 2921 3068 3418
4 628 636 3463 4238
4 1591 1673 1665 3293
4 2667 3169 3438 3527
4 2746 3471 3453 4137
4 625 3469 3215 3509
4 3258 3861 521 4232
4 2510 2579 3218 4338
4 2614 2774 3075 3211
4 3214 3470 3342 3562
4 2480 2874 2456 4074
4 2747 3644 2998 3924
4 995 964 993 3128
4 3144 4254 2735 4267
4 3595 3897 2531 3981
4 2534 3760 2612 4174
4 3416 3872 3767 4285
4 2524 3424 3340 3673
4 2562 2822 2934 4247
4 2658 3356 3457 3584
4 2667 3169 2870 3437
4 1705 1704 1715 3361
4 552 3228 576 3792
4 2945 3320 3079 4312
4 1677 3205 1681 3614
4 1603 3031 1602 3430
4 2498 3249 3185 3759
4 3107 3806 3227 4188
4 3380 3929 2681 3998
4 1329 3477 3778 3961
4 1442 1475 1468 3272
4 853 404 862 3887
4 2754 2901 2685 3105
4 3774 3883 2706 3900
4 2497 3345 3640 3845
4 1153 2140 2139 4006
4 2139 1152 1153 4006
4 2568 3151 3281 4120
4 2141 1154 1155 4006
4 1155 2142 2141 4006
4 513 512 2890 3258
4 2867 2495 3826 3984
4 2647 3087 3322 3683
4 2003 2004 2001 4011
4 3001 3514 2758 3618
4 758 3298 751 3806
4 876 874 875 3111
4 3179 3260 2692 3665
4 1448 1445 1450 3239
4 362 372 360 3739
4 489 480 492 3055
4 2966 2957 3521 3678
4 2653 2827 3227 3806
4 2614 4167 2798 4334
4 1524 1516 1521 3741
4 2955 3060 2716 4311
4 2536 3783 3047 4314
4 3640 3710 3583 3845
4 2642 3846 3356 4121
4 2536 3783 4314 4315
4 3000 3079 2650 3456
4 1510 3146 1499 3638
4 2571 3081 2640 3761
4 3673 3674 2524 3723
4 3008 3322 3087 3683
4 2706 2797 3094 3589
4 2576 3440 3313 3542
4 2658 3388 3356 3584
4 1774 1777 1775 3317
4 1146 1121 1119 3468
4 3573 3959 3467 4244
4 927 910 926 3454
4 2591 2811 2637 3958
4 2033 2056 2054 3168
4 1916 1907 1917 4219
4 2642 2958 3356 3938
4 1238 2142 1155 4278
4 2237 2142 1238 4278
4 1511 3420 1515 3576
4 2253 2254 2246 3421
4 2708 2833 2605 2946
4 509 513 512 2890
4 2514 3328 3478 3631
4 975 976 967 3733
4 2873 3924 2976 4093
4 2890 3045 2677 3931
4 3165 4018 3536 4241
4 1604 1603 3422 4089
4 703 709 702 3227
4 2497 3345 3271 3640
4 2645 2809 2555 2957
4 498 500 505 3052
4 2738 3622 3137 3696
4 3303 2647 3647 4299
4 2500 3275 3560 3602
4 3629 4043 2767 4160
4 2093 2094 2110 3706
4 1671 1704 1705 3273
4 768 760 3251 4098
4 1986 1969 1985 3756
4 2595 3561 3402 3728
4 1877 1889 1890 3776
4 1986 1970 1969 3756
4 2767 3712 3213 3990
4 3187 3731 2725 3982
4 2735 3353 3352 4327
4 2497 3047 2594 3345
4 2455 2454 2460 3239
4 1771 3315 3592 4121
4 2684 2912 3475 3550
4 2795 2883 2801 3093
4 3381 4061 3056 4259
4 907 906 888 2876
4 1317 1322 1316 3152
4 2460 2461 3239 3882
4 3212 3310 3191 4166
4 2576 2612 3313 3440
4 2580 3489 3188 3856
4 3339 3604 3221 3647
4 181 192 2917 3710
4 589 3152 1317 3545
4 3001 3808 3705 4262
4 2940 3575 3008 4247
4 1847 3090 1848 3978
4 2695 3385 2982 3894
4 3429 3536 3165 3772
4 3309 3446 3055 4236
4 576 605 604 3074
4 2796 4177 3171 4302
4 975 1000 976 3733
4 2636 3667 3059 4339
4 1713 1715 1704 3361
4 635 626 2955 3469
4 2786 2805 2763 3117
4 3372 3566 2814 4013
4 2911 3821 3200 4147
4 2519 2624 3521 3871
4 2755 3000 2650 3456
4 2506 2530 3428 3736
4 1772 3266 1771 3592
4 2461 2456 2455 3203
4 362 373 372 3739
4 2647 3337 2810 3717
4 68 3355 3313 3418
4 2934 252 3321 3970
4 2544 2977 2654 3297
4 2510 3369 3583 3783
4 3000 3251 3456 4316
4 2709 2638 2894 3130
4 2646 3234 2974 3626
4 1957 1944 1943 3693
4 941 958 957 3349
4 1023 1110 998 3128
4 1471 1478 1479 3146
4 2769 3232 3723 3891
4 2630 3474 2768 4261
4 140 181 192 2917
4 2744 2521 3247 3689
4 2705 3257 3388 4145
4 2626 2762 2840 4064
4 723 3403 728 4014
4 406 399 407 3069
4 2724 3299 3491 4333
4 2904 3180 3225 3849
4 1372 1367 2931 3721
4 2760 3034 3459 3766
4 1117 3668 3468 3801
4 1716 1723 1721 3205
4 3159 3181 3180 3967
4 1355 3306 3591 3943
4 2462 2874 2456 3203
4 2622 3309 3055 4236
4 3640 3845 3345 4110
4 3316 3317 3266 4264
4 2524 3340 3077 3674
4 2553 2749 3357 3975
4 3266 3316 1772 3317
4 599 3304 1414 4243
4 1745 2492 1750 3515
4 2603 2726 2523 2730
4 3767 3872 3388 4285
4 2911 3084 2642 3549
4 1735 3574 2935 4212
4 757 3980 3298 4182
4 2693 2890 3352 3931
4 2836 3106 3729 3947
4 2686 3119 2925 3637
4 1793 3113 1794 3432
4 2559 3596 3260 3929
4 663 3139 689 3844
4 2780 2645 2985 3153
4 3625 3745 2903 3919
4 3146 3635 1477 3638
4 2167 2140 2141 3126
4 1956 1955 1949 3714
4 609 611 1325 4225
4 2498 2914 3583 3710
4 2585 3032 3683 3923
4 1612 3305 1613 3422
4 373 363 374 3645
4 911 910 927 3454
4 2721 2893 2884 3564
4 2558 2699 2849 2972
4 2653 3536 3060 4262
4 2706 2952 2680 3762
4 2624 2723 2548 2858
4 2763 2805 2752 3095
4 2553 3357 3063 3975
4 2456 2462 2464 4074
4 2563 4099 3328 4273
4 1460 2483 2457 4152
4 3217 3866 3009 4270
4 142 82 92 3054
4 2797 3088 3797 4043
4 2680 2874 3288 4184
4 3575 3717 2703 3862
4 2757 2663 3012 3405
4 1753 3279 1752 3574
4 3341 3830 108 3889
4 3467 2599 3573 4244
4 2019 2012 2011 3423
4 3438 3527 3169 3648
4 2543 3512 2627 4023
4 2680 3203 3072 3288
4 2278 2286 2279 3893
4 2767 3667 3629 4281
4 3031 3430 3422 3797
4 3192 3346 2896 3408
4 3226 3533 3283 4105
4 2279 2286 2287 3893
4 2586 2934 2737 4078
4 2647 3339 2810 4299
4 2529 3452 3185 3759
4 2949 2885 3325 3463
4 3124 3207 2914 3318
4 3165 3808 4241 4262
4 346 322 343 3404
4 1322 1316 3152 3778
4 3119 2925 3554 4220
4 2716 3215 3469 4311
4 2613 3066 3969 4220
4 2887 3255 3111 3887
4 2461 2462 2456 3203
4 3234 3434 2747 3666
4 2498 2917 3068 3418
4 2569 4071 3169 4325
4 2793 2993 3399 3794
4 543 3861 3258 4139
4 2516 3201 3199 3842
4 2563 2648 3217 3866
4 2891 2925 3554 3636
4 597 571 596 4055
4 2912 3009 3550 3685
4 2641 2585 3321 4066
4 155 3073 2508 3520
4 2630 2936 2768 3342
4 813 1620 1621 3735
4 2628 2843 2738 3686
4 2892 3038 2696 3200
4 199 98 3271 3661
4 1340 1335 3379 3961
4 3313 3355 2498 3418
4 679 3572 678 4263
4 104 3754 2781 3916
4 2729 2831 3120 3619
4 155 2508 3517 3520
4 2121 3914 3487 3932
4 642 3644 3407 3860
4 3084 3266 2696 4121
4 2747 4018 3165 4241
4 2633 2673 2831 3401
4 2989 2994 2632 3020
4 2521 4123 3247 4260
4 2714 3335 3286 3671
4 115 123 2960 4069
4 2544 2532 2654 2977
4 1378 2931 1381 3395
4 414 862 404 3887
4 3008 3575 3322 4247
4 2503 3242 3043 3394
4 2627 4213 3647 4299
4 3221 3726 3527 4179
4 3402 3729 2569 4325
4 1397 1405 1398 4063
4 1773 1776 1784 3317
4 2595 3437 3169 3438
4 1340 2476 2475 3014
4 2663 3405 2766 3655
4 957 956 2821 3991
4 1799 2419 1811 3936
4 2912 3978 3628 4221
4 2643 2699 2972 3002
4 3078 3072 3853 4012
4 559 558 550 4139
4 2701 3067 2950 3166
4 2509 3451 2566 3981
4 239 3324 236 3911
4 2550 2974 3277 4093
4 2636 3344 3817 4136
4 2277 2276 2284 3893
4 3150 3379 2706 4068
4 2567 2751 2968 3036
4 2536 2708 2581 2833
4 2533 3458 3455 4002
4 2506 3543 3428 3789
4 2563 3384 2657 3866
4 2807 3223 3061 3917
4 3079 2884 3456 4189
4 1362 1368 2931 3143
4 2716 3060 2955 3666
4 2820 3377 2997 3386
4 2633 2559 2831 3981
4 2472 2465 3516 4068
4 300 307 315 2486
4 3146 3368 2636 3817
4 2499 2984 2819 3471
4 2157 2160 2158 4011
4 1432 1440 1465 3635
4 2758 3701 3060 4262
4 2767 3712 4281 4295
4 2693 2890 3258 3737
4 2545 3224 3024 4036
4 2039 2064 2040 4197
4 584 585 576 3228
4 2391 2389 2378 4319
4 2506 79 3543 3722
4 2620 3688 2727 3854
4 2923 2664 3174 3584
4 2455 1450 1447 3239
4 2531 2909 2509 3451
4 335 428 334 3622
4 1125 1103 1104 3777
4 2545 3338 3173 4153
4 3000 3772 2827 3809
4 1298 1300 1297 3875
4 3266 3316 2881 3592
4 3335 3671 2714 3718
4 543 3687 3258 3737
4 2958 3457 3584 4120
4 2948 3157 2574 3478
4 3061 3243 2745 4288
4 2867 3543 3428 3782
4 2400 2403 2390 3506
4 2656 2668 2559 4130
4 1603 1604 1596 4089
4 3226 3384 2929 3891
4 2507 2723 2537 3347
4 2697 3150 2706 3240
4 1334 1340 1339 2872
4 3379 3516 2706 4068
4 623 3139 662 3844
4 2567 2671 2731 2953
4 2678 2765 3116 3921
4 2692 3260 2668 3595
4 1596 1595 1603 4089
4 2749 2611 2983 3011
4 2762 2937 3920 4064
4 2031 2033 2054 3168
4 2608 3347 2507 3630
4 2769 3866 3217 4270
4 946 963 964 3963
4 2588 3273 2805 3361
4 1837 1822 1838 3936
4 1866 3633 3628 4221
4 2596 2520 2659 3207
4 1152 2138 1151 3913
4 2139 2138 1152 3913
4 3072 3125 2680 4178
4 1610 1611 3430 4146
4 2480 2481 1451 4074
4 2592 3063 2553 3377
4 2483 1455 4074 4152
4 2595 3352 2869 3353
4 2505 203 3390 3743
4 394 853 843 3974
4 559 644 583 3834
4 2545 2913 3217 4310
4 1342 2478 2491 3149
4 2623 2817 2551 4109
4 1532 1548 1549 3057
4 523 521 3258 3861
4 2589 2548 2634 2683
4 552 576 3074 3792
4 95 92 2594 3271
4 117 3035 84 3829
4 2520 2742 2659 3207
4 379 367 368 3740
4 2014 2040 2015 3445
4 2319 1280 1277 3876
4 425 3000 704 3809
4 404 853 394 3974
4 2277 2284 2285 3893
4 2655 2868 2557 2899
4 1784 1776 1785 4096
4 2859 2653 3227 3701
4 1735 3279 2935 3574
4 2512 3800 3428 4253
4 2636 3817 3344 4329
4 1008 3301 1000 3733
4 3059 3712 3023 4295
4 2533 2574 2651 4178
4 1598 1597 1605 4089
4 2984 3161 2623 3788
4 1605 1606 1598 4089
4 3584 3174 4120 4284
4 807 3954 808 4050
4 204 206 207 3292
4 2604 2808 2564 4204
4 2758 3808 3001 4262
4 3303 3647 3339 4299
4 983 745 746 3653
4 2745 3243 3061 3519
4 965 947 964 3963
4 1756 2908 1754 3459
4 2753 3180 3159 3631
4 2860 3853 3078 4220
4 3031 3213 1595 3548
4 1233 2233 2234 3153
4 1981 2005 2006 3445
4 877 878 876 3334
4 3353 3686 3131 4327
4 2533 2651 2574 2698
4 2234 1234 1233 3153
4 2595 3728 3106 3946
4 2668 3553 3595 4130
4 107 3473 2867 3782
4 2649 2949 3325 3463
4 650 2976 3644 3860
4 3159 3967 3066 4279
4 2597 3157 3024 3631
4 2039 2063 2064 4197
4 2002 2001 2004 4011
4 3303 3729 3106 4325
4 3322 3611 2836 4142
4 2626 2840 3302 3788
4 1653 1628 1629 4305
4 2521 3750 3684 3947
4 2913 2769 3217 4310
4 1506 1515 3288 3576
4 644 668 583 3834
4 2558 3171 2625 4158
4 1836 1820 1821 3936
4 2524 3028 3424 3849
4 135 2579 2917 3068
4 234 223 222 3321
4 2563 4090 3328 4099
4 2567 2731 2639 2953
4 1312 1310 3148 3291
4 1735 1728 2935 3730
4 2672 2630 3184 3415
4 1682 1687 3012 3874
4 3641 3922 2923 4089
4 642 633 634 3407
4 83 117 84 3829
4 2706 3379 3150 3883
4 641 633 642 3407
4 2543 3386 2997 3726
4 262 258 3321 4031
4 437 3138 438 4214
4 106 117 83 3829
4 2569 3729 3303 4325
4 1681 3614 3205 3620
4 3589 4135 3235 4152
4 1118 1116 1117 3468
4 3000 3429 2650 3772
4 753 751 3107 3806
4 2872 3152 2734 3955
4 2006 1982 1981 3445
4 3293 3641 1590 3922
4 2686 3188 3119 3489
4 2549 3208 3354 3765
4 2794 2661 2860 3515
4 2680 4041 3072 4178
4 2793 3399 3944 4194
4 2246 2254 2247 3893
4 2495 2512 3428 3826
4 2525 2601 2587 4335
4 2529 3124 3184 3185
4 2559 2729 2681 3022
4 2591 2743 2612 3099
4 2910 2924 2588 3680
4 402 395 405 3001
4 506 500 501 3052
4 3328 4099 3217 4273
4 3303 3339 2647 4299
4 63 2576 3543 3722
4 3100 3369 2514 4099
4 1226 1243 1242 3464
4 2569 3234 4071 4325
4 3104 3443 2732 3899
4 181 140 130 2917
4 2733 2815 2592 3063
4 2673 2880 3013 3401
4 2403 2412 2411 3770
4 1002 977 978 3733
4 885 2876 3351 3617
4 2939 3187 3096 3780
4 2872 3152 2724 3477
4 2577 2793 3177 3284
4 606 1294 1355 3306
4 104 2781 3639 3916
4 2951 2797 3589 3817
4 3169 2569 3402 3648
4 3022 3259 2831 3619
4 1536 3654 1560 4135
4 586 1315 608 3778
4 2532 2608 2507 3630
4 2548 2858 2791 3364
4 803 802 794 3757
4 1034 1035 3565 3942
4 2998 2747 3434 3666
4 297 309 296 3197
4 2585 3231 3410 4066
4 2767 3548 3344 4136
4 2629 3615 3133 3758
4 2812 2834 2648 3051
4 2334 2336 2337 3857
4 1837 1836 1821 3936
4 1183 1184 1192 3121
4 676 692 611 3175
4 2810 3337 2853 3996
4 1772 3316 3266 3592
4 1662 2924 1670 4198
4 1033 3565 1032 3954
4 2568 3546 3151 3547
4 1613 3422 3305 3994
4 2904 3327 3180 4340
4 2529 3124 3318 3590
4 2512 2966 3123 3826
4 496 3052 498 3348
4 2460 2468 2461 3882
4 2634 2763 2561 2962
4 2588 2578 3354 3765
4 3096 3187 2939 3293
4 1003 1002 978 3733
4 2769 3538 3376 4270
4 153 2570 3073 3520
4 1715 2062 1705 4197
4 1019 1043 1044 3164
4 2544 2740 2977 3297
4 512 2890 3258 4232
4 2609 2671 2835 3015
4 3009 3217 4270 4310
4 1003 1004 1012 3049
4 2090 2071 2072 2922
4 2596 3310 3323 4080
4 2958 3388 3356 3938
4 173 162 3276 3372
4 1107 1129 1128 4004
4 761 760 735 3251
4 3043 3242 2495 3394
4 2912 3676 3090 4221
4 1684 1695 3204 3557
4 913 2930 901 3333
4 2657 3284 3283 3384
4 2072 2091 2090 2922
4 2731 2965 2609 3005
4 1130 1108 1109 4004
4 3399 3794 2993 3836
4 760 3806 3251 4098
4 1109 1131 1130 4004
4 2503 3394 3372 3566
4 1581 1556 1580 3641
4 2516 3440 3201 3842
4 1449 2874 1488 3288
4 2620 2856 2959 3477
4 2766 2915 3470 3562
4 2912 3475 2792 3628
4 183 199 3271 3661
4 2768 2936 2672 3132
4 807 799 3954 4050
4 2510 3567 3369 3783
4 2570 3602 3276 4257
4 1549 1533 1532 3057
4 1366 1360 1358 3843
4 2915 2761 3470 3562
4 2677 2890 3052 3898
4 82 3163 131 4084
4 2499 3471 2819 4084
4 157 3394 3242 3566
4 2275 2283 2276 3421
4 2607 2548 2704 3476
4 2541 2630 3224 3338
4 608 1315 1320 3778
4 3546 3547 3232 4289
4 2512 2495 3428 3736
4 2769 3225 3327 3328
4 750 3509 3426 3939
4 1044 1020 1019 3164
4 2539 2632 3389 3615
4 3151 3546 2803 3547
4 2503 4013 3372 4092
4 2588 2935 2924 3273
4 2974 3234 2747 3626
4 1485 1600 1592 3344
4 2958 3504 3388 3938
4 2701 3338 3578 4328
4 2944 3860 3815 3867
4 748 784 786 3426
4 1485 1592 1481 3344
4 1792 1793 3432 4147
4 2512 3646 2966 3826
4 2569 3527 3169 4071
4 2797 2777 3094 3430
4 2912 3090 2684 3475
4 964 963 993 4005
4 2863 2950 2841 3649
4 2647 2810 2646 3717
4 3292 3951 3244 4330
4 2712 2667 3726 4179
4 2038 1705 2062 4197
4 2586 2534 2811 4174
4 2874 3203 2462 4074
4 2670 3270 3109 4271
4 1790 1803 1804 3586
4 3467 3959 2625 4244
4 1484 3817 1483 3977
4 2680 3157 2706 3762
4 2667 3189 3555 3682
4 1657 1659 1660 3679
4 2653 2827 3298 3536
4 2694 2611 2829 3219
4 2558 2849 2702 2972
4 2978 3213 3712 3990
4 429 335 336 3363
4 2595 3106 3402 3946
4 3079 3320 2884 4189
4 2925 3078 2891 4220
4 2667 2712 3010 4179
4 582 590 581 3834
4 2924 3273 2935 3930
4 3305 3422 2777 4145
4 505 500 506 3052
4 2939 3293 1665 3780
4 1756 1764 1754 3925
4 2693 3437 2885 3931
4 2079 2098 2099 4197
4 248 258 245 3321
4 2989 2990 2632 2994
4 1840 3892 3399 3944
4 2758 3060 3604 3808
4 2684 3090 2912 3676
4 2637 2557 2713 3081
4 2246 2245 2253 3421
4 2865 3134 2903 3745
4 3315 3356 2785 4077
4 2508 2819 159 3517
4 3159 3180 3066 3967
4 1797 1792 1795 3442
4 2672 2936 2761 2945
4 487 1345 486 3933
4 1334 1335 1340 2872
4 2705 3031 3422 3797
4 2846 3131 3686 4327
4 3182 3183 2979 3396
4 2464 2480 2456 4074
4 1397 1409 1405 4063
4 2516 2557 3761 3789
4 770 3251 762 3301
4 2584 2626 3159 3396
4 749 751 758 3298
4 1059 1071 1062 3435
4 2284 2276 2283 3421
4 668 3103 676 3834
4 887 888 906 2876
4 201 2917 3640 3710
4 3031 3422 1603 4089
4 2099 2080 2079 4197
4 2584 2626 3202 4279
4 2738 3137 2843 3696
4 2877 3056 2587 3270
4 2615 2948 2961 4026
4 402 392 395 3001
4 396 399 406 3069
4 941 3349 940 3553
4 2980 3016 2657 4113
4 2550 3278 2974 3611
4 3009 3550 2911 4088
4 1695 3204 3649 3655
4 1713 3273 1704 3930
4 645 644 636 3463
4 2503 3394 3043 3722
4 2123 2376 2375 3015
4 2636 3059 3554 4339
4 2553 3377 3357 3726
4 1115 1112 1143 3668
4 1713 1702 1714 3930
4 2592 2815 2553 3063
4 1012 1011 1003 3049
4 1595 3213 3031 4089
4 1479 3368 3146 3817
4 2743 3814 2576 3907
4 2468 2469 2461 3203
4 416 415 406 3429
4 2452 2453 2449 4025
4 1503 3391 1482 3817
4 2586 2737 2534 4078
4 646 645 637 4263
4 2463 2462 3516 4074
4 59 3543 3473 3782
4 3143 3154 1352 3306
4 2843 3138 2738 3686
4 2719 2731 2609 3005
4 605 604 3074 3790
4 2507 2723 2624 3871
4 2480 1451 2874 4074
4 1039 1038 1030 3406
4 2831 3259 3022 4130
4 2282 2281 2289 3857
4 2537 3829 3523 3871
4 758 757 749 3298
4 747 2955 626 3509
4 2521 3689 3684 3952
4 2648 3051 2892 3200
4 2593 2603 2523 2730
4 2595 3437 3352 3931
4 694 1538 1537 3654
4 108 188 3035 3341
4 1662 1670 1661 4198
4 2877 3471 2819 4049
4 2593 3905 3323 4073
4 2631 3256 2823 3721
4 635 3407 2955 4182
4 2107 2122 3914 4086
4 2562 2737 2934 4078
4 1617 1633 3680 4028
4 2568 3629 3174 4160
4 370 369 382 3974
4 2557 3716 3081 3761
4 320 318 342 3404
4 851 842 847 4052
4 2648 3200 2696 4088
4 2705 4145 3033 4237
4 2649 3840 2734 4201
4 1848 3978 3090 4221
4 2958 3584 3174 4120
4 1956 1949 1960 2981
4 2617 3061 2807 3223
4 3187 3584 2923 3872
4 2958 3457 3356 3584
4 153 3073 2570 4218
4 2745 2939 3983 4255
4 123 60 75 2960
4 2959 3477 2856 3483
4 2167 2169 2170 3294
4 2609 2731 2671 3015
4 2607 2953 2704 2964
4 2874 2952 2680 4074
4 2163 2165 2166 3294
4 1537 693 694 3654
4 2717 2599 2886 4283
4 558 3861 550 4139
4 425 3000 3809 4223
4 3147 3148 2615 3291
4 434 441 444 3195
4 512 3258 521 4232
4 2040 2015 3445 4045
4 112 3473 2960 4069
4 2688 2689 2567 3036
4 2650 3456 3079 3738
4 2747 3373 2976 4093
4 1651 1627 1628 4305
4 3114 3321 2934 4248
4 2649 3325 4133 4201
4 2653 2955 3298 3980
4 1359 1367 1358 3721
4 1575 1615 1614 3649
4 2552 2557 2690 3041
4 688 3139 661 3634
4 2597 3024 3157 3774
4 1614 1573 1575 3649
4 2771 2738 3444 3989
4 2576 2743 2591 3441
4 2836 3106 3303 3729
4 430 339 334 3696
4 425 704 703 3809
4 917 918 2782 3663
4 2289 2290 2282 3857
4 1694 1646 1648 3649
4 3217 3327 3024 3328
4 2802 2941 2599 4311
4 1804 1791 1790 3586
4 2647 3923 3647 4299
4 2649 2949 3434 3946
4 2944 3373 3165 3772
4 941 3170 3349 4095
4 2948 3014 2961 3883
4 2506 2576 3441 3722
4 1648 1695 1694 3649
4 2951 3391 3576 3690
4 1594 1587 1586 3548
4 1407 3078 1408 3904
4 1848 3090 3676 4221
4 1363 3143 1352 3943
4 1449 3239 2874 3288
4 83 3659 3044 3829
4 2752 2763 2578 2805
4 3523 3829 2537 3830
4 868 885 3198 3594
4 2534 2612 3249 3848
4 1682 1677 1681 3614
4 2696 3084 2642 4088
4 3283 3533 3443 4105
4 312 305 293 311
4 3489 4108 3995 4235
4 2050 2052 2053 3168
4 946 964 947 3963
4 388 3645 3069 3705
4 3009 2911 3685 4088
4 2719 2609 3484 3985
4 2663 2757 3012 3034
4 2525 3659 3658 3781
4 3356 3388 2958 3584
4 1385 3307 3058 4195
4 2507 2608 2723 3347
4 2049 2071 2070 3253
4 1688 1687 1698 3405
4 2727 2847 2518 3558
4 668 676 3103 4263
4 1674 1673 1678 3096
4 506 514 3792 4333
4 2094 2093 2075 2967
4 116 2867 3826 3984
4 3187 3293 3096 3922
4 2641 2665 3114 3296
4 2559 2633 3595 3981
4 2532 2548 2608 3476
4 130 3640 2917 3831
4 2617 2829 2611 3357
4 2523 2593 2526 2603
4 2921 3068 2498 3249
4 750 3939 752 3980
4 2799 3180 3225 3327
4 694 3654 3572 4199
4 2235 2261 2236 4240
4 2607 2791 2548 3476
4 2510 3583 3567 3783
4 2461 3203 2455 3239
4 2612 2534 3249 3760
4 525 474 468 3792
4 2637 3081 2861 3370
4 2747 3165 2944 3373
4 3078 3853 2891 4220
4 934 917 2782 3663
4 2619 3451 2531 3897
4 1224 1215 1225 4144
4 2497 3054 2594 4010
4 3995 4108 2739 4235
4 2606 3290 2754 3716
4 1188 1180 1189 3869
4 2710 3150 3379 3883
4 2747 3434 2974 3924
4 1856 3877 1857 4148
4 2841 3388 3257 4145
4 1951 3399 1950 3836
4 2503 3372 2875 4092
4 2735 2843 3144 4267
4 1285 1272 1287 1267
4 2607 2704 2953 3476
4 2467 2465 3150 4068
4 1595 3213 1587 3548
4 2626 3392 2806 3396
4 1602 3031 1594 4000
4 1594 1595 1587 3548
4 2593 3323 3905 4039
4 723 730 3413 4014
4 2642 2958 3938 4300
4 3257 3422 2705 4089
4 2782 2675 3049 3942
4 2769 3232 3225 3723
4 1059 1062 3505 3535
4 3406 3991 3050 4275
4 425 703 421 3809
4 995 993 994 3128
4 1067 1061 1063 3259
4 621 619 3634 3682
4 2524 3182 3183 3340
4 2747 2976 3924 4093
4 3138 3274 2738 3686
4 2859 3809 3429 4223
4 2620 2959 3101 3477
4 2719 2965 2609 3985
4 2816 3006 2700 3971
4 2549 2662 3354 3632
4 633 3644 641 4159
4 2923 3187 2664 3584
4 2712 2749 3011 3357
4 2597 2797 3088 3797
4 328 312 329 2813
4 1193 1192 1184 3450
4 1621 814 813 3735
4 2196 2060 2037 3285
4 2694 2580 2790 2905
4 2792 3533 3226 4105
4 2406 2405 2416 3070
4 2503 3242 3386 3960
4 3559 3854 3688 4009
4 558 3046 3861 4139
4 2498 3583 2917 3710
4 1679 1674 3096 3620
4 3356 4077 3315 4285
4 2523 2593 2730 3380
4 2734 3103 2649 3325
4 2501 3800 2523 4253
4 2557 2637 2516 3761
4 2607 2704 2683 2964
4 2643 3171 2972 4125
4 3181 3967 3849 3969
4 1563 1560 1562 4135
4 2416 2405 2415 4202
4 1691 1688 1690 3012
4 3032 3683 2836 3684
4 2507 2537 2723 3871
4 804 3320 820 3757
4 1678 1679 1674 3096
4 2602 2755 2650 3738
4 2511 3330 3417 3593
4 2585 3828 2879 3909
4 688 3634 687 3773
4 2506 3428 2495 3736
4 3106 3402 2888 3728
4 3032 3729 3402 3947
4 1374 3143 1369 3943
4 2804 3701 3618 3928
4 3032 3647 3303 3683
4 487 1348 1345 3933
4 2597 3088 2797 3667
4 2533 2651 2762 4178
4 385 3645 388 3705
4 2543 3221 2627 3497
4 1562 1560 3654 4135
4 2736 3198 3617 4172
4 2510 3184 3124 3185
4 1771 3592 3266 4121
4 2813 2903 2666 3698
4 558 582 581 3046
4 1557 3419 1556 3641
4 660 3139 621 3634
4 2925 3078 1526 4168
4 2896 3070 2662 3408
4 2696 3846 3084 4121
4 2706 3589 2952 3762
4 104 3639 2781 3953
4 973 957 3349 3991
4 2580 3023 3059 3712
4 2966 3123 2957 3763
4 233 224 234 2879
4 277 267 261 4207
4 2261 2235 2263 4240
4 321 322 346 4269
4 1501 1511 1502 3576
4 2748 2752 2699 3004
4 2570 3749 2772 3795
4 1752 3346 1751 3730
4 2007 2006 2014 3445
4 3047 3209 3369 3783
4 2673 2729 2728 3495
4 2827 2653 3227 3809
4 2545 3224 3338 4153
4 1794 1789 3432 3798
4 2741 2632 2994 3020
4 2974 3277 2649 4133
4 1477 3635 1469 4265
4 875 877 876 3111
4 2633 2831 2559 4130
4 3555 3732 630 4238
4 1813 1801 1817 3676
4 1793 3113 3432 4147
4 2928 3475 3151 3546
4 1619 1620 3223 4198
4 2559 2831 2729 3022
4 1017 986 984 3653
4 2540 3278 3436 3707
4 2509 3318 2566 3452
4 956 957 2821 4126
4 2625 2702 2558 3467
4 2823 3055 3446 4236
4 1378 1372 2931 3395
4 3014 3379 3150 3961
4 2630 3474 3184 3567
4 2873 2976 2672 4093
4 2768 3474 3342 4155
4 2641 3683 2585 4066
4 2640 2606 3237 3761
4 3355 3390 179 3743
4 2702 2625 3171 4177
4 1000 3301 976 3733
4 718 2886 715 3227
4 2649 2949 3287 3434
4 2606 2640 3290 3716
4 3049 2782 3733 3859
4 1299 1300 3875 4033
4 3684 3750 2836 3947
4 265 271 256 3748
4 2886 3107 2653 3227
4 3469 3666 2998 4071
4 2783 3237 2903 3289
4 2667 3555 2870 3682
4 60 123 112 2960
4 3407 3644 2976 3860
4 814 1621 1622 3610
4 3024 3774 2597 4116
4 2517 3124 3207 3845
4 3624 3802 2710 3851
4 948 947 965 3963
4 3024 3224 2556 4036
4 2499 2979 2984 3471
4 1587 1595 1588 3213
4 2677 2890 3931 4327
4 1884 1896 1895 3532
4 2542 2643 2796 4302
4 2576 2743 2612 3440
4 235 237 236 3911
4 2524 3182 3340 3424
4 3035 91 3692 3787
4 62 3394 2506 3782
4 2688 2832 2689 3036
4 3088 3667 3629 4043
4 974 1058 1065 3349
4 1093 3022 1092 3681
4 2573 2845 2686 3838
4 2585 3683 3032 3684
4 1833 3821 3685 4221
4 433 434 3195 3696
4 711 704 705 3000
4 2721 2884 2915 3564
4 2650 2945 2944 3738
4 2769 3226 3866 4270
4 1846 1825 1845 3427
4 2827 3772 3536 3809
4 679 694 678 3572
4 2606 2783 3237 4083
4 2512 3646 2495 3736
4 942 723 959 3653
4 1134 1133 1125 3804
4 1622 815 814 3610
4 2516 3542 2576 3543
4 2658 3457 3187 3584
4 1092 1082 3681 4296
4 2816 2646 3129 3717
4 2840 2984 2626 3838
4 3252 3678 2561 4203
4 2785 3362 3315 4077
4 741 780 742 4014
4 2886 2887 2717 3403
4 2129 1142 1141 3768
4 2057 2075 2074 3168
4 123 75 200 2960
4 1083 1120 1122 3681
4 2575 2645 2871 4079
4 3242 3566 3386 4292
4 2986 3055 2779 3921
4 512 3898 2890 4232
4 2706 2797 3589 3762
4 2777 3422 3305 3797
4 2952 3516 2680 4074
4 357 369 370 3105
4 3639 3984 2495 4180
4 2520 2608 3347 4323
4 1690 1691 3012 3253
4 2969 3047 2536 3345
4 1408 1526 2925 3078
4 2672 3277 3184 4261
4 3173 3338 2541 4153
4 1591 1673 3293 3922
4 2781 3754 104 3953
4 2509 2788 3390 3452
4 581 557 558 3046
4 2523 2564 2676 4245
4 2541 2630 3338 3470
4 446 453 2986 3481
4 2941 3494 2807 4181
4 3082 3560 3275 3602
4 337 3137 338 4214
4 1329 3778 3152 3961
4 426 704 425 3884
4 2867 3782 2495 3984
4 318 340 342 3404
4 2965 3005 2731 3015
4 2588 3354 3208 3765
4 2769 3327 3217 3328
4 2516 2506 2557 3789
4 3150 3900 2706 4044
4 934 2782 935 3301
4 2855 3436 2770 3559
4 2698 2574 2948 3157
4 2870 2716 3215 3732
4 469 3908 467 4027
4 2686 2838 3119 3637
4 3181 3849 3180 3969
4 2650 3429 3165 3772
4 3009 2912 3550 3885
4 2756 3218 2615 4026
4 1595 1596 1588 3213
4 2676 3522 2679 3889
4 2500 3560 3643 4102
4 2567 2688 2671 2953
4 2596 2718 2673 3981
4 3059 4024 2613 4339
4 168 3984 3639 4180
4 2398 2397 2407 3314
4 2814 3372 162 3566
4 679 680 695 3089
4 2914 3583 3710 3845
4 3188 3967 3066 3969
4 2473 3863 2468 3882
4 71 3313 2788 3542
4 851 847 3580 4052
4 1816 2427 1804 4202
4 2758 3060 3808 4262
4 2613 3180 3066 3853
4 2827 3079 3000 3251
4 1451 1452 1448 2874
4 2870 2716 3732 4071
4 2634 3850 2548 3988
4 2839 3678 2575 4161
4 1777 3317 1766 3487
4 2505 2960 203 3743
4 1752 3279 1753 3346
4 2268 2270 2271 3746
4 2122 2123 2375 3015
4 257 273 259 3511
4 2026 2029 2027 3375
4 1658 1656 1655 3176
4 2891 3853 2818 4339
4 1805 1817 1801 3113
4 357 370 358 3105
4 2560 3410 3231 4066
4 112 2960 123 4069
4 1111 1141 1142 3768
4 3131 4008 2677 4327
4 2170 2168 2167 3294
4 1992 1991 3375 3556
4 124 108 198 3035
4 3227 3425 2859 3701
4 199 88 183 3271
4 2343 2340 2339 3873
4 2523 3473 4039 4253
4 2803 3232 3673 4289
4 2675 3050 2938 3406
4 2804 2886 2599 4283
4 1706 3205 1677 3614
4 3100 3217 2563 4153
4 2763 2896 2786 3117
4 3318 3452 2529 3529
4 2166 2164 2163 3294
4 1556 2978 1580 3641
4 1911 1925 1912 3115
4 2429 1822 2425 3936
4 2706 2842 2680 3516
4 3142 3675 4032 4187
4 2589 2683 2634 2962
4 2519 2589 2624 3988
4 2498 3068 2921 3418
4 2580 3570 3489 3856
4 348 347 346 4101
4 3914 3932 2121 4228
4 1374 1375 3671 3943
4 316 318 3404 3839
4 2653 3162 3060 4311
4 3298 3980 2955 4182
4 2642 3084 2696 3846
4 590 589 581 3834
4 1933 1842 1943 2994
4 2609 2757 2965 3015
4 2509 3318 2596 3981
4 1117 1119 1118 3468
4 1756 1754 2908 3925
4 852 861 860 3617
4 2648 2892 3051 3660
4 2671 2688 2567 2968
4 2035 2967 2037 4034
4 2766 3342 3214 3470
4 2842 3157 2948 3883
4 752 3939 751 3980
4 3088 4043 3629 4160
4 3440 3760 2788 4174
4 315 345 3996 4294
4 3380 2542 3929 3998
4 2623 3455 3302 3537
4 3180 3849 2904 3969
4 1452 3576 2874 4074
4 1064 1063 3505 4030
4 2906 3000 2755 3663
4 2317 2335 2318 4085
4 1449 1448 1452 2874
4 1156 1158 3092 4193
4 550 551 559 4139
4 1396 1409 1397 3145
4 2636 2789 3146 3554
4 2732 2577 3284 4032
4 2641 3114 2665 3321
4 2536 2833 2581 3781
4 3250 3330 2611 4292
4 2643 2796 2702 3171
4 2757 3015 2922 3914
4 1506 3288 1488 3576
4 704 426 705 3884
4 2464 2462 2463 4074
4 2624 2723 2537 3871
4 2813 2865 2666 2903
4 2584 3181 3182 3396
4 1843 2907 1845 3585
4 1109 1101 1188 3120
4 745 3433 730 4014
4 746 1016 984 3433
4 1480 3368 3817 4136
4 2667 3437 2870 3555
4 2767 3712 2905 4281
4 2612 2743 2591 3440
4 2580 3856 3188 4249
4 2588 2745 2939 3983
4 1993 3375 1991 3556
4 2678 2765 2856 2959
4 2717 2849 3413 3467
4 2816 3717 3129 4104
4 2927 3242 2513 4292
4 2620 2872 2734 3955
4 1721 1714 1716 3205
4 2617 3061 2910 3354
4 959 723 730 3653
4 1324 609 1325 4225
4 2543 3959 3573 4244
4 2785 3457 3362 4077
4 2793 3794 3399 4194
4 1016 746 783 3433
4 3137 3138 338 3274
4 2520 3841 3310 4166
4 2336 2334 2333 3857
4 735 3251 760 3806
4 1917 3899 3020 4219
4 2881 2696 3266 4121
4 534 575 535 3268
4 1767 3362 3279 3925
4 2796 3179 3665 4302
4 751 3298 749 3980
4 3060 3234 3604 3808
4 2512 2530 3736 3800
4 2697 3900 3150 4044
4 3000 3079 2827 3772
4 2567 3816 3447 3940
4 965 964 3128 3963
4 2672 2761 3415 3738
4 703 3227 702 3886
4 979 3049 971 3991
4 576 3228 3074 3792
4 2649 3103 2949 3463
4 123 200 115 3890
4 3402 3561 2744 3947
4 1520 1526 3741 4168
4 1533 689 688 3243
4 3479 3511 273 3828
4 2556 3157 3024 3774
4 688 1532 1533 3243
4 1676 1681 1677 3620
4 2543 3497 2627 3512
4 2609 3338 3173 3484
4 1926 1937 3080 3892
4 2524 3424 3673 3849
4 3034 3316 1738 3459
4 2911 3113 3084 3549
4 2897 2600 3474 4020
4 81 180 3271 4110
4 2510 3068 2579 4338
4 3271 3640 3345 4110
4 1613 3305 1612 3994
4 2514 3100 3047 3369
4 1353 3143 1362 3154
4 3257 3388 2841 3872
4 1920 1919 2894 3085
4 2543 2627 3221 4023
4 1225 1215 1216 4144
4 1690 1700 1692 3253
4 2678 2959 2856 3483
4 2863 1648 3649 3655
4 2712 3011 2829 3357
4 3583 3640 2917 3710
4 3049 1011 3942 4275
4 2526 2676 3889 4069
4 2684 3151 3475 4191
4 3453 3471 2984 4137
4 671 3695 679 4263
4 2602 2893 2721 4082
4 2653 3060 3162 3701
4 2881 3316 3266 4264
4 2727 3854 2621 4170
4 651 2976 650 3860
4 964 995 965 3128
4 58 132 2921 3275
4 705 706 3663 3884
4 108 188 198 3035
4 1126 1127 1135 3401
4 2923 3388 3257 3872
4 1449 1452 1488 2874
4 2841 3388 3767 3872
4 2821 2880 3350 3406
4 2767 3213 3174 4160
4 2495 3428 2506 3782
4 768 3251 3079 4098
4 813 812 1620 3223
4 2210 2211 2203 4320
4 3260 3665 3179 4302
4 2510 3369 3209 3583
4 2613 3066 3180 3969
4 2607 2964 3156 3706
4 130 133 3640 3831
4 2556 3474 3224 4287
4 1614 1613 3994 4128
4 2512 2604 3123 3998
4 546 523 548 3861
4 2580 3119 2789 3554
4 935 2782 918 3859
4 3142 3283 2732 4032
4 2535 3747 3632 4016
4 2872 2734 3152 3961
4 496 3195 3052 3348
4 202 3212 3191 3341
4 2763 2752 2943 3095
4 964 3003 963 4005
4 234 248 245 3321
4 2732 3284 3080 3944
4 2797 3344 3817 4329
4 3173 3338 2609 3816
4 203 2960 2505 3890
4 2767 3031 3213 4160
4 2525 2544 2532 2581
4 3000 3456 2755 4316
4 2617 2807 3061 3243
4 2612 3249 3313 3760
4 2584 3182 3392 3396
4 2839 3098 2883 3768
4 2689 3207 2742 3870
4 3054 3163 2594 3263
4 874 876 862 3111
4 288 3479 273 3828
4 2646 4241 3626 4331
4 1669 1670 2924 4173
4 1700 1701 1692 3253
4 234 224 221 2879
4 3043 3386 3242 3960
4 1489 3576 1452 3977
4 2721 2761 2884 3590
4 1660 1700 1658 3713
4 1842 2994 1933 3944
4 1350 3154 1349 3309
4 1268 1250 1251 3360
4 2695 2610 2973 3894
4 2639 2953 2704 3476
4 561 597 598 4055
4 730 3433 745 3653
4 1696 1697 1686 3405
4 2841 2863 2701 2950
4 2518 2616 2847 3262
4 2026 2028 2029 3375
4 2545 3224 2701 3338
4 2503 2997 2820 3960
4 3028 3182 3181 3849
4 2566 2652 2718 3902
4 2684 3281 3549 3550
4 3035 3659 85 3829
4 2617 3238 2511 3354
4 388 385 386 3645
4 700 3608 424 3887
4 2049 2070 2046 3253
4 1856 1837 1857 3877
4 2708 3130 2654 3241
4 2285 2284 2292 3364
4 1452 3977 3576 4074
4 3325 3437 2949 3946
4 1073 1071 3668 4030
4 2590 3102 2919 3749
4 2670 2587 3270 4271
4 676 677 3572 4263
4 2641 2934 3114 3321
4 1805 1817 3113 4147
4 3124 3590 2630 3940
4 2595 3169 3402 3438
4 3193 3829 2507 3871
4 2890 3737 2693 4254
4 444 433 3195 3348
4 2760 3034 3012 3459
4 1355 3306 2432 3591
4 3096 3557 1679 3620
4 794 3757 802 3815
4 2538 2527 3063 3703
4 2609 3176 2766 4224
4 2585 3828 3909 3923
4 2588 2935 3273 3361
4 3353 3931 3352 4327
4 1674 1673 3096 3780
4 2705 3388 3033 4145
4 3169 3527 2569 3648
4 2599 3494 2941 4181
4 1782 3084 1792 3432
4 540 567 570 4129
4 2505 2960 3743 4209
4 1612 3305 1569 3994
4 3019 3790 3074 3908
4 3203 3239 2461 3882
4 1480 1472 1479 3368
4 2556 3883 3774 3900
4 956 3991 3049 4126
4 1353 1352 3143 3154
4 2945 3373 2944 3738
4 1784 3317 1776 4096
4 424 3608 875 3887
4 2611 3357 2749 3975
4 2549 3765 2662 4336
4 2612 3249 3248 3313
4 2629 3389 3615 3758
4 289 3479 288 3828
4 173 76 65 3276
4 615 3682 614 4072
4 2498 3313 2788 3355
4 2510 3185 3068 4021
4 3077 3283 3384 3674
4 711 704 3000 3809
4 2932 3281 3151 4120
4 190 3035 198 3341
4 812 1619 1620 3223
4 2941 3509 3215 4311
4 1141 2128 2129 3768
4 3475 3550 2912 3885
4 1793 1801 1794 3113
4 3144 3195 441 3254
4 2680 2842 2706 3157
4 3180 3327 2597 4340
4 2112 2095 3156 3706
4 2802 3403 3613 4283
4 2570 3276 3073 4257
4 745 743 744 4014
4 1407 3078 3904 3993
4 190 3035 3341 3787
4 2627 2853 2759 4213
4 3279 3765 2935 3983
4 2652 3940 3318 4226
4 2716 3666 3469 4071
4 749 3298 757 3980
4 986 3653 1017 4169
4 200 75 189 2960
4 2941 3215 3139 4179
4 2667 3189 2693 3437
4 474 525 552 3792
4 2527 3250 2538 4108
4 2057 2074 2055 3168
4 135 2579 3068 4277
4 2759 3512 3497 4244
4 3128 3963 964 4005
4 2595 3169 3437 3946
4 3566 3711 2814 4013
4 338 3138 437 4214
4 1767 3362 1768 3903
4 573 3268 534 4151
4 68 58 2921 3313
4 755 3107 733 3806
4 118 3044 94 4061
4 3489 3570 2573 3856
4 1427 1415 3461 4081
4 2613 3059 3969 4024
4 3154 3306 3143 3591
4 2521 2956 4123 4260
4 2596 3207 3318 3987
4 2859 3227 2653 3809
4 1112 1142 1143 3668
4 2648 3200 3009 3685
4 1068 1065 1094 3349
4 1184 1185 1193 3450
4 3084 3113 2785 3549
4 2516 2637 2571 3761
4 650 649 3644 3812
4 2855 3278 3233 4078
4 3416 3557 3096 3620
4 256 269 255 2898
4 373 363 3645 4104
4 2691 2719 2892 3005
4 2617 3573 3357 3593
4 375 372 373 3129
4 181 2917 130 3640
4 2681 3007 2604 3261
4 1349 3154 1350 3256
4 2626 2584 3392 3396
4 2633 2566 2880 4172
4 3033 3388 2841 4145
4 2944 2747 3407 4018
4 2511 3330 2617 3354
4 2523 2676 3522 4245
4 3151 3547 3023 3819
4 2684 3549 3281 4119
4 2626 2762 3159 3396
4 2396 2395 3408 4176
4 2712 3357 2829 3573
4 2503 3043 3242 3960
4 199 98 88 3271
4 2520 2596 2659 3310
4 215 229 3135 3958
4 2953 3295 2731 3506
4 2556 3774 3024 4036
4 2867 3428 2512 3826
4 3066 3967 3180 3969
4 2426 2425 3770 4070
4 2744 3689 2997 4023
4 2515 2623 2547 4007
4 190 91 3035 3787
4 3325 3931 3437 3946
4 3060 3604 3234 3666
4 3659 3692 2504 3781
4 2609 2757 2835 3176
4 2450 2446 1311 3102
4 2717 3413 2887 3467
4 2836 3106 2888 3707
4 976 3301 967 3733
4 1687 1689 1682 3012
4 3479 3511 2854 3796
4 2803 3232 3546 3673
4 2433 1293 2434 3719
4 2498 3185 2914 3452
4 625 3215 2941 3509
4 2642 3084 2911 4088
4 650 674 3812 3815
4 2601 2996 2851 3700
4 3032 3648 3402 3729
4 2657 2563 3866 4113
4 3146 3391 1500 3817
4 2782 3049 2675 3859
4 879 878 877 3334
4 3009 3217 2648 3866
4 328 311 312 2813
4 1987 2011 2012 3480
4 1955 1950 3714 3836
4 1476 3272 1477 4265
4 2050 2922 2027 3168
4 2597 3327 3180 3631
4 1430 1424 1437 4265
4 438 448 447 3048
4 2760 2663 3416 3874
4 2997 3377 2744 3726
4 2578 3354 3238 4211
4 2788 3313 71 3355
4 2159 2162 2160 3036
4 1955 3714 3650 3836
4 3589 4060 3094 4135
4 786 750 748 3426
4 2308 2309 2301 3832
4 2577 3675 3674 3810
4 2408 2400 2399 3492
4 474 552 3074 3792
4 2677 3931 3325 4201
4 1735 1736 3574 4212
4 2976 3132 3812 4261
4 2998 3407 633 3644
4 1472 1466 1464 3368
4 2519 2624 2589 3521
4 1180 1181 1189 3869
4 2609 2671 2731 3447
4 256 243 249 3370
4 1626 1627 3214 3757
4 3092 3619 3120 3869
4 689 3243 690 3844
4 3204 3416 2841 3767
4 2678 3019 2986 3921
4 965 3128 948 3963
4 2569 3647 3303 3729
4 2955 3509 747 3980
4 2788 2498 3390 3760
4 2997 3386 3377 3726
4 2403 3770 2402 4280
4 2271 2269 2268 3746
4 2577 2644 3675 3810
4 2992 3459 2908 3731
4 2666 2903 2865 3134
4 986 1017 1018 4169
4 2567 3940 3447 4226
4 3180 3181 2799 3225
4 2564 2604 2523 2808
4 2513 3593 2927 4292
4 2446 1306 1311 3102
4 2546 3810 2644 4040
4 2636 3059 3667 4281
4 2615 3218 2948 4026
4 820 3320 821 3562
4 3659 4061 3193 4335
4 699 683 801 3815
4 1487 1449 1488 3288
4 2736 3902 2675 4082
4 893 3617 886 3879
4 3098 3768 3122 3771
4 3151 3758 3133 4056
4 637 638 646 4263
4 3361 3930 1720 4212
4 689 3139 688 3243
4 173 65 162 3372
4 2888 3353 3131 3728
4 3008 2647 3087 4058
4 2956 3436 2621 3560
4 2646 3129 2810 3808
4 2650 2944 3373 3738
4 636 637 645 3463
4 2548 2704 2532 3850
4 2689 2942 2791 2947
4 2734 3046 3325 3955
4 2555 3123 2957 3916
4 922 907 3552 3553
4 1014 1015 1030 3350
4 2725 3096 3620 3731
4 2785 3356 3315 4121
4 3405 3823 2766 4305
4 2939 2725 3187 3780
4 590 610 589 3834
4 3247 4183 3689 4260
4 256 271 269 3748
4 1932 2894 1919 3085
4 986 1018 988 4169
4 2865 2903 2813 3625
4 1701 1700 1660 3713
4 2588 2805 2786 3361
4 2699 2972 3171 4125
4 81 3271 102 4110
4 160 2814 3566 3711
4 2503 3566 3372 4013
4 1930 1917 1933 3899
4 2766 2663 3204 3578
4 2886 3403 2717 4283
4 2050 2053 2051 3168
4 3226 3283 2657 4105
4 3089 3572 2873 3840
4 2434 2433 2933 3591
4 2502 3632 3747 4016
4 160 3073 2814 3711
4 2535 2635 2539 4016
4 2649 3277 2974 4093
4 1031 1030 1015 3350
4 2980 2793 3399 3944
4 3491 3792 2856 4333
4 2701 3224 4036 4155
4 133 3661 3640 3831
4 2863 3649 1648 3824
4 2934 2940 2641 4247
4 1647 1626 1649 3824
4 2548 2864 2858 3364
4 2583 4108 3489 4235
4 1665 3293 2939 4286
4 2377 2378 2389 4319
4 2186 3486 2192 4320
4 2633 2830 2831 4130
4 3356 3767 3388 4285
4 2523 2726 3097 3196
4 1624 1645 1574 3824
4 2629 3475 3151 4191
4 2591 2743 3099 4210
4 2507 3871 2624 3988
4 95 3658 2594 4087
4 2841 3767 3416 3872
4 2216 2215 2218 3807
4 2767 3712 3990 4140
4 2533 2651 2698 2889
4 2769 3723 3384 3891
4 613 615 614 4072
4 3005 3015 2965 3487
4 3424 3849 3028 4289
4 888 907 2876 4308
4 2692 3179 3178 3260
4 2844 3904 2860 3993
4 2513 3386 3242 3959
4 3019 3055 2986 3921
4 3191 3845 3640 4110
4 2624 2776 2589 3521
4 2712 3726 3494 4179
4 1403 1407 1408 3904
4 1089 1090 1098 3966
4 3060 3536 2955 4018
4 2509 2788 2909 3201
4 398 397 389 3582
4 2810 2758 3339 3808
4 1286 2970 2325 3941
4 2905 3460 2790 4081
4 2667 3438 2693 4048
4 261 251 247 4208
4 165 3073 139 3276
4 3536 4018 3060 4241
4 1500 1477 1499 3146
4 1608 1609 4060 4135
4 392 3001 402 3514
4 102 3658 3692 3787
4 2312 2313 2305 4240
4 1301 1296 3483 3875
4 1713 1720 3361 3930
4 683 682 674 3815
4 2859 3429 3536 4262
4 2510 3068 3185 3583
4 2634 2561 2763 3075
4 2799 3181 3159 3396
4 3181 3180 3967 3969
4 2012 1988 1987 3480
4 802 801 793 3815
4 1926 1921 1922 3579
4 2797 3817 2951 4329
4 2805 2752 3095 3311
4 1049 1974 1973 3556
4 1713 1720 1722 3361
4 3016 2577 3284 3384
4 118 3754 3044 4061
4 1563 1562 3094 4135
4 730 745 983 3653
4 379 392 391 3498
4 2904 3059 3629 4340
4 2611 2617 3357 3593
4 2683 2704 2634 3414
4 405 396 406 3705
4 2408 3492 2409 4038
4 1681 3614 3620 3874
4 2528 2611 3330 3995
4 2755 2884 2602 4082
4 95 3271 2594 3658
4 2884 2893 2602 4082
4 2642 3356 3846 3938
4 155 129 3073 3520
4 1379 1380 1381 2931
4 1689 1687 1688 3012
4 3106 3402 3169 4325
4 3328 3724 4227 4273
4 2644 3490 3378 3675
4 2512 3123 2867 3826
4 2696 3038 2892 4264
4 767 776 775 3079
4 1755 2363 1751 3346
4 746 984 983 3653
4 2657 3080 2882 3579
4 1432 1431 3108 3461
4 2006 3445 2007 3764
4 3287 3434 2998 3924
4 316 319 303 3404
4 2505 3743 3390 4209
4 2729 2831 2559 3495
4 3394 3782 66 3984
4 1092 3022 1093 3619
4 1982 3445 2006 3764
4 2586 2822 2898 2934
4 2556 3224 3478 4287
4 2566 2736 3897 4097
4 492 3908 3055 4322
4 694 679 695 3572
4 2904 3629 3822 4340
4 2739 3063 2611 3975
4 3072 3335 2862 4178
4 2647 3303 3322 3717
4 2510 2579 3209 3218
4 2716 3527 3221 3604
4 1975 1993 1991 3556
4 2039 2040 2014 3445
4 2516 3201 3440 3542
4 2574 2680 3125 4178
4 2468 2438 2441 3882
4 2611 2983 2829 3219
4 2904 3059 3547 3629
4 2588 2910 2805 3273
4 2533 2806 3054 3799
4 1934 1935 1931 3965
4 2566 3897 2736 4172
4 2828 2895 2718 4226
4 1772 1762 3316 3592
4 1981 1965 1623 4165
4 2684 3798 3599 4191
4 602 566 3385 4129
4 913 3333 912 3963
4 2566 3318 2652 3902
4 2214 3807 2215 3964
4 3104 3579 3080 4105
4 2956 3952 3750 4102
4 2796 3171 2643 4125
4 2909 2788 3440 3842
4 2609 2965 2731 3015
4 559 558 3463 3834
4 3242 3386 3043 3959
4 2721 2884 2602 3590
4 885 887 2876 3594
4 2795 3093 2801 3929
4 2691 2731 2719 3005
4 2760 2663 3034 3766
4 2662 3354 2578 3765
4 2658 3457 3356 4077
4 3008 3322 2641 4247
4 3342 3470 2761 3562
4 2533 3302 3455 3537
4 2636 3554 3059 4281
4 1398 3058 3307 4195
4 498 456 448 3491
4 645 644 3463 4263
4 183 81 180 3271
4 198 3035 188 3341
4 668 3103 644 4263
4 2697 3089 2768 4261
4 2768 4044 2697 4261
4 3373 3415 2672 4093
4 2472 3379 3150 4068
4 2689 2895 2828 3207
4 1920 1902 1919 3085
4 806 798 807 4050
4 1682 1706 1677 3614
4 3187 3983 3457 4077
4 2658 3416 3096 3731
4 438 448 3048 3348
4 974 958 1058 3349
4 3052 3195 2735 3348
4 3147 3149 3148 4250
4 2631 2823 2722 3721
4 2785 3457 3356 4119
4 2017 2018 2010 4045
4 2810 3129 3001 3808
4 2211 2212 2204 3539
4 1003 978 3049 3733
4 2804 3618 3514 3928
4 2693 3258 2885 3687
4 2058 2037 2060 4034
4 2536 2605 2833 3660
4 2890 3915 3737 4254
4 2530 3171 3736 4177
4 2511 2662 2578 4094
4 1051 3565 1035 4019
4 2804 2887 2886 3886
4 3131 2540 3707 3728
4 2714 2900 2800 3286
4 2803 3546 3151 3758
4 2542 3171 2796 4125
4 2816 3582 3006 3645
4 2661 2860 2844 3811
4 2501 4039 3473 4253
4 2627 3221 3647 4213
4 581 3046 589 3545
4 1606 3257 1598 4089
4 3226 3009 3885 4103
4 333 3137 330 3621
4 2705 3797 3422 4145
4 559 3463 558 4139
4 546 3861 3545 4232
4 1976 1995 1993 3091
4 3059 3667 3629 4340
4 2557 2552 2690 2868
4 1004 3049 979 3991
4 2813 3237 2903 3698
4 2431 1838 2429 3976
4 1568 1570 1571 3994
4 1003 978 979 3049
4 2788 3355 71 3743
4 2569 3234 3339 3604
4 1918 1931 1932 3085
4 2508 3775 2819 4007
4 2870 3169 2667 3527
4 201 181 2917 3710
4 2114 2364 2365 4176
4 2929 3674 3673 3723
4 183 88 81 3271
4 609 3834 611 4225
4 3667 4024 3059 4339
4 2708 2638 3130 3496
4 3060 2716 3604 3666
4 427 3663 706 3884
4 3212 3191 3341 4166
4 2636 3146 3025 3554
4 2693 3352 3437 3931
4 2551 2919 2800 3102
4 2940 3008 2641 4247
4 2829 2983 2611 3011
4 821 1628 1627 3562
4 1627 820 821 3562
4 331 332 3621 3704
4 2035 2037 2058 4034
4 2871 2883 2795 3468
4 705 3663 706 4316
4 579 587 578 3778
4 2533 3455 3054 3537
4 3673 3849 3424 4289
4 1485 3344 1481 3817
4 2521 3032 3689 3947
4 2790 3219 2611 3995
4 375 384 372 3129
4 2794 2661 3159 4141
4 1612 1613 1605 3422
4 2769 3384 3226 3891
4 115 200 191 3890
4 2667 3189 3437 3555
4 2777 3422 3797 4145
4 2663 3012 2760 3034
4 2060 2037 3285 4034
4 2015 2016 2008 4045
4 3658 3659 85 3692
4 3043 3394 2506 3722
4 2508 2538 3250 4118
4 2364 2114 3730 4176
4 3511 3752 2854 3796
4 83 85 3659 3829
4 2542 3260 2643 4302
4 2569 3234 3604 4071
4 681 680 672 3812
4 964 993 3128 4005
4 2122 2375 2374 3487
4 3079 3456 2884 3738
4 235 3813 237 3911
4 1529 4081 1545 4100
4 2891 3554 2925 4220
4 3059 3969 4024 4340
4 2923 3641 3293 3922
4 2734 3955 3325 4201
4 633 3407 2998 3469
4 3100 3224 3369 4099
4 2760 3459 3012 3912
4 697 681 682 3812
4 2831 3022 2559 4130
4 1572 1574 1575 3994
4 1824 1813 1828 3090
4 118 106 94 3044
4 2615 3148 3147 3149
4 1449 1445 1448 3239
4 2950 3067 2777 3305
4 3104 3786 3443 3899
4 2613 3059 3554 4249
4 2657 3284 3080 4105
4 2766 3204 2863 3578
4 137 68 2921 3418
4 2865 2903 3625 3745
4 2568 3538 3822 4300
4 2112 3156 2964 3706
4 2787 2707 3395 3612
4 614 612 613 4072
4 2513 3242 3043 3959
4 3068 3185 2498 3249
4 2501 3543 3473 3992
4 3504 3822 3538 4300
4 2525 2507 2544 4334
4 2794 3515 2860 3993
4 2974 2836 3611 3707
4 2841 4145 2950 4328
4 3330 3417 2927 4292
4 2836 2974 3106 3707
4 2804 3514 3618 3701
4 3754 4061 2496 4091
4 2924 2935 2725 3930
4 2793 2994 2732 4032
4 1340 2872 1335 3961
4 3237 2903 3698 4097
4 1754 3459 2908 3574
4 1994 2024 1992 3375
4 3024 2545 3217 4099
4 2565 2525 2601 2638
4 1685 1695 1696 3204
4 2703 3697 2865 3972
4 2498 3355 2788 3390
4 1682 3012 3614 3874
4 882 899 900 3178
4 2684 3281 4112 4119
4 2027 2922 2050 4132
4 330 3137 2987 3621
4 612 532 533 3189
4 2111 2112 2964 3706
4 3303 3647 3032 3729
4 1117 1119 3468 3769
4 2479 3147 2961 4025
4 2758 3604 3339 3808
4 2024 1994 2026 3375
4 2064 2065 2040 4045
4 2498 3185 3452 3759
4 2794 2860 2661 4141
4 633 2998 3644 4159
4 170 3242 2927 3566
4 2545 3578 3338 4328
4 2929 3283 3226 3533
4 3031 2705 3422 4089
4 2506 2552 3043 3722
4 818 1624 817 3824
4 818 1625 1624 3824
4 2617 3330 2611 4288
4 1141 1111 1110 3098
4 2578 2763 2752 4203
4 78 3542 2788 3743
4 2002 2034 3485 4011
4 2562 2934 2641 4247
4 2680 3288 3072 4184
4 1098 1097 1089 3966
4 1846 1826 1825 3427
4 727 737 726 3301
4 1925 1937 1926 3269
4 616 3555 3682 3732
4 2377 2389 3506 4319
4 2639 2731 3030 3112
4 1366 1358 1367 3843
4 2529 3233 3759 4291
4 2812 2648 3009 3685
4 2369 2364 2368 4176
4 2583 2739 4108 4235
4 1495 1485 1494 3589
4 1515 3420 3288 3576
4 94 3044 83 4061
4 1768 3315 1771 3432
4 273 259 3511 3752
4 2792 3443 3533 4105
4 2521 2888 3947 4123
4 2700 2865 3134 4037
4 1361 1350 1353 3154
4 400 3134 850 3371
4 2975 3424 3340 4137
4 2803 3570 3023 4249
4 1140 1141 1110 3098
4 606 1355 1352 3306
4 621 623 622 3215
4 3199 3800 2530 4302
4 2745 2588 2939 3061
4 1048 1973 1631 3564
4 1631 824 1048 3564
4 2718 2880 2566 2938
4 186 3310 3212 4217
4 2646 3611 3303 3717
4 505 3491 506 3792
4 3557 3649 2841 4128
4 2759 3497 2627 4213
4 3237 3761 2531 3842
4 615 617 616 3682
4 2551 2817 2623 3302
4 656 615 654 4072
4 2363 2364 3730 4176
4 2955 3407 635 3469
4 1685 3204 1696 3874
4 1678 3096 1673 3922
4 698 3132 1542 3986
4 3199 3842 3201 3905
4 3187 3983 2939 4255
4 579 3228 578 3950
4 151 3455 3054 3831
4 3103 3463 3046 3834
4 3066 3180 3159 3853
4 571 597 561 4055
4 3313 3440 2788 3542
4 2574 3125 2651 4178
4 614 3555 612 4072
4 1007 1015 1006 3991
4 2897 3474 2600 3851
4 3277 3840 2649 4133
4 2523 3524 2564 4245
4 2827 3000 3809 4053
4 398 3069 397 3582
4 3023 3547 3059 3629
4 2694 2611 3219 3995
4 2677 3353 3728 4201
4 3174 3504 2958 4120
4 3276 3865 3372 4092
4 967 952 968 3733
4 368 3739 380 3740
4 2625 3736 3171 4177
4 2657 3579 3493 4105
4 2521 3230 2956 4260
4 799 3456 2884 4189
4 3754 4061 118 4062
4 2535 3632 2635 4016
4 3165 3429 2816 3705
4 2888 3402 3106 3947
4 3356 3457 2958 4119
4 2050 2051 2922 3168
4 1381 3037 2931 4196
4 3009 3685 2912 4103
4 160 165 2814 3073
4 1485 1484 3589 3817
4 750 748 3426 3509
4 198 190 99 3035
4 941 3170 958 3349
4 2413 2411 2412 3770
4 3212 3310 2659 4080
4 2843 3195 3144 3696
4 1083 1122 1085 3681
4 2869 2595 3353 3561
4 2910 2588 3061 3680
4 188 3341 108 3889
4 1033 1048 1032 3565
4 3084 3200 2911 4088
4 2885 2949 3687 4139
4 2775 2995 2601 3270
4 2771 3621 3137 3622
4 825 354 3289 3919
4 2781 3252 2966 3521
4 446 442 445 4215
4 2040 2065 2041 4045
4 1034 1035 1050 3565
4 2672 2976 2944 3373
4 2641 3322 3008 3683
4 2520 3347 2522 4323
4 342 2902 357 3404
4 2590 3749 2919 3921
4 641 650 649 3644
4 58 3275 2920 3865
4 558 3463 3046 4139
4 2971 3363 2772 3623
4 500 501 3052 3603
4 1025 3942 1033 3954
4 2203 2202 2210 4320
4 2677 3045 2890 3898
4 3096 3416 2658 3872
4 1527 1400 1523 3569
4 2632 2990 2775 3490
4 3012 3459 3034 3912
4 1688 1691 1689 3012
4 3618 3705 415 4223
4 2563 3328 4090 4273
4 3430 4060 1609 4135
4 2870 3434 3169 4071
4 1485 1600 3344 4060
4 1771 1782 3432 4121
4 423 3886 700 3887
4 2511 3417 2927 3593
4 975 1001 1000 3733
4 1574 3649 1575 3994
4 2802 3939 3509 3980
4 2574 3157 2680 4041
4 1926 3892 3080 4124
4 1216 1226 1225 3190
4 2520 3347 2608 3630
4 2836 3322 3303 3611
4 1951 3794 3399 3836
4 960 985 987 4169
4 1027 3050 1035 3942
4 1710 3012 1691 3253
4 3093 3803 2801 3929
4 2903 3745 3134 3784
4 2010 3423 1986 4045
4 630 629 614 3555
4 1514 3420 1524 3855
4 1329 2872 1335 3477
4 711 3809 3000 4316
4 3315 4121 3356 4285
4 540 570 542 3186
4 84 3035 85 3829
4 1975 1974 1050 3565
4 1049 1050 1974 3565
4 2573 2984 2687 3838
4 2607 3156 2826 3706
4 184 3640 3271 4110
4 2768 3067 2697 4155
4 2406 3070 2416 4038
4 2609 2757 3176 4224
4 1301 3101 1337 4156
4 2777 3430 2797 3797
4 1845 3427 1825 3585
4 2458 2459 1463 3235
4 2862 3286 3335 3671
4 2509 3981 2596 4073
4 1848 3090 1834 3676
4 1648 3655 2863 3824
4 1620 3610 1621 3735
4 2516 3199 3761 3842
4 614 616 630 3555
4 628 545 3687 4139
4 179 3390 203 3743
4 392 391 3514 3928
4 622 620 621 3215
4 2648 2696 2892 3173
4 2725 3620 3096 3780
4 713 917 720 4316
4 2590 2765 2866 3704
4 2819 3158 159 3691
4 1156 1158 1173 3092
4 2578 2786 2662 3765
4 2746 3758 3424 3856
4 3260 3596 2542 3929
4 294 278 3575 4031
4 2661 2794 2626 2937
4 2568 3376 3547 3822
4 2537 3522 2679 4245
4 217 219 218 3510
4 2903 3134 3076 3784
4 2949 3437 2885 3687
4 2142 2171 2169 3126
4 340 317 341 3839
4 1333 3483 1332 4272
4 1837 2946 1857 3877
4 962 989 991 4169
4 1992 3713 3375 4132
4 1329 1335 2872 3961
4 854 843 853 3332
4 703 3425 421 3809
4 3221 3494 3726 4179
4 2949 3463 628 4139
4 2600 3175 2697 3572
4 2568 3538 3376 3822
4 2710 2842 3014 3883
4 2506 2557 2552 3441
4 609 591 611 3834
4 3169 3402 3106 3946
4 2556 3900 3774 4036
4 2785 3113 3084 3432
4 1411 1746 3397 3993
4 2550 3277 2974 3278
4 616 614 615 3682
4 565 537 566 3268
4 2496 4061 3754 4062
4 2620 2724 2872 3955
4 934 720 917 4316
4 3119 3188 2580 3489
4 2518 3558 2616 4338
4 2927 3242 170 4180
4 2599 2887 2804 4244
4 2721 3565 3091 4019
4 2464 2481 2480 4074
4 2672 3415 3277 4093
4 416 3429 406 3884
4 2929 3077 3674 3723
4 733 3806 3107 4188
4 94 106 83 3044
4 2524 3028 3182 3424
4 3032 2836 3683 3729
4 3356 3457 2785 4077
4 2591 3099 2811 3958
4 2724 3491 2856 4333
4 3266 3317 1772 3720
4 2221 2190 2222 3945
4 941 3349 3553 4095
4 3188 3969 3066 4220
4 107 59 3473 3782
4 873 867 893 3617
4 1094 1087 1095 3777
4 2624 2776 2858 2864
4 196 3390 3355 3710
4 3067 3900 2697 4155
4 2643 3002 2801 4125
4 1446 1445 1449 3239
4 2750 3077 3340 3810
4 2443 3026 2489 4216
4 619 621 620 3682
4 399 3069 398 3371
4 249 243 238 2861
4 2657 3283 3226 3384
4 3443 3615 3142 4187
4 2666 3698 2903 4097
4 456 3491 505 3792
4 2757 3405 3823 4224
4 2511 3354 2662 3632
4 3023 3570 2580 4249
4 2646 3339 3234 3808
4 2646 2974 3303 3611
4 2664 3213 2978 3641
4 1226 1242 1225 3464
4 1472 3368 1480 4136
4 1756 2908 3459 3592
4 2758 2804 3162 3701
4 1121 3468 1146 3833
4 1728 2935 3361 4212
4 737 738 762 3301
4 3300 3953 3488 4180
4 2747 2974 3626 3924
4 2781 3488 3953 4180
4 2093 2110 3295 3706
4 2556 3157 3774 3883
4 2525 3658 2969 3781
4 606 1318 1295 3790
4 2950 3422 3305 4145
4 2718 2828 3013 3264
4 2666 2534 3698 4114
4 2651 2574 2698 3125
4 187 3355 64 3418
4 786 750 3426 3939
4 2701 3338 3224 3342
4 2694 2829 2611 4288
4 2513 3488 2927 3593
4 703 3425 3227 3886
4 3137 3138 2843 3696
4 374 376 386 3645
4 1173 1172 1156 3092
4 3416 3557 2841 3872
4 2577 3283 3142 4032
4 3059 3629 3667 4281
4 2009 1985 1984 4045
4 2984 3392 2626 3838
4 2050 2922 2051 4132
4 2530 2557 2506 3789
4 2596 3318 2718 3981
4 2830 3259 2831 4130
4 2624 2858 2548 2864
4 2514 3209 3369 4010
4 2955 3469 626 3509
4 2595 3352 3437 3438
4 820 3320 3562 3757
4 2454 2460 3239 3882
4 2873 3644 2976 3924
4 2760 3405 2663 3874
4 2859 3701 3618 4262
4 2707 2739 3108 3439
4 2500 3560 3275 3643
4 3344 4000 3548 4043
4 1339 2872 1340 3014
4 497 444 441 3195
4 2976 3812 2873 4261
4 2664 2978 3213 3712
4 1003 979 1004 3049
4 3819 4120 3174 4284
4 2636 4136 3368 4281
4 2705 3422 3257 4145
4 2590 2866 2765 3854
4 2566 2718 2938 3902
4 2536 2833 2691 3660
4 3538 3938 3504 4300
4 885 3198 2876 3617
4 2585 3684 3231 4066
4 1768 1764 3315 3925
4 2009 1984 2008 4045
4 3982 3983 3187 4077
4 2932 4046 3151 4112
4 2693 3186 2749 3975
4 2514 3799 3458 4010
4 2617 2829 3357 3573
4 3060 4018 3666 4241
4 2801 3002 2699 4125
4 2626 3302 2806 3788
4 807 798 799 4050
4 130 133 193 3640
4 2695 3063 2739 3975
4 3570 3758 2803 4056
4 2818 4024 3853 4041
4 357 2902 355 3498
4 2932 3819 3151 4046
4 674 675 683 3815
4 1656 1658 1699 3823
4 2033 2031 2030 3485
4 1607 1683 1678 3557
4 2641 2737 2562 3949
4 1569 1568 3994 4199
4 2677 3052 2890 4327
4 635 624 626 3469
4 402 3514 3001 3618
4 2301 2300 2308 3832
4 1768 3362 3315 3432
4 2503 2820 2997 3386
4 817 3757 3132 3815
4 751 3939 3107 3980
4 1678 1599 1607 3557
4 2534 3233 2666 4078
4 2548 3850 2532 3988
4 2523 2604 2564 4204
4 2501 3201 2516 3543
4 1195 1218 1194 4251
4 668 644 645 4263
4 2739 2790 3995 4235
4 2628 2846 3274 3820
4 2848 3765 3279 3983
4 2699 2748 4161 4203
4 2992 3205 2760 3731
4 2664 2923 3641 4255
4 710 3227 703 3809
4 2477 1342 2478 2491
4 793 794 802 3815
4 2763 2943 2752 4203
4 2936 2945 2672 3132
4 2030 2032 2033 3485
4 155 3517 129 3520
4 3436 3559 2855 4020
4 703 3227 3425 3809
4 2844 1743 3904 3993
4 1108 1100 1109 4004
4 1441 1442 1436 3843
4 202 3212 186 3310
4 605 495 604 3790
4 2645 2575 2839 3763
4 201 3640 3191 4217
4 2377 2389 2390 3506
4 425 3809 421 4223
4 2846 4008 3491 4009
4 3129 3717 3337 4104
4 2598 2537 2715 2723
4 2789 3460 3368 3635
4 3736 3959 2625 4158
4 2883 3098 2839 4161
4 3419 4028 2939 4286
4 2724 2856 3477 4272
4 97 2594 92 3163
4 2917 3068 2579 3583
4 935 3301 2782 3733
4 652 533 562 4072
4 2646 2810 3339 3808
4 2793 3284 2577 4032
4 181 130 193 3640
4 2913 3938 3033 4237
4 620 618 619 3682
4 2642 3550 3009 4088
4 2712 3634 3139 3773
4 2997 2744 3377 3689
4 825 3888 829 3919
4 737 762 3251 3301
4 3683 3684 2585 4066
4 3059 2904 3969 4340
4 2502 4016 3453 4297
4 3570 3856 3758 4297
4 2633 2559 3595 4130
4 2035 2056 2033 2967
4 3118 3389 3615 4016
4 3184 3277 2672 3415
4 1848 1860 3978 4221
4 3088 3822 3629 4340
4 2767 3344 4043 4281
4 863 853 862 3927
4 2897 2510 3474 4287
4 3033 2841 3388 3767
4 2923 3293 3187 3922
4 1542 1572 1570 3994
4 135 2917 2579 3831
4 2521 3684 3750 3952
4 2917 3185 3068 3583
4 2727 3688 3559 3854
4 509 504 3508 4254
4 1679 3096 1678 3557
4 3031 3548 1594 4000
4 3111 853 3887 3974
4 2093 2967 2094 3706
4 3357 2513 3573 3959
4 2904 3822 3327 4340
4 994 996 995 3128
4 2258 2259 2251 3431
4 3416 3620 3096 3731
4 441 497 3144 3254
4 3181 3182 3028 3967
4 2748 3678 2839 4161
4 1007 1102 1015 3349
4 2862 3125 3072 4178
4 2468 3203 2461 3882
4 2855 2770 3847 3848
4 1713 1722 1715 3361
4 2656 3260 2668 3803
4 2600 2697 3089 3572
4 2903 3237 2813 3289
4 2888 3561 3353 3728
4 978 970 3049 3733
4 391 381 379 3498
4 291 304 292 3796
4 3136 3575 2703 3862
4 2473 2441 3607 3863
4 2700 2666 2865 4037
4 3434 4071 3234 4325
4 650 2976 651 3815
4 3362 3457 2785 3599
4 3032 3402 2744 3947
4 3062 3534 3505 3803
4 738 763 762 3301
4 744 746 745 4014
4 67 189 75 2960
4 2628 3131 2846 3820
4 2906 4229 4037 4230
4 2604 2523 3800 4253
4 396 3069 406 3705
4 2685 2901 2625 2902
4 2537 2679 3522 3830
4 1756 1754 1738 3459
4 2575 2801 2795 2883
4 1735 2935 3279 3730
4 3234 3434 3666 4071
4 1822 1811 2425 3936
4 3077 3384 2929 3674
4 2729 2681 3007 3380
4 2510 3184 3185 4021
4 2713 2861 3081 4208
4 2914 3185 3124 3452
4 2863 3166 2936 3342
4 2974 3707 3277 4133
4 2522 2659 2598 2669
4 2519 3075 2634 3988
4 2657 3866 3226 4103
4 3184 3415 2630 3590
4 2667 2553 3438 4048
4 1500 1478 1477 3146
4 102 3692 85 3787
4 396 405 395 3705
4 2650 3079 2945 3738
4 2678 2856 2765 3481
4 3318 3940 3207 4226
4 2037 2967 2035 4011
4 3059 3547 3023 4249
4 2211 2210 2168 3294
4 490 489 3309 3446
4 303 319 304 3404
4 634 624 635 3469
4 2613 3853 2891 4339
4 2555 3524 3916 4274
4 1374 3671 3143 3943
4 1359 2931 1367 3721
4 64 3355 68 3418
4 2568 3174 3629 4295
4 749 3509 750 3980
4 2168 2210 2166 3294
4 1348 1357 1345 3721
4 1687 3405 3012 3874
4 183 3271 180 4110
4 201 3710 3640 4217
4 3009 2912 3885 4103
4 159 2819 2508 3158
4 2732 3283 3142 3443
4 1486 1504 1375 3239
4 2904 3547 3059 4289
4 2648 3217 3009 3600
4 2613 3554 3059 4339
4 1818 1817 1808 4147
4 2597 3774 2797 3797
4 2742 3207 2520 3870
4 2011 1987 1986 3423
4 3534 3535 3505 3803
4 405 402 3001 3618
4 1115 3668 1117 3801
4 3165 3373 2747 4241
4 2855 3759 3233 4291
4 258 3828 3321 4031
4 2677 3728 3931 4201
4 2716 2941 3215 4311
4 2713 2868 2557 3245
4 2668 3553 2876 3595
4 1361 2931 1359 3256
4 3356 3846 2881 4121
4 2885 3437 2693 3687
4 2559 2668 3260 3595
4 1006 1015 1014 3991
4 3575 3717 3322 4247
4 502 3508 504 3603
4 3116 3483 2678 3875
4 2026 3375 2027 4132
4 642 641 3407 3644
4 193 183 3640 3661
4 2980 3080 2657 3284
4 1801 3113 1817 3676
4 3044 3829 3193 3871
4 2578 3075 2763 4094
4 2049 2046 2047 4132
4 799 3456 778 3954
4 2689 2895 2567 3036
4 2568 3504 3174 4120
4 1510 2493 1499 3146
4 2998 2870 3732 4071
4 2144 2175 2145 3964
4 1454 1489 1452 3977
4 2725 3205 2992 3731
4 3689 4183 3377 4260
4 98 92 3271 3661
4 3493 3579 3104 4105
4 2577 3142 3675 4032
4 2777 3067 2701 4155
4 2558 2752 2699 4203
4 623 621 3139 3215
4 607 605 3228 4272
4 676 677 692 3572
4 2815 3063 2695 3975
4 2506 2516 3543 3789
4 1353 1351 1352 3154
4 3577 1979 3825 4019
4 2756 2615 3148 3291
4 2539 3615 3389 4016
4 2792 3475 3443 3786
4 3094 3430 1563 4135
4 626 625 627 3509
4 2582 3523 2537 4245
4 2189 3364 2283 4054
4 2958 4119 3457 4120
4 1093 1084 3092 3681
4 2613 3969 3059 4249
4 651 650 642 3860
4 3451 3897 2619 4097
4 2518 2770 2621 3436
4 2777 3774 3236 3797
4 2220 2061 3285 4034
4 771 1008 779 3301
4 1124 1103 1125 3350
4 1986 2010 2011 3423
4 1472 1473 1466 3368
4 1599 3257 1607 3557
4 3107 3227 2886 4188
4 768 3456 769 4189
4 2823 3055 2572 3446
4 474 3074 468 3792
4 1949 3399 1840 3714
4 2573 3188 3489 3856
4 3451 2531 3897 3981
4 3252 3300 2781 3488
4 2403 2394 2390 3506
4 748 750 749 3509
4 2563 3100 4090 4099
4 2760 3012 2663 3405
4 2712 2807 2941 3494
4 1658 1700 1699 3823
4 1011 3733 3049 3942
4 2863 2701 3166 3342
4 1627 1651 1649 3214
4 2593 2526 2603 4080
4 1771 3432 3315 4121
4 2561 4094 3252 4203
4 1600 1592 3344 4000
4 106 3044 126 3829
4 1394 1403 1408 2925
4 2781 2966 2957 3521
4 2636 3025 3391 4329
4 1071 1059 1069 3435
4 2799 3327 3225 3328
4 1711 1710 1717 3012
4 3204 3416 2663 3874
4 1705 3273 1704 3361
4 2672 2944 2945 3373
4 1768 3315 3362 3925
4 1536 3235 3654 4135
4 775 774 766 3867
4 2767 4043 3667 4281
4 2909 3842 3440 4174
4 2559 2668 2656 3260
4 2791 3364 2858 3365
4 3000 3663 705 4316
4 2545 3236 3033 4328
4 1659 1989 1990 3713
4 2620 3101 2872 3477
4 2008 1983 2007 3764
4 2064 2080 3518 4197
4 2807 2941 2802 3426
4 2536 3308 2833 3781
4 773 772 764 3867
4 633 3469 2998 4159
4 862 876 863 3111
4 1984 1983 2008 3764
4 2888 2836 3707 3750
4 2124 3295 2123 4086
4 1678 1599 3557 3922
4 2643 2699 3002 4125
4 1572 1575 1573 3994
4 934 3301 720 4316
4 1561 1560 1563 4135
4 969 954 970 3733
4 727 738 737 3301
4 3142 3283 2929 3533
4 708 715 2886 3227
4 58 132 137 2921
4 2508 3158 2819 3775
4 1713 1704 3273 3361
4 2555 2857 2809 3153
4 710 704 711 3809
4 402 3514 3618 3928
4 2505 186 3212 4217
4 1999 2001 3485 3577
4 2611 3330 2617 3593
4 711 705 712 4316
4 3094 2777 3654 4146
4 234 245 2879 3321
4 1768 1764 1763 3315
4 2677 3353 3131 4327
4 3184 3474 2600 4020
4 672 648 649 3695
4 2827 3251 3000 4053
4 2354 2337 2336 3857
4 2534 3848 3233 4078
4 2675 2893 2721 3050
4 1571 1569 1568 3994
4 2799 3180 3327 3631
4 1995 1997 3485 3577
4 2568 3819 3151 4120
4 1421 1433 1428 3461
4 2562 3848 2737 4078
4 2518 3082 3560 3643
4 2497 3640 3271 3661
4 2483 4074 4068 4152
4 1879 3628 1866 3633
4 2596 2520 3207 3310
4 792 781 741 3141
4 578 587 586 3778
4 2625 3382 3736 4177
4 3557 3620 3416 3874
4 2559 3380 3596 3929
4 1598 3257 3922 4089
4 1011 1027 1026 3942
4 2867 3123 2512 4253
4 3152 3477 2872 3961
4 605 606 495 3790
4 673 681 672 3812
4 2513 2625 3959 4158
4 1619 3223 3680 4198
4 1933 1921 1926 3080
4 3352 3353 2595 3931
4 3218 4002 2698 4026
4 3060 3162 2716 4311
4 1602 3430 3031 4000
4 453 3481 455 4003
4 330 2987 331 3621
4 3005 3702 3030 3770
4 2661 2844 2937 3838
4 1337 3477 3101 3483
4 658 617 656 3634
4 2585 3571 3032 3923
4 2601 2638 2996 3700
4 2979 2975 3340 4137
4 974 1065 1068 3349
4 2523 3097 2808 3196
4 2904 3629 3547 3822
4 3054 3661 151 3831
4 1710 1712 1718 3253
4 624 625 626 3509
4 2581 2833 2532 3781
4 95 102 3271 3658
4 1124 1102 1103 3350
4 2738 2628 3274 3820
4 2841 3557 3204 3649
4 2927 2511 3300 3417
4 2849 3029 3433 3734
4 749 747 748 3509
4 1397 1396 2900 4195
4 116 2867 119 3826
4 2028 1996 1998 3485
4 2699 3002 2801 3128
4 2791 2723 2947 3365
4 2783 3289 2903 3919
4 424 875 874 3887
4 2148 2154 2149 3071
4 2397 2396 3314 4176
4 1998 2030 2028 3485
4 2667 3169 3437 3438
4 1738 1754 1737 3459
4 649 673 672 3695
4 1138 1137 1129 4006
4 951 952 967 3733
4 2863 3204 2841 3578
4 1008 3301 3733 3954
4 2948 2961 2842 3883
4 2917 3418 2498 3710
4 196 179 3355 3390
4 1487 1446 1449 3239
4 1605 3422 1613 4128
4 2557 2655 2552 2868
4 1334 2872 1339 3477
4 2433 3306 2933 3591
4 3493 4103 2657 4105
4 1351 494 493 3306
4 468 469 467 4027
4 803 804 3757 4312
4 1636 1620 1619 4198
4 3629 3667 3088 4340
4 2204 2203 2211 3539
4 3094 3235 2706 3589
4 566 535 575 3268
4 2555 2582 4245 4274
4 2675 2821 3049 3991
4 103 3056 3381 4061
4 850 3076 851 3326
4 2732 3443 3104 4105
4 659 657 687 3634
4 2676 2679 3522 4245
4 2548 2634 2683 2704
4 2032 2000 2002 3485
4 2583 2707 2739 4235
4 2652 2938 2718 3902
4 1477 3272 3635 4265
4 2762 3462 2840 4064
4 1454 3977 1452 4074
4 1881 3837 3051 4148
4 196 2505 203 3390
4 2761 3214 2936 3342
4 1377 1371 1372 3612
4 2696 2881 3846 4121
4 2696 3084 3200 3442
4 1316 3545 3152 3778
4 2633 3595 3553 4130
4 3103 3572 3175 3840
4 2904 3547 3376 3822
4 1976 3091 1975 3565
4 2663 3416 3204 3767
4 506 501 511 3898
4 3162 3221 2716 3494
4 2281 2288 2289 3431
4 2979 2806 3392 3396
4 1782 3266 3084 3432
4 893 867 886 3617
4 2672 2945 2944 2976
4 2663 3204 2841 3767
4 1411 1746 1745 3145
4 2323 1282 1281 2970
4 3422 4128 3257 4145
4 3584 4120 3457 4284
4 3106 2888 3707 3728
4 3131 3353 2888 3561
4 2706 3774 3157 3883
4 2522 3212 2659 4080
4 922 3552 923 3553
4 2802 2599 2941 4181
4 2558 2699 2752 2849
4 2563 2648 3866 4113
4 3300 3381 2496 4062
4 3031 3548 4000 4043
4 2752 2849 2699 3164
4 801 3757 817 3815
4 2781 2496 3252 4091
4 169 3381 3300 4062
4 3809 4053 3000 4316
4 3263 3537 3163 4084
4 3298 2955 3536 4018
4 3060 2955 3666 4018
4 2602 2884 2755 3738
4 1432 1465 3460 3635
4 1026 1010 1011 3942
4 624 626 3469 3509
4 1441 1474 1475 3843
4 2998 3434 2747 3924
4 173 162 165 3276
4 1979 2001 1999 3577
4 181 201 2917 3640
4 2595 3402 2869 3438
4 157 3242 170 3566
4 2591 3440 2576 3441
4 1471 3146 1479 3368
4 660 658 659 3634
4 703 702 421 3886
4 776 767 768 3079
4 3658 3659 2504 3781
4 3081 3290 2640 3716
4 1977 1997 1995 3577
4 2543 3357 3386 3726
4 2578 2511 3238 3354
4 2562 3322 3949 4142
4 1794 3432 3113 3798
4 2875 3372 2503 3722
4 1678 3557 3096 3922
4 2849 3029 2711 3433
4 2524 3183 3077 3340
4 2129 2146 2130 3122
4 1839 3080 3892 3944
4 1318 3074 605 4272
4 2966 3521 3252 3678
4 2376 2123 2124 3506
4 2956 3560 2621 3568
4 3100 3338 3224 4153
4 2642 3549 3281 3550
4 901 914 900 2930
4 900 889 3178 4308
4 606 1354 1352 1355
4 779 800 799 3954
4 148 74 137 3418
4 1394 1408 1525 2925
4 2123 3015 2122 4086
4 2510 3124 3567 3583
4 865 869 3670 4190
4 2894 3130 2638 3496
4 3402 3438 3169 3648
4 2633 2880 2566 3981
4 2960 3323 2526 4039
4 3247 3444 2956 4290
4 1841 1842 3944 4194
4 3377 3689 2744 4183
4 3567 3583 3124 3783
4 693 3572 694 3654
4 3203 3516 2462 4074
4 558 3046 557 3861
4 2521 3947 3561 4123
4 1543 1542 3132 3166
4 865 3670 856 4190
4 2828 3126 2942 3127
4 2686 3119 2838 3489
4 2522 2669 2526 4080
4 2176 2173 3503 3964
4 2509 3201 2909 3842
4 1618 3061 1617 3680
4 3184 3474 2897 4021
4 1672 1664 1671 4282
4 1118 3468 1081 3801
4 709 3227 710 4053
4 2658 4077 3356 4285
4 850 842 851 3784
4 2904 3059 3969 4289
4 2625 3959 3467 4324
4 735 3251 3806 4053
4 3443 3899 3786 4187
4 2855 3848 3278 4078
4 799 2884 4050 4189
4 3187 3293 2923 4255
4 1368 1373 2931 3143
4 680 3089 679 3695
4 546 548 556 3545
4 2663 2841 3204 3578
4 2501 3428 3543 3789
4 456 3792 463 4027
4 691 3844 690 3917
4 737 3251 726 3301
4 2810 3001 2758 3808
4 181 195 192 3710
4 3184 3277 2600 4261
4 190 91 99 3035
4 2246 2227 2245 3160
4 2495 3646 2512 3826
4 1277 2318 2319 3876
4 3377 3386 3357 3726
4 3207 3318 3124 3940
4 2711 2849 2717 3467
4 3033 3236 2913 4237
4 2035 2967 2034 4011
4 2915 3176 2766 3470
4 819 803 804 3757
4 801 802 817 3757
4 3355 3390 2498 3710
4 1563 3430 3094 4146
4 203 189 2960 3890
4 1710 1718 3012 3253
4 2626 2806 2762 3396
4 2472 3516 3379 4068
4 2657 2882 2980 4113
4 2796 3171 2542 4302
4 1931 3020 1934 3965
4 2885 3687 3258 4139
4 625 627 3509 3844
4 2735 3348 3195 3686
4 579 578 3228 3778
4 3552 3553 907 4308
4 2961 3125 2842 3863
4 3232 3376 2904 3547
4 2627 2853 2854 3512
4 2547 2817 2687 2840
4 2767 3213 3548 3990
4 2002 2034 2032 3485
4 628 3555 2949 4139
4 3226 3283 2929 3384
4 2049 2071 3253 4132
4 2818 3025 3391 3690
4 2732 3284 2793 4032
4 2522 2520 3341 3347
4 2793 2644 2993 3378
4 850 841 842 3784
4 2609 3176 2835 3470
4 2169 2171 2172 4042
4 66 168 3394 3984
4 799 778 779 3954
4 505 3052 506 3491
4 2648 2696 3600 4088
4 2627 3497 2759 3512
4 854 844 843 3332
4 2363 2368 2364 4176
4 2522 3830 3341 3889
4 146 2515 3520 3934
4 2561 2852 2589 2962
4 1254 1270 1253 3359
4 2577 3142 3283 3674
4 2568 3547 3629 3822
4 1868 1855 1869 4059
4 2869 3402 2595 3561
4 2853 3086 2854 3479
4 1680 3620 1679 3874
4 1575 1574 1646 3649
4 2288 2281 2280 3431
4 1085 1122 1196 3833
4 1337 1333 3101 3477
4 160 2814 162 3566
4 913 898 912 3333
4 2928 3546 3376 3891
4 81 102 3787 4110
4 1869 1881 1868 4148
4 2664 3819 3712 4295
4 1261 1248 1257 3881
4 1626 1625 3757 3824
4 1408 1412 1400 3078
4 2588 2578 2910 3354
4 2944 3815 2945 3867
4 3258 3687 2693 3737
4 2696 3173 3600 4264
4 1891 3579 3493 4124
4 580 581 589 3545
4 2636 2789 3554 4281
4 775 3867 767 4098
4 425 3884 3000 4223
4 2648 3009 3200 4088
4 967 968 975 3733
4 2608 2689 2742 3870
4 2870 3437 2949 3555
4 2513 3242 2927 3488
4 2550 3415 3373 4093
4 1132 1039 1031 3350
4 818 817 3757 3824
4 2911 3676 2912 3821
4 590 609 610 3834
4 1747 1748 1749 2937
4 3281 3538 2642 3550
4 854 853 863 3927
4 505 456 498 3491
4 904 3351 905 3859
4 65 3372 3276 3865
4 363 373 362 4104
4 2655 3512 3382 3960
4 704 3000 425 3884
4 2776 2809 2645 3521
4 1605 1604 1612 3422
4 1654 1656 1698 4305
4 2368 2363 1755 3346
4 3184 3474 2510 3567
4 2602 2736 4037 4082
4 2927 3417 3330 3593
4 2810 3339 2758 4213
4 184 183 3271 3640
4 2816 3429 3069 3705
4 2781 3953 3639 4180
4 2546 3674 3340 3675
4 2977 3021 2740 3850
4 1500 3146 2493 3391
4 3044 4061 3754 4091
4 3428 3543 2506 3782
4 3185 3249 3068 4021
4 203 2960 189 3743
4 1174 3121 1182 3869
4 3001 3705 3618 4262
4 2763 2786 2578 2805
4 2188 2864 2189 4054
4 3279 3362 1767 3903
4 2684 3599 3549 4119
4 3050 3565 2721 4019
4 2950 3305 2777 4145
4 2728 2729 2593 3495
4 1939 1940 3229 3744
4 2072 2922 2051 3168
4 2755 3064 2906 3663
4 2703 3717 3575 4247
4 2642 3538 3281 4300
4 2662 3070 2896 3075
4 2780 4079 2645 4204
4 2499 3537 3263 4084
4 2163 2164 2161 3913
4 2528 3995 3489 4108
4 2503 3386 2997 3960
4 168 3639 178 4180
4 3045 3258 2890 4232
4 2793 3944 2994 4194
4 657 686 687 3634
4 2979 3392 3182 3396
4 2671 2567 2751 2968
4 2929 3723 3232 3891
4 202 186 3191 3310
4 1650 1696 1695 3655
4 2639 2691 2731 3308
4 2706 3094 2797 3774
4 614 3682 3555 4072
4 2625 2901 2759 2902
4 3055 3790 3019 3908
4 2365 2115 2114 3466
4 1695 1648 1650 3655
4 2504 3345 2969 3781
4 815 814 3610 3735
4 3159 4141 2661 4279
4 2511 2927 3488 3593
4 2563 3217 3100 4099
4 2545 3033 3846 4328
4 2900 3286 2714 3335
4 1485 3817 3589 4060
4 1488 3288 2874 3576
4 2402 2403 2411 3770
4 456 3048 448 3491
4 3216 3703 3672 4092
4 2844 2661 3811 3838
4 2914 3207 3124 3845
4 1617 810 3917 4321
4 2666 3698 3451 4114
4 362 3337 373 3739
4 2828 3126 3265 4006
4 2605 2834 3531 4148
4 2571 3155 3081 3370
4 2974 3434 3234 4325
4 2572 3864 3795 4109
4 2888 3402 3561 3728
4 3199 4083 3596 4302
4 173 165 139 3276
4 617 615 656 4072
4 1685 1684 1695 3204
4 1056 1057 1060 3534
4 1698 1656 1699 4305
4 2581 2708 2654 2833
4 4008 4009 2846 4327
4 2667 3527 3438 3648
4 1500 1499 2493 3146
4 170 3242 157 3394
4 1674 3096 3620 3780
4 2756 4002 3218 4026
4 899 900 3178 3333
4 2645 2957 3123 3763
4 1557 1558 1550 3419
4 3132 3757 2945 3815
4 601 566 574 3894
4 1515 1506 1502 3576
4 2658 2908 3731 4077
4 2677 3052 3299 3898
4 2656 3803 3093 3929
4 3251 3806 2827 4098
4 2842 2706 3379 3516
4 2580 3023 3712 4047
4 1217 1194 1218 4251
4 3043 2495 3646 3736
4 2571 2640 2660 3698
4 2675 2938 2721 3902
4 2530 3043 2506 3382
4 1537 693 3654 3753
4 2684 3281 3151 4112
4 2551 2889 2800 3302
4 2819 2877 2502 3691
4 1339 3101 1338 3477
4 2682 3016 2980 4113
4 2758 3221 3162 3497
4 3694 3704 2772 4170
4 2767 4136 3344 4281
4 697 696 681 3986
4 2064 2080 2081 3518
4 3059 4024 3667 4340
4 2562 3847 2737 3848
4 3270 4049 3109 4271
4 2802 3403 2717 3613
4 2569 3604 3527 4071
4 71 2788 78 3542
4 59 3473 3543 3992
4 2738 2771 3444 4290
4 1595 1596 3213 4089
4 2901 3331 2754 4177
4 853 862 3111 3887
4 2695 2815 2610 3063
4 3300 3953 169 4062
4 2064 3518 4045 4197
4 2788 3390 3452 3760
4 2632 2989 2775 2990
4 650 3644 2976 3812
4 3052 3348 2735 4327
4 2941 3215 625 3844
4 2666 2700 2865 3972
4 3073 3276 2814 4257
4 2559 3022 2681 3929
4 3853 4024 2818 4339
4 2952 2706 3235 3589
4 427 3663 3884 4143
4 369 357 355 3498
4 2550 3277 3415 4093
4 2724 2856 3491 4008
4 1403 2925 3637 3904
4 2745 3983 3208 4255
4 2853 2902 2854 3512
4 2195 2189 3540 4252
4 2812 3685 3009 4103
4 2721 2893 2675 4082
4 2574 4041 2680 4178
4 3474 4044 3851 4287
4 2839 3160 3071 3482
4 2724 3491 3299 4008
4 1485 3344 3817 4060
4 1756 1738 1739 3316
4 2915 3470 2761 3590
4 2507 3193 2544 4334
4 1197 1123 1227 3833
4 2577 3674 3077 3810
4 2616 3262 2518 4338
4 2122 2374 2121 3487
4 3467 3959 3573 4324
4 2602 3902 2736 4082
4 2681 2729 2559 3380
4 2081 2065 2064 3518
4 2580 3554 2789 4281
4 1589 1582 1581 3641
4 2049 2922 2071 4132
4 2629 2778 3443 3475
4 2534 3759 3249 3760
4 3345 2504 3841 4315
4 1679 3620 3557 3874
4 2360 2342 2357 2715
4 1146 3482 1147 3833
4 2227 2246 2228 3160
4 2559 2656 3022 3929
4 3765 4112 2720 4336
4 2636 3344 4136 4281
4 2795 2656 3093 3929
4 273 3479 288 3796
4 3034 3592 3459 3766
4 3198 3897 2876 4172
4 2581 2601 2525 2638
4 1881 4131 3837 4148
4 801 817 699 3815
4 2713 3081 2899 4208
4 1020 1044 1045 4005
4 1487 3239 1449 3288
4 270 263 268 4233
4 1508 3636 1518 3638
4 427 884 3663 4143
4 2521 2888 3750 3947
4 2608 2742 2520 3870
4 3044 3659 83 4061
4 642 650 641 3644
4 1541 3986 1542 3994
4 91 85 3035 3692
4 589 3046 581 3834
4 2580 3059 3023 4249
4 379 380 3514 3740
4 2390 2389 2400 3492
4 362 360 3337 3739
4 1580 2978 1556 4100
4 1839 3080 1937 3892
4 1790 3192 1780 3903
4 1705 1672 3273 4282
4 2640 3761 3237 3842
4 980 972 981 3991
4 2023 1990 1992 4132
4 3417 3118 4016 4297
4 2519 2589 2561 3521
4 2584 3159 3181 3396
4 3003 964 3963 4005
4 2735 3195 3052 3603
4 1626 1647 1625 3824
4 778 3301 779 3456
4 2725 2939 2924 3780
4 2534 3249 3759 3848
4 1543 1624 1574 3824
4 2721 2915 2761 3590
4 3663 3859 3064 3879
4 2772 3749 3500 4170
4 2897 2600 3688 3802
4 1993 1975 1976 3091
4 2479 3147 1343 3149
4 628 3463 2949 4238
4 2666 2865 2813 3697
4 1991 1974 1975 3556
4 859 850 3326 3371
4 2552 3411 2875 3441
4 1977 3577 1976 4019
4 1979 3577 1978 4019
4 2842 3379 2706 3883
4 2571 2660 3155 3370
4 1618 1619 3223 3680
4 1045 1021 1020 4005
4 2209 2164 3294 3544
4 2886 3227 2653 3701
4 3193 3659 3044 4061
4 2843 2735 3195 3686
4 2732 3080 3284 4105
4 79 2506 3394 3722
4 2521 3032 3684 3689
4 2525 2587 3658 4335
4 3186 3975 2693 4048
4 1670 3273 2924 3930
4 2649 3325 2949 3946
4 3322 3847 2836 3949
4 2818 3391 3025 4329
4 1790 1791 1780 3408
4 2701 2841 2950 4328
4 1990 1660 1659 3713
4 1780 1791 1781 3408
4 908 894 700 3608
4 606 1294 3306 3790
4 2580 2789 2905 4281
4 2648 3660 2834 4113
4 2869 2735 4254 4267
4 647 646 638 3287
4 1792 1793 1794 3432
4 2710 3014 2842 3379
4 2510 3218 2897 4021
4 3205 3620 2760 3731
4 2913 3376 3538 3822
4 2762 3302 2840 3462
4 954 3049 970 3733
4 2617 3573 3593 4324
4 2534 3697 2586 4078
4 2630 3415 2761 3590
4 2619 3237 3451 4097
4 676 3572 3103 4263
4 2788 3542 3201 3743
4 2604 2730 2523 2808
4 2020 3423 2045 3503
4 2643 2930 3178 3803
4 3356 3388 3033 3938
4 2606 3289 2754 3290
4 676 3103 3175 3834
4 2998 3666 3434 4071
4 2846 3491 3048 4009
4 2645 2957 2555 3123
4 1482 3391 1490 3576
4 557 3046 581 3545
4 2114 3117 2098 3730
4 1111 1142 3668 3768
4 2023 1992 2024 4132
4 2716 2955 3469 3666
4 850 851 3076 3784
4 2400 2412 2403 3112
4 395 405 3001 3705
4 2881 3766 3592 3985
4 331 335 332 3704
4 3188 3202 3066 3967
4 2910 3223 2617 4211
4 1485 1484 1494 3589
4 1100 1101 1109 4004
4 3276 3602 2814 4257
4 2699 2752 2748 4203
4 2543 3386 3357 3959
4 2702 2796 2643 3179
4 2768 3166 2701 3342
4 2875 3372 3865 4092
4 1471 1478 3146 3635
4 2629 2778 3475 4191
4 1626 1625 819 3757
4 819 1625 818 3757
4 2981 3657 2996 3744
4 2908 2658 3731 4285
4 2537 2679 2582 4245
4 198 99 124 3035
4 1582 1589 1590 3641
4 1423 1424 1416 3439
4 2749 2611 3011 3357
4 2694 3319 2905 4081
4 222 3321 223 4248
4 2952 2706 3516 4068
4 2554 3230 2500 3672
4 2743 3292 3099 4210
4 2549 4256 4047 4288
4 1770 1781 2404 3408
4 74 197 64 3418
4 2963 3750 3952 4102
4 2604 3380 2681 3998
4 405 415 3618 3705
4 3357 3573 2513 3593
4 2551 2674 2800 2889
4 2553 2667 2749 4048
4 1630 1657 1655 3679
4 2738 2771 3137 3622
4 3165 3373 2650 3772
4 1734 1751 2363 3730
4 450 449 440 3499
4 2051 2922 2049 4132
4 1973 1989 1659 3679
4 866 3198 885 3617
4 695 3572 3089 4199
4 2213 2307 2299 4252
4 2559 2681 3380 3929
4 2122 3015 2375 3487
4 655 657 656 3634
4 3106 3729 3402 4325
4 700 707 908 3608
4 2929 3283 3142 3674
4 2797 2951 3589 3762
4 137 74 68 3418
4 2642 2911 3549 3550
4 1737 2992 1732 3459
4 3032 3683 3303 3729
4 2515 2547 3520 4007
4 2501 3543 2516 3789
4 2884 3456 799 3954
4 1683 3557 1607 4128
4 1420 1414 3304 3461
4 1940 3115 1928 3496
4 2781 3826 3639 3916
4 2719 3317 3316 4264
4 634 3407 633 3469
4 2639 2704 2532 3476
4 2835 3176 2757 3713
4 2071 2070 3253 3914
4 2673 3013 2831 3401
4 2556 4036 3224 4155
4 3098 3128 2801 3435
4 755 733 732 3806
4 1452 2874 1451 4074
4 2701 2863 2841 3578
4 2812 2657 3493 4103
4 3339 3604 3234 3808
4 2725 3620 3205 3731
4 1881 3051 1868 4148
4 2668 3553 3552 4308
4 2558 2752 2711 2849
4 2697 3175 3150 3240
4 1357 3721 1358 3843
4 2567 2731 2671 3447
4 2554 3602 3216 3672
4 2587 2969 2525 3658
4 3090 3798 2684 4191
4 2145 2146 2129 3122
4 2541 3783 3567 3940
4 3087 4057 3575 4058
4 2698 2961 2948 4026
4 2724 2620 2872 3477
4 486 477 3727 3894
4 168 164 3639 3984
4 2812 3866 2657 4103
4 58 137 68 2921
4 2591 2612 2811 3099
4 2629 3142 3443 3615
4 3070 3075 2614 3850
4 2071 2922 2090 3914
4 2522 2520 2659 3212
4 1331 1322 1323 3152
4 2527 3703 2538 4257
4 2747 3666 4018 4241
4 3124 3185 2914 3583
4 768 776 3079 4189
4 2514 3328 2799 4227
4 2914 3845 3710 4217
4 1412 3078 3993 4012
4 3328 3478 3024 4099
4 1330 1329 3152 3961
4 1371 1372 3612 3843
4 505 498 3052 3491
4 3077 3674 3340 3810
4 2856 2678 3074 4027
4 1784 1785 3720 4096
4 2653 2955 3980 4311
4 3340 3424 3182 4137
4 2807 2829 2712 3243
4 2816 2646 3971 4331
4 2636 3344 3667 4329
4 3688 3955 2734 4201
4 1767 3279 1760 3925
4 1588 1589 3641 4089
4 2694 2611 3995 4288
4 2558 2711 2752 4211
4 2956 3444 3247 4260
4 2965 3932 3914 4228
4 616 618 631 3732
4 2661 4141 3811 4279
4 1492 1489 1454 3977
4 3069 3429 406 3705
4 3457 3983 2848 4077
4 967 999 763 3301
4 2803 3546 3232 4289
4 329 3289 354 3919
4 953 954 969 3733
4 3184 2855 3759 4021
4 3319 3990 3712 4140
4 2965 3487 3914 3932
4 2111 2095 2112 3706
4 3805 3825 1979 4019
4 1665 3780 1666 4028
4 705 3663 3000 3884
4 2914 3390 2498 3452
4 338 3137 339 3138
4 2727 3559 2621 3854
4 2664 3174 3584 4284
4 2024 1992 3375 4132
4 3235 3654 3094 3900
4 3047 3369 3209 4010
4 1501 1512 1511 3576
4 2209 3294 2210 3544
4 2620 3101 2727 3624
4 2615 3149 3014 3624
4 2630 2761 2936 3342
4 1688 3012 1687 3405
4 2956 3230 3952 4102
4 2950 3166 3067 3994
4 1523 3741 3569 3855
4 2766 3176 3562 4305
4 584 576 577 3228
4 983 959 730 3653
4 1329 1336 1335 3961
4 2550 3611 2974 3626
4 2789 2790 2580 2905
4 2550 3626 2974 4093
4 3071 3482 3160 4175
4 2531 3199 3237 3596
4 1498 1509 1510 3638
4 2404 2395 1770 3408
4 1652 1654 1697 4305
4 3073 2814 3711 4257
4 2566 2718 2652 3318
4 2809 2957 2645 3521
4 944 961 962 4169
4 882 883 899 3333
4 1123 1147 1227 3833
4 2111 2964 2126 4319
4 1562 1565 1563 4146
4 3492 4303 2964 4319
4 1618 1634 1635 3680
4 775 767 3079 4098
4 1335 1336 3379 3961
4 934 2782 3301 3663
4 910 896 895 3608
4 1397 3058 2900 4063
4 2875 3411 2820 3755
4 2609 2766 3176 3470
4 2554 3444 2956 4260
4 83 84 85 3829
4 2607 2953 2964 3706
4 857 858 848 3580
4 2684 3113 3090 3676
4 2141 2142 2169 3126
4 1471 1470 1478 3635
4 3238 3354 2617 4211
4 2539 2565 2535 3270
4 2758 3221 3497 4213
4 2816 3006 3717 4104
4 2572 3795 3336 4109
4 2672 2873 4093 4261
4 239 238 236 3324
4 805 806 4050 4189
4 557 3545 556 3861
4 1361 3154 2931 3256
4 715 2886 718 3403
4 2538 4108 3250 4118
4 2119 2373 2120 4205
4 3000 4053 3251 4316
4 3010 3189 2667 3682
4 2760 2908 3459 3731
4 620 622 633 3732
4 606 1352 493 3306
4 2874 3239 3203 3288
4 2527 4013 3703 4257
4 2305 2304 2312 4240
4 2544 2532 3850 3988
4 2989 3020 2741 3085
4 2648 2563 3217 4153
4 1354 1363 1352 3943
4 3095 3311 2943 3764
4 1697 1654 1698 4305
4 3067 3166 2701 4155
4 1543 3166 3132 3824
4 2998 3434 2870 4071
4 3252 3521 2561 3678
4 1339 3014 1342 3149
4 170 3242 168 4180
4 2958 4120 3504 4300
4 1125 3350 1103 3777
4 2579 3583 3209 3831
4 506 3792 3491 4333
4 1805 1801 1793 3113
4 2700 3006 2816 3582
4 376 3645 374 4200
4 2579 3455 134 3831
4 3100 3224 2541 3783
4 91 85 3692 3787
4 3107 3403 2886 4283
4 3402 3648 2569 3729
4 3064 3663 2782 3859
4 1713 1704 1702 3930
4 1901 4115 1907 4219
4 2563 3016 2682 4113
4 2508 3073 155 3711
4 2777 3305 3430 3797
4 1114 1113 1112 3668
4 170 168 3242 3394
4 982 973 974 3349
4 1317 1323 1322 3152
4 962 945 944 4169
4 2435 2434 2436 3591
4 3275 3560 3082 3643
4 1059 3435 1062 3535
4 589 588 580 3545
4 2741 2989 2632 3020
4 2580 3570 3856 4249
4 2881 3592 3316 3985
4 1871 1870 1857 3532
4 2700 2865 3006 3582
4 1031 1124 1132 3350
4 3436 3707 3278 3847
4 3236 3797 3774 4116
4 506 3491 3299 4333
4 2897 3688 3624 3802
4 1122 1120 1121 3833
4 2860 3853 3066 4141
4 1197 1198 1196 3833
4 512 509 2890 3898
4 562 560 563 3206
4 3175 3152 3961 4225
4 2667 3527 3648 3726
4 895 877 875 3608
4 499 502 500 3603
4 2555 2645 3123 4204
4 910 895 909 3608
4 668 645 669 4263
4 2531 3237 3199 3761
4 2644 3378 2793 4032
4 711 3000 705 4316
4 2952 3589 2951 3762
4 1524 3420 1516 3741
4 2563 4153 3660 4268
4 1993 1995 1996 3375
4 3023 2803 3151 4056
4 406 3069 407 3884
4 2093 2110 2109 4086
4 3592 3766 3034 3985
4 1782 1792 3084 3266
4 2523 2730 2726 3196
4 221 2879 224 3409
4 3216 3703 3602 4257
4 461 465 457 4003
4 664 662 663 3844
4 631 630 616 3732
4 666 667 784 3844
4 2172 2170 2169 4042
4 2501 3473 2867 4253
4 2680 2952 2874 4184
4 1698 1699 3823 4305
4 1281 2322 2323 2970
4 2161 2164 2162 3913
4 951 967 3301 3733
4 1759 1753 3279 3346
4 3424 3758 2803 3856
4 2944 2650 3373 3772
4 2502 3158 3417 3453
4 3063 3357 2611 3975
4 1828 1834 3090 3676
4 697 682 698 3812
4 2621 3854 3559 4009
4 3281 2932 4112 4119
4 3296 3847 2963 3848
4 2090 2922 2091 3914
4 2750 2618 4010 4090
4 2593 2526 3323 4039
4 2015 2041 2016 4045
4 2663 2760 3416 3766
4 2507 2532 3630 3781
4 3455 3458 2579 4002
4 2544 2977 2740 3850
4 2900 3335 2714 3718
4 1627 3214 1628 4305
4 1460 1455 2483 4152
4 2792 4103 3493 4105
4 741 792 3141 3613
4 3618 3701 3425 3928
4 2498 3452 3390 3760
4 2678 2856 3074 3483
4 633 632 620 3732
4 71 3313 64 3355
4 1232 2232 2233 3153
4 1232 2233 1233 3153
4 3416 3731 2658 4285
4 2507 2532 2525 2544
4 1048 1033 1049 3565
4 1036 3050 1035 4275
4 1051 1050 1035 3565
4 2513 3043 3646 3736
4 2549 2662 3632 4336
4 2602 2736 3902 4037
4 1511 3420 3576 3690
4 1713 3361 3273 3930
4 3279 3346 1752 3730
4 1700 1658 3713 3823
4 2506 3428 2530 3789
4 204 3292 4210 4306
4 326 3625 327 4200
4 1659 3679 1989 3713
4 1792 3266 1795 3442
4 1290 1237 1273 3359
4 2642 3009 3550 4310
4 1338 1337 1333 3101
4 2516 2637 2591 3440
4 3589 3817 2797 4060
4 735 3806 731 4053
4 2444 3412 3286 3651
4 1937 1839 1842 3080
4 1615 1614 3649 4128
4 2724 2856 2620 3477
4 226 227 225 3245
4 1840 1839 3892 3944
4 2644 2793 2993 3177
4 1188 1212 1131 3699
4 453 455 452 4003
4 2635 2907 3329 3541
4 1662 1636 1644 4198
4 1533 3057 1549 3519
4 2615 2961 2948 3851
4 2407 3528 3314 4038
4 3089 3812 3132 4261
4 2758 3162 3060 3701
4 1827 1826 1829 3427
4 524 541 3258 3737
4 1131 1109 1188 3699
4 3344 3548 2767 4043
4 2018 2019 2011 3423
4 2984 3453 2819 3471
4 3159 3397 2794 4141
4 3495 3595 2559 3596
4 2662 3192 3408 3586
4 1754 3574 2908 3925
4 2647 3337 3717 4294
4 2703 3136 2865 3697
4 2432 1355 3591 3943
4 1011 3049 1012 4275
4 2043 2018 2017 4045
4 3667 4043 3344 4281
4 140 135 2917 3418
4 3257 3557 1599 3922
4 2549 3133 3765 4336
4 2675 3064 3351 4172
4 3257 2841 3557 3872
4 2951 3817 3589 3977
4 1930 1933 2994 3899
4 2450 2446 3102 3412
4 2075 2967 2093 3168
4 927 3454 926 3910
4 1000 1008 771 3301
4 68 64 3313 3355
4 824 1631 1630 3679
4 1630 823 824 3679
4 2563 3016 2657 3384
4 2768 2936 3166 3342
4 438 447 437 4214
4 3033 4145 3236 4237
4 157 3372 3394 3566
4 3033 3846 3356 3938
4 1564 1565 1562 4146
4 2758 3497 3514 4213
4 1702 1703 3205 4173
4 310 3625 3197 4150
4 1754 1737 3459 3574
4 3303 3683 2836 3729
4 2913 3033 3938 4310
4 2973 3110 2695 4151
4 1125 1133 3350 3804
4 2896 3070 2634 3075
4 2935 3765 2588 3983
4 786 788 3939 4321
4 662 660 661 3139
4 817 3132 699 3815
4 3305 3430 1611 4146
4 1682 3614 1681 3874
4 2552 2506 3043 3382
4 2646 2974 3611 3626
4 2279 2287 3431 3893
4 2503 3605 2552 3960
4 2699 4125 3171 4161
4 3045 2885 3258 3861
4 2800 2933 2714 3651
4 2761 3590 3415 3738
4 2758 3001 2810 4213
4 1773 1772 3316 3317
4 2804 3162 3701 4283
4 2821 3349 957 3991
4 778 770 3301 3456
4 2678 3483 3074 3875
4 2685 2902 2625 4075
4 2577 3177 3016 3284
4 676 692 3175 3572
4 891 893 886 3879
4 2695 3894 2982 4117
4 2895 3036 2751 4226
4 2949 3103 2649 3287
4 1274 1270 1271 3358
4 257 245 258 3511
4 465 4003 466 4322
4 2501 2523 2593 4039
4 498 448 3348 3491
4 1587 3548 3213 3990
4 2786 2935 3279 3765
4 616 3555 614 3682
4 1491 1502 1506 3576
4 2941 2716 3494 4311
4 3258 3861 2885 4139
4 1486 1375 1370 3239
4 2122 3015 3487 3914
4 1596 1588 3213 4089
4 3547 3629 3023 4295
4 2836 3684 3683 3949
4 610 3152 589 3834
4 520 513 509 3915
4 3559 3688 2540 4009
4 2924 2725 3780 4173
4 566 537 535 3268
4 128 116 3826 3984
4 1335 2872 1334 3477
4 2588 3208 2745 3983
4 642 643 651 3860
4 2630 3342 2768 3474
4 2502 3158 2819 3691
4 2729 2831 2673 3120
4 3150 3175 2697 3802
4 3101 3477 2959 3483
4 2718 2828 2673 3013
4 2693 3975 2749 4048
4 691 667 665 3844
4 623 3215 3139 3844
4 1768 1779 3362 3432
4 1817 3676 3113 4147
4 2649 2974 3434 3924
4 2966 3678 3252 4203
4 2754 3290 2685 3716
4 2585 3571 3605 3689
4 3325 3931 3728 4201
4 2992 3205 1723 3912
4 2666 3972 3697 4078
4 851 860 3326 3617
4 2517 3207 3841 3845
4 2475 1339 1340 3014
4 2643 3178 3179 3260
4 2985 3160 2645 3482
4 775 766 767 3867
4 2218 2219 2216 3486
4 2563 2657 3016 4113
4 173 139 150 3276
4 2750 4010 2806 4227
4 2573 2686 2838 3489
4 1622 815 3610 4165
4 2648 3173 2892 3660
4 2517 4314 3783 4315
4 3066 3811 2860 4141
4 2017 2010 2009 4045
4 631 630 3732 4159
4 2755 2782 3064 3663
4 1747 2492 1741 3515
4 67 189 2960 3743
4 3024 3224 2545 4099
4 3632 4094 4001 4167
4 2552 2875 2503 3722
4 2557 2868 2713 2899
4 2622 2631 2551 4111
4 3278 2836 3611 4142
4 2744 3726 3377 4183
4 153 146 2515 3520
4 2587 3056 87 4335
4 1771 1768 1763 3315
4 764 765 773 3867
4 2048 2049 2047 4132
4 1131 1109 3699 4004
4 2832 3036 2688 3544
4 1958 1944 1957 3965
4 2744 3402 2869 3561
4 207 212 204 4210
4 1992 3556 3375 3713
4 2678 2765 2959 3116
4 3522 3523 2537 3830
4 1549 3057 1548 3419
4 2501 2593 3380 3905
4 3300 2496 3953 4062
4 633 632 3732 4159
4 1715 1705 3361 4197
4 697 3812 698 3986
4 579 3778 3228 3950
4 2068 2085 2069 4242
4 3340 3471 2546 4015
4 1174 3092 1160 4022
4 2553 2749 2667 3726
4 3340 3673 2975 3674
4 3171 3736 2625 4158
4 369 355 367 3498
4 459 451 449 3254
4 1017 3734 1018 4169
4 1665 4028 1640 4286
4 1602 1609 1610 3430
4 2657 2980 2882 3080
4 664 666 625 3844
4 1116 3468 1118 3801
4 78 2788 71 3743
4 1954 1955 1953 3656
4 1970 1986 1987 3480
4 1971 1970 1987 3480
4 1133 1132 3350 3805
4 3179 3334 3111 3927
4 3535 3803 3534 3962
4 498 3348 3052 3491
4 2546 3674 3675 3810
4 1716 1723 3205 3614
4 2865 3625 2813 3697
4 2576 2612 2920 3313
4 521 512 513 3258
4 2797 3094 3589 4060
4 3226 3866 3009 4103
4 2540 3277 3278 3707
4 2856 3483 3477 4272
4 207 213 212 4210
4 412 415 2485 4223
4 2346 2326 2343 3597
4 2979 3396 3183 3779
4 2800 2900 2714 4111
4 2177 2216 2178 3964
4 733 3107 740 3613
4 2836 3847 3322 4142
4 2802 2717 3403 4283
4 2687 2984 2840 3838
4 956 2821 3991 4126
4 497 496 444 3195
4 240 252 248 3321
4 356 3740 355 3839
4 2573 3392 2984 3838
4 3173 3846 3600 4264
4 3014 3150 2710 3961
4 2663 3405 3204 3874
4 2220 3285 2199 3945
4 2841 3204 2863 3649
4 2601 3270 2587 4335
4 3019 3481 2986 4003
4 894 895 875 3608
4 2693 2667 3437 3438
4 2710 3883 3851 4044
4 2534 3759 2855 3848
4 3995 4047 2694 4288
4 2872 2710 3014 3624
4 1131 3013 1130 4004
4 1375 3239 1504 3855
4 2797 3094 2777 3774
4 2834 3660 2682 4113
4 946 3910 963 3963
4 2622 2823 3256 4236
4 116 3782 2867 3984
4 2769 3225 3328 3724
4 2504 3345 3781 4315
4 1014 3350 1030 3991
4 1009 1025 1024 3954
4 981 973 982 3349
4 934 3663 3301 4316
4 559 3463 644 3834
4 2897 3474 3184 4020
4 617 656 3634 4072
4 2757 2663 3405 4224
4 548 523 549 3861
4 1129 3013 1128 4004
4 2994 3378 2793 4194
4 619 617 658 3634
4 1336 3150 2472 3379
4 2655 2690 2552 2868
4 2641 2934 2737 3114
4 339 3138 3137 3696
4 2813 3625 2903 3919
4 661 660 659 3634
4 2767 3213 3031 3548
4 1536 3654 3235 3753
4 2510 4021 3068 4338
4 2551 2631 2622 2823
4 2705 3031 3797 4160
4 1431 1438 1439 4265
4 3247 3672 4183 4260
4 2731 3005 3030 3770
4 3905 4039 3323 4209
4 3520 3795 2570 4257
4 2499 3537 3161 3788
4 1110 1070 3128 3435
4 135 3262 2579 4277
4 2553 2527 3357 3377
4 2760 3459 2992 3731
4 2008 2007 2015 4045
4 2540 3559 3436 4020
4 3055 3446 480 4322
4 2866 3274 3048 3854
4 704 705 3000 3884
4 154 3639 3953 4180
4 533 652 613 4072
4 337 2987 330 3137
4 679 3695 3572 4263
4 3786 3899 3104 4115
4 155 2508 159 3517
4 1847 1859 2907 3978
4 2532 3476 2608 3870
4 2621 3568 3560 4170
4 316 314 317 3839
4 375 3129 373 3645
4 2974 3278 3277 3707
4 2545 3600 3484 3846
4 1129 1128 3013 4006
4 2695 2824 2815 3975
4 753 3107 755 3806
4 621 3215 620 3682
4 2586 2934 2898 3383
4 2619 2692 3595 3596
4 1789 1794 1800 3798
4 2012 1988 3480 3771
4 2795 2801 2575 3929
4 3474 4044 2768 4261
4 2539 3448 2632 3615
4 2520 2659 3212 3310
4 2210 2202 2209 3544
4 2413 2412 3112 3770
4 1718 1712 1719 3253
4 2785 3113 3432 3599
4 2528 3250 2611 4108
4 3183 3340 2979 3779
4 2766 3823 3405 4224
4 2684 4112 3599 4119
4 2502 3417 4016 4297
4 2928 3550 3475 3885
4 2957 2966 2781 3123
4 1292 1294 1295 3875
4 2944 2976 2945 3815
4 1844 1824 3090 3585
4 2805 3029 2752 3311
4 2782 2675 3942 4082
4 2664 3584 3187 4284
4 1007 3349 1015 3991
4 2372 2371 2387 4304
4 3136 3197 309 3625
4 3231 3605 2820 3689
4 582 581 3046 3834
4 3250 2927 3417 4292
4 2521 3750 2888 4123
4 3000 3884 2906 4229
4 2627 2854 2853 3923
4 2280 2258 2257 3431
4 2699 3004 2752 3164
4 2535 2539 2635 3448
4 469 466 467 3908
4 552 525 3228 3792
4 373 3129 372 3739
4 2848 3983 3457 4284
4 2609 2731 2691 3816
4 2768 2697 3067 3089
4 2186 2187 3606 4320
4 456 3491 3792 4027
4 2438 2435 2436 3591
4 2661 2937 2844 3515
4 1620 3610 3223 4198
4 3212 3341 202 3889
4 910 926 3454 3652
4 3066 3853 2860 4220
4 3224 3474 2630 3567
4 2695 2982 2739 4117
4 2509 2531 3451 3495
4 151 131 3054 3537
4 2005 1672 2013 4282
4 2128 3771 1141 4222
4 2177 2215 2216 3964
4 2932 3457 3599 4119
4 2529 3415 3184 3590
4 1789 1779 3432 3903
4 1451 1453 1454 4074
4 2536 3345 3047 3783
4 2609 2766 3338 4224
4 2950 3994 3422 4128
4 1095 3777 1087 4029
4 2568 3504 4120 4300
4 2775 3109 2995 3270
4 2892 3173 2696 4264
4 2828 2689 2942 3126
4 2507 2548 2532 3988
4 253 252 241 3973
4 2438 2440 2441 3651
4 2960 3473 60 3992
4 877 895 3334 3608
4 506 3052 501 3898
4 2633 2673 2880 3981
4 1531 1547 1548 3057
4 1725 1730 3912 4228
4 441 434 432 3499
4 2803 3758 3151 4056
4 2618 3194 2750 4010
4 3247 3689 2521 4260
4 1950 3399 3714 3836
4 2655 3605 2690 3909
4 2735 2869 2843 4267
4 2835 3176 2915 4051
4 85 3659 3035 3692
4 3028 3967 3188 3969
4 1514 1506 1515 3288
4 421 3809 3425 4223
4 2915 3564 3556 3565
4 326 351 3862 4200
4 935 3733 2782 3859
4 2258 2250 2257 3868
4 102 3658 85 3692
4 2561 3521 2589 3793
4 2529 3185 3184 3759
4 611 3175 692 3753
4 2889 3302 2674 4002
4 2596 2828 2718 4226
4 3905 4073 2509 4209
4 2750 3077 3183 3340
4 2619 2692 3596 4083
4 3232 3723 2524 3849
4 1300 3719 2954 4216
4 3025 3554 3146 3638
4 2647 3322 3303 3683
4 2501 3199 2516 3201
4 45 3889 115 3890
4 2026 2027 2024 4132
4 2875 3441 3411 3715
4 2441 3125 3863 3882
4 2860 3904 3078 3993
4 2605 2969 2682 4268
4 418 417 410 4143
4 1771 3266 1782 4121
4 2961 3014 2948 3851
4 2613 2891 3853 4220
4 197 187 64 3418
4 453 2986 3481 4003
4 3327 3822 2913 4116
4 3176 2766 3823 4305
4 2560 3231 3230 3952
4 981 972 973 3991
4 1793 1805 3113 4147
4 2548 2532 2704 3476
4 2601 2995 2670 3270
4 1345 1357 3530 3721
4 1575 3649 1573 3994
4 691 665 690 3844
4 2518 3082 3643 4277
4 1482 3391 3576 3977
4 3327 3822 3088 4340
4 2886 3425 3227 3701
4 2885 3463 2949 4139
4 2210 3544 3294 4320
4 2515 2674 3302 3455
4 384 3129 3001 3739
4 1023 1110 3128 4318
4 3684 3952 3231 4066
4 3298 3806 758 4098
4 2444 2448 3607 3627
4 2580 3059 3554 4281
4 791 792 790 3141
4 1501 3391 1512 3576
4 3523 3829 3044 3871
4 2907 4191 2778 4336
4 1471 1464 1465 3368
4 2757 2965 3015 3914
4 2653 3107 2886 4283
4 1741 1750 1745 2492
4 1024 1008 1009 3954
4 2473 2441 2445 3607
4 1482 3576 1490 3977
4 2677 3131 3353 4201
4 703 421 3425 3886
4 1671 1670 1704 3273
4 2884 3954 799 4050
4 2511 3300 3417 3747
4 2467 2458 2457 4068
4 2908 3731 3766 4285
4 2710 3150 3014 3379
4 2711 2849 2752 3029
4 2643 3002 2930 3962
4 940 3553 3349 4126
4 2744 3689 3032 3947
4 2544 2532 2977 3850
4 2627 2759 2853 3512
4 2903 3289 2813 3919
4 1919 1918 1932 3085
4 3072 4041 2753 4178
4 2600 3802 2897 3851
4 2747 3924 3626 4093
4 1570 1541 1542 3994
4 3434 4133 3946 4325
4 129 3520 3517 3934
4 2815 2553 3975 4267
4 2090 2091 2107 3914
4 2853 3923 3086 4299
4 1649 1626 1627 3214
4 2881 3767 2663 3985
4 2568 3822 3504 4300
4 2592 3247 3444 3672
4 2512 3428 2867 4253
4 2049 3253 2046 4132
4 151 3054 3455 3537
4 2853 2902 2759 3740
4 2908 2760 3459 3766
4 2873 3572 3103 3840
4 2556 3224 3024 3478
4 821 805 806 4050
4 2944 2976 3815 3860
4 1044 1020 3164 4005
4 620 3215 622 3732
4 987 961 960 4169
4 2609 3484 3985 4224
4 1156 3092 1084 3681
4 3016 3077 2577 3384
4 2722 3933 3721 4236
4 1996 1994 1993 3375
4 1996 3375 1995 3485
4 465 461 466 4003
4 444 438 433 3348
4 823 807 808 4050
4 1372 2787 1367 3721
4 1916 3020 1918 4219
4 1227 3833 1147 4076
4 2818 3072 2753 3853
4 987 985 986 4169
4 2739 2611 2790 2983
4 723 3413 3403 4014
4 3429 415 3705 4223
4 1805 1808 1817 4147
4 741 740 792 3613
4 2595 2869 3352 3438
4 2807 2712 3139 3243
4 2601 2851 2996 3657
4 2454 3882 3239 3943
4 1796 1807 1797 3935
4 1550 1549 1557 3419
4 991 989 990 4169
4 2869 4048 3438 4183
4 3452 3529 3451 4114
4 1855 3877 1869 4059
4 2588 2939 2924 3983
4 2503 2820 3605 3960
4 2818 3391 2951 3690
4 1696 3204 1695 3655
4 1292 1293 1294 3875
4 2661 2860 3811 4141
4 1865 3633 1866 4221
4 3046 3463 558 3834
4 1794 1801 1800 3798
4 1730 1739 1738 3034
4 446 447 453 3481
4 2575 3677 3763 3998
4 2872 3624 2620 3688
4 3118 3615 2635 4016
4 2933 3306 3154 3591
4 2477 2478 3863 4065
4 2971 3400 3363 3623
4 2640 2571 3761 3842
4 2619 2916 2692 4083
4 1579 2978 1580 4100
4 1916 1917 3020 4219
4 963 962 991 4169
4 1196 1157 1085 3833
4 2180 2153 2152 3956
4 2835 2671 3091 3375
4 578 586 3228 3778
4 1651 1649 3214 3655
4 2908 3592 3315 4285
4 2409 3528 2407 4038
4 3096 3557 3872 3922
4 349 3862 3337 4294
4 2169 2170 3294 4042
4 2712 2749 3010 3011
4 2617 2829 2807 3243
4 1150 2136 1149 3804
4 2736 4037 3134 4097
4 2690 3441 3041 3715
4 2711 2617 2807 3223
4 965 948 3128 3535
4 710 703 704 3809
4 2836 3750 3684 3949
4 2732 3284 3283 4105
4 3187 3982 2725 3983
4 2804 2758 3514 3701
4 3391 3817 2951 3977
4 3373 3626 2747 4241
4 3031 2767 3548 4043
4 2853 3740 2759 4213
4 1732 2992 1737 4212
4 1587 1586 3548 3990
4 925 909 908 3608
4 2588 2924 2910 3273
4 3045 2890 3898 4232
4 3242 3488 2513 3646
4 3107 2886 3403 4188
4 3034 3912 1730 4228
4 3355 2498 3418 3710
4 80 2877 3691 4186
4 2976 3373 2672 4093
4 3225 3232 2904 3849
4 3247 2744 3689 4183
4 671 670 647 4263
4 3072 3420 3288 3855
4 1318 3074 1295 3790
4 2766 3405 2663 4224
4 397 387 389 3582
4 2841 3257 4128 4145
4 2476 3014 1340 3379
4 692 677 693 3572
4 2097 2113 2114 3730
4 2843 2869 2628 3989
4 2122 2121 2107 3914
4 2315 2306 2314 3393
4 2605 2682 2969 2996
4 252 2934 3973 4233
4 1868 1869 3051 4059
4 3376 3546 3232 3891
4 2721 2915 3590 4051
4 3226 2769 3866 4273
4 2114 2098 2097 3730
4 634 635 3407 3469
4 3677 4125 2575 4161
4 2584 3182 3967 3968
4 680 3695 672 3812
4 957 3349 2821 4126
4 3287 4238 3463 4263
4 2732 3104 3080 4105
4 2662 4094 3632 4167
4 217 214 225 3911
4 88 98 92 3271
4 2667 3648 3438 3726
4 2559 3495 2831 3981
4 2130 2146 2147 3956
4 1330 1322 1331 3152
4 1770 1769 3192 3346
4 392 3514 402 3928
4 403 3887 404 3974
4 965 966 948 3535
4 1999 1978 1979 3577
4 2777 3236 3774 4036
4 708 2886 715 4313
4 1985 3764 1984 4045
4 1976 1977 1995 3577
4 406 3429 3069 3884
4 2552 3041 2690 3441
4 2671 2953 2688 3295
4 609 3152 610 3834
4 2865 3697 2666 3972
4 3015 2731 3295 3506
4 3113 3599 2684 3798
4 3316 3459 3034 3592
4 1551 1559 4028 4286
4 688 3139 3634 3773
4 896 3334 895 3608
4 3417 3453 2528 4297
4 2524 3183 3225 3724
4 2299 2205 2213 4252
4 2820 2997 3377 3689
4 2316 2334 2317 4085
4 2675 2736 3064 4172
4 2812 3009 2648 3866
4 2695 2739 3063 4117
4 2969 3658 2504 3781
4 3090 3113 2684 3798
4 2836 3750 2888 3947
4 922 907 3553 4126
4 137 2921 135 3418
4 1102 1007 1094 3349
4 2600 3572 3089 3840
4 3372 4013 2814 4092
4 774 794 773 4312
4 2682 2981 2969 2996
4 643 3407 635 4182
4 2508 3250 3158 3775
4 3032 2585 3684 3689
4 128 3826 3639 3984
4 1749 1750 1747 2937
4 256 249 265 3370
4 3118 3133 2635 3615
4 126 3044 3523 3829
4 858 846 848 3580
4 1218 1195 1219 4251
4 2130 2131 3769 3956
4 1618 1635 1619 3680
4 2946 3051 2892 3660
4 3199 2531 3842 3905
4 81 183 30 88
4 3225 2524 3723 3849
4 3069 3582 2816 3645
4 2760 2908 3731 3766
4 1975 3556 1974 3565
4 3051 3633 1868 4059
4 908 924 925 3608
4 2760 3620 3416 3731
4 3079 3320 2945 3738
4 3152 3545 2724 3778
4 1101 1100 1092 3619
4 2908 3459 2992 3574
4 3088 3822 3327 4116
4 3078 3741 1526 4168
4 1641 1642 1634 3680
4 1090 1091 1099 3619
4 2856 3481 2678 4027
4 3052 3299 506 3491
4 1548 1532 1531 3057
4 2913 3538 3504 3822
4 2442 2489 2443 3026
4 3150 3175 3961 4225
4 795 794 774 4312
4 543 3258 541 3737
4 1092 1093 1101 3619
4 1512 3391 3025 3690
4 551 3463 559 4139
4 1099 1098 1090 3619
4 2560 3231 3952 4066
4 3009 3550 3538 4270
4 2901 2902 2685 3105
4 3228 3074 3792 4272
4 2521 3952 3230 4260
4 2639 2953 2731 3112
4 2691 3173 2609 3816
4 1418 3108 1419 3304
4 2703 3697 3972 4078
4 722 729 728 3403
4 876 878 863 3927
4 1035 3050 1027 4275
4 3068 4021 3249 4276
4 2833 3308 2532 3781
4 2984 3392 2573 4137
4 1746 2794 3397 3993
4 2599 3497 3494 3573
4 2603 2676 2523 2726
4 2663 2841 3578 3767
4 1954 3656 1953 3693
4 3002 3003 2972 3910
4 2719 3316 3317 3985
4 3232 3546 3376 3547
4 1463 3235 1536 4135
4 2633 3349 3350 3777
4 3047 2497 3209 3783
4 1580 1579 1587 3990
4 2033 2967 2056 3168
4 2600 3175 3572 3840
4 1739 1757 1756 3316
4 2588 2786 2935 3361
4 1895 1883 1884 3532
4 3205 3620 2725 4173
4 2760 3416 3620 3874
4 497 3195 3144 3603
4 2602 2906 2755 4082
4 798 777 778 4189
4 2567 2751 3036 4226
4 2613 3554 3188 4249
4 853 3332 843 3974
4 2824 3737 3915 4254
4 2021 1701 2023 4132
4 2554 3560 3568 3694
4 2211 3294 2212 3539
4 385 3129 375 3645
4 2123 3295 2124 3506
4 2835 3091 2671 3447
4 2542 3998 3171 4125
4 1482 1501 1490 3391
4 2629 3151 3546 3758
4 2744 3402 3032 3648
4 2639 2731 2567 3308
4 2770 3296 2963 3848
4 2479 2961 3147 3149
4 2593 3323 2526 4080
4 1432 3108 1431 3635
4 1466 1576 3460 4140
4 2596 3323 3310 3987
4 2580 3712 2694 3995
4 3035 3692 3659 3829
4 2951 3391 2818 4329
4 2096 3156 2095 3706
4 647 638 639 3287
4 196 203 179 3390
4 2625 3382 3512 3959
4 1556 3419 2978 3641
4 778 799 798 4189
4 2800 2919 2622 2933
4 2876 3553 2668 4308
4 398 408 407 3371
4 3400 3499 428 3622
4 2746 3758 3856 4297
4 1209 1234 1211 3472
4 2656 3022 2795 3507
4 3089 2873 3812 4261
4 2892 3200 3051 3877
4 340 2902 342 3404
4 413 403 401 3928
4 2147 2131 2130 3956
4 2533 3054 3458 3799
4 586 608 607 3228
4 2651 2900 2800 3302
4 2717 2887 2599 3467
4 970 955 971 3049
4 2761 3214 3562 3757
4 2721 2938 2652 3902
4 504 3603 3508 4254
4 2810 3514 3001 3739
4 3204 2841 3416 3557
4 778 3456 799 4189
4 2567 2953 2639 3476
4 2499 2819 3161 4084
4 2509 2531 3495 3905
4 1982 1981 3445 4282
4 1403 2925 1394 3637
4 2511 3252 3238 3488
4 3162 3494 2716 4311
4 2766 2863 3342 3578
4 670 646 647 4263
4 507 518 508 3508
4 2848 3362 3457 4077
4 183 30 180 81
4 2573 3856 3570 4297
4 79 2506 62 3394
4 758 4098 766 4182
4 1973 1631 3564 3679
4 2657 3384 3226 3866
4 2854 3479 3086 4058
4 1842 1933 3080 3944
4 1150 1134 1135 3804
4 333 337 330 3137
4 3158 3453 2819 3775
4 64 68 74 3418
4 422 874 414 3887
4 526 3228 525 4333
4 2945 2672 3132 3815
4 2425 2419 3770 3936
4 2854 2627 3512 3571
4 2731 3030 3112 3770
4 768 3079 3456 4189
4 1072 1070 1111 3435
4 1710 1711 1709 3012
4 2816 3429 3165 4331
4 2870 3215 2716 4179
4 2758 3497 2804 3514
4 2876 3553 2633 3595
4 2759 2902 2853 3512
4 2566 3529 2736 4097
4 2757 2922 2835 3713
4 2573 2838 2687 3489
4 3093 3505 3535 3803
4 2664 3187 2923 4255
4 2789 3368 2905 4281
4 2540 2734 3840 4201
4 2803 3547 3546 4289
4 2607 2832 2791 3476
4 2563 3660 4113 4268
4 2558 2702 2849 3467
4 1839 1842 3080 3944
4 115 112 123 4069
4 1471 1479 1472 3368
4 3102 3336 2919 3749
4 2008 3764 2007 4045
4 2792 3226 3885 4103
4 2592 3247 3672 4183
4 1043 1968 3756 4162
4 348 346 343 4101
4 2623 3161 2984 3517
4 1411 3397 1412 3993
4 182 3889 45 3890
4 873 3617 893 3879
4 936 3733 935 3859
4 2730 3007 2681 3380
4 1837 2946 3877 3936
4 2284 3364 2285 3893
4 2553 3438 2744 3726
4 1559 1640 1632 4028
4 2700 3006 2865 3972
4 1385 1381 3037 3395
4 1997 1999 2000 3485
4 2376 2124 2377 3506
4 544 543 3687 4139
4 3519 4028 3419 4286
4 103 3381 3056 4186
4 2558 3238 3677 4158
4 3522 3889 2676 4069
4 2031 2028 2030 3168
4 2782 3942 2893 4082
4 2680 3157 3762 4041
4 2087 3156 2088 3807
4 2615 3148 3149 3624
4 2645 2839 2776 3793
4 2696 3200 3084 4088
4 2855 2534 3233 3759
4 732 3806 733 4188
4 2693 3437 3352 3438
4 2514 3328 4090 4099
4 1364 1369 1365 3943
4 2928 3538 3281 3550
4 3201 3542 2516 3543
4 1292 3483 3074 4272
4 2746 4016 3118 4297
4 2591 3958 3510 4210
4 2649 3434 3287 3924
4 2521 2956 3750 4123
4 2719 3317 3266 3720
4 492 484 3790 3908
4 2510 2897 3474 4021
4 2524 3232 3673 3723
4 2108 2107 2091 4086
4 2519 3521 3252 4091
4 819 804 820 3757
4 84 124 99 3035
4 1891 1879 3493 4115
4 818 817 802 3757
4 2781 2957 3252 3521
4 934 917 3663 4316
4 2646 3808 3234 4241
4 2648 2696 3173 3600
4 2793 2980 3284 3944
4 3761 4083 3199 4302
4 2144 2174 2175 3964
4 1333 3477 3483 4272
4 2496 3381 3300 3747
4 813 791 812 3735
4 1477 1478 1470 3635
4 2567 2517 3940 4226
4 2647 3322 3087 3717
4 1985 3756 1969 3764
4 3148 3291 1310 3581
4 2707 2838 3395 3612
4 2766 3562 3214 4305
4 1580 1587 1588 3990
4 823 824 3679 4050
4 1682 1686 1687 3874
4 654 652 653 4072
4 2857 3472 3153 4204
4 2662 3075 2578 4094
4 1416 1424 1430 3439
4 1088 1067 3259 4029
4 1020 1019 3164 4005
4 3111 3179 2702 3334
4 2731 2671 3015 3295
4 2887 3403 2886 4313
4 2021 1692 1701 4132
4 2743 3715 3441 3814
4 133 193 3640 3661
4 1664 1663 1671 4282
4 2673 2596 3981 4073
4 2519 2561 3252 3521
4 2592 3444 3216 3672
4 2561 2748 2852 2943
4 2572 2772 3749 3795
4 2132 3769 2131 3956
4 2468 2469 3203 3863
4 1612 1611 1569 3305
4 3251 3301 770 3456
4 2664 3819 3174 4284
4 2575 3678 2839 3763
4 2677 3299 3045 3898
4 2025 2024 2027 4132
4 875 3111 874 3887
4 2508 2819 3517 4007
4 2892 2691 3005 3030
4 2673 2831 2729 3495
4 852 851 3076 3617
4 1216 1217 1226 3190
4 3344 1600 4000 4060
4 2517 3207 3124 3940
4 349 344 360 350
4 3151 3281 2932 4112
4 96 2587 2877 3056
4 2742 2942 2689 2947
4 2997 2820 3605 3689
4 2797 3667 3344 4329
4 2623 3517 2984 4007
4 2520 3347 3630 4166
4 2610 2815 2733 3063
4 3100 3173 2541 4153
4 184 3271 183 4110
4 2703 2822 3136 3697
4 2993 3714 3399 3836
4 2642 3846 2696 4088
4 2195 3540 2194 4252
4 2696 3200 3038 3563
4 700 3886 701 4313
4 2220 3285 3945 4034
4 2953 2731 3112 3506
4 805 804 796 3320
4 3237 3698 2640 3842
4 745 3433 746 3653
4 3181 3183 2799 3225
4 2819 3471 2877 4084
4 1569 1611 1567 3305
4 211 2484 210 4192
4 2559 3380 2729 3495
4 948 3128 3962 3963
4 1901 1907 1916 4219
4 2182 2181 2187 3606
4 1141 2128 3768 3771
4 3315 3592 2881 4285
4 1331 2467 3150 3240
4 2799 3159 3180 3937
4 83 117 26 84
4 54 130 133 193
4 2546 3340 3674 3810
4 2522 2598 2659 4323
4 3062 3534 3803 3962
4 1684 3204 1685 3874
4 3043 3242 2513 3646
4 1121 1123 1122 3833
4 117 106 83 26
4 130 54 181 193
4 2913 4116 3822 4237
4 2654 2977 2833 3297
4 3278 3611 2836 3707
4 2520 3212 3341 4166
4 2173 3771 3503 3964
4 1596 1589 1588 4089
4 1197 1199 1198 3833
4 636 637 3463 4238
4 1058 1065 3349 4029
4 138 3161 3517 4106
4 2613 3180 3853 4024
4 3084 3113 2911 4147
4 2695 2610 3894 4117
4 270 279 278 2940
4 2121 2106 2107 3914
4 2541 2609 3447 3470
4 2622 2551 2800 4111
4 2716 2870 3527 4071
4 3303 3611 3322 3717
4 2915 2835 3556 3679
4 3671 3882 3591 3943
4 2633 3553 2830 4130
4 2893 3050 2675 3942
4 2802 3107 3613 3939
4 2502 3453 3417 4297
4 2535 3632 4001 4167
4 1490 3391 1501 3576
4 3067 3654 2777 4146
4 2569 3648 3647 3729
4 2707 2583 2739 2982
4 2515 2674 2551 3302
4 3041 3715 3292 3951
4 2828 3207 2895 4226
4 3124 3318 2914 3452
4 489 480 3055 3446
4 1656 3823 1699 4305
4 1837 3877 1836 3936
4 1475 3272 1442 3843
4 2521 3561 3247 4123
4 2526 3323 2960 3890
4 2602 3590 3415 4258
4 2585 3410 3231 3605
4 3201 3440 2788 3842
4 2629 3151 3475 3546
4 2831 3259 2830 3966
4 2546 3109 3194 3490
4 1813 1828 3090 3676
4 2884 3320 3079 3738
4 1419 1420 3304 3461
4 2739 2749 2611 2983
4 2752 3029 2849 3734
4 2813 2666 3697 3698
4 2553 3063 2815 3975
4 2657 3016 3284 3384
4 3457 2785 3599 4119
4 2848 3457 3818 4284
4 2645 3153 2780 4204
4 2087 2086 3156 3167
4 2198 2190 2221 3945
4 2512 3677 3171 3998
4 2031 2029 2028 3168
4 649 673 3695 3812
4 158 159 2819 3517
4 2949 3555 628 4238
4 3142 3443 3283 3533
4 3045 3861 3258 4232
4 2600 3474 3184 4261
4 1857 1837 1838 3976
4 1683 1615 1694 4128
4 3423 3480 1986 3756
4 2100 2116 2117 3918
4 1613 1614 1606 4128
4 2998 3407 2747 3666
4 2872 1339 3101 3149
4 868 3198 866 3670
4 546 548 3545 3861
4 1103 1094 1095 3777
4 1672 1671 3273 4282
4 3238 3252 2966 3488
4 1738 3034 1739 3316
4 2711 3223 2807 4181
4 2604 3763 3998 4079
4 2577 3142 3674 3675
4 2897 3851 3218 4287
4 296 295 3551 3575
4 2881 3985 3316 4264
4 802 3757 801 3815
4 158 3517 2819 4106
4 2668 2656 3062 4130
4 2903 3134 2666 4097
4 2699 3003 3002 3128
4 2518 3436 2621 3559
4 1466 3460 3368 4140
4 1065 1087 3349 4029
4 597 3304 599 3926
4 2571 3440 3842 4174
4 546 3545 3950 4232
4 2700 3971 3006 3972
4 981 973 3349 3991
4 2519 3252 2561 4094
4 2645 2809 3153 4204
4 944 943 961 3652
4 2613 4024 3853 4339
4 2110 2094 2111 3706
4 2713 2557 3041 3245
4 2510 3185 3124 3583
4 3774 4036 3236 4116
4 1690 3012 1688 3823
4 799 4050 798 4189
4 2812 3685 3633 4059
4 1454 1452 1451 4074
4 2849 2972 2699 3003
4 1836 3877 1820 3936
4 537 565 538 3268
4 2438 3591 2436 3651
4 2749 3357 2712 3726
4 2776 2589 3521 3793
4 2675 3050 3049 3942
4 3077 2929 3384 3723
4 1018 1042 1043 3164
4 2543 3494 2712 3726
4 1982 1966 1965 3311
4 2072 3168 2073 4086
4 782 815 3433 3735
4 3303 3322 2836 3683
4 2677 3931 3353 4327
4 3086 3923 2647 4299
4 153 2515 146 3500
4 2870 3169 3527 4071
4 720 726 719 4316
4 296 3551 308 3575
4 549 558 557 3861
4 663 665 664 3844
4 2867 3524 3123 4253
4 1971 1046 1045 3756
4 2723 2608 2791 2947
4 1867 3628 3978 4221
4 2972 3333 3002 3454
4 2187 2188 2182 3606
4 785 784 667 3844
4 3381 3056 4186 4259
4 2405 3070 2396 3408
4 2539 2635 3615 4016
4 1116 1117 3468 3801
4 1016 783 1040 3734
4 1788 3586 1790 3903
4 477 478 475 2973
4 3215 3682 3139 4179
4 2753 2818 3853 4041
4 939 923 940 4126
4 1396 1397 2900 3145
4 1558 1557 1582 4286
4 2554 2956 3230 4260
4 2579 2917 3583 3831
4 1665 1640 1559 4286
4 2672 2945 2761 3738
4 2765 3704 2590 3749
4 2377 3295 2124 4319
4 2717 2802 2599 4283
4 2505 3323 2960 4209
4 3088 3822 4116 4237
4 2318 2320 2319 3083
4 2684 4112 3151 4191
4 2610 2695 2973 3110
4 1533 1549 1550 3519
4 1535 1551 1632 3519
4 3484 3846 3173 4264
4 943 960 961 3652
4 1970 1971 1045 3756
4 1869 1882 1881 4148
4 3166 3649 1574 3994
4 2829 3011 2611 3357
4 1597 1589 1596 4089
4 2519 2561 3075 4094
4 1965 1981 1982 3311
4 2837 3999 3715 4330
4 2897 3802 3624 3851
4 2994 3899 1933 3944
4 2527 3386 3566 4292
4 2933 2622 3154 3306
4 661 663 662 3139
4 1043 1019 1018 3164
4 2801 3002 3803 3962
4 2839 2645 3160 3482
4 769 3251 770 3456
4 2509 3452 3390 3987
4 1260 1277 1278 3876
4 3569 3741 3420 3855
4 368 367 356 3740
4 1969 1044 1043 3756
4 730 3433 3413 4014
4 3169 3434 3946 4325
4 2500 3275 3602 3865
4 749 747 3509 3980
4 1792 3432 3084 4147
4 3242 2927 3566 4292
4 2543 3726 2997 4023
4 2993 2793 3399 3714
4 1043 1968 1969 3756
4 3212 3323 3310 4080
4 910 909 926 3652
4 3323 4073 3905 4209
4 2600 2697 4044 4261
4 3023 3629 3059 4295
4 2717 2849 2711 3433
4 2777 3900 3067 4155
4 1105 1104 1096 3777
4 3298 3536 2827 3772
4 3407 2747 3666 4018
4 812 3141 791 4321
4 2658 2908 4077 4285
4 2093 3168 2967 3295
4 3538 3550 3009 4310
4 615 617 3682 4072
4 2363 2113 1734 3730
4 2771 3444 2773 3989
4 2458 2467 3240 4068
4 2797 3762 2706 3774
4 1921 1906 3579 3899
4 1717 1718 1725 3012
4 2675 3064 2736 4082
4 2824 2693 3737 4254
4 2628 2869 3353 3561
4 2736 3897 3198 4172
4 2749 2850 2739 3975
4 1908 1911 1912 3837
4 1607 3557 3257 4128
4 2812 3009 3866 4103
4 3193 3988 2544 4246
4 1321 1314 1316 3778
4 3159 3631 3180 3937
4 1739 1740 3932 4228
4 2720 3599 3798 4112
4 2545 3846 3033 4310
4 3003 3128 3004 4005
4 1067 1061 3259 4029
4 2974 4133 3434 4325
4 2578 2561 2763 4203
4 2730 2604 3007 3261
4 1882 1893 1881 4131
4 1837 1856 1836 3877
4 1696 3204 3655 3874
4 2539 3389 2632 4015
4 1756 1762 1763 3592
4 257 259 244 3511
4 2311 2303 2310 4107
4 720 727 726 4316
4 909 925 926 3652
4 2707 3612 3119 3637
4 1079 1116 1118 3801
4 676 3175 3103 3572
4 945 3910 944 4169
4 1845 2907 1850 3427
4 2872 3014 2710 3961
4 3086 4057 2647 4058
4 2667 3010 2749 3189
4 3337 3862 3717 4294
4 857 3580 848 3670
4 2948 3369 3218 4287
4 2611 3995 2528 4108
4 2902 3479 2854 4075
4 954 3733 953 3859
4 3479 3828 289 4058
4 954 955 970 3049
4 1269 1262 1263 3601
4 1696 3655 3405 3874
4 3035 3829 117 3830
4 2387 2371 2386 4304
4 3100 2541 3338 4153
4 2639 3030 2999 3112
4 1403 3637 3501 3904
4 914 913 916 2930
4 685 3011 686 3634
4 1891 1879 1880 3633
4 1629 822 823 4050
4 823 1630 1629 4050
4 2039 2040 3445 4197
4 813 3223 1620 3735
4 1656 3176 1658 3823
4 1329 2872 3477 3961
4 2627 3497 3221 4213
4 2663 2881 3766 3767
4 1335 2476 1340 3379
4 2872 3014 1339 3149
4 245 233 2879 3813
4 2681 3007 3261 3398
4 926 945 927 3910
4 862 414 874 3887
4 416 415 3429 4223
4 2632 3389 3142 3675
4 2678 3116 2959 3483
4 331 336 335 3704
4 2738 3568 2771 4290
4 1322 1321 1316 3778
4 637 4238 638 4263
4 2887 2702 3111 3255
4 611 3175 1325 4225
4 2500 3865 3602 4092
4 1665 1673 1666 3780
4 417 407 410 3371
4 2854 3086 2853 3923
4 1813 3676 3090 3798
4 2633 2880 2821 4172
4 2752 3164 3004 3756
4 2607 2548 2683 2704
4 2853 3479 2902 3839
4 2038 3445 1705 4197
4 3310 3841 3207 3845
4 1442 3272 1436 3843
4 1221 1212 1222 3699
4 3429 3809 3000 4223
4 3266 3432 1782 4121
4 3372 3394 2503 3722
4 2791 2858 2723 3365
4 2224 2069 2088 3807
4 2793 3378 2993 3794
4 3315 2881 4121 4285
4 2647 4057 3087 4058
4 1651 3214 1627 4305
4 3344 2797 3817 4060
4 2529 3529 3452 4114
4 2909 3201 2788 3842
4 126 3829 3523 3830
4 2622 2823 3055 3921
4 218 231 230 3958
4 161 3158 2927 3300
4 2706 3762 3157 3774
4 2056 2967 2057 3168
4 2701 2950 4145 4328
4 2519 4091 4001 4246
4 1880 3633 1881 3837
4 3100 4099 3217 4153
4 2764 3039 2683 3503
4 1797 1806 1792 3442
4 2544 3193 4246 4334
4 775 3867 4098 4312
4 2355 2353 2290 3857
4 1120 1122 3681 3833
4 1697 3405 1696 3655
4 3470 3590 2915 4051
4 2533 3054 2806 3537
4 3104 3443 2792 4105
4 2553 2744 3438 4183
4 1931 1929 1934 3020
4 2737 3847 3296 3848
4 1655 1629 1630 3679
4 2091 2922 2072 4086
4 2828 3264 2895 4006
4 945 926 944 3910
4 3457 3983 3187 4284
4 3246 3501 2686 3904
4 2701 3578 2841 4328
4 558 582 3046 3834
4 2537 3871 3523 4274
4 1209 1233 1234 3472
4 1659 1631 1973 3679
4 1432 3460 3108 3635
4 2522 2520 3212 3341
4 1602 1601 1609 3430
4 1352 3154 1351 3306
4 82 131 93 4084
4 2575 2795 2871 2883
4 1033 1025 1034 3942
4 817 3132 2936 3824
4 3193 3659 2507 3829
4 1032 808 800 3954
4 3443 3475 2792 3533
4 2568 3819 3174 4295
4 3263 3779 2806 3788
4 2587 2670 2601 3657
4 1156 3092 3681 4193
4 2531 3380 3199 3596
4 2950 4128 3422 4145
4 2892 3038 2719 4264
4 2667 3682 2870 4179
4 2789 3108 3460 3635
4 1294 3790 1295 3875
4 1506 1505 1488 3288
4 3050 3942 1027 4275
4 108 46 188 3889
4 1062 3093 1071 4030
4 3495 3595 2531 3981
4 465 464 457 4151
4 2693 3437 3189 3687
4 778 3456 779 3954
4 2658 3388 3584 3872
4 1911 1905 1908 1912
4 877 876 3111 3334
4 3000 2755 3663 4316
4 1361 1359 1350 3256
4 2803 3023 3547 4249
4 234 222 240 3321
4 2879 3244 224 3409
4 2976 3132 2672 3815
4 1599 1598 1606 3257
4 1606 1607 1599 3257
4 2628 2738 2843 3989
4 1033 3942 3565 3954
4 1329 1330 1336 3961
4 459 457 464 4151
4 3426 3509 2802 3939
4 2544 3075 2614 4246
4 3331 3665 3027 4083
4 2879 3410 2665 4066
4 2558 3677 3238 4203
4 2967 3295 2688 3706
4 3734 4162 3311 4165
4 270 278 263 2940
4 486 485 477 3894
4 3247 2956 4123 4290
4 1544 1427 1434 4081
4 2739 3304 3108 3439
4 1325 3175 611 3753
4 1301 1304 2959 4156
4 499 497 3144 3603
4 2927 3593 3330 4292
4 2572 2779 3055 3921
4 2201 2209 2202 3544
4 2781 3123 2966 3826
4 2855 3233 3848 4078
4 1777 3317 3487 3664
4 338 3137 3274 4214
4 2593 2603 2991 4080
4 3213 3641 2923 4089
4 872 890 870 3879
4 3273 3361 2935 3930
4 3078 3397 2860 3993
4 2512 2966 3646 4158
4 3016 4090 3724 4273
4 1732 3459 2992 3912
4 2216 2215 3807 3948
4 3474 3567 3224 4287
4 3415 3590 2602 3738
4 450 458 457 3110
4 2498 3390 2914 3710
4 2929 3673 3232 3723
4 3310 3841 3191 4166
4 252 2934 240 3973
4 721 3403 723 4313
4 1354 606 1352 495
4 2883 3468 2839 3769
4 2143 2127 1972 3771
4 2707 3119 2838 3637
4 2589 2548 2683 3039
4 413 3887 403 3928
4 3552 3553 2668 4095
4 2157 3825 2159 4011
4 2700 2906 3134 3371
4 2792 3493 3104 4105
4 589 3046 3152 3545
4 2525 2565 2601 4335
4 428 3499 431 3696
4 914 901 913 2930
4 2896 3192 2662 3346
4 2098 3117 2114 3466
4 3048 438 3348 4214
4 2544 4246 2614 4334
4 3142 2632 3675 4187
4 1403 1408 2925 3904
4 3301 3456 3251 4316
4 610 3152 609 4225
4 2689 2832 2688 3476
4 3048 3274 2846 4009
4 3247 4123 2956 4260
4 1374 1376 3143 3671
4 2384 2369 2368 4176
4 1701 3253 1700 3823
4 1006 981 3349 3991
4 2606 3289 2783 3742
4 2815 3975 2824 4267
4 1316 588 3545 3778
4 2631 3037 2931 3721
4 2733 3216 2772 3795
4 2563 2618 2682 3016
4 2767 2905 3712 4140
4 2777 3774 3094 3900
4 3774 3900 2777 4036
4 1375 3671 3239 3855
4 529 542 572 4055
4 2518 2727 3558 3559
4 2812 3866 2648 4113
4 3428 3736 2530 3800
4 1236 1244 1243 4251
4 3213 2978 3641 3990
4 906 2876 907 4126
4 2927 3300 3158 3417
4 2596 3323 4073 4080
4 924 714 942 3413
4 1674 1666 1673 3780
4 3871 4091 3523 4274
4 2818 3072 3420 4184
4 2585 3032 3571 3689
4 142 98 149 3661
4 2768 3166 3067 4155
4 3087 3575 3008 4058
4 2257 2279 2280 3431
4 3103 3287 2949 3463
4 2826 2832 2688 3544
4 1395 3307 1385 4195
4 25 94 118 106
4 471 476 2973 4322
4 192 140 53 181
4 1616 1632 1633 4028
4 2588 2578 2805 2910
4 3079 3251 2827 4098
4 116 107 2867 3782
4 2681 3261 2780 3398
4 2071 3914 3253 4132
4 1931 1916 1929 3020
4 2839 2776 3071 3160
4 1972 1988 2143 3771
4 2859 3425 3227 3809
4 2766 3655 3405 4305
4 2667 3438 2553 3726
4 2687 2984 2573 3775
4 2556 3024 3157 3478
4 2916 3669 3580 3670
4 1535 1632 1616 3519
4 2643 2801 3002 3803
4 2474 2477 2478 3863
4 1533 1550 1534 3519
4 2622 2823 2631 3256
4 1621 3610 814 3735
4 1942 2994 1943 3020
4 2542 3596 3380 3929
4 2554 3216 3602 3694
4 1300 2954 3875 4033
4 2655 2899 2557 3382
4 2642 3550 3538 4310
4 2614 2774 2798 4167
4 3238 3488 2966 4158
4 2729 3120 2673 3121
4 2913 3504 3538 3938
4 3217 3009 3600 4310
4 3568 3694 3560 4170
4 775 4098 3079 4312
4 2737 3848 2534 4078
4 2526 2593 2523 4039
4 2769 3217 3866 4273
4 1202 1200 1201 3312
4 2948 2698 3218 3458
4 3260 4083 3665 4302
4 2881 3484 3767 3985
4 2614 4246 4167 4334
4 1960 1949 1946 3892
4 104 154 3639 3953
4 2003 2001 3825 4011
4 2544 2614 3075 3850
4 1684 1685 1680 3874
4 2587 87 3658 4335
4 1942 1930 2994 3020
4 3442 3563 1808 4147
4 2575 3678 3677 4161
4 3111 3332 853 3974
4 910 3454 896 3608
4 2520 2742 2608 4323
4 2598 3210 2659 3393
4 3305 3422 2950 3994
4 3547 3023 3819 4295
4 2992 3731 2908 3982
4 2427 1816 1831 3211
4 100 3161 147 4106
4 1985 1969 1968 3764
4 2395 3346 1770 3408
4 2606 2754 3289 3742
4 2536 3345 3783 4315
4 3076 3134 2903 4097
4 2833 2946 2708 3532
4 639 647 3287 4159
4 186 3191 3310 4217
4 2761 2936 3214 3757
4 1088 3259 2830 4029
4 2706 2697 3235 3900
4 3078 3853 3397 4012
4 3037 3395 2931 3721
4 3257 3557 2841 4128
4 2441 3286 3125 3882
4 2650 3079 3000 3772
4 847 839 846 3669
4 720 934 727 3301
4 2357 2342 2341 3858
4 146 2515 3455 3500
4 2540 3840 3277 4133
4 2592 2773 2733 3216
4 3165 3536 3429 4262
4 1997 2000 1998 3485
4 151 131 142 3054
4 594 568 595 4017
4 2802 2717 3141 3613
4 2802 2941 2807 4181
4 2701 2950 2863 3166
4 733 3107 3613 4188
4 1980 1055 1148 3805
4 1148 2135 1980 3805
4 1570 3994 1568 4199
4 2673 3120 3017 3121
4 1857 1838 1858 3976
4 1857 2946 1837 3976
4 2911 2912 3685 3821
4 3019 2678 3074 3790
4 2698 2948 2574 3458
4 3348 3686 2735 4327
4 3165 3429 3705 4262
4 606 3306 493 3790
4 1784 3720 3317 4096
4 2500 3275 2920 3643
4 100 143 147 3161
4 3100 3369 3224 3783
4 407 3069 399 3371
4 1716 1714 1707 3205
4 1267 1251 1262 3601
4 2972 2849 3413 3652
4 2014 2006 2013 3445
4 786 787 788 4321
4 2891 3078 2925 4168
4 178 168 164 3639
4 3084 3442 1792 4147
4 1794 3113 1801 3798
4 1680 1679 1684 3874
4 2835 3470 3176 4051
4 3066 3853 3159 4141
4 1733 2089 2106 4228
4 2570 3500 153 4218
4 2513 3488 3238 4158
4 124 84 117 3035
4 3336 3795 2515 4109
4 1984 1985 1968 3764
4 2586 2811 2737 2934
4 3015 3914 2122 4086
4 2768 4044 3474 4155
4 2770 2621 3436 3560
4 3019 3908 466 4322
4 328 2813 329 3919
4 543 549 3861 4139
4 3169 4071 3434 4325
4 1990 3713 1992 4132
4 1012 3049 1004 4275
4 2498 3249 3759 3760
4 2561 2763 2852 2962
4 786 788 750 3939
4 1970 1986 3480 3756
4 1935 1934 1945 3965
4 2100 2117 2101 3918
4 2696 3720 3038 4264
4 2633 3349 2821 3350
4 308 3551 3136 3575
4 3416 3766 3731 4285
4 247 239 237 3752
4 1543 1574 3166 3824
4 2511 3300 3252 3488
4 2628 3561 3131 4123
4 2229 1229 4076 4163
4 1556 2978 3419 4100
4 2672 3373 3738 4230
4 1107 1106 1098 3966
4 2531 2909 3451 3842
4 2093 3295 2110 4086
4 2531 3495 3380 3596
4 2768 2697 4044 4155
4 1434 1552 1544 4081
4 118 4061 94 4062
4 2653 3980 3107 4283
4 2870 4159 3732 4238
4 2029 3168 2027 3375
4 2863 2701 3342 3578
4 2403 3112 2412 3770
4 2612 2737 2534 2811
4 2671 3485 2751 3577
4 625 666 627 3844
4 367 355 356 3740
4 2610 3530 2973 3894
4 2932 4119 3281 4120
4 1679 3557 1684 3874
4 2550 4142 3972 4291
4 3567 3783 3124 3940
4 1795 1797 3442 3720
4 3252 3300 2511 3747
4 2296 2288 2295 3365
4 3340 3424 2975 3673
4 3023 3712 3819 4295
4 2656 2559 3022 4130
4 2923 3584 3388 3872
4 2578 2763 2561 4094
4 3221 3648 3527 3726
4 767 768 3079 4098
4 688 3243 3139 3773
4 2914 3310 3207 3845
4 3195 3254 3144 3696
4 2543 2997 3512 4023
4 2249 2257 2250 3868
4 2110 2125 2124 3295
4 2610 2695 3063 4117
4 1085 1157 1156 3681
4 2729 3007 2730 3380
4 1081 1083 1082 3681
4 951 727 934 3301
4 2154 2148 2153 3956
4 2567 2688 2953 3476
4 1480 3817 1481 4136
4 2769 3723 3225 3724
4 2092 2093 2109 4086
4 1581 3641 1582 4286
4 3001 3514 380 3739
4 3012 3912 3034 4228
4 2288 2287 2295 3365
4 199 149 98 3661
4 3158 3300 161 4206
4 2567 3036 2895 4226
4 83 94 25 106
4 140 53 181 130
4 2710 3379 2842 3883
4 2666 3134 2865 4037
4 3572 3654 3089 4199
4 417 3371 410 4143
4 182 202 3341 3889
4 1918 1916 1931 3020
4 2620 3101 2959 3854
4 1767 3192 1769 3279
4 2734 3175 3152 3961
4 2782 3064 3859 4082
4 1587 3213 1588 3990
4 3123 3524 2867 3826
4 2503 3386 3242 3566
4 1813 1817 1828 3676
4 1933 1926 1937 3080
4 2828 2895 3126 4006
4 3032 3647 3648 3729
4 2189 2864 2188 3540
4 982 974 1068 3349
4 2896 2962 2634 3280
4 1458 1494 1493 3977
4 2849 3003 2699 3164
4 2803 3673 3424 4289
4 2418 2417 2413 2999
4 449 439 440 3499
4 1592 4000 1593 4136
4 1057 1059 3505 3535
4 680 679 671 3695
4 506 511 3299 3898
4 81 95 102 3271
4 1722 2097 2078 3730
4 2873 2649 3103 3287
4 2769 3376 3891 4270
4 2505 3390 196 4217
4 2705 3797 4145 4237
4 2627 3647 3221 4023
4 2575 2883 2839 4161
4 1891 3493 3837 4124
4 308 3575 3136 3862
4 117 108 3035 3830
4 2661 3811 3202 4279
4 2704 2953 2639 3492
4 2033 3168 2031 3485
4 2558 3238 4158 4324
4 842 851 3784 4052
4 1993 3091 1995 3375
4 1845 1850 1846 3427
4 3133 4112 3765 4336
4 629 3555 630 4238
4 2825 2837 3410 4066
4 1541 698 1542 3986
4 698 1541 697 3986
4 805 796 797 3320
4 2855 3759 3249 3848
4 1148 1132 1133 3805
4 2462 2469 2470 3203
4 3124 2630 3567 3940
4 2650 2602 3738 4230
4 1879 3628 3493 4115
4 2544 3193 2507 3988
4 3621 3704 2771 3878
4 2499 3779 3263 3788
4 2665 3296 2641 4066
4 2869 3402 2744 3438
4 165 162 160 2814
4 2091 2072 2073 4086
4 117 3829 126 3830
4 3626 3971 2646 4331
4 3208 3983 3187 4255
4 487 486 3727 3933
4 2011 2010 2018 3423
4 3330 3417 2528 4326
4 938 3049 3859 4126
4 1039 1054 1038 3805
4 1639 1623 1622 3610
4 2572 2971 2772 3795
4 2881 3767 3484 3846
4 3046 3545 557 3861
4 402 3618 412 3928
4 2541 3224 3567 3783
4 142 151 3054 3661
4 2752 2578 4203 4211
4 308 307 3575 3862
4 2590 3704 2866 4170
4 1724 1717 1725 3614
4 2979 3471 3340 4015
4 1799 3770 2419 3936
4 579 3545 3778 3950
4 2996 3657 2851 3744
4 2617 3243 3061 4288
4 63 2576 3313 3542
4 476 477 475 2973
4 97 95 92 2594
4 2928 3376 3538 4270
4 2578 2786 2588 2805
4 2854 3909 3828 3923
4 2693 3352 2890 4254
4 533 3189 532 4035
4 224 3409 3244 3951
4 1477 3146 1478 3635
4 3111 3255 2901 3974
4 2037 4011 3285 4034
4 2535 2565 2539 3448
4 3142 3389 2975 3675
4 2523 2808 2730 3196
4 349 3337 3862 4104
4 1385 3058 3037 4196
4 1725 3912 3012 4228
4 2286 2285 2293 3365
4 3019 466 4003 4322
4 774 3867 775 4312
4 2769 3891 3226 4270
4 1690 1693 1691 3253
4 155 159 2508 3711
4 1640 1666 1641 4028
4 2525 2544 2581 4334
4 186 194 2505 3212
4 1639 1622 1638 3610
4 3173 3338 2545 3484
4 2534 2855 3233 3848
4 2005 3445 1981 4282
4 1553 1554 1546 4100
4 3444 3568 2771 3694
4 2951 3817 2636 4329
4 2283 3421 2275 4054
4 2711 3223 3141 3735
4 685 655 3011 3634
4 3545 3861 3045 4232
4 1684 3557 3204 3874
4 2551 2622 2800 2919
4 127 2867 3473 4253
4 335 3363 429 3623
4 2647 3008 3923 4058
4 2876 2668 3594 4308
4 1156 1084 1085 3681
4 3380 3495 2559 3596
4 1016 984 3433 3734
4 3201 2788 3743 4209
4 478 574 573 3894
4 2748 2943 2752 3004
4 2931 3143 1373 3708
4 2761 2945 2936 3757
4 2541 3224 2630 3567
4 1082 1080 1081 3681
4 3084 3266 1792 3442
4 2647 3717 3087 4294
4 2999 3112 3030 3770
4 2606 3665 4083 4302
4 2583 2687 2838 3489
4 348 361 347 4101
4 2395 2383 3346 4176
4 1224 1240 1223 3852
4 3131 2677 4008 4201
4 1909 1915 1914 3531
4 1902 3541 1887 4219
4 2739 2707 3108 4235
4 385 3129 3645 3705
4 3227 3806 2827 4188
4 2124 2123 2109 4086
4 2513 3043 3736 3959
4 2613 3969 3188 4220
4 2589 2683 2962 3503
4 2549 3632 3354 4326
4 2687 2838 2573 2845
4 2541 3338 2609 3470
4 2707 2838 3612 3637
4 441 499 497 3254
4 2656 2668 3062 3803
4 2574 3458 2948 3478
4 2372 2373 2119 3414
4 2830 3777 1088 4029
4 3231 3410 2560 3411
4 1690 1700 3253 3823
4 2945 3757 794 3815
4 3214 3655 1649 3824
4 2642 4088 3009 4310
4 1574 3649 3166 3824
4 76 173 150 3276
4 1669 1702 1670 4173
4 3547 4249 3059 4289
4 3234 3666 3604 4071
4 3089 3695 680 3812
4 2564 2555 3524 4204
4 3333 3454 912 3963
4 2561 2852 2763 2943
4 2936 3757 817 3824
4 421 420 411 3886
4 3067 3305 2950 3994
4 2703 3006 2865 3136
4 2515 2674 3455 3500
4 1222 1238 1221 3852
4 1283 1269 1263 3601
4 2972 3003 2849 3652
4 1633 1617 1616 4028
4 2762 2937 2794 3920
4 3221 3604 3527 3648
4 1651 1652 1649 3655
4 2293 2294 2286 3365
4 183 193 199 3661
4 997 3128 1069 3535
4 138 3517 158 4106
4 3417 3453 3158 3775
4 2966 3488 2781 3646
4 914 2930 916 4298
4 2099 3117 2098 3466
4 2960 3201 3743 4209
4 719 4053 712 4316
4 2929 3232 3673 4293
4 2934 2940 2822 4233
4 171 3953 3300 4180
4 313 329 312 3289
4 3055 3908 3019 4322
4 2552 2655 2557 3382
4 1102 1094 1103 3777
4 2760 3620 3614 3874
4 2703 2865 3006 3972
4 3060 3666 3234 4241
4 1722 1727 2097 3730
4 2781 2966 3646 3826
4 1159 1161 1160 4193
4 2521 3231 3689 3952
4 3234 3808 3060 4241
4 3847 3949 3322 4142
4 2801 3929 3803 4125
4 106 126 117 3829
4 2876 907 3553 4308
4 2960 4039 2526 4069
4 1874 3628 1879 4115
4 2723 2878 2598 3347
4 913 2930 3333 3963
4 2929 3533 3891 4293
4 310 2813 311 3625
4 2877 3691 2819 4106
4 2929 3533 3226 3891
4 2165 2167 2168 3294
4 689 1533 1534 3243
4 1534 690 689 3243
4 2863 3649 3204 3655
4 1583 1582 1590 4286
4 2568 3174 3819 4120
4 2547 3520 3864 4109
4 646 3287 647 4263
4 2678 3055 3019 3921
4 2620 2727 3101 3854
4 2545 3846 3484 4328
4 2695 2739 3385 3975
4 2736 3064 2906 4082
4 2803 3856 3570 4249
4 792 740 754 3939
4 2450 3465 1311 3581
4 3231 3684 2585 3689
4 636 551 545 4139
4 628 3687 3555 4139
4 2778 3786 3475 3978
4 688 1532 3243 3773
4 542 570 572 4055
4 2560 2825 3410 4066
4 545 628 636 4139
4 2514 4090 3100 4099
4 2420 2426 2425 3770
4 2735 2890 3352 4254
4 2928 3891 3376 4270
4 1516 3690 1521 3741
4 3977 4074 1455 4152
4 2562 2737 2641 2934
4 2873 3103 3572 4263
4 2713 3081 2557 3716
4 3054 3209 2497 3831
4 3633 4103 3628 4221
4 548 556 3545 3861
4 2609 2835 2671 3447
4 2897 3474 3851 4287
4 1064 3505 1062 4030
4 825 347 323 354
4 2717 3403 2887 4313
4 638 3287 646 4263
4 3262 3465 2847 3500
4 1721 1720 3930 4212
4 2806 2750 3779 4010
4 707 714 924 4313
4 2779 2986 2971 4215
4 2609 3985 2965 4224
4 2945 3132 2936 3757
4 772 3860 764 3867
4 1940 1939 3115 3744
4 2560 3814 3248 4102
4 2919 2954 2933 3719
4 206 3292 3999 4330
4 3381 2496 4062 4259
4 2525 2581 2532 3781
4 794 3757 2945 4312
4 996 1023 998 3128
4 2683 2964 2704 3414
4 1212 1213 1222 3699
4 2613 3188 3554 4220
4 3413 3433 730 3653
4 2662 2720 3192 3586
4 558 559 582 3834
4 74 148 197 3418
4 3561 3947 2888 4123
4 2518 2770 3436 3559
4 2650 3373 3165 4229
4 243 3370 256 3383
4 3402 3729 3106 3947
4 2099 2080 3117 3518
4 2587 3163 2877 4271
4 2923 3922 3257 4089
4 2761 3562 3320 3757
4 1140 4222 1110 4318
4 3570 3758 3118 4297
4 2642 2911 3550 4088
4 2738 2628 3820 4290
4 1508 1518 1519 3638
4 2511 4001 3632 4094
4 1960 2981 1949 3892
4 534 535 517 3268
4 2919 3749 3336 3921
4 3226 3384 2769 4273
4 2157 2136 2159 3825
4 3451 3698 3237 3842
4 2772 2570 3500 3749
4 1979 2001 3577 3825
4 63 3543 79 3722
4 2692 3178 2668 3260
4 392 401 391 3928
4 2549 4046 3208 4112
4 746 3433 984 3653
4 2516 2571 2637 3440
4 2539 2635 3448 3615
4 1971 1046 3756 4318
4 1628 3214 1627 3562
4 2188 2183 2182 4054
4 877 3111 875 3608
4 1926 3080 1921 3579
4 2607 2826 2688 3706
4 687 1531 1532 3773
4 2610 2815 2695 3110
4 1980 2003 2001 3825
4 2801 2883 3098 3435
4 1532 688 687 3773
4 2684 3475 3090 4191
4 2518 3082 3500 4170
4 3680 3780 1667 4173
4 294 4031 3008 4058
4 2607 3039 2548 3540
4 3131 2846 4009 4327
4 470 2973 475 3894
4 3747 4016 2535 4301
4 2700 2816 3069 3582
4 392 402 401 3928
4 2672 3373 2945 3738
4 2742 2828 2942 3127
4 2497 3047 3209 4010
4 1588 3641 3213 4089
4 1485 3589 1495 4060
4 2152 2179 2180 3956
4 3168 3295 2093 4086
4 2954 3719 1300 3875
4 2938 3091 3577 4019
4 2805 3273 3610 4282
4 2637 2811 2591 3440
4 3223 3610 1620 3735
4 741 781 780 3735
4 3237 3698 3451 4097
4 1886 3786 1874 4115
4 2093 3295 2967 3706
4 3644 3695 2873 3812
4 647 3644 648 3695
4 2037 2967 4011 4034
4 2575 2871 2839 2883
4 679 3089 695 3572
4 2800 2714 3286 3651
4 2396 3070 2405 3314
4 3134 3326 850 3371
4 2458 2467 1324 3240
4 3572 3654 693 3753
4 1690 3253 3012 3823
4 818 3757 1625 3824
4 2527 2553 3063 3377
4 2870 2998 3732 4159
4 1408 3078 2925 3904
4 3433 3735 815 4165
4 697 681 3812 3986
4 2710 3624 2872 3802
4 2641 3296 2737 3949
4 2949 3463 3287 4238
4 2613 3554 2891 4220
4 2509 3495 3451 3981
4 1441 1436 1435 3843
4 2700 2816 3971 4331
4 2713 2899 3081 3716
4 2837 3715 3410 4330
4 2551 2900 2800 4111
4 1892 1880 1881 3837
4 1585 1592 1593 4136
4 3208 4255 3187 4284
4 1892 1881 1893 3837
4 1160 1158 1159 4193
4 311 2813 310 4150
4 2040 2041 2015 4045
4 271 284 269 3748
4 3443 3475 2778 3786
4 3235 4068 2952 4152
4 579 3545 587 3778
4 2017 2042 2043 4045
4 2657 2882 3493 3579
4 3001 3514 2810 4213
4 953 936 937 3859
4 2057 2967 2075 3168
4 1634 1633 1641 3680
4 1367 2787 1372 3843
4 2522 3341 3212 3889
4 229 3135 220 4306
4 2639 2833 2691 3308
4 2457 1459 1460 4152
4 3255 3111 3887 3974
4 924 908 707 4313
4 169 167 3381 4062
4 2706 3094 3774 3900
4 2837 2665 3410 4066
4 1057 949 1059 3535
4 3019 467 3908 4027
4 2585 3605 3571 3909
4 781 791 813 3735
4 958 3170 1058 3349
4 65 3276 76 3865
4 268 253 255 4233
4 2606 2640 3289 3290
4 2859 3618 4223 4262
4 1374 1375 1376 3671
4 2624 2809 2776 3521
4 1590 1591 1583 4286
4 2567 2517 3816 3940
4 3134 4037 2666 4097
4 2515 3455 2623 3934
4 1717 3012 1725 3614
4 2544 3850 3075 3988
4 2722 3721 2823 4236
4 393 391 403 3255
4 2224 2214 2045 3503
4 1733 1726 2089 4228
4 3644 3695 647 4159
4 2736 2619 3076 3198
4 3138 3195 433 3348
4 2546 3109 3675 4015
4 2510 3474 3184 4021
4 2519 2624 3871 3988
4 2719 3266 3317 4264
4 3003 3963 3128 4005
4 2468 3863 3203 3882
4 1349 3154 3256 3309
4 3286 3591 2714 3671
4 2785 3549 3113 3599
4 2727 2847 2959 3854
4 1628 3562 1629 4305
4 3044 3659 3193 3829
4 1025 1026 1034 3942
4 492 3790 3055 3908
4 2567 2689 2688 3476
4 2869 3561 2628 3989
4 2724 2620 2856 4008
4 3298 4098 758 4182
4 2936 3132 817 3757
4 1024 1032 800 3954
4 2632 3448 2741 3615
4 2001 2968 2002 3485
4 3059 2580 3554 4249
4 2091 2073 2092 4086
4 2530 3736 3382 4177
4 2438 3286 2441 3882
4 2863 3166 2950 3649
4 2520 3341 3347 4166
4 1933 3899 3080 3944
4 1905 1908 1912 4124
4 340 355 2902 3839
4 4015 4016 2746 4049
4 2684 3113 3549 3599
4 1632 1551 1559 4028
4 3339 4213 2810 4299
4 2210 2202 3544 4320
4 2551 2800 2900 3302
4 2664 4255 4046 4284
4 1378 1379 1381 2931
4 2507 3347 2537 3829
4 2899 2854 3752 3796
4 2684 3599 4112 4191
4 2986 3363 445 4127
4 2188 2189 2183 4054
4 3223 4181 3141 4321
4 2566 3897 3451 4097
4 2898 3748 3197 4149
4 2957 3523 4091 4274
4 113 3754 118 4062
4 1028 1027 1012 4275
4 1015 3350 1014 3991
4 62 2506 3543 3782
4 412 3618 415 4223
4 2792 3104 3628 3786
4 72 3372 2875 3722
4 405 3618 3001 3705
4 2708 2605 3531 4148
4 942 714 723 3413
4 963 3910 962 4169
4 2541 3783 2517 4314
4 2860 3811 3066 4220
4 2517 3816 2541 4314
4 2703 3575 3136 4247
4 3484 3600 3173 3846
4 1014 1030 1029 4275
4 2757 2922 3713 4132
4 184 3191 3640 4110
4 2738 3820 3274 3878
4 466 3019 467 3908
4 2502 4016 3747 4301
4 1719 1718 3253 4228
4 2552 2655 3382 3960
4 908 924 3608 4313
4 625 3509 2941 3844
4 2367 2117 2116 4304
4 2547 2623 2817 2840
4 550 558 549 3861
4 2930 3062 2668 3803
4 3142 3389 2629 4293
4 2593 2991 2728 4080
4 2451 2450 3581 3627
4 3322 3949 2641 4247
4 433 3195 3138 3696
4 2571 2586 2811 4174
4 2646 3234 3626 4241
4 792 791 781 3141
4 2945 2976 2672 3815
4 2625 3382 2685 4075
4 3798 4112 3599 4191
4 115 3890 3889 4069
4 3113 3676 2911 4147
4 2541 2517 3783 3940
4 1013 1014 1029 4275
4 98 142 92 3661
4 1361 1350 3154 3256
4 3630 3841 2504 4315
4 1948 3229 1962 3744
4 2668 3062 3552 4095
4 1943 1957 1958 1944
4 1282 1265 1266 2970
4 757 758 766 4182
4 1481 3344 1592 4136
4 2931 3256 2631 3721
4 2871 2985 2645 3482
4 2155 2156 2150 4054
4 2124 2109 2110 3295
4 3075 4167 2614 4246
4 2666 3451 3529 4114
4 201 195 181 3710
4 335 336 3363 3704
4 2924 3780 3680 4173
4 2606 2796 3665 4302
4 2124 3295 2377 3506
4 2880 2718 3013 3264
4 2151 2178 2179 3948
4 3356 3767 2881 3846
4 192 148 140 3418
4 4046 4056 3151 4112
4 2876 3198 885 3594
4 2547 3864 3520 4118
4 2932 3151 3819 4120
4 2788 3440 3201 3542
4 3176 1655 3679 4305
4 1436 3439 1423 3843
4 2646 3717 2816 3971
4 1027 1011 1012 4275
4 1312 2451 1310 3291
4 2812 2882 2834 3837
4 2264 2266 2267 4278
4 2525 2601 2581 2969
4 2663 3766 2881 3985
4 2332 2331 1291 3210
4 994 1022 996 4005
4 2786 2588 2935 3765
4 2255 2256 2248 3893
4 2517 3308 3816 4314
4 2240 2270 2268 3616
4 2213 2307 3539 4042
4 3201 4039 3905 4209
4 2788 2509 3390 4209
4 2939 3680 2924 3780
4 1374 1376 1373 3143
4 850 3326 3134 3784
4 827 826 3742 3888
4 2419 2420 2425 3770
4 2837 3135 3114 3296
4 2673 2880 2718 3013
4 1439 3635 1431 4265
4 2797 3430 3094 4060
4 3111 2901 3332 3974
4 2302 2310 2303 4107
4 654 653 655 4072
4 886 3064 904 3879
4 637 636 628 4238
4 1423 1422 3843 3895
4 1062 1071 1073 4030
4 764 643 635 4182
4 2762 3920 3462 4064
4 2253 3421 2245 4054
4 1508 3272 3119 3638
4 2495 3428 2867 3826
4 2763 3075 2561 4094
4 3161 3537 2623 3788
4 135 130 140 2917
4 1071 3093 1062 3435
4 2580 3712 3995 4047
4 3377 3726 2553 4183
4 2772 2570 3216 3694
4 2728 2828 2596 2926
4 2877 4049 2502 4186
4 325 324 308 3862
4 764 635 756 4182
4 2548 3039 2864 3540
4 2064 3518 2065 4045
4 2409 2398 2407 3528
4 2278 2277 2285 3893
4 2862 3203 3125 3882
4 994 1021 1022 4005
4 757 766 765 4182
4 4037 4230 2700 4258
4 3089 3840 2873 4261
4 3274 3348 3138 4214
4 1473 1472 1480 4136
4 2573 3570 3489 4297
4 2735 3686 3353 4327
4 1626 3214 1649 3824
4 948 3128 3535 3962
4 652 564 653 4234
4 1161 1200 1202 4193
4 2822 2940 2934 4247
4 221 2879 3409 4248
4 2793 3378 2994 4032
4 1585 1593 3548 4136
4 127 3473 4069 4253
4 2685 2901 2754 4177
4 2346 2324 2326 3597
4 1021 4005 1045 4318
4 89 80 2877 3691
4 3063 3377 2592 3703
4 1718 3012 3253 4228
4 2024 3375 2026 4132
4 2240 1242 2241 3616
4 937 954 953 3859
4 2955 3407 3469 3666
4 2309 3746 2310 4107
4 506 515 514 4333
4 2579 3455 3209 3458
4 2831 3619 3259 3966
4 3555 3682 3189 4072
4 3316 3592 3034 3985
4 2848 3818 3983 4284
4 806 822 821 4050
4 3181 3183 3182 3396
4 2458 1463 1459 3235
4 2920 3249 3248 3643
4 1157 1196 1198 4193
4 2986 3749 3363 4127
4 2938 2721 3091 4019
4 263 254 268 3970
4 651 3815 2976 3860
4 606 1295 1294 3790
4 2893 3942 2675 4082
4 3277 4093 2873 4261
4 2744 3561 2869 4183
4 442 3400 443 4215
4 808 824 823 4050
4 2712 2941 2807 3139
4 2564 2784 2555 2857
4 3432 3599 3113 3798
4 2965 3034 2757 3985
4 1576 1552 3460 4081
4 2922 3914 2071 4132
4 2571 2586 2660 3383
4 2743 2612 3099 3907
4 2895 3207 2689 4226
4 2571 3842 3698 4174
4 1566 1568 1569 4199
4 2332 1291 1288 3449
4 1200 1198 1199 4193
4 2507 3630 3347 3692
4 1555 1556 1548 4100
4 2896 2662 3192 3408
4 2785 3315 3362 3432
4 1145 2132 2133 3769
4 628 629 637 4238
4 2228 2246 2247 3827
4 689 3139 3243 3844
4 2133 1146 1145 3769
4 512 510 509 3898
4 1585 1578 1577 4140
4 2863 3214 2936 3824
4 1866 3628 1867 4221
4 733 3613 729 4188
4 1615 1683 1607 4128
4 1773 1772 1765 3316
4 1606 1605 1613 4128
4 1093 1101 3619 3869
4 1617 3223 1618 4321
4 1726 3253 2089 4228
4 1228 2229 1229 4076
4 3101 3624 3149 4156
4 2919 2933 2800 3026
4 2550 3611 3971 4142
4 2227 1227 1147 4076
4 2671 2688 2967 3295
4 1147 2134 2227 4076
4 2229 1228 2228 4076
4 62 2506 79 3543
4 1173 3092 1174 3869
4 2482 1455 1453 4074
4 898 883 881 3454
4 202 3191 185 3341
4 1940 1923 1936 2894
4 1868 1881 1880 3633
4 2253 2276 2254 3421
4 3618 3705 3429 4262
4 2732 3899 3443 4187
4 2627 3571 2854 3923
4 2467 3150 3240 4068
4 2839 3071 2776 3793
4 81 3787 180 4110
4 1093 3092 3022 3681
4 1907 1906 3899 4115
4 963 945 962 3910
4 128 116 119 3826
4 2523 3522 2676 4069
4 442 450 440 4215
4 2873 3572 3695 4263
4 1584 1592 1585 4136
4 1701 1700 3713 3823
4 2888 3707 3436 3750
4 428 3622 3499 3696
4 403 391 401 3255
4 2936 3166 2863 3824
4 2541 2630 3470 3940
4 2625 2902 2759 3512
4 713 3663 917 4316
4 2547 2817 2623 4109
4 1954 1955 3650 3836
4 3205 3614 2760 3620
4 294 3575 3008 4031
4 1110 1111 1070 3435
4 1093 3092 1172 3869
4 2739 3995 2611 4108
4 2278 2285 2286 3893
4 2879 3321 2665 4248
4 2129 3768 2128 3771
4 1336 2472 2471 3379
4 945 963 946 3910
4 2860 3397 2794 3993
4 2560 3410 2825 3411
4 1135 1151 1150 3804
4 2870 3732 3555 4238
4 432 430 431 3696
4 1933 1921 3080 3899
4 2562 4078 2822 4247
4 2741 3786 3899 4187
4 2605 2536 2969 4268
4 2069 2224 3503 3807
4 2928 3533 3226 3885
4 2136 1149 3804 3805
4 468 3074 469 4027
4 2140 1153 1154 4006
4 1154 2141 2140 4006
4 2495 3242 3043 3646
4 2738 2771 3568 3878
4 2762 2794 2626 3159
4 3275 3643 3082 4277
4 914 923 922 3552
4 3084 3432 3266 4121
4 2233 2251 2252 3222
4 2920 2612 3248 3313
4 1911 1927 1925 3115
4 2806 4010 3799 4227
4 1870 1857 3532 4148
4 2566 3451 3897 3981
4 2211 3294 3539 4320
4 2620 2959 2856 3854
4 2563 4113 2682 4268
4 1331 1324 2467 3240
4 1541 1570 1568 4199
4 1290 1291 3210 3358
4 75 60 67 2960
4 3131 3728 3353 4201
4 390 3582 389 3745
4 543 3687 3737 4035
4 900 901 2930 3333
4 540 3186 542 3737
4 2634 2704 2548 3850
4 3064 3351 904 3859
4 2607 2688 2953 3706
4 2606 2754 3331 4177
4 351 350 3862 4200
4 565 3268 566 4129
4 2974 3611 3278 3707
4 2777 2701 4036 4155
4 2782 3859 2675 4082
4 1023 996 1022 3128
4 2791 2832 2689 3476
4 2500 2554 3672 4092
4 1523 1513 1514 3855
4 1714 3205 1721 3930
4 2772 3704 3363 3749
4 3031 2767 4043 4160
4 2856 2959 2765 3854
4 2681 2604 2780 3261
4 2538 3063 2733 3703
4 1007 1006 3349 3991
4 1358 2787 1367 3843
4 2505 2960 3323 3890
4 2560 3230 3755 4102
4 2536 2581 2605 2969
4 2888 3561 3402 3947
4 133 149 199 3661
4 2801 2575 3929 4125
4 3413 3608 2972 3652
4 876 3334 878 3927
4 2727 3624 3559 3688
4 2513 3593 3573 4324
4 1120 1118 1119 3468
4 2697 3235 3654 3753
4 1098 1090 3619 3966
4 1438 1431 1429 4265
4 1725 3614 3012 3912
4 2697 3654 3235 3900
4 2765 2987 3704 4127
4 2600 3277 3184 4020
4 2932 3457 4120 4284
4 2854 3086 3923 4058
4 671 672 680 3695
4 2617 3354 2910 4211
4 652 4072 562 4234
4 3080 3899 2732 3944
4 207 3951 213 4210
4 1020 992 990 4005
4 1951 1954 3794 3836
4 288 289 300 3479
4 2777 2797 3774 3797
4 294 3008 3575 4058
4 1840 3714 3399 3892
4 2440 2439 2442 3651
4 2781 3488 3300 3953
4 2927 3488 3242 4180
4 531 533 532 4035
4 244 259 246 3752
4 2537 2679 2598 2715
4 1950 3399 1949 3714
4 2663 2757 3034 4224
4 562 531 560 3206
4 1051 1035 1036 4019
4 3382 3512 2655 4075
4 2501 2516 3199 3789
4 2656 3022 3259 4130
4 1037 1038 1053 4019
4 1205 1207 1206 4164
4 2776 2985 2809 3140
4 1372 1367 1368 2931
4 2206 2158 2160 4011
4 1536 3235 1463 3753
4 2736 2619 3198 3897
4 990 1019 1020 4005
4 2583 3775 3489 4108
4 2577 3177 2644 3810
4 923 3553 3552 4095
4 3184 3759 3185 4021
4 2855 3847 3278 3848
4 851 852 3076 3580
4 2607 2688 2832 3476
4 618 3682 620 3732
4 3028 2803 3424 4289
4 3103 3463 644 4263
4 2290 2298 2355 3858
4 2767 2905 4136 4281
4 2976 3644 2873 3812
4 450 440 3400 3499
4 2507 2525 2532 3781
4 2994 2732 3899 3944
4 2549 3632 3133 4336
4 2168 2166 2165 3294
4 2951 3977 2952 4184
4 700 707 3608 4313
4 2539 3109 2775 3270
4 2898 2934 2822 4233
4 2636 3554 3025 4339
4 560 561 598 4055
4 2213 3539 2212 4042
4 175 168 77 3984
4 2160 2207 2206 4011
4 2514 3458 3209 4010
4 1473 3368 1472 4136
4 1151 1135 1136 3264
4 2619 3237 2531 3451
4 1664 1672 2005 4282
4 2591 3099 3958 4210
4 2877 2819 4084 4106
4 1832 1818 3563 3821
4 2875 3755 2820 4092
4 936 953 952 3733
4 2540 3277 3707 4133
4 3795 3864 3520 4109
4 1252 1251 3196 3881
4 3378 3794 2793 4194
4 2636 2951 3391 3817
4 769 3456 777 4189
4 2571 2640 3698 3842
4 2792 3226 3533 3885
4 363 374 3645 4200
4 2659 2828 2742 2926
4 642 3407 643 3860
4 2951 3576 3977 4184
4 2841 4128 2950 4145
4 937 938 3049 3859
4 1569 3994 3305 4199
4 1146 2133 2134 3482
4 2134 1147 1146 3482
4 1933 1917 1921 3899
4 1466 1473 1576 4140
4 1136 1137 1152 4006
4 1383 1391 1389 3569
4 1644 3680 2924 4198
4 3159 3180 2753 3853
4 108 105 46 3889
4 2855 4020 3559 4021
4 2725 3982 2935 3983
4 1154 1138 1139 4006
4 1462 1458 1457 4152
4 3732 4159 630 4238
4 1516 3420 1511 3690
4 651 772 3815 3860
4 2719 3173 2892 4264
4 2564 2808 2523 3097
4 2781 3300 3252 3953
4 2909 3440 2788 4174
4 3139 3682 3634 4179
4 2353 2354 2336 3857
4 2855 4021 3559 4276
4 2781 3252 2957 4091
4 1508 3636 3119 3637
4 219 3324 3510 3911
4 2159 3036 2160 4011
4 2571 3081 2637 3370
4 1779 1768 1771 3432
4 731 732 733 4188
4 2662 2511 3632 4094
4 182 3341 188 3889
4 420 413 411 3886
4 3315 3362 2848 4077
4 1817 3821 3676 4147
4 2776 2839 2645 3160
4 1035 3050 1036 4019
4 3125 3286 2441 3607
4 2974 2649 3434 4133
4 2681 2730 2604 3007
4 2358 2361 2362 4337
4 3512 3959 3382 3960
4 1326 3483 1292 4272
4 2753 3853 3072 4012
4 3226 3533 2928 3891
4 2673 3495 2728 4073
4 1398 1405 3307 4063
4 540 570 3186 4129
4 239 249 238 2861
4 2907 3585 3090 4191
4 2282 2260 2259 3857
4 3047 3369 3100 3783
4 3165 3429 2650 4229
4 2804 2887 3886 3887
4 2921 3275 152 4277
4 190 198 188 3341
4 1201 1203 1202 3312
4 471 470 465 2973
4 2496 2781 3252 3953
4 3054 2497 3661 3831
4 2509 3905 3495 4073
4 446 445 2986 4215
4 2629 3151 3133 4191
4 1546 1545 1553 4100
4 652 562 564 4234
4 2634 3075 3070 3850
4 2792 3104 3493 3628
4 1850 1851 1846 3427
4 2857 3153 2555 4204
4 153 3073 129 3520
4 1853 3685 1865 4221
4 2703 3322 3717 4247
4 2867 3428 2495 3782
4 2545 4099 3224 4153
4 3048 3854 3274 4009
4 3271 3345 2504 4110
4 1806 3442 1808 4147
4 1094 3349 1087 3777
4 1562 3654 3094 4135
4 3630 3692 2507 3781
4 2034 2002 2004 4011
4 2434 2933 2436 3591
4 2913 3504 3938 4237
4 2687 2573 3489 3775
4 2666 3451 3698 4097
4 1679 1675 1674 3620
4 2597 3762 3157 4041
4 1241 1242 2240 3616
4 255 2898 269 4233
4 675 651 772 3815
4 185 3191 4110 4166
4 3533 3546 2928 3891
4 2553 2527 3063 3357
4 1806 1792 3442 4147
4 3407 3860 2944 4018
4 2755 3456 3301 4316
4 2788 3390 3355 3743
4 2635 2778 2907 3541
4 3067 2777 3305 4146
4 793 675 772 3815
4 2920 3248 3249 3313
4 104 121 3754 3916
4 2949 3555 3437 3687
4 936 952 935 3733
4 2572 2986 2779 3921
4 2112 2964 3156 3167
4 2872 3802 2734 3961
4 1640 4028 1559 4286
4 2518 2621 2770 3560
4 1416 1417 1423 3439
4 2842 3014 2961 4065
4 2229 2228 2247 3827
4 127 4069 3524 4253
4 2718 2895 2828 3264
4 2094 2967 2075 4034
4 2590 3500 3749 4170
4 1682 1681 1686 3874
4 2734 2872 2620 3688
4 1392 1403 1394 3501
4 2864 3039 2764 3606
4 3046 3103 2734 3463
4 182 3212 3889 3890
4 1698 3823 3405 4305
4 1469 1467 1476 4265
4 2555 3524 3123 3916
4 2897 4021 3218 4338
4 2974 3106 4133 4325
4 2672 2976 2873 4261
4 2711 2617 3223 4211
4 1351 1353 1350 3154
4 3234 3666 2747 4241
4 71 68 64 3313
4 2745 3208 2588 3354
4 798 4050 806 4189
4 2444 2440 2442 3651
4 2512 3171 2542 3998
4 2394 3506 2403 4280
4 1649 1652 1650 3655
4 1151 2137 1150 3913
4 2797 2951 3762 4329
4 2138 2137 1151 3913
4 723 3413 730 3653
4 2130 1142 2129 3768
4 2571 2640 3081 3155
4 3019 3055 2678 3790
4 2602 2721 3902 4082
4 2957 3916 3523 4274
4 2459 3235 2458 3240
4 722 728 721 3403
4 3667 2636 4329 4339
4 1585 1586 1578 4140
4 2795 3022 2656 3929
4 3425 3618 2859 3701
4 3336 3500 2515 3795
4 2614 3075 2774 4167
4 1928 1923 1940 3496
4 517 535 518 3268
4 2536 3047 2969 4268
4 2651 3286 3125 3412
4 3226 3866 3384 4273
4 825 3289 2783 3919
4 4061 4062 2496 4259
4 1099 1107 1098 3966
4 1818 3821 1817 4147
4 2416 2415 3387 4202
4 2290 2353 2282 3857
4 2908 3982 3731 4077
4 2556 3478 3157 3883
4 2837 3296 2665 4066
4 3484 3767 3578 4328
4 783 746 744 3433
4 2555 2857 2784 3083
4 1096 1097 1105 3777
4 3494 3573 2807 4181
4 1243 2242 2241 4239
4 2692 3594 3198 3595
4 2558 2849 2711 3467
4 1660 3679 1659 3713
4 2500 3755 2875 4092
4 1581 1582 1557 4286
4 2604 2730 2681 3380
4 1387 4195 1385 4196
4 166 2819 159 3691
4 2818 3690 2951 4184
4 2030 3168 2028 3485
4 2838 3119 2707 3489
4 1705 3273 3361 4282
4 1617 3061 1618 3223
4 2615 2948 3218 3851
4 77 168 66 3984
4 1559 1583 1665 4286
4 746 3433 745 4014
4 2565 3270 2601 4335
4 1716 1717 1723 3614
4 2844 2686 3246 4067
4 744 782 783 3433
4 1400 1412 1411 3725
4 1419 3304 3108 3461
4 2915 3562 3176 3679
4 2252 2234 2233 3222
4 2598 3347 2878 4323
4 2184 2216 2219 3486
4 2597 3667 2797 4329
4 446 447 3481 4127
4 233 224 2879 3813
4 2531 3761 3199 3842
4 369 3105 357 3498
4 2671 2751 3091 3577
4 1473 1584 1576 4140
4 991 992 993 4005
4 1692 1693 1690 3253
4 2850 3385 2739 3975
4 2535 4016 2539 4301
4 3626 3924 2974 4093
4 365 353 3745 4200
4 630 639 638 4159
4 2334 2337 2335 3343
4 914 916 915 4298
4 2156 2275 2253 4054
4 1439 1432 1431 3635
4 902 3663 884 3879
4 133 199 193 3661
4 2074 2093 2092 3168
4 2154 2182 2155 4054
4 1073 1114 1077 4030
4 2650 3429 3000 4229
4 1798 1799 1810 3702
4 421 411 3425 3886
4 154 104 42 3953
4 2613 3188 3969 4249
4 633 3732 3469 4159
4 1855 1856 1869 3877
4 986 988 987 4169
4 1118 1081 1079 3801
4 921 920 3351 3859
4 1514 3288 1515 3420
4 1731 1737 1732 3459
4 1842 1933 1937 3080
4 492 484 493 3790
4 3201 3743 3542 3992
4 1790 1780 3192 3408
4 2067 2043 4045 4242
4 3355 3418 187 3710
4 3403 3613 3107 4188
4 158 2819 166 4106
4 490 3446 3309 4236
4 2594 3047 2969 3345
4 2651 2762 3145 3462
4 2585 3410 2690 3909
4 1926 3579 1922 4124
4 2558 2699 3677 4203
4 444 3195 496 3348
4 2688 2607 2953 3476
4 2636 3391 2951 4329
4 2566 2880 2718 3981
4 990 992 991 4169
4 2768 3342 2701 4155
4 3426 3844 785 3917
4 3371 3884 3069 4229
4 59 107 9 3782
4 631 639 630 4159
4 1599 1598 3257 3922
4 1370 1443 1486 3239
4 308 324 307 3862
4 633 641 632 4159
4 1680 1675 1679 3620
4 2187 3540 2188 3606
4 228 3324 219 3911
4 767 3867 766 4098
4 2572 3749 3336 3795
4 3900 4044 2697 4155
4 3660 4153 3173 4314
4 2699 4161 3677 4203
4 197 148 192 3418
4 643 3860 3407 4182
4 2622 3055 2823 4236
4 2462 2461 2469 3203
4 3257 3872 3557 3922
4 256 255 243 3973
4 1422 1344 3843 3895
4 2805 3610 3029 4282
4 3217 4099 2545 4153
4 1728 3361 2935 3730
4 66 3782 70 3984
4 3524 3826 3123 3916
4 640 632 641 4159
4 3028 3849 3967 3969
4 1739 1733 1740 4228
4 1065 1087 1094 3349
4 2731 3005 2691 3030
4 2524 3077 3183 3724
4 1766 3487 3317 3932
4 2904 3180 3969 4340
4 757 3298 758 4182
4 2620 3955 3688 4201
4 2616 2847 2756 3558
4 3216 3602 2570 4257
4 46 182 188 3889
4 1630 3562 1629 4050
4 3000 3663 2906 3884
4 2597 3157 3762 3774
4 2517 3345 3841 4315
4 1465 3368 1464 3460
4 1369 3143 1365 3943
4 1655 3176 1656 4305
4 438 3048 447 4214
4 2939 4028 1665 4286
4 2153 2148 2147 3956
4 2511 3252 3747 4001
4 1372 1368 1373 2931
4 1874 3786 3628 4115
4 2611 2739 2790 3995
4 1508 3119 3636 3638
4 2834 2648 3051 3660
4 1330 1331 2465 2472
4 2770 3436 2956 3560
4 2034 2967 2032 3485
4 1192 1216 1215 4144
4 853 3111 862 3927
4 2309 2269 2271 3746
4 2651 2862 3335 4178
4 1530 1546 1547 4100
4 346 3404 343 4101
4 2571 2660 2640 3155
4 298 310 3197 4150
4 2805 3117 2786 3361
4 1062 3093 3505 3535
4 634 635 643 3407
4 634 643 642 3407
4 3772 3298 4018 4182
4 438 3138 433 3348
4 2565 2775 2601 3270
4 622 3469 633 3732
4 2979 3392 2984 4137
4 2501 3199 3201 3905
4 720 3301 727 4316
4 2511 2927 3300 3488
4 2972 3002 2699 3003
4 2271 2310 2309 3746
4 759 758 3806 4098
4 993 994 3128 4005
4 2809 2985 2645 3153
4 2620 3624 2727 3688
4 1063 3259 1061 3505
4 2734 3103 3046 3834
4 2546 3779 3340 3810
4 725 3251 734 4053
4 2628 3561 3247 3989
4 2320 2318 2335 3083
4 2141 3126 2140 4006
4 2534 2666 3233 4114
4 1626 3757 3214 3824
4 2307 2213 2265 4042
4 2738 3138 3137 3274
4 2734 3688 2620 3955
4 2860 2794 3397 4141
4 1980 1979 3805 3825
4 2502 3417 3632 4016
4 1300 2954 4033 4216
4 2881 3266 3592 4121
4 2265 2213 2172 4042
4 2136 2135 3805 3825
4 2559 3595 3495 3981
4 3188 3554 2580 4249
4 3198 3594 2876 3595
4 3022 3092 1093 3619
4 2699 3171 3677 4161
4 2911 3685 3200 3821
4 392 391 3498 3514
4 764 765 3867 4182
4 2916 3580 3198 3670
4 3466 3730 2114 4176
4 3159 3396 2762 3937
4 2931 3037 1381 3395
4 1511 1522 1521 3690
4 89 3691 2877 4106
4 2951 3589 2952 3977
4 2642 3938 3846 4310
4 2935 3930 3361 4212
4 2770 2855 3559 4276
4 2668 2876 3594 3595
4 2870 2716 3527 4179
4 2712 2941 3139 4179
4 791 3141 812 3735
4 3033 3388 3356 3767
4 1902 1920 1903 3776
4 2659 3210 3042 3393
4 2527 4292 3566 4317
4 2706 3900 3883 4044
4 2943 3095 2752 3311
4 1338 3101 1333 3477
4 2699 2748 3004 4161
4 2214 3503 2224 3807
4 3216 3602 3703 4092
4 2594 3658 2969 4087
4 2522 2526 3212 4080
4 2504 3659 3658 3692
4 398 400 408 3371
4 3160 3482 2985 4076
4 2497 3640 3583 3845
4 349 3862 350 4104
4 2842 3203 2680 3516
4 2571 3440 2516 3842
4 1349 3309 3256 4236
4 650 3812 2976 3815
4 608 1320 3228 3778
4 2267 2265 2264 4278
4 2067 4045 2066 4242
4 248 252 254 3970
4 3620 3780 2725 4173
4 2758 3162 2804 3497
4 72 2875 2576 3722
4 3340 3674 2975 3675
4 2818 3420 3690 4184
4 3016 3724 3384 4273
4 2940 3575 278 4031
4 2749 2739 2850 2983
4 2752 2849 3164 3734
4 1093 3619 3092 3869
4 2741 3899 2994 4187
4 2224 2045 2069 3503
4 2950 2841 3649 4128
4 1976 3577 3091 4019
4 2939 3187 2725 3983
4 3390 3710 196 4217
4 3754 3953 2496 4062
4 1143 2131 1144 3769
4 1143 2130 2131 3769
4 1926 3080 3579 4124
4 2028 3168 2029 3375
4 2769 3328 3217 4273
4 2758 3514 3001 4213
4 2517 3345 3783 3845
4 2525 2969 2581 3781
4 2619 3596 3237 4083
4 248 262 3321 3970
4 573 475 478 3894
4 2626 2794 2762 2937
4 3008 3683 2647 3923
4 2142 1155 3265 4006
4 174 113 122 4062
4 97 92 82 3163
4 3688 3840 2600 4020
4 2014 2013 2039 3445
4 469 3074 3908 4027
4 3074 3483 1292 3875
4 3972 2700 4230 4258
4 2004 2036 2034 4011
4 2625 3736 3043 3959
4 2581 2605 2969 2996
4 3038 3720 2719 4264
4 2123 2108 2109 4086
4 3972 4230 2700 4331
4 2137 2161 2159 3913
4 2098 3117 2099 4197
4 533 3206 562 4072
4 2898 3383 2934 3973
4 650 674 673 3812
4 2703 3006 3971 3972
4 2563 4090 3016 4273
4 3176 3470 2915 4051
4 2165 2163 2139 3913
4 2786 2896 2662 3346
4 2438 3591 3651 3882
4 2099 3117 2080 4197
4 1125 1126 3401 3777
4 1471 3146 3368 3635
4 792 790 3141 3939
4 154 3953 171 4180
4 1443 3239 1370 3943
4 1717 1710 1718 3012
4 2635 3632 3118 4016
4 135 2921 152 4277
4 2673 2718 2596 2828
4 412 2485 3425 4223
4 2725 3930 3205 4173
4 2757 2965 3914 4228
4 2575 3763 2645 4079
4 3049 3733 954 3859
4 2011 3423 2012 3480
4 2963 2560 3952 4066
4 2645 4079 3763 4204
4 1960 2851 1964 2981
4 2607 2688 2826 2832
4 2392 1775 1777 3664
4 3287 3463 3103 4263
4 1800 3586 1802 3903
4 265 272 271 3748
4 2955 3407 3666 4018
4 2298 2358 2355 3858
4 2533 2806 2762 3302
4 1171 1210 1255 4134
4 2789 3119 2580 4235
4 2288 3366 2289 3431
4 3438 4048 2553 4183
4 2725 2992 2935 3982
4 3447 3940 2652 4226
4 2672 2768 3132 4261
4 2581 2969 2601 2996
4 2779 2971 3598 4215
4 2416 3070 3387 4038
4 1192 1215 1191 4144
4 2502 3747 4206 4301
4 789 788 787 4321
4 1453 3977 1454 4074
4 2810 3740 3739 3996
4 3089 3654 3067 4199
4 1632 1616 3519 4028
4 2540 3278 3277 4020
4 2537 2507 3829 3871
4 1298 2959 1302 3835
4 2593 2729 2728 2991
4 2245 2150 4054 4175
4 2627 3647 3571 3923
4 2800 2900 2651 3286
4 1411 1745 1410 3145
4 2804 3887 3886 3928
4 673 649 650 3812
4 86 3056 4061 4335
4 3304 3461 1414 4243
4 923 940 3553 4095
4 3090 3585 2720 4191
4 1977 1052 1053 4019
4 1053 1978 1977 4019
4 2513 3959 3736 4158
4 2769 3384 3723 3724
4 2541 3338 3173 3816
4 1102 3349 1094 3777
4 966 997 1069 3535
4 3272 3635 2789 3638
4 2700 3371 3069 4229
4 1751 3346 2363 3730
4 2631 3721 2722 3997
4 3489 3570 2580 3995
4 2552 2690 3411 3715
4 2388 2381 2392 3487
4 2608 2520 3630 3870
4 2573 3188 2686 3489
4 1136 3264 1135 3401
4 177 162 3372 3566
4 3232 3547 2904 4289
4 2641 3296 3949 4066
4 1241 1224 1225 3464
4 2869 3561 3247 4183
4 1458 1493 1456 3977
4 3010 3634 3682 4179
4 1604 3422 1605 4089
4 1108 1130 1129 4004
4 409 859 419 4143
4 302 316 303 3796
4 1129 1107 1108 4004
4 1049 1974 3556 3565
4 159 2508 3711 4317
4 3451 3495 2531 3981
4 3322 3683 2641 3949
4 3670 4138 856 4190
4 3012 3405 2760 3874
4 965 995 997 3128
4 2632 2989 2741 3448
4 350 4104 3862 4200
4 2549 3354 4256 4288
4 3218 3369 2948 3458
4 1709 3012 1711 3614
4 1891 1905 3579 4124
4 942 3413 723 3653
4 1984 3764 2008 4045
4 857 866 3198 3670
4 2775 2988 2601 2995
4 1512 1501 2493 3391
4 612 3555 3189 4072
4 3012 2760 3614 3874
4 2965 3487 3015 3914
4 1514 1516 1524 3420
4 3031 4043 3797 4160
4 2888 3436 3131 4123
4 2526 2523 2603 2676
4 862 874 3111 3887
4 2936 3214 2863 3342
4 2618 3016 2750 3810
4 2659 2596 2828 2926
4 2981 2851 3657 3744
4 1908 3837 1912 4124
4 256 269 2898 3748
4 1617 3680 3061 4028
4 1283 1284 1269 3601
4 2632 3142 3389 4187
4 3200 3685 3051 4059
4 1676 1675 3620 4173
4 569 568 594 4129
4 62 66 3394 3782
4 2786 2662 3192 3346
4 2602 2906 4037 4230
4 3050 3565 1035 3942
4 2635 2907 2774 3329
4 2681 2795 3022 3681
4 3009 3866 3226 4270
4 2636 3025 4329 4339
4 108 3830 109 3889
4 3228 3792 525 4333
4 2074 2092 2073 3168
4 303 304 291 3796
4 2375 3015 2376 3506
4 3357 3386 2513 3959
4 1566 1569 1567 4199
4 2418 2413 2408 4038
4 1007 982 1068 3349
4 1551 1558 1559 4286
4 2608 2878 2723 3347
4 235 232 237 3813
4 3084 3432 3113 4147
4 1142 2130 1143 3768
4 1111 3098 1141 3768
4 2816 3717 3006 3971
4 899 883 898 3333
4 2724 3299 3045 4008
4 3173 3660 2648 4153
4 230 216 218 3958
4 586 608 3228 3778
4 589 3152 3046 3834
4 3061 3680 2939 4028
4 3106 3728 3707 4133
4 1093 1172 1180 3869
4 1609 3430 1601 4060
4 1982 3311 1981 4282
4 2828 2895 2689 3126
4 3028 3849 3181 3967
4 1182 1181 1173 3869
4 2151 2146 2145 3956
4 1320 1319 3228 4272
4 3133 3615 3118 3758
4 1180 1101 1093 3869
4 2668 3594 2692 3595
4 18 132 137 58
4 1173 1174 1182 3869
4 1711 3012 1717 3614
4 407 399 398 3371
4 2866 3048 2765 3854
4 3493 3628 3104 4115
4 2538 3520 3864 4118
4 2672 3132 2976 4261
4 1307 1306 2443 3102
4 2500 3643 2920 4102
4 3468 3482 2839 3769
4 824 3564 1631 3679
4 2603 2669 2526 3267
4 1005 1013 1004 4275
4 2924 3930 2725 4173
4 2846 3138 3348 3686
4 170 161 2927 4180
4 573 3894 3268 4151
4 695 3089 3986 4199
4 3247 3561 2628 4123
4 2768 2701 3166 4155
4 2781 3754 2496 4091
4 1329 3477 1328 3778
4 2799 3328 3225 3724
4 2796 3331 2901 4177
4 1092 3681 3022 4296
4 2513 3386 3357 4292
4 185 4110 3787 4166
4 2454 3591 3882 3943
4 1087 3777 3349 4029
4 3132 3166 1542 3986
4 2645 2776 3521 3793
4 2642 3938 3538 4300
4 1481 1480 1484 3817
4 2736 3134 3076 4097
4 2517 3308 2567 3816
4 472 466 3908 4322
4 1359 3256 2931 3721
4 3080 3284 2980 3944
4 825 2783 3888 3919
4 2452 2451 1312 3291
4 122 118 94 4062
4 494 3055 3306 3309
4 2694 2905 2790 4081
4 2673 3013 2828 3265
4 3672 3703 2820 4092
4 673 672 3695 3812
4 2777 3797 3236 4145
4 1427 1428 1433 3460
4 3100 3783 2541 4314
4 2555 2957 2809 4274
4 2450 3102 1311 3465
4 1593 4000 3548 4136
4 2651 2800 3286 3412
4 304 319 321 4269
4 393 381 391 3974
4 1357 1348 1358 3721
4 2799 3180 3631 3937
4 3131 4009 4008 4327
4 151 134 3455 3831
4 766 4098 3867 4182
4 3108 3439 1418 4265
4 2817 2840 3302 3462
4 2519 3988 3193 4246
4 717 3227 716 4053
4 3022 3092 2681 3681
4 3493 3633 1891 3837
4 1289 1287 1285 3449
4 2613 3969 3180 4024
4 328 311 2813 3625
4 2248 2247 2255 3893
4 1203 1230 4164 4309
4 3410 3715 3244 4330
4 56 3394 3372 3722
4 1163 1165 1164 4185
4 2691 2833 2536 3308
4 2860 2844 3811 3904
4 2978 3057 2745 3419
4 2580 2694 2790 3995
4 2665 2837 3114 3296
4 118 120 3044 3754
4 2609 3447 2731 3816
4 3467 3573 2599 4181
4 2739 3108 2790 4235
4 2773 3216 2771 3623
4 3717 3862 3087 4294
4 559 583 582 3834
4 1189 1181 3121 3869
4 1013 1012 1004 4275
4 1847 2907 3090 3978
4 779 3301 1008 3954
4 1273 1237 1219 3359
4 1837 3936 1838 3976
4 2889 2674 3465 4002
4 1768 3362 1779 3903
4 2952 3762 2951 4184
4 68 73 58 3313
4 3149 3624 3148 4156
4 3199 2516 3761 3789
4 1311 1310 2450 3581
4 1190 1214 1213 4144
4 444 496 498 3348
4 267 3155 3642 4207
4 2203 2211 3539 4320
4 3089 3572 679 3695
4 3529 4037 2736 4097
4 873 872 3617 3879
4 2984 3161 2819 3517
4 2511 3417 3632 3747
4 2997 2543 3512 3959
4 2793 2980 3399 3714
4 2596 3310 3207 3987
4 2526 3212 3323 3890
4 1484 1485 1481 3817
4 2279 2257 2256 3893
4 1213 1189 1190 4144
4 2515 2547 2623 4109
4 2865 2700 3134 3582
4 3899 4115 3786 4219
4 2502 3632 3417 3747
4 1702 3205 3930 4173
4 2604 3763 4079 4204
4 2609 3338 3484 4224
4 1874 1879 1886 4115
4 2772 2771 3216 3623
4 3046 3545 3045 3955
4 1133 1149 1148 3805
4 2497 3209 3583 3831
4 2517 3841 3345 3845
4 3176 3823 2766 4224
4 863 878 864 3927
4 2751 3091 2721 4051
4 155 50 129 3517
4 2612 2920 3248 3907
4 1039 1055 1054 3805
4 3238 3677 2966 4203
4 1954 3650 3693 3794
4 3352 4048 2869 4254
4 2922 3168 2072 4086
4 124 117 108 3035
4 1112 1113 1074 3668
4 1032 3565 3564 3954
4 2975 3142 3674 4293
4 2884 2893 2755 3954
4 3425 3809 2859 4223
4 1925 1938 1937 3269
4 2619 3237 2916 4083
4 315 3996 3086 4294
4 10 59 60 3473
4 2533 2806 3302 3788
4 2765 2959 2590 3854
4 1940 1939 1928 3115
4 1665 1666 1640 4028
4 2547 2817 2631 3037
4 2705 3504 3174 4160
4 2990 3693 3650 3794
4 2150 2149 2155 4054
4 2472 2465 2471 3516
4 2142 3265 1155 4278
4 2620 2540 3688 4009
4 532 528 531 4035
4 1060 1057 1059 3505
4 2511 3238 2617 3593
4 2596 2673 2828 3017
4 1241 1240 1224 3852
4 2717 2887 3413 4313
4 1458 3589 1494 3977
4 1854 1855 1868 4059
4 2662 3075 4094 4167
4 2688 2671 2967 2968
4 2435 3591 2438 3882
4 2619 3595 2531 3596
4 1220 1253 1270 3359
4 3249 3313 2921 3643
4 2751 2938 2721 3091
4 3583 3640 2497 3831
4 2910 3354 2578 4211
4 850 3076 3326 3784
4 2467 2457 2465 4068
4 3252 3521 2957 4091
4 224 3244 2879 3813
4 2908 3574 2992 3982
4 2549 3133 3118 4056
4 3012 3405 1688 3823
4 373 3739 3337 4104
4 2628 3989 3247 4290
4 741 3735 780 4014
4 2856 2765 3048 3854
4 808 3954 3564 4050
4 1221 1155 1139 3265
4 428 430 334 3696
4 570 567 569 4129
4 1697 1698 3405 3655
4 2881 3592 3315 4121
4 2639 2977 2999 3030
4 60 3473 59 3992
4 2747 3626 3234 4241
4 2215 3807 3948 3964
4 3158 3417 3300 4206
4 3118 3615 3389 3758
4 3407 4018 2955 4182
4 2639 2833 2532 2977
4 3438 3648 2744 3726
4 2667 3010 3682 4179
4 135 2579 134 3831
4 1896 3241 1895 3532
4 3437 3555 3189 3687
4 398 3371 3069 3582
4 531 562 533 3206
4 1525 1394 2925 3637
4 2760 3731 3416 3766
4 2277 2255 2254 3893
4 2881 3266 2696 4264
4 2721 2675 3902 4082
4 1722 2078 1715 4197
4 349 350 3337 4104
4 1547 1531 1530 4100
4 3009 3226 3885 4270
4 1686 3405 1687 3874
4 3092 3120 2729 3869
4 1328 1320 3778 4272
4 1222 1239 1238 3852
4 2591 2637 2557 2713
4 2600 4044 3474 4261
4 2712 2807 3494 3573
4 2733 3063 2592 3703
4 3088 2597 4116 4340
4 2920 3313 3249 3643
4 1615 3649 1694 4128
4 135 130 2917 3831
4 2581 2969 2536 3781
4 1288 2328 2332 3449
4 2512 3736 3428 3800
4 291 3796 292 4207
4 381 393 382 3974
4 2438 2441 3286 3651
4 849 856 3670 4138
4 2589 2864 2548 3039
4 2514 3369 3478 4099
4 1463 3235 2459 3753
4 648 3644 649 3695
4 3044 3754 3523 4091
4 421 3425 2485 4223
4 2540 3436 3559 4009
4 587 3545 588 3778
4 1480 1481 1473 4136
4 3946 4133 3106 4325
4 499 508 502 3508
4 829 3888 834 3919
4 2822 3136 3575 4247
4 2641 3114 2737 3296
4 3203 3863 3125 3882
4 506 3299 3052 3898
4 2566 2736 3529 3902
4 2846 3274 3138 3686
4 2682 4113 3660 4268
4 884 3879 3663 4143
4 1938 1939 1947 3269
4 1876 2907 1875 3541
4 2839 3122 3071 3793
4 2643 3803 3002 3962
4 2992 3459 1737 3574
4 2495 3639 3826 3984
4 218 216 217 3510
4 2435 2454 3591 3882
4 2675 3351 3064 3859
4 2527 2538 3250 3711
4 1579 1555 1554 4100
4 2643 2930 3803 3962
4 119 2867 3524 3826
4 2836 3707 3750 3847
4 2125 2377 2124 4319
4 2563 4090 3100 4268
4 1893 1894 1899 4131
4 3717 3862 3337 4104
4 2753 3397 3159 4141
4 780 3735 782 4014
4 2584 3967 3202 3968
4 2633 3897 3595 3981
4 1017 3653 3734 4169
4 1455 3977 1453 4074
4 2536 4314 3308 4315
4 948 966 949 3535
4 3119 3272 1508 3612
4 465 470 464 2973
4 3217 3328 3024 4099
4 1351 494 3306 3309
4 2589 2764 2683 3503
4 3356 4121 2881 4285
4 792 3613 740 3939
4 2449 2479 2477 3607
4 2912 2792 3475 3885
4 2526 3323 3212 4080
4 3057 3243 2745 3519
4 3345 3841 2504 4110
4 1044 3164 1043 3756
4 3762 4184 2818 4329
4 2947 3365 2878 3896
4 2766 3578 3338 4224
4 3344 1481 3817 4136
4 2798 4167 2535 4334
4 3336 3749 3500 3795
4 2891 3638 3025 4168
4 2853 3086 3996 4294
4 1164 1166 1177 4022
4 2655 2997 3512 3960
4 2177 2174 2176 3964
4 2659 2728 2596 2926
4 3481 4127 447 4214
4 1434 3460 1552 4081
4 1352 495 606 493
4 3124 3783 3583 3845
4 1404 3307 1405 4067
4 2862 3239 3203 3882
4 3224 3478 3369 4099
4 1200 1199 1201 4193
4 3059 4249 3969 4289
4 278 2940 279 3575
4 89 2877 4084 4106
4 2692 2668 3178 3594
4 234 240 248 3321
4 3009 4270 3538 4310
4 2771 3216 2773 3444
4 888 2876 887 3594
4 1891 3493 1879 3633
4 2587 3658 87 4087
4 1602 1601 3430 4000
4 2707 2982 2739 3439
4 1268 1254 1250 3360
4 2619 3198 2876 3595
4 3357 3377 2527 3386
4 3205 3614 1723 3912
4 461 455 462 3019
4 3033 3767 3356 3846
4 3158 3250 2927 3417
4 750 788 752 3939
4 1614 1613 1573 3994
4 1548 1547 1555 4100
4 2831 2830 3777 3966
4 2947 3365 3896 4107
4 2607 2683 2548 3039
4 2123 3295 3015 4086
4 3096 3557 3416 3872
4 1540 1539 696 4199
4 2566 2633 3897 4172
4 2803 3673 3546 3758
4 3105 3331 2901 3662
4 2085 3503 2069 4242
4 696 1539 695 4199
4 3002 3128 3003 3963
4 1365 1368 1362 3143
4 1382 1383 1389 3569
4 3604 3666 2716 4071
4 2663 3578 2766 4224
4 2872 2710 3802 3961
4 2729 3007 2681 3092
4 700 701 707 4313
4 2275 2276 2253 3421
4 2112 2105 2964 3167
4 2700 2906 3371 4229
4 239 2713 3324 3911
4 338 3274 3138 4214
4 2932 3457 4119 4120
4 2702 2887 3111 3608
4 1164 1162 1163 4185
4 2575 3998 3929 4125
4 1193 1216 1192 3190
4 3585 1800 3798 3903
4 323 329 313 3289
4 1629 3562 1630 3679
4 215 3135 229 4306
4 3514 3739 2810 4213
4 2367 2371 2372 4304
4 2522 3347 3341 3830
4 1821 1822 1837 3936
4 2136 2157 2135 3825
4 1703 1677 1706 4173
4 3090 3676 3113 3798
4 394 843 383 3974
4 3373 3165 4229 4331
4 2565 2775 2709 2988
4 1571 1573 1613 3994
4 3180 4024 3969 4340
4 2001 1979 1980 3825
4 1217 1193 1194 4251
4 3277 2600 3840 4020
4 1162 1175 1160 4022
4 2140 3126 3294 4006
4 682 3812 674 3815
4 3555 3687 2949 4139
4 218 3324 231 3958
4 755 733 740 732
4 2994 3944 1842 4194
4 3187 3584 3457 4284
4 2696 3266 3720 4264
4 2598 2723 2715 3367
4 2869 3438 2744 4183
4 2932 4120 3819 4284
4 2706 3157 2842 3883
4 2635 3133 3118 3632
4 2585 3909 3571 3923
4 158 159 166 2819
4 725 734 731 4053
4 2416 3070 2405 4202
4 2260 2333 2252 3857
4 2549 4056 4046 4112
4 3124 2517 3783 3845
4 2728 2991 2729 3121
4 2142 3126 2141 4006
4 2586 3698 2534 4174
4 67 2960 60 3992
4 1128 3401 1127 3966
4 428 431 430 3696
4 2766 2863 3214 3342
4 441 432 439 3499
4 3115 3531 2834 4131
4 113 3953 3754 4062
4 2860 3397 3078 3853
4 2368 2383 2384 4176
4 1177 1176 1164 4022
4 3089 3572 2697 3654
4 1075 3259 1063 4030
4 2655 2854 3512 3571
4 1906 3579 3899 4115
4 3698 4114 2534 4174
4 2445 2444 2448 3607
4 2140 3126 2167 3294
4 726 3251 719 4316
4 1865 1868 3633 4059
4 2532 2608 3630 3870
4 10 107 59 3473
4 2507 2532 2544 3988
4 2663 3578 3484 3767
4 1325 2459 2458 3240
4 1440 1471 1465 3635
4 2839 2871 2645 3482
4 3571 3647 3032 3923
4 2800 2889 2674 3102
4 240 2934 229 3973
4 2753 3072 2818 4041
4 1119 1121 1120 3468
4 2746 2975 3424 3758
4 2527 3250 4292 4317
4 2496 4061 3193 4091
4 2939 3293 4255 4286
4 924 925 3608 3652
4 2092 3168 2093 4086
4 2853 3740 2810 3996
4 1464 3368 1466 3460
4 2852 2748 3122 3771
4 2034 2967 3485 4011
4 3033 4145 2841 4328
4 2012 3480 2852 3771
4 2013 2006 2005 3445
4 2739 2790 3108 3304
4 2474 2473 2477 3863
4 2627 3647 3923 4299
4 446 452 442 4215
4 910 3608 909 3652
4 3685 4103 3633 4221
4 692 3175 3572 3753
4 2331 1290 1291 3210
4 392 3498 379 3514
4 2753 3631 3159 3937
4 3215 3469 622 3732
4 2590 2959 2847 3854
4 914 922 907 3552
4 1432 3108 3460 3461
4 362 373 3337 4104
4 2825 2560 3248 3296
4 501 3052 3603 3898
4 3523 3754 2957 4091
4 2519 3193 4091 4246
4 3143 3671 3591 3943
4 2531 3451 3237 3842
4 58 137 18 68
4 1202 1163 1161 4193
4 3403 3413 723 4313
4 2531 3595 3495 3596
4 2363 3346 2368 4176
4 2801 3128 3098 4161
4 3429 3705 3618 4223
4 1035 3565 3050 4019
4 2126 2964 2379 4319
4 449 457 459 3110
4 2062 1715 2078 4197
4 737 762 761 3251
4 2615 3624 3014 3851
4 3135 3999 2837 4122
4 2585 2690 3410 3605
4 2313 2314 3896 4240
4 2731 3308 2691 3816
4 3005 3015 3487 4280
4 890 872 891 3879
4 2513 3736 3646 4158
4 1175 1174 1160 4022
4 2216 2218 3486 3807
4 2609 2541 3447 3816
4 686 3011 685 4231
4 1527 1526 3078 3741
4 2657 3283 3284 4105
4 2080 2064 2063 4197
4 3429 3000 3884 4223
4 2598 2537 2723 3347
4 2518 3262 2847 3500
4 2309 2301 3832 4107
4 322 3404 346 4269
4 2901 3111 2702 3255
4 2551 2823 2622 3336
4 2734 2649 3103 3840
4 2938 3050 2721 4019
4 2916 3198 2692 3670
4 1782 1779 1771 3432
4 3149 4156 3148 4250
4 2638 3130 2709 4334
4 2609 2965 2757 4224
4 310 2813 3625 4150
4 3346 3408 2395 4176
4 13 179 189 3743
4 2746 3118 3758 4297
4 2668 3595 2559 4130
4 1110 3098 1111 3435
4 142 82 131 34
4 847 846 852 3580
4 103 3381 90 4061
4 3072 3569 3420 3855
4 2935 2992 2725 3930
4 1690 1688 1699 3823
4 1852 1851 1864 3588
4 1165 1204 1206 4185
4 2906 3064 2755 4082
4 2925 2860 3811 3904
4 2555 3153 2809 4204
4 1198 1159 1157 4193
4 2176 2174 2173 3964
4 391 381 3498 3974
4 2512 2542 3800 3998
4 2804 3255 2887 3887
4 2697 2600 3089 4261
4 511 510 516 4232
4 2906 3884 3371 4229
4 2540 3688 2734 4201
4 2079 2080 2063 4197
4 2597 3088 3667 4340
4 325 308 3136 3862
4 393 403 404 3974
4 2655 3571 2997 3909
4 3266 3442 2696 3720
4 2954 3306 2933 3719
4 2551 2800 2674 3102
4 2839 2883 2871 3468
4 163 169 3953 4062
4 2835 2922 2671 3375
4 2540 3840 3688 4020
4 3676 3821 2911 4147
4 2944 3867 3772 4182
4 3119 3272 2789 3638
4 2567 2689 3870 4226
4 129 146 3520 3934
4 3739 3740 2810 4213
4 1591 3293 1590 3922
4 2744 3247 3561 4183
4 170 157 168 3394
4 1157 3681 1085 3833
4 2616 2579 3458 4002
4 3051 3685 2812 4059
4 774 773 3867 4312
4 2649 3946 3434 4133
4 2268 2239 2240 3616
4 1511 1509 1522 3690
4 116 9 107 3782
4 2757 3823 3176 4224
4 779 3456 3301 3954
4 2654 3130 2581 4334
4 2866 3704 3694 4170
4 3225 3723 3232 3849
4 1518 1519 3638 4168
4 3292 3715 3244 3951
4 2596 2718 3318 4226
4 1530 686 685 4231
4 2752 3004 2943 3756
4 2592 3672 3377 4183
4 3208 3187 3983 4284
4 2376 3015 2123 3506
4 3250 3417 3158 3775
4 2719 3316 3985 4264
4 1580 1588 3641 3990
4 312 313 3289 3290
4 1535 691 690 3917
4 690 1534 1535 3917
4 685 1529 1530 4231
4 152 2921 132 3275
4 2632 3378 3109 3675
4 2968 2751 3485 3577
4 433 430 434 3696
4 493 1352 1351 3306
4 3117 3346 2786 3730
4 555 554 547 3950
4 1915 3496 1928 4131
4 555 3545 579 3950
4 3529 3902 2736 4037
4 138 147 3161 4106
4 140 137 135 3418
4 249 250 265 3370
4 2651 3125 2862 4178
4 1279 1278 1280 3880
4 2654 2708 2581 3130
4 843 836 383 3901
4 171 2927 161 4180
4 3684 3689 3231 3952
4 69 3276 3275 3865
4 2718 2880 2673 3981
4 1160 3092 1158 3398
4 2548 2791 2607 3540
4 809 1617 810 3917
4 2804 2886 3425 3886
4 3169 3946 3106 4325
4 1616 1617 809 3917
4 394 393 404 3974
4 446 2986 453 4215
4 3047 3345 2497 3783
4 1820 3877 3935 3936
4 2657 2812 3493 4113
4 1231 2231 2232 4163
4 509 510 503 3898
4 3429 4229 3165 4331
4 3118 4297 3417 4326
4 2259 2281 2282 3857
4 3846 3938 3033 4310
4 601 574 600 3894
4 616 3682 618 3732
4 2232 1232 1231 4163
4 3260 3595 2692 3596
4 2998 3644 3287 3924
4 1948 1939 3229 3744
4 3475 3533 2928 3885
4 3536 4241 3060 4262
4 2626 2984 2840 3788
4 3320 3757 804 4312
4 639 3287 638 4159
4 2230 1229 2229 4163
4 1946 1949 1840 3892
4 2560 3411 2825 3814
4 1665 2939 3780 4028
4 2969 3047 2618 4268
4 2622 3154 3306 3309
4 1229 2230 1230 4163
4 2552 2690 2655 3605
4 2510 3218 3369 4287
4 2593 4073 3323 4080
4 883 881 3454 4190
4 2760 3012 3614 3912
4 1044 3756 1045 4005
4 835 3784 834 3888
4 353 3625 328 3919
4 597 2850 598 4055
4 2511 2617 3330 3593
4 1349 3256 1347 4236
4 3170 3553 4095 4130
4 1312 3148 1310 3835
4 3582 3645 376 4200
4 2517 3124 3783 3940
4 2593 2728 4073 4080
4 823 3679 1630 4050
4 3150 3240 3175 4225
4 3429 4223 3618 4262
4 2982 3894 3530 4117
4 1068 1094 1007 3349
4 425 416 3884 4223
4 2988 2989 2709 3965
4 2902 3512 2625 4075
4 2601 2670 2587 3270
4 119 3826 3524 3916
4 3151 3819 3023 4056
4 2512 2966 3677 3763
4 2511 3747 3632 4001
4 2043 3423 2018 4045
4 1067 1066 1061 4029
4 1076 1089 1075 3259
4 929 930 913 3963
4 1750 2937 1749 3920
4 196 3355 187 3710
4 63 2576 3542 3543
4 1022 3128 996 4005
4 2878 3347 2608 4323
4 339 3622 334 3696
4 1826 3427 1827 3586
4 2682 2969 2618 4268
4 3287 647 3695 4159
4 2876 3553 907 4126
4 1308 1313 1312 4250
4 2680 3762 2952 4184
4 1957 1944 3693 3965
4 2500 2875 3755 3814
4 2848 3925 3315 4077
4 2663 3767 3484 3985
4 2558 2699 3171 3677
4 1333 1327 3477 4272
4 2518 2847 2727 4170
4 2724 3045 3545 3955
4 91 102 85 3787
4 113 163 3953 4062
4 2748 2839 3098 4161
4 1920 2894 3513 3776
4 1005 1004 3991 4275
4 2608 2791 2689 3476
4 2538 2610 2733 3063
4 1487 1488 1505 3288
4 2694 3995 3712 4047
4 2276 3421 2284 3893
4 2965 3317 3316 3985
4 2862 3335 3072 3569
4 134 151 3661 3831
4 2496 3252 3300 3953
4 854 3332 853 3927
4 2515 2623 2551 4109
4 2545 3217 3600 4310
4 2512 3171 3677 4158
4 2553 3357 2749 3726
4 3215 620 3682 3732
4 2992 3205 2725 3930
4 2496 3747 3252 4001
4 2742 2828 2689 2942
4 3457 3599 3362 3818
4 1853 1865 3685 4059
4 1167 1206 4134 4185
4 2589 2683 2764 3039
4 3401 3966 1128 4004
4 3093 3668 1071 4030
4 2656 2559 3260 3929
4 2870 3555 2949 4238
4 2625 3512 3382 4075
4 2717 3413 3403 4313
4 86 4061 3659 4335
4 1364 1443 1370 3943
4 2554 3560 2956 3568
4 653 655 4072 4234
4 2570 3795 3216 4257
4 992 4005 991 4169
4 2618 3177 3016 3810
4 1703 1706 3205 4173
4 2804 3701 2886 4283
4 360 349 350 3337
4 2580 3570 3023 4047
4 2827 3806 3251 4053
4 2998 3469 3407 3666
4 2483 4068 2457 4152
4 2862 3882 3671 3943
4 2551 2919 3102 3336
4 2399 2400 2389 3492
4 937 3049 954 3859
4 1320 1319 607 3228
4 2705 4160 3797 4237
4 113 174 163 4062
4 2125 2111 2126 4319
4 2027 3375 2922 4132
4 103 3056 2877 4186
4 3141 4181 3426 4321
4 2537 3523 3522 4245
4 212 3135 215 4306
4 285 286 284 3748
4 2444 3412 2448 3627
4 2877 3270 2587 4271
4 316 3404 3796 3839
4 2454 2432 2435 3591
4 2388 2374 2381 3487
4 3238 2511 3488 3593
4 3488 2781 3646 4180
4 2510 3218 4021 4338
4 491 3933 3446 4236
4 97 95 2594 4087
4 2527 3566 3386 4013
4 145 3161 143 3537
4 2856 3048 2765 3481
4 1016 3433 783 3734
4 59 9 70 3782
4 1071 3435 1072 3668
4 2792 3533 3475 3885
4 2567 3207 2517 4226
4 2628 3247 4123 4290
4 435 445 3363 4127
4 3131 2540 3728 4201
4 3028 3967 3182 3968
4 2855 2770 3848 4276
4 2818 2891 3690 3741
4 2204 4252 2194 4320
4 3100 2541 3224 3338
4 2621 3559 3436 4009
4 1402 1404 3246 3501
4 2625 2513 3959 4324
4 2834 2882 2812 4113
4 2640 3716 2606 3761
4 2513 4158 3238 4324
4 733 729 731 4188
4 1754 3279 1753 3574
4 2955 4018 3298 4182
4 2824 2693 3186 3737
4 506 511 515 3299
4 2018 3423 2010 4045
4 2641 3008 2940 3970
4 202 3212 182 3890
4 1702 3205 1714 3930
4 3628 3786 3104 4115
4 3491 4008 3854 4009
4 1058 3349 3170 4029
4 3192 3279 1767 3903
4 3278 3611 2550 4142
4 2597 3180 4024 4041
4 1447 1445 1444 3239
4 2543 2712 3357 3726
4 2616 3458 3218 4002
4 2002 2968 2001 4011
4 2540 3277 3840 4020
4 3029 3610 3223 3735
4 1136 1152 1151 3264
4 1942 2989 1941 3020
4 1204 1202 1203 4185
4 2666 3233 3972 4078
4 813 812 3223 3735
4 1927 1928 1939 3115
4 2781 3826 3646 4180
4 2540 4009 2620 4201
4 139 49 129 3073
4 3310 3845 2914 4217
4 3176 3713 1658 3823
4 2804 3425 2886 3701
4 1080 1082 1092 4296
4 2652 3590 3470 4051
4 1851 1863 1864 3588
4 2442 2439 2489 3026
4 739 741 742 3613
4 359 830 828 3662
4 880 865 864 4190
4 3146 3554 2789 3638
4 2807 3139 2941 3844
4 2624 3871 2537 4274
4 2212 2213 2205 3539
4 128 3639 3826 3916
4 1369 1364 1370 3943
4 511 516 3299 4232
4 3151 4046 3819 4056
4 649 3695 3644 3812
4 45 105 115 3889
4 2511 3252 4001 4094
4 2714 2933 3154 3591
4 719 3251 4053 4316
4 2788 3201 2509 4209
4 491 488 3446 3727
4 1542 3986 3166 3994
4 2130 2129 3122 3768
4 2831 3495 2673 3981
4 3030 3702 2892 3936
4 3268 3385 566 4129
4 2944 3772 4018 4182
4 3203 3239 2862 3288
4 2751 3036 2895 3053
4 2910 3029 2805 3610
4 372 3129 384 3739
4 597 2850 596 3304
4 729 3613 722 4188
4 2690 2868 2655 3909
4 1890 1889 3241 3776
4 4090 4227 3724 4273
4 3098 3122 2748 3771
4 94 101 122 4062
4 2796 3179 3111 3927
4 1367 2787 1358 3721
4 2201 3486 2200 3544
4 898 912 3333 3454
4 1731 1738 1737 3459
4 2736 3198 3076 3617
4 1510 3025 3146 3638
4 548 557 556 3861
4 3119 3489 2580 4235
4 2571 2811 2586 3383
4 2566 3451 3529 4097
4 2598 2669 2659 3210
4 2528 3489 3775 4108
4 1772 1783 3266 3720
4 3041 2743 3292 3715
4 2407 2398 3314 3528
4 861 852 3580 3617
4 219 231 218 3324
4 2933 3026 2919 4216
4 923 3553 940 4126
4 1419 596 594 3304
4 1923 1915 1909 3496
4 2713 3041 2637 3510
4 869 868 3670 4266
4 2497 3783 3345 3845
4 2574 2753 4041 4178
4 3811 4141 3066 4279
4 471 476 475 2973
4 2876 3198 2619 3897
4 2645 2871 2780 2985
4 3204 3557 3416 3874
4 2599 3573 3494 4181
4 2711 3029 3223 3735
4 2518 2621 2727 3559
4 160 162 177 3566
4 2406 2405 3070 3314
4 17 141 132 3275
4 2201 2202 2192 4320
4 2609 3338 2766 3470
4 1690 1699 1700 3823
4 2257 3868 2256 3893
4 2417 2424 2426 3387
4 2773 3696 3622 3989
4 2192 2191 2201 4320
4 2183 2275 2156 4054
4 2204 2194 2203 4320
4 2182 2154 2181 4054
4 1298 3116 1299 3875
4 2752 2805 2578 4211
4 2563 3866 3217 4273
4 2132 2148 2149 4175
4 2761 3562 2915 4050
4 3227 3425 2886 3886
4 2134 2150 2245 4175
4 2546 3109 3490 3675
4 3523 3871 3044 4091
4 329 2813 3289 3919
4 2668 3178 3594 4308
4 2711 2807 2617 4181
4 2636 3667 3344 4281
4 3023 3570 2803 4056
4 2703 3972 3971 4142
4 2027 3168 2922 3375
4 2670 3490 3650 4040
4 3430 4043 4000 4060
4 2194 2193 2203 4320
4 2780 2871 2645 4079
4 1092 1091 1080 4296
4 2507 2525 3659 4335
4 465 457 3598 4151
4 2567 2895 2689 4226
4 2783 2916 2903 3237
4 1510 1509 3025 3638
4 3048 3348 448 3491
4 1550 3419 1558 4286
4 2953 2688 3295 3706
4 3066 4141 3159 4279
4 3098 3128 3004 4161
4 1153 1152 1137 4006
4 1014 3991 1030 4275
4 2817 2840 2623 3302
4 759 3806 760 4098
4 3170 3505 3062 3534
4 1139 1155 1154 4006
4 2012 3423 2852 3480
4 2892 3173 2691 3660
4 2110 2111 2125 4319
4 1295 606 1294 1355
4 2984 3517 2819 4007
4 566 3385 3268 3894
4 229 2934 3135 3958
4 1609 1601 1608 4060
4 1342 2491 1341 3149
4 100 93 143 3161
4 1806 1807 1808 3442
4 3025 2818 4329 4339
4 1385 1395 1393 3307
4 3094 3654 3235 4135
4 2573 2687 2845 3838
4 1724 3614 1725 3912
4 828 827 361 3979
4 3766 3767 2881 4285
4 2859 4223 3429 4262
4 2748 3122 3098 3768
4 805 4050 3320 4189
4 629 628 3555 4238
4 1765 1772 1762 3316
4 686 687 3634 3773
4 3369 3567 3224 3783
4 2633 2830 3349 3777
4 92 82 142 34
4 1954 3650 3794 3836
4 2599 3467 2887 4244
4 325 3136 326 3862
4 2647 3923 3086 4058
4 2336 2333 2260 3857
4 2661 2794 2937 3515
4 1512 3025 1511 3690
4 3049 3991 1004 4275
4 2608 2689 2791 2947
4 139 165 49 3073
4 2848 3362 3315 3925
4 1167 1206 1208 4134
4 2578 3238 2511 4094
4 383 371 370 3974
4 3114 3135 2837 4122
4 3305 3994 3067 4199
4 2712 3494 2543 3573
4 3156 3945 3285 4034
4 1088 2830 3259 3777
4 1311 1310 3581 3906
4 3381 4062 4061 4259
4 502 509 504 3508
4 1458 3977 1456 4152
4 485 1344 1422 3895
4 1036 1052 1051 4019
4 1053 1038 1054 4019
4 409 3371 859 4143
4 3471 4015 2746 4049
4 2110 3706 2111 4319
4 2586 3697 2822 4078
4 2870 3682 3555 3732
4 2167 3126 2169 3294
4 2568 4120 3281 4300
4 2875 3372 72 3865
4 3200 3563 3442 4147
4 2509 3451 2909 3452
4 1986 3423 1987 3480
4 3061 3519 3243 3917
4 932 950 3170 3534
4 2817 3058 2900 4111
4 942 959 960 3653
4 2089 3914 2106 4228
4 2699 3128 2801 4161
4 3150 3802 2710 3961
4 3118 3133 3758 4056
4 2057 2967 2056 4034
4 2270 2272 2273 3746
4 127 3524 2867 4253
4 2633 2831 2830 3777
4 2981 3744 3269 3892
4 475 470 471 2973
4 2107 3914 2091 4086
4 3386 3566 2503 4013
4 2540 2734 3688 3840
4 2792 3443 3104 3786
4 1188 1189 3699 3869
4 1038 1037 1029 3406
4 2857 3222 3153 4085
4 2739 2982 2583 4117
4 2635 3632 2535 4167
4 1101 1100 3619 4004
4 2761 3320 2945 3757
4 1952 3399 1951 4194
4 943 942 960 3653
4 2151 2152 2146 3956
4 3131 3820 3436 4009
4 965 997 966 3128
4 1081 1080 1079 3507
4 3648 3726 3221 4023
4 2097 3730 2098 4197
4 2848 3983 3982 4077
4 3072 2818 3420 3741
4 1837 2946 3936 3976
4 185 3341 3191 4166
4 2571 2811 2637 3440
4 2860 3397 3853 4141
4 1568 1540 1541 4199
4 2462 3516 3203 4307
4 3029 3734 3311 4165
4 1532 3057 1533 3243
4 725 726 734 3251
4 135 136 2579 3262
4 554 578 3228 3950
4 2031 3168 2030 3485
4 2589 2962 2852 3503
4 2675 3859 3064 4082
4 1187 1220 1195 3751
4 2685 3290 3609 3716
4 1956 1949 2981 3714
4 2432 3591 2454 3943
4 1705 3361 3445 4282
4 411 3886 413 3928
4 3049 3942 3050 4275
4 2523 3522 3524 4245
4 191 45 115 3890
4 2881 3846 3484 4264
4 1865 3685 3633 4221
4 1668 1669 1643 4173
4 3175 3802 2734 3840
4 3277 3415 3184 4291
4 3080 3892 2882 4124
4 263 3970 268 4233
4 2597 2797 3762 4329
4 2512 3677 2966 4158
4 2820 3672 3377 3703
4 3381 3747 2496 4259
4 3139 3243 2829 3773
4 1072 3435 1111 3668
4 1777 1775 3317 3664
4 2596 3207 2828 4226
4 138 158 147 4106
4 1384 1381 1385 3395
4 1975 3091 1993 3556
4 132 58 17 3275
4 2933 2954 2622 3306
4 2538 3703 2733 4257
4 159 3158 176 3691
4 741 3613 3141 4014
4 1342 2477 1341 2491
4 1606 1607 3257 4128
4 501 500 502 3603
4 1088 1075 1089 3259
4 326 3136 3625 4200
4 2561 2943 2763 4203
4 1226 1243 3464 4251
4 2103 2083 2102 3918
4 3182 3424 3028 3968
4 953 3733 936 3859
4 1293 3306 2954 3719
4 1072 1111 1112 3668
4 2802 3107 3939 3980
4 405 415 412 3618
4 314 300 315 3479
4 2825 3296 2837 4066
4 2761 2915 2884 4050
4 3319 3712 2905 4140
4 456 454 3481 4027
4 1379 2931 1373 3708
4 2939 4255 3419 4286
4 3165 4241 3536 4262
4 2908 3315 4077 4285
4 707 701 708 4313
4 1925 1912 3115 4124
4 2762 3396 2806 3937
4 3380 3800 2542 3998
4 662 3139 663 3844
4 716 3227 709 4053
4 3158 3250 2508 4317
4 2653 3980 4283 4311
4 2703 2822 3697 4078
4 1813 3585 1801 3798
4 1290 3358 3065 3359
4 1878 1890 1896 4157
4 1069 3128 1070 3435
4 2630 3590 3470 3940
4 158 50 155 3517
4 2391 3492 2389 4319
4 1530 4100 3773 4231
4 3213 3641 1588 3990
4 232 246 237 3813
4 2550 3971 3972 4142
4 3110 3254 2695 4151
4 2663 3034 3766 3985
4 212 4210 3135 4306
4 1762 1763 1764 1756
4 264 265 250 3370
4 2545 3484 3578 4328
4 1217 1216 1193 3190
4 109 3830 3522 3889
4 454 453 447 3481
4 3451 3698 2909 4114
4 905 3351 920 3859
4 2708 2946 2605 4148
4 2655 3512 2997 3571
4 2671 2968 2751 3485
4 3057 3419 1549 3519
4 2558 2752 3238 4211
4 2596 3323 3987 4073
4 2924 3273 1670 4198
4 853 3332 3111 3927
4 2239 2268 2266 4278
4 2774 3075 2662 4167
4 2360 2345 2342 3597
4 3327 4116 2597 4340
4 2779 3055 3019 4322
4 2666 3529 3451 4097
4 2171 2237 2264 4278
4 3106 3707 2974 4133
4 924 3413 942 3652
4 2552 3441 2690 3715
4 97 2594 3163 4087
4 2563 3100 4153 4268
4 320 342 343 3404
4 1328 3477 1327 4272
4 2541 2609 3338 3816
4 2703 3971 3611 4142
4 2246 3421 2254 3893
4 2848 3362 3279 3765
4 2523 3524 3522 4069
4 1597 1596 1604 4089
4 2759 2902 2901 3498
4 910 3454 3608 3652
4 1078 1079 1080 3507
4 2546 3675 2644 3810
4 2657 3493 2882 4113
4 3025 2891 3554 3638
4 1604 1605 1597 4089
4 2854 3571 2655 3909
4 382 383 370 3974
4 3014 3149 2872 3624
4 3091 3447 2835 4051
4 2091 3914 2922 4086
4 42 104 113 3953
4 594 568 4017 4129
4 217 219 3510 3911
4 3054 3263 2806 3537
4 1739 1757 3316 3932
4 1731 3459 1732 3912
4 136 134 2579 3455
4 1514 3288 3420 3855
4 2537 2598 2679 3347
4 1421 1428 1413 3461
4 1882 4131 1881 4148
4 944 3652 961 4169
4 764 3860 643 4182
4 943 3652 942 3653
4 377 389 3582 3745
4 1965 1966 1040 4165
4 2032 2967 2033 3485
4 2741 2994 2632 4187
4 1140 3098 1110 4222
4 2100 3466 2116 3918
4 3390 3743 2788 4209
4 2549 3118 3133 3632
4 69 141 3275 3276
4 3806 4053 2827 4188
4 599 3926 3304 4243
4 1869 1868 3051 4148
4 2025 2048 2047 4132
4 2930 2668 3552 4308
4 1966 1041 1040 4165
4 2745 3243 3057 4288
4 243 3383 256 3973
4 521 513 520 3258
4 1182 3121 1181 3869
4 2804 2599 3162 4283
4 2232 2250 2251 3868
4 2757 3713 3253 4132
4 815 1622 1623 4165
4 2149 2133 2132 4175
4 1628 821 822 3562
4 822 1629 1628 3562
4 2951 3576 3391 3977
4 3074 3790 483 3908
4 766 3867 765 4182
4 379 3498 367 3740
4 3328 4227 4090 4273
4 2536 3660 2691 4314
4 2245 2227 2134 4175
4 962 3910 945 4169
4 2813 3697 2660 3698
4 2508 2538 3520 3711
4 2521 3231 3952 4260
4 1174 3121 3869 4022
4 2631 3058 2817 4111
4 3071 3769 3482 4175
4 804 803 795 4312
4 1579 3990 2978 4100
4 1396 3145 3718 3725
4 2846 3138 3274 3348
4 2700 4037 2906 4229
4 2694 4047 4256 4288
4 3517 3520 2515 3934
4 2537 2723 2624 2918
4 1593 1586 1585 3548
4 2547 2687 2623 2840
4 186 201 3191 4217
4 3578 3767 2841 4328
4 805 797 806 4189
4 2520 2659 2742 4323
4 292 305 293 3609
4 116 70 9 3782
4 2533 2762 2651 3302
4 1157 3833 1196 4193
4 886 892 891 3879
4 3390 3452 2914 3987
4 2678 3055 2954 3790
4 816 815 1623 4165
4 239 2713 2861 3324
4 262 3321 3970 4031
4 2969 3658 2587 4087
4 2514 3478 3328 4099
4 1618 3223 3061 3680
4 2633 2821 3349 3553
4 1550 1558 1551 4286
4 1243 2241 1242 4239
4 3118 3758 3570 4056
4 2256 2278 2279 3893
4 3556 3565 3091 4051
4 3148 3581 1310 3906
4 2471 2476 1335 3379
4 1962 1948 1945 3229
4 2389 2391 2488 3492
4 1057 3505 3534 3535
4 3975 4048 2824 4267
4 339 3137 3622 3696
4 87 3659 3658 4335
4 1833 3685 1853 4221
4 2435 2460 2454 3882
4 2997 3386 2543 3959
4 1242 1241 1225 3464
4 3064 2906 3663 3879
4 4046 4255 3208 4284
4 1125 3401 3350 3777
4 3278 4142 2550 4291
4 3277 4020 3278 4291
4 2602 3902 3529 4037
4 2824 3737 3186 3915
4 2136 2137 2159 3913
4 3148 3291 3147 4250
4 2230 2248 2249 3868
4 1365 1362 1363 3143
4 1306 2446 2443 3102
4 2138 2139 2163 3913
4 1251 1267 1268 3601
4 2338 2342 2339 3343
4 2720 3798 3090 4191
4 182 202 188 3341
4 2596 2728 2673 3017
4 2668 4095 3553 4130
4 104 3639 128 3916
4 1015 3349 1102 3350
4 671 647 3695 4263
4 2496 3300 3252 3747
4 100 93 3161 4106
4 378 390 3745 3784
4 792 754 790 3939
4 875 3608 3111 3887
4 908 3608 707 4313
4 2649 2873 3840 3924
4 1430 3439 1424 4265
4 2391 2378 4303 4319
4 1732 3912 2992 4212
4 3024 4036 3774 4116
4 1956 1953 1955 3656
4 2463 3516 2462 4307
4 2656 3260 3803 3929
4 2995 3109 2670 3270
4 206 3292 205 3999
4 3570 4297 3118 4326
4 1427 3460 1434 4081
4 3022 3619 1092 4296
4 2610 2971 2815 3110
4 1881 1893 3837 4131
4 1380 1381 2931 4196
4 2732 3142 4032 4187
4 3432 3798 1789 3903
4 231 230 3383 3973
4 2565 2535 3270 4335
4 1018 3164 1019 4169
4 3200 3821 3563 4147
4 2189 2283 3364 4252
4 33 131 143 93
4 2335 2337 2338 3343
4 2635 2741 2778 3541
4 2691 2892 2719 3173
4 2872 3101 1339 3477
4 2184 2216 2178 2219
4 1110 3435 3128 4318
4 494 489 3055 3309
4 1739 1730 1733 4228
4 2751 2671 3091 3447
4 1509 1508 1519 3638
4 2144 2145 3771 3964
4 3279 3362 2848 3925
4 2635 3085 2741 3541
4 3239 3882 2862 3943
4 2957 3754 3523 3916
4 729 3403 722 3613
4 2832 2689 3036 3294
4 644 559 551 3463
4 170 2927 161 3566
4 3039 2683 3503 3807
4 718 722 3403 4188
4 829 827 831 3888
4 511 516 515 3299
4 2804 3886 3425 3928
4 3202 3811 2661 3838
4 1766 3316 1765 3932
4 3142 3533 2929 4293
4 4001 4094 3075 4167
4 3006 2816 3645 4104
4 3322 3611 2703 3717
4 3117 3466 3346 3730
4 611 3834 3175 4225
4 2534 2737 2612 3848
4 3634 3682 617 4072
4 2191 3486 2201 4320
4 2583 3997 2687 4118
4 2429 2425 3030 3936
4 2180 2179 2185 3948
4 1891 3493 3579 4115
4 2656 2795 3093 3507
4 594 1418 1419 3304
4 2038 2063 2039 4197
4 13 189 67 3743
4 1882 1894 1893 4131
4 2462 3203 2470 4307
4 1844 2907 1843 3585
4 1891 1886 1879 4115
4 2553 2749 3975 4048
4 2827 3806 3298 4098
4 1697 1698 3655 4305
4 2826 3706 3156 4034
4 2984 2573 3453 4137
4 3012 3034 2757 4228
4 2510 2897 3218 4287
4 2537 2715 2723 3343
4 2577 3077 3016 3810
4 2682 2618 2969 2981
4 2347 2349 2362 4337
4 2534 4114 3760 4174
4 2716 3527 3604 4071
4 470 534 464 4151
4 1269 1267 1262 3601
4 2678 3074 3790 3875
4 2254 2276 2277 3893
4 1459 2458 3235 4152
4 2645 2839 3678 3763
4 451 439 449 3254
4 2605 2581 2708 2996
4 2618 2980 3016 3177
4 2760 3205 2992 3912
4 1594 1586 1593 3548
4 2633 3349 2830 3553
4 1102 1103 3350 3777
4 1142 1143 3668 3768
4 2770 2963 3847 3848
4 57 3355 179 3743
4 2777 4036 3900 4155
4 2829 3139 2712 3243
4 1076 1090 1089 4296
4 2563 3384 3866 4273
4 1915 1928 1913 4131
4 2499 3161 3537 4084
4 3134 3582 390 3745
4 2527 3711 3566 4013
4 2722 2823 2631 3997
4 1342 1341 1337 3101
4 2403 3112 3770 4280
4 1800 1801 3585 3798
4 882 899 3178 3333
4 2800 2889 2651 3302
4 3504 3822 4160 4237
4 2505 3323 3212 3890
4 3033 2841 3767 4328
4 764 3867 3860 4182
4 2519 3075 4001 4094
4 2470 3203 2469 4307
4 2962 3466 3518 3918
4 588 587 579 3545
4 86 83 3659 4061
4 985 983 984 3653
4 3759 3760 2534 4114
4 2782 3733 3301 3954
4 3356 2881 3767 4285
4 2038 2062 2063 4197
4 374 375 373 3645
4 1739 3932 3034 4228
4 655 653 685 4234
4 446 453 452 4215
4 2502 3158 3691 4206
4 1346 1350 1359 3256
4 2848 3574 3925 3982
4 1467 1468 1475 3272
4 1608 4060 1495 4135
4 3672 3377 4183 4260
4 2512 3123 3763 3998
4 3073 3520 2570 4257
4 21 168 157 3394
4 3012 3823 3253 4228
4 2891 2925 3636 4168
4 2136 2159 3825 3913
4 1918 3020 1931 3085
4 3559 4020 2897 4021
4 2284 2283 3364 3421
4 3024 3478 3224 4099
4 1209 1233 3472 4164
4 2625 2685 3382 4177
4 33 82 131 93
4 96 103 2587 3056
4 2960 2526 3890 4069
4 2389 3492 2390 3506
4 2928 3226 3891 4270
4 1306 1311 3102 3906
4 2529 3452 3759 4114
4 2709 2988 2775 2989
4 3082 4218 3275 4277
4 2839 2748 3098 3768
4 2953 3492 2964 4319
4 357 3105 2902 3498
4 2305 2306 2298 3896
4 3255 3514 391 3928
4 2509 3318 3452 3987
4 2736 2906 4037 4082
4 2902 3105 357 3404
4 3025 3554 2891 4339
4 3118 3632 3417 4016
4 2966 3677 3238 4158
4 257 244 245 3511
4 2185 3486 2186 3948
4 597 596 2850 4055
4 3558 3559 2727 3624
4 1697 1698 1687 3405
4 2572 3055 2823 3921
4 3599 4112 2932 4119
4 2825 3715 2743 3814
4 636 3463 551 4139
4 2973 2695 3894 4151
4 3455 3465 2674 4002
4 2545 3484 3338 3578
4 2567 3308 2731 3816
4 2596 2828 2728 3017
4 2762 2806 2533 3937
4 2593 2728 3495 4073
4 4000 4043 3344 4060
4 726 725 719 3251
4 2538 2733 3795 4257
4 1590 3293 1591 4286
4 330 331 332 3621
4 3369 3478 3224 4287
4 619 617 3634 3682
4 1960 1947 1961 3744
4 3066 3202 3188 4220
4 2518 2727 2621 4170
4 1411 1746 3145 3397
4 2624 2809 3521 4274
4 70 3782 116 3984
4 1653 1655 1656 4305
4 2964 3706 2953 4319
4 4001 4091 3193 4246
4 96 2877 2587 3163
4 2545 3600 3846 4310
4 2802 3980 3509 4311
4 2979 3340 3182 4137
4 1549 3419 1550 3519
4 2836 3278 3847 4142
4 1230 1203 1201 4309
4 2836 3683 3322 3949
4 3037 3307 2845 4063
4 2611 3593 3357 4292
4 113 104 3754 3953
4 56 3372 72 3722
4 1228 1199 1197 4309
4 1548 3419 3057 4100
4 2601 2709 2638 3700
4 2539 3270 2535 4301
4 3762 4041 2818 4184
4 147 158 172 4106
4 2510 3218 3209 3369
4 1592 3344 4000 4136
4 1707 1706 1708 3614
4 191 182 45 3890
4 1675 3780 3620 4173
4 1155 1221 1238 3265
4 2789 3635 3146 3638
4 2972 3334 3333 3454
4 3067 3089 2697 3654
4 3454 3652 926 3910
4 2843 3696 3144 4267
4 2635 3329 2798 3541
4 2696 3442 3200 3563
4 1822 1838 3936 3976
4 2455 1447 2454 3239
4 2653 4283 3162 4311
4 2906 3064 2736 3326
4 2509 3987 3323 4073
4 2702 3111 2972 3608
4 1140 1110 1023 4318
4 2251 2233 2232 3868
4 1617 3061 1616 4028
4 2513 3238 3488 3593
4 3202 3967 3188 3968
4 2629 3475 3443 3533
4 2673 3981 3495 4073
4 112 10 60 3473
4 1167 1165 1206 4185
4 1820 3877 3563 3935
4 1282 1266 1281 2970
4 1146 3468 3482 3833
4 3117 2114 3466 3730
4 3036 3285 2688 3544
4 1867 3978 1860 4221
4 3079 2827 3772 4098
4 2757 3985 3034 4224
4 1354 1364 1363 3943
4 2697 3240 3235 3753
4 2860 2925 3811 4220
4 3174 4160 3629 4295
4 170 168 178 4180
4 2341 2342 2338 3343
4 4037 4229 2700 4230
4 2959 3101 2727 3854
4 2950 3649 3166 3994
4 1197 3833 1227 4309
4 2925 3078 2860 3904
4 2884 2755 3456 3954
4 1300 4033 1299 4216
4 1558 3419 1557 4286
4 2604 4079 2780 4204
4 2915 2721 3564 3565
4 2972 3111 2702 3334
4 2289 3366 2290 3857
4 2600 2897 3688 4020
4 2612 2811 2534 4174
4 2846 3274 3820 4009
4 145 143 131 3537
4 3294 3544 2164 3913
4 2593 2603 2730 2991
4 239 2713 3752 4208
4 690 3844 3243 3917
4 2633 2831 2673 3981
4 3207 3940 2517 4226
4 2087 2096 2088 3156
4 21 66 168 3394
4 3028 3188 3967 3968
4 897 881 879 3454
4 2645 2555 2809 4204
4 2249 2231 2230 3868
4 3468 3668 2883 3801
4 3546 3673 3232 4293
4 2719 3484 3173 4264
4 2653 3701 3162 4283
4 14 179 57 3355
4 499 3144 502 3603
4 1722 3730 2078 4197
4 569 571 570 4129
4 737 761 735 3251
4 316 3404 303 3796
4 2512 3763 3677 3998
4 3259 3505 3170 4029
4 205 3999 3292 4306
4 2609 3470 2835 4051
4 1330 3152 1331 4225
4 507 508 499 3508
4 2952 4074 3977 4152
4 453 2986 4003 4215
4 718 3227 717 4188
4 2766 3342 3338 3578
4 367 3498 355 3740
4 169 161 3300 4206
4 2509 2596 3318 3987
4 1141 3098 1140 4222
4 1718 1725 3012 4228
4 1527 1523 3741 4012
4 2770 2518 3560 4276
4 115 3889 105 4069
4 2097 2098 2078 4197
4 3216 3672 3602 4092
4 2540 3131 3436 4009
4 2975 3674 3673 4293
4 2579 3262 2616 4338
4 1652 1697 3655 4305
4 906 3351 2876 4126
4 2525 2638 2565 4334
4 2525 3658 3659 4335
4 580 588 579 3545
4 2370 2371 2366 4304
4 3170 3553 3349 4095
4 888 2876 3594 4308
4 2128 1141 1140 4222
4 2550 4230 3972 4331
4 2985 3482 2871 4076
4 300 314 302 3479
4 1029 1030 1038 3406
4 2474 2478 1339 2475
4 3042 3393 2878 4323
4 701 702 708 3886
4 785 810 787 4321
4 960 3653 985 4169
4 1554 1578 1579 4100
4 182 3212 202 3889
4 3088 4116 3327 4340
4 2444 2447 2448 3412
4 1021 1045 1046 4318
4 438 430 433 3138
4 239 2861 2713 4208
4 1042 1967 1968 4162
4 3051 2812 3633 4059
4 540 3186 3737 3915
4 3041 3292 2743 4210
4 2567 2671 2751 3447
4 2663 3034 3985 4224
4 1369 1368 1365 3143
4 1968 1043 1042 4162
4 1527 1520 1526 3741
4 2922 3015 2671 4086
4 2664 3641 2978 4255
4 2967 2968 2671 3485
4 2923 3872 3257 3922
4 2565 2709 2601 2988
4 3080 3104 2732 3899
4 3201 2960 3743 3992
4 1195 1220 1219 3359
4 859 3371 3326 4143
4 2720 4112 4191 4336
4 1569 3305 1567 4146
4 933 3534 932 4298
4 3174 2767 4160 4295
4 719 3251 725 4053
4 3035 3787 3692 4166
4 2256 3868 2248 3893
4 2678 3790 2954 3875
4 3208 3354 2745 4256
4 2660 3709 3155 4150
4 2639 3308 2567 3476
4 1422 600 485 3895
4 546 556 555 3545
4 129 49 155 3073
4 2186 3606 3486 4320
4 2518 2621 3560 4170
4 3230 3231 3755 4260
4 403 3255 401 3928
4 3028 4249 2803 4289
4 1046 1022 1021 4318
4 3175 3802 3150 3961
4 3338 3578 3484 4224
4 1047 1140 1023 4318
4 1760 3574 1754 3925
4 1238 1155 3265 4278
4 2773 3216 2592 3444
4 2617 3354 3330 4288
4 1528 684 592 4243
4 1948 1947 1939 3744
4 1373 3143 1376 3708
4 2806 3183 2750 4227
4 210 4122 205 4306
4 2745 3057 2978 4256
4 2625 3382 3043 3736
4 506 3299 515 4333
4 1692 3253 1701 4132
4 2410 2402 2411 3664
4 2501 2593 3905 4039
4 3640 3661 2497 3831
4 412 3618 3425 3928
4 2499 3263 3163 4084
4 3025 3638 1519 4168
4 2547 2515 3520 4109
4 2755 3064 2782 4082
4 2596 4073 2728 4080
4 2623 3302 2840 3788
4 3441 3715 2875 3814
4 2098 2079 2078 4197
4 2606 4177 2796 4302
4 1766 3317 3316 3932
4 2618 2750 3194 3810
4 1140 2127 2128 4222
4 2597 3631 3180 4041
4 1243 1242 3464 4239
4 3530 3894 2610 4117
4 2723 2878 2608 2947
4 3415 4258 2529 4291
4 1161 1163 1162 3398
4 992 994 993 4005
4 1848 1834 1833 4221
4 2408 3112 2400 3492
4 2561 2578 4094 4203
4 1392 1401 1403 3501
4 3347 3692 3630 4166
4 786 784 785 3426
4 2589 2776 3071 3793
4 3047 3783 3100 4314
4 2764 3807 3503 3948
4 3037 3058 2931 4196
4 2169 3126 2171 4042
4 3214 3562 1628 4305
4 2089 3253 2070 3914
4 2046 2022 2021 3253
4 1308 1312 3148 4250
4 1623 3610 1639 4282
4 2535 3632 3747 4001
4 300 3086 315 3479
4 661 3139 660 3634
4 2627 3923 2853 4299
4 907 900 914 4308
4 2806 3183 3396 3779
4 3226 2928 3885 4270
4 424 422 423 3887
4 1064 1075 1063 4030
4 700 3608 2887 4313
4 3405 3655 3204 3874
4 2551 2623 2515 3302
4 1707 3205 1706 3614
4 1383 3569 1382 3671
4 1280 1278 1277 3876
4 1509 1519 3025 3638
4 2185 2186 2180 3948
4 157 177 3372 3566
4 2121 3487 2374 3932
4 2933 2919 3719 4216
4 3038 2696 3442 3720
4 2897 4020 3184 4021
4 3238 4094 2578 4203
4 248 3321 252 3970
4 239 3752 2713 3911
4 232 244 246 3813
4 2508 3250 2538 3711
4 1838 1822 2429 3976
4 1239 2237 1238 4278
4 2238 2237 1239 4278
4 1076 1078 1090 4296
4 2759 3514 3497 4213
4 916 2930 3962 4298
4 1867 3628 1874 3978
4 2246 2247 3827 3893
4 524 523 520 3258
4 2903 2916 2619 3237
4 2549 4047 3330 4288
4 2240 3616 2239 3852
4 1057 3505 1060 3534
4 3202 3811 3066 4279
4 455 462 3019 3481
4 2848 3457 3362 3818
4 2986 2765 3749 4127
4 3458 3799 3054 4010
4 1938 1927 1939 3269
4 379 381 367 3498
4 827 831 3888 3979
4 1433 1434 1427 3460
4 2240 1241 3616 3852
4 3048 2856 3491 4027
4 2500 3560 2554 3602
4 3483 3792 3074 4272
4 2205 2204 2212 3539
4 3193 4061 3044 4091
4 2805 3029 3311 4282
4 792 3141 3613 3939
4 2672 4093 3277 4261
4 1791 3408 1790 3586
4 1707 1714 1702 3205
4 67 3743 2960 3992
4 1412 3993 3397 4012
4 2038 2039 2013 3445
4 486 1345 1344 3530
4 2592 4183 2553 4267
4 700 2887 3886 4313
4 2899 3382 2655 4075
4 1707 1716 3205 3614
4 1943 3020 2994 4194
4 2753 3180 3631 4041
4 2879 3828 3511 3909
4 96 2877 80 4186
4 3049 3991 2821 4126
4 2978 3712 3319 3990
4 2021 2022 1692 3253
4 1033 1034 3565 3942
4 2518 3643 3560 4276
4 1019 4005 990 4169
4 1320 3228 3778 4272
4 2875 3715 3411 3814
4 1032 3564 808 3954
4 2704 2964 2953 3492
4 3131 3561 2888 4123
4 1166 3261 1164 4185
4 3189 3682 3010 4072
4 1280 2319 2321 2784
4 2632 2775 2989 3448
4 2116 2117 3918 4304
4 3275 3082 3602 4218
4 835 832 838 4052
4 1111 3668 3098 3768
4 3077 3384 3016 3724
4 3671 3708 2714 3718
4 2550 3415 3277 4291
4 2719 3038 3702 3720
4 3048 3481 447 4214
4 1810 1799 1811 3936
4 1229 1230 1201 4309
4 57 71 3355 3743
4 2980 3177 2793 3284
4 3416 3767 3766 4285
4 1197 1227 1228 4309
4 3142 3615 3389 4187
4 3062 3505 2656 3803
4 1790 3586 3192 3903
4 1804 3408 1791 3586
4 1610 1565 1567 4146
4 2761 3470 2630 3590
4 3503 3948 3807 3964
4 3399 3892 2980 3944
4 1593 1594 3548 4000
4 563 592 564 4234
4 2666 4037 3529 4097
4 349 324 3862 4294
4 3546 3891 3533 4293
4 513 520 3258 3737
4 2770 2956 3750 4102
4 205 4122 3999 4306
4 2685 3290 2754 4269
4 2606 3761 3716 4177
4 700 2887 3608 3887
4 2516 3761 2571 3842
4 2562 3949 3847 4142
4 2971 3795 2572 3864
4 1162 1160 1161 3398
4 3232 2904 3849 4289
4 1039 1038 3406 3805
4 2496 3193 4001 4091
4 571 4055 570 4129
4 3109 3270 2539 4049
4 410 407 408 3371
4 728 3403 729 4014
4 3014 3624 2710 3851
4 3227 2827 4053 4188
4 2631 3997 2823 4109
4 2802 3509 2941 4311
4 501 3603 503 3898
4 2819 3691 166 4106
4 3079 4098 3867 4312
4 2589 3071 2764 3122
4 1845 2907 3427 3585
4 3144 3696 3254 4267
4 2690 3605 2585 3909
4 463 514 468 3792
4 1747 1748 2937 4067
4 1347 3933 491 4236
4 3208 2745 4255 4256
4 295 279 3551 3575
4 2111 3706 2964 4319
4 1862 3329 1863 3427
4 2888 3750 3436 4123
4 344 345 3337 3996
4 2621 3274 3854 4009
4 400 409 408 3371
4 213 3510 212 4210
4 3221 3494 3162 3497
4 2606 2796 3331 3665
4 1530 1531 3773 4100
4 547 546 555 3950
4 3491 3854 3048 4009
4 3253 3914 2089 4228
4 2862 3125 3286 3882
4 692 3572 693 3753
4 985 3653 986 4169
4 2656 3505 3093 3803
4 2519 3252 4001 4091
4 1203 1205 1204 4185
4 2909 3452 3451 4114
4 2600 2697 3175 3802
4 838 839 847 4052
4 1342 1337 1338 3101
4 2717 2711 3141 3735
4 1674 3620 1675 3780
4 2672 3415 3373 4230
4 2574 2753 3631 4041
4 2802 3613 3141 3939
4 2891 3636 3638 4168
4 2574 3631 3157 4041
4 2753 3397 3853 4012
4 2297 2305 2298 3896
4 1307 1305 1306 3906
4 2780 3153 2985 4164
4 3095 3445 4045 4197
4 3598 4003 465 4322
4 58 2920 73 3865
4 2421 1804 2427 4202
4 1617 3917 3223 4321
4 1701 3713 3253 3823
4 795 796 804 4312
4 1663 3273 1671 4282
4 1233 1209 1207 4164
4 906 921 3351 4126
4 2496 3193 4061 4259
4 1705 3445 3361 4197
4 405 412 402 3618
4 490 3309 1349 4236
4 1935 1945 3229 3965
4 2718 2652 2751 2938
4 1167 1208 1169 4134
4 2881 3592 3766 4285
4 809 810 785 4321
4 2428 2431 2429 4070
4 677 678 693 3572
4 3589 3977 1458 4152
4 2513 3357 3593 4292
4 256 3370 2898 3383
4 3008 3321 2879 3828
4 2119 2120 2118 4205
4 2702 3255 2887 4244
4 2966 3252 2781 3488
4 2479 2961 2477 3607
4 2922 2671 3168 4086
4 122 113 118 4062
4 2518 3262 3082 4277
4 2668 3062 2930 3552
4 3157 3478 2948 3883
4 93 4084 3161 4106
4 2765 2987 2866 3704
4 2770 2956 3436 3750
4 2590 3336 3102 3749
4 2778 2629 3615 4191
4 3047 3100 2514 4090
4 3455 3537 2623 3934
4 3048 3481 2856 4027
4 2589 2764 2864 3039
4 1995 3485 3375 3577
4 3314 3528 3021 4038
4 2565 2601 2775 2988
4 2746 3118 3389 3758
4 1301 2959 3101 4156
4 677 678 3572 4263
4 1384 1378 1381 3395
4 2582 2537 3523 4274
4 1673 1591 1599 3922
4 2695 3268 3186 4129
4 1082 1080 3681 4296
4 2854 3511 3479 3828
4 2606 3761 2530 4302
4 3628 4103 2912 4221
4 2925 3119 3636 3637
4 2498 3759 3452 3760
4 1198 3833 1199 4193
4 3338 3342 2766 3470
4 403 414 404 3887
4 2730 2808 2604 3261
4 2807 4181 3223 4321
4 2696 3038 3442 3563
4 2533 2698 2574 3458
4 2551 2674 2889 3302
4 228 236 3324 3911
4 3259 3505 1063 4030
4 742 780 782 4014
4 2706 3235 3094 3900
4 914 915 923 3552
4 1909 1924 1923 3496
4 468 514 525 3792
4 2718 2652 3318 4226
4 3142 2975 3674 3675
4 2699 3004 3003 3128
4 2814 3703 4013 4257
4 3189 3687 532 4035
4 2961 3607 3125 3863
4 380 3739 3514 3740
4 3019 3074 2678 4027
4 3016 3177 2980 3284
4 2519 3871 3193 3988
4 3399 3794 1951 4194
4 203 191 189 3890
4 2499 2984 2979 3788
4 2802 3107 3980 4283
4 315 3839 3086 3996
4 3263 3779 2499 4271
4 3559 3624 2897 3688
4 3362 3432 1779 3903
4 2007 3445 3095 3764
4 1109 3120 1188 3699
4 135 152 3262 4277
4 2406 3314 3070 4038
4 1444 1425 1447 3239
4 1390 3718 1396 4195
4 3134 3745 390 3784
4 2785 3432 3362 3599
4 527 553 526 3228
4 2932 3599 3457 3818
4 1234 3153 2234 4085
4 2657 3866 2812 4113
4 194 3212 202 3890
4 2971 3864 2572 4154
4 2529 3184 3415 4291
4 1799 3702 3770 3936
4 1402 1404 1401 3246
4 2562 2641 3949 4247
4 3033 3236 4145 4328
4 1056 3170 3534 4029
4 863 862 3111 3927
4 412 3425 3618 4223
4 1085 3681 1122 3833
4 1661 1663 1637 4198
4 2744 3438 3402 3648
4 638 4238 3287 4263
4 742 782 744 4014
4 1819 1832 1818 3563
4 3369 3224 3567 4287
4 2567 2731 3447 3816
4 2501 3905 3201 4039
4 1651 1653 1654 4305
4 2692 2916 2619 3198
4 2801 4125 2699 4161
4 2068 2084 2085 4242
4 2965 3034 3932 4228
4 2366 2115 2365 3466
4 2696 3846 2881 4264
4 2239 3127 2268 4278
4 2573 3453 4137 4297
4 2926 3065 3042 3210
4 2511 3330 3354 4326
4 1949 3714 1840 3892
4 2821 2675 3049 3351
4 995 996 997 3128
4 2506 3441 2552 3722
4 798 806 797 4189
4 882 3178 889 4266
4 2714 3154 3143 3591
4 2881 3484 3985 4264
4 1491 1490 1502 3576
4 2533 3537 2806 3788
4 278 3970 2940 4031
4 1303 1305 1307 3906
4 2699 3004 3128 4161
4 719 716 712 4053
4 886 3617 3064 3879
4 2452 2448 2451 3627
4 1203 1231 1205 4164
4 3094 4060 3430 4135
4 1976 1995 3091 3577
4 3070 2396 3408 4176
4 2813 3197 2660 3697
4 2993 3177 2793 3714
4 1115 1114 3668 3801
4 2651 2889 2533 3302
4 3207 3310 2520 3841
4 1101 3120 1109 4004
4 2872 3149 3101 3624
4 216 215 3510 3958
4 3200 3685 2911 4088
4 3195 3348 3138 3686
4 146 3455 3262 3500
4 2452 2451 3291 3627
4 1621 3610 1620 4198
4 373 3129 3739 4104
4 2550 3415 3972 4230
4 1798 3702 1810 3935
4 2790 3304 2983 3461
4 195 3710 201 4217
4 1724 1723 1717 3614
4 1141 3771 3768 4222
4 3236 4145 3797 4237
4 2772 2971 2733 3795
4 3068 3249 2921 4276
4 2992 3912 1723 4212
4 2920 3643 3248 4102
4 2214 2217 2215 3807
4 2523 4204 2564 4253
4 1277 1276 2318 4085
4 163 167 169 4062
4 2846 3274 3048 3348
4 2906 3884 3663 4143
4 243 2861 249 3370
4 2692 3260 3596 4083
4 2585 3410 2879 4066
4 2664 3174 3819 4295
4 3024 3236 4036 4116
4 1192 3121 1184 3450
4 2021 3253 1692 4132
4 2694 2905 3319 3712
4 2651 3286 2900 3335
4 3129 3645 2816 4104
4 326 3862 3136 4200
4 2807 3573 2617 4181
4 103 87 2587 3056
4 2887 3255 2804 4244
4 2476 2475 3014 4065
4 2075 2967 2057 4034
4 1221 3265 1139 3699
4 3311 3445 1982 3764
4 2552 2557 3041 3441
4 2943 3311 2752 3764
4 89 80 96 2877
4 2831 3777 3401 3966
4 2623 3517 2515 3934
4 2904 3969 3849 4289
4 467 3019 462 4027
4 3323 4039 2960 4209
4 708 3886 2886 4313
4 324 3087 307 3862
4 1962 1945 1959 3229
4 1599 1678 1673 3922
4 528 532 3687 4035
4 153 146 3262 3500
4 2720 3362 3192 3903
4 484 483 3790 3908
4 741 3141 781 3735
4 3052 3348 2846 3491
4 2846 3820 3131 4009
4 1471 1472 1464 3368
4 2585 2879 3410 3909
4 2315 2314 2263 3393
4 2530 3199 3761 3789
4 844 3332 854 3927
4 731 3806 732 4188
4 2465 2466 2463 3516
4 1760 3279 1754 3574
4 77 70 125 3984
4 1224 1223 1214 4144
4 543 3737 529 4035
4 184 193 183 3640
4 2645 2809 2776 2985
4 630 4159 638 4238
4 1608 1601 1600 4060
4 2307 3539 3525 4252
4 2574 3458 3478 3799
4 2763 3466 3117 3518
4 135 137 152 2921
4 2509 3495 3981 4073
4 1457 1458 1455 4152
4 3093 3535 2801 3803
4 1722 1715 3361 4197
4 2992 3574 2935 3982
4 1861 2907 1876 3329
4 347 826 3289 3742
4 2611 3063 2527 3357
4 2910 2805 3273 3610
4 2523 2604 4204 4253
4 2505 3310 3323 3987
4 237 3813 3752 3911
4 2439 3026 2442 3651
4 1389 1391 1399 3569
4 1806 1797 1807 3442
4 876 863 3111 3927
4 174 113 43 122
4 549 550 3861 4139
4 1987 3423 2011 3480
4 2581 3130 2638 4334
4 203 189 179 3743
4 3523 4245 2582 4274
4 2546 3194 3779 3810
4 896 3454 3334 3608
4 2824 4254 3144 4267
4 401 3255 391 3928
4 369 367 381 3498
4 2564 3524 2555 4245
4 2892 3051 2946 3877
4 1894 1895 1909 3531
4 2667 2870 3527 4179
4 2604 2808 2780 3261
4 3259 3619 3022 4296
4 1867 1866 1874 3628
4 1656 1654 1653 4305
4 3429 3884 416 4223
4 2505 3310 3212 3323
4 1124 1031 1102 3350
4 2626 2584 3202 3392
4 1567 1611 1610 4146
4 2920 3275 2500 3865
4 2504 3692 3787 4166
4 2556 2948 3478 3883
4 1949 1950 1951 3399
4 2514 3369 3458 3478
4 3298 3772 2827 4098
4 1469 1477 1470 3635
4 2158 2003 2157 4011
4 1060 3505 1061 4029
4 2514 3369 3209 3458
4 2625 2702 3467 4244
4 3619 3966 1090 4296
4 3103 3175 2734 3840
4 3173 3484 2545 3600
4 3069 3645 2816 3705
4 2891 3636 3554 3638
4 1764 1760 1754 3925
4 861 3580 858 3617
4 4048 4183 2869 4267
4 1031 1015 1102 3350
4 3368 3460 1465 3635
4 456 462 454 4027
4 2709 3130 2798 4334
4 1775 1785 1776 4096
4 2597 3157 3631 4041
4 2963 3750 3684 3952
4 2745 2939 3419 4028
4 539 540 3737 3915
4 1331 3152 1323 4225
4 1632 3519 1551 4028
4 2806 3392 2626 3788
4 560 598 3926 4055
4 3192 3362 3279 3903
4 2857 3153 3472 4085
4 3142 2929 3674 4293
4 2917 3640 3583 3831
4 2707 2789 3119 3272
4 2609 2835 3447 4051
4 2590 2959 2765 3116
4 1265 2726 1263 3881
4 812 791 789 4321
4 247 237 246 3752
4 3520 3711 2538 4257
4 439 451 441 3254
4 3530 3721 1357 3843
4 2994 3899 2732 4187
4 2753 3853 3397 4141
4 2746 3389 2975 3758
4 80 3691 3381 4186
4 2854 2868 3511 3909
4 1927 1913 1928 4131
4 1615 1575 1646 3649
4 3494 3497 2543 3573
4 1125 3350 3401 3804
4 1646 1694 1615 3649
4 2719 3720 3266 4264
4 1111 3435 3098 3668
4 3081 3609 3290 3716
4 2745 2978 3419 4255
4 2795 3507 3022 3681
4 3525 3539 2307 4042
4 3143 3671 1376 3708
4 3331 3332 2901 3662
4 2054 2055 2052 3168
4 590 591 609 3834
4 1328 3778 3477 4272
4 2533 2889 2698 4002
4 2682 2834 2605 3660
4 2539 2632 2775 3109
4 2466 3516 2465 4068
4 2596 2728 2659 4080
4 2633 2821 2880 3350
4 2656 3505 3259 4030
4 313 323 3289 4269
4 1741 2844 1743 3246
4 169 3300 3381 4206
4 3216 3444 2771 3694
4 777 3456 778 4189
4 2281 2259 2258 3431
4 1521 1516 1511 3690
4 46 105 182 3889
4 2930 3178 2668 4308
4 2629 3443 2778 3615
4 994 996 3128 4005
4 2538 2610 3063 4117
4 2614 3130 2654 4334
4 2655 2997 3605 3909
4 3338 3342 2701 3578
4 3171 4125 3677 4161
4 2648 3600 3009 4088
4 2432 1295 1294 1355
4 2616 3465 3455 4002
4 247 249 239 2861
4 2651 2862 3286 3335
4 186 202 194 3212
4 3048 3491 2856 3854
4 3287 3644 2873 3924
4 3263 3537 2499 3788
4 1444 1446 1443 3239
4 2114 2365 3466 4176
4 2763 2943 2852 3423
4 142 98 35 149
4 2771 3623 2772 3704
4 3341 3347 3035 3830
4 2308 2267 2269 3525
4 283 277 293 3609
4 1446 1444 1445 3239
4 2309 2308 2269 3525
4 2110 3295 2109 4086
4 2556 3474 4044 4155
4 2691 2946 2892 3660
4 2583 2687 3489 3775
4 833 830 837 3901
4 2360 3367 2359 3597
4 3125 3607 2441 3863
4 2430 1831 1830 3785
4 1388 3718 1390 4196
4 1062 3435 3093 3535
4 2681 3022 2795 3929
4 1009 3942 1025 3954
4 3564 3679 824 4050
4 2903 2916 2783 3888
4 3049 3351 2675 3859
4 2554 3230 3672 4260
4 2839 3122 2748 3768
4 2808 3282 3472 4204
4 1576 4081 3460 4140
4 2389 2488 2399 3492
4 2504 4110 3841 4166
4 2677 3299 3052 4008
4 2119 3280 2117 4304
4 3084 2785 3432 4121
4 2724 3045 3955 4008
4 2619 2692 3198 3595
4 2991 2729 3121 3450
4 1439 1438 3635 4265
4 69 141 17 3275
4 2685 2625 2901 4177
4 1398 3307 3058 4063
4 2659 3393 3042 4323
4 1232 1233 1207 4164
4 2672 3738 3415 4230
4 4119 4120 2958 4300
4 3629 4160 2767 4295
4 2497 3209 3054 4010
4 2561 2852 2748 3793
4 797 3320 796 4312
4 2154 3071 2148 3956
4 2778 3090 3475 4191
4 984 3653 3433 3734
4 2719 3005 2965 3317
4 2532 3308 3476 3870
4 538 540 3915 4129
4 653 684 685 4234
4 2882 3493 2812 4113
4 2591 2637 3510 3958
4 2504 3841 3630 4166
4 2528 4297 3570 4326
4 3072 3420 3569 3741
4 3270 4049 2877 4186
4 305 292 304 3609
4 1078 1076 4030 4296
4 3417 4297 2528 4326
4 2875 3865 2500 4092
4 3202 3811 2686 4220
4 1832 1833 1834 3821
4 542 3186 570 4055
4 2652 2721 3590 4051
4 355 3498 2902 3740
4 789 811 812 4321
4 2882 3579 3080 4124
4 2560 2825 3248 3814
4 2585 3605 3231 3689
4 2822 4078 2703 4247
4 2188 3606 2864 4054
4 1564 1562 3654 4146
4 2824 3186 2693 4048
4 2466 3516 4068 4074
4 1166 1164 3261 4022
4 2840 2845 3838 4064
4 1601 1593 1600 4000
4 2633 3401 2831 3777
4 3495 3905 2593 4073
4 125 70 116 3984
4 3239 2862 3671 3943
4 2500 2875 3814 3865
4 2558 3238 2752 4203
4 2670 3194 3490 4040
4 726 737 734 3251
4 1203 1230 1231 4164
4 2517 3308 4314 4315
4 2973 3530 2722 3727
4 224 3244 3245 3951
4 1108 1107 1099 4004
4 1796 1797 1792 1795
4 1795 3442 3266 3720
4 785 3426 784 3844
4 2797 3797 3430 4043
4 2870 3215 3682 3732
4 450 3110 3400 4215
4 1818 1808 1807 3563
4 2781 2957 3754 4091
4 1981 3311 1965 4165
4 2872 3688 2734 3802
4 3378 3490 3109 3675
4 2473 2445 2477 3607
4 3197 3625 3136 3697
4 1600 1593 1592 4000
4 449 450 457 3110
4 256 2898 255 3973
4 1990 1701 1660 3713
4 154 42 163 3953
4 2702 3111 2901 3332
4 185 3787 3341 4166
4 877 3334 3111 3608
4 66 70 77 3984
4 2590 3116 2765 3921
4 408 409 410 3371
4 456 463 462 4027
4 211 220 3114 4306
4 2638 2581 2708 3130
4 303 3404 304 3796
4 2633 3553 2876 4172
4 2725 3731 2992 3982
4 655 685 3011 4234
4 1146 3482 3468 3769
4 2873 3840 3277 4261
4 2696 3266 3084 3442
4 2536 3047 4268 4314
4 2871 3312 2985 4309
4 2686 3501 2838 3637
4 184 183 180 4110
4 2834 3115 2605 3531
4 57 179 13 3743
4 1788 1802 3586 3903
4 165 155 49 3073
4 1444 1443 1425 3239
4 3133 3151 4056 4112
4 3176 3823 1656 4305
4 2528 3489 3570 4297
4 2781 3639 3826 4180
4 1042 3164 1018 4162
4 2951 4184 3762 4329
4 1459 2457 2458 4152
4 2530 4177 2606 4302
4 2653 2886 3701 4283
4 698 3812 3132 3986
4 3238 4203 2578 4211
4 1219 1195 1187 1220
4 3762 2818 4041 4329
4 2643 3002 2972 3333
4 2916 2692 3669 3670
4 3069 3371 407 3884
4 3051 3837 2834 4148
4 3013 3401 1128 4004
4 2522 3212 2526 3889
4 1567 3305 1611 4146
4 1548 3057 1547 4100
4 1514 1505 1506 3288
4 2649 3287 2873 3924
4 2627 3571 3647 4023
4 2632 3615 2741 4187
4 2887 2886 3886 4313
4 2268 3616 2270 3746
4 2801 3098 2883 4161
4 417 407 3371 3884
4 2554 3672 3444 4260
4 2744 2553 3726 4183
4 1015 3349 3350 3991
4 2363 3730 3346 4176
4 3141 812 3735 4321
4 2699 3003 3004 3164
4 2652 3470 3590 3940
4 1091 3619 1090 4296
4 155 159 158 3517
4 3008 3575 2940 4031
4 495 606 493 3790
4 1879 3493 3628 3633
4 3032 3648 3647 4023
4 592 1415 1528 4243
4 468 3792 3074 4027
4 2556 3883 4044 4287
4 1384 3501 1392 3637
4 1833 1853 1848 4221
4 2273 2271 2270 3746
4 3279 3362 3192 3765
4 3420 3690 1516 3741
4 2116 2115 2366 3466
4 3008 2940 3970 4031
4 2517 2567 3308 3870
4 2975 2746 3424 4137
4 2819 3517 3161 4106
4 3665 3669 2692 3670
4 157 170 177 3566
4 2372 3414 2119 4304
4 2214 3503 3807 3964
4 1380 2931 1379 4196
4 128 3639 114 3984
4 2763 2896 3117 3466
4 3048 2846 3348 3491
4 1944 2989 1943 3693
4 3514 3740 3739 4213
4 2427 3211 1831 4171
4 2565 2539 2775 3270
4 2130 3122 2146 3956
4 3236 4116 2913 4237
4 2886 3403 715 4313
4 3330 3995 2611 4288
4 2804 3497 2759 3514
4 2606 3331 2796 4177
4 1832 3821 3563 4059
4 1651 3655 3214 4305
4 2602 4037 2906 4082
4 2916 3237 2783 4083
4 2805 3029 2910 4211
4 1974 1991 1989 3556
4 2434 2432 2433 3591
4 2527 2538 3711 4257
4 2535 4334 4246 4335
4 2590 3500 3336 3749
4 2772 3216 2570 3795
4 2782 3942 3733 3954
4 1825 1814 3585 3586
4 2613 3853 3066 4220
4 2965 3985 2757 4224
4 490 491 489 3446
4 2791 3365 2947 3832
4 2547 2687 2817 3037
4 2770 3249 3248 3848
4 2752 2943 2748 4203
4 2536 2605 3660 4268
4 3468 3507 1081 3801
4 2776 2645 2985 3160
4 1663 3273 1638 4198
4 950 1056 1058 3170
4 2604 3763 3123 3998
4 700 3886 2887 3887
4 586 607 584 3228
4 1396 1399 1410 3725
4 2550 3972 3415 4291
4 2711 2617 4211 4324
4 2028 3375 1996 3485
4 2899 3796 3752 4207
4 403 413 414 3887
4 1990 2023 1701 3713
4 2618 2980 2682 3016
4 2610 3864 2971 4154
4 2790 3108 3304 3461
4 1384 1386 3395 3637
4 2906 3134 3326 4037
4 2500 3672 3230 3755
4 144 153 3262 3500
4 2938 3091 2751 3577
4 527 554 553 3228
4 2937 4064 3838 4067
4 3179 3670 3178 4190
4 2586 2898 2822 3197
4 1869 3877 3051 4059
4 2682 2980 2882 4113
4 2597 3762 2797 3774
4 2722 2787 3530 4117
4 1911 3115 1912 3837
4 2368 3346 2383 4176
4 2772 2733 2971 3623
4 2634 2896 2763 2962
4 3546 3758 3673 4293
4 3368 2905 4136 4140
4 1059 1069 3435 3535
4 3602 3672 2554 4092
4 2633 3350 2880 3777
4 1456 3977 1455 4152
4 2547 3520 2508 4118
4 3287 3695 647 4263
4 3191 3845 3310 4217
4 2511 3354 3632 4326
4 2505 3212 194 3890
4 1396 1410 3145 3725
4 1079 3507 1078 4030
4 2571 2660 2586 3698
4 2615 3147 3291 4026
4 2551 2631 2817 4111
4 530 560 531 4055
4 2023 3713 1990 4132
4 2877 2502 3691 4186
4 1537 3654 1536 3753
4 2602 2721 3590 3902
4 1382 1376 3671 3708
4 2543 3357 2712 3573
4 2394 2382 2376 3506
4 2597 4024 3180 4340
4 965 3128 966 3535
4 153 129 146 3520
4 3851 4044 3883 4287
4 2662 2774 2720 3586
4 2526 2669 2603 4080
4 2844 1743 3246 3904
4 2463 3516 2466 4074
4 1993 3091 3375 3556
4 3003 3652 2972 3910
4 2529 3415 3590 4258
4 361 828 3979 4101
4 2883 2839 3768 3769
4 3340 3779 2750 3810
4 2820 3377 3672 4260
4 1131 3699 3013 4004
4 2007 3764 3095 4045
4 2561 2748 2943 4203
4 2778 3615 3443 3786
4 1840 1839 1937 3892
4 1505 1504 1487 3239
4 868 3594 3198 3670
4 1474 3272 1475 3843
4 1167 3261 1166 4185
4 2501 3789 3199 3800
4 2543 3221 3494 3726
4 3218 3458 2698 4002
4 2601 2988 2709 3700
4 76 150 69 3276
4 2560 3296 2825 4066
4 2596 3987 2509 4073
4 17 58 69 3275
4 1601 3430 4000 4060
4 69 76 3276 3865
4 1973 3564 3556 3679
4 362 360 350 3337
4 3315 3925 2908 4077
4 521 520 523 3258
4 2419 1799 2410 4096
4 2622 3306 3055 3309
4 1975 3091 3556 3565
4 2910 2924 3680 4198
4 1062 3505 3093 4030
4 1152 1151 3264 3913
4 1160 3398 1158 4193
4 2795 3929 2575 4079
4 1681 1676 1680 3620
4 82 93 3163 4084
4 3860 4018 3407 4182
4 2750 3779 3194 3810
4 2729 2730 3007 3450
4 2523 2676 2526 4069
4 2392 1777 3487 3664
4 3081 3716 2640 3761
4 2698 3125 2961 3607
4 2497 3583 3783 3845
4 2733 3795 2971 3864
4 2237 2171 2142 4278
4 2266 2238 2239 4278
4 2572 3446 2779 4154
4 1593 1601 1594 4000
4 1602 1594 1601 4000
4 931 932 4095 4298
4 3166 3986 3067 3994
4 534 3268 517 4151
4 598 597 599 3926
4 3889 3890 2526 4069
4 2175 2177 2178 3964
4 2495 3646 3826 4180
4 3363 3400 429 3623
4 2720 4112 3798 4191
4 2806 3396 2979 3779
4 2458 3240 3235 4068
4 2754 3331 3105 4101
4 696 695 3986 4199
4 1400 1391 1523 3569
4 2400 3112 2403 3506
4 79 3394 56 3722
4 2707 3108 2789 3272
4 3712 4046 2664 4256
4 2822 2703 3136 4247
4 1325 3240 3175 3753
4 2821 3351 3049 4126
4 2908 3766 3592 4285
4 2527 3711 4013 4257
4 3311 3734 2752 4162
4 2294 2287 2286 3365
4 2587 2670 4087 4271
4 551 636 644 3463
4 344 314 315 3839
4 3067 3994 3986 4199
4 2773 2815 3499 3696
4 136 134 135 2579
4 1925 1927 1938 3269
4 2621 3274 2866 3854
4 2603 2991 2728 3040
4 1898 1897 1911 4131
4 2164 2163 3294 3913
4 2852 3480 2748 3771
4 1586 3990 1578 4140
4 922 3553 923 4126
4 3104 3579 3493 4115
4 1224 1214 1215 4144
4 2541 3567 2630 3940
4 3549 3599 2785 4119
4 3015 3295 2123 3506
4 2124 2109 3295 4086
4 3684 3750 2963 3949
4 2873 3287 3103 4263
4 431 428 3400 3499
4 2829 2712 3139 3773
4 97 3658 95 4087
4 2232 3153 1232 4163
4 1114 1113 3668 3801
4 148 19 137 74
4 2837 3410 3409 4330
4 2711 3141 3223 4181
4 2065 2081 2082 3518
4 2806 3537 3263 3788
4 3479 3796 2854 4075
4 490 491 3446 4236
4 1880 1865 1868 3633
4 164 40 114 3984
4 2933 2436 3591 3651
4 3139 3215 2941 3844
4 2632 2775 3109 3490
4 3006 3717 2703 3971
4 3029 2711 3433 3735
4 10 112 107 3473
4 3031 3430 3797 4043
4 137 140 148 3418
4 2527 3566 3711 4317
4 1966 3311 1982 4162
4 2589 3071 3122 3793
4 132 152 137 2921
4 2629 3389 3142 3615
4 1826 1825 3427 3586
4 3346 3730 3466 4176
4 2614 2740 3070 3850
4 1911 1913 1927 4131
4 2811 3383 2637 3958
4 3488 3646 2966 4158
4 2879 2665 3409 4248
4 1076 3259 1075 4030
4 2854 3512 2902 4075
4 465 2973 464 4151
4 1654 1652 1651 4305
4 586 584 577 3228
4 156 3381 80 3691
4 346 343 347 348
4 2557 2591 2713 3041
4 1920 3085 2894 3776
4 3028 3969 3188 4249
4 2541 3816 2517 3940
4 2429 3030 2425 4070
4 3233 2529 4258 4291
4 3259 3966 3619 4296
4 3031 4000 3430 4043
4 2496 4001 3193 4259
4 2551 2817 2900 4111
4 107 119 116 2867
4 1827 3211 1816 3586
4 2741 3020 2994 3899
4 2295 2287 2294 3365
4 2780 3282 3153 4164
4 951 738 727 3301
4 3684 3949 2963 4066
4 2619 2531 3237 3596
4 3424 3856 3028 3968
4 2502 4206 4186 4301
4 2913 3822 3504 4237
4 3124 3583 2914 3845
4 3707 3728 2540 4133
4 529 3737 542 4035
4 2308 3525 2309 3832
4 2939 3293 3187 4255
4 1676 1675 1680 3620
4 1948 1962 1961 3744
4 95 88 92 3271
4 640 641 3644 4159
4 2824 3915 3508 4254
4 2879 3244 2868 3813
4 2246 3160 2245 3421
4 1048 3564 1032 3565
4 271 285 284 3748
4 2912 4103 3685 4221
4 1719 3253 1726 4228
4 902 917 713 3663
4 2287 3365 2288 3431
4 85 84 91 3035
4 419 859 870 4143
4 833 838 832 3027
4 2635 2798 3085 3541
4 2982 3530 2787 4117
4 2744 3648 3032 4023
4 3523 3916 3524 4274
4 2520 3207 3841 3870
4 2082 2066 2065 3518
4 617 619 618 3682
4 2592 3444 3247 3989
4 99 91 84 3035
4 1928 1915 1923 3496
4 2532 2833 2639 3308
4 2617 3593 3238 4324
4 3436 3750 3707 3847
4 2662 4167 3632 4336
4 182 105 45 3889
4 2838 3395 3612 3637
4 268 255 269 4233
4 1908 1898 1911 3837
4 3055 3309 489 3446
4 2761 3342 2630 3470
4 2718 2938 2751 3053
4 533 3189 3206 4072
4 339 430 3138 3696
4 851 3326 3076 3617
4 192 148 52 140
4 59 62 3543 3782
4 1547 3057 1531 4100
4 510 3898 512 4232
4 2557 3382 2899 3716
4 1971 3480 4222 4318
4 2190 3486 2222 3945
4 2125 2124 3295 4319
4 127 2867 107 3473
4 2733 2773 2592 2815
4 3389 3758 2629 4293
4 3444 3672 3247 4260
4 358 370 371 3662
4 3182 2584 3392 3968
4 2146 3122 2145 3956
4 1044 3164 3756 4005
4 2563 2682 4090 4268
4 1224 1225 3464 4144
4 3123 3524 2555 4204
4 3286 3412 2800 3651
4 2654 3130 2614 3957
4 2999 2426 3770 4070
4 492 479 484 3908
4 2670 3194 3109 3490
4 2876 3595 2633 3897
4 3484 3578 2663 4224
4 2213 3539 2307 4252
4 2771 3137 3621 3878
4 2600 2697 3802 4044
4 2626 3392 2984 3788
4 1174 3869 3092 4022
4 1739 3034 1730 4228
4 1996 2026 1994 3375
4 2028 2026 1996 3375
4 1046 1045 3756 4318
4 3429 3884 3000 4229
4 3536 3772 3298 4018
4 3070 3314 2396 4176
4 3018 2681 3092 3681
4 2781 2496 3754 3953
4 1687 1686 1697 3405
4 2769 3724 3328 4273
4 786 785 787 3426
4 1495 1608 1600 4060
4 2771 3621 3622 3623
4 3230 3755 3672 4260
4 455 3019 461 4003
4 2587 3270 3056 4335
4 464 534 517 4151
4 3242 3488 3646 4180
4 2592 2843 3696 3989
4 349 3337 345 4294
4 3459 3592 2908 3766
4 1339 1338 1342 2478
4 2732 3443 3142 4187
4 2685 3609 3290 4269
4 2734 3152 3046 3955
4 2873 3695 3089 3812
4 2656 3093 3505 4030
4 909 3608 925 3652
4 2906 3326 3134 3371
4 1285 1287 1272 3358
4 871 884 427 4143
4 31 183 199 88
4 2693 3737 3687 4035
4 73 2576 2920 3313
4 2418 2999 2413 4038
4 2551 2817 3302 3462
4 2643 2801 3803 4125
4 944 3910 3652 4169
4 2865 3136 3006 4200
4 1427 3461 3460 4081
4 2513 3646 3488 4158
4 3633 3685 1865 4059
4 2532 3630 3308 3870
4 2600 3840 3089 4261
4 118 120 106 3044
4 2604 3800 3380 3998
4 185 3191 184 4110
4 2547 2508 4007 4118
4 224 226 225 3245
4 1254 3358 1270 3359
4 2073 3168 2092 4086
4 1638 3273 1663 4282
4 2802 3426 2941 3509
4 3082 3262 4218 4277
4 3233 3972 4142 4291
4 2004 2003 2158 4011
4 536 537 538 3268
4 3095 4045 3518 4197
4 98 142 35 92
4 3186 3915 540 4129
4 206 209 208 4330
4 1578 3990 1579 4100
4 1427 1428 3460 3461
4 2759 2625 3512 4244
4 2552 3441 2875 3722
4 2571 2637 2811 3383
4 1395 1385 1387 4195
4 2846 3348 3052 4327
4 2586 2660 3697 3698
4 2555 2784 2582 3083
4 1750 2492 1747 3515
4 2963 3296 2560 4066
4 2786 3279 3192 3765
4 3660 4153 3100 4268
4 2804 3255 3887 3928
4 744 3433 746 4014
4 2563 3016 3384 4273
4 1652 3655 1651 4305
4 332 333 330 3621
4 81 88 95 3271
4 3703 4013 2820 4092
4 3664 3770 3005 4280
4 2515 3795 3520 4109
4 2458 4068 3235 4152
4 2637 3041 2591 3510
4 372 368 360 3739
4 2997 3959 3512 3960
4 355 3740 2902 3839
4 3585 3586 1800 3903
4 1947 1960 1946 3744
4 618 616 617 3682
4 2812 3633 3493 3837
4 2797 4043 3430 4060
4 1239 1238 3852 4278
4 2444 3607 3412 3627
4 2537 2723 2918 3343
4 638 4159 3287 4238
4 2819 3775 3453 4007
4 2565 2775 2539 3448
4 2813 3625 3197 3697
4 2084 3167 2085 4242
4 481 3727 476 4322
4 1497 3272 1496 3612
4 64 14 57 3355
4 2300 2292 2299 4252
4 113 174 43 163
4 169 3300 171 3953
4 3193 3871 2519 4091
4 72 73 2576 2920
4 2291 2299 2292 4252
4 2984 3453 2573 3775
4 2550 3277 3278 4291
4 2151 3956 2145 3964
4 1835 1832 3563 4059
4 518 536 519 3915
4 1853 1854 1865 4059
4 2693 4048 3352 4254
4 2712 3494 2941 4179
4 114 3639 164 3984
4 2559 3595 3260 3596
4 2204 2195 2194 4252
4 1551 4028 3519 4286
4 14 187 179 3355
4 499 502 3144 3508
4 2258 2257 3431 3868
4 2110 3295 3706 4319
4 3405 3655 1698 4305
4 2502 3747 3417 4206
4 926 3652 944 3910
4 2561 2589 2852 3793
4 2110 2125 3295 4319
4 3799 4010 2514 4227
4 1970 3480 1971 3756
4 2803 4249 3547 4289
4 2204 2205 2195 4252
4 2188 2182 3606 4054
4 2580 2790 2789 4235
4 3045 3950 3545 4232
4 2619 2903 3237 4097
4 2129 2145 3122 3771
4 3436 3820 3131 4123
4 3048 3348 3274 4214
4 2635 2774 2798 3329
4 1616 3061 1617 3917
4 2700 3134 3069 3371
4 2554 3560 3082 3602
4 2673 2828 3017 3265
4 896 897 879 3454
4 3659 3692 2507 3829
4 129 50 138 3517
4 2245 3160 2227 4175
4 914 3552 2930 4298
4 1943 2989 3020 4194
4 3667 4329 4024 4339
4 2178 3948 2151 3964
4 2752 3029 2805 4211
4 3415 3738 2602 4230
4 499 3254 507 3508
4 1900 3085 1902 4219
4 1623 1622 3610 4165
4 2588 3765 3208 3983
4 296 3551 286 3748
4 347 346 4101 4269
4 2501 3992 3473 4039
4 1739 3316 3034 3932
4 3005 3506 3015 4280
4 2535 2565 4334 4335
4 3837 4131 2834 4148
4 1009 3733 1010 3942
4 2873 3103 2649 3840
4 3062 3505 3170 4130
4 3580 3669 848 3670
4 71 63 3313 3542
4 2992 3574 1737 4212
4 2900 1396 3718 4195
4 2891 3741 3078 4168
4 622 624 634 3469
4 3098 3771 2748 4222
4 943 960 3652 3653
4 1037 1036 1028 4275
4 3548 4000 3344 4136
4 1110 3098 3435 4318
4 2405 3408 2404 4202
4 2677 3045 3299 4008
4 202 186 185 3191
4 2823 3864 2722 4154
4 2799 3396 3159 3937
4 120 3523 3044 3754
4 447 4127 446 4214
4 2681 2780 3018 3398
4 157 3372 56 3394
4 2741 3443 3786 4187
4 3677 3678 2575 3763
4 151 3455 145 3537
4 3041 3951 3292 4210
4 2501 3201 3543 3992
4 2098 3730 3117 4197
4 2495 3826 3639 4180
4 56 21 157 3394
4 1320 1315 1314 3778
4 2682 2981 3269 3892
4 1940 3229 2996 3496
4 3023 4046 3712 4047
4 2820 3703 3377 4013
4 3011 3634 655 4072
4 2562 3949 3322 4247
4 3076 3580 852 3617
4 1331 3240 3150 4225
4 2805 3095 2763 3117
4 1969 3756 1968 3764
4 1884 1878 1896 4157
4 3469 3732 2998 4159
4 1879 1866 1865 3633
4 1447 1425 2454 3239
4 118 122 94 24
4 1382 3569 1389 3718
4 3215 2870 3682 4179
4 2879 3409 2665 3410
4 218 3510 3324 3958
4 2729 3380 2593 3495
4 3538 3550 2928 4270
4 78 3542 3743 3992
4 2948 3458 3369 3478
4 2539 2632 3109 4015
4 2797 3344 3667 4043
4 3175 3240 1325 4225
4 279 2940 270 4233
4 2550 3373 3415 4230
4 714 3413 924 4313
4 2802 2807 3426 4181
4 808 1032 824 3564
4 2547 2687 3997 4118
4 2722 3864 2823 3997
4 2535 2635 2798 3448
4 2815 3110 2971 3499
4 3698 3842 2909 4174
4 2908 3925 3574 3982
4 3331 3662 3105 4101
4 201 184 3191 3640
4 1114 3801 1077 4030
4 485 478 477 3894
4 3389 4015 2539 4016
4 2616 3558 3218 4338
4 531 3206 533 4035
4 1483 1480 1479 3817
4 2878 2947 2723 3365
4 3173 3816 2691 4314
4 2834 3660 3051 4148
4 2717 3433 2711 3735
4 1187 1179 1253 3360
4 90 4061 3381 4062
4 156 37 80 3381
4 238 2861 243 3324
4 3647 3648 3221 4023
4 2703 3717 3611 3971
4 3202 3392 2584 3968
4 2863 2766 3214 3655
4 3330 3593 2611 4292
4 2103 2104 2105 4205
4 1221 3699 1222 3852
4 963 3003 3910 4169
4 150 141 69 3276
4 3409 3951 208 4330
4 2303 2304 2296 4107
4 678 694 693 3572
4 2087 2085 2086 3167
4 1196 3833 1198 4193
4 459 507 451 3254
4 713 706 902 3663
4 2634 2962 2683 3280
4 2689 2832 2791 2942
4 2825 3814 2743 3907
4 168 20 175 77
4 3517 3520 2508 4007
4 2618 2981 2980 3177
4 2862 3125 2651 3286
4 19 137 74 68
4 634 633 622 3469
4 108 109 105 3889
4 1350 1351 3154 3309
4 2889 3125 2698 3627
4 2537 2918 2624 4274
4 2285 3365 2286 3893
4 3223 2910 3680 4198
4 2973 3727 477 3894
4 796 3320 804 4312
4 609 3152 3834 4225
4 2681 3018 2795 3681
4 721 715 718 3403
4 2517 3783 3345 4315
4 2975 3673 3758 4293
4 1504 1486 1487 3239
4 180 3787 185 4110
4 2402 3770 3664 4280
4 880 878 879 3334
4 1269 1284 1283 1263
4 939 922 923 4126
4 1988 1971 1987 3480
4 2318 1276 2317 4085
4 2779 3019 4003 4322
4 2842 2961 3863 4065
4 3117 3518 2080 4197
4 2540 2620 3688 4201
4 3004 3164 3003 4005
4 1988 1972 1971 3480
4 2454 3239 1425 3943
4 1279 1280 2321 2784
4 723 730 728 721
4 2500 3230 2554 3560
4 3419 3641 3293 4255
4 2799 3183 3181 3396
4 3069 3371 3134 3582
4 2448 2447 2451 3627
4 1351 3306 3154 3309
4 129 153 139 3073
4 1436 3272 3439 3843
4 1663 1638 1637 4198
4 247 2861 239 4208
4 64 187 14 3355
4 2602 4230 4037 4258
4 2703 3717 3006 3862
4 42 113 163 3953
4 337 2987 3137 4214
4 2615 3218 2756 3558
4 2696 3846 3600 4088
4 3045 3545 3046 3861
4 1244 1243 3065 4239
4 2668 3062 4095 4130
4 2258 2280 2281 3431
4 3860 2944 4018 4182
4 219 228 231 3324
4 2951 2818 4184 4329
4 2873 3572 3089 3695
4 2812 3633 3685 4103
4 499 3144 497 3254
4 269 3748 284 4233
4 2023 1701 3713 4132
4 244 3511 259 3752
4 2909 3698 3451 3842
4 2538 2508 3520 4118
4 3208 3983 3818 4284
4 2883 3093 2795 3801
4 2619 2916 2903 3076
4 2179 3948 2180 3956
4 2073 2053 2055 3168
4 2910 3223 3029 3610
4 2573 3392 3202 3968
4 1591 1590 1598 3922
4 3248 3249 2612 3848
4 2598 3393 2659 4323
4 2884 2915 3564 4050
4 805 3320 797 4189
4 2176 3503 2214 3964
4 138 50 158 3517
4 900 3178 2930 4308
4 2835 3679 3176 3713
4 2452 2448 3627 4025
4 561 560 530 4055
4 2920 3814 3248 3907
4 2719 3317 2965 3985
4 3231 2521 3689 4260
4 985 959 983 3653
4 2638 2708 2996 3496
4 1406 1401 1404 3246
4 1973 3556 1989 3679
4 2698 2889 2651 3125
4 2571 3698 2586 4174
4 103 86 3056 4061
4 2697 3654 3572 3753
4 3504 3938 2958 4300
4 2554 3230 2956 3560
4 1770 3346 3192 3408
4 2740 2614 3070 3211
4 1813 3090 1824 3585
4 2281 3431 2289 3857
4 527 3228 526 4333
4 2538 3063 4108 4117
4 2869 3247 3561 3989
4 2094 3706 2967 4034
4 722 3613 3403 4188
4 1233 3153 1234 3472
4 2120 2126 2104 2964
4 1108 1099 1100 4004
4 859 3326 870 4143
4 370 3662 3105 3974
4 148 192 52 197
4 1825 3585 3427 3586
4 2753 3159 2762 3937
4 2738 3568 3820 3878
4 2577 3016 3177 3810
4 3227 4053 717 4188
4 3177 3810 3194 4040
4 2877 4049 3270 4271
4 443 3400 3363 4215
4 2902 3105 2901 3498
4 2549 3133 4056 4112
4 548 549 557 3861
4 2052 2055 2053 3168
4 2997 3605 3571 3689
4 2779 3446 3055 4322
4 2868 2879 2690 3244
4 2810 4213 2853 4299
4 1045 4005 3756 4318
4 2909 3760 3452 4114
4 2789 3272 3108 3635
4 2987 3704 3621 3878
4 2961 3014 2615 3149
4 2227 3160 2228 4076
4 224 3245 3244 3813
4 3285 4011 2967 4034
4 453 4003 452 4215
4 2436 2440 2438 3651
4 98 31 199 88
4 1080 3507 1081 3681
4 2549 3330 3354 4288
4 722 721 718 3403
4 1099 1098 3619 3966
4 3028 3849 3969 4289
4 3559 4276 4021 4338
4 1019 3164 4005 4169
4 1483 1484 1480 3817
4 808 3564 824 4050
4 2308 3525 2307 4042
4 2554 3602 3082 3694
4 1473 4136 1584 4140
4 1943 3693 2989 4194
4 1527 3569 1523 4012
4 2504 3692 3630 3781
4 2267 3525 2308 4042
4 3351 3859 3049 4126
4 2551 2622 2919 3336
4 1750 1747 2937 3515
4 2526 4039 2523 4069
4 2901 3331 2796 3332
4 3006 3862 3717 4104
4 652 653 4072 4234
4 330 336 331 2987
4 2660 2640 3155 3709
4 1550 1551 3519 4286
4 2522 2679 2537 3830
4 1989 3679 3556 3713
4 1436 3439 3272 4265
4 1172 3092 1173 3869
4 2954 3055 3306 3790
4 3150 3379 1336 3961
4 1034 1049 1033 3565
4 2957 3123 2781 3916
4 880 879 881 3334
4 554 3228 527 3950
4 3350 3406 1030 3991
4 2782 2893 2755 4082
4 2523 4039 3473 4069
4 2580 3489 3995 4235
4 2723 3367 3366 3858
4 2589 2764 2852 3122
4 2691 3660 3173 4314
4 1147 3833 3482 4076
4 1293 2487 2434 3719
4 2830 3553 3170 4130
4 2857 2809 3153 3222
4 3176 2757 3713 3823
4 3368 4136 2905 4281
4 207 204 3292 4210
4 2714 3591 3143 3671
4 3039 3807 2764 3948
4 3002 3454 3333 3963
4 334 339 338 3137
4 3571 3689 3032 4023
4 1598 1599 1591 3922
4 2673 2728 2596 4073
4 2863 3655 3214 3824
4 1398 3307 1395 4195
4 2377 3506 3295 4319
4 2753 3072 3397 4012
4 1677 3205 1706 4173
4 103 80 3381 4186
4 3312 3398 2780 4185
4 2088 2225 2224 3807
4 3037 3058 1385 3307
4 701 3886 708 4313
4 2757 3034 2965 4228
4 304 3609 292 3796
4 3629 3822 3088 4160
4 3100 4153 3660 4314
4 741 3141 3735 4014
4 1569 4146 1567 4199
4 90 3381 167 4062
4 167 90 37 3381
4 2541 3173 3100 4314
4 1968 3764 3756 4162
4 1399 1391 1400 3569
4 3217 3600 2648 4153
4 2457 4068 2458 4152
4 783 3734 3433 4165
4 3201 2960 4039 4209
4 3315 3432 2785 4121
4 2403 3506 3112 4280
4 607 3228 1319 4272
4 332 334 333 3622
4 1081 3507 3468 3681
4 2812 3493 2882 3837
4 1406 1404 1743 3246
4 3079 3772 3867 4098
4 2826 2688 3285 3544
4 3925 3982 2908 4077
4 1401 1406 1403 3904
4 2509 3201 3905 4209
4 77 168 20 66
4 1828 3676 1817 3821
4 2847 3465 2756 3581
4 2546 3471 3109 4015
4 3308 3630 2532 3781
4 245 2879 3511 3813
4 2783 3331 2606 3742
4 2626 3838 2937 4064
4 2962 3280 3466 3918
4 2806 2979 3392 3788
4 2511 3417 3330 4326
4 2599 2717 3467 4181
4 2780 2985 3312 4164
4 1566 1567 4146 4199
4 857 3198 3580 3670
4 3164 1018 3734 4169
4 110 105 3889 4069
4 2623 2840 2687 2984
4 2826 2832 3544 4320
4 1423 3843 3439 3895
4 187 196 179 3355
4 2527 3063 2611 4108
4 1921 3579 3080 3899
4 2552 3411 2690 3605
4 433 3138 430 3696
4 3203 3516 2842 4307
4 2635 2798 2774 4167
4 984 986 985 3653
4 2792 2912 3628 4103
4 455 454 462 3481
4 341 356 3839 3996
4 2408 3112 3492 4038
4 1664 1638 1663 4282
4 1965 3311 1966 4165
4 2100 3518 3466 3918
4 809 3917 810 4321
4 2700 3134 2906 4037
4 2960 3473 4039 4069
4 2689 2608 3476 3870
4 3323 2509 4073 4209
4 1995 3375 3091 3577
4 411 3425 3886 3928
4 2745 3419 3519 4028
4 2702 2901 3255 4244
4 1059 966 1069 3535
4 2563 2682 2618 4090
4 371 359 358 3662
4 1001 975 977 3733
4 1344 485 486 3530
4 2534 3233 3759 4114
4 1828 1834 3676 3821
4 1056 3170 950 3534
4 2327 2330 2348 3526
4 1997 1999 3485 3577
4 3261 2780 3398 4185
4 2286 3365 2287 3893
4 1894 1909 1914 3531
4 2479 2961 3607 4025
4 3002 3962 3128 3963
4 159 3158 2508 4317
4 1601 4000 1600 4060
4 2570 3602 3216 3694
4 2741 3899 3786 4219
4 3047 4090 2618 4268
4 79 62 66 3394
4 3117 2786 3361 3730
4 2165 3294 2163 3913
4 3728 4133 3325 4201
4 2599 2802 2717 4181
4 2693 3687 3189 4035
4 2695 3508 3268 4151
4 3170 4095 3062 4130
4 3281 4120 4119 4300
4 3838 4064 2845 4067
4 1997 1978 1999 3577
4 2967 3168 2033 3485
4 2898 2660 3370 4149
4 2540 3131 4009 4201
4 1692 2022 1693 3253
4 3133 3632 2635 4336
4 786 3939 3426 4321
4 2522 2679 2598 3347
4 2645 3678 2839 3793
4 2774 2614 3329 3427
4 1633 1641 3680 4028
4 2799 3225 3183 3724
4 2471 1335 1336 3379
4 278 263 2940 3970
4 3484 2663 3985 4224
4 2632 3109 3378 3490
4 2445 2448 2449 3607
4 2646 3611 3717 3971
4 2055 2074 2073 3168
4 2770 3750 2963 4102
4 2746 3389 3118 4016
4 1022 4005 1021 4318
4 4068 4074 2952 4152
4 2285 2293 3365 3832
4 2687 3775 2583 4118
4 2704 2964 3492 4303
4 2671 2922 3168 3375
4 1412 1400 3078 4012
4 59 3543 61 3992
4 1102 3350 3349 3777
4 2855 3848 3249 4276
4 3112 3506 3005 4280
4 1795 1796 1797 3720
4 2810 3740 2853 4213
4 490 1349 1347 4236
4 2293 2301 2294 4107
4 2464 2463 2466 4074
4 2301 2302 2294 4107
4 2703 4078 3972 4142
4 1061 3505 3259 4029
4 2527 3711 3250 4317
4 58 69 3275 3865
4 3453 2746 4137 4297
4 502 3144 3508 3603
4 3673 3674 2929 4293
4 2791 2942 2832 3539
4 2690 3410 2879 3909
4 2922 2835 3713 4132
4 997 996 998 3128
4 2598 2878 2723 3367
4 105 109 3522 3889
4 2622 2933 2919 2954
4 2523 2564 3524 4253
4 154 178 3639 4180
4 2338 2337 2341 3343
4 2547 3037 2631 3997
4 2473 3607 2477 3863
4 1076 1089 3259 4296
4 1828 1832 1834 3821
4 3015 3295 2671 4086
4 2665 3409 2837 3410
4 4024 4041 2818 4329
4 2463 2462 2470 4307
4 3531 3532 2708 4148
4 3004 3480 2943 3756
4 3373 4229 2650 4230
4 1151 1150 3804 3913
4 2804 3162 2599 3497
4 2554 3216 3444 3672
4 2760 3614 3205 3912
4 2876 3897 2633 4172
4 2869 3989 2843 4267
4 2963 3952 3684 4066
4 3417 3747 3300 4206
4 2509 3987 3390 4209
4 2797 3344 4043 4060
4 452 455 460 4003
4 361 3742 347 4101
4 2637 3510 3324 3911
4 990 4005 992 4169
4 1925 3269 1926 4124
4 2856 3792 3483 4272
4 1942 1943 2989 3020
4 57 13 67 3743
4 56 72 79 3722
4 1525 2925 3636 3637
4 2537 2582 2715 3343
4 782 3433 744 4014
4 2543 3221 3726 4023
4 2615 3291 2756 4026
4 1680 1681 3620 3874
4 3403 3413 2717 4014
4 1871 1884 1883 3532
4 3886 3887 413 3928
4 2041 2065 2066 4045
4 2850 3186 2749 3206
4 2734 3802 3175 3961
4 2927 3566 4292 4317
4 1892 1898 1908 3837
4 2066 2042 2041 4045
4 2825 2743 3715 3999
4 1661 1662 1669 1670
4 109 3523 3522 3830
4 3397 3993 3078 4012
4 3523 3754 121 3916
4 3235 3240 2459 3753
4 473 482 479 3908
4 2643 3178 3260 3803
4 161 2927 171 3300
4 2611 4108 3250 4292
4 2770 3643 3560 4102
4 89 2877 96 4084
4 3223 3735 812 4321
4 2303 2296 2295 4107
4 2510 3567 3474 4287
4 731 4053 3806 4188
4 2994 3020 2989 4194
4 3254 3508 2824 4151
4 1879 1874 1866 3628
4 533 3206 3189 4035
4 2814 3602 3276 4092
4 1237 1290 2235 3065
4 1741 1743 1404 3246
4 2540 4133 3728 4201
4 2598 2878 3393 4323
4 3089 3132 2768 4261
4 2591 2811 2612 3440
4 3443 3615 2741 3786
4 141 3276 139 4218
4 147 32 143 100
4 1495 4060 3589 4135
4 307 306 3575 4057
4 2848 3574 3279 3925
4 2666 4114 3529 4258
4 180 81 29 3787
4 3144 3195 2735 3603
4 3415 3972 4258 4291
4 2619 3595 2876 3897
4 2044 3423 2043 4242
4 2608 2742 2689 2947
4 1507 3612 1377 3637
4 2909 4114 3698 4174
4 932 3170 941 4095
4 119 128 3826 3916
4 2814 3602 3703 4257
4 1402 3307 1404 3501
4 1013 3991 1014 4275
4 3158 2502 3417 4206
4 2663 3766 3416 3767
4 220 3135 3114 4306
4 1456 1454 1453 3977
4 839 3669 847 4052
4 1638 1664 1639 4282
4 2216 2184 2178 3948
4 3330 4047 3995 4288
4 3182 3424 3968 4137
4 1667 3780 1675 4173
4 3362 3599 3432 3798
4 611 2459 1325 3753
4 3133 3615 2629 4191
4 1729 3912 1732 4212
4 2660 2586 2898 3383
4 2629 3443 3142 3533
4 248 254 262 3970
4 2890 2735 3603 4254
4 3035 3341 3787 4166
4 57 78 71 3743
4 2625 3043 3382 3959
4 3071 3122 2839 3769
4 2416 3387 3070 4202
4 1585 4136 3548 4140
4 3364 3540 2189 4252
4 2744 3726 3648 4023
4 2957 3521 2809 4274
4 2755 2893 2782 3954
4 3194 3779 3263 4271
4 1019 990 988 4169
4 2642 3600 3846 4088
4 3167 3503 2085 4242
4 988 1018 1019 4169
4 1668 1667 1675 4173
4 1028 1029 1037 4275
4 1343 3149 3147 4250
4 2204 2203 3539 4320
4 2560 3755 3411 3814
4 2587 3657 2969 4087
4 2990 2994 2989 4194
4 2527 3386 3377 4013
4 2513 3238 3593 4324
4 1345 3530 486 3933
4 2854 2868 2655 2899
4 872 3326 860 3617
4 2850 3304 2739 3385
4 1162 1164 4022 4185
4 2791 3364 3365 3832
4 2005 2013 3445 4282
4 2909 3760 4114 4174
4 3819 4046 3023 4056
4 1177 1166 3791 4022
4 3071 2839 3482 3769
4 3066 3811 3202 4220
4 1841 3944 3399 4194
4 2965 3317 3487 3932
4 260 246 259 3752
4 243 3324 3370 3383
4 110 105 3522 3889
4 2613 2891 3554 4339
4 1630 3679 3562 4050
4 2097 2078 3730 4197
4 2234 2252 2333 3222
4 2746 3856 3424 4137
4 3088 3797 4043 4160
4 164 175 40 3984
4 1971 3756 3480 4318
4 2575 2871 2795 4079
4 872 870 3326 3879
4 1193 3190 1192 3450
4 2235 2236 3065 4240
4 1120 3468 1121 3833
4 1346 3256 1359 3721
4 2635 2907 2778 4336
4 247 246 260 3752
4 909 895 894 3608
4 465 471 3598 4322
4 2741 3020 3899 4219
4 714 723 3413 4313
4 1719 1712 2046 3253
4 2518 3262 4277 4338
4 2420 2999 2426 3770
4 101 94 122 24
4 1875 1873 3541 3978
4 2802 4283 3980 4311
4 932 3534 4095 4298
4 909 894 908 3608
4 1189 1213 1212 3699
4 2030 1998 2000 3485
4 2626 2840 3838 4064
4 2839 3468 2871 3482
4 2682 2882 2834 4113
4 2694 2790 3219 4081
4 1212 1188 1189 3699
4 536 535 537 3268
4 781 3141 791 3735
4 1625 1647 1645 3824
4 1959 3229 1945 3965
4 2436 2437 2439 3651
4 435 436 445 4127
4 738 951 967 3301
4 2796 2702 3111 3179
4 41 164 114 3639
4 3002 3333 2930 3963
4 227 3245 226 3813
4 1912 3837 3115 4124
4 2652 3470 3447 4051
4 2000 2032 2030 3485
4 1960 3744 2981 3892
4 1816 3211 1804 3586
4 233 245 244 3813
4 902 892 903 3879
4 1043 3164 1042 4162
4 2946 2708 3532 4148
4 2744 3032 3689 4023
4 2737 3296 3248 3848
4 2849 3734 3653 4169
4 2764 3948 3503 3964
4 3069 3134 2700 3582
4 1617 3061 3223 3917
4 1819 1835 1832 3563
4 2748 3771 3480 4222
4 2952 4068 3516 4074
4 1379 1373 1376 3708
4 2677 3955 3045 4008
4 2216 3807 3486 3948
4 3649 3994 2950 4128
4 352 3625 353 4200
4 2447 2446 2450 3412
4 2628 3131 3820 4123
4 2356 2357 2341 3858
4 1584 4136 1585 4140
4 907 914 3552 4308
4 298 3197 297 4149
4 1883 1894 1882 3531
4 368 3740 356 3996
4 2413 2420 2411 3770
4 1036 4019 3050 4275
4 151 145 131 3537
4 3305 4146 1569 4199
4 3136 3551 2822 3575
4 358 3105 370 3662
4 166 38 89 3691
4 2837 2825 3410 3715
4 2932 3818 3457 4284
4 2451 2450 1310 3581
4 2922 3375 2835 4132
4 89 38 80 3691
4 3325 3955 2677 4201
4 1919 1923 1920 2894
4 1907 1906 1917 3899
4 2518 3643 4276 4277
4 1396 3145 2900 3718
4 2781 3754 2957 3916
4 747 627 748 3509
4 2786 3279 2935 3730
4 1100 1099 1091 3619
4 141 132 3275 4218
4 1091 1092 1100 3619
4 3164 2752 3734 4162
4 2854 3796 2899 4075
4 2873 3695 3287 4263
4 1043 3756 3164 4162
4 232 235 227 3813
4 598 2850 597 3926
4 96 2877 103 3056
4 3177 2644 3810 4040
4 1347 491 490 4236
4 1864 1872 3587 4157
4 504 503 502 3603
4 1982 3445 3311 4282
4 312 2813 311 3709
4 1418 3108 3304 3439
4 161 2927 3158 4317
4 3009 3885 3550 4270
4 3410 3411 3231 3605
4 3088 4160 3822 4237
4 2800 3026 2933 3651
4 2932 3208 3818 4284
4 3262 3455 2616 3465
4 3197 3625 2813 4150
4 1899 1894 1914 3531
4 2723 3343 2715 3858
4 3100 3173 4153 4314
4 3171 2558 3677 4158
4 2592 2773 3444 3989
4 2736 2619 3897 4097
4 2750 3340 3183 3779
4 277 261 276 4207
4 2685 2899 3220 4075
4 2990 3378 2994 4194
4 2691 3308 2536 4314
4 2500 3814 2920 3865
4 3247 3989 2869 4183
4 2763 2962 3466 3518
4 2948 2556 3478 4287
4 1057 3534 949 3535
4 372 384 380 3739
4 2652 3590 2721 3902
4 2700 3971 3972 4331
4 2103 3167 2084 4242
4 2721 2751 2652 2938
4 428 334 3622 3696
4 2792 3885 2912 4103
4 2538 3520 3795 3864
4 446 445 436 4127
4 1225 1216 3190 4144
4 2542 3596 3260 4302
4 3203 2842 3863 4307
4 2586 2660 2898 3197
4 3426 4181 2807 4321
4 3199 3380 2531 3905
4 2574 2533 3799 3937
4 1312 3291 3148 4250
4 3412 3607 3125 3627
4 3361 3445 3117 4197
4 2531 3380 3495 3905
4 1158 3398 3092 4193
4 2518 3559 3558 4338
4 2806 3396 3183 4227
4 2466 2465 2457 4068
4 69 65 76 3865
4 2610 3598 2973 3727
4 3496 3531 3115 4131
4 1193 1185 1194 3751
4 2547 4007 2687 4118
4 2628 2738 3989 4290
4 2537 2582 2918 4274
4 324 307 3087 4057
4 3060 4241 3808 4262
4 2047 2021 2025 4132
4 2769 3384 3724 4273
4 2634 3280 2683 3414
4 3246 3811 2844 3904
4 2215 3948 2216 3964
4 2316 1234 2234 4085
4 2552 3605 2655 3960
4 3133 3151 4112 4191
4 1324 1325 3240 4225
4 857 848 849 3670
4 80 37 90 3381
4 78 3743 67 3992
4 2954 2919 3921 4033
4 294 306 301 4058
4 2505 3987 3323 4209
4 1957 3693 1943 4194
4 2756 2847 2616 3465
4 1290 3065 1237 3359
4 1957 1952 3693 4194
4 3628 3633 3493 4103
4 3651 3719 2437 4216
4 2821 3349 3553 4126
4 125 114 40 3984
4 1234 2316 1275 4085
4 2560 3230 3231 3755
4 239 2861 238 3324
4 2985 3140 2776 3160
4 1141 3768 3098 4222
4 3131 4008 4009 4201
4 3436 3820 2621 4009
4 1676 1668 1675 4173
4 2541 3816 3173 4314
4 3246 3307 1404 4067
4 170 171 161 4180
4 1989 1973 1974 3556
4 499 451 507 3254
4 2228 3160 2246 3827
4 2257 2279 3431 3893
4 2671 3295 3168 4086
4 747 626 627 3509
4 2852 3122 2764 3964
4 1001 977 1002 3733
4 2635 2778 3615 4191
4 3279 3574 1760 3925
4 2626 3202 2661 3838
4 3446 3933 4154 4236
4 2541 3470 3447 3940
4 3259 3507 2656 4030
4 3032 3647 3571 4023
4 1683 1684 1679 3557
4 383 836 371 3901
4 1443 1446 1486 3239
4 2734 3802 3688 3840
4 1679 1678 1683 3557
4 23 65 162 173
4 3452 3760 3759 4114
4 3012 2757 3823 4228
4 205 210 209 4122
4 264 272 265 4149
4 2526 3889 3212 3890
4 3381 3747 4259 4301
4 856 849 845 4138
4 192 187 197 3418
4 2618 2594 3194 4010
4 1406 3904 1743 3993
4 511 501 503 3898
4 2512 3736 3171 4158
4 2365 2370 2366 4304
4 3090 2720 3585 3798
4 2750 3724 3016 4090
4 65 72 3372 3865
4 11 60 123 112
4 47 198 108 188
4 1799 1787 2410 4096
4 2854 3571 3909 3923
4 2575 4125 2801 4161
4 2693 3438 3352 4048
4 2563 2618 3016 4090
4 2930 3002 2643 3333
4 2530 3761 2606 4177
4 2930 3178 900 3333
4 2509 3323 3987 4209
4 944 926 925 3652
4 2836 3278 3707 3847
4 2334 3222 2333 3857
4 2507 3659 3193 4335
4 3492 3506 2389 4319
4 423 422 420 3887
4 570 4055 3186 4129
4 270 2940 263 4233
4 3132 3166 2936 3824
4 2852 2943 2748 3480
4 2148 3071 2149 4175
4 2519 4001 3252 4094
4 3799 3937 3396 4227
4 690 3243 1534 3917
4 1471 3368 1465 3635
4 586 577 578 3228
4 1942 1941 1930 3020
4 2651 3145 2900 3462
4 1629 3562 822 4050
4 1932 2709 2894 3085
4 2181 2180 2186 3606
4 2961 2615 3147 3149
4 914 915 3552 4298
4 3255 3498 391 3514
4 89 166 3691 4106
4 154 41 104 3639
4 2517 3207 2567 3870
4 76 65 23 173
4 3929 3998 2575 4079
4 142 134 151 3661
4 1978 3577 1977 4019
4 2897 3559 3558 3624
4 123 75 60 11
4 47 198 124 108
4 2849 3653 3652 4169
4 2529 3759 3233 4114
4 61 63 3542 3543
4 167 37 156 3381
4 2965 3316 3317 3932
4 1553 3319 1554 4100
4 1813 3090 3585 3798
4 2599 2804 3497 4244
4 2825 3715 2837 3999
4 1485 1495 1600 4060
4 3335 3072 3725 4178
4 2379 2964 4303 4319
4 1375 1383 1382 3671
4 1792 1794 1789 3432
4 2655 3605 2997 3960
4 1412 3397 1411 3725
4 3862 4104 3006 4200
4 2600 3802 3175 3840
4 3089 3067 3986 4199
4 2333 2316 2234 3222
4 944 925 943 3652
4 640 649 648 3644
4 403 3887 3255 3928
4 2787 3395 2583 3997
4 3415 3972 4230 4258
4 3193 3871 2507 3988
4 2971 2986 2779 4154
4 2507 3692 3347 3829
4 2580 3995 2790 4235
4 1533 1534 3243 3519
4 2427 1831 2428 4171
4 3250 3711 2508 4317
4 2733 2772 3216 3623
4 2636 3391 3146 3817
4 3018 2780 3312 3398
4 2694 2978 3057 4256
4 2794 3145 1746 3397
4 2501 3199 3380 3800
4 3161 4084 2819 4106
4 2547 2508 3520 4007
4 2825 3411 3410 3715
4 2258 3431 2251 3868
4 3287 3695 3644 4159
4 2952 3235 2706 4068
4 3176 3679 3562 4305
4 731 724 725 4053
4 739 740 741 3613
4 686 3634 3011 3773
4 203 2505 194 3890
4 2959 3116 2847 3835
4 2807 3243 3139 3844
4 2573 3202 3188 3968
4 1712 1693 2022 3253
4 2821 4126 3553 4172
4 3301 3663 2755 4316
4 1894 1883 1895 3531
4 2599 3162 3494 3497
4 1857 3877 2946 4148
4 1232 3153 1233 4164
4 2803 3028 3424 3856
4 2186 2187 2181 3606
4 2664 4046 4255 4256
4 2703 3006 3136 3862
4 2686 2925 3811 3904
4 968 953 969 3733
4 3278 4020 2855 4291
4 1578 3319 1577 4140
4 3444 3568 2956 4290
4 2571 2811 3440 4174
4 2866 2771 3704 3878
4 3112 3005 3770 4280
4 3321 3828 3008 4031
4 2771 3568 3444 4290
4 185 190 3341 3787
4 3417 3632 3118 4326
4 2764 3122 3071 3956
4 2967 2671 3168 3485
4 3233 4142 3278 4291
4 2926 3017 2828 3464
4 2607 2826 3486 4320
4 3714 3836 2993 4040
4 2215 2217 2218 3807
4 431 3499 432 3696
4 3192 3279 2786 3346
4 3955 4008 2677 4201
4 443 435 445 3363
4 1425 3239 1443 3943
4 2527 3377 3063 3703
4 481 480 488 3446
4 48 165 139 173
4 4076 4163 1229 4309
4 2726 3196 2730 3360
4 2596 3318 3207 4226
4 1900 1918 3085 4219
4 393 3255 403 3974
4 1455 1456 1453 3977
4 2940 2822 3551 3575
4 3045 3299 2724 3950
4 3500 3749 2570 3795
4 110 3889 3522 4069
4 1851 3427 1863 3588
4 2586 2660 3197 3697
4 3208 4255 4046 4256
4 2542 3929 3998 4125
4 344 3337 360 3996
4 2967 3168 2671 3295
4 1712 2022 2046 3253
4 3021 3314 3070 3850
4 1292 3483 1296 3875
4 1226 1225 3190 3464
4 2127 1972 3771 4222
4 2713 3510 2637 3911
4 2803 3424 3673 3758
4 2914 3710 3390 4217
4 2753 3937 2762 4178
4 269 2898 3748 4233
4 3057 2745 3419 3519
4 1529 1528 4081 4231
4 1723 3614 1724 3912
4 4186 4206 3747 4301
4 2576 2743 3441 3814
4 3242 3646 2495 4180
4 3093 3435 1071 3668
4 538 536 3268 3915
4 2449 2490 2479 4025
4 876 3111 3334 3927
4 2501 3201 3992 4039
4 1884 1896 3532 4157
4 2680 4041 3762 4184
4 2645 3521 3678 3793
4 1307 3102 2443 4033
4 741 742 3613 4014
4 461 3019 466 4003
4 2741 3615 3443 4187
4 2711 3467 2717 4181
4 2681 3998 3929 4079
4 1807 3442 1797 3935
4 2892 2719 3038 3702
4 842 841 835 3784
4 56 66 21 3394
4 2592 3672 3216 3703
4 2930 3062 3803 3962
4 1308 3148 1312 3835
4 3680 3780 2939 4028
4 41 114 104 3639
4 164 41 154 3639
4 1339 1338 2478 2474
4 2614 2798 2774 3329
4 2795 3093 3507 3801
4 2910 3273 2924 4198
4 3276 3602 2570 4218
4 1871 1883 1870 3532
4 2673 3017 3013 3265
4 603 595 602 4017
4 3161 2623 3537 3934
4 838 3027 839 4052
4 3550 3885 2928 4270
4 2856 3792 3491 4027
4 63 62 79 3543
4 2956 2621 3436 3820
4 2134 2227 4076 4175
4 2188 3540 2864 3606
4 2835 2915 3556 4051
4 2233 2251 3222 3868
4 2700 3069 2816 4331
4 84 117 27 124
4 133 193 199 55
4 2674 3455 3262 3465
4 3492 3528 2409 4038
4 27 99 84 124
4 133 199 149 55
4 3057 4256 2745 4288
4 1865 1854 1868 4059
4 916 3962 930 4298
4 2965 3317 3005 3487
4 3001 3129 2810 3739
4 529 4035 542 4055
4 2846 3686 3348 4327
4 2133 3769 2132 4175
4 2572 3864 2823 4154
4 2856 3074 3483 3792
4 2635 2535 2798 4167
4 1744 1749 1748 4064
4 2639 2833 2977 3030
4 2420 2413 2417 2999
4 1750 3515 2937 3920
4 2664 4046 3819 4284
4 3787 4110 2504 4166
4 434 432 3499 3696
4 2780 2985 2871 3312
4 3571 3605 2997 3909
4 2839 3678 2748 3793
4 2982 3894 3385 3895
4 3061 3223 2910 3680
4 2674 2515 3336 3500
4 2646 3626 3611 3971
4 2229 2228 3827 4076
4 2554 3568 3444 3694
4 3411 3715 2825 3814
4 2472 2471 3379 3516
4 1928 3496 3115 4131
4 1244 3065 1243 4251
4 2712 3011 3010 3634
4 2707 2787 2583 2982
4 948 3535 949 3962
4 217 3041 214 3911
4 2713 2557 2899 3716
4 2914 3452 3318 3987
4 328 3625 2813 3919
4 2903 3888 2783 3919
4 2807 3223 3917 4321
4 3019 3908 3074 4027
4 2771 2738 3137 3878
4 2552 3382 3043 3960
4 2837 3135 3907 3999
4 1921 1917 1906 3899
4 3041 3510 2713 3911
4 2968 3485 2001 3577
4 2789 3554 3119 3638
4 2439 3651 2437 4216
4 3253 3823 2757 4228
4 1143 3768 2130 3769
4 315 3479 3086 3839
4 430 438 437 3138
4 3126 3913 3294 4006
4 1531 3057 1532 3773
4 2617 2829 3243 4288
4 2723 2715 3367 3858
4 2574 3937 2753 4178
4 77 8 125 70
4 2171 2264 2265 4042
4 350 362 3337 4104
4 834 3784 378 3919
4 115 123 44 200
4 1302 1305 1303 3835
4 3170 3505 3259 4130
4 3569 3741 1523 4012
4 2551 2900 2817 3462
4 2544 3988 3075 4246
4 560 3206 531 4055
4 2633 2566 3897 3981
4 3198 3594 2692 3670
4 3573 3959 2513 4324
4 2564 4204 3524 4253
4 279 270 269 4233
4 3218 3851 2948 4287
4 2591 3041 2743 4210
4 2549 3354 3208 4256
4 2705 3504 4160 4237
4 2792 3628 3493 4103
4 65 22 162 3372
4 2103 3918 2102 4205
4 2567 3447 2751 4226
4 2514 4090 3328 4227
4 2726 2730 2603 3360
4 2619 2736 3076 4097
4 3115 3496 2996 3531
4 2719 3702 3317 3720
4 334 339 3137 3622
4 446 4127 436 4214
4 2216 3948 2178 3964
4 2770 3559 2518 4276
4 1949 2981 3714 3892
4 1023 3128 1022 4318
4 3403 3613 729 4014
4 3375 3556 2835 3713
4 1458 1456 1455 4152
4 2995 3109 2775 3490
4 2789 3108 2790 3460
4 2821 3406 3350 3991
4 2201 3544 2202 4320
4 80 38 156 3691
4 1224 3852 1223 4144
4 2500 3755 3230 4102
4 3043 3382 2530 3736
4 2682 2980 2981 3892
4 2046 2070 1719 3253
4 314 3479 315 3839
4 2530 3761 3199 4302
4 2618 3194 2594 3657
4 2876 3553 4126 4172
4 1112 1115 1114 3668
4 2948 3478 3369 4287
4 2806 3779 2979 3788
4 2514 3478 3458 3799
4 2854 3511 3828 3909
4 2895 3036 2689 3294
4 161 3566 2927 4317
4 845 3665 849 3669
4 2452 3291 2453 4025
4 373 3645 3129 4104
4 2586 2811 2934 3383
4 393 391 3255 3974
4 3108 3635 3272 4265
4 2632 3378 2990 3490
4 470 464 2973 4151
4 2983 2829 3219 4231
4 3522 3524 127 4069
4 1193 3450 1185 3751
4 2449 3607 2448 4025
4 3413 3608 924 4313
4 2520 3841 3630 3870
4 2499 4084 3163 4271
4 2376 2377 2390 3506
4 3100 4268 3047 4314
4 3375 3713 2835 4132
4 4078 4142 2703 4247
4 2621 3274 3820 3878
4 2592 3696 2843 4267
4 2515 2551 2674 3336
4 706 3663 713 4316
4 2786 3117 2896 3346
4 2847 3148 2756 3558
4 3259 3777 2830 3966
4 1039 3350 1132 3805
4 2942 3126 2689 3294
4 2594 2618 3047 4090
4 1909 3496 1910 3513
4 2477 3863 3607 4065
4 1081 3507 1079 3801
4 2713 2899 2868 3752
4 197 15 64 187
4 1037 3406 1038 4019
4 146 3455 2515 3934
4 1203 4164 1205 4185
4 3300 3747 3381 4206
4 147 51 172 158
4 2537 2918 2582 3343
4 2828 2926 2728 3017
4 3368 3460 2905 4140
4 1325 2459 3240 3753
4 64 74 15 197
4 1945 1934 1944 3965
4 967 763 738 3301
4 3389 3675 2632 4015
4 1754 1760 1764 1756
4 2540 3688 3559 4020
4 51 147 138 158
4 657 658 656 3634
4 1951 1950 1954 3836
4 3301 3456 2755 3954
4 3161 3517 2623 3934
4 881 897 898 3454
4 1147 3482 2134 4076
4 2693 2824 4048 4254
4 286 279 284 3551
4 2379 2964 2373 4303
4 1077 1079 1078 4030
4 2359 3367 2360 3858
4 477 2973 476 3727
4 610 1323 3152 4225
4 2770 3560 3643 4276
4 2633 2880 3401 3777
4 3011 4072 655 4234
4 1707 1708 1709 3614
4 3081 3220 2899 4208
4 3123 3763 2604 4204
4 890 870 3879 4143
4 1184 3121 1183 3450
4 2782 2893 3942 3954
4 2752 3764 3311 4162
4 2747 3626 3373 4093
4 154 171 178 4180
4 2733 2815 2610 2971
4 2801 2883 2575 4161
4 1120 3681 3468 3833
4 2686 3811 2925 4220
4 3828 3923 3008 4058
4 2906 3326 2736 4037
4 2474 2475 2470 4307
4 4186 4259 3056 4301
4 4229 4230 3373 4331
4 110 115 105 4069
4 546 3545 555 3950
4 1527 3078 1400 4012
4 1403 1394 3501 3637
4 1229 4163 1230 4309
4 2720 3599 3362 3798
4 2489 3026 2439 4216
4 2832 3294 3036 3544
4 3409 3410 3244 4330
4 2992 3459 2760 3912
4 2954 3055 2622 3306
4 2707 3489 3119 4235
4 2824 3186 2695 3268
4 3093 2656 3507 4030
4 3419 4255 3293 4286
4 3019 2678 3481 4027
4 2801 3803 3535 3962
4 1495 3589 1462 4135
4 1045 1044 1970 3756
4 1290 3210 3065 3358
4 3381 4186 3747 4301
4 2664 2978 3712 4256
4 2133 3482 1146 3769
4 332 333 3621 3622
4 3390 3987 2914 4217
4 2943 3756 3423 3764
4 2367 2116 2366 4304
4 1044 1969 1970 3756
4 431 440 439 3499
4 1756 3316 1762 3592
4 1802 1814 1815 3586
4 463 3792 468 4027
4 2956 3444 2554 3568
4 403 3255 3887 3974
4 2651 2900 3302 3462
4 478 2973 477 3894
4 902 884 892 3879
4 1032 1048 824 3564
4 455 3481 3019 4003
4 2573 3775 3453 4297
4 2458 1324 1325 3240
4 3044 3871 3193 4091
4 3009 4088 3600 4310
4 1775 1776 3317 4096
4 2787 3612 1372 3843
4 1005 3991 1013 4275
4 2694 2978 3319 4100
4 186 2505 196 4217
4 2865 3136 3625 3697
4 451 499 441 3254
4 2651 3145 2762 4178
4 1486 1446 1487 3239
4 2825 3296 3248 3907
4 2539 4049 3270 4301
4 2543 3494 3221 3497
4 3143 2714 3708 4111
4 1196 1122 1123 3833
4 1639 1664 2005 4282
4 562 4072 3206 4234
4 3330 2528 3995 4326
4 2978 3641 3419 4255
4 2796 3111 3332 3927
4 2572 2971 2986 3363
4 1209 3472 1211 4134
4 838 833 837 3027
4 2824 3144 3254 4267
4 2476 2475 4065 4307
4 3444 3989 2738 4290
4 2840 2845 2687 3838
4 2567 2689 3476 3870
4 1639 3610 1638 4282
4 1895 3531 1883 3532
4 3179 4138 3670 4190
4 1469 3635 1438 4265
4 2855 3233 3278 4291
4 2095 2111 2094 3706
4 208 210 211 2484
4 3364 3421 2283 4054
4 3207 3870 2689 4226
4 3594 3670 868 4266
4 2553 4183 4048 4267
4 8 116 125 70
4 2854 3923 3828 4058
4 3244 3951 3409 4330
4 2770 3248 3296 3848
4 44 191 115 200
4 247 251 2861 4208
4 1200 3312 1202 4193
4 1791 3408 1804 4202
4 2611 3063 2739 4108
4 1396 3718 1399 3725
4 1737 3574 1736 4212
4 120 126 3044 3523
4 1323 1331 1324 2467
4 835 3784 3888 4052
4 2550 3373 4230 4331
4 2983 3011 2829 4231
4 1474 1441 1360 3843
4 289 294 301 4058
4 2002 3485 2968 4011
4 2587 4087 3163 4271
4 3004 2748 3480 4222
4 2438 3651 3286 3882
4 2635 2778 4191 4336
4 3121 3007 3869 4022
4 2535 2798 2565 3448
4 109 126 3523 3830
4 460 4003 458 4215
4 2728 2926 2659 3040
4 1504 3239 1505 3288
4 2733 3216 2773 3623
4 2732 4032 2994 4187
4 2756 3291 3148 3581
4 297 3197 296 3748
4 2869 4254 4048 4267
4 1520 3741 1521 4168
4 2779 3727 3446 4322
4 3423 4045 2043 4242
4 2620 4008 3955 4201
4 2475 2474 2478 4065
4 2842 3379 3014 4065
4 2592 3377 3672 3703
4 2851 3700 2996 3744
4 2016 2017 2009 4045
4 278 289 274 4031
4 173 139 48 150
4 1901 1886 4115 4219
4 2005 1981 1639 4282
4 2808 2780 3282 4204
4 924 3608 3413 3652
4 1790 3408 3192 3586
4 2940 3551 2822 4233
4 2125 2378 2377 4319
4 166 159 176 3691
4 1902 3085 1920 3776
4 1382 3671 3569 3718
4 1852 1829 1851 3588
4 3404 3609 304 3796
4 2711 3467 4181 4324
4 2821 3553 2633 4172
4 3140 3160 2985 3827
4 471 2973 3598 4322
4 1588 1581 1580 3641
4 535 536 518 3268
4 2984 3392 2979 3788
4 2674 3465 3262 3500
4 2378 2126 2379 4319
4 2902 2685 3404 3796
4 431 439 432 3499
4 3077 3723 3384 3724
4 2642 3846 3600 4310
4 1193 3751 1194 4251
4 190 99 28 198
4 2610 3864 2722 4117
4 334 337 333 3137
4 2922 3914 3015 4086
4 2724 3950 3299 4333
4 2849 3652 3003 4169
4 60 59 61 3992
4 836 830 371 3901
4 3373 2650 3738 4230
4 538 567 540 4129
4 2505 3390 3987 4209
4 3248 3643 2770 4102
4 1533 3243 3057 3519
4 1958 1957 2494 2988
4 2919 3336 2622 3921
4 3797 4160 3088 4237
4 2642 3538 3938 4310
4 327 3625 352 4200
4 2635 2778 2741 3615
4 3100 3224 4099 4153
4 2553 4048 3975 4267
4 2474 3863 2478 4065
4 1711 1716 1707 3614
4 2900 2714 3708 3718
4 847 846 3580 3669
4 2606 3665 3331 4083
4 3625 3745 353 4200
4 618 620 632 3732
4 2990 3650 3490 3794
4 889 4266 3178 4308
4 3178 3670 3594 4266
4 2572 3363 2986 3749
4 2233 3153 2232 3868
4 2551 3302 2900 3462
4 157 22 56 3372
4 3253 3713 1701 4132
4 2671 3375 3168 3485
4 3057 3243 2829 4288
4 2618 2682 2980 2981
4 1279 2321 2322 2784
4 130 134 133 3831
4 1815 1803 1802 3586
4 1410 1399 1411 3725
4 1262 1263 3601 3881
4 36 90 167 4062
4 1623 4165 3610 4282
4 2500 3602 2554 4092
4 1795 3266 1783 3720
4 958 950 1058 3170
4 305 304 321 4269
4 2103 2084 2083 4242
4 2583 2838 2707 3489
4 1511 3025 1509 3690
4 2722 2610 2973 3727
4 2660 3197 2813 4150
4 1185 1186 1194 3751
4 3017 3120 3013 3699
4 1249 1253 1179 3360
4 467 463 468 4027
4 524 3258 520 3737
4 2505 3987 3390 4217
4 2772 3216 2771 3694
4 2802 3426 3141 4181
4 2771 3621 3623 3704
4 3559 3688 2897 4020
4 527 3950 3228 4333
4 304 3404 319 4269
4 3397 3725 3072 4178
4 2605 2682 3660 4268
4 1711 1717 1716 3614
4 966 3128 997 3535
4 2932 4046 3208 4284
4 1311 3581 3465 3906
4 190 28 99 91
4 2905 4081 3319 4140
4 2902 3796 3479 4075
4 2632 2539 2775 3448
4 3076 3134 2736 3326
4 3184 4020 3277 4291
4 731 724 4053 4188
4 3665 3669 3027 4083
4 2119 3414 2373 4205
4 3062 3962 2930 4298
4 1049 1034 1050 3565
4 3554 3636 3119 3638
4 834 3888 3784 3919
4 2649 3325 3946 4133
4 214 3041 217 3510
4 2637 2713 2591 3041
4 1850 3329 1862 3427
4 458 4003 3598 4215
4 4016 4049 2539 4301
4 942 3652 3413 3653
4 2931 3708 1379 4196
4 2690 3244 2879 3410
4 3231 3411 2820 3605
4 2802 3141 2717 4181
4 255 242 243 3973
4 822 3562 821 4050
4 2945 3320 2761 3738
4 851 3580 3076 4052
4 232 227 226 3813
4 417 3884 3371 4143
4 1332 3483 1326 4272
4 2892 3877 2946 3936
4 2932 3819 4046 4284
4 3347 3692 3035 3829
4 2683 2607 2964 3156
4 2245 4054 3421 4175
4 1040 1041 1016 3734
4 3191 3841 4110 4166
4 3038 3935 3877 3936
4 1588 1589 1581 3641
4 2538 3795 3520 4257
4 2499 3163 3263 4271
4 2496 4001 3252 4091
4 2527 3357 3386 4292
4 3505 3534 3170 4029
4 2664 4255 2978 4256
4 2830 3259 3170 4029
4 3542 3543 3201 3992
4 2827 3809 3227 4053
4 2527 4108 2611 4292
4 632 631 618 3732
4 2954 3921 3116 4033
4 3287 3644 2998 4159
4 144 4218 3262 4277
4 2803 3028 3856 4249
4 849 848 845 3669
4 1016 1041 1017 3734
4 3087 3575 307 3862
4 1997 1977 1978 3577
4 1789 3798 1800 3903
4 2560 3952 3230 4102
4 949 966 1059 3535
4 3092 3398 1160 4022
4 3039 3503 2764 3807
4 2481 2482 1453 4074
4 2103 3167 3918 4205
4 281 297 3748 4149
4 2742 3042 2878 4323
4 1379 1376 1382 3708
4 2719 3985 3484 4264
4 3280 3314 2896 3466
4 2267 4042 2265 4278
4 1972 3480 1988 3771
4 2374 1766 1758 3932
4 2729 2730 2593 3380
4 2848 3362 3765 3818
4 2690 3411 3410 3605
4 346 3404 4101 4269
4 2512 3646 3736 4158
4 2372 2387 3414 4304
4 2556 2948 3883 4287
4 2935 3574 2992 4212
4 2759 2901 2625 4244
4 2720 3818 3599 4112
4 2729 2991 2730 3450
4 2728 2991 2603 4080
4 476 3727 2973 4322
4 1235 1218 1219 4251
4 2573 2686 3188 3202
4 2664 3187 4255 4284
4 1891 3579 1905 4115
4 3333 3334 3179 4190
4 3010 3011 2749 4072
4 2444 2442 3412 3651
4 3203 3863 2469 4307
4 3276 3602 3275 3865
4 3104 3899 3579 4115
4 481 487 476 3727
4 2428 3785 2423 4171
4 2401 2402 2410 3664
4 175 125 40 3984
4 3413 3433 2717 4014
4 2751 3447 3091 4051
4 3460 4081 2905 4140
4 2856 3074 3792 4027
4 1816 1804 3211 4202
4 3259 4030 1076 4296
4 3145 3335 3725 4178
4 2768 3089 3067 3986
4 2413 2999 2420 3770
4 2201 2208 2209 3544
4 2794 3159 2762 3397
4 3410 3411 2690 3715
4 2749 2983 2850 3926
4 1808 3442 1807 3563
4 2757 3914 3253 4228
4 567 538 565 4129
4 2678 3116 2954 3921
4 3275 3276 141 4218
4 2265 2172 2171 4042
4 3423 3518 3095 4045
4 782 3735 3433 4014
4 2787 2982 2707 3843
4 2734 3175 3103 3834
4 2861 3642 3081 4208
4 3262 3500 3082 4218
4 2714 3671 3143 3708
4 2201 3486 3544 4320
4 409 410 3371 4143
4 3128 4005 1022 4318
4 3233 4114 2666 4258
4 272 287 285 3748
4 2241 2272 2270 3616
4 1816 3211 2427 4202
4 2717 3413 2849 3433
4 2720 3192 3362 3765
4 2707 3119 2789 4235
4 3386 3959 2997 3960
4 2683 3414 3280 4205
4 2549 3354 3330 4326
4 2987 3274 3137 4214
4 3003 3164 2849 4169
4 3337 3739 360 3996
4 194 202 182 3890
4 2756 3148 2847 3581
4 129 3517 138 3934
4 1133 3350 3804 3805
4 3628 3786 1874 3978
4 3132 3812 3089 3986
4 2691 3816 3308 4314
4 2738 3820 3568 4290
4 3041 3441 2743 3715
4 1727 1734 2113 3730
4 896 879 3334 3454
4 2394 2382 3506 4280
4 4167 4246 2535 4334
4 1010 1026 1025 3942
4 1810 3702 1799 3936
4 2632 3389 3615 4187
4 2804 3425 3701 3928
4 2882 3080 2980 3892
4 1354 1426 1364 3943
4 169 3381 156 4206
4 1384 3395 1385 3501
4 3076 3784 851 4052
4 2547 2623 2687 4007
4 2607 3156 2683 3807
4 488 3727 491 3933
4 2583 3489 2707 4235
4 1341 3101 1342 3149
4 76 150 16 69
4 3092 3869 3007 4022
4 1964 1960 2494 2851
4 1110 4222 3098 4318
4 2771 2772 3694 3704
4 2697 3067 3654 3900
4 2666 3972 3233 4258
4 421 702 420 3886
4 180 185 184 4110
4 2597 4024 3667 4329
4 224 225 214 3245
4 195 196 187 3710
4 2805 2910 2578 4211
4 3362 3599 2720 3818
4 113 104 121 3754
4 2824 3975 3186 4048
4 2943 3764 3423 4045
4 2420 2417 2426 2999
4 832 3888 838 4052
4 2618 3194 3177 3810
4 368 3739 3740 3996
4 2645 3763 3123 4204
4 2538 4117 4108 4118
4 2979 3779 2499 3788
4 560 563 3206 3926
4 848 3580 846 3669
4 3003 3910 3002 3963
4 444 498 448 3348
4 2549 4056 3118 4326
4 3563 3877 3038 3935
4 1078 1076 1077 4030
4 3559 4021 2897 4338
4 2891 3690 3025 4339
4 2565 2798 2535 4334
4 401 411 413 3928
4 91 190 29 3787
4 3436 3750 2956 4123
4 2565 2638 2601 2709
4 180 29 190 3787
4 2551 2631 2823 4109
4 767 766 758 4098
4 2899 2685 3220 3716
4 2703 4142 3322 4247
4 758 759 767 4098
4 1260 3502 1258 3876
4 2118 2101 2117 3918
4 2518 3082 3262 3500
4 840 3665 845 3669
4 3564 3954 2884 4050
4 3095 3117 2805 3445
4 2615 3558 3148 3624
4 786 3426 787 4321
4 898 3333 883 3454
4 2574 3631 2753 3937
4 2721 3050 2893 3565
4 2830 3349 3170 3553
4 3022 3507 3259 4296
4 640 641 649 3644
4 3123 3826 2781 3916
4 2843 3195 3138 3686
4 2654 3297 2833 4157
4 2993 3794 3650 3836
4 1364 1426 1443 3943
4 2703 3611 3322 4142
4 848 3669 849 3670
4 2590 2674 3336 3500
4 141 139 153 4218
4 2883 2795 3468 3801
4 2709 2989 2775 3448
4 1984 1968 1967 3764
4 2963 3949 3296 4066
4 3002 2972 3454 3910
4 3027 3669 2916 4083
4 3362 3798 3432 3903
4 1149 1133 1134 3804
4 3244 3409 2879 3410
4 3864 3997 2722 4117
4 2975 3673 3424 3758
4 2721 3091 3565 4051
4 1835 1819 1820 3563
4 1199 3833 1197 4309
4 953 968 952 3733
4 1091 1092 3619 4296
4 3293 3641 3419 4286
4 1534 1550 1551 3519
4 985 960 959 3653
4 2972 2643 3333 3334
4 888 3594 887 4266
4 3029 2752 3311 3734
4 2778 2741 3615 3786
4 2573 4137 3856 4297
4 2909 2788 3760 4174
4 1008 1024 800 3954
4 2586 3197 2822 3697
4 3080 3579 3104 3899
4 2567 3476 3308 3870
4 801 683 675 3815
4 1299 3875 3116 4033
4 1227 3833 4076 4309
4 2550 3626 3373 4331
4 94 4061 90 4062
4 1984 1967 1983 3764
4 1331 1324 3240 4225
4 1827 3427 1829 3588
4 933 949 3534 3962
4 2130 3769 3122 3956
4 2711 3029 2752 4211
4 2430 2428 1831 3785
4 2750 3183 2806 3779
4 1211 3472 1256 4134
4 2532 3308 2639 3476
4 1870 1883 1882 4148
4 2771 3694 3568 3878
4 2826 3156 3285 4034
4 830 828 3662 3979
4 538 3268 565 4129
4 2618 3657 2981 4040
4 2235 3393 2263 4240
4 2390 2394 2376 3506
4 2674 3102 2590 3336
4 1960 1946 3744 3892
4 2527 3250 4108 4292
4 2969 2996 2981 3657
4 2038 2039 3445 4197
4 2298 3367 2306 4337
4 3168 3375 2028 3485
4 1707 1709 1711 3614
4 2580 3995 3570 4047
4 2547 2631 2817 4109
4 97 3163 2587 4087
4 2734 3152 3175 3834
4 2826 3544 3486 4320
4 135 134 130 3831
4 3068 4277 2579 4338
4 1467 1475 1476 3272
4 2386 2385 3314 4304
4 2592 2815 2773 3696
4 2791 2832 2607 3540
4 2763 3095 3423 3518
4 2652 2751 2721 4051
4 3337 3996 345 4294
4 2554 3082 3560 3694
4 1940 2996 3115 3496
4 1727 2113 2097 3730
4 3663 3879 2906 4143
4 2891 2818 3690 4339
4 503 501 502 3603
4 2555 2582 2809 3083
4 1235 1244 1236 4251
4 3166 3649 2863 3824
4 1099 1107 3966 4004
4 1406 3246 1743 3904
4 1487 1505 3239 3288
4 1467 3272 1476 4265
4 450 3110 449 3499
4 469 472 466 3908
4 459 3110 457 4151
4 3027 3665 3331 3901
4 2838 3395 3037 3997
4 2814 4013 3711 4257
4 2425 3770 3030 3936
4 331 3621 2987 3704
4 1388 3708 1382 3718
4 3442 3720 1797 3935
4 2643 3178 3333 4190
4 3378 3490 2993 3794
4 3223 3610 2910 4198
4 2572 2823 3864 4109
4 2514 4010 3047 4090
4 1276 3876 1258 4085
4 2903 2916 3888 4052
4 2898 3370 2660 3383
4 542 4035 3737 4055
4 450 3400 440 4215
4 1535 3519 1616 3917
4 2975 3675 3389 4015
4 2621 2956 3568 3820
4 932 3534 3170 4095
4 1388 1390 1387 4196
4 116 128 114 3984
4 3052 3491 2846 4008
4 3365 3366 2723 3896
4 2852 2764 3503 3964
4 1645 1624 1625 3824
4 800 779 1008 3954
4 2546 2499 3779 4271
4 1885 1887 3541 4219
4 2616 3218 2756 4002
4 3851 3883 2948 4287
4 524 520 541 3737
4 3052 4008 2846 4327
4 1853 1833 1832 4059
4 2597 4041 4024 4329
4 2527 3377 3703 4013
4 2940 3551 279 3575
4 2576 3441 2875 3814
4 2692 2916 3669 4083
4 2189 2864 3364 4054
4 2602 3415 4230 4258
4 136 151 134 3455
4 3188 3202 2686 4220
4 2931 3037 2631 3058
4 155 160 159 3711
4 2059 2075 2057 4034
4 2419 2410 3770 4096
4 2575 3998 3763 4079
4 160 155 3073 3711
4 3004 3128 3098 4318
4 2916 3076 2619 3580
4 2216 3486 2184 3948
4 2597 3762 4041 4329
4 224 214 208 3951
4 855 844 854 4138
4 135 152 136 3262
4 2801 3093 2883 3435
4 829 831 834 3888
4 97 96 2587 3163
4 2549 3330 4047 4326
4 2522 3347 2598 4323
4 1425 1443 1426 3943
4 1545 4081 1553 4100
4 2900 3718 3708 4196
4 818 802 803 3757
4 3184 2855 4020 4291
4 1540 696 3986 4199
4 178 171 170 4180
4 168 175 164 3984
4 2753 2762 3159 3397
4 2708 3241 2654 4157
4 3054 3263 2594 4010
4 2182 2181 3606 4054
4 2773 2733 3400 3499
4 2687 2817 3037 4063
4 2207 3285 2206 4011
4 3071 2148 3956 4175
4 1303 3906 1307 4033
4 2807 2941 3426 3844
4 1005 1014 1013 3991
4 2066 3518 2082 4242
4 96 103 2877 4186
4 933 950 932 3534
4 797 4189 3320 4312
4 1538 1564 3654 4146
4 3268 3894 2695 4151
4 481 480 3446 4322
4 1531 687 686 3773
4 1502 1490 1501 3576
4 2087 3167 3156 3807
4 2787 3395 1372 3612
4 686 1530 1531 3773
4 2154 3071 3956 4054
4 2873 3644 3287 3695
4 2810 3739 3337 3996
4 3248 3249 2770 3643
4 63 2576 73 3313
4 2508 3520 3073 3711
4 1923 2894 1940 3496
4 2207 2197 2206 3285
4 1283 1263 2726 3601
4 186 201 184 3191
4 868 887 3594 4266
4 1014 1005 1006 3991
4 459 449 3110 3254
4 2616 3455 2579 4002
4 2306 3367 2298 3896
4 2607 3486 3039 4320
4 256 3383 2898 3973
4 2592 3216 2733 3703
4 2129 3122 3768 3771
4 3335 3718 3145 3725
4 207 3292 3951 4210
4 832 3027 838 3888
4 3191 3841 3310 3845
4 439 449 3254 3499
4 3573 4181 3467 4324
4 2621 2866 3274 3878
4 3690 3741 2891 4168
4 3025 3146 2636 3391
4 2268 3127 2239 3616
4 2720 2774 3585 3586
4 2770 2963 3750 3847
4 2992 3930 2935 4212
4 3493 2882 3837 4124
4 2768 3132 3089 3986
4 2688 3285 3036 4011
4 2978 4255 2745 4256
4 325 350 349 3862
4 1293 3719 2954 3875
4 4163 4164 1230 4309
4 2642 3600 4088 4310
4 465 471 2973 3598
4 1551 1535 1534 3519
4 2884 2761 3320 3738
4 3295 3506 2953 4319
4 2620 3854 4008 4009
4 3691 4186 2502 4206
4 2602 4037 3529 4258
4 2907 3090 2778 4191
4 294 289 4031 4058
4 3320 4189 3079 4312
4 2798 3130 2614 4334
4 2793 3177 2980 3714
4 2687 2840 2817 4063
4 1839 1841 1842 3944
4 834 831 835 3888
4 2538 3864 2610 4117
4 3188 3028 3856 3968
4 1914 1915 1913 4131
4 2549 3118 3632 4326
4 2808 3472 2857 4204
4 671 647 648 3695
4 2476 3014 3379 4065
4 2529 4114 3233 4258
4 3133 4191 4112 4336
4 436 435 2987 4127
4 657 659 658 3634
4 2875 3441 2576 3722
4 69 150 16 141
4 2776 2809 2624 3140
4 3175 3834 3152 4225
4 1722 3361 3730 4197
4 2179 2178 2184 3948
4 3540 3606 2187 4320
4 2573 3968 3856 4137
4 1030 3406 1029 4275
4 209 206 205 4122
4 2981 2682 3269 3744
4 3602 3865 3276 4092
4 3030 3770 2425 4070
4 87 96 103 2587
4 3244 3245 2868 3813
4 306 4057 301 4058
4 3056 3270 2877 4186
4 682 681 673 3812
4 648 672 671 3695
4 733 740 739 3613
4 3109 2632 3675 4015
4 1324 1323 610 4225
4 511 3898 510 4232
4 2177 2175 2174 3964
4 2743 2825 3907 3999
4 2751 3053 2895 4226
4 2205 3539 2213 4252
4 231 3383 230 3958
4 609 1324 610 4225
4 1742 4064 1748 4067
4 2745 3061 2939 4028
4 2468 2473 2469 3863
4 2739 4108 3063 4117
4 1401 3246 1406 3904
4 3602 2814 3703 4092
4 1936 1940 2894 3229
4 2963 2560 3296 4102
4 2756 3148 2615 3558
4 1313 3291 1312 4250
4 3020 3085 1918 4219
4 3064 3326 2906 3879
4 3070 3314 3021 4038
4 2551 3336 2515 4109
4 1311 3465 3102 3906
4 598 599 593 3926
4 134 3661 133 3831
4 2528 3570 3489 3995
4 349 324 325 3862
4 2621 3820 3274 4009
4 3209 3458 3054 4010
4 2528 3775 3250 4108
4 2763 3095 2943 3423
4 2476 4065 3379 4307
4 75 189 67 12
4 438 444 448 3348
4 2898 3197 2660 4149
4 2728 3017 2926 3464
4 1123 1197 1196 3833
4 2825 3248 3814 3907
4 32 93 143 100
4 3070 3408 2405 4202
4 2702 2901 2796 3332
4 2722 2973 2610 3530
4 2541 3447 3816 3940
4 1577 4081 1576 4140
4 2774 3585 2907 4336
4 3446 3933 3727 4154
4 103 80 90 3381
4 2934 2898 3973 4233
4 2556 4044 3474 4287
4 3538 2913 3938 4310
4 2838 2583 3395 3997
4 3167 3503 2683 3807
4 2248 2229 2247 3827
4 2322 1281 1279 2784
4 2980 3892 3080 3944
4 3565 3942 2893 3954
4 2662 2786 3192 3765
4 145 3537 3455 3934
4 511 3299 3898 4232
4 3100 4090 3047 4268
4 157 162 22 3372
4 913 912 929 3963
4 3399 3714 2980 3892
4 2206 2197 2196 3285
4 144 153 3500 4218
4 2130 3768 3122 3769
4 3025 3690 2818 4339
4 2717 3141 2711 4181
4 2770 3750 3436 3847
4 2815 2824 2695 3254
4 2709 3700 2988 3965
4 257 3511 258 3828
4 511 503 510 3898
4 3728 3946 3325 4133
4 3797 4116 3236 4237
4 544 3687 545 4139
4 127 119 107 2867
4 279 3551 2940 4233
4 2241 3616 1242 4239
4 928 929 912 3963
4 2763 2852 2962 3423
4 772 651 643 3860
4 3018 3681 3092 4193
4 2702 2625 2901 4244
4 3061 3519 1616 4028
4 3397 3072 3725 4012
4 2896 3346 3117 3466
4 1285 1284 1289 3941
4 2591 2743 3041 3441
4 3134 3326 3076 3784
4 200 189 75 12
4 2229 4076 3827 4163
4 2921 3643 3275 4277
4 520 3737 513 3915
4 91 29 81 3787
4 62 70 66 3782
4 716 719 725 4053
4 2753 3159 3853 4141
4 159 3711 160 4317
4 144 3500 3262 4218
4 724 717 716 4053
4 774 773 765 3867
4 597 2850 3304 3926
4 2518 4277 4276 4338
4 1083 1085 1084 3681
4 2736 3326 3134 4037
4 1696 1650 1652 3655
4 210 4192 4122 4306
4 1652 1697 1696 3655
4 2695 2824 3268 3508
4 2505 3310 3987 4217
4 2960 3992 3201 4039
4 2683 3156 2964 3167
4 1388 1379 1382 3708
4 1657 1631 1659 3679
4 1433 3460 1428 3461
4 2746 4015 3389 4016
4 2452 3627 3291 4025
4 283 293 3290 3609
4 2535 4246 3193 4335
4 2136 3805 3804 3825
4 2525 2581 2638 4334
4 882 869 4190 4266
4 2865 3625 3136 4200
4 2387 2386 3528 4304
4 1268 3360 1251 3601
4 2560 2963 3952 4102
4 2593 2730 2729 2991
4 2759 2901 3255 3498
4 2997 3689 3571 4023
4 3856 3968 3424 4137
4 2739 2583 4108 4117
4 832 3888 831 3979
4 104 128 121 3916
4 2774 2720 3585 4336
4 97 87 3658 4087
4 2446 2443 3102 3412
4 2826 2688 3706 4034
4 113 42 163 43
4 2451 1310 3291 3581
4 371 830 359 3662
4 2941 3509 3426 3844
4 175 77 125 3984
4 2822 3197 3136 3697
4 3530 3843 1344 3895
4 1621 1637 1638 3610
4 2695 2824 3508 4151
4 844 836 843 3901
4 3969 4249 3028 4289
4 3624 3688 2872 3802
4 2898 2822 3551 4233
4 3299 4232 516 4333
4 1621 1638 1622 3610
4 1189 3121 3699 3869
4 2722 3997 2787 4117
4 2103 3918 3167 4242
4 2432 1425 1355 3943
4 1250 1254 1249 3360
4 961 987 989 4169
4 516 4232 3950 4333
4 2752 4203 3238 4211
4 2359 2356 2358 3858
4 835 842 3784 4052
4 3006 3582 2865 4200
4 2572 2779 2986 4154
4 2859 3618 3425 4223
4 3128 3435 1069 3535
4 293 3290 312 3709
4 1621 1620 1637 4198
4 3057 3243 1532 3773
4 2192 3486 2191 4320
4 31 30 183 88
4 3206 4072 3011 4234
4 2629 3533 3142 4293
4 337 338 436 4214
4 2871 3018 2795 4079
4 156 3381 3691 4206
4 1521 3741 3690 4168
4 2651 3302 2762 3462
4 2159 3825 3036 4011
4 2780 2871 3018 3312
4 1143 1144 3768 3769
4 515 525 514 4333
4 3493 3579 2882 4124
4 137 19 18 68
4 465 3598 2973 4151
4 1084 1082 1083 3681
4 882 883 3333 4190
4 2413 3112 2999 3770
4 2816 3645 3129 3705
4 883 3454 3333 4190
4 93 96 3163 4084
4 675 793 801 3815
4 458 457 3110 3598
4 843 3901 383 3974
4 35 92 142 34
4 1358 3721 2787 3843
4 168 21 20 66
4 2956 3560 3230 4102
4 2854 2899 2655 4075
4 207 206 208 4330
4 2690 3244 3410 3715
4 3269 3892 1926 4124
4 1417 3439 1416 4017
4 2783 3027 2916 4083
4 2314 3393 2306 3896
4 1389 1399 1396 3718
4 835 841 834 3784
4 2529 3529 4114 4258
4 3718 4195 1390 4196
4 3630 3841 2520 4166
4 2865 3582 3134 3745
4 2768 3067 3166 3986
4 103 86 87 3056
4 2854 3828 3479 4058
4 1195 1194 3751 4251
4 442 440 3400 4215
4 278 294 289 4031
4 2993 3378 2644 3490
4 2685 3105 2902 3404
4 3249 3848 2770 4276
4 300 302 288 3479
4 2537 3347 2522 3830
4 2230 2229 2248 3827
4 211 204 212 4306
4 1079 3801 3507 4030
4 166 89 39 4106
4 3233 4258 3972 4291
4 126 106 120 3044
4 2685 3382 3716 4075
4 849 856 857 3670
4 3712 4047 4046 4256
4 2742 2659 3042 4323
4 1554 3319 1578 4100
4 2837 3907 2825 3999
4 3525 3746 2309 3832
4 2989 3085 2741 3448
4 2720 3585 3798 3903
4 2573 3392 3968 4137
4 2685 3609 3220 3716
4 1517 1386 1525 3637
4 2208 2201 2200 3544
4 522 527 516 4232
4 177 162 157 3372
4 2661 2937 2626 3838
4 1833 3821 1832 4059
4 2370 4176 2385 4304
4 195 201 186 4217
4 2692 3669 3665 4083
4 1273 1220 1270 3359
4 1309 1313 1308 4250
4 2899 3716 3382 4075
4 2666 3529 4037 4258
4 3030 3770 3702 3936
4 844 843 3332 3901
4 2694 4256 3057 4288
4 206 3999 205 4122
4 443 429 435 3363
4 3087 3862 324 4294
4 2968 3577 2001 3825
4 1183 3450 3121 4022
4 4001 4246 3193 4259
4 1104 1095 1096 3777
4 2132 1145 1144 3769
4 1144 2131 2132 3769
4 2631 3037 3721 3997
4 1383 3569 3671 3855
4 3688 3802 2600 3840
4 4001 4167 3075 4246
4 2994 4032 3378 4187
4 2592 2815 3696 4267
4 2686 2844 3811 3838
4 2773 3499 3400 3622
4 281 3748 287 4149
4 1914 3531 1915 4131
4 3230 3952 3231 4260
4 2066 4045 3518 4242
4 2798 3329 3085 3541
4 481 3446 3727 4322
4 475 2973 478 3894
4 2544 2614 2654 4334
4 2690 2879 2868 3909
4 185 186 184 3191
4 729 3613 739 4014
4 2546 3779 3194 4271
4 3570 4047 3995 4326
4 1337 3101 1341 4156
4 3120 3619 1101 3869
4 378 3745 366 3919
4 169 167 156 3381
4 1852 1864 3587 3588
4 2771 2866 3694 3878
4 2789 3368 3146 3635
4 1037 4019 1036 4275
4 341 344 356 3996
4 1227 2228 1228 4076
4 2227 2228 1227 4076
4 138 3161 145 3934
4 1389 1399 3718 3725
4 246 3752 237 3813
4 1228 4076 1229 4309
4 269 284 279 4233
4 3250 2927 4292 4317
4 930 948 949 3962
4 1222 1223 1239 3852
4 2984 3775 2687 4007
4 3005 3317 2719 3702
4 1389 3569 1399 3725
4 1392 3501 1394 3637
4 2567 3870 3207 4226
4 117 109 108 3830
4 1200 1201 3312 4193
4 686 3773 3011 4231
4 2884 3564 2893 3954
4 103 90 86 4061
4 3220 3796 2899 4207
4 3048 3274 2866 4214
4 2573 3202 3392 3838
4 2601 2996 2969 3657
4 2878 3365 2723 3896
4 307 306 295 3575
4 120 121 3523 3754
4 2751 3447 2652 4226
4 3029 3735 3433 4165
4 2931 3256 3154 4111
4 3051 3660 2946 4148
4 3314 3466 3280 4304
4 1097 1105 3777 3966
4 890 891 892 3879
4 3385 3894 601 3895
4 2877 3163 96 4084
4 2740 3297 3588 3785
4 3860 3867 2944 4182
4 1243 4239 3464 4251
4 3184 4020 2855 4021
4 3509 3980 2955 4311
4 3193 4259 2535 4335
4 839 3027 840 3669
4 2852 3122 2748 3793
4 3069 3884 3429 4229
4 2356 2355 2358 3858
4 2510 3369 3567 4287
4 3558 3559 2897 4338
4 2536 3308 3781 4315
4 2670 2995 2601 3657
4 785 787 3426 4321
4 294 295 306 3575
4 2549 3208 4046 4256
4 3123 4204 2604 4253
4 2644 2993 3490 3650
4 2538 3795 2733 3864
4 2795 2871 3468 3833
4 2284 3421 3364 3893
4 2779 4003 3598 4322
4 1870 1882 1869 4148
4 2685 3716 3382 4177
4 3006 3645 3582 4200
4 2798 3085 2709 3448
4 3164 3734 2849 4169
4 2700 4230 4229 4331
4 3286 3651 3591 3882
4 2685 3716 2899 4075
4 338 337 334 3137
4 911 896 910 3454
4 1388 1382 1389 3718
4 3135 3296 2837 3907
4 1857 3532 2946 3976
4 2759 3255 2901 4244
4 305 3609 304 4269
4 499 3144 3254 3508
4 3011 3206 2749 4072
4 488 481 3446 3727
4 160 3711 3566 4317
4 2564 2555 2784 4245
4 2826 3285 3156 3945
4 2583 2982 2787 4117
4 2116 3918 3466 4304
4 2501 3380 3199 3905
4 2651 3125 2889 3412
4 2535 3270 3056 4301
4 1030 3991 3406 4275
4 2234 3153 2233 3222
4 2620 4009 4008 4201
4 3045 2724 3545 3950
4 2686 2844 3246 3811
4 3261 3282 2780 4185
4 2189 3364 2864 3540
4 2135 1980 3805 3825
4 335 3363 3623 3704
4 2819 3453 2984 4007
4 162 22 65 23
4 491 3727 3446 3933
4 2954 3116 2678 3875
4 333 3137 3621 3622
4 206 4122 209 4330
4 1025 1009 1010 3942
4 2397 3314 2385 4176
4 542 3737 3186 4055
4 371 3662 370 3974
4 2572 3336 2823 4109
4 2530 3716 3761 4177
4 1586 1579 1578 3990
4 1291 3358 1288 3449
4 2089 2090 2106 3914
4 2511 3632 3417 4326
4 682 673 674 3812
4 1946 1938 1947 3892
4 2090 2107 2106 3914
4 890 3879 884 4143
4 1950 1955 1954 3836
4 1309 1343 2490 4250
4 2776 2864 2589 3071
4 1135 3264 1151 3804
4 2815 2695 3110 3254
4 2365 2369 2370 4176
4 1890 3241 1896 4157
4 1869 3051 3877 4148
4 2499 2546 3471 4271
4 3563 3821 3200 4059
4 2535 3193 4246 4259
4 2930 3552 3062 4298
4 837 836 844 3901
4 525 3792 514 4333
4 60 11 10 112
4 46 47 108 188
4 1888 1904 1889 3776
4 2722 4154 3933 4236
4 3135 4210 3292 4306
4 3007 3092 2729 3869
4 188 185 190 3341
4 1382 3708 3671 3718
4 2779 3598 2971 4154
4 2536 4268 3660 4314
4 931 932 941 4095
4 3382 3959 3043 3960
4 3013 3120 2831 4004
4 881 3334 879 3454
4 413 3886 420 3887
4 1550 3519 3419 4286
4 2153 2147 2152 3956
4 2677 4008 3052 4327
4 2527 2611 3357 4292
4 2694 3057 2978 4100
4 2882 3115 2834 3837
4 3065 3358 3210 3359
4 928 927 946 3910
4 2604 3998 2681 4079
4 1577 3319 1553 4081
4 3076 3198 2619 3580
4 2065 3518 2066 4045
4 733 739 729 3613
4 391 3498 3255 3974
4 2939 2745 3419 4255
4 1324 2457 2467 2458
4 163 169 171 3953
4 2457 1323 1324 2467
4 3249 3643 2921 4276
4 3056 3270 2535 4335
4 2514 4010 4090 4227
4 3299 3491 3052 4008
4 613 652 654 4072
4 2702 2796 3111 3332
4 1285 1289 3449 3941
4 2937 3838 2844 4067
4 65 56 22 3372
4 2615 3558 3624 3851
4 57 71 64 3355
4 2707 2789 3108 4235
4 1534 3519 1535 3917
4 3311 4165 1981 4282
4 2686 2844 3838 4067
4 2772 3623 3363 3704
4 2415 2422 3387 4202
4 1195 1186 1187 3751
4 3070 3314 2634 3850
4 1961 2494 1960 2851
4 2727 3148 2847 3558
4 3408 3586 1804 4202
4 2445 2449 2477 3607
4 2893 3565 3050 3942
4 946 927 945 3910
4 1744 1748 1742 4064
4 666 664 665 3844
4 715 3403 721 4313
4 1517 1525 3636 3637
4 3473 3992 2960 4039
4 2556 3883 3900 4044
4 3186 3268 2824 3915
4 2104 2964 2105 4205
4 2592 2869 3989 4183
4 1945 1944 1959 3965
4 1871 1872 1864 4157
4 2919 3026 2800 3102
4 85 3658 87 3659
4 1525 1386 1394 3637
4 2465 2463 2471 3516
4 521 522 512 4232
4 2822 3575 2940 4247
4 2572 2823 3446 4154
4 89 166 39 38
4 2517 3841 3207 3870
4 1522 1521 3690 4168
4 245 3511 244 3813
4 2889 3412 3125 3627
4 3126 3265 2142 4278
4 3238 4211 2617 4324
4 3453 3775 2984 4007
4 145 3161 3537 3934
4 2311 2310 3746 4107
4 2795 3018 2871 3833
4 2774 2907 2635 4336
4 3188 3856 3028 4249
4 359 343 358 4101
4 304 3609 3404 4269
4 1241 3464 1242 3616
4 2801 3435 3128 3535
4 3268 3915 3186 4129
4 2517 3870 3308 4315
4 2702 2887 3467 4244
4 3329 3427 2614 3957
4 485 3530 1344 3895
4 3326 3617 872 3879
4 3508 3603 3144 4254
4 2292 2300 2293 3832
4 911 897 896 3454
4 2300 2301 2293 3832
4 2589 2852 2764 3503
4 1055 1039 1132 3805
4 27 26 117 84
4 193 133 54 55
4 2634 3070 2896 3314
4 1409 1410 1744 3920
4 1782 1789 1779 3432
4 2687 2583 2838 3997
4 2565 2525 4334 4335
4 2755 2782 3301 3954
4 356 3740 3839 3996
4 1586 1587 1579 3990
4 2637 3370 3324 3383
4 882 869 865 4190
4 2750 3077 3016 3724
4 3220 3609 3404 3796
4 2275 3421 2253 4054
4 1853 3685 1833 4059
4 2820 3411 3231 3755
4 1570 1572 1573 3994
4 3447 3470 2652 3940
4 2821 2675 3351 4172
4 2826 3285 2688 4034
4 379 3514 3498 3740
4 3117 3361 2805 3445
4 2643 3179 3178 4190
4 2756 3291 3627 4026
4 2823 3997 3864 4109
4 3745 3784 2903 3919
4 3351 4126 2821 4172
4 1078 3507 1080 4296
4 2708 2996 3496 3531
4 1330 3961 3152 4225
4 1906 1905 3579 4115
4 262 254 263 3970
4 3347 3829 3035 3830
4 3486 3606 2186 3948
4 2786 3346 3279 3730
4 2597 3667 4024 4340
4 2903 3076 2916 4052
4 1226 3190 1217 4251
4 336 331 2987 3704
4 3002 3910 3454 3963
4 72 73 2920 3865
4 2683 3167 2962 3503
4 29 180 30 81
4 2603 2669 3358 3359
4 110 105 109 3522
4 3156 3167 2683 3807
4 2590 2847 2959 3116
4 2318 3083 2319 3876
4 106 25 83 26
4 54 181 53 130
4 2517 3841 3870 4315
4 2151 3948 3956 3964
4 4021 4276 3068 4338
4 187 15 64 14
4 1078 4030 3507 4296
4 2609 3447 3470 4051
4 2967 2688 3285 4034
4 2313 3896 2305 4240
4 1742 1405 1409 4063
4 1399 1400 1411 3725
4 2836 3847 3750 3949
4 3254 3499 2815 3696
4 1388 3708 3718 4196
4 2700 4229 3069 4331
4 2546 3194 3810 4040
4 1181 1180 1172 3869
4 1172 1173 1181 3869
4 2745 3519 3061 4028
4 3294 3544 2832 4320
4 242 3324 243 3383
4 2804 3514 3255 3928
4 36 101 90 4062
4 2134 3482 2133 4175
4 1303 1299 3116 4033
4 2834 2882 2682 3115
4 1541 1540 697 3986
4 697 1540 696 3986
4 2615 3218 3558 3851
4 1309 1308 4156 4250
4 1134 1150 1149 3804
4 1039 3406 3350 3805
4 3209 3369 3218 3458
4 442 429 443 3400
4 2864 3540 3039 3606
4 158 138 51 50
4 3218 3558 2897 4338
4 1941 1929 1930 3020
4 2643 3178 2930 3333
4 3381 4259 4186 4301
4 2003 2135 2157 3825
4 1041 3734 1040 4165
4 2449 2479 3607 4025
4 2556 3900 4036 4155
4 161 171 169 3300
4 3277 3840 2600 4261
4 1453 1451 2481 4074
4 2742 2608 2878 2947
4 150 139 141 3276
4 2990 3794 3378 4194
4 3350 3406 2880 3805
4 3546 2629 3758 4293
4 864 4138 3927 4190
4 2309 3832 3746 4107
4 2537 3829 3347 3830
4 3632 4167 2635 4336
4 930 3962 933 4298
4 2996 3229 1940 3744
4 2806 3779 3263 4010
4 2169 3294 3126 4042
4 1195 3359 1219 4251
4 109 117 126 3830
4 2935 3361 2786 3730
4 1313 2453 2452 3291
4 1747 3515 1741 4067
4 2687 4007 3775 4118
4 2728 2991 3121 3190
4 2734 3046 3152 3834
4 3724 4090 2750 4227
4 3262 3455 2674 3500
4 1029 3406 1037 4275
4 3138 3195 2843 3696
4 2365 4176 2370 4304
4 3004 3098 2748 4222
4 3275 3602 3276 4218
4 1189 3699 3121 4144
4 361 359 828 4101
4 2476 2471 2475 4307
4 1203 3312 1201 4309
4 3607 3627 2448 4025
4 2858 2864 2776 3421
4 1662 1661 1636 4198
4 1527 1400 3569 4012
4 101 174 122 4062
4 166 156 38 3691
4 2423 2428 2429 4070
4 207 214 213 3951
4 3143 3154 2714 4111
4 2607 2832 2826 4320
4 2724 3228 3950 4333
4 1518 3638 3636 4168
4 2634 3414 2704 3528
4 2937 3515 1747 4067
4 167 90 36 37
4 2565 2638 2709 4334
4 2562 4142 4078 4247
4 2448 3412 2447 3627
4 1474 1360 1366 3843
4 233 244 232 3813
4 2009 2008 2016 4045
4 3768 3771 3098 4222
4 1883 3531 1882 4148
4 2592 3696 2773 3989
4 3083 3222 2857 4085
4 1760 1762 1764 1756
4 3239 3288 1504 3855
4 1406 1407 1403 3904
4 2239 3852 3127 4278
4 472 3908 479 4322
4 1903 1920 3513 3776
4 185 180 190 3787
4 1742 1409 1744 4063
4 1966 4162 1041 4165
4 2770 3643 3249 4276
4 3122 3769 3071 3956
4 2943 3004 2748 3480
4 2619 3076 2903 4097
4 3163 4084 2877 4271
4 1268 1254 3360 3601
4 844 3901 3332 4138
4 2537 2679 2522 3347
4 1267 1272 1268 3601
4 196 186 194 2505
4 1385 3037 3307 3395
4 2695 3254 2824 4151
4 3088 4116 3797 4237
4 2838 2686 3246 3501
4 216 3510 218 3958
4 3273 3610 1638 4198
4 1101 3619 3120 4004
4 3109 2539 4015 4049
4 1463 2459 611 3753
4 2501 3428 3789 3800
4 923 3552 915 4095
4 244 3752 246 3813
4 2750 4090 4010 4227
4 61 62 63 3543
4 1305 3835 1310 3906
4 2773 2815 2733 3499
4 2722 3864 2610 4154
4 2016 2042 2017 4045
4 3117 3445 3095 4197
4 2365 2364 2369 4176
4 3214 3757 2936 3824
4 353 3745 3625 3919
4 2555 2564 2857 4204
4 1218 1236 1217 4251
4 203 196 194 2505
4 3630 3781 3308 4315
4 2632 2994 2990 3378
4 2353 2336 2260 3857
4 739 3613 742 4014
4 3122 3771 2145 3964
4 3117 3095 3518 4197
4 511 501 506 515
4 2573 3188 3856 3968
4 3335 3072 3569 3725
4 2704 3414 2964 4303
4 1136 1152 3264 4006
4 915 931 4095 4298
4 2936 3132 2768 3166
4 3158 176 3691 4206
4 2946 3532 1857 4148
4 3409 4122 2837 4330
4 86 85 87 3659
4 2380 2392 2381 4280
4 570 571 572 4055
4 4246 4334 3193 4335
4 2778 3090 2907 3978
4 2579 3262 136 3455
4 948 3962 930 3963
4 2847 3116 2590 3906
4 1517 3636 1525 4168
4 2857 3083 2809 3222
4 2535 4246 4001 4259
4 2245 3421 3160 4175
4 2824 4048 4254 4267
4 3507 3681 1080 4296
4 1287 3358 1285 3449
4 599 1414 1413 4243
4 1578 3990 3319 4140
4 1937 1926 3269 3892
4 2862 3239 3671 3855
4 2787 2707 3612 3843
4 515 526 525 4333
4 2754 2606 3331 3742
4 2589 3122 2852 3793
4 286 3551 284 3748
4 2759 3255 2804 3514
4 3972 4078 3233 4142
4 2320 2321 2319 3873
4 643 764 772 3860
4 1106 1105 1097 3966
4 3560 3694 3082 4170
4 948 930 929 3963
4 2603 2526 2676 3267
4 2186 3606 2180 3948
4 1798 3720 3702 3935
4 3326 3879 870 4143
4 2519 3075 3988 4246
4 2942 2742 3127 3525
4 2876 4126 3351 4172
4 1095 1104 1103 3777
4 1882 3531 1894 4131
4 2739 2983 2790 3304
4 253 3973 255 4233
4 2545 3600 3217 4153
4 2296 3365 2295 4107
4 4046 4047 3023 4056
4 765 766 774 3867
4 1540 3986 1541 4199
4 1219 1237 1235 4251
4 429 3363 443 3400
4 3022 2656 3259 3507
4 2889 3581 2450 3627
4 61 67 60 3992
4 3308 3870 3630 4315
4 507 3508 3254 4151
4 344 341 314 3839
4 2145 3956 3122 3964
4 3072 3741 3569 4012
4 2179 2184 2185 3948
4 866 856 865 868
4 2768 3166 3132 3986
4 2687 2838 3037 3997
4 835 3888 832 4052
4 2358 2298 3367 3858
4 323 313 305 4269
4 3630 3692 2504 4166
4 489 488 480 3446
4 844 3927 854 4138
4 423 420 3886 3887
4 2683 3280 2962 4205
4 243 3324 2861 3370
4 1762 1756 1757 3316
4 1431 3635 3108 4265
4 2971 3400 2733 3499
4 2583 3775 4108 4118
4 2681 3929 2795 4079
4 2795 3018 2681 4079
4 2804 2759 3497 4244
4 1167 1169 3261 4134
4 2533 2698 3458 4002
4 2417 2999 2418 3387
4 2688 3036 2968 4011
4 2713 2637 3324 3911
4 3164 3734 1018 4162
4 2943 3480 3423 3756
4 486 3727 3530 3894
4 2926 3042 2659 3210
4 1810 3935 3702 3936
4 488 489 491 3446
4 561 572 571 4055
4 2423 3785 2428 4070
4 2862 3288 3239 3855
4 2518 3560 3082 4170
4 1835 1855 1854 4059
4 488 487 481 3727
4 3332 3662 3331 3901
4 2839 2748 3122 3793
4 933 3962 3534 4298
4 518 3268 536 3915
4 1418 3304 594 4017
4 2551 2817 2631 4109
4 519 508 518 3915
4 1785 1798 1796 3720
4 1056 1058 3170 4029
4 1354 1355 1426 3943
4 341 3839 344 3996
4 3109 4049 3471 4271
4 803 819 818 3757
4 231 3324 242 3383
4 2624 2918 2809 4274
4 2895 2689 3126 3294
4 2717 3141 3613 4014
4 2894 3085 2709 3776
4 264 3370 266 4149
4 2718 3053 2751 4226
4 2629 3546 3533 4293
4 1298 3116 2959 3835
4 3747 4186 3381 4206
4 2402 2411 3664 3770
4 110 109 111 3522
4 2825 2837 3296 3907
4 2429 2431 3976 4070
4 3136 3862 3006 4200
4 1203 4164 3312 4309
4 2765 3749 2590 3921
4 1971 3480 1972 4222
4 127 3473 112 4069
4 3486 3544 2826 3945
4 2952 3977 3589 4152
4 1741 3246 1404 4067
4 3596 4083 3260 4302
4 3362 2720 3765 3818
4 2270 2240 2241 3616
4 347 4101 3742 4269
4 1409 3145 1410 3920
4 1792 1789 1782 3432
4 3067 4146 3305 4199
4 2866 2765 3048 4214
4 155 49 129 50
4 2573 2686 3202 3838
4 837 830 836 3901
4 292 3796 3609 4207
4 36 167 174 4062
4 2965 3316 3034 3985
4 2614 3297 2654 3957
4 3570 3995 2528 4326
4 2688 2967 3285 4011
4 2579 4277 3262 4338
4 359 358 3662 4101
4 1310 3835 3148 3906
4 2737 3248 2612 3848
4 1285 1269 1284 3601
4 3214 3655 2766 4305
4 3177 3194 2618 4040
4 2985 3140 3827 3868
4 832 833 3027 3979
4 2900 3145 2651 3335
4 418 871 427 4143
4 2614 2798 3329 3957
4 538 3915 3268 4129
4 3007 2729 3121 3869
4 3194 3263 3163 4271
4 2953 3506 3492 4319
4 2694 3319 2978 3712
4 2907 3329 1850 3427
4 2003 3825 2157 4011
4 420 701 423 3886
4 480 481 479 4322
4 255 3973 2898 4233
4 2450 3102 2889 3412
4 2861 3324 2637 3370
4 3556 3679 2835 3713
4 527 3950 516 4232
4 3137 2987 3621 3878
4 3017 2828 3464 3852
4 3564 3565 2893 3954
4 154 163 171 3953
4 3186 3737 2693 4035
4 3383 3958 2934 3973
4 2879 2868 3511 3813
4 3598 3727 2779 4322
4 1162 1160 3398 4022
4 2896 3408 3346 4176
4 1186 3450 1178 3751
4 116 8 9 70
4 1833 3685 3821 4059
4 115 45 191 44
4 2893 3564 2721 3565
4 2335 2334 3083 4085
4 2460 2438 2468 3882
4 840 3027 3665 3669
4 3023 4047 3570 4056
4 85 86 83 3659
4 849 3669 3665 3670
4 2394 2403 2402 4280
4 2730 2991 2603 3360
4 2850 3926 598 4055
4 2943 3095 3764 4045
4 1391 3569 1383 3855
4 2594 2618 2969 3047
4 2304 2297 2296 3896
4 1241 1224 3464 3852
4 2648 3600 3173 4153
4 515 3299 516 4333
4 1835 3563 3877 4059
4 1785 3702 1798 3720
4 2914 3987 3310 4217
4 2293 2294 3365 4107
4 265 272 3748 4149
4 2807 3844 3426 3917
4 2365 2366 3466 4304
4 1538 4146 3654 4199
4 3057 3419 2978 4100
4 601 3894 600 3895
4 2550 3972 3971 4331
4 2297 2304 2305 3896
4 78 67 61 3992
4 3120 3699 1109 4004
4 3129 3337 2810 3739
4 1021 994 992 4005
4 454 455 453 3481
4 2652 2718 2751 4226
4 2326 2715 2343 3597
4 2750 3016 2618 4090
4 3331 3665 3332 3901
4 2601 2995 2988 3656
4 1169 1168 3261 4134
4 2709 3085 2989 3448
4 3004 3098 4222 4318
4 2620 2724 3955 4008
4 1795 1783 1786 3720
4 3332 3901 843 3974
4 1161 3398 1160 4193
4 2392 2401 1775 3664
4 1388 1379 3708 4196
4 2603 3040 2728 4080
4 1249 1254 1253 3360
4 2627 2853 4213 4299
4 2837 4122 3999 4330
4 2204 3539 4252 4320
4 153 146 144 3262
4 2077 2088 2096 3156
4 1573 1571 1570 3994
4 2656 3505 3062 4130
4 3352 3438 2869 4048
4 2763 3423 2962 3518
4 1505 3288 1514 3855
4 2670 3490 2995 3650
4 2591 3041 2557 3441
4 3261 4022 1164 4185
4 2826 3807 3486 3945
4 992 1020 1021 4005
4 2278 2256 2255 3893
4 3292 3715 2743 3999
4 284 3551 279 4233
4 2360 2715 2357 3858
4 1192 3190 1216 4144
4 2582 2918 2809 3083
4 2604 2681 2780 4079
4 1429 1430 1437 4265
4 1219 3359 1237 4251
4 1927 1928 3115 4131
4 1404 3307 3246 3501
4 2946 3030 2892 3936
4 28 190 29 91
4 24 94 118 25
4 52 192 140 53
4 2594 4010 2618 4090
4 1530 3773 686 4231
4 1360 1441 1435 3843
4 3145 3725 3397 4178
4 2902 3740 2853 3839
4 2900 4195 3718 4196
4 1527 3741 3078 4012
4 2554 3444 3216 3694
4 141 144 132 4218
4 2780 2681 3018 4079
4 1202 3312 1203 4185
4 3660 4268 3100 4314
4 419 870 871 4143
4 3175 2697 3572 3753
4 1087 1066 1086 4029
4 1967 3764 1968 4162
4 845 844 855 4138
4 881 880 3334 4190
4 2477 3607 2961 4065
4 2727 3101 2959 4156
4 3056 2535 4259 4335
4 3048 4127 3481 4214
4 2103 2083 3918 4242
4 2741 3085 2635 3448
4 3403 2717 3613 4014
4 3611 3626 2550 3971
4 1963 1953 3656 3693
4 100 147 172 4106
4 441 439 3254 3499
4 2833 3297 3976 4157
4 110 3522 127 4069
4 3499 3622 2773 3696
4 2771 3694 2866 3704
4 3995 4047 3330 4326
4 3186 3206 2850 4055
4 1631 1657 1630 3679
4 3630 3870 3841 4315
4 1493 1492 1456 3977
4 272 285 271 3748
4 119 2867 127 3524
4 3128 3435 3098 4318
4 160 155 165 3073
4 1277 2318 3876 4085
4 434 430 432 3696
4 3241 3531 1895 3532
4 138 147 143 3161
4 2879 3511 2868 3909
4 3337 3739 3129 4104
4 62 61 59 3543
4 2639 2999 2977 3021
4 849 3665 845 4138
4 1065 1066 1087 4029
4 94 90 101 4062
4 161 159 160 4317
4 3539 3832 3525 4252
4 2077 2095 2076 4034
4 2138 2163 2161 3913
4 2717 3735 3141 4014
4 2808 2857 2564 4204
4 2742 2878 2608 4323
4 2391 4303 3492 4319
4 1138 1153 1137 4006
4 2549 4047 4056 4326
4 2310 2271 2273 3746
4 372 380 368 3739
4 755 732 736 3806
4 2095 3706 2094 4034
4 97 2587 87 4087
4 2616 3218 2579 4338
4 1948 1961 1947 3744
4 56 65 72 3372
4 1139 3265 1155 4006
4 2938 3577 2751 3825
4 615 613 654 4072
4 2260 2282 2353 3857
4 1360 1435 1356 3843
4 1384 3395 3501 3637
4 2791 3832 3539 4252
4 383 3662 371 3974
4 142 133 134 3661
4 2273 2311 2310 3746
4 2651 2889 2800 3412
4 1723 3912 1724 4212
4 2476 3379 2471 4307
4 3106 3946 3728 4133
4 1163 3398 1161 4193
4 3311 3764 1982 4162
4 2171 2264 4042 4278
4 2828 3127 3464 3852
4 1839 1840 1841 3944
4 120 118 113 3754
4 2542 3803 3260 3929
4 3373 3626 2550 4093
4 177 3566 161 4317
4 2560 3231 3411 3755
4 2265 4042 2264 4278
4 2443 4033 3026 4216
4 2635 3615 3133 4191
4 2610 3110 2973 3598
4 890 892 884 3879
4 1185 3450 1186 3751
4 231 3383 242 3973
4 1796 1797 3720 3935
4 96 80 103 4186
4 2765 2987 4127 4214
4 2142 3265 3126 4006
4 3598 3727 2610 4154
4 2899 3220 3081 3716
4 145 138 143 3161
4 3200 3877 3563 4059
4 1199 1201 4193 4309
4 2500 3230 3560 4102
4 3248 3296 2560 4102
4 1383 3671 1375 3855
4 3856 4137 2746 4297
4 1162 1164 1176 4022
4 3130 3329 2798 3957
4 1240 1239 1223 3852
4 2804 3255 2759 4244
4 411 412 2485 3425
4 1827 1829 1830 3588
4 37 156 80 38
4 1504 3288 1505 3855
4 631 3732 632 4159
4 1798 1796 3720 3935
4 314 341 317 3839
4 2980 3177 2981 3714
4 182 45 105 46
4 10 107 9 59
4 2551 2823 3336 4109
4 502 508 509 3508
4 1963 1953 1956 3656
4 1956 1964 1963 3656
4 251 250 2861 3642
4 665 667 666 3844
4 1410 1411 3145 3725
4 929 947 948 3963
4 1951 1952 1949 3399
4 2542 3803 3929 4125
4 2775 2988 2995 3693
4 2146 2152 2147 3956
4 1 125 175 77
4 75 123 200 0
4 101 174 5 122
4 7 147 172 100
4 74 148 2 197
4 173 3 76 150
4 6 98 199 149
4 198 99 4 124
4 2933 3651 3026 4216
4 1523 3569 1391 3855
4 2800 3102 3026 3412
4 1099 3619 1100 4004
4 2903 3888 3784 4052
4 2815 2971 2733 3499
4 1194 1186 1195 3751
4 2180 3948 3606 3956
4 849 3670 3665 4138
4 2848 3982 3925 4077
4 1238 3265 1221 3852
4 195 196 3710 4217
4 2742 2926 2828 3127
4 59 70 62 3782
4 81 102 91 3787
4 3076 3580 2916 4052
4 1528 4231 684 4243
4 2790 3108 2789 4235
4 1406 1407 3904 3993
4 2805 3361 3273 4282
4 2714 2900 3708 4111
4 1133 3804 1149 3805
4 2818 3690 3420 3741
4 2971 3110 3598 4215
4 1765 1762 1757 3316
4 181 193 201 3640
4 247 239 3752 4208
4 1638 3610 3273 4282
4 431 3400 440 3499
4 1281 2784 2322 2970
4 2386 3314 2398 3528
4 1960 2851 2981 3744
4 3137 3274 2987 3878
4 2932 3599 3818 4112
4 2780 3018 2871 4079
4 2410 3664 2411 3770
4 3253 3713 2757 3823
4 3021 3387 3070 4038
4 2743 3099 3292 3907
4 1666 1674 1667 3780
4 2678 2954 3055 3921
4 1176 1175 1162 4022
4 2582 2809 2918 4274
4 307 3575 3087 4057
4 1414 3461 1413 4243
4 3364 3365 2285 3893
4 2745 4256 3354 4288
4 335 334 332 3622
4 1948 1935 1945 3229
4 2443 3102 3026 4033
4 2546 3194 3109 4271
4 2927 3250 3158 4317
4 161 3158 176 4317
4 2694 3057 2829 4288
4 2720 2662 3765 4336
4 2023 2025 2021 4132
4 3211 1804 3586 4202
4 485 600 3894 3895
4 2921 3068 4276 4277
4 2431 3587 3976 4070
4 2755 3301 2782 3663
4 3317 3720 3702 4096
4 189 13 67 12
4 2332 3210 1291 3449
4 2826 3544 3285 3945
4 2392 3487 2381 4280
4 3010 3682 3634 4072
4 226 3245 224 3813
4 1876 3329 2907 3541
4 2450 2889 3465 3581
4 3523 3524 3522 4245
4 3085 3541 1902 4219
4 2852 3771 3122 3964
4 450 3400 3110 3499
4 2741 3448 2635 3615
4 2683 2962 3167 4205
4 1796 1809 1807 3935
4 1303 1307 2489 4033
4 912 897 911 3454
4 2731 3015 3005 3506
4 2612 3440 2811 4174
4 3397 3725 1412 4012
4 527 516 3950 4333
4 2102 2104 2103 4205
4 2784 2857 2564 3876
4 3569 3725 3072 4012
4 2431 3587 1838 3976
4 2845 2840 4063 4064
4 3147 4025 3291 4026
4 1273 1219 1220 3359
4 306 307 2486 4057
4 1213 3699 1189 4144
4 3786 4115 1886 4219
4 2570 3082 3602 3694
4 93 97 82 3163
4 2561 3678 3521 3793
4 2094 2075 2076 4034
4 1047 4222 1140 4318
4 2737 3114 3135 3296
4 1302 1308 3835 4156
4 3243 3844 2807 3917
4 264 266 281 4149
4 2824 2695 3186 3975
4 1324 1331 1323 4225
4 2690 2868 3244 3245
4 2722 3530 2787 3721
4 807 822 806 4050
4 3098 3435 2883 3668
4 1401 1402 3246 3501
4 2334 2337 3343 3857
4 3346 3466 2896 4176
4 2605 2834 2682 3115
4 760 755 736 3806
4 898 897 912 3454
4 2871 3833 3312 4309
4 2508 3250 3775 4118
4 3141 3735 3223 4321
4 2561 3793 2748 4203
4 3093 2883 3668 3801
4 2474 2469 2473 3863
4 324 349 345 4294
4 3665 3670 3179 4138
4 1674 1675 1667 3780
4 2634 3314 3414 3528
4 1937 1938 1946 3892
4 2953 3706 3295 4319
4 2519 4001 3075 4246
4 2753 3397 3072 4178
4 2749 3186 2850 3975
4 2736 3326 3064 3617
4 1616 3519 3061 3917
4 2083 2082 3918 4242
4 2956 3820 3436 4123
4 2460 2435 2438 3882
4 144 3262 152 4277
4 1788 1778 1779 3903
4 2150 2149 4054 4175
4 2852 3503 3771 3964
4 1786 1796 1795 3720
4 1400 1412 3725 4012
4 684 4234 592 4243
4 3148 4156 1308 4250
4 422 413 420 3887
4 2682 2618 4090 4268
4 459 507 3254 4151
4 2717 3433 3735 4014
4 3319 3990 1578 4100
4 296 3197 3551 3748
4 3220 3609 3081 3716
4 71 73 68 3313
4 1227 4076 1228 4309
4 1517 1520 1518 4168
4 2791 2947 2942 3539
4 3007 2681 3092 3398
4 2865 3582 3745 4200
4 1202 4185 1163 4193
4 1097 1098 1106 3966
4 3396 3799 2806 3937
4 1132 1148 1055 3805
4 3423 3503 2962 4242
4 2194 4252 3540 4320
4 1636 1637 1620 4198
4 3136 3197 2822 3551
4 2641 3321 3008 3970
4 863 864 854 3927
4 402 412 411 3928
4 2432 2454 1425 3943
4 2116 3466 2366 4304
4 2230 3868 2231 4163
4 3112 3492 2953 3506
4 1835 3877 1855 4059
4 989 962 961 4169
4 2230 2229 3827 4163
4 2156 2155 2183 4054
4 3268 3385 2695 3894
4 1680 1685 1681 3874
4 2623 2984 2687 4007
4 2902 3796 3404 3839
4 330 337 336 2987
4 2986 2572 3749 3921
4 2968 3825 2001 4011
4 2806 3799 2533 3937
4 3326 3371 2906 4143
4 2845 3246 2686 4067
4 2756 3627 3581 4002
4 2220 2199 2198 3945
4 2738 3274 3137 3878
4 3173 3600 2545 4153
4 2688 2968 2967 4011
4 206 3999 4122 4330
4 3446 3727 2779 4154
4 2373 2964 2120 4205
4 2938 3053 2880 3805
4 3192 3586 2720 3903
4 669 645 646 4263
4 1852 1830 1829 3588
4 2796 3332 3331 3665
4 2662 3192 2720 3765
4 3332 3927 844 4138
4 94 83 86 4061
4 2328 2332 3449 3526
4 3570 4056 4047 4326
4 2451 3581 3291 3627
4 3018 3092 2681 3398
4 3025 3690 2891 4168
4 3387 4171 2740 4202
4 2765 3481 3048 4127
4 3708 4111 2900 4196
4 1244 3065 2243 4239
4 2127 3771 2128 4222
4 2651 3335 3145 4178
4 178 164 154 3639
4 114 128 104 3639
4 1191 1214 1190 4144
4 2621 3820 3568 3878
4 311 3709 2813 4150
4 1191 1215 1214 4144
4 2623 2840 2984 3788
4 3071 3956 3769 4175
4 2988 3656 2995 3693
4 2832 3539 3294 4320
4 1256 3502 1255 4134
4 1807 1819 1818 3563
4 3365 3431 2287 3893
4 1749 1744 3920 4064
4 2003 1980 2135 3825
4 2562 3322 4142 4247
4 3320 4050 2884 4189
4 378 3784 3745 3919
4 2203 2193 2202 4320
4 2193 2192 2202 4320
4 2773 3400 2733 3623
4 179 14 57 13
4 2095 2094 2076 4034
4 1742 4063 4064 4067
4 2916 2619 3198 3580
4 3175 3240 2697 3753
4 2535 4001 3747 4259
4 3468 3681 2795 3833
4 3172 3267 2679 3374
4 203 194 191 3890
4 833 830 3901 3979
4 2807 3917 3426 4321
4 670 669 646 4263
4 2986 2779 4003 4215
4 3311 4162 1966 4165
4 489 1349 494 1350
4 97 93 96 3163
4 3507 4030 3259 4296
4 3144 3603 2735 4254
4 3056 4259 2535 4301
4 2593 3495 3380 3905
4 2720 3586 3585 3903
4 1888 1903 1904 3776
4 1958 1957 2988 3965
4 2023 2024 2025 4132
4 2574 2533 3458 3799
4 1418 1416 3439 4017
4 3194 4087 2670 4271
4 1952 1841 3399 4194
4 1527 1523 1520 3741
4 2731 3112 3005 3770
4 2866 2987 2765 4214
4 1177 3450 1176 4022
4 2883 3435 3093 3668
4 2091 2092 2108 4086
4 2900 3058 4195 4196
4 2637 3324 3510 3958
4 3328 3724 2799 4227
4 2076 2075 2059 4034
4 3019 3481 462 4027
4 1911 1927 3115 4131
4 3431 3868 2257 3893
4 2638 2708 2581 2996
4 2850 2983 2739 3304
4 2764 2589 2864 3071
4 2401 2410 1787 4096
4 1898 1911 3837 4131
4 463 467 462 4027
4 1858 1838 3587 3976
4 2644 3650 3490 4040
4 1745 1410 3145 3920
4 2669 3040 2659 3210
4 1302 1308 1305 3835
4 3170 3259 2830 4130
4 3116 3875 2954 4033
4 89 4084 93 4106
4 2092 2109 2108 4086
4 2942 2947 2742 3525
4 22 21 157 56
4 1863 3427 3329 3957
4 1685 1686 1681 3874
4 154 104 41 42
4 1788 1779 1789 3903
4 2795 3507 3468 3801
4 277 292 293 3609
4 3141 3426 2802 3939
4 563 593 592 4243
4 486 3530 485 3894
4 832 835 831 3888
4 2393 2380 2382 4280
4 2582 2784 2555 4245
4 2402 2393 2394 4280
4 1905 1912 1922 4124
4 1910 3496 3241 3513
4 2502 4049 4016 4301
4 3392 3182 3968 4137
4 1873 1867 1874 3978
4 3114 4122 2837 4192
4 2784 3083 2857 3876
4 2594 3263 3194 4010
4 2309 3525 2269 3746
4 1954 3650 3656 3693
4 855 854 864 3927
4 2990 2989 3693 4194
4 3220 3404 2685 3796
4 2558 3467 2711 4324
4 1399 3569 1400 3725
4 49 165 139 48
4 2424 2426 3387 4070
4 2954 3719 2919 4216
4 2748 3793 3678 4203
4 1765 3316 1757 3932
4 2618 2969 2981 3657
4 2733 3400 2971 3623
4 2899 3752 2713 4208
4 1411 3397 3145 3725
4 2943 3423 3095 4045
4 1893 1899 1897 4131
4 2746 2975 3389 4015
4 2764 3071 2864 3606
4 3026 3102 2443 3412
4 2634 2896 3280 3314
4 1890 3130 3241 3957
4 202 185 188 3341
4 2118 2102 2101 3918
4 2248 3827 2247 3893
4 519 509 508 3915
4 2779 3727 3598 4154
4 2254 3421 2276 3893
4 1560 1561 1461 4135
4 1840 3399 1841 3944
4 1192 3121 3190 4144
4 2635 3085 2798 3448
4 1766 1765 1758 3932
4 691 1616 809 3917
4 1535 1616 691 3917
4 2868 2713 3752 3813
4 1162 3398 1163 4185
4 1199 4193 3833 4309
4 3530 3727 486 3933
4 2614 3130 2798 3957
4 2379 4303 2378 4319
4 3211 3785 1831 4171
4 177 170 161 3566
4 1748 1749 2937 4064
4 528 530 531 4035
4 989 987 988 4169
4 2720 2774 2662 4336
4 282 3709 299 4150
4 2722 2823 4154 4236
4 1832 1835 1854 4059
4 1669 1677 1703 4173
4 1077 3801 1079 4030
4 112 127 107 3473
4 476 479 481 4322
4 3073 3711 3520 4257
4 302 303 290 3796
4 2424 2423 2426 4070
4 1231 4163 1232 4164
4 2430 1830 3587 3785
4 2999 3492 3112 4038
4 3350 3401 2880 3777
4 2607 2826 3039 3486
4 414 413 422 3887
4 261 260 276 4207
4 291 290 303 3796
4 3381 4186 3691 4206
4 2550 3971 3626 4331
4 2982 3385 3304 4017
4 2762 3397 2753 4178
4 2685 3796 2902 4075
4 2394 2393 2382 4280
4 2555 2809 2857 3083
4 2470 2471 2463 4307
4 2450 2889 3102 3465
4 2565 2709 2798 4334
4 2814 4013 3703 4092
4 2255 2277 2278 3893
4 324 4057 3087 4294
4 2986 3400 2971 4215
4 2837 4122 3409 4192
4 2726 2970 2676 3097
4 1947 3744 1946 3892
4 1116 1077 1114 3801
4 3433 3734 3029 4165
4 2592 3989 3247 4183
4 2669 3040 2603 4080
4 96 87 97 2587
4 1230 2230 2231 4163
4 2231 1231 1230 4163
4 1398 1404 1395 3307
4 3650 2993 3836 4040
4 214 3245 225 3911
4 3118 4056 3570 4326
4 142 149 133 3661
4 3086 3839 2853 3996
4 2632 2994 3378 4187
4 305 3290 293 3609
4 3026 2800 3412 3651
4 2204 3539 2205 4252
4 915 916 931 4298
4 1765 1757 1758 3932
4 2539 4016 4015 4049
4 2737 3248 3296 3907
4 3110 3598 457 4151
4 177 160 3566 4317
4 1745 3515 1750 3920
4 846 845 848 3669
4 2775 2995 2990 3693
4 565 568 567 4129
4 1640 1641 1633 4028
4 2694 2829 3057 3219
4 491 1347 1346 3933
4 1775 3317 3664 4096
4 2546 3109 3471 4271
4 382 394 383 3974
4 478 600 574 3894
4 2655 2868 2854 3909
4 382 393 394 3974
4 1406 1743 1746 3993
4 1230 4163 1231 4164
4 1865 1880 1879 3633
4 242 3383 243 3973
4 2607 3540 2832 4320
4 2231 2249 2250 3868
4 36 174 101 4062
4 193 184 201 3640
4 276 260 275 4207
4 3752 3813 2713 3911
4 182 191 194 3890
4 2528 3453 3775 4297
4 1584 1577 1576 4140
4 1233 3153 3472 4164
4 3229 3700 1962 3744
4 2962 3518 3423 4242
4 459 517 507 4151
4 1870 3532 1883 4148
4 2787 3997 2583 4117
4 3051 3877 3200 4059
4 2709 3020 2989 3085
4 73 63 72 2576
4 2088 3156 2225 3807
4 2694 3712 2978 4256
4 3594 4266 888 4308
4 3130 3513 2894 3776
4 266 280 4149 4150
4 2724 3228 3778 3950
4 3254 3696 2815 4267
4 3016 3077 2750 3810
4 2686 3811 3246 3904
4 3775 4007 2508 4118
4 638 637 629 4238
4 1188 3699 3120 3869
4 4024 4329 2818 4339
4 1179 3751 1178 3791
4 2971 3400 3110 4215
4 3524 4204 3123 4253
4 460 455 461 4003
4 1341 3149 1343 4156
4 3702 3720 1785 4096
4 1827 3427 3211 3586
4 2916 3027 2783 3888
4 1890 3241 3130 3776
4 333 334 3137 3622
4 17 69 16 141
4 629 630 638 4238
4 2556 4044 3900 4155
4 1398 1405 1404 3307
4 2614 2544 2740 3850
4 1885 3541 1873 4219
4 1159 1198 1200 4193
4 2871 2985 4076 4309
4 230 3958 3383 3973
4 3036 3825 2159 3913
4 2773 3622 3400 3623
4 3038 3877 2892 3936
4 2995 3650 2990 3693
4 2806 3799 3396 4227
4 71 78 63 3542
4 3179 3333 2643 3334
4 2685 3220 3796 4075
4 3153 1232 4163 4164
4 2854 2655 3512 4075
4 58 73 69 3865
4 2971 3110 2610 3598
4 2743 3907 3292 3999
4 2899 4207 3752 4208
4 2985 3153 4163 4164
4 473 472 469 3908
4 2972 3608 3454 3652
4 2989 3693 1944 3965
4 2748 3098 3004 4161
4 3493 3633 2812 4103
4 3349 3777 2830 4029
4 3194 3263 2594 4087
4 2184 2219 2222 3486
4 2288 3365 3366 3431
4 2962 3503 3167 4242
4 1863 1864 3588 3957
4 226 233 232 3813
4 2930 3962 3002 3963
4 263 2940 3970 4233
4 3282 3312 2780 4185
4 3121 3450 3007 4022
4 2417 2426 2999 3387
4 2731 3005 3112 3506
4 3111 3334 2972 3608
4 2947 3832 3365 4107
4 1529 685 684 4231
4 2787 2722 3721 3997
4 2582 2555 2809 4274
4 156 3691 176 4206
4 560 3926 3206 4055
4 2621 3568 2866 3878
4 684 1528 1529 4231
4 889 900 907 4308
4 2231 3868 2232 4163
4 3525 3539 2947 3832
4 3446 4154 2823 4236
4 2778 3541 2741 3786
4 2217 2218 3807 3945
4 2607 2683 3039 3807
4 1456 1492 1454 3977
4 111 119 3524 3916
4 2133 2149 2150 4175
4 3111 3608 2887 3887
4 2372 2373 3414 4303
4 78 61 3542 3992
4 3241 3532 1896 4157
4 2945 3757 3320 4312
4 2138 2161 2137 3913
4 2435 2432 2434 3591
4 86 90 94 4061
4 2799 3724 3183 4227
4 2041 2042 2016 4045
4 138 3517 3161 3934
4 2230 3827 2248 3868
4 2821 3350 3349 3991
4 3160 4076 2227 4175
4 1513 1504 1505 3855
4 3058 4111 2931 4196
4 41 164 40 114
4 1153 1138 1154 4006
4 3997 4117 3864 4118
4 2592 3989 2869 4267
4 2592 2869 4183 4267
4 115 110 112 4069
4 1787 1775 2401 4096
4 2931 4111 3708 4196
4 3082 3500 2570 4218
4 2289 3431 3366 3857
4 2305 3896 2304 4240
4 2250 2232 2231 3868
4 2849 3433 3413 3653
4 3329 3541 1876 3776
4 1852 1864 1872 3587
4 1806 1808 1805 4147
4 835 838 842 4052
4 1217 3190 1193 4251
4 3581 3627 2889 4002
4 3652 3910 3003 4169
4 217 3510 3041 3911
4 2537 2582 2679 2715
4 264 265 3370 4149
4 3127 3525 2742 3746
4 2444 2442 2447 3412
4 2635 4167 2774 4336
4 2845 4063 3307 4067
4 2824 3254 3144 3508
4 2774 4167 2662 4336
4 3034 3316 2965 3932
4 2718 2895 3053 4226
4 1944 1958 1959 3965
4 3145 3335 2900 3718
4 284 3748 3551 4233
4 2533 3302 2889 4002
4 462 3481 454 4027
4 2739 3304 2982 3385
4 2862 3671 3569 3855
4 3120 3121 2729 3869
4 2420 2419 2411 3770
4 2607 3039 3540 4320
4 2652 3447 2751 4051
4 3057 3773 1531 4100
4 2805 3311 3095 3445
4 215 211 212 4306
4 464 517 459 4151
4 2826 3156 3807 3945
4 2787 3530 2982 3843
4 1135 3401 3264 3804
4 2938 2880 3406 3805
4 2084 2086 2085 3167
4 2934 2737 3114 3135
4 3784 3888 2903 3919
4 3426 3939 3141 4321
4 127 3522 111 3524
4 2502 4186 4049 4301
4 416 2485 415 4223
4 121 111 3523 3916
4 2692 3594 3178 3670
4 1291 3210 3358 3449
4 2953 3112 2639 3492
4 2535 4167 4001 4246
4 2833 3976 3532 4157
4 3662 3979 828 4101
4 3026 3412 2442 3651
4 419 871 418 4143
4 129 138 146 3934
4 2689 2832 2942 3294
4 1264 3880 1266 3881
4 2103 2105 3167 4205
4 1940 3115 2996 3744
4 2900 3058 2817 4063
4 3773 4100 3219 4231
4 1745 1744 1410 3920
4 485 600 478 3894
4 2852 3423 2943 3480
4 1389 3718 3569 3725
4 2614 3588 3297 3957
4 2933 3719 3651 4216
4 1820 1819 1809 3935
4 3155 3370 2660 4150
4 2239 3616 3127 3852
4 2968 3485 2967 4011
4 1505 1514 1513 3855
4 1564 1566 1567 4146
4 1819 1807 1809 3935
4 3332 3901 3665 4138
4 2972 3652 3454 3910
4 882 865 880 4190
4 2741 3786 3541 4219
4 238 243 236 3324
4 790 752 788 3939
4 2150 2134 2133 4175
4 827 3888 3742 3979
4 361 348 359 4101
4 1876 1877 3329 3776
4 143 33 93 32
4 946 947 928 3963
4 2708 3532 3241 4157
4 2547 3997 2631 4109
4 2357 2715 2342 3858
4 151 136 145 3455
4 2824 3254 2815 4267
4 3099 3135 212 4210
4 1409 3462 3145 3920
4 2248 3868 3827 3893
4 2603 3040 2669 3359
4 639 631 640 4159
4 2947 3525 2942 3539
4 631 632 640 4159
4 2270 3616 2272 3746
4 1607 1614 1615 4128
4 1914 1913 1899 4131
4 774 775 795 4312
4 796 795 775 4312
4 488 1348 487 3933
4 2727 3148 2959 3835
4 2903 3784 3076 4052
4 2335 3083 2318 4085
4 756 757 765 4182
4 2707 3439 3272 3843
4 1584 1585 1577 4140
4 2961 4025 3147 4026
4 3045 3299 3950 4232
4 764 756 765 4182
4 344 360 356 3996
4 280 281 266 4149
4 2660 2813 3709 4150
4 1799 1798 1787 4096
4 2518 4276 3559 4338
4 2182 2183 2155 4054
4 3005 3487 3317 3664
4 3005 3317 3702 4096
4 1462 1461 1561 4135
4 2185 2184 3486 3948
4 264 266 3370 3642
4 411 2485 421 3425
4 2079 2062 2078 4197
4 1798 1809 1796 3935
4 2791 2947 3539 3832
4 3030 3936 2946 3976
4 3018 3312 2871 3833
4 685 4231 3011 4234
4 2119 3414 3280 4304
4 777 798 797 4189
4 3093 3435 2801 3535
4 1337 1338 1333 1332
4 1521 1522 1519 4168
4 797 776 777 4189
4 2956 2770 3560 4102
4 146 145 3455 3934
4 2835 3375 3091 3556
4 2079 2063 2062 4197
4 1235 1236 1218 4251
4 159 176 3158 4317
4 522 527 510 516
4 2643 3333 3179 4190
4 2981 3656 3650 3657
4 2535 4259 3747 4301
4 1937 3269 1938 3892
4 1116 1079 1077 3801
4 1258 1256 3472 3502
4 2742 2926 3127 3616
4 72 69 73 3865
4 1169 1208 1210 4134
4 337 436 2987 4214
4 4276 4277 3068 4338
4 2644 2993 3650 4040
4 530 531 4035 4055
4 3093 3801 3668 4030
4 2707 3272 3119 3612
4 1798 1810 1809 3935
4 146 136 3262 3455
4 3219 4081 3461 4231
4 2850 3186 4055 4129
4 1890 3776 3130 3957
4 2691 2892 2946 3030
4 208 2484 221 4192
4 2740 3021 3070 3850
4 3010 3634 3011 4072
4 2424 3387 2423 4070
4 708 714 707 4313
4 2594 3047 4010 4090
4 2763 3117 3095 3518
4 3556 3564 2915 3679
4 2315 2306 3393 4337
4 3292 3907 3135 3999
4 2319 2784 1280 3876
4 522 516 510 4232
4 3127 2742 3616 3746
4 2999 3021 2639 3492
4 2452 2449 2448 4025
4 1820 1809 1810 3935
4 1952 1841 1840 3399
4 144 146 136 3262
4 345 315 324 4294
4 907 888 889 4308
4 1860 1867 1873 3978
4 1418 3439 3304 4017
4 3371 3884 2906 4143
4 882 3333 3178 4190
4 1473 1481 1584 4136
4 807 823 822 4050
4 2102 3918 2118 4205
4 2127 1140 1047 4222
4 2355 2354 2353 3858
4 79 66 56 3394
4 2628 4123 3820 4290
4 2740 3070 3021 3387
4 3117 3730 3361 4197
4 2670 3650 3657 4040
4 2718 2880 2938 3053
4 1423 601 600 3895
4 3098 3668 2883 3768
4 1534 3243 3519 3917
4 2232 3868 3153 4163
4 1905 1922 3579 4124
4 1741 3515 2844 4067
4 1463 611 692 3753
4 1947 3269 1939 3744
4 3110 3400 2971 3499
4 2756 3291 3581 3627
4 3062 4095 3534 4298
4 946 928 3910 3963
4 2659 3040 2669 4080
4 2902 3498 2759 3740
4 1047 1972 2127 4222
4 3027 3669 839 4052
4 949 3535 3534 3962
4 2036 2004 2158 4011
4 3999 4122 3135 4306
4 2119 3280 3414 4205
4 1206 4164 3282 4185
4 1798 1785 1787 4096
4 2579 2616 3262 3455
4 2372 3414 2387 4303
4 2896 3070 3408 4176
4 97 87 95 3658
4 2798 2709 3085 3776
4 3036 3544 3294 3913
4 3145 3462 2762 3920
4 2685 3404 3609 4269
4 224 3245 214 3951
4 1810 1811 1821 3936
4 3018 2795 3681 3833
4 2442 2443 2446 3412
4 1878 3957 1890 4157
4 2736 3076 3326 3617
4 1 125 40 175
4 173 48 3 150
4 122 5 101 24
4 148 52 2 197
4 199 31 98 6
4 2839 3122 3768 3769
4 2694 3219 3057 4100
4 2158 2206 2036 4011
4 3304 3385 2850 4129
4 1909 3496 1915 3531
4 3170 3349 2830 4029
4 2921 4276 3643 4277
4 3109 4015 3471 4049
4 1099 3966 3619 4004
4 452 450 442 4215
4 708 715 714 4313
4 1821 1811 1822 3936
4 915 4095 3552 4298
4 2669 2603 3358 3601
4 1289 2329 2327 3449
4 1481 1592 1584 4136
4 3163 4087 3194 4271
4 847 3669 3580 4052
4 3220 2685 3404 3609
4 1927 3115 1939 3269
4 1425 1426 1355 3943
4 3292 3999 3135 4306
4 1872 1858 1852 3587
4 528 529 530 4035
4 298 3197 4149 4150
4 2500 3672 3755 4092
4 713 720 719 4316
4 111 3524 3523 3916
4 928 947 929 3963
4 3282 4134 1206 4185
4 2967 3706 2688 4034
4 2882 3892 3269 4124
4 1863 3588 3427 3957
4 2637 3383 3324 3958
4 275 290 291 4207
4 1863 1878 1884 4157
4 1052 1036 1037 4019
4 2659 2728 3040 4080
4 522 510 512 4232
4 2243 1244 1235 3065
4 2966 3678 3677 3763
4 1914 1899 3531 4131
4 3160 3827 2228 4076
4 2780 3312 3282 4164
4 2304 3896 4107 4240
4 2775 2989 2988 3693
4 2742 2659 2926 3042
4 2790 3460 3108 3461
4 2635 4191 3133 4336
4 3265 3852 1238 4278
4 2686 2845 2838 3246
4 1078 1080 1091 4296
4 701 420 702 3886
4 169 156 176 4206
4 3486 3807 2218 3945
4 2931 2631 3256 4111
4 1867 1865 1866 4221
4 1633 1632 1640 4028
4 2727 2959 3148 4156
4 166 39 172 4106
4 2404 3408 2414 4202
4 2915 3679 3564 4050
4 163 174 167 4062
4 1177 1178 3450 3791
4 832 831 833 3979
4 2328 1288 1287 3449
4 2880 2718 3264 3804
4 1402 1393 3307 3501
4 71 63 73 3313
4 1343 4156 3149 4250
4 724 717 4053 4188
4 33 131 82 34
4 1962 2851 1961 3744
4 1637 1638 3610 4198
4 508 3508 518 3915
4 1729 1724 3912 4212
4 825 829 366 3919
4 1523 1391 1513 3855
4 3411 3755 2875 3814
4 2439 3026 3651 4216
4 544 551 550 4139
4 1864 1863 1871 4157
4 2622 3055 2954 3921
4 3041 214 3911 3951
4 1882 3531 4131 4148
4 1166 3261 1168 3791
4 1623 1965 816 4165
4 3650 3656 2995 3657
4 2724 3778 3545 3950
4 85 102 87 3658
4 2360 2342 2715 3597
4 2844 3246 1741 4067
4 1564 1567 1565 4146
4 3479 3796 2902 3839
4 2344 2343 2323 2326
4 3095 3445 3311 3764
4 3082 2570 3602 4218
4 2423 3387 2424 4171
4 1965 1040 816 4165
4 2687 3037 2845 4063
4 544 545 551 4139
4 2982 3304 2739 3439
4 1871 1863 1884 4157
4 1091 1090 1078 4296
4 3004 3756 3164 4005
4 1341 1343 1304 4156
4 1303 3835 1305 3906
4 3480 3771 1972 4222
4 3167 2962 3918 4205
4 1856 1855 1836 3877
4 1855 1835 1836 3877
4 78 61 63 3542
4 2475 2474 4065 4307
4 100 39 89 4106
4 522 3950 527 4232
4 1897 1913 1911 4131
4 3126 2895 3294 3913
4 3021 3492 2999 4038
4 2981 3657 3650 4040
4 2961 3147 2615 4026
4 1423 600 1422 3895
4 78 57 67 3743
4 361 3979 3742 4101
4 3045 3898 3299 4232
4 3086 4057 315 4294
4 2551 3102 2674 3336
4 2749 3926 3206 4234
4 1749 3920 2937 4064
4 2414 3408 1791 4202
4 1417 1416 603 4017
4 716 725 724 4053
4 332 3623 3621 3704
4 2845 4064 4063 4067
4 32 147 7 100
4 3247 3989 3444 4290
4 712 713 719 4316
4 473 479 472 3908
4 459 3254 3110 4151
4 220 222 223 4248
4 1962 3229 1959 3700
4 440 431 428 3400
4 2796 3332 3665 4138
4 520 509 519 3915
4 359 3662 828 4101
4 1266 1281 2970 3880
4 1171 1169 1210 4134
4 2986 3363 2971 3400
4 1234 3472 3153 4085
4 881 3334 3454 4190
4 1930 1933 1917 1921
4 3092 3398 3018 4193
4 1241 3464 3616 3852
4 1200 1161 1159 4193
4 2592 2843 3989 4267
4 127 112 110 4069
4 3017 3265 2828 3852
4 1151 3804 3264 3913
4 2564 2857 2808 3097
4 2780 3261 2808 3282
4 1758 2121 2374 3932
4 1209 3472 3282 4164
4 827 3742 361 3979
4 383 371 3662 3901
4 2971 3598 2610 4154
4 2894 3229 1940 3496
4 2618 2594 2969 3657
4 2938 3053 3805 3825
4 2419 2410 2411 3770
4 2637 2861 2713 3324
4 1554 1555 1547 4100
4 2686 3811 3202 3838
4 2333 3222 2252 3857
4 2626 3392 3202 3838
4 1621 1637 3610 4198
4 3003 4005 3164 4169
4 2776 2624 2858 3140
4 1199 1229 1201 4309
4 1304 1343 1309 4156
4 563 592 3926 4243
4 3086 3479 2853 3839
4 1894 3531 1899 4131
4 2198 2221 2220 3945
4 2759 3498 3255 3514
4 2547 2687 3037 3997
4 3334 3454 2972 3608
4 89 96 93 4084
4 1390 4195 1387 4196
4 2990 2995 2775 3490
4 3511 3752 244 3813
4 1552 1553 1545 4081
4 2982 3439 2707 3843
4 2983 3304 2850 3926
4 2847 3581 3148 3906
4 1553 4081 3319 4100
4 2429 3976 3030 4070
4 2624 2809 2918 3140
4 100 89 93 4106
4 3007 3121 2729 3450
4 119 121 128 3916
4 3017 3121 3120 3699
4 2670 3109 2995 3490
4 2726 3880 3097 3881
4 3363 3400 2986 4215
4 692 1536 1463 3753
4 842 838 847 4052
4 2889 3627 2698 4002
4 595 1416 1418 4017
4 2983 3461 3304 4243
4 2750 3183 3077 3724
4 931 916 930 4298
4 1391 1383 1513 3855
4 2421 2427 4171 4202
4 1909 1924 3496 3513
4 1204 1163 1202 4185
4 2990 3490 3378 3794
4 2842 4065 3863 4307
4 518 3508 3268 3915
4 247 3752 260 4208
4 1248 3502 1257 3881
4 3206 4035 531 4055
4 3264 3401 2880 3804
4 2614 2740 3297 3588
4 2496 3747 4001 4259
4 1207 1205 1232 4164
4 1946 1840 1937 3892
4 3750 3847 2963 3949
4 2918 3343 2723 3858
4 3125 3607 2698 3627
4 2300 3832 2292 4252
4 790 754 752 3939
4 2973 3727 3598 4322
4 1517 1518 3636 4168
4 1041 1966 1967 4162
4 3170 3534 3062 4095
4 1967 1042 1041 4162
4 2676 3172 2970 3267
4 1676 1677 1669 4173
4 3186 4035 3206 4055
4 563 3926 592 4234
4 150 3 76 16
4 123 44 200 0
4 8 125 1 77
4 1925 3115 1927 3269
4 111 121 119 3916
4 2865 3745 3625 4200
4 2656 3259 3505 4130
4 2749 3011 2983 3926
4 1220 3359 1195 3751
4 2251 3431 3222 3868
4 2367 2366 2371 4304
4 2638 2996 3229 3496
4 1203 3312 4164 4185
4 3291 4025 3627 4026
4 1192 3190 3121 3450
4 2504 3781 3630 4315
4 251 3642 2861 4208
4 2538 3864 4117 4118
4 2359 2358 3367 3858
4 2631 3037 2817 3058
4 2805 3445 3361 4282
4 1798 3702 1785 4096
4 1606 1614 1607 4128
4 2120 2964 2104 4205
4 2722 3530 2610 4117
4 1320 1314 1321 3778
4 61 3543 3542 3992
4 2961 2698 3607 4026
4 3598 4003 2779 4215
4 335 3623 332 3704
4 3163 3263 3194 4087
4 3833 4193 3312 4309
4 76 23 3 173
4 75 123 0 11
4 4 47 198 124
4 2618 3194 3657 4040
4 825 366 354 3919
4 1187 1179 3360 3751
4 195 186 196 4217
4 2983 3304 3926 4243
4 1952 1840 1949 3399
4 1199 1228 1229 4309
4 2378 2125 2126 4319
4 2605 2682 2996 3115
4 1948 1939 1935 3229
4 175 20 1 77
4 101 174 36 5
4 2439 2440 2436 3651
4 1926 1922 1925 4124
4 3702 3770 3005 4096
4 3607 3863 2961 4065
4 2942 3294 2832 3539
4 2899 3796 3220 4075
4 2134 4076 3482 4175
4 1807 3563 3442 3935
4 3163 2594 3263 4087
4 3178 4266 3594 4308
4 2942 3127 3126 4042
4 2771 3622 2773 3623
4 1577 3319 4081 4140
4 3324 3383 231 3958
4 436 338 437 4214
4 684 4231 685 4234
4 2796 3665 3179 4138
4 95 87 102 3658
4 211 4192 210 4306
4 2985 3868 3827 4163
4 988 990 989 4169
4 2759 3740 3514 4213
4 1829 3427 1851 3588
4 2133 3482 3769 4175
4 2749 3011 3926 4234
4 2334 2335 3083 3343
4 313 3289 3290 4269
4 1954 3650 1955 3656
4 2347 3526 2349 4337
4 278 263 3970 4031
4 4122 4192 209 4330
4 72 65 69 3865
4 3017 2728 3121 3190
4 3268 3508 2824 3915
4 277 276 292 4207
4 3105 3662 358 4101
4 2987 2866 3274 4214
4 266 4149 3370 4150
4 256 249 271 265
4 2694 4047 3712 4256
4 1745 1750 1749 3920
4 3071 3421 2864 4054
4 148 2 19 74
4 1740 2121 1758 3932
4 2190 2184 2222 3486
4 1205 1231 1232 4164
4 2864 3071 2776 3421
4 2431 2430 1838 3587
4 2318 2320 2335 2338
4 277 283 3155 3609
4 1285 3601 1284 3941
4 1545 1544 1552 4081
4 2898 3551 3197 3748
4 2787 3721 3530 3843
4 2259 3431 2281 3857
4 3518 4045 3423 4242
4 1313 2452 1312 3291
4 2780 2808 2604 4204
4 3121 3190 2991 3450
4 27 4 99 124
4 6 35 98 149
4 39 7 172 100
4 199 6 149 55
4 4 28 99 198
4 12 75 200 0
4 2572 2986 2971 4154
4 2831 3013 2673 3120
4 269 270 268 4233
4 3071 4054 2149 4175
4 1047 1023 1022 4318
4 2410 3664 3770 4096
4 3525 4042 2267 4278
4 2980 3714 2981 3892
4 1022 1046 1047 4318
4 2842 3379 4065 4307
4 3064 3617 3326 3879
4 3326 2906 3879 4143
4 2737 3296 3135 3907
4 3294 3539 2942 4042
4 1889 1904 3241 3776
4 2385 4176 3314 4304
4 2822 3197 2898 3551
4 838 3888 3027 4052
4 3534 3962 3062 4298
4 3433 3653 2849 3734
4 2847 3835 3116 3906
4 110 111 127 3522
4 132 18 17 58
4 1267 1262 1251 1252
4 299 3709 311 4150
4 2665 3114 2837 4192
4 2425 2426 2423 4070
4 2740 3785 3387 4070
4 2713 3813 3245 3911
4 3507 3801 3093 4030
4 1831 3211 3588 3785
4 832 3027 3888 3979
4 1277 3876 1276 4085
4 1858 1830 1852 3587
4 2077 2076 2061 4034
4 4108 4117 2583 4118
4 2999 3770 3030 4070
4 739 742 743 4014
4 3654 4146 3067 4199
4 1169 1168 4134 4332
4 2831 3966 3401 4004
4 2302 2303 2295 4107
4 1167 4134 3261 4185
4 3468 3507 2795 3681
4 2061 2076 2059 4034
4 172 51 147 7
4 15 74 2 197
4 43 5 174 122
4 429 442 428 3400
4 3568 3694 2866 3878
4 3664 3005 3770 4096
4 2995 3656 2601 3657
4 2302 2295 2294 4107
4 2244 2274 2242 4239
4 3518 3918 2082 4242
4 3413 3652 2849 3653
4 2838 3246 2845 3501
4 3115 3837 1911 4131
4 1413 593 599 4243
4 120 121 111 3523
4 2868 3245 2713 3813
4 2422 4171 3387 4202
4 177 161 160 4317
4 2887 3608 3413 4313
4 539 519 536 3915
4 1743 1745 1746 2492
4 313 3290 305 4269
4 121 120 113 3754
4 830 3662 371 3901
4 264 3370 250 3642
4 3108 3272 2707 4265
4 3017 3013 3265 3699
4 2442 3026 2443 3412
4 3490 3650 2993 3794
4 520 539 3737 3915
4 2800 2889 3102 3412
4 2471 3516 2463 4307
4 3280 3918 2117 4304
4 2938 2751 3053 3825
4 1903 3513 1904 3776
4 3135 4122 3114 4306
4 2195 2205 2291 4252
4 2299 2291 2205 4252
4 2715 3343 2582 3873
4 2983 3926 3011 4234
4 2754 3290 3289 4269
4 2583 4117 3997 4118
4 1013 1029 1028 4275
4 1013 1028 1012 4275
4 1249 3791 1179 4332
4 2665 2837 3409 4192
4 1583 1559 1558 4286
4 2687 2845 2840 4063
4 2926 2828 3127 3464
4 3219 3773 3057 4100
4 3127 3265 3126 4278
4 3013 3017 2673 3120
4 2707 3272 3612 3843
4 882 4190 3178 4266
4 3153 3868 2985 4163
4 159 161 176 4317
4 2871 3482 3468 3833
4 684 653 564 4234
4 166 176 156 3691
4 1418 594 595 4017
4 2285 3365 3364 3832
4 2864 2858 3364 3421
4 2564 2676 2970 3097
4 3541 3978 1873 4219
4 1547 1546 1554 4100
4 1748 4064 2937 4067
4 2820 3755 3672 4092
4 2970 3172 2676 4245
4 2727 3148 3558 3624
4 3153 3222 2809 3868
4 1243 3065 4239 4251
4 541 520 539 3737
4 2976 3812 3132 3815
4 120 111 126 3523
4 3382 3716 2530 4177
4 488 1346 1348 3933
4 3211 4171 2427 4202
4 2999 2418 3387 4038
4 2982 3304 3439 4017
4 2622 2954 2919 3921
4 2774 3211 2614 3427
4 1303 3116 3906 4033
4 315 4057 324 4294
4 1341 3101 3149 4156
4 2392 3664 3487 4280
4 276 291 292 4207
4 3027 2783 3888 3979
4 1242 3616 3464 4239
4 1739 1740 1757 3932
4 3013 3699 3120 4004
4 1925 3115 3269 4124
4 527 526 516 4333
4 1254 3359 1253 3360
4 3070 3387 2740 4202
4 1938 3269 1947 3892
4 3053 3264 2718 3804
4 1073 1075 1064 4030
4 276 275 291 4207
4 3427 3588 2614 3957
4 1831 3588 1830 3785
4 2999 2639 3112 3492
4 2999 3030 2977 4070
4 2416 2417 2418 3387
4 2981 3177 2618 4040
4 290 3796 291 4207
4 1886 1900 1885 4219
4 2312 2261 2313 4240
4 950 933 949 3534
4 3299 3950 4232 4333
4 1037 1053 1052 4019
4 1237 3359 3065 4251
4 3222 3431 3140 3868
4 3008 3970 3321 4031
4 3085 3541 3329 3776
4 1221 3265 3699 3852
4 2844 3515 2937 4067
4 2978 3990 3319 4100
4 3702 3720 3038 3935
4 2915 3562 3679 4050
4 2983 3219 2790 3461
4 335 3622 332 3623
4 2401 3664 2410 4096
4 3182 3392 2979 4137
4 2564 2970 2784 3880
4 266 3155 280 4150
4 1437 1438 1429 4265
4 2425 2423 2429 4070
4 2683 2964 3414 4205
4 1901 1900 1886 4219
4 2756 3218 2616 3558
4 1960 1961 2851 3744
4 2895 2718 3053 3264
4 3677 3678 2966 4203
4 332 3622 3621 3623
4 3379 3516 2471 4307
4 3530 3894 2982 3895
4 146 145 136 3455
4 3109 3194 2670 4271
4 1676 1669 1668 4173
4 931 941 940 4095
4 3756 4005 3004 4318
4 2295 3365 2294 4107
4 2737 2612 3248 3907
4 2831 3401 3013 4004
4 1204 1165 1163 4185
4 412 3425 411 3928
4 2587 2670 3657 4087
4 3471 4049 2877 4271
4 569 567 568 4129
4 2233 3222 3153 3868
4 3115 3837 2882 4124
4 1957 3693 2988 3965
4 2236 4239 3065 4240
4 2610 3727 2722 4154
4 2691 2946 2833 3030
4 1744 4063 3920 4064
4 811 789 787 4321
4 3099 3292 3135 4210
4 3110 3254 449 3499
4 2947 2742 3525 3746
4 3464 4239 3065 4251
4 2603 3359 3358 3601
4 3406 4019 1037 4275
4 1521 1518 1520 4168
4 100 172 39 4106
4 2327 2328 1287 3449
4 312 3290 3289 3709
4 3197 3748 297 4149
4 1799 3702 1798 4096
4 3272 3439 2707 4265
4 2826 3039 3486 3807
4 2835 3556 3091 4051
4 2549 4046 4047 4256
4 144 136 152 3262
4 1287 1288 1272 3358
4 1226 3464 3190 4251
4 855 856 845 4138
4 3289 3742 2754 4269
4 440 428 442 3400
4 1060 1066 1065 4029
4 1041 4162 3734 4165
4 2342 2343 2715 3597
4 2354 2355 2356 3858
4 3627 4025 3607 4026
4 2910 3610 3273 4198
4 3065 3210 3040 3359
4 2293 3832 2301 4107
4 2962 3423 2852 3503
4 3737 4035 3186 4055
4 1915 3531 3496 4131
4 787 810 811 4321
4 1939 3269 3115 3744
4 3105 3404 2754 4101
4 847 842 851 838
4 2754 3105 2685 3404
4 2858 3140 2918 3431
4 236 232 237 235
4 2845 3037 2838 3307
4 3167 3918 2962 4242
4 2561 3678 3793 4203
4 3280 3918 2962 4205
4 2624 2918 2858 3140
4 3606 3956 3071 4054
4 3387 4070 3785 4171
4 2882 2682 3115 3269
4 529 530 4035 4055
4 3609 4207 3220 4208
4 1169 4134 1171 4332
4 144 141 153 4218
4 3439 3843 2982 3895
4 1388 1389 1390 3718
4 684 564 592 4234
4 211 3114 220 4192
4 2832 2791 3539 3540
4 3245 3911 214 3951
4 2408 2413 2411 2412
4 2334 3083 3222 3857
4 2996 3700 3229 3744
4 1193 3190 3450 3751
4 1162 4022 3398 4185
4 2387 3528 3414 4304
4 2324 3597 2330 3941
4 1278 3876 1280 3880
4 3650 3836 3714 4040
4 2327 1287 1289 3449
4 1235 2236 2243 3065
4 2828 3265 3127 3852
4 146 138 145 3934
4 1224 3464 3852 4144
4 1417 603 3895 4017
4 3220 4207 2899 4208
4 3312 4185 1202 4193
4 1864 3587 3588 3957
4 208 209 3409 4330
4 436 4127 2987 4214
4 236 243 242 3324
4 3702 3935 3038 3936
4 3058 2900 4111 4196
4 1883 3532 3531 4148
4 3004 4005 3128 4318
4 1963 2988 1957 3693
4 2842 3516 3379 4307
4 2316 2317 1275 4085
4 2918 2723 3366 3858
4 172 158 166 4106
4 2880 3401 3350 3804
4 2851 3656 2981 3657
4 1177 3791 3450 4022
4 2985 4163 4076 4309
4 1166 3261 3791 4022
4 2871 4076 3833 4309
4 3530 3727 2973 3894
4 3250 4108 3775 4118
4 1346 3721 1348 3933
4 2594 3657 3194 4087
4 1225 3190 3464 4144
4 2449 1343 2479 2490
4 3099 3135 2934 3958
4 3140 2809 3222 3868
4 2238 2266 2264 4278
4 2263 3393 2314 4240
4 2991 3040 2603 3359
4 2450 3412 2889 3627
4 2895 3264 3053 3913
4 2832 3540 3539 4320
4 2273 2311 3746 4240
4 593 3926 599 4243
4 2774 3427 2907 3585
4 116 114 125 3984
4 2709 2894 2638 3229
4 1775 3664 2401 4096
4 1819 3563 1807 3935
4 2964 3167 2105 4205
4 2355 2353 3857 3858
4 1820 3563 1819 3935
4 3314 3528 2386 4304
4 3014 3149 2961 4065
4 2765 4127 3048 4214
4 3427 3585 2774 3586
4 2938 3805 3406 4019
4 2306 3367 3896 4337
4 2896 3314 3070 4176
4 3587 3785 3297 4070
4 2670 3657 3194 4040
4 827 828 831 3979
4 2995 3490 2990 3650
4 2355 3857 2290 3858
4 3140 3222 2809 3431
4 2549 4047 4046 4056
4 2937 3515 2794 3920
4 2631 2931 3058 4111
4 3863 4065 2474 4307
4 2987 2866 3704 3878
4 1275 2317 1276 4085
4 3539 3540 2791 4252
4 2878 3042 2947 3746
4 3662 3901 830 3979
4 2332 2328 2352 3526
4 251 261 3642 4208
4 2968 2751 3577 3825
4 2304 3896 2296 4107
4 2942 3539 3525 4042
4 2639 3021 2704 3492
4 1775 1787 1785 4096
4 2737 3135 3099 3907
4 1395 1387 1390 4195
4 2638 3229 2894 3496
4 283 3290 3155 3609
4 3335 3569 2862 3671
4 2565 2798 2709 3448
4 282 299 298 4150
4 2341 2342 3343 3858
4 1272 1267 1285 3601
4 262 3970 263 4031
4 1271 1272 1288 3358
4 855 854 3927 4138
4 3482 3833 2871 4076
4 207 208 3951 4330
4 1827 3211 3427 3588
4 1411 1406 1746 3993
4 261 247 260 4208
4 1724 1725 1717 1718
4 2880 3053 2718 3804
4 210 209 4122 4192
4 208 3409 209 4192
4 1832 1854 1853 4059
4 3465 3581 2847 3906
4 585 604 576 605
4 3785 4070 2423 4171
4 1864 3587 3957 4157
4 2749 3206 3011 4234
4 2453 2490 2449 4025
4 2365 3466 4176 4304
4 3127 3852 3265 4278
4 2547 3997 3864 4118
4 1408 1407 1403 1394
4 1076 1075 1073 4030
4 1558 1582 1583 4286
4 2670 3650 2995 3657
4 2833 3297 2977 3976
4 2892 3702 3038 3936
4 3021 3528 3492 4038
4 2947 3042 2742 3746
4 2715 2582 3172 3873
4 3194 3657 2670 4087
4 3145 3397 2762 4178
4 221 208 211 2484
4 485 3894 3530 3895
4 1343 1309 4156 4250
4 1830 1838 2430 3587
4 3018 3398 3312 4193
4 1740 1758 1757 3932
4 323 305 321 4269
4 1209 3282 3472 4134
4 3502 3876 1260 3881
4 1831 3785 2428 4171
4 3198 3580 3076 3617
4 3282 3502 3472 4134
4 3065 3393 2235 4240
4 2897 3624 3558 3851
4 742 744 743 4014
4 3312 3833 3018 4193
4 2897 3558 3218 3851
4 1060 1061 1066 4029
4 2764 3606 3039 3948
4 2907 3541 2778 3978
4 509 3508 508 3915
4 1852 3587 1830 3588
4 2708 3531 3241 3532
4 2644 3177 2993 4040
4 3312 4193 1201 4309
4 3746 3896 2878 4240
4 3229 3700 2709 3965
4 2727 2959 2847 3835
4 3264 3804 3053 3913
4 460 452 4003 4215
4 3393 3896 2314 4240
4 2565 2709 2775 3448
4 2638 3229 2996 3700
4 2685 2754 3404 4269
4 2720 3798 3362 3903
4 282 298 280 4150
4 1286 3267 2970 3941
4 2947 3896 3746 4107
4 214 207 208 3951
4 2982 3843 3530 3895
4 2741 3085 3020 4219
4 3307 3395 2838 3501
4 401 402 411 3928
4 2742 3042 2926 3616
4 520 519 539 3915
4 2977 2740 3021 3387
4 834 829 827 831
4 889 888 4266 4308
4 2292 3832 3364 4252
4 718 717 722 4188
4 2858 3364 3421 3893
4 3108 2707 3439 4265
4 3442 3038 3720 3935
4 2679 2715 2582 3172
4 1899 1913 1897 4131
4 3864 3997 2547 4109
4 3541 3786 2778 3978
4 488 491 1346 3933
4 864 855 3927 4138
4 3042 3616 2742 3746
4 2754 4101 3404 4269
4 2961 3607 4025 4026
4 1922 1912 1925 4124
4 2983 4231 3461 4243
4 2722 3727 3933 4154
4 257 258 262 4031
4 2331 3210 2332 3526
4 526 515 516 4333
4 488 487 3727 3933
4 2217 2226 2220 3945
4 2322 2323 2970 3172
4 1076 1073 1077 4030
4 1400 3725 3569 4012
4 2817 3058 3307 4063
4 1871 1884 3532 4157
4 3387 2423 4070 4171
4 266 3370 3155 4150
4 261 260 4207 4208
4 2864 3606 3071 4054
4 119 127 111 3524
4 2750 3183 3724 4227
4 220 223 221 4248
4 2989 3020 2709 3965
4 3153 3222 2234 4085
4 2408 2409 2407 4038
4 2387 2389 2391 2488
4 2236 1237 2235 3065
4 2901 3255 3498 3974
4 2243 3065 2236 4239
4 2834 4131 3531 4148
4 3140 2858 3421 3893
4 1661 1637 1636 4198
4 2824 3508 3144 4254
4 2321 2340 2322 3873
4 2954 2919 4033 4216
4 2926 3464 3127 3616
4 2572 3336 3749 3921
4 2415 2414 2422 4202
4 1258 3876 3502 4085
4 2762 3145 2794 3397
4 3211 3408 3070 4202
4 1279 1280 2784 3880
4 3385 2982 3895 4017
4 3126 3127 2828 3265
4 3140 3160 3827 3893
4 3297 3976 3587 4070
4 2679 3172 2676 3267
4 2393 2402 2401 4280
4 383 3901 3662 3974
4 3200 3821 3685 4059
4 2320 2319 3083 3873
4 2764 3122 3956 3964
4 684 4231 4234 4243
4 2262 2261 2312 4240
4 2715 3367 2360 3597
4 1163 4185 3398 4193
4 2946 3877 3051 4148
4 2727 2847 3148 3835
4 3820 4123 2956 4290
4 3057 3219 2829 3773
4 3071 3606 2764 3956
4 2423 2424 2422 4171
4 2339 2321 2320 3873
4 2290 3857 3366 3858
4 2730 3007 3450 3791
4 2686 3838 2845 4067
4 3409 209 4192 4330
4 1235 1237 2236 3065
4 2624 2723 2858 2918
4 2973 3598 3110 4151
4 2829 3243 3057 3773
4 2851 2601 3656 3657
4 3022 3681 3507 4296
4 3005 3664 3317 4096
4 1305 1302 1303 1308
4 2934 3383 2811 3958
4 2737 3099 2612 3907
4 2749 2850 3206 3926
4 2437 3719 1300 4216
4 3568 3820 2956 4290
4 2392 2393 2401 4280
4 3587 3976 3297 4157
4 2402 3664 2401 4280
4 2264 2237 2238 4278
4 3311 3445 2805 4282
4 262 263 257 4031
4 2296 3896 3365 4107
4 298 4149 280 4150
4 2878 3042 3746 4240
4 277 292 3609 4207
4 2316 2234 3222 4085
4 3148 3835 1308 4156
4 3097 3196 2726 3881
4 2674 3102 2889 3465
4 3827 4076 2985 4163
4 2942 3525 3127 4042
4 3126 3294 2942 4042
4 1195 3751 3359 4251
4 2634 3314 3280 3414
4 2293 3365 3832 4107
4 282 3155 3709 4150
4 1258 3502 3472 4085
4 220 221 4192 4248
4 2564 3097 2970 3880
4 220 4192 3114 4248
4 2306 3896 3393 4337
4 1395 1387 1385 1393
4 460 458 452 4215
4 2918 3140 2809 3431
4 3071 3160 2776 3421
4 2708 3496 3241 3531
4 2829 3773 3219 4231
4 3135 3292 3099 3907
4 2354 3857 2353 3858
4 3030 3976 2977 4070
4 3466 3918 3280 4304
4 3742 4101 2754 4269
4 2829 3011 3773 4231
4 2417 2416 2415 3387
4 1269 1285 1267 3601
4 2612 2737 2811 3099
4 2713 3245 3041 3911
4 3522 3523 111 3524
4 257 3828 258 4031
4 2895 3053 3036 3913
4 563 3926 593 4243
4 3786 3978 3541 4219
4 2858 2776 3140 3421
4 2756 3581 3465 4002
4 2740 3211 3070 4202
4 287 3748 272 4149
4 1521 1519 1518 4168
4 2901 3498 3105 3974
4 3280 3414 3314 4304
4 1303 3116 3835 3906
4 1863 1864 3957 4157
4 2977 3297 2740 3785
4 277 283 282 3155
4 2838 2845 3307 3501
4 4122 4192 3114 4306
4 1249 3360 1179 3791
4 3442 3563 3038 3935
4 2638 2709 3229 3700
4 2938 3406 3050 4019
4 2322 2340 3172 3873
4 2442 2446 2447 3412
4 595 603 1416 4017
4 3552 4095 3062 4298
4 3540 4252 3539 4320
4 1272 1285 3358 3601
4 2386 2488 2387 3528
4 2845 3307 3246 4067
4 3827 3868 2230 4163
4 2676 2726 2603 3267
4 2880 3053 3804 3805
4 1959 3700 3229 3965
4 3364 2791 3540 4252
4 1860 1848 1853 4221
4 1285 3449 3358 3601
4 3211 3586 3408 4202
4 2728 2926 3040 3464
4 2809 3083 2918 3222
4 1193 3190 3751 4251
4 2817 3058 3037 3307
4 2564 2784 2970 4245
4 1168 3261 4134 4332
4 305 3290 3609 4269
4 3017 3190 3121 4144
4 2864 3421 3364 4054
4 2360 3367 2715 3858
4 2857 3097 2564 3876
4 2798 3085 3329 3776
4 3065 3464 2926 4239
4 3742 3888 2783 3979
4 1744 1745 1749 3920
4 1413 1415 593 4243
4 2878 3746 2947 3896
4 2853 3839 3740 3996
4 3414 3528 3314 4304
4 2695 3385 3268 4129
4 3569 3671 3335 3718
4 3498 3514 2759 3740
4 2838 3501 3395 3637
4 1398 1396 1397 4195
4 3155 3370 266 3642
4 1501 1500 1499 2493
4 3927 4138 3179 4190
4 1179 3791 1170 4332
4 3126 4042 3127 4278
4 3465 3581 2889 4002
4 3569 3718 3335 3725
4 1745 2794 3515 3920
4 2791 3364 3832 4252
4 2959 3835 3148 4156
4 1824 1828 1813 1817
4 2808 2857 3472 3502
4 264 261 266 3642
4 1860 1853 1865 4221
4 3127 3616 3464 3852
4 2669 3358 3210 3449
4 2422 2414 2421 4202
4 1285 3449 3601 3941
4 3650 3714 2981 4040
4 828 830 831 3979
4 1741 1745 1743 2492
4 2339 2340 2321 3873
4 2741 3541 3085 4219
4 2437 1300 1299 4216
4 1890 3957 3241 4157
4 1863 3957 1878 4157
4 2737 2934 2811 3099
4 2598 2715 2679 3374
4 2582 2784 3172 3873
4 1178 3751 3450 3791
4 2380 2393 2392 4280
4 1383 1504 1513 3855
4 2880 3804 3350 3805
4 3120 3619 2831 4004
4 3177 3714 2993 4040
4 2926 3464 3065 4251
4 249 256 238 243
4 724 722 717 4188
4 3333 3454 3334 4190
4 3282 3472 3153 4164
4 1288 3358 1287 3449
4 3246 3307 2845 3501
4 2318 3083 3876 4085
4 3334 3927 3179 4190
4 2416 3387 2418 4038
4 2272 3616 2241 4239
4 2916 3027 3888 4052
4 2946 3532 2833 3976
4 1805 1817 1813 1801
4 2471 2470 2475 4307
4 2601 2988 2851 3656
4 2676 2564 2970 4245
4 3662 3901 3332 3974
4 1858 1838 1830 3587
4 2679 2676 3172 4245
4 1963 3656 2988 3693
4 2728 3040 3190 3464
4 1860 1865 1867 4221
4 2334 3343 3083 3857
4 2392 2401 3664 4280
4 3387 3785 2740 4171
4 2882 3269 3115 4124
4 2730 3450 2991 3791
4 1395 1390 1396 4195
4 2811 3099 2934 3958
4 1383 1375 1504 3855
4 2999 3387 2426 4070
4 1904 3513 3241 3776
4 1920 1924 1903 3513
4 3746 4107 3896 4240
4 3140 3421 3160 3893
4 2968 3036 3825 4011
4 1279 2784 1281 3880
4 3039 3606 3486 3948
4 2598 3210 3393 4337
4 2319 3083 2784 3876
4 3120 3699 3121 3869
4 497 441 444 496
4 2740 3387 2977 4070
4 2598 3393 3367 4337
4 2728 3190 3017 3464
4 3398 4022 3261 4185
4 2740 4171 3211 4202
4 2742 2947 2878 3042
4 2424 3387 2422 4171
4 2858 3365 3364 3893
4 2977 3030 2833 3976
4 1235 3065 1244 4251
4 3007 3398 3092 4022
4 3486 3807 3039 3948
4 3472 3502 1256 4134
4 2851 1962 3700 3744
4 593 1415 592 4243
4 3282 4164 3312 4185
4 274 3828 257 4031
4 280 266 267 3155
4 3409 4192 221 4248
4 2970 3097 2726 3880
4 2833 3030 2946 3976
4 3291 4025 3147 4250
4 2740 2977 3785 4070
4 2808 3097 2857 3502
4 2775 2990 2989 3693
4 2479 1341 2477 2491
4 2341 3343 2337 3858
4 2987 3274 2866 3878
4 3130 3776 3329 3957
4 3804 3805 3053 3825
4 3219 3461 2983 4231
4 3081 3609 3220 4208
4 1744 1742 4063 4064
4 3606 3948 2764 3956
4 1895 1896 1890 3241
4 2334 3222 3083 4085
4 2995 3656 3650 3693
4 835 842 838 832
4 2918 3366 2858 3431
4 2901 3662 3332 3974
4 3190 3464 3040 4251
4 2947 3746 3525 3832
4 3127 4042 3525 4278
4 1886 1891 1901 4115
4 2918 2809 3222 3431
4 3050 4019 3406 4275
4 2817 3307 3037 4063
4 1947 3269 3744 3892
4 2784 3172 2970 4245
4 2969 3657 2594 4087
4 3220 3609 3796 4207
4 1299 2439 2437 4216
4 1168 1170 3791 4332
4 3450 3791 3007 4022
4 3008 4031 3828 4058
4 2919 3026 4033 4216
4 2272 3746 3616 4239
4 2784 2582 3172 4245
4 2774 3329 2907 3427
4 3114 4192 2665 4248
4 2926 3040 3464 4251
4 2352 2328 2347 3526
4 3026 3102 2919 4033
4 2730 3261 3007 3791
4 3197 2660 4149 4150
4 3053 3825 3036 3913
4 502 501 499 500
4 1901 1891 1905 4115
4 2603 3360 3359 3601
4 1237 3065 1235 4251
4 833 831 830 3979
4 462 461 454 455
4 3210 3449 2332 3526
4 2985 3827 3160 4076
4 2235 3065 3210 3393
4 922 914 907 900
4 3005 3487 3664 4280
4 2598 3367 3597 4337
4 3746 3832 2947 4107
4 2895 3036 3294 3913
4 1375 1374 1376 1373
4 2740 3588 3211 3785
4 2817 3462 2900 4063
4 208 221 3409 4192
4 2722 3727 3530 3933
4 2838 3307 3037 3395
4 2918 3083 2582 3343
4 267 266 261 3642
4 3042 3065 2926 4239
4 1910 1889 1904 3241
4 2916 3669 3027 4052
4 282 280 3155 4150
4 2349 3526 3597 4337
4 2858 3366 3365 3431
4 2798 3329 3130 3776
4 3693 3794 2990 4194
4 592 4234 3926 4243
4 2591 3510 3041 4210
4 1830 3588 3587 3785
4 2868 3752 3511 3813
4 2679 3172 2582 4245
4 1915 1909 1914 1913
4 2962 3918 3518 4242
4 2726 3601 1263 3881
4 3314 4176 3466 4304
4 2698 3627 3607 4026
4 2730 3196 3261 3791
4 2389 2387 2386 2488
4 2329 3449 1289 3941
4 3331 3979 3662 4101
4 3374 3449 2669 3526
4 211 3114 4192 4306
4 2901 3105 3662 3974
4 2840 3462 2817 4063
4 3210 2669 3449 3526
4 309 297 296 308
4 1909 1903 1924 3513
4 3017 3121 3699 4144
4 2977 3297 3785 4070
4 2614 3427 3211 3588
4 3206 3926 2850 4055
4 2776 3160 3140 3421
4 3742 3979 3331 4101
4 3042 3210 3065 3393
4 2977 3021 2999 3387
4 2328 3449 2327 3526
4 3261 3007 3791 4022
4 2665 4192 3409 4248
4 2983 3011 4231 4234
4 2808 2730 3196 3261
4 2640 3290 3155 3709
4 2838 2845 2687 3037
4 3042 3065 4239 4240
4 3366 3431 2918 3857
4 2896 3466 3314 4176
4 2582 3083 2784 3873
4 3530 3721 2722 3933
4 3398 4185 3312 4193
4 500 498 505 496
4 3017 3464 3190 4144
4 828 359 361 827
4 2808 3502 3282 4134
4 1395 1396 1398 4195
4 1283 2726 3267 3601
4 3464 3616 2926 4239
4 2730 3360 3196 3791
4 3148 3835 2847 3906
4 280 267 277 3155
4 2991 3450 3190 3751
4 2934 3099 2737 3135
4 2730 2991 3360 3791
4 2418 2406 2416 4038
4 1343 2449 1309 2490
4 3551 3748 2898 4233
4 1179 3360 3751 3791
4 2808 3472 3282 3502
4 2669 3267 2603 3601
4 1168 3791 3261 4332
4 3619 3966 2831 4004
4 3414 2704 3528 4303
4 2614 3211 2740 3588
4 2321 2784 2319 3873
4 3261 3398 3007 4022
4 2926 3065 3040 4251
4 3331 3901 3662 3979
4 3482 4076 3160 4175
4 3409 4192 4122 4330
4 2858 2723 3365 3366
4 3140 3868 3431 3893
4 2754 3742 3331 4101
4 3492 3528 2704 4303
4 3370 4149 2660 4150
4 2983 4234 4231 4243
4 415 411 412 2485
4 450 452 458 4215
4 2977 3387 2999 4070
4 2350 3393 3210 4337
4 3261 4134 3282 4185
4 2764 3956 3948 3964
4 2858 2918 2723 3366
4 2728 3040 2991 3190
4 2654 3241 3957 4157
4 2784 2970 1281 3880
4 2988 3693 2989 3965
4 2851 2988 2601 3700
4 3297 3588 3587 3957
4 2326 3374 2715 3597
4 3587 3588 3297 3785
4 267 3155 266 3642
4 2387 3414 3528 4303
4 280 277 282 3155
4 1249 3360 3791 4332
4 3211 3427 2774 3586
4 2794 3145 2762 3920
4 3177 2981 3714 4040
4 3196 3261 3791 4332
4 2422 2421 4171 4202
4 2598 2878 3367 3393
4 2616 2756 3465 4002
4 2991 3359 2603 3360
4 869 882 887 4266
4 1307 2443 2442 2489
4 3450 3751 2991 3791
4 3041 3911 3245 3951
4 2740 3785 3211 4171
4 3017 3852 3464 4144
4 2669 3210 2598 3374
4 3366 3857 2918 3858
4 869 887 868 4266
4 2858 3431 3365 3893
4 2991 3040 3359 3751
4 2991 3190 3040 3751
4 2808 4134 3261 4332
4 2808 3282 3261 4134
4 3827 3868 3140 3893
4 3115 2834 3837 4131
4 3267 3449 3374 3941
4 205 204 210 4306
4 3580 3669 2916 4052
4 2408 2407 2406 4038
4 2373 2372 2378 4303
4 2408 2406 2418 4038
4 1910 3241 1904 3513
4 3297 2977 3976 4070
4 2715 3343 2342 3858
4 2999 3387 3021 4038
4 3081 3155 2640 3290
4 2421 2423 2422 4171
4 3359 3751 3040 4251
4 3297 3957 3587 4157
4 2322 2970 2784 3172
4 3265 3017 3699 3852
4 3190 3040 3751 4251
4 2373 2378 2379 4303
4 2858 3140 3431 3893
4 1895 1889 1910 3241
4 3502 3876 3472 4085
4 2321 2322 2784 3873
4 916 913 914 915
4 433 438 444 448
4 3065 3359 3040 4251
4 3083 2857 3876 4085
4 3042 3393 3065 4240
4 2704 3492 3021 3528
4 2329 1289 1284 3941
4 3393 3896 3367 4337
4 3926 4234 2983 4243
4 1922 1921 1926 1925
4 1895 1890 1889 3241
4 1280 3876 2784 3880
4 2784 3083 2319 3873
4 2808 3261 3196 4332
4 2808 3196 3097 3502
4 3289 3290 2640 3709
4 2654 3241 3130 3957
4 2322 3172 2784 3873
4 2598 3367 2715 3597
4 3017 3699 3852 4144
4 2603 2726 3360 3601
4 2808 3502 4134 4332
4 2683 3167 2964 4205
4 2918 3431 3222 3857
4 3439 3895 2982 4017
4 3042 2926 3616 4239
4 239 237 236 238
4 2815 3254 3110 3499
4 1807 1805 1806 1808
4 432 434 433 430
4 1286 2325 2324 3941
4 2878 3393 3042 4240
4 3360 2991 3751 3791
4 3920 4063 3462 4064
4 833 832 830 831
4 3097 3502 3196 3881
4 3472 3502 2857 3876
4 3472 3876 2857 4085
4 2324 2329 1284 3941
4 3241 3513 3130 3776
4 3155 3290 3081 3609
4 2426 2423 2424 2425
4 3393 2878 3896 4240
4 3097 3880 3876 3881
4 2324 1284 1286 3941
4 2857 3502 3097 3876
4 2603 3267 2726 3601
4 3297 2654 3957 4157
4 2598 2715 3374 3597
4 211 210 204 4306
4 2808 3196 3502 4332
4 3097 3876 3502 3881
4 3367 3393 2878 3896
4 2669 3374 3267 3449
4 3359 3360 2991 3751
4 2676 2970 2726 3267
4 2582 3343 3083 3873
4 411 415 416 2485
4 3616 3746 3042 4239
4 1960 1957 1964 2494
4 2715 3172 2679 3374
4 1303 1307 2442 2489
4 3042 4239 3746 4240
4 3267 3601 3449 3941
4 1300 2436 1297 2487
4 3196 3791 3360 4332
4 3343 2918 3857 3858
4 2840 3462 4063 4064
4 300 306 307 2486
4 1390 1388 1387 1389
4 510 504 509 503
4 253 263 254 268
4 2434 1297 2436 2487
4 1278 1277 1279 1280
4 2361 2359 2358 2362
4 1271 1250 1268 1254
4 1960 1958 1957 2494
4 2386 2399 2389 2488
4 1297 2434 1293 2487
4 1958 1960 1961 2494
4 1512 1499 1510 2493
4 2408 2417 2413 2418
4 479 489 480 492
4 1750 1741 1747 2492
4 1433 1420 1432 1421
4 913 901 898 3333
4 1524 1523 1514 3855
4 312 305 3290 293
4 312 3290 305 313
4 1751 3346 1753 1755
4 1753 3346 1751 1752
4 1294 3306 2432 1355
4 2432 3306 1294 2433
4 2489 2443 4033 1307
4 2489 4033 2443 4216
4 3340 3675 4015 2546
4 4015 3675 3340 2975
4 3794 1951 3693 1954
4 1953 3693 1951 1954
4 1953 1951 3693 1952
4 3196 1248 4332 1247
4 3129 384 3705 385
4 3129 3705 384 3001
4 395 3705 384 385
4 395 384 3705 3001
4 416 421 4223 425
4 416 4223 421 2485
4 3597 2359 2345 2349
4 3597 2345 2359 2360
4 3921 4033 2590 3116
4 3921 2590 4033 2919
4 3102 4033 2590 2919
4 1764 3315 2908 1763
4 2908 3315 1764 3925
4 2908 1756 1764 1763
4 1764 1756 2908 3925
4 4081 1415 1544 1427
4 4081 1544 1415 1528
4 493 489 3055 494
4 3055 489 493 492
4 493 3790 3055 492
4 3741 3853 2891 3078
4 2891 3853 3741 2818
4 3146 3817 1478 1479
4 3146 1478 3817 1500
4 1503 3817 1478 1500
4 1857 1871 3976 1858
4 1857 3976 1871 3532
4 1872 3976 1871 1858
4 2852 2020 3423 2012
4 2852 3423 2020 3503
4 3771 2173 2852 2012
4 3771 2852 2173 3503
4 2173 2020 2852 2012
4 2173 2852 2020 3503
4 913 2930 3962 916
4 3962 2930 913 3963
4 3962 930 913 916
4 913 930 3962 3963
4 1274 1270 3359 1273
4 3359 1270 1274 3358
4 3359 1290 1274 1273
4 1274 1290 3359 3358
4 4322 492 479 480
4 4322 479 492 3908
4 3413 2702 3467 2849
4 3413 3467 2702 2887
4 3329 1890 3776 1877
4 3329 3776 1890 3957
4 1863 3329 1878 3957
4 1878 1890 3329 1877
4 1878 3329 1890 3957
4 3676 1801 3798 1813
4 3676 3798 1801 3113
4 2307 2300 3832 2308
4 3832 2300 2307 4252
4 3832 3525 2307 2308
4 2307 3525 3832 4252
4 574 573 3268 575
4 3268 573 574 3894
4 3268 566 574 575
4 574 566 3268 3894
4 3752 275 3796 273
4 3752 3796 275 4207
4 290 3796 275 273
4 290 275 3796 4207
4 3712 4281 2580 2905
4 2580 4281 3712 3059
4 3514 3001 379 392
4 3514 379 3001 380
4 384 379 3001 392
4 384 3001 379 380
4 2465 3150 1331 2467
4 1331 3150 2465 2472
4 4261 2630 3184 2672
4 4261 3184 2630 3474
4 307 315 4057 324
4 307 4057 315 2486
4 1803 1816 3586 1815
4 1803 3586 1816 1804
4 1130 1139 3013 1131
4 3265 1139 3013 4006
4 3321 223 2879 234
4 3321 2879 223 4248
4 215 213 3510 212
4 3970 4233 2934 252
4 2934 4233 3970 2940
4 840 845 3901 837
4 844 3901 845 837
4 844 845 3901 4138
4 2679 2526 3889 2522
4 2679 3889 2526 2676
4 3574 1752 1736 1735
4 3574 1736 1752 1753
4 3211 2662 3075 3070
4 3211 3075 2662 2774
4 1342 1339 3101 1338
4 1342 3101 1339 3149
4 4241 2816 4331 2646
4 4241 4331 2816 3165
4 4006 3013 2828 3264
4 4006 2828 3013 3265
4 3918 2118 3280 2117
4 3918 3280 2118 4205
4 2119 3280 2118 2117
4 2119 2118 3280 4205
4 3240 2706 4068 3150
4 3240 4068 2706 3235
4 3459 1756 3316 1738
4 3459 3316 1756 3592
4 3888 826 829 827
4 3888 829 826 825
4 715 709 3227 708
4 4216 2439 4033 1299
4 4216 4033 2439 2489
4 1303 4033 2439 1299
4 1303 2439 4033 2489
4 3422 1611 3430 1603
4 3422 3430 1611 3305
4 3876 1260 3880 1278
4 3876 3880 1260 3881
4 3749 4170 3704 2590
4 3704 4170 3749 2772
4 3500 3520 3795 2570
4 3795 3520 3500 2515
4 4089 1590 3641 3922
4 4089 3641 1590 1589
4 4262 2653 3701 3060
4 4262 3701 2653 2859
4 2958 3584 3504 3174
4 2958 3504 3584 3388
4 2705 3504 3584 3174
4 2705 3584 3504 3388
4 3184 3590 3124 2529
4 3124 3590 3184 2630
4 4032 2644 3675 2577
4 4032 3675 2644 3378
4 622 3469 623 624
4 622 623 3469 3215
4 625 623 3469 624
4 625 3469 623 3215
4 2311 3746 2304 4107
4 4240 2304 3746 4107
4 4179 3221 2716 3527
4 4179 2716 3221 3494
4 3245 3951 3715 3041
4 3715 3951 3245 3244
4 3715 2690 3245 3041
4 3245 2690 3715 3244
4 4221 1834 3821 3676
4 4221 3821 1834 1833
4 3709 3289 3237 2640
4 3237 3289 3709 2813
4 3237 3698 3709 2640
4 3709 3698 3237 2813
4 3217 4116 3236 3024
4 3236 4116 3217 2913
4 3272 3638 1477 3635
4 1397 1398 3058 4063
4 3058 1398 1397 4195
4 1844 3090 1828 1847
4 1828 3090 1844 1824
4 283 3155 3709 282
4 3709 3155 283 3290
4 3709 299 283 282
4 4111 2933 3154 2714
4 4111 3154 2933 2622
4 2964 2104 2111 2126
4 3603 503 2890 504
4 3603 2890 503 3898
4 509 2890 503 504
4 509 503 2890 3898
4 1367 2931 1362 1368
4 3677 4125 3998 2575
4 3998 4125 3677 3171
4 3146 2493 3025 1510
4 3146 3025 2493 3391
4 1512 3025 2493 1510
4 1512 2493 3025 3391
4 4002 3302 3455 2533
4 4002 3455 3302 2674
4 3149 2479 1341 1343
4 3149 1341 2479 2491
4 3440 3760 3313 2788
4 3313 3760 3440 2612
4 2847 3500 2674 2590
4 2674 3500 2847 3465
4 3391 1500 1501 2493
4 3391 1501 1500 1503
4 3755 4102 3814 2560
4 3814 4102 3755 2500
4 214 216 3510 217
4 2313 3896 2306 2305
4 2306 3896 2313 2314
4 1469 1437 4265 1438
4 4265 1437 1469 1467
4 3977 1484 3589 1494
4 3977 3589 1484 3817
4 3475 3281 3550 2928
4 3475 3550 3281 2684
4 2989 1941 1943 1942
4 2989 1943 1941 1944
4 2994 1942 1933 1930
4 2994 1933 1942 1943
4 3222 2252 3431 2251
4 3222 3431 2252 3857
4 2259 3431 2252 2251
4 2259 2252 3431 3857
4 3285 2061 2060 4034
4 4312 773 2945 794
4 4312 2945 773 3867
4 3815 2945 773 794
4 3815 773 2945 3867
4 3930 3205 4212 2992
4 3930 4212 3205 1721
4 1723 4212 3205 2992
4 1723 3205 4212 1721
4 3850 3021 2532 2977
4 3850 2532 3021 2704
4 2639 2532 3021 2977
4 2639 3021 2532 2704
4 3847 4142 3848 2562
4 3848 4142 3847 3278
4 4074 3203 2680 2874
4 4074 2680 3203 3516
4 1834 1847 3090 1848
4 3090 1847 1834 1828
4 3619 2729 3092 3120
4 3619 3092 2729 3022
4 311 293 3709 299
4 3709 293 311 312
4 3211 2662 3586 2774
4 3211 3586 2662 3408
4 705 427 3884 426
4 705 3884 427 706
4 3213 4295 3712 2767
4 3712 4295 3213 2664
4 3983 3982 3574 2848
4 3574 3982 3983 2935
4 3574 3279 3983 2848
4 3983 3279 3574 2935
4 4036 4328 4145 3236
4 4145 4328 4036 2701
4 4145 2777 4036 3236
4 4036 2777 4145 2701
4 4112 3765 2549 3133
4 3368 2636 2789 3146
4 3368 2789 2636 4281
4 3661 2594 2497 3054
4 3661 2497 2594 3271
4 4058 306 3575 294
4 4058 3575 306 4057
4 3296 3847 3949 2963
4 4053 710 3809 3227
4 4053 3809 710 711
4 446 4127 2986 445
4 2986 4127 446 3481
4 4302 2643 3179 3260
4 4302 3179 2643 2796
4 3256 4111 2622 3154
4 2622 4111 3256 2631
4 3817 1482 1479 1483
4 293 283 3709 299
4 293 3709 283 3290
4 3943 3306 3143 1352
4 3943 3143 3306 3591
4 1265 3881 1264 1266
4 1264 3881 1265 1263
4 1919 1936 2894 1932
4 1919 2894 1936 1923
4 3304 596 1420 1419
4 3719 2433 2933 2434
4 3719 2933 2433 3306
4 2374 1766 3487 2388
4 3487 1766 2374 3932
4 229 216 3958 215
4 3958 216 229 230
4 4105 4103 3226 2792
4 4105 3226 4103 2657
4 4003 457 3598 465
4 4003 3598 457 458
4 3582 400 3134 390
4 3582 3134 400 3371
4 344 349 3337 345
4 344 3337 349 360
4 2705 3938 4237 3033
4 4237 3938 2705 3504
4 754 3107 755 753
4 3717 2810 3129 3337
4 3717 3129 2810 2646
4 1670 3930 4173 1702
4 4173 3930 1670 2924
4 2077 2095 3706 2096
4 3706 2095 2077 4034
4 3706 3156 2077 2096
4 2077 3156 3706 4034
4 1525 4168 2925 1526
4 2925 4168 1525 3636
4 3906 4033 2590 3102
4 2590 4033 3906 3116
4 3889 2679 3830 3522
4 3889 3830 2679 2522
4 3306 2433 1293 1294
4 3306 1293 2433 3719
4 3496 3130 3513 2894
4 3496 3513 3130 3241
4 4177 2702 2901 2796
4 4177 2901 2702 2625
4 4026 4002 3627 2756
4 4026 3627 4002 2698
4 3806 3980 2653 3298
4 2653 3980 3806 3107
4 3970 2641 2934 2940
4 3970 2934 2641 3321
4 3781 3659 2507 2525
4 3781 2507 3659 3692
4 1257 1256 3502 1255
4 3502 1256 1257 1258
4 4306 220 215 211
4 4306 215 220 229
4 1072 1073 3668 1074
4 3668 1073 1072 1071
4 3696 2738 3989 2843
4 3696 3989 2738 3622
4 3304 1414 597 599
4 3796 3511 273 3479
4 3796 273 3511 3752
4 3289 354 323 329
4 3289 323 354 825
4 4160 2568 3822 3504
4 4160 3822 2568 3629
4 3931 3946 3728 2595
4 3728 3946 3931 3325
4 3458 3455 3054 2533
4 3458 3054 3455 3209
4 3297 2614 2544 2740
4 3297 2544 2614 2654
4 3351 886 3617 3064
4 3351 3617 886 885
4 3834 644 3103 3463
4 3834 3103 644 668
4 3683 3647 3923 3032
4 3683 3923 3647 2647
4 1843 1847 2907 1844
4 1843 2907 1847 1849
4 3601 1284 3267 1283
4 3601 3267 1284 3941
4 1286 3267 1284 1283
4 1286 1284 3267 3941
4 3154 1362 2931 3143
4 3154 2931 1362 1361
4 3227 716 718 717
4 3906 3465 2674 2847
4 2674 3465 3906 3102
4 2674 2590 3906 2847
4 3906 2590 2674 3102
4 4146 1562 3094 1563
4 4146 3094 1562 3654
4 2873 4093 3840 3924
4 2873 3840 4093 3277
4 2649 3840 4093 3924
4 2649 4093 3840 3277
4 2372 2391 4303 2387
4 2372 4303 2391 2378
4 1747 1742 4067 1741
4 1747 4067 1742 1748
4 3707 3131 3436 2540
4 3707 3436 3131 2888
4 1952 1963 3693 1953
4 1952 3693 1963 1957
4 1475 1498 3272 1497
4 1475 3272 1498 1476
4 460 4003 457 458
4 457 4003 460 461
4 3963 963 3003 3910
4 3963 3003 963 964
4 2322 2344 3172 2340
4 3172 2344 2322 2323
4 4110 3845 3841 3191
4 4110 3841 3845 3345
4 3461 1419 1431 3108
4 3738 3456 2755 2650
4 3738 2755 3456 2884
4 3757 1627 3562 820
4 3757 3562 1627 3214
4 4006 2895 3913 3264
4 4006 3913 2895 3126
4 4016 3453 4049 2502
4 4016 4049 3453 2746
4 3325 3931 3955 2885
4 3325 3955 3931 2677
4 3045 3955 3931 2885
4 3045 3931 3955 2677
4 392 384 385 395
4 392 385 384 379
4 4197 2040 4045 2064
4 4197 4045 2040 3445
4 2212 4042 3294 2170
4 3294 4042 2212 3539
4 2324 3597 3374 2326
4 3374 3597 2324 3941
4 2324 2325 3374 3941
4 4263 637 3463 645
4 4263 3463 637 4238
4 3422 4089 4128 1605
4 3422 4128 4089 3257
4 1606 4128 4089 1605
4 1606 4089 4128 3257
4 3364 2548 3540 2791
4 3364 3540 2548 2864
4 4045 3764 3756 1985
4 3756 3764 4045 3423
4 3756 1986 4045 1985
4 4045 1986 3756 3423
4 3777 3966 1088 1097
4 3777 1088 3966 3259
4 1089 1088 3966 1097
4 1089 3966 1088 3259
4 2972 2558 3171 2702
4 2972 3171 2558 2699
4 1677 3620 4173 1676
4 4173 3620 1677 3205
4 4112 3208 2932 4046
4 4112 2932 3208 3818
4 2450 2447 3627 2451
4 3627 2447 2450 3412
4 2434 2933 2487 2436
4 2434 2487 2933 3719
4 3643 3313 73 2920
4 58 3643 73 2920
4 3275 3643 58 2920
4 3275 58 3643 2921
4 3576 1452 1488 1489
4 3576 1488 1452 2874
4 3930 1670 1704 1702
4 3930 1704 1670 3273
4 3370 3642 3081 2861
4 3081 3642 3370 3155
4 4196 1380 1385 1387
4 4196 1385 1380 1381
4 861 872 3617 873
4 3617 872 861 860
4 2490 4025 3147 2479
4 3147 4025 2490 4250
4 3147 1343 2490 2479
4 2490 1343 3147 4250
4 4251 1243 1217 1226
4 4251 1217 1243 1236
4 378 829 3919 366
4 378 3919 829 834
4 3289 3237 2606 2783
4 3289 2606 3237 2640
4 3846 4328 3767 3484
4 3767 4328 3846 3033
4 347 825 3289 826
4 347 3289 825 323
4 3565 1976 4019 1051
4 3565 4019 1976 3091
4 4295 2568 3547 3629
4 4295 3547 2568 3819
4 200 3890 189 191
4 189 3890 200 2960
4 1271 1291 3358 1288
4 1271 3358 1291 1274
4 769 760 3251 768
4 769 3251 760 761
4 3351 904 886 3064
4 3899 1930 3020 2994
4 3899 3020 1930 1917
4 3994 1614 3649 1573
4 3994 3649 1614 4128
4 3943 1375 3239 1370
4 3943 3239 1375 3671
4 3197 3551 309 296
4 3197 309 3551 3136
4 308 309 3551 296
4 308 3551 309 3136
4 3456 768 3251 3079
4 3456 3251 768 769
4 4007 2515 3517 3520
4 4007 3517 2515 2623
4 3685 2648 3051 2812
4 3685 3051 2648 3200
4 4170 3568 2866 2621
4 4170 2866 3568 3694
4 3663 917 3879 902
4 3663 3879 917 918
4 903 3879 917 902
4 903 917 3879 918
4 3340 3471 2499 2546
4 2499 3471 3340 2979
4 2499 3779 3340 2546
4 3340 3779 2499 2979
4 3917 691 667 809
4 667 691 3917 3844
4 667 785 3917 809
4 3917 785 667 3844
4 3475 3546 3533 2629
4 3533 3546 3475 2928
4 4129 596 3304 594
4 4129 3304 596 2850
4 3475 3978 3090 2778
4 3090 3978 3475 2912
4 3604 3648 3647 2569
4 3647 3648 3604 3221
4 2754 4177 3716 2685
4 3716 4177 2754 2606
4 4172 3064 3617 2736
4 4172 3617 3064 3351
4 1696 3874 1686 1685
4 1686 3874 1696 3405
4 4050 821 3320 3562
4 4050 3320 821 805
4 1293 2487 3875 1297
4 1293 3875 2487 3719
4 1300 3875 2487 1297
4 1300 2487 3875 3719
4 3834 611 676 591
4 3834 676 611 3175
4 3731 4077 3187 2658
4 3187 4077 3731 3982
4 840 3901 3027 837
4 3027 3901 840 3665
4 3991 3050 3049 2675
4 3991 3049 3050 4275
4 2337 3858 2356 2341
4 2356 3858 2337 2354
4 2643 2542 3803 3260
4 3803 2542 2643 4125
4 1418 4265 1419 3108
4 1431 1419 4265 3108
4 4305 1629 3679 3562
4 4305 3679 1629 1655
4 3483 1333 1337 3477
4 3483 1337 1333 1332
4 1062 1063 3505 1064
4 1062 3505 1063 1061
4 3917 785 4321 809
4 3917 4321 785 3426
4 3787 3658 4110 102
4 3787 4110 3658 2504
4 3271 4110 3658 102
4 3271 3658 4110 2504
4 4010 2806 3054 3263
4 4010 3054 2806 3799
4 3705 415 406 405
4 3705 406 415 3429
4 2851 3700 2494 2988
4 4040 2546 3490 2644
4 4040 3490 2546 3194
4 2197 2190 3945 2200
4 3945 2190 2197 2198
4 3650 3714 3656 2981
4 3650 3656 3714 1955
4 1956 3656 3714 2981
4 1956 3714 3656 1955
4 2599 4311 4283 2802
4 4283 4311 2599 3162
4 3223 4211 3029 2711
4 3029 4211 3223 2910
4 4022 1183 1174 3121
4 4022 1174 1183 1175
4 1432 1419 3461 1420
4 1432 3461 1419 1431
4 3956 2132 4175 2148
4 3956 4175 2132 3769
4 726 3301 4316 727
4 4316 3301 726 3251
4 3983 2924 2935 2725
4 3983 2935 2924 2588
4 4074 3576 2952 3977
4 4074 2952 3576 2874
4 4184 2952 3576 3977
4 4184 3576 2952 2874
4 4230 2906 2650 2602
4 4230 2650 2906 4229
4 3101 1301 3483 2959
4 3101 3483 1301 1337
4 3722 63 72 79
4 3722 72 63 2576
4 3883 3150 4044 2710
4 3883 4044 3150 2706
4 4215 445 3363 443
4 4215 3363 445 2986
4 2962 3466 2896 2763
4 2896 3466 2962 3280
4 3790 605 1318 3074
4 3790 1318 605 606
4 3977 1490 1489 3576
4 4274 3524 4245 2555
4 4274 4245 3524 3523
4 4140 1473 3368 1466
4 4140 3368 1473 4136
4 602 603 3385 601
4 602 3385 603 4017
4 3895 3385 603 601
4 3895 603 3385 4017
4 3512 4023 3571 2627
4 3571 4023 3512 2997
4 3842 3905 2509 3201
4 2509 3905 3842 2531
4 3386 2820 4013 2503
4 3386 4013 2820 3377
4 288 3796 302 290
4 302 3796 288 3479
4 3625 326 309 3136
4 3888 826 2783 825
4 3888 2783 826 3742
4 3289 2783 826 825
4 3289 826 2783 3742
4 3313 58 3643 73
4 3313 3643 58 2921
4 3300 4180 2927 171
4 2927 4180 3300 3488
4 3904 1401 3501 1403
4 3904 3501 1401 3246
4 3854 2847 4170 2727
4 3854 4170 2847 2590
4 4053 709 712 711
4 4053 712 709 716
4 3769 1119 1146 1145
4 3769 1146 1119 3468
4 3879 3859 904 903
4 3879 904 3859 3064
4 3090 1844 2907 1847
4 3090 2907 1844 3585
4 3637 1508 3612 3119
4 3637 3612 1508 1507
4 3790 3306 3875 1294
4 3790 3875 3306 2954
4 1293 3875 3306 1294
4 1293 3306 3875 2954
4 3759 4291 3184 2529
4 3184 4291 3759 2855
4 2357 2359 3858 2356
4 2357 3858 2359 2360
4 3797 2597 4116 3088
4 3797 4116 2597 3774
4 3208 4112 3765 2549
4 3765 4112 3208 3818
4 4330 207 3292 3951
4 4330 3292 207 206
4 3150 4044 3802 2697
4 3802 4044 3150 2710
4 3921 2823 3336 2622
4 3921 3336 2823 2572
4 4296 1089 3966 1090
4 4296 3966 1089 3259
4 3279 1769 3346 3192
4 3279 3346 1769 1759
4 3973 229 3958 2934
4 3973 3958 229 230
4 3025 1510 1511 1509
4 3025 1511 1510 1512
4 4335 86 87 3659
4 4335 87 86 3056
4 729 724 4188 722
4 729 4188 724 731
4 3713 1989 1992 3556
4 3713 1992 1989 1990
4 2482 2457 4068 2466
4 4068 2457 2482 2483
4 4068 4074 2482 2466
4 2482 4074 4068 2483
4 4281 3629 4295 3059
4 4281 4295 3629 2767
4 1330 2472 3150 1331
4 3150 2472 1330 1336
4 1330 3961 3150 1336
4 4066 3683 3949 2641
4 4066 3949 3683 3684
4 1872 3587 3976 1858
4 3976 3587 1872 4157
4 4011 2207 3036 2160
4 4011 3036 2207 3285
4 760 753 3806 759
4 3806 753 760 755
4 640 4159 648 639
4 640 648 4159 3644
4 647 648 4159 639
4 647 4159 648 3644
4 3819 3712 4046 2664
4 3819 4046 3712 3023
4 3494 4311 2599 2941
4 2599 4311 3494 3162
4 3738 3590 2884 2761
4 3738 2884 3590 2602
4 315 344 3996 345
4 3996 344 315 3839
4 2673 3121 2728 2729
4 2728 3121 2673 3017
4 251 264 3642 261
4 251 3642 264 250
4 3404 343 358 342
4 358 357 3404 342
4 3404 357 358 3105
4 3670 3179 2692 3665
4 3670 2692 3179 3178
4 1455 1459 4152 1460
4 1455 4152 1459 1457
4 3687 612 3189 532
4 3687 3189 612 3555
4 4083 3199 3237 3761
4 4083 3237 3199 3596
4 1841 1957 4194 1952
4 1841 4194 1957 1943
4 4244 3959 3512 2543
4 4244 3512 3959 2625
4 3149 2478 3014 1342
4 3149 3014 2478 4065
4 1339 3014 2478 1342
4 3286 3607 3412 2444
4 3412 3607 3286 3125
4 4312 803 794 3757
4 4312 794 803 795
4 4239 1244 2242 2243
4 4239 2242 1244 1243
4 1272 3601 1271 1268
4 1272 1271 3601 3358
4 1254 1271 3601 1268
4 1254 3601 1271 3358
4 3844 627 784 666
4 208 210 4192 209
4 208 4192 210 2484
4 4254 509 3915 3508
4 4254 3915 509 2890
4 3651 2441 2444 2440
4 3651 2444 2441 3286
4 3636 1518 3637 1508
4 3636 3637 1518 1517
4 1507 3637 1518 1508
4 1507 1518 3637 1517
4 4165 815 782 816
4 782 815 4165 3433
4 782 783 4165 816
4 4165 783 782 3433
4 4241 4331 3373 3626
4 3373 4331 4241 3165
4 3637 3904 2686 3501
4 2686 3904 3637 2925
4 1482 3817 3977 1483
4 3977 3817 1482 3391
4 3690 4184 3576 2951
4 3576 4184 3690 3420
4 4178 3937 2533 2574
4 4178 2533 3937 2762
4 3734 984 1017 1016
4 3734 1017 984 3653
4 4019 1038 3805 3406
4 4019 3805 1038 1054
4 2045 4242 3423 2044
4 3423 4242 2045 3503
4 3061 4288 3354 2617
4 3354 4288 3061 2745
4 3783 3209 3583 2497
4 3783 3583 3209 3369
4 3853 4041 3180 2753
4 3180 4041 3853 4024
4 3518 2099 3466 3117
4 3518 3466 2099 2100
4 4236 3721 1347 3933
4 4236 1347 3721 3256
4 1346 1347 3721 3933
4 1346 3721 1347 3256
4 1295 3875 3074 1292
4 3074 3875 1295 3790
4 2200 2191 3486 2201
4 3486 2191 2200 2190
4 3680 1667 1641 1642
4 3671 3882 3286 3591
4 3286 3882 3671 2862
4 2767 4140 4136 2905
4 4136 4140 2767 3548
4 4279 3967 3202 2584
4 4279 3202 3967 3066
4 4008 2856 3854 2620
4 4008 3854 2856 3491
4 1069 998 3128 997
4 3128 998 1069 1070
4 3991 2675 3406 3050
4 3991 3406 2675 2821
4 3940 3318 3590 2652
4 3940 3590 3318 3124
4 3573 2829 2807 2617
4 3573 2807 2829 2712
4 3689 2820 4260 3377
4 3689 4260 2820 3231
4 1405 4067 4063 1742
4 4063 4067 1405 3307
4 307 296 3575 295
4 307 3575 296 308
4 963 4005 4169 991
4 4169 4005 963 3003
4 3994 1541 4199 1570
4 3994 4199 1541 3986
4 3385 601 566 602
4 3385 566 601 3894
4 2145 2128 3771 2129
4 2145 3771 2128 2144
4 3891 4293 3232 2929
4 3232 4293 3891 3546
4 544 3687 4035 528
4 4035 3687 544 543
4 4035 529 544 528
4 544 529 4035 543
4 3823 1698 1688 1699
4 3823 1688 1698 3405
4 3537 3302 3788 2533
4 3537 3788 3302 2623
4 3544 2162 3285 2208
4 3544 3285 2162 3036
4 2207 3285 2162 2208
4 2207 2162 3285 3036
4 3641 1557 4286 1581
4 3641 4286 1557 3419
4 3510 212 3958 215
4 3510 3958 212 4210
4 3099 212 3958 4210
4 4203 3252 3238 4094
4 4203 3238 3252 2966
4 3906 1307 3102 1306
4 3906 3102 1307 4033
4 3461 4243 4081 1415
4 3461 4081 4243 4231
4 1528 4081 4243 1415
4 1528 4243 4081 4231
4 466 462 3019 461
4 466 3019 462 467
4 2566 2675 2736 3902
4 2736 2675 2566 4172
4 3363 4127 2987 435
4 2987 4127 3363 3704
4 2987 336 3363 435
4 3363 336 2987 3704
4 865 3670 868 856
4 868 3670 865 869
4 4028 3680 1667 1641
4 1667 3680 4028 3780
4 1667 1666 4028 1641
4 4028 1666 1667 3780
4 3989 3622 2771 2738
4 3989 2771 3622 2773
4 4299 2810 4294 2853
4 4294 2810 4299 2647
4 4294 3086 4299 2853
4 4299 3086 4294 2647
4 1964 2981 3656 1956
4 3656 2981 1964 2851
4 3654 2777 3900 3067
4 3654 3900 2777 3094
4 4147 1818 3563 1808
4 4147 3563 1818 3821
4 4335 2507 4334 3193
4 4335 4334 2507 2525
4 3875 1298 3483 1301
4 3875 3483 1298 3116
4 2959 3483 1298 1301
4 2959 1298 3483 3116
4 1497 3612 1508 3272
4 561 529 4055 530
4 561 4055 529 572
4 4179 2941 2716 3494
4 4179 2716 2941 3215
4 3855 3072 2862 3288
4 3855 2862 3072 3569
4 4133 3840 4201 2540
4 4133 4201 3840 2649
4 3211 1816 3588 1827
4 3211 3588 1816 1831
4 1830 3588 1816 1827
4 1830 1816 3588 1831
4 3645 387 376 386
4 3645 376 387 3582
4 3112 2413 2408 2412
4 4184 4041 3072 2680
4 4184 3072 4041 2818
4 2602 3902 4258 3529
4 2602 4258 3902 3590
4 2529 4258 3902 3529
4 2529 3902 4258 3590
4 1754 1759 3279 1760
4 1754 3279 1759 1753
4 3687 612 628 3555
4 1139 3699 3013 1131
4 3013 3699 1139 3265
4 3545 3955 3152 2724
4 3152 3955 3545 3046
4 2975 4137 4015 2746
4 2975 4015 4137 2979
4 3471 4015 4137 2746
4 3471 4137 4015 2979
4 250 2861 247 251
4 247 2861 250 249
4 3135 220 2934 229
4 3135 2934 220 3114
4 222 2934 220 229
4 2854 3752 2868 2899
4 2868 3752 2854 3511
4 2013 4282 2038 3445
4 2013 2038 4282 1672
4 1705 2038 4282 3445
4 1705 4282 2038 1672
4 273 3828 257 274
4 257 3828 273 3511
4 1745 2492 2794 1746
4 2794 2492 1745 3515
4 2492 3993 2794 1746
4 2794 3993 2492 3515
4 2492 1743 3993 1746
4 1959 2494 1958 1961
4 1962 2851 2494 1961
4 2494 2851 1962 3700
4 1959 1962 2494 1961
4 2494 1962 1959 3700
4 3837 3051 2812 3633
4 3837 2812 3051 2834
4 1088 4029 1096 1086
4 1088 1096 4029 3777
4 1095 1096 4029 1086
4 1095 4029 1096 3777
4 3608 2702 3413 2972
4 3608 3413 2702 2887
4 3460 2789 2905 2790
4 3460 2905 2789 3368
4 3807 2085 2087 3167
4 3013 3401 4006 1128
4 3013 4006 3401 3264
4 1136 4006 3401 1128
4 1136 3401 4006 3264
4 3521 4274 3871 2624
4 3396 4227 2799 3183
4 2799 4227 3396 3937
4 4184 3288 3576 2874
4 4184 3576 3288 3420
4 1702 1706 3205 1703
4 1702 3205 1706 1707
4 1574 3994 1543 3166
4 1574 1543 3994 1572
4 1542 1543 3994 3166
4 1542 3994 1543 1572
4 927 3454 928 911
4 927 928 3454 3910
4 912 928 3454 911
4 3821 2912 4221 3676
4 3821 4221 2912 3685
4 1177 1186 3450 1178
4 3450 1186 1177 1185
4 3020 3965 3085 2709
4 3020 3085 3965 1931
4 1932 3085 3965 2709
4 1932 3965 3085 1931
4 4253 2512 2604 3123
4 4253 2604 2512 3800
4 3993 2492 2844 1743
4 3993 2844 2492 3515
4 1741 2844 2492 1743
4 1741 2492 2844 3515
4 3587 2430 4070 2431
4 3587 4070 2430 3785
4 2428 4070 2430 2431
4 2428 2430 4070 3785
4 3681 1120 1081 1083
4 3681 1081 1120 3468
4 3951 213 3041 214
4 3951 3041 213 4210
4 3510 3041 213 214
4 3510 213 3041 4210
4 2194 4320 2188 2193
4 2194 2188 4320 3540
4 2187 2188 4320 2193
4 2187 4320 2188 3540
4 4190 864 855 865
4 855 864 4190 4138
4 855 856 4190 865
4 4190 856 855 4138
4 3807 2085 3503 2069
4 3807 3503 2085 3167
4 4194 1842 1943 1841
4 4194 1943 1842 2994
4 4204 3282 3153 2780
4 4204 3153 3282 3472
4 3486 2200 3945 2190
4 3486 3945 2200 3544
4 4139 3046 2885 3463
4 4139 2885 3046 3861
4 4038 2413 3112 2999
4 4038 3112 2413 2408
4 1522 4168 3025 1519
4 3025 4168 1522 3690
4 3025 1509 1522 1519
4 1522 1509 3025 3690
4 3987 3207 2914 3310
4 3987 2914 3207 3318
4 265 4149 256 3370
4 265 256 4149 3748
4 2898 256 4149 3370
4 2898 4149 256 3748
4 4331 3069 3429 4229
4 4331 3429 3069 2816
4 3564 1973 3565 1048
4 3564 3565 1973 3556
4 1049 3565 1973 1048
4 1049 1973 3565 3556
4 3374 2323 2324 2326
4 3374 2324 2323 2325
4 1770 3408 1769 1781
4 1770 1769 3408 3192
4 1780 1769 3408 1781
4 1780 3408 1769 3192
4 4257 2733 3216 3703
4 4257 3216 2733 3795
4 1365 3943 1363 1364
4 1363 3943 1365 3143
4 4293 3389 2975 3142
4 4293 2975 3389 3758
4 3721 3395 1372 2787
4 3721 1372 3395 2931
4 3961 3014 1340 2872
4 3961 1340 3014 3379
4 976 3301 999 967
4 999 3301 976 1000
4 3803 3178 2668 2930
4 3803 2668 3178 3260
4 2964 2379 2120 2126
4 2964 2120 2379 2373
4 3936 1820 1810 3935
4 3936 1810 1820 1821
4 3979 3901 3027 3331
4 350 4104 351 362
4 350 351 4104 4200
4 363 351 4104 362
4 363 4104 351 4200
4 260 4207 3752 275
4 3752 4207 260 4208
4 1319 1328 4272 1320
4 4272 1328 1319 1327
4 3907 2920 2576 2612
4 3907 2576 2920 3814
4 3227 3886 708 702
4 708 3886 3227 2886
4 4027 3048 456 3491
4 4027 456 3048 3481
4 3974 369 3105 370
4 3974 3105 369 3498
4 3939 740 3107 3613
4 3939 3107 740 754
4 4034 2035 2056 2058
4 4034 2056 2035 2967
4 3710 192 187 195
4 3710 187 192 3418
4 4272 2724 3778 3477
4 4272 3778 2724 3228
4 241 231 3973 230
4 241 3973 231 242
4 3511 258 2879 245
4 3511 2879 258 3828
4 3321 2879 258 245
4 3321 258 2879 3828
4 2196 2036 4011 2037
4 4011 2036 2196 2206
4 4011 3285 2196 2037
4 2196 3285 4011 2206
4 208 224 3409 221
4 208 3409 224 3951
4 4200 365 3582 3745
4 377 3582 365 3745
4 3974 381 369 382
4 3974 369 381 3498
4 3990 1580 2978 3641
4 3990 2978 1580 1579
4 3759 4021 3249 3185
4 3249 4021 3759 2855
4 4146 2777 3430 3094
4 4146 3430 2777 3305
4 4282 1623 1981 1639
4 4282 1981 1623 4165
4 4091 3521 3871 2519
4 2749 4072 3189 3010
4 3189 4072 2749 3206
4 4135 1463 4152 1461
4 4135 4152 1463 3235
4 1459 1463 4152 3235
4 1420 597 3304 1414
4 1420 3304 597 596
4 1767 3903 1769 3192
4 1780 1769 3903 3192
4 812 4321 1619 3223
4 812 1619 4321 811
4 1618 1619 4321 3223
4 1618 4321 1619 811
4 3949 2737 3847 3296
4 3949 3847 2737 2562
4 1047 4318 1972 4222
4 1047 1972 4318 1046
4 1971 1972 4318 4222
4 1971 4318 1972 1046
4 3749 4127 3704 3363
4 3704 4127 3749 2765
4 3241 1895 3496 1910
4 3241 3496 1895 3531
4 1909 3496 1895 1910
4 1909 1895 3496 3531
4 3832 2285 2292 3364
4 3832 2292 2285 2293
4 416 407 3884 406
4 416 3884 407 417
4 3445 4045 2007 3095
4 2007 4045 3445 2015
4 2920 4102 3814 2500
4 3814 4102 2920 3248
4 1176 4022 1184 1175
4 1176 1184 4022 3450
4 1183 1184 4022 1175
4 1183 4022 1184 3450
4 3956 2154 2181 2153
4 2181 2180 3956 2153
4 3956 2180 2181 3606
4 3694 2570 4170 2772
4 3694 4170 2570 3082
4 3500 4170 2570 2772
4 3500 2570 4170 3082
4 3936 2429 3976 3030
4 3936 3976 2429 1822
4 1643 3680 2924 1644
4 2924 3680 1643 4173
4 2924 1669 1643 1644
4 1643 1669 2924 4173
4 4165 783 1040 816
4 4165 1040 783 3734
4 775 4312 776 796
4 797 776 4312 796
4 797 4312 776 4189
4 3914 4132 2757 3253
4 2757 4132 3914 2922
4 1143 3668 1144 1115
4 1143 1144 3668 3768
4 1117 1144 3668 1115
4 4179 3634 2712 3010
4 4179 2712 3634 3139
4 4050 2761 3320 2884
4 4050 3320 2761 3562
4 4165 3735 3610 3029
4 4165 3610 3735 815
4 3350 1030 1039 1031
4 3350 1039 1030 3406
4 4156 3624 2727 3101
4 4156 2727 3624 3148
4 3670 866 856 857
4 3670 856 866 868
4 682 698 3815 683
4 699 698 3815 3132
4 699 3815 698 683
4 3642 4207 261 267
4 3642 261 4207 4208
4 4258 2700 2666 3972
4 4258 2666 2700 4037
4 3110 458 4215 450
4 3110 4215 458 3598
4 4302 3596 3380 2542
4 3380 3596 4302 3199
4 3380 3800 4302 2542
4 4302 3800 3380 3199
4 3682 3139 621 3215
4 3682 621 3139 3634
4 4055 596 4129 571
4 4055 4129 596 2850
4 1395 1402 3307 1404
4 1395 3307 1402 1393
4 4162 1041 1017 1042
4 1017 1041 4162 3734
4 1017 1018 4162 1042
4 4162 1018 1017 3734
4 3161 3537 131 143
4 131 3537 3161 4084
4 131 93 3161 143
4 3161 93 131 4084
4 3825 4019 2938 3577
4 2938 4019 3825 3805
4 2077 2225 3156 2226
4 2077 3156 2225 2088
4 4206 161 176 169
4 4206 176 161 3158
4 4161 4203 3678 3677
4 3678 4203 4161 2748
4 1176 1185 3450 1177
4 3450 1185 1176 1184
4 1917 1929 3020 1930
4 1917 3020 1929 1916
4 3585 4336 4191 2907
4 4191 4336 3585 2720
4 4152 1462 3589 4135
4 4152 3589 1462 1458
4 4286 1590 3641 1582
4 4286 3641 1590 3293
4 4286 1591 1665 3293
4 4286 1665 1591 1583
4 3859 4126 921 938
4 921 4126 3859 3351
4 353 329 3919 328
4 3919 329 353 354
4 3812 698 3815 682
4 3812 3815 698 3132
4 1847 1861 2907 1859
4 1847 2907 1861 1849
4 1951 4194 3693 1952
4 3693 4194 1951 3794
4 4152 1461 1462 4135
4 4152 1462 1461 1457
4 3933 1345 3721 1348
4 3933 3721 1345 3530
4 4132 2046 2021 3253
4 4132 2021 2046 2047
4 4162 1967 1983 1966
4 1983 1967 4162 3764
4 1983 1982 4162 1966
4 4162 1982 1983 3764
4 882 888 4266 889
4 882 4266 888 887
4 4084 3471 4271 2499
4 4084 4271 3471 2877
4 3777 1126 1105 1104
4 4170 3854 2866 2590
4 4170 2866 3854 2621
4 3149 4065 2491 2961
4 3149 2491 4065 2478
4 2477 2491 4065 2961
4 2477 4065 2491 2478
4 352 363 4200 364
4 4200 363 352 351
4 312 2813 3289 329
4 312 3289 2813 3709
4 3501 1385 3307 3395
4 3501 3307 1385 1393
4 4148 3660 2605 2834
4 4148 2605 3660 2946
4 3773 2712 3011 2829
4 3773 3011 2712 3634
4 3668 1073 3801 1113
4 3668 3801 1073 4030
4 1114 3801 1073 1113
4 1114 1073 3801 4030
4 3021 3528 3850 2704
4 3021 3850 3528 3314
4 2634 3850 3528 2704
4 2634 3528 3850 3314
4 1152 3913 4006 2139
4 4006 3913 1152 3264
4 3965 2989 1934 1944
4 3965 1934 2989 3020
4 4186 3270 4301 3056
4 4186 4301 3270 4049
4 3378 4187 3675 2632
4 3675 4187 3378 4032
4 3623 3622 428 335
4 428 3622 3623 3400
4 428 429 3623 335
4 3623 429 428 3400
4 1417 601 3895 603
4 1417 3895 601 1423
4 866 886 3617 885
4 3617 886 866 867
4 3395 2583 2707 2787
4 3395 2707 2583 2838
4 339 437 3138 430
4 3138 437 339 338
4 4278 2171 3126 4042
4 4278 3126 2171 2142
4 3851 3883 3014 2948
4 3014 3883 3851 2710
4 4091 4274 3521 2957
4 3521 4274 4091 3871
4 3818 3983 3765 2848
4 3765 3983 3818 3208
4 3506 2400 3492 2390
4 3506 3492 2400 3112
4 3828 289 4031 274
4 3828 4031 289 4058
4 970 979 3049 971
4 970 3049 979 978
4 4169 960 3652 961
4 4169 3652 960 3653
4 3869 1188 1101 3120
4 3869 1101 1188 1180
4 578 555 3950 554
4 3950 555 578 579
4 3913 3544 2162 3036
4 3913 2162 3544 2164
4 2415 2424 3387 2422
4 2415 3387 2424 2417
4 4218 139 3073 3276
4 4218 3073 139 153
4 2733 3864 2610 2538
4 2610 3864 2733 2971
4 3954 1009 3733 1008
4 3954 3733 1009 3942
4 3825 2751 3036 2968
4 3825 3036 2751 3053
4 4297 3489 3775 2528
4 4297 3775 3489 2573
4 1635 1642 3680 1634
4 1635 3680 1642 1643
4 476 486 3727 487
4 3727 486 476 477
4 4259 4335 4061 3056
4 4061 4335 4259 3193
4 3404 3839 340 2902
4 340 3839 3404 318
4 3996 368 360 356
4 3996 360 368 3739
4 4225 1330 3150 1331
4 4225 3150 1330 3961
4 2082 2102 3918 2101
4 3918 2102 2082 2083
4 3461 1433 1432 1421
4 3461 1432 1433 3460
4 4188 2886 718 3227
4 4188 718 2886 3403
4 1663 4198 1671 3273
4 1670 1671 4198 3273
4 4057 2647 4294 3086
4 4057 4294 2647 3087
4 3331 4083 2783 2606
4 2783 4083 3331 3027
4 3048 448 3481 456
4 3048 3481 448 447
4 454 3481 448 456
4 454 448 3481 447
4 4308 914 2930 900
4 4308 2930 914 3552
4 2173 3964 2143 3771
4 2173 2143 3964 2174
4 2144 2143 3964 3771
4 2144 3964 2143 2174
4 4140 1586 3548 1585
4 4140 3548 1586 3990
4 3651 2714 3591 2933
4 3651 3591 2714 3286
4 2292 4252 2284 2291
4 2292 2284 4252 3364
4 2283 2284 4252 2291
4 2283 4252 2284 3364
4 2359 3597 4337 2349
4 4337 3597 2359 3367
4 4337 2362 2359 2349
4 2045 4242 2069 3503
4 3770 1799 4096 3702
4 3770 4096 1799 2419
4 4240 2311 2304 2312
4 4240 2304 2311 3746
4 3565 4051 2915 2721
4 2915 4051 3565 3556
4 3141 4321 789 791
4 789 790 3141 791
4 4207 3155 277 267
4 4207 277 3155 3609
4 3802 4044 3851 2600
4 3851 4044 3802 2710
4 2907 1875 3978 1859
4 2907 3978 1875 3541
4 3975 3186 4129 2695
4 4129 3186 3975 2850
4 4129 3385 3975 2695
4 3975 3385 4129 2850
4 1422 1436 3843 1435
4 3843 1436 1422 1423
4 3541 1902 3776 3085
4 3541 3776 1902 1887
4 3267 2679 2526 2676
4 1814 1802 3585 3586
4 1800 3585 1802 3586
4 1117 3668 3769 3468
4 2883 3668 3769 3768
4 2883 3769 3668 3468
4 4277 4218 152 144
4 4277 152 4218 3275
4 132 152 4218 144
4 132 4218 152 3275
4 4111 3143 2931 3708
4 4111 2931 3143 3154
4 4231 4100 1529 1530
4 3837 1880 1891 1892
4 3837 1891 1880 3633
4 4158 4324 2625 2558
4 2625 4324 4158 2513
4 1189 4144 1181 1190
4 1189 1181 4144 3121
4 3289 347 4269 323
4 3289 4269 347 3742
4 4181 4324 2617 2711
4 2617 4324 4181 3573
4 3956 2179 2151 2152
4 3956 2151 2179 3948
4 3681 4193 3833 1157
4 3833 4193 3681 3018
4 3921 2765 2986 2678
4 3921 2986 2765 3749
4 4157 2708 2833 2654
4 4157 2833 2708 3532
4 1377 3637 3395 1386
4 3395 3637 1377 3612
4 1060 3534 4029 1056
4 4029 3534 1060 3505
4 3789 3800 2530 3199
4 2530 3800 3789 3428
4 4054 2149 2154 3071
4 4054 2154 2149 2155
4 3492 2488 4303 2391
4 3492 4303 2488 3528
4 2387 4303 2488 2391
4 2387 2488 4303 3528
4 4234 562 3926 3206
4 563 3926 562 3206
4 2298 3896 2290 2297
4 2289 2290 3896 2297
4 2289 3896 2290 3366
4 2421 1791 4202 2414
4 4202 1791 2421 1804
4 4081 4231 4100 1529
4 4100 4231 4081 3219
4 1642 1668 4173 1667
4 4173 1668 1642 1643
4 4173 3680 1642 1667
4 1642 3680 4173 1643
4 3715 4330 3292 3244
4 3292 4330 3715 3999
4 3296 2770 4102 3248
4 3296 4102 2770 2963
4 3508 3268 507 518
4 3508 507 3268 4151
4 517 507 3268 518
4 517 3268 507 4151
4 4200 4104 3645 363
4 4200 3645 4104 3006
4 2487 3719 2436 2933
4 3651 2436 3719 2933
4 3651 3719 2436 2437
4 1293 1296 3875 1292
4 3875 1296 1293 1297
4 3756 2752 3764 2943
4 4278 2239 1240 2238
4 1240 2239 4278 3852
4 1240 1239 4278 2238
4 4278 1239 1240 3852
4 319 4269 320 321
4 319 320 4269 3404
4 322 320 4269 321
4 322 4269 320 3404
4 4081 2790 3461 3460
4 4081 3461 2790 3219
4 4253 3428 2501 3800
4 4253 2501 3428 2867
4 3877 1820 1835 1836
4 3877 1835 1820 3563
4 1944 1929 3020 1934
4 3020 1929 1944 1941
4 3020 2989 1944 1934
4 1944 2989 3020 1941
4 2162 3913 2159 2161
4 2159 3913 2162 3036
4 3779 4010 3194 3263
4 3194 4010 3779 2750
4 4148 1856 1869 1870
4 4148 1869 1856 3877
4 3895 1417 3439 1423
4 3895 3439 1417 4017
4 3210 2926 3040 2659
4 3210 3040 2926 3065
4 3962 3128 2801 3002
4 3962 2801 3128 3535
4 3329 1862 2907 1850
4 3329 2907 1862 1861
4 1849 2907 1862 1850
4 1849 1862 2907 1861
4 250 2861 3370 249
4 250 3370 2861 3642
4 2220 2218 3945 2221
4 3945 2218 2220 2217
4 4192 211 221 220
4 4192 221 211 2484
4 4144 1213 1223 1214
4 3130 2709 3776 2894
4 3130 3776 2709 2798
4 2268 4278 2269 2266
4 2267 2269 4278 2266
4 2267 4278 2269 3525
4 489 1349 3309 494
4 489 3309 1349 490
4 1130 3013 1129 4004
4 1107 3966 1128 1106
4 1107 1128 3966 4004
4 670 679 4263 671
4 670 4263 679 678
4 2190 2185 3486 2191
4 2190 3486 2185 2184
4 935 919 3859 918
4 3859 919 935 936
4 1329 1320 3778 1328
4 1329 3778 1320 1321
4 4166 3035 3347 3692
4 4166 3347 3035 3341
4 494 1350 3309 1351
4 3309 1350 494 1349
4 4260 2820 3755 3672
4 4260 3755 2820 3231
4 2488 3492 2409 2399
4 2488 2409 3492 3528
4 2398 2488 2409 2399
4 2398 2409 2488 3528
4 2386 2488 2398 2399
4 2386 2398 2488 3528
4 2726 1283 2970 1265
4 2726 2970 1283 3267
4 1282 2970 1283 1265
4 1732 1736 4212 1737
4 1732 4212 1736 1729
4 3531 2996 2605 2708
4 3531 2605 2996 3115
4 4057 300 315 2486
4 4057 315 300 3086
4 3807 2826 2607 3156
4 3807 2607 2826 3039
4 907 921 4126 922
4 907 4126 921 906
4 1741 1405 4067 1404
4 4067 1405 1741 1742
4 1862 1878 3329 1877
4 3329 1878 1862 1863
4 2475 3014 2478 1339
4 2478 3014 2475 4065
4 4156 1302 2959 3835
4 4156 2959 1302 1304
4 3913 1150 2136 2137
4 3913 2136 1150 3804
4 3458 2579 3218 3209
4 3458 3218 2579 2616
4 1263 1259 3881 1262
4 3881 1259 1263 1264
4 2323 2326 3172 2344
4 2323 3172 2326 3374
4 2715 3172 2326 2344
4 2715 2326 3172 3374
4 3577 3375 2671 3485
4 3577 2671 3375 3091
4 3877 3038 3200 3563
4 3877 3200 3038 2892
4 316 314 3796 302
4 316 3796 314 3839
4 3479 3796 314 302
4 3479 314 3796 3839
4 1346 1349 3256 1347
4 3256 1349 1346 1350
4 1313 2490 1309 2453
4 1309 2490 1313 4250
4 3291 4025 2490 2453
4 2490 4025 3291 4250
4 1313 3291 2490 2453
4 2490 3291 1313 4250
4 1299 1302 3835 1298
4 3835 1302 1299 1303
4 3835 3116 1299 1298
4 1299 3116 3835 1303
4 900 898 3333 899
4 900 3333 898 901
4 3881 1251 3601 1262
4 859 851 3326 850
4 3326 851 859 860
4 4211 4324 2558 2711
4 2558 4324 4211 3238
4 3359 3210 2669 3358
4 3359 2669 3210 3040
4 4185 1205 1206 4164
4 4185 1206 1205 1204
4 3927 878 4190 3334
4 3927 4190 878 864
4 880 4190 878 3334
4 880 878 4190 864
4 669 678 4263 670
4 669 4263 678 677
4 4282 3029 4165 3610
4 4282 4165 3029 3311
4 1778 1768 3903 1767
4 1778 3903 1768 1779
4 4190 4266 3670 3178
4 3670 4266 4190 869
4 2214 2020 3503 2176
4 2214 3503 2020 2045
4 1178 1187 3751 1179
4 3751 1187 1178 1186
4 4162 3756 2752 3764
4 4162 2752 3756 3164
4 1247 4332 1250 1245
4 1249 1250 4332 1245
4 1249 4332 1250 3360
4 3097 2676 2523 2564
4 3097 2523 2676 2726
4 560 593 3926 598
4 3926 593 560 563
4 1490 1488 3576 1491
4 3576 1488 1490 1489
4 3370 2571 3383 2637
4 3370 3383 2571 2660
4 1461 1536 4135 1463
4 1461 4135 1536 1560
4 2037 2034 4011 2035
4 4011 2034 2037 2036
4 4164 4309 2985 3312
4 2985 4309 4164 4163
4 2469 4307 2474 2470
4 2474 4307 2469 3863
4 4085 1275 1256 1276
4 1256 1258 4085 1276
4 4085 1258 1256 3472
4 2494 1963 1957 1964
4 2494 1957 1963 2988
4 2851 3656 2494 1964
4 2851 2494 3656 2988
4 3656 1963 2494 1964
4 3656 2494 1963 2988
4 861 846 3580 852
4 3580 846 861 858
4 390 834 3784 378
4 3784 834 390 841
4 3912 1732 1730 1729
4 3912 1730 1732 1731
4 3814 3865 72 2920
4 72 3865 3814 2875
4 72 2576 3814 2920
4 3814 2576 72 2875
4 4212 1723 1720 1724
4 4212 1720 1723 1721
4 1729 1735 4212 1736
4 1729 4212 1735 1728
4 2343 2340 2715 2344
4 2343 2715 2340 3873
4 3172 2715 2340 2344
4 3172 2340 2715 3873
4 1061 1059 3505 1060
4 1061 3505 1059 1062
4 1011 1002 3733 1010
4 3733 1002 1011 1003
4 4081 2694 4100 3219
4 4081 4100 2694 3319
4 4337 2358 2298 3367
4 4318 3480 3004 3756
4 4318 3004 3480 4222
4 2032 2035 2967 2034
4 2032 2967 2035 2033
4 3979 2783 3331 3027
4 3979 3331 2783 3742
4 587 1316 3778 588
4 587 3778 1316 1314
4 1067 1086 4029 1088
4 4029 1086 1067 1066
4 1885 1874 4219 1873
4 1885 4219 1874 1886
4 3978 4219 1874 1873
4 547 521 4232 522
4 4232 521 547 546
4 4232 3950 547 522
4 547 3950 4232 546
4 3804 3825 3913 2136
4 3913 3825 3804 3053
4 2095 2087 3156 2096
4 2095 3156 2087 2086
4 1663 1670 4198 1661
4 4198 1670 1663 1671
4 768 759 4098 767
4 768 4098 759 760
4 1010 1001 3733 1009
4 1010 3733 1001 1002
4 3868 2809 2985 3140
4 3868 2985 2809 3153
4 3614 1708 3012 1682
4 3614 3012 1708 1709
4 1689 3012 1708 1682
4 1689 1708 3012 1709
4 1392 1385 3501 1384
4 1392 3501 1385 1393
4 3997 3395 3721 2787
4 3997 3721 3395 3037
4 2225 2214 3807 2217
4 2225 3807 2214 2224
4 2069 2087 3807 2085
4 2069 3807 2087 2088
4 2215 2176 3964 2177
4 3964 2176 2215 2214
4 1609 1565 4146 1563
4 4146 1565 1609 1610
4 4146 3430 1609 1563
4 1609 3430 4146 1610
4 3523 109 111 126
4 3523 111 109 3522
4 4017 4129 3304 594
4 3304 4129 4017 3385
4 3210 3526 3374 2669
4 299 310 4150 311
4 4150 310 299 298
4 3873 2343 3343 2339
4 3873 3343 2343 2715
4 2342 3343 2343 2339
4 2342 2343 3343 2715
4 1528 1545 4081 1544
4 4081 1545 1528 1529
4 2069 2044 4242 2045
4 2069 4242 2044 2068
4 2071 2089 3914 2090
4 3914 2089 2071 2070
4 4234 563 562 564
4 4234 562 563 3926
4 446 437 4214 436
4 4214 437 446 447
4 472 476 4322 479
4 4322 476 472 471
4 4017 4129 602 3385
4 1400 1526 3078 1527
4 3078 1526 1400 1408
4 969 978 3733 970
4 969 3733 978 977
4 2274 4240 2244 2262
4 2244 4240 2274 4239
4 1367 1371 3843 1372
4 1367 3843 1371 1366
4 4320 3039 3606 3486
4 4320 3606 3039 3540
4 1769 1760 3279 1759
4 3279 1760 1769 1767
4 3751 1220 3360 1187
4 3751 3360 1220 3359
4 1253 3360 1220 1187
4 1253 1220 3360 3359
4 761 770 3251 762
4 3251 770 761 769
4 815 780 3735 782
4 3735 780 815 814
4 417 425 3884 426
4 417 3884 425 416
4 337 435 2987 436
4 337 2987 435 336
4 1563 1608 4135 1609
4 1563 4135 1608 1561
4 1483 1492 3977 1482
4 3977 1492 1483 1493
4 543 542 3737 541
4 3737 542 543 529
4 4240 2244 2236 4239
4 2373 3414 2964 4205
4 2964 3414 2373 4303
4 1295 3074 4272 1292
4 4272 3074 1295 1318
4 4272 1326 1295 1292
4 1295 1326 4272 1318
4 3937 4227 2514 2799
4 2514 4227 3937 3799
4 2514 3631 3937 2799
4 242 253 3973 255
4 242 3973 253 241
4 922 938 4126 939
4 922 4126 938 921
4 3222 2316 2334 2333
4 3222 2334 2316 4085
4 3880 2564 3876 2784
4 3880 3876 2564 3097
4 1373 1378 2931 1379
4 1373 2931 1378 1372
4 943 924 3652 925
4 943 3652 924 942
4 4138 2796 3927 3179
4 4138 3927 2796 3332
4 2144 2127 3771 2128
4 3771 2127 2144 2143
4 2404 2415 4202 2414
4 4202 2415 2404 2405
4 554 522 3950 527
4 3950 522 554 547
4 286 295 3551 296
4 3551 295 286 279
4 3135 3958 212 215
4 212 3958 3135 3099
4 1297 1301 3875 1296
4 1297 3875 1301 1298
4 2481 2466 4074 2464
4 2481 4074 2466 2482
4 4175 3421 3071 4054
4 4175 3071 3421 3160
4 4115 1907 1905 1901
4 4115 1905 1907 1906
4 1753 1737 3574 1736
4 3574 1737 1753 1754
4 1813 1823 3585 1824
4 1813 3585 1823 1812
4 4337 2350 3526 3210
4 2331 3526 2350 3210
4 2385 2369 4176 2370
4 2385 4176 2369 2384
4 463 505 3792 456
4 3792 505 463 514
4 3601 3359 1254 3360
4 3601 1254 3359 3358
4 1116 1115 3801 1114
4 1116 3801 1115 1117
4 230 240 3973 241
4 230 3973 240 229
4 1850 1863 3427 1862
4 3427 1863 1850 1851
4 779 770 3301 778
4 779 3301 770 771
4 1377 1517 3637 1386
4 1377 3637 1517 1507
4 882 881 4190 880
4 882 4190 881 883
4 1496 1366 3843 1474
4 3843 1366 1496 1371
4 1496 3612 3843 1371
4 2386 2370 4304 2371
4 4304 2370 2386 2385
4 1802 1789 3903 1788
4 1802 3903 1789 1800
4 309 325 3136 326
4 3136 325 309 308
4 628 532 3687 545
4 3687 532 628 612
4 3893 3160 2246 3421
4 3893 2246 3160 3827
4 545 528 3687 544
4 545 3687 528 532
4 1875 1860 3978 1859
4 1875 3978 1860 1873
4 3601 2669 3449 3358
4 3601 3449 2669 3267
4 297 280 4149 281
4 4149 280 297 298
4 968 977 3733 969
4 968 3733 977 975
4 973 958 3349 957
4 973 3349 958 974
4 1286 2970 1283 1282
4 1283 2970 1286 3267
4 3746 3127 2268 3616
4 1495 1561 4135 1462
4 1495 4135 1561 1608
4 2043 2068 4242 2067
4 4242 2068 2043 2044
4 1474 1497 3272 1496
4 1474 3272 1497 1475
4 1384 1394 3637 1392
4 3637 1394 1384 1386
4 1341 1301 4156 1304
4 1341 4156 1301 1337
4 1812 1825 3585 1823
4 3585 1825 1812 1814
4 2042 2067 4045 2066
4 2042 4045 2067 2043
4 1056 949 3534 950
4 3534 949 1056 1057
4 668 677 4263 669
4 668 4263 677 676
4 418 426 4143 427
4 418 4143 426 417
4 3884 4143 426 427
4 3884 426 4143 417
4 552 483 3074 576
4 552 3074 483 474
4 354 365 3919 366
4 354 3919 365 353
4 3745 3919 365 366
4 3745 365 3919 353
4 582 591 3834 583
4 3834 591 582 590
4 2111 2105 2964 2112
4 2964 2105 2111 2104
4 3374 3526 3941 3449
4 3374 3941 3526 3597
4 2330 3526 3941 3597
4 1470 1438 3635 1439
4 3635 1438 1470 1469
4 873 858 3617 861
4 873 3617 858 867
4 1167 1168 3261 1169
4 1167 3261 1168 1166
4 743 729 4014 728
4 4014 729 743 739
4 735 732 3806 736
4 735 3806 732 731
4 1435 1344 3843 1422
4 3843 1344 1435 1356
4 1328 1335 3477 1329
4 1328 3477 1335 1334
4 753 752 3939 751
4 3939 752 753 754
4 3939 3107 753 751
4 753 3107 3939 754
4 2396 2406 3314 2405
4 2396 3314 2406 2397
4 1918 1901 4219 1900
4 4219 1901 1918 1916
4 327 351 4200 352
4 4200 351 327 326
4 905 887 2876 885
4 2876 887 905 906
4 2876 3351 905 885
4 905 3351 2876 906
4 612 629 3555 614
4 3555 629 612 628
4 904 918 3859 919
4 3859 918 904 903
4 769 778 3456 770
4 769 3456 778 777
4 2066 2083 4242 2082
4 4242 2083 2066 2067
4 541 540 3737 539
4 3737 540 541 542
4 1900 1919 3085 1918
4 1900 3085 1919 1902
4 1861 1877 3329 1876
4 3329 1877 1861 1862
4 311 327 3625 328
4 3625 327 311 310
4 1178 1166 3791 1177
4 3791 1166 1178 1168
4 364 374 4200 376
4 4200 374 364 363
4 1070 1071 3435 1072
4 1070 3435 1071 1069
4 2397 2384 4176 2385
4 2397 4176 2384 2396
4 2070 1726 3253 2089
4 3253 1726 2070 1719
4 1393 1401 3501 1402
4 1393 3501 1401 1392
4 1305 1312 3835 1308
4 3835 1312 1305 1310
4 1457 1463 4152 1459
4 1457 4152 1463 1461
4 860 870 3326 872
4 3326 870 860 859
4 579 556 3545 555
4 3545 556 579 580
4 1790 1778 3903 1780
4 3903 1778 1790 1788
4 365 376 3582 377
4 1006 982 3349 981
4 3349 982 1006 1007
4 1378 1386 3395 1384
4 3395 1386 1378 1377
4 3638 1499 3272 1477
4 3638 3272 1499 1498
4 1476 3272 1499 1477
4 1476 1499 3272 1498
4 2262 2311 4240 2312
4 2262 4240 2311 2273
4 958 932 3170 941
4 3170 932 958 950
4 1536 693 3753 692
4 1536 3753 693 1537
4 2405 2395 3408 2396
4 3408 2395 2405 2404
4 1462 1494 3589 1495
4 3589 1494 1462 1458
4 3518 2081 3918 2100
4 3518 3918 2081 2082
4 2101 3918 2081 2100
4 2101 2081 3918 2082
4 857 867 3617 866
4 3617 867 857 858
4 3617 3198 857 866
4 1249 1170 4332 1179
4 4332 1170 1249 1245
4 2219 3486 3945 2222
4 3945 3486 2219 2218
4 3945 2221 2219 2222
4 2219 2221 3945 2218
4 1179 1168 3791 1178
4 1179 3791 1168 1170
4 2398 2385 3314 2386
4 2398 3314 2385 2397
4 2027 2048 4132 2050
4 4132 2048 2027 2025
4 3858 2337 3857 3343
4 3858 3857 2337 2354
4 930 932 4298 933
4 4298 932 930 931
4 1310 1306 3906 1311
4 3906 1306 1310 1305
4 1885 1902 4219 1900
4 4219 1902 1885 1887
4 1358 1361 1367 1359
4 1358 1367 1361 1362
4 2931 1367 1361 1359
4 2931 1361 1367 1362
4 956 940 4126 939
4 4126 940 956 957
4 287 4149 264 281
4 264 4149 287 272
4 1371 1507 3612 1377
4 3612 1507 1371 1496
4 1812 1801 3585 1800
4 3585 1801 1812 1813
4 1497 1509 3638 1508
4 3638 1509 1497 1498
4 3638 3272 1497 1508
4 1497 3272 3638 1498
4 2099 2116 3466 2115
4 3466 2116 2099 2100
4 1207 1208 4164 1209
4 4164 1208 1207 1206
4 1208 3282 4164 1209
4 4164 3282 1208 1206
4 1208 4134 3282 1209
4 3282 4134 1208 1206
4 920 936 3859 937
4 3859 936 920 919
4 1508 1496 3612 1497
4 3612 1496 1508 1507
4 1170 1169 4332 1168
4 1170 4332 1169 1171
4 3920 4063 1409 3462
4 1409 4063 3920 1744
4 940 915 4095 923
4 940 4095 915 931
4 972 957 3991 956
4 3991 957 972 973
4 1482 1489 3977 1490
4 3977 1489 1482 1492
4 1875 1888 3776 1887
4 3776 1888 1875 1876
4 3776 3541 1875 1887
4 1875 3541 3776 1876
4 1333 1339 3477 1334
4 1333 3477 1339 1338
4 1761 2395 3346 1770
4 1761 3346 2395 2383
4 2084 2067 4242 2068
4 2084 4242 2067 2083
4 1517 1526 4168 1525
4 1517 4168 1526 1520
4 1903 1887 3776 1888
4 3776 1887 1903 1902
4 2100 2080 3518 2081
4 3518 2080 2100 2099
4 762 771 3301 763
4 762 3301 771 770
4 1873 1887 3541 1885
4 3541 1887 1873 1875
4 1309 1302 4156 1308
4 1309 4156 1302 1304
4 1431 1418 4265 1419
4 4265 1418 1431 1429
4 2186 2191 3486 2185
4 3486 2191 2186 2192
4 1484 1493 3977 1483
4 3977 1493 1484 1494
4 2414 1781 3408 2404
4 3408 1781 2414 1791
4 309 298 3197 297
4 3197 298 309 310
4 552 526 3228 525
4 552 3228 526 553
4 2396 2383 4176 2384
4 4176 2383 2396 2395
4 751 759 3806 753
4 3806 759 751 758
4 296 281 3748 286
4 3748 281 296 297
4 1876 1889 3776 1888
4 3776 1889 1876 1877
4 1780 1767 3903 1769
4 1780 3903 1767 1778
4 1327 1334 3477 1328
4 1327 3477 1334 1333
4 1803 1788 3586 1790
4 1803 3586 1788 1802
4 2051 2071 2922 2072
4 2051 2922 2071 2049
4 1209 1210 4134 1211
4 4134 1210 1209 1208
4 2053 2072 3168 2073
4 3168 2072 2053 2051
4 3544 3285 2200 2208
4 2207 3285 2200 2197
4 2207 2200 3285 2208
4 920 906 3351 905
4 3351 906 920 921
4 1800 1814 3585 1812
4 1800 3585 1814 1802
4 1578 1553 3319 1554
4 3319 1553 1578 1577
4 352 328 3625 327
4 352 3625 328 353
4 768 777 4189 769
4 4189 777 768 776
4 353 364 4200 365
4 4200 364 353 352
4 919 905 3859 904
4 3859 905 919 920
4 3049 955 4126 938
4 3049 4126 955 956
4 939 4126 955 938
4 939 955 4126 956
4 921 937 3859 938
4 3859 937 921 920
4 1770 1759 3346 1761
4 3346 1759 1770 1769
4 954 938 3049 937
4 3049 938 954 955
4 2029 2050 3168 2052
4 2029 3168 2050 2027
4 1298 1304 2959 1301
4 1298 2959 1304 1302
4 2031 2052 3168 2054
4 3168 2052 2031 2029
4 1709 1691 3012 1689
4 3012 1691 1709 1710
4 583 676 3834 668
4 3834 676 583 591
4 956 3049 971 955
4 1005 981 3991 980
4 3991 981 1005 1006
4 1876 1859 2907 1861
4 1876 2907 1859 1875
4 1318 1327 4272 1319
4 1318 4272 1327 1326
4 1245 1171 4332 1170
4 4332 1171 1245 1246
4 377 366 3745 365
4 3745 366 377 378
4 1560 1537 3654 1536
4 3654 1537 1560 1562
4 543 550 4139 544
4 4139 550 543 549
4 2059 2056 4034 2057
4 2059 4034 2056 2058
4 389 378 3745 377
4 389 3745 378 390
4 1552 1577 4081 1576
4 4081 1577 1552 1553
4 1828 1818 3821 1817
4 3821 1818 1828 1832
4 1725 1729 3912 1730
4 1725 3912 1729 1724
4 1725 1719 4228 1718
4 4228 1719 1725 1726
4 1211 1255 4134 1256
4 4134 1255 1211 1210
4 400 841 3784 390
4 3784 841 400 850
4 3784 3134 400 390
4 400 3134 3784 850
4 310 326 3625 327
4 310 3625 326 309
4 1292 1332 3483 1326
4 1292 3483 1332 1296
4 885 904 3351 905
4 885 3351 904 886
4 3744 3115 2682 3269
4 3744 2682 3115 2996
4 1576 1434 3460 1552
4 1576 3460 1434 1466
4 539 538 3915 536
4 3915 538 539 540
4 1296 1337 3483 1332
4 3483 1337 1296 1301
4 1333 1326 4272 1332
4 4272 1326 1333 1327
4 2044 2018 3423 2019
4 2044 3423 2018 2043
4 1939 1936 3229 1940
4 1939 3229 1936 1935
4 2061 2058 4034 2059
4 4034 2058 2061 2060
4 1728 1724 4212 1720
4 4212 1724 1728 1729
4 839 837 3027 838
4 3027 837 839 840
4 1566 1540 4199 1539
4 1566 4199 1540 1568
4 1281 1264 3880 1266
4 1281 3880 1264 1279
4 1411 1407 3993 1412
4 3993 1407 1411 1406
4 557 580 3545 581
4 557 3545 580 556
4 2057 2054 3168 2055
4 3168 2054 2057 2056
4 1538 1562 3654 1564
4 3654 1562 1538 1537
4 2019 2045 3423 2044
4 3423 2045 2019 2020
4 3172 3267 3941 2970
4 3172 3941 3267 3374
4 2325 3172 3941 2970
4 2325 3941 3172 3374
4 2323 3172 2325 2970
4 2323 2325 3172 3374
4 242 228 3324 231
4 242 3324 228 236
4 1539 4199 4146 1538
4 4146 4199 1539 1566
4 4146 1564 1539 1538
4 1539 1564 4146 1566
4 728 745 4014 743
4 728 4014 745 730
4 524 548 549 541
4 549 548 524 523
4 300 306 4057 301
4 300 4057 306 2486
4 3857 3083 2918 3343
4 3857 2918 3083 3222
4 225 236 3911 235
4 225 3911 236 228
4 217 228 3911 225
4 217 3911 228 219
4 318 319 3404 320
4 318 3404 319 316
4 493 483 3790 484
4 493 3790 483 495
4 350 326 3862 325
4 350 3862 326 351
4 396 387 3069 388
4 396 3069 387 397
4 3582 387 3069 397
4 418 409 4143 410
4 418 4143 409 419
4 577 554 3228 553
4 577 3228 554 578
4 321 347 4269 346
4 321 4269 347 323
4 347 827 3742 361
4 347 3742 827 826
4 274 263 4031 257
4 274 4031 263 278
4 1436 4265 1467 1437
4 495 576 3790 483
4 495 3790 576 604
4 3074 3790 576 483
4 3074 576 3790 604
4 3908 473 3074 469
4 468 3074 473 469
4 468 473 3074 474
4 715 723 4313 721
4 715 4313 723 714
4 781 814 3735 813
4 3735 814 781 780
4 712 706 4316 705
4 712 4316 706 713
4 605 584 3228 585
4 605 3228 584 607
4 605 1319 4272 607
4 605 4272 1319 1318
4 4332 3502 1246 1248
4 1257 3502 1246 1255
4 1257 1246 3502 1248
4 3502 1258 3881 1260
4 3502 3881 1258 1257
4 1259 3881 1258 1260
4 1259 1258 3881 1257
4 3196 3881 1247 1252
4 1262 3881 1247 1261
4 1262 1247 3881 1252
4 1258 1277 3876 1276
4 1258 3876 1277 1260
4 1262 1257 3881 1261
4 1262 3881 1257 1259
4 1246 1247 4332 1248
4 1246 4332 1247 1245
4 2236 2242 4239 2244
4 2236 4239 2242 2243
4 2351 2306 4337 2361
4 2351 4337 2306 2315
4 2361 2347 4337 2351
4 4337 2347 2361 2362
4 1921 1905 3579 1906
4 1921 3579 1905 1922
4 409 850 3371 400
4 409 3371 850 859
4 1000 1009 3733 1001
4 1000 3733 1009 1008
4 903 886 3879 892
4 903 3879 886 904
4 891 873 3879 872
4 891 3879 873 893
4 706 884 3663 427
4 706 3663 884 902
4 840 846 3669 845
4 840 3669 846 839
4 2421 2428 4171 2427
4 2421 4171 2428 2423
4 2117 2372 4304 2367
4 2117 4304 2372 2119
4 2198 2196 3285 2199
4 3285 2196 2198 2197
4 3285 3945 2198 2199
4 2198 3945 3285 2197
4 1771 1762 3592 1763
4 1771 3592 1762 1772
4 2220 2060 3285 2061
4 3285 2060 2220 2223
4 2145 2178 3964 2175
4 2145 3964 2178 2151
4 2102 2120 4205 2118
4 2102 4205 2120 2104
4 2084 2105 3167 2103
4 2084 3167 2105 2086
4 4337 2351 3393 2315
4 4337 3393 2351 2350
4 2263 3393 2351 2315
4 2263 2351 3393 2350
4 2263 3393 3210 2350
4 3210 3393 2263 2235
4 3210 2331 2263 2350
4 2263 2331 3210 2235
4 2324 2327 3941 2330
4 2324 3941 2327 2329
4 3449 2327 3941 2329
4 2343 2345 3597 2342
4 2343 3597 2345 2346
4 2345 2324 3597 2330
4 3597 2324 2345 2346
4 2347 2345 3526 2348
4 2347 3526 2345 2349
4 3597 2345 3526 2349
4 2347 2350 4337 2351
4 2332 2350 3526 2352
4 2332 3526 2350 2331
4 586 1314 3778 587
4 586 3778 1314 1315
4 3439 1423 4265 1436
4 3439 4265 1423 1424
4 1437 4265 1423 1436
4 1437 1423 4265 1424
4 589 1323 3152 610
4 589 3152 1323 1317
4 1905 1892 4124 1891
4 1905 4124 1892 1908
4 3837 4124 1892 1891
4 3837 1892 4124 1908
4 1824 1843 3585 1844
4 1824 3585 1843 1823
4 1826 1851 3427 1846
4 1826 3427 1851 1829
4 1735 1751 3730 1752
4 1735 3730 1751 1734
4 3720 1783 3317 1772
4 3720 3317 1783 1784
4 1773 3317 1783 1772
4 1773 1783 3317 1784
4 1792 1783 3266 1782
4 1792 3266 1783 1795
4 1814 1826 3586 1825
4 1814 3586 1826 1815
4 1466 1433 3460 1434
4 1466 3460 1433 1464
4 1471 1439 3635 1440
4 1471 3635 1439 1470
4 1714 1720 3930 1721
4 1714 3930 1720 1713
4 1720 1727 3361 1728
4 1720 3361 1727 1722
4 3730 3361 1727 1728
4 3730 1727 3361 1722
4 1693 1710 3253 1712
4 1693 3253 1710 1691
4 1730 1726 4228 1725
4 1730 4228 1726 1733
4 1728 1734 3730 1735
4 1728 3730 1734 1727
4 4198 3680 1636 1644
4 1643 3680 1636 1635
4 1643 1636 3680 1644
4 1373 1369 3143 1368
4 1373 3143 1369 1374
4 1387 1379 4196 1380
4 1387 4196 1379 1388
4 1416 1429 3439 1430
4 1416 3439 1429 1418
4 4265 3439 1429 1430
4 4265 1429 3439 1418
4 1358 1356 3843 1360
4 1358 3843 1356 1357
4 1346 1358 3721 1359
4 1346 3721 1358 1348
4 471 466 4322 465
4 471 4322 466 472
4 2313 2263 4240 2261
4 2313 4240 2263 2314
4 1805 1792 4147 1793
4 1805 4147 1792 1806
4 2262 2272 4240 2273
4 2262 4240 2272 2274
4 4239 2272 4240 2274
4 387 377 3582 376
4 387 3582 377 389
4 2236 2262 4240 2261
4 2236 4240 2262 2244
4 1063 1088 3259 1075
4 1063 3259 1088 1067
4 2272 2242 4239 2241
4 2272 4239 2242 2274
4 576 553 3228 552
4 576 3228 553 577
4 1783 1785 3720 1784
4 1783 3720 1785 1786
4 2358 2306 4337 2298
4 2358 4337 2306 2361
4 2374 2380 3487 2375
4 2374 3487 2380 2381
4 4280 2380 3487 2381
4 2347 2327 3526 2328
4 2347 3526 2327 2348
4 1362 1352 3143 1353
4 1362 3143 1352 1363
4 1056 1065 4029 1060
4 1056 4029 1065 1058
4 763 1000 3301 999
4 763 3301 1000 771
4 1521 1523 3741 1520
4 1521 3741 1523 1524
4 1413 1420 3461 1414
4 1413 3461 1420 1421
4 1755 2383 3346 1761
4 1755 3346 2383 2368
4 1904 1909 3513 1903
4 1904 3513 1909 1910
4 1782 1772 3266 1771
4 1782 3266 1772 1783
4 884 870 4143 871
4 884 4143 870 890
4 385 374 3645 375
4 385 3645 374 386
4 479 483 3908 482
4 479 3908 483 484
4 1432 1464 3460 1465
4 1432 3460 1464 1433
4 1773 1775 3317 1774
4 1773 3317 1775 1776
4 294 279 3575 278
4 294 3575 279 295
4 1753 1761 3346 1759
4 1753 3346 1761 1755
4 3837 1892 4131 1893
4 3837 4131 1892 1898
4 1897 4131 1892 1893
4 1897 1892 4131 1898
4 1766 2392 3487 2388
4 1766 3487 2392 1777
4 1511 1514 3420 1516
4 1511 3420 1514 1515
4 281 285 3748 286
4 281 3748 285 287
4 1345 1356 3530 1357
4 1345 3530 1356 1344
4 3843 3530 1356 1357
4 3843 1356 3530 1344
4 1766 1773 3317 1774
4 3317 1773 1766 3316
4 1129 1138 3013 1130
4 1129 3013 1138 4006
4 1139 3013 1138 1130
4 1139 1138 3013 4006
4 2289 2296 3366 2288
4 2289 3366 2296 3896
4 3365 3366 2296 2288
4 3365 2296 3366 3896
4 565 595 4017 602
4 4017 595 565 568
4 4017 4129 565 602
4 565 4129 4017 568
4 2380 2382 3487 2375
4 2380 3487 2382 4280
4 3015 3487 3506 2375
4 3015 3506 3487 4280
4 3487 2382 3506 2375
4 3487 3506 2382 4280
4 605 3228 3074 576
4 605 3074 3228 4272
4 3334 2643 2702 2972
4 3334 2702 2643 3179
4 740 755 3107 733
4 3107 755 740 754
4 3582 400 398 3371
4 2522 3267 2526 2669
4 2522 2526 3267 2679
4 2598 3374 2522 2669
4 2598 2522 3374 2679
4 3374 3267 2522 2669
4 3374 2522 3267 2679
4 971 3991 956 972
4 956 3991 971 3049
4 833 3027 3901 837
4 833 3901 3027 3979
4 1936 1935 2894 1932
4 1936 2894 1935 3229
4 2709 2894 3965 1932
4 2709 3965 2894 3229
4 2894 1935 3965 1932
4 2894 3965 1935 3229
4 1191 1192 3121 1183
4 3121 1192 1191 4144
4 3121 1182 1191 1183
4 748 3426 627 784
4 748 627 3426 3509
4 3844 627 3426 784
4 3844 3426 627 3509
4 3083 2320 3343 2335
4 3083 3343 2320 3873
4 2338 3343 2320 2335
4 4200 376 365 364
4 4200 365 376 3582
4 4072 612 533 3189
4 4072 533 612 613
4 4072 656 655 654
4 4072 655 656 3634
4 4098 4182 3772 3867
4 3772 4182 4098 3298
4 4321 788 3141 789
4 4321 3141 788 3939
4 790 3141 788 789
4 790 788 3141 3939
4 3777 3966 1126 3401
4 3777 1126 3966 1105
4 1127 1126 3966 3401
4 1127 3966 1126 1105
4 1377 3395 1372 1378
4 1372 3395 1377 3612
4 3699 1222 4144 1213
4 3699 4144 1222 3852
4 1223 4144 1222 1213
4 1223 1222 4144 3852
4 3145 1745 2794 1746
4 3145 2794 1745 3920
4 3892 2682 2882 3269
4 3892 2882 2682 2980
4 227 3245 235 225
4 227 235 3245 3813
4 3911 235 3245 225
4 3911 3245 235 3813
4 4207 3155 4208 3609
4 4207 4208 3155 3642
4 3081 4208 3155 3609
4 3081 3155 4208 3642
4 2723 3896 3367 2878
4 3367 3896 2723 3366
4 2217 2226 3156 2225
4 3156 2226 2217 3945
4 3156 3807 2217 2225
4 2217 3807 3156 3945
4 3210 2235 1290 3065
4 3210 1290 2235 2331
4 1330 1321 3778 1329
4 3778 1321 1330 1322
4 3778 3152 1330 1329
4 1330 3152 3778 1322
4 2339 3343 2320 2338
4 2339 2320 3343 3873
4 398 390 3582 389
4 398 3582 390 400
4 3196 1248 3502 4332
4 3502 1248 3196 3881
4 1248 1247 3881 1261
4 3881 1247 1248 3196
4 3055 493 3306 3790
4 3306 493 3055 494
4 3817 1478 1482 1503
4 3817 1482 1478 1479
4 3976 1871 4157 1872
4 3976 4157 1871 3532
4 3510 215 214 213
4 214 215 3510 216
4 845 3901 3665 840
4 845 3665 3901 4138
4 3227 715 716 709
4 716 715 3227 718
4 1260 1278 3881 3880
4 3881 1278 1260 1259
4 1279 1264 3881 3880
4 3881 1264 1279 1259
4 1278 1279 3881 3880
4 3881 1279 1278 1259
4 1265 3881 2970 2726
4 1265 2970 3881 1266
4 3880 2970 3881 2726
4 3880 3881 2970 1266
4 2139 4006 3294 3913
4 3294 4006 2139 2140
4 3294 2165 2139 3913
4 2139 2165 3294 2140
4 1409 3145 2900 1397
4 2900 3145 1409 3462
4 2900 4063 1409 1397
4 1409 4063 2900 3462
4 2226 3945 2077 2220
4 2226 2077 3945 3156
4 4034 2077 3945 2220
4 4034 3945 2077 3156
4 3792 4333 2724 2856
4 2724 4333 3792 3228
4 2724 4272 3792 2856
4 3792 4272 2724 3228
4 220 4248 2934 222
4 220 2934 4248 3114
4 1645 1648 3649 3824
4 3649 1648 1645 1646
4 3649 1574 1645 3824
4 1645 1574 3649 1646
4 358 3404 4101 343
4 4101 3404 358 3105
4 470 4151 573 534
4 3894 470 4151 573
4 3894 4151 470 2973
4 253 268 3970 4233
4 3970 268 253 254
4 3970 252 253 4233
4 253 252 3970 254
4 3965 1959 2988 1958
4 3965 2988 1959 3700
4 2494 2988 1959 1958
4 2494 1959 2988 3700
4 737 735 734 3251
4 737 734 735 731
4 4053 734 735 3251
4 4053 735 734 731
4 928 3454 3963 912
4 928 3963 3454 3910
4 1655 1657 3176 3679
4 3176 1657 1655 1658
4 1657 3713 3176 3679
4 3176 3713 1657 1658
4 1657 1660 3713 3679
4 3713 1660 1657 1658
4 695 696 3089 680
4 3089 696 695 3986
4 681 3812 3089 680
4 3089 3812 681 3986
4 696 681 3089 680
4 3089 681 696 3986
4 2181 3956 4054 2154
4 4054 3956 2181 3606
4 4312 776 3079 775
4 4312 3079 776 4189
4 1144 3668 3769 1117
4 1144 3769 3668 3768
4 434 3195 3499 441
4 434 3499 3195 3696
4 3254 3499 3195 441
4 3254 3195 3499 3696
4 301 289 3479 300
4 301 3479 289 4058
4 3086 301 3479 300
4 3086 3479 301 4058
4 4057 301 3086 300
4 4057 3086 301 4058
4 1924 3496 2894 1923
4 2894 3496 1924 3513
4 2894 1920 1924 1923
4 1924 1920 2894 3513
4 1134 1125 3401 3804
4 3401 1125 1134 1126
4 3401 1135 1134 3804
4 1134 1135 3401 1126
4 2359 4337 2358 2362
4 2358 4337 2359 3367
4 1190 1191 3121 1182
4 3121 1191 1190 4144
4 3121 1181 1190 1182
4 1190 1181 3121 4144
4 3367 3896 3858 2298
4 3367 3858 3896 3366
4 2290 3858 3896 2298
4 2290 3896 3858 3366
4 3719 2436 1300 2487
4 3719 1300 2436 2437
4 3127 4278 3746 2268
4 3127 3746 4278 3525
4 2269 3746 4278 2268
4 2269 4278 3746 3525
4 3601 3881 3196 1251
4 3196 3881 3601 2726
4 3196 3360 3601 1251
4 3601 3360 3196 2726
4 3374 3526 2598 3597
4 3374 2598 3526 3210
4 4337 2598 3526 3597
4 4337 3526 2598 3210
4 4332 1250 3196 1247
4 4332 3196 1250 3360
4 1251 3196 1250 1247
4 1251 1250 3196 3360
4 4085 1234 1211 1275
4 1211 1234 4085 3472
4 1211 1256 4085 1275
4 4085 1256 1211 3472
4 4219 1874 3786 3978
4 4219 3786 1874 1886
4 3937 2514 3478 3631
4 3478 2514 3937 3799
4 3478 2574 3937 3631
4 3937 2574 3478 3799
4 2350 3526 2347 4337
4 2350 2347 3526 2352
4 3843 1496 3272 3612
4 3272 1496 3843 1474
4 3526 3941 2327 2330
4 3526 2327 3941 3449
4 857 3617 3580 3198
4 3580 3617 857 858
4 3285 2200 3945 3544
4 3285 3945 2200 2197
4 524 3258 549 523
4 3861 3258 549 543
4 3861 549 3258 523
4 541 3258 549 524
4 541 549 3258 543
4 387 3069 3645 3582
4 387 3645 3069 388
4 1467 1436 3272 4265
4 3272 1436 1467 1468
4 473 3074 482 3908
4 473 482 3074 474
4 483 482 3074 3908
4 483 3074 482 474
4 3502 1246 4134 4332
4 3502 4134 1246 1255
4 1171 4134 1246 4332
4 1171 1246 4134 1255
4 2345 3526 2330 3597
4 2345 2330 3526 2348
4 3461 1413 1427 1428
4 1415 3461 1413 1427
4 1415 1413 3461 4243
4 3680 1636 1619 4198
4 3680 1619 1636 1635
4 2272 4240 3746 4239
4 2272 3746 4240 2273

CELL_TYPES 24104
5
5
5
5
5
5
5
5
5
5
5
5
5
5
5
5
5
5
5
5
5
5
5
5
5
5
5
5
5
5
5
5
5
5
5
5
5
5
5
5
5
5
5
5
5
5
5
5
5
5
5
5
5
5
5
5
5
5
5
5
5
5
5
5
5
5
5
5
5
5
5
5
5
5
5
5
5
5
5
5
5
5
5
5
5
5
5
5
5
5
5
5
5
5
5
5
5
5
5
5
5
5
5
5
5
5
5
5
5
5
5
5
5
5
5
5
5
5
5
5
5
5
5
5
5
5
5
5
5
5
5
5
5
5
5
5
5
5
5
5
5
5
5
5
5
5
5
5
5
5
5
5
5
5
5
5
5
5
5
5
5
5
5
5
5
5
5
5
5
5
5
5
5
5
5
5
5
5
5
5
5
5
5
5
5
5
5
5
5
5
5
5
5
5
5
5
5
5
5
5
5
5
5
5
5
5
5
5
5
5
5
5
5
5
5
5
5
5
5
5
5
5
5
5
5
5
5
5
5
5
5
5
5
5
5
5
5
5
5
5
5
5
5
5
5
5
5
5
5
5
5
5
5
5
5
5
5
5
5
5
5
5
5
5
5
5
5
5
5
5
5
5
5
5
5
5
5
5
5
5
5
5
5
5
5
5
5
5
5
5
5
5
5
5
5
5
5
5
5
5
5
5
5
5
5
5
5
5
5
5
5
5
5
5
5
5
5
5
5
5
5
5
5
5
5
5
5
5
5
5
5
5
5
5
5
5
5
5
5
5
5
5
5
5
5
5
5
5
5
5
5
5
5
5
5
5
5
5
5
5
5
5
5
5
5
5
5
5
5
5
5
5
5
5
5
5
5
5
5
5
5
5
5
5
5
5
5
5
5
5
5
5
5
5
5
5
5
5
5
5
5
5
5
5
5
5
5
5
5
5
5
5
5
5
5
5
5
5
5
5
5
5
5
5
5
5
5
5
5
5
5
5
5
5
5
5
5
5
5
5
5
5
5
5
5
5
5
5
5
5
5
5
5
5
5
5
5
5
5
5
5
5
5
5
5
5
5
5
5
5
5
5
5
5
5
5
5
5
5
5
5
5
5
5
5
5
5
5
5
5
5
5
5
5
5
5
5
5
5
5
5
5
5
5
5
5
5
5
5
5
5
5
5
5
5
5
5
5
5
5
5
5
5
5
5
5
5
5
5
5
5
5
5
5
5
5
5
5
5
5
5
5
5
5
5
5
5
5
5
5
5
5
5
5
5
5
5
5
5
5
5
5
5
5
5
5
5
5
5
5
5
5
5
5
5
5
5
5
5
5
5
5
5
5
5
5
5
5
5
5
5
5
5
5
5
5
5
5
5
5
5
5
5
5
5
5
5
5
5
5
5
5
5
5
5
5
5
5
5
5
5
5
5
5
5
5
5
5
5
5
5
5
5
5
5
5
5
5
5
5
5
5
5
5
5
5
5
5
5
5
5
5
5
5
5
5
5
5
5
5
5
5
5
5
5
5
5
5
5
5
5
5
5
5
5
5
5
5
5
5
5
5
5
5
5
5
5
5
5
5
5
5
5
5
5
5
5
5
5
5
5
5
5
5
5
5
5
5
5
5
5
5
5
5
5
5
5
5
5
5
5
5
5
5
5
5
5
5
5
5
5
5
5
5
5
5
5
5
5
5
5
5
5
5
5
5
5
5
5
5
5
5
5
5
5
5
5
5
5
5
5
5
5
5
5
5
5
5
5
5
5
5
5
5
5
5
5
5
5
5
5
5
5
5
5
5
5
5
5
5
5
5
5
5
5
5
5
5
5
5
5
5
5
5
5
5
5
5
5
5
5
5
5
5
5
5
5
5
5
5
5
5
5
5
5
5
5
5
5
5
5
5
5
5
5
5
5
5
5
5
5
5
5
5
5
5
5
5
5
5
5
5
5
5
5
5
5
5
5
5
5
5
5
5
5
5
5
5
5
5
5
5
5
5
5
5
5
5
5
5
5
5
5
5
5
5
5
5
5
5
5
5
5
5
5
5
5
5
5
5
5
5
5
5
5
5
5
5
5
5
5
5
5
5
5
5
5
5
5
5
5
5
5
5
5
5
5
5
5
5
5
5
5
5
5
5
5
5
5
5
5
5
5
5
5
5
5
5
5
5
5
5
5
5
5
5
5
5
5
5
5
5
5
5
5
5
5
5
5
5
5
5
5
5
5
5
5
5
5
5
5
5
5
5
5
5
5
5
5
5
5
5
5
5
5
5
5
5
5
5
5
5
5
5
5
5
5
5
5
5
5
5
5
5
5
5
5
5
5
5
5
5
5
5
5
5
5
5
5
5
5
5
5
5
5
5
5
5
5
5
5
5
5
5
5
5
5
5
5
5
5
5
5
5
5
5
5
5
5
5
5
5
5
5
5
5
5
5
5
5
5
5
5
5
5
5
5
5
5
5
5
5
5
5
5
5
5
5
5
5
5
5
5
5
5
5
5
5
5
5
5
5
5
5
5
5
5
5
5
5
5
5
5
5
5
5
5
5
5
5
5
5
5
5
5
5
5
5
5
5
5
5
5
5
5
5
5
5
5
5
5
5
5
5
5
5
5
5
5
5
5
5
5
5
5
5
5
5
5
5
5
5
5
5
5
5
5
5
5
5
5
5
5
5
5
5
5
5
5
5
5
5
5
5
5
5
5
5
5
5
5
5
5
5
5
5
5
5
5
5
5
5
5
5
5
5
5
5
5
5
5
5
5
5
5
5
5
5
5
5
5
5
5
5
5
5
5
5
5
5
5
5
5
5
5
5
5
5
5
5
5
5
5
5
5
5
5
5
5
5
5
5
5
5
5
5
5
5
5
5
5
5
5
5
5
5
5
5
5
5
5
5
5
5
5
5
5
5
5
5
5
5
5
5
5
5
5
5
5
5
5
5
5
5
5
5
5
5
5
5
5
5
5
5
5
5
5
5
5
5
5
5
5
5
5
5
5
5
5
5
5
5
5
5
5
5
5
5
5
5
5
5
5
5
5
5
5
5
5
5
5
5
5
5
5
5
5
5
5
5
5
5
5
5
5
5
5
5
5
5
5
5
5
5
5
5
5
5
5
5
5
5
5
5
5
5
5
5
5
5
5
5
5
5
5
5
5
5
5
5
5
5
5
5
5
5
5
5
5
5
5
5
5
5
5
5
5
5
5
5
5
5
5
5
5
5
5
5
5
5
5
5
5
5
5
5
5
5
5
5
5
5
5
5
5
5
5
5
5
5
5
5
5
5
5
5
5
5
5
5
5
5
5
5
5
5
5
5
5
5
5
5
5
5
5
5
5
5
5
5
5
5
5
5
5
5
5
5
5
5
5
5
5
5
5
5
5
5
5
5
5
5
5
5
5
5
5
5
5
5
5
5
5
5
5
5
5
5
5
5
5
5
5
5
5
5
5
5
5
5
5
5
5
5
5
5
5
5
5
5
5
5
5
5
5
5
5
5
5
5
5
5
5
5
5
5
5
5
5
5
5
5
5
5
5
5
5
5
5
5
5
5
5
5
5
5
5
5
5
5
5
5
5
5
5
5
5
5
5
5
5
5
5
5
5
5
5
5
5
5
5
5
5
5
5
5
5
5
5
5
5
5
5
5
5
5
5
5
5
5
5
5
5
5
5
5
5
5
5
5
5
5
5
5
5
5
5
5
5
5
5
5
5
5
5
5
5
5
5
5
5
5
5
5
5
5
5
5
5
5
5
5
5
5
5
5
5
5
5
5
5
5
5
5
5
5
5
5
5
5
5
5
5
5
5
5
5
5
5
5
5
5
5
5
5
5
5
5
5
5
5
5
5
5
5
5
5
5
5
5
5
5
5
5
5
5
5
5
5
5
5
5
5
5
5
5
5
5
5
5
5
5
5
5
5
5
5
5
5
5
5
5
5
5
5
5
5
5
5
5
5
5
5
5
5
5
5
5
5
5
5
5
5
5
5
5
5
5
5
5
5
5
5
5
5
5
5
5
5
5
5
5
5
5
5
5
5
5
5
5
5
5
5
5
5
5
5
5
5
5
5
5
5
5
5
5
5
5
5
5
5
5
5
5
5
5
5
5
5
5
5
5
5
5
5
5
5
5
5
5
5
5
5
5
5
5
5
5
5
5
5
5
5
5
5
5
5
5
5
5
5
5
5
5
5
5
5
5
5
5
5
5
5
5
5
5
5
5
5
5
5
5
5
5
5
5
5
5
5
5
5
5
5
5
5
5
5
5
5
5
5
5
5
5
5
5
5
5
5
5
5
5
5
5
5
5
5
5
5
5
5
5
5
5
5
5
5
5
5
5
5
5
5
5
5
5
5
5
5
5
5
5
5
5
5
5
5
5
5
5
5
5
5
5
5
5
5
5
5
5
5
5
5
5
5
5
5
5
5
5
5
5
5
5
5
5
5
5
5
5
5
5
5
5
5
5
5
5
5
5
5
5
5
5
5
5
5
5
5
5
5
5
5
5
5
5
5
5
5
5
5
5
5
5
5
5
5
5
5
5
5
5
5
5
5
5
5
5
5
5
5
5
5
5
5
5
5
5
5
5
5
5
5
5
5
5
5
5
5
5
5
5
5
5
5
5
5
5
5
5
5
5
5
5
5
5
5
5
5
5
5
5
5
5
5
5
5
5
5
5
5
5
5
5
5
5
5
5
5
5
5
5
5
5
5
5
5
5
5
5
5
5
5
5
5
5
5
5
5
5
5
5
5
5
5
5
5
5
5
5
5
5
5
5
5
5
5
5
5
5
5
5
5
5
5
5
5
5
5
5
5
5
5
5
5
5
5
5
5
5
5
5
5
5
5
5
5
5
5
5
5
5
5
5
5
5
5
5
5
5
5
5
5
5
5
5
5
5
5
5
5
5
5
5
5
5
5
5
5
5
5
5
5
5
5
5
5
5
5
5
5
5
5
5
5
5
5
5
5
5
5
5
5
5
5
5
5
5
5
5
5
5
5
5
5
5
5
5
5
5
5
5
5
5
5
5
5
5
5
5
5
5
5
5
5
5
5
5
5
5
5
5
5
5
5
5
5
5
5
5
5
5
5
5
5
5
5
5
5
5
5
5
5
5
5
5
5
5
5
5
5
5
5
5
5
5
5
5
5
5
5
5
5
5
5
5
5
5
5
5
5
5
5
5
5
5
5
5
5
5
5
5
5
5
5
5
5
5
5
5
5
5
5
5
5
5
5
5
5
5
5
5
5
5
5
5
5
5
5
5
5
5
5
5
5
5
5
5
5
5
5
5
5
5
5
5
5
5
5
5
5
5
5
5
5
5
5
5
5
5
5
5
5
5
5
5
5
5
5
5
5
5
5
5
5
5
5
5
5
5
5
5
5
5
5
5
5
5
5
5
5
5
5
5
5
5
5
5
5
5
5
5
5
5
5
5
5
5
5
5
5
5
5
5
5
5
5
5
5
5
5
5
5
5
5
5
5
5
5
5
5
5
5
5
5
5
5
5
5
5
5
5
5
5
5
5
5
5
5
5
5
5
5
5
5
5
5
5
5
5
5
5
5
5
5
5
5
5
5
5
5
5
5
5
5
5
5
5
5
5
5
5
5
5
5
5
5
5
5
5
5
5
5
5
5
5
5
5
5
5
5
5
5
5
5
5
5
5
5
5
5
5
5
5
5
5
5
5
5
5
5
5
5
5
5
5
5
5
5
5
5
5
5
5
5
5
5
5
5
5
5
5
5
5
5
5
5
5
5
5
5
5
5
5
5
5
5
5
5
5
5
5
5
5
5
5
5
5
5
5
5
5
5
5
5
5
5
5
5
5
5
5
5
5
5
5
5
5
5
5
5
5
5
5
5
5
5
5
5
5
5
5
5
5
5
5
5
5
5
5
5
5
5
5
5
5
5
5
5
5
5
5
5
5
5
5
5
5
5
5
5
5
5
5
5
5
5
5
5
5
5
5
5
5
5
5
5
5
5
5
5
5
5
5
5
5
5
5
5
5
5
5
5
5
5
5
5
5
5
5
5
5
5
5
5
5
5
5
5
5
5
5
5
5
5
5
5
5
5
5
5
5
5
5
5
5
5
5
5
5
5
5
5
5
5
5
5
5
5
5
5
5
5
5
5
5
5
5
5
5
5
5
5
5
5
5
5
5
5
5
5
5
5
5
5
5
5
5
5
5
5
5
5
5
5
5
5
5
5
5
5
5
5
5
5
5
5
5
5
5
5
5
5
5
5
5
5
5
5
5
5
5
5
5
5
5
5
5
5
5
5
5
5
5
5
5
5
5
5
5
5
5
5
5
5
5
5
5
5
5
5
5
5
5
5
5
5
5
5
5
5
5
5
5
5
5
5
5
5
5
5
5
5
5
5
5
5
5
5
5
5
5
5
5
5
5
5
5
5
5
5
5
5
5
5
5
5
5
5
5
5
5
5
5
5
5
5
5
5
5
5
5
5
5
5
5
5
5
5
5
5
5
5
5
5
5
5
5
5
5
5
5
5
5
5
5
5
5
5
5
5
5
5
5
5
5
5
5
5
5
5
5
5
5
5
5
5
5
5
5
5
5
5
5
5
5
5
5
5
5
5
5
5
5
5
5
5
5
5
5
5
5
5
5
5
5
5
5
5
5
5
5
5
5
5
5
5
5
5
5
5
5
5
5
5
5
5
5
5
5
5
5
5
5
5
5
5
5
5
5
5
5
5
5
5
5
5
5
5
5
5
5
5
5
5
5
5
5
5
5
5
5
5
5
5
5
5
5
5
5
5
5
5
5
5
5
5
5
5
5
5
5
5
5
5
5
5
5
5
5
5
5
5
5
5
5
5
5
5
5
5
5
5
5
5
5
5
5
5
5
5
5
5
5
5
5
5
5
5
5
5
5
5
5
5
5
5
5
5
5
5
5
5
5
5
5
5
5
5
5
5
5
5
5
5
5
5
5
5
5
5
5
5
5
5
5
5
5
5
5
5
5
5
5
5
5
5
5
5
5
5
5
5
5
5
5
5
5
5
5
5
5
5
5
5
5
5
5
5
5
5
5
5
5
5
5
5
5
5
5
5
5
5
5
5
5
5
5
5
5
5
5
5
5
5
5
5
5
5
5
5
5
5
5
5
5
5
5
5
5
5
5
5
5
5
5
5
5
5
5
5
5
5
5
5
5
5
5
5
5
5
5
5
5
5
5
5
5
5
5
5
5
5
5
5
5
5
5
5
5
5
5
5
5
5
5
5
5
5
5
5
5
5
5
5
5
5
5
5
5
5
5
5
5
5
5
5
5
5
5
5
5
5
5
5
5
5
5
5
5
5
5
5
5
5
5
5
5
5
5
5
5
5
5
5
5
5
5
5
5
5
5
5
5
5
5
5
5
5
5
5
5
5
5
5
5
5
5
5
5
5
5
5
5
5
5
5
5
5
5
5
5
5
5
5
5
5
5
5
5
5
5
5
5
5
5
5
5
5
5
5
5
5
5
5
5
5
5
5
5
5
5
5
5
5
5
5
5
5
5
5
5
5
5
5
5
5
5
5
5
5
5
5
5
5
5
5
5
5
5
5
5
5
5
5
5
5
5
5
5
5
5
5
5
5
5
5
5
5
5
5
5
5
5
5
5
5
5
5
5
5
5
5
5
5
5
5
5
5
5
5
5
5
5
5
5
5
5
5
5
5
5
5
5
5
5
5
5
5
5
5
5
5
5
5
5
5
5
5
5
5
5
5
5
5
5
5
5
5
5
5
5
5
5
5
5
5
5
5
5
5
5
5
5
5
5
5
5
5
5
5
5
5
5
5
5
5
5
5
5
5
5
5
5
5
5
5
5
5
5
5
5
5
5
5
5
5
5
5
5
5
5
5
5
5
5
5
5
5
5
5
5
5
5
5
5
5
5
5
5
5
5
5
5
5
5
5
5
5
5
5
5
5
5
5
5
5
5
5
5
5
5
5
5
5
5
5
5
5
5
5
5
5
5
5
5
5
5
5
5
5
5
5
5
5
5
5
5
5
5
5
5
5
5
5
5
5
5
5
5
5
5
5
5
5
5
5
5
5
5
5
5
5
5
5
5
5
5
5
5
5
5
5
5
5
5
5
5
5
5
5
5
5
5
5
5
5
5
5
5
5
5
5
5
5
5
5
5
5
5
5
5
5
5
5
5
5
5
5
5
5
5
5
5
5
5
5
5
5
5
5
5
5
5
5
5
5
5
5
5
5
5
5
5
5
5
5
5
5
5
5
5
5
5
5
5
5
5
5
5
5
5
5
5
5
5
5
5
5
5
5
5
5
5
5
5
5
5
5
5
5
5
5
5
5
5
5
5
5
5
5
5
5
5
5
5
5
5
5
5
5
5
5
5
5
5
5
5
5
5
5
5
5
5
5
5
5
5
5
5
5
5
5
5
5
5
5
5
5
5
5
5
5
5
5
5
5
5
5
5
5
5
5
5
5
5
5
5
5
5
5
5
5
5
5
5
5
5
5
5
5
5
5
5
5
5
5
5
5
5
5
5
5
5
5
5
5
5
5
5
5
5
5
5
5
5
5
5
5
5
5
5
5
5
5
5
5
5
5
5
5
5
5
5
5
5
5
5
5
5
5
5
5
5
5
5
5
5
5
5
5
5
5
5
5
5
5
5
5
5
5
5
5
5
5
5
5
5
5
5
5
5
5
5
5
5
5
5
5
5
5
5
5
5
5
5
5
5
5
5
5
5
5
5
5
5
5
5
5
5
5
5
5
5
5
5
5
5
5
5
5
5
5
5
5
5
5
5
5
5
5
5
5
5
5
5
5
5
5
5
5
5
5
5
5
5
5
5
5
5
5
5
5
5
5
5
5
5
5
5
5
5
5
5
5
5
5
5
5
5
5
5
5
5
5
5
5
5
5
5
5
5
5
5
5
5
5
5
5
5
5
5
5
5
5
5
5
5
5
5
5
5
5
5
5
5
5
5
5
5
5
5
5
5
5
5
5
5
5
5
5
5
5
5
5
5
5
5
5
5
5
5
5
5
5
5
5
5
5
5
5
5
5
5
5
5
5
5
5
5
5
5
5
5
5
5
5
5
5
5
5
5
5
5
5
5
5
5
5
5
5
5
5
5
5
5
5
5
5
5
5
5
5
5
5
5
5
5
5
5
5
5
5
5
5
5
5
5
5
5
5
5
5
5
5
5
5
5
5
5
5
5
5
5
5
5
5
5
5
5
5
5
5
5
5
5
5
5
5
5
5
5
5
5
5
5
5
5
5
5
5
5
5
5
5
5
5
5
5
5
5
5
5
5
5
5
5
5
5
5
5
5
5
5
5
5
5
5
5
5
5
5
5
5
5
5
5
5
5
5
5
5
5
5
5
5
5
5
5
5
5
5
5
5
5
5
5
5
5
5
5
5
5
5
5
5
5
5
5
5
5
5
5
5
5
5
5
5
5
5
5
5
5
5
5
5
5
5
5
5
5
5
5
5
5
5
5
5
5
5
5
5
5
5
5
5
5
5
5
5
5
5
5
5
5
5
5
5
5
5
5
5
5
5
5
5
5
5
5
5
5
5
5
5
5
5
5
5
5
5
5
5
5
5
5
5
5
5
5
5
5
5
5
5
5
5
5
5
5
5
5
5
5
5
5
5
5
5
5
5
5
5
5
5
5
5
5
5
5
5
5
5
5
5
5
5
5
5
5
5
5
5
5
5
5
5
5
5
5
5
5
5
5
5
5
5
5
5
5
5
5
5
5
5
5
5
5
5
5
5
5
5
5
5
5
5
5
5
5
5
5
5
5
5
5
5
5
5
5
5
5
5
5
5
5
5
5
5
5
5
5
5
5
5
5
5
5
5
5
5
5
5
5
5
5
5
5
5
5
5
5
5
5
5
5
5
5
5
5
5
5
5
5
5
5
5
5
5
5
5
5
5
5
5
5
5
5
5
5
5
5
5
5
5
5
5
5
5
5
5
5
5
5
5
5
5
5
5
5
5
5
5
5
5
5
5
5
5
5
5
5
5
5
5
5
5
5
5
5
5
5
5
5
5
5
5
5
5
5
5
5
5
5
5
5
5
5
5
5
5
5
5
5
5
5
5
5
5
5
5
5
5
5
5
5
5
5
5
5
5
5
5
5
5
5
5
5
5
5
5
5
5
5
5
5
5
5
5
5
5
5
5
5
5
5
5
5
5
5
5
5
5
5
5
5
5
5
5
5
5
5
5
5
5
5
5
5
5
5
5
5
5
5
5
5
5
5
5
5
5
5
5
5
5
5
5
5
5
5
5
5
5
5
5
5
5
5
5
5
5
5
5
5
5
5
5
5
5
5
5
5
5
5
5
5
5
5
5
5
5
5
5
5
5
5
5
5
5
5
5
5
5
5
5
5
5
5
5
5
5
5
5
5
5
5
5
5
5
5
5
5
5
5
5
5
5
5
5
5
5
5
5
5
5
5
5
5
5
5
5
5
5
5
5
5
5
5
5
5
5
5
5
5
5
5
5
5
5
5
5
5
5
5
5
5
5
5
5
5
5
5
5
5
5
5
5
5
5
5
5
5
5
5
5
5
5
5
5
5
5
5
5
5
5
5
5
5
5
5
5
5
5
5
5
5
5
5
5
5
5
5
5
5
5
5
5
5
5
5
5
5
5
5
5
5
5
5
5
5
5
5
5
5
5
5
5
5
5
5
5
5
5
5
5
5
5
5
5
5
5
5
5
5
5
5
5
5
5
5
5
5
5
5
5
5
5
5
5
5
5
5
5
5
5
5
5
5
5
5
5
5
5
5
5
5
5
5
5
5
5
5
5
5
5
5
5
5
5
5
5
5
5
5
5
5
5
5
5
5
5
5
5
5
5
5
5
5
5
5
5
5
5
5
5
5
5
5
5
5
5
5
5
5
5
5
5
5
5
5
5
5
5
5
5
5
5
5
5
5
5
5
5
5
5
5
5
5
5
5
5
5
5
5
5
5
5
5
5
5
5
5
5
5
5
5
5
5
5
5
5
5
5
5
5
5
5
5
5
5
5
5
5
5
5
5
5
5
5
5
5
5
5
5
5
5
5
5
5
5
5
5
5
5
5
5
5
5
5
5
5
5
5
5
5
5
5
5
5
5
5
5
5
5
5
5
5
5
5
5
5
5
5
5
5
5
5
5
5
5
5
5
5
5
5
5
5
5
5
5
5
5
5
5
5
5
5
5
5
5
5
5
5
5
5
5
5
5
5
5
5
10
10
10
10
10
10
10
10
10
10
10
10
10
10
10
10
10
10
10
10
10
10
10
10
10
10
10
10
10
10
10
10
10
10
10
10
10
10
10
10
10
10
10
10
10
10
10
10
10
10
10
10
10
10
10
10
10
10
10
10
10
10
10
10
10
10
10
10
10
10
10
10
10
10
10
10
10
10
10
10
10
10
10
10
10
10
10
10
10
10
10
10
10
10
10
10
10
10
10
10
10
10
10
10
10
10
10
10
10
10
10
10
10
10
10
10
10
10
10
10
10
10
10
10
10
10
10
10
10
10
10
10
10
10
10
10
10
10
10
10
10
10
10
10
10
10
10
10
10
10
10
10
10
10
10
10
10
10
10
10
10
10
10
10
10
10
10
10
10
10
10
10
10
10
10
10
10
10
10
10
10
10
10
10
10
10
10
10
10
10
10
10
10
10
10
10
10
10
10
10
10
10
10
10
10
10
10
10
10
10
10
10
10
10
10
10
10
10
10
10
10
10
10
10
10
10
10
10
10
10
10
10
10
10
10
10
10
10
10
10
10
10
10
10
10
10
10
10
10
10
10
10
10
10
10
10
10
10
10
10
10
10
10
10
10
10
10
10
10
10
10
10
10
10
10
10
10
10
10
10
10
10
10
10
10
10
10
10
10
10
10
10
10
10
10
10
10
10
10
10
10
10
10
10
10
10
10
10
10
10
10
10
10
10
10
10
10
10
10
10
10
10
10
10
10
10
10
10
10
10
10
10
10
10
10
10
10
10
10
10
10
10
10
10
10
10
10
10
10
10
10
10
10
10
10
10
10
10
10
10
10
10
10
10
10
10
10
10
10
10
10
10
10
10
10
10
10
10
10
10
10
10
10
10
10
10
10
10
10
10
10
10
10
10
10
10
10
10
10
10
10
10
10
10
10
10
10
10
10
10
10
10
10
10
10
10
10
10
10
10
10
10
10
10
10
10
10
10
10
10
10
10
10
10
10
10
10
10
10
10
10
10
10
10
10
10
10
10
10
10
10
10
10
10
10
10
10
10
10
10
10
10
10
10
10
10
10
10
10
10
10
10
10
10
10
10
10
10
10
10
10
10
10
10
10
10
10
10
10
10
10
10
10
10
10
10
10
10
10
10
10
10
10
10
10
10
10
10
10
10
10
10
10
10
10
10
10
10
10
10
10
10
10
10
10
10
10
10
10
10
10
10
10
10
10
10
10
10
10
10
10
10
10
10
10
10
10
10
10
10
10
10
10
10
10
10
10
10
10
10
10
10
10
10
10
10
10
10
10
10
10
10
10
10
10
10
10
10
10
10
10
10
10
10
10
10
10
10
10
10
10
10
10
10
10
10
10
10
10
10
10
10
10
10
10
10
10
10
10
10
10
10
10
10
10
10
10
10
10
10
10
10
10
10
10
10
10
10
10
10
10
10
10
10
10
10
10
10
10
10
10
10
10
10
10
10
10
10
10
10
10
10
10
10
10
10
10
10
10
10
10
10
10
10
10
10
10
10
10
10
10
10
10
10
10
10
10
10
10
10
10
10
10
10
10
10
10
10
10
10
10
10
10
10
10
10
10
10
10
10
10
10
10
10
10
10
10
10
10
10
10
10
10
10
10
10
10
10
10
10
10
10
10
10
10
10
10
10
10
10
10
10
10
10
10
10
10
10
10
10
10
10
10
10
10
10
10
10
10
10
10
10
10
10
10
10
10
10
10
10
10
10
10
10
10
10
10
10
10
10
10
10
10
10
10
10
10
10
10
10
10
10
10
10
10
10
10
10
10
10
10
10
10
10
10
10
10
10
10
10
10
10
10
10
10
10
10
10
10
10
10
10
10
10
10
10
10
10
10
10
10
10
10
10
10
10
10
10
10
10
10
10
10
10
10
10
10
10
10
10
10
10
10
10
10
10
10
10
10
10
10
10
10
10
10
10
10
10
10
10
10
10
10
10
10
10
10
10
10
10
10
10
10
10
10
10
10
10
10
10
10
10
10
10
10
10
10
10
10
10
10
10
10
10
10
10
10
10
10
10
10
10
10
10
10
10
10
10
10
10
10
10
10
10
10
10
10
10
10
10
10
10
10
10
10
10
10
10
10
10
10
10
10
10
10
10
10
10
10
10
10
10
10
10
10
10
10
10
10
10
10
10
10
10
10
10
10
10
10
10
10
10
10
10
10
10
10
10
10
10
10
10
10
10
10
10
10
10
10
10
10
10
10
10
10
10
10
10
10
10
10
10
10
10
10
10
10
10
10
10
10
10
10
10
10
10
10
10
10
10
10
10
10
10
10
10
10
10
10
10
10
10
10
10
10
10
10
10
10
10
10
10
10
10
10
10
10
10
10
10
10
10
10
10
10
10
10
10
10
10
10
10
10
10
10
10
10
10
10
10
10
10
10
10
10
10
10
10
10
10
10
10
10
10
10
10
10
10
10
10
10
10
10
10
10
10
10
10
10
10
10
10
10
10
10
10
10
10
10
10
10
10
10
10
10
10
10
10
10
10
10
10
10
10
10
10
10
10
10
10
10
10
10
10
10
10
10
10
10
10
10
10
10
10
10
10
10
10
10
10
10
10
10
10
10
10
10
10
10
10
10
10
10
10
10
10
10
10
10
10
10
10
10
10
10
10
10
10
10
10
10
10
10
10
10
10
10
10
10
10
10
10
10
10
10
10
10
10
10
10
10
10
10
10
10
10
10
10
10
10
10
10
10
10
10
10
10
10
10
10
10
10
10
10
10
10
10
10
10
10
10
10
10
10
10
10
10
10
10
10
10
10
10
10
10
10
10
10
10
10
10
10
10
10
10
10
10
10
10
10
10
10
10
10
10
10
10
10
10
10
10
10
10
10
10
10
10
10
10
10
10
10
10
10
10
10
10
10
10
10
10
10
10
10
10
10
10
10
10
10
10
10
10
10
10
10
10
10
10
10
10
10
10
10
10
10
10
10
10
10
10
10
10
10
10
10
10
10
10
10
10
10
10
10
10
10
10
10
10
10
10
10
10
10
10
10
10
10
10
10
10
10
10
10
10
10
10
10
10
10
10
10
10
10
10
10
10
10
10
10
10
10
10
10
10
10
10
10
10
10
10
10
10
10
10
10
10
10
10
10
10
10
10
10
10
10
10
10
10
10
10
10
10
10
10
10
10
10
10
10
10
10
10
10
10
10
10
10
10
10
10
10
10
10
10
10
10
10
10
10
10
10
10
10
10
10
10
10
10
10
10
10
10
10
10
10
10
10
10
10
10
10
10
10
10
10
10
10
10
10
10
10
10
10
10
10
10
10
10
10
10
10
10
10
10
10
10
10
10
10
10
10
10
10
10
10
10
10
10
10
10
10
10
10
10
10
10
10
10
10
10
10
10
10
10
10
10
10
10
10
10
10
10
10
10
10
10
10
10
10
10
10
10
10
10
10
10
10
10
10
10
10
10
10
10
10
10
10
10
10
10
10
10
10
10
10
10
10
10
10
10
10
10
10
10
10
10
10
10
10
10
10
10
10
10
10
10
10
10
10
10
10
10
10
10
10
10
10
10
10
10
10
10
10
10
10
10
10
10
10
10
10
10
10
10
10
10
10
10
10
10
10
10
10
10
10
10
10
10
10
10
10
10
10
10
10
10
10
10
10
10
10
10
10
10
10
10
10
10
10
10
10
10
10
10
10
10
10
10
10
10
10
10
10
10
10
10
10
10
10
10
10
10
10
10
10
10
10
10
10
10
10
10
10
10
10
10
10
10
10
10
10
10
10
10
10
10
10
10
10
10
10
10
10
10
10
10
10
10
10
10
10
10
10
10
10
10
10
10
10
10
10
10
10
10
10
10
10
10
10
10
10
10
10
10
10
10
10
10
10
10
10
10
10
10
10
10
10
10
10
10
10
10
10
10
10
10
10
10
10
10
10
10
10
10
10
10
10
10
10
10
10
10
10
10
10
10
10
10
10
10
10
10
10
10
10
10
10
10
10
10
10
10
10
10
10
10
10
10
10
10
10
10
10
10
10
10
10
10
10
10
10
10
10
10
10
10
10
10
10
10
10
10
10
10
10
10
10
10
10
10
10
10
10
10
10
10
10
10
10
10
10
10
10
10
10
10
10
10
10
10
10
10
10
10
10
10
10
10
10
10
10
10
10
10
10
10
10
10
10
10
10
10
10
10
10
10
10
10
10
10
10
10
10
10
10
10
10
10
10
10
10
10
10
10
10
10
10
10
10
10
10
10
10
10
10
10
10
10
10
10
10
10
10
10
10
10
10
10
10
10
10
10
10
10
10
10
10
10
10
10
10
10
10
10
10
10
10
10
10
10
10
10
10
10
10
10
10
10
10
10
10
10
10
10
10
10
10
10
10
10
10
10
10
10
10
10
10
10
10
10
10
10
10
10
10
10
10
10
10
10
10
10
10
10
10
10
10
10
10
10
10
10
10
10
10
10
10
10
10
10
10
10
10
10
10
10
10
10
10
10
10
10
10
10
10
10
10
10
10
10
10
10
10
10
10
10
10
10
10
10
10
10
10
10
10
10
10
10
10
10
10
10
10
10
10
10
10
10
10
10
10
10
10
10
10
10
10
10
10
10
10
10
10
10
10
10
10
10
10
10
10
10
10
10
10
10
10
10
10
10
10
10
10
10
10
10
10
10
10
10
10
10
10
10
10
10
10
10
10
10
10
10
10
10
10
10
10
10
10
10
10
10
10
10
10
10
10
10
10
10
10
10
10
10
10
10
10
10
10
10
10
10
10
10
10
10
10
10
10
10
10
10
10
10
10
10
10
10
10
10
10
10
10
10
10
10
10
10
10
10
10
10
10
10
10
10
10
10
10
10
10
10
10
10
10
10
10
10
10
10
10
10
10
10
10
10
10
10
10
10
10
10
10
10
10
10
10
10
10
10
10
10
10
10
10
10
10
10
10
10
10
10
10
10
10
10
10
10
10
10
10
10
10
10
10
10
10
10
10
10
10
10
10
10
10
10
10
10
10
10
10
10
10
10
10
10
10
10
10
10
10
10
10
10
10
10
10
10
10
10
10
10
10
10
10
10
10
10
10
10
10
10
10
10
10
10
10
10
10
10
10
10
10
10
10
10
10
10
10
10
10
10
10
10
10
10
10
10
10
10
10
10
10
10
10
10
10
10
10
10
10
10
10
10
10
10
10
10
10
10
10
10
10
10
10
10
10
10
10
10
10
10
10
10
10
10
10
10
10
10
10
10
10
10
10
10
10
10
10
10
10
10
10
10
10
10
10
10
10
10
10
10
10
10
10
10
10
10
10
10
10
10
10
10
10
10
10
10
10
10
10
10
10
10
10
10
10
10
10
10
10
10
10
10
10
10
10
10
10
10
10
10
10
10
10
10
10
10
10
10
10
10
10
10
10
10
10
10
10
10
10
10
10
10
10
10
10
10
10
10
10
10
10
10
10
10
10
10
10
10
10
10
10
10
10
10
10
10
10
10
10
10
10
10
10
10
10
10
10
10
10
10
10
10
10
10
10
10
10
10
10
10
10
10
10
10
10
10
10
10
10
10
10
10
10
10
10
10
10
10
10
10
10
10
10
10
10
10
10
10
10
10
10
10
10
10
10
10
10
10
10
10
10
10
10
10
10
10
10
10
10
10
10
10
10
10
10
10
10
10
10
10
10
10
10
10
10
10
10
10
10
10
10
10
10
10
10
10
10
10
10
10
10
10
10
10
10
10
10
10
10
10
10
10
10
10
10
10
10
10
10
10
10
10
10
10
10
10
10
10
10
10
10
10
10
10
10
10
10
10
10
10
10
10
10
10
10
10
10
10
10
10
10
10
10
10
10
10
10
10
10
10
10
10
10
10
10
10
10
10
10
10
10
10
10
10
10
10
10
10
10
10
10
10
10
10
10
10
10
10
10
10
10
10
10
10
10
10
10
10
10
10
10
10
10
10
10
10
10
10
10
10
10
10
10
10
10
10
10
10
10
10
10
10
10
10
10
10
10
10
10
10
10
10
10
10
10
10
10
10
10
10
10
10
10
10
10
10
10
10
10
10
10
10
10
10
10
10
10
10
10
10
10
10
10
10
10
10
10
10
10
10
10
10
10
10
10
10
10
10
10
10
10
10
10
10
10
10
10
10
10
10
10
10
10
10
10
10
10
10
10
10
10
10
10
10
10
10
10
10
10
10
10
10
10
10
10
10
10
10
10
10
10
10
10
10
10
10
10
10
10
10
10
10
10
10
10
10
10
10
10
10
10
10
10
10
10
10
10
10
10
10
10
10
10
10
10
10
10
10
10
10
10
10
10
10
10
10
10
10
10
10
10
10
10
10
10
10
10
10
10
10
10
10
10
10
10
10
10
10
10
10
10
10
10
10
10
10
10
10
10
10
10
10
10
10
10
10
10
10
10
10
10
10
10
10
10
10
10
10
10
10
10
10
10
10
10
10
10
10
10
10
10
10
10
10
10
10
10
10
10
10
10
10
10
10
10
10
10
10
10
10
10
10
10
10
10
10
10
10
10
10
10
10
10
10
10
10
10
10
10
10
10
10
10
10
10
10
10
10
10
10
10
10
10
10
10
10
10
10
10
10
10
10
10
10
10
10
10
10
10
10
10
10
10
10
10
10
10
10
10
10
10
10
10
10
10
10
10
10
10
10
10
10
10
10
10
10
10
10
10
10
10
10
10
10
10
10
10
10
10
10
10
10
10
10
10
10
10
10
10
10
10
10
10
10
10
10
10
10
10
10
10
10
10
10
10
10
10
10
10
10
10
10
10
10
10
10
10
10
10
10
10
10
10
10
10
10
10
10
10
10
10
10
10
10
10
10
10
10
10
10
10
10
10
10
10
10
10
10
10
10
10
10
10
10
10
10
10
10
10
10
10
10
10
10
10
10
10
10
10
10
10
10
10
10
10
10
10
10
10
10
10
10
10
10
10
10
10
10
10
10
10
10
10
10
10
10
10
10
10
10
10
10
10
10
10
10
10
10
10
10
10
10
10
10
10
10
10
10
10
10
10
10
10
10
10
10
10
10
10
10
10
10
10
10
10
10
10
10
10
10
10
10
10
10
10
10
10
10
10
10
10
10
10
10
10
10
10
10
10
10
10
10
10
10
10
10
10
10
10
10
10
10
10
10
10
10
10
10
10
10
10
10
10
10
10
10
10
10
10
10
10
10
10
10
10
10
10
10
10
10
10
10
10
10
10
10
10
10
10
10
10
10
10
10
10
10
10
10
10
10
10
10
10
10
10
10
10
10
10
10
10
10
10
10
10
10
10
10
10
10
10
10
10
10
10
10
10
10
10
10
10
10
10
10
10
10
10
10
10
10
10
10
10
10
10
10
10
10
10
10
10
10
10
10
10
10
10
10
10
10
10
10
10
10
10
10
10
10
10
10
10
10
10
10
10
10
10
10
10
10
10
10
10
10
10
10
10
10
10
10
10
10
10
10
10
10
10
10
10
10
10
10
10
10
10
10
10
10
10
10
10
10
10
10
10
10
10
10
10
10
10
10
10
10
10
10
10
10
10
10
10
10
10
10
10
10
10
10
10
10
10
10
10
10
10
10
10
10
10
10
10
10
10
10
10
10
10
10
10
10
10
10
10
10
10
10
10
10
10
10
10
10
10
10
10
10
10
10
10
10
10
10
10
10
10
10
10
10
10
10
10
10
10
10
10
10
10
10
10
10
10
10
10
10
10
10
10
10
10
10
10
10
10
10
10
10
10
10
10
10
10
10
10
10
10
10
10
10
10
10
10
10
10
10
10
10
10
10
10
10
10
10
10
10
10
10
10
10
10
10
10
10
10
10
10
10
10
10
10
10
10
10
10
10
10
10
10
10
10
10
10
10
10
10
10
10
10
10
10
10
10
10
10
10
10
10
10
10
10
10
10
10
10
10
10
10
10
10
10
10
10
10
10
10
10
10
10
10
10
10
10
10
10
10
10
10
10
10
10
10
10
10
10
10
10
10
10
10
10
10
10
10
10
10
10
10
10
10
10
10
10
10
10
10
10
10
10
10
10
10
10
10
10
10
10
10
10
10
10
10
10
10
10
10
10
10
10
10
10
10
10
10
10
10
10
10
10
10
10
10
10
10
10
10
10
10
10
10
10
10
10
10
10
10
10
10
10
10
10
10
10
10
10
10
10
10
10
10
10
10
10
10
10
10
10
10
10
10
10
10
10
10
10
10
10
10
10
10
10
10
10
10
10
10
10
10
10
10
10
10
10
10
10
10
10
10
10
10
10
10
10
10
10
10
10
10
10
10
10
10
10
10
10
10
10
10
10
10
10
10
10
10
10
10
10
10
10
10
10
10
10
10
10
10
10
10
10
10
10
10
10
10
10
10
10
10
10
10
10
10
10
10
10
10
10
10
10
10
10
10
10
10
10
10
10
10
10
10
10
10
10
10
10
10
10
10
10
10
10
10
10
10
10
10
10
10
10
10
10
10
10
10
10
10
10
10
10
10
10
10
10
10
10
10
10
10
10
10
10
10
10
10
10
10
10
10
10
10
10
10
10
10
10
10
10
10
10
10
10
10
10
10
10
10
10
10
10
10
10
10
10
10
10
10
10
10
10
10
10
10
10
10
10
10
10
10
10
10
10
10
10
10
10
10
10
10
10
10
10
10
10
10
10
10
10
10
10
10
10
10
10
10
10
10
10
10
10
10
10
10
10
10
10
10
10
10
10
10
10
10
10
10
10
10
10
10
10
10
10
10
10
10
10
10
10
10
10
10
10
10
10
10
10
10
10
10
10
10
10
10
10
10
10
10
10
10
10
10
10
10
10
10
10
10
10
10
10
10
10
10
10
10
10
10
10
10
10
10
10
10
10
10
10
10
10
10
10
10
10
10
10
10
10
10
10
10
10
10
10
10
10
10
10
10
10
10
10
10
10
10
10
10
10
10
10
10
10
10
10
10
10
10
10
10
10
10
10
10
10
10
10
10
10
10
10
10
10
10
10
10
10
10
10
10
10
10
10
10
10
10
10
10
10
10
10
10
10
10
10
10
10
10
10
10
10
10
10
10
10
10
10
10
10
10
10
10
10
10
10
10
10
10
10
10
10
10
10
10
10
10
10
10
10
10
10
10
10
10
10
10
10
10
10
10
10
10
10
10
10
10
10
10
10
10
10
10
10
10
10
10
10
10
10
10
10
10
10
10
10
10
10
10
10
10
10
10
10
10
10
10
10
10
10
10
10
10
10
10
10
10
10
10
10
10
10
10
10
10
10
10
10
10
10
10
10
10
10
10
10
10
10
10
10
10
10
10
10
10
10
10
10
10
10
10
10
10
10
10
10
10
10
10
10
10
10
10
10
10
10
10
10
10
10
10
10
10
10
10
10
10
10
10
10
10
10
10
10
10
10
10
10
10
10
10
10
10
10
10
10
10
10
10
10
10
10
10
10
10
10
10
10
10
10
10
10
10
10
10
10
10
10
10
10
10
10
10
10
10
10
10
10
10
10
10
10
10
10
10
10
10
10
10
10
10
10
10
10
10
10
10
10
10
10
10
10
10
10
10
10
10
10
10
10
10
10
10
10
10
10
10
10
10
10
10
10
10
10
10
10
10
10
10
10
10
10
10
10
10
10
10
10
10
10
10
10
10
10
10
10
10
10
10
10
10
10
10
10
10
10
10
10
10
10
10
10
10
10
10
10
10
10
10
10
10
10
10
10
10
10
10
10
10
10
10
10
10
10
10
10
10
10
10
10
10
10
10
10
10
10
10
10
10
10
10
10
10
10
10
10
10
10
10
10
10
10
10
10
10
10
10
10
10
10
10
10
10
10
10
10
10
10
10
10
10
10
10
10
10
10
10
10
10
10
10
10
10
10
10
10
10
10
10
10
10
10
10
10
10
10
10
10
10
10
10
10
10
10
10
10
10
10
10
10
10
10
10
10
10
10
10
10
10
10
10
10
10
10
10
10
10
10
10
10
10
10
10
10
10
10
10
10
10
10
10
10
10
10
10
10
10
10
10
10
10
10
10
10
10
10
10
10
10
10
10
10
10
10
10
10
10
10
10
10
10
10
10
10
10
10
10
10
10
10
10
10
10
10
10
10
10
10
10
10
10
10
10
10
10
10
10
10
10
10
10
10
10
10
10
10
10
10
10
10
10
10
10
10
10
10
10
10
10
10
10
10
10
10
10
10
10
10
10
10
10
10
10
10
10
10
10
10
10
10
10
10
10
10
10
10
10
10
10
10
10
10
10
10
10
10
10
10
10
10
10
10
10
10
10
10
10
10
10
10
10
10
10
10
10
10
10
10
10
10
10
10
10
10
10
10
10
10
10
10
10
10
10
10
10
10
10
10
10
10
10
10
10
10
10
10
10
10
10
10
10
10
10
10
10
10
10
10
10
10
10
10
10
10
10
10
10
10
10
10
10
10
10
10
10
10
10
10
10
10
10
10
10
10
10
10
10
10
10
10
10
10
10
10
10
10
10
10
10
10
10
10
10
10
10
10
10
10
10
10
10
10
10
10
10
10
10
10
10
10
10
10
10
10
10
10
10
10
10
10
10
10
10
10
10
10
10
10
10
10
10
10
10
10
10
10
10
10
10
10
10
10
10
10
10
10
10
10
10
10
10
10
10
10
10
10
10
10
10
10
10
10
10
10
10
10
10
10
10
10
10
10
10
10
10
10
10
10
10
10
10
10
10
10
10
10
10
10
10
10
10
10
10
10
10
10
10
10
10
10
10
10
10
10
10
10
10
10
10
10
10
10
10
10
10
10
10
10
10
10
10
10
10
10
10
10
10
10
10
10
10
10
10
10
10
10
10
10
10
10
10
10
10
10
10
10
10
10
10
10
10
10
10
10
10
10
10
10
10
10
10
10
10
10
10
10
10
10
10
10
10
10
10
10
10
10
10
10
10
10
10
10
10
10
10
10
10
10
10
10
10
10
10
10
10
10
10
10
10
10
10
10
10
10
10
10
10
10
10
10
10
10
10
10
10
10
10
10
10
10
10
10
10
10
10
10
10
10
10
10
10
10
10
10
10
10
10
10
10
10
10
10
10
10
10
10
10
10
10
10
10
10
10
10
10
10
10
10
10
10
10
10
10
10
10
10
10
10
10
10
10
10
10
10
10
10
10
10
10
10
10
10
10
10
10
10
10
10
10
10
10
10
10
10
10
10
10
10
10
10
10
10
10
10
10
10
10
10
10
10
10
10
10
10
10
10
10
10
10
10
10
10
10
10
10
10
10
10
10
10
10
10
10
10
10
10
10
10
10
10
10
10
10
10
10
10
10
10
10
10
10
10
10
10
10
10
10
10
10
10
10
10
10
10
10
10
10
10
10
10
10
10
10
10
10
10
10
10
10
10
10
10
10
10
10
10
10
10
10
10
10
10
10
10
10
10
10
10
10
10
10
10
10
10
10
10
10
10
10
10
10
10
10
10
10
10
10
10
10
10
10
10
10
10
10
10
10
10
10
10
10
10
10
10
10
10
10
10
10
10
10
10
10
10
10
10
10
10
10
10
10
10
10
10
10
10
10
10
10
10
10
10
10
10
10
10
10
10
10
10
10
10
10
10
10
10
10
10
10
10
10
10
10
10
10
10
10
10
10
10
10
10
10
10
10
10
10
10
10
10
10
10
10
10
10
10
10
10
10
10
10
10
10
10
10
10
10
10
10
10
10
10
10
10
10
10
10
10
10
10
10
10
10
10
10
10
10
10
10
10
10
10
10
10
10
10
10
10
10
10
10
10
10
10
10
10
10
10
10
10
10
10
10
10
10
10
10
10
10
10
10
10
10
10
10
10
10
10
10
10
10
10
10
10
10
10
10
10
10
10
10
10
10
10
10
10
10
10
10
10
10
10
10
10
10
10
10
10
10
10
10
10
10
10
10
10
10
10
10
10
10
10
10
10
10
10
10
10
10
10
10
10
10
10
10
10
10
10
10
10
10
10
10
10
10
10
10
10
10
10
10
10
10
10
10
10
10
10
10
10
10
10
10
10
10
10
10
10
10
10
10
10
10
10
10
10
10
10
10
10
10
10
10
10
10
10
10
10
10
10
10
10
10
10
10
10
10
10
10
10
10
10
10
10
10
10
10
10
10
10
10
10
10
10
10
10
10
10
10
10
10
10
10
10
10
10
10
10
10
10
10
10
10
10
10
10
10
10
10
10
10
10
10
10
10
10
10
10
10
10
10
10
10
10
10
10
10
10
10
10
10
10
10
10
10
10
10
10
10
10
10
10
10
10
10
10
10
10
10
10
10
10
10
10
10
10
10
10
10
10
10
10
10
10
10
10
10
10
10
10
10
10
10
10
10
10
10
10
10
10
10
10
10
10
10
10
10
10
10
10
10
10
10
10
10
10
10
10
10
10
10
10
10
10
10
10
10
10
10
10
10
10
10
10
10
10
10
10
10
10
10
10
10
10
10
10
10
10
10
10
10
10
10
10
10
10
10
10
10
10
10
10
10
10
10
10
10
10
10
10
10
10
10
10
10
10
10
10
10
10
10
10
10
10
10
10
10
10
10
10
10
10
10
10
10
10
10
10
10
10
10
10
10
10
10
10
10
10
10
10
10
10
10
10
10
10
10
10
10
10
10
10
10
10
10
10
10
10
10
10
10
10
10
10
10
10
10
10
10
10
10
10
10
10
10
10
10
10
10
10
10
10
10
10
10
10
10
10
10
10
10
10
10
10
10
10
10
10
10
10
10
10
10
10
10
10
10
10
10
10
10
10
10
10
10
10
10
10
10
10
10
10
10
10
10
10
10
10
10
10
10
10
10
10
10
10
10
10
10
10
10
10
10
10
10
10
10
10
10
10
10
10
10
10
10
10
10
10
10
10
10
10
10
10
10
10
10
10
10
10
10
10
10
10
10
10
10
10
10
10
10
10
10
10
10
10
10
10
10
10
10
10
10
10
10
10
10
10
10
10
10
10
10
10
10
10
10
10
10
10
10
10
10
10
10
10
10
10
10
10
10
10
10
10
10
10
10
10
10
10
10
10
10
10
10
10
10
10
10
10
10
10
10
10
10
10
10
10
10
10
10
10
10
10
10
10
10
10
10
10
10
10
10
10
10
10
10
10
10
10
10
10
10
10
10
10
10
10
10
10
10
10
10
10
10
10
10
10
10
10
10
10
10
10
10
10
10
10
10
10
10
10
10
10
10
10
10
10
10
10
10
10
10
10
10
10
10
10
10
10
10
10
10
10
10
10
10
10
10
10
10
10
10
10
10
10
10
10
10
10
10
10
10
10
10
10
10
10
10
10
10
10
10
10
10
10
10
10
10
10
10
10
10
10
10
10
10
10
10
10
10
10
10
10
10
10
10
10
10
10
10
10
10
10
10
10
10
10
10
10
10
10
10
10
10
10
10
10
10
10
10
10
10
10
10
10
10
10
10
10
10
10
10
10
10
10
10
10
10
10
10
10
10
10
10
10
10
10
10
10
10
10
10
10
10
10
10
10
10
10
10
10
10
10
10
10
10
10
10
10
10
10
10
10
10
10
10
10
10
10
10
10
10
10
10
10
10
10
10
10
10
10
10
10
10
10
10
10
10
10
10
10
10
10
10
10
10
10
10
10
10
10
10
10
10
10
10
10
10
10
10
10
10
10
10
10
10
10
10
10
10
10
10
10
10
10
10
10
10
10
10
10
10
10
10
10
10
10
10
10
10
10
10
10
10
10
10
10
10
10
10
10
10
10
10
10
10
10
10
10
10
10
10
10
10
10
10
10
10
10
10
10
10
10
10
10
10
10
10
10
10
10
10
10
10
10
10
10
10
10
10
10
10
10
10
10
10
10
10
10
10
10
10
10
10
10
10
10
10
10
10
10
10
10
10
10
10
10
10
10
10
10
10
10
10
10
10
10
10
10
10
10
10
10
10
10
10
10
10
10
10
10
10
10
10
10
10
10
10
10
10
10
10
10
10
10
10
10
10
10
10
10
10
10
10
10
10
10
10
10
10
10
10
10
10
10
10
10
10
10
10
10
10
10
10
10
10
10
10
10
10
10
10
10
10
10
10
10
10
10
10
10
10
10
10
10
10
10
10
10
10
10
10
10
10
10
10
10
10
10
10
10
10
10
10
10
10
10
10
10
10
10
10
10
10
10
10
10
10
10
10
10
10
10
10
10
10
10
10
10
10
10
10
10
10
10
10
10
10
10
10
10
10
10
10
10
10
10
10
10
10
10
10
10
10
10
10
10
10
10
10
10
10
10
10
10
10
10
10
10
10
10
10
10
10
10
10
10
10
10
10
10
10
10
10
10
10
10
10
10
10
10
10
10
10
10
10
10
10
10
10
10
10
10
10
10
10
10
10
10
10
10
10
10
10
10
10
10
10
10
10
10
10
10
10
10
10
10
10
10
10
10
10
10
10
10
10
10
10
10
10
10
10
10
10
10
10
10
10
10
10
10
10
10
10
10
10
10
10
10
10
10
10
10
10
10
10
10
10
10
10
10
10
10
10
10
10
10
10
10
10
10
10
10
10
10
10
10
10
10
10
10
10
10
10
10
10
10
10
10
10
10
10
10
10
10
10
10
10
10
10
10
10
10
10
10
10
10
10
10
10
10
10
10
10
10
10
10
10
10
10
10
10
10
10
10
10
10
10
10
10
10
10
10
10
10
10
10
10
10
10
10
10
10
10
10
10
10
10
10
10
10
10
10
10
10
10
10
10
10
10
10
10
10
10
10
10
10
10
10
10
10
10
10
10
10
10
10
10
10
10
10
10
10
10
10
10
10
10
10
10
10
10
10
10
10
10
10
10
10
10
10
10
10
10
10
10
10
10
10
10
10
10
10
10
10
10
10
10
10
10
10
10
10
10
10
10
10
10
10
10
10
10
10
10
10
10
10
10
10
10
10
10
10
10
10
10
10
10
10
10
10
10
10
10
10
10
10
10
10
10
10
10
10
10
10
10
10
10
10
10
10
10
10
10
10
10
10
10
10
10
10
10
10
10
10
10
10
10
10
10
10
10
10
10
10
10
10
10
10
10
10
10
10
10
10
10
10
10
10
10
10
10
10
10
10
10
10
10
10
10
10
10
10
10
10
10
10
10
10
10
10
10
10
10
10
10
10
10
10
10
10
10
10
10
10
10
10
10
10
10
10
10
10
10
10
10
10
10
10
10
10
10
10
10
10
10
10
10
10
10
10
10
10
10
10
10
10
10
10
10
10
10
10
10
10
10
10
10
10
10
10
10
10
10
10
10
10
10
10
10
10
10
10
10
10
10
10
10
10
10
10
10
10
10
10
10
10
10
10
10
10
10
10
10
10
10
10
10
10
10
10
10
10
10
10
10
10
10
10
10
10
10
10
10
10
10
10
10
10
10
10
10
10
10
10
10
10
10
10
10
10
10
10
10
10
10
10
10
10
10
10
10
10
10
10
10
10
10
10
10
10
10
10
10
10
10
10
10
10
10
10
10
10
10
10
10
10
10
10
10
10
10
10
10
10
10
10
10
10
10
10
10
10
10
10
10
10
10
10
10
10
10
10
10
10
10
10
10
10
10
10
10
10
10
10
10
10
10
10
10
10
10
10
10
10
10
10
10
10
10
10
10
10
10
10
10
10
10
10
10
10
10
10
10
10
10
10
10
10
10
10
10
10
10
10
10
10
10
10
10
10
10
10
10
10
10
10
10
10
10
10
10
10
10
10
10
10
10
10
10
10
10
10
10
10
10
10
10
10
10
10
10
10
10
10
10
10
10
10
10
10
10
10
10
10
10
10
10
10
10
10
10
10
10
10
10
10
10
10
10
10
10
10
10
10
10
10
10
10
10
10
10
10
10
10
10
10
10
10
10
10
10
10
10
10
10
10
10
10
10
10
10
10
10
10
10
10
10
10
10
10
10
10
10
10
10
10
10
10
10
10
10
10
10
10
10
10
10
10
10
10
10
10
10
10
10
10
10
10
10
10
10
10
10
10
10
10
10
10
10
10
10
10
10
10
10
10
10
10
10
10
10
10
10
10
10
10
10
10
10
10
10
10
10
10
10
10
10
10
10
10
10
10
10
10
10
10
10
10
10
10
10
10
10
10
10
10
10
10
10
10
10
10
10
10
10
10
10
10
10
10
10
10
10
10
10
10
10
10
10
10
10
10
10
10
10
10
10
10
10
10
10
10
10
10
10
10
10
10
10
10
10
10
10
10
10
10
10
10
10
10
10
10
10
10
10
10
10
10
10
10
10
10
10
10
10
10
10
10
10
10
10
10
10
10
10
10
10
10
10
10
10
10
10
10
10
10
10
10
10
10
10
10
10
10
10
10
10
10
10
10
10
10
10
10
10
10
10
10
10
10
10
10
10
10
10
10
10
10
10
10
10
10
10
10
10
10
10
10
10
10
10
10
10
10
10
10
10
10
10
10
10
10
10
10
10
10
10
10
10
10
10
10
10
10
10
10
10
10
10
10
10
10
10
10
10
10
10
10
10
10
10
10
10
10
10
10
10
10
10
10
10
10
10
10
10
10
10
10
10
10
10
10
10
10
10
10
10
10
10
10
10
10
10
10
10
10
10
10
10
10
10
10
10
10
10
10
10
10
10
10
10
10
10
10
10
10
10
10
10
10
10
10
10
10
10
10
10
10
10
10
10
10
10
10
10
10
10
10
10
10
10
10
10
10
10
10
10
10
10
10
10
10
10
10
10
10
10
10
10
10
10
10
10
10
10
10
10
10
10
10
10
10
10
10
10
10
10
10
10
10
10
10
10
10
10
10
10
10
10
10
10
10
10
10
10
10
10
10
10
10
10
10
10
10
10
10
10
10
10
10
10
10
10
10
10
10
10
10
10
10
10
10
10
10
10
10
10
10
10
10
10
10
10
10
10
10
10
10
10
10
10
10
10
10
10
10
10
10
10
10
10
10
10
10
10
10
10
10
10
10
10
10
10
10
10
10
10
10
10
10
10
10
10
10
10
10
10
10
10
10
10
10
10
10
10
10
10
10
10
10
10
10
10
10
10
10
10
10
10
10
10
10
10
10
10
10
10
10
10
10
10
10
10
10
10
10
10
10
10
10
10
10
10
10
10
10
10
10
10
10
10
10
10
10
10
10
10
10
10
10
10
10
10
10
10
10
10
10
10
10
10
10
10
10
10
10
10
10
10
10
10
10
10
10
10
10
10
10
10
10
10
10
10
10
10
10
10
10
10
10
10
10
10
10
10
10
10
10
10
10
10
10
10
10
10
10
10
10
10
10
10
10
10
10
10
10
10
10
10
10
10
10
10
10
10
10
10
10
10
10
10
10
10
10
10
10
10
10
10
10
10
10
10
10
10
10
10
10
10
10
10
10
10
10
10
10
10
10
10
10
10
10
10
10
10
10
10
10
10
10
10
10
10
10
10
10
10
10
10
10
10
10
10
10
10
10
10
10
10
10
10
10
10
10
10
10
10
10
10
10
10
10
10
10
10
10
10
10
10
10
10
10
10
10
10
10
10
10
10
10
10
10
10
10
10
10
10
10
10
10
10
10
10
10
10
10
10
10
10
10
10
10
10
10
10
10
10
10
10
10
10
10
10
10
10
10
10
10
10
10
10
10
10
10
10
10
10
10
10
10
10
10
10
10
10
10
10
10
10
10
10
10
10
10
10
10
10
10
10
10
10
10
10
10
10
10
10
10
10
10
10
10
10
10
10
10
10
10
10
10
10
10
10
10
10
10
10
10
10
10
10
10
10
10
10
10
10
10
10
10
10
10
10
10
10
10
10
10
10
10
10
10
10
10
10
10
10
10
10
10
10
10
10
10
10
10
10
10
10
10
10
10
10
10
10
10
10
10
10
10
10
10
10
10
10
10
10
10
10
10
10
10
10
10
10
10
10
10
10
10
10
10
10
10
10
10
10
10
10
10
10
10
10
10
10
10
10
10
10
10
10
10
10
10
10
10
10
10
10
10
10
10
10
10
10
10
10
10
10
10
10
10
10
10
10
10
10
10
10
10
10
10
10
10
10
10
10
10
10
10
10
10
10
10
10
10
10
10
10
10
10
10
10
10
10
10
10
10
10
10
10
10
10
10
10
10
10
10
10
10
10
10
10
10
10
10
10
10
10
10
10
10
10
10
10
10
10
10
10
10
10
10
10
10
10
10
10
10
10
10
10
10
10
10
10
10
10
10
10
10
10
10
10
10
10
10
10
10
10
10
10
10
10
10
10
10
10
10
10
10
10
10
10
10
10
10
10
10
10
10
10
10
10
10
10
10
10
10
10
10
10
10
10
10
10
10
10
10
10
10
10
10
10
10
10
10
10
10
10
10
10
10
10
10
10
10
10
10
10
10
10
10
10
10
10
10
10
10
10
10
10
10
10
10
10
10
10
10
10
10
10
10
10
10
10
10
10
10
10
10
10
10
10
10
10
10
10
10
10
10
10
10
10
10
10
10
10
10
10
10
10
10
10
10
10
10
10
10
10
10
10
10
10
10
10
10
10
10
10
10
10
10
10
10
10
10
10
10
10
10
10
10
10
10
10
10
10
10
10
10
10
10
10
10
10
10
10
10
10
10
10
10
10
10
10
10
10
10
10
10
10
10
10
10
10
10
10
10
10
10
10
10
10
10
10
10
10
10
10
10
10
10
10
10
10
10
10
10
10
10
10
10
10
10
10
10
10
10
10
10
10
10
10
10
10
10
10
10
10
10
10
10
10
10
10
10
10
10
10
10
10
10
10
10
10
10
10
10
10
10
10
10
10
10
10
10
10
10
10
10
10
10
10
10
10
10
10
10
10
10
10
10
10
10
10
10
10
10
10
10
10
10
10
10
10
10
10
10
10
10
10
10
10
10
10
10
10
10
10
10
10
10
10
10
10
10
10
10
10
10
10
10
10
10
10
10
10
10
10
10
10
10
10
10
10
10
10
10
10
10
10
10
10
10
10
10
10
10
10
10
10
10
10
10
10
10
10
10
10
10
10
10
10
10
10
10
10
10
10
10
10
10
10
10
10
10
10
10
10
10
10
10
10
10
10
10
10
10
10
10
10
10
10
10
10
10
10
10
10
10
10
10
10
10
10
10
10
10
10
10
10
10
10
10
10
10
10
10
10
10
10
10
10
10
10
10
10
10
10
10
10
10
10
10
10
10
10
10
10
10
10
10
10
10
10
10
10
10
10
10
10
10
10
10
10
10
10
10
10
10
10
10
10
10
10
10
10
10
10
10
10
10
10
10
10
10
10
10
10
10
10
10
10
10
10
10
10
10
10
10
10
10
10
10
10
10
10
10
10
10
10
10
10
10
10
10
10
10
10
10
10
10
10
10
10
10
10
10
10
10
10
10
10
10
10
10
10
10
10
10
10
10
10
10
10
10
10
10
10
10
10
10
10
10
10
10
10
10
10
10
10
10
10
10
10
10
10
10
10
10
10
10
10
10
10
10
10
10
10
10
10
10
10
10
10
10
10
10
10
10
10
10
10
10
10
10
10
10
10
10
10
10
10
10
10
10
10
10
10
10
10
10
10
10
10
10
10
10
10
10
10
10
10
10
10
10
10
10
10
10
10
10
10
10
10
10
10
10
10
10
10
10
10
10
10
10
10
10
10
10
10
10
10
10
10
10
10
10
10
10
10
10
10
10
10
10
10
10
10
10
10
10
10
10
10
10
10
10
10
10
10
10
10
10
10
10
10
10
10
10
10
10
10
10
10
10
10
10
10
10
10
10
10
10
10
10
10
10
10
10
10
10
10
10
10
10
10
10
10
10
10
10
10
10
10
10
10
10
10
10
10
10
10
10
10
10
10
10
10
10
10
10
10
10
10
10
10
10
10
10
10
10
10
10
10
10
10
10
10
10
10
10
10
10
10
10
10
10
10
10
10
10
10
10
10
10
10
10
10
10
10
10
10
10
10
10
10
10
10
10
10
10
10
10
10
10
10
10
10
10
10
10
10
10
10
10
10
10
10
10
10
10
10
10
10
10
10
10
10
10
10
10
10
10
10
10
10
10
10
10
10
10
10
10
10
10
10
10
10
10
10
10
10
10
10
10
10
10
10
10
10
10
10
10
10
10
10
10
10
10
10
10
10
10
10
10
10
10
10
10
10
10
10
10
10
10
10
10
10
10
10
10
10
10
10
10
10
10
10
10
10
10
10
10
10
10
10
10
10
10
10
10
10
10
10
10
10
10
10
10
10
10
10
10
10
10
10
10
10
10
10
10
10
10
10
10
10
10
10
10
10
10
10
10
10
10
10
10
10
10
10
10
10
10
10
10
10
10
10
10
10
10
10
10
10
10
10
10
10
10
10
10
10
10
10
10
10
10
10
10
10
10
10
10
10
10
10
10
10
10
10
10
10
10
10
10
10
10
10
10
10
10
10
10
10
10
10
10
10
10
10
10
10
10
10
10
10
10
10
10
10
10
10
10
10
10
10
10
10
10
10
10
10
10
10
10
10
10
10
10
10
10
10
10
10
10
10
10
10
10
10
10
10
10
10
10
10
10
10
10
10
10
10
10
10
10
10
10
10
10
10
10
10
10
10
10
10
10
10
10
10
10
10
10
10
10
10
10
10
10
10
10
10
10
10
10
10
10
10
10
10
10
10
10
10
10
10
10
10
10
10
10
10
10
10
10
10
10
10
10
10
10
10
10
10
10
10
10
10
10
10
10
10
10
10
10
10
10
10
10
10
10
10
10
10
10
10
10
10
10
10
10
10
10
10
10
10
10
10
10
10
10
10
10
10
10
10
10
10
10
10
10
10
10
10
10
10
10
10
10
10
10
10
10
10
10
10
10
10
10
10
10
10
10
10
10
10
10
10
10
10
10
10
10
10
10
10
10
10
10
10
10
10
10
10
10
10
10
10
10
10
10
10
10
10
10
10
10
10
10
10
10
10
10
10
10
10
10
10
10
10
10
10
10
10
10
10
10
10
10
10
10
10
10
10
10
10
10
10
10
10
10
10
10
10
10
10
10
10
10
10
10
10
10
10
10
10
10
10
10
10
10
10
10
10
10
10
10
10
10
10
10
10
10
10
10
10
10
10
10
10
10
10
10
10
10
10
10
10
10
10
10
10
10
10
10
10
10
10
10
10
10
10
10
10
10
10
10
10
10
10
10
10
10
10
10
10
10
10
10
10
10
10
10
10
10
10
10
10
10
10
10
10
10
10
10
10
10
10
10
10
10
10
10
10
10
10
10
10
10
10
10
10
10
10
10
10
10
10
10
10
10
10
10
10
10
10
10
10
10
10
10
10
10
10
10
10
10
10
10
10
10
10
10
10
10
10
10
10
10
10
10
10
10
10
10
10
10
10
10
10
10
10
10
10
10
10
10
10
10
10
10
10
10
10
10
10
10
10
10
10
10
10
10
10
10
10
10
10
10
10
10
10
10
10
10
10
10
10
10
10
10
10
10
10
10
10
10
10
10
10
10
10
10
10
10
10
10
10
10
10
10
10
10
10
10
10
10
10
10
10
10
10
10
10
10
10
10
10
10
10
10
10
10
10
10
10
10
10
10
10
10
10
10
10
10
10
10
10
10
10
10
10
10
10
10
10
10
10
10
10
10
10
10
10
10
10
10
10
10
10
10
10
10
10
10
10
10
10
10
10
10
10
10
10
10
10
10
10
10
10
10
10
10
10
10
10
10
10
10
10
10
10
10
10
10
10
10
10
10
10
10
10
10
10
10
10
10
10
10
10
10
10
10
10
10
10
10
10
10
10
10
10
10
10
10
10
10
10
10
10
10
10
10
10
10
10
10
10
10
10
10
10
10
10
10
10
10
10
10
10
10
10
10
10
10
10
10
10
10
10
10
10
10
10
10
10
10
10
10
10
10
10
10
10
10
10
10
10
10
10
10
10
10
10
10
10
10
10
10
10
10
10
10
10
10
10
10
10
10
10
10
10
10
10
10
10
10
10
10
10
10
10
10
10
10
10
10
10
10
10
10
10
10
10
10
10
10
10
10
10
10
10
10
10
10
10
10
10
10
10
10
10
10
10
10
10
10
10
10
10
10
10
10
10
10
10
10
10
10
10
10
10
10
10
10
10
10
10
10
10
10
10
10
10
10
10
10
10
10
10
10
10
10
10
10
10
10
10
10
10
10
10
10
10
10
10
10
10
10
10
10
10
10
10
10
10
10
10
10
10
10
10
10
10
10
10
10
10
10
10
10
10
10
10
10
10
10
10
10
10
10
10
10
10
10
10
10
10
10
10
10
10
10
10
10
10
10
10
10
10
10
10
10
10
10
10
10
10
10
10
10
10
10
10
10
10
10
10
10
10
10
10
10
10
10
10
10
10
10
10
10
10
10
10
10
10
10
10
10
10
10
10
10
10
10
10
10
10
10
10
10
10
10
10
10
10
10
10
10
10
10
10
10
10
10
10
10
10
10
10
10
10
10
10
10
10
10
10
10
10
10
10
10
10
10
10
10
10
10
10
10
10
10
10
10
10
10
10
10
10
10
10
10
10
10
10
10
10
10
10
10
10
10
10
10
10
10
10
10
10
10
10
10
10
10
10
10
10
10
10
10
10
10
10
10
10
10
10
10
10
10
10
10
10
10
10
10
10
10
10
10
10
10
10
10
10
10
10
10
10
10
10
10
10
10
10
10
10
10
10
10
10
10
10
10
10
10
10
10
10
10
10
10
10
10
10
10
10
10
10
10
10
10
10
10
10
10
10
10
10
10
10
10
10
10
10
10
10
10
10
10
10
10
10
10
10
10
10
10
10
10
10
10
10
10
10
10
10
10
10
10
10
10
10
10
10
10
10
10
10
10
10
10
10
10
10
10
10
10
10
10
10
10
10
10
10
10
10
10
10
10
10
10
10
10
10
10
10
10
10
10
10
10
10
10
10
10
10
10
10
10
10
10
10
10
10
10
10
10
10
10
10
10
10
10
10
10
10
10
10
10
10
10
10
10
10
10
10
10
10
10
10
10
10
10
10
10
10
10
10
10
10
10
10
10
10
10
10
10
10
10
10
10
10
10
10
10
10
10
10
10
10
10
10
10
10
10
10
10
10
10
10
10
10
10
10
10
10
10
10
10
10
10
10
10
10
10
10
10
10
10
10
10
10
10
10
10
10
10
10
10
10
10
10
10
10
10
10
10
10
10
10
10
10
10
10
10
10
10
10
10
10
10
10
10
10
10
10
10
10
10
10
10
10
10
10
10
10
10
10
10
10
10
10
10
10
10
10
10
10
10
10
10
10
10
10
10
10
10
10
10
10
10
10
10
10
10
10
10
10
10
10
10
10
10
10
10
10
10
10
10
10
10
10
10
10
10
10
10
10
10
10
10
10
10
10
10
10
10
10
10
10
10
10
10
10
10
10
10
10
10
10
10
10
10
10
10
10
10
10
10
10
10
10
10
10
10
10
10
10
10
10
10
10
10
10
10
10
10
10
10
10
10
10
10
10
10
10
10
10
10
10
10
10
10
10
10
10
10
10
10
10
10
10
10
10
10
10
10
10
10
10
10
10
10
10
10
10
10
10
10
10
10
10
10
10
10
10
10
10
10
10
10
10
10
10
10
10
10
10
10
10
10
10
10
10
10
10
10
10
10
10
10
10
10
10
10
10
10
10
10
10
10
10
10
10
10
10
10
10
10
10
10
10
10
10
10
10
10
10
10
10
10
10
10
10
10
10
10
10
10
10
10
10
10
10
10
10
10
10
10
10
10
10
10
10
10
10
10
10
10
10
10
10
10
10
10
10
10
10
10
10
10
10
10
10
10
10
10
10
10
10
10
10
10
10
10
10
10
10
10
10
10
10
10
10
10
10
10
10
10
10
10
10
10
10
10
10
10
10
10
10
10
10
10
10
10
10
10
10
10
10
10
10
10
10
10
10
10
10
10
10
10
10
10
10
10
10
10
10
10
10
10
10
10
10
10
10
10
10
10
10
10
10
10
10
10
10
10
10
10
10
10
10
10
10
10
10
10
10
10
10
10
10
10
10
10
10
10
10
10
10
10
10
10
10
10
10
10
10
10
10
10
10
10
10
10
10
10
10
10
10
10
10
10
10
10
10
10
10
10
10
10
10
10
10
10
10
10
10
10
10
10
10
10
10
10
10
10
10
10
10
10
10
10
10
10
10
10
10
10
10
10
10
10
10
10
10
10
10
10
10
10
10
10
10
10
10
10
10
10
10
10
10
10
10
10
10
10
10
10
10
10
10
10
10
10
10
10
10
10
10
10
10
10
10
10
10
10
10
10
10
10
10
10
10
10
10
10
10
10
10
10
10
10
10
10
10
10
10
10
10
10
10
10
10
10
10
10
10
10
10
10
10
10
10
10
10
10
10
10
10
10
10
10
10
10
10
10
10
10
10
10
10
10
10
10
10
10
10
10
10
10
10
10
10
10
10
10
10
10
10
10
10
10
10
10
10
10
10
10
10
10
10
10
10
10
10
10
10
10
10
10
10
10
10
10
10
10
10
10
10
10
10
10
10
10
10
10
10
10
10
10
10
10
10
10
10
10
10
10
10
10
10
10
10
10
10
10
10
10
10
10
10
10
10
10
10
10
10
10
10
10
10
10
10
10
10
10
10
10
10
10
10
10
10
10
10
10
10
10
10
10
10
10
10
10
10
10
10
10
10
10
10
10
10
10
10
10
10
10
10
10
10
10
10
10
10
10
10
10
10
10
10
10
10
10
10
10
10
10
10
10
10
10
10
10
10
10
10
10
10
10
10
10
10
10
10
10
10
10
10
10
10
10
10
10
10
10
10
10
10
10
10
10
10
10
10
10
10
10
10
10
10
10
10
10
10
10
10
10
10
10
10
10
10
10
10
10
10
10
10
10
10
10
10
10
10
10
10
10
10
10
10
10
10
10
10
10
10
10
10
10
10
10
10
10
10
10
10
10
10
10
10
10
10
10
10
10
10
10
10
10
10
10
10
10
10
10
10
10
10
10
10
10
10
10
10
10
10
10
10
10
10
10
10
10
10
10
10
10
10
10
10
10
10
10
10
10
10
10
10
10
10
10
10
10
10
10
10
10
10
10
10
10
10
10
10
10
10
10
10
10
10
10
10
10
10
10
10
10
10
10
10
10
10
10
10
10
10
10
10
10
10
10
10
10
10
10
10
10
10
10
10
10
10
10
10
10
10
10
10
10
10
10
10
10
10
10
10
10
10
10
10
10
10
10
10
10
10
10
10
10
10
10
10
10
10
10
10
10
10
10
10
10
10
10
10
10
10
10
10
10
10
10
10
10
10
10
10
10
10
10
10
10
10
10
10
10
10
10
10
10
10
10
10
10
10
10
10
10
10
10
10
10
10
10
10
10
10
10
10
10
10
10
10
10
10
10
10
10
10
10
10
10
10
10
10
10
10
10
10
10
10
10
10
10
10
10
10
10
10
10
10
10
10
10
10
10
10
10
10
10
10
10
10
10
10
10
10
10
10
10
10
10
10
10
10
10
10
10
10
10
10
10
10
10
10
10
10
10
10
10
10
10
10
10
10
10
10
10
10
10
10
10
10
10
10
10
10
10
10
10
10
10
10
10
10
10
10
10
10
10
10
10
10
10
10
10
10
10
10
10
10
10
10
10
10
10
10
10
10
10
10
10
10
10
10
10
10
10
10
10
10
10
10
10
10
10
10
10
10
10
10
10
10
10
10
10
10
10
10
10
10
10
10
10
10
10
10
10
10
10
10
10
10
10
10
10
10
10
10
10
10
10
10
10
10
10
10
10
10
10
10
10
10
10
10
10
10
10
10
10
10
10
10
10
10
10
10
10
10
10
10
10
10
10
10
10
10
10
10
10
10
10
10
10
10
10
10
10
10
10
10
10
10
10
10
10
10
10
10
10
10
10
10
10
10
10
10
10
10
10
10
10
10
10
10
10
10
10
10
10
10
10
10
10
10
10
10
10
10
10
10
10
10
10
10
10
10
10
10
10
10
10
10
10
10
10
10
10
10
10
10
10
10
10
10
10
10
10
10
10
10
10
10
10
10
10
10
10
10
10
10
10
10
10
10
10
10
10
10
10
10
10
10
10
10
10
10
10
10
10
10
10
10
10
10
10
10
10
10
10
10
10
10
10
10
10
10
10
10
10
10
10
10
10
10
10
10
10
10
10
10
10
10
10
10
10
10
10
10
10
10
10
10
10
10
10
10
10
10
10
10
10
10
10
10
10
10
10
10
10
10
10
10
10
10
10
10
10
10
10
10
10
10
10
10
10
10
10
10
10
10
10
10
10
10
10
10
10
10
10
10
10
10
10
10
10
10
10
10
10
10
10
10
10
10
10
10
10
10
10
10
10
10
10
10
10
10
10
10
10
10
10
10
10
10
10
10
10
10
10
10
10
10
10
10
10
10
10
10
10
10
10
10
10
10
10
10
10
10
10
10
10
10
10
10
10
10
10
10
10
10
10
10
10
10
10
10
10
10
10
10
10
10
10
10
10
10
10
10
10
10
10
10
10
10
10
10
10
10
10
10
10
10
10
10
10
10
10
10
10
10
10
10
10
10
10
10
10
10
10
10
10
10
10
10
10
10
10
10
10
10
10
10
10
10
10
10
10
10
10
10
10
10
10
10
10
10
10
10
10
10
10
10
10
10
10
10
10
10
10
10
10
10
10
10
10
10
10
10
10
10
10
10
10
10
10
10
10
10
10
10
10
10
10
10
10
10
10
10
10
10
10
10
10
10
10
10
10
10
10
10
10
10
10
10
10
10
10
10
10
10
10
10
10
10
10
10
10
10
10
10
10
10
10
10
10
10
10
10
10
10
10
10
10
10
10
10
10
10
10
10
10
10
10
10
10
10
10
10
10
10
10
10
10
10
10
10
10
10
10
10
10
10
10
10
10
10
10
10
10
10
10
10
10
10
10
10
10
10
10
10
10
10
10
10
10
10
10
10
10
10
10
10
10
10
10
10
10
10
10
10
10
10
10
10
10
10
10
10
10
10
10
10
10
10
10
10
10
10
10
10
10
10
10
10
10
10
10
10
10
10
10
10
10
10
10
10
10
10
10
10
10
10
10
10
10
10
10
10
10
10
10
10
10
10
10
10
10
10
10
10
10
10
10
10
10
10
10
10
10
10
10
10
10
10
10
10
10
10
10
10
10
10
10
10
10
10
10
10
10
10
10
10
10
10
10
10
10
10
10
10
10
10
10
10
10
10
10
10
10
10
10
10
10
10
10
10
10
10
10
10
10
10
10
10
10
10
10
10
10
10
10
10
10
10
10
10
10
10
10
10
10
10
10
10
10
10
10
10
10
10
10
10
10
10
10
10
10
10
10
10
10
10
10
10
10
10
10
10
10
10
10
10
10
10
10
10
10
10
10
10
10
10
10
10
10
10
10
10
10
10
10
10
10
10
10
10
10
10
10
10
10
10
10
10
10
10
10
10
10
10
10
10
10
10
10
10
10
10
10
10
10
10
10
10
10
10
10
10
10
10
10
10
10
10
10
10
10
10
10
10
10
10
10
10
10
10
10
10
10
10
10
10
10
10
10
10
10
10
10
10
10
10
10
10
10
10
10
10
10
10
10
10
10
10
10
10
10
10
10
10
10
10
10
10
10
10
10
10
10
10
10
10
10
10
10
10
10
10
10
10
10
10
10
10
10
10
10
10
10
10
10
10
10
10
10
10
10
10
10
10
10
10
10
10
10
10
10
10
10
10
10
10
10
10
10
10
10
10
10
10
10
10
10
10
10
10
10
10
10
10
10
10
10
10
10
10
10
10
10
10
10
10
10
10
10
10
10
10
10
10
10
10
10
10
10
10
10
10
10
10
10
10
10
10
10
10
10
10
10
10
10
10
10
10
10
10
10
10
10
10
10
10
10
10
10
10
10
10
10
10
10
10
10
10
10
10
10
10
10
10
10
10
10
10
10
10
10
10
10
10
10
10
10
10
10
10
10
10
10
10
10
10
10
10
10
10
10
10
10
10
10
10
10
10
10
10
10
10
10
10
10
10
10
10
10
10
10
10
10
10
10
10
10
10
10
10
10
10
10
10
10
10
10
10
10
10
10
10
10
10
10
10
10
10
10
10
10
10
10
10
10
10
10
10
10
10
10
10
10
10
10
10
10
10
10
10
10
10
10
10
10
10
10
10
10
10
10
10
10
10
10
10
10
10
10
10
10
10
10
10
10
10
10
10
10
10
10
10
10
10
10
10
10
10
10
10
10
10
10
10
10
10
10
10
10
10
10
10
10
10
10
10
10
10
10
10
10
10
10
10
10
10
10
10
10
10
10
10
10
10
10
10
10
10
10
10
10
10
10
10
10
10
10
10
10
10
10
10
10
10
10
10
10
10
10
10
10
10
10
10
10
10
10
10
10
10
10
10
10
10
10
10
10
10
10
10
10
10
10
10
10
10
10
10
10
10
10
10
10
10
10
10
10
10
10
10
10
10
10
10
10
10
10
10
10
10
10
10
10
10
10
10
10
10
10
10
10
10
10
10
10
10
10
10
10
10
10
10
10
10
10
10
10
10
10
10
10
10
10
10
10
10
10
10
10
10
10
10
10
10
10
10
10
10
10
10
10
10
10
10
10
10
10
10
10
10
10
10
10
10
10
10
10
10
10
10
10
10
10
10
10
10
10
10
10
10
10
10
10
10
10
10
10
10
10
10
10
10
10
10
10
10
10
10
10
10
10
10
10
10
10
10
10
10
10
10
10
10
10
10
10
10
10
10
10
10
10
10
10
10
10
10
10
10
10
10
10
10
10
10
10
10
10
10
10
10
10
10
10
10
10
10
10
10
10
10
10
10
10
10
10
10
10
10
10
10
10
10
10
10
10
10
10
10
10
10
10
10
10
10
10
10
10
10
10
10
10
10
10
10
10
10
10
10
10
10
10
10
10
10
10
10
10
10
10
10
10
10
10
10
10
10
10
10
10
10
10
10
10
10
10
10
10
10
10
10
10
10
10
10
10
10
10
10
10
10
10
10
10
10
10
10
10
10
10
10
10
10
10
10
10
10
10
10
10
10
10
10
10
10
10
10
10
10
10
10
10
10
10
10
10
10
10
10
10
10
10
10
10
10
10
10
10
10
10
10
10
10
10
10
10
10
10
10
10
10
10
10
10
10
10
10
10
10
10
10
10
10
10
10
10
10
10
10
10
10
10
10
10
10
10
10
10
10
10
10
10
10
10
10
10
10
10
10
10
10
10
10
10
10
10
10
10
10
10
10
10
10
10
10
10
10
10
10
10
10
10
10
10
10
10
10
10
10
10
10
10
10
10
10
10
10
10
10
10
10
10
10
10
10
10
10
10
10
10
10
10
10
10
10
10
10
10
10
10
10
10
10
10
10
10
10
10
10
10
10
10
10
10
10
10
10
10
10
10
10
10
10
10
10
10
10
10
10
10
10
10
10
10
10
10
10
10
10
10
10
10
10
10
10
10
10
10
10
10
10
10
10
10
10
10
10
10
10
10
10
10
10
10
10
10
10
10
10
10
10
10
10
10
10
10
10
10
10
10
10
10
10
10
10
10
10
10
10
10
10
10
10
10
10
10
10
10
10
10
10
10
10
10
10
10
10
10
10
10
10
10
10
10
10
10
10
10
10
10
10
10
10
10
10
10
10
10
10
10
10
10
10
10
10
10
10
10
10
10
10
10
10
10
10
10
10
10
10
10
10
10
10
10
10
10
10
10
10
10
10
10
10
10
10
10
10
10
10
10
10
10
10
10
10
10
10
10
10
10
10
10
10
10
10
10
10
10
10
10
10
10
10
10
10
10
10
10
10
10
10
10
10
10
10
10
10
10
10
10
10
10
10
10
10
10
10
10
10
10
10
10
10
10
10
10
10
10
10
10
10
10
10
10
10
10
10
10
10
10
10
10
10
10
10
10
10
10
10
10
10
10
10
10
10
10
10
10
10
10
10
10
10
10
10
10
10
10
10
10
10
10
10
10
10
10
10
10
10
10
10
10
10
10
10
10
10
10
10
10
10
10
10
10
10
10
10
10
10
10
10
10
10
10
10
10
10
10
10
10
10
10
10
10
10
10
10
10
10
10
10
10
10
10
10
10
10
10
10
10
10
10
10
10
10
10
10
10
10
10
10
10
10
10
10
10
10
10
10
10
10
10
10
10
10
10
10
10
10
10
10
10
10
10
10
10
10
10
10
10
10
10
10
10
10
10
10
10
10
10
10
10
10
10
10
10
10
10
10
10
10
10
10
10
10
10
10
10
10
10
10
10
10
10
10
10
10
10
10
10
10
10
10
10
10
10
10
10
10
10
10
10
10
10
10
10
10
10
10
10
10
10
10
10
10
10
10
10
10
10
10
10
10
10
10
10
10
10
10
10
10
10
10
10
10
10
10
10
10
10
10
10
10
10
10
10
10
10
10
10
10
10
10
10
10
10
10
10
10
10
10
10
10
10
10
10
10
10
10
10
10
10
10
10
10
10
10
10
10
10
10
10
10
10
10
10
10
10
10
10
10
10
10
10
10
10
10
10
10
10
10
10
10
10
10
10
10
10
10
10
10
10
10
10
10
10
10
10
10
10
10
10
10
10
10
10
10
10
10
10
10
10
10
10
10
10
10
10
10
10
10
10
10
10
10
10
10
10
10
10
10
10
10
10
10
10
10
10
10
10
10
10
10
10
10
10
10
10
10
10
10
10
10
10
10
10
10
10
10
10
10
10
10
10
10
10
10
10
10
10
10
10
10
10
10
10
10
10
10
10
10
10
10
10
10
10
10
10
10
10
10
10
10
10
10
10
10
10
10
10
10
10
10
10
10
10
10
10
10
10
10
10
10
10
10
10
10
10
10
10
10
10
10
10
10
10
10
10
10
10
10
10
10
10
10
10
10
10
10
10
10
10
10
10
10
10
10
10
10
10
10
10
10
10
10
10
10
10
10
10
10
10
10
10
10
10
10
10
10
10
10
10
10
10
10
10
10
10
10
10
10
10
10
10
10
10
10
10
10
10
10
10
10
10
10
10
10
10
10
10
10
10
10
10
10
10
10
10
10
10
10
10
10
10
10
10
10
10
10
10
10
10
10
10
10
10
10
10
10
10
10
10
10
10
10
10
10
10
10
10
10
10
10
10
10
10
10
10
10
10
10
10
10
10
10
10
10
10
10
10
10
10
10
10
10
10
10
10
10
10
10
10
10
10
10
10
10
10
10
10
10
10
10
10
10
10
10
10
10
10
10
10
10
10
10
10
10
10
10
10
10
10
10
10
10
10
10
10
10
10
10
10
10
10
10
10
10
10
10
10
10
10
10
10
10
10
10
10
10
10
10
10
10
10
10
10
10
10
10
10
10
10
10
10
10
10
10
10
10
10
10
10
10
10
10
10
10
10
10
10
10
10
10
10
10
10
10
10
10
10
10
10
10
10
10
10
10
10
10
10
10
10
10
10
10
10
10
10
10
10
10
10
10
10
10
10
10
10
10
10
10
10
10
10
10
10
10
10
10
10
10
10
10
10
10
10
10
10
10
10
10
10
10
10
10
10
10
10
10
10
10
10
10
10
10
10
10
10
10
10
10
10
10
10
10
10
10
10
10
10
10
10
10
10
10
10
10
10
10
10
10
10
10
10
10
10
10
10
10
10
10
10
10
10
10
10
10
10
10
10
10
10
10
10
10
10
10
10
10
10
10
10
10
10
10
10
10
10
10
10
10
10
10
10
10
10
10
10
10
10
10
10
10
10
10
10
10
10
10
10
10
10
10
10
10
10
10
10
10
10
10
10
10
10
10
10
10
10
10
10
10
10
10
10
10
10
10
10
10
10
10
10
10
10
10
10
10
10
10
10
10
10
10
10
10
10
10
10
10
10
10
10
10
10
10
10
10
10
10
10
10
10
10
10
10
10
10
10
10
10
10
10
10
10
10
10
10
10
10
10
10
10
10
10
10
10
10
10
10
10
10
10
10
10
10
10
10
10
10
10
10
10
10
10
10
10
10
10
10
10
10
10
10
10
10
10
10
10
10
10
10
10
10
10
10
10
10
10
10
10
10
10
10
10
10
10
10
10
10
10
10
10
10
10
10
10
10
10
10
10
10
10
10
10
10
10
10
10
10
10
10
10
10
10
10
10
10
10
10
10
10
10
10
10
10
10
10
10
10
10
10
10
10
10
10
10
10
10
10
10
10
10
10
10
10
10
10
10
10
10
10
10
10
10
10
10
10
10
10
10
10
10
10
10
10
10
10
10
10
10
10
10
10
10
10
10
10
10
10
10
10
10
10
10
10
10
10
10
10
10
10
10
10
10
10
10
10
10
10
10
10
10
10
10
10
10
10
10
10
10
10
10
10
10
10
10
10
10
10
10
10
10
10
10
10
10
10
10
10
10
10
10
10
10
10
10
10
10
10
10
10
10
10
10
10
10
10
10
10
10
10
10
10
10
10
10
10
10
10
10
10
10
10
10
10
10
10
10
10
10
10
10
10
10
10
10
10
10
10
10
10
10
10
10
10
10
10
10
10
10
10
10
10
10
10
10
10
10
10
10
10
10
10
10
10
10
10
10
10
10
10
10
10
10
10
10
10
10
10
10
10
10
10
10
10
10
10
10
10
10
10
10
10
10
10
10
10
10
10
10
10
10
10
10
10
10
10
10
10
10
10
10
10
10
10
10
10
10
10
10
10
10
10
10
10
10
10
10
10
10
10
10
10
10
10
10
10
10
10
10
10
10
10
10
10
10
10
10
10
10
10
10
10
10
10
10
10
10
10
10
10
10
10
10
10
10
10
10
10
10
10
10
10
10
10
10
10
10
10
10
10
10
10
10
10
10
10
10
10
10
10
10
10
10
10
10
10
10
10
10
10
10
10
10
10
10
10
10
10
10
10
10
10
10
10
10
10
10
10
10
10
10
10
10
10
10
10
10
10
10
10
10
10
10
10
10
10
10
10
10
10
10
10
10
10
10
10
10
10
10
10
10
10
10
10
10
10
10
10
10
10
10
10
10
10
10
10
10
10
10
10
10
10
10
10
10
10
10
10
10
10
10
10
10
10
10
10
10
10
10
10
10
10
10
10
10
10
10
10
10
10
10
10
10
10
10
10
10
10
10
10
10
10
10
10
10
10
10
10
10
10
10
10
10
10
10
10
10
10
10
10
10
10
10
10
10
10
10
10
10
10
10
10
10
10
10
10
10
10
10
10
10
10
10
10
10
10
10
10
10
10
10
10
10
10
10
10
10
10
10
10
10
10
10
10
10
10
10
10
10
10
10
10
10
10
10
10
10
10
10
10
10
10
10
10
10
10
10
10
10
10
10
10
10
10
10
10
10
10
10
10
10
10
10
10
10
10
10
10
10
10
10
10
10
10
10
10
10
10
10
10
10
10
10
10
10
10
10
10
10
10
10
10
10
10
10
10
10
10
10
10
10
10
10
10
10
10
10
10
10
10
10
10
10
10
10
10
10
10
10
10
10
10
10
10
10
10
10
10
10
10
10
10
10
10
10
10
10
10
10
10
10
10
10
10
10
10
10
10
10
10
10
10
10
10
10
10
10
10
10
10
10
10
10
10
10
10
10
10
10
10
10
10
10
10
10
10
10
10
10
10
10
10
10
10
10
10
10
10
10
10
10
10
10
10
10
10
10
10
10
10
10
10
10
10
10
10
10
10
10
10
10
10
10
10
10
10
10
10
10
10
10
10
10
10
10
10
10
10
10
10
10
10
10
10
10
10
10
10
10
10
10
10
10
10
10
10
10
10
10
10
10
10
10
10
10
10
10
10
10
10
10
10
10
10
10
10
10
10
10
10
10
10
10
10
10
10
10
10
10
10
10
10
10
10
10
10
10
10
10
10
10
10
10
10
10
10
10
10
10
10
10
10
10
10
10
10
10
10
10
10
10
10
10
10
10
10
10
10
10
10
10
10
10
10
10
10
10
10
10
10
10
10
10
10
10
10
10
10
10
10
10
10
10
10
10
10
10
10
10
10
10
10
10
10
10
10
10
10
10
10
10
10
10
10
10
10
10
10
10
10
10
10
10
10
10
10
10
10
10
10
10
10
10
10
10
10
10
10
10
10
10
10
10
10
10
10
10
10
10
10
10
10
10
10
10
10
10
10
10
10
10
10
10
10
10
10
10
10
10
10
10
10
10
10
10
10
10
10
10
10
10
10
10
10
10
10
10
10
10
10
10
10
10
10
10
10
10
10
10
10
10
10
10
10
10
10
10
10
10
10
10
10
10
10
10
10
10
10
10
10
10
10
10
10
10
10
10
10
10
10
10
10
10
10
10
10
10
10
10
10
10
10
10
10
10
10
10
10
10
10
10
10
10
10
10
10
10
10
10
10
10
10
10
10
10
10
10
10
10
10
10
10
10
10
10
10
10
10
10
10
10
10
10
10
10
10
10
10
10
10
10
10
10
10
10
10
10
10
10
10
10
10
10
10
10
10
10
10
10
10
10
10
10
10
10
10
10
10
10
10
10
10
10
10
10
10
10
10
10
10
10
10
10
10
10
10
10
10
10
10
10
10
10
10
10
10
10
10
10
10
10
10
10
10
10
10
10
10
10
10
10
10
10
10
10
10
10
10
10
10
10
10
10
10
10
10
10
10
10
10
10
10
10
10
10
10
10
10
10
10
10
10
10
10
10
10
10
10
10
10
10
10
10
10
10
10
10
10
10
10
10
10
10
10
10
10
10
10
10
10
10
10
10
10
10
10
10
10
10
10
10
10
10
10
10
10
10
10
10
10
10
10
10
10
10
10
10
10
10
10
10
10
10
10
10
10
10
10
10
10
10
10
10
10
10
10
10
10
10
10
10
10
10
10
10
10
10
10
10
10
10
10
10
10
10
10
10
10
10
10
10
10
10
10
10
10
10
10
10
10
10
10
10
10
10
10
10
10
10
10
10
10
10
10
10
10
10
10
10
10
10
10
10
10
10
10
10
10
10
10
10
10
10
10
10
10
10
10
10
10
10
10
10
10
10
10
10
10
10
10
10
10
10
10
10
10
10
10
10
10
10
10
10
10
10
10
10
10
10
10
10
10
10
10
10
10
10
10
10
10
10
10
10
10
10
10
10
10
10
10
10
10
10
10
10
10
10
10
10
10
10
10
10
10
10
10
10
10
10
10
10
10
10
10
10
10
10
10
10
10
10
10
10
10
10
10
10
10
10
10
10
10
10
10
10
10
10
10
10
10
10
10
10
10
10
10
10
10
10
10
10
10
10
10
10
10
10
10
10
10
10
10
10
10
10
10
10
10
10
10
10
10
10
10
10
10
10
10
10
10
10
10
10
10
10
10
10
10
10
10
10
10
10
10
10
10
10
10
10
10
10
10
10
10
10
10
10
10
10
10
10
10
10
10
10
10
10
10
10
10
10
10
10
10
10
10
10
10
10
10
10
10
10
10
10
10
10
10
10
10
10
10
10
10
10
10
10
10
10
10
10
10
10
10
10
10
10
10
10
10
10
10
10
10
10
10
10
10
10
10
10
10
10
10
10
10
10
10
10
10
10
10
10
10
10
10
10
10
10
10
10
10
10
10
10
10
10
10
10
10
10
10
10
10
10
10
10
10
10
10
10
10
10
10
10
10
10
10
10
10
10
10
10
10
10
10
10
10
10
10
10
10
10
10
10
10
10
10
10
10
10
10
10
10
10
10
10
10
10
10
10
10
10
10
10
10
10
10
10
10
10
10
10
10
10
10
10
10
10
10
10
10
10
10
10
10
10
10
10
10
10
10
10
10
10
10
10
10
10
10
10
10
10
10
10
10
10
10
10
10
10
10
10
10
10
10
10
10
10
10
10
10
10
10
10
10
10
10
10
10
10
10
10
10
10
10
10
10
10
10
10
10
10
10
10
10
10
10
10
10
10
10
10
10
10
10
10
10
10
10
10
10
10
10
10
10
10
10
10
10
10
10
10
10
10
10
10
10
10
10
10
10
10
10
10
10
10
10
10
10
10
10
10
10
10
10
10
10
10
10
10
10
10
10
10
10
10
10
10
10
10
10
10
10
10
10
10
10
10
10
10
10
10
10
10
10
10
10
10
10
10
10
10
10
10
10
10
10
10
10
10
10
10
10
10
10
10
10
10
10
10
10
10
10
10
10
10
10
10
10
10
10
10
10
10
10
10
10
10
10
10
10
10
10
10
10
10
10
10
10
10
10
10
10
10
10
10
10
10
10
10
10
10
10
10
10
10
10
10
10
10
10
10
10
10
10
10
10
10
10
10
10
10
10
10
10
10
10
10
10
10
10
10
10
10
10
10
10
10
10
10
10
10
10
10
10
10
10
10
10
10
10
10
10
10
10
10
10
10
10
10
10
10
10
10
10
10
10
10
10
10
10
10
10
10
10
10
10
10
10
10
10
10
10
10
10
10
10
10
10
10
10
10
10
10
10
10
10
10
10
10
10
10
10
10
10
10
10
10
10
10
10
10
10
10
10
10
10
10
10
10
10
10
10
10
10
10
10
10
10
10
10
10
10
10
10
10
10
10
10
10
10
10
10
10
10
10
10
10
10
10
10
10
10
10
10
10
10
10
10
10
10
10
10
10
10
10
10
10
10
10
10
10
10
10
10
10
10
10
10
10
10
10
10
10
10
10
10
10
10
10
10
10
10
10
10
10
10
10
10
10
10
10
10
10
10
10
10
10
10
10
10
10
10
10
10
10
10
10
10
10
10
10
10
10
10
10
10
10
10
10
10
10
10
10
10
10
10
10
10
10
10
10
10
10
10
10
10
10
10
10
10
10
10
10
10
10
10
10
10
10
10
10
10
10
10
10
10
10
10
10
10
10
10
10
10
10
10
10
10
10
10
10
10
10
10
10
10
10
10
10
10
10
10
10
10
10
10
10
10
10
10
10
10
10
10
10
10
10
10
10
10
10
10
10
10
10
10
10
10
10
10
10
10
10
10
10
10
10
10
10
10
10
10
10
10
10
10
10
10
10
10
10
10
10
10
10
10
10
10
10
10
10
10
10
10
10
10
10
10
10
10
10
10
10
10
10
10
10
10
10
10
10
10
10
10
10
10
10
10
10
10
10
10
10
10
10
10
10
10
10
10
10
10
10
10
10
10
10
10
10
10
10
10
10
10
10
10
10
10
10
10
10
10
10
10
10
10
10
10
10
10
10
10
10
10
10
10
10
10
10
10
10
10
10
10
10
10
10
10
10
10
10
10
10
10
10
10
10
10
10
10
10
10
10
10
10
10
10
10
10
10
10
10
10
10
10
10
10
10
10
10
10
10
10
10
10
10
10
10
10
10
10
10
10
10
10
10
10
10
10
10
10
10
10
10
10
10
10
10
10
10
10
10
10
10
10
10
10
10
10
10
10
10
10
10
10
10
10
10
10
10
10
10
10
10
10
10
10
10
10
10
10
10
10
10
10
10
10
10
10
10
10
10
10
10
10
10
10
10
10
10
10
10
10
10
10
10
10
10
10
10
10
10
10
10
10
10
10
10
10
10
10
10
10
10
10
10
10
10
10
10
10
10
10
10
10
10
10
10
10
10
10
10
10
10
10
10
10
10
10
10
10
10
10
10
10
10
10
10
10
10
10
10
10
10
10
10
10
10
10
10
10
10
10
10
10
10
10
10
10
10
10
10
10
10
10
10
10
10
10
10
10
10
10
10
10
10
10
10
10
10
10
10
10
10
10
10
10
10
10
10
10
10
10
10
10
10
10
10
10
10
10
10
10
10
10
10
10
10
10
10
10
10
10
10
10
10
10
10
10
10
10
10
10
10
10
10
10
10
10
10
10
10
10
10
10
10
10
10
10
10
10
10
10
10
10
10
10
10
10
10
10
10
10
10
10
10
10
10
10
10
10
10
10
10
10
10
10
10
10
10
10
10
10
10
10
10
10
10
10
10
10
10
10
10
10
10
10
10
10
10
10
10
10
10
10
10
10
10
10
10
10
10
10
10
10
10
10
10
10
10
10
10
10
10
10
10
10
10
10
10
10
10
10
10
10
10
10
10
10
10
10
10
10
10
10
10
10
10
10
10
10
10
10
10
10
10
10
10
10
10
10
10
10
10
10
10
10
10
10
10
10
10
10
10
10
10
10
10
10
10
10
10
10
10
10
10
10
10
10
10
10
10
10
10
10
10
10
10
10
10
10
10
10
10
10
10
10
10
10
10
10
10
10
10
10
10
10
10
10
10
10
10
10
10
10
10
10
10
10
10
10
10
10
10
10
10
10
10
10
10
10
10
10
10
10
10
10
10
10
10
10
10
10
10
10
10
10
10
10
10
10
10
10
10
10
10
10
10
10
10
10
10
10
10
10
10
10
10
10
10
10
10
10
10
10
10
10
10
10
10
10
10
10
10
10
10
10
10
10
10
10
10
10
10
10
10
10
10
10
10
10
10
10
10
10
10
10
10
10
10
10
10
10
10
10
10
10
10
10
10
10
10
10
10
10
10
10
10
10
10
10
10
10
10
10
10
10
10
10
10
10
10
10
10
10
10
10
10
10
10
10
10
10
10
10
10
10
10
10
10
10
10
10
10
10
10
10
10
10
10
10
10
10
10
10
10
10
10
10
10
10
10
10
10
10
10
10
10
10
10
10
10
10
10
10
10
10
10
10
10
10
10
10
10
10
10
10
10
10
10
10
10
10
10
10
10
10
10
10
10
10
10
10
10
10
10
10
10
10
10
10
10
10
10
10
10
10
10
10
10
10
10
10
10
10
10
10
10
10
10
10
10
10
10
10
10
10
10
10
10
10
10
10
10
10
10
10
10
10
10
10
10
10
10
10
10
10
10
10
10
10
10
10
10
10
10
10
10
10
10
10
10
10
10
10
10
10
10
10
10
10
10
10
10
10
10
10
10
10
10
10
10
10
10
10
10
10
10
10
10
10
10
10
10
10
10
10
10
10
10
10
10
10
10
10
10
10
10
10
10
10
10
10
10
10
10
10
10
10
10
10
10
10
10
10
10
10
10
10
10
10
10
10
10
10
10
10
10
10
10
10
10
10
10
10
10
10
10
10
10
10
10
10
10
10
10
10
10
10
10
10
10
10
10
10
10
10
10
10
10
10
10
10
10
10
10
10
10
10
10
10
10
10
10
10
10
10
10
10
10
10
10
10
10
10
10
10
10
10
10
10
10
10
10
10
10
10
10
10
10
10
10
10
10
10
10
10
10
10
10
10
10
10
10
10
10
10
10
10
10
10
10
10
10
10
10
10
10
10
10
10
10
10
10
10
10
10
10
10
10
10
10
10
10
10
10
10
10
10
10
10
10
10
10
10
10
10
10
10
10
10
10
10
10
10
10
10
10
10
10
10
10
10
10
10
10
10
10
10
10
10
10
10
10
10
10
10
10
10
10
10
10
10
10
10
10
10
10
10
10
10
10
10
10
10
10
10
10
10
10
10
10
10
10
10
10
10
10
10
10
10
10
10
10
10
10
10
10
10
10
10
10
10
10
10
10
10
10
10
10
10
10
10
10
10
10
10
10
10
10
10
10
10
10
10
10
10
10
10
10
10
10
10
10
10
10
10
10
10
10
10
10
10
10
10
10
10
10
10
10
10
10
10
10
10
10
10
10
10
10
10
10
10
10
10
10
10
10
10
10
10
10
10
10
10
10
10
10
10
10
10
10
10
10
10
10
10
10
10
10
10
10
10
10
10
10
10
10
10
10
10
10
10
10
10
10
10
10
10
10
10
10
10
10
10
10
10
10
10
10
10
10
10
10
10
10
10
10
10
10
10
10
10
10
10
10
10
10
10
10
10
10
10
10
10
10
10
10
10
10
10
10
10
10
10
10
10
10
10
10
10
10
10
10
10
10
10
10
10
10
10
10
10
10
10
10
10
10
10
10
10
10
10
10
10
10
10
10
10
10
10
10
10
10
10
10
10
10
10
10
10
10
10
10
10
10
10
10
10
10
10
10
10
10
10
10
10
10
10
10
10
10
10
10
10
10
10
10
10
10
10
10
10
10
10
10
10
10
10
10
10
10
10
10
10
10
10
10
10
10
10
10
10
10
10
10
10
10
10
10
10
10
10
10
10
10
10
10
10
10
10
10
10
10
10
10
10
10
10
10
10
10
10
10
10
10
10
10
10
10
10
10
10
10
10
10
10
10
10
10
10
10
10
10
10
10
10
10
10
10
10
10
10
10
10
10
10
10
10
10
10
10
10
10
10
10
10
10
10
10
10
10
10
10
10
10
10
10
10
10
10
10
10
10
10
10
10
10
10
10
10
10
10
10
10
10
10
10
10
10
10
10
10
10
10
10
10
10
10
10
10
10
10
10
10
10
10
10
10
10
10
10
10
10
10
10
10
10
10
10
10
10
10
10
10
10
10
10
10
10
10
10
10
10
10
10
10
10
10
10
10
10
10
10
10
10
10
10
10
10
10
10
10
10
10
10
10
10
10
10
10
10
10
10
10
10
10
10
10
10
10
10
10
10
10
10
10
10
10
10
10
10
10
10
10
10
10
10
10
10
10
10
10
10
10
10
10
10
10
10
10
10
10
10
10
10
10
10
10
10
10
10
10
10
10
10
10
10
10
10
10
10
10
10
10
10
10
10
10
10
10
10
10
10
10
10
10
10
10
10
10
10
10
10
10
10
10
10
10
10
10
10
10
10
10
10
10
10
10
10
10
10
10
10
10
10
10
10
10
10
10
10
10
10
10
10
10
10
10
10
10
10
10
10
10
10
10
10
10
10
10
10
10
10
10
10
10
10
10
10
10
10
10
10
10
10
10
10
10
10
10
10
10
10
10
10
10
10
10
10
10
10
10
10
10
10
10
10
10
10
10
10
10
10
10
10
10
10
10
10
10
10
10
10
10
10
10
10
10
10
10
10
10
10
10
10
10
10
10
10
10
10
10
10
10
10
10
10
10
10
10
10
10
10
10
10
10
10
10
10
10
10
10
10
10
10
10
10
10
10
10
10
10
10
10
10
10
10
10
10
10
10
10
10
10
10
10
10
10
10
10
10
10
10
10
10
10
10
10
10
10
10
10
10
10
10
10
10
10
10
10
10
10
10
10
10
10
10
10
10
10
10
10
10
10
10
10
10
10
10
10
10
10
10
10
10
10
10
10
10
10
10
10
10
10
10
10
10
10
10
10
10
10
10
10
10
10
10
10
10
10
10
10
10
10
10
10
10
10
10
10
10
10
10
10
10
10
10
10
10
10
10
10
10
10
10
10
10
10
10
10
10
10
10
10
10
10
10
10
10
10
10
10
10
10
10
10
10
10
10
10
10
10
10
10
10
10
10
10
10
10
10
10
10
10
10
10
10
10
10
10
10
10
10
10
10
10
10
10
10
10
10
10
10
10
10
10
10
10
10
10
10
10
10
10
10
10
10
10
10
10
10
10
10
10
10
10
10
10
10
10
10
10
10
10
10
10
10
10
10
10
10
10
10
10
10
10
10
10
10
10
10
10
10
10
10
10
10
10
10
10
10
10
10
10
10
10
10
10
10
10
10
10
10
10
10
10
10
10
10
10
10
10
10
10
10
10
10
10
10
10
10
10
10
10
10
10
10
10
10
10
10
10
10
10
10
10
10
10
10
10
10
10
10
10
10
10
10
10
10
10
10
10
10
10
10
10
10
10
10
10
10
10
10
10
10
10
10
10
10
10
10
10
10
10
10
10
10
10
10
10
10
10
10
10
10
10
10
10
10
10
10
10
10
10
10
10
10
10
10
10
10
10
10
10
10
10
10
10
10
10
10
10
10
10
10
10
10
10
10
10
10
10
10
10
10
10
10
10
10
10
10
10
10
10
10
10
10
10
10
10
10
10
10
10
10
10
10
10
10
10
10
10
10
10
10
10
10
10
10
10
10
10
10
10
10
10
10
10
10
10
10
10
10
10
10
10
10
10
10
10
10
10
10
10
10
10
10
10
10
10
10
10
10
10
10
10
10
10
10
10
10
10
10
10
10
10
10
10
10
10
10
10
10
10
10
10
10
10
10
10
10
10
10
10
10
10
10
10
10
10
10
10
10
10
10
10
10
10
10
10
10
10
10
10
10
10
10
10
10
10
10
10
10
10
10
10
10
10
10
10
10
10
10
10
10
10
10
10
10
10
10
10
10
10
10
10
10
10
10
10
10
10
10
10
10
10
10
10
10
10
10
10
10
10
10
10
10
10
10
10
10
10
10
10
10
10
10
10
10
10
10
10
10
10
10
10
10
10
10
10
10
10
10
10
10
10
10
10
10
10
10
10
10
10
10
10
10
10
10
10
10
10
10
10
10
10
10
10
10
10
10
10
10
10
10
10
10
10
10
10
10
10
10
10
10
10
10
10
10
10
10
10
10
10
10
10
10
10
10
10
10
10
10
10
10
10
10
10
10
10
10
10
10
10
10
10
10
10
10
10
10
10
10
10
10
10
10
10
10
10
10
10
10
10
10
10
10
10
10
10
10
10
10
10
10
10
10
10
10
10
10
10
10
10
10
10
10
10
10
10
10
10
10
10
10
10
10
10
10
10
10
10
10
10
10
10
10
10
10
10
10
10
10
10
10
10
10
10
10
10
10
10
10
10
10
10
10
10
10
10
10
10
10
10
10
10
10
10
10
10
10
10
10
10
10
10
10
10
10
10
10
10
10
10
10
10
10
10
10
10
10
10
10
10
10
10
10
10
10
10
10
10
10
10
10
10
10
10
10
10
10
10
10
10
10
10
10
10
10
10
10
10
10
10
10
10
10
10
10
10
10
10
10
10
10
10
10
10
10
10
10
10
10
10
10
10
10
10
10
10
10
10
10
10
10
10
10
10
10
10
10
10
10
10
10
10
10
10
10
10
10
10
10
10
10
10
10
10
10
10
10
10
10
10
10
10
10
10
10
10
10
10
10
10
10
10
10
10
10
10
10
10
10
10
10
10
10
10
10
10
10
10
10
10
10
10
10
10
10
10
10
10
10
10
10
10
10
10
10
10
10
10
10
10
10
10
10
10
10
10
10
10
10
10
10
10
10
10
10
10
10
10
10
10
10
10
10
10
10
10
10
10
10
10
10
10
10
10
10
10
10
10
10
10
10
10
10
10
10
10
10
10
10
10
10
10
10
10
10
10
10
10
10
10
10
10
10
10
10
10
10
10
10
10
10
10
10
10
10
10
10
10
10
10
10
10
10
10
10
10
10
10
10
10
10
10
10
10
10
10
10
10
10
10
10
10
10
10
10
10
10
10
10
10
10
10
10
10
10
10
10
10
10
10
10
10
10
10
10
10
10
10
10
10
10
10
10
10
10
10
10
10
10
10
10
10
10
10
10
10
10
10

CELL_DATA 24104
SCALARS CellEntityIds int 1
LOOKUP_TABLE default
3
3
3
3
3
3
3
3
3
3
3
3
3
3
3
3
3
3
3
3
3
3
3
3
3
3
3
3
3
3
3
3
3
3
3
3
3
3
3
3
3
3
3
3
3
3
3
3
3
3
3
3
3
3
3
3
3
3
3
3
3
3
3
3
3
3
3
3
3
3
3
3
3
3
3
3
3
3
3
3
3
3
3
3
3
3
3
3
3
3
3
3
3
3
3
3
3
3
3
3
3
3
3
3
3
3
3
3
3
3
3
3
3
3
3
3
3
3
3
3
3
3
3
3
3
3
3
3
3
3
3
3
3
3
3
3
3
3
3
3
3
3
3
3
3
3
3
3
3
3
3
3
3
3
3
3
3
3
3
3
3
3
3
3
3
3
3
3
3
3
3
3
3
3
3
3
3
3
3
3
3
3
3
3
3
3
3
3
3
3
3
3
3
3
3
3
3
3
3
3
3
3
3
3
3
3
3
3
3
3
3
3
3
3
3
3
3
3
3
3
3
3
3
3
3
3
3
3
3
3
3
3
3
3
3
3
3
3
3
3
3
3
3
3
3
3
3
3
3
3
3
3
3
3
3
3
3
3
3
3
3
3
3
3
3
3
3
3
2
2
2
2
2
2
2
2
2
2
2
2
2
2
2
2
2
2
2
2
2
2
2
2
2
2
2
2
2
2
2
2
2
2
2
2
2
2
2
2
2
2
2
2
2
2
2
2
2
2
2
2
2
2
2
2
2
2
2
2
2
2
2
2
2
2
2
2
1
1
1
1
1
1
1
1
1
1
1
1
1
1
1
1
1
1
1
1
1
1
1
1
1
1
1
1
1
1
1
1
1
1
1
1
1
1
1
1
1
1
1
1
1
1
1
1
1
1
1
1
1
1
1
1
1
1
1
1
1
1
1
1
1
1
1
1
4
4
4
4
4
4
4
4
4
4
4
4
4
4
4
4
4
4
4
4
4
4
4
4
4
4
4
4
4
4
4
4
4
4
4
4
4
4
4
4
4
4
4
4
4
4
4
4
4
4
4
4
4
4
4
4
4
4
4
4
4
4
4
4
4
4
4
4
4
4
4
4
4
4
4
4
4
4
4
4
4
4
4
4
4
4
4
4
4
4
4
4
4
4
4
4
4
4
4
4
4
4
4
4
4
4
4
4
4
4
4
4
4
4
4
4
4
4
4
4
4
4
4
4
4
4
4
4
4
4
4
4
4
4
4
4
4
4
4
4
4
4
4
4
4
4
4
4
4
4
4
4
4
4
4
4
4
4
4
4
4
4
4
4
4
4
4
4
4
4
4
4
4
4
4
4
4
4
4
4
4
4
4
4
4
4
4
4
4
4
4
4
4
4
4
4
4
4
4
4
4
4
4
4
4
4
4
4
4
4
4
4
4
4
4
4
4
4
4
4
4
4
4
4
4
4
4
4
4
4
4
4
4
4
4
4
4
4
4
4
4
4
4
4
4
4
4
4
4
4
4
4
4
4
4
4
4
4
4
4
4
4
4
4
4
4
4
4
4
4
4
4
4
4
4
4
4
4
4
4
4
4
4
4
4
4
4
4
4
4
4
4
4
4
4
4
4
4
4
4
4
4
4
4
4
4
4
4
4
4
4
4
4
4
4
4
4
4
4
4
4
4
4
4
4
4
4
4
4
4
4
4
4
4
4
4
4
4
4
4
4
4
4
4
4
4
4
4
4
4
4
4
4
4
4
4
4
4
4
4
4
4
4
4
4
4
4
4
4
4
4
4
4
4
4
4
4
4
4
4
4
4
4
4
4
4
4
4
4
4
4
4
4
4
4
4
4
4
4
4
4
4
4
4
4
4
4
4
4
4
4
4
4
4
4
4
4
4
4
4
4
4
4
4
4
4
4
4
4
4
4
4
4
4
4
4
4
4
4
4
4
4
4
4
4
4
4
4
4
4
4
4
4
4
4
4
4
4
4
4
4
4
4
4
4
4
4
4
4
4
4
4
4
4
4
4
4
4
4
4
4
4
4
4
4
4
4
4
4
4
4
4
4
4
4
4
4
4
4
4
4
4
4
4
4
4
4
4
4
4
4
4
4
4
4
4
4
4
4
4
4
4
4
4
4
4
4
4
4
4
4
4
4
4
4
4
4
4
4
4
4
4
4
4
4
4
4
4
4
4
4
4
4
4
4
4
4
4
4
4
4
4
4
4
4
4
4
4
4
4
4
4
4
4
4
4
4
4
4
4
4
4
4
4
4
4
4
4
4
4
4
4
4
4
4
4
4
4
4
4
4
4
4
4
4
4
4
4
4
4
4
4
4
4
4
4
4
4
4
4
4
4
4
4
4
4
4
4
4
4
4
4
4
4
4
4
4
4
4
4
4
4
4
4
4
4
4
4
4
4
4
4
4
4
4
4
4
4
4
4
4
4
4
4
4
4
4
4
4
4
4
4
4
4
4
4
4
4
4
4
4
4
4
4
4
4
4
4
4
4
4
4
4
4
4
4
4
4
4
4
4
4
4
4
4
4
4
4
4
4
4
4
4
4
4
4
4
4
4
4
4
4
4
4
4
4
4
4
4
4
4
4
4
4
4
4
4
4
4
4
4
4
4
4
4
4
4
4
4
4
4
4
4
4
4
4
4
4
4
4
4
4
4
4
4
4
4
4
4
4
4
4
4
4
4
4
4
4
4
4
4
4
4
4
4
4
4
4
4
4
4
4
4
4
4
4
4
4
4
4
4
4
4
4
4
4
4
4
4
4
4
4
4
4
4
4
4
4
4
4
4
4
4
4
4
4
4
4
4
4
4
4
4
4
4
4
4
4
4
4
4
4
4
4
4
4
4
4
4
4
4
4
4
4
4
4
4
4
4
4
4
4
4
4
4
4
4
4
4
4
4
4
4
4
4
4
4
4
4
4
4
4
4
4
4
4
4
4
4
4
4
4
4
4
4
4
4
4
4
4
4
4
4
4
4
4
4
4
4
4
4
4
4
4
4
4
4
4
4
4
4
4
4
4
4
4
4
4
4
4
4
4
4
4
4
4
4
4
4
4
4
4
4
4
4
4
4
4
4
4
4
4
4
4
4
4
4
4
4
4
4
4
4
4
4
4
4
4
4
4
4
4
4
4
4
4
4
4
4
4
4
4
4
4
4
4
4
4
4
4
4
4
4
4
4
4
4
4
4
4
4
4
4
4
4
4
4
4
4
4
4
4
4
4
4
4
4
4
4
4
4
4
4
4
4
4
4
4
4
4
4
4
4
4
4
4
4
4
4
4
4
4
4
4
4
4
4
4
4
4
4
4
4
4
4
4
4
4
4
4
4
4
4
4
4
4
4
4
4
4
4
4
4
4
4
4
4
4
4
4
4
4
4
4
4
4
4
4
4
4
4
4
4
4
4
4
4
4
4
4
4
4
4
4
4
4
4
4
4
4
4
4
4
4
4
4
4
4
4
4
4
4
4
4
4
4
4
4
4
4
4
4
4
4
4
4
4
4
4
4
4
4
4
4
4
4
4
4
4
4
4
4
4
4
4
4
4
4
4
4
4
4
4
4
4
4
4
4
4
4
4
4
4
4
4
4
4
4
4
4
4
4
4
4
4
4
4
4
4
4
4
4
4
4
4
4
4
4
4
4
4
4
4
4
4
4
4
4
4
4
4
4
4
4
4
4
4
4
4
4
4
4
4
4
4
4
4
4
4
4
4
4
4
4
4
4
4
4
4
4
4
4
4
4
4
4
4
4
4
4
4
4
4
4
4
4
4
4
4
4
4
4
4
4
4
4
4
4
4
4
4
4
4
4
4
4
4
4
4
4
4
4
4
4
4
4
4
4
4
4
4
4
4
4
4
4
4
4
4
4
4
4
4
4
4
4
4
4
4
4
4
4
4
4
4
4
4
4
4
4
4
4
4
4
4
4
4
4
4
4
4
4
4
4
4
4
4
4
4
4
4
4
4
4
4
4
4
4
4
4
4
4
4
4
4
4
4
4
4
4
4
4
4
4
4
4
4
4
4
4
4
4
4
4
4
4
4
4
4
4
4
4
4
4
4
4
4
4
4
4
4
4
4
4
4
4
4
4
4
4
4
4
4
4
4
4
4
4
4
4
4
4
4
4
4
4
4
4
4
4
4
4
4
4
4
4
4
4
4
4
4
4
4
4
4
4
4
4
4
4
4
4
4
4
4
4
4
4
4
4
4
4
4
4
4
4
4
4
4
4
4
4
4
4
4
4
4
4
4
4
4
4
4
4
4
4
4
4
4
4
4
4
4
4
4
4
4
4
4
4
4
4
4
4
4
4
4
4
4
4
4
4
4
4
4
4
4
4
4
4
4
4
4
4
4
4
4
4
4
4
4
4
4
4
4
4
4
4
4
4
4
4
4
4
4
4
4
4
4
4
4
4
4
4
4
4
4
4
4
4
4
4
4
4
4
4
4
4
4
4
4
4
4
4
4
4
4
4
4
4
4
4
4
4
4
4
4
4
4
4
4
4
4
4
4
4
4
4
4
4
4
4
4
4
4
4
4
4
4
4
4
4
4
4
4
4
4
4
4
4
4
4
4
4
4
4
4
4
4
4
4
4
4
4
4
4
4
4
4
4
4
4
4
4
4
4
4
4
4
4
4
4
4
4
4
4
4
4
4
4
4
4
4
4
4
4
4
4
4
4
4
4
4
4
4
4
4
4
4
4
4
4
4
4
4
4
4
4
4
4
4
4
4
4
4
4
4
4
4
4
4
4
4
4
4
4
4
4
4
4
4
4
4
4
4
4
4
4
4
4
4
4
4
4
4
4
4
4
4
4
4
4
4
4
4
4
4
4
4
4
4
4
4
4
4
4
4
4
4
4
4
4
4
4
4
4
4
4
4
4
4
4
4
4
4
4
4
4
4
4
4
4
4
4
4
4
4
4
4
4
4
4
4
4
4
4
4
4
4
4
4
4
4
4
4
4
4
4
4
4
4
4
4
4
4
4
4
4
4
4
4
4
4
4
4
4
4
4
4
4
4
4
4
4
4
4
4
4
4
4
4
4
4
4
4
4
4
4
4
4
4
4
4
4
4
4
4
4
4
4
4
4
4
4
4
4
4
4
4
4
4
4
4
4
4
4
4
4
4
4
4
4
4
4
4
4
4
4
4
4
4
4
4
4
4
4
4
4
4
4
4
4
4
4
4
4
4
4
4
4
4
4
4
4
4
4
4
4
4
4
4
4
4
4
4
4
4
4
4
4
4
4
4
4
4
4
4
4
4
4
4
4
4
4
4
4
4
4
4
4
4
4
4
4
4
4
4
4
4
4
4
4
4
4
4
4
4
4
4
4
4
4
4
4
4
4
4
4
4
4
4
4
4
4
4
4
4
4
4
4
4
4
4
4
4
4
4
4
4
4
4
4
4
4
4
4
4
4
4
4
4
4
4
4
4
4
4
4
4
4
4
4
4
4
4
4
4
4
4
4
4
4
4
4
4
4
4
4
4
4
4
4
4
4
4
4
4
4
4
4
4
4
4
4
4
4
4
4
4
4
4
4
4
4
4
4
4
4
4
4
4
4
4
4
4
4
4
4
4
4
4
4
4
4
4
4
4
4
4
4
4
4
4
4
4
4
4
4
4
4
4
4
4
4
4
4
4
4
4
4
4
4
4
4
4
4
4
4
4
4
4
4
4
4
4
4
4
4
4
4
4
4
4
4
4
4
4
4
4
4
4
4
4
4
4
4
4
4
4
4
4
4
4
4
4
4
4
4
4
4
4
4
4
4
4
4
4
4
4
4
4
4
4
4
4
4
4
4
4
4
4
4
4
4
4
4
4
4
4
4
4
4
4
4
4
4
4
4
4
4
4
4
4
4
4
4
4
4
4
4
4
4
4
4
4
4
4
4
4
4
4
4
4
4
4
4
4
4
4
4
4
4
4
4
4
4
4
4
4
4
4
4
4
4
4
4
4
4
4
4
4
4
4
4
4
4
4
4
4
4
4
4
4
4
4
4
4
4
4
4
4
4
4
4
4
4
4
4
4
4
4
4
4
4
4
4
4
4
4
4
4
4
4
4
4
4
4
4
4
4
4
4
4
4
4
4
4
4
4
4
4
4
4
4
4
4
4
4
4
4
4
4
4
4
4
4
4
4
4
4
4
4
4
4
4
4
4
4
4
4
4
4
4
4
4
4
4
4
4
4
4
4
4
4
4
4
4
4
4
4
4
4
4
4
4
4
4
4
4
4
4
4
4
4
4
4
4
4
4
4
4
4
4
4
4
4
4
4
4
4
4
4
4
4
4
4
4
4
4
4
4
4
4
4
4
4
4
4
4
4
4
4
4
4
4
4
4
4
4
4
4
4
4
4
4
4
4
4
4
4
4
4
4
4
4
4
4
4
4
4
4
4
4
4
4
4
4
4
4
4
4
4
4
4
4
4
4
4
4
4
4
4
4
4
4
4
4
4
4
4
4
4
4
4
4
4
4
4
4
4
4
4
4
4
4
4
4
4
4
4
4
4
4
4
4
4
4
4
4
4
4
4
4
4
4
4
4
4
4
4
4
4
4
4
4
4
4
4
4
4
4
4
4
4
4
4
4
4
4
4
4
4
4
4
4
4
4
4
4
4
4
4
4
4
4
4
4
4
4
4
4
4
4
4
4
4
4
4
4
4
4
4
4
4
4
4
4
4
4
4
4
4
4
4
4
4
4
4
4
4
4
4
4
4
4
4
4
4
4
4
4
4
4
4
4
4
4
4
4
4
4
4
4
4
4
4
4
4
4
4
4
4
4
4
4
4
4
4
4
4
4
4
4
4
4
4
4
4
4
4
4
4
4
4
4
4
4
4
4
4
4
4
4
4
4
4
4
4
4
4
4
4
4
4
4
4
4
4
4
4
4
4
4
4
4
4
4
4
4
4
4
4
4
4
4
4
4
4
4
4
4
4
4
4
4
4
4
4
4
4
4
4
4
4
4
4
4
4
4
4
4
4
4
4
4
4
4
4
4
4
4
4
4
4
4
4
4
4
4
4
4
4
4
4
4
4
4
4
4
4
4
4
4
4
4
4
4
4
4
4
4
4
4
4
4
4
4
4
4
4
4
4
4
4
4
4
4
4
4
4
4
4
4
4
4
4
4
4
4
4
4
4
4
4
4
4
4
4
4
4
4
4
4
4
4
4
4
4
4
4
4
4
4
4
4
4
4
4
4
4
4
4
4
4
4
4
4
4
4
4
4
4
4
4
4
4
4
4
4
4
4
4
4
4
4
4
4
4
4
4
4
4
4
4
4
4
4
4
4
4
4
4
4
4
4
4
4
4
4
4
4
4
4
4
4
4
4
4
4
4
4
4
4
4
4
4
4
4
4
4
4
4
4
4
4
4
4
4
4
4
4
4
4
4
4
4
4
4
4
4
4
4
4
4
4
4
4
4
4
4
4
4
4
4
4
4
4
4
4
4
4
4
4
4
4
4
4
4
4
4
4
4
4
4
4
4
4
4
4
4
4
4
4
4
4
4
4
4
4
4
4
4
4
4
4
4
4
4
4
4
4
4
4
4
4
4
4
4
4
4
4
4
4
4
4
4
4
4
4
4
4
4
4
4
4
4
4
4
4
4
4
4
4
4
4
4
4
4
4
4
4
4
4
4
4
4
4
4
4
4
4
4
4
4
4
4
4
4
4
4
4
4
4
4
4
4
4
4
4
4
4
4
4
4
4
4
4
4
4
4
4
4
4
4
4
4
4
4
4
4
4
4
4
4
4
4
4
4
4
4
4
4
4
4
4
4
4
4
4
4
4
4
4
4
4
4
4
4
4
4
4
4
4
4
4
4
4
4
4
4
4
4
4
4
4
4
4
4
4
4
4
4
4
4
4
4
4
4
4
4
4
4
4
4
4
4
4
4
4
4
4
4
4
4
4
4
4
4
4
4
4
4
4
4
4
4
4
4
4
4
4
4
4
4
4
4
4
4
4
4
4
4
4
4
4
4
4
4
4
4
4
4
4
4
4
4
4
4
4
4
4
4
4
4
4
4
4
4
4
4
4
4
4
4
4
4
4
4
4
4
4
4
4
4
4
4
4
4
4
4
4
4
4
4
4
4
4
4
4
4
4
4
4
4
4
4
4
4
4
4
4
4
4
4
4
4
4
4
4
4
4
4
4
4
4
4
4
4
4
4
4
4
4
4
4
4
4
4
4
4
4
4
4
4
4
4
4
4
4
4
4
4
4
4
4
4
4
4
4
4
4
4
4
4
4
4
4
4
4
4
4
4
4
4
4
4
4
4
4
4
4
4
4
4
4
4
4
4
4
4
4
4
4
4
4
4
4
4
4
4
4
4
4
4
4
4
4
4
4
4
4
4
4
4
4
4
4
4
4
4
4
4
4
4
4
4
4
4
4
4
4
4
4
4
4
4
4
4
4
4
4
4
4
4
4
4
4
4
4
4
4
4
4
4
4
4
4
4
4
4
4
4
4
4
4
4
4
4
4
4
4
4
4
4
4
4
4
4
4
4
4
4
4
4
4
4
4
4
4
4
4
4
4
4
4
4
4
4
4
4
4
4
4
4
4
4
4
4
4
4
4
4
4
4
4
4
4
4
4
4
4
4
4
4
4
4
4
4
4
4
4
4
4
4
4
4
4
4
4
4
4
4
4
4
4
4
4
4
4
4
4
4
4
4
4
4
4
4
4
4
4
4
4
4
4
4
4
4
4
4
4
4
4
4
4
4
4
4
4
4
4
4
4
4
4
4
4
4
4
4
4
4
4
4
4
4
4
4
4
4
4
4
4
4
4
4
4
4
4
4
4
4
4
4
4
4
4
4
4
4
4
4
4
4
4
4
4
4
4
4
4
4
4
4
4
4
4
4
4
4
4
4
4
4
4
4
4
4
4
4
4
4
4
4
4
4
4
4
4
4
4
4
4
4
4
4
4
4
4
4
4
4
4
4
4
4
4
4
4
4
4
4
4
4
4
4
4
4
4
4
4
4
4
4
4
4
4
4
4
4
4
4
4
4
4
4
4
4
4
4
4
4
4
4
4
4
4
4
4
4
4
4
4
4
4
4
4
4
4
4
4
4
4
4
4
4
4
4
4
4
4
4
4
4
4
4
4
4
4
4
4
4
4
4
4
4
4
4
4
4
4
4
4
4
4
4
4
4
4
4
4
4
4
4
4
4
4
4
4
4
4
4
4
4
4
4
4
4
4
4
4
4
4
4
4
4
4
4
4
4
4
4
4
4
4
4
4
4
4
4
4
4
4
4
4
4
4
4
4
4
4
4
4
4
4
4
4
4
4
4
4
4
4
4
4
4
4
4
4
4
4
4
4
4
4
4
4
4
4
4
4
4
4
4
4
4
4
4
4
4
4
4
4
4
4
4
4
4
4
4
4
4
4
4
4
4
4
4
4
4
4
4
4
4
4
4
4
4
4
4
4
4
4
4
4
4
4
4
4
4
4
4
4
4
4
4
4
4
4
4
4
4
4
4
4
4
4
4
4
4
4
4
4
4
4
4
4
4
4
4
4
4
4
4
4
4
4
4
4
4
4
4
4
4
4
4
4
4
4
4
4
4
4
4
4
4
4
4
4
4
4
4
4
4
4
4
4
4
4
4
4
4
4
4
4
4
4
4
4
4
4
4
4
4
4
4
4
4
4
4
4
4
4
4
4
4
4
4
4
4
4
4
4
4
4
4
4
4
4
4
4
4
4
4
4
4
4
4
4
4
4
4
4
4
4
4
4
4
4
4
4
4
4
4
4
4
4
4
4
4
4
4
4
4
4
4
4
4
4
4
4
4
4
4
4
4
4
4
4
4
4
4
4
4
4
4
4
4
4
4
4
4
4
4
4
4
4
4
4
4
4
4
4
4
4
4
4
4
4
4
4
4
4
4
4
4
4
4
4
4
4
4
4
4
4
4
4
4
4
4
4
4
4
4
4
4
4
4
4
4
4
4
4
4
4
4
4
4
4
4
4
4
4
4
4
4
4
4
4
4
4
4
4
4
4
4
4
4
4
4
4
4
4
4
4
4
4
4
4
4
4
4
4
4
4
4
4
4
4
4
4
4
4
4
4
4
4
4
4
4
4
4
4
4
4
4
4
4
4
4
4
4
4
4
4
4
4
4
4
4
4
4
4
4
4
4
4
4
4
4
4
4
4
4
4
4
4
4
4
4
4
4
4
4
4
4
4
4
4
4
4
4
4
4
4
4
4
4
4
4
4
4
4
4
4
4
4
4
4
4
4
4
4
4
4
4
4
4
4
4
4
4
4
4
4
4
4
4
4
4
4
4
4
4
4
4
4
4
4
4
4
4
4
4
4
4
4
4
4
4
4
4
4
4
4
4
4
4
4
4
4
4
4
4
4
4
4
4
4
4
4
4
4
4
4
4
4
4
4
4
4
4
4
4
4
4
4
4
4
4
4
4
4
4
4
4
4
4
4
4
4
4
4
4
4
4
4
4
4
4
4
4
4
4
4
4
4
4
4
4
4
4
4
4
4
4
4
4
4
4
4
4
4
4
4
4
4
4
4
4
4
4
4
4
4
4
4
4
4
4
4
4
4
4
4
4
4
4
4
4
4
4
4
4
4
4
4
4
4
4
4
4
4
4
4
4
4
4
4
4
4
4
4
4
4
4
4
4
4
4
4
4
4
4
4
4
4
4
4
4
4
4
4
4
4
4
4
4
4
4
4
4
4
4
4
4
4
4
4
4
4
4
4
4
4
4
4
4
4
4
4
4
4
4
4
4
4
4
4
4
4
4
4
4
4
4
4
4
4
4
4
4
4
4
4
4
4
4
4
4
4
4
4
4
4
4
4
4
4
4
4
4
4
4
4
4
4
4
4
4
4
4
4
4
4
4
4
4
4
4
4
4
4
4
4
4
4
4
4
4
4
4
4
4
4
4
4
4
4
4
4
4
4
4
4
4
4
4
4
4
4
4
4
4
4
4
4
4
4
4
4
4
4
4
4
4
4
4
4
4
4
4
4
4
4
4
4
4
4
4
4
4
4
4
4
4
4
4
4
4
4
4
4
4
4
4
4
4
4
4
4
4
4
4
4
4
4
4
4
4
4
4
4
4
4
4
4
4
4
4
4
4
4
4
4
4
4
4
4
4
4
4
4
4
4
4
4
4
4
4
4
4
4
4
4
4
4
4
4
4
4
4
4
4
4
4
4
4
4
4
4
4
4
4
4
4
0
0
0
0
0
0
0
0
0
0
0
0
0
0
0
0
0
0
0
0
0
0
0
0
0
0
0
0
0
0
0
0
0
0
0
0
0
0
0
0
0
0
0
0
0
0
0
0
0
0
0
0
0
0
0
0
0
0
0
0
0
0
0
0
0
0
0
0
0
0
0
0
0
0
0
0
0
0
0
0
0
0
0
0
0
0
0
0
0
0
0
0
0
0
0
0
0
0
0
0
0
0
0
0
0
0
0
0
0
0
0
0
0
0
0
0
0
0
0
0
0
0
0
0
0
0
0
0
0
0
0
0
0
0
0
0
0
0
0
0
0
0
0
0
0
0
0
0
0
0
0
0
0
0
0
0
0
0
0
0
0
0
0
0
0
0
0
0
0
0
0
0
0
0
0
0
0
0
0
0
0
0
0
0
0
0
0
0
0
0
0
0
0
0
0
0
0
0
0
0
0
0
0
0
0
0
0
0
0
0
0
0
0
0
0
0
0
0
0
0
0
0
0
0
0
0
0
0
0
0
0
0
0
0
0
0
0
0
0
0
0
0
0
0
0
0
0
0
0
0
0
0
0
0
0
0
0
0
0
0
0
0
0
0
0
0
0
0
0
0
0
0
0
0
0
0
0
0
0
0
0
0
0
0
0
0
0
0
0
0
0
0
0
0
0
0
0
0
0
0
0
0
0
0
0
0
0
0
0
0
0
0
0
0
0
0
0
0
0
0
0
0
0
0
0
0
0
0
0
0
0
0
0
0
0
0
0
0
0
0
0
0
0
0
0
0
0
0
0
0
0
0
0
0
0
0
0
0
0
0
0
0
0
0
0
0
0
0
0
0
0
0
0
0
0
0
0
0
0
0
0
0
0
0
0
0
0
0
0
0
0
0
0
0
0
0
0
0
0
0
0
0
0
0
0
0
0
0
0
0
0
0
0
0
0
0
0
0
0
0
0
0
0
0
0
0
0
0
0
0
0
0
0
0
0
0
0
0
0
0
0
0
0
0
0
0
0
0
0
0
0
0
0
0
0
0
0
0
0
0
0
0
0
0
0
0
0
0
0
0
0
0
0
0
0
0
0
0
0
0
0
0
0
0
0
0
0
0
0
0
0
0
0
0
0
0
0
0
0
0
0
0
0
0
0
0
0
0
0
0
0
0
0
0
0
0
0
0
0
0
0
0
0
0
0
0
0
0
0
0
0
0
0
0
0
0
0
0
0
0
0
0
0
0
0
0
0
0
0
0
0
0
0
0
0
0
0
0
0
0
0
0
0
0
0
0
0
0
0
0
0
0
0
0
0
0
0
0
0
0
0
0
0
0
0
0
0
0
0
0
0
0
0
0
0
0
0
0
0
0
0
0
0
0
0
0
0
0
0
0
0
0
0
0
0
0
0
0
0
0
0
0
0
0
0
0
0
0
0
0
0
0
0
0
0
0
0
0
0
0
0
0
0
0
0
0
0
0
0
0
0
0
0
0
0
0
0
0
0
0
0
0
0
0
0
0
0
0
0
0
0
0
0
0
0
0
0
0
0
0
0
0
0
0
0
0
0
0
0
0
0
0
0
0
0
0
0
0
0
0
0
0
0
0
0
0
0
0
0
0
0
0
0
0
0
0
0
0
0
0
0
0
0
0
0
0
0
0
0
0
0
0
0
0
0
0
0
0
0
0
0
0
0
0
0
0
0
0
0
0
0
0
0
0
0
0
0
0
0
0
0
0
0
0
0
0
0
0
0
0
0
0
0
0
0
0
0
0
0
0
0
0
0
0
0
0
0
0
0
0
0
0
0
0
0
0
0
0
0
0
0
0
0
0
0
0
0
0
0
0
0
0
0
0
0
0
0
0
0
0
0
0
0
0
0
0
0
0
0
0
0
0
0
0
0
0
0
0
0
0
0
0
0
0
0
0
0
0
0
0
0
0
0
0
0
0
0
0
0
0
0
0
0
0
0
0
0
0
0
0
0
0
0
0
0
0
0
0
0
0
0
0
0
0
0
0
0
0
0
0
0
0
0
0
0
0
0
0
0
0
0
0
0
0
0
0
0
0
0
0
0
0
0
0
0
0
0
0
0
0
0
0
0
0
0
0
0
0
0
0
0
0
0
0
0
0
0
0
0
0
0
0
0
0
0
0
0
0
0
0
0
0
0
0
0
0
0
0
0
0
0
0
0
0
0
0
0
0
0
0
0
0
0
0
0
0
0
0
0
0
0
0
0
0
0
0
0
0
0
0
0
0
0
0
0
0
0
0
0
0
0
0
0
0
0
0
0
0
0
0
0
0
0
0
0
0
0
0
0
0
0
0
0
0
0
0
0
0
0
0
0
0
0
0
0
0
0
0
0
0
0
0
0
0
0
0
0
0
0
0
0
0
0
0
0
0
0
0
0
0
0
0
0
0
0
0
0
0
0
0
0
0
0
0
0
0
0
0
0
0
0
0
0
0
0
0
0
0
0
0
0
0
0
0
0
0
0
0
0
0
0
0
0
0
0
0
0
0
0
0
0
0
0
0
0
0
0
0
0
0
0
0
0
0
0
0
0
0
0
0
0
0
0
0
0
0
0
0
0
0
0
0
0
0
0
0
0
0
0
0
0
0
0
0
0
0
0
0
0
0
0
0
0
0
0
0
0
0
0
0
0
0
0
0
0
0
0
0
0
0
0
0
0
0
0
0
0
0
0
0
0
0
0
0
0
0
0
0
0
0
0
0
0
0
0
0
0
0
0
0
0
0
0
0
0
0
0
0
0
0
0
0
0
0
0
0
0
0
0
0
0
0
0
0
0
0
0
0
0
0
0
0
0
0
0
0
0
0
0
0
0
0
0
0
0
0
0
0
0
0
0
0
0
0
0
0
0
0
0
0
0
0
0
0
0
0
0
0
0
0
0
0
0
0
0
0
0
0
0
0
0
0
0
0
0
0
0
0
0
0
0
0
0
0
0
0
0
0
0
0
0
0
0
0
0
0
0
0
0
0
0
0
0
0
0
0
0
0
0
0
0
0
0
0
0
0
0
0
0
0
0
0
0
0
0
0
0
0
0
0
0
0
0
0
0
0
0
0
0
0
0
0
0
0
0
0
0
0
0
0
0
0
0
0
0
0
0
0
0
0
0
0
0
0
0
0
0
0
0
0
0
0
0
0
0
0
0
0
0
0
0
0
0
0
0
0
0
0
0
0
0
0
0
0
0
0
0
0
0
0
0
0
0
0
0
0
0
0
0
0
0
0
0
0
0
0
0
0
0
0
0
0
0
0
0
0
0
0
0
0
0
0
0
0
0
0
0
0
0
0
0
0
0
0
0
0
0
0
0
0
0
0
0
0
0
0
0
0
0
0
0
0
0
0
0
0
0
0
0
0
0
0
0
0
0
0
0
0
0
0
0
0
0
0
0
0
0
0
0
0
0
0
0
0
0
0
0
0
0
0
0
0
0
0
0
0
0
0
0
0
0
0
0
0
0
0
0
0
0
0
0
0
0
0
0
0
0
0
0
0
0
0
0
0
0
0
0
0
0
0
0
0
0
0
0
0
0
0
0
0
0
0
0
0
0
0
0
0
0
0
0
0
0
0
0
0
0
0
0
0
0
0
0
0
0
0
0
0
0
0
0
0
0
0
0
0
0
0
0
0
0
0
0
0
0
0
0
0
0
0
0
0
0
0
0
0
0
0
0
0
0
0
0
0
0
0
0
0
0
0
0
0
0
0
0
0
0
0
0
0
0
0
0
0
0
0
0
0
0
0
0
0
0
0
0
0
0
0
0
0
0
0
0
0
0
0
0
0
0
0
0
0
0
0
0
0
0
0
0
0
0
0
0
0
0
0
0
0
0
0
0
0
0
0
0
0
0
0
0
0
0
0
0
0
0
0
0
0
0
0
0
0
0
0
0
0
0
0
0
0
0
0
0
0
0
0
0
0
0
0
0
0
0
0
0
0
0
0
0
0
0
0
0
0
0
0
0
0
0
0
0
0
0
0
0
0
0
0
0
0
0
0
0
0
0
0
0
0
0
0
0
0
0
0
0
0
0
0
0
0
0
0
0
0
0
0
0
0
0
0
0
0
0
0
0
0
0
0
0
0
0
0
0
0
0
0
0
0
0
0
0
0
0
0
0
0
0
0
0
0
0
0
0
0
0
0
0
0
0
0
0
0
0
0
0
0
0
0
0
0
0
0
0
0
0
0
0
0
0
0
0
0
0
0
0
0
0
0
0
0
0
0
0
0
0
0
0
0
0
0
0
0
0
0
0
0
0
0
0
0
0
0
0
0
0
0
0
0
0
0
0
0
0
0
0
0
0
0
0
0
0
0
0
0
0
0
0
0
0
0
0
0
0
0
0
0
0
0
0
0
0
0
0
0
0
0
0
0
0
0
0
0
0
0
0
0
0
0
0
0
0
0
0
0
0
0
0
0
0
0
0
0
0
0
0
0
0
0
0
0
0
0
0
0
0
0
0
0
0
0
0
0
0
0
0
0
0
0
0
0
0
0
0
0
0
0
0
0
0
0
0
0
0
0
0
0
0
0
0
0
0
0
0
0
0
0
0
0
0
0
0
0
0
0
0
0
0
0
0
0
0
0
0
0
0
0
0
0
0
0
0
0
0
0
0
0
0
0
0
0
0
0
0
0
0
0
0
0
0
0
0
0
0
0
0
0
0
0
0
0
0
0
0
0
0
0
0
0
0
0
0
0
0
0
0
0
0
0
0
0
0
0
0
0
0
0
0
0
0
0
0
0
0
0
0
0
0
0
0
0
0
0
0
0
0
0
0
0
0
0
0
0
0
0
0
0
0
0
0
0
0
0
0
0
0
0
0
0
0
0
0
0
0
0
0
0
0
0
0
0
0
0
0
0
0
0
0
0
0
0
0
0
0
0
0
0
0
0
0
0
0
0
0
0
0
0
0
0
0
0
0
0
0
0
0
0
0
0
0
0
0
0
0
0
0
0
0
0
0
0
0
0
0
0
0
0
0
0
0
0
0
0
0
0
0
0
0
0
0
0
0
0
0
0
0
0
0
0
0
0
0
0
0
0
0
0
0
0
0
0
0
0
0
0
0
0
0
0
0
0
0
0
0
0
0
0
0
0
0
0
0
0
0
0
0
0
0
0
0
0
0
0
0
0
0
0
0
0
0
0
0
0
0
0
0
0
0
0
0
0
0
0
0
0
0
0
0
0
0
0
0
0
0
0
0
0
0
0
0
0
0
0
0
0
0
0
0
0
0
0
0
0
0
0
0
0
0
0
0
0
0
0
0
0
0
0
0
0
0
0
0
0
0
0
0
0
0
0
0
0
0
0
0
0
0
0
0
0
0
0
0
0
0
0
0
0
0
0
0
0
0
0
0
0
0
0
0
0
0
0
0
0
0
0
0
0
0
0
0
0
0
0
0
0
0
0
0
0
0
0
0
0
0
0
0
0
0
0
0
0
0
0
0
0
0
0
0
0
0
0
0
0
0
0
0
0
0
0
0
0
0
0
0
0
0
0
0
0
0
0
0
0
0
0
0
0
0
0
0
0
0
0
0
0
0
0
0
0
0
0
0
0
0
0
0
0
0
0
0
0
0
0
0
0
0
0
0
0
0
0
0
0
0
0
0
0
0
0
0
0
0
0
0
0
0
0
0
0
0
0
0
0
0
0
0
0
0
0
0
0
0
0
0
0
0
0
0
0
0
0
0
0
0
0
0
0
0
0
0
0
0
0
0
0
0
0
0
0
0
0
0
0
0
0
0
0
0
0
0
0
0
0
0
0
0
0
0
0
0
0
0
0
0
0
0
0
0
0
0
0
0
0
0
0
0
0
0
0
0
0
0
0
0
0
0
0
0
0
0
0
0
0
0
0
0
0
0
0
0
0
0
0
0
0
0
0
0
0
0
0
0
0
0
0
0
0
0
0
0
0
0
0
0
0
0
0
0
0
0
0
0
0
0
0
0
0
0
0
0
0
0
0
0
0
0
0
0
0
0
0
0
0
0
0
0
0
0
0
0
0
0
0
0
0
0
0
0
0
0
0
0
0
0
0
0
0
0
0
0
0
0
0
0
0
0
0
0
0
0
0
0
0
0
0
0
0
0
0
0
0
0
0
0
0
0
0
0
0
0
0
0
0
0
0
0
0
0
0
0
0
0
0
0
0
0
0
0
0
0
0
0
0
0
0
0
0
0
0
0
0
0
0
0
0
0
0
0
0
0
0
0
0
0
0
0
0
0
0
0
0
0
0
0
0
0
0
0
0
0
0
0
0
0
0
0
0
0
0
0
0
0
0
0
0
0
0
0
0
0
0
0
0
0
0
0
0
0
0
0
0
0
0
0
0
0
0
0
0
0
0
0
0
0
0
0
0
0
0
0
0
0
0
0
0
0
0
0
0
0
0
0
0
0
0
0
0
0
0
0
0
0
0
0
0
0
0
0
0
0
0
0
0
0
0
0
0
0
0
0
0
0
0
0
0
0
0
0
0
0
0
0
0
0
0
0
0
0
0
0
0
0
0
0
0
0
0
0
0
0
0
0
0
0
0
0
0
0
0
0
0
0
0
0
0
0
0
0
0
0
0
0
0
0
0
0
0
0
0
0
0
0
0
0
0
0
0
0
0
0
0
0
0
0
0
0
0
0
0
0
0
0
0
0
0
0
0
0
0
0
0
0
0
0
0
0
0
0
0
0
0
0
0
0
0
0
0
0
0
0
0
0
0
0
0
0
0
0
0
0
0
0
0
0
0
0
0
0
0
0
0
0
0
0
0
0
0
0
0
0
0
0
0
0
0
0
0
0
0
0
0
0
0
0
0
0
0
0
0
0
0
0
0
0
0
0
0
0
0
0
0
0
0
0
0
0
0
0
0
0
0
0
0
0
0
0
0
0
0
0
0
0
0
0
0
0
0
0
0
0
0
0
0
0
0
0
0
0
0
0
0
0
0
0
0
0
0
0
0
0
0
0
0
0
0
0
0
0
0
0
0
0
0
0
0
0
0
0
0
0
0
0
0
0
0
0
0
0
0
0
0
0
0
0
0
0
0
0
0
0
0
0
0
0
0
0
0
0
0
0
0
0
0
0
0
0
0
0
0
0
0
0
0
0
0
0
0
0
0
0
0
0
0
0
0
0
0
0
0
0
0
0
0
0
0
0
0
0
0
0
0
0
0
0
0
0
0
0
0
0
0
0
0
0
0
0
0
0
0
0
0
0
0
0
0
0
0
0
0
0
0
0
0
0
0
0
0
0
0
0
0
0
0
0
0
0
0
0
0
0
0
0
0
0
0
0
0
0
0
0
0
0
0
0
0
0
0
0
0
0
0
0
0
0
0
0
0
0
0
0
0
0
0
0
0
0
0
0
0
0
0
0
0
0
0
0
0
0
0
0
0
0
0
0
0
0
0
0
0
0
0
0
0
0
0
0
0
0
0
0
0
0
0
0
0
0
0
0
0
0
0
0
0
0
0
0
0
0
0
0
0
0
0
0
0
0
0
0
0
0
0
0
0
0
0
0
0
0
0
0
0
0
0
0
0
0
0
0
0
0
0
0
0
0
0
0
0
0
0
0
0
0
0
0
0
0
0
0
0
0
0
0
0
0
0
0
0
0
0
0
0
0
0
0
0
0
0
0
0
0
0
0
0
0
0
0
0
0
0
0
0
0
0
0
0
0
0
0
0
0
0
0
0
0
0
0
0
0
0
0
0
0
0
0
0
0
0
0
0
0
0
0
0
0
0
0
0
0
0
0
0
0
0
0
0
0
0
0
0
0
0
0
0
0
0
0
0
0
0
0
0
0
0
0
0
0
0
0
0
0
0
0
0
0
0
0
0
0
0
0
0
0
0
0
0
0
0
0
0
0
0
0
0
0
0
0
0
0
0
0
0
0
0
0
0
0
0
0
0
0
0
0
0
0
0
0
0
0
0
0
0
0
0
0
0
0
0
0
0
0
0
0
0
0
0
0
0
0
0
0
0
0
0
0
0
0
0
0
0
0
0
0
0
0
0
0
0
0
0
0
0
0
0
0
0
0
0
0
0
0
0
0
0
0
0
0
0
0
0
0
0
0
0
0
0
0
0
0
0
0
0
0
0
0
0
0
0
0
0
0
0
0
0
0
0
0
0
0
0
0
0
0
0
0
0
0
0
0
0
0
0
0
0
0
0
0
0
0
0
0
0
0
0
0
0
0
0
0
0
0
0
0
0
0
0
0
0
0
0
0
0
0
0
0
0
0
0
0
0
0
0
0
0
0
0
0
0
0
0
0
0
0
0
0
0
0
0
0
0
0
0
0
0
0
0
0
0
0
0
0
0
0
0
0
0
0
0
0
0
0
0
0
0
0
0
0
0
0
0
0
0
0
0
0
0
0
0
0
0
0
0
0
0
0
0
0
0
0
0
0
0
0
0
0
0
0
0
0
0
0
0
0
0
0
0
0
0
0
0
0
0
0
0
0
0
0
0
0
0
0
0
0
0
0
0
0
0
0
0
0
0
0
0
0
0
0
0
0
0
0
0
0
0
0
0
0
0
0
0
0
0
0
0
0
0
0
0
0
0
0
0
0
0
0
0
0
0
0
0
0
0
0
0
0
0
0
0
0
0
0
0
0
0
0
0
0
0
0
0
0
0
0
0
0
0
0
0
0
0
0
0
0
0
0
0
0
0
0
0
0
0
0
0
0
0
0
0
0
0
0
0
0
0
0
0
0
0
0
0
0
0
0
0
0
0
0
0
0
0
0
0
0
0
0
0
0
0
0
0
0
0
0
0
0
0
0
0
0
0
0
0
0
0
0
0
0
0
0
0
0
0
0
0
0
0
0
0
0
0
0
0
0
0
0
0
0
0
0
0
0
0
0
0
0
0
0
0
0
0
0
0
0
0
0
0
0
0
0
0
0
0
0
0
0
0
0
0
0
0
0
0
0
0
0
0
0
0
0
0
0
0
0
0
0
0
0
0
0
0
0
0
0
0
0
0
0
0
0
0
0
0
0
0
0
0
0
0
0
0
0
0
0
0
0
0
0
0
0
0
0
0
0
0
0
0
0
0
0
0
0
0
0
0
0
0
0
0
0
0
0
0
0
0
0
0
0
0
0
0
0
0
0
0
0
0
0
0
0
0
0
0
0
0
0
0
0
0
0
0
0
0
0
0
0
0
0
0
0
0
0
0
0
0
0
0
0
0
0
0
0
0
0
0
0
0
0
0
0
0
0
0
0
0
0
0
0
0
0
0
0
0
0
0
0
0
0
0
0
0
0
0
0
0
0
0
0
0
0
0
0
0
0
0
0
0
0
0
0
0
0
0
0
0
0
0
0
0
0
0
0
0
0
0
0
0
0
0
0
0
0
0
0
0
0
0
0
0
0
0
0
0
0
0
0
0
0
0
0
0
0
0
0
0
0
0
0
0
0
0
0
0
0
0
0
0
0
0
0
0
0
0
0
0
0
0
0
0
0
0
0
0
0
0
0
0
0
0
0
0
0
0
0
0
0
0
0
0
0
0
0
0
0
0
0
0
0
0
0
0
0
0
0
0
0
0
0
0
0
0
0
0
0
0
0
0
0
0
0
0
0
0
0
0
0
0
0
0
0
0
0
0
0
0
0
0
0
0
0
0
0
0
0
0
0
0
0
0
0
0
0
0
0
0
0
0
0
0
0
0
0
0
0
0
0
0
0
0
0
0
0
0
0
0
0
0
0
0
0
0
0
0
0
0
0
0
0
0
0
0
0
0
0
0
0
0
0
0
0
0
0
0
0
0
0
0
0
0
0
0
0
0
0
0
0
0
0
0
0
0
0
0
0
0
0
0
0
0
0
0
0
0
0
0
0
0
0
0
0
0
0
0
0
0
0
0
0
0
0
0
0
0
0
0
0
0
0
0
0
0
0
0
0
0
0
0
0
0
0
0
0
0
0
0
0
0
0
0
0
0
0
0
0
0
0
0
0
0
0
0
0
0
0
0
0
0
0
0
0
0
0
0
0
0
0
0
0
0
0
0
0
0
0
0
0
0
0
0
0
0
0
0
0
0
0
0
0
0
0
0
0
0
0
0
0
0
0
0
0
0
0
0
0
0
0
0
0
0
0
0
0
0
0
0
0
0
0
0
0
0
0
0
0
0
0
0
0
0
0
0
0
0
0
0
0
0
0
0
0
0
0
0
0
0
0
0
0
0
0
0
0
0
0
0
0
0
0
0
0
0
0
0
0
0
0
0
0
0
0
0
0
0
0
0
0
0
0
0
0
0
0
0
0
0
0
0
0
0
0
0
0
0
0
0
0
0
0
0
0
0
0
0
0
0
0
0
0
0
0
0
0
0
0
0
0
0
0
0
0
0
0
0
0
0
0
0
0
0
0
0
0
0
0
0
0
0
0
0
0
0
0
0
0
0
0
0
0
0
0
0
0
0
0
0
0
0
0
0
0
0
0
0
0
0
0
0
0
0
0
0
0
0
0
0
0
0
0
0
0
0
0
0
0
0
0
0
0
0
0
0
0
0
0
0
0
0
0
0
0
0
0
0
0
0
0
0
0
0
0
0
0
0
0
0
0
0
0
0
0
0
0
0
0
0
0
0
0
0
0
0
0
0
0
0
0
0
0
0
0
0
0
0
0
0
0
0
0
0
0
0
0
0
0
0
0
0
0
0
0
0
0
0
0
0
0
0
0
0
0
0
0
0
0
0
0
0
0
0
0
0
0
0
0
0
0
0
0
0
0
0
0
0
0
0
0
0
0
0
0
0
0
0
0
0
0
0
0
0
0
0
0
0
0
0
0
0
0
0
0
0
0
0
0
0
0
0
0
0
0
0
0
0
0
0
0
0
0
0
0
0
0
0
0
0
0
0
0
0
0
0
0
0
0
0
0
0
0
0
0
0
0
0
0
0
0
0
0
0
0
0
0
0
0
0
0
0
0
0
0
0
0
0
0
0
0
0
0
0
0
0
0
0
0
0
0
0
0
0
0
0
0
0
0
0
0
0
0
0
0
0
0
0
0
0
0
0
0
0
0
0
0
0
0
0
0
0
0
0
0
0
0
0
0
0
0
0
0
0
0
0
0
0
0
0
0
0
0
0
0
0
0
0
0
0
0
0
0
0
0
0
0
0
0
0
0
0
0
0
0
0
0
0
0
0
0
0
0
0
0
0
0
0
0
0
0
0
0
0
0
0
0
0
0
0
0
0
0
0
0
0
0
0
0
0
0
0
0
0
0
0
0
0
0
0
0
0
0
0
0
0
0
0
0
0
0
0
0
0
0
0
0
0
0
0
0
0
0
0
0
0
0
0
0
0
0
0
0
0
0
0
0
0
0
0
0
0
0
0
0
0
0
0
0
0
0
0
0
0
0
0
0
0
0
0
0
0
0
0
0
0
0
0
0
0
0
0
0
0
0
0
0
0
0
0
0
0
0
0
0
0
0
0
0
0
0
0
0
0
0
0
0
0
0
0
0
0
0
0
0
0
0
0
0
0
0
0
0
0
0
0
0
0
0
0
0
0
0
0
0
0
0
0
0
0
0
0
0
0
0
0
0
0
0
0
0
0
0
0
0
0
0
0
0
0
0
0
0
0
0
0
0
0
0
0
0
0
0
0
0
0
0
0
0
0
0
0
0
0
0
0
0
0
0
0
0
0
0
0
0
0
0
0
0
0
0
0
0
0
0
0
0
0
0
0
0
0
0
0
0
0
0
0
0
0
0
0
0
0
0
0
0
0
0
0
0
0
0
0
0
0
0
0
0
0
0
0
0
0
0
0
0
0
0
0
0
0
0
0
0
0
0
0
0
0
0
0
0
0
0
0
0
0
0
0
0
0
0
0
0
0
0
0
0
0
0
0
0
0
0
0
0
0
0
0
0
0
0
0
0
0
0
0
0
0
0
0
0
0
0
0
0
0
0
0
0
0
0
0
0
0
0
0
0
0
0
0
0
0
0
0
0
0
0
0
0
0
0
0
0
0
0
0
0
0
0
0
0
0
0
0
0
0
0
0
0
0
0
0
0
0
0
0
0
0
0
0
0
0
0
0
0
0
0
0
0
0
0
0
0
0
0
0
0
0
0
0
0
0
0
0
0
0
0
0
0
0
0
0
0
0
0
0
0
0
0
0
0
0
0
0
0
0
0
0
0
0
0
0
0
0
0
0
0
0
0
0
0
0
0
0
0
0
0
0
0
0
0
0
0
0
0
0
0
0
0
0
0
0
0
0
0
0
0
0
0
0
0
0
0
0
0
0
0
0
0
0
0
0
0
0
0
0
0
0
0
0
0
0
0
0
0
0
0
0
0
0
0
0
0
0
0
0
0
0
0
0
0
0
0
0
0
0
0
0
0
0
0
0
0
0
0
0
0
0
0
0
0
0
0
0
0
0
0
0
0
0
0
0
0
0
0
0
0
0
0
0
0
0
0
0
0
0
0
0
0
0
0
0
0
0
0
0
0
0
0
0
0
0
0
0
0
0
0
0
0
0
0
0
0
0
0
0
0
0
0
0
0
0
0
0
0
0
0
0
0
0
0
0
0
0
0
0
0
0
0
0
0
0
0
0
0
0
0
0
0
0
0
0
0
0
0
0
0
0
0
0
0
0
0
0
0
0
0
0
0
0
0
0
0
0
0
0
0
0
0
0
0
0
0
0
0
0
0
0
0
0
0
0
0
0
0
0
0
0
0
0
0
0
0
0
0
0
0
0
0
0
0
0
0
0
0
0
0
0
0
0
0
0
0
0
0
0
0
0
0
0
0
0
0
0
0
0
0
0
0
0
0
0
0
0
0
0
0
0
0
0
0
0
0
0
0
0
0
0
0
0
0
0
0
0
0
0
0
0
0
0
0
0
0
0
0
0
0
0
0
0
0
0
0
0
0
0
0
0
0
0
0
0
0
0
0
0
0
0
0
0
0
0
0
0
0
0
0
0
0
0
0
0
0
0
0
0
0
0
0
0
0
0
0
0
0
0
0
0
0
0
0
0
0
0
0
0
0
0
0
0
0
0
0
0
0
0
0
0
0
0
0
0
0
0
0
0
0
0
0
0
0
0
0
0
0
0
0
0
0
0
0
0
0
0
0
0
0
0
0
0
0
0
0
0
0
0
0
0
0
0
0
0
0
0
0
0
0
0
0
0
0
0
0
0
0
0
0
0
0
0
0
0
0
0
0
0
0
0
0
0
0
0
0
0
0
0
0
0
0
0
0
0
0
0
0
0
0
0
0
0
0
0
0
0
0
0
0
0
0
0
0
0
0
0
0
0
0
0
0
0
0
0
0
0
0
0
0
0
0
0
0
0
0
0
0
0
0
0
0
0
0
0
0
0
0
0
0
0
0
0
0
0
0
0
0
0
0
0
0
0
0
0
0
0
0
0
0
0
0
0
0
0
0
0
0
0
0
0
0
0
0
0
0
0
0
0
0
0
0
0
0
0
0
0
0
0
0
0
0
0
0
0
0
0
0
0
0
0
0
0
0
0
0
0
0
0
0
0
0
0
0
0
0
0
0
0
0
0
0
0
0
0
0
0
0
0
0
0
0
0
0
0
0
0
0
0
0
0
0
0
0
0
0
0
0
0
0
0
0
0
0
0
0
0
0
0
0
0
0
0
0
0
0
0
0
0
0
0
0
0
0
0
0
0
0
0
0
0
0
0
0
0
0
0
0
0
0
0
0
0
0
0
0
0
0
0
0
0
0
0
0
0
0
0
0
0
0
0
0
0
0
0
0
0
0
0
0
0
0
0
0
0
0
0
0
0
0
0
0
0
0
0
0
0
0
0
0
0
0
0
0
0
0
0
0
0
0
0
0
0
0
0
0
0
0
0
0
0
0
0
0
0
0
0
0
0
0
0
0
0
0
0
0
0
0
0
0
0
0
0
0
0
0
0
0
0
0
0
0
0
0
0
0
0
0
0
0
0
0
0
0
0
0
0
0
0
0
0
0
0
0
0
0
0
0
0
0
0
0
0
0
0
0
0
0
0
0
0
0
0
0
0
0
0
0
0
0
0
0
0
0
0
0
0
0
0
0
0
0
0
0
0
0
0
0
0
0
0
0
0
0
0
0
0
0
0
0
0
0
0
0
0
0
0
0
0
0
0
0
0
0
0
0
0
0
0
0
0
0
0
0
0
0
0
0
0
0
0
0
0
0
0
0
0
0
0
0
0
0
0
0
0
0
0
0
0
0
0
0
0
0
0
0
0
0
0
0
0
0
0
0
0
0
0
0
0
0
0
0
0
0
0
0
0
0
0
0
0
0
0
0
0
0
0
0
0
0
0
0
0
0
0
0
0
0
0
0
0
0
0
0
0
0
0
0
0
0
0
0
0
0
0
0
0
0
0
0
0
0
0
0
0
0
0
0
0
0
0
0
0
0
0
0
0
0
0
0
0
0
0
0
0
0
0
0
0
0
0
0
0
0
0
0
0
0
0
0
0
0
0
0
0
0
0
0
0
0
0
0
0
0
0
0
0
0
0
0
0
0
0
0
0
0
0
0
0
0
0
0
0
0
0
0
0
0
0
0
0
0
0
0
0
0
0
0
0
0
0
0
0
0
0
0
0
0
0
0
0
0
0
0
0
0
0
0
0
0
0
0
0
0
0
0
0
0
0
0
0
0
0
0
0
0
0
0
0
0
0
0
0
0
0
0
0
0
0
0
0
0
0
0
0
0
0
0
0
0
0
0
0
0
0
0
0
0
0
0
0
0
0
0
0
0
0
0
0
0
0
0
0
0
0
0
0
0
0
0
0
0
0
0
0
0
0
0
0
0
0
0
0
0
0
0
0
0
0
0
0
0
0
0
0
0
0
0
0
0
0
0
0
0
0
0
0
0
0
0
0
0
0
0
0
0
0
0
0
0
0
0
0
0
0
0
0
0
0
0
0
0
0
0
0
0
0
0
0
0
0
0
0
0
0
0
0
0
0
0
0
0
0
0
0
0
0
0
0
0
0
0
0
0
0
0
0
0
0
0
0
0
0
0
0
0
0
0
0
0
0
0
0
0
0
0
0
0
0
0
0
0
0
0
0
0
0
0
0
0
0
0
0
0
0
0
0
0
0
0
0
0
0
0
0
0
0
0
0
0
0
0
0
0
0
0
0
0
0
0
0
0
0
0
0
0
0
0
0
0
0
0
0
0
0
0
0
0
0
0
0
0
0
0
0
0
0
0
0
0
0
0
0
0
0
0
0
0
0
0
0
0
0
0
0
0
0
0
0
0
0
0
0
0
0
0
0
0
0
0
0
0
0
0
0
0
0
0
0
0
0
0
0
0
0
0
0
0
0
0
0
0
0
0
0
0
0
0
0
0
0
0
0
0
0
0
0
0
0
0
0
0
0
0
0
0
0
0
0
0
0
0
0
0
0
0
0
0
0
0
0
0
0
0
0
0
0
0
0
0
0
0
0
0
0
0
0
0
0
0
0
0
0
0
0
0
0
0
0
0
0
0
0
0
0
0
0
0
0
0
0
0
0
0
0
0
0
0
0
0
0
0
0
0
0
0
0
0
0
0
0
0
0
0
0
0
0
0
0
0
0
0
0
0
0
0
0
0
0
0
0
0
0
0
0
0
0
0
0
0
0
0
0
0
0
0
0
0
0
0
0
0
0
0
0
0
0
0
0
0
0
0
0
0
0
0
0
0
0
0
0
0
0
0
0
0
0
0
0
0
0
0
0
0
0
0
0
0
0
0
0
0
0
0
0
0
0
0
0
0
0
0
0
0
0
0
0
0
0
0
0
0
0
0
0
0
0
0
0
0
0
0
0
0
0
0
0
0
0
0
0
0
0
0
0
0
0
0
0
0
0
0
0
0
0
0
0
0
0
0
0
0
0
0
0
0
0
0
0
0
0
0
0
0
0
0
0
0
0
0
0
0
0
0
0
0
0
0
0
0
0
0
0
0
0
0
0
0
0
0
0
0
0
0
0
0
0
0
0
0
0
0
0
0
0
0
0
0
0
0
0
0
0
0
0
0
0
0
0
0
0
0
0
0
0
0
0
0
0
0
0
0
0
0
0
0
0
0
0
0
0
0
0
0
0
0
0
0
0
0
0
0
0
0
0
0
0
0
0
0
0
0
0
0
0
0
0
0
0
0
0
0
0
0
0
0
0
0
0
0
0
0
0
0
0
0
0
0
0
0
0
0
0
0
0
0
0
0
0
0
0
0
0
0
0
0
0
0
0
0
0
0
0
0
0
0
0
0
0
0
0
0
0
0
0
0
0
0
0
0
0
0
0
0
0
0
0
0
0
0
0
0
0
0
0
0
0
0
0
0
0
0
0
0
0
0
0
0
0
0
0
0
0
0
0
0
0
0
0
0
0
0
0
0
0
0
0
0
0
0
0
0
0
0
0
0
0
0
0
0
0
0
0
0
0
0
0
0
0
0
0
0
0
0
0
0
0
0
0
0
0
0
0
0
0
0
0
0
0
0
0
0
0
0
0
0
0
0
0
0
0
0
0
0
0
0
0
0
0
0
0
0
0
0
0
0
0
0
0
0
0
0
0
0
0
0
0
0
0
0
0
0
0
0
0
0
0
0
0
0
0
0
0
0
0
0
0
0
0
0
0
0
0
0
0
0
0
0
0
0
0
0
0
0
0
0
0
0
0
0
0
0
0
0
0
0
0
0
0
0
0
0
0
0
0
0
0
0
0
0
0
0
0
0
0
0
0
0
0
0
0
0
0
0
0
0
0
0
0
0
0
0
0
0
0
0
0
0
0
0
0
0
0
0
0
0
0
0
0
0
0
0
0
0
0
0
0
0
0
0
0
0
0
0
0
0
0
0
0
0
0
0
0
0
0
0
0
0
0
0
0
0
0
0
0
0
0
0
0
0
0
0
0
0
0
0
0
0
0
0
0
0
0
0
0
0
0
0
0
0
0
0
0
0
0
0
0
0
0
0
0
0
0
0
0
0
0
0
0
0
0
0
0
0
0
0
0
0
0
0
0
0
0
0
0
0
0
0
0
0
0
0
0
0
0
0
0
0
0
0
0
0
0
0
0
0
0
0
0
0
0
0
0
0
0
0
0
0
0
0
0
0
0
0
0
0
0
0
0
0
0
0
0
0
0
0
0
0
0
0
0
0
0
0
0
0
0
0
0
0
0
0
0
0
0
0
0
0
0
0
0
0
0
0
0
0
0
0
0
0
0
0
0
0
0
0
0
0
0
0
0
0
0
0
0
0
0
0
0
0
0
0
0
0
0
0
0
0
0
0
0
0
0
0
0
0
0
0
0
0
0
0
0
0
0
0
0
0
0
0
0
0
0
0
0
0
0
0
0
0
0
0
0
0
0
0
0
0
0
0
0
0
0
0
0
0
0
0
0
0
0
0
0
0
0
0
0
0
0
0
0
0
0
0
0
0
0
0
0
0
0
0
0
0
0
0
0
0
0
0
0
0
0
0
0
0
0
0
0
0
0
0
0
0
0
0
0
0
0
0
0
0
0
0
0
0
0
0
0
0
0
0
0
0
0
0
0
0
0
0
0
0
0
0
0
0
0
0
0
0
0
0
0
0
0
0
0
0
0
0
0
0
0
0
0
0
0
0
0
0
0
0
0
0
0
0
0
0
0
0
0
0
0
0
0
0
0
0
0
0
0
0
0
0
0
0
0
0
0
0
0
0
0
0
0
0
0
0
0
0
0
0
0
0
0
0
0
0
0
0
0
0
0
0
0
0
0
0
0
0
0
0
0
0
0
0
0
0
0
0
0
0
0
0
0
0
0
0
0
0
0
0
0
0
0
0
0
0
0
0
0
0
0
0
0
0
0
0
0
0
0
0
0
0
0
0
0
0
0
0
0
0
0
0
0
0
0
0
0
0
0
0
0
0
0
0
0
0
0
0
0
0
0
0
0
0
0
0
0
0
0
0
0
0
0
0
0
0
0
0
0
0
0
0
0
0
0
0
0
0
0
0
0
0
0
0
0
0
0
0
0
0
0
0
0
0
0
0
0
0
0
0
0
0
0
0
0
0
0
0
0
0
0
0
0
0
0
0
0
0
0
0
0
0
0
0
0
0
0
0
0
0
0
0
0
0
0
0
0
0
0
0
0
0
0
0
0
0
0
0
0
0
0
0
0
0
0
0
0
0
0
0
0
0
0
0
0
0
0
0
0
0
0
0
0
0
0
0
0
0
0
0
0
0
0
0
0
0
0
0
0
0
0
0
0
0
0
0
0
0
0
0
0
0
0
0
0
0
0
0
0
0
0
0
0
0
0
0
0
0
0
0
0
0
0
0
0
0
0
0
0
0
0
0
0
0
0
0
0
0
0
0
0
0
0
0
0
0
0
0
0
0
0
0
0
0
0
0
0
0
0
0
0
0
0
0
0
0
0
0
0
0
0
0
0
0
0
0
0
0
0
0
0
0
0
0
0
0
0
0
0
0
0
0
0
0
0
0
0
0
0
0
0
0
0
0
0
0
0
0
0
0
0
0
0
0
0
0
0
0
0
0
0
0
0
0
0
0
0
0
0
0
0
0
0
0
0
0
0
0
0
0
0
0
0
0
0
0
0
0
0
0
0
0
0
0
0
0
0
0
0
0
0
0
0
0
0
0
0
0
0
0
0
0
0
0
0
0
0
0
0
0
0
0
0
0
0
0
0
0
0
0
0
0
0
0
0
0
0
0
0
0
0
0
0
0
0
0
0
0
0
0
0
0
0
0
0
0
0
0
0
0
0
0
0
0
0
0
0
0
0
0
0
0
0
0
0
0
0
0
0
0
0
0
0
0
0
0
0
0
0
0
0
0
0
0
0
0
0
0
0
0
0
0
0
0
0
0
0
0
0
0
0
0
0
0
0
0
0
0
0
0
0
0
0
0
0
0
0
0
0
0
0
0
0
0
0
0
0
0
0
0
0
0
0
0
0
0
0
0
0
0
0
0
0
0
0
0
0
0
0
0
0
0
0
0
0
0
0
0
0
0
0
0
0
0
0
0
0
0
0
0
0
0
0
0
0
0
0
0
0
0
0
0
0
0
0
0
0
0
0
0
0
0
0
0
0
0
0
0
0
0
0
0
0
0
0
0
0
0
0
0
0
0
0
0
0
0
0
0
0
0
0
0
0
0
0
0
0
0
0
0
0
0
0
0
0
0
0
0
0
0
0
0
0
0
0
0
0
0
0
0
0
0
0
0
0
0
0
0
0
0
0
0
0
0
0
0
0
0
0
0
0
0
0
0
0
0
0
0
0
0
0
0
0
0
0
0
0
0
0
0
0
0
0
0
0
0
0
0
0
0
0
0
0
0
0
0
0
0
0
0
0
0
0
0
0
0
0
0
0
0
0
0
0
0
0
0
0
0
0
0
0
0
0
0
0
0
0
0
0
0
0
0
0
0
0
0
0
0
0
0
0
0
0
0
0
0
0
0
0
0
0
0
0
0
0
0
0
0
0
0
0
0
0
0
0
0
0
0
0
0
0
0
0
0
0
0
0
0
0
0
0
0
0
0
0
0
0
0
0
0
0
0
0
0
0
0
0
0
0
0
0
0
0
0
0
0
0
0
0
0
0
0
0
0
0
0
0
0
0
0
0
0
0
0
0
0
0
0
0
0
0
0
0
0
0
0
0
0
0
0
0
0
0
0
0
0
0
0
0
0
0
0
0
0
0
0
0
0
0
0
0
0
0
0
0
0
0
0
0
0
0
0
0
0
0
0
0
0
0
0
0
0
0
0
0
0
0
0
0
0
0
0
0
0
0
0
0
0
0
0
0
0
0
0
0
0
0
0
0
0
0
0
0
0
0
0
0
0
0
0
0
0
0
0
0
0
0
0
0
0
0
0
0
0
0
0
0
0
0
0
0
0
0
0
0
0
0
0
0
0
0
0
0
0
0
0
0
0
0
0
0
0
0
0
0
0
0
0
0
0
0
0
0
0
0
0
0
0
0
0
0
0
0
0
0
0
0
0
0
0
0
0
0
0
0
0
0
0
0
0
0
0
0
0
0
0
0
0
0
0
0
0
0
0
0
0
0
0
0
0
0
0
0
0
0
0
0
0
0
0
0
0
0
0
0
0
0
0
0
0
0
0
0
0
0
0
0
0
0
0
0
0
0
0
0
0
0
0
0
0
0
0
0
0
0
0
0
0
0
0
0
0
0
0
0
0
0
0
0
0
0
0
0
0
0
0
0
0
0
0
0
0
0
0
0
0
0
0
0
0
0
0
0
0
0
0
0
0
0
0
0
0
0
0
0
0
0
0
0
0
0
0
0
0
0
0
0
0
0
0
0
0
0
0
0
0
0
0
0
0
0
0
0
0
0
0
0
0
0
0
0
0
0
0
0
0
0
0
0
0
0
0
0
0
0
0
0
0
0
0
0
0
0
0
0
0
0
0
0
0
0
0
0
0
0
0
0
0
0
0
0
0
0
0
0
0
0
0
0
0
0
0
0
0
0
0
0
0
0
0
0
0
0
0
0
0
0
0
0
0
0
0
0
0
0
0
0
0
0
0
0
0
0
0
0
0
0
0
0
0
0
0
0
0
0
0
0
0
0
0
0
0
0
0
0
0
0
0
0
0
0
0
0
0
0
0
0
0
0
0
0
0
0
0
0
0
0
0
0
0
0
0
0
0
0
0
0
0
0
0
0
0
0
0
0
0
0
0
0
0
0
0
0
0
0
0
0
0
0
0
0
0
0
0
0
0
0
0
0
0
0
0
0
0
0
0
0
0
0
0
0
0
0
0
0
0
0
0
0
0
0
0
0
0
0
0
0
0
0
0
0
0
0
0
0
0
0
0
0
0
0
0
0
0
0
0
0
0
0
0
0
0
0
0
0
0
0
0
0
0
0
0
0
0
0
0
0
0
0
0
0
0
0
0
0
0
0
0
0
0
0
0
0
0
0
0
0
0
0
0
0
0
0
0
0
0
0
0
0
0
0
0
0
0
0
0
0
0
0
0
0
0
0
0
0
0
0
0
0
0
0
0
0
0
0
0
0
0
0
0
0
0
0
0
0
0
0
0
0
0
0
0
0
0
0
0
0
0
0
0
0
0
0
0
0
0
0
0
0
0
0
0
0
0
0
0
0
0
0
0
0
0
0
0
0
0
0
0
0
0
0
0
0
0
0
0
0
0
0
0
0
0
0
0
0
0
0
0
0
0
0
0
0
0
0
0
0
0
0
0
0
0
0
0
0
0
0
0
0
0
0
0
0
0
0
0
0
0
0
0
0
0
0
0
0
0
0
0
0
0
0
0
0
0
0
0
0
0
0
0
0
0
0
0
0
0
0
0
0
0
0
0
0
0
0
0
0
0
0
0
0
0
0
0
0
0
0
0
0
0
0
0
0
0
0
0
0
0
0
0
0
0
0
0
0
0
0
0
0
0
0
0
0
0
0
0
0
0
0
0
0
0
0
0
0
0
0
0
0
0
0
0
0
0
0
0
0
0
0
0
0
0
0
0
0
0
0
0
0
0
0
0
0
0
0
0
0
0
0
0
0
0
0
0
0
0
0
0
0
0
0
0
0
0
0
0
0
0
0
0
0
0
0
0
0
0
0
0
0
0
0
0
0
0
0
0
0
0
0
0
0
0
0
0
0
0
0
0
0
0
0
0
0
0
0
0
0
0
0
0
0
0
0
0
0
0
0
0
0
0
0
0
0
0
0
0
0
0
0
0
0
0
0
0
0
0
0
0
0
0
0
0
0
0
0
0
0
0
0
0
0
0
0
0
0
0
0
0
0
0
0
0
0
0
0
0
0
0
0
0
0
0
0
0
0
0
0
0
0
0
0
0
0
0
0
0
0
0
0
0
0
0
0
0
0
0
0
0
0
0
0
0
0
0
0
0
0
0
0
0
0
0
0
0
0
0
0
0
0
0
0
0
0
0
0
0
0
0
0
0
0
0
0
0
0
0
0
0
0
0
0
0
0
0
0
0
0
0
0
0
0
0
0
0
0
0
0
0
0
0
0
0
0
0
0
0
0
0
0
0
0
0
0
0
0
0
0
0
0
0
0
0
0
0
0
0
0
0
0
0
0
0
0
0
0
0
0
0
0
0
0
0
0
0
0
0
0
0
0
0
0
0
0
0
0
0
0
0
0
0
0
0
0
0
0
0
0
0
0
0
0
0
0
0
0
0
0
0
0
0
0
0
0
0
0
0
0
0
0
0
0
0
0
0
0
0
0
0
0
0
0
0
0
0
0
0
0
0
0
0
0
0
0
0
0
0
0
0
0
0
0
0
0
0
0
0
0
0
0
0
0
0
0
0
0
0
0
0
0
0
0
0
0
0
0
0
0
0
0
0
0
0
0
0
0
0
0
0
0
0
0
0
0
0
0
0
0
0
0
0
0
0
0
0
0
0
0
0
0
0
0
0
0
0
0
0
0
0
0
0
0
0
0
0
0
0
0
0
0
0
0
0
0
0
0
0
0
0
0
0
0
0
0
0
0
0
0
0
0
0
0
0
0
0
0
0
0
0
0
0
0
0
0
0
0
0
0
0
0
0
0
0
0
0
0
0
0
0
0
0
0
0
0
0
0
0
0
0
0
0
0
0
0
0
0
0
0
0
0
0
0
0
0
0
0
0
0
0
0
0
0
0
0
0
0
0
0
0
0
0
0
0
0
0
0
0
0
0
0
0
0
0
0
0
0
0
0
0
0
0
0
0
0
0
0
0
0
0
0
0
0
0
0
0
0
0
0
0
0
0
0
0
0
0
0
0
0
0
0
0
0
0
0
0
0
0
0
0
0
0
0
0
0
0
0
0
0
0
0
0
0
0
0
0
0
0
0
0
0
0
0
0
0
0
0
0
0
0
0
0
0
0
0
0
0
0
0
0
0
0
0
0
0
0
0
0
0
0
0
0
0
0
0
0
0
0
0
0
0
0
0
0
0
0
0
0
0
0
0
0
0
0
0
0
0
0
0
0
0
0
0
0
0
0
0
0
0
0
0
0
0
0
0
0
0
0
0
0
0
0
0
0
0
0
0
0
0
0
0
0
0
0
0
0
0
0
0
0
0
0
0
0
0
0
0
0
0
0
0
0
0
0
0
0
0
0
0
0
0
0
0
0
0
0
0
0
0
0
0
0
0
0
0
0
0
0
0
0
0
0
0
0
0
0
0
0
0
0
0
0
0
0
0
0
0
0
0
0
0
0
0
0
0
0
0
0
0
0
0
0
0
0
0
0
0
0
0
0
0
0
0
0
0
0
0
0
0
0
0
0
0
0
0
0
0
0
0
0
0
0
0
0
0
0
0
0
0
0
0
0
0
0
0
0
0
0
0
0
0
0
0
0
0
0
0
0
0
0
0
0
0
0
0
0
0
0
0
0
0
0
0
0
0
0
0
0
0
0
0
0
0
0
0
0
0
0
0
0
0
0
0
0
0
0
0
0
0
0
0
0
0
0
0
0
0
0
0
0
0
0
0
0
0
0
0
0
0
0
0
0
0
0
0
0
0
0
0
0
0
0
0
0
0
0
0
0
0
0
0
0
0
0
0
0
0
0
0
0
0
0
0
0
0
0
0
0
0
0
0
0
0
0
0
0
0
0
0
0
0
0
0
0
0
0
0
0
0
0
0
0
0
0
0
0
0
0
0
0
0
0
0
0
0
0
0
0
0
0
0
0
0
0
0
0
0
0
0
0
0
0
0
0
0
0
0
0
0
0
0
0
0
0
0
0
0
0
0
0
0
0
0
0
0
0
0
0
0
0
0
0
0
0
0
0
0
0
0
0
0
0
0
0
0
0
0
0
0
0
0
0
0
0
0
0
0
0
0
0
0
0
0
0
0
0
0
0
0
0
0
0
0
0
0
0
0
0
0
0
0
0
0
0
0
0
0
0
0
0
0
0
0
0
0
0
0
0
0
0
0
0
0
0
0
0
0
0
0
0
0
0
0
0
0
0
0
0
0
0
0
0
0
0
0
0
0
0
0
0
0
0
0
0
0
0
0
0
0
0
0
0
0
0
0
0
0
0
0
0
0
0
0
0
0
0
0
0
0
0
0
0
0
0
0
0
0
0
0
0
0
0
0
0
0
0
0
0
0
0
0
0
0
0
0
0
0
0
0
0
0
0
0
0
0
0
0
0
0
0
0
0
0
0
0
0
0
0
0
0
0
0
0
0
0
0
0
0
0
0
0
0
0
0
0
0
0
0
0
0
0
0
0
0
0
0
0
0
0
0
0
0
0
0
0
0
0
0
0
0
0
0
0
0
0
0
0
0
0
0
0
0
0
0
0
0
0
0
0
0
0
0
0
0
0
0
0
0
0
0
0
0
0
0
0
0
0
0
0
0
0
0
0
0
0
0
0
0
0
0
0
0
0
0
0
0
0
0
0
0
0
0
0
0
0
0
0
0
0
0
0
0
0
0
0
0
0
0
0
0
0
0
0
0
0
0
0
0
0
0
0
0
0
0
0
0
0
0
0
0
0
0
0
0
0
0
0
0
0
0
0
0
0
0
0
0
0
0
0
0
0
0
0
0
0
0
0
0
0
0
0
0
0
0
0
0
0
0
0
0
0
0
0
0
0
0
0
0
0
0
0
0
0
0
0
0
0
0
0
0
0
0
0
0
0
0
0
0
0
0
0
0
0
0
0
0
0
0
0
0
0
0
0
0
0
0
0
0
0
0
0
0
0
0
0
0
0
0
0
0
0
0
0
0
0
0
0
0
0
0
0
0
0
0
0
0
0
0
0
0
0
0
0
0
0
0
0
0
0
0
0
0
0
0
0
0
0
0
0
0
0
0
0
0
0
0
0
0
0
0
0
0
0
0
0
0
0
0
0
0
0
0
0
0
0
0
0
0
0
0
0
0
0
0
0
0
0
0
0
0
0
0
0
0
0
0
0
0
0
0
0
0
0
0
0
0
0
0
0
0
0
0
0
0
0
0
0
0
0
0
0
0
0
0
0
0
0
0
0
0
0
0
0
0
0
0
0
0
0
0
0
0
0
0
0
0
0
0
0
0
0
0
0
0
0
0
0
0
0
0
0
0
0
0
0
0
0
0
0
0
0
0
0
0
0
0
0
0
0
0
0
0
0
0
0
0
0
0
0
0
0
0
0
0
0
0
0
0
0
0
0
0
0
0
0
0
0
0
0
0
0
0
0
0
0
0
0
0
0
0
0
0
0
0
0
0
0
0
0
0
0
0
0
0
0
0
0
0
0
0
0
0
0
0
0
0
0
0
0
0
0
0
0
0
0
0
0
0
0
0
0
0
0
0
0
0
0
0
0
0
0
0
0
0
0
0
0
0
0
0
0
0
0
0
0
0
0
0
0
0
0
0
0
0
0
0
0
0
0
0
0
0
0
0
0
0
0
0
0
0
0
0
0
0
0
0
0
0
0
0
0
0
0
0
0
0
0
0
0
0
0
0
0
0
0
0
0
0
0
0
0
0
0
0
0
0
0
0
0
0
0
0
0
0
0
0
0
0
0
0
0
0
0
0
0
0
0
0
0
0
0
0
0
0
0
0
0
0
0
0
0
0
0
0
0
0
0
0
0
0
0
0
0
0
0
0
0
0
0
0
0
0
0
0
0
0
0
0
0
0
0
0
0
0
0
0
0
0
0
0
0
0
0
0
0
0
0
0
0
0
0
0
0
0
0
0
0
0
0
0
0
0
0
0
0
0
0
0
0
0
0
0
0
0
0
0
0
0
0
0
0
0
0
0
0
0
0
0
0
0
0
0
0
0
0
0
0
0
0
0
0
0
0
0
0
0
0
0
0
0
0
0
0
0
0
0
0
0
0
0
0
0
0
0
0
0
0
0
0
0
0
0
0
0
0
0
0
0
0
0
0
0
0
0
0
0
0
0
0
0
0
0
0
0
0
0
0
0
0
0
0
0
0
0
0
0
0
0
0
0
0
0
0
0
0
0
0
0
0
0
0
0
0
0
0
0
0
0
0
0
0
0
0
0
0
0
0
0
0
0
0
0
0
0
0
0
0
0
0
0
0
0
0
0
0
0
0
0
0
0
0
0
0
0
0
0
0
0
0
0
0
0
0
0
0
0
0
0
0
0
0
0
0
0
0
0
0
0
0
0
0
0
0
0
0
0
0
0
0
0
0
0
0
0
0
0
0
0
0
0
0
0
0
0
0
0
0
0
0
0
0
0
0
0
0
0
0
0
0
0
0
0
0
0
0
0
0
0
0
0
0
0
0
0
0
0
0
0
0
0
0
0
0
0
0
0
0
0
0
0
0
0
0
0
0
0
0
0
0
0
0
0
0
0
0
0
0
0
0
0
0
0
0
0
0
0
0
0
0
0
0
0
0
0
0
0
0
0
0
0
0
0
0
0
0
0
0
0
0
0
0
0
0
0
0
0
0
0
0
0
0
0
0
0
0
0
0
0
0
0
0
0
0
0
0
0
0
0
0
0
0
0
0
0
0
0
0
0
0
0
0
0
0
0
0
0
0
0
0
0
0
0
0
0
0
0
0
0
0
0
0
0
0
0
0
0
0
0
0
0
0
0
0
0
0
0
0
0
0
0
0
0
0
0
0
0
0
0
0
0
0
0
0
0
0
0
0
0
0
0
0
0
0
0
0
0
0
0
0
0
0
0
0
0
0
0
0
0
0
0
0
0
0
0
0
0
0
0
0
0
0
0
0
0
0
0
0
0
0
0
0
0
0
0
0
0
0
0
0
0
0
0
0
0
0
0
0
0
0
0
0
0
0
0
0
0
0
0
0
0
0
0
0
0
0
0
0
0
0
0
0
0
0
0
0
0
0
0
0
0
0
0
0
0
0
0
0
0
0
0
0
0
0
0
0
0
0
0
0
0
0
0
0
0
0
0
0
0
0
0
0
0
0
0
0
0
0
0
0
0
0
0
0
0
0
0
0
0
0
0
0
0
0
0
0
0
0
0
0
0
0
0
0
0
0
0
0
0
0
0
0
0
0
0
0
0
0
0
0
0
0
0
0
0
0
0
0
0
0
0
0
0
0
0
0
0
0
0
0
0
0
0
0
0
0
0
0
0
0
0
0
0
0
0
0
0
0
0
0
0
0
0
0
0
0
0
0
0
0
0
0
0
0
0
0
0
0
0
0
0
0
0
0
0
0
0
0
0
0
0
0
0
0
0
0
0
0
0
0
0
0
0
0
0
0
0
0
0
0
0
0
0
0
0
0
0
0
0
0
0
0
0
0
0
0
0
0
0
0
0
0
0
0
0
0
0
0
0
0
0
0
0
0
0
0
0
0
0
0
0
0
0
0
0
0
0
0
0
0
0
0
0
0
0
0
0
0
0
0
0
0
0
0
0
0
0
0
0
0
0
0
0
0
0
0
0
0
0
0
0
0
0
0
0
0
0
0
0
0
0
0
0
0
0
0
0
0
0
0
0
0
0
0
0
0
0
0
0
0
0
0
0
0
0
0
0
0
0
0
0
0
0
0
0
0
0
0
0
0
0
0
0
0
0
0
0
0
0
0
0
0
0
0
0
0
0
0
0
0
0
0
0
0
0
0
0
0
0
0
0
0
0
0
0
0
0
0
0
0
0
0
0
0
0
0
0
0
0
0
0
0
0
0
0
0
0
0
0
0
0
0
0
0
0
0
0
0
0
0
0
0
0
0
0
0
0
0
0
0
0
0
0
0
0
0
0
0
0
0
0
0
0
0
0
0
0
0
0
0
0
0
0
0
0
0
0
0
0
0
0
0
0
0
0
0
0
0
0
0
0
0
0
0
0
0
0
0
0
0
0
0
0
0
0
0
0
0
0
0
0
0
0
0
0
0
0
0
0
0
0
0
0
0
0
0
0
0
0
0
0
0
0
0
0
0
0
0
0
0
0
0
0
0
0
0
0
0
0
0
0
0
0
0
0
0
0
0
0
0
0
0
0
0
0
0
0
0
0
0
0
0
0
0
0
0
0
0
0
0
0
0
0
0
0
0
0
0
0
0
0
0
0
0
0
0
0
0
0
0
0
0
0
0
0
0
0
0
0
0
0
0
0
0
0
0
0
0
0
0
0
0
0
0
0
0
0
0
0
0
0
0
0
0
0
0
0
0
0
0
0
0
0
0
0
0
0
0
0
0
0
0
0
0
0
0
0
0
0
0
0
0
0
0
0
0
0
0
0
0
0
0
0
0
0
0
0
0
0
0
0
0
0
0
0
0
0
0
0
0
0
0
0
0
0
0
0
0
0
0
0
0
0
0
0
0
0
0
0
0
0
0
0
0
0
0
0
0
0
0
0
0
0
0
0
0
0
0
0
0
0
0
0
0
0
0
0
0
0
0
0
0
0
0
0
0
0
0
0
0
0
0
0
0
0
0
0
0
0
0
0
0
0
0
0
0
0
0
0
0
0
0
0
0
0
0
0
0
0
0
0
0
0
0
0
0
0
0
0
0
0
0
0
0
0
0
0
0
0
0
0
0
0
0
0
0
0
0
0
0
0
0
0
0
0
0
0
0
0
0
0
0
0
0
0
0
0
0
0
0
0
0
0
0
0
0
0
0
0
0
0
0
0
0
0
0
0
0
0
0
0
0
0
0
0
0
0
0
0
0
0
0
0
0
0
0
0
0
0
0
0
0
0
0
0
0
0
0
0
0
0
0
0
0
0
0
0
0
0
0
0
0
0
0
0
0
0
0
0
0
0
0
0
0
0
0
0
0
0
0
0
0
0
0
0
0
0
0
0
0
0
0
0
0
0
0
0
0
0
0
0
0
0
0
0
0
0
0
0
0
0
0
0
0
0
0
0
0
0
0
0
0
0
0
0
0
0
0
0
0
0
0
0
0
0
0
0
0
0
0
0
0
0
0
0
0
0
0
0
0
0
0
0
0
0
0
0
0
0
0
0
0
0
0
0
0
0
0
0
0
0
0
0
0
0
0
0
0
0
0
0
0
0
0
0
0
0
0
0
0
0
0
0
0
0
0
0
0
0
0
0
0
0
0
0
0
0
0
0
0
0
0
0
0
0
0
0
0
0
0
0
0
0
0
0
0
0
0
0
0
0
0
0
0
0
0
0
0
0
0
0
0
0
0
0
0
0
0
0
0
0
0
0
0
0
0
0
0
0
0
0
0
0
0
0
0
0
0
0
0
0
0
0
0
0
0
0
0
0
0
0
0
0
0
0
0
0
0
0
0
0
0
0
0
0
0
0
0
0
0
0
0
0
0
0
0
0
0
0
0
0
0
0
0
0
0
0
0
0
0
0
0
0
0
0
0
0
0
0
0
0
0
0
0
0
0
0
0
0
0
0
0
0
0
0
0
0
0
0
0
0
0
0
0
0
0
0
0
0
0
0
0
0
0
0
0
0
0
0
0
0
0
0
0
0
0
0
0
0
0
0
0
0
0
0
0
0
0
0
0
0
0
0
0
0
0
0
0
0
0
0
0
0
0
0
0
0
0
0
0
0
0
0
0
0
0
0
0
0
0
0
0
0
0
0
0
0
0
0
0
0
0
0
0
0
0
0
0
0
0
0
0
0
0
0
0
0
0
0
0
0
0
0
0
0
0
0
0
0
0
0
0
0
0
0
0
0
0
0
0
0
0
0
0
0
0
0
0
0
0
0
0
0
0
0
0
0
0
0
0
0
0
0
0
0
0
0
0
0
0
0
0
0
0
0
0
0
0
0
0
0
0
0
0
0
0
0
0
0
0
0
0
0
0
0
0
0
0
0
0
0
0
0
0
0
0
0
0
0
0
0
0
0
0
0
0
0
0
0
0
0
0
0
0
0
0
0
0
0
0
0
0
0
0
0
0
0
0
0
0
0
0
0
0
0
0
0
0
0
0
0
0
0
0
0
0
0
0
0
0
0
0
0
0
0
0
0
0
0
0
0
0
0
0
0
0
0
0
0
0
0
0
0
0
0
0
0
0
0
0
0
0
0
0
0
0
0
0
0
0
0
0
0
0
0
0
0
0
0
0
0
0
0
0
0
0
0
0
0
0
0
0
0
0
0
0
0
0
0
0
0
0
0
0
0
0
0
0
0
0
0
0
0
0
0
0
0
0
0
0
0
0
0
0
0
0
0
0
0
0
0
0
0
0
0
0
0
0
0
0
0
0
0
0
0
0
0
0
0
0
0
0
0
0
0
0
0
0
0
0
0
0
0
0
0
0
0
0
0
0
0
0
0
0
0
0
0
0
0
0
0
0
0
0
0
0
0
0
0
0
0
0
0
0
0
0
0
0
0
0
0
0
0
0
0
0
0
0
0
0
0
0
0
0
0
0
0
0
0
0
0
0
0
0
0
0
0
0
0
0
0
0
0
0
0
0
0
0
0
0
0
0
0
0
0
0
0
0
0
0
0
0
0
0
0
0
0
0
0
0
0
0
0
0
0
0
0
0
0
0
0
0
0
0
0
0
0
0
0
0
0
0
0
0
0
0
0
0
0
0
0
0
0
0
0
0
0
0
0
0
0
0
0
0
0
0
0
0
0
0
0
0
0
0
0
0
0
0
0
0
0
0
0
0
0
0
0
0
0
0
0
0
0
0
0
0
0
0
0
0
0
0
0
0
0
0
0
0
0
0
0
0
0
0
0
0
0
0
0
0
0
0
0
0
0
0
0
0
0
0
0
0
0
0
0
0
0
0
0
0
0
0
0
0
0
0
0
0
0
0
0
0
0
0
0
0
0
0
0
0
0
0
0
0
0
0
0
0
0
0
0
0
0
0
0
0
0
0
0
0
0
0
0
0
0
0
0
0
0
0
0
0
0
0
0
0
0
0
0
0
0
0
0
0
0
0
0
0
0
0
0
0
0
0
0
0
0
0
0
0
0
0
0
0
0
0
0
0
0
0
0
0
0
0
0
0
0
0
0
0
0
0
0
0
0
0
0
0
0
0
0
0
0
0
0
0
0
0
0
0
0
0
0
0
0
0
0
0
0
0
0
0
0
0
0
0
0
0
0
0
0
0
0
0
0
0
0
0
0
0
0
0
0
0
0
0
0
0
0
0
0
0
0
0
0
0
0
0
0
0
0
0
0
0
0
0
0
0
0
0
0
0
0
0
0
0
0
0
0
0
0
0
0
0
0
0
0
0
0
0
0
0
0
0
0
0
0
0
0
0
0
0
0
0
0
0
0
0
0
0
0
0
0
0
0
0
0
0
0
0
0
0
0
0
0
0
0
0
0
0
0
0
0
0
0
0
0
0
0
0
0
0
0
0
0
0
0
0
0
0
0
0
0
0
0
0
0
0
0
0
0
0
0
0
0
0
0
0
0
0
0
0
0
0
0
0
0
0
0
0
0
0
0
0
0
0
0
0
0
0
0
0
0
0
0
0
0
0
0
0
0
0
0
0
0
0
0
0
0
0
0
0
0
0
0
0
0
0
0
0
0
0
0
0
0
0
0
0
0
0
0
0
0
0
0
0
0
0
0
0
0
0
0
0
0
0
0
0
0
0
0
0
0
0
0
0
0
0
0
0
0
0
0
0
0
0
0
0
0
0
0
0
0
0
0
0
0
0
0
0
0
0
0
0
0
0
0
0
0
0
0
0
0
0
0
0
0
0
0
0
0
0
0
0
0
0
0
0
0
0
0
0
0
0
0
0
0
0
0
0
0
0
0
0
0
0
0
0
0
0
0
0
0
0
0
0
0
0
0
0
0
0
0
0
0
0
0
0
0
0
0
0
0
0
0
0
0
0
0
0
0
0
0
0
0
0
0
0
0
0
0
0
0
0
0
0
0
0
0
0
0
0
0
0
0
0
0
0
0
0
0
0
0
0
0
0
0
0
0
0
0
0
0
0
0
0
0
0
0
0
0
0
0
0
0
0
0
0
0
0
0
0
0
0
0
0
0
0
0
0
0
0
0
0
0
0
0
0
0
0
0
0
0
0
0
0
0
0
0
0
0
0
0
0
0
0
0
0
0
0
0
0
0
0
0
0
0
0
0
0
0
0
0
0
0
0
0
0
0
0
0
0
0
0
0
0
0
0
0
0
0
0
0
0
0
0
0
0
0
0
0
0
0
0
0
0
0
0
0
0
0
0
0
0
0
0
0
0
0
0
0
0
0
0
0
0
0
0
0
0
0
0
0
0
0
0
0
0
0
0
0
0
0
0
0
0
0
0
0
0
0
0
0
0
0
0
0
0
0
0
0
0
0
0
0
0
0
0
0
0
0
0
0
0
0
0
0
0
0
0
0
0
0
0
0
0
0
0
0
0
0
0
0
0
0
0
0
0
0
0
0
0
0
0
0
0
0
0
0
0
0
0
0
0
0
0
0
0
0
0
0
0
0
0
0
0
0
0
0
0
0
0
0
0
0
0
0
0
0
0
0
0
0
0
0
0
0
0
0
0
0
0
0
0
0
0
0
0
0
0
0
0
0
0
0
0
0
0
0
0
0
0
0
0
0
0
0
0
0
0
0
0
0
0
0
0
0
0
0
0
0
0
0
0
0
0
0
0
0
0
0
0
0
0
0
0
0
0
0
0
0
0
0
0
0
0
0
0
0
0
0
0
0
0
0
0
0
0
0
0
0
0
0
0
0
0
0
0
0
0
0
0
0
0
0
0
0
0
0
0
0
0
0
0
0
0
0
0
0
0
0
0
0
0
0
0
0
0
0
0
0
0
0
0
0
0
0
0
0
0
0
0
0
0
0
0
0
0
0
0
0
0
0
0
0
0
0
0
0
0
0
0
0
0
0
0
0
0
0
0
0
0
0
0
0
0
0
0
0
0
0
0
0
0
0
0
0
0
0
0
0
0
0
0
0
0
0
0
0
0
0
0
0
0
0
0
0
0
0
0
0
0
0
0
0
0
0
0
0
0
0
0
0
0
0
0
0
0
0
0
0
0
0
0
0
0
0
0
0
0
0
0
0
0
0
0
0
0
0
0
0
0
0
0
0
0
0
0
0
0
0
0
0
0
0
0
0
0
0
0
0
0
0
0
0
0
0
0
0
0
0
0
0
0
0
0
0
0
0
0
0
0
0
0
0
0
0
0
0
0
0
0
0
0
0
0
0
0
0
0
0
0
0
0
0
0
0
0
0
0
0
0
0
0
0
0
0
0
0
0
0
0
0
0
0
0
0
0
0
0
0
0
0
0
0
0
0
0
0
0
0
0
0
0
0
0
0
0
0
0
0
0
0
0
0
0
0
0
0
0
0
0
0
0
0
0
0
0
0
0
0
0
0
0
0
0
0
0
0
0
0
0
0
0
0
0
0
0
0
0
0
0
0
0
0
0
0
0
0
0
0
0
0
0
0
0
0
0
0
0
0
0
0
0
0
0
0
0
0
0
0
0
0
0
0
0
0
0
0
0
0
0
0
0
0
0
0
0
0
0
0
0
0
0
0
0
0
0
0
0
0
0
0
0
0
0
0
0
0
0
0
0
0
0
0
0
0
0
0
0
0
0
0
0
0
0
0
0
0
0
0
0
0
0
0
0
0
0
0
0
0
0
0
0
0
0
0
0
0
0
0
0
0
0
0
0
0
0
0
0
0
0
0
0
0
0
0
0
0
0
0
0
0
0
0
0
0
0
0
0
0
0
0
0
0
0
0
0
0
0
0
0
0
0
0
0
0
0
0
0
0
0
0
0
0
0
0
0
0
0
0
0
0
0
0
0
0
0
0
0
0
0
0
0
0
0
0
0
0
0
0
0
0
0
0
0
0
0
0
0
0
0
0
0
0
0
0
0
0
0
0
0
0
0
0
0
0
0
0
0
0
0
0
0
0
0
0
0
0
0
0
0
0
0
0
0
0
0
0
0
0
0
0
0
0
0
0
0
0
0
0
0
0
0
0
0
0
0
0
0
0
0
0
0
0
0
0
0
0
0
0
0
0
0
0
0
0
0
0
0
0
0
0
0
0
0
0
0
0
0
0
0
0
0
0
0
0
0
0
0
0
0
0
0
0
0
0
0
0
0
0
0
0
0
0
0
0
0
0
0
0
0
0
0
0
0
0
0
0
0
0
0
0
0
0
0
0
0
0
0
0
0
0
0
0
0
0
0
0
0
0
0
0
0
0
0
0
0
0
0
0
0
0
0
0
0
0
0
0
0
0
0
0
0
0
0
0
0
0
0
0
0
0
0
0
0
0
0
0
0
0
0
0
0
0
0
0
0
0
0
0
0
0
0
0
0
0
0
0
0
0
0
0
0
0
0
0
0
0
0
0
0
0
0
0
0
0
0
0
0
0
0
0
0
0
0
0
0
0
0
0
0
0
0
0
0
0
0
0
0
0
0
0
0
0
0
0
0
0
0
0
0
0
0
0
0
0
0
0
0
0
0
0
0
0
0
0
0
0
0
0
0
0
0
0
0
0
0
0
0
0
0
0
0
0
0
0
0
0
0
0
0
0
0
0
0
0
0
0
0
0
0
0
0
0
0
0
0
0
0
0
0
0
0
0
0
0
0
0
0
0
0
0
0
0
0
0
0
0
0
0
0
0
0
0
0
0
0
0
0
0
0
0
0
0
0
0
0
0
0
0
0
0
0
0
0
0
0
0
0
0
0
0
0
0
0
0
0
0
0
0
0
0
0
0
0
0
0
0
0
0
0
0
0
0
0
0
0
0
0
0
0
0
0
0
0
0
0
0
0
0
0
0
0
0
0
0
0
0
0
0
0
0
0
0
0
0
0
0
0
0
0
0
0
0
0
0
0
0
0
0
0
0
0
0
0
0
0
0
0
0
0
0
0
0
0
0
0
0
0
0
0
0
0
0
0
0
0
0
0
0
0
0
0
0
0
0
0
0
0
0
0
0
0
0
0
0
0
0
0
0
0
0
0
0
0
0
0
0
0
0
0
0
0
0
0
0
0
0
0
0
0
0
0
0
0
0
0
0
0
0
0
0
0
0
0
0
0
0
0
0
0
0
0
0
0
0
0
0
0
0
0
0
0
0
0
0
0
0
0
0
0
0
0
0
0
0
0
0
0
0
0
0
0
0
0
0
0
0
0
0
0
0
0
0
0
0
0
0
0
0
0
0
0
0
0
0
0
0
0
0
0
0
0
0
0
0
0
0
0
0
0
0
0
0
0
0
0
0
0
0
0
0
0
0
0
0
0
0
0
0
0
0
0
0
0
0
0
0
0
0
0
0
0
0
0
0
0
0
0
0
0
0
0
0
0
0
0
0
0
0
0
0
0
0
0
0
0
0
0
0
0
0
0
0
0
0
0
0
0
0
0
0
0
0
0
0
0
0
0
0
0
0
0
0
0
0
0
0
0
0
0
0
0
0
0
0
0
0
0
0
0
0
0
0
0
0
0
0
0
0
0
0
0
0
0
0
0
0
0
0
0
0
0
0
0
0
0
0
0
0
0
0
0
0
0
0
0
0
0
0
0
0
0
0
0
0
0
0
0
0
0
0
0
0
0
0
0
0
0
0
0
0
0
0
0
0
0
0
0
0
0
0
0
0
0
0
0
0
0
0
0
0
0
0
0
0
0
0
0
0
0
0
0
0
0
0
0
0
0
0
0
0
0
0
0
0
0
0
0
0
0
0
0
0
0
0
0
0
0
0
0
0
0
0
0
0
0
0
0
0
0
0
0
0
0
0
0
0
0
0
0
0
0
0
0
0
0
0
0
0
0
0
0
0
0
0
0
0
0
0
0
0
0
0
0
0
0
0
0
0
0
0
0
0
0
0
0
0
0
0
0
0
0
0
0
0
0
0
0
0
0
0
0
0
0
0
0
0
0
0
0
0
0
0
0
0
0
0
0
0
0
0
0
0
0
0
0
0
0
0
0
0
0
0
0
0
0
0
0
0
0
0
0
0
0
0
0
0
0
0
0
0
0
0
0
0
0
0
0
0
0
0
0
0
0
0
0
0
0
0
0
0
0
0
0
0
0
0
0
0
0
0
0
0
0
0
0
0
0
0
0
0
0
0
0
0
0
0
0
0
0
0
0
0
0
0
0
0
0
0
0
0
0
0
0
0
0
0
0
0
0
0
0
0
0
0
0
0
0
0
0
0
0
0
0
0
0
0
0
0
0
0
0
0
0
0
0
0
0
0
0
0
0
0
0
0
0
0
0
0
0
0
0
0
0
0
0
0
0
0
0
0
0
0
0
0
0
0
0
0
0
0
0
0
0
0
0
0
0
0
0
0
0
0
0
0
0
0
0
0
0
0
0
0
0
0
0
0
0
0
0
0
0
0
0
0
0
0
0
0
0
0
0
0
0
0
0
0
0
0
0
0
0
0
0
0
0
0
0
0
0
0
0
0
0
0
0
0
0
0
0
0
0
0
0
0
0
0
0
0
0
0
0
0
0
0
0
0
0
0
0
0
0
0
0
0
0
0
0
0
0
0
0
0
0
0
0
0
0
0
0
0
0
0
0
0
0
0
0
0
0
0
0
0
0
0
0
0
0
0
0
0
0
0
0
0
0
0
0
0
0
0
0
0
0
0
0
0
0
0
0
0
0
0
0
0
0
0
0
0
0
0
0
0
0
0
0
0
0
0
0
0
0
0
0
0
0
0
0
0
0
0
0
0
0
0
0
0
0
0
0
0
0
0
0
0
0
0
0
0
0
0
0
0
0
0
0
0
0
0
0
0
0
0
0
0
0
0
0
0
0
0
0
0
0
0
0
0
0
0
0
0
0
0
0
0
0
0
0
0
0
0
0
0
0
0
0
0
0
0
0
0
0
0
0
0
0
0
0
0
0
0
0
0
0
0
0
0
0
0
0
0
0
0
0
0
0
0
0
0
0
0
0
0
0
0
0
0
0
0
0
0
0
0
0
0
0
0
0
0
0
0
0
0
0
0
0
0
0
0
0
0
0
0
0
0
0
0
0
0
0
0
0
0
0
0
0
0
0
0
0
0
0
0
0
0
0
0
0
0
0
0
0
0
0
0
0
0
0
0
0
0
0
0
0
0
0
0
0
0
0
0
0
0
0
0
0
0
0
0
0
0
0
0
0
0
0
0
0
0
0
0
0
0
0
0
0
0
0
0
0
0
0
0
0
0
0
0
0
0
0
0
0
0
0
0
0
0
0
0
0
0
0
0
0
0
0
0
0
0
0
0
0
0
0
0
0
0
0
0
0
0
0
0
0
0
0
0
0
0
0
0
0
0
0
0
0
0
0
0
0
0
0
0
0
0
0
0
0
0
0
0
0
0
0
0
0
0
0
0
0
0
0
0
0
0
0
0
0
0
0
0
0
0
0
0
0
0
0
0
0
0
0
0
0
0
0
0
0
0
0
0
0
0
0
0
0
0
0
0
0
0
0
0
0
0
0
0
0
0
0
0
0
0
0
0
0
0
0
0
0
0
0
0
0
0
0
0
0
0
0
0
0
0
0
0
0
0
0
0
0
0
0
0
0
0
0
0
0
0
0
0
0
0
0
0
0
0
0
0
0
0
0
0
0
0
0
0
0
0
0
0
0
0
0
0
0
0
0
0
0
0
0
0
0
0
0
0
0
0
0
0
0
0
0
0
0
0
0
0
0
0
0
0
0
0
0
0
0
0
0
0
0
0
0
0
0
0
0
0
0
0
0
0
0
0
0
0
0
0
0
0
0
0
0
0
0
0
0
0
0
0
0
0
0
0
0
0
0
0
0
0
0
0
0
0
0
0
0
0
0
0
0
0
0
0
0
0
0
0
0
0
0
0
0
0
0
0
0
0
0
0
0
0
0
0
0
0
0
0
0
0
0
0
0
0
0
0
0
0
0
0
0
0
0
0
0
0
0
0
0
0
0
0
0
0
0
0
0
0
0
0
0
0
0
0
0
0
0
0
0
0
0
0
0
0
0
0
0
0
0
0
0
0
0
0
0
0
0
0
0
0
0
0
0
0
0
0
0
0
0
0
0
0
0
0
0
0
0
0
0
0
0
0
0
0
0
0
0
0
0
0
0
0
0
0
0
0
0
0
0
0
0
0
0
0
0
0
0
0
0
0
0
0
0
0
0
0
0
0
0
0
0
0
0
0
0
0
0
0
0
0
0
0
0
0
0
0
0
0
0
0
0
0
0
0
0
0
0
0
0
0
0
0
0
0
0
0
0
0
0
0
0
0
0
0
0
0
0
0
0
0
0
0
0
0
0
0
0
0
0
0
0
0
0
0
0
0
0
0
0
0
0
0
0
0
0
0
0
0
0
0
0
0
0
0
0
0
0
0
0
0
0
0
0
0
0
0
0
0
0
0
0
0
0
0
0
0
0
0
0
0
0
0
0
0
0
0
0
0
0
0
0
0
0
0
0
0
0
0
0
0
0
0
0
0
0
0
0
0
0
0
0
0
0
0
0
0
0
0
0
0
0
0
0
0
0
0
0
0
0
0
0
0
0
0
0
0
0
0
0
0
0
0
0
0
0
0
0
0
0
0
0
0
0
0
0
0
0
0
0
0
0
0
0
0
0
0
0
0
0
0
0
0
0
0
0
0
0
0
0
0
0
0
0
0
0
0
0
0
0
0
0
0
0
0
0
0
0
0
0
0
0
0
0
0
0
0
0
0
0
0
0
0
0
0
0
0
0
0
0
0
0
0
0
0
0
0
0
0
0
0
0
0
0
0
0
0
0
0
0
0
0
0
0
0
0
0
0
0
0
0
0
0
0
0
0
0
0
0
0
0
0
0
0
0
0
0
0
0
0
0
0
0
0
0
0
0
0
0
0
0
0
0
0
0
0
0
0
0
0
0
0
0
0
0
0
0
0
0
0
0
0
0
0
0
0
0
0
0
0
0
0
0
0
0
0
0
0
0
0
0
0
0
0
0
0
0
0
0
0
0
0
0
0
0
0
0
0
0
0
0
0
0
0
0
0
0
0
0
0
0
0
0
0
0
0
0
0
0
0
0
0
0
0
0
0
0
0
0
0
0
0
0
0
0
0
0
0
0
0
0
0
0
0
0
0
0
0
0
0
0
0
0
0
0
0
0
0
0
0
0
0
0
0
0
0
0
0
0
0
0
0
0
0
0
0
0
0
0
0
0
0
0
0
0
0
0
0
0
0
0
0
0
0
0
0
0
0
0
0
0
0
0
0
0
0
0
0
0
0
0
0
0
0
0
0
0
0
0
0
0
0
0
0
0
0
0
0
0
0
0
0
0
0
0
0
0
0
0
0
0
0
0
0
0
0
0
0
0
0
0
0
0
0
0
0
0
0
0
0
0
0
0
0
0
0
0
0
0
0
0
0
0
0
0
0
0
0
0
0
0
0
0
0
0
0
0
0
0
0
0
0
0
0
0
0
0
0
0
0
0
0
0
0
0
0
0
0
0
0
0
0
0
0
0
0
0
0
0
0
0
0
0
0
0
0
0
0
0
0
0
0
0
0
0
0
0
0
0
0
0
0
0
0
0
0
0
0
0
0
0
0
0
0
0
0
0
0
0
0
0
0
0
0
0
0
0
0
0
0
0
0
0
0
0
0
0
0
0
0
0
0
0
0
0
0
0
0
0
0
0
0
0
0
0
0
0
0
0
0
0
0
0
0
0
0
0
0
0
0
0
0
0
0
0
0
0
0
0
0
0
0
0
0
0
0
0
0
0
0
0
0
0
0
0
0
0
0
0
0
0
0
0
0
0
0
0
0
0
0
0
0
0
0
0
0
0
0
0
0
0
0
0
0
0
0
0
0
0
0
0
0
0
0
0
0
0
0
0
0
0
0
0
0
0
0
0
0
0
0
0
0
0
0
0
0
0
0
0
0
0
0
0
0
0
0
0
0
0
0
0
0
0
0
0
0
0
0
0
0
0
0
0
0
0
0
0
0
0
0
0
0
0
0
0
0
0
0
0
0
0
0
0
0
0
0
0
0
0
0
0
0
0
0
0
0
0
0
0
0
0
0
0
0
0
0
0
0
0
0
0
0
0
0
0
0
0
0
0
0
0
0
0
0
0
0
0
0
0
0
0
0
0
0
0
0
0
0
0
0
0
0
0
0
0
0
0
0
0
0
0
0
0
0
0
0
0
0
0
0
0
0
0
0
0
0
0
0
0
0
0
0
0
0
0
0
0
0
0
0
0
0
0
0
0
0
0
0
0
0
0
0
0
0
0
0
0
0
0
0
0
0
0
0
0
0
0
0
0
0
0
0
0
0
0
0
0
0
0
0
0
0
0
0
0
0
0
0
0
0
0
0
0
0
0
0
0
0
0
0
0
0
0
0
0
0
0
0
0
0
0
0
0
0
0
0
0
0
0
0
0
0
0
0
0
0
0
0
0
0
0
0
0
0
0
0
0
0
0
0
0
0
0
0
0
0
0
0
0
0
0
0
0
0
0
0
0
0
0
0
0
0
0
0
0
0
0
0
0
0
0
0
0
0
0
0
0
0
0
0
0
0
0
0
0
0
0
0
0
0
0
0
0
0
0
0
0
0
0
0
0
0
0
0
0
0
0
0
0
0
0
0
0
0
0
0
0
0
0
0
0
0
0
0
0
0
0
0
0
0
0
0
0
0
0
0
0
0
0
0
0
0
0
0
0
0
0
0
0
0
0
0
0
0
0
0
0
0
0
0
0
0
0
0
0
0
0
0
0
0
0
0
0
0
0
0
0
0
0
0
0
0
0
0
0
0
0
0
0
0
0
0
0
0
0
0
0
0
0
0
0
0
0
0
0
0
0
0
0
0
0
0
0
0
0
0
0
0
0
0
0
0
0
0
0
0
0
0
0
0
0
0
0
0
0
0
0
0
0
0
0
0
0
0
0
0
0
0
0
0
0
0
0
0
0
0
0
0
0
0
0
0
0
0
0
0
0
0
0
0
0
0
0
0
0
0
0
0
0
0
0
0
0
0
0
0
0
0
0
0
0
0
0
0
0
0
0
0
0
0
0
0
0
0
0
0
0
0
0
0
0
0
0
0
0
0
0
0
0
0
0
0
0
0
0
0
0
0
0
0
0
0
0
0
0
0
0
0
0
0
0
0
0
0
0
0
0
0
0
0
0
0
0
0
0
0
0
0
0
0
0
0
0
0
0
0
0
0
0
0
0
0
0
0
0
0
0
0
0
0
0
0
0
0
0
0
0
0
0
0
0
0
0
0
0
0
0
0
0
0
0
0
0
0
0
0
0
0
0
0
0
0
0
0
0
0
0
0
0
0
0
0
0
0
0
0
0
0
0
0
0
0
0
0
0
0
0
0
0
0
0
0
0
0
0
0
0
0
0
0
0
0
0
0
0
0
0
0
0
0
0
0
0
0
0
0
0
0
0
0
0
0
0
0
0
0
0
0
0
0
0
0
0
0
0
0
0
0
0
0
0
0
0
0
0
0
0
0
0
0
0
0
0
0
0
0
0
0
0
0
0
0
0
0
0
0
0
0
0
0
0
0
0
0
0
0
0
0
0
0
0
0
0
0
0
0
0
0
0
0
0
0
0
0
0
0
0
0
0
0
0
0
0
0
0
0
0
0
0
0
0
0
0
0
0
0
0
0
0
0
0
0
0
0
0
0
0
0
0
0
0
0
0
0
0
0
0
0
0
0
0
0
0
0
0
0
0
0
0
0
0
0
0
0
0
0
0
0
0
0
0
0
0
0
0
0
0
0
0
0
0
0
0
0
0
0
0
0
0
0
0
0
0
0
0
0
0
0
0
0
0
0
0
0
0
0
0
0
0
0
0
0
0
0
0
0
0
0
0
0
0
0
0
0
0
0
0
0
0
0
0
0
0
0
0
0
0
0
0
0
0
0
0
0
0
0
0
0
0
0
0
0
0
0
0
0
0
0
0
0
0
0
0
0
0
0
0
0
0
0
0
0
0
0
0
0
0
0
0
0
0
0
0
0
0
0
0
0
0
0
0
0
0
0
0
0
0
0
0
0
0
0
0
0
0
0
0
0
0
0
0
0
0
0
0
0
0
0
0
0
0
0
0
0
0
0
0
0
0
0
0
0
0
0
0
0
0
0
0
0
0
0
0
0
0
0
0
0
0
0
0
0
0
0
0
0
0
0
0
0
0
0
0
0
0
0
0
0
0
0
0
0
0
0
0
0
0
0
0
0
0
0
0
0
0
0
0
0
0
0
0
0
0
0
0
0
0
0
0
0
0
0
0
0
0
0
0
0
0
0
0
0
0
0
0
0
0
0
0
0
0
0
0
0
0
0
0
0
0
0
0
0
0
0
0
0
0
0
0
0
0
0
0
0
0
0
0
0
0
0
0
0
0
0
0
0
0
0
0
0
0
0
0
0
0
0
0
0
0
0
0
0
0
0
0
0
0
0
0
0
0
0
0
0
0
0
0
0
0
0
0
0
0
0
0
0
0
0
0
0
0
0
0
0
0
0
0
0
0
0
0
0
0
0
0
0
0
0
0
0
0
0
0
0
0
0
0
0
0
0
0
0
0
0
0
0
0
0
0
0
0
0
0
0
0
0
0
0
0
0
0
0
0
0
0
0
0
0
0
0
0
0
0
0
0
0
0
0
0
0
0
0
0
0
0
0
0
0
0
0
0
0
0
0
0
0
0
0
0
0
0
0
0
0
0
0
0
0
0
0
0
0
0
0
0
0
0
0
0
0
0
0
0
0
0
0
0
0
0
0
0
0
0
0
0
0
0
0
0
0
0
0
0
0
0
0
0
0
0
0
0
0
0
0
0
0
0
0
0
0
0
0
0
0
0
0
0
0
0
0
0
0
0
0
0
0
0
0
0
0
0
0
0
0
0
0
0
0
0
0
0
0
0
0
0
0
0
0
0
0
0
0
0
0
0
0
0
0
0
0
0
0
0
0
0
0
0
0
0
0
0
0
0
0
0
0
0
0
0
0
0
0
0
0
0
0
0
0
0
0
0
0
0
0
0
0
0
0
0
0
0
0
0
0
0
0
0
0
0
0
0
0
0
0
0
0
0
0
0
0
0
0
0
0
0
0
0
0
0
0
0
0
0
0
0
0
0
0
0
0
0
0
0
0
0
0
0
0
0
0
0
0
0
0
0
0
0
0
0
0
0
0
0
0
0
0
0
0
0
0
0
0
0
0
0
0
0
0
0
0
0
0
0
0
0
0
0
0
0
0
0
0
0
0
0
0
0
0
0
0
0
0
0
0
0
0
0
0
0
0
0
0
0
0
0
0
0
0
0
0
0
0
0
0
0
0
0
0
0
0
0
0
0
0
0
0
0
0
0
0
0
0
0
0
0
0
0
0
0
0
0
0
0
0
0
0
0
0
0
0
0
0
0
0
0
0
0
0
0
0
0
0
0
0
0
0
0
0
0
0
0
0
0
0
0
0
0
0
0
0
0
0
0
0
0
0
0
0
0
0
0
0
