# vtk DataFile Version 2.0
AirplaneModel, Created by Gmsh 4.12.1 
ASCII
DATASET UNSTRUCTURED_GRID
POINTS 4446 double
-50 -64.08563820557886 29.88362387301199
-50 -29.88362387301199 -64.08563820557886
-50 29.88362387301199 64.08563820557886
-50 64.08563820557886 -29.88362387301199
50 -64.08563820557886 29.88362387301199
50 -29.88362387301199 -64.08563820557886
50 29.88362387301199 64.08563820557886
50 64.08563820557886 -29.88362387301199
-50 -36.72402673952537 -45.29178578986066
-50 -43.56442960603877 -26.49793337414242
-50 -50.40483247255214 -7.704080958424278
-50 -57.24523533906549 11.08977145729384
-50 -45.29178578986066 36.72402673952537
-50 -26.49793337414242 43.56442960603877
-50 -7.704080958424278 50.40483247255214
-50 11.08977145729384 57.24523533906549
-50 57.24523533906547 -11.08977145729379
-50 50.40483247255207 7.704080958424452
-50 43.56442960603871 26.49793337414259
-50 36.72402673952536 45.29178578986071
-50 -11.08977145729379 -57.24523533906547
-50 7.704080958424452 -50.40483247255207
-50 26.49793337414259 -43.56442960603871
-50 45.29178578986071 -36.72402673952536
50 -36.72402673952537 -45.29178578986066
50 -43.56442960603877 -26.49793337414242
50 -50.40483247255214 -7.704080958424278
50 -57.24523533906549 11.08977145729384
50 -45.29178578986066 36.72402673952537
50 -26.49793337414242 43.56442960603877
50 -7.704080958424278 50.40483247255214
50 11.08977145729384 57.24523533906549
50 57.24523533906547 -11.08977145729379
50 50.40483247255207 7.704080958424452
50 43.56442960603871 26.49793337414259
50 36.72402673952536 45.29178578986071
50 -11.08977145729379 -57.24523533906547
50 7.704080958424452 -50.40483247255207
50 26.49793337414259 -43.56442960603871
50 45.29178578986071 -36.72402673952536
-29.99999999999997 -29.88362387301199 -64.08563820557886
-9.999999999999893 -29.88362387301199 -64.08563820557886
10.00000000000008 -29.88362387301199 -64.08563820557886
30.00000000000003 -29.88362387301199 -64.08563820557886
-29.99999999999997 -64.08563820557886 29.88362387301199
-9.999999999999893 -64.08563820557886 29.88362387301199
10.00000000000008 -64.08563820557886 29.88362387301199
30.00000000000003 -64.08563820557886 29.88362387301199
-29.99999999999997 64.08563820557886 -29.88362387301199
-9.999999999999893 64.08563820557886 -29.88362387301199
10.00000000000008 64.08563820557886 -29.88362387301199
30.00000000000003 64.08563820557886 -29.88362387301199
-29.99999999999997 29.88362387301199 64.08563820557886
-9.999999999999893 29.88362387301199 64.08563820557886
10.00000000000008 29.88362387301199 64.08563820557886
30.00000000000003 29.88362387301199 64.08563820557886
-50 -12.38116454907605 31.18078890380008
-50 10.43677774605581 -31.98891840767013
-50 -34.33735074910332 -13.14495846057584
-50 30.85326658251982 11.05571979236602
-50 37.89072188934608 -7.412839772136458
-50 19.59533134655611 -3.918317708687042
-50 13.06628449773889 15.41896916899921
-50 -1.843229841666972 -0.6708807972778388
-50 -7.475383038568388 -37.90443432534214
-50 -30.08291201417103 24.22997572553176
-50 7.010866841934583 36.04138010598818
-50 -23.15621089384495 -28.03196902300466
-50 27.92119565096153 -23.01967538349288
-50 -37.13500693927708 6.269279789989085
-50 25.39199429084002 29.93764152602519
-50 -4.47637252318243 -20.62894371071476
-50 -16.53975658553882 11.9138454536388
-50 -16.3670840137439 -8.417162533691439
-50 45.32006092479443 -21.13309147728273
-50 -45.32006092479446 21.13309147728278
-50 -21.13309147728275 -45.32006092479443
-50 21.1330914772828 45.32006092479453
-50 10.41575848597492 -16.3961039731097
-50 -2.560278571996765 19.25526483767386
50 30.85326658251982 11.05571979236602
50 -32.53558565986044 -10.5796961109572
50 10.62596703672133 -32.02131095588344
50 -12.25705867290178 31.32721156728255
50 37.89072188934608 -7.412839772136458
50 19.59686644870427 -3.918703487840638
50 13.06746833050713 15.42018714109093
50 -1.843229841666972 -0.6708807972778388
50 -22.75795527295242 -27.64277064441442
50 -39.89018940959494 6.756394165357349
50 7.024219658608441 36.05723053938389
50 -6.650837733895681 -38.39316834312656
50 -29.85842684880819 21.97354030645843
50 27.94975779463332 -23.0246886695341
50 25.39441706574704 29.9404862602731
50 -4.239251719781247 -20.65201537637785
50 -14.95919673491736 12.02505853513027
50 -15.23442360575763 -8.785542869533508
50 45.32006092479443 -21.13309147728273
50 21.1330914772828 45.32006092479453
50 -21.13309147728277 -45.32006092479446
50 -45.32006092479451 21.13309147728279
50 10.42496909886392 -16.39841864803127
50 -2.35657676836707 19.15071431874061
50 -25.08786365261109 2.491978838675138
34.19191893773026 -47.39032278286078 -15.98637826157847
-32.77386580268782 -46.92872430618895 -17.25460965308893
0.9667905494858502 -35.45017805737681 -48.79165627986586
0.8033301972303377 -58.4868062538055 14.50095951019361
-33.07029123435329 -40.16981779011203 -35.82455268621501
-17.07475526381229 -43.43278611372092 -26.85962089670388
-17.55341817863564 -50.41198024082144 -7.684442626504875
1.961524227066228 -46.98463103929546 -17.10100716628335
-18.93290653698033 -57.75152394351677 12.48078796575091
30.83986701189041 -40.76259085515573 -34.19592207514653
35.17369372914834 -53.8223600058261 1.68549876961039
-18.38927383358735 -36.31513816769558 -46.41519790803606
-34.10319572782103 -53.63673534419934 1.175499203296951
19.380980080029 -35.42330480838925 -48.86548992464658
20.5423499731137 -57.53956320476713 11.89843062222535
11.04699881772513 -40.84309948822978 -33.97472642370443
9.944234541001819 -52.59930395666914 -1.674820108175744
17.32050807568875 -45.94310101806564 -19.96258738129636
-35.35898384862238 -59.07811576305126 16.12556903475516
-35.3589838486224 -34.89114631553959 -50.32758336732203
35.35898384862244 -34.89114631553958 -50.32758336732205
35.35898384862249 -59.07811576305129 16.12556903475523
-4.187677037809451 -40.49479115109577 -34.9316957149879
-4.335472256534473 -53.41521909475004 0.5668883098927182
22.72257338607348 -50.72026015574702 -6.837450521375459
33.53496491679773 46.65286087246631 18.01253820809514
-33.72448438200788 46.65396919699437 18.00949311148085
-0.1634603522554556 58.19395331846694 -13.69635268312993
-0.8051984345012855 34.44988451628251 51.53994019684876
-19.92518096425216 58.29533678709054 -13.97490147387925
-10.38489982209168 52.82454128187521 1.055985643153701
10.02001112663658 52.98780539587592 0.6074211765294777
9.237055564881302e-14 46.31375024201746 18.94423700795037
-18.47650871687169 36.31671508840829 46.41086535398563
31.46994615203913 53.45392840881253 -0.6732412762019955
33.05769126984414 40.15053821833587 35.87752287432676
-31.19551020549232 53.27413311151394 -0.179257756749994
-33.8369232018935 40.3416525717539 35.35244050377706
19.44758012917379 58.6475132162274 -14.94249826059693
18.41077734650952 35.8526993548506 47.68573810420705
16.82131676626105 43.07412142400378 27.84504403285742
-18.00969479686978 43.1839427373196 27.54331245434735
-2.341874143106558 40.74947439677656 34.23195924836649
-35.35898384862238 34.89114631553959 50.32758336732203
35.35898384862244 59.07811576305127 -16.12556903475517
35.35898384862249 34.89114631553956 50.32758336732211
-35.35898384862242 59.07811576305127 -16.12556903475518
18.96969712338846 48.41421147157745 13.1732672092944
-18.97502242147207 48.41690093996862 13.1658779556193
33.53496491679775 16.18947612447183 -47.31640120612451
-33.72448438200789 16.19252122108615 -47.31529288159643
-0.8051984345012926 -17.33792586428189 -59.51937756230834
-0.1634603522554414 47.89836701569679 -35.77530876012391
-19.92518096425216 48.17691580644612 -35.67392529150031
-10.38489982209169 33.1460286894132 -41.14472079671562
10.0200111266366 33.5945931560374 -40.98145668271492
1.20792265079217e-13 15.2577773246165 -47.6555118365734
33.05769126984416 -1.675508541759751 -53.81872386025493
-18.4765087168717 -12.20885102141872 -57.65254699018254
31.46994615203916 34.87525560876894 -40.5153336697783
-33.8369232018935 -1.150426171210096 -53.62760950683692
18.41077734650958 -13.48372377164014 -58.11656272374023
-31.19551020549233 34.38127208931694 -40.69512896707688
19.44758012917382 49.14451259316381 -35.32174886236345
16.82131676626105 6.356970299709491 -50.89514065458706
-18.00969479686981 6.658701878219578 -50.78531934127123
-2.341874143106622 -0.02994491579959657 -53.21978768181427
35.3589838486224 -16.12556903475514 -59.07811576305126
-35.35898384862239 -16.12556903475515 -59.07811576305126
-35.35898384862242 50.32758336732206 -34.89114631553957
35.35898384862249 50.32758336732211 -34.89114631553956
18.96969712338846 21.02874712327251 -45.55505060701338
-18.97502242147212 21.03613637694766 -45.55236113862219
33.53496491679773 -16.1894761244717 47.31640120612456
-33.72448438200787 -16.19252122108601 47.31529288159648
-0.1634603522554343 -47.89836701569681 35.77530876012391
-0.8051984345012997 17.33792586428189 59.51937756230834
-19.92518096425212 -48.17691580644614 35.6739252915003
-10.38489982209167 -33.14602868941319 41.14472079671563
10.0200111266366 -33.59459315603736 40.98145668271493
9.947598300641403e-14 -15.25777732461651 47.65551183657339
-18.4765087168717 12.20885102141875 57.65254699018256
31.46994615203914 -34.87525560876882 40.51533366977834
33.05769126984417 1.675508541759882 53.81872386025498
-31.19551020549231 -34.38127208931687 40.69512896707691
19.4475801291738 -49.14451259316379 35.32174886236346
-33.83692320189351 1.150426171210171 53.62760950683695
18.41077734650955 13.48372377164017 58.11656272374024
16.82131676626105 -6.356970299709431 50.89514065458708
-18.00969479686978 -6.658701878219517 50.78531934127125
-2.341874143106551 0.02994491579960368 53.21978768181427
35.3589838486224 -50.32758336732201 34.89114631553959
-35.35898384862239 -50.32758336732202 34.89114631553959
-35.35898384862242 16.12556903475519 59.07811576305127
35.35898384862249 16.12556903475523 59.07811576305129
18.96969712338841 -21.02874712327241 45.55505060701343
-18.97502242147207 -21.03613637694755 45.55236113862223
-21.52082252502441 -1.145394563674927 -7.313189506530762
-21.48822021484375 -1.198038339614868 -7.787816047668457
-21.48822021484375 -1.300821781158447 -7.787816047668457
-21.52082252502441 -1.339357018470764 -7.313189506530762
-20.99100685119629 -1.442638158798218 -7.385006904602051
-21.25701141357422 -1.300821781158447 -7.787816047668457
-21.25701141357422 -1.198038339614868 -7.787816047668457
-20.99100685119629 -1.064665675163269 -7.385006904602051
-21.50621032714844 -1.173386096954346 -6.68083381652832
-21.50621032714844 -1.329219102859497 -6.68083381652832
-21.08796882629395 -1.549433350563049 -6.418975830078125
-21.08796882629395 -1.002638578414917 -6.418975830078125
-20.82582855224609 -1.100386023521423 -5.597189426422119
-20.82582855224609 -1.484116077423096 -5.597189426422119
-20.64915657043457 -1.216753125190735 -5.108237743377686
-20.64915657043457 -1.344239473342896 -5.108237743377686
-20.16300010681152 -1.108215808868408 -7.115034103393555
-20.16300010681152 -1.478185296058655 -7.115034103393555
-19.66742324829102 -1.230370998382568 -6.929285526275635
-19.66742324829102 -1.352326035499573 -6.929285526275635
-20.0802173614502 -1.906497597694397 -6.371761322021484
-20.0802173614502 -1.952719569206238 -5.616958618164062
-19.73902702331543 -2.12535834312439 -6.030142784118652
-19.73902702331543 -2.12535834312439 -5.916138172149658
-20.16300010681152 -1.535962820053101 -4.94102954864502
-20.16300010681152 -0.8982337117195129 -6.455189228057861
-20.16300010681152 -0.9415673613548279 -5.597189426422119
-20.16300010681152 -1.151549458503723 -4.94102954864502
-19.38581466674805 -2.177278995513916 -5.616958618164062
-19.30500030517578 -2.151047945022583 -6.079678535461426
-19.35085487365723 -1.661134600639343 -6.454489231109619
-19.72568893432617 -2.119942665100098 -5.344138145446777
-19.56570816040039 -1.778504490852356 -4.679232597351074
-19.15142059326172 -2.190909385681152 -4.739189147949219
-19.10086822509766 -1.695347428321838 -4.169933319091797
-18.96553802490234 -2.160478115081787 -4.225311756134033
-19.35085487365723 -1.159304022789001 -6.411697864532471
-19.30500030517578 -1.02960479259491 -5.597189426422119
-19.34537124633789 -1.131635308265686 -4.679232597351074
-19.0862865447998 -1.215054750442505 -4.208058834075928
-18.44700050354004 -2.27959132194519 -5.597189426422119
-18.44700050354004 -2.171751499176025 -6.104513168334961
-18.44700050354004 -2.328219652175903 -4.739189147949219
-18.42241096496582 -2.231365442276001 -3.916063070297241
-18.46396827697754 -1.72229540348053 -6.131156921386719
-18.42241096496582 -1.642127871513367 -3.718941688537598
-18.12001800537109 -1.892648100852966 -3.368970632553101
-18.12001800537109 -2.174667596817017 -3.368970632553101
-18.76128196716309 -1.232206702232361 -6.09670352935791
-18.46396827697754 -1.189915060997009 -5.566753387451172
-18.18928146362305 -1.45426082611084 -5.832463264465332
-18.44700050354004 -1.127194762229919 -4.739189147949219
-18.44700050354004 -1.197129845619202 -4.063787460327148
-17.58522415161133 -2.272037506103516 -5.655672550201416
-17.86870574951172 -2.152962923049927 -6.063255786895752
-17.5890007019043 -2.461520910263062 -4.739189147949219
-17.5890007019043 -2.436607360839844 -3.881189584732056
-17.5490550994873 -2.265144348144531 -3.05905818939209
-17.86870574951172 -2.026260852813721 -6.063255786895752
-17.59696769714355 -1.675643086433411 -5.620562076568604
-17.51819801330566 -1.673256278038025 -3.118660688400269
-17.79997253417969 -1.320647954940796 -3.511784553527832
-17.23642539978027 -2.025864839553833 -2.533785820007324
-17.23642539978027 -2.174692630767822 -2.533785820007324
-17.8972282409668 -1.242858648300171 -5.260463237762451
-17.60233688354492 -1.224819898605347 -4.675549030303955
-17.32522964477539 -1.325025200843811 -4.919122219085693
-17.54398345947266 -1.236874103546143 -3.831146478652954
-17.22797203063965 -1.262949109077454 -3.440350532531738
-16.73100090026855 -2.572821855545044 -4.739189147949219
-16.73100090026855 -2.323691129684448 -5.472587585449219
-16.73100090026855 -2.619069576263428 -3.881189584732056
-16.73100090026855 -2.533814907073975 -3.023189544677734
-16.65279006958008 -2.261764049530029 -2.214747190475464
-16.73100090026855 -1.822685122489929 -5.472587585449219
-16.79143333435059 -1.389330387115479 -4.675549030303955
-16.65279006958008 -1.916092038154602 -2.214747190475464
-16.77438926696777 -1.417887210845947 -3.10188627243042
-16.31464958190918 -2.110923051834106 -1.727078437805176
-16.31464958190918 -2.134873628616333 -1.727078437805176
-17.11772155761719 -1.261621117591858 -4.347122192382812
-17.07527732849121 -1.26025390625 -3.881189584732056
-16.64627838134766 -1.303413987159729 -3.881189584732056
-17.08931541442871 -1.262949109077454 -3.440350532531738
-15.8730001449585 -2.619073390960693 -4.739189147949219
-15.8730001449585 -2.306655168533325 -5.356910228729248
-15.8730001449585 -2.759884119033813 -3.881189584732056
-15.8730001449585 -2.750071287155151 -3.023189544677734
-15.8730001449585 -2.567668676376343 -2.165189504623413
-15.8730001449585 -2.265063285827637 -1.579601049423218
-15.8730001449585 -1.919661402702332 -5.356910228729248
-15.8730001449585 -1.5656818151474 -4.739189147949219
-15.8730001449585 -1.378466367721558 -3.881189584732056
-15.8730001449585 -1.36628794670105 -3.023189544677734
-15.8730001449585 -1.611983180046082 -2.165189504623413
-15.8730001449585 -1.9781414270401 -1.579601049423218
-14.97874641418457 -2.449548959732056 -4.795454502105713
-15.24057769775391 -2.227999687194824 -5.254425048828125
-15.01500034332275 -2.825191259384155 -3.881189584732056
-15.01500034332275 -2.873992919921875 -3.023189544677734
-15.01500034332275 -2.828009128570557 -2.165189504623413
-15.0197811126709 -2.459172010421753 -1.2731853723526
-15.24057769775391 -2.026326894760132 -5.254425048828125
-14.97874641418457 -1.841026663780212 -4.795454502105713
-15.01500034332275 -1.501316666603088 -3.881189584732056
-15.01500034332275 -1.417752385139465 -3.023189544677734
-15.01500034332275 -1.458791375160217 -2.165189504623413
-15.0197811126709 -1.828364729881287 -1.2731853723526
-14.73696804046631 -2.032851457595825 -0.7878903746604919
-14.73696804046631 -2.247591733932495 -0.7878903746604919
-14.07345199584961 -2.842200517654419 -3.796292781829834
-14.1569995880127 -2.398606777191162 -4.552925109863281
-14.25736808776855 -2.948480606079102 -3.023189544677734
-13.73175239562988 -2.982635974884033 -3.453695058822632
-13.82836818695068 -2.992206573486328 -3.023189544677734
-14.3356819152832 -2.947699785232544 -2.165189504623413
-13.90668201446533 -3.002557992935181 -2.165189504623413
-14.1361026763916 -2.856747150421143 -1.29068124294281
-13.83617115020752 -2.996438026428223 -1.565675616264343
-14.1569995880127 -2.417571067810059 -0.6309830546379089
-14.1569995880127 -1.957330346107483 -4.552925109863281
-14.1569995880127 -1.690832734107971 -3.881189584732056
-14.1569995880127 -1.54650342464447 -3.023189544677734
-14.1569995880127 -1.500392436981201 -2.165189504623413
-14.1569995880127 -1.628046154975891 -1.307189464569092
-14.1569995880127 -1.940654635429382 -0.6309830546379089
-7.729063987731934 -1.258720397949219 -23.1616039276123
-7.729063987731934 -1.258720397949219 -23.21699905395508
-7.729063987731934 -1.281742453575134 -23.21699905395508
-7.729063987731934 -1.281742453575134 -23.1616039276123
-7.299473285675049 -1.538912415504456 -22.82823753356934
-7.293000221252441 -1.439250946044922 -23.38573455810547
-7.293000221252441 -1.191112279891968 -23.38573455810547
-7.299473285675049 -1.157742023468018 -22.82823753356934
-7.017788887023926 -1.185652017593384 -22.12873268127441
-7.017788887023926 -1.490084409713745 -22.12873268127441
-13.29899978637695 -3.045845746994019 -3.023189544677734
-13.29899978637695 -3.004961729049683 -3.516892910003662
-13.29899978637695 -3.066481113433838 -2.165189504623413
-13.35118198394775 -3.040828943252563 -1.29068124294281
-13.26466369628906 -2.558645486831665 -3.978292942047119
-13.52777194976807 -2.276177406311035 -4.397061347961426
-13.67196941375732 -2.964067935943604 -0.9936756491661072
-13.36926651000977 -2.664874315261841 -0.3610951602458954
-13.09996891021729 -3.02215051651001 -0.6553102731704712
-13.52777194976807 -2.054677963256836 -4.397061347961426
-13.26466369628906 -1.940045475959778 -3.926530361175537
-13.29899978637695 -1.712072968482971 -3.023189544677734
-13.29899978637695 -1.629657864570618 -2.165189504623413
-13.29899978637695 -1.639881730079651 -1.307189464569092
-13.33113861083984 -1.903690218925476 -0.3914038240909576
-12.44099998474121 -3.123058080673218 -3.023189544677734
-12.44099998474121 -3.03812050819397 -3.573522567749023
-12.44099998474121 -3.155887842178345 -2.165189504623413
-12.44099998474121 -3.156988620758057 -1.307189464569092
-12.50069999694824 -3.089413166046143 -0.401261955499649
-12.44099998474121 -2.553347587585449 -3.777663469314575
-12.82650089263916 -2.93768048286438 -0.08331026136875153
-12.44099998474121 -2.036430358886719 -3.656330347061157
-12.44099998474121 -1.877132296562195 -3.023189544677734
-12.44099998474121 -1.7706538438797 -2.165189504623413
-12.44099998474121 -1.731951117515564 -1.307189464569092
-12.44099998474121 -1.799510359764099 -0.4491894841194153
-11.58300018310547 -3.168926239013672 -3.023189544677734
-11.58300018310547 -3.040072202682495 -3.539742708206177
-11.58300018310547 -3.246006488800049 -2.165189504623413
-11.58300018310547 -3.253319978713989 -1.307189464569092
-11.58300018310547 -3.244609832763672 -0.4491894841194153
-11.60183048248291 -2.571263790130615 -3.554404020309448
-11.9003849029541 -2.095052719116211 -3.505809307098389
-11.60183048248291 -2.034836292266846 -3.015960931777954
-11.32838535308838 -2.297208070755005 -3.297141790390015
-11.58300018310547 -1.89820396900177 -2.165189504623413
-11.58300018310547 -1.829417824745178 -1.307189464569092
-11.58300018310547 -1.820732474327087 -0.4491894841194153
-10.70571327209473 -3.139552593231201 -3.08742880821228
-10.97885608673096 -3.014813899993896 -3.491915225982666
-10.72500038146973 -3.342683792114258 -2.165189504623413
-10.72500038146973 -3.360585451126099 -1.307189464569092
-10.72500038146973 -3.361071825027466 -0.4491894841194153
-10.97885608673096 -2.869208097457886 -3.491915225982666
-10.67459487915039 -2.510117769241333 -3.070698499679565
-10.94233322143555 -2.087209939956665 -2.725141763687134
-10.68379974365234 -2.038280725479126 -2.202840089797974
-10.37033367156982 -2.151027679443359 -2.513940572738647
-10.72500038146973 -1.928534865379333 -1.307189464569092
-10.72500038146973 -1.882825493812561 -0.4491894841194153
-9.866999626159668 -3.446040391921997 -2.165189504623413
-9.866999626159668 -3.189656019210815 -2.915536165237427
-9.866999626159668 -3.497976779937744 -1.307189464569092
-9.866999626159668 -3.501134157180786 -0.4491894841194153
-9.866999626159668 -2.640600919723511 -2.915536165237427
-9.792538642883301 -2.196166515350342 -2.202840089797974
-10.02889728546143 -2.091347694396973 -1.941940665245056
-9.792538642883301 -2.049403429031372 -1.380839347839355
-9.456897735595703 -2.127708196640015 -1.715939283370972
-9.866999626159668 -1.962643504142761 -0.4491894841194153
-9.008999824523926 -3.505622625350952 -2.165189504623413
-9.008999824523926 -3.183704137802124 -2.805770635604858
-9.008999824523926 -3.635819673538208 -1.307189464569092
-9.008999824523926 -3.646159887313843 -0.4491894841194153
-9.008999824523926 -2.744770765304565 -2.805770635604858
-9.008999824523926 -2.350724697113037 -2.165189504623413
-8.944413185119629 -2.155249834060669 -1.380839347839355
-9.187355041503906 -2.094472408294678 -1.143939256668091
-8.944413185119629 -2.064692735671997 -0.5053113102912903
-8.615354537963867 -2.12924599647522 -0.8287258744239807
-8.072875022888184 -3.333400726318359 -2.246740818023682
-8.306791305541992 -3.103743553161621 -2.697901487350464
-8.151000022888184 -3.715546369552612 -1.307189464569092
-8.151000022888184 -3.762120962142944 -0.4491894841194153
-8.306791305541992 -2.861921072006226 -2.697901487350464
-8.072875022888184 -2.65900707244873 -2.246740818023682
-8.151000022888184 -2.280260562896729 -1.307189464569092
-8.130114555358887 -2.164441823959351 -0.5053113102912903
-8.402190208435059 -2.104537487030029 -0.2567258179187775
-7.281644821166992 -3.742408037185669 -1.255067467689514
-7.293000221252441 -3.300379991531372 -2.036595821380615
-7.56801176071167 -3.825653791427612 -0.4491894841194153
-6.98807430267334 -3.850384950637817 -0.9343194365501404
-7.139011859893799 -3.864893198013306 -0.4491894841194153
-7.293000221252441 -2.777650356292725 -2.036595821380615
-7.293000221252441 -2.470561981201172 -1.307189464569092
-7.293000221252441 -2.300340414047241 -0.4491894841194153
-6.440440654754639 -1.972452998161316 -22.74486351013184
-6.434999942779541 -1.552176833152771 -23.41959381103516
-6.593301773071289 -1.743789553642273 -21.86531448364258
-6.15806770324707 -2.148717641830444 -22.45064735412598
-6.168639659881592 -2.162927627563477 -21.89918899536133
-6.197075843811035 -1.695347428321838 -21.27584266662598
-6.070785045623779 -2.15141749382019 -21.38088226318359
-6.434999942779541 -1.160642147064209 -23.41959381103516
-6.434999942779541 -1.036227345466614 -22.75718879699707
-6.463189601898193 -1.126150727272034 -21.86531448364258
-6.195982933044434 -1.198572754859924 -21.30036735534668
-5.577000141143799 -2.244031667709351 -21.89918899536133
-5.577000141143799 -2.173847198486328 -22.49649047851562
-5.579383373260498 -2.218316555023193 -21.07340431213379
-5.579838752746582 -1.709125161170959 -22.89773750305176
-5.86773157119751 -1.432310223579407 -23.26214408874512
-5.797294616699219 -1.695347428321838 -20.84684371948242
-5.86773157119751 -1.218093752861023 -23.26214408874512
-5.579838752746582 -1.152828454971313 -22.76309776306152
-5.577000141143799 -1.05878734588623 -21.89918899536133
-5.579252243041992 -1.155843257904053 -21.02509689331055
-4.718999862670898 -2.288999319076538 -21.89918899536133
-4.718999862670898 -2.176153182983398 -22.43596649169922
-4.718999862670898 -2.361965656280518 -21.04118919372559
-4.64100170135498 -1.625526785850525 -22.50611877441406
-4.875002861022949 -1.210593819618225 -22.48103523254395
-4.64100170135498 -1.167204976081848 -21.97481918334961
-4.303002834320068 -1.292979717254639 -22.31123924255371
-4.718999862670898 -1.110308527946472 -21.04118919372559
-3.865307807922363 -2.248284816741943 -21.94530487060547
-4.15418004989624 -2.151792526245117 -22.36994934082031
-3.861000061035156 -2.431691646575928 -21.04118919372559
-4.15418004989624 -1.86497962474823 -22.36994934082031
-3.865307807922363 -1.625526785850525 -22.12270736694336
-3.861000061035156 -1.228095173835754 -21.69194030761719
-3.861000061035156 -1.166136026382446 -21.04118919372559
-3.003000020980835 -2.473215103149414 -21.04118919372559
-3.003000020980835 -2.264472484588623 -21.72907447814941
-3.055235385894775 -1.662113070487976 -21.69326782226562
-3.376059055328369 -1.256800651550293 -21.4968090057373
-3.055235385894775 -1.240715265274048 -20.95899963378906
-2.804059028625488 -1.353956937789917 -21.19020462036133
-2.144999980926514 -2.54711127281189 -21.04118919372559
-2.144999980926514 -2.276444435119629 -21.66077423095703
-2.144999980926514 -1.850907444953918 -21.66077423095703
-2.144999980926514 -1.421907544136047 -21.05178070068359
-2.144999980926514 -1.264356851577759 -20.62277984619141
-1.415422677993774 -2.79412841796875 -21.04118919372559
-1.213186264038086 -2.527235269546509 -21.83008575439453
-0.8730885982513428 -2.9907546043396 -21.48918724060059
-0.9864226579666138 -3.056353330612183 -21.04118919372559
-1.27743399143219 -1.647872805595398 -21.92113876342773
-0.9812838435173035 -1.909593939781189 -22.46596145629883
-0.9812838435173035 -2.246995210647583 -22.46596145629883
-1.573584198951721 -1.386151552200317 -21.19229316711426
-1.287350535392761 -1.09238862991333 -20.96025276184082
-1.00158417224884 -1.189119219779968 -21.67129325866699
-0.4289999902248383 -3.262880086898804 -21.04118919372559
-0.4289999902248383 -3.059462547302246 -21.68635749816895
-0.4289999902248383 -2.854623556137085 -22.1153564453125
-0.4023620188236237 -2.406334161758423 -22.75405311584473
-0.4447640180587769 -1.618758797645569 -22.80813598632812
-0.09860334545373917 -1.89992368221283 -23.23762321472168
-0.09860334545373917 -2.192623853683472 -23.23762321472168
-0.7909247279167175 -1.337594032287598 -22.2432918548584
-0.4745548367500305 -1.03338623046875 -21.93405151367188
-0.2189247161149979 -1.177880764007568 -22.57831001281738
-0.4736073911190033 -0.6167821288108826 -21.08600234985352
-5.368294715881348 -1.695347428321838 -20.3672981262207
-5.29497241973877 -2.18738317489624 -20.41403198242188
-5.294754028320312 -1.217975854873657 -20.48382568359375
-4.767579555511475 -2.285401344299316 -20.15009498596191
-4.955139636993408 -1.695347428321838 -19.93829917907715
-4.492217063903809 -1.751572251319885 -19.36261177062988
-4.474605560302734 -2.214501142501831 -19.3251895904541
-4.312174797058105 -2.075055360794067 -18.87044334411621
-4.312174797058105 -2.142492055892944 -18.87044334411621
-4.687732696533203 -1.190672039985657 -20.19197082519531
-4.380887508392334 -1.238789916038513 -19.67355918884277
-3.861000061035156 -2.492753505706787 -20.18318939208984
-3.861000061035156 -2.452686786651611 -19.3251895904541
-3.820136547088623 -2.272823810577393 -18.53754043579102
-3.780839443206787 -1.756731867790222 -18.57433700561523
-4.054784774780273 -1.503055334091187 -19.10155868530273
-3.506894111633301 -2.010408401489258 -17.95465278625488
-3.506894111633301 -2.194555044174194 -17.95465278625488
-3.861000061035156 -1.155372858047485 -20.18318939208984
-3.805670976638794 -1.21805465221405 -19.36261177062988
-3.482784986495972 -1.251213550567627 -18.8502311706543
-3.003000020980835 -2.582982063293457 -20.18318939208984
-3.003000020980835 -2.651108980178833 -19.3251895904541
-3.003000020980835 -2.62758207321167 -18.46718978881836
-2.986629724502563 -2.399488687515259 -17.64486694335938
-2.986629724502563 -1.805430769920349 -17.64486694335938
-3.003000020980835 -1.405000329017639 -18.30840492248535
-2.689716100692749 -1.979949355125427 -17.00728607177734
-2.689716100692749 -2.2810959815979 -17.00728607177734
-3.003000020980835 -1.203349828720093 -20.18318939208984
-3.003000020980835 -1.20798647403717 -19.3251895904541
-3.003000020980835 -1.246104001998901 -18.73740577697754
-2.117586374282837 -3.411347627639771 -15.03518962860107
-1.956703305244446 -3.495779037475586 -15.97485542297363
-1.773174405097961 -3.910116910934448 -15.74329948425293
-1.829509258270264 -3.981060743331909 -15.03518962860107
-2.197848558425903 -3.411347627639771 -14.17718887329102
-1.877435088157654 -4.046859741210938 -14.17718887329102
-2.144999980926514 -2.723639488220215 -20.18318939208984
-2.123085498809814 -2.856478452682495 -19.35698699951172
-2.378418922424316 -2.884595155715942 -18.46718978881836
-1.822475790977478 -3.032892465591431 -19.09218406677246
-1.949418783187866 -3.130494832992554 -18.46718978881836
-2.44750452041626 -2.844618320465088 -17.60918998718262
-2.018504619598389 -3.256925106048584 -17.60918998718262
-2.414796113967896 -2.561596632003784 -16.73324775695801
-1.989090204238892 -3.35947585105896 -16.75119018554688
-2.287593364715576 -2.553347587585449 -15.89318943023682
-2.294658660888672 -2.553347587585449 -15.03518962860107
-2.341665029525757 -2.553347587585449 -14.17718887329102
-2.41996955871582 -1.382156014442444 -17.60918998718262
-2.534220933914185 -1.279157042503357 -18.15843391418457
-2.301174402236938 -1.69450843334198 -16.73324775695801
-2.106355905532837 -1.695347428321838 -15.89318943023682
-2.089303970336914 -1.695347428321838 -15.03518962860107
-2.122204542160034 -1.695347428321838 -14.17718887329102
-2.144999980926514 -1.240175008773804 -20.18318939208984
-2.144999980926514 -1.206971287727356 -19.3251895904541
-2.206932544708252 -1.200655817985535 -18.45353698730469
-1.99096953868866 -1.166901707649231 -17.60918998718262
-1.847063183784485 -1.172693014144897 -16.75119018554688
-1.792760968208313 -1.178200840950012 -15.89318943023682
-1.798722267150879 -1.159955143928528 -15.03518962860107
-1.816953063011169 -1.142013311386108 -14.17718887329102
-1.243504762649536 -4.465970516204834 -15.11027431488037
-1.371727705001831 -4.183809757232666 -15.97485542297363
-1.436736583709717 -4.475860118865967 -14.17718887329102
-0.9285080432891846 -4.738943576812744 -14.8743314743042
-1.007736682891846 -4.786050319671631 -14.17718887329102
-1.266973376274109 -3.60053277015686 -18.51249504089355
-1.352329730987549 -3.2691490650177 -19.35698699951172
-1.530239701271057 -3.685925245285034 -17.60918998718262
-0.9676222205162048 -3.913340330123901 -18.25669860839844
-1.101239681243896 -4.009128570556641 -17.60918998718262
-1.661182641983032 -3.788475751876831 -16.75119018554688
-1.232182621955872 -4.119069576263428 -16.75119018554688
-1.714212775230408 -3.838066339492798 -16.31529998779297
-1.593018412590027 -2.908370494842529 -20.18318939208984
-1.164018511772156 -3.175056934356689 -20.18318939208984
-1.681882977485657 -2.959797859191895 -19.6641845703125
-1.208693027496338 -0.7839962840080261 -20.12722587585449
-1.324982404708862 -0.7966344952583313 -19.3251895904541
-1.361496806144714 -0.7641260027885437 -18.46718978881836
-1.395907044410706 -0.7379017472267151 -17.60918998718262
-1.425402164459229 -0.7436930537223816 -16.75119018554688
-1.450982570648193 -0.7492008805274963 -15.89318943023682
-1.458489060401917 -0.7309553027153015 -15.03518962860107
-1.434438228607178 -0.7130133509635925 -14.17718887329102
-0.8959824442863464 -0.1523756384849548 -19.3251895904541
-0.8704884648323059 -0.3086923360824585 -19.80391693115234
-0.9196338653564453 0.07983691245317459 -18.44585609436035
-0.9753386378288269 0.02065251022577286 -17.60918998718262
-1.006056666374207 0.02065251022577286 -16.75119018554688
-0.9922007918357849 0.0723121240735054 -15.95051670074463
-1.029489040374756 -0.1305477023124695 -15.03518962860107
-1.005438208580017 -0.2440962791442871 -14.17718887329102
-0.4289999902248383 -4.961040019989014 -14.17718887329102
-0.5074244737625122 -4.816189765930176 -15.11027431488037
-0.4289999902248383 -4.283137321472168 -17.60918998718262
-0.4735056161880493 -4.010953903198242 -18.51249504089355
-0.4289999902248383 -4.496773242950439 -16.75119018554688
-0.5074244737625122 -4.656005382537842 -15.97538375854492
-0.8457074761390686 -4.6954345703125 -15.44633197784424
-0.2737074792385101 -4.755191326141357 -15.74418067932129
-0.4289999902248383 -3.510567188262939 -20.18318939208984
-0.4735056161880493 -3.741856813430786 -19.37174606323242
-0.7891760468482971 -3.815126657485962 -18.82869911193848
-0.2171760350465775 -3.905196905136108 -19.11678314208984
-0.7893456220626831 -0.483540415763855 -20.37591743469238
-0.7641237378120422 -0.005354397464543581 -20.12722587585449
-0.3258869647979736 0.02065251022577286 -20.94864082336426
-0.8394737839698792 0.2766243815422058 -19.3251895904541
-0.8522747755050659 0.4052931666374207 -18.71763229370117
-0.7072446346282959 0.2984522879123688 -15.03518962860107
-0.8238154649734497 0.3927518725395203 -15.70273590087891
-0.4147064387798309 0.2028839588165283 -14.16791820526123
-2.252246856689453 -3.411347627639771 -13.31918907165527
-1.912180781364441 -4.101742267608643 -13.31918907165527
-2.287204504013062 -3.411347627639771 -12.46118927001953
-1.93505859375 -4.141331195831299 -12.46118927001953
-2.303951501846313 -3.411347627639771 -11.60318946838379
-1.945781111717224 -4.159889221191406 -11.60318946838379
-2.308430910110474 -3.411347627639771 -10.74518966674805
-1.94846522808075 -4.164569854736328 -10.74518966674805
-2.308706760406494 -3.411347627639771 -9.887188911437988
-1.9487224817276 -4.165158271789551 -9.887188911437988
-2.308433294296265 -3.411347627639771 -9.029189109802246
-1.94873046875 -4.165194034576416 -9.029189109802246
-2.308448314666748 -3.411347627639771 -8.171189308166504
-1.948745369911194 -4.165197849273682 -8.171189308166504
-2.308686971664429 -3.411347627639771 -7.313189506530762
-1.948720574378967 -4.165176868438721 -7.313189506530762
-2.374565601348877 -2.553347587585449 -13.31918907165527
-2.394138336181641 -2.553347587585449 -12.46118927001953
-2.40428900718689 -2.553347587585449 -11.60318946838379
-2.407312631607056 -2.553347587585449 -10.74518966674805
-2.406741857528687 -2.553347587585449 -9.887188911437988
-2.405746698379517 -2.553347587585449 -9.029189109802246
-2.405711889266968 -2.553347587585449 -8.171189308166504
-2.406728744506836 -2.553347587585449 -7.313189506530762
-2.148289918899536 -1.695347428321838 -13.31918907165527
-2.164783477783203 -1.695347428321838 -12.46118927001953
-2.174389839172363 -1.695347428321838 -11.60318946838379
-2.177987337112427 -1.695347428321838 -10.74518966674805
-2.178667306900024 -1.695347428321838 -9.887188911437988
-2.17856502532959 -1.695347428321838 -9.029189109802246
-2.178650617599487 -1.695347428321838 -8.171189308166504
-2.179877042770386 -1.695347428321838 -7.313189506530762
-1.829790353775024 -1.132604122161865 -13.31918907165527
-1.838791131973267 -1.12526273727417 -12.46118927001953
-1.844271302223206 -1.120466828346252 -11.60318946838379
-1.846640229225159 -1.117678046226501 -10.74518966674805
-1.847909927368164 -1.114578604698181 -9.887188911437988
-1.848520994186401 -1.11275053024292 -9.029189109802246
-1.848641633987427 -1.112348914146423 -8.171189308166504
-1.849114537239075 -1.11202335357666 -7.313189506530762
-1.515658140182495 -4.530742645263672 -13.31918907165527
-1.086658120155334 -4.835267066955566 -13.31918907165527
-1.569180965423584 -4.57033109664917 -12.46118927001953
-1.140181064605713 -4.870227336883545 -12.46118927001953
-1.592843055725098 -4.588889122009277 -11.60318946838379
-1.163843035697937 -4.886306762695312 -11.60318946838379
-1.598629951477051 -4.593569755554199 -10.74518966674805
-1.16963005065918 -4.890316963195801 -10.74518966674805
-1.59939169883728 -4.59415864944458 -9.887188911437988
-1.17039167881012 -4.89088249206543 -9.887188911437988
-1.599461793899536 -4.594193935394287 -9.029189109802246
-1.170461773872375 -4.890974521636963 -9.029189109802246
-1.59946596622467 -4.594197750091553 -8.171189308166504
-1.17046594619751 -4.890984535217285 -8.171189308166504
-1.599456906318665 -4.594176769256592 -7.313189506530762
-1.170457005500793 -4.890985488891602 -7.313189506530762
-1.394041180610657 -0.7036041617393494 -13.31918907165527
-1.356811046600342 -0.6962627768516541 -12.46118927001953
-1.330843806266785 -0.6914668679237366 -11.60318946838379
-1.319759130477905 -0.6886780858039856 -10.74518966674805
-1.324272871017456 -0.6855786442756653 -9.887188911437988
-1.330788135528564 -0.6837505698204041 -9.029189109802246
-1.332514047622681 -0.6833489537239075 -8.171189308166504
-1.332510471343994 -0.6830233931541443 -7.313189506530762
-0.9650411605834961 -0.3200544714927673 -13.31918907165527
-0.9278110265731812 -0.3618180155754089 -12.46118927001953
-0.901843786239624 -0.3826188445091248 -11.60318946838379
-0.8907591104507446 -0.3903351426124573 -10.74518966674805
-0.8952729105949402 -0.3880726099014282 -9.887188911437988
-0.9017881155014038 -0.3844082355499268 -9.029189109802246
-0.9035140872001648 -0.3834312558174133 -8.171189308166504
-0.9035104513168335 -0.383442759513855 -7.313189506530762
-0.4289999902248383 -5.05888557434082 -13.31918907165527
-0.4289999902248383 -5.128248691558838 -12.46118927001953
-0.4289999902248383 -5.160129070281982 -11.60318946838379
-0.4289999902248383 -5.168135643005371 -10.74518966674805
-0.4289999902248383 -5.169225692749023 -9.887188911437988
-0.4289999902248383 -5.169328689575195 -9.029189109802246
-0.4289999902248383 -5.169338703155518 -8.171189308166504
-0.4289999902248383 -5.169339656829834 -7.313189506530762
-0.4289999902248383 -0.03836440294981003 -13.31918907165527
-0.4289999902248383 -0.1693703532218933 -12.46118927001953
-0.4289999902248383 -0.237913966178894 -11.60318946838379
-0.4289999902248383 -0.2713242173194885 -10.74518966674805
-0.4289999902248383 -0.2763977646827698 -9.887188911437988
-0.4289999902248383 -0.2727572917938232 -9.029189109802246
-0.4289999902248383 -0.2717742919921875 -8.171189308166504
-0.4289999902248383 -0.2717836499214172 -7.313189506530762
-6.434999942779541 -3.931146383285522 -0.4491894841194153
-6.434999942779541 -3.875834226608276 -1.02955687046051
-6.434999942779541 -3.633445024490356 -1.458556890487671
-6.434999942779541 -3.204445123672485 -1.847378373146057
-6.434999942779541 -2.89216160774231 -1.847378373146057
-6.434999942779541 -2.670628070831299 -1.307189464569092
-6.434999942779541 -2.462294578552246 -0.4491894841194153
-5.577000141143799 -4.020259857177734 -0.4491894841194153
-5.577000141143799 -3.920952558517456 -1.161907434463501
-5.59428882598877 -3.387151718139648 -1.571650624275208
-5.891814708709717 -3.085021018981934 -1.762818455696106
-5.891814708709717 -2.959310054779053 -1.762818455696106
-5.59428882598877 -2.847963571548462 -1.34467625617981
-5.577000141143799 -2.608037710189819 -0.4491894841194153
-4.718999862670898 -4.142130851745605 -0.4491894841194153
-4.75136137008667 -3.980012655258179 -1.360947847366333
-4.75136137008667 -3.417994022369385 -1.577668309211731
-4.486935615539551 -3.708425283432007 -1.780388116836548
-4.486935615539551 -3.881988763809204 -1.780388116836548
-4.718999862670898 -2.886844873428345 -1.149090051651001
-4.718999862670898 -2.726149320602417 -0.4491894841194153
-3.861000061035156 -4.198580265045166 -1.307189464569092
-3.861000061035156 -3.9648597240448 -1.869053840637207
-3.861000061035156 -4.320538520812988 -0.4491894841194153
-3.861000061035156 -3.565008401870728 -1.869053840637207
-3.861000061035156 -3.136008501052856 -1.579540729522705
-3.861000061035156 -2.900153398513794 -1.150540709495544
-3.861000061035156 -2.765870094299316 -0.4491894841194153
-3.003000020980835 -4.475934028625488 -1.307189464569092
-2.980632066726685 -4.133825302124023 -2.159161806106567
-3.003000020980835 -4.552577018737793 -0.4491894841194153
-3.157581329345703 -3.356029748916626 -2.159161806106567
-2.689178943634033 -3.411347627639771 -2.798285007476807
-2.679719924926758 -3.951012372970581 -2.738569974899292
-3.393063545227051 -3.033151149749756 -1.657601714134216
-2.795186519622803 -2.727240800857544 -2.165189504623413
-2.621851921081543 -2.879211664199829 -2.721936464309692
-3.065438270568848 -2.64267635345459 -1.345836877822876
-3.003000020980835 -2.452844619750977 -0.4491894841194153
-2.382133960723877 -4.542913436889648 -2.165189504623413
-2.157952547073364 -4.32174015045166 -3.085909843444824
-1.81523609161377 -4.758674621582031 -2.861249685287476
-1.953133940696716 -4.807881832122803 -2.165189504623413
-2.506492137908936 -4.668635368347168 -1.307189464569092
-2.077491998672485 -4.832045078277588 -1.307189464569092
-2.549818754196167 -4.689509868621826 -0.4491894841194153
-2.120818614959717 -4.839368343353271 -0.4491894841194153
-2.308923244476318 -3.411347627639771 -6.455189228057861
-1.948734998703003 -4.165231704711914 -6.455189228057861
-2.309056043624878 -3.411347627639771 -5.597189426422119
-1.949445366859436 -4.165607929229736 -5.597189426422119
-2.311543941497803 -3.411347627639771 -4.739189147949219
-1.953377246856689 -4.177727699279785 -4.739189147949219
-2.356503486633301 -3.411347627639771 -3.881189584732056
-1.995816946029663 -4.225032806396484 -3.881189584732056
-2.486488103866577 -3.411347627639771 -3.227285146713257
-2.407769441604614 -2.553347587585449 -6.455189228057861
-2.408158540725708 -2.553347587585449 -5.597189426422119
-2.407984495162964 -2.553347587585449 -4.739189147949219
-2.4103844165802 -2.553347587585449 -3.881189584732056
-2.470287561416626 -2.577265977859497 -3.014037609100342
-2.50157904624939 -2.298240661621094 -2.165189504623413
-2.539714574813843 -2.174302101135254 -1.307189464569092
-2.562795400619507 -2.137831926345825 -0.4491894841194153
-2.181161165237427 -1.695347428321838 -6.455189228057861
-2.182536602020264 -1.695347428321838 -5.597189426422119
-2.185056686401367 -1.695347428321838 -4.739189147949219
-2.186350345611572 -1.695347428321838 -3.881189584732056
-2.182611227035522 -1.695347428321838 -3.023189544677734
-2.204753875732422 -1.695347428321838 -2.165189504623413
-2.241762399673462 -1.695347428321838 -1.307189464569092
-2.26392936706543 -1.695347428321838 -0.4491894841194153
-1.849579930305481 -1.111721038818359 -6.455189228057861
-1.84998881816864 -1.111505150794983 -5.597189426422119
-1.85123884677887 -1.110639214515686 -4.739189147949219
-1.852652430534363 -1.109397172927856 -3.881189584732056
-1.850738167762756 -1.109552145004272 -3.023189544677734
-1.848174810409546 -1.111693739891052 -2.165189504623413
-1.847047924995422 -1.11430037021637 -1.307189464569092
-1.846133947372437 -1.115774750709534 -0.4491894841194153
-1.286999940872192 -5.069303035736084 -2.165189504623413
-1.368369340896606 -4.929069042205811 -3.097625732421875
-1.286999940872192 -5.102888107299805 -1.307189464569092
-1.286999940872192 -5.116992950439453 -0.4491894841194153
-1.599516749382019 -4.594232082366943 -6.455189228057861
-1.170516729354858 -4.890972137451172 -6.455189228057861
-1.599595069885254 -4.594607830047607 -5.597189426422119
-1.170595169067383 -4.891062259674072 -5.597189426422119
-1.613373160362244 -4.606728076934814 -4.739189147949219
-1.184373140335083 -4.896472930908203 -4.739189147949219
-1.666029810905457 -4.654032707214355 -3.881189584732056
-1.237029910087585 -4.915300846099854 -3.881189584732056
-1.708615660667419 -4.692468166351318 -3.433249711990356
-1.332507729530334 -0.6827210783958435 -6.455189228057861
-1.332531809806824 -0.682505190372467 -5.597189426422119
-1.332523584365845 -0.6816392540931702 -4.739189147949219
-1.332544565200806 -0.6803972125053406 -3.881189584732056
-1.332780361175537 -0.6805521845817566 -3.023189544677734
-1.332944273948669 -0.6826937794685364 -2.165189504623413
-1.332937836647034 -0.6853004097938538 -1.307189464569092
-1.332967758178711 -0.6867747902870178 -0.4491894841194153
-0.9035077095031738 -0.3834528923034668 -6.455189228057861
-0.9035317897796631 -0.3834400773048401 -5.597189426422119
-0.9035236239433289 -0.3834577798843384 -4.739189147949219
-0.903544545173645 -0.3834670782089233 -3.881189584732056
-0.9037804007530212 -0.3834363222122192 -3.023189544677734
-0.9039442539215088 -0.3833999633789062 -2.165189504623413
-0.9039378762245178 -0.3833109140396118 -1.307189464569092
-0.9039677977561951 -0.3832194805145264 -0.4491894841194153
-0.4289999902248383 -5.169093608856201 -6.455189228057861
-0.4289999902248383 -5.169479370117188 -5.597189426422119
-0.4289999902248383 -5.179462909698486 -4.739189147949219
-0.4289999902248383 -5.211101055145264 -3.881189584732056
-0.4289999902248383 -5.25221586227417 -3.023189544677734
-0.4289999902248383 -5.282156944274902 -2.165189504623413
-0.4289999902248383 -5.301323413848877 -1.307189464569092
-0.4289999902248383 -5.315506458282471 -0.4491894841194153
-0.4289999902248383 -0.2717921733856201 -6.455189228057861
-0.4289999902248383 -0.271778404712677 -5.597189426422119
-0.4289999902248383 -0.2717956900596619 -4.739189147949219
-0.4289999902248383 -0.2718148231506348 -3.881189584732056
-0.4289999902248383 -0.2718093991279602 -3.023189544677734
-0.4289999902248383 -0.2718005776405334 -2.165189504623413
-0.4289999902248383 -0.2717198133468628 -1.307189464569092
-0.4289999902248383 -0.2716196179389954 -0.4491894841194153
-13.06656360626221 -2.055152654647827 0.07449555397033691
-13.06656360626221 -2.365680456161499 0.07449555397033691
-12.50069999694824 -2.612347364425659 0.3106217980384827
-12.25450038909912 -3.046072244644165 0.1803817749023438
-12.44099998474121 -1.99751079082489 0.242896169424057
-11.62265682220459 -3.129385709762573 0.4433532655239105
-11.91488838195801 -2.553347587585449 0.7513108253479004
-11.48588848114014 -2.553347587585449 1.030483245849609
-11.36309432983398 -3.059284925460815 0.9937695264816284
-11.63725471496582 -1.976729035377502 0.4766680002212524
-11.38742446899414 -2.071531534194946 0.9387484788894653
-10.72500038146973 -3.333862543106079 0.4088104963302612
-10.73138999938965 -3.161468505859375 1.274585962295532
-10.73138999938965 -2.491175889968872 1.480765461921692
-10.44964981079102 -2.735728025436401 1.808722734451294
-10.44964981079102 -3.063750028610229 1.808722734451294
-10.72500038146973 -1.912088990211487 0.4088104963302612
-10.72500038146973 -2.03752875328064 1.095534920692444
-9.866999626159668 -3.494893074035645 0.4088104963302612
-9.866999626159668 -3.428903341293335 1.266810417175293
-9.832947731018066 -3.174947023391724 2.106757879257202
-9.865785598754883 -2.521777153015137 2.07126522064209
-10.20732593536377 -2.163727998733521 1.652505040168762
-9.524246215820312 -2.879826307296753 2.618115425109863
-9.524246215820312 -3.045276641845703 2.618115425109863
-9.866999626159668 -1.944712042808533 0.4088104963302612
-9.899595260620117 -2.039899110794067 1.326627254486084
-9.63532543182373 -2.09941577911377 1.761807680130005
-9.008999824523926 -3.645441293716431 0.4088104963302612
-9.008999824523926 -3.625181913375854 1.266810417175293
-9.008999824523926 -3.490101099014282 2.124810457229614
-9.008999824523926 -3.178101778030396 2.809809923171997
-9.008999824523926 -2.718728542327881 2.809809923171997
-9.008999824523926 -2.289728403091431 2.280304670333862
-9.008999824523926 -2.008431434631348 0.4088104963302612
-9.008999824523926 -2.023488283157349 1.266810417175293
-9.008999824523926 -2.087242364883423 1.851304769515991
-8.151000022888184 -3.772873163223267 0.4088104963302612
-8.151000022888184 -3.770363569259644 1.266810417175293
-8.151000022888184 -3.727903127670288 2.124810457229614
-8.229656219482422 -3.378085136413574 3.06322717666626
-8.229656219482422 -2.563776969909668 3.06322717666626
-8.151000022888184 -2.157843112945557 2.367632389068604
-7.996093273162842 -2.812068939208984 3.581872224807739
-7.996093273162842 -3.170281887054443 3.581872224807739
-8.130114555358887 -2.08869457244873 0.4280340373516083
-7.830190181732178 -2.136812686920166 0.1548497527837753
-8.151000022888184 -2.067171573638916 1.266810417175293
-8.151000022888184 -2.096880197525024 1.938632369041443
-7.676904678344727 -3.835814237594604 0.4088104963302612
-7.247904777526855 -3.877568483352661 0.4088104963302612
-7.691139221191406 -3.836887121200562 1.266810417175293
-7.262139320373535 -3.882874250411987 1.266810417175293
-7.640069007873535 -3.828847169876099 2.124810457229614
-7.211069107055664 -3.883028745651245 2.124810457229614
-7.461810111999512 -3.7574622631073 2.982810497283936
-7.032810211181641 -3.865281820297241 2.982810497283936
-7.210960865020752 -3.413076162338257 3.792656660079956
-6.887908458709717 -3.846449613571167 3.431440830230713
-7.344440460205078 -2.186351537704468 0.4280340373516083
-7.293000221252441 -2.277271509170532 2.982810497283936
-7.303210735321045 -2.149929285049438 2.148470878601074
-7.266008377075195 -2.707315444946289 3.857047557830811
-6.962013721466064 -2.918837070465088 4.329790592193604
-6.962013721466064 -3.083870410919189 4.329790592193604
-7.664734363555908 -2.116868019104004 0.7268497347831726
-7.584564208984375 -2.109677076339722 1.266810417175293
-7.155563831329346 -2.159667015075684 1.266810417175293
-7.596017837524414 -2.112266302108765 1.878244519233704
-6.434999942779541 -3.957310914993286 0.4088104963302612
-6.434999942779541 -3.967588663101196 1.266810417175293
-6.434999942779541 -3.970117807388306 2.124810457229614
-6.434999942779541 -3.94809889793396 2.982810497283936
-6.378318786621094 -3.885680913925171 3.766788721084595
-6.626531600952148 -3.655870199203491 4.003441333770752
-6.378318786621094 -3.38646125793457 4.467082977294922
-6.054531574249268 -3.857808828353882 4.310797214508057
-6.434999942779541 -2.336422204971313 0.4088104963302612
-6.434999942779541 -2.256672859191895 1.266810417175293
-6.434999942779541 -2.221099615097046 2.124810457229614
-6.434999942779541 -2.258991479873657 2.982810497283936
-6.434999942779541 -2.474537372589111 3.840810537338257
-6.434999942779541 -2.814914226531982 4.485661029815674
-5.577000141143799 -4.044867515563965 0.4088104963302612
-5.577000141143799 -4.055616855621338 1.266810417175293
-5.577000141143799 -4.062537670135498 2.124810457229614
-5.577000141143799 -4.058703422546387 2.982810497283936
-5.577000141143799 -4.018833160400391 3.840810537338257
-5.522680282592773 -3.913134813308716 4.637602806091309
-5.763294219970703 -3.411347627639771 4.900415897369385
-5.334294319152832 -3.411347627639771 5.262739658355713
-5.200467109680176 -3.865308523178101 5.177467823028564
-5.577000141143799 -2.479441165924072 0.4088104963302612
-5.577000141143799 -2.385003805160522 1.266810417175293
-5.577000141143799 -2.32257604598999 2.124810457229614
-5.577000141143799 -2.30596137046814 2.982810497283936
-5.577000141143799 -2.3883216381073 3.840810537338257
-5.608755111694336 -2.720239639282227 4.749702930450439
-5.343925476074219 -2.891322135925293 5.258059024810791
-4.718999862670898 -4.161990165710449 0.4088104963302612
-4.718999862670898 -4.171710014343262 1.266810417175293
-4.718999862670898 -4.179701805114746 2.124810457229614
-4.718999862670898 -4.182940006256104 2.982810497283936
-4.718999862670898 -4.171881198883057 3.840810537338257
-4.718999862670898 -4.108374118804932 4.698810577392578
-4.686716079711914 -3.960901021957397 5.500804901123047
-4.846220970153809 -3.411347627639771 5.691739559173584
-4.417221069335938 -3.411347627639771 6.114040374755859
-4.379193305969238 -3.897423982620239 6.086414337158203
-4.718999862670898 -2.611273765563965 0.4088104963302612
-4.718999862670898 -2.519202709197998 1.266810417175293
-4.718999862670898 -2.439288854598999 2.124810457229614
-4.718999862670898 -2.385028600692749 2.982810497283936
-4.718999862670898 -2.396648406982422 3.840810537338257
-4.718999862670898 -2.529750823974609 4.698810577392578
-4.681460857391357 -2.817729234695435 5.549159526824951
-4.370434284210205 -2.939883470535278 6.056180000305176
-3.861000061035156 -4.336259841918945 0.4088104963302612
-3.861000061035156 -4.341725826263428 1.266810417175293
-3.861000061035156 -4.346422672271729 2.124810457229614
-3.861000061035156 -4.350510120391846 2.982810497283936
-3.861000061035156 -4.348275661468506 3.840810537338257
-3.861000061035156 -4.327941417694092 4.698810577392578
-3.861000061035156 -4.252903938293457 5.556810855865479
-3.861646175384521 -4.049377918243408 6.389372825622559
-4.022694110870361 -3.411347627639771 6.54304027557373
-3.861000061035156 -2.6764235496521 0.4088104963302612
-3.861000061035156 -2.601006507873535 1.266810417175293
-3.861000061035156 -2.526943206787109 2.124810457229614
-3.861000061035156 -2.462430715560913 2.982810497283936
-3.861000061035156 -2.435590744018555 3.840810537338257
-3.861000061035156 -2.486583948135376 4.698810577392578
-3.861000061035156 -2.636732816696167 5.556810855865479
-3.818109035491943 -2.857322454452515 6.371232032775879
-3.003000020980835 -4.562561988830566 0.4088104963302612
-3.003000020980835 -4.564773082733154 1.266810417175293
-3.003000020980835 -4.566428661346436 2.124810457229614
-3.003000020980835 -4.567670822143555 2.982810497283936
-3.003000020980835 -4.567336082458496 3.840810537338257
-3.003000020980835 -4.560206413269043 4.698810577392578
-3.003000020980835 -4.535956382751465 5.556810855865479
-3.003000020980835 -4.457103729248047 6.414810657501221
-2.925990104675293 -2.345627307891846 0.3281053900718689
-3.036397218704224 -2.369801759719849 1.266810417175293
-3.05970287322998 -2.339731693267822 2.124810457229614
-3.085893630981445 -2.309128761291504 2.982810497283936
-3.105015277862549 -2.289993047714233 3.840810537338257
-3.099385499954224 -2.302346229553223 4.698810577392578
-3.071572303771973 -2.345236539840698 5.556810855865479
-3.033259153366089 -2.428914308547974 6.414810657501221
-2.607397317886353 -2.093401432037354 1.266810417175293
-2.588650226593018 -2.109854459762573 0.5603019595146179
-2.63070273399353 -2.076663732528687 2.124810457229614
-2.656893730163574 -2.06186056137085 2.982810497283936
-2.676015377044678 -2.052075386047363 3.840810537338257
-2.670385599136353 -2.052902460098267 4.698810577392578
-2.642572402954102 -2.066410779953003 5.556810855865479
-2.604259014129639 -2.094969749450684 6.414810657501221
-2.557952642440796 -4.692514419555664 0.4088104963302612
-2.128952503204346 -4.843204021453857 0.4088104963302612
-2.559975385665894 -4.693201541900635 1.266810417175293
-2.130975246429443 -4.845821380615234 1.266810417175293
-2.561107635498047 -4.693606853485107 2.124810457229614
-2.132107734680176 -4.846925735473633 2.124810457229614
-2.560968399047852 -4.693561553955078 2.982810497283936
-2.13196849822998 -4.847074508666992 2.982810497283936
-2.560867309570312 -4.693546295166016 3.840810537338257
-2.131867408752441 -4.846516609191895 3.840810537338257
-2.555986642837524 -4.691751003265381 4.698810577392578
-2.126986742019653 -4.844518184661865 4.698810577392578
-2.536881685256958 -4.684370517730713 5.556810855865479
-2.107881546020508 -4.839808464050293 5.556810855865479
-2.499255180358887 -4.667623043060303 6.414810657501221
-2.070255041122437 -4.83200216293335 6.414810657501221
-2.573673009872437 -2.124714136123657 -0.01169801875948906
-2.334546089172363 -1.772451519966125 0.3281053900718689
-2.274740219116211 -1.664401173591614 1.266810417175293
-2.274517774581909 -1.647663712501526 2.124810457229614
-2.274388551712036 -1.63286030292511 2.982810497283936
-2.274481296539307 -1.623075127601624 3.840810537338257
-2.274929046630859 -1.623902440071106 4.698810577392578
-2.276061296463013 -1.637410759925842 5.556810855865479
-2.277537107467651 -1.665969491004944 6.414810657501221
-1.845927715301514 -1.116573333740234 0.4088104963302612
-1.84574019908905 -1.117381811141968 1.266810417175293
-1.845517873764038 -1.118259906768799 2.124810457229614
-1.845388650894165 -1.119093894958496 2.982810497283936
-1.845481276512146 -1.119546055793762 3.840810537338257
-1.845929026603699 -1.119211792945862 4.698810577392578
-1.847061276435852 -1.117722749710083 5.556810855865479
-1.848537087440491 -1.115461468696594 6.414810657501221
-1.286999940872192 -5.126203536987305 0.4088104963302612
-1.286999940872192 -5.132555961608887 1.266810417175293
-1.286999940872192 -5.135131359100342 2.124810457229614
-1.286999940872192 -5.135193824768066 2.982810497283936
-1.286999940872192 -5.133489608764648 3.840810537338257
-1.286999940872192 -5.128161907196045 4.698810577392578
-1.286999940872192 -5.117561340332031 5.556810855865479
-1.286999940872192 -5.101719379425049 6.414810657501221
-1.333000302314758 -0.6875733733177185 0.4088104963302612
-1.333020567893982 -0.6883818507194519 1.266810417175293
-1.333025097846985 -0.6892600655555725 2.124810457229614
-1.333026647567749 -0.6900939345359802 2.982810497283936
-1.333027124404907 -0.6905462145805359 3.840810537338257
-1.333032727241516 -0.6902118325233459 4.698810577392578
-1.333071947097778 -0.6887227892875671 5.556810855865479
-1.333109498023987 -0.6864616274833679 6.414810657501221
-0.9040003418922424 -0.3831591606140137 0.4088104963302612
-0.9040205478668213 -0.3831132650375366 1.266810417175293
-0.9040250778198242 -0.3830779194831848 2.124810457229614
-0.9040266871452332 -0.3830440044403076 2.982810497283936
-0.9040270447731018 -0.3830211758613586 3.840810537338257
-0.9040327668190002 -0.383024275302887 4.698810577392578
-0.9040719866752625 -0.3830517530441284 5.556810855865479
-0.9041095376014709 -0.3831084966659546 6.414810657501221
-0.4289999902248383 -5.326650619506836 0.4088104963302612
-0.4289999902248383 -5.334133148193359 1.266810417175293
-0.4289999902248383 -5.336568355560303 2.124810457229614
-0.4289999902248383 -5.336060047149658 2.982810497283936
-0.4289999902248383 -5.333571434020996 3.840810537338257
-0.4289999902248383 -5.326544284820557 4.698810577392578
-0.4289999902248383 -5.314277172088623 5.556810855865479
-0.4289999902248383 -5.297552585601807 6.414810657501221
-0.4289999902248383 -0.2715575098991394 0.4088104963302612
-0.4289999902248383 -0.2715192437171936 1.266810417175293
-0.4289999902248383 -0.271492600440979 2.124810457229614
-0.4289999902248383 -0.2714624404907227 2.982810497283936
-0.4289999902248383 -0.2714380621910095 3.840810537338257
-0.4289999902248383 -0.2714389562606812 4.698810577392578
-0.4289999902248383 -0.2714675664901733 5.556810855865479
-0.4289999902248383 -0.2715268135070801 6.414810657501221
-3.59369421005249 -3.411347627639771 7.045801162719727
-3.576077222824097 -3.952909231185913 7.032040596008301
-3.503515243530273 -2.9371657371521 6.924901962280273
-3.048418283462524 -4.184133052825928 7.299948692321777
-3.288768768310547 -3.411347627639771 7.474801063537598
-2.897751569747925 -3.411347627639771 8.130810737609863
-2.755937576293945 -4.017453670501709 8.130810737609863
-2.611982822418213 -3.411347627639771 8.671875
-2.597886323928833 -3.8741295337677 8.610493659973145
-2.944268941879272 -2.555964469909668 7.190784931182861
-2.715814113616943 -2.745572328567505 8.130810737609863
-2.600757360458374 -2.902231454849243 8.658546447753906
-2.580209970474243 -2.117022514343262 6.884667873382568
-2.425850391387939 -4.614658355712891 7.272810935974121
-1.996850252151489 -4.81934928894043 7.272810935974121
-2.300265312194824 -4.44645357131958 8.130810737609863
-1.871265172958374 -4.781586170196533 8.130810737609863
-2.121976137161255 -4.266278743743896 8.949129104614258
-1.769099473953247 -4.73409366607666 8.715764999389648
-2.466217517852783 -3.411347627639771 9.100874900817871
-2.333951711654663 -3.411347627639771 9.846810340881348
-1.972611665725708 -4.187565326690674 9.846810340881348
-2.309354543685913 -3.411347627639771 10.70481109619141
-1.948817849159241 -4.165212154388428 10.70481109619141
-2.309491157531738 -3.411347627639771 11.56281089782715
-1.948686599731445 -4.164939403533936 11.56281089782715
-2.309477090835571 -3.411347627639771 12.42081069946289
-1.94867479801178 -4.165144443511963 12.42081069946289
-2.309151887893677 -3.411347627639771 13.27881050109863
-1.948678612709045 -4.165164947509766 13.27881050109863
-2.504912853240967 -2.316572189331055 8.130810737609863
-2.545167684555054 -2.174763202667236 7.456667900085449
-2.471882820129395 -2.591078042984009 8.962252616882324
-2.413157939910889 -2.553347587585449 9.846810340881348
-2.412566184997559 -2.553347587585449 10.70481109619141
-2.412243604660034 -2.553347587585449 11.56281089782715
-2.411083459854126 -2.553347587585449 12.42081069946289
-2.409551382064819 -2.553347587585449 13.27881050109863
-2.320024251937866 -1.776752352714539 7.211524963378906
-2.209022521972656 -1.695347428321838 8.130810737609863
-2.18580150604248 -1.695347428321838 8.988810539245605
-2.188488483428955 -1.695347428321838 9.846810340881348
-2.188070774078369 -1.695347428321838 10.70481109619141
-2.187029838562012 -1.695347428321838 11.56281089782715
-2.185388803482056 -1.695347428321838 12.42081069946289
-2.18352746963501 -1.695347428321838 13.27881050109863
-1.849154591560364 -1.113431811332703 7.272810935974121
-1.849109649658203 -1.111754536628723 8.130810737609863
-1.851025819778442 -1.110188722610474 8.988810539245605
-1.852670669555664 -1.109513401985168 9.846810340881348
-1.852041482925415 -1.110032439231873 10.70481109619141
-1.851590752601624 -1.110410690307617 11.56281089782715
-1.851107716560364 -1.110673785209656 12.42081069946289
-1.850449323654175 -1.111133098602295 13.27881050109863
-1.286999940872192 -5.079694747924805 7.272810935974121
-1.286999940872192 -5.028112888336182 8.130810737609863
-1.343033194541931 -4.894647598266602 8.996582984924316
-1.666388511657715 -4.65842866897583 9.287764549255371
-1.620660543441772 -4.616565227508545 9.846810340881348
-1.191660523414612 -4.894182682037354 9.846810340881348
-1.599265336990356 -4.594212055206299 10.70481109619141
-1.170265316963196 -4.890377044677734 10.70481109619141
-1.599045395851135 -4.593939304351807 11.56281089782715
-1.170045375823975 -4.890538215637207 11.56281089782715
-1.59937846660614 -4.594144344329834 12.42081069946289
-1.170378565788269 -4.890833854675293 12.42081069946289
-1.599454641342163 -4.594164848327637 13.27881050109863
-1.170454621315002 -4.890973091125488 13.27881050109863
-1.333073973655701 -0.6844318509101868 7.272810935974121
-1.332855701446533 -0.6827545762062073 8.130810737609863
-1.332595586776733 -0.6811887621879578 8.988810539245605
-1.332518577575684 -0.6805134415626526 9.846810340881348
-1.332508087158203 -0.6810325980186462 10.70481109619141
-1.332529664039612 -0.6814107298851013 11.56281089782715
-1.332567930221558 -0.6816738247871399 12.42081069946289
-1.332572460174561 -0.6821331381797791 13.27881050109863
-0.9040740132331848 -0.3832322955131531 7.272810935974121
-0.9038557410240173 -0.3833485245704651 8.130810737609863
-0.9035956263542175 -0.3834220767021179 8.988810539245605
-0.9035184979438782 -0.3835082054138184 9.846810340881348
-0.9035080671310425 -0.3835062384605408 10.70481109619141
-0.9035297036170959 -0.3834565877914429 11.56281089782715
-0.9035679697990417 -0.3834429383277893 12.42081069946289
-0.9035723805427551 -0.383431077003479 13.27881050109863
-0.4289999902248383 -5.277416229248047 7.272810935974121
-0.4289999902248383 -5.251110553741455 8.130810737609863
-0.4289999902248383 -5.207592010498047 8.988810539245605
-0.4289999902248383 -5.173914432525635 9.846810340881348
-0.4289999902248383 -5.168086528778076 10.70481109619141
-0.4289999902248383 -5.168546676635742 11.56281089782715
-0.4289999902248383 -5.169173717498779 12.42081069946289
-0.4289999902248383 -5.169326782226562 13.27881050109863
-0.4289999902248383 -0.2716425657272339 7.272810935974121
-0.4289999902248383 -0.2717260718345642 8.130810737609863
-0.4289999902248383 -0.2717757225036621 8.988810539245605
-0.4289999902248383 -0.2718662619590759 9.846810340881348
-0.4289999902248383 -0.2718661427497864 10.70481109619141
-0.4289999902248383 -0.271814227104187 11.56281089782715
-0.4289999902248383 -0.2717936635017395 12.42081069946289
-0.4289999902248383 -0.2717730402946472 13.27881050109863
-2.309042692184448 -3.411347627639771 14.13681030273438
-1.948705911636353 -4.165163040161133 14.13681030273438
-2.308786392211914 -3.411347627639771 14.99481105804443
-1.948735475540161 -4.165186405181885 14.99481105804443
-2.308579683303833 -3.411347627639771 15.85281085968018
-1.948760032653809 -4.165182113647461 15.85281085968018
-2.306991100311279 -3.411347627639771 16.71081161499023
-1.948145151138306 -4.164535999298096 16.71081161499023
-2.297295570373535 -3.411347627639771 17.56881141662598
-1.943982124328613 -4.161411285400391 17.56881141662598
-2.27474570274353 -3.411347627639771 18.42681121826172
-1.934619188308716 -4.153885841369629 18.42681121826172
-2.232756376266479 -3.411347627639771 19.28481101989746
-1.91756796836853 -4.137293815612793 19.28481101989746
-2.155622005462646 -3.411347627639771 20.1428108215332
-1.886629462242126 -4.103421211242676 20.1428108215332
-2.408492088317871 -2.553347587585449 14.13681030273438
-2.407227039337158 -2.553347587585449 14.99481105804443
-2.406355857849121 -2.553347587585449 15.85281085968018
-2.404888868331909 -2.553347587585449 16.71081161499023
-2.393215894699097 -2.553347587585449 17.56881141662598
-2.36189341545105 -2.553347587585449 18.42681121826172
-2.299872875213623 -2.553347587585449 19.28481101989746
-2.186703205108643 -2.553347587585449 20.1428108215332
-2.18224024772644 -1.695347428321838 14.13681030273438
-2.180711269378662 -1.695347428321838 14.99481105804443
-2.179659843444824 -1.695347428321838 15.85281085968018
-2.177788734436035 -1.695347428321838 16.71081161499023
-2.16148567199707 -1.695347428321838 17.56881141662598
-2.114919662475586 -1.695347428321838 18.42681121826172
-2.022772312164307 -1.695347428321838 19.28481101989746
-1.878422021865845 -1.673102021217346 20.06111717224121
-1.850085020065308 -1.111330986022949 14.13681030273438
-1.84953510761261 -1.111687421798706 14.99481105804443
-1.849123477935791 -1.111968517303467 15.85281085968018
-1.847745776176453 -1.113895654678345 16.71081161499023
-1.837583184242249 -1.126754760742188 17.56881141662598
-1.809152841567993 -1.160988569259644 18.42681121826172
-1.754087805747986 -1.223877668380737 19.28481101989746
-1.717755794525146 -1.26443612575531 19.72065544128418
-1.599451303482056 -4.594162940979004 14.13681030273438
-1.170451402664185 -4.890985012054443 14.13681030273438
-1.599455833435059 -4.594186305999756 14.99481105804443
-1.170455813407898 -4.890970230102539 14.99481105804443
-1.5993732213974 -4.594182014465332 15.85281085968018
-1.170373201370239 -4.890822410583496 15.85281085968018
-1.598710894584656 -4.593536376953125 16.71081161499023
-1.169710874557495 -4.890443801879883 16.71081161499023
-1.596427321434021 -4.590411186218262 17.56881141662598
-1.16742730140686 -4.889829158782959 17.56881141662598
-1.590924143791199 -4.582886219024658 18.42681121826172
-1.161924123764038 -4.888445377349854 18.42681121826172
-1.578440427780151 -4.566293716430664 19.28481101989746
-1.149440407752991 -4.884624481201172 19.28481101989746
-1.554348587989807 -4.532421112060547 20.1428108215332
-1.125348567962646 -4.874918937683105 20.1428108215332
-1.332579374313354 -0.6823311448097229 14.13681030273438
-1.332592129707336 -0.6826874613761902 14.99481105804443
-1.332601189613342 -0.6829685568809509 15.85281085968018
-1.329378604888916 -0.6848956942558289 16.71081161499023
-1.307116627693176 -0.6977549195289612 17.56881141662598
-1.201631426811218 -0.6853798031806946 18.34333038330078
-1.286999940872192 -0.8785021901130676 19.28481101989746
-1.316235899925232 -1.062570810317993 20.06111717224121
-1.621726393699646 -1.372271776199341 20.29265594482422
-0.9035794138908386 -0.383424699306488 14.13681030273438
-0.9035921096801758 -0.3834080696105957 14.99481105804443
-0.9036011695861816 -0.3833951354026794 15.85281085968018
-0.9003785848617554 -0.3851577043533325 16.71081161499023
-0.8781166076660156 -0.3973419666290283 17.56881141662598
-0.8587191104888916 -0.4079581499099731 18.00167465209961
-0.4289999902248383 -5.169338703155518 14.13681030273438
-0.4289999902248383 -5.169323444366455 14.99481105804443
-0.4289999902248383 -5.169160842895508 15.85281085968018
-0.4289999902248383 -5.168661117553711 16.71081161499023
-0.4289999902248383 -5.167813301086426 17.56881141662598
-0.4289999902248383 -5.165917873382568 18.42681121826172
-0.4289999902248383 -5.160984516143799 19.28481101989746
-0.4289999902248383 -5.146615505218506 20.1428108215332
-0.4339300096035004 -0.4860702157020569 19.30712509155273
-0.723216712474823 -0.4385465979576111 18.57367515563965
-0.4289999902248383 -0.6627933382987976 20.1428108215332
-0.4289999902248383 -0.2717654705047607 14.13681030273438
-0.4289999902248383 -0.2717507481575012 14.99481105804443
-0.4289999902248383 -0.2717418670654297 15.85281085968018
-0.4289999902248383 -0.2752455472946167 16.71081161499023
-0.4289999902248383 -0.2992428541183472 17.56881141662598
-0.4339300096035004 -0.3547603487968445 18.34333038330078
-0.1512167006731033 -0.378108024597168 19.0359992980957
-2.023724794387817 -3.411347627639771 21.00081062316895
-1.832039475440979 -4.030900478363037 21.00081062316895
-1.813475251197815 -3.40703821182251 21.91012954711914
-1.770108580589294 -3.933904886245728 21.65834045410156
-2.001852035522461 -2.553347587585449 21.00081062316895
-1.792580008506775 -2.618569612503052 21.80203247070312
-1.728181004524231 -2.94805121421814 22.31786918640137
-1.728181004524231 -3.118165254592896 22.31786918640137
-1.810166835784912 -1.966546893119812 21.00081062316895
-1.735283255577087 -2.094022750854492 21.47817993164062
-1.506054759025574 -4.459900379180908 21.00081062316895
-1.077054738998413 -4.849188327789307 21.00081062316895
-1.471166610717773 -4.239681720733643 21.91012954711914
-0.9919869899749756 -4.795314788818359 21.85881042480469
-1.155113101005554 -4.328629016876221 22.72976112365723
-0.9125394821166992 -4.739631175994873 22.45239448547363
-1.701295018196106 -3.690165281295776 22.2303409576416
-1.56557822227478 -3.40703821182251 22.64904594421387
-1.072032570838928 -3.422230005264282 23.63665008544922
-1.000554800033569 -4.046654224395752 23.57481002807617
-0.8787189722061157 -3.715484857559204 24.02918434143066
-0.8787189722061157 -3.873620748519897 24.02918434143066
-1.308670163154602 -2.56074070930481 22.70284080505371
-1.592692494392395 -2.376051187515259 22.05018043518066
-1.024647951126099 -2.745430469512939 23.39187622070312
-1.457683920860291 -1.537546992301941 21.00081062316895
-1.243272304534912 -1.74987804889679 21.7634391784668
-1.020692467689514 -1.977733492851257 22.51581382751465
-1.02868390083313 -1.148262500762939 21.00081062316895
-0.8938520550727844 -1.241917490959167 21.47669792175293
-0.4289999902248383 -5.103896617889404 21.00081062316895
-0.4289999902248383 -5.011212825775146 21.85881042480469
-0.467085599899292 -4.842390060424805 22.72976112365723
-0.7784759998321533 -4.654150009155273 23.02439498901367
-0.467085599899292 -4.487610816955566 23.60239791870117
-0.2064760029315948 -4.77037525177002 23.33479118347168
-0.4289999902248383 -4.039074420928955 24.15882682800293
-0.4798220098018646 -3.422230005264282 24.19414520263672
-0.7997033596038818 -3.143484830856323 23.96387672424316
-0.4905799925327301 -2.517386674880981 23.59685707092285
-0.7534566521644592 -2.173430442810059 23.08781433105469
-0.2277033627033234 -2.861342906951904 24.11434555053711
-0.4520739912986755 -1.865307450294495 22.76781272888184
-0.4289999902248383 -1.414469838142395 22.02956199645996
-0.1814566403627396 -2.067117691040039 23.22983741760254
-0.4289999902248383 -0.9282674193382263 21.00081062316895
-0.4289999902248383 -1.17732560634613 21.60056304931641
-0.5691701173782349 1.736652493476868 -21.04118919372559
-0.205779492855072 1.736652493476868 -21.6827507019043
-0.08698472380638123 1.15350604057312 -21.53819274902344
-0.3246425986289978 0.8719646334648132 -21.09393692016602
-0.6848691701889038 2.594652414321899 -21.04118919372559
-0.3062169849872589 2.583539485931396 -21.94263648986816
-0.5629376769065857 3.452652454376221 -21.89918899536133
-0.2137506455183029 3.452652454376221 -22.56689071655273
-0.09568798542022705 2.862131118774414 -22.41159439086914
-0.7150433659553528 3.452652454376221 -21.04118919372559
-0.6471681594848633 4.310652732849121 -21.89918899536133
-0.3093475699424744 4.279358386993408 -22.81230735778809
-0.6120745539665222 4.310652732849121 -21.04118919372559
-0.4217533469200134 5.168652534484863 -22.75718879699707
-0.1560578495264053 5.168652534484863 -23.34031867980957
-0.1061019971966743 4.544496059417725 -23.28216934204102
-0.4532731175422668 5.168652534484863 -21.89918899536133
-0.2255166918039322 5.157380104064941 -21.09999847412109
-0.1770535707473755 5.752600193023682 -22.75718879699707
-0.1019751280546188 5.690186977386475 -23.29571533203125
-0.1268122941255569 5.702536106109619 -21.89918899536133
-0.03498676419258118 5.623435020446777 -21.42520332336426
-0.8664316534996033 0.5894538164138794 -17.60918998718262
-0.8613941073417664 0.5471506118774414 -18.14563179016113
-0.8676544427871704 0.5312367677688599 -16.75119018554688
-0.8630245327949524 0.4695278108119965 -16.27473640441895
-0.739016056060791 0.8786525130271912 -20.18318939208984
-0.8155142068862915 0.8786525130271912 -19.3251895904541
-0.8440264463424683 0.8513513803482056 -18.44585609436035
-0.8370256423950195 1.01845383644104 -17.60918998718262
-0.7725915312767029 0.9602367281913757 -16.75119018554688
-0.5082650780677795 0.8821369409561157 -15.87797164916992
-0.2782446444034576 0.7148129940032959 -15.03518962860107
-0.1191774010658264 0.5301063060760498 -14.44773769378662
-0.7590036988258362 1.736652493476868 -20.18318939208984
-0.8022109270095825 1.736652493476868 -19.3251895904541
-0.7980433106422424 1.736652493476868 -18.46718978881836
-0.6932623982429504 1.736652493476868 -17.60918998718262
-0.3570824265480042 1.770589470863342 -16.73392486572266
-0.192714735865593 1.507214188575745 -16.05320739746094
-0.7610996961593628 2.594652414321899 -20.18318939208984
-0.7477341294288635 2.594652414321899 -19.3251895904541
-0.5957487821578979 2.594652414321899 -18.46718978881836
-0.2704095542430878 2.584199905395508 -17.64877891540527
-0.1370153576135635 2.291231632232666 -17.00841522216797
-0.6881670951843262 3.452652454376221 -20.18318939208984
-0.3864544332027435 3.531654834747314 -19.24813461303711
-0.2135324478149414 3.273957490921021 -18.46718978881836
-0.07036689668893814 3.082721948623657 -17.96117401123047
-0.3236150145530701 4.343201637268066 -20.1672534942627
-0.1766725331544876 4.078901290893555 -19.48276710510254
-0.125757709145546 4.863864898681641 -20.44262886047363
0.4289999902248383 -3.263875007629395 -21.04118919372559
0.4289999902248383 -3.060190200805664 -21.6879711151123
0.4024133384227753 -2.406788110733032 -22.75440788269043
0.09868891537189484 -2.192623853683472 -23.23762321472168
0.4289999902248383 -2.855190992355347 -22.11697006225586
0.09868891537189484 -1.89992368221283 -23.23762321472168
0.4449336528778076 -1.618441224098206 -22.80843162536621
0.2191783934831619 -1.177880764007568 -22.57831001281738
0.4747070372104645 -1.033374309539795 -21.93426132202148
0.7911784052848816 -1.336958646774292 -22.24364280700684
0.4735207259654999 -0.6168624758720398 -21.08600234985352
0.3257741034030914 0.02065251022577286 -20.94864082336426
0.9893011450767517 -3.057348251342773 -21.04118919372559
0.8749569654464722 -2.991724491119385 -21.49134063720703
1.214813351631165 -2.528792381286621 -21.83241081237793
0.9826696515083313 -2.247751951217651 -22.46655464172363
1.418301105499268 -2.797271728515625 -21.04118919372559
0.9826696515083313 -1.908958554267883 -22.46655464172363
1.27851927280426 -1.646426558494568 -21.92256355285645
1.002368807792664 -1.189099192619324 -21.67164421081543
1.287821292877197 -1.092275857925415 -20.96111106872559
1.574368834495544 -1.383894324302673 -21.19372749328613
2.144999980926514 -2.548292875289917 -21.04118919372559
2.144999980926514 -2.277484655380249 -21.66151237487793
2.144999980926514 -1.849853873252869 -21.66151237487793
2.144999980926514 -1.420853853225708 -21.05232429504395
2.144999980926514 -1.264182090759277 -20.62332534790039
3.003000020980835 -2.466578960418701 -21.04118919372559
3.003000020980835 -2.261477708816528 -21.72412872314453
3.059757947921753 -1.662624478340149 -21.68685531616211
2.811596632003784 -1.354809165000916 -21.18949890136719
3.059757947921753 -1.242347717285156 -20.95857429504395
3.383596658706665 -1.258288741111755 -21.49271202087402
3.861000061035156 -2.424384117126465 -21.04118919372559
3.868295669555664 -2.245542764663696 -21.94225883483887
3.868295669555664 -1.625647902488708 -22.11716461181641
4.159159183502197 -1.86518132686615 -22.36971092224121
4.159159183502197 -2.15161395072937 -22.36971092224121
3.861000061035156 -1.229251980781555 -21.68882179260254
3.861000061035156 -1.168187856674194 -21.04118919372559
4.718999862670898 -2.287801027297974 -21.89918899536133
4.718999862670898 -2.175983667373657 -22.4355297088623
4.718999862670898 -2.359409093856812 -21.04118919372559
4.641021251678467 -1.625647902488708 -22.50561714172363
4.303035259246826 -1.293181419372559 -22.31117630004883
4.641021251678467 -1.16723108291626 -21.97478103637695
4.875035285949707 -1.210603475570679 -22.48078155517578
4.718999862670898 -1.110355854034424 -21.04118919372559
5.577000141143799 -2.244010925292969 -21.89918899536133
5.577000141143799 -2.173819541931152 -22.49596405029297
5.579460620880127 -2.218384981155396 -21.07339668273926
5.580016613006592 -1.708861470222473 -22.89716529846191
5.580016613006592 -1.152854800224304 -22.7629451751709
5.868027687072754 -1.21812641620636 -23.26218223571777
5.868027687072754 -1.431870937347412 -23.26218223571777
5.577000141143799 -1.058777332305908 -21.89918899536133
5.579259872436523 -1.155816435813904 -21.02510643005371
6.168694496154785 -2.162944555282593 -21.89918899536133
6.158119678497314 -2.148728370666504 -22.45029067993164
6.07080602645874 -2.151429414749146 -21.38086891174316
6.44047212600708 -1.972180247306824 -22.74464988708496
6.434999942779541 -1.551824450492859 -23.41888236999512
6.593352794647217 -1.743798613548279 -21.86531066894531
6.19710111618042 -1.695347428321838 -21.27584457397461
5.79740047454834 -1.695347428321838 -20.84684562683105
6.434999942779541 -1.160696148872375 -23.41888236999512
6.434999942779541 -1.036281704902649 -22.75718879699707
6.463197231292725 -1.126148581504822 -21.86531066894531
6.195995807647705 -1.19856870174408 -21.30038452148438
0.5075219869613647 -4.816152095794678 -15.11040115356445
0.2738699615001678 -4.755191326141357 -15.74418067932129
0.4289999902248383 -4.96093225479126 -14.17718887329102
0.4743641018867493 -4.011232376098633 -18.5135555267334
0.2186068147420883 -3.905196905136108 -19.11678314208984
0.4289999902248383 -4.283464431762695 -17.60918998718262
0.4289999902248383 -4.496770858764648 -16.75119018554688
0.5075219869613647 -4.656045436859131 -15.97538375854492
0.8458699584007263 -4.695476055145264 -15.44654178619385
0.4289999902248383 -3.510996341705322 -20.18318939208984
0.4743641018867493 -3.742383718490601 -19.37174606323242
0.7906067967414856 -3.815788984298706 -18.83046531677246
0.7640323042869568 -0.005364053416997194 -20.12715339660645
0.7892012000083923 -0.4836943745613098 -20.37579727172852
1.007855653762817 -4.785942554473877 -14.17718887329102
0.9287853240966797 -4.73888111114502 -14.87454223632812
1.102158546447754 -4.009455680847168 -17.60918998718262
0.9687831401824951 -3.913804769515991 -18.25846672058105
1.232744812965393 -4.119067192077637 -16.75119018554688
1.372138857841492 -4.184280872344971 -15.97645568847656
1.243671178817749 -4.467370510101318 -15.11040115356445
1.436855673789978 -4.47711181640625 -14.17718887329102
1.165963649749756 -3.175486087799072 -20.18318939208984
1.352704167366028 -3.269927024841309 -19.3580436706543
1.267669916152954 -3.601884126663208 -18.5135555267334
1.531158566474915 -3.686837911605835 -17.60918998718262
1.661744832992554 -3.789167165756226 -16.75119018554688
1.714898109436035 -3.838942289352417 -16.31796646118164
1.594963669776917 -2.910080194473267 -20.18318939208984
1.682506918907166 -2.960244178771973 -19.66594696044922
1.208692073822021 -0.7838851809501648 -20.12715339660645
0.8704867362976074 -0.3087084293365479 -19.80379676818848
0.8959780335426331 -0.1523953676223755 -19.3251895904541
1.324977993965149 -0.7966020703315735 -19.3251895904541
0.839471697807312 0.2766046226024628 -19.3251895904541
0.9196308255195618 0.07983074337244034 -18.44584846496582
1.361493110656738 -0.7641898989677429 -18.46718978881836
0.8522738814353943 0.4052829146385193 -18.71762084960938
0.9753350019454956 0.02065251022577286 -17.60918998718262
1.395902514457703 -0.738074004650116 -17.60918998718262
1.006068825721741 0.02065251022577286 -16.75119018554688
1.425413966178894 -0.7437824606895447 -16.75119018554688
0.9922379851341248 0.07234261184930801 -15.9505090713501
1.451029658317566 -0.7494432330131531 -15.89318943023682
1.029509663581848 -0.1305525302886963 -15.03518962860107
1.458509683609009 -0.730233371257782 -15.03518962860107
0.7072573900222778 0.2984475195407867 -15.03518962860107
0.8238306045532227 0.3928026854991913 -15.70272254943848
1.005333304405212 -0.2442195415496826 -14.17718887329102
1.434333324432373 -0.7118545174598694 -14.17718887329102
0.4147075414657593 0.2027853429317474 -14.16791820526123
1.831470966339111 -3.98278021812439 -15.03518962860107
1.774020433425903 -3.910835981369019 -15.74596691131592
1.87897515296936 -4.048111915588379 -14.17718887329102
1.951573610305786 -3.131686925888062 -18.46718978881836
1.822725534439087 -3.033311128616333 -19.09394836425781
2.020360946655273 -3.257837772369385 -17.60918998718262
1.989171266555786 -3.360167264938354 -16.75119018554688
1.957805037498474 -3.496304512023926 -15.97645568847656
2.121983289718628 -3.411347627639771 -15.03518962860107
2.201809167861938 -3.411347627639771 -14.17718887329102
2.144999980926514 -2.723300218582153 -20.18318939208984
2.12323522567749 -2.855761289596558 -19.3580436706543
2.380573749542236 -2.886100769042969 -18.46718978881836
2.449361085891724 -2.845901966094971 -17.60918998718262
2.414310216903687 -2.561086893081665 -16.73442649841309
2.288285255432129 -2.553347587585449 -15.89318943023682
2.299247980117798 -2.553347587585449 -15.03518962860107
2.346558332443237 -2.553347587585449 -14.17718887329102
2.30043363571167 -1.69500195980072 -16.73442649841309
2.106073379516602 -1.695347428321838 -15.89318943023682
2.092355012893677 -1.695347428321838 -15.03518962860107
2.126104831695557 -1.695347428321838 -14.17718887329102
2.144999980926514 -1.239958882331848 -20.18318939208984
2.144999980926514 -1.206828236579895 -19.3251895904541
2.206746339797974 -1.20064103603363 -18.45342445373535
1.990547657012939 -1.167073845863342 -17.60918998718262
2.41954779624939 -1.382652521133423 -17.60918998718262
2.533910512924194 -1.278996586799622 -18.15824890136719
1.84682559967041 -1.172782421112061 -16.75119018554688
1.792528867721558 -1.178443074226379 -15.89318943023682
1.799619078636169 -1.159233331680298 -15.03518962860107
1.81838059425354 -1.140854358673096 -14.17718887329102
3.003000020980835 -2.576337814331055 -20.18318939208984
3.003000020980835 -2.647939205169678 -19.3251895904541
3.003000020980835 -2.628804206848145 -18.46718978881836
2.986362934112549 -2.400090217590332 -17.64466285705566
2.689271688461304 -2.280246496200562 -17.00925064086914
2.986362934112549 -1.805020928382874 -17.64466285705566
3.003000020980835 -1.403870940208435 -18.30867576599121
2.689271688461304 -1.980771660804749 -17.00925064086914
3.003000020980835 -1.205084443092346 -20.18318939208984
3.003000020980835 -1.209057211875916 -19.3251895904541
3.003000020980835 -1.24636447429657 -18.73767471313477
3.861000061035156 -2.48507833480835 -20.18318939208984
3.861000061035156 -2.448761940002441 -19.3251895904541
3.820556402206421 -2.272187471389771 -18.53796005249023
3.507594108581543 -2.193846225738525 -17.95431327819824
3.780469417572021 -1.756939768791199 -18.57495880126953
3.507594108581543 -2.009063243865967 -17.95431327819824
3.861000061035156 -1.157147169113159 -20.18318939208984
3.80480694770813 -1.219032406806946 -19.36279678344727
3.481344938278198 -1.251670598983765 -18.85077857971191
4.0533447265625 -1.504816651344299 -19.10186767578125
4.767182350158691 -2.282999992370605 -20.14980697631836
4.473495483398438 -2.212515115737915 -19.3251895904541
4.311357021331787 -2.141808986663818 -18.87113952636719
4.954630851745605 -1.695347428321838 -19.93781471252441
4.491319179534912 -1.752628922462463 -19.36279678344727
4.311357021331787 -2.07681679725647 -18.87113952636719
4.687722682952881 -1.190722227096558 -20.19187164306641
4.380870819091797 -1.238844275474548 -19.67386817932129
5.295100688934326 -2.187487840652466 -20.41355133056641
5.368400573730469 -1.695347428321838 -20.36681365966797
5.294766902923584 -1.217955827713013 -20.4836597442627
0.4289999902248383 -5.058684349060059 -13.31918907165527
0.4289999902248383 -5.127833843231201 -12.46118927001953
0.4289999902248383 -5.159546375274658 -11.60318946838379
0.4289999902248383 -5.167412281036377 -10.74518966674805
0.4289999902248383 -5.168310642242432 -9.887188911437988
0.4289999902248383 -5.168317317962646 -9.029189109802246
0.4289999902248383 -5.168315887451172 -8.171189308166504
0.4289999902248383 -5.16831636428833 -7.313189506530762
0.4289999902248383 -0.03846742957830429 -13.31918907165527
0.4289999902248383 -0.1693989634513855 -12.46118927001953
0.4289999902248383 -0.2379151582717896 -11.60318946838379
0.4289999902248383 -0.2713205218315125 -10.74518966674805
0.4289999902248383 -0.2764045596122742 -9.887188911437988
0.4289999902248383 -0.2727715969085693 -9.029189109802246
0.4289999902248383 -0.2717888951301575 -8.171189308166504
0.4289999902248383 -0.2717928886413574 -7.313189506530762
1.086423754692078 -4.835065841674805 -13.31918907165527
1.139696002006531 -4.869812488555908 -12.46118927001953
1.163274645805359 -4.885724067687988 -11.60318946838379
1.168977022171021 -4.889593601226807 -10.74518966674805
1.16948401927948 -4.889967441558838 -9.887188911437988
1.169492602348328 -4.889963150024414 -9.029189109802246
1.169493675231934 -4.889961719512939 -8.171189308166504
1.169483780860901 -4.889962196350098 -7.313189506530762
1.515423774719238 -4.530747890472412 -13.31918907165527
1.568695902824402 -4.570059776306152 -12.46118927001953
1.59227466583252 -4.588602542877197 -11.60318946838379
1.597977042198181 -4.593252658843994 -10.74518966674805
1.598484039306641 -4.593669891357422 -9.887188911437988
1.598492622375488 -4.593689918518066 -9.029189109802246
1.598493695259094 -4.593696594238281 -8.171189308166504
1.598483681678772 -4.593674659729004 -7.313189506530762
0.9649519324302673 -0.3201574683189392 -13.31918907165527
1.393952012062073 -0.7032573819160461 -13.31918907165527
0.9278032779693604 -0.3618466258049011 -12.46118927001953
1.356803297996521 -0.6960965991020203 -12.46118927001953
0.9018404483795166 -0.3826200366020203 -11.60318946838379
1.330840468406677 -0.6914326548576355 -11.60318946838379
0.8907702565193176 -0.3903314471244812 -10.74518966674805
1.319770216941833 -0.6886329054832458 -10.74518966674805
0.8952675461769104 -0.3880793452262878 -9.887188911437988
1.324267506599426 -0.6855284571647644 -9.887188911437988
0.9017728567123413 -0.3844225406646729 -9.029189109802246
1.330772876739502 -0.683685839176178 -9.029189109802246
0.9034985303878784 -0.3834458589553833 -8.171189308166504
1.332498550415039 -0.6832839846611023 -8.171189308166504
0.9034988880157471 -0.3834520578384399 -7.313189506530762
1.332498908042908 -0.6829860806465149 -7.313189506530762
1.912377595901489 -4.101747989654541 -13.31918907165527
1.935052752494812 -4.141059875488281 -12.46118927001953
1.945812582969666 -4.159602165222168 -11.60318946838379
1.948502659797668 -4.164252758026123 -10.74518966674805
1.948763251304626 -4.164669990539551 -9.887188911437988
1.948781251907349 -4.164690017700195 -9.029189109802246
1.948797821998596 -4.16469669342041 -8.171189308166504
1.948772192001343 -4.164674282073975 -7.313189506530762
2.252982139587402 -3.411347627639771 -13.31918907165527
2.28720498085022 -3.411347627639771 -12.46118927001953
2.303988695144653 -3.411347627639771 -11.60318946838379
2.308474779129028 -3.411347627639771 -10.74518966674805
2.308756113052368 -3.411347627639771 -9.887188911437988
2.308491945266724 -3.411347627639771 -9.029189109802246
2.308508634567261 -3.411347627639771 -8.171189308166504
2.308747529983521 -3.411347627639771 -7.313189506530762
2.376188516616821 -2.553347587585449 -13.31918907165527
2.394269704818726 -2.553347587585449 -12.46118927001953
2.404295682907104 -2.553347587585449 -11.60318946838379
2.407324314117432 -2.553347587585449 -10.74518966674805
2.406753540039062 -2.553347587585449 -9.887188911437988
2.405760765075684 -2.553347587585449 -9.029189109802246
2.405725955963135 -2.553347587585449 -8.171189308166504
2.40674090385437 -2.553347587585449 -7.313189506530762
2.149899959564209 -1.695347428321838 -13.31918907165527
2.165122032165527 -1.695347428321838 -12.46118927001953
2.174449682235718 -1.695347428321838 -11.60318946838379
2.178039312362671 -1.695347428321838 -10.74518966674805
2.178724527359009 -1.695347428321838 -9.887188911437988
2.178646087646484 -1.695347428321838 -9.029189109802246
2.178732872009277 -1.695347428321838 -8.171189308166504
2.179928064346313 -1.695347428321838 -7.313189506530762
1.830315947532654 -1.132257342338562 -13.31918907165527
1.839004516601562 -1.125096559524536 -12.46118927001953
1.844329833984375 -1.120432496070862 -11.60318946838379
1.846686959266663 -1.117632865905762 -10.74518966674805
1.847963690757751 -1.11452841758728 -9.887188911437988
1.848596096038818 -1.112685680389404 -9.029189109802246
1.84871768951416 -1.112283945083618 -8.171189308166504
1.849162340164185 -1.111986041069031 -7.313189506530762
0.4289999902248383 -5.168091773986816 -6.455189228057861
0.4289999902248383 -5.168656349182129 -5.597189426422119
0.4289999902248383 -5.178928852081299 -4.739189147949219
0.4289999902248383 -5.210845470428467 -3.881189584732056
0.4289999902248383 -5.25205135345459 -3.023189544677734
0.4289999902248383 -5.281796932220459 -2.165189504623413
0.4289999902248383 -5.300941944122314 -1.307189464569092
0.4289999902248383 -5.315380573272705 -0.4491894841194153
0.4289999902248383 -0.2717971205711365 -6.455189228057861
0.4289999902248383 -0.2717843055725098 -5.597189426422119
0.4289999902248383 -0.2718028426170349 -4.739189147949219
0.4289999902248383 -0.2718271017074585 -3.881189584732056
0.4289999902248383 -0.2718196511268616 -3.023189544677734
0.4289999902248383 -0.2718015909194946 -2.165189504623413
0.4289999902248383 -0.271719753742218 -1.307189464569092
0.4289999902248383 -0.2716194987297058 -0.4491894841194153
1.169548749923706 -4.889970302581787 -6.455189228057861
1.169736623764038 -4.890238761901855 -5.597189426422119
1.183203101158142 -4.895939350128174 -4.739189147949219
1.235953330993652 -4.915045261383057 -3.881189584732056
1.368142366409302 -4.92876148223877 -3.097031593322754
1.286999940872192 -5.068499088287354 -2.165189504623413
1.286999940872192 -5.102231025695801 -1.307189464569092
1.286999940872192 -5.116738319396973 -0.4491894841194153
1.598548769950867 -4.593723773956299 -6.455189228057861
1.598736643791199 -4.594104290008545 -5.597189426422119
1.612203121185303 -4.605747699737549 -4.739189147949219
1.664953351020813 -4.653077602386475 -3.881189584732056
1.708237290382385 -4.692171573638916 -3.432259798049927
0.9034996628761292 -0.3834578990936279 -6.455189228057861
1.332499623298645 -0.6827057003974915 -6.455189228057861
0.903525173664093 -0.3834459185600281 -5.597189426422119
1.332525253295898 -0.6824793219566345 -5.597189426422119
0.9035131335258484 -0.3834649324417114 -4.739189147949219
1.332513093948364 -0.6816167235374451 -4.739189147949219
0.9035327434539795 -0.3834793567657471 -3.881189584732056
1.33253276348114 -0.6803433299064636 -3.881189584732056
0.9037718176841736 -0.3834465742111206 -3.023189544677734
1.332771897315979 -0.6805029511451721 -3.023189544677734
0.9039397835731506 -0.3834009170532227 -2.165189504623413
1.332939743995667 -0.6826992630958557 -2.165189504623413
0.9039380550384521 -0.3833107948303223 -1.307189464569092
1.332938075065613 -0.6853007674217224 -1.307189464569092
0.9039679169654846 -0.3832193613052368 -0.4491894841194153
1.33296799659729 -0.6867801547050476 -0.4491894841194153
1.953005194664001 -4.807438373565674 -2.165189504623413
1.815144062042236 -4.758380889892578 -2.860259771347046
2.077514171600342 -4.831769466400146 -1.307189464569092
2.121040821075439 -4.839239120483398 -0.4491894841194153
1.948783040046692 -4.164723873138428 -6.455189228057861
1.949436783790588 -4.165104389190674 -5.597189426422119
1.953034996986389 -4.176747798919678 -4.739189147949219
1.995550394058228 -4.224077224731445 -3.881189584732056
2.157936334609985 -4.321750640869141 -3.085513591766357
2.382005214691162 -4.543220520019531 -2.165189504623413
2.506514072418213 -4.668741703033447 -1.307189464569092
2.55004096031189 -4.689603805541992 -0.4491894841194153
2.30898118019104 -3.411347627639771 -6.455189228057861
2.309054851531982 -3.411347627639771 -5.597189426422119
2.311163663864136 -3.411347627639771 -4.739189147949219
2.35619044303894 -3.411347627639771 -3.881189584732056
2.48652720451355 -3.411347627639771 -3.227437734603882
2.407779932022095 -2.553347587585449 -6.455189228057861
2.408168077468872 -2.553347587585449 -5.597189426422119
2.407950639724731 -2.553347587585449 -4.739189147949219
2.410352230072021 -2.553347587585449 -3.881189584732056
2.470294952392578 -2.577255249023438 -3.014041423797607
2.181186676025391 -1.695347428321838 -6.455189228057861
2.182570219039917 -1.695347428321838 -5.597189426422119
2.185095310211182 -1.695347428321838 -4.739189147949219
2.18642258644104 -1.695347428321838 -3.881189584732056
2.182675838470459 -1.695347428321838 -3.023189544677734
2.204760551452637 -1.695347428321838 -2.165189504623413
2.501582860946655 -2.298221826553345 -2.165189504623413
2.241744518280029 -1.695347428321838 -1.307189464569092
2.539697885513306 -2.174323558807373 -1.307189464569092
2.263779401779175 -1.695347428321838 -0.4491894841194153
2.562659740447998 -2.137990713119507 -0.4491894841194153
1.849604845046997 -1.111705541610718 -6.455189228057861
1.850020170211792 -1.11147928237915 -5.597189426422119
1.85127317905426 -1.110616683959961 -4.739189147949219
1.852710485458374 -1.109343290328979 -3.881189584732056
1.850788116455078 -1.109502792358398 -3.023189544677734
1.848177790641785 -1.111699223518372 -2.165189504623413
1.847046732902527 -1.114300727844238 -1.307189464569092
1.846119523048401 -1.115780115127563 -0.4491894841194153
2.980848789215088 -4.134246826171875 -2.159386157989502
2.680081129074097 -3.951329469680786 -2.738767385482788
3.003000020980835 -4.476274013519287 -1.307189464569092
3.003000020980835 -4.552844524383545 -0.4491894841194153
2.689462423324585 -3.411347627639771 -2.798437833786011
3.157805681228638 -3.355977535247803 -2.159386157989502
2.621868848800659 -2.879193782806396 -2.72194242477417
2.795196294784546 -2.727221965789795 -2.165189504623413
3.065435647964478 -2.642695188522339 -1.345829844474792
3.393059492111206 -3.033064126968384 -1.65759003162384
3.003000020980835 -2.45306134223938 -0.4491894841194153
3.861000061035156 -4.198895454406738 -1.307189464569092
3.861000061035156 -3.965126752853394 -1.869376420974731
3.861000061035156 -4.320784568786621 -0.4491894841194153
3.861000061035156 -3.564887762069702 -1.869376420974731
3.861000061035156 -3.135887622833252 -1.579546809196472
3.861000061035156 -2.900144338607788 -1.150546789169312
3.861000061035156 -2.765907526016235 -0.4491894841194153
4.751283168792725 -3.980077505111694 -1.360864281654358
4.486804962158203 -3.882051706314087 -1.780444383621216
4.718999862670898 -4.142240047454834 -0.4491894841194153
4.486804962158203 -3.708351373672485 -1.780444383621216
4.751283168792725 -3.417949914932251 -1.577614068984985
4.718999862670898 -2.886828422546387 -1.149126768112183
4.718999862670898 -2.726117610931396 -0.4491894841194153
5.577000141143799 -4.020277976989746 -0.4491894841194153
5.577000141143799 -3.920933961868286 -1.161542892456055
5.59430456161499 -3.386958837509155 -1.571376442909241
5.59430456161499 -2.84796667098999 -1.344693779945374
5.891841411590576 -2.959327459335327 -1.762773394584656
5.891841411590576 -3.084699630737305 -1.762773394584656
5.577000141143799 -2.608022451400757 -0.4491894841194153
6.434999942779541 -3.931126356124878 -0.4491894841194153
6.434999942779541 -3.875813722610474 -1.029200315475464
6.434999942779541 -3.632941961288452 -1.458200335502625
6.434999942779541 -3.203942060470581 -1.846960783004761
6.434999942779541 -2.89232063293457 -1.846960783004761
6.434999942779541 -2.670782804489136 -1.307189464569092
6.434999942779541 -2.462289810180664 -0.4491894841194153
7.299475193023682 -1.538904428482056 -22.82823753356934
7.293000221252441 -1.439229607582092 -23.3848762512207
7.017792224884033 -1.490099430084229 -22.12872314453125
7.293000221252441 -1.191141963005066 -23.3848762512207
7.299475193023682 -1.15776515007019 -22.82823753356934
7.017792224884033 -1.185650825500488 -22.12872314453125
7.729063510894775 -1.281744480133057 -23.1616039276123
7.729063510894775 -1.281744480133057 -23.21684074401855
7.729063510894775 -1.258720874786377 -23.21684074401855
7.729063510894775 -1.258720874786377 -23.1616039276123
7.139001369476318 -3.864891290664673 -0.4491894841194153
6.988061904907227 -3.850383520126343 -0.9341906905174255
7.281637191772461 -3.742201566696167 -1.254990220069885
7.293000221252441 -3.300121545791626 -2.036305904388428
7.568001270294189 -3.825653791427612 -0.4491894841194153
7.293000221252441 -2.777771949768066 -2.036305904388428
7.293000221252441 -2.470682859420776 -1.307189464569092
7.293000221252441 -2.300339698791504 -0.4491894841194153
8.151000022888184 -3.7155601978302 -1.307189464569092
8.072748184204102 -3.333413124084473 -2.246815919876099
8.151000022888184 -3.762123823165894 -0.4491894841194153
8.072748184204102 -2.659085988998413 -2.246815919876099
8.306580543518066 -2.862092971801758 -2.697853326797485
8.306580543518066 -3.103749752044678 -2.697853326797485
8.151000022888184 -2.280229568481445 -1.307189464569092
8.130114555358887 -2.164441108703613 -0.5053195357322693
9.008999824523926 -3.505524158477783 -2.165189504623413
9.008999824523926 -3.183804750442505 -2.806069135665894
9.008999824523926 -3.635432481765747 -1.307189464569092
9.008999824523926 -3.645984411239624 -0.4491894841194153
9.008999824523926 -2.744887828826904 -2.806069135665894
9.008999824523926 -2.350844144821167 -2.165189504623413
8.944405555725098 -2.155250787734985 -1.38083016872406
8.615342140197754 -2.129244804382324 -0.8287395238876343
8.944405555725098 -2.064691543579102 -0.5053195357322693
9.187341690063477 -2.094470262527466 -1.143923878669739
8.402190208435059 -2.104537487030029 -0.2567395269870758
9.866999626159668 -3.444272756576538 -2.165189504623413
9.866999626159668 -3.188974618911743 -2.914029359817505
9.866999626159668 -3.496465682983398 -1.307189464569092
9.866999626159668 -3.50052547454834 -0.4491894841194153
9.866999626159668 -2.641636848449707 -2.914029359817505
9.79259204864502 -2.197001695632935 -2.201018333435059
9.456986427307129 -2.127718687057495 -1.71592390537262
9.79259204864502 -2.049530506134033 -1.38083016872406
10.02898597717285 -2.091471672058105 -1.938904166221619
9.866999626159668 -1.962710022926331 -0.4491894841194153
10.72500038146973 -3.340110778808594 -2.165189504623413
10.70885276794434 -3.138208866119385 -3.08595609664917
10.72500038146973 -3.358994245529175 -1.307189464569092
10.72500038146973 -3.360414266586304 -0.4491894841194153
10.67856597900391 -2.511144399642944 -3.069422960281372
10.98408794403076 -2.869864225387573 -3.49160099029541
10.98408794403076 -3.014482498168945 -3.49160099029541
10.37304306030273 -2.152424812316895 -2.510904312133789
10.68542575836182 -2.038376331329346 -2.201018333435059
10.94504356384277 -2.087237358093262 -2.725045442581177
10.72500038146973 -1.928706049919128 -1.307189464569092
10.72500038146973 -1.882898449897766 -0.4491894841194153
11.58300018310547 -3.167960405349731 -3.023189544677734
11.58300018310547 -3.039808750152588 -3.539498329162598
11.58300018310547 -3.245033979415894 -2.165189504623413
11.58300018310547 -3.252820253372192 -1.307189464569092
11.58300018310547 -3.244380235671997 -0.4491894841194153
11.60185050964355 -2.571657657623291 -3.554213047027588
11.32841777801514 -2.297864198684692 -3.297045469284058
11.60185050964355 -2.034852743148804 -3.015902996063232
11.90041732788086 -2.095051050186157 -3.505817174911499
11.58300018310547 -1.898232579231262 -2.165189504623413
11.58300018310547 -1.829428791999817 -1.307189464569092
11.58300018310547 -1.820736527442932 -0.4491894841194153
12.44099998474121 -3.12299919128418 -3.023189544677734
12.44099998474121 -3.038109302520752 -3.57354736328125
12.44099998474121 -3.155828237533569 -2.165189504623413
12.44099998474121 -3.156960487365723 -1.307189464569092
12.50069808959961 -3.089408874511719 -0.4012717008590698
12.44099998474121 -2.553347587585449 -3.777741670608521
12.44099998474121 -2.036426782608032 -3.656383752822876
12.44099998474121 -1.877130150794983 -3.023189544677734
12.44099998474121 -1.770655989646912 -2.165189504623413
12.44099998474121 -1.73195207118988 -1.307189464569092
12.44099998474121 -1.799510598182678 -0.4491894841194153
13.29899978637695 -3.045849323272705 -3.023189544677734
13.29899978637695 -3.004965305328369 -3.516924858093262
13.29899978637695 -3.066477298736572 -2.165189504623413
13.35117721557617 -3.040824174880981 -1.290685296058655
13.09996223449707 -3.022147417068481 -0.6553265452384949
13.26467609405518 -2.558588027954102 -3.978356599807739
13.67196273803711 -2.964066982269287 -0.9936825633049011
13.3692626953125 -2.664869070053101 -0.3611032366752625
12.82649707794189 -2.937671422958374 -0.08332651108503342
13.26467609405518 -1.940089106559753 -3.926568269729614
13.52779293060303 -2.054763317108154 -4.39683723449707
13.52779293060303 -2.276081562042236 -4.39683723449707
13.29899978637695 -1.712063908576965 -3.023189544677734
13.29899978637695 -1.629658341407776 -2.165189504623413
13.29899978637695 -1.639882445335388 -1.307189464569092
13.33113765716553 -1.903690695762634 -0.3914037644863129
19.66766357421875 -1.230413913726807 -6.929243564605713
20.16300010681152 -1.108198165893555 -7.115718364715576
20.16300010681152 -1.478175759315491 -7.115718364715576
19.66766357421875 -1.352243185043335 -6.929243564605713
13.82835960388184 -2.992205381393433 -3.023189544677734
13.73174667358398 -2.982635498046875 -3.45369291305542
13.9066801071167 -3.002556562423706 -2.165189504623413
13.83617401123047 -2.996437311172485 -1.565682530403137
14.07344818115234 -2.842168569564819 -3.796291589736938
14.1569995880127 -2.398568868637085 -4.552705764770508
14.25735950469971 -2.94847846031189 -3.023189544677734
14.33568000793457 -2.947701215744019 -2.165189504623413
14.13610458374023 -2.856749534606934 -1.290685296058655
14.1569995880127 -2.417572259902954 -0.6309813261032104
14.1569995880127 -1.957377314567566 -4.552705764770508
14.1569995880127 -1.690875649452209 -3.881189584732056
14.1569995880127 -1.546499490737915 -3.023189544677734
14.1569995880127 -1.500392436981201 -2.165189504623413
14.1569995880127 -1.628044724464417 -1.307189464569092
14.1569995880127 -1.940653204917908 -0.6309813261032104
15.01500034332275 -2.825248003005981 -3.881189584732056
14.97885990142822 -2.449518203735352 -4.795413494110107
15.01500034332275 -2.874001502990723 -3.023189544677734
15.01500034332275 -2.82801628112793 -2.165189504623413
15.01978302001953 -2.45917534828186 -1.273183465003967
14.73697185516357 -2.247594594955444 -0.7878881692886353
14.97885990142822 -1.841065764427185 -4.795413494110107
15.24076747894287 -2.026434659957886 -5.254260540008545
15.24076747894287 -2.227877855300903 -5.254260540008545
15.01500034332275 -1.501285910606384 -3.881189584732056
15.01500034332275 -1.417749524116516 -3.023189544677734
15.01500034332275 -1.458785653114319 -2.165189504623413
15.01978302001953 -1.828362345695496 -1.273183465003967
14.73697185516357 -2.032849788665771 -0.7878881692886353
15.8730001449585 -2.617854833602905 -4.739189147949219
15.8730001449585 -2.306103467941284 -5.356228828430176
15.8730001449585 -2.758841991424561 -3.881189584732056
15.8730001449585 -2.749675512313843 -3.023189544677734
15.8730001449585 -2.567649841308594 -2.165189504623413
15.8730001449585 -2.26506495475769 -1.579599261283875
15.8730001449585 -1.920045495033264 -5.356228828430176
15.8730001449585 -1.566216349601746 -4.739189147949219
15.8730001449585 -1.378668427467346 -3.881189584732056
15.8730001449585 -1.366349577903748 -3.023189544677734
15.8730001449585 -1.611992478370667 -2.165189504623413
15.8730001449585 -1.978140473365784 -1.579599261283875
16.73100090026855 -2.567348480224609 -4.739189147949219
16.73100090026855 -2.320593118667603 -5.466445446014404
16.73100090026855 -2.615330219268799 -3.881189584732056
16.73100090026855 -2.532053232192993 -3.023189544677734
16.65278625488281 -2.261446714401245 -2.215028762817383
16.31464576721191 -2.134874820709229 -1.727079272270203
16.73100090026855 -1.825273633003235 -5.466445446014404
16.79482078552246 -1.391533255577087 -4.671968936920166
16.65505409240723 -1.303632497787476 -3.881189584732056
16.77802085876465 -1.41835618019104 -3.102640628814697
16.65278625488281 -1.916518807411194 -2.215028762817383
16.31464576721191 -2.110924005508423 -1.727079272270203
17.08405303955078 -1.261065006256104 -3.881189584732056
17.12336921691895 -1.262334585189819 -4.341155052185059
17.09536933898926 -1.263317108154297 -3.44160795211792
17.5890007019043 -2.455171346664429 -4.739189147949219
17.59382820129395 -2.268146514892578 -5.651205539703369
17.5890007019043 -2.432615995407104 -3.881189584732056
17.54867744445801 -2.263678789138794 -3.05952787399292
17.23579597473145 -2.174196004867554 -2.534254789352417
17.60539054870605 -1.678831458091736 -5.616647243499756
17.88304710388184 -2.029591083526611 -6.06178092956543
17.88304710388184 -2.151568651199341 -6.06178092956543
17.32773590087891 -1.32807195186615 -4.913155078887939
17.51481437683105 -1.674009442329407 -3.119680881500244
17.23579597473145 -2.026556730270386 -2.534254789352417
17.60384178161621 -1.225286364555359 -4.671968936920166
17.89973449707031 -1.242897987365723 -5.260077953338623
17.54029846191406 -1.237537860870361 -3.831358909606934
17.22183036804199 -1.263317108154297 -3.44160795211792
17.79383087158203 -1.321462154388428 -3.512138605117798
18.44700050354004 -2.277150869369507 -5.597189426422119
18.44700050354004 -2.170546054840088 -6.102874279022217
18.44700050354004 -2.326148748397827 -4.739189147949219
18.42195510864258 -2.230315446853638 -3.916049242019653
18.11925888061523 -2.174031972885132 -3.36975359916687
18.46418762207031 -1.72429358959198 -6.129708766937256
18.18964767456055 -1.457590818405151 -5.832077980041504
18.42195510864258 -1.642616391181946 -3.719122648239136
18.11925888061523 -1.893462061882019 -3.36975359916687
18.46418762207031 -1.189951658248901 -5.566522598266602
18.76164817810059 -1.23223602771759 -6.096475601196289
18.44700050354004 -1.127226829528809 -4.739189147949219
18.44700050354004 -1.197137951850891 -4.06403112411499
19.38580703735352 -2.177160739898682 -5.613512516021729
19.30500030517578 -2.150954961776733 -6.079401969909668
19.15141868591309 -2.190861225128174 -4.739189147949219
18.96554565429688 -2.160486698150635 -4.225288867950439
19.35099792480469 -1.661084771156311 -6.454131126403809
19.72567939758301 -2.119940996170044 -5.338395118713379
19.56570053100586 -1.77850353717804 -4.679245471954346
19.10086441040039 -1.695347428321838 -4.169893741607666
19.35099792480469 -1.159348130226135 -6.411561012268066
19.30500030517578 -1.02962601184845 -5.597189426422119
19.34536552429199 -1.131625533103943 -4.679245471954346
19.08627510070801 -1.215040922164917 -4.208029270172119
19.73946380615234 -2.125447273254395 -5.91039514541626
19.73946380615234 -2.125447273254395 -6.030485153198242
20.08047866821289 -1.906506419181824 -6.37196683883667
20.08047866821289 -1.95272696018219 -5.613512516021729
20.16300010681152 -1.535951375961304 -4.941052436828613
20.16300010681152 -0.8982145190238953 -6.455189228057861
20.16300010681152 -0.9415726065635681 -5.597189426422119
20.16300010681152 -1.151556253433228 -4.941052436828613
20.98747825622559 -1.062317371368408 -7.385580062866211
21.25112915039062 -1.194915533065796 -7.790253639221191
21.25112915039062 -1.302688956260681 -7.790253639221191
20.98747825622559 -1.444248080253601 -7.385580062866211
21.52264022827148 -1.3413165807724 -7.313189506530762
21.49012756347656 -1.302688956260681 -7.790253639221191
21.49012756347656 -1.194915533065796 -7.790253639221191
21.52264022827148 -1.14250910282135 -7.313189506530762
21.08796501159668 -1.549939513206482 -6.41860294342041
20.82581520080566 -1.484126687049866 -5.597189426422119
20.64914512634277 -1.344225883483887 -5.108246326446533
21.08796501159668 -1.002161979675293 -6.41860294342041
20.82581520080566 -1.100386381149292 -5.597189426422119
20.64914512634277 -1.216756939888 -5.108246326446533
21.5067253112793 -1.329964876174927 -6.680212020874023
21.5067253112793 -1.172661542892456 -6.680212020874023
0.4289999902248383 -5.326675415039062 0.4088104963302612
0.4289999902248383 -5.334169864654541 1.266810417175293
0.4289999902248383 -5.336398124694824 2.124810457229614
0.4289999902248383 -5.335543155670166 2.982810497283936
0.4289999902248383 -5.333018779754639 3.840810537338257
0.4289999902248383 -5.326343536376953 4.698810577392578
0.4289999902248383 -5.314319133758545 5.556810855865479
0.4289999902248383 -5.297563076019287 6.414810657501221
0.4289999902248383 -0.2715573906898499 0.4088104963302612
0.4289999902248383 -0.2715192437171936 1.266810417175293
0.4289999902248383 -0.2714927196502686 2.124810457229614
0.4289999902248383 -0.2714625597000122 2.982810497283936
0.4289999902248383 -0.2714381217956543 3.840810537338257
0.4289999902248383 -0.2714389562606812 4.698810577392578
0.4289999902248383 -0.2714675664901733 5.556810855865479
0.4289999902248383 -0.2715269327163696 6.414810657501221
1.286999940872192 -5.126036643981934 0.4088104963302612
1.286999940872192 -5.132399082183838 1.266810417175293
1.286999940872192 -5.134823322296143 2.124810457229614
1.286999940872192 -5.134312629699707 2.982810497283936
1.286999940872192 -5.132530212402344 3.840810537338257
1.286999940872192 -5.127817630767822 4.698810577392578
1.286999940872192 -5.11754035949707 5.556810855865479
1.286999940872192 -5.101680278778076 6.414810657501221
0.9040003418922424 -0.3831590414047241 0.4088104963302612
1.333000302314758 -0.687582790851593 0.4088104963302612
0.9040201902389526 -0.3831132650375366 1.266810417175293
1.333020210266113 -0.6883864998817444 1.266810417175293
0.9040246605873108 -0.3830780386924744 2.124810457229614
1.333024621009827 -0.6892609000205994 2.124810457229614
0.9040263295173645 -0.3830441832542419 2.982810497283936
1.33302628993988 -0.6900936961174011 2.982810497283936
0.9040265679359436 -0.3830212354660034 3.840810537338257
1.333026647567749 -0.6905439496040344 3.840810537338257
0.9040324687957764 -0.383024275302887 4.698810577392578
1.333032488822937 -0.6902100443840027 4.698810577392578
0.9040719866752625 -0.3830517530441284 5.556810855865479
1.333071947097778 -0.6887229084968567 5.556810855865479
0.9041092991828918 -0.3831085562705994 6.414810657501221
1.333109259605408 -0.6864619851112366 6.414810657501221
2.129252433776855 -4.84301233291626 0.4088104963302612
2.131210565567017 -4.845628261566162 1.266810417175293
2.132273197174072 -4.846787929534912 2.124810457229614
2.132164001464844 -4.846709728240967 2.982810497283936
2.131961584091187 -4.846109390258789 3.840810537338257
2.127034902572632 -4.844374656677246 4.698810577392578
2.107957363128662 -4.839745998382568 5.556810855865479
2.070229291915894 -4.831952571868896 6.414810657501221
2.558252573013306 -4.69263744354248 0.4088104963302612
2.560210704803467 -4.693299770355225 1.266810417175293
2.561273097991943 -4.693674564361572 2.124810457229614
2.561163902282715 -4.693647384643555 2.982810497283936
2.560961723327637 -4.693595409393311 3.840810537338257
2.556035041809082 -4.691776275634766 4.698810577392578
2.536957502365112 -4.684407711029053 5.556810855865479
2.499229192733765 -4.667618274688721 6.414810657501221
2.334432125091553 -1.772565960884094 0.3305472731590271
2.573516130447388 -2.124889850616455 -0.007628242019563913
1.845903038978577 -1.116582751274109 0.4088104963302612
1.845725774765015 -1.11738646030426 1.266810417175293
2.274725675582886 -1.664593577384949 1.266810417175293
1.845515131950378 -1.118260741233826 2.124810457229614
2.274515151977539 -1.647708058357239 2.124810457229614
1.845391154289246 -1.119093656539917 2.982810497283936
2.274391174316406 -1.632836937904358 2.982810497283936
1.845488905906677 -1.11954391002655 3.840810537338257
2.274488925933838 -1.623022437095642 3.840810537338257
1.845934987068176 -1.119210004806519 4.698810577392578
2.274935007095337 -1.623859763145447 4.698810577392578
1.84706175327301 -1.117722868919373 5.556810855865479
2.276061773300171 -1.637402176856995 5.556810855865479
1.848536133766174 -1.115461945533752 6.414810657501221
2.277536153793335 -1.665982365608215 6.414810657501221
3.003000020980835 -4.563019752502441 0.4088104963302612
3.003000020980835 -4.565159797668457 1.266810417175293
3.003000020980835 -4.566627979278564 2.124810457229614
3.003000020980835 -4.567825317382812 2.982810497283936
3.003000020980835 -4.56753396987915 3.840810537338257
3.003000020980835 -4.560358047485352 4.698810577392578
3.003000020980835 -4.536030769348145 5.556810855865479
3.003000020980835 -4.45704460144043 6.414810657501221
2.925872564315796 -2.345816850662231 0.3305472731590271
2.588454246520996 -2.110044956207275 0.5643717050552368
2.607194423675537 -2.093593597412109 1.266810417175293
3.036194562911987 -2.369863033294678 1.266810417175293
2.630652904510498 -2.076708078384399 2.124810457229614
3.059653043746948 -2.33974289894104 2.124810457229614
2.656925439834595 -2.061836957931519 2.982810497283936
3.085925579071045 -2.309120178222656 2.982810497283936
2.67609167098999 -2.052022457122803 3.840810537338257
3.10509181022644 -2.289962768554688 3.840810537338257
2.670446157455444 -2.052859783172607 4.698810577392578
3.099446296691895 -2.302322864532471 4.698810577392578
2.642582654953003 -2.066402435302734 5.556810855865479
3.071582555770874 -2.345235824584961 5.556810855865479
2.604248046875 -2.094982385635376 6.414810657501221
3.03324818611145 -2.42891788482666 6.414810657501221
3.861000061035156 -4.336697101593018 0.4088104963302612
3.861000061035156 -4.342115879058838 1.266810417175293
3.861000061035156 -4.346621036529541 2.124810457229614
3.861000061035156 -4.350606918334961 2.982810497283936
3.861000061035156 -4.34843635559082 3.840810537338257
3.861000061035156 -4.328099727630615 4.698810577392578
3.861000061035156 -4.252973079681396 5.556810855865479
3.861660242080688 -4.049344539642334 6.389416694641113
3.861000061035156 -2.676516532897949 0.4088104963302612
3.861000061035156 -2.601065158843994 1.266810417175293
3.861000061035156 -2.526953458786011 2.124810457229614
3.861000061035156 -2.462420225143433 2.982810497283936
3.861000061035156 -2.435558557510376 3.840810537338257
3.861000061035156 -2.486559391021729 4.698810577392578
3.861000061035156 -2.636731147766113 5.556810855865479
3.818110942840576 -2.857324838638306 6.371237754821777
4.718999862670898 -4.16215991973877 0.4088104963302612
4.718999862670898 -4.171857357025146 1.266810417175293
4.718999862670898 -4.17978572845459 2.124810457229614
4.718999862670898 -4.182975769042969 2.982810497283936
4.718999862670898 -4.17191219329834 3.840810537338257
4.718999862670898 -4.10842227935791 4.698810577392578
4.686728000640869 -3.960928201675415 5.50080680847168
4.379213333129883 -3.897441148757935 6.08648681640625
4.846237659454346 -3.411347627639771 5.691741943359375
4.417237758636475 -3.411347627639771 6.114101886749268
4.022714138031006 -3.411347627639771 6.543101787567139
4.718999862670898 -2.611256122589111 0.4088104963302612
4.718999862670898 -2.519200325012207 1.266810417175293
4.718999862670898 -2.439288377761841 2.124810457229614
4.718999862670898 -2.385027170181274 2.982810497283936
4.718999862670898 -2.396646499633789 3.840810537338257
4.718999862670898 -2.529750108718872 4.698810577392578
4.681462287902832 -2.817729234695435 5.549159526824951
4.370436668395996 -2.939882278442383 6.05618953704834
5.577000141143799 -4.044936656951904 0.4088104963302612
5.577000141143799 -4.055664539337158 1.266810417175293
5.577000141143799 -4.062554359436035 2.124810457229614
5.577000141143799 -4.05871057510376 2.982810497283936
5.577000141143799 -4.018850326538086 3.840810537338257
5.522685050964355 -3.913146257400513 4.637600421905518
5.200474739074707 -3.865311861038208 5.177471160888672
5.763298988342285 -3.411347627639771 4.900413513183594
5.334299087524414 -3.411347627639771 5.262742042541504
5.577000141143799 -2.479435205459595 0.4088104963302612
5.577000141143799 -2.385004043579102 1.266810417175293
5.577000141143799 -2.322576522827148 2.124810457229614
5.577000141143799 -2.305961608886719 2.982810497283936
5.577000141143799 -2.388320446014404 3.840810537338257
5.608754634857178 -2.720239162445068 4.749703407287598
5.343924045562744 -2.89132285118103 5.258058547973633
6.434999942779541 -3.957311868667603 0.4088104963302612
6.434999942779541 -3.967589139938354 1.266810417175293
6.434999942779541 -3.970116853713989 2.124810457229614
6.434999942779541 -3.948096990585327 2.982810497283936
6.378298759460449 -3.885679006576538 3.766778945922852
6.054497718811035 -3.857806444168091 4.310793399810791
6.626497745513916 -3.655800580978394 4.003424644470215
6.378298759460449 -3.386419534683228 4.467069625854492
6.434999942779541 -2.336421728134155 0.4088104963302612
6.434999942779541 -2.256672859191895 1.266810417175293
6.434999942779541 -2.221099615097046 2.124810457229614
6.434999942779541 -2.258991241455078 2.982810497283936
6.434999942779541 -2.474551200866699 3.840810537338257
6.434999942779541 -2.814928293228149 4.485647678375244
0.4289999902248383 -5.277290821075439 7.272810935974121
0.4289999902248383 -5.250614643096924 8.130810737609863
0.4289999902248383 -5.206878662109375 8.988810539245605
0.4289999902248383 -5.173247337341309 9.846810340881348
0.4289999902248383 -5.167593479156494 10.70481109619141
0.4289999902248383 -5.168039798736572 11.56281089782715
0.4289999902248383 -5.168331146240234 12.42081069946289
0.4289999902248383 -5.168318748474121 13.27881050109863
0.4289999902248383 -0.2716426253318787 7.272810935974121
0.4289999902248383 -0.2717272043228149 8.130810737609863
0.4289999902248383 -0.2717837691307068 8.988810539245605
0.4289999902248383 -0.2718753814697266 9.846810340881348
0.4289999902248383 -0.2718768715858459 10.70481109619141
0.4289999902248383 -0.271824061870575 11.56281089782715
0.4289999902248383 -0.2717950344085693 12.42081069946289
0.4289999902248383 -0.271773636341095 13.27881050109863
1.286999940872192 -5.079324245452881 7.272810935974121
1.286999940872192 -5.027008533477783 8.130810737609863
1.342872023582458 -4.893763065338135 8.995804786682129
1.191065311431885 -4.893515586853027 9.846810340881348
1.16985821723938 -4.889883518218994 10.70481109619141
1.169642090797424 -4.890031814575195 11.56281089782715
1.169505834579468 -4.889991283416748 12.42081069946289
1.169484734535217 -4.889965057373047 13.27881050109863
1.666120171546936 -4.658326625823975 9.286467552185059
1.620065331459045 -4.616236209869385 9.846810340881348
1.598858237266541 -4.594028472900391 10.70481109619141
1.598642110824585 -4.593775749206543 11.56281089782715
1.598505854606628 -4.593656063079834 12.42081069946289
1.598484754562378 -4.593657493591309 13.27881050109863
0.9040737748146057 -0.3832323551177979 7.272810935974121
1.333073854446411 -0.6844320893287659 7.272810935974121
0.9038510918617249 -0.3833496570587158 8.130810737609863
1.332851052284241 -0.6827579140663147 8.130810737609863
0.9035893082618713 -0.3834300637245178 8.988810539245605
1.332589268684387 -0.6811448931694031 8.988810539245605
0.9035079479217529 -0.3835172653198242 9.846810340881348
1.332507967948914 -0.6804723143577576 9.846810340881348
0.9034965038299561 -0.3835169672966003 10.70481109619141
1.332496523857117 -0.6809830069541931 10.70481109619141
0.9035218954086304 -0.3834664225578308 11.56281089782715
1.332521915435791 -0.6813587546348572 11.56281089782715
0.9035626649856567 -0.3834443092346191 12.42081069946289
1.332562685012817 -0.6816777586936951 12.42081069946289
0.9035713076591492 -0.3834316730499268 13.27881050109863
1.332571268081665 -0.6821313500404358 13.27881050109863
1.996105432510376 -4.81910514831543 7.272810935974121
1.870124459266663 -4.780977725982666 8.130810737609863
1.768516182899475 -4.733570575714111 8.71446704864502
2.425105333328247 -4.614134788513184 7.272810935974121
2.299124479293823 -4.445554733276367 8.130810737609863
2.121668100357056 -4.265967845916748 8.948068618774414
1.972587943077087 -4.187236309051514 9.846810340881348
1.948841094970703 -4.16502857208252 10.70481109619141
1.948723196983337 -4.164775848388672 11.56281089782715
1.948711752891541 -4.164656162261963 12.42081069946289
1.948726296424866 -4.164657592773438 13.27881050109863
2.466182470321655 -3.411347627639771 9.100157737731934
2.333917617797852 -3.411347627639771 9.846810340881348
2.309379816055298 -3.411347627639771 10.70481109619141
2.309533834457397 -3.411347627639771 11.56281089782715
2.309523582458496 -3.411347627639771 12.42081069946289
2.309210062026978 -3.411347627639771 13.27881050109863
2.471879243850708 -2.591139078140259 8.962172508239746
2.413152456283569 -2.553347587585449 9.846810340881348
2.412573575973511 -2.553347587585449 10.70481109619141
2.412255048751831 -2.553347587585449 11.56281089782715
2.411090612411499 -2.553347587585449 12.42081069946289
2.409561395645142 -2.553347587585449 13.27881050109863
2.32002067565918 -1.776762843132019 7.211470603942871
2.209025144577026 -1.695347428321838 8.130810737609863
2.504908323287964 -2.316660404205322 8.130810737609863
2.545162677764893 -2.174779176712036 7.456577301025391
2.185856819152832 -1.695347428321838 8.988810539245605
2.188544750213623 -1.695347428321838 9.846810340881348
2.188136339187622 -1.695347428321838 10.70481109619141
2.187090873718262 -1.695347428321838 11.56281089782715
2.185391187667847 -1.695347428321838 12.42081069946289
2.183530330657959 -1.695347428321838 13.27881050109863
1.849153637886047 -1.113432049751282 7.272810935974121
1.849116683006287 -1.111757874488831 8.130810737609863
1.851075291633606 -1.110144734382629 8.988810539245605
1.85272204875946 -1.109472274780273 9.846810340881348
1.852101445198059 -1.109982967376709 10.70481109619141
1.851646423339844 -1.110358715057373 11.56281089782715
1.851112365722656 -1.110677719116211 12.42081069946289
1.850452542304993 -1.111131191253662 13.27881050109863
3.048247337341309 -4.183662891387939 7.299813747406006
2.755418062210083 -4.016554355621338 8.130810737609863
2.59747838973999 -3.873608827590942 8.60966968536377
3.288529634475708 -3.411347627639771 7.474617004394531
2.897175550460815 -3.411347627639771 8.130810737609863
2.611645936965942 -3.411347627639771 8.671157836914062
2.944244384765625 -2.555974960327148 7.190729141235352
2.715757369995117 -2.745660543441772 8.130810737609863
2.600716114044189 -2.90233325958252 8.658413887023926
2.58019495010376 -2.117039918899536 6.88457727432251
3.57610034942627 -3.952823400497437 7.031815528869629
3.593713998794556 -3.411347627639771 7.045616626739502
3.503518342971802 -2.937170505523682 6.924880504608154
0.4289999902248383 -5.168315887451172 14.13681030273438
0.4289999902248383 -5.168315887451172 14.99481105804443
0.4289999902248383 -5.168319225311279 15.85281085968018
0.4289999902248383 -5.168153285980225 16.71081161499023
0.4289999902248383 -5.167287349700928 17.56881141662598
0.4289999902248383 -5.165091991424561 18.42681121826172
0.4289999902248383 -5.160189628601074 19.28481101989746
0.4289999902248383 -5.145753383636475 20.1428108215332
0.4289999902248383 -0.6628044247627258 20.1428108215332
0.4339682757854462 -0.4860444068908691 19.30712509155273
0.4289999902248383 -0.2717682719230652 14.13681030273438
0.4289999902248383 -0.2717594504356384 14.99481105804443
0.4289999902248383 -0.2717559337615967 15.85281085968018
0.4289999902248383 -0.2752670049667358 16.71081161499023
0.4289999902248383 -0.2993242144584656 17.56881141662598
0.4339682757854462 -0.354814350605011 18.34280014038086
0.151280477643013 -0.378108024597168 19.0359992980957
0.7232804894447327 -0.4385087490081787 18.57279396057129
1.169477343559265 -4.889962196350098 14.13681030273438
1.16948676109314 -4.889962673187256 14.99481105804443
1.169501662254333 -4.889980792999268 15.85281085968018
1.169308066368103 -4.889936447143555 16.71081161499023
1.166996240615845 -4.889303207397461 17.56881141662598
1.160976886749268 -4.887619495391846 18.42681121826172
1.149099588394165 -4.883829593658447 19.28481101989746
1.124814510345459 -4.874056339263916 20.1428108215332
1.598477244377136 -4.593658924102783 14.13681030273438
1.5984867811203 -4.593680381774902 14.99481105804443
1.598501682281494 -4.593695163726807 15.85281085968018
1.598308086395264 -4.59337043762207 16.71081161499023
1.595996260643005 -4.590215682983398 17.56881141662598
1.589976787567139 -4.582349300384521 18.42681121826172
1.578099489212036 -4.566561698913574 19.28481101989746
1.55381453037262 -4.532558441162109 20.1428108215332
1.286999940872192 -0.8780025839805603 19.28481101989746
1.201532483100891 -0.6847949624061584 18.34280014038086
1.316220879554749 -1.062477827072144 20.06147384643555
0.9035746455192566 -0.3834275603294373 14.13681030273438
1.332574605941772 -0.6823223233222961 14.13681030273438
0.9035820960998535 -0.3834167718887329 14.99481105804443
1.332582116127014 -0.6826494336128235 14.99481105804443
0.9035856127738953 -0.3834092020988464 15.85281085968018
1.332585573196411 -0.682905375957489 15.85281085968018
0.9003403782844543 -0.3851791620254517 16.71081161499023
1.32934033870697 -0.6848104596138 16.71081161499023
0.8779640197753906 -0.3974233269691467 17.56881141662598
1.306964039802551 -0.6973391175270081 17.56881141662598
0.8585540652275085 -0.4080482125282288 18.00079345703125
1.948756217956543 -4.164659023284912 14.13681030273438
1.948784708976746 -4.164680004119873 14.99481105804443
1.948798656463623 -4.164695262908936 15.85281085968018
1.948167681694031 -4.164370536804199 16.71081161499023
1.94397759437561 -4.161215782165527 17.56881141662598
1.934715390205383 -4.15334939956665 18.42681121826172
1.918128848075867 -4.137561798095703 19.28481101989746
1.887131690979004 -4.103558540344238 20.1428108215332
2.309103012084961 -3.411347627639771 14.13681030273438
2.308844566345215 -3.411347627639771 14.99481105804443
2.308624982833862 -3.411347627639771 15.85281085968018
2.307023286819458 -3.411347627639771 16.71081161499023
2.297392845153809 -3.411347627639771 17.56881141662598
2.275099039077759 -3.411347627639771 18.42681121826172
2.233654022216797 -3.411347627639771 19.28481101989746
2.156288623809814 -3.411347627639771 20.1428108215332
2.408501863479614 -2.553347587585449 14.13681030273438
2.407238960266113 -2.553347587585449 14.99481105804443
2.406368255615234 -2.553347587585449 15.85281085968018
2.40500545501709 -2.553347587585449 16.71081161499023
2.393897294998169 -2.553347587585449 17.56881141662598
2.363159894943237 -2.553347587585449 18.42681121826172
2.301011800765991 -2.553347587585449 19.28481101989746
2.187198162078857 -2.553347587585449 20.1428108215332
2.182254791259766 -1.695347428321838 14.13681030273438
2.180761098861694 -1.695347428321838 14.99481105804443
2.179741382598877 -1.695347428321838 15.85281085968018
2.178060293197632 -1.695347428321838 16.71081161499023
2.162625074386597 -1.695347428321838 17.56881141662598
2.116762161254883 -1.695347428321838 18.42681121826172
2.024089813232422 -1.695347428321838 19.28481101989746
1.878780961036682 -1.673085808753967 20.06147384643555
1.850099682807922 -1.111322283744812 14.13681030273438
1.849582076072693 -1.111649394035339 14.99481105804443
1.849199652671814 -1.111905336380005 15.85281085968018
1.847910523414612 -1.113810420036316 16.71081161499023
1.838142991065979 -1.126339077949524 17.56881141662598
1.809985756874084 -1.160285830497742 18.42681121826172
1.754602909088135 -1.223410367965698 19.28481101989746
1.717913389205933 -1.264266610145569 19.72125053405762
1.62170147895813 -1.372244715690613 20.29324913024902
0.4289999902248383 -5.103223323822021 21.00081062316895
0.4289999902248383 -5.011090755462646 21.85881042480469
0.4671777188777924 -4.8424072265625 22.72992134094238
0.2066295146942139 -4.77037525177002 23.33479118347168
0.7786295413970947 -4.65425968170166 23.0246639251709
0.4671777188777924 -4.487699508666992 23.60239791870117
0.4289999902248383 -4.039103507995605 24.15884017944336
0.4798077344894409 -3.422245740890503 24.19415473937988
0.4905663430690765 -2.517387390136719 23.59684753417969
0.2276795655488968 -2.861342906951904 24.11434555053711
0.7996795773506165 -3.143511056900024 23.96385955810547
0.452071875333786 -1.865313410758972 22.7678108215332
0.4289999902248383 -1.414477109909058 22.02952575683594
0.181453138589859 -2.067117691040039 23.22983741760254
0.7534531354904175 -2.173432111740112 23.08781051635742
0.4289999902248383 -0.9283037781715393 21.00081062316895
0.4289999902248383 -1.17734706401825 21.60052490234375
1.076215744018555 -4.848515033721924 21.00081062316895
0.9919002056121826 -4.795192718505859 21.85881042480469
0.9125784039497375 -4.739659786224365 22.45266342163086
1.505215764045715 -4.459450721740723 21.00081062316895
1.471137166023254 -4.239646434783936 21.91023063659668
1.155201315879822 -4.328694820404053 22.72992134094238
1.000587940216064 -4.046765804290771 23.57481002807617
0.8787216544151306 -3.87365984916687 24.02920341491699
1.701361656188965 -3.69045615196228 22.23050880432129
1.565648078918457 -3.407212734222412 22.64904403686523
1.07206404209137 -3.422245740890503 23.63664054870605
0.8787216544151306 -3.715511083602905 24.02920341491699
1.308690667152405 -2.560737609863281 22.70283889770508
1.024656176567078 -2.745432138442993 23.39185905456543
1.24327290058136 -1.749873042106628 21.76343536376953
1.020725011825562 -1.977743029594421 22.51581001281738
1.592725038528442 -2.376043081283569 22.05022239685059
1.028641700744629 -1.148298859596252 21.00081062316895
1.45764172077179 -1.537512183189392 21.00081062316895
0.8938208222389221 -1.24194598197937 21.47664833068848
1.832048654556274 -4.030450820922852 21.00081062316895
1.770054578781128 -3.933846235275269 21.65851020812988
2.023726224899292 -3.411347627639771 21.00081062316895
1.813443541526794 -3.407212734222412 21.91023063659668
1.728179335594177 -3.11845588684082 22.3178653717041
2.001920223236084 -2.553347587585449 21.00081062316895
1.79259192943573 -2.61856484413147 21.80205726623535
1.728179335594177 -2.94804310798645 22.3178653717041
1.810242772102356 -1.966512084007263 21.00081062316895
1.735301852226257 -2.094003200531006 21.47822380065918
7.247895240783691 -3.877567529678345 0.4088104963302612
7.262131214141846 -3.882873773574829 1.266810417175293
7.211067199707031 -3.883027791976929 2.124810457229614
7.032816886901855 -3.865280389785767 2.982810497283936
6.88792085647583 -3.846448183059692 3.431424617767334
7.676895141601562 -3.835813283920288 0.4088104963302612
7.691131114959717 -3.836886167526245 1.266810417175293
7.640067100524902 -3.828847646713257 2.124810457229614
7.461817264556885 -3.757525682449341 2.982810497283936
7.210933685302734 -3.41308331489563 3.792643547058105
6.961946964263916 -3.083800792694092 4.329771995544434
7.344443798065186 -2.186351299285889 0.428038626909256
7.155567646026611 -2.159667015075684 1.266810417175293
7.303210735321045 -2.14992880821228 2.148472309112549
7.293000221252441 -2.27724289894104 2.982810497283936
7.265968322753906 -2.707305192947388 3.857041835784912
6.961946964263916 -2.918857574462891 4.329771995544434
7.584568023681641 -2.109677791595459 1.266810417175293
7.664739608764648 -2.11686897277832 0.7268573641777039
7.596017837524414 -2.112266302108765 1.878246903419495
8.151000022888184 -3.772883653640747 0.4088104963302612
8.151000022888184 -3.770374536514282 1.266810417175293
8.151000022888184 -3.727878332138062 2.124810457229614
8.229764938354492 -3.37811541557312 3.063305377960205
7.996275424957275 -3.170366048812866 3.581862688064575
7.830190658569336 -2.136812686920166 0.1548573821783066
8.229764938354492 -2.563770532608032 3.063305377960205
8.151000022888184 -2.157863140106201 2.367615461349487
7.996275424957275 -2.812031507492065 3.581862688064575
8.130114555358887 -2.08869481086731 0.428038626909256
8.151000022888184 -2.067171812057495 1.266810417175293
8.151000022888184 -2.096880197525024 1.938615441322327
9.008999824523926 -3.645495653152466 0.4088104963302612
9.008999824523926 -3.62514853477478 1.266810417175293
9.008999824523926 -3.489774703979492 2.124810457229614
9.008999824523926 -3.177850484848022 2.809669733047485
9.008999824523926 -2.719001770019531 2.809669733047485
9.008999824523926 -2.29000186920166 2.280256032943726
9.008999824523926 -2.008421659469604 0.4088104963302612
9.008999824523926 -2.023479223251343 1.266810417175293
9.008999824523926 -2.087242841720581 1.851255893707275
9.866999626159668 -3.494742393493652 0.4088104963302612
9.866999626159668 -3.428951501846313 1.266810417175293
9.832852363586426 -3.17477822303772 2.106899738311768
9.524086952209473 -3.044975996017456 2.617798089981079
9.865694999694824 -2.521921634674072 2.07136344909668
9.524086952209473 -2.880163192749023 2.617798089981079
9.866999626159668 -1.94470226764679 0.4088104963302612
9.899581909179688 -2.039891242980957 1.326620697975159
9.635303497314453 -2.099416494369507 1.761767506599426
10.20730400085449 -2.163680076599121 1.652494192123413
10.72500038146973 -3.33366584777832 0.4088104963302612
10.73144912719727 -3.161549091339111 1.274574160575867
10.44974899291992 -3.063869714736938 1.808959126472473
10.73144912719727 -2.491147041320801 1.480740666389465
10.44974899291992 -2.735680103302002 1.808959126472473
10.72500038146973 -1.912089467048645 0.4088104963302612
10.72500038146973 -2.037528514862061 1.095518589019775
11.62266063690186 -3.129392147064209 0.4433604776859283
11.36310005187988 -3.059295654296875 0.9937499761581421
11.91489315032959 -2.553347587585449 0.7513200044631958
11.48589324951172 -2.553347587585449 1.030460476875305
11.6372537612915 -1.976729512214661 0.4766681790351868
11.38742351531982 -2.071532487869263 0.9387375712394714
12.25449752807617 -3.046087026596069 0.1803937703371048
12.50069808959961 -2.61234188079834 0.3106290102005005
12.44099998474121 -1.99751079082489 0.242896169424057
13.06656360626221 -2.365671396255493 0.07449524849653244
13.06656360626221 -2.055152654647827 0.07449524849653244
0.3246397376060486 0.8719646334648132 -21.09393692016602
0.08699505776166916 1.15350604057312 -21.53819274902344
0.2057810872793198 1.736652493476868 -21.6827507019043
0.5691648125648499 1.736652493476868 -21.04118919372559
0.3061424791812897 2.583539485931396 -21.94263648986816
0.09557222574949265 2.862131118774414 -22.41159439086914
0.6848627924919128 2.594652414321899 -21.04118919372559
0.2132030874490738 3.452652454376221 -22.56689071655273
0.5623911023139954 3.452652454376221 -21.89918899536133
0.7150422334671021 3.452652454376221 -21.04118919372559
0.308557391166687 4.279358386993408 -22.81230735778809
0.1054786443710327 4.544496059417725 -23.28216934204102
0.6468284726142883 4.310652732849121 -21.89918899536133
0.6123644113540649 4.310652732849121 -21.04118919372559
0.1555659919977188 5.168652534484863 -23.34031867980957
0.4214049875736237 5.168652534484863 -22.75718879699707
0.453728049993515 5.168652534484863 -21.89918899536133
0.2258550673723221 5.157380104064941 -21.09999847412109
0.1019426882266998 5.690186977386475 -23.29571533203125
0.1772321760654449 5.752600193023682 -22.75718879699707
0.127147376537323 5.702536106109619 -21.89918899536133
0.03516296669840813 5.623435020446777 -21.42520332336426
0.7390035390853882 0.8786525130271912 -20.18318939208984
0.815512478351593 0.8786525130271912 -19.3251895904541
0.8440259695053101 0.8513498902320862 -18.44584846496582
0.5082727670669556 0.882135272026062 -15.87796497344971
0.2782573699951172 0.7148129940032959 -15.03518962860107
0.1191792413592339 0.5301063060760498 -14.44773769378662
0.7589970231056213 1.736652493476868 -20.18318939208984
0.8022112250328064 1.736652493476868 -19.3251895904541
0.7980433702468872 1.736652493476868 -18.46718978881836
0.6932624578475952 1.736652493476868 -17.60918998718262
0.8370256423950195 1.018457174301147 -17.60918998718262
0.3570825755596161 1.770589470863342 -16.73392486572266
0.7725916504859924 0.9602392911911011 -16.75119018554688
0.1927148997783661 1.507214188575745 -16.05320739746094
0.761099636554718 2.594652414321899 -20.18318939208984
0.7477341294288635 2.594652414321899 -19.3251895904541
0.5957486033439636 2.594652414321899 -18.46718978881836
0.270409494638443 2.584199905395508 -17.64877891540527
0.1370154023170471 2.291231632232666 -17.00841522216797
0.6881592869758606 3.452652454376221 -20.18318939208984
0.3864498436450958 3.531654834747314 -19.24813461303711
0.2135322988033295 3.273957490921021 -18.46718978881836
0.0703667476773262 3.082721948623657 -17.96117401123047
0.3236979246139526 4.343201637268066 -20.1672534942627
0.1766649186611176 4.078901290893555 -19.48276710510254
0.125906378030777 4.863864898681641 -20.44262886047363
0.8613938689231873 0.5471481680870056 -18.14562034606934
0.8664324879646301 0.589457094669342 -17.60918998718262
0.8676548600196838 0.5312393307685852 -16.75119018554688
0.8630236983299255 0.4695244431495667 -16.27472305297852
-21.00173196487378 -1.235753508925974 -7.538878865874538
-7.674500194916326 -3.006781704146237 -2.595420351984391
-0.004850318304469544 4.06253773830153 -22.87987649343732
0.09876910519976914 5.852840019846353 -20.80532420856902
8.858464010245088 -2.974387873529379 3.571252115997535
0.1880744421096145 2.168878591640977 -22.34474204791117
0.0005035229815774962 4.425293878911106 -20.02122059484311
7.477952650477458 -1.320456541014598 -22.57235759667706
3.674671937439343 -2.058870077603057 -17.21381044353669
21.81801025915964 -1.228530813543458 -5.680625369616815
-14.90961830237618 -2.1471988665552 -4.942663729663219
12.84342352603726 24.37592897063529 -8.202469942856453
-19.96756132974512 19.34725259825629 -20.37315402259564
-16.28420449846742 -29.12509486804881 12.8445381399904
-14.85261908035834 22.12733839854296 11.13215658313329
16.81246398105597 -27.07947224159126 13.37203610107581
23.22551339515689 -1.270232677459717 -23.18922233581543
-23.22863076856759 -1.249430060386658 -23.18930149078402
-23.27750825656558 -4.88465976976809 17.4506968233856
21.37062835693359 -18.43269635799467 -13.97503822561091
-21.37261581420898 -18.25279213831681 -13.91253653937502
25.32548781615325 14.26906196228831 11.30399439988601
-29.32223435635557 -14.66462022395825 1.539808427804034
4.387658296261875 -19.41229253993628 -33.87775626260517
21.1364621914151 -2.96256959438324 14.98480930625905
29.70764278928461 -15.15540529365678 1.820240039244418
7.433444261556454e-05 15.5519188121125 -10.89317051197955
8.058741359711762 -19.09338021738867 -4.747437156446249
-13.93180656961106 14.78711921474322 -7.386969744547464
-10.07162953458945 -14.47039047334016 11.11608108739552
-8.061191148024225 -19.09751012910231 -4.748887322443782
-23.21352845226708 6.462189778049881 6.125325450725965
3.188848495477847e-05 15.8093924030918 19.11547369697245
12.1762884431425 8.934241475713833 -13.55496867746983
2.601724102001499 1.236459601304396 -35.2953010468907
8.660061488781201 14.3412702995378 4.49415554611835
-11.14294546187093 10.00454783045094 -23.18930149078369
12.489043460877 -13.10585576112082 9.454996082036441
-14.56402090117346 -2.089611887931824 -15.53946509439472
6.979793692166811 4.791541487787853 31.448162856674
-11.59311196835005 -6.371841076914042 27.57703543077188
14.32237293529452 -1.291328549385073 -15.34454497950602
25.24124492415967 -0.5651009287677543 4.669634484845025
-7.368947249985815 10.1957784018557 3.411526355019447
-6.975114801576264 4.786006693351793 31.44180393291791
-7.451694135631794 -17.05456071253331 -21.19412882328774
8.548969703571034 -12.63515507363322 -17.83634980500018
-18.10991872641416 -7.073285854604049 8.167799902581041
-24.66204969755499 -4.328403010621388 2.20899994590097
15.01225811748839 1.448732081807693 8.724910981197901
9.913173958672914 8.773153667424651 -25.51364244577278
3.397744288621115 -9.965094054851816 -28.37153117634454
17.15859985351562 8.06683408761222 0.4387711444614308
11.58178742608264 -6.367973406603559 27.57344116791823
22.96972916243676 -9.622587243547656 -8.323544665892335
-8.02150491156489 4.035837401360696 -14.72111814581595
7.33945501698568 9.156358935345681 -2.570181318917863
17.49574409250402 -8.780723483391096 3.574352375687087
-10.05306441277609 -4.631457623312351 11.12342674105733
-9.307223801897749 -10.5138419300964 -9.459062157137177
8.539331058251655 3.085504673848498 -6.695444199619427
-3.498853321450775 -5.912228860502951 -29.04278176136302
21.37062835693359 -1.248802244663239 -14.85444020440898
10.05327121321422 -4.630779901407388 11.12351428544745
-16.56865320547049 -11.27895844861104 -0.002071974776453933
8.723443439309513 -10.05412291515412 -8.600240603568521
-7.632000521246134 5.825444427735954 -5.74701994950658
-13.92660608878111 0.4597064750587512 6.802297077236533
2.628608471763396 1.290447062561419 -27.48092032160657
-1.771711606759384 -24.01884416670748 25.93715410106712
-23.53489306422724 -10.24907059790755 -7.854856263185515
-7.032278148259695 -8.489750856674092 -17.15584498634411
-15.47652450023805 -1.270231425762177 -23.18930149078369
7.675588130945377e-05 -12.78171755342459 23.83645752679313
3.462383959687823 6.456031214745861 -11.78977874785978
-5.176691296227242 -12.83384248358271 0.8251194969722471
6.605032136393801 5.83217654514015 19.68388270972908
-21.37261581420898 -1.249430060386658 -14.6982764545156
-18.90355303064907 7.107829435928135 -4.209525253053334
-15.52774845407006 3.212635505353881 -8.51658261929564
5.108004958039997 -12.54545816848202 4.301099425558764
15.23182360882286 3.867414708409012 -8.806606213350513
-4.279333164032169 -8.381769709660379 26.38133545034498
23.26730535627818 -6.279426626151207 -2.254514740031539
6.808377914166833 5.55225927894109 5.969129956336062
9.387726139311187 -2.942173361778259 -10.31154547580348
-9.386506050281412 -2.942010998725891 -10.31154627968053
-20.78159526721281 1.033096555873726 0.8091660246401906
10.78705154101265 -6.656543347339664 -20.65861666261397
7.278634691458695 5.26298376437077 -19.04651538592096
-12.42243992349806 4.526424381466001 18.57526025693627
-4.43672886352719 -10.10001165954554 10.20481522779334
-2.941149077800052 -1.325201988220213 -26.63446934304285
18.34023327218143 -1.248802244663239 -11.25854691561431
6.997772645697889 -6.511191839303771 -16.07004525514581
21.1506556806572 1.144274128686242 1.543130896299001
4.683348602459593 -9.826183791853433 10.20628589754635
4.271821168889307 -8.37273742617359 26.37667672891659
-7.21414581354029 1.569767032349885 8.804889334752552
-10.76912993590066 3.384309433237521 2.898398294303936
-3.718437553044107 -8.725681819914689 -22.80560780779459
11.59594842718723 -1.270232677459717 -19.73401593635636
-17.74702884484822 -4.225276674959746 -10.90285748553869
30.53796493997837 15.72605640942963 -11.60569403092528
-1.62199139594893e-05 20.1610974679434 -24.68051178469821
35.09571690597461 -1.241912841796875 -6.656914492409624
5.011595018416477 -7.789502350630998 -4.10835256776564
-5.51048274886649 4.227206167894046 -25.44525867972198
-2.807959193114974 8.775624692557152 12.84967419188898
-24.48586303022277 -1.280496299266815 -4.036564871827145
-9.897394660672752 -5.599522903608601 -20.85037666391688
3.739859988005443 -8.705579366971715 -21.92991375113299
-7.714436052328317 -2.108773708343505 -15.06339306923556
7.004691502339898 1.334928678413721 -14.79875428105303
4.701737660838058 0.7179845798812141 23.97747151124232
-6.04967161173567 -7.866502589116054 -5.28567335326374
-2.783206255495452 5.189903841019493 -12.0818958265269
24.57406804288468 -1.251313209533691 -3.988514392476104
-4.703535766402056 0.7191176825390895 23.97845632081916
22.540173763917 6.470080316231167 -8.461312311411575
0.01017084707683075 -13.70075201644344 -7.742194149287354
18.09144085784306 3.552986220168049 -2.738318552330427
14.55096120450407 -5.05798332542048 3.559778644356848
-14.550109995039 -5.05732862106922 3.558765214397905
6.826744413799702 -1.943167888377721 9.371297911278374
5.653956462056195 3.368593417713412 -0.8663441769199254
2.735272200216842 -4.494826462669328 -25.53067606148412
8.124113082885742e-05 -12.84233021346017 -16.05822354100911
-10.72445371004861 -1.270231425762177 -31.69008311662709
7.891560527990693 -2.109312891960144 -17.51918445061618
-21.37261581420898 4.681109947457426 -9.346781215860297
8.631190963155387 -9.887561543801258 18.09579289185727
-4.91277680213205 9.628865076114238 -17.99038706641029
-9.853657620760943 -7.151556716324338 19.22774006128571
8.81012529128089e-05 7.439767395690799 -19.2287983141446
-1.62199139594893e-05 12.42315701314161 -23.78371336386876
-9.298845995143026 -0.4674945203724441 -6.279368344973213
-5.097802653936649 2.806514704343827 -17.92890042506726
-10.22624798589583 3.880662149744684 -21.04159566611949
-5.787983536721664e-05 0.3614102726005552 -25.01703932645515
14.84168870788206 -10.80756483032798 -3.650529973918256
-5.357143941268134 3.214346505920995 1.469715832984478
11.20606832261579 -1.270232677459717 -23.18922233581543
9.509666545180037 -1.270232677459717 -28.50566691747541
-9.586217735332882 -1.337868213653564 -18.77454931094568
-12.38820537210804 -5.768381693988055 -7.650565229173251
-5.860335726864491 1.751367888826373 -3.44272925996534
-7.877359746540566 -3.175138360350748 7.838654365808207
-8.75313882190026 -7.812277945403816 5.982565800852373
14.48040182999226 -4.895018711569664 -9.963633841090388
19.9279017802069 -5.180997162474589 -9.6960470864624
4.815138048841483e-07 6.65988138292022 4.269817780072422
6.240685028402471e-05 7.214344993829051 -5.168027549611176
9.190669756063523 -6.752022789934216 5.201116793009557
-29.83347172624482 -1.249430060386658 -11.38342900075684
5.045957433349842 -2.101454734802246 -15.792246223074
-21.4509557237909 -1.280496299266817 -1.949090948682178
21.51404345090372 -1.191991035311482 -1.799978223475903
10.8811876724946 0.44339298540612 4.933731021647534
-17.08511743712778 -2.14022159576416 1.368019905662587
10.09846693509579 -0.9556746518477011 -6.901784621018855
-17.07808679056737 -0.3549518330899344 -8.836068959302212
-6.359336000405221 1.086908732249508 -10.33082463742029
21.37062835693359 -1.248802244663239 -10.84581542330923
12.92129229679264 2.331423048901099 -5.483016109800187
-13.72735393992408 -1.049377467486925 3.440856386142495
-3.336807135942954 -11.77225180682111 17.15051242139184
4.90455479239694 3.185548181089987 -22.5349781560808
-1.750886440332611e-06 1.48446166881276 24.32047766656443
-5.403535560649624 -3.795207023620605 -4.7570291676326
17.05940920753465 -2.140222191810608 1.324372680696041
9.388345369965105 -9.675844580406785 -0.09428360496237947
16.25909986536937 0.2500749086223943 -8.539287526094926
6.267277558198958 -2.982921361923218 -6.027935214708905
-14.0765626060738 -8.080657738262147 -3.418212653145643
-18.00553998593267 0.6692932009503774 -1.123907578179713
7.584076266774581 1.756190848273106 14.57036327010215
9.479850906614214 -1.270232677459717 -21.24176420922422
-21.95870544508946 -4.17684961500821 -4.121125114335674
-11.2804189141103 3.086746184366164 -3.203603563229468
-6.053721105864443 -5.712781016056615 -13.04436120829831
5.472665799788933 -0.04052751416162903 -3.96498684305023
6.016132980745126 -5.645681841715316 -9.458308911820716
-19.61154879659379 -1.249430060386658 -9.224769575020321
-3.868309271345555 -2.362334895201241 29.67831426456798
-6.071010615080971 -0.1377369268979693 -17.00118003258245
2.624552605433921 -0.9434443258181048 -24.6040303984808
-5.33417198552765 5.077602232734384 18.41953813275158
4.780005177952881 1.647896111461039 3.412928337381245
27.55289984295225 -1.248802244663239 -9.557003555550475
-2.845109694079868 1.259572295491755 -23.14841195608743
4.356077641359266 2.096362148265807 -17.59727650275786
18.54984666641572 3.089526458239243 -6.210042519410803
6.814763240433583 -4.511298587897265 7.439152533851965
7.528147103913497 -5.875865682799935 -25.65543807828249
11.88663597372668 -4.098498932027245 -6.768449912447423
-8.258232432877975 -0.5497560883801684 15.43125923111227
8.367433759737759 -4.02314479386845 -21.17408315663268
5.115557329993102 0.4356864965460021 6.962878963071339
15.26100966977265 -6.212063239709007 -1.149754301997291
-17.15864372253418 1.331371903297366 -3.647348338020436
-4.5670035303216 1.695083410482974 -13.82030007647541
11.88314446822473 3.398510243202949 -0.4715594487184879
-5.858506037955225 -4.138419872328278 -16.81075115759856
-10.28337400812137 -2.991175413131714 5.530342613672798
-1.621991395950317e-05 5.87844056388865 -28.72310276276168
3.841888522357155 -8.294983287417075 -12.17463644302118
-3.535372863420416 2.924381260686408 -7.742133904683927
3.855765939824544 3.38787845667165 -7.742163390787167
-3.31521348280767 -6.009163002339941 -19.74220985194392
-13.19084467540975 -2.165427684783936 -7.204859100563844
10.45903882194561 0.1198705635539143 -4.316757949915743
9.201467035535593e-07 3.013530818209867 -12.41409583519814
-21.37261581420898 -5.506141367277225 -8.877833841761651
-4.881343232028167 0.8055347820532139 6.06312011091234
-5.205326169452807 -5.259495675938435 10.39400707685884
-5.353348324211023 -7.293594765343329 14.56571735066451
6.017304045405621 -1.138304537738205 -9.457838077962887
10.23797275764025 -2.991198778152466 5.469870428595173
3.492856812066158 7.118856116776775 -20.75713862565733
2.775232073691471 2.858366290038088 -14.3975110384039
3.350746681868627 -6.024828562119501 -19.72912228375982
19.70671500450587 1.691021716469257 -9.432141813959426
-21.37092626392323 3.173481002962895 -3.918626539731153
2.235174179077148e-08 5.47942660961461 -15.15775456679063
-11.26980895700636 -8.603013855058238 1.233219406481684
5.179621756007014 -5.208665430963865 10.39162544442413
5.379895540757939 -7.323852038352712 14.56570037078014
3.868062370763708 -2.36197138353309 29.67763485530991
-3.939774370800993 3.530367249139005 11.99161312230355
17.99277872034696 0.6504068704909438 -1.145595199020571
21.12251514379148 -3.913317803211132 -3.632992193141431
-3.847249874839499 -8.302813198550238 -10.32073097223333
11.07558334730532 -6.622360040831937 -4.214897739537246
10.09194878105644 -4.570430540349382 19.58510049437451
-4.833579725241685 5.707627321065513 -21.29824027087361
-2.104539280119027 -10.20044707283244 -2.766342386355417
3.848464369696169 -2.560084628560514 24.4201069892725
2.453318327110405 -9.429394439000069 -7.74217712515895
-3.855192045979876 -7.407657291476291 -2.351238953271488
-6.119354641469128 -4.353139996456822 -8.600255923845618
-8.988452171800832 -4.244140621772198 -6.317274375021862
3.680432831697484 3.163248271912955 10.27584652553319
1.99746967150938 5.330625319620173 15.423756062685
-7.72494992427345 -7.90616350092947 -1.018611473187035
8.987558847817793 1.258831880303579 -1.969640859035968
-4.152475099309559 -9.291630241271363 5.203171906507206
-1.67377935047546 3.959653390307841 -0.8786791279032327
3.782653828398465 -8.872824541726043 -0.04673238506102345
-3.705611327229599 -7.004606265041318 -16.06146673455329
8.124113082885742e-05 -8.711451678222588 -17.35029110063764
4.278495907786284e-05 -4.809885412931751 -23.95108708850461
-9.36795070304764 -1.270231425762177 -21.26826286803625
8.544907472392191 1.812806767580624 1.981054345924296
-3.393402376743382 1.185678499815669 -17.94985008928296
2.330945212787619 0.7402214900903994 -22.65877408762557
4.509615940851212 -4.795157442267979 -4.628926938383708
-6.25865421644846 -3.320225057579494 25.29828666509239
-33.77550396559836 13.7048633007354 -3.913197549807738
17.82984187091333 -2.090579867362978 -8.752773299515962
-11.22394957517182 -6.014897624894469 -14.24009320668763
16.53494251283005 -6.549814763395807 -6.495914908534228
-6.51523470126596 -2.108773708343506 -18.35095567109613
-5.366001603711206 -1.176369778567813 9.082608012546235
9.481650928524953 3.022865817615515 -23.18922233581543
1.605964207747941 3.672011522619588 1.695640292071834
17.34027887957918 -8.651387551267167 -16.46283296197103
0.002886810216886693 -10.2454783360829 7.854531412847034
-4.69774758934413 0.6036831170858401 -0.4919233786940869
-7.991060516462027 1.177034253558038 -0.8779455724926783
7.85594847615288 1.422247148714333 -19.03304351730552
5.303165916276346 -1.324998676776886 -26.53774620317169
-14.32781314432698 -4.50453817974342 0.5082306866473649
-17.82729230804942 -6.244557926265758 -1.214641914567496
-6.249987905027139 2.285764267885918 -21.17846491290971
4.542012700465866 0.2917760873834194 -0.936981286133583
-11.14934771951124 -2.942010998725891 -5.986213099396395
0.0009319556889696989 -10.03373929100992 2.558491650326666
4.720517558555672 -2.409154602316211 -3.691254897256194
13.01497212427848 4.166707707384844 -17.54776580173824
-10.58289792208911 -0.2739979359728091 4.076311850054976
8.930265903475676e-05 8.998647341738307 -22.14622405013155
2.569209096177384 -9.730531354386578 18.01717167516045
-5.410056582212068 -1.300290693380237 -6.889022840823364
3.015125866937966 2.207405988873341 -3.452876900599688
0.3720414742522564 -24.00253355393308 11.10097571226388
-25.35734583301586 -1.249430060386658 -7.806535320327534
-15.37462379805799 5.413909079060747 -15.73667565592152
-4.25555808843108 0.4574280781984261 2.555705458054773
-16.96926881038753 -5.674309978934703 -7.397816118266944
5.32459534862077 -8.259106541348554 4.574602037311087
4.571739725177858 -6.585895009735712 7.478100930949804
2.348117116709697 3.009434516396664 -24.76405179873225
5.7250127528468 -3.3764290255722 -12.07105149555142
-9.674115874899927 -1.270231425762177 -23.18930149078369
-8.749739395160747 -1.270231425762177 -26.58682185453084
-8.715554803845039 -3.668994724656789 -23.18930149078369
-8.719562522952369 1.805727840305326 -23.18930149078369
12.30129760540149 0.8785257521753724 -11.40805430397555
0.0007153898477553211 -7.101536905823369 -20.96812518856624
-6.201035697571371 -3.427698709136325 13.70830572018333
14.32776389746928 -4.504506575957233 0.5081986471940887
0.004870556058015341 -10.12849555172512 12.84988227283234
-14.26640210238334 1.843979609830157 0.7082813500477321
-3.07279563810165 -7.508473601185147 9.61708816779521
3.854378872349268 1.807295631052061 -11.14970752660324
3.595357537009264 -6.442488564806389 -16.54599438015413
22.90345146802155 -4.911613928158399 -6.897652169738282
-7.760450129552925 -6.507465615576356 1.726518416807402
-2.609877332712985 -2.008386075496674 -23.75445520087551
-4.94507090396296 -4.29173609956838 -25.42364077983389
13.49864111547942 -2.21041202545166 2.197022310087444
-3.049058918903403 2.233330728333698 8.560685344559971
4.049219626371943 -6.236979256939223 -6.884469344451877
-4.601893303286661 -1.388993159883709 -3.113818026937584
-5.164526438291708 -7.093712903506944 18.95661337036836
-8.164378513826438 -5.956724832011933 -3.879338003515583
-2.322808548075278 -9.107620780321039 21.82661683848207
-4.437449794323353 -0.1942593196381042 0.8203288876109656
-2.556072122620651 -4.68242153942121 -22.34291648955018
9.233414128122833 -2.942173361778259 -5.434862687164623
-2.828292859757938 5.541930300002006 -17.59195797594221
7.675588130950928e-05 -6.020802794276594 25.26667319795168
-11.28542483946962 0.6921151636008966 -13.08564895367521
2.571307359963228 -4.706803614900778 -22.35278199936815
2.470470320503626e-05 3.320345126031718 -5.16811691978371
15.14897491672439 -2.127156257629395 -7.941671797021916
6.179956596553672 -3.429200013043611 13.70829334948961
-7.546258773973145 1.10602726187081 3.07534025457298
-2.904587594031927 2.047824404713833 -11.12635156573837
19.67289726671422 -1.248802244663239 -9.108755121780993
-5.07975413613406 -1.395928269569312 -13.83770947329182
-4.782812049679967 -2.130522668361664 -16.01814822040276
-10.92450209718537 -6.48957079112835 -4.528699796145479
8.481355802099149 -0.1060693376654638 -22.08247633101062
16.37685403795146 2.668469061133152 -13.38732880964888
1.80227265437549 -7.736512928931864 9.517624547725848
-13.15037226251889 -4.378823721033674 -5.665153352831789
5.991993856559247 -7.222659584069112 21.73453315971906
11.61754784312658 -5.46019902325401 -14.15757066617463
4.51453071348402 0.01894376624730709 -13.79718913172401
19.9272470628504 -15.09291696433389 -31.25559614299927
-4.346514336280336 -8.022934493564133 1.675671696821478
-2.785538212948912 1.908281662623553 -15.65734204920973
-3.907755737583955 -6.075904874054847 -5.204052943168666
-6.532750463201283 -3.140346881105471 20.27958849597549
14.99657559712805 0.5871723938783933 -6.107896302899881
-4.81338282396408 0.1994158114252775 11.99388004418603
-1.922086026604811 -8.02233960707019 -6.884192957294772
-13.45380691779692 -18.19903564107713 -38.6705605347851
0.003367931879275587 -9.162572707927346 -11.21150170142848
-22.66172593536963 -1.249430060386658 -11.2634535830788
5.69007960089728 -0.2664679015850502 -17.55842516017567
-6.054512966168605 -5.484768186973894 -21.57844852670112
-19.41883344216161 -9.949092096222 -18.58970275002848
-13.48353619980149 -2.573078589449605 -11.44111194668035
-12.98745585017632 1.255883045838793 -5.889103760744739
-2.874703573727547 1.994823914250989 -4.310211656809443
21.79232100920344 10.70326606353161 -18.5781824689886
-8.119347624388901 -5.375057672297528 5.84329581063479
-5.863466634423164 -7.361723258809771 4.007524177623765
-10.33921050032983 -6.107287667241388 3.521268345505648
4.666911787283952 -1.520373601156686 8.335327606074269
5.03328823009408e-07 3.351144832057702 6.844299536654979
5.997849868052757 -5.068236502373964 -22.53388366849572
4.620138927356466 0.07629449455539006 -6.886006785668668
16.61195566721948 1.313745670708834 -4.160314434194603
4.278495907783508e-05 -2.046273767948151 -25.74746750645437
11.23088852190433 -6.341910436287813 2.469554666896767
-21.37261581420898 -1.249430060386658 -9.579866693656367
-20.61184212759389 1.537726170375888 -8.808381822749078
2.527541885654518 4.184012531703027 -17.15916532833745
10.73809852026668 0.4539582515975864 -16.15137877262158
8.528557829634455 -1.981191262730967 -22.12823948390532
7.794918301035248 -3.729592278625415 -23.51355857886723
4.522634711926839 0.8363715147235973 -23.96999081222606
7.5521069203094 -5.035028634673917 -4.597552490973477
7.030800357543722 -6.554288736640666 -2.119877765507204
3.010353640097386 -7.096777435243762 -9.458261560839107
22.30894514705368 -0.2439326760293028 -5.479853244044554
-7.124466623571363 0.2011638228053079 -19.33647404272581
6.158543174433197 -4.839487033216849 -18.96813768979769
-1.475138671453995 3.115238594954675 3.411717201691406
7.79938887875898 -6.870757015057693 0.8321017709761094
7.82210097174497 -1.337875127792358 -20.51121776301747
-6.888064678416435 -2.982832312583923 -3.930554871191353
-8.087887511740742 -0.3731300887927893 -3.823170942308717
2.617358844968898 1.618015297249739 -6.026268231941106
-19.68394437442042 -2.033657848834991 -2.513889304739303
5.765767901411145e-05 3.115866155058258 -8.604069789711213
-5.208701485799359 -3.310896484940272 -11.18934286772922
-3.973644668140275 1.973811757587246 15.42584101843191
-1.4558914009618 3.324942949420688 17.90298998711792
-10.58978702422559 -0.1282561698150666 -4.206765301989253
3.291064450855271 1.341404394954536 -19.88536064354554
4.463375388785717e-05 3.622097442092239 11.99171747386808
1.547862302454182 -7.617158010344491 -14.78423247071335
2.831551121171846 0.670868451531947 -17.90397642144686
-7.343959058209975 -0.7371544132865977 5.170125217183325
-7.943907793623341 -2.70750473558647 -20.09995701370887
8.093362648567204 -0.9000593154600145 -4.354064223420695
17.38197352359592 0.525245462997203 -6.585911455094248
-16.06658133085066 0.8887770185291766 -6.377829910347447
-19.19043792295446 -3.62598250487836 -8.250841525424207
-19.81533434019934 -5.062304797614278 -5.973140478134155
-5.721330921394764 -4.147896594341 8.027071431933114
-4.482746834153064 -6.448261991429085 7.417467185756286
-11.54262102336394 -6.41546947485174 -1.763174439063469
-3.046082651287746 -7.141174385984757 -13.10352211591951
-9.323134041108451 0.901031358724639 -16.03448250140271
-13.3820103430324 1.490067054813696 -18.42343622926145
11.33534227611469 0.9471609482567073 -1.917571587205771
-14.22749698043534 -6.819697022935028 -1.12775586937508
-2.550073583473343 1.482098249605045 0.8376719179045047
3.158901711818445 3.162051813836417 19.03773151991071
-5.868049974865585 -5.131976941083384 -3.022253016820558
6.204512985770732 -1.978822941542234 -18.48196562457623
19.68662457171626 -2.033747017383576 -2.508366006383058
-10.93591669565548 1.161694601542266 0.08414789654533894
32.97208995422807 -11.10312810649758 -18.76473490165025
-11.25548691854645 0.1535579943594136 -9.394303530325354
3.905756264860381 1.89518246040651 13.70932531825255
4.443815176090102 -4.948244560084802 -13.90198297991092
-4.065269626757031 -0.2363427543969026 -5.172298660037432
9.087162615304592 0.5725667561466312 -9.938940050546321
14.58671970097453 -5.002922981226723 -3.799784065361323
19.70852567298036 -5.256707815586687 -6.083397573347376
11.80150042690218 -1.813258436390772 -5.76854748521933
13.65624052831492 -2.127156257629395 -6.50085377207261
6.714016717668676 -2.982921361923218 -4.009857432350645
-12.56196629804483 -11.47156568802158 -29.30826625482042
-15.64904940947964 -5.486456642674924 -4.769215815365328
-3.290966371105884 1.342825712792916 -20.52862317409619
1.805191751594581 -8.399380974961611 22.70857779801376
1.948214152030977 -8.136725544362609 -3.047650481526195
-9.351090022337656 10.46320266715742 -35.44710263655728
9.468310753391671 -1.252367705723337 -23.51813419065927
8.490379350090155 -1.270232677459717 -25.86054902077697
-5.041379699545193 -3.022165536880494 -3.227811381969176
10.81588846057659 -6.672510820841261 -0.8836722892479578
4.065599120897751 -0.2868544598714369 1.669302004392106
-5.837009100752184 1.347467803849907 -23.54778770659551
-0.000311676412820816 2.812536312371924 -24.88114439428202
-9.548676854916776 -2.942010998725891 -4.841584860932355
-6.304376952815287 -6.379709833778425 23.13923151902237
-2.551378663029027 25.27409113776887 1.485920449316676
18.20351690318313 -5.601939835801677 -2.770217935161666
4.951757220196163 -3.276338204014692 -8.309942179248763
-15.25622041251963 -2.127163290977478 -7.320893640510276
15.19294240009018 0.9060537234629655 0.3480553139427901
2.511570537557783 1.421901671590888 0.837676965495844
-11.05750166393107 5.390899802318902 -10.51687657139278
-1.585075396336691 -8.358759705375491 -0.0596445165505663
6.899473136659648 -2.716724168912953 -19.94206636096953
3.346419262148603 -5.92135243395786 -3.580891940306906
-2.563301173679339 1.53797367726359 -1.736376559403805
12.33868197233207 -2.354470551278115 -9.359557065351552
14.82781661547976 -1.618662899466815 -11.81950332366706
8.932602266419501 -5.197589145044672 -7.885164051876862
-15.5962799418188 1.011138158919945 -12.68141651759919
8.683896081673167 -1.891709943996208 -13.85128687378491
11.71047376712273 -2.407649479779607 -12.61047936707294
-3.76583430568463 0.0206889231454617 -8.433567676637795
-4.009243262237307 -0.2623786660282966 -12.05084466968018
0.9651417934438371 1.666303824422859 -23.14794117343683
-11.4428750662097 -1.246043558137229 2.475455647462924
-3.234887905699922 3.623479868432473 -21.93038822230707
0.001386427425353887 -26.3042599021482 -13.24550618608321
-11.10808428450331 -2.051917933942876 -15.74761979176042
-9.083577842698983 -4.135503138328293 -17.20152822519331
-2.981998626232377 6.584751835319326 -23.52279577300519
2.82090314814921 5.78192920072912 -24.20323987694771
-5.144638166748297 0.3960582550959 19.93951779930386
-2.040222299820742 -8.334242249956485 15.42448794075928
-7.061931178258302 -3.218473923668982 6.10080375255616
-11.28005534737312 -2.899739027023316 3.675496317652359
-3.710404500968745 -5.956176722929803 -7.742133812205363
-9.094049216061913 -6.547728042289527 -9.286935589006927
7.523615965305423 -0.2962382949270688 5.483182912134522
-7.470270181161776 -1.715198597563432 -12.16530319339781
12.50504842978463 0.4261641250924342 1.747166229736774
-9.862258364194036 -3.13841406752051 -13.25655215570063
-12.192206872208 7.875869830405634 9.436577859581417
3.110257957733847 0.9372187659766626 -8.604525583735201
-24.88570061238203 7.451434422881503 -18.37872855350798
3.914665667400162 -0.3602028946316773 -16.39953641912771
3.036155473236495 1.295886854012314 -16.03731890017069
8.18059167159549 -2.587470671769678 -7.908959790158752
6.74915751169294 -0.07873591612526409 -0.8211911403060084
2.759296013931724 1.785460611718827 5.985873644515726
10.54007111510763 1.495175209656483 -20.49093766120367
16.60474613404813 1.696493872932403 -22.04880079389252
20.21553429289508 5.940642954443731 -35.77472106244664
-14.12050325529805 1.619956013242203 -2.763123619893525
-3.829370107225234 -0.4152820768751992 -16.46009208582293
-2.589243046877712 1.517288901617448 5.127794543855035
-5.107111039189619 5.754248556759839 5.728701188926282
2.96342241968907 -7.028321179609733 11.99236715956776
3.415995143963074 8.850755258874756 -16.04178158564088
7.061977962471395 -3.218500347819746 6.100795185761397
3.958272733905975 -0.4183919418605087 5.144734428124039
-14.10301119645174 4.672062192086472 -27.13051744199869
5.551813446460198 -1.261987642304572 16.28841981850776
8.263249893797525 -0.2090410275909221 20.66741116539737
3.061191120087586 -18.11476420689354 -23.40714180076357
-25.78584719164249 18.70414940415236 31.53591867075046
1.486038054444018 5.801749237615919 -18.94532343124163
-1.52815467577335 -3.985888071499893 27.08916228906997
-15.60354807542515 -10.53963180576793 -11.85059607687654
-18.64323988332434 1.363978747766271 -6.434461224996241
-0.8847876256569167 1.485105630463114 -23.4154697541257
17.35340011813407 -4.595169607005598 -14.2719915027767
16.84351151958407 -3.694268633965738 -19.96355984433733
15.4470992448628 -6.859715366725447 -27.35173799269858
-29.75549089839241 -15.22591166196792 -32.11337564027176
-8.802380711885673 29.4202449269949 -13.3289783339408
-4.068291336550354 -0.2696439505762215 -24.53676860792051
-7.677250151950712 0.1268601625366033 -23.18930149078369
22.30284104391774 -2.13988387312146 -5.528439315572315
5.383116100452886 -3.795201539993286 -3.11002301732923
7.091818048481768 -6.490282334328167 3.360163050447564
-14.02950641398605 -2.787956682716033 -6.052925095834627
-2.997173356405185 0.7960239491146075 -6.885484210091943
19.25670225835113 -3.086128543401319 -7.818232555377813
21.37062835693359 -3.43786590360468 -8.146323253123114
24.66984416779197 -5.122443215355292 -11.74969573968121
21.37062835693359 -1.248802244663239 -9.315222636225048
11.44286860523247 -1.245900635641935 2.475427620829924
11.33754438007559 -2.96256959438324 3.731455306981765
8.798263869527752 0.1246101616145445 0.2456786203404321
3.322148941426895 -7.504247262905501 2.553996352868136
1.573698044408345 -8.336535201381688 5.17008115706794
-4.534084577610145 -3.09659205632671 9.341055131633384
-5.912439019200179 -4.341841706650785 -19.30324354622267
12.56602877774211 0.2736725295170933 -7.508958986596141
3.750281164413573 0.8576203394177226 -20.96806971333247
14.19109004464543 1.149588877889124 -2.737832596199
24.59985496113759 -2.288961200859625 -7.840840552043073
-1.735045697115136 -7.521393997350438 11.99068499780137
1.79908357112607 -7.688929560587463 14.56580221426031
20.27319510230103 1.494750977799514 -3.389949143998085
-18.11980350245608 -3.35660621311766 -0.5350986453811113
6.475706344256976 0.1656786836303779 1.596115599352308
1.223822759537771 2.044615164158487 -1.73644386828502
-2.015037844742427 1.690614714944836 -13.52506213880963
4.073187594534541 -1.537571074672631 -2.255615204112214
-7.112906692057783 0.07218384691414137 0.891744693697087
-7.450580596923828e-08 5.195301928519432 -17.4920847133885
-7.239947443569326 0.5512909515169624 -13.97856388813956
8.418832898115785 -5.949567944390839 -12.29801097728702
-6.978498890571409 -1.670535255427187 -9.304159467569386
5.009069441263097 -2.109312891960144 -17.44541365048493
-3.092242679891219 -0.4785340332082985 -22.78992643621046
19.50532232050692 -3.465956023827086 -6.011802590034131
7.467676756085703 0.1421765483970709 -7.322411164821118
-13.82437265647562 8.385343306799593 -0.1691532868329761
-21.60509473662581 17.27833302968851 1.385508739303805
4.162311231049411 -4.053899076251801 -16.59026216408145
-5.399336845901781 -2.567791893224322 7.986016578204833
5.910382288278122 -1.034943492897252 -1.932416533898816
-4.626841911129201 -0.4838741244657869 -17.91811910686704
-5.704668693369235 -0.581567150698254 -19.08439467860016
-4.576566351044688 -3.452913895937081 -6.884813854650569
11.10446771248644 -0.2474394836627873 -2.611988504006134
15.01159175665771 -11.67421389786645 -10.77605716760323
11.4950513204055 -2.956057847387269 -16.63793215221131
15.15996267194854 -4.480988399765458 -6.067787454077841
4.478487330381583 -1.540230574614728 -11.18382150479649
5.12458896715796 -5.202031113370281 17.17149074763911
-6.809977319113909 1.923740494181577 -6.94643600089775
-9.411759671227326 -0.2737044673950568 -2.371676617387561
-1.181376667615818 -7.373319044410671 -14.96951148680361
-11.43763936514521 -5.793038614235686 1.036219106229701
7.476565376398622 4.438692678044459 -11.57818554510665
6.170338536870513 1.224438178311403 -21.20481361539113
7.064912961683012 1.298258722393122 -24.39016920525953
-1.467323527210732 -0.3363130583685041 -23.61470115706079
-13.17874268722993 -2.073530536446371 1.753468548858671
5.000552235851965 -3.588401579008755 -24.60971358006473
13.47718640760009 0.1061190955529292 -4.629355536706258
2.567850644183082 1.556784017861561 8.560500201490321
-13.02495029941853 -3.597337848486876 -19.05620177786115
11.21689212344061 -3.579088520041219 -21.44084374524843
-3.836224077256499 -0.528791521908931 4.27005121756645
-3.946227299889183 -4.6936953802706 -15.63483548056952
-19.09212861583735 -18.10856594536493 22.0015661040389
-18.69942649936683 -3.579314631283374 -19.12896445534388
-4.145841944882033 -5.566229420600407 -10.31780914472792
6.962701077755552 -0.1915319501256614 -12.11695133707853
-2.499730980024556 -7.351334050190848 6.026705866068309
0.9936721354861923 -6.031095162167035 -19.61753262402111
19.41991731283985 0.8615986367842465 -7.007403219616194
21.66658255232349 1.215008684722335 -7.824495786548863
9.5259971323768 -0.2493454957133352 2.982319512229853
-6.500722331174648 -0.8799996889677715 -2.406181314660274
9.484127922241987 -1.552791500355936 -19.00894042565799
4.700030649654598 -5.873973238798017 -2.075621933105232
3.050672657690073 -6.746629882201475 -0.9549607316730613
1.427578558590772 -7.662068739198578 0.8190282788266372
11.75716440092842 8.105893355199353 -6.443499766261226
3.188848495483398e-05 1.045190750038079 20.06492525411615
-4.934117458459206 -2.108773708343506 -17.50820628962833
-2.478689754656269 5.742170602348026 -20.09517856507818
-5.630449530240756 -1.325201988220215 -25.26721838313278
10.34731150541621 -1.656976263415344 -4.687719003779735
4.767446702078127 0.172950890622084 11.13591913194109
4.117537913039984 -4.739314847841274 -11.1841239327461
6.575736370540053 -1.092026026375243 -19.71954190249453
1.251379997980783 1.964213274207763 -10.32424498399259
-10.7666587696561 -1.883569002260886 -4.754770710165897
-26.19365010196944 -7.152056827144937 -14.54832332570051
10.46222219402409 -8.606885537243137 -39.55517010671335
18.24337752707584 -1.156510672504054 -7.569404571020477
6.423613646539413 0.7216629954889745 -22.65973901548657
0.1006145384610289 15.3954358201998 0.04781344494358253
13.01889275883359 -4.207444459718996 -5.107236096360575
-8.353967470952952 -3.001353740692139 5.150970918008346
16.4591230093775 19.93802305110426 26.55187041601216
-9.368588711144556 0.2589843427694172 1.811496709666178
-22.34507063094783 -3.889793201075274 -6.936826657037013
16.87702880390482 -2.090579867362976 -7.387221370015805
-31.75348779532499 -7.247478604761916 -4.39156075328107
3.435964308262202 -5.118502404557688 8.810476519982677
-3.562286200988003 -5.837028019342204 11.99075170225649
7.867964497042001 -5.135433649256966 4.686467105470794
-1.740110363857937 -6.53812710380083 -17.71506977482622
1.216195580554284 -16.93317296312683 -0.7873107284532146
2.474670351914296 1.181082367422226 -12.75006275612734
-3.752952056303168 -4.632257499251113 -17.85246986637236
-6.113807041334999 -5.978900263233958 -1.085376205259734
18.37721682914059 0.7654348454311908 -4.711232456615571
4.265420888464143 -3.20194340683481 -6.026357311921075
-1.229068007657731 2.064452909684466 10.27580906443201
28.96626460886366 7.280302743077 -0.6211773440695754
-6.997812316082291 -2.957820150036652 -6.298036096102827
-6.638286286065648 11.68170319490038 -10.62892448417805
-1.120259138507841 1.601737737890532 -6.884165230057474
11.16929820557925 -2.942173361778259 -4.989019234678451
10.02646475323317 -4.683489588021196 -4.452549966125699
-3.623735680337405 -15.95664136089269 6.730226687194961
-10.05665546015251 18.58660311473612 -17.52489100707894
-20.30066992366342 -0.3645254308198786 -8.384024179630934
-1.30543452329319 2.388928969183934 14.56575100089956
-4.053082240905641 -1.005198252479599 -1.322497916717287
-3.934224337580708 -4.521523490600447 -4.003611976284774
-4.261680260144804 -3.316230346810703 -13.87731411310566
-14.07117410466652 -0.5475091992808025 -9.447577889826391
-22.01224177850173 1.173381014993466 -6.882226072614472
-28.38837903030369 5.061112417137455 -6.238237554806378
-14.90125482583699 -2.14022159576416 1.059838090976592
-1.454610516720429 -7.777050493048399 2.555256452463436
1.280392974737717 2.282668948787582 15.42378589266196
1.170686862169229 2.018685123447757 17.8579476770444
18.73992702703037 -21.14534546274216 2.201802170997728
-5.035253333035261 -1.39980670844009 15.42647980252797
-6.324353347042711 -35.92909207375954 0.04559901819724033
-4.029831911086062 -1.220488557497338 7.130445780081412
-5.700137127426077 -4.250742008482494 6.441393058698058
-5.291336130512666 -6.577994097091183 5.103811305919983
2.454427703097319 1.326825036871466 3.411764355194437
-4.767924798176593 -2.459324840617139 -9.021388038404329
-24.1736622621826 14.65388779360322 -8.976321992842827
-12.28704891635017 -0.7691002516730685 -5.081246800669054
-14.0013267649802 -0.8546149284648917 -6.092867261360988
-17.84479935203451 1.075699574508708 -16.86104069275962
-10.94154188202832 -2.192461287878537 -8.423419600446415
-8.233196076577997 -1.270231425762176 -22.04969880604186
-7.545691158981021 -1.417788568562489 -20.75732720784535
5.775423631599922 4.780365388466796 -15.45410184437306
8.195638656616211e-08 3.414673655962785 -15.27734301731449
16.69618458093132 -3.475407113281864 -10.89515386696741
17.28047175267481 -4.201755307190647 -6.744670133143249
-2.47573619853004 -6.466404241116852 -3.886035954487589
-3.128090781538343 0.2437634688009095 -14.66340784236918
11.38482841228666 -5.294161552877831 -9.819083707129391
17.01442860123567 -4.40630307472273 -0.844154084089149
3.314346682776184 4.198857953877969 -20.53032644317588
2.593779365528408 -6.868985990767783 -5.23504607544591
28.86504520612241 -17.66870124638984 27.2534101026653
-4.864065604610219 0.7952789619643992 -21.64124378216716
-17.54082103341669 -2.12289834022522 -1.257562661745818
-4.817811883743722 -3.258767627268974 17.16823895795665
10.20621550196748 3.54514381277283 -3.634448351692356
4.792311001524877 -2.537585535201805 7.342871523665524
-1.914005720461985 -7.954997465314381 18.88050922658377
-3.050835456878377 -6.593292936907845 20.83465785923737
-2.174125729583392 0.9819519145583833 -8.604302214775945
-15.10511334600345 -5.499820523655469 -13.5789794112796
-0.7844510681740657 5.366769570566727 -19.26405081006672
0.003013153232453991 -7.696443368808272 -8.600218702482671
5.700094015253591 -4.250687535739468 6.441302208556342
5.598400323935704 -5.803743710592897 5.218509557551515
3.47182174054457 -6.81466331243198 5.192072956165179
3.661550754521893 -0.780973736574285 3.374987582309473
4.039206509813599 -2.00839763879776 -24.18069974457345
18.15652155205452 -2.122899413108823 -0.5599849039120837
0.002411149389104694 -7.682693018608518 -5.198227373960264
8.466941265270439 18.73876334504709 -17.49195433414015
6.740388278939584 37.23926685068091 -20.51917263324796
6.975609303795187 -3.377714347229331 -9.928441143044347
-11.66648757542897 0.4897527708968936 -2.165175625111088
-8.107720216579473 -1.129773504065513 -17.06934810965372
-0.02250924033290438 6.270826376945812 -20.02873012809835
-15.29363158768788 -3.90233803401748 -5.674736208246942
-1.613397254664175 -7.199468328380403 -11.18800429457607
-17.25996795913353 -4.640903409219234 -2.458552181782804
5.453307022930347 -6.36823342134973 1.677267957004174
3.688229169737569 -2.32581733621318 -16.19436795722436
1.141052693942484 1.035139665133959 22.16773680523962
-10.17781251954579 2.740536742791547 -7.321543421058061
9.53437372997935 -4.563314351577349 -18.37979082059255
-36.84172087451076 2.665148660883434 4.536258037658458
-0.0003116764128208022 4.693196879917827 -25.17722763376626
-4.295649171382925 -2.232971008834873 -4.806251900688581
-12.19498186417807 0.9341563805633215 -21.80262212444931
-6.146109862214494 -1.02894465649284 -4.657150684664329
-8.688371258047331 5.679550613259405 -0.4675531373960307
-2.245257305547184 0.2339138779321708 -21.41645091805314
-36.06796446884944 19.10664913850733 -18.973273005539
-27.36971908002027 33.78764948778742 -9.717280805114957
23.18572833180098 28.76885051733162 -23.12680920429139
14.11502398146849 -3.829854015552836 -13.73658482724148
11.23720076969626 3.200302959698085 -8.97018848905544
-4.120132434748182 -14.97795442206577 -29.39700927933983
0.001411919744591206 -7.693696053629163 7.77629554780636
6.602683614111064 7.923848338374233 -7.677573800650775
16.98620288272682 -1.608531428239941 -13.94200198697428
-2.495208613537395 0.1381517488277496 -19.94256501045005
3.700696046923291 -0.442437940831458 -5.171563260668766
1.807393297466524 -3.794585466384888 27.24119780925948
1.140055705403072 1.685996733873016 -4.310159981361663
2.968257918557425 -7.015751359774737 17.15241845492282
3.002008365205701 -6.792033841248468 19.84332827198863
9.572846008007865 29.37704436867264 13.47403049134056
4.113113387185174 -3.769053793151279 -3.337301306067743
-2.718213483349873 3.193112777308012 -19.72359827894436
-2.276700694528654 3.070389907359325 -17.31895497034862
-10.67756438704484 8.531998440211233 -17.45168207315965
7.402040159995023 -2.964436556059712 -22.17150131421945
1.729122072972936 -3.093005481515464 -24.27696518832447
-3.402850018783011 -6.810620359155633 3.411947363869727
1.163984666628778 1.787799258625902 10.27581343867647
-14.15566057800365 -4.063955432230761 -9.103355999464359
14.10160085933167 -0.5401432317330742 -9.632380701811487
28.94848544158516 4.257457906165731 33.24807823713447
-1.647627589846017 -7.077659761581094 23.28218080870099
5.362568321948582 -15.1776934471695 -12.08530722477463
11.33078606317534 -24.40824458550992 -17.17968198649663
-17.41119149611153 -4.453557151760357 -5.6281483211668
6.271845566010883 1.98111445893386 -9.875042176062008
-10.11807175228244 -11.04278896106986 -4.343916874696665
5.197458439011588 0.6602411691663406 -19.36584201190515
-3.789516582569593 -6.02110816199234 16.28457614805058
-7.687435181075084 0.3872051752797288 -21.31331343048247
10.9347494723911 -19.94839776870244 26.575368169065
-12.92334150393579 6.624490447291267 -6.162076269329866
-20.26982539718274 -24.20895169796714 -1.774464498288696
-20.56455340045444 -18.37714275447891 8.210895247626928
-3.974932906707132 -0.2908594282199051 17.17749866012426
-2.493557530566725 1.166905555481329 18.09514651571395
-9.287491180522174 -4.234766336733932 4.23639069696167
4.385147317993309 -3.097438497129658 9.511670680414023
-8.929305493279923 -0.3734198303191381 -10.46228774246747
-30.51214140350023 18.22385026866683 15.50449222960441
0.002571760976942283 -7.705650433828659 20.69975594733614
20.26620578772031 -1.375370040715956 -3.63220769307036
-5.89884620854958 -0.3250955020209045 3.605908701636175
3.210491155490259 1.097655429149705 16.46378057456029
1.443787109516711 1.612662133684359 -14.09296765004465
9.201467037200928e-07 2.052294992935885 -14.34570607342881
-3.428864124649378 -6.780351925985654 -0.03580080489020171
-1.14390690460512 1.547183155591398 -10.32261540273048
-12.80036014674945 -6.259551462546438 7.717276662550319
1.559046971141879 -7.068433563208512 -11.18663614988357
2.558490026698008 -6.443496978787246 -13.04003589637343
-3.985379790368817 -4.680481479881806 -12.26644395293146
-1.802774357217308 -1.207520995317661 25.57387473517278
18.1713031972266 15.68942071689458 -8.798468566075734
6.818288854694923 -3.761869450297515 -14.54359194105352
9.682037974293326 1.01996991319593 -13.16045087455407
9.625975208528931 4.139938457749735 -15.5061395299794
-2.533438452974492 -6.40256189257315 13.70781805548276
35.76723628070164 4.958799470527413 -19.67727104802702
-2.345059215129952 1.234266467116605 11.99172077291639
-16.87718223636018 9.232282782421677 -10.65715601818874
3.652771480697542 -1.079702359018756 -0.2862817447293959
23.72742169569855 3.329623686600998 -12.85012781385911
4.063326953077638 -1.655784783295765 -7.744149621760936
-1.159636931748961 -5.776767992158837 -19.6769330293573
9.439258696515072 -1.11848611088061 -3.40948132204814
24.41780580740919 0.5488733559111258 -10.08051902976714
-2.496786229292172 -6.350085287886866 -9.458334534412883
13.24687013474239 -7.124039037062706 -6.673940990037188
-11.65788826528134 -5.24851413967718 -10.88155760885278
-27.89640457574232 0.03013509330725217 35.41553014917285
-4.036088615867695 -4.225137662733744 -8.600219453641941
-20.2492834388838 -1.055078873689275 6.944907942114799
-6.479586987499902 4.996400695358267 -9.487851529211348
-8.774648682492399 12.04508164331424 -3.056344166702191
-17.10661969105153 -0.7634474622214148 -7.087613095039158
-7.711000558203779 -5.6563354170093 3.525151521229919
-6.447633842853633 -3.119477114773356 -13.54680812438133
-7.553068377000384 -4.147388625387141 -11.53727053984242
1.475802306212147 -6.82893997524786 -6.884230878804479
-4.123251050745628 -2.008386075496674 -23.88154802545409
-5.944939324558868 -2.888566528292839 -23.77287961258556
12.10525413629888 -4.925057154108226 -3.582873627384357
13.17431810975187 -5.228798269195796 -1.655134845656408
2.933894003497853 -4.350154405280772 -19.15999853613009
10.42944422013205 -3.053214800170281 -8.241033141204923
0.1408405142883926 13.02875895554126 -18.1176038851666
-5.875645691303146 -5.446056511785198 -6.458211700300263
-12.76676302290064 -3.674834431649207 1.626820899734334
-27.66829212254976 9.711597343351981 -33.98447621460637
0.001549796400973025 -7.695778824072503 17.14230905881295
12.46881481640289 10.19976996518431 12.68305154196576
2.238036167879493 1.175301629575433 11.9838119003615
4.340970421029819 -4.036762028450238 -22.54364210982435
-15.90560785541926 5.865067615985962 4.926785435621308
-3.987772008173565 0.3676198795040337 -19.39010846677442
16.35231150322218 -1.241655600222099 -10.21480023668634
17.97577696703297 -0.2311592790758517 -9.544661484662635
-1.111810615789679 1.565986697027167 -3.4523166623933
3.981927359887722 -5.629598937050704 23.2025407311091
5.896487083495311 -0.2820216325310623 3.610039915860578
3.128455118921039 0.1751804739171352 -19.34198063221996
2.784542665791998 0.5368007294910146 -1.732485124578482
3.32256807667984 -0.7128821621380513 7.655960676304684
2.023152896386547 -6.423851797690214 -2.656125939754513
1.676570056661598 -6.107544424416207 -17.51871138169543
3.71774032085378 -4.546783052758341 -7.742126584909007
3.907253911212282 -13.0954361265638 -4.023864275284824
-4.181782979092649 -4.734051895079072 18.91201863073962
-2.164477757873828 0.5912919508218042 -18.48101727517669
12.17865469161895 -5.174688455915656 0.2275892662289205
5.713738517669459 4.979487608188775 -4.550531914414754
11.12545559432117 -0.117819792887369 0.8896428398686123
6.827326874485518 -4.389041994788321 -7.709042391129509
6.98975115447888 -7.359703121235258 -6.656409101308736
-7.776103829823288 -0.4737817049317607 2.38811384745929
-8.667859057199164 -2.532911446839306 -7.90555572765699
-16.13881444438482 -1.039520298873295 0.07947665618448152
13.62956781570951 0.8230573311142835 -17.94557820167462
18.31945355170888 1.256450539436508 -17.46707555389835
7.771524812747459 -1.082022740473691 -2.257433843954905
8.382951368329396 -0.5013744618992206 -1.324866831039369
16.64048904727798 -4.710776604483419 -4.428714234693713
30.29180372437101 -7.72159516844191 -5.767122528612707
-12.57532018756899 -3.820476321393586 -25.80315286706814
8.353777308049274 -3.001329183578491 5.150890190939583
2.691833644801681 0.4585049205759915 -10.32751429678316
-3.708368198585082 -5.393082449519397 9.142942905557529
1.12450256058794 1.61973753856398 -7.742175026830507
-2.319513323786981 3.765304204748543 -24.32560479273119
2.563649634756112 2.605785937486961 -18.56105829109237
-3.51974153475267 -0.5418627466089352 -10.32073873746264
8.246077150777477 -2.982921361923218 -4.241409389674951
-3.336967430125005 -0.03658397536241953 -3.448682024958338
8.810125291347504e-05 6.915527098621713 -21.46889814621283
9.181672491276302 -5.062814781661166 3.254726920792899
-6.535964087809329 -2.181268320034899 -19.75436871259242
-19.30182428365505 -7.315736916088115 -25.69783507635827
1.40171704048538 -0.4080369169373554 -23.53956651700136
4.278495907777957e-05 -0.6030676267702511 -23.9038588350411
5.166977643966675e-06 0.2735572181296199 -22.71819232978104
-4.591652099643595 4.395824758974593 -15.32544528713427
-14.51128915516613 -9.544580822030964 13.86757962139803
-2.831116063251038e-07 1.766117244278047 -0.02033699728505495
0.0009702598913138294 -7.594352197641451 -1.787577165577049
29.91775064309052 32.42931353314807 1.409628645141328
3.431277972373215 -5.732641519972203 13.70782454564481
-13.39634830120543 0.08936619357386544 -3.739508207649564
-20.39439213786507 -0.9919954582695706 -3.734424675000095
-1.44908310270119 0.9250381779874393 21.79420846882776
-7.819956439045721 -14.97694265709784 23.15603011502083
-1.145557440500542 1.711909446435602 7.702156123639564
-16.54122571448949 -1.988017480445763 13.15811029755347
-11.67260100669537 -2.957134030152011 2.260649711284748
-2.153206691815644 0.9135511643351419 2.553756881694853
31.45452894563261 -31.90444293918641 -6.064456419520344
-8.397645171975437 3.128408139512318 -18.34750388306519
-10.05173724260511 1.138689297976725 -20.00544947833601
-8.810336429529375 2.546169706300369 -11.92288179426119
12.28377162764233 -0.09965566212917776 -13.96296856887756
4.963767207828151 15.1383928168784 -34.18700105714984
26.09552962641178 3.390849972284439 -5.969765711384693
2.165192281478817 -16.25576963865753 10.49346931272646
5.362944117311093 -18.54218384133889 18.90707735761379
-0.007027600970151093 21.60742767749695 37.36241292204879
4.351640955974672 -2.068671562626927 -13.81692091553302
-3.961132065169679 -4.664106175605539 13.70774748139939
-4.572690358130439 -3.244346377773101 11.99184790335576
19.34639094522155 -0.3959255762688436 -8.026895172388835
3.957627959222231 10.48742600262543 10.58814512041316
7.816101592292522 -1.732393736248023 -6.144783184584534
8.77942169284076 -5.810885275903338 -0.9906391812068488
-33.89047644022374 -16.60215911882331 16.57568667662744
-9.194656995879777 -0.8376859826925356 -13.62524837504702
-18.62499615334846 -24.24582669477078 -26.69220658565843
11.32949467871286 -9.064948161694586 -11.85640302674419
13.81636364444783 -2.045966922048701 -18.07539095115656
14.10400722398239 -5.735734752049486 -17.06582569135229
-8.258091897577023 -4.709318548635485 -14.7182132931847
-4.398381298346291 8.396291472892825 -2.281526362097626
-18.57099890141069 -0.9472329475584499 -2.168536754667122
-4.164464401419386 -1.848269023708277 21.53304124909814
-13.19278925415266 -12.368720806767 5.986458364514169
-11.51885460478297 -22.81650545250863 4.632251921242492
-8.864128683790124 -5.806418453372197 -0.04574065156263385
9.791608172927006 -5.582652474151791 0.8839906029317282
-2.803732874719758 0.5598304300297026 6.840925726779203
-19.23106317642711 -5.916634837006482 3.326877183131562
5.45194622490804 -4.7908175191607 -6.309286444629849
-12.99780248100688 -10.69221313196623 -18.34128157976613
-3.61068630017155 -0.4918115099126993 9.413952164998104
20.41613756735435 -3.064061111817487 -10.08051902976714
-9.582389263239383 -5.555078756427632 -2.037305441374953
5.464447929746709 -4.117384742982909 -20.64212258649638
-1.402752300877844 -0.7344325751350349 22.56175895357035
29.02003054609051 -1.460533402063592 -17.5253590070733
8.680842834835204 -12.65940329941649 -24.77227693482545
-0.06811357338662911 -6.319163770019077 -16.74969894288099
2.504334584191666 6.16773931538973 -1.809684956573515
0.5896380169500536 3.717490243999091 -16.66270436836334
5.478195332762121 -0.9356513252135978 -18.96326716935996
4.459700153154431 -0.680489618101795 -18.10255589569493
13.16837797963055 4.72661725335751 -12.13766093045947
17.98171972621584 8.131424694960312 -11.82564821332441
0.001025141725280398 -7.248265748615674 -13.0643810673425
11.78083661342118 -0.8088387071178031 -4.491483182891749
2.880930113691411 -5.523028526466693 -14.77777220068718
2.570300439584147 -5.161032418580533 -16.27897953483217
8.966399842077195 2.550982981823492 9.303113821475197
14.85567301595441 -2.140222191810608 1.009575110959426
9.428270722193821 16.00686762112568 -9.276774610597784
-7.392593704658432 -3.71596996114872 -3.144456983442085
6.406711648109025 -1.71018965951119 -7.573698621998657
1.531775242728365 0.09856311129627393 -21.64059503000826
-2.577344555648106 -5.166472669901673 -16.27802366471747
3.742777384686799 0.2811340767417827 -20.26277617393939
-5.406381443785103 -6.023262170376833 0.8130917333109964
11.67230391120874 -2.957010532487294 2.260023850939809
4.807599928220871 -3.6957349406581 -18.19461527512842
9.15580922480374 -33.55827599653868 1.281375060504668
-9.225043924614425 -1.766571068240701 4.2644767202081
20.10030621227738 1.276709647034867 -12.85012781385911
2.288804805977215 -6.121402903271681 9.731190820708017
2.08873615770261 -6.913442981360581 7.527989097931925
3.032578023784956 0.6463361764542601 20.60733463819131
-6.488102577202589 -0.9210546032734119 -20.06550503950919
-2.316519923816783 -6.071513741532603 9.291204397373855
-3.770529340714413 -2.642136615458609 -2.779100536873484
-12.64624091335372 -2.165427684783936 -5.681432748238093
-19.87342808049581 1.034214063727433 -4.603227615590532
-9.708335939112551 -0.3447363333283708 7.557288065214981
3.374458579933948 -0.633257379593902 -3.448689380126657
-2.654291451962015 0.4420302424013817 -12.86024827064194
-5.595966605707829 -13.25116257205134 -13.53272159439399
-3.613090949039006 -10.01929500812211 -18.86264718768492
5.110511954902542 -1.663326966766544 -5.366956187040445
3.277251106889491 -6.341939998078153 0.8348988775657522
-2.758245448456687 0.5108249232801148 13.70807424338976
-2.14966022781208 0.9456465623431032 15.42377776607575
4.887951774423114 -3.245998750266131 18.98302393448446
10.84022961497012 -1.005271803400156 -10.77866005497823
-32.79037935546869 -16.46625696096066 -11.64633152252262
13.83006624407446 -15.25588595119671 2.353229190386778
7.311442782045333 -21.8263055731936 4.694401418737092
-13.02955952777609 0.07883884836745514 0.4625579432871037
3.935375382084012 -4.651470670082361 15.42377000830534
-4.438834297984855 -5.531777181517091 -2.191306628650651
-18.43083440408855 -1.283770985056803 -7.996119812535533
3.934180593087058 -4.65248647387185 11.99190532218702
20.24401241097526 -1.248802244663238 -8.187458639319384
20.54604118347891 0.1382767513175371 -9.012353858987494
13.03698873293209 6.430683294691341 5.003341377794863
-11.14661193547214 -0.3989395368044053 1.040027150541172
-20.27906803784688 -1.964910265122844 -8.353228397124486
-21.37261581420898 -2.682282487517389 -7.883642314119441
17.16442694308303 -7.325155412355594 -11.46547339612384
6.48228354452511 -1.181111000211661 -14.19270047961003
-1.73914457588522 10.53985380837731 -13.44434866024023
1.123240459669771 -2.046273767948151 -23.52161990812507
3.833496357741846 -0.8187732633841681 -9.458037725150335
-4.362624772257169 -4.053158843483228 -22.33865932203902
16.65288130434974 -2.861328785166475 -16.85909344011592
3.43681835124046 -0.2548179588331957 -12.04680807206572
4.613526296442933 -1.513072340562829 13.71142388654235
-5.574380907296891 -13.66513721846021 -5.97219640641988
9.82409945684314 -3.079878475299271 -4.03920801660128
-14.48358719684017 -32.38695673763495 -13.89359664507236
-0.002142807012914416 -5.010760844311001 -21.94678234962821
-11.7421992988965 -0.4211855594429124 -7.255084624249237
-5.351281335427147 -1.02409556561713 5.711393077075405
-2.347602931941855 -6.134222448372126 -6.026931943535621
2.328654926042742 2.624850288881786 -22.11236863127398
8.155887623199142 11.9535413267272 -19.78049819213784
7.574778287493179 1.958553493595043 -4.192160616113394
-11.48552988077256 4.025150488325639 -16.30537723536532
16.39285171205852 -3.747211107290047 -8.740244002370416
-11.57734340951875 1.006483046387803 -25.53162947288954
7.775940274366889 -2.418198912190352 -11.83128087993711
-20.2610568758626 -3.455341399270928 -10.54806458746051
-18.44807264407744 -1.15577696750711 -12.61160710819999
-15.81263472216391 0.5292682648766109 -2.016203305051988
4.198993072787017 -3.192646677749853 -10.06454241949007
4.848855946892527 -40.3267542847412 19.3028852494197
-11.10816094018139 -1.489631986663699 -11.64776005403811
-12.72725383716712 -1.503230741569441 -13.73441324508672
-3.545063326659888 -4.463498502563844 -6.027641394020564
-2.184549618649114 -5.731531285296525 -14.83196466052306
19.2279345068663 19.74927584331831 2.486790987330593
-4.200094391295598 18.33288892129749 9.032532739262068
-1.302880028297067 -2.046273767948151 -23.72626562656757
3.521694523049137 -4.77584774016508 -6.027658485384261
8.064607298822537 -8.086470875484276 8.843597202356282
-3.412574105201517 -0.2330315538983201 -18.1182499497263
-20.65430905273467 -7.842913887579755 -13.7330432148384
-8.131198142766934 -8.264291568835425 -25.30774653844814
-8.215875798658116 -0.4906426328429694 -0.7221266910385754
2.646569548710086 -2.24587056187172 -23.02512810943471
-10.19947721096256 -1.325519065510065 -3.617053627327115
8.496272121413746 -1.175703361703626 -22.44893088915323
-5.693247433091551 -1.186427482619224 -11.00580773264198
-28.57095880176625 2.614115319656421 1.61778393248404
-23.36911338635451 -3.732591974367395 -40.08942108044626
-4.260936108428818 -1.542166126188569 18.99532505280065
-12.32250358893918 -2.20419023252047 -21.78229837337317
6.201551840887138 -5.857702774733375 -0.07858757266162714
9.009590872640485 0.1131815071546967 -19.93150088728692
-7.134801225065287 -2.890182108809631 10.64447927504867
5.935500494238159 -2.610692007194996 -3.02453663667049
-16.45386003161463 4.14330769032876 -1.27803662533358
-1.621991395951705e-05 7.514425854613672 -23.21480974190919
-2.378962392619706 0.666851311277213 -16.47669415785267
-11.96584628911131 20.30031268493263 -29.19280209032911
-13.59067623210328 -3.089211280375329 6.105197696542744
-21.37261581420898 0.08632820102307748 -7.825419810231792
13.57034234386668 -3.633302122029489 -8.083516816274576
6.065762632207795 -3.611545006814339 -22.2104175531186
7.233141764725515 -0.9816436970162155 0.3058292727854429
-12.62704287894381 -18.41665850648231 -14.24066600720714
-4.776310087365477 -4.090202197215256 7.227854790392504
-10.31968607275397 14.77025622873702 17.19668355703266
-0.706843906733423 1.165663768878759 -5.127246466378947
22.92632207853995 -3.064061111817486 -10.08051902976714
-14.23007125704798 -4.807012382748781 -3.379887044452341
-6.175428017151427 -1.041292041339615 -15.34058306292354
-2.934095252966848 -6.424067232135727 1.694499931507462
3.119674156604678 -0.5148909402704474 -22.76017975121864
20.88919471603464 -5.286103325941264 2.263594635738643
-4.454303974287558 29.93631737437988 18.27451094201314
-0.4613373619934769 -10.30194822630211 -38.75568208401204
-22.91911595109848 5.810254489098658 16.82086763050841
18.67577883359205 -0.5079442750507868 -2.288650435090744
16.01709226406986 -0.7395673103840088 -6.654944873515515
-1.042368250197747 1.045097924792856 -11.97201206368024
0.4568514691321633 2.468365966751435 4.564136769620192
-8.066176526028114 -6.256170793378946 9.033369309565987
-37.33398154439675 1.980141915294626 -23.3301063202881
7.757268585709947 -0.5151113088889738 2.571950517919809
-3.843541783575755 -1.714470742217265 -7.743892843482291
4.645184461938036 -6.084760330384839 3.436404617443264
7.973996165237272 -1.627392362488383 -9.685226809551947
1.695951108534886 2.606857157787013 -16.9403663104559
23.90806936782095 -13.91821202839653 11.91734565012998
1.802701130751338 -1.207785282198083 25.57366145358968
-8.307777447441905 -2.982832312583923 -4.125877208994567
-7.44956522295173 -4.460139048904144 -5.10654984842405
33.00617362401987 -5.421662956297613 -36.62538198986486
-3.444795227649119 -0.5847473242621105 11.13487948814994
9.119940809946197 -3.610351447011191 -15.76950345143917
-9.22540620319163 0.2140347921221639 -22.27589769101444
-7.463320228657909 -0.8129557288374396 -7.375536171918887
-11.96046652346513 -3.303268954580701 -4.880834972204465
16.16239428499234 -16.36569013451606 -21.14781291572334
-23.42303926773855 -1.249430060386658 -7.673666934007414
18.33769820735386 -2.10037636756897 -2.253920027205174
17.3580729200374 -1.082291745454016 -6.688339096698859
-5.474407534311661 -2.724898761895488 6.421573205926521
-6.886570127620701 -1.291556559842823 7.207057154660082
4.60035485910648 -10.97702396573089 -15.9391631900198
19.10412334091106 -3.846136881241029 -4.366996837229864
6.279972334226457 4.291964978820412 -27.08631592073726
-17.36161454907595 12.14883175154961 -19.05792886470929
14.43176417517445 -2.691646221508385 -9.941847387450421
-19.4262396156503 -4.240767259149957 -3.253353716909182
-6.204613489937349 2.082008134988119 -15.74298156864415
-2.547942085280096 0.2598593919538276 -5.169128279232921
8.412543371895344 -4.721408076225325 -3.17674996364234
6.739191659496051 -4.808744198623689 -2.705212002789326
3.60332682761421 -0.744195408881149 9.246745541643435
-5.586589453812914 -5.429114339608383 3.968059006023647
7.31294984707278 -8.905495954286334 -19.59512160610134
3.515681743801233 -4.147085307061062 -20.82014615636346
7.166949666885412 8.645307847151438 -13.39780417423843
1.402948552558999 -0.7340236451953199 22.56194315854425
5.161140980232067 2.245074279492858 -5.369911042614183
-3.869444805062208 -2.130522668361664 -16.80599902496329
-11.97927382001198 2.625015884615058 12.12602215097025
10.5121847040149 -2.649441829007824 -6.561580643996728
11.71320296585016 -1.649723759289562 -7.682870114263958
9.055591113567594 -3.721722875629951 3.926267664638312
4.772311275587382 0.296870284658483 -20.93335427455468
3.953840303737974 -0.2865870761338128 18.10160113636077
-3.69735141419643 -1.749521181897576 -14.66722003242784
7.271528065863051 -0.03952775771281991 -21.13114373902189
-3.749374959660801 -1.731939343003309 -12.92080872530017
-17.27392069220733 0.368239089412949 -5.257325561096631
-2.454560011834428 0.3163847616623168 -11.14311772136692
-12.97981367467916 2.439368445386477 -10.74789233644857
9.668289068518254 -3.824724195036506 -12.61828962316896
-22.51351442703872 0.5606222598004009 -4.301831275816664
-9.666936189162275 -4.626931836801859 2.740033362111024
3.981202350967822 -3.187051482993164 -12.06516224552271
15.63050326785289 1.333139344108034 -11.04292616473104
14.82387013408963 0.4950414485374286 -13.43661531167789
-8.973894525517849 1.929815398019208 -5.003252729160976
4.358292343675358 0.08746606799700318 -22.52205691539907
10.58036929858126 1.534503664187629 -6.463674469967372
-6.624385519098066 -4.244539362498944 5.420873011968521
2.932326770259948 -5.325253184265854 -10.31733347259432
9.028607984026152 -2.241100417301397 3.948750702227143
2.874555806164913e-07 1.797477625863338 2.553737750467756
-15.56098104295884 5.405764290605575 -21.77683666894868
-16.16146921310671 -3.15105455387383 0.06497670042934789
-15.02876354576635 3.980508356573186 -5.156793323125182
-2.303424427872319 -4.529545522884432 -20.195807454872
-3.812830835614249 -4.304313997927454 20.83670549222973
10.88041697563226 -1.100415741929791 -3.584991257363709
12.14543690553452 -0.7941112526488079 -3.176716097259052
-2.256952126423119 -4.883244453998053 -18.42822834369721
-16.47421640553539 -3.724850266220557 -1.492430661940705
-5.555604864850426 0.9638324183267795 -18.26633170926275
17.15859985351562 0.00200201262597588 -2.450176047286855
3.677761310254753 -1.759031180215979 -6.026763758795883
6.222777326352132 -3.627544534288553 -16.63826505640709
-31.64702916198742 -30.0949512447657 8.027383551533717
14.7312727249983 -4.482519767484268 -1.45052742497053
1.025813552931189 1.200358431377964 -6.026215078867518
-6.64855550361156 19.59022505691487 -6.914958560759073
10.64953364516185 0.2749576843812802 -18.39535682090493
10.17721529650957 -2.350610966952559 -22.36240823033599
11.67767078557235 -4.838294299885467 -25.50529072076562
8.209062861606162 -10.92907105276436 -4.233743883821262
-5.840150989849869 1.339728571109839 -29.0081601967535
0.001127584993224184 -7.130052040632721 10.28911742468717
23.86888233312963 -6.755727441792009 -18.65811920416389
3.068942455450056 -0.2913134450013684 -17.56209609565994
-1.241199041240009 1.789916597110975 -28.61188175088022
-15.38143216538087 -14.3021549530596 -6.080644595537486
17.40549815735829 8.694354566819889 -5.312300995301875
-22.58830515200435 -2.532566096357521 -5.406945814350594
-6.145508960957741 -7.309530591265567 -8.741992986507331
2.052798763063711 6.513644084526772 -22.1713755801904
3.925382931594943 10.17015774504478 -24.07313502942359
-6.430638993993563 -2.226597067512328 -16.60509453058221
3.754147546480142 -3.301244686459997 -14.75432765160923
16.59106356535614 -0.5284994428648161 -12.17995315654552
-16.712885217614 -2.089611887931824 -6.855514672457224
-18.2942721801314 -9.244212977708488 -4.824653061324694
7.382167445950671 -1.86038241497791 -3.296140418602278
-5.743582784653785 -0.8336372477309186 -0.2764986279600066
-9.913492323692171 -1.411034247356415 3.022956057977301
7.904463704791956 -3.638926827004083 -6.455717638731937
2.81870601394478 0.001182674423914731 -14.65292811346901
10.56159562776601 -8.183086740813485 -16.93524764038893
-13.46418897992774 0.1860194922163139 -1.71449309304902
14.24115382992897 -2.21041202545166 0.3583532942422311
1.455319009209495 -4.788210769918885 -20.92014407479023
13.16231683618589 14.4010482566856 -1.949723497843736
9.201467037339706e-07 1.214386967513787 -13.32035770144645
-1.16470786945209 7.672677092453481 -16.60916388007355
2.048146505333477 -5.804031497618472 24.43735579032435
-5.104103679279693 -3.864646121194804 -20.71131035395964
-6.100883436415342 -3.867162497225571 -22.21781839002234
-3.580109433395605 -1.07892478597764 0.04904900633919862
-17.01072128882388 -0.2529528507650378 -2.647875797241617
-0.08353113566524062 7.344965101454577 -9.486164477812112
1.813804509011251 5.117448429910584 -20.47458049620423
-0.1244078182054805 -0.4586987682581676 23.51043616143843
-3.174147763944468 -3.143786656728111 -22.94050540891326
-1.403913202452981 -3.74365757037703 -23.25724032154247
12.83649355848778 -3.461658328718619 1.484339450206753
1.087582970594678 1.465092690932803 6.844085075511281
-8.870080196801196 0.5947182853204684 -18.12505637832233
-15.94371978165646 30.51443333501264 -0.7031330132438232
-14.95976717731406 -0.1630070626469466 -4.897233730354674
-4.026621532691501 -1.999024873619808 -11.17990140232402
0.002227767589916663 -7.065013784714254 12.84947240145035
-10.11865309114625 -4.020328729320391 -4.06918274965179
1.316780649136543 -7.196147316159553 3.41728843147023
-2.278224041343086 4.031450175959344 -14.40746321876406
13.11716578844267 0.2046400468585108 -0.273006957582407
-2.469126463663106 0.5599756833162943 19.99189243782869
-8.499268276662988 -0.9870385666019292 -23.29670184926506
-8.240003287461553 -2.257011288296372 -22.7128670942027
-8.259816374928242 -2.331035402386618 -24.3304898835644
3.789490835444673 -2.749792206955747 -2.918607173675075
-2.241926417186786 5.121952678824384 -22.3944764286345
-3.227068999401222 -5.160330558777071 -3.033450264429756
14.42011796328169 5.144387930767145 -3.044626123799297
9.866546084959605 -1.185066457786951 -8.952939120867583
5.016074488567124 -5.141796308519791 -30.51738276843034
-4.012212646441323 -1.672385850857983 12.85267100664808
3.188750845590307 -4.099243636980133 -15.51803534381993
15.36505847445924 -2.127156257629395 -6.601891695742285
-7.86990115042293 -1.548790864793392 -5.326518238981515
3.777445697415187 -3.142292989933714 -4.613372814313419
15.30907009533661 -0.6282853948625369 -5.438495142706865
13.940633137617 1.739646184142837 23.67542005071021
-8.730627041352422 -16.18851358136595 36.93218884688599
5.655493084386377 -2.990222066255059 -19.30536610941841
2.471698300828685 0.1710684501102764 -4.313128746621289
-17.45539308458489 1.607743070665497 4.03848460501382
-10.03625104091887 -4.445011260281751 -8.516810529836745
-12.42911908704239 0.5766098381804303 -15.79398101402928
-3.825514361782691 -3.454795823804103 -16.96462925321083
-2.785227880459983 -6.045234095819223 -1.882286959368149
8.444919164750111 -2.07429494569617 -23.18922233581543
10.17721529650957 -2.880075330355552 -24.81363695421354
-2.496886503657382 0.1801483991738471 4.269463692989194
-6.447195440141813 6.257000025711365 -17.93691222573513
-8.237489759981392 -0.5121654200757962 -24.89317236305411
35.60825281551612 3.239838783957977 15.93231351557685
-4.752950603571528 3.345964489806836 -1.33120952279107
-18.33568553627817 -2.100278735160827 -2.255805179767799
8.899172753430163 -0.85677126700678 0.3084764161083164
-1.595163895598753 2.7708056388347 -22.86416867755003
-0.8673479549910011 3.487635493259949 -23.85413497040532
2.555011946295461 0.2637197131946938 -6.884499708346146
-3.583341483531952 0.07636709232527439 -21.48781525679487
-18.02797551979488 0.08650532457163473 -3.598688699859826
1.115680190417402 1.161010589501436 -11.92321284680723
19.56240298770334 -16.56550333978098 -6.455145883475913
18.56266164686389 -29.34447847115096 -7.731677364041699
0.2915627170686818 -11.89301219026538 -20.93313399562325
1.531090905413623 -4.697643736106415 -19.0710536780808
-11.20178325528772 -14.87465365464104 -0.3535190186073457
-3.580444390733613 -0.925759206525602 2.505489773567781
12.68208069400067 -2.675864161184761 -5.135234523528559
34.63530957943276 -28.15200144583258 13.03298667394925
8.968397690787866 -2.64196251856035 -20.28007925458196
24.2076711630749 -29.55922813692475 -25.01651850018703
13.51170312935145 -1.728444423826739 -13.45494042365118
-11.99426151469449 -0.6580820257097206 -3.66651235477181
-13.23540549504128 16.367728905016 2.800144726819381
23.20424561774167 -1.248802244663239 -8.690789395917932
23.21777111149066 -1.241912841796875 -6.955561009292894
-14.86649051385683 -4.429293111173327 -1.30100162421586
-12.25124615439667 -1.020584300809951 -18.05934850192209
5.407844652455122 -1.240641348851542 5.64055475012216
-9.480722331614166 -7.879827007175983 -6.565692666911726
-9.487976999167236 -0.6183445186743577 -8.408310919433088
10.16877546995096 -0.555098501430656 -0.9503019434205326
-3.189422683703769 -0.737466079932845 -6.885048166919313
-1.549072595348506 1.463229764034294 -15.07425655534887
-6.260569329559832 -3.032990330842077 -2.95882561637247
0.8778419505714067 3.444684917839897 -23.88297835500012
1.60923535462208 4.722364062017308 -23.47811389509805
2.143631189905356 -1.60325716494369 23.73149026158115
-12.10080617878603 -4.807179670592655 -3.564835422467919
-29.09575979368865 0.3172000065698288 11.28250238211461
-4.331102744459097 -3.668150860933313 -18.88417809632138
13.293230482183 -9.070369940616533 5.75877585497068
16.78884045785643 -5.024932823271853 10.01982399577798
4.104749336244367 -4.567414941072744 20.75858703230694
-7.366709871618753 -2.289928733127311 -3.110719328639856
9.543547774749323 -0.9221699860932056 -2.145998612216339
0.3769413904807384 -9.2576462003482 -24.99639269416451
8.178064157211836 -0.5228873605910616 -15.74920815402484
20.67154875652276 0.6151169106685088 -4.954395406040509
19.53983496585633 -9.913425613214688 -4.628852583415545
-11.99831876826433 -3.762687572608248 -7.653716779789745
20.10030621227738 -2.745740396232599 -12.85012781385911
-2.797311458752049 -5.31761559932718 -13.00386381148368
12.87465695387873 -1.355483815280559 -11.11776372923196
12.8164031192992 -3.517662712763302 -11.11943785616203
-5.775590410026346 -0.7803570631937469 1.581328055829214
-4.306912624803886 -3.795207023620605 -2.88308207713832
3.690474838661925 -1.374821110107127 -15.13942621986892
-1.552565937682209 5.603254234085857 -23.62452402959433
-1.013904219797409 1.150999999074815 -1.736347913523934
-7.487434246991073 -5.309432029613594 -0.8670560841294401
-4.268265916521557 -18.58733946370373 13.85860119002612
-4.087857730426288 -4.009446893462663 8.395639768008206
-2.52370124497971 0.2304657453329093 8.558506538977882
11.24994598115468 -5.14151465831034 -1.588925235014662
21.75511299757626 -1.199189120032528 -3.997291799232358
2.627858286880545 -8.487544945070905 37.83831173612472
1.375789402486531 -6.562890972752097 -8.60018667773485
-9.365191643692825 -1.160962918148273 -15.55760242023161
1.528267300639655 -3.625193063522129 -22.85490075451296
-7.737579282201561 -3.500570963086262 -9.363989105886132
-4.504512798340992 -28.64475576757448 -27.97211104579947
8.640795223077783 6.471520561425844 1.112852673755514
10.86050934320188 -1.802028497970793 -14.70430737709507
-1.267514692180193 -6.989630131085869 4.283402703539635
-0.02275133413909233 9.062280307465649 22.86108836978896
2.942113750359447 -0.115012632183995 -21.46524722270089
-20.64421170901903 -3.472739576853751 -6.394660774000403
-18.58578292446921 35.09463660468381 -25.50898019357432
-6.82488207347024 -1.371695987753582 -13.75238215187396
-5.876711310925747 -0.08684869918042715 -12.61705096582074
29.24406233476374 -17.22041376931119 -8.173650348448646
-16.57328848523117 -3.606317831937731 -8.8101151214652
-15.99988590286824 -1.868097745323595 -10.78673448154008
-15.13766610259676 -1.762939218069993 -13.12957196202438
-17.45740781358685 -3.484629099328578 -14.74373650671444
-15.62007227350831 -7.04904267438152 -10.40387085129395
5.291980545937136 -3.318401006706272 -4.8749052138871
-2.781342216392488 11.14114725977003 7.264782264200468
-1.825402991205365 -5.522299991136149 24.6344043953409
-2.792614880100341 -5.935243304286788 7.877422339692707
4.891692448599578 1.415433137530652 -15.48551923242621
2.683127218344138 4.430351987305174 -5.295619189980826
-12.70616448246467 -4.508132832031424 -1.134950678627561
-10.5425891096959 -2.962551474571228 2.84660174501628
4.149915529197475 -1.8423860859822 22.05047125200447
-4.890336185507146 -1.284609121110554 -18.52473578693342
-7.308179760817362 -2.931888188871951 -21.39845261964916
-6.519691031325302 8.310816811620475 -13.7934867155241
-6.134811328462845 0.2746785529727707 -22.16461243330914
13.45599545368302 -9.43467463698747 0.7805020332902017
7.006900229577494 -5.565043220656612 1.691107975863344
-5.57774449829103 0.3027046110222746 -20.35380828693049
6.11034142201729 -1.540321909550715 -4.161279424820512
6.527406177581281 -0.3245726077762737 -5.654847047871921
-26.52442624576467 -6.163704980925449 -9.024238142672468
-5.975251442811537 -2.758483754406087 -7.744491404291336
5.609841006257732 3.26020439999312 -19.6133852486918
-3.224976719343665 -6.139815453125805 5.155407655509417
2.530700120923115 0.2205866624792134 5.126178281491934
-3.798324314190798 7.057092503328202 -6.978752883672328
1.088713188246798 1.46779783358463 13.70780080802945
5.338608818270658 2.345049327233728 -13.15291560601931
3.013907138348762 13.02747540310472 -5.635921491223497
-5.655522498124562 11.64675642869501 -23.30051624612597
-2.164965419898524e-05 -7.068259798971836 6.02016331711526
4.539945797270865 -3.738718562403148 8.041803535428791
2.802781309963652 -5.219547492208603 -8.600195584380707
-4.878209159368579 0.3596247617412978 -2.382963467244631
-8.682072067034984 -0.3636771396537277 -19.92631548459488
31.50568003188015 16.6267650737741 -30.43941692929123
2.698302883639083 -0.8771991582181091 21.6927196708115
16.13006093899072 -1.060699916850356 0.06544627471149567
-6.469452664017036 2.244399420338993 -12.44369081310622
-13.17606878792792 -0.1357026526816231 -11.72355654163966
-11.16708167174034 -4.504207609961541 2.100360484002288
21.07698375030877 -3.07702655339771 -6.062663340667435
-2.461228719405513 -6.286521417806254 18.0182842646199
-8.089022448708841 -1.10058626351972 -2.3269422558798
1.59150640066001 -5.80862129115758 -15.57610775175668
0.001425356827136293 -6.858429791656731 -10.31795938194489
-10.15989833590208 -0.4597146443747733 -0.9552223151696482
-4.748046290000484 4.785135919317084 -4.368882619804208
-18.51582321192797 13.17399552293361 -28.62978470184984
-19.57407662158451 0.8628897601022461 25.93501360660416
15.60953984136494 3.464356918844015 -5.910439800356166
4.199354869065936 9.937614633685467 2.158847871598355
11.85276482099517 -14.714114846335 -6.86415353466559
-2.698827550592191 -0.8770821208646751 21.69271958578647
-3.853942252596497 -3.153305491729189 -10.11111689119476
22.04863009236939 4.016847647266026 -5.436192680102745
-11.34091672876371 -0.7734196026462677 -20.17014934271928
-9.534717392051423 -2.9887929046062 3.833472769954963
-2.314395232861227 -6.086079357165378 15.42388726253095
-7.530966543055871 -12.6672601335858 7.03981085422061
-28.96350728040886 -30.6956723004367 -11.74812601447945
-2.532958605596638 0.2272217470636231 -0.8766619850847776
6.978227341381031 -4.335852341060757 4.963339619001414
-8.479355451765212 1.698339479191019 -8.975289151123526
-5.956725093693436 -0.3282168295914273 -8.428263154131336
8.016061862113764 -0.7885783872262651 -18.96132781076688
8.522526869835502 -5.080871206063136 -10.15771280338678
8.960436722859344 0.3945369436515549 -5.763415583812546
-8.85078498388479 -6.667928669453303 -12.52261442694265
-4.917353259640258 0.5696739921252705 -7.05671530108583
10.17721529650957 -0.1675448618182867 -22.36240823033599
12.77005462369829 0.3507816228107015 -21.61610018090208
13.69810556947464 2.223623196367124 -26.86781494821392
14.12476320396341 -2.440482631667993 -21.16972304257043
-5.787983536720276e-05 1.992537627960067 -22.96493933037165
11.20502552745797 0.5713974222799066 -9.247487491913651
13.38679754899107 1.879920735236904 -9.303910603717497
-15.80552852487185 -1.199591434035881 -18.84940028275772
-1.957552751102722 -3.435712756632604 -25.57883686712585
-1.697133460510305 5.716952129989774 9.30062166880788
-15.08513664620045 -5.78264671378555 -22.51337058403163
3.949933493057813 -3.17052199479339 12.85041007730813
-7.548727809789954 2.172826807401424 5.882305606477768
11.46504182901391 -0.06800294321738387 -6.11295610886082
5.987135834467249 -3.063842782577574 -23.49870083692845
-9.566464707326141 -9.437477044184309 12.70105989421639
-23.80353252935137 1.362609487312257 -9.629983107478603
-18.19906612368012 -1.354645793324102 -30.28987714408071
-2.143662455638563 -1.603266781234953 23.73147639657265
-7.536528621949119 0.2014347293374783 -15.82938259803407
13.12364243295329 -1.090664449584451 -5.511856355025015
5.113176376681236 0.3040972325697004 -10.58340633858587
1.518843389586696 -12.0039381819821 -1.112935978613493
-5.646582558805379 -2.436345524227478 -4.383509379628773
-12.88804015628145 -2.340274819343491 -9.32758175851105
6.015124752063651 -5.762331786072037 -12.26422227962305
6.968309264132049 -8.82495298943874 -13.51893617249321
-2.197332391660652 -5.916852378475996 -7.742150750844095
-12.7673082004911 -3.927462627178817 -14.83842016365134
10.51840306071789 -4.719689236062986 2.142996730861062
18.07342967805747 -2.331803394888019 -7.260486664929943
-20.59306842170701 -1.249430060386658 -8.2182434025059
-4.354058603637849 -5.50228493271586 5.870183748715189
-15.13329703319132 -5.101909808133967 -16.91549725559792
3.434429359923454 -4.395933120376921 10.3222877850366
-3.736936628757805 -2.012556887913559 -1.979416833737693
-2.463721955858353 0.5933762142745276 10.27659550764911
-1.01197297872499 1.14174126219818 12.84978895835143
13.46366356775101 -0.2594201013251629 -2.729749655945898
14.91780904869542 -0.3005956969700633 -1.620277700465476
1.951248775229462 6.683389554653104 -16.48875216162203
19.80450914661288 -0.250862858320191 -10.67829942037362
18.08276192977965 0.9735211691226837 -11.43501985882886
-12.43545820025973 1.239461003321174 2.825994291006794
21.37062835693359 -1.248802244663239 -8.547103977918905
21.37062835693359 -0.1281614741305093 -8.237114699171041
21.56072827353688 0.1485474451633253 -6.933324259337086
20.60939560811024 -6.653641132036493 -13.31769999974729
-3.684105028205408 -3.13788064735983 -12.05929154223174
1.363716454480667 -6.534110955588543 11.13357568145902
0.0003246507173036428 -6.945357775484134 -3.534308927871425
7.538539326292863 -4.970836888814333 3.440663479377103
-0.9799151486029157 1.006749485825391 1.695752781455189
-0.9251805728420869 0.9695908213779584 3.83919243396213
1.944211633860465 1.279801175015654 -20.89541784743759
-17.93538972379345 2.31662701082446 -10.66817015516241
-21.13784624698435 3.691477496705153 -14.2119351651124
-25.71391405603424 1.424333308379534 -14.36827544100655
-33.08504772882579 7.191987091596511 -13.84226236397432
8.435242054022641 -9.938602611192136 3.473792158106465
-6.392692551253495 -5.18441200660973 3.079545227925403
-5.275881818371865 -2.13565781858845 -2.421290959615336
-4.818637343317173 2.639590348954255 4.065472626048137
-5.783965314350308 -10.53432950115236 -2.743573518559159
5.17061518950803 -2.223024405293458 -6.80431751741004
18.10190395485986 -3.733160019732513 -3.1594338401413
2.097721890584539 -5.844032810776381 -3.798373071143898
13.4566737337765 -1.493452197069477 -8.201281197498421
18.98117577490478 0.4427053593903496 -5.808444812612962
16.83191729217898 0.06588780139645944 -4.924218822460089
-2.383637583138561 1.47162594365115 -25.8637409161522
7.601075302908682 -5.281545606347963 -0.03465585339315991
-4.955467194551665 0.4081356196522704 -15.16651874554782
-3.474929409632278 -0.575204681622236 15.42476665563888
3.505517097257193 -1.810325674048677 -4.313258157170726
-23.14455003927904 -9.374091715667912 -1.007860386559039
2.05133750365106 0.8598786338069124 -18.92528861753225
2.375665250643545 3.540816991928609 -12.07062684214803
0.0002481057037149736 -7.006468438707204 -0.0423768873230117
-6.958708061371999e-05 -6.960280819670089 1.691590256174845
-20.64868863751137 -2.780319712149832 -4.305537646923306
-1.523223435031816 6.18966359246156 -21.29487923148736
7.174034582725763 -2.286917653656031 -21.00041361664303
-8.978630951460143 -4.569999276327323 -3.829373931426618
2.630243596385345 -4.446732696520101 -17.42205826883967
3.588368032050503 22.63837710214348 -5.448843919252777
7.947756783003499 35.86392842589652 0.07030378232698631
-2.237862400277383 -5.978020157429361 11.13441466846761
-5.494343051774106 -1.998351886951714 -19.05759496613755
-3.56007713511642 -1.787453135194641 -9.458024327601386
-3.627878217515432 -3.561431108885457 22.7141848535628
-5.70406786595627 -8.812892955743568 -14.14371016460991
-10.05758663025866 -11.09920836912646 -14.28552856830202
-1.372159557470589 1.118713654709522 -21.91971102572365
-3.086757414536206 -0.8023792719569007 -13.77076457696954
-2.016828958321212 1.97824029059629 -20.91148524574862
-15.44719539313093 11.75183177236955 27.29909327631505
8.316696332461596 1.981393077951521 -21.1906119258373
-24.86375836168806 8.366113790537288 -0.530226947579453
2.180233110668952 -6.101230903070053 15.58211978050883
-9.610726558854962 -2.200590712319102 -6.446332407384376
5.660802416489818 -0.3131844698121073 -15.66385683531774
-4.123450393920505 -3.183595879364554 15.42424817175897
4.890339976776832 1.843495666358054 0.8821103339963979
5.040320576227675 5.463017618145581 2.443764043063469
5.733510509724058 -8.898867629443224 -9.255818220656442
4.926668117925471 -1.104733489366218 0.6811122981995494
-18.85528757395116 24.75409173229245 -10.29509257915857
-10.0878188673346 -0.9619475484851168 1.890253927490451
6.962041359039359 0.4638026020659134 -2.732316003882298
-2.89725142530461 -5.302344440905891 -11.18684714613883
2.903604000485344 -8.80365221517371 -18.43100879793773
6.990558807614692 -1.510557569511835 -0.6515987372942718
-3.056962455327582 6.326481084825969 1.884081561169934
-3.437597140938513 -4.41407695925185 10.32295957473479
5.125762479484912 -3.022013545036316 -2.463581025301523
3.325585555612682 -4.505739500358263 -4.393990928301307
-5.261975982960584 -3.795207023620605 -2.469546397072945
-10.22937154189283 -4.846568860625505 7.741599699498793
-18.56743792563839 13.00407782969923 8.167456743055677
37.70333922771753 -5.231980988617847 5.82058144375005
-7.419130067498144 -4.590595411230352 4.312343422611843
-4.607677360874308 -10.1789236667277 -7.472659946425424
9.88771651002315 -1.459897448756702 -16.8427336633535
-11.23551113172823 -4.319409799078595 -3.407220431075229
-3.896501698456644 -2.209748871733752 -6.29009245232755
20.81011780732294 -2.748778568105561 -4.739228469271792
0.001911588673838338 -6.796661249746492 14.5658396210258
-11.96732053976341 -2.101280069854328 -4.735419172694383
4.587591878673216 -5.712347774558586 -0.04584997328331136
-15.57566997694857 25.04638731495531 24.40269489854671
-4.338108976512724 0.02432511884152078 -22.62215952280262
10.3616896875582 7.051584190783779 -10.1883467308293
9.924997494045266 -4.48790730258279 -6.378602196531584
10.78227861771712 -3.174438226365601 -19.35294493831949
-12.86597002632438 -4.323586812977986 0.01759381083862279
2.416229092723809 -6.066488210434682 21.74406471331664
9.132061891133921 -0.758657768247055 -12.07185971880622
1.220256286490347 -6.306725375479759 -13.84970501426651
-25.8704364607506 -5.008923473195757 -5.118184896413452
-1.191153826342283 -6.221476914681076 -13.84235814554356
-8.311528205369648 -9.927165183907194 2.993383438163931
-0.0388891575743332 -1.645263491643257 24.28376731347306
9.373741073788469 -0.5892044921878918 1.540092551946481
0.9843142547189702 4.514663607064443 -18.33924632530571
3.608451503092073 -2.180978614803205 8.165938241356098
-1.621991395950317e-05 6.677775519460322 -25.02116625043102
13.16709595976437 4.572261407409417 -21.76844425997487
-2.731831864323951 -5.143926854594259 -4.405528637764563
-3.977552334172322 -5.067497378604249 7.614158802234565
2.853141937802798 -5.29601909296685 -12.08265213923178
-37.22810585317016 5.801702264263156 23.84992355186494
3.038663116321239 -0.6239138411844563 0.8385187724526164
2.613921510727564 0.3203054589464196 2.098929569508013
13.65545502155092 -7.816990340546769 -3.160163802396941
-7.681476640364926 -4.063840427323949 -7.607549005510235
0.0007153898477554876 -4.955191457802362 -20.17472156314021
18.92999802832346 -11.56471337903703 21.36400116421838
-7.694269755754883 -1.301108335525949 -19.07899321570471
-2.121322465070168 -0.6589768675353429 -22.11811198637333
-0.3736895249279986 -2.550986446222451 -30.53142469463894
-2.668887247688092 8.915596122221913 -20.12674093850865
21.6101280827081 7.124256008594717 7.902983596963862
33.0747412301606 27.37779443878576 22.19196640978736
-27.44508539619116 -9.815483165335907 9.955437493245718
-4.007286774321522 -3.190003529329072 -3.985844640229776
21.37062835693359 -2.322658507766912 -8.233783706066914
21.42891650424522 -2.505195033672988 -7.052930198908268
-8.45014776558496 -0.6489044564283359 0.8030445791161041
3.166197792549549 -5.977833085710838 3.412030905158351
2.532232433327748 -0.2663168721641413 -16.23704153914764
-15.76407876651638 5.440844910411152 -11.78948885193615
5.968258142415007 -0.02948594667804838 -20.34242093584874
5.726983984131912 0.04722519376563006 -21.71281276124638
2.497836959869665 6.95067907810847 8.056995460609981
-22.07584991588099 -1.280496299266815 -4.907370327391619
-10.37180330805253 -3.25697333332451 -20.15268706712477
-16.69693306328249 -0.7904992700920229 -1.334464470142297
-3.584551126101219 -0.8905801395206555 5.71998078768913
-12.10299390587418 4.406185414327359 -0.1193451787980475
-4.367088723939752 1.272956822908862 -9.933936322172444
-5.341884796524989 -2.560980971084011 -5.888605239895043
-14.76106187378211 -0.5445664632169047 -0.3959373432716417
19.78174513669821 38.9638384969144 -10.79264735080036
3.735156900980463 -3.139663819526942 -7.378256282703572
2.790708691635668e-05 1.40106204733741 -9.035820214446042
-33.19881193101728 27.50369103960387 3.287455620932427
-22.00316794521737 -12.59610955673908 34.49695511837871
14.24100194227311 -0.7795884612466093 15.51257224034277
-3.565978538621199 -1.464953848220156 -23.02356997541677
-7.303881618175465 0.4396585215530806 -5.572291592190155
4.762865266449616 -0.5399363774820952 -23.65145897071866
8.445670016793985 -0.3735972992869671 -23.18922233581543
10.17721529650957 0.2597457142917421 -24.72111058633893
-11.85187966782557 -0.1021478312497424 24.05522108457313
8.651715101098116 1.785799044686612 -16.66195352610515
2.443432962324498 0.126393704530406 6.840447233849253
3.743462339491809 -3.148622531765703 11.13355358058857
3.787358695251741 -1.732630762768706 11.99498259117263
1.107945255842559 0.835663713163224 3.494160852227293
-2.508640815442436 -5.670952320256044 22.44866846741775
4.382169901754098 0.6836174795507172 -17.50855781413016
-13.05843313050998 1.304171537383337 -8.293186772904837
6.149684985682983 -4.303951420345037 -4.236251556180895
5.990699003240296 -6.03806297422534 -4.986583840380865
7.140036936060183 -1.337203461580116 -21.18788439276942
14.4738023785711 -3.879823708515286 -4.828242665171125
-3.740863695112118 -2.104971567474334 8.568020346676539
2.480951717715242 0.1822428740650017 10.2763396873297
10.68025486505048 4.911913630561493 -34.7859422318817
18.03222884401696 4.43267637918215 -10.84492244878408
12.33230103422573 -0.8999959189378417 -15.90979579686361
13.7228608185101 1.046339749108573 -15.53674256177961
12.86666441344728 -2.720994938592292 -15.13053100516136
-1.288263493068758 2.892387833098087 -16.07192758127123
-4.600290128550698 -5.25235056231993 4.604090634369227
3.686493903213201 -1.748631382415741 -12.46708367928365
1.835313274475682 0.492948975263152 -8.603063257326511
-3.626223388507814 -2.77415997033125 -15.60066322221104
8.462635251701453 -7.685783817278478 -4.271896457538056
4.072310921813791 -1.595177843438407 5.833650693690938
-11.97395934531375 -0.2721528001939857 -0.7605845838317311
13.71440524073515 -3.169868088554577 0.5223552701840183
15.20028701710082 0.265374262936741 -3.906952872583154
-6.439378785110685 -2.030119344933041 5.659712668719465
0.9891073167451782 1.045877374181329 0.8377322468577855
17.70577926095102 6.446610373440097 -16.80890084106508
-7.796496671663594 0.2990960146734394 -12.02672884694786
-18.14934454388885 -2.089611887931824 -7.210133315858227
34.23630510281044 -22.84431716055985 -37.68633267459872
-2.665394161536982 -3.882426082657555 -19.06304744150016
-1.008895907364812 -0.2364768709261245 -22.32578410707793
2.028934661105977 0.2008505969765724 -20.02864134364456
11.92864288067717 2.64772824895514 -13.54763151298886
-1.000616007789399 1.095092975164659 5.98590429083435
12.03372604382121 0.8560107445364202 -3.87224131534173
-10.99064574715218 -2.977453591611615 -17.88717283063107
-4.740574663523373 9.111024178617328 -28.3774170904783
4.565564955100923 -5.406835421159698 6.27965338956457
3.28401373466123 -5.443209067964416 7.055227521589863
2.163214557705296 -6.355018664265647 6.002869019332091
0.6164653443315817 5.892975511150181 -12.30611689879538
-3.784929165363745 -1.051636360644777 -17.46252577855342
-16.10447360930651 -0.5211210844715526 -5.748048383992415
5.333182123456062 -1.105702498120043 -12.6848334146919
1.015552400891665 1.157028097900102 8.559989118315245
-8.102346694433887 3.645225521048372 -2.649454135069376
1.738683138147766 -0.7210207822567833 -22.40859608453382
-3.008547608172669 12.95420831214883 -5.981307003231002
-7.245868775711778 1.394672767339554 -17.36265965118075
2.608786939696413 -5.680101866451032 -6.884328195456457
-13.25263630694621 -3.086748191877538 3.467327379744997
-28.4214518656429 -15.12914002770274 -21.42912066942236
7.317381161991966 -3.411277568144531 -5.201909320472422
10.35715631976033 -2.918657769941961 2.893716941313352
-17.95061538677722 3.638799275258697 10.43954760499726
1.490644543061447 1.895105382905206 -15.52025505306984
4.340371893027687 -4.815719399174379 -9.375764151549898
-1.833707084472467 0.500996799462031 -2.594404576278207
-7.503409469998768 6.368390755278666 10.02849992394792
-2.292276542434473 1.712315261857652 -19.46451845954605
3.23460401564394 -0.707483708475062 -13.43224769632118
10.60417912346751 7.971069866355718 -17.66590831716757
-17.93640531028284 -0.3319518036108566 -6.281258243405926
-10.53947398769517 -4.922587952522014 -0.8790747878501644
5.445218185696223 4.236471209708224 -9.736122047723097
-15.96300537311027 -0.7590132535995959 37.39211932620727
-6.642093384250499 -6.026057147535742 7.340264196540527
11.21689212344061 -1.288967505258425 -21.44084374524843
10.46752648601645 -0.3499269916308739 -20.38912258204676
18.8524182928869 -2.380362149199828 -10.08809472988955
-10.85457391872136 3.762824070470627 8.131514361478255
-2.936618844522222 -5.291402285717693 19.78158042070879
0.0007153898477554321 -5.176407907145183 -18.88270351390823
-24.23859265515097 24.78279939797141 -31.75185663070735
-6.160222676319004 -1.828910764232864 -3.340391438091616
-1.732458917830978 -7.02376499266706 -1.154910702659535
0.9709968524832503 6.051033179976648 -20.77002120373281
1.67591429821685 7.295288214535655 -20.07931106242629
12.97494845067455 -6.143083892522483 -11.8799619051542
1.959123726798749 0.998133368030342 -17.09290733829816
-6.940759208994677 -1.164274008337788 1.480874078147459
6.831604242722164 -5.278092256303152 -1.301920013950695
-8.162222346589999 -2.700130548607356 -13.45930234114554
-6.759918391080389 -2.572840523466294 -10.8008267705405
-8.020936103762123 -4.898829213387988 -2.328392737066226
-20.12024307232215 0.4742077871440549 -11.24641591735172
-18.66745145301205 0.09311780679431414 -5.243488322672536
-11.65657956161651 -6.215150971977035 -17.53040687158594
7.916244347856267 -7.210440833401218 -8.981415074186318
9.93026708597646 -7.817977976570772 -6.865955220513404
-3.000437266913398 -0.7995268069145051 -15.48041828592723
9.658051154740168 -1.084999576242551 -0.6457253938737409
-14.24175572716692 -2.134155961627833 -5.888754073650976
5.025124251979188 -1.012076578672419 2.528593909543007
1.535136861870145 4.206363689966587 -19.55080195377084
-16.73571031470933 -0.03869811514356702 -4.150608533674947
-11.89260791404715 -3.135810102859383 -12.69987817826477
11.08574296723866 4.352069634363927 -6.351574144513959
-5.268715480391513 -2.100069124259217 -12.33640117541294
6.160658531978743 -5.240317503688052 3.467630521218227
10.33150857340209 -1.974495683910379 -20.19822389370717
14.47743885030906 -0.881598500359572 -7.113052492398815
2.159168198378684 4.33238469207543 -9.548637038775269
16.61789035328205 -0.6536776349142579 -1.336215038622012
-3.569888537244057 -3.120860821181319 -7.742540250154329
-9.434788508165044 -3.151118390084624 -15.2290216641287
-19.17830116689746 8.269628152591775 1.183206367321765
1.964236817971443 0.6897429434140674 -2.989917346210109
-4.820584674378152 2.596859226806456 -5.677991860387698
-0.06467989821971631 -6.063430204159076 -27.50257655744506
-8.365542795251908 13.11809841476395 -15.60353561274624
16.50073677456942 -1.283408653157635 -8.664967262559397
-13.84219187740541 -3.247747848270051 0.7936372273940574
2.541807024434894 -3.714245430593504 -20.15297123418035
15.36074519944769 -22.08362888995534 -43.59225796494973
7.306929799491291 -2.982921361923218 -3.101434223080435
17.63697944170291 -0.4503902705627341 -5.789478308068325
18.46988517359713 0.1534359363210198 -4.646281604037066
-0.7649632661090545 1.082217284568175 18.05043588783188
23.59121603753719 -40.19683872889577 5.902684930492638
25.24723828536438 -38.62600924413413 22.97573588531856
-12.65669027777372 -1.870552077916846 9.81433786071687
-7.444418043145896 4.145814890228103 3.526349852447026
3.968907331577905 -1.681698155925741 15.42593674222606
17.99551363029319 -3.7344985648383 -5.474583016468838
-4.674184889695652 1.092267375288202 -16.75614386842642
9.025844311903947 -1.924880431998364 -4.566019273252526
-6.555612571665364 -3.456397558099795 -15.30530408658141
2.037561319911844 2.162521782288486 -19.81749766683497
-2.349347950188178 0.01590910128984979 -7.742450434644588
-5.8894341370845 -6.140823378665811 -15.43206659323079
10.37909366669901 -4.612610719950181 -2.981443655472599
-2.346017314980514 0.01455570854660193 -9.467412716455247
3.841376409385268 -4.991927258305247 -2.74094162393482
12.35305486693725 -1.071456529766595 1.357719348574072
-20.82963331584509 -38.5505074414505 2.234733676917955
-6.089016631283751 -0.2642680960715959 -23.6655391348944
2.521489424314188 0.2134736749260691 -0.2923842101309262
-3.212732900167415 -4.360284791988686 -10.39741472398853
4.04659492464191 -6.369810537037312 -23.98783930651294
5.118179797607988 0.3394744554965261 -8.691969523076464
3.947459400703558 -3.163475997597875 16.28487207062023
-3.283983229561799 -1.448722325677453 -3.776836741771504
16.95630694371604 -2.090579867362976 -6.401483265835353
16.16661510911496 -3.218498855080179 -6.346273028047676
-1.576077189107844 4.242677222469282 -18.29796135779754
5.082275427986201 1.748747946706739 -2.606079635917517
-17.81282194115468 -3.838077143843328 -3.726433682075099
16.12809544149265 -3.082344616464928 0.01556547356897697
3.886992992785779 -3.255151991297037 14.51856341768078
7.372196370921246 -2.045596450307422 -4.839225222684719
-5.76915503744398 -3.955985532733489 -3.586281460581644
15.63900356103248 -0.09489142958456798 3.396891774383143
13.81736379466818 -1.675368556410655 6.538364180753452
-5.546389673047514 -6.363118772199027 -17.89106931847421
-9.691528991733724 -4.649009110696213 -11.66591097361089
3.054505323369925 -0.8140096711710015 -7.742917692048862
-13.40140467046063 2.638710242323742 -13.87322904741863
2.038693719976649 0.2731709606589831 -13.7286216615025
2.762273569234894 -5.572159397742323 11.13439222903941
15.91775647060691 16.85285791622333 -24.13724046698312
-11.25977562792367 -2.710640224113044 -10.2130006836548
-2.113451100553778 1.647446457112643 -17.52503066565807
11.21444829349121 -1.925646841141437 -4.234198618028461
-19.59467675323981 -1.291348516941071 -7.957614390211019
-9.311364498625155 -1.959226289964386 -11.90670700849179
0.4462110526837315 -6.391971554299633 22.86172262113837
-5.921429446730727 5.379578731372025 -12.60173858726772
3.99718270767691 -11.50528497955882 14.23326779521498
8.609164817867677 -10.59782643139437 12.97547861456608
2.19639073837964 -5.918028929785259 12.84982309572718
-13.16559014225018 -8.511435444329388 4.598781915088127
11.17881933122599 -4.058252205232775 -4.27982716877404
1.781814269035667 0.7700899170826012 -15.13148414496555
1.542450437127656 0.7961745013127444 19.4011519433395
7.387548067827735 -4.347289493416643 -11.60574176058905
1.760915888771726 0.4034296026877261 -11.15593468116933
-14.71768117122112 -8.726682946410472 -7.111481347190467
-5.931953349126026 -2.766591957561343 -28.96221350057849
-4.900926004709358 -0.8104189754184343 -35.68477544593868
10.31503096162345 2.388888838468906 -11.15670168184118
6.217980252554399 -1.986863817588729 -11.03491344078207
10.19411219616352 -1.463644438343618 2.742376058490867
6.965460389399269 -2.047449658659081 -15.83752752470195
3.526485073056824 -3.117885555236699 -17.25968959398319
3.977587514566562 11.40151281395428 -10.43134860432822
29.59686807084385 21.55629356931115 39.19261979761821
5.310644663014836 -2.109312891960144 -18.91244144232535
14.80010152203442 -3.698972773978222 -11.72696408574947
8.991683086176867 -3.775924565039458 -8.856713128096958
9.265530808959424 0.4048630272959245 -8.011277968671177
-13.70975225405077 -3.567178909335396 -4.586893340576263
20.10143307433787 -2.503602453824922 -8.736739624888544
15.46832169924011 -8.371038696942549 -21.09552724142122
-9.769944136981517 -4.978083544940382 0.9544219654066524
3.962169611732709 -1.243801694741718 -17.26142508880923
9.079950884479727 -2.254687107512368 -6.757478530457378
17.15775644565177 -0.2696934010383731 -3.792729276725179
14.07573700179405 0.119523053459601 -11.44631442666738
22.32966336664519 6.221974116401417 -0.3538597971056484
23.9693998254997 12.95546200460283 -4.165479670708963
-3.591932237555237 -4.479424283392695 17.14894976130344
-10.25165052943975 -0.4264424042392962 -17.15801979041951
-25.21405225158607 32.50719648812887 15.26041873970274
8.842497141197308 0.5897126083098271 -3.620575822984927
8.220798456352311 -1.125842194400719 -21.27088296024609
19.04527185937123 8.514045197270669 -26.09001343381912
-13.20387469551546 13.84566834715765 42.82278561080678
-4.541504362238463 -5.554488855538234 2.548627966982991
-7.604267825095254 4.799447905876415 -22.69450713391221
5.982550216853158 1.684399872860264 -7.266771723636185
8.124113082891293e-05 -6.039682819711042 -15.40390353862675
13.6734738627182 -8.483089824567909 -14.643526254999
-7.476911269109567 -5.277244886363419 0.9250111938937936
0.9400136384038084 0.7560911927849012 -10.31944181952454
2.563499437590256 -4.994419756106988 -5.103258244885077
-14.93595774547813 -4.12958544543538 -11.61666793470515
0.001651583661626266 -6.943303083406016 18.86604497365862
-9.969041075241787 -2.597320338397055 -3.832417240965069
-8.908775092021688 -1.784501056352053 -3.793461506625431
-3.499961148769918 -3.856735146989941 -20.78216648458428
-18.06873112572351 -3.550295912605432 -6.701019949935316
7.70025669946235 -5.555258457025315 -6.447285200887718
-3.547205310135984 -8.700274636014679 -4.87853417902315
3.645632821240212 -3.128421613929453 -8.766995735853678
-15.64635219806464 -4.213062193694233 -3.435513647102101
-21.26859657843024 -12.31638375242222 4.95812875284853
18.21520829918778 -3.879531659950575 -9.160080969213853
-21.37261581420898 -1.249430060386658 -8.679375680352308
4.996031233135443 -1.562966810985834 -1.084676409175165
-17.86097612168663 -2.275904223514496 -9.849477399629146
-28.17263911250529 -32.04046730518986 24.34228797331961
13.67349831233931 -4.046302079383327 -2.74496768430618
-10.36654030996582 -38.12964299718187 25.3822036949141
14.53894205706009 -3.172093403743795 -6.07287094843548
1.977547798113525 -27.10765871092195 -2.402455981080606
-1.178246046984579 -6.568243246478272 6.881738744747712
14.23666018490906 -2.127156257629395 -5.604216461225411
0.6775933460424909 8.359533233475213 -14.19947466259613
8.843153210566435 -1.640080102634956 7.505771691761766
3.465045218476692 -1.811054622719676 -10.31548546387824
-3.11668731641228 -0.5623726842502048 1.249899354097597
11.06580298538269 -21.55818651178722 -27.36609171024869
33.86621891725711 19.53691941726547 2.25802339124167
5.407111760359767 -4.252595659981034 -2.153982686023566
5.62040211970083 -1.998738616464873 -24.8741764828163
5.43060322189634 -5.274953395527899 -3.231430174422383
-17.03965291697867 -3.231828988979885 -2.522042222648006
-5.018745635236934 -1.003398327385725 -16.73060896868951
-19.48769344487153 0.2965972087524145 -7.198753346039899
-5.558952936369206 -3.207583661194291 -18.24050107769075
18.3878550681343 -3.22102101596099 5.833694632594137
1.173494222003832 -6.563837027615356 -0.9027800538789044
8.062591371148637 1.851237808185043 -11.64729993361354
3.073607599644759 -0.763768917789639 -1.772843915877257
2.740047301608151e-05 1.399546550420557 16.28864316380719
18.63354458595749 -0.2748982325412789 -6.83177392116428
19.78752753198179 -0.08660944173312979 -6.652369660985735
-7.221739455975264 -1.059446979419022 -0.1587299254657151
2.887894190980759 -3.748154305294646 22.7102494650579
-11.37451655906043 -1.454446035466311 -6.064764299659398
4.222297389234647 -16.54508359911546 -17.64187811000136
-6.058490677842475 -4.991626935432678 -10.50034617594135
-3.826830420417102 -18.80659939142203 -10.05033216423806
-0.2662709529748259 4.950397113637568 21.58909017647491
-4.919873719348988 -1.031891199736936 -9.651107300969768
-16.94245813516842 -1.91355870607037 5.060696022753486
3.107350803768159 -5.448677212793871 18.01634232619895
-8.625695943780327 2.86097990068486 1.22601020734813
8.666262980446676 3.033523438583666 -9.275209464921199
7.260886353619292 -2.631707078641038 -23.31075315250749
8.02991091172839 -1.003212894711638 1.216426414539744
-10.97393132310864 -2.942010998725891 -4.581802732500414
-5.804174110627946 -7.766276486924892 9.436426581006236
-4.015237072740756 2.182244153199367 -19.21003085856509
-3.164169744824732 -4.289481450980145 -13.81335740544184
6.464015890503836 1.737740336884996 -17.01397356488654
15.85014697577147 -4.036230649694232 -2.301936933842424
-1.351891315524262 -6.483746414932654 19.73797767398749
7.86710126650493 -1.400199552191642 3.82834593979869
2.029652814347593 -5.676734619535315 -9.458218604129526
5.775315002948037 -3.150436705836549 6.256600765833054
6.640709022422834 -1.557209057084333 7.301651585697951
3.415147322196099 -4.233303955347695 -12.93586166756623
6.914278246027668 -1.315185785293579 -24.79512174424835
-7.202040495019871 -9.831372803922807 22.60145147970655
14.42831712369456 -8.301521549107015 -9.660051287976769
-11.05728757573318 -4.416425127121047 0.6815298330152276
-1.196728127752167 -6.541120686604329 -2.638645199545771
11.66874298025007 -1.307840394857634 -17.74346725713047
-5.787983536721664e-05 2.930285986976853 -23.47040266768409
6.582007240807627 0.1775988541524869 -18.78225586145855
3.59959537763106 -1.58706770614618 17.03111737177688
-12.37162469982911 -3.897171520791688 15.85523896801777
-16.95423966851853 -5.531016494440868 21.89650762526715
-3.604775651508851 -1.783036791765169 10.27663276993694
-23.6830262346312 -3.537430829741078 -9.604426421866503
-1.171911076657624 -6.570101999597085 0.8269990728835175
-8.477259310124769 -2.62988308974378 -18.07213723872329
-1.150157934286105 -4.353795004197998 -21.51572771517449
11.1754100129065 -2.808176179511299 -10.70463665540193
-15.12685676344953 -0.09568729555728091 -3.172790615618302
21.89014623437529 1.322687591790787 -10.93074495641408
-6.393597596723303 -4.124190836005704 -2.593354146756565
-2.028410225802272 -1.629139907676807 -22.75411036785187
-24.45856968877341 1.14892665321404 -0.8263345386289087
1.348158130662414 -6.478854454939881 19.73801299709018
-2.198296442245722 4.178421347119514 -9.68214354947418
-1.576706336536565 4.850448467290364 -6.983251771247701
10.32348228223181 1.517199668075337 -0.3743676893495167
-3.152720815810394 6.890208260344661 -14.51526542023275
-22.82448938879758 -4.607060189999828 -13.28385661584951
-24.10913165479784 -3.978683258833803 -18.54847526750428
2.708516352314319 0.4508893719936644 14.56623073265163
-7.791743381354177 8.653754909266631 -21.08695928851775
-1.252643351613955 -6.354642539152046 21.44184360727135
1.263551422187384 3.225778943991231 -17.87892195895088
23.96571360804172 2.415911139949881 -18.66015180692734
7.87762203169624 -15.26391451539102 -0.3995216669508119
-4.19406644427777 -0.6636085671911391 -18.72297659761989
-10.82248383336841 -4.751591348173267 -6.513847903173337
-8.841863450854504 0.3453328549789861 11.83272428484953
-8.054396012223052 4.364387888167039 14.39908371433032
-2.66983734612197 -0.3490477528587177 -17.04872021487792
-0.5415776412767787 5.920423274771598 -20.74401535954043
2.047195996889037 -5.702260491424326 -11.18321719309965
1.214486605865147 1.19543880997542 -21.73984380598514
20.38051239527081 6.816226808487761 17.86994816744121
28.13309883464714 -9.303893680757884 -27.98016546351063
-7.900678518951201 -1.46783917646025 3.943044573486046
-10.2892627790443 7.240715201566903 5.258241733819115
-2.290960802822673 -10.82226836975159 -13.77010758783794
32.00281239985582 5.875150017266643 -11.87304816795693
-0.4659091711410424 -6.468982568160587 -6.897378302830593
1.010888385894084 0.6883726945658675 -0.8763313539336846
7.276485708859332 0.05654413187259544 -10.25090020923425
-0.04457954076837156 -3.422991367145003 -23.28909641089172
-13.46143512141437 -0.4823260038443409 -7.762166507647914
-21.07606872574173 -0.5852396746565767 -7.547523232671812
-22.62826832992586 -0.2826711008440526 -6.93244405893582
-22.51592765013233 -0.478569990440927 -8.417301985048278
-6.325352198036992 0.551602713953111 -1.299759768011532
3.591259754963021 -9.577479232242476 7.255716465372934
16.41847144573956 0.4459128805842738 -15.6659075002231
-11.73011669040477 -2.330610924653644 -7.190421365837986
-10.43650924738772 -3.145791572704324 -7.33082770433127
-2.934325677002038 -0.8002867906955833 -1.733812185683243
-2.02734124813348 -5.68251593259374 -12.06835352320511
-1.934533466117605 4.03418253824156 -20.57356863934037
4.278495907783508e-05 -2.046273767948151 -24.48633991454845
19.1789831151831 -1.829835041546966 -8.017241054283341
-0.2346388423685291 9.909498150804787 -0.05744936141971713
-19.0323619456254 -8.974536368932352 -8.934675081732877
10.63871591455914 -1.142707442447718 -2.740365914572609
10.51359367834335 -1.080627265620173 -1.478918223111585
-10.99682566888155 -0.8866859590727635 -2.369683465817177
1.346584151676087 -6.484689281526665 18.00222473061686
5.547711658657605 -4.188821777838406 -10.41757418373903
3.174173273445407 -0.7406645646022973 11.13467406973662
3.353319571446897 -0.1995746589452239 12.85144774733364
-4.374667545362661 -5.826420361876631 -14.07603505668523
-11.17748126567449 10.07368792662798 -12.59158154877583
-14.37833092161449 0.04336620442766703 -14.48903722959275
-16.90693231213383 -0.8317255339767482 -14.9723165434267
-2.588433601429006 -3.794552803039551 24.45869635828815
-1.176826115107259 -3.062326022585399 25.30369001473307
-7.842084579767638 -0.07746300796795047 -9.013708665962184
12.10318995469585 -17.80553950677463 -13.83266801634725
-10.94360608922998 -0.5260602747273383 -22.00205990495621
-10.95453041940472 1.953145963532703 -17.65900254647841
-3.812432256583528 -3.134105763830113 18.93209082727158
-0.9799664254334768 -9.610264905292794 5.287573485698787
-13.72677867299784 -3.808217452234953 -7.43336845674941
-1.247972542227365 -6.215873865705264 -5.177658595701857
6.09974855083941 -3.113420078388785 -7.453629004189502
-9.307811187510998 1.377770216207547 -13.8557933750519
-5.644713710986379 1.085557838006455 1.465841249814833
-2.780710043008995 -5.000881890989047 9.687516822328917
-1.432704186185317 -10.4196123463871 -29.48604502121952
8.561422259287419 3.734803831743162 -1.194411495248082
-10.79617750787766 1.10562414004474 -6.003377954608785
4.789159213669405 -12.22430248720341 -19.92699261685568
-5.858306201966482 -1.230037048559696 -17.6788719381926
12.28435307182473 -16.41079826819248 16.3754826855939
3.001162850660902 -5.507526086717627 -1.761468369427671

CELLS 24789 118989
3 11 0 75
3 0 12 75
3 1 8 76
3 20 1 76
3 15 2 77
3 2 19 77
3 16 3 74
3 3 23 74
3 8 9 67
3 8 67 76
3 9 10 58
3 9 58 67
3 10 11 69
3 58 10 69
3 69 11 75
3 12 13 65
3 12 65 75
3 13 14 56
3 13 56 65
3 14 15 66
3 56 14 66
3 66 15 77
3 17 16 60
3 60 16 74
3 18 17 59
3 59 17 60
3 19 18 70
3 18 59 70
3 19 70 77
3 21 20 64
3 64 20 76
3 22 21 57
3 57 21 64
3 23 22 68
3 22 57 68
3 23 68 74
3 65 56 72
3 56 66 79
3 72 56 79
3 57 64 71
3 68 57 78
3 57 71 78
3 67 58 73
3 58 69 73
3 59 60 61
3 59 61 62
3 59 62 70
3 61 60 68
3 68 60 74
3 62 61 63
3 63 61 78
3 61 68 78
3 62 63 79
3 62 66 70
3 66 62 79
3 63 71 73
3 71 63 78
3 72 63 73
3 63 72 79
3 64 67 71
3 67 64 76
3 69 65 72
3 65 69 75
3 70 66 77
3 71 67 73
3 69 72 73
3 27 101 4
3 4 101 28
3 5 100 24
3 36 100 5
3 31 99 6
3 6 99 35
3 32 98 7
3 7 98 39
3 24 88 25
3 24 100 88
3 25 81 26
3 25 88 81
3 26 89 27
3 81 89 26
3 89 101 27
3 28 92 29
3 28 101 92
3 29 83 30
3 29 92 83
3 30 90 31
3 83 90 30
3 90 99 31
3 33 84 32
3 84 98 32
3 34 80 33
3 80 84 33
3 35 94 34
3 34 94 80
3 35 99 94
3 37 91 36
3 91 100 36
3 38 82 37
3 82 91 37
3 39 93 38
3 38 93 82
3 39 98 93
3 80 85 84
3 80 86 85
3 80 94 86
3 88 97 81
3 81 104 89
3 97 104 81
3 82 95 91
3 93 102 82
3 82 102 95
3 83 103 90
3 92 96 83
3 96 103 83
3 85 93 84
3 93 98 84
3 86 87 85
3 87 102 85
3 85 102 93
3 86 103 87
3 86 94 90
3 90 103 86
3 87 97 95
3 95 102 87
3 96 97 87
3 87 103 96
3 91 95 88
3 88 100 91
3 95 97 88
3 92 101 89
3 89 104 92
3 94 99 90
3 92 104 96
3 96 104 97
3 0 11 123
3 44 0 123
3 8 1 124
3 1 40 124
3 27 4 126
3 4 47 126
3 5 24 125
3 43 5 125
3 9 8 109
3 109 8 124
3 10 9 106
3 106 9 109
3 11 10 117
3 10 106 117
3 11 117 123
3 24 25 114
3 24 114 125
3 25 26 105
3 25 105 114
3 26 27 115
3 105 26 115
3 115 27 126
3 40 41 116
3 40 116 124
3 41 42 107
3 41 107 116
3 42 43 118
3 107 42 118
3 118 43 125
3 45 44 113
3 113 44 123
3 46 45 108
3 108 45 113
3 47 46 119
3 46 108 119
3 47 119 126
3 114 105 122
3 105 115 129
3 122 105 129
3 106 109 110
3 106 110 111
3 106 111 117
3 116 107 127
3 107 118 120
3 107 120 127
3 108 113 128
3 119 108 121
3 121 108 128
3 110 109 116
3 116 109 124
3 111 110 112
3 112 110 127
3 110 116 127
3 111 112 128
3 111 113 117
3 113 111 128
3 112 120 122
3 120 112 127
3 121 112 122
3 112 121 128
3 117 113 123
3 118 114 120
3 114 118 125
3 120 114 122
3 119 115 126
3 115 119 129
3 119 121 129
3 121 122 129
3 2 148 19
3 52 148 2
3 16 151 3
3 3 151 48
3 35 150 6
3 6 150 55
3 7 149 32
3 51 149 7
3 17 141 16
3 141 151 16
3 18 131 17
3 131 141 17
3 19 142 18
3 18 142 131
3 19 148 142
3 32 139 33
3 32 149 139
3 33 130 34
3 33 139 130
3 34 140 35
3 130 140 34
3 140 150 35
3 48 134 49
3 48 151 134
3 49 132 50
3 49 134 132
3 50 143 51
3 132 143 50
3 143 149 51
3 53 138 52
3 138 148 52
3 54 133 53
3 133 138 53
3 55 144 54
3 54 144 133
3 55 150 144
3 139 152 130
3 130 145 140
3 130 152 145
3 131 153 141
3 142 146 131
3 146 153 131
3 134 135 132
3 135 136 132
3 136 143 132
3 133 147 138
3 144 147 133
3 134 141 135
3 134 151 141
3 135 137 136
3 135 153 137
3 141 153 135
3 137 152 136
3 139 143 136
3 136 152 139
3 137 147 145
3 145 152 137
3 146 147 137
3 137 153 146
3 138 146 142
3 142 148 138
3 138 147 146
3 139 149 143
3 140 145 144
3 144 150 140
3 145 147 144
3 1 20 173
3 40 1 173
3 23 3 174
3 3 48 174
3 36 5 172
3 5 43 172
3 7 39 175
3 51 7 175
3 20 21 165
3 20 165 173
3 21 22 155
3 21 155 165
3 22 23 167
3 155 22 167
3 167 23 174
3 37 36 162
3 162 36 172
3 38 37 154
3 154 37 162
3 39 38 164
3 38 154 164
3 39 164 175
3 41 40 163
3 163 40 173
3 42 41 156
3 156 41 163
3 43 42 166
3 42 156 166
3 43 166 172
3 48 49 158
3 48 158 174
3 49 50 157
3 49 157 158
3 50 51 168
3 157 50 168
3 168 51 175
3 154 162 169
3 164 154 176
3 154 169 176
3 165 155 170
3 155 167 177
3 170 155 177
3 156 163 171
3 166 156 171
3 158 157 159
3 159 157 160
3 160 157 168
3 158 159 167
3 158 167 174
3 159 160 161
3 159 161 177
3 167 159 177
3 161 160 176
3 164 160 168
3 160 164 176
3 161 169 171
3 169 161 176
3 170 161 171
3 161 170 177
3 162 166 169
3 166 162 172
3 163 165 170
3 165 163 173
3 163 170 171
3 164 168 175
3 169 166 171
3 0 197 12
3 44 197 0
3 15 198 2
3 2 198 52
3 28 196 4
3 4 196 47
3 6 199 31
3 55 199 6
3 12 189 13
3 12 197 189
3 13 179 14
3 13 189 179
3 14 191 15
3 179 191 14
3 191 198 15
3 29 187 28
3 187 196 28
3 30 178 29
3 178 187 29
3 31 188 30
3 30 188 178
3 31 199 188
3 45 182 44
3 182 197 44
3 46 180 45
3 180 182 45
3 47 190 46
3 46 190 180
3 47 196 190
3 52 186 53
3 52 198 186
3 53 181 54
3 53 186 181
3 54 192 55
3 181 192 54
3 192 199 55
3 178 200 187
3 188 193 178
3 193 200 178
3 189 201 179
3 179 194 191
3 179 201 194
3 180 183 182
3 180 184 183
3 180 190 184
3 186 195 181
3 181 195 192
3 183 189 182
3 189 197 182
3 184 185 183
3 185 201 183
3 183 201 189
3 184 200 185
3 184 190 187
3 187 200 184
3 193 195 185
3 185 200 193
3 185 195 194
3 194 201 185
3 191 194 186
3 186 198 191
3 194 195 186
3 190 196 187
3 192 193 188
3 188 199 192
3 192 195 193
3 202 203 204
3 202 208 203
3 202 204 205
3 210 202 205
3 202 209 208
3 210 209 202
3 203 207 204
3 203 208 207
3 206 205 204
3 206 204 207
3 212 205 206
3 210 205 211
3 212 211 205
3 208 206 207
3 208 209 206
3 209 219 206
3 222 212 206
3 222 206 219
3 210 213 209
3 213 218 209
3 209 218 219
3 213 210 211
3 213 211 212
3 214 213 212
3 214 212 215
3 223 215 212
3 223 212 222
3 214 227 213
3 213 227 218
3 216 214 215
3 216 228 214
3 214 228 227
3 216 215 217
3 226 217 215
3 226 215 223
3 229 216 217
3 216 229 228
3 229 217 226
3 218 221 219
3 218 220 221
3 227 220 218
3 232 219 221
3 232 222 219
3 220 232 221
3 227 238 220
3 220 238 232
3 223 222 224
3 222 231 224
3 222 232 231
3 223 224 225
3 233 223 225
3 234 226 223
3 234 223 233
3 230 225 224
3 230 224 231
3 233 225 230
3 240 229 226
3 240 226 234
3 228 238 227
3 229 239 228
3 228 239 238
3 229 240 239
3 242 230 231
3 234 233 230
3 234 230 235
3 244 235 230
3 244 230 242
3 232 243 231
3 242 231 243
3 238 246 232
3 232 246 243
3 236 234 235
3 241 234 236
3 241 240 234
3 236 235 237
3 245 237 235
3 245 235 244
3 247 236 237
3 254 241 236
3 254 236 247
3 247 237 245
3 239 250 238
3 238 250 246
3 240 251 239
3 239 251 250
3 241 253 240
3 240 253 251
3 241 254 253
3 255 242 243
3 257 244 242
3 257 242 255
3 246 256 243
3 255 243 256
3 258 245 244
3 258 244 257
3 248 247 245
3 248 245 249
3 259 249 245
3 259 245 258
3 250 252 246
3 252 260 246
3 246 260 256
3 248 263 247
3 269 254 247
3 269 247 263
3 262 248 249
3 248 262 263
3 262 249 259
3 250 251 252
3 251 261 252
3 253 266 251
3 251 266 261
3 252 261 260
3 254 267 253
3 253 267 266
3 254 269 267
3 260 255 256
3 271 257 255
3 260 261 255
3 261 272 255
3 271 255 272
3 273 258 257
3 273 257 271
3 274 259 258
3 274 258 273
3 264 262 259
3 264 259 265
3 275 265 259
3 275 259 274
3 266 268 261
3 268 276 261
3 261 276 272
3 270 263 262
3 264 279 262
3 285 270 262
3 285 262 279
3 270 269 263
3 278 264 265
3 264 278 279
3 278 265 275
3 266 267 268
3 267 277 268
3 269 282 267
3 267 282 277
3 268 277 276
3 270 283 269
3 269 283 282
3 270 285 283
3 286 271 272
3 288 273 271
3 288 271 286
3 276 287 272
3 286 272 287
3 289 274 273
3 289 273 288
3 290 275 274
3 290 274 289
3 280 278 275
3 280 275 281
3 291 281 275
3 291 275 290
3 277 292 276
3 276 292 287
3 282 284 277
3 284 293 277
3 277 293 292
3 278 295 279
3 280 296 278
3 278 296 295
3 283 279 284
3 283 285 279
3 279 294 284
3 279 295 294
3 297 280 281
3 280 297 296
3 297 281 291
3 282 283 284
3 284 294 293
3 298 286 287
3 300 288 286
3 300 286 298
3 292 299 287
3 298 287 299
3 301 289 288
3 301 288 300
3 302 290 289
3 302 289 301
3 303 291 290
3 303 290 302
3 309 297 291
3 309 291 303
3 293 304 292
3 292 304 299
3 294 305 293
3 293 305 304
3 295 306 294
3 294 306 305
3 296 307 295
3 295 307 306
3 297 308 296
3 296 308 307
3 297 309 308
3 304 298 299
3 312 300 298
3 304 305 298
3 305 313 298
3 312 298 313
3 314 301 300
3 314 300 312
3 317 302 301
3 317 301 314
3 319 303 302
3 319 302 317
3 310 309 303
3 310 303 311
3 321 311 303
3 321 303 319
3 306 322 305
3 305 322 313
3 307 323 306
3 306 323 322
3 308 324 307
3 307 324 323
3 309 325 308
3 308 325 324
3 310 326 309
3 309 326 325
3 327 310 311
3 310 327 326
3 327 311 321
3 342 312 313
3 314 312 315
3 312 339 315
3 312 342 339
3 322 343 313
3 342 313 343
3 314 315 316
3 317 314 316
3 338 316 315
3 338 315 339
3 317 316 318
3 340 318 316
3 340 316 338
3 319 317 318
3 319 318 320
3 341 320 318
3 341 318 340
3 344 319 320
3 345 321 319
3 345 319 344
3 344 320 341
3 352 327 321
3 352 321 345
3 323 347 322
3 322 347 343
3 324 348 323
3 323 348 347
3 325 349 324
3 324 349 348
3 326 350 325
3 325 350 349
3 327 351 326
3 326 351 350
3 327 352 351
3 328 329 330
3 328 334 329
3 328 330 331
3 335 328 331
3 328 335 334
3 329 333 330
3 329 334 333
3 332 331 330
3 332 330 333
3 335 331 332
3 426 332 333
3 336 335 332
3 336 332 337
3 428 337 332
3 428 332 426
3 334 427 333
3 426 333 427
3 335 433 334
3 334 433 427
3 336 434 335
3 335 434 433
3 435 336 337
3 336 435 434
3 435 337 428
3 353 338 339
3 355 340 338
3 355 338 353
3 342 354 339
3 353 339 354
3 356 341 340
3 356 340 355
3 345 344 341
3 345 341 346
3 357 346 341
3 357 341 356
3 347 342 343
3 347 348 342
3 348 358 342
3 342 358 354
3 359 345 346
3 823 352 345
3 825 345 359
3 823 345 824
3 825 824 345
3 359 346 357
3 349 360 348
3 348 360 358
3 350 361 349
3 349 361 360
3 351 362 350
3 350 362 361
3 352 363 351
3 351 363 362
3 352 364 363
3 823 364 352
3 365 353 354
3 367 355 353
3 367 353 365
3 358 366 354
3 365 354 366
3 368 356 355
3 368 355 367
3 369 357 356
3 369 356 368
3 825 359 357
3 828 357 369
3 825 357 826
3 828 826 357
3 360 370 358
3 358 370 366
3 361 371 360
3 360 371 370
3 362 372 361
3 361 372 371
3 363 374 362
3 362 374 372
3 364 375 363
3 363 375 374
3 364 376 375
3 827 376 364
3 823 827 364
3 377 365 366
3 379 367 365
3 379 365 377
3 370 378 366
3 377 366 378
3 380 368 367
3 380 367 379
3 381 369 368
3 381 368 380
3 834 369 381
3 834 828 369
3 371 373 370
3 373 382 370
3 370 382 378
3 371 372 373
3 372 383 373
3 374 384 372
3 372 384 383
3 373 383 382
3 375 385 374
3 374 385 384
3 376 387 375
3 375 387 385
3 376 388 387
3 832 388 376
3 827 832 376
3 382 377 378
3 389 379 377
3 382 383 377
3 383 390 377
3 389 377 390
3 391 380 379
3 391 379 389
3 392 381 380
3 392 380 391
3 841 381 392
3 841 834 381
3 384 386 383
3 386 393 383
3 383 393 390
3 384 385 386
3 385 394 386
3 387 395 385
3 385 395 394
3 386 394 393
3 388 396 387
3 387 396 395
3 388 398 396
3 839 398 388
3 832 839 388
3 399 389 390
3 401 391 389
3 401 389 399
3 393 400 390
3 399 390 400
3 402 392 391
3 402 391 401
3 851 392 402
3 851 841 392
3 394 403 393
3 393 403 400
3 395 397 394
3 397 404 394
3 394 404 403
3 395 396 397
3 396 405 397
3 398 406 396
3 396 406 405
3 397 405 404
3 398 407 406
3 848 407 398
3 839 848 398
3 409 399 400
3 411 401 399
3 411 399 409
3 403 410 400
3 409 400 410
3 412 402 401
3 412 401 411
3 860 402 412
3 860 851 402
3 404 413 403
3 403 413 410
3 405 414 404
3 404 414 413
3 406 408 405
3 408 415 405
3 405 415 414
3 406 407 408
3 407 416 408
3 407 417 416
3 857 417 407
3 848 857 407
3 408 416 415
3 413 409 410
3 418 411 409
3 413 414 409
3 414 419 409
3 418 409 419
3 420 412 411
3 420 411 418
3 872 412 420
3 872 860 412
3 415 423 414
3 414 423 419
3 416 424 415
3 415 424 423
3 417 869 416
3 416 425 424
3 869 425 416
3 857 868 417
3 417 868 869
3 700 418 419
3 420 418 421
3 418 699 421
3 418 700 699
3 423 701 419
3 700 419 701
3 420 421 422
3 872 420 422
3 698 422 421
3 698 421 699
3 892 422 698
3 872 422 873
3 892 873 422
3 424 702 423
3 423 702 701
3 425 703 424
3 424 703 702
3 425 704 703
3 882 704 425
3 869 882 425
3 440 426 427
3 428 426 429
3 426 438 429
3 426 440 438
3 433 441 427
3 440 427 441
3 428 429 430
3 431 428 430
3 436 428 431
3 436 435 428
3 437 430 429
3 437 429 438
3 431 430 432
3 439 432 430
3 439 430 437
3 442 431 432
3 446 436 431
3 446 431 442
3 442 432 439
3 434 443 433
3 433 443 441
3 435 444 434
3 434 444 443
3 436 445 435
3 435 445 444
3 436 446 445
3 447 437 438
3 449 439 437
3 449 437 447
3 440 448 438
3 447 438 448
3 494 442 439
3 497 439 449
3 494 439 495
3 497 495 439
3 443 440 441
3 443 444 440
3 444 450 440
3 440 450 448
3 496 446 442
3 496 442 494
3 445 451 444
3 444 451 450
3 446 452 445
3 445 452 451
3 446 454 452
3 496 454 446
3 455 447 448
3 457 449 447
3 457 447 455
3 450 456 448
3 455 448 456
3 505 449 457
3 505 497 449
3 451 453 450
3 453 458 450
3 450 458 456
3 451 452 453
3 452 459 453
3 454 460 452
3 452 460 459
3 453 459 458
3 454 461 460
3 503 461 454
3 496 503 454
3 458 455 456
3 462 457 455
3 458 459 455
3 459 463 455
3 462 455 463
3 515 457 462
3 515 505 457
3 460 464 459
3 459 464 463
3 461 465 460
3 460 465 464
3 461 466 465
3 512 466 461
3 503 512 461
3 468 462 463
3 532 462 468
3 532 515 462
3 464 469 463
3 468 463 469
3 465 467 464
3 467 470 464
3 464 470 469
3 465 466 467
3 466 471 467
3 466 472 471
3 523 472 466
3 512 523 466
3 467 471 470
3 473 468 469
3 571 468 473
3 571 532 468
3 470 474 469
3 473 469 474
3 471 477 470
3 470 477 474
3 472 480 471
3 471 480 477
3 472 481 480
3 550 481 472
3 523 550 472
3 473 474 475
3 473 475 476
3 571 473 476
3 474 484 475
3 477 479 474
3 485 474 479
3 474 485 484
3 483 476 475
3 483 475 484
3 598 476 483
3 571 476 572
3 598 572 476
3 477 478 479
3 477 487 478
3 481 477 480
3 481 482 477
3 482 490 477
3 477 490 487
3 478 486 479
3 478 487 486
3 485 479 486
3 481 491 482
3 481 493 491
3 574 493 481
3 550 574 481
3 482 491 490
3 1342 483 484
3 1420 598 483
3 1420 483 1342
3 485 1343 484
3 1342 484 1343
3 1346 485 486
3 485 1346 1343
3 487 489 486
3 1344 486 489
3 1346 486 1344
3 487 488 489
3 487 1347 488
3 491 487 490
3 491 492 487
3 492 1348 487
3 487 1348 1347
3 488 1345 489
3 488 1347 1345
3 1344 489 1345
3 491 1349 492
3 493 1350 491
3 491 1350 1349
3 492 1349 1348
3 574 602 493
3 603 493 602
3 603 604 493
3 604 1352 493
3 493 1352 1350
3 498 494 495
3 503 496 494
3 503 494 498
3 498 495 497
3 499 498 497
3 499 497 500
3 506 500 497
3 506 497 505
3 504 498 499
3 504 503 498
3 501 499 500
3 501 509 499
3 513 504 499
3 513 499 509
3 501 500 502
3 507 502 500
3 507 500 506
3 508 501 502
3 501 508 509
3 508 502 507
3 504 512 503
3 504 513 512
3 516 506 505
3 516 505 515
3 517 507 506
3 517 506 516
3 510 508 507
3 510 507 511
3 518 511 507
3 518 507 517
3 514 509 508
3 510 520 508
3 525 514 508
3 525 508 520
3 514 513 509
3 519 510 511
3 510 519 520
3 519 511 518
3 513 523 512
3 514 524 513
3 513 524 523
3 514 525 524
3 533 516 515
3 533 515 532
3 534 517 516
3 534 516 533
3 537 518 517
3 537 517 534
3 521 519 518
3 521 518 522
3 539 522 518
3 539 518 537
3 519 545 520
3 521 544 519
3 519 544 545
3 552 525 520
3 552 520 545
3 546 521 522
3 521 546 544
3 546 522 539
3 524 550 523
3 525 551 524
3 524 551 550
3 525 552 551
3 526 527 528
3 542 527 526
3 526 528 529
3 530 526 529
3 543 526 530
3 543 542 526
3 527 559 528
3 541 540 527
3 570 527 540
3 542 541 527
3 527 570 559
3 558 529 528
3 558 528 559
3 530 529 531
3 560 531 529
3 560 529 558
3 610 530 531
3 626 543 530
3 626 530 610
3 650 531 560
3 610 531 611
3 650 611 531
3 573 533 532
3 573 532 571
3 534 533 535
3 533 564 535
3 533 573 564
3 534 535 536
3 537 534 536
3 563 536 535
3 563 535 564
3 537 536 538
3 565 538 536
3 565 536 563
3 539 537 538
3 539 538 540
3 568 540 538
3 568 538 565
3 541 539 540
3 547 539 541
3 547 546 539
3 570 540 568
3 548 541 542
3 548 547 541
3 549 542 543
3 549 548 542
3 634 549 543
3 634 543 626
3 553 545 544
3 554 544 546
3 554 553 544
3 553 552 545
3 555 546 547
3 555 554 546
3 556 547 548
3 556 555 547
3 557 548 549
3 557 556 548
3 642 557 549
3 642 549 634
3 551 574 550
3 552 575 551
3 551 575 574
3 553 576 552
3 552 576 575
3 554 577 553
3 553 577 576
3 555 578 554
3 554 578 577
3 556 579 555
3 555 579 578
3 557 580 556
3 556 580 579
3 557 581 580
3 642 581 557
3 596 558 559
3 560 558 561
3 558 591 561
3 558 596 591
3 570 569 559
3 595 559 569
3 596 559 595
3 560 561 562
3 650 560 562
3 590 562 561
3 590 561 591
3 682 562 590
3 650 562 651
3 682 651 562
3 600 563 564
3 565 563 566
3 563 593 566
3 563 600 593
3 573 572 564
3 599 564 572
3 600 564 599
3 565 566 567
3 568 565 567
3 592 567 566
3 592 566 593
3 568 567 569
3 594 569 567
3 594 567 592
3 570 568 569
3 595 569 594
3 573 571 572
3 599 572 598
3 582 574 575
3 582 583 574
3 583 602 574
3 584 575 576
3 584 582 575
3 585 576 577
3 585 584 576
3 586 577 578
3 586 585 577
3 587 578 579
3 587 586 578
3 588 579 580
3 588 587 579
3 589 580 581
3 589 588 580
3 674 589 581
3 642 666 581
3 674 581 666
3 582 603 583
3 584 605 582
3 582 605 603
3 583 603 602
3 1312 584 585
3 584 606 605
3 1313 606 584
3 1312 1313 584
3 1314 585 586
3 1314 1312 585
3 1315 586 587
3 1315 1314 586
3 588 608 587
3 1321 587 608
3 1321 1315 587
3 589 607 588
3 588 607 608
3 589 609 607
3 674 609 589
3 1413 590 591
3 1526 682 590
3 1526 590 1413
3 596 597 591
3 1411 591 597
3 1413 591 1411
3 1416 592 593
3 1417 594 592
3 1417 592 1416
3 600 601 593
3 1414 593 601
3 1416 593 1414
3 1418 595 594
3 1418 594 1417
3 596 595 597
3 595 1412 597
3 595 1418 1412
3 1411 597 1412
3 1421 599 598
3 1421 598 1420
3 600 599 601
3 599 1415 601
3 599 1421 1415
3 1414 601 1415
3 1316 604 603
3 1317 603 605
3 1317 1316 603
3 1316 1293 604
3 1293 1353 604
3 604 1353 1352
3 1318 605 606
3 1318 1317 605
3 1313 1318 606
3 1322 608 607
3 1323 607 609
3 1323 1322 607
3 1322 1321 608
3 674 690 609
3 690 1461 609
3 2457 1323 609
3 2457 609 1461
3 612 610 611
3 627 610 612
3 627 626 610
3 612 611 613
3 652 613 611
3 652 611 650
3 614 612 613
3 628 612 614
3 628 627 612
3 614 613 615
3 654 615 613
3 654 613 652
3 616 614 615
3 629 614 616
3 629 628 614
3 616 615 617
3 656 617 615
3 656 615 654
3 618 616 617
3 630 616 618
3 630 629 616
3 618 617 619
3 658 619 617
3 658 617 656
3 620 618 619
3 631 618 620
3 631 630 618
3 620 619 621
3 660 621 619
3 660 619 658
3 622 620 621
3 632 620 622
3 632 631 620
3 622 621 623
3 662 623 621
3 662 621 660
3 624 622 623
3 633 622 624
3 633 632 622
3 624 623 625
3 664 625 623
3 664 623 662
3 745 624 625
3 754 633 624
3 754 624 745
3 782 625 664
3 745 625 746
3 782 746 625
3 635 626 627
3 635 634 626
3 636 627 628
3 636 635 627
3 637 628 629
3 637 636 628
3 638 629 630
3 638 637 629
3 639 630 631
3 639 638 630
3 640 631 632
3 640 639 631
3 641 632 633
3 641 640 632
3 762 641 633
3 762 633 754
3 643 634 635
3 643 642 634
3 644 635 636
3 644 643 635
3 645 636 637
3 645 644 636
3 646 637 638
3 646 645 637
3 647 638 639
3 647 646 638
3 648 639 640
3 648 647 639
3 649 640 641
3 649 648 640
3 770 649 641
3 770 641 762
3 643 666 642
3 644 667 643
3 643 667 666
3 645 668 644
3 644 668 667
3 646 669 645
3 645 669 668
3 647 670 646
3 646 670 669
3 648 671 647
3 647 671 670
3 649 672 648
3 648 672 671
3 649 673 672
3 770 673 649
3 652 650 651
3 652 651 653
3 683 653 651
3 683 651 682
3 654 652 653
3 654 653 655
3 684 655 653
3 684 653 683
3 656 654 655
3 656 655 657
3 685 657 655
3 685 655 684
3 658 656 657
3 658 657 659
3 686 659 657
3 686 657 685
3 660 658 659
3 660 659 661
3 687 661 659
3 687 659 686
3 662 660 661
3 662 661 663
3 688 663 661
3 688 661 687
3 664 662 663
3 664 663 665
3 689 665 663
3 689 663 688
3 782 664 665
3 807 665 689
3 782 665 783
3 807 783 665
3 675 666 667
3 675 674 666
3 676 667 668
3 676 675 667
3 677 668 669
3 677 676 668
3 678 669 670
3 678 677 669
3 679 670 671
3 679 678 670
3 680 671 672
3 680 679 671
3 681 672 673
3 681 680 672
3 799 681 673
3 770 791 673
3 799 673 791
3 675 690 674
3 676 691 675
3 675 691 690
3 677 692 676
3 676 692 691
3 678 693 677
3 677 693 692
3 679 694 678
3 678 694 693
3 680 695 679
3 679 695 694
3 681 696 680
3 680 696 695
3 681 697 696
3 799 697 681
3 1527 683 682
3 1527 682 1526
3 1528 684 683
3 1528 683 1527
3 1529 685 684
3 1529 684 1528
3 1530 686 685
3 1530 685 1529
3 1531 687 686
3 1531 686 1530
3 1532 688 687
3 1532 687 1531
3 1533 689 688
3 1533 688 1532
3 1614 807 689
3 1614 689 1533
3 691 1534 690
3 690 1534 1461
3 692 1535 691
3 691 1535 1534
3 693 1536 692
3 692 1536 1535
3 694 1537 693
3 693 1537 1536
3 695 1538 694
3 694 1538 1537
3 696 1539 695
3 695 1539 1538
3 697 1540 696
3 696 1540 1539
3 799 815 697
3 815 1541 697
3 697 1541 1540
3 705 698 699
3 906 698 705
3 906 892 698
3 700 706 699
3 705 699 706
3 707 700 701
3 700 707 706
3 702 708 701
3 707 701 708
3 703 709 702
3 702 709 708
3 704 710 703
3 703 710 709
3 704 711 710
3 900 711 704
3 882 900 704
3 712 705 706
3 922 705 712
3 922 906 705
3 707 713 706
3 712 706 713
3 709 707 708
3 709 710 707
3 710 714 707
3 707 714 713
3 711 717 710
3 710 717 714
3 711 718 717
3 915 718 711
3 900 915 711
3 721 712 713
3 940 712 721
3 940 922 712
3 714 716 713
3 719 713 716
3 721 713 719
3 714 715 716
3 714 722 715
3 717 723 714
3 714 723 722
3 715 720 716
3 715 722 720
3 719 716 720
3 718 724 717
3 717 724 723
3 718 725 724
3 932 725 718
3 915 932 718
3 726 719 720
3 728 721 719
3 728 719 726
3 722 727 720
3 726 720 727
3 957 721 728
3 957 940 721
3 723 729 722
3 722 729 727
3 724 732 723
3 723 732 729
3 725 735 724
3 724 735 732
3 725 736 735
3 949 736 725
3 932 949 725
3 741 726 727
3 743 728 726
3 743 726 741
3 729 731 727
3 737 727 731
3 741 727 737
3 981 728 743
3 981 957 728
3 729 730 731
3 733 730 729
3 735 729 732
3 735 733 729
3 730 738 731
3 733 734 730
3 734 753 730
3 730 753 738
3 737 731 738
3 733 758 734
3 735 759 733
3 733 759 758
3 734 758 753
3 736 760 735
3 735 760 759
3 736 761 760
3 965 761 736
3 949 965 736
3 737 738 739
3 737 739 740
3 741 737 740
3 738 779 739
3 753 752 738
3 790 738 752
3 738 790 779
3 778 740 739
3 778 739 779
3 741 740 742
3 780 742 740
3 780 740 778
3 743 741 742
3 743 742 744
3 781 744 742
3 781 742 780
3 981 743 744
3 1014 744 781
3 981 744 982
3 1014 982 744
3 747 745 746
3 755 745 747
3 755 754 745
3 747 746 748
3 784 748 746
3 784 746 782
3 749 747 748
3 756 747 749
3 756 755 747
3 749 748 750
3 786 750 748
3 786 748 784
3 751 749 750
3 757 749 751
3 757 756 749
3 751 750 752
3 788 752 750
3 788 750 786
3 753 751 752
3 758 751 753
3 758 757 751
3 790 752 788
3 763 754 755
3 763 762 754
3 764 755 756
3 764 763 755
3 765 756 757
3 765 764 756
3 766 757 758
3 766 765 757
3 767 758 759
3 767 766 758
3 768 759 760
3 768 767 759
3 769 760 761
3 769 768 760
3 998 769 761
3 965 997 761
3 998 761 997
3 771 762 763
3 771 770 762
3 772 763 764
3 772 771 763
3 773 764 765
3 773 772 764
3 774 765 766
3 774 773 765
3 775 766 767
3 775 774 766
3 776 767 768
3 776 775 767
3 777 768 769
3 777 776 768
3 1006 777 769
3 1006 769 998
3 771 791 770
3 772 792 771
3 771 792 791
3 773 793 772
3 772 793 792
3 774 794 773
3 773 794 793
3 775 795 774
3 774 795 794
3 776 796 775
3 775 796 795
3 777 797 776
3 776 797 796
3 777 798 797
3 1006 798 777
3 812 778 779
3 813 780 778
3 813 778 812
3 790 789 779
3 811 779 789
3 812 779 811
3 814 781 780
3 814 780 813
3 1038 781 814
3 1038 1014 781
3 784 782 783
3 784 783 785
3 808 785 783
3 808 783 807
3 786 784 785
3 786 785 787
3 809 787 785
3 809 785 808
3 788 786 787
3 788 787 789
3 810 789 787
3 810 787 809
3 790 788 789
3 811 789 810
3 800 791 792
3 800 799 791
3 801 792 793
3 801 800 792
3 802 793 794
3 802 801 793
3 803 794 795
3 803 802 794
3 804 795 796
3 804 803 795
3 805 796 797
3 805 804 796
3 806 797 798
3 806 805 797
3 1030 806 798
3 1006 1022 798
3 1030 798 1022
3 800 815 799
3 801 816 800
3 800 816 815
3 802 817 801
3 801 817 816
3 803 818 802
3 802 818 817
3 804 819 803
3 803 819 818
3 805 820 804
3 804 820 819
3 806 821 805
3 805 821 820
3 806 822 821
3 1030 822 806
3 1615 808 807
3 1615 807 1614
3 1616 809 808
3 1616 808 1615
3 1617 810 809
3 1617 809 1616
3 1618 811 810
3 1618 810 1617
3 1619 812 811
3 1619 811 1618
3 1620 813 812
3 1620 812 1619
3 1621 814 813
3 1621 813 1620
3 1963 1038 814
3 1963 814 1621
3 816 1622 815
3 815 1622 1541
3 817 1623 816
3 816 1623 1622
3 818 1624 817
3 817 1624 1623
3 819 1625 818
3 818 1625 1624
3 820 1626 819
3 819 1626 1625
3 821 1627 820
3 820 1627 1626
3 822 1628 821
3 821 1628 1627
3 1030 1046 822
3 1046 1629 822
3 822 1629 1628
3 827 823 824
3 827 824 825
3 829 825 826
3 832 827 825
3 832 825 829
3 829 826 828
3 830 829 828
3 830 828 831
3 835 831 828
3 835 828 834
3 833 829 830
3 833 832 829
3 836 830 831
3 840 833 830
3 840 830 836
3 836 831 835
3 833 839 832
3 833 840 839
3 842 835 834
3 842 834 841
3 837 836 835
3 837 835 838
3 843 838 835
3 843 835 842
3 837 845 836
3 849 840 836
3 849 836 845
3 844 837 838
3 837 844 845
3 844 838 843
3 840 848 839
3 840 849 848
3 852 842 841
3 852 841 851
3 853 843 842
3 853 842 852
3 846 844 843
3 846 843 847
3 854 847 843
3 854 843 853
3 850 845 844
3 846 856 844
3 859 850 844
3 859 844 856
3 850 849 845
3 855 846 847
3 846 855 856
3 855 847 854
3 849 857 848
3 850 858 849
3 849 858 857
3 850 859 858
3 861 852 851
3 861 851 860
3 862 853 852
3 862 852 861
3 863 854 853
3 863 853 862
3 864 855 854
3 864 854 863
3 855 865 856
3 855 864 865
3 871 859 856
3 871 856 865
3 858 868 857
3 859 870 858
3 858 870 868
3 859 871 870
3 874 861 860
3 874 860 872
3 876 862 861
3 876 861 874
3 878 863 862
3 878 862 876
3 866 864 863
3 866 863 867
3 880 867 863
3 880 863 878
3 864 884 865
3 866 883 864
3 864 883 884
3 891 871 865
3 891 865 884
3 885 866 867
3 866 885 883
3 885 867 880
3 868 882 869
3 870 888 868
3 868 888 882
3 871 889 870
3 870 889 888
3 871 891 889
3 874 872 873
3 874 873 875
3 893 875 873
3 893 873 892
3 876 874 875
3 876 875 877
3 894 877 875
3 894 875 893
3 878 876 877
3 878 877 879
3 895 879 877
3 895 877 894
3 880 878 879
3 880 879 881
3 896 881 879
3 896 879 895
3 897 880 881
3 886 885 880
3 886 880 887
3 898 887 880
3 898 880 897
3 897 881 896
3 888 890 882
3 890 900 882
3 883 902 884
3 885 903 883
3 883 903 902
3 889 884 890
3 889 891 884
3 884 901 890
3 884 902 901
3 886 904 885
3 885 904 903
3 905 886 887
3 886 905 904
3 905 887 898
3 888 889 890
3 890 901 900
3 907 893 892
3 907 892 906
3 908 894 893
3 908 893 907
3 909 895 894
3 909 894 908
3 910 896 895
3 910 895 909
3 898 897 896
3 898 896 899
3 911 899 896
3 911 896 910
3 912 898 899
3 920 905 898
3 920 898 912
3 912 899 911
3 901 915 900
3 902 916 901
3 901 916 915
3 903 917 902
3 902 917 916
3 904 918 903
3 903 918 917
3 905 919 904
3 904 919 918
3 905 920 919
3 923 907 906
3 923 906 922
3 924 908 907
3 924 907 923
3 925 909 908
3 925 908 924
3 926 910 909
3 926 909 925
3 927 911 910
3 927 910 926
3 913 912 911
3 913 911 914
3 928 914 911
3 928 911 927
3 921 912 913
3 921 920 912
3 929 913 914
3 938 921 913
3 938 913 929
3 929 914 928
3 916 932 915
3 917 933 916
3 916 933 932
3 918 934 917
3 917 934 933
3 919 935 918
3 918 935 934
3 920 936 919
3 919 936 935
3 921 937 920
3 920 937 936
3 921 938 937
3 941 923 922
3 941 922 940
3 942 924 923
3 942 923 941
3 943 925 924
3 943 924 942
3 944 926 925
3 944 925 943
3 945 927 926
3 945 926 944
3 946 928 927
3 946 927 945
3 930 929 928
3 930 928 931
3 947 931 928
3 947 928 946
3 939 929 930
3 939 938 929
3 948 930 931
3 956 939 930
3 956 930 948
3 948 931 947
3 933 949 932
3 934 950 933
3 933 950 949
3 935 951 934
3 934 951 950
3 936 952 935
3 935 952 951
3 937 953 936
3 936 953 952
3 938 954 937
3 937 954 953
3 939 955 938
3 938 955 954
3 939 956 955
3 958 941 940
3 958 940 957
3 959 942 941
3 959 941 958
3 960 943 942
3 960 942 959
3 961 944 943
3 961 943 960
3 962 945 944
3 962 944 961
3 963 946 945
3 963 945 962
3 964 947 946
3 964 946 963
3 1054 948 947
3 1057 947 964
3 1054 947 1055
3 1057 1055 947
3 1056 956 948
3 1056 948 1054
3 950 965 949
3 951 966 950
3 950 966 965
3 952 967 951
3 951 967 966
3 953 968 952
3 952 968 967
3 954 969 953
3 953 969 968
3 955 970 954
3 954 970 969
3 956 971 955
3 955 971 970
3 956 972 971
3 1056 972 956
3 983 958 957
3 983 957 981
3 985 959 958
3 985 958 983
3 987 960 959
3 987 959 985
3 989 961 960
3 989 960 987
3 991 962 961
3 991 961 989
3 993 963 962
3 993 962 991
3 995 964 963
3 995 963 993
3 1067 964 995
3 1067 1057 964
3 973 965 966
3 973 974 965
3 974 997 965
3 975 966 967
3 975 973 966
3 976 967 968
3 976 975 967
3 977 968 969
3 977 976 968
3 978 969 970
3 978 977 969
3 979 970 971
3 979 978 970
3 980 971 972
3 980 979 971
3 1066 980 972
3 1056 1063 972
3 1066 972 1063
3 973 998 974
3 975 999 973
3 973 999 998
3 974 998 997
3 976 1000 975
3 975 1000 999
3 977 1001 976
3 976 1001 1000
3 978 1002 977
3 977 1002 1001
3 979 1003 978
3 978 1003 1002
3 980 1004 979
3 979 1004 1003
3 980 1005 1004
3 1066 1005 980
3 983 981 982
3 983 982 984
3 1015 984 982
3 1015 982 1014
3 985 983 984
3 985 984 986
3 1016 986 984
3 1016 984 1015
3 987 985 986
3 987 986 988
3 1017 988 986
3 1017 986 1016
3 989 987 988
3 989 988 990
3 1018 990 988
3 1018 988 1017
3 991 989 990
3 991 990 992
3 1019 992 990
3 1019 990 1018
3 993 991 992
3 993 992 994
3 1020 994 992
3 1020 992 1019
3 995 993 994
3 995 994 996
3 1021 996 994
3 1021 994 1020
3 1067 995 996
3 1108 996 1021
3 1067 996 1068
3 1108 1068 996
3 1007 998 999
3 1007 1006 998
3 1008 999 1000
3 1008 1007 999
3 1009 1000 1001
3 1009 1008 1000
3 1010 1001 1002
3 1010 1009 1001
3 1011 1002 1003
3 1011 1010 1002
3 1012 1003 1004
3 1012 1011 1003
3 1013 1004 1005
3 1013 1012 1004
3 1100 1013 1005
3 1066 1092 1005
3 1100 1005 1092
3 1007 1022 1006
3 1008 1023 1007
3 1007 1023 1022
3 1009 1024 1008
3 1008 1024 1023
3 1010 1025 1009
3 1009 1025 1024
3 1011 1026 1010
3 1010 1026 1025
3 1012 1027 1011
3 1011 1027 1026
3 1013 1028 1012
3 1012 1028 1027
3 1013 1029 1028
3 1100 1029 1013
3 1039 1015 1014
3 1039 1014 1038
3 1040 1016 1015
3 1040 1015 1039
3 1041 1017 1016
3 1041 1016 1040
3 1042 1018 1017
3 1042 1017 1041
3 1043 1019 1018
3 1043 1018 1042
3 1044 1020 1019
3 1044 1019 1043
3 1045 1021 1020
3 1045 1020 1044
3 1138 1021 1045
3 1138 1108 1021
3 1031 1022 1023
3 1031 1030 1022
3 1032 1023 1024
3 1032 1031 1023
3 1033 1024 1025
3 1033 1032 1024
3 1034 1025 1026
3 1034 1033 1025
3 1035 1026 1027
3 1035 1034 1026
3 1036 1027 1028
3 1036 1035 1027
3 1037 1028 1029
3 1037 1036 1028
3 1130 1037 1029
3 1100 1122 1029
3 1130 1029 1122
3 1031 1046 1030
3 1032 1047 1031
3 1031 1047 1046
3 1033 1048 1032
3 1032 1048 1047
3 1034 1049 1033
3 1033 1049 1048
3 1035 1050 1034
3 1034 1050 1049
3 1036 1051 1035
3 1035 1051 1050
3 1037 1052 1036
3 1036 1052 1051
3 1037 1053 1052
3 1130 1053 1037
3 1964 1039 1038
3 1964 1038 1963
3 1965 1040 1039
3 1965 1039 1964
3 1966 1041 1040
3 1966 1040 1965
3 1967 1042 1041
3 1967 1041 1966
3 1968 1043 1042
3 1968 1042 1967
3 1969 1044 1043
3 1969 1043 1968
3 1970 1045 1044
3 1970 1044 1969
3 2125 1138 1045
3 2125 1045 1970
3 1047 1971 1046
3 1046 1971 1629
3 1048 1972 1047
3 1047 1972 1971
3 1049 1973 1048
3 1048 1973 1972
3 1050 1974 1049
3 1049 1974 1973
3 1051 1975 1050
3 1050 1975 1974
3 1052 1976 1051
3 1051 1976 1975
3 1053 1977 1052
3 1052 1977 1976
3 1130 1146 1053
3 1146 1978 1053
3 1053 1978 1977
3 1058 1054 1055
3 1063 1056 1054
3 1063 1054 1058
3 1058 1055 1057
3 1059 1058 1057
3 1059 1057 1060
3 1069 1060 1057
3 1069 1057 1067
3 1064 1058 1059
3 1064 1063 1058
3 1061 1059 1060
3 1065 1059 1061
3 1065 1064 1059
3 1061 1060 1062
3 1071 1062 1060
3 1071 1060 1069
3 1073 1061 1062
3 1086 1065 1061
3 1086 1061 1073
3 1073 1062 1071
3 1064 1085 1063
3 1092 1066 1063
3 1092 1063 1085
3 1065 1084 1064
3 1064 1084 1085
3 1065 1086 1084
3 1069 1067 1068
3 1069 1068 1070
3 1109 1070 1068
3 1109 1068 1108
3 1071 1069 1070
3 1071 1070 1072
3 1110 1072 1070
3 1110 1070 1109
3 1111 1071 1072
3 1074 1073 1071
3 1074 1071 1075
3 1112 1075 1071
3 1112 1071 1111
3 1111 1072 1110
3 1087 1073 1074
3 1087 1086 1073
3 1076 1074 1075
3 1088 1074 1076
3 1088 1087 1074
3 1076 1075 1077
3 1114 1077 1075
3 1114 1075 1112
3 1078 1076 1077
3 1089 1076 1078
3 1089 1088 1076
3 1078 1077 1079
3 1116 1079 1077
3 1116 1077 1114
3 1080 1078 1079
3 1090 1078 1080
3 1090 1089 1078
3 1080 1079 1081
3 1118 1081 1079
3 1118 1079 1116
3 1082 1080 1081
3 1091 1080 1082
3 1091 1090 1080
3 1082 1081 1083
3 1120 1083 1081
3 1120 1081 1118
3 1154 1082 1083
3 1170 1091 1082
3 1170 1082 1154
3 1194 1083 1120
3 1154 1083 1155
3 1194 1155 1083
3 1093 1085 1084
3 1094 1084 1086
3 1094 1093 1084
3 1093 1092 1085
3 1095 1086 1087
3 1095 1094 1086
3 1096 1087 1088
3 1096 1095 1087
3 1097 1088 1089
3 1097 1096 1088
3 1098 1089 1090
3 1098 1097 1089
3 1099 1090 1091
3 1099 1098 1090
3 1178 1099 1091
3 1178 1091 1170
3 1101 1092 1093
3 1101 1100 1092
3 1102 1093 1094
3 1102 1101 1093
3 1103 1094 1095
3 1103 1102 1094
3 1104 1095 1096
3 1104 1103 1095
3 1105 1096 1097
3 1105 1104 1096
3 1106 1097 1098
3 1106 1105 1097
3 1107 1098 1099
3 1107 1106 1098
3 1186 1107 1099
3 1186 1099 1178
3 1101 1122 1100
3 1102 1123 1101
3 1101 1123 1122
3 1103 1124 1102
3 1102 1124 1123
3 1104 1125 1103
3 1103 1125 1124
3 1105 1126 1104
3 1104 1126 1125
3 1106 1127 1105
3 1105 1127 1126
3 1107 1128 1106
3 1106 1128 1127
3 1107 1129 1128
3 1186 1129 1107
3 1139 1109 1108
3 1139 1108 1138
3 1140 1110 1109
3 1140 1109 1139
3 1112 1111 1110
3 1112 1110 1113
3 1141 1113 1110
3 1141 1110 1140
3 1114 1112 1113
3 1114 1113 1115
3 1142 1115 1113
3 1142 1113 1141
3 1116 1114 1115
3 1116 1115 1117
3 1143 1117 1115
3 1143 1115 1142
3 1118 1116 1117
3 1118 1117 1119
3 1144 1119 1117
3 1144 1117 1143
3 1120 1118 1119
3 1120 1119 1121
3 1145 1121 1119
3 1145 1119 1144
3 1194 1120 1121
3 1225 1121 1145
3 1194 1121 1195
3 1225 1195 1121
3 1131 1122 1123
3 1131 1130 1122
3 1132 1123 1124
3 1132 1131 1123
3 1133 1124 1125
3 1133 1132 1124
3 1134 1125 1126
3 1134 1133 1125
3 1135 1126 1127
3 1135 1134 1126
3 1136 1127 1128
3 1136 1135 1127
3 1137 1128 1129
3 1137 1136 1128
3 1219 1137 1129
3 1186 1210 1129
3 1219 1129 1210
3 1131 1146 1130
3 1132 1147 1131
3 1131 1147 1146
3 1133 1148 1132
3 1132 1148 1147
3 1134 1149 1133
3 1133 1149 1148
3 1135 1150 1134
3 1134 1150 1149
3 1136 1151 1135
3 1135 1151 1150
3 1137 1152 1136
3 1136 1152 1151
3 1137 1153 1152
3 1219 1153 1137
3 2126 1139 1138
3 2126 1138 2125
3 2127 1140 1139
3 2127 1139 2126
3 2128 1141 1140
3 2128 1140 2127
3 2129 1142 1141
3 2129 1141 2128
3 2130 1143 1142
3 2130 1142 2129
3 2131 1144 1143
3 2131 1143 2130
3 2132 1145 1144
3 2132 1144 2131
3 2225 1225 1145
3 2225 1145 2132
3 1147 2133 1146
3 1146 2133 1978
3 1148 2134 1147
3 1147 2134 2133
3 1149 2135 1148
3 1148 2135 2134
3 1150 2136 1149
3 1149 2136 2135
3 1151 2137 1150
3 1150 2137 2136
3 1152 2138 1151
3 1151 2138 2137
3 1153 2139 1152
3 1152 2139 2138
3 1219 1236 1153
3 1236 2140 1153
3 1153 2140 2139
3 1156 1154 1155
3 1171 1154 1156
3 1171 1170 1154
3 1156 1155 1157
3 1196 1157 1155
3 1196 1155 1194
3 1158 1156 1157
3 1172 1156 1158
3 1172 1171 1156
3 1158 1157 1159
3 1198 1159 1157
3 1198 1157 1196
3 1160 1158 1159
3 1173 1158 1160
3 1173 1172 1158
3 1160 1159 1161
3 1200 1161 1159
3 1200 1159 1198
3 1162 1160 1161
3 1174 1160 1162
3 1174 1173 1160
3 1162 1161 1163
3 1202 1163 1161
3 1202 1161 1200
3 1164 1162 1163
3 1175 1162 1164
3 1175 1174 1162
3 1164 1163 1165
3 1204 1165 1163
3 1204 1163 1202
3 1166 1164 1165
3 1176 1164 1166
3 1176 1175 1164
3 1166 1165 1167
3 1206 1167 1165
3 1206 1165 1204
3 1168 1166 1167
3 1177 1166 1168
3 1177 1176 1166
3 1168 1167 1169
3 1208 1169 1167
3 1208 1167 1206
3 1243 1168 1169
3 1247 1177 1168
3 1247 1168 1243
3 1253 1169 1208
3 1243 1169 1244
3 1253 1244 1169
3 1179 1170 1171
3 1179 1178 1170
3 1180 1171 1172
3 1180 1179 1171
3 1181 1172 1173
3 1181 1180 1172
3 1182 1173 1174
3 1182 1181 1173
3 1183 1174 1175
3 1183 1182 1174
3 1184 1175 1176
3 1184 1183 1175
3 1185 1176 1177
3 1185 1184 1176
3 1251 1185 1177
3 1251 1177 1247
3 1187 1178 1179
3 1187 1186 1178
3 1188 1179 1180
3 1188 1187 1179
3 1189 1180 1181
3 1189 1188 1180
3 1190 1181 1182
3 1190 1189 1181
3 1191 1182 1183
3 1191 1190 1182
3 1192 1183 1184
3 1192 1191 1183
3 1193 1184 1185
3 1193 1192 1184
3 1217 1193 1185
3 1217 1185 1218
3 1251 1218 1185
3 1187 1210 1186
3 1188 1211 1187
3 1187 1211 1210
3 1189 1212 1188
3 1188 1212 1211
3 1190 1213 1189
3 1189 1213 1212
3 1191 1214 1190
3 1190 1214 1213
3 1192 1215 1191
3 1191 1215 1214
3 1193 1216 1192
3 1192 1216 1215
3 1193 1217 1216
3 1196 1194 1195
3 1196 1195 1197
3 1226 1197 1195
3 1226 1195 1225
3 1198 1196 1197
3 1198 1197 1199
3 1227 1199 1197
3 1227 1197 1226
3 1200 1198 1199
3 1200 1199 1201
3 1228 1201 1199
3 1228 1199 1227
3 1202 1200 1201
3 1202 1201 1203
3 1229 1203 1201
3 1229 1201 1228
3 1204 1202 1203
3 1204 1203 1205
3 1230 1205 1203
3 1230 1203 1229
3 1206 1204 1205
3 1206 1205 1207
3 1231 1207 1205
3 1231 1205 1230
3 1208 1206 1207
3 1208 1207 1209
3 1232 1209 1207
3 1232 1207 1231
3 1253 1208 1209
3 1273 1209 1232
3 1253 1209 1254
3 1273 1254 1209
3 1220 1210 1211
3 1220 1219 1210
3 1221 1211 1212
3 1221 1220 1211
3 1222 1212 1213
3 1222 1221 1212
3 1223 1213 1214
3 1223 1222 1213
3 1224 1214 1215
3 1224 1223 1214
3 1216 1234 1215
3 1241 1224 1215
3 1241 1215 1234
3 1217 1233 1216
3 1216 1233 1234
3 1271 1217 1218
3 1217 1235 1233
3 1271 1235 1217
3 1251 1268 1218
3 1271 1218 1268
3 1220 1236 1219
3 1221 1237 1220
3 1220 1237 1236
3 1222 1238 1221
3 1221 1238 1237
3 1223 1239 1222
3 1222 1239 1238
3 1224 1240 1223
3 1223 1240 1239
3 1224 1241 1240
3 2226 1226 1225
3 2226 1225 2225
3 2227 1227 1226
3 2227 1226 2226
3 2228 1228 1227
3 2228 1227 2227
3 2229 1229 1228
3 2229 1228 2228
3 2230 1230 1229
3 2230 1229 2229
3 2231 1231 1230
3 2231 1230 2230
3 2232 1232 1231
3 2232 1231 2231
3 2314 1273 1232
3 2314 1232 2232
3 1242 1234 1233
3 1235 2234 1233
3 2241 1242 1233
3 2241 1233 2234
3 1242 1241 1234
3 1271 1288 1235
3 1288 2233 1235
3 1235 2233 2234
3 1237 2235 1236
3 1236 2235 2140
3 1238 2236 1237
3 1237 2236 2235
3 1239 2237 1238
3 1238 2237 2236
3 1240 2238 1239
3 1239 2238 2237
3 1241 2239 1240
3 1240 2239 2238
3 1242 2240 1241
3 1241 2240 2239
3 1242 2241 2240
3 1245 1243 1244
3 1248 1243 1245
3 1248 1247 1243
3 1245 1244 1246
3 1255 1246 1244
3 1255 1244 1253
3 1259 1245 1246
3 1249 1248 1245
3 1249 1245 1250
3 1260 1250 1245
3 1260 1245 1259
3 1259 1246 1255
3 1252 1247 1248
3 1252 1251 1247
3 1249 1266 1248
3 1269 1252 1248
3 1269 1248 1266
3 1265 1249 1250
3 1249 1265 1266
3 1265 1250 1260
3 1252 1268 1251
3 1252 1269 1268
3 1255 1253 1254
3 1255 1254 1256
3 1274 1256 1254
3 1274 1254 1273
3 1257 1255 1256
3 1260 1255 1257
3 1260 1259 1255
3 1257 1256 1258
3 1275 1258 1256
3 1275 1256 1274
3 1276 1257 1258
3 1261 1260 1257
3 1261 1257 1262
3 1277 1262 1257
3 1277 1257 1276
3 1276 1258 1275
3 1267 1260 1261
3 1267 1265 1260
3 1263 1261 1262
3 1263 1281 1261
3 1282 1267 1261
3 1282 1261 1281
3 1263 1262 1264
3 1279 1264 1262
3 1279 1262 1277
3 1280 1263 1264
3 1263 1280 1281
3 1280 1264 1279
3 1270 1266 1265
3 1267 1283 1265
3 1285 1270 1265
3 1285 1265 1283
3 1270 1269 1266
3 1267 1282 1283
3 1272 1268 1269
3 1272 1271 1268
3 1270 1286 1269
3 1289 1272 1269
3 1289 1269 1286
3 1270 1285 1286
3 1272 1288 1271
3 1272 1289 1288
3 2315 1274 1273
3 2315 1273 2314
3 2316 1275 1274
3 2316 1274 2315
3 1277 1276 1275
3 1277 1275 1278
3 2317 1278 1275
3 2317 1275 2316
3 2319 1277 1278
3 2320 1279 1277
3 2320 1277 2319
3 2319 1278 2317
3 2321 1280 1279
3 2321 1279 2320
3 1284 1281 1280
3 2323 1284 1280
3 2323 1280 2321
3 1284 1282 1281
3 1287 1283 1282
3 1284 2322 1282
3 2327 1287 1282
3 2327 1282 2322
3 1287 1285 1283
3 1284 2323 2322
3 1285 2326 1286
3 1287 2325 1285
3 1285 2325 2326
3 2330 1289 1286
3 2330 1286 2326
3 1287 2327 2325
3 1289 2329 1288
3 1288 2329 2233
3 1289 2330 2329
3 1290 1291 1292
3 1294 1291 1290
3 1290 1292 1293
3 1324 1290 1293
3 1330 1294 1290
3 1330 1290 1324
3 1291 2431 1292
3 1294 1295 1291
3 1295 2432 1291
3 1291 2432 2431
3 2430 1293 1292
3 2430 1292 2431
3 1324 1293 1316
3 1293 2430 1353
3 1299 1295 1294
3 1335 1299 1294
3 1335 1294 1330
3 1296 1298 1295
3 1299 1296 1295
3 2434 1295 1298
3 1295 2434 2432
3 1296 1297 1298
3 1300 1297 1296
3 1302 1296 1299
3 1302 1300 1296
3 1297 2435 1298
3 1300 1301 1297
3 1301 2437 1297
3 1297 2437 2435
3 2434 1298 2435
3 1339 1302 1299
3 1339 1299 1335
3 1306 1301 1300
3 1307 1300 1302
3 1307 1306 1300
3 1303 1305 1301
3 1306 1303 1301
3 2440 1301 1305
3 1301 2440 2437
3 1341 1307 1302
3 1341 1302 1339
3 1303 1304 1305
3 1308 1304 1303
3 1310 1303 1306
3 1310 1308 1303
3 1304 2441 1305
3 1308 1309 1304
3 1309 2444 1304
3 1304 2444 2441
3 2440 1305 2441
3 1311 1306 1307
3 1311 1310 1306
3 2451 1311 1307
3 1341 2447 1307
3 2451 1307 2447
3 1308 2448 1309
3 1310 2449 1308
3 1308 2449 2448
3 1309 2448 2444
3 1311 2450 1310
3 1310 2450 2449
3 1311 2451 2450
3 1312 1318 1313
3 1314 1319 1312
3 1312 1319 1318
3 1315 1320 1314
3 1314 1320 1319
3 1315 1321 1320
3 1325 1316 1317
3 1325 1324 1316
3 1326 1317 1318
3 1326 1325 1317
3 1327 1318 1319
3 1327 1326 1318
3 1328 1319 1320
3 1328 1327 1319
3 1329 1320 1321
3 1329 1328 1320
3 1322 2455 1321
3 2465 1329 1321
3 2465 1321 2455
3 1323 2456 1322
3 1322 2456 2455
3 1323 2457 2456
3 1331 1324 1325
3 1331 1330 1324
3 1332 1325 1326
3 1332 1331 1325
3 1333 1326 1327
3 1333 1332 1326
3 1334 1327 1328
3 1334 1333 1327
3 1329 2463 1328
3 2470 1334 1328
3 2470 1328 2463
3 1329 2465 2463
3 1336 1330 1331
3 1336 1335 1330
3 1337 1331 1332
3 1337 1336 1331
3 1338 1332 1333
3 1338 1337 1332
3 1334 2469 1333
3 2474 1338 1333
3 2474 1333 2469
3 1334 2470 2469
3 1340 1335 1336
3 1340 1339 1335
3 1337 2472 1336
3 2476 1340 1336
3 2476 1336 2472
3 1338 2473 1337
3 1337 2473 2472
3 1338 2474 2473
3 1340 2475 1339
3 2477 1341 1339
3 2477 1339 2475
3 1340 2476 2475
3 1341 2477 2447
3 1354 1342 1343
3 1433 1342 1354
3 1433 1420 1342
3 1346 1355 1343
3 1354 1343 1355
3 1347 1344 1345
3 1356 1346 1344
3 1347 1348 1344
3 1348 1357 1344
3 1356 1344 1357
3 1346 1356 1355
3 1349 1351 1348
3 1351 1359 1348
3 1348 1359 1357
3 1349 1350 1351
3 1350 1360 1351
3 1352 1361 1350
3 1350 1361 1360
3 1351 1360 1359
3 1353 1424 1352
3 1352 1362 1361
3 1424 1362 1352
3 1353 1423 1424
3 2430 1423 1353
3 1356 1354 1355
3 1356 1358 1354
3 1358 1433 1354
3 1359 1356 1357
3 1364 1358 1356
3 1359 1360 1356
3 1360 1365 1356
3 1364 1356 1365
3 1472 1358 1364
3 1358 1439 1433
3 1472 1439 1358
3 1361 1363 1360
3 1363 1366 1360
3 1360 1366 1365
3 1361 1362 1363
3 1362 1367 1363
3 1362 1368 1367
3 1441 1368 1362
3 1424 1441 1362
3 1363 1367 1366
3 1369 1364 1365
3 1494 1364 1369
3 1494 1472 1364
3 1366 1370 1365
3 1369 1365 1370
3 1367 1371 1366
3 1366 1371 1370
3 1368 1372 1367
3 1367 1372 1371
3 1368 1373 1372
3 1484 1373 1368
3 1441 1484 1368
3 1375 1369 1370
3 1505 1369 1375
3 1505 1494 1369
3 1371 1376 1370
3 1375 1370 1376
3 1373 1371 1372
3 1373 1374 1371
3 1374 1377 1371
3 1371 1377 1376
3 1373 1380 1374
3 1373 1381 1380
3 1502 1381 1373
3 1484 1502 1373
3 1374 1380 1377
3 1384 1375 1376
3 1515 1375 1384
3 1515 1505 1375
3 1377 1379 1376
3 1382 1376 1379
3 1384 1376 1382
3 1377 1378 1379
3 1377 1385 1378
3 1380 1386 1377
3 1377 1386 1385
3 1378 1383 1379
3 1378 1385 1383
3 1382 1379 1383
3 1381 1387 1380
3 1380 1387 1386
3 1381 1389 1387
3 1511 1389 1381
3 1502 1511 1381
3 1390 1382 1383
3 1392 1384 1382
3 1392 1382 1390
3 1385 1391 1383
3 1390 1383 1391
3 1523 1384 1392
3 1523 1515 1384
3 1387 1385 1386
3 1387 1388 1385
3 1388 1393 1385
3 1385 1393 1391
3 1387 1394 1388
3 1389 1397 1387
3 1387 1397 1394
3 1388 1394 1393
3 1389 1398 1397
3 1521 1398 1389
3 1511 1521 1389
3 1399 1390 1391
3 1401 1392 1390
3 1401 1390 1399
3 1393 1400 1391
3 1399 1391 1400
3 1405 1392 1401
3 1405 1406 1392
3 1406 1523 1392
3 1394 1396 1393
3 1402 1393 1396
3 1393 1402 1400
3 1394 1395 1396
3 1394 1407 1395
3 1397 1408 1394
3 1394 1408 1407
3 1395 1403 1396
3 1395 1407 1403
3 1402 1396 1403
3 1398 1409 1397
3 1397 1409 1408
3 1410 1398 1406
3 1398 1524 1406
3 1398 1410 1409
3 1521 1525 1398
3 1398 1525 1524
3 1402 1399 1400
3 1404 1401 1399
3 1402 1404 1399
3 1404 1405 1401
3 1739 1402 1403
3 1741 1404 1402
3 1741 1402 1739
3 1407 1740 1403
3 1739 1403 1740
3 1409 1405 1404
3 1744 1409 1404
3 1744 1404 1741
3 1410 1406 1405
3 1409 1410 1405
3 1406 1524 1523
3 1408 1742 1407
3 1407 1742 1740
3 1409 1743 1408
3 1408 1743 1742
3 1409 1744 1743
3 1418 1411 1412
3 1425 1413 1411
3 1418 1419 1411
3 1419 1426 1411
3 1425 1411 1426
3 1542 1413 1425
3 1542 1526 1413
3 1421 1414 1415
3 1427 1416 1414
3 1421 1422 1414
3 1422 1428 1414
3 1427 1414 1428
3 1429 1417 1416
3 1429 1416 1427
3 1430 1418 1417
3 1430 1417 1429
3 1431 1419 1418
3 1431 1418 1430
3 1419 1431 1426
3 1434 1421 1420
3 1434 1420 1433
3 1435 1422 1421
3 1435 1421 1434
3 1422 1435 1428
3 1423 1441 1424
3 1423 1442 1441
3 1445 1442 1423
3 2452 1445 1423
3 2430 2452 1423
3 1431 1425 1426
3 1431 1432 1425
3 1432 1542 1425
3 1435 1427 1428
3 1436 1429 1427
3 1435 1436 1427
3 1437 1430 1429
3 1436 1437 1429
3 1462 1431 1430
3 1437 1438 1430
3 1438 1463 1430
3 1462 1430 1463
3 1464 1432 1431
3 1464 1431 1462
3 1574 1432 1464
3 1432 1550 1542
3 1574 1550 1432
3 1439 1434 1433
3 1465 1435 1434
3 1439 1440 1434
3 1440 1466 1434
3 1465 1434 1466
3 1467 1436 1435
3 1467 1435 1465
3 1468 1437 1436
3 1468 1436 1467
3 1469 1438 1437
3 1469 1437 1468
3 1438 1469 1463
3 1473 1440 1439
3 1473 1439 1472
3 1440 1473 1466
3 1442 1444 1441
3 1444 1484 1441
3 1442 1443 1444
3 1445 1443 1442
3 1443 1447 1444
3 1448 1443 1445
3 1443 1446 1447
3 1448 1446 1443
3 1447 1485 1444
3 1444 1485 1484
3 2453 1448 1445
3 2452 2453 1445
3 1446 1450 1447
3 2454 1446 1448
3 1446 1449 1450
3 2478 1449 1446
3 2454 2478 1446
3 1450 1486 1447
3 1447 1486 1485
3 2453 2454 1448
3 1449 1452 1450
3 1449 1451 1452
3 2479 1451 1449
3 2478 2479 1449
3 1452 1487 1450
3 1450 1487 1486
3 1451 1454 1452
3 1451 1453 1454
3 2480 1453 1451
3 2479 2480 1451
3 1454 1490 1452
3 1452 1490 1487
3 1453 1456 1454
3 1453 1455 1456
3 1457 1455 1453
3 1457 1453 1458
3 2481 1458 1453
3 2480 2481 1453
3 1456 1491 1454
3 1454 1491 1490
3 1455 1460 1456
3 1461 1455 1457
3 1455 1459 1460
3 1461 1459 1455
3 1460 1492 1456
3 1456 1492 1491
3 2455 1457 1458
3 2456 1461 1457
3 2455 2456 1457
3 2481 2455 1458
3 1459 1559 1460
3 1534 1459 1461
3 1534 1558 1459
3 1459 1558 1559
3 1460 1493 1492
3 1559 1493 1460
3 2456 2457 1461
3 1469 1462 1463
3 1470 1464 1462
3 1469 1470 1462
3 1470 1471 1464
3 1471 1574 1464
3 1473 1465 1466
3 1474 1467 1465
3 1473 1474 1465
3 1475 1468 1467
3 1474 1475 1467
3 1476 1469 1468
3 1475 1476 1468
3 1477 1470 1469
3 1476 1477 1469
3 1478 1471 1470
3 1477 1478 1470
3 1478 1479 1471
3 1479 1582 1471
3 1471 1582 1574
3 1495 1473 1472
3 1495 1472 1494
3 1496 1474 1473
3 1496 1473 1495
3 1497 1475 1474
3 1497 1474 1496
3 1498 1476 1475
3 1498 1475 1497
3 1480 1477 1476
3 1501 1480 1476
3 1501 1476 1498
3 1481 1478 1477
3 1480 1481 1477
3 1482 1479 1478
3 1481 1482 1478
3 1482 1483 1479
3 1483 1590 1479
3 1479 1590 1582
3 1490 1481 1480
3 1487 1480 1488
3 1487 1490 1480
3 1480 1499 1488
3 1480 1501 1499
3 1491 1482 1481
3 1490 1491 1481
3 1492 1483 1482
3 1491 1492 1482
3 1492 1493 1483
3 1493 1598 1483
3 1483 1598 1590
3 1485 1502 1484
3 1486 1503 1485
3 1485 1503 1502
3 1486 1487 1488
3 1486 1488 1489
3 1504 1486 1489
3 1486 1504 1503
3 1488 1500 1489
3 1488 1499 1500
3 1504 1489 1500
3 1559 1606 1493
3 1493 1606 1598
3 1506 1495 1494
3 1506 1494 1505
3 1507 1496 1495
3 1507 1495 1506
3 1508 1497 1496
3 1508 1496 1507
3 1499 1498 1497
3 1510 1499 1497
3 1510 1497 1508
3 1499 1501 1498
3 1499 1509 1500
3 1499 1510 1509
3 1513 1504 1500
3 1513 1500 1509
3 1503 1511 1502
3 1504 1512 1503
3 1503 1512 1511
3 1504 1513 1512
3 1516 1506 1505
3 1516 1505 1515
3 1517 1507 1506
3 1517 1506 1516
3 1509 1508 1507
3 1520 1509 1507
3 1520 1507 1517
3 1509 1510 1508
3 1512 1513 1509
3 1512 1509 1514
3 1509 1519 1514
3 1509 1520 1519
3 1512 1521 1511
3 1522 1512 1514
3 1512 1522 1521
3 1522 1514 1519
3 1518 1516 1515
3 1524 1518 1515
3 1524 1515 1523
3 1519 1517 1516
3 1518 1519 1516
3 1519 1520 1517
3 1521 1519 1518
3 1525 1521 1518
3 1525 1518 1524
3 1521 1522 1519
3 1543 1527 1526
3 1543 1526 1542
3 1544 1528 1527
3 1544 1527 1543
3 1545 1529 1528
3 1545 1528 1544
3 1546 1530 1529
3 1546 1529 1545
3 1547 1531 1530
3 1547 1530 1546
3 1548 1532 1531
3 1548 1531 1547
3 1549 1533 1532
3 1549 1532 1548
3 1630 1533 1549
3 1630 1614 1533
3 1535 1558 1534
3 1536 1560 1535
3 1535 1560 1558
3 1537 1562 1536
3 1536 1562 1560
3 1538 1564 1537
3 1537 1564 1562
3 1539 1566 1538
3 1538 1566 1564
3 1540 1568 1539
3 1539 1568 1566
3 1541 1570 1540
3 1540 1570 1568
3 1541 1572 1570
3 1622 1572 1541
3 1550 1543 1542
3 1551 1544 1543
3 1550 1551 1543
3 1552 1545 1544
3 1551 1552 1544
3 1553 1546 1545
3 1552 1553 1545
3 1554 1547 1546
3 1553 1554 1546
3 1555 1548 1547
3 1554 1555 1547
3 1556 1549 1548
3 1555 1556 1548
3 1556 1557 1549
3 1557 1630 1549
3 1575 1551 1550
3 1575 1550 1574
3 1576 1552 1551
3 1576 1551 1575
3 1577 1553 1552
3 1577 1552 1576
3 1578 1554 1553
3 1578 1553 1577
3 1579 1555 1554
3 1579 1554 1578
3 1580 1556 1555
3 1580 1555 1579
3 1581 1557 1556
3 1581 1556 1580
3 1663 1557 1581
3 1557 1638 1630
3 1663 1638 1557
3 1558 1561 1559
3 1558 1560 1561
3 1561 1606 1559
3 1560 1563 1561
3 1560 1562 1563
3 1563 1607 1561
3 1561 1607 1606
3 1562 1565 1563
3 1562 1564 1565
3 1565 1608 1563
3 1563 1608 1607
3 1564 1567 1565
3 1564 1566 1567
3 1567 1609 1565
3 1565 1609 1608
3 1566 1569 1567
3 1566 1568 1569
3 1569 1610 1567
3 1567 1610 1609
3 1568 1571 1569
3 1568 1570 1571
3 1571 1611 1569
3 1569 1611 1610
3 1570 1573 1571
3 1570 1572 1573
3 1573 1612 1571
3 1571 1612 1611
3 1572 1644 1573
3 1622 1643 1572
3 1572 1643 1644
3 1573 1613 1612
3 1644 1613 1573
3 1582 1575 1574
3 1583 1576 1575
3 1582 1583 1575
3 1584 1577 1576
3 1583 1584 1576
3 1585 1578 1577
3 1584 1585 1577
3 1586 1579 1578
3 1585 1586 1578
3 1587 1580 1579
3 1586 1587 1579
3 1588 1581 1580
3 1587 1588 1580
3 1588 1589 1581
3 1589 1663 1581
3 1590 1583 1582
3 1591 1584 1583
3 1590 1591 1583
3 1592 1585 1584
3 1591 1592 1584
3 1593 1586 1585
3 1592 1593 1585
3 1594 1587 1586
3 1593 1594 1586
3 1595 1588 1587
3 1594 1595 1587
3 1596 1589 1588
3 1595 1596 1588
3 1596 1597 1589
3 1597 1671 1589
3 1589 1671 1663
3 1598 1591 1590
3 1599 1592 1591
3 1598 1599 1591
3 1600 1593 1592
3 1599 1600 1592
3 1601 1594 1593
3 1600 1601 1593
3 1602 1595 1594
3 1601 1602 1594
3 1603 1596 1595
3 1602 1603 1595
3 1604 1597 1596
3 1603 1604 1596
3 1604 1605 1597
3 1605 1676 1597
3 1597 1676 1671
3 1606 1599 1598
3 1607 1600 1599
3 1606 1607 1599
3 1608 1601 1600
3 1607 1608 1600
3 1609 1602 1601
3 1608 1609 1601
3 1610 1603 1602
3 1609 1610 1602
3 1611 1604 1603
3 1610 1611 1603
3 1612 1605 1604
3 1611 1612 1604
3 1612 1613 1605
3 1613 1681 1605
3 1605 1681 1676
3 1644 1692 1613
3 1613 1692 1681
3 1631 1615 1614
3 1631 1614 1630
3 1632 1616 1615
3 1632 1615 1631
3 1633 1617 1616
3 1633 1616 1632
3 1634 1618 1617
3 1634 1617 1633
3 1635 1619 1618
3 1635 1618 1634
3 1636 1620 1619
3 1636 1619 1635
3 1637 1621 1620
3 1637 1620 1636
3 1979 1621 1637
3 1979 1963 1621
3 1623 1643 1622
3 1624 1645 1623
3 1623 1645 1643
3 1625 1647 1624
3 1624 1647 1645
3 1626 1649 1625
3 1625 1649 1647
3 1627 1651 1626
3 1626 1651 1649
3 1628 1653 1627
3 1627 1653 1651
3 1629 1655 1628
3 1628 1655 1653
3 1629 1657 1655
3 1971 1657 1629
3 1638 1631 1630
3 1639 1632 1631
3 1638 1639 1631
3 1640 1633 1632
3 1639 1640 1632
3 1641 1634 1633
3 1640 1641 1633
3 1659 1635 1634
3 1641 1642 1634
3 1642 1660 1634
3 1659 1634 1660
3 1661 1636 1635
3 1661 1635 1659
3 1662 1637 1636
3 1662 1636 1661
3 2003 1637 1662
3 2003 1979 1637
3 1664 1639 1638
3 1664 1638 1663
3 1665 1640 1639
3 1665 1639 1664
3 1666 1641 1640
3 1666 1640 1665
3 1667 1642 1641
3 1667 1641 1666
3 1642 1667 1660
3 1643 1646 1644
3 1643 1645 1646
3 1646 1692 1644
3 1645 1648 1646
3 1645 1647 1648
3 1648 1693 1646
3 1646 1693 1692
3 1647 1650 1648
3 1647 1649 1650
3 1650 1694 1648
3 1648 1694 1693
3 1649 1652 1650
3 1649 1651 1652
3 1652 1695 1650
3 1650 1695 1694
3 1651 1654 1652
3 1651 1653 1654
3 1654 1696 1652
3 1652 1696 1695
3 1653 1656 1654
3 1653 1655 1656
3 1656 1697 1654
3 1654 1697 1696
3 1655 1658 1656
3 1655 1657 1658
3 1658 1698 1656
3 1656 1698 1697
3 1657 1988 1658
3 1971 1987 1657
3 1657 1987 1988
3 1658 1699 1698
3 1988 1699 1658
3 1667 1659 1660
3 1668 1661 1659
3 1667 1668 1659
3 1669 1662 1661
3 1668 1669 1661
3 1669 1670 1662
3 1670 2003 1662
3 1671 1664 1663
3 1672 1665 1664
3 1671 1672 1664
3 1673 1666 1665
3 1672 1673 1665
3 1674 1667 1666
3 1673 1674 1666
3 1700 1668 1667
3 1674 1675 1667
3 1675 1701 1667
3 1700 1667 1701
3 1702 1669 1668
3 1702 1668 1700
3 1703 1670 1669
3 1703 1669 1702
3 2036 1670 1703
3 1670 2011 2003
3 2036 2011 1670
3 1676 1672 1671
3 1677 1673 1672
3 1676 1677 1672
3 1678 1674 1673
3 1677 1678 1673
3 1679 1675 1674
3 1678 1679 1674
3 1679 1680 1675
3 1680 1704 1675
3 1675 1704 1701
3 1681 1677 1676
3 1682 1678 1677
3 1681 1682 1677
3 1683 1679 1678
3 1682 1683 1678
3 1684 1680 1679
3 1683 1684 1679
3 1684 1685 1680
3 1685 1687 1680
3 1687 1706 1680
3 1680 1706 1704
3 1692 1682 1681
3 1693 1683 1682
3 1692 1693 1682
3 1694 1684 1683
3 1693 1694 1683
3 1695 1685 1684
3 1694 1695 1684
3 1685 1686 1687
3 1696 1686 1685
3 1695 1696 1685
3 1686 1689 1687
3 1686 1688 1689
3 1697 1688 1686
3 1696 1697 1686
3 1689 1707 1687
3 1687 1707 1706
3 1688 1691 1689
3 1688 1690 1691
3 1698 1690 1688
3 1697 1698 1688
3 1691 1708 1689
3 1689 1708 1707
3 1690 2020 1691
3 1698 1699 1690
3 1699 2019 1690
3 1690 2019 2020
3 1691 1710 1708
3 2020 1710 1691
3 1988 2021 1699
3 1699 2021 2019
3 1704 1700 1701
3 1711 1702 1700
3 1704 1705 1700
3 1705 1712 1700
3 1711 1700 1712
3 1713 1703 1702
3 1713 1702 1711
3 2060 1703 1713
3 2060 2036 1703
3 1706 1705 1704
3 1706 1707 1705
3 1707 1709 1705
3 1709 1714 1705
3 1705 1714 1712
3 1707 1708 1709
3 1708 1715 1709
3 1710 1716 1708
3 1708 1716 1715
3 1709 1715 1714
3 1710 1717 1716
3 2044 1717 1710
3 2020 2044 1710
3 1718 1711 1712
3 1720 1713 1711
3 1720 1711 1718
3 1714 1719 1712
3 1718 1712 1719
3 2076 1713 1720
3 2076 2060 1713
3 1715 1721 1714
3 1714 1721 1719
3 1716 1722 1715
3 1715 1722 1721
3 1717 1723 1716
3 1716 1723 1722
3 1717 1724 1723
3 2068 1724 1717
3 2044 2068 1717
3 1721 1718 1719
3 1725 1720 1718
3 1721 1722 1718
3 1722 1726 1718
3 1725 1718 1726
3 2095 1720 1725
3 2095 2076 1720
3 1723 1727 1722
3 1722 1727 1726
3 1724 1728 1723
3 1723 1728 1727
3 1724 1731 1728
3 2087 1731 1724
3 2068 2087 1724
3 1732 1725 1726
3 2111 1725 1732
3 2111 2095 1725
3 1727 1733 1726
3 1732 1726 1733
3 1728 1730 1727
3 1734 1727 1730
3 1727 1734 1733
3 1728 1729 1730
3 1728 1736 1729
3 1731 1737 1728
3 1728 1737 1736
3 1729 1735 1730
3 1729 1736 1735
3 1734 1730 1735
3 1731 1738 1737
3 2104 1738 1731
3 2087 2104 1731
3 1749 1732 1733
3 2361 1732 1749
3 2361 2111 1732
3 1734 1750 1733
3 1749 1733 1750
3 1751 1734 1735
3 1734 1751 1750
3 1736 1752 1735
3 1751 1735 1752
3 1737 1754 1736
3 1736 1754 1752
3 1738 1755 1737
3 1737 1755 1754
3 1738 1756 1755
3 2119 1756 1738
3 2104 2119 1738
3 1745 1739 1740
3 1743 1741 1739
3 1748 1743 1739
3 1748 1739 1745
3 1742 1746 1740
3 1745 1740 1746
3 1743 1744 1741
3 1743 1747 1742
3 1742 1747 1746
3 1743 1748 1747
3 1747 1745 1746
3 1747 1748 1745
3 1751 1749 1750
3 1751 1753 1749
3 1753 2361 1749
3 1757 1751 1752
3 1759 1753 1751
3 1759 1751 1757
3 1754 1758 1752
3 1757 1752 1758
3 2381 1753 1759
3 1753 2366 2361
3 2381 2366 1753
3 1755 1760 1754
3 1754 1760 1758
3 1756 1763 1755
3 1755 1763 1760
3 1756 1764 1763
3 2372 1764 1756
3 2119 2372 1756
3 1767 1757 1758
3 1768 1759 1757
3 1768 1757 1767
3 1760 1762 1758
3 1765 1758 1762
3 1767 1758 1765
3 2393 1759 1768
3 2393 2381 1759
3 1760 1761 1762
3 1760 1769 1761
3 1763 1770 1760
3 1760 1770 1769
3 1761 1766 1762
3 1761 1769 1766
3 1765 1762 1766
3 1764 1771 1763
3 1763 1771 1770
3 1764 1772 1771
3 1775 1772 1764
3 2390 1775 1764
3 2372 2386 1764
3 2390 1764 2386
3 1776 1765 1766
3 1778 1767 1765
3 1778 1765 1776
3 1769 1777 1766
3 1776 1766 1777
3 1779 1768 1767
3 1779 1767 1778
3 2402 1768 1779
3 2402 2393 1768
3 1770 1780 1769
3 1769 1780 1777
3 1771 1781 1770
3 1770 1781 1780
3 1773 1771 1772
3 1773 1774 1771
3 1774 1782 1771
3 1771 1782 1781
3 1775 1773 1772
3 1773 1783 1774
3 2390 1773 1775
3 1773 1785 1783
3 2399 1785 1773
3 2390 2399 1773
3 1774 1783 1782
3 1786 1776 1777
3 1788 1778 1776
3 1788 1776 1786
3 1780 1787 1777
3 1786 1777 1787
3 1789 1779 1778
3 1789 1778 1788
3 2412 1779 1789
3 2412 2402 1779
3 1781 1790 1780
3 1780 1790 1787
3 1783 1781 1782
3 1783 1784 1781
3 1784 1793 1781
3 1781 1793 1790
3 1783 1794 1784
3 1785 1796 1783
3 1783 1796 1794
3 1784 1794 1793
3 1785 1797 1796
3 2408 1797 1785
3 2399 2408 1785
3 1800 1786 1787
3 1801 1788 1786
3 1801 1786 1800
3 1790 1792 1787
3 1798 1787 1792
3 1800 1787 1798
3 1802 1789 1788
3 1802 1788 1801
3 2419 1789 1802
3 2419 2412 1789
3 1790 1791 1792
3 1790 1803 1791
3 1794 1790 1793
3 1794 1795 1790
3 1795 1804 1790
3 1790 1804 1803
3 1791 1799 1792
3 1791 1803 1799
3 1798 1792 1799
3 1794 1805 1795
3 1796 1807 1794
3 1794 1807 1805
3 1795 1805 1804
3 1797 1808 1796
3 1796 1808 1807
3 1797 1809 1808
3 2417 1809 1797
3 2408 2417 1797
3 1810 1798 1799
3 1812 1800 1798
3 1812 1798 1810
3 1803 1811 1799
3 1810 1799 1811
3 1813 1801 1800
3 1813 1800 1812
3 1814 1802 1801
3 1814 1801 1813
3 2425 1802 1814
3 2425 2419 1802
3 1805 1803 1804
3 1805 1806 1803
3 1806 1815 1803
3 1803 1815 1811
3 1805 1816 1806
3 1807 1817 1805
3 1805 1817 1816
3 1806 1816 1815
3 1808 1818 1807
3 1807 1818 1817
3 1809 1819 1808
3 1808 1819 1818
3 1809 1820 1819
3 2423 1820 1809
3 2417 2423 1809
3 1821 1810 1811
3 1823 1812 1810
3 1823 1810 1821
3 1815 1822 1811
3 1821 1811 1822
3 1824 1813 1812
3 1824 1812 1823
3 1825 1814 1813
3 1825 1813 1824
3 1828 1814 1825
3 1828 1829 1814
3 1829 2425 1814
3 1816 1826 1815
3 1815 1826 1822
3 1817 1830 1816
3 1816 1830 1826
3 1818 1833 1817
3 1817 1833 1830
3 1819 1834 1818
3 1818 1834 1833
3 1820 1835 1819
3 1819 1835 1834
3 1820 1836 1835
3 2427 1836 1820
3 2423 2427 1820
3 1841 1821 1822
3 1843 1823 1821
3 1843 1821 1841
3 1826 1842 1822
3 1841 1822 1842
3 1844 1824 1823
3 1844 1823 1843
3 1827 1825 1824
3 1849 1827 1824
3 1849 1824 1844
3 1827 1828 1825
3 1830 1832 1826
3 1845 1826 1832
3 1826 1845 1842
3 1850 1828 1827
3 1850 1827 1849
3 2428 1829 1828
3 1856 1836 1828
3 1836 2428 1828
3 1856 1828 1850
3 1829 2426 2425
3 2428 2426 1829
3 1830 1831 1832
3 1830 1851 1831
3 1833 1852 1830
3 1830 1852 1851
3 1831 1846 1832
3 1831 1851 1846
3 1845 1832 1846
3 1834 1853 1833
3 1833 1853 1852
3 1835 1854 1834
3 1834 1854 1853
3 1836 1855 1835
3 1835 1855 1854
3 1836 1856 1855
3 2427 2429 1836
3 1836 2429 2428
3 1837 1838 1839
3 1935 1838 1837
3 1837 1839 1840
3 1935 1837 1840
3 1838 1950 1839
3 1935 1944 1838
3 1944 1947 1838
3 1838 1947 1950
3 1941 1840 1839
3 1955 1941 1839
3 1955 1839 1950
3 1935 1840 1931
3 1941 1931 1840
3 1845 1841 1842
3 1847 1843 1841
3 1845 1847 1841
3 1848 1844 1843
3 1847 1848 1843
3 1848 1849 1844
3 1857 1845 1846
3 1859 1847 1845
3 1859 1845 1857
3 1851 1858 1846
3 1857 1846 1858
3 1860 1848 1847
3 1860 1847 1859
3 1861 1849 1848
3 1861 1848 1860
3 1862 1850 1849
3 1862 1849 1861
3 1870 1856 1850
3 1870 1850 1862
3 1852 1863 1851
3 1851 1863 1858
3 1853 1866 1852
3 1852 1866 1863
3 1854 1867 1853
3 1853 1867 1866
3 1855 1868 1854
3 1854 1868 1867
3 1856 1869 1855
3 1855 1869 1868
3 1856 1870 1869
3 1873 1857 1858
3 1874 1859 1857
3 1874 1857 1873
3 1863 1865 1858
3 1871 1858 1865
3 1873 1858 1871
3 1875 1860 1859
3 1875 1859 1874
3 1876 1861 1860
3 1876 1860 1875
3 1869 1862 1861
3 1882 1869 1861
3 1882 1861 1876
3 1869 1870 1862
3 1863 1864 1865
3 1863 1877 1864
3 1866 1878 1863
3 1863 1878 1877
3 1864 1872 1865
3 1864 1877 1872
3 1871 1865 1872
3 1867 1879 1866
3 1866 1879 1878
3 1868 1880 1867
3 1867 1880 1879
3 1869 1881 1868
3 1868 1881 1880
3 1869 1882 1881
3 1883 1871 1872
3 1885 1873 1871
3 1885 1871 1883
3 1877 1884 1872
3 1883 1872 1884
3 1886 1874 1873
3 1886 1873 1885
3 1887 1875 1874
3 1887 1874 1886
3 1888 1876 1875
3 1888 1875 1887
3 1894 1882 1876
3 1894 1876 1888
3 1878 1889 1877
3 1877 1889 1884
3 1879 1890 1878
3 1878 1890 1889
3 1880 1891 1879
3 1879 1891 1890
3 1881 1892 1880
3 1880 1892 1891
3 1882 1893 1881
3 1881 1893 1892
3 1882 1894 1893
3 1898 1883 1884
3 1900 1885 1883
3 1900 1883 1898
3 1889 1899 1884
3 1898 1884 1899
3 1901 1886 1885
3 1901 1885 1900
3 1902 1887 1886
3 1902 1886 1901
3 1893 1888 1887
3 1908 1893 1887
3 1908 1887 1902
3 1893 1894 1888
3 1890 1903 1889
3 1889 1903 1899
3 1895 1890 1891
3 1895 1896 1890
3 1896 1906 1890
3 1890 1906 1903
3 1897 1891 1892
3 1897 1895 1891
3 1893 1907 1892
3 1912 1897 1892
3 1912 1892 1907
3 1893 1908 1907
3 1895 1909 1896
3 1897 1911 1895
3 1895 1911 1909
3 1896 1909 1906
3 1897 1912 1911
3 1916 1898 1899
3 1917 1900 1898
3 1917 1898 1916
3 1903 1905 1899
3 1914 1899 1905
3 1916 1899 1914
3 1918 1901 1900
3 1918 1900 1917
3 1907 1902 1901
3 1922 1907 1901
3 1922 1901 1918
3 1907 1908 1902
3 1903 1904 1905
3 1903 1919 1904
3 1909 1903 1906
3 1909 1910 1903
3 1910 1920 1903
3 1903 1920 1919
3 1904 1915 1905
3 1904 1919 1915
3 1914 1905 1915
3 1911 1912 1907
3 1911 1907 1913
3 1907 1921 1913
3 1907 1922 1921
3 1909 1923 1910
3 1911 1925 1909
3 1909 1925 1923
3 1910 1923 1920
3 1926 1911 1913
3 1911 1926 1925
3 1926 1913 1921
3 1927 1914 1915
3 1929 1916 1914
3 1929 1914 1927
3 1919 1928 1915
3 1927 1915 1928
3 1930 1917 1916
3 1930 1916 1929
3 1921 1918 1917
3 1934 1921 1917
3 1934 1917 1930
3 1921 1922 1918
3 1923 1919 1920
3 1923 1924 1919
3 1924 1931 1919
3 1919 1931 1928
3 1938 1926 1921
3 1938 1921 1934
3 1923 1935 1924
3 1925 1936 1923
3 1923 1936 1935
3 1924 1935 1931
3 1926 1937 1925
3 1925 1937 1936
3 1926 1938 1937
3 1939 1927 1928
3 1932 1929 1927
3 1942 1932 1927
3 1942 1927 1939
3 1931 1940 1928
3 1939 1928 1940
3 1933 1930 1929
3 1932 1933 1929
3 1933 1934 1930
3 1931 1941 1940
3 1943 1933 1932
3 1943 1932 1942
3 1937 1934 1933
3 1946 1937 1933
3 1946 1933 1943
3 1937 1938 1934
3 1936 1944 1935
3 1937 1945 1936
3 1936 1945 1944
3 1937 1946 1945
3 1941 1939 1940
3 1941 1942 1939
3 1956 1942 1941
3 1956 1941 1955
3 1957 1943 1942
3 1957 1942 1956
3 1960 1946 1943
3 1960 1943 1957
3 1945 1958 1944
3 1944 1958 1947
3 1946 1959 1945
3 1945 1959 1958
3 1946 1960 1959
3 1947 1948 1949
3 1947 1953 1948
3 1947 1949 1950
3 1947 1954 1953
3 1958 1954 1947
3 1948 1952 1949
3 1948 1953 1952
3 1951 1950 1949
3 1951 1949 1952
3 1961 1950 1951
3 1961 1955 1950
3 1953 1951 1952
3 1953 1954 1951
3 1954 1961 1951
3 1958 1962 1954
3 1954 1962 1961
3 1958 1956 1955
3 1962 1958 1955
3 1962 1955 1961
3 1959 1957 1956
3 1958 1959 1956
3 1959 1960 1957
3 1980 1964 1963
3 1980 1963 1979
3 1981 1965 1964
3 1981 1964 1980
3 1982 1966 1965
3 1982 1965 1981
3 1983 1967 1966
3 1983 1966 1982
3 1984 1968 1967
3 1984 1967 1983
3 1985 1969 1968
3 1985 1968 1984
3 1986 1970 1969
3 1986 1969 1985
3 2141 1970 1986
3 2141 2125 1970
3 1972 1987 1971
3 1973 1989 1972
3 1972 1989 1987
3 1974 1991 1973
3 1973 1991 1989
3 1975 1993 1974
3 1974 1993 1991
3 1976 1995 1975
3 1975 1995 1993
3 1977 1997 1976
3 1976 1997 1995
3 1978 1999 1977
3 1977 1999 1997
3 1978 2001 1999
3 2133 2001 1978
3 2004 1980 1979
3 2004 1979 2003
3 2005 1981 1980
3 2005 1980 2004
3 2006 1982 1981
3 2006 1981 2005
3 2007 1983 1982
3 2007 1982 2006
3 2008 1984 1983
3 2008 1983 2007
3 2009 1985 1984
3 2009 1984 2008
3 2010 1986 1985
3 2010 1985 2009
3 2171 1986 2010
3 2171 2141 1986
3 1987 1990 1988
3 1987 1989 1990
3 1990 2021 1988
3 1989 1992 1990
3 1989 1991 1992
3 1992 2022 1990
3 1990 2022 2021
3 1991 1994 1992
3 1991 1993 1994
3 1994 2024 1992
3 1992 2024 2022
3 1993 1996 1994
3 1993 1995 1996
3 1996 2026 1994
3 1994 2026 2024
3 1995 1998 1996
3 1995 1997 1998
3 1998 2028 1996
3 1996 2028 2026
3 1997 2000 1998
3 1997 1999 2000
3 2000 2030 1998
3 1998 2030 2028
3 1999 2002 2000
3 1999 2001 2002
3 2002 2032 2000
3 2000 2032 2030
3 2001 2156 2002
3 2133 2155 2001
3 2001 2155 2156
3 2002 2034 2032
3 2156 2034 2002
3 2011 2004 2003
3 2012 2005 2004
3 2011 2012 2004
3 2013 2006 2005
3 2012 2013 2005
3 2014 2007 2006
3 2013 2014 2006
3 2015 2008 2007
3 2014 2015 2007
3 2016 2009 2008
3 2015 2016 2008
3 2017 2010 2009
3 2016 2017 2009
3 2017 2018 2010
3 2018 2171 2010
3 2037 2012 2011
3 2037 2011 2036
3 2038 2013 2012
3 2038 2012 2037
3 2039 2014 2013
3 2039 2013 2038
3 2040 2015 2014
3 2040 2014 2039
3 2041 2016 2015
3 2041 2015 2040
3 2042 2017 2016
3 2042 2016 2041
3 2043 2018 2017
3 2043 2017 2042
3 2212 2018 2043
3 2018 2174 2171
3 2212 2174 2018
3 2019 2044 2020
3 2021 2023 2019
3 2023 2045 2019
3 2019 2045 2044
3 2021 2022 2023
3 2022 2025 2023
3 2022 2024 2025
3 2025 2046 2023
3 2023 2046 2045
3 2024 2027 2025
3 2024 2026 2027
3 2027 2048 2025
3 2025 2048 2046
3 2026 2029 2027
3 2026 2028 2029
3 2029 2050 2027
3 2027 2050 2048
3 2028 2031 2029
3 2028 2030 2031
3 2031 2052 2029
3 2029 2052 2050
3 2030 2033 2031
3 2030 2032 2033
3 2033 2054 2031
3 2031 2054 2052
3 2032 2035 2033
3 2032 2034 2035
3 2035 2056 2033
3 2033 2056 2054
3 2034 2194 2035
3 2156 2204 2034
3 2034 2204 2194
3 2035 2058 2056
3 2194 2058 2035
3 2061 2037 2036
3 2061 2036 2060
3 2062 2038 2037
3 2062 2037 2061
3 2063 2039 2038
3 2063 2038 2062
3 2064 2040 2039
3 2064 2039 2063
3 2065 2041 2040
3 2065 2040 2064
3 2066 2042 2041
3 2066 2041 2065
3 2067 2043 2042
3 2067 2042 2066
3 2222 2043 2067
3 2222 2212 2043
3 2045 2047 2044
3 2047 2068 2044
3 2045 2046 2047
3 2046 2049 2047
3 2046 2048 2049
3 2049 2069 2047
3 2047 2069 2068
3 2048 2051 2049
3 2048 2050 2051
3 2051 2070 2049
3 2049 2070 2069
3 2050 2053 2051
3 2050 2052 2053
3 2053 2071 2051
3 2051 2071 2070
3 2052 2055 2053
3 2052 2054 2055
3 2055 2072 2053
3 2053 2072 2071
3 2054 2057 2055
3 2054 2056 2057
3 2057 2073 2055
3 2055 2073 2072
3 2056 2059 2057
3 2056 2058 2059
3 2059 2074 2057
3 2057 2074 2073
3 2058 2218 2059
3 2194 2221 2058
3 2058 2221 2218
3 2059 2075 2074
3 2218 2075 2059
3 2077 2061 2060
3 2077 2060 2076
3 2078 2062 2061
3 2078 2061 2077
3 2079 2063 2062
3 2079 2062 2078
3 2080 2064 2063
3 2080 2063 2079
3 2081 2065 2064
3 2081 2064 2080
3 2082 2066 2065
3 2082 2065 2081
3 2083 2067 2066
3 2083 2066 2082
3 2085 2067 2083
3 2085 2086 2067
3 2086 2222 2067
3 2069 2087 2068
3 2070 2088 2069
3 2069 2088 2087
3 2071 2089 2070
3 2070 2089 2088
3 2072 2090 2071
3 2071 2090 2089
3 2073 2091 2072
3 2072 2091 2090
3 2074 2092 2073
3 2073 2092 2091
3 2075 2093 2074
3 2074 2093 2092
3 2094 2075 2086
3 2075 2223 2086
3 2075 2094 2093
3 2218 2224 2075
3 2075 2224 2223
3 2096 2077 2076
3 2096 2076 2095
3 2097 2078 2077
3 2097 2077 2096
3 2098 2079 2078
3 2098 2078 2097
3 2099 2080 2079
3 2099 2079 2098
3 2100 2081 2080
3 2100 2080 2099
3 2101 2082 2081
3 2101 2081 2100
3 2084 2083 2082
3 2103 2084 2082
3 2103 2082 2101
3 2084 2085 2083
3 2093 2085 2084
3 2110 2093 2084
3 2110 2084 2103
3 2094 2086 2085
3 2093 2094 2085
3 2086 2223 2222
3 2088 2104 2087
3 2089 2105 2088
3 2088 2105 2104
3 2090 2106 2089
3 2089 2106 2105
3 2091 2107 2090
3 2090 2107 2106
3 2092 2108 2091
3 2091 2108 2107
3 2093 2109 2092
3 2092 2109 2108
3 2093 2110 2109
3 2112 2096 2095
3 2112 2095 2111
3 2113 2097 2096
3 2113 2096 2112
3 2114 2098 2097
3 2114 2097 2113
3 2115 2099 2098
3 2115 2098 2114
3 2116 2100 2099
3 2116 2099 2115
3 2102 2101 2100
3 2118 2102 2100
3 2118 2100 2116
3 2102 2103 2101
3 2109 2103 2102
3 2124 2109 2102
3 2124 2102 2118
3 2109 2110 2103
3 2105 2119 2104
3 2106 2120 2105
3 2105 2120 2119
3 2107 2121 2106
3 2106 2121 2120
3 2108 2122 2107
3 2107 2122 2121
3 2109 2123 2108
3 2108 2123 2122
3 2109 2124 2123
3 2362 2112 2111
3 2362 2111 2361
3 2363 2113 2112
3 2363 2112 2362
3 2364 2114 2113
3 2364 2113 2363
3 2365 2115 2114
3 2365 2114 2364
3 2117 2116 2115
3 2370 2117 2115
3 2370 2115 2365
3 2117 2118 2116
3 2371 2118 2117
3 2371 2117 2370
3 2377 2124 2118
3 2377 2118 2371
3 2120 2372 2119
3 2121 2373 2120
3 2120 2373 2372
3 2122 2374 2121
3 2121 2374 2373
3 2123 2375 2122
3 2122 2375 2374
3 2124 2376 2123
3 2123 2376 2375
3 2124 2377 2376
3 2142 2126 2125
3 2142 2125 2141
3 2143 2127 2126
3 2143 2126 2142
3 2144 2128 2127
3 2144 2127 2143
3 2145 2129 2128
3 2145 2128 2144
3 2146 2130 2129
3 2146 2129 2145
3 2147 2131 2130
3 2147 2130 2146
3 2148 2132 2131
3 2148 2131 2147
3 2243 2132 2148
3 2243 2225 2132
3 2134 2155 2133
3 2135 2157 2134
3 2134 2157 2155
3 2136 2159 2135
3 2135 2159 2157
3 2137 2161 2136
3 2136 2161 2159
3 2138 2163 2137
3 2137 2163 2161
3 2139 2165 2138
3 2138 2165 2163
3 2140 2167 2139
3 2139 2167 2165
3 2140 2169 2167
3 2235 2169 2140
3 2172 2142 2141
3 2172 2141 2171
3 2173 2143 2142
3 2173 2142 2172
3 2149 2144 2143
3 2176 2149 2143
3 2176 2143 2173
3 2150 2145 2144
3 2149 2150 2144
3 2151 2146 2145
3 2150 2151 2145
3 2152 2147 2146
3 2151 2152 2146
3 2153 2148 2147
3 2152 2153 2147
3 2153 2154 2148
3 2154 2243 2148
3 2177 2150 2149
3 2177 2149 2176
3 2178 2151 2150
3 2178 2150 2177
3 2179 2152 2151
3 2179 2151 2178
3 2180 2153 2152
3 2180 2152 2179
3 2181 2154 2153
3 2181 2153 2180
3 2273 2154 2181
3 2154 2251 2243
3 2273 2251 2154
3 2155 2158 2156
3 2155 2157 2158
3 2158 2204 2156
3 2157 2160 2158
3 2157 2159 2160
3 2160 2205 2158
3 2158 2205 2204
3 2159 2162 2160
3 2159 2161 2162
3 2162 2206 2160
3 2160 2206 2205
3 2161 2164 2162
3 2161 2163 2164
3 2164 2207 2162
3 2162 2207 2206
3 2163 2166 2164
3 2163 2165 2166
3 2166 2208 2164
3 2164 2208 2207
3 2165 2168 2166
3 2165 2167 2168
3 2168 2209 2166
3 2166 2209 2208
3 2167 2170 2168
3 2167 2169 2170
3 2170 2210 2168
3 2168 2210 2209
3 2169 2263 2170
3 2235 2262 2169
3 2169 2262 2263
3 2170 2211 2210
3 2263 2211 2170
3 2174 2172 2171
3 2175 2173 2172
3 2174 2175 2172
3 2175 2176 2173
3 2213 2175 2174
3 2213 2174 2212
3 2214 2176 2175
3 2214 2175 2213
3 2182 2177 2176
3 2217 2182 2176
3 2217 2176 2214
3 2183 2178 2177
3 2182 2183 2177
3 2184 2179 2178
3 2183 2184 2178
3 2185 2180 2179
3 2184 2185 2179
3 2186 2181 2180
3 2185 2186 2180
3 2186 2187 2181
3 2187 2273 2181
3 2188 2183 2182
3 2220 2188 2182
3 2220 2182 2217
3 2189 2184 2183
3 2188 2189 2183
3 2190 2185 2184
3 2189 2190 2184
3 2191 2186 2185
3 2190 2191 2185
3 2192 2187 2186
3 2191 2192 2186
3 2192 2193 2187
3 2193 2281 2187
3 2187 2281 2273
3 2198 2189 2188
3 2195 2188 2196
3 2195 2198 2188
3 2188 2219 2196
3 2188 2220 2219
3 2199 2190 2189
3 2198 2199 2189
3 2200 2191 2190
3 2199 2200 2190
3 2201 2192 2191
3 2200 2201 2191
3 2202 2193 2192
3 2201 2202 2192
3 2202 2203 2193
3 2203 2289 2193
3 2193 2289 2281
3 2194 2195 2196
3 2204 2195 2194
3 2194 2196 2197
3 2221 2194 2197
3 2205 2198 2195
3 2204 2205 2195
3 2196 2218 2197
3 2196 2219 2218
3 2221 2197 2218
3 2206 2199 2198
3 2205 2206 2198
3 2207 2200 2199
3 2206 2207 2199
3 2208 2201 2200
3 2207 2208 2200
3 2209 2202 2201
3 2208 2209 2201
3 2210 2203 2202
3 2209 2210 2202
3 2210 2211 2203
3 2211 2297 2203
3 2203 2297 2289
3 2263 2305 2211
3 2211 2305 2297
3 2215 2213 2212
3 2223 2215 2212
3 2223 2212 2222
3 2216 2214 2213
3 2215 2216 2213
3 2216 2217 2214
3 2218 2216 2215
3 2224 2218 2215
3 2224 2215 2223
3 2219 2217 2216
3 2218 2219 2216
3 2219 2220 2217
3 2244 2226 2225
3 2244 2225 2243
3 2245 2227 2226
3 2245 2226 2244
3 2246 2228 2227
3 2246 2227 2245
3 2247 2229 2228
3 2247 2228 2246
3 2248 2230 2229
3 2248 2229 2247
3 2249 2231 2230
3 2249 2230 2248
3 2250 2232 2231
3 2250 2231 2249
3 2331 2232 2250
3 2331 2314 2232
3 2233 2259 2234
3 2233 2261 2259
3 2329 2261 2233
3 2240 2241 2234
3 2240 2234 2242
3 2234 2260 2242
3 2234 2259 2260
3 2236 2262 2235
3 2237 2264 2236
3 2236 2264 2262
3 2238 2266 2237
3 2237 2266 2264
3 2239 2268 2238
3 2238 2268 2266
3 2240 2270 2239
3 2239 2270 2268
3 2272 2240 2242
3 2240 2272 2270
3 2272 2242 2260
3 2251 2244 2243
3 2252 2245 2244
3 2251 2252 2244
3 2253 2246 2245
3 2252 2253 2245
3 2254 2247 2246
3 2253 2254 2246
3 2255 2248 2247
3 2254 2255 2247
3 2256 2249 2248
3 2255 2256 2248
3 2257 2250 2249
3 2256 2257 2249
3 2257 2258 2250
3 2258 2331 2250
3 2274 2252 2251
3 2274 2251 2273
3 2275 2253 2252
3 2275 2252 2274
3 2276 2254 2253
3 2276 2253 2275
3 2277 2255 2254
3 2277 2254 2276
3 2278 2256 2255
3 2278 2255 2277
3 2279 2257 2256
3 2279 2256 2278
3 2280 2258 2257
3 2280 2257 2279
3 2351 2258 2280
3 2258 2334 2331
3 2351 2334 2258
3 2259 2310 2260
3 2261 2311 2259
3 2259 2311 2310
3 2270 2260 2271
3 2270 2272 2260
3 2260 2309 2271
3 2260 2310 2309
3 2261 2312 2311
3 2312 2261 2313
3 2261 2349 2313
3 2329 2348 2261
3 2261 2348 2349
3 2262 2265 2263
3 2262 2264 2265
3 2265 2305 2263
3 2264 2267 2265
3 2264 2266 2267
3 2267 2306 2265
3 2265 2306 2305
3 2266 2269 2267
3 2266 2268 2269
3 2269 2307 2267
3 2267 2307 2306
3 2268 2271 2269
3 2268 2270 2271
3 2271 2308 2269
3 2269 2308 2307
3 2271 2309 2308
3 2281 2274 2273
3 2282 2275 2274
3 2281 2282 2274
3 2283 2276 2275
3 2282 2283 2275
3 2284 2277 2276
3 2283 2284 2276
3 2285 2278 2277
3 2284 2285 2277
3 2286 2279 2278
3 2285 2286 2278
3 2287 2280 2279
3 2286 2287 2279
3 2287 2288 2280
3 2288 2351 2280
3 2289 2282 2281
3 2290 2283 2282
3 2289 2290 2282
3 2291 2284 2283
3 2290 2291 2283
3 2292 2285 2284
3 2291 2292 2284
3 2293 2286 2285
3 2292 2293 2285
3 2294 2287 2286
3 2293 2294 2286
3 2295 2288 2287
3 2294 2295 2287
3 2295 2296 2288
3 2296 2353 2288
3 2288 2353 2351
3 2297 2290 2289
3 2298 2291 2290
3 2297 2298 2290
3 2299 2292 2291
3 2298 2299 2291
3 2300 2293 2292
3 2299 2300 2292
3 2301 2294 2293
3 2300 2301 2293
3 2302 2295 2294
3 2301 2302 2294
3 2303 2296 2295
3 2302 2303 2295
3 2303 2304 2296
3 2304 2356 2296
3 2296 2356 2353
3 2305 2298 2297
3 2306 2299 2298
3 2305 2306 2298
3 2307 2300 2299
3 2306 2307 2299
3 2308 2301 2300
3 2307 2308 2300
3 2309 2302 2301
3 2308 2309 2301
3 2310 2303 2302
3 2309 2310 2302
3 2311 2304 2303
3 2310 2311 2303
3 2311 2312 2304
3 2312 2313 2304
3 2349 2304 2313
3 2349 2359 2304
3 2304 2359 2356
3 2332 2315 2314
3 2332 2314 2331
3 2333 2316 2315
3 2333 2315 2332
3 2318 2317 2316
3 2336 2318 2316
3 2336 2316 2333
3 2318 2319 2317
3 2337 2319 2318
3 2337 2318 2336
3 2338 2320 2319
3 2338 2319 2337
3 2342 2321 2320
3 2342 2320 2338
3 2322 2323 2321
3 2322 2321 2324
3 2321 2341 2324
3 2321 2342 2341
3 2344 2322 2324
3 2325 2327 2322
3 2325 2322 2328
3 2322 2343 2328
3 2322 2344 2343
3 2344 2324 2341
3 2325 2345 2326
3 2346 2325 2328
3 2325 2346 2345
3 2350 2330 2326
3 2350 2326 2345
3 2346 2328 2343
3 2330 2348 2329
3 2330 2350 2348
3 2334 2332 2331
3 2335 2333 2332
3 2334 2335 2332
3 2335 2336 2333
3 2352 2335 2334
3 2352 2334 2351
3 2339 2336 2335
3 2354 2339 2335
3 2354 2335 2352
3 2340 2337 2336
3 2339 2340 2336
3 2341 2338 2337
3 2340 2341 2337
3 2341 2342 2338
3 2355 2340 2339
3 2355 2339 2354
3 2343 2341 2340
3 2358 2343 2340
3 2358 2340 2355
3 2343 2344 2341
3 2345 2346 2343
3 2345 2343 2347
3 2343 2357 2347
3 2343 2358 2357
3 2360 2345 2347
3 2348 2345 2349
3 2348 2350 2345
3 2345 2359 2349
3 2345 2360 2359
3 2360 2347 2357
3 2353 2352 2351
3 2353 2354 2352
3 2356 2354 2353
3 2357 2355 2354
3 2356 2357 2354
3 2357 2358 2355
3 2359 2357 2356
3 2359 2360 2357
3 2366 2362 2361
3 2367 2363 2362
3 2366 2367 2362
3 2368 2364 2363
3 2367 2368 2363
3 2369 2365 2364
3 2368 2369 2364
3 2369 2370 2365
3 2382 2367 2366
3 2382 2366 2381
3 2383 2368 2367
3 2383 2367 2382
3 2384 2369 2368
3 2384 2368 2383
3 2385 2370 2369
3 2385 2369 2384
3 2376 2371 2370
3 2389 2376 2370
3 2389 2370 2385
3 2376 2377 2371
3 2378 2372 2373
3 2378 2379 2372
3 2379 2386 2372
3 2380 2373 2374
3 2380 2378 2373
3 2375 2388 2374
3 2392 2380 2374
3 2392 2374 2388
3 2376 2387 2375
3 2375 2387 2388
3 2376 2389 2387
3 2378 2390 2379
3 2380 2391 2378
3 2378 2391 2390
3 2379 2390 2386
3 2380 2392 2391
3 2394 2382 2381
3 2394 2381 2393
3 2395 2383 2382
3 2395 2382 2394
3 2396 2384 2383
3 2396 2383 2395
3 2387 2385 2384
3 2397 2387 2384
3 2397 2384 2396
3 2387 2389 2385
3 2387 2398 2388
3 2387 2397 2398
3 2401 2392 2388
3 2401 2388 2398
3 2391 2399 2390
3 2392 2400 2391
3 2391 2400 2399
3 2392 2401 2400
3 2403 2394 2393
3 2403 2393 2402
3 2404 2395 2394
3 2404 2394 2403
3 2405 2396 2395
3 2405 2395 2404
3 2407 2397 2396
3 2407 2396 2405
3 2397 2406 2398
3 2397 2407 2406
3 2410 2401 2398
3 2410 2398 2406
3 2400 2408 2399
3 2401 2409 2400
3 2400 2409 2408
3 2401 2410 2409
3 2413 2403 2402
3 2413 2402 2412
3 2414 2404 2403
3 2414 2403 2413
3 2406 2405 2404
3 2416 2406 2404
3 2416 2404 2414
3 2406 2407 2405
3 2409 2410 2406
3 2409 2406 2411
3 2406 2415 2411
3 2406 2416 2415
3 2409 2417 2408
3 2418 2409 2411
3 2409 2418 2417
3 2418 2411 2415
3 2420 2413 2412
3 2420 2412 2419
3 2415 2414 2413
3 2422 2415 2413
3 2422 2413 2420
3 2415 2416 2414
3 2424 2418 2415
3 2424 2415 2422
3 2418 2423 2417
3 2418 2424 2423
3 2421 2420 2419
3 2426 2421 2419
3 2426 2419 2425
3 2421 2422 2420
3 2423 2422 2421
3 2427 2423 2421
3 2427 2421 2426
3 2423 2424 2422
3 2429 2427 2426
3 2429 2426 2428
3 2432 2430 2431
3 2432 2433 2430
3 2433 2452 2430
3 2434 2433 2432
3 2434 2436 2433
3 2436 2458 2433
3 2433 2458 2452
3 2437 2434 2435
3 2438 2436 2434
3 2437 2438 2434
3 2438 2439 2436
3 2439 2466 2436
3 2436 2466 2458
3 2440 2438 2437
3 2442 2439 2438
3 2440 2442 2438
3 2442 2443 2439
3 2443 2471 2439
3 2439 2471 2466
3 2444 2440 2441
3 2445 2442 2440
3 2444 2445 2440
3 2446 2443 2442
3 2445 2446 2442
3 2446 2447 2443
3 2447 2475 2443
3 2443 2475 2471
3 2448 2445 2444
3 2449 2446 2445
3 2448 2449 2445
3 2450 2447 2446
3 2449 2450 2446
3 2450 2451 2447
3 2447 2477 2475
3 2458 2453 2452
3 2459 2454 2453
3 2458 2459 2453
3 2459 2460 2454
3 2460 2462 2454
3 2462 2478 2454
3 2463 2455 2464
3 2463 2465 2455
3 2455 2480 2464
3 2455 2481 2480
3 2466 2459 2458
3 2467 2460 2459
3 2466 2467 2459
3 2460 2461 2462
3 2468 2461 2460
3 2467 2468 2460
3 2461 2464 2462
3 2461 2463 2464
3 2469 2463 2461
3 2468 2469 2461
3 2464 2479 2462
3 2462 2479 2478
3 2469 2470 2463
3 2464 2480 2479
3 2471 2467 2466
3 2472 2468 2467
3 2471 2472 2467
3 2473 2469 2468
3 2472 2473 2468
3 2473 2474 2469
3 2475 2472 2471
3 2475 2476 2472
4 2475 2477 2488 2988
4 2638 2870 3023 3568
4 2901 3725 3361 3786
4 2627 3791 3275 4238
4 2542 2690 4125 4271
4 710 3125 717 3921
4 2898 2935 2863 3694
4 2943 3446 3365 3997
4 132 3180 2997 3783
4 1030 2895 806 3851
4 1983 2008 1984 4029
4 749 3195 747 4025
4 2534 2603 2712 2931
4 3007 3629 2536 3907
4 2540 2697 2698 3540
4 245 237 235 3568
4 2635 2700 2545 3746
4 3091 2925 3960 4280
4 2654 2828 3866 4162
4 2571 2752 2972 4055
4 2788 2688 2904 3412
4 2651 2897 2826 3126
4 1983 2007 2008 4029
4 1307 2447 2451 2485
4 621 660 662 3887
4 2560 3037 2510 4167
4 664 782 625 3887
4 2853 2701 2988 3900
4 747 749 756 3195
4 2751 3052 2900 3182
4 2517 3297 3215 3375
4 911 899 896 3574
4 2779 2589 3482 4270
4 3195 3491 747 4025
4 2006 1981 2005 4029
4 1982 1981 2006 4029
4 2570 2846 2679 2856
4 714 715 2920 3433
4 2698 3540 2697 4334
4 802 801 793 3570
4 756 755 747 3195
4 1013 1005 1100 3138
4 3279 3828 2811 4040
4 2863 2898 2611 2935
4 1771 1763 1764 3326
4 2677 3291 2940 3993
4 800 799 791 3570
4 2501 2823 3557 4389
4 2577 2599 2639 3022
4 1980 2004 2005 3442
4 2575 3208 3640 3902
4 749 747 3491 4025
4 2620 2779 3482 4270
4 2654 3866 3225 4162
4 1062 1073 1061 3767
4 3044 2651 3195 4041
4 419 414 423 2483
4 3465 3487 2929 4285
4 2598 3279 3815 4228
4 755 747 3195 3985
4 2005 1981 1980 3442
4 1761 1769 3338 3643
4 2517 3375 3215 3494
4 2541 2627 2959 3275
4 3207 2690 3797 4163
4 2940 2677 3993 4150
4 1001 1002 1010 3721
4 2548 3117 2933 3237
4 2545 3747 2613 4230
4 1010 1009 1001 3721
4 2642 4187 3376 4257
4 2738 3496 2936 4276
4 2475 2488 2476 2988
4 2523 3203 3208 3726
4 2439 2442 2443 3661
4 2568 3147 3735 4222
4 2703 2863 2846 3399
4 2706 2702 3151 3405
4 2742 3858 3275 3952
4 624 625 3491 4165
4 1808 1809 2893 4415
4 2737 2946 2774 3344
4 2594 3183 3638 4359
4 2969 3646 4250 4257
4 2508 3179 2997 3945
4 678 677 669 4193
4 710 711 717 3125
4 3364 3592 2902 3853
4 1030 806 798 3851
4 2925 3549 3116 3689
4 2499 3606 2983 3838
4 2826 2897 2651 3293
4 2853 3150 2571 3900
4 1079 1081 1080 3105
4 1109 1139 1140 3432
4 2499 2559 3146 3916
4 1829 1814 1825 3316
4 2651 3491 3195 4025
4 3031 3156 3856 4149
4 844 845 837 3799
4 2913 3185 2819 4433
4 710 703 3644 3921
4 2701 2853 2988 3158
4 799 681 673 4190
4 1862 1850 1849 4209
4 2595 2942 3070 3462
4 2636 3193 3130 3918
4 738 790 779 739
4 2544 3272 2645 3527
4 2597 2721 2897 3111
4 1080 1078 1079 3105
4 2683 2945 2811 4040
4 2688 3256 2904 3412
4 1794 1805 1795 4414
4 624 623 625 4165
4 3092 3447 2636 3541
4 2677 2909 2910 3583
4 688 663 661 3887
4 2729 2839 2807 3304
4 2683 2811 3026 3674
4 3365 3446 2943 3758
4 3191 2902 3592 3853
4 3269 3465 2929 4285
4 2814 4078 3127 4188
4 2916 3178 2720 3313
4 2598 3815 3803 4228
4 2663 3210 3437 3695
4 2536 3046 3461 3907
4 2557 2512 3108 3121
4 1151 2138 2137 3223
4 2137 1150 1151 3223
4 2723 3550 3293 4015
4 793 794 802 3570
4 1082 1154 1170 3372
4 2588 3320 3626 3965
4 2696 2745 3138 3396
4 2780 3598 3597 4259
4 1181 1180 1172 3933
4 2194 2221 2058 3309
4 2104 2119 1738 4290
4 791 792 800 3570
4 1682 1692 1693 3617
4 1179 1178 1170 3933
4 1159 1198 1200 3848
4 1170 1171 1179 3933
4 2939 3208 3203 3726
4 2677 2910 2909 3722
4 341 320 318 3731
4 624 622 623 4165
4 1229 1203 1201 3832
4 2501 2536 3629 3907
4 3365 3778 2943 3997
4 1155 1194 1196 3848
4 1172 1173 1181 3933
4 2733 2582 2801 3868
4 2929 2699 3181 3487
4 681 3168 680 4190
4 2779 3482 2589 3705
4 747 3491 3195 3985
4 2997 3180 2586 3783
4 1170 1091 1082 3372
4 2651 3044 3195 3491
4 2796 2905 3197 3823
4 2807 2839 2729 3837
4 941 940 958 3530
4 2759 3121 2562 4432
4 940 957 958 3530
4 2667 3183 4018 4443
4 2929 3319 3312 4117
4 1527 1543 1544 4386
4 371 372 373 3503
4 1626 819 820 3764
4 820 1627 1626 3764
4 2721 3111 2824 3252
4 2528 4254 3648 4273
4 1869 1862 1882 1870
4 661 687 688 3887
4 3181 2969 3418 4435
4 766 3433 3895 4203
4 3096 3280 2525 3728
4 2794 2977 2696 3922
4 2980 3577 3478 4246
4 2813 2814 3529 3587
4 2997 3180 132 3946
4 511 3580 3083 3699
4 4125 4271 3231 4330
4 2963 3379 2950 3490
4 225 224 230 3782
4 2571 2853 3158 3812
4 2683 2945 2813 3954
4 938 939 955 3475
4 2969 3684 3545 4251
4 1145 1121 1119 3671
4 2699 2929 3465 3487
4 2563 2704 2654 3597
4 2969 3684 4251 4257
4 2901 3361 81 3786
4 3036 3376 2969 4257
4 2607 2932 3025 3308
4 2651 3293 2897 3550
4 1201 1228 1229 3832
4 2588 2859 2730 3626
4 1022 1030 798 3851
4 1645 1647 1648 3695
4 2814 3127 2813 4188
4 2575 3152 3208 3756
4 1977 1999 1997 3539
4 2701 2853 2571 3900
4 669 670 678 4193
4 1519 1514 1509 3407
4 912 913 921 2956
4 2569 3023 2641 3393
4 2533 2676 3402 3685
4 2805 3379 2950 3773
4 1504 1486 1489 3630
4 2535 3226 3160 4017
4 2513 3245 3038 3958
4 2540 2698 2697 2782
4 2197 2218 2221 3309
4 2471 2439 4155 4189
4 1808 1809 1819 3675
4 1522 1521 1512 3421
4 2722 2872 3142 3844
4 3016 3866 2828 4162
4 673 791 799 4190
4 2548 3198 2661 4106
4 1338 4074 3405 4206
4 1036 1035 1027 3703
4 756 3195 749 4025
4 3215 2503 3493 4023
4 2997 3668 2927 3946
4 662 623 621 3887
4 3215 3297 2514 3375
4 746 625 782 3887
4 2933 3117 2548 3279
4 2585 3493 3259 4261
4 2781 2806 2733 3473
4 3181 3418 2969 3545
4 712 721 3111 3452
4 2920 3433 715 3761
4 3094 3374 3303 4317
4 2661 3052 2751 3182
4 2495 3137 2767 3488
4 1117 1144 1119 3947
4 2703 3424 3290 3944
4 1849 1850 1827 2783
4 2026 1994 1996 3141
4 1996 2028 2026 3141
4 1359 1348 1351 4107
4 1119 1144 1145 3671
4 1410 1406 1405 3089
4 2031 2029 2028 3175
4 2586 3180 3179 4221
4 3266 3566 2510 4422
4 2651 3044 3293 4041
4 3108 3121 2512 3389
4 2675 2700 3106 3331
4 2514 3780 3370 3956
4 2563 2654 2828 3866
4 2814 2813 3529 4188
4 2749 2562 3121 4432
4 2533 2593 3751 4442
4 2643 3281 2930 4398
4 2969 3418 3036 3545
4 1120 1081 1118 3105
4 3312 3319 2929 3394
4 806 2895 1030 3349
4 1318 605 606 3315
4 579 580 588 3516
4 2627 2913 2819 4433
4 2523 3208 3598 3726
4 609 3653 1323 3738
4 2595 2942 3462 3752
4 1579 1578 1586 4117
4 693 1537 1536 4275
4 2675 3106 2635 3173
4 2028 2030 2031 3175
4 2607 3025 2766 3308
4 1536 692 693 4275
4 1681 1692 3617 4217
4 1680 1706 1704 3680
4 2615 3356 3348 3875
4 3338 3471 1766 3571
4 3493 3652 2517 3945
4 2773 2708 3104 3428
4 2608 2668 2753 2849
4 1113 1142 1115 3947
4 2651 3116 2867 3883
4 2654 2674 2563 2883
4 2693 3601 3857 4265
4 2524 2565 2599 3329
4 806 1030 822 3349
4 2868 3833 3076 4402
4 2521 3226 3099 4247
4 2701 2980 3292 4138
4 3259 3351 2493 3493
4 1228 1201 1199 3848
4 2580 2794 2696 3872
4 697 1541 1540 3334
4 1540 696 697 3334
4 3070 3881 2822 4104
4 711 718 717 3125
4 107 2831 2505 3534
4 905 904 886 4390
4 2568 3244 3032 4144
4 2699 3418 2929 4435
4 219 221 232 2885
4 3088 3603 2860 4117
4 2748 3461 3046 3907
4 1529 1545 1546 4341
4 3051 3859 3854 4040
4 2699 2929 3181 4435
4 1693 1646 3695 3712
4 2814 3083 3580 3699
4 1587 1579 1586 4117
4 1074 1076 1088 3974
4 2563 3409 3408 3992
4 2511 3348 3356 3875
4 3198 3237 2661 4039
4 1101 1092 1093 3138
4 2494 2966 3295 3838
4 2499 2966 3606 3838
4 1544 1528 1527 4386
4 2511 3356 2648 3875
4 2699 3181 3418 4435
4 595 569 594 3420
4 2542 4271 4125 4330
4 469 473 468 4360
4 2738 2936 3976 4276
4 2699 2929 3269 3465
4 695 679 680 4045
4 1117 1143 1144 3947
4 2651 3550 2897 4212
4 893 908 894 3422
4 2608 2668 2849 3221
4 2383 2394 2395 3341
4 564 600 563 4090
4 3277 3491 625 4165
4 1421 1422 1414 3719
4 2702 2673 2968 3546
4 3032 3505 3244 4427
4 799 3004 791 3570
4 2651 2897 3126 4212
4 2586 2997 2508 3179
4 109 3380 2996 4112
4 3250 3647 3109 4219
4 3215 3375 2514 3494
4 3803 3815 3279 4228
4 1738 1731 2104 4290
4 440 441 443 3286
4 1357 1359 1365 3502
4 2868 3052 2751 4106
4 581 589 3155 3438
4 2513 3506 3193 3958
4 132 2997 134 3783
4 2997 2586 3517 3783
4 192 3099 2521 3370
4 2413 2412 2420 3889
4 2824 2934 2721 3252
4 2498 3264 4267 4378
4 2654 2704 2883 3303
4 355 340 338 3743
4 334 433 427 3085
4 347 322 323 3353
4 2049 2046 2048 4012
4 2966 3266 2612 3916
4 2541 2627 3275 4238
4 2969 4251 3036 4257
4 2702 3900 2706 4101
4 1131 1130 1122 3768
4 908 893 907 3422
4 914 3139 3602 4075
4 1729 1728 3041 3975
4 2634 3317 3207 3404
4 1497 1510 1499 2490
4 2770 3360 2895 3922
4 1611 1610 1569 4077
4 405 397 396 3052
4 2722 3032 3142 4144
4 2008 1984 4029 4100
4 1703 1702 1713 4445
4 1645 1648 1646 3695
4 1201 1228 3832 3848
4 2616 3340 3184 3941
4 2439 2471 2466 4189
4 2694 2702 3250 3251
4 1832 3722 1831 4298
4 1228 1199 1227 3848
4 1569 1610 1567 4077
4 710 3644 3125 3921
4 3215 3493 2517 3945
4 3047 3192 2821 3553
4 521 3580 547 4151
4 1092 1101 1100 3138
4 2642 3086 4187 4257
4 2806 2703 3299 3576
4 746 782 784 3491
4 193 3160 2535 3226
4 2508 3122 2586 3292
4 2618 3555 3735 4427
4 916 933 932 2800
4 2939 3598 3208 3726
4 3160 3226 2506 4017
4 3689 3960 2925 4280
4 2588 3626 2720 3965
4 2925 3689 3116 3960
4 2677 3156 2940 3291
4 948 939 930 3561
4 2686 2957 2843 3518
4 109 3850 3380 4112
4 2769 3606 3146 3916
4 1027 1028 1036 3703
4 1999 1997 3539 3814
4 2858 3338 2802 4113
4 1546 1530 1529 4341
4 2568 3032 3322 3775
4 3225 3866 3016 4162
4 2571 2972 3262 4055
4 2675 3106 2981 3331
4 2821 2576 3031 3553
4 1692 1682 1681 3617
4 714 722 715 3433
4 2540 2698 2782 4354
4 2813 3932 2683 3954
4 2527 4322 2609 4324
4 3032 2722 3142 3811
4 1975 1050 1051 3913
4 1051 1976 1975 3913
4 3364 2805 4218 4436
4 1200 1161 1159 3848
4 2276 2254 2253 3959
4 916 932 915 2800
4 2466 2436 2439 4189
4 3283 4188 3127 4421
4 2862 3615 3362 4109
4 3380 3395 2836 3523
4 134 2997 3201 3783
4 2723 2925 3116 3960
4 2519 2539 3746 3747
4 1196 1157 1155 3848
4 2675 2700 2635 3106
4 1711 1713 1702 4445
4 3238 3632 2552 3935
4 2560 2561 3237 3608
4 2520 2950 3888 4096
4 878 863 862 3595
4 1692 3210 1693 3617
4 2592 2835 2553 3500
4 1006 1022 3851 4302
4 3365 3446 3261 3997
4 772 771 763 3570
4 2648 3356 2615 3875
4 608 587 588 3738
4 595 596 559 3420
4 398 857 407 3501
4 2618 3503 3091 4280
4 1830 1831 3722 3880
4 2506 3547 3160 4017
4 2938 3865 3583 3927
4 1851 1852 1863 3691
4 2625 3862 2995 4069
4 2607 2932 2747 3025
4 1109 1139 3432 4297
4 2664 3319 3312 3394
4 2648 2698 2615 2797
4 2613 2764 2555 2820
4 2551 2495 3356 3766
4 1041 1966 1967 3673
4 2969 3545 3036 4251
4 3181 3487 2699 4242
4 2537 3364 3480 4436
4 3364 4218 3480 4436
4 2698 3163 2797 3234
4 3116 2765 3197 4041
4 2634 3207 3317 3797
4 2434 2435 2437 3477
4 2503 3706 3226 4388
4 1970 1986 2141 4100
4 68 3783 3201 4134
4 2688 2832 2878 3563
4 764 2905 763 3195
4 2651 3293 3116 4041
4 338 353 355 3743
4 2519 2578 2562 3368
4 2568 3735 3244 4222
4 2493 3259 2585 3351
4 1107 1099 1186 3443
4 2722 3142 2872 4144
4 2683 3828 2945 4040
4 2952 2589 4270 4375
4 2545 2635 2675 2700
4 3225 3865 2938 3927
4 2567 3446 3545 3684
4 3226 4023 2503 4388
4 512 503 3301 3713
4 2548 2661 3198 3237
4 2630 3540 3254 3875
4 469 474 473 4360
4 2940 3156 2677 4150
4 3076 3644 703 3921
4 2534 3493 3457 4022
4 791 3004 799 4190
4 2511 3356 3067 3766
4 2733 2801 2781 3473
4 1141 1142 1113 3947
4 2814 3066 4078 4188
4 2704 3303 2654 3902
4 2938 3225 3758 3865
4 2936 3079 3078 4445
4 2688 2720 2832 3228
4 1840 1941 1931 4411
4 2714 2832 3982 4392
4 2589 2923 2779 3705
4 3135 3448 2539 3754
4 1608 1609 1601 3468
4 3244 3489 3379 4226
4 2655 3394 3646 4113
4 1074 1088 1087 4356
4 3160 3236 2535 4017
4 2571 2853 2701 3158
4 2580 2745 3512 3562
4 2544 3527 2645 3756
4 2628 2905 3197 4050
4 3195 3491 3044 3985
4 3125 3644 3076 3921
4 1601 3468 1609 4301
4 3317 3404 2634 3797
4 3540 3849 2630 4334
4 2655 3441 3809 3924
4 1122 1123 1131 3768
4 1637 1662 2003 4313
4 2138 2139 3298 3897
4 934 935 3721 3760
4 2590 3525 3793 4119
4 2823 2995 2974 3093
4 2736 2825 3218 4186
4 2560 2991 2561 3608
4 1410 3089 1405 4065
4 694 678 679 3253
4 2132 2148 2243 4231
4 2659 2918 2855 3504
4 85 2587 3115 4393
4 2837 3789 3490 4157
4 2754 2707 2894 3054
4 1157 1159 1158 3962
4 922 712 940 3422
4 2654 2704 2674 2883
4 2521 3226 2535 3692
4 2003 1979 1637 4313
4 2615 2698 2782 3163
4 772 764 773 4203
4 2553 3395 2592 3500
4 3041 3513 1729 3975
4 3121 3389 3108 4296
4 2120 3522 2119 3966
4 3051 3854 2644 4040
4 2646 3018 3164 4095
4 2072 2073 2091 3175
4 1506 3399 1505 3694
4 2696 2580 2745 3396
4 635 636 644 2945
4 2805 2902 3244 3364
4 2520 3732 2950 4096
4 2866 3077 2659 3511
4 68 3201 3200 4134
4 2738 3976 3496 4276
4 2722 3142 3277 3844
4 1522 3233 1512 3407
4 1320 1315 1321 3738
4 2706 2853 2702 3405
4 2501 2748 3046 3907
4 1968 1984 1985 4100
4 2501 3557 2823 3725
4 2610 2912 2831 4240
4 2729 2807 3025 3304
4 1476 3189 3687 4245
4 2741 2812 3094 4411
4 498 496 494 3043
4 2667 3183 2862 4018
4 1969 1968 1985 4100
4 845 836 837 2947
4 439 495 3342 3656
4 2594 4166 3183 4359
4 2792 2801 2582 3868
4 2936 3496 3159 4276
4 2824 3252 3111 3422
4 216 3354 229 3435
4 621 623 3277 3887
4 2730 2865 2859 3510
4 2554 3606 3146 3867
4 2141 2125 1970 4100
4 2945 3828 3785 4040
4 2552 3238 2502 3632
4 766 4203 3895 4407
4 287 3185 272 3641
4 2942 3261 3070 3997
4 1158 1156 1157 3962
4 2611 2898 2863 3618
4 3160 3547 2506 3706
4 1561 3468 1607 4219
4 1997 1976 1977 3539
4 2499 2554 3146 3867
4 2618 3091 3960 4280
4 2551 2767 2495 3766
4 2607 3308 2766 4207
4 397 404 394 3052
4 1139 3206 1140 3432
4 2568 3244 4144 4226
4 2936 3310 3079 4445
4 1536 3715 692 4275
4 2836 3380 2912 3395
4 1995 1997 1998 3814
4 2651 3126 3491 4025
4 2699 3487 3465 4301
4 2897 3293 2798 3550
4 2837 4157 3275 4277
4 2938 3291 3156 3520
4 1851 1831 1830 3061
4 2567 3593 3997 4361
4 1081 1120 1083 3105
4 2699 3049 3487 4301
4 2658 2725 2724 2903
4 2867 3116 3689 3883
4 696 680 681 3118
4 2644 3279 3051 4040
4 514 3498 524 4380
4 2679 3192 2863 3575
4 2788 3039 3424 3944
4 3716 2509 3842 4428
4 2642 3376 3036 4257
4 3244 3505 2961 4087
4 2594 2951 3638 4188
4 2519 2562 2578 3497
4 373 3091 371 3503
4 2628 3051 3599 4169
4 521 547 546 4151
4 2437 1301 2440 2484
4 2563 3992 3204 4158
4 2862 2667 4018 4443
4 2737 2774 2668 3344
4 2659 3077 2866 3724
4 1134 1135 1150 3114
4 579 588 587 3516
4 1148 1132 1133 3114
4 2756 3362 2619 3704
4 2942 3752 3261 3778
4 2394 2383 2382 3391
4 3266 3566 2769 3916
4 2742 3275 3169 3791
4 432 442 431 3342
4 2895 3349 2864 3912
4 2642 4251 3684 4257
4 2775 3462 3371 4104
4 2524 2599 2587 3329
4 2124 2123 2109 3733
4 712 3111 721 3422
4 2604 2700 2635 3746
4 3529 3587 2814 3932
4 2654 3094 3560 4172
4 995 996 3795 3813
4 2243 2225 2132 4231
4 2901 2501 3725 3786
4 2858 3338 2911 4176
4 2027 2024 2026 3175
4 3094 3303 2883 4317
4 2567 3997 3446 4361
4 2664 3312 3319 4117
4 2119 3972 1738 4290
4 262 270 263 3659
4 2869 3210 2766 3695
4 2684 3683 3164 3777
4 2619 2717 3217 4335
4 3113 2929 3394 4044
4 3044 3195 3985 4041
4 2501 3046 2536 3907
4 2510 3266 3143 3566
4 2025 2024 2027 3175
4 2573 2749 2784 3368
4 2655 3809 3418 3924
4 2694 3151 2702 3251
4 2197 2221 2194 3309
4 2780 3446 3365 3758
4 918 3248 935 3760
4 3752 3855 2834 4352
4 2794 2845 2977 2978
4 2961 4144 3244 4226
4 2120 2105 2106 4154
4 2245 2246 2227 3959
4 2692 3003 2819 3434
4 2968 3647 3250 4234
4 2863 3424 3039 3618
4 2715 4014 3626 4150
4 3177 3559 2899 3925
4 1100 1005 1092 3138
4 772 773 3339 4203
4 2756 3362 2862 3615
4 1626 1651 1649 4168
4 2488 2988 2477 3170
4 3279 4040 2811 4368
4 1476 3189 1477 3687
4 155 3200 3295 4134
4 2595 3070 2942 3261
4 475 473 474 4360
4 2927 3215 2517 3945
4 2872 3127 3283 4159
4 1331 1332 3217 4120
4 2664 3088 2860 4117
4 2756 3235 2862 3362
4 2575 3208 3152 3640
4 2930 3281 2884 4398
4 2690 3207 4125 4163
4 2822 3881 3468 4104
4 3152 2939 3208 4249
4 1406 1524 1523 2935
4 568 540 538 3699
4 202 203 204 3558
4 2662 3858 3635 4323
4 3156 3291 2677 3520
4 2121 2120 2106 4154
4 2862 3362 3235 3363
4 2199 2200 2190 4419
4 2853 3150 2673 3812
4 2775 3483 3462 4104
4 749 3491 3126 4025
4 2621 2774 2946 3344
4 2190 2189 2199 4419
4 636 645 644 3337
4 3131 3323 2785 4042
4 2826 3126 3452 3682
4 3001 3513 1735 4176
4 2788 3039 2863 3424
4 2568 3147 3322 3735
4 2439 2438 2442 3477
4 2868 3599 3052 4106
4 512 3209 523 3713
4 3125 3895 717 3921
4 2724 2971 2680 3062
4 2775 3260 3462 3483
4 710 711 3125 3644
4 2429 3650 1836 3675
4 3076 3197 2796 4135
4 588 580 3155 3516
4 522 521 3580 4078
4 3599 4106 2628 4169
4 3067 3356 2495 3766
4 2496 3525 3245 3979
4 2805 2950 3379 3490
4 2604 2681 2783 3157
4 3351 3493 2503 4023
4 2654 2828 2883 3840
4 2704 2654 3597 3902
4 1030 1046 822 3349
4 1740 1746 3701 4345
4 1863 1852 1866 3691
4 603 493 602 3199
4 1627 3025 1626 3764
4 2611 2834 3752 3855
4 2635 3010 2850 3341
4 2834 3033 2898 4244
4 911 899 3574 3602
4 2777 3500 2792 3679
4 2556 2702 3817 3937
4 2439 3477 2442 3661
4 2735 2960 2670 3306
4 2494 3122 2510 3566
4 2677 3582 2909 3583
4 2563 2674 2654 2704
4 3276 3378 2500 4047
4 951 950 934 3721
4 2699 3418 3181 3545
4 3260 3371 2637 3639
4 2855 2659 3504 4266
4 2694 2702 3151 3937
4 1326 1332 4120 4223
4 2500 3378 3276 4011
4 914 3602 911 4075
4 904 919 3248 4084
4 427 333 334 3085
4 2826 3126 2897 3452
4 1609 3332 1610 4301
4 2246 2228 2227 3959
4 3036 3418 2699 3545
4 631 3844 620 4165
4 2683 3932 3155 3954
4 2933 2769 3480 4218
4 2872 3127 3257 3283
4 2511 3067 2495 3766
4 2664 3312 2795 3394
4 579 580 3516 4151
4 2764 2555 2820 2915
4 3532 3547 2524 4312
4 3131 2785 3450 4042
4 2843 2957 2686 3242
4 3116 3293 3044 4041
4 3632 3642 2552 3935
4 1835 1834 1819 3898
4 2380 2373 2374 3542
4 2733 2806 2781 4200
4 2749 2786 3020 3628
4 2666 3771 2526 4126
4 933 934 950 3721
4 2905 3859 3197 4050
4 3262 4093 3408 4241
4 2495 4196 3137 4294
4 2805 3244 2902 3489
4 2765 3197 2905 3859
4 2866 3511 2659 4266
4 2716 2719 2985 3800
4 336 2999 335 3148
4 703 3076 424 4319
4 3147 2902 3735 4222
4 2677 2909 3119 3722
4 2642 3086 3857 4187
4 2480 2481 1453 4140
4 2671 3329 3007 3401
4 2693 3750 3271 4414
4 2720 3228 2688 3965
4 1643 1645 1646 3621
4 2470 3151 2463 4116
4 2124 2377 2376 4340
4 2501 3629 2748 3907
4 2501 3557 3629 4389
4 1736 1729 3041 3513
4 2133 1146 1147 4105
4 2134 2133 1147 4105
4 2757 3308 2932 3963
4 1148 1149 2135 4105
4 1149 2136 2135 4105
4 2579 2613 2555 2820
4 569 595 559 3420
4 2567 3156 3593 4361
4 1028 1012 3392 3703
4 2910 3583 2909 3880
4 2689 3859 3051 4040
4 2567 3545 3446 3997
4 2594 3773 3183 4166
4 3260 3371 2775 3462
4 2690 2542 3317 4271
4 589 588 3155 3738
4 1099 1178 1186 3443
4 3031 3553 3260 3593
4 3597 3598 2780 4093
4 2253 2275 2276 3959
4 1846 3722 1832 4298
4 2663 2766 3210 3695
4 2957 3830 2843 4111
4 1995 1998 1996 3814
4 268 261 266 4123
4 763 764 772 3570
4 2525 3494 2964 3793
4 939 3475 938 3561
4 2796 3339 2905 3823
4 3152 3208 2939 3640
4 940 712 721 3422
4 2813 3127 2814 3587
4 2935 2611 3192 3724
4 2964 3793 3525 4119
4 763 3195 2905 3985
4 1226 1197 1195 3987
4 1236 1237 2235 3816
4 1237 2236 2235 3816
4 1775 1772 1764 3327
4 2109 3733 2110 4342
4 696 695 680 4045
4 3093 3551 2823 4175
4 2548 3117 3237 3280
4 2794 2978 2696 3872
4 2527 2553 3440 3500
4 3541 4112 2499 4373
4 2787 3468 2822 3881
4 2728 2888 3140 4127
4 2813 3587 3529 3932
4 1736 1729 1728 3041
4 2838 3237 3191 4062
4 2476 2988 2488 3170
4 2863 2935 2611 3192
4 3195 3197 2905 4041
4 1468 1475 1476 4245
4 132 157 3180 3783
4 2576 3260 3031 3553
4 2976 2814 3587 3932
4 3375 3793 3096 3841
4 784 748 746 3491
4 135 3201 2997 3668
4 2573 2648 2698 3875
4 843 838 835 3830
4 3292 3819 2614 4171
4 2573 2511 2648 3875
4 1834 1818 1819 3898
4 2225 2243 2244 3987
4 764 2905 3195 4203
4 1809 3736 2893 4415
4 714 3433 2920 3921
4 2237 2266 2264 4316
4 2049 2047 2046 4012
4 2622 2539 3448 3754
4 281 291 297 3607
4 2514 3525 3780 3956
4 2933 2561 3592 4062
4 3960 4321 3147 4405
4 3895 4203 2796 4407
4 3098 3562 2956 4084
4 2858 2802 3646 4113
4 1754 1736 3326 3643
4 454 503 3713 3807
4 2843 3518 2957 4111
4 3274 4014 2715 4150
4 832 3059 833 3458
4 88 3361 2901 3725
4 708 709 707 3977
4 3099 2503 4023 4388
4 2802 4187 3086 4257
4 1746 1742 1747 4345
4 2059 2218 2075 4080
4 3356 4346 2615 4355
4 228 214 216 3435
4 2321 1280 1279 4426
4 1338 2474 2473 3029
4 933 2800 934 3721
4 2588 2795 2720 3159
4 2867 3116 3549 3689
4 2681 2928 2539 3754
4 2157 2158 2155 4056
4 678 679 3253 4193
4 1625 818 819 3304
4 819 1626 1625 3304
4 1952 3730 1951 4026
4 1601 1600 1608 3468
4 2654 2883 2563 3840
4 3116 3197 2765 3689
4 2558 3099 2514 3780
4 3122 2510 3566 4422
4 2828 3016 2646 3866
4 3525 3535 3245 3979
4 2532 3637 3478 4221
4 2644 3828 3279 4040
4 2547 3626 3313 3842
4 2780 3261 3365 3446
4 2821 3192 3047 3383
4 794 773 774 3339
4 2062 2038 3442 4029
4 2380 2378 2373 4332
4 3197 3555 2765 3689
4 2560 2510 3037 3237
4 2927 3096 2517 3494
4 774 795 794 3339
4 2638 3023 2870 3386
4 1318 1313 1312 3315
4 2515 4122 3478 4221
4 2547 3381 3228 3886
4 1182 1181 1173 3240
4 3228 3381 2547 3842
4 2509 2602 3228 4324
4 398 848 857 4028
4 3254 3358 2540 4182
4 2782 3163 2678 4354
4 2575 3302 2741 3303
4 802 3526 801 3570
4 755 764 763 3195
4 2499 3146 2554 3606
4 807 783 665 4394
4 2805 2950 3698 3773
4 328 3148 2999 3677
4 2898 2863 3618 3694
4 609 589 674 3026
4 2654 2883 3094 3303
4 800 3526 799 3570
4 547 3580 521 4078
4 3127 3283 2813 4188
4 1693 3210 1692 3712
4 2568 3775 3697 4216
4 71 2636 3103 3447
4 687 661 659 3273
4 1627 1653 1651 4168
4 3185 3641 2930 3787
4 2881 3148 2734 3149
4 2942 2943 3778 3997
4 766 3895 767 4407
4 2748 3046 4273 4428
4 806 3349 3764 3851
4 1746 1747 2918 2919
4 3127 4078 3066 4188
4 2127 1140 1139 3206
4 1028 1012 1013 3392
4 3207 3660 2556 4163
4 2570 2856 2679 3064
4 755 756 764 3195
4 2724 3375 2658 3414
4 3436 3512 2629 3562
4 401 411 412 3765
4 2497 3369 2767 3488
4 3147 3960 3474 4321
4 1042 1968 1043 3779
4 2525 3793 2964 4119
4 1195 1225 1226 3987
4 1042 1967 1968 3779
4 2595 3261 2942 3752
4 2943 3446 3997 4361
4 1151 2138 3223 3897
4 2813 3529 3283 3784
4 2672 2923 2948 3335
4 2617 3515 2952 4006
4 1029 1028 1013 3392
4 2699 3269 2929 3418
4 3099 2514 3370 3533
4 2776 3482 3509 4429
4 2720 3313 3228 3965
4 2938 3684 3583 3865
4 2785 3131 2647 3323
4 3156 3759 3593 4361
4 2787 3231 2965 4201
4 2864 2977 2845 2978
4 2566 2670 2735 2960
4 3208 3640 3902 4404
4 3030 3529 2813 3784
4 2499 2554 2983 3606
4 2728 2888 2786 3071
4 2542 2690 3207 4125
4 2741 3094 2812 3303
4 2499 3838 2983 3877
4 2576 2904 2788 3886
4 3261 3778 3365 3997
4 2588 3078 2936 3079
4 2575 3152 3756 4130
4 191 66 2987 3276
4 3203 3208 2939 4249
4 2585 2493 3202 3259
4 2588 2720 2916 3159
4 179 3378 4047 4292
4 568 538 565 3613
4 2757 2663 3027 3437
4 2911 2655 3792 3808
4 2942 3483 3260 3593
4 2519 2578 3368 4230
4 3993 4250 3646 4257
4 3159 2720 3178 3285
4 1615 1631 1632 3159
4 2226 2225 2244 3987
4 495 3015 497 3948
4 2642 3857 3376 4187
4 1320 1329 1328 3738
4 746 3491 625 3887
4 2929 3487 3181 4418
4 2535 3692 3226 4017
4 2862 3363 3235 3824
4 2526 3370 3780 3956
4 1587 4117 1586 4285
4 2951 3015 2881 4359
4 995 3795 964 3892
4 98 3202 84 4043
4 2796 3197 3076 3823
4 1338 1333 3405 4074
4 192 2521 3099 4247
4 2545 2613 3747 4048
4 833 829 830 3059
4 2539 2928 2681 3157
4 3096 3622 3280 3728
4 2796 3895 3433 4203
4 2542 3317 3164 4158
4 2002 1999 2001 4056
4 773 764 765 4203
4 2727 2970 3011 4440
4 3044 3293 3116 3811
4 2598 3660 3463 3815
4 1645 1646 3621 3695
4 2938 3758 3446 3865
4 3487 4285 3465 4301
4 2942 3462 3260 3483
4 409 414 419 2483
4 3262 3408 3055 4241
4 1173 1174 1182 3240
4 288 271 286 4286
4 2722 3775 3032 4144
4 2763 2952 2617 3515
4 1133 1132 1124 3896
4 1645 3621 1647 3695
4 1135 1134 1126 3896
4 623 3277 625 4165
4 1585 3487 1586 3603
4 1008 1024 1023 4302
4 2794 2829 3396 3896
4 3547 3706 3160 3980
4 2636 3103 3130 3193
4 2615 2698 2648 3875
4 193 2535 2521 3226
4 3441 2655 3809 4211
4 2655 3376 3418 3809
4 2728 2786 2749 3071
4 2699 3465 3049 4301
4 344 346 345 4173
4 1320 1321 1329 3738
4 2672 2948 2923 3161
4 845 2947 837 3799
4 2517 3215 3297 3493
4 3718 3751 2593 4442
4 2865 3188 2730 3919
4 3244 3364 2902 3853
4 1083 1120 1194 3263
4 2677 3119 2909 3582
4 2899 2928 3177 3925
4 2522 2827 2739 2926
4 2821 3553 3031 3593
4 2104 3966 2119 4290
4 2801 3664 2733 3868
4 191 3276 2987 4268
4 2655 3376 3646 4435
4 3228 3381 2528 3886
4 2519 4017 3747 4230
4 1981 3012 2005 4029
4 2594 3183 3529 3638
4 2527 2609 3439 4324
4 2692 2930 3884 4433
4 2493 3180 3179 3945
4 2663 3437 2766 3695
4 2807 3334 2869 3621
4 3051 3279 2689 4040
4 2508 2997 2586 3122
4 1679 3216 1675 3690
4 3179 3180 2997 3945
4 2520 3698 2892 4423
4 2540 2782 2697 3512
4 665 689 807 4394
4 2868 2628 3076 3197
4 2744 2685 3638 4359
4 3032 3775 2568 4144
4 2747 3404 2729 3973
4 639 640 2944 3949
4 861 862 852 4255
4 1005 3138 1013 4038
4 2950 3888 4096 4166
4 2679 2863 2846 3575
4 2545 3497 2635 3746
4 3349 3605 2864 3912
4 1611 3465 4077 4217
4 1506 1505 3399 3576
4 2736 3218 2619 4186
4 3099 3370 2514 3780
4 512 3301 3209 3713
4 2556 3150 2702 3900
4 2478 1449 1446 3936
4 2683 3785 2945 3828
4 2637 3039 3618 3639
4 2175 2172 2174 4099
4 2547 3228 3313 3965
4 2969 3376 3036 3418
4 2803 3029 4074 4206
4 3226 3706 2503 4023
4 3635 3858 2662 3951
4 2537 3364 2933 3480
4 3291 2969 4250 4257
4 2700 3010 2635 3341
4 2858 3646 2802 3993
4 1861 1862 1849 4209
4 692 3715 3538 4275
4 1616 808 1615 4434
4 2974 2995 2823 3551
4 1376 1379 3299 3502
4 2929 3181 3319 4418
4 2761 3623 2854 4055
4 1107 1106 1098 3686
4 1616 809 808 4434
4 2802 3086 3582 4257
4 2683 2813 2945 3785
4 2534 2603 2577 2712
4 936 937 3065 3475
4 1867 1868 1880 3899
4 2751 3052 2868 3833
4 1692 3210 3617 3712
4 1603 1604 1596 3269
4 1596 1595 1603 3269
4 2495 4292 4196 4294
4 3505 4087 3244 4427
4 2823 3551 2995 4389
4 2867 3197 3749 4135
4 2760 3041 3513 3808
4 3113 3394 2929 4435
4 2643 2930 3128 4398
4 2788 3424 2703 3944
4 2900 3052 2751 3836
4 2637 3618 3260 3639
4 2683 3155 3438 3954
4 498 499 504 3801
4 722 715 3433 3761
4 1609 3468 3332 4301
4 526 528 529 3066
4 3327 3750 3326 4265
4 309 297 291 310
4 2702 2822 3109 3647
4 2677 3097 2910 3722
4 1692 3712 3617 4217
4 1406 1405 3089 3942
4 2956 3098 2629 3562
4 93 2585 84 3202
4 2138 1151 1152 3897
4 1152 2139 2138 3897
4 2499 3068 2554 3867
4 3302 3481 2741 4172
4 3625 3862 2624 3863
4 2917 2983 3838 3877
4 1475 1468 3944 4245
4 3375 3494 3096 3793
4 2567 3156 3291 4250
4 2722 3775 2959 4015
4 2963 3490 2950 4157
4 2811 3026 2694 3538
4 2524 2565 2507 3532
4 1615 1632 1616 3159
4 1772 1775 1773 3327
4 1010 1002 3703 3721
4 859 856 3321 3645
4 730 753 731 4025
4 2619 3218 2825 4186
4 304 299 2930 4153
4 1135 1151 1150 3114
4 1133 1149 1148 3114
4 1147 1131 1132 3357
4 70 2987 3245 4264
4 98 175 3202 4043
4 2866 2935 3724 3855
4 2495 3488 2767 4294
4 329 328 2999 3677
4 2765 2905 3197 4041
4 322 343 313 4153
4 2566 2735 2640 2960
4 1139 2126 2127 3206
4 2909 3086 2642 3582
4 513 514 524 4380
4 3583 3873 2909 3880
4 2527 3395 3380 3523
4 2761 2972 3623 4055
4 2576 3039 2904 3618
4 730 731 3761 4025
4 2139 2167 2165 3298
4 2976 2814 3932 4309
4 3593 3759 2943 4361
4 2702 3150 2853 3900
4 2514 3525 3956 3990
4 2503 3297 3215 3493
4 2970 3024 2735 3963
4 2718 2602 2830 3178
4 2149 2177 2150 3104
4 2831 3507 2610 4240
4 3116 3197 3883 4041
4 2930 3224 3128 3884
4 2920 2796 3433 4025
4 2772 2730 3012 3188
4 2534 3683 2684 3777
4 3338 3643 1769 4187
4 2929 3113 3924 4044
4 1819 1809 1820 3675
4 3151 3029 3405 4074
4 3215 3493 3351 4023
4 1819 1808 2893 3045
4 3086 3271 2693 4187
4 2655 3418 3376 4435
4 2805 2902 3364 3592
4 1106 1128 1127 3265
4 2091 2092 2108 3733
4 3125 3823 2796 3921
4 2744 4311 2685 4359
4 2643 2941 3128 3788
4 2900 3182 3052 3836
4 2776 2734 3509 4036
4 3283 3529 2813 4188
4 2964 3494 2525 3728
4 2943 3997 3593 4361
4 124 2831 173 2996
4 2594 3638 2951 4359
4 1078 1079 3105 3974
4 1127 1105 1106 3265
4 418 699 421 3765
4 3078 2730 3510 3989
4 631 3949 3844 4165
4 3151 3405 2702 4116
4 1549 1556 1557 4110
4 2607 2757 3308 4207
4 2054 2052 2031 3175
4 2933 2537 3480 4422
4 2677 3274 3156 3520
4 2619 3362 2756 3615
4 3461 3754 2743 4347
4 2751 3836 3501 4028
4 656 657 658 3273
4 2702 2968 2673 3796
4 2945 3505 3337 4040
4 3127 4188 3066 4421
4 2814 3066 3699 4078
4 2576 2863 3039 3618
4 636 637 645 3337
4 1770 3271 1769 3643
4 2108 2109 2123 3733
4 2623 3707 3198 3973
4 2508 3122 3292 4171
4 1675 3216 1679 3680
4 2600 2669 3780 4325
4 3337 4040 3505 4326
4 333 427 426 3679
4 2677 2910 3520 3583
4 288 273 271 4286
4 3261 3752 2854 3778
4 2664 3320 3319 3394
4 2155 2158 2156 4056
4 1736 3513 3326 3643
4 2514 3099 2558 3297
4 2751 3833 2868 4402
4 698 705 906 3111
4 1603 3269 1595 3465
4 3181 3319 2969 4435
4 1514 1522 1512 3407
4 3271 3326 2882 3643
4 2575 2741 3302 4130
4 343 3003 313 4153
4 2619 2756 2717 4335
4 2498 2995 2974 4389
4 2544 3756 2993 3907
4 2826 2897 2721 3452
4 681 697 696 3118
4 1022 2895 1030 3851
4 2803 4074 3218 4206
4 2541 3275 3858 3952
4 3405 3546 2702 4116
4 1188 1189 1212 3444
4 2538 3207 3317 3404
4 906 892 698 3111
4 2688 3088 2664 3885
4 3376 3809 2655 4211
4 2692 3434 3755 4405
4 3248 3721 935 3760
4 1213 1212 1189 3444
4 3377 4079 3571 4192
4 2509 3108 2602 4324
4 2383 2382 3391 3806
4 936 3248 919 3475
4 2637 3371 3260 3462
4 2758 3755 3434 4405
4 2730 2859 3078 3510
4 2911 2655 3808 4211
4 2585 3351 3259 3493
4 690 609 674 3026
4 2651 3293 3044 3491
4 2119 3966 3522 3972
4 518 507 517 3745
4 2494 2510 3143 3566
4 1840 1839 1941 4411
4 2730 2859 2588 3078
4 2943 3726 3365 3758
4 2541 3275 2959 3858
4 3859 4050 2905 4169
4 2714 2830 2832 3171
4 2286 2287 2279 4328
4 3235 3362 2756 3363
4 2837 3888 3789 4157
4 1100 3138 1101 3768
4 3291 4250 3993 4257
4 2714 3069 2662 4323
4 981 743 744 3252
4 1394 1408 1407 3095
4 2628 2868 3076 4402
4 418 700 699 4364
4 703 704 3644 4319
4 2013 2005 3442 4029
4 761 760 736 3125
4 2715 3097 2677 4233
4 2805 3244 3379 4087
4 973 974 965 3658
4 2805 3592 3364 4218
4 702 703 709 3921
4 3221 3299 3176 3502
4 2506 3226 3160 3706
4 2544 2993 3467 3629
4 2729 3025 2807 3404
4 1009 1010 3703 3721
4 2826 2651 3126 3491
4 679 3168 680 4045
4 2933 3237 3117 4422
4 159 3517 2586 3783
4 2628 3197 2905 3823
4 193 200 2535 3160
4 521 3580 2976 4102
4 3036 4251 2642 4257
4 434 335 336 2999
4 2765 3197 3859 4050
4 2935 3089 1524 4248
4 112 3229 2949 3717
4 485 1343 484 4397
4 469 479 474 3664
4 1124 1125 1133 3896
4 3261 4241 3262 4314
4 2002 2000 1999 4056
4 2911 3513 3001 4176
4 2872 3908 3127 4159
4 2655 3113 3924 4435
4 2011 2003 1670 3442
4 2618 3960 3689 4280
4 2742 2990 3275 3791
4 976 977 1001 3721
4 1376 3299 1370 3502
4 1335 1336 1340 4409
4 2546 3632 3238 3935
4 1609 1610 1602 4301
4 2478 2879 1449 3936
4 2648 3368 2784 4229
4 1023 2895 1022 4302
4 128 3488 3137 4294
4 3474 3735 2902 4441
4 2904 3371 3260 3639
4 2758 4333 3556 4381
4 2664 2795 3312 4117
4 192 3226 2521 4247
4 745 3491 747 3985
4 1126 1127 1135 3896
4 292 304 299 2930
4 2767 3121 3108 4296
4 246 252 260 3281
4 2519 3497 2545 3746
4 1101 3138 1093 3768
4 609 607 589 3738
4 2274 2252 2251 3352
4 2623 2751 4402 4437
4 2619 3217 2803 3218
4 1577 1576 1584 3088
4 2102 2101 2100 3852
4 2632 2908 2743 3754
4 2500 3839 4047 4355
4 2642 3582 3086 4257
4 2943 2942 3593 3997
4 3225 3567 3302 4172
4 1656 1654 1653 3308
4 1320 3516 1315 3738
4 495 3342 3015 3948
4 933 950 2800 3721
4 948 930 3524 3561
4 2704 3073 2883 3303
4 2076 2095 2096 3989
4 2563 2646 3204 3866
4 3362 3569 2619 3704
4 135 2997 132 3946
4 2537 3362 3480 3704
4 1792 1791 3119 3471
4 2846 2863 2703 3575
4 763 755 3195 3985
4 678 3253 677 4193
4 2688 3228 2832 3563
4 2714 2662 3635 4323
4 1825 1814 1813 3289
4 3047 3383 3192 3994
4 905 886 4084 4390
4 2470 2463 3546 4116
4 2618 3555 3051 4050
4 2013 2005 2012 3442
4 1649 1625 1626 4168
4 2567 3593 3483 3997
4 2493 3652 3493 3945
4 231 230 224 3782
4 2775 3260 2904 3371
4 3116 3883 2651 4041
4 948 1054 1056 3040
4 1406 1524 2935 3089
4 2771 2627 3224 4433
4 3116 2765 3555 3689
4 2532 2649 2571 2701
4 2661 2838 3191 4441
4 3164 3317 2538 4158
4 2714 3635 2662 3951
4 1788 1789 1778 3769
4 2481 2455 1458 4234
4 2096 2077 2076 3989
4 3376 3418 2969 4435
4 1496 3944 3424 4245
4 2436 3477 2439 4189
4 2535 3236 200 3771
4 2683 2811 3828 4040
4 596 3492 3420 4272
4 977 1002 1001 3721
4 2765 3543 3142 3854
4 2563 3081 3409 3992
4 2763 3292 2616 4138
4 135 3668 2997 3946
4 2661 3191 2548 3599
4 2499 2559 3916 3917
4 1714 1721 1719 3216
4 2594 3784 3529 3879
4 2693 3086 2642 3873
4 2997 3122 2494 3517
4 2933 3480 3364 4218
4 3096 2525 3494 3728
4 1663 1581 1589 3496
4 1610 3332 1611 3465
4 3226 3692 2506 4017
4 2683 3438 2945 3954
4 2255 2247 2254 4417
4 2733 2582 3868 4170
4 2875 2838 3144 3727
4 1851 3691 1863 4298
4 2512 3523 3238 3632
4 2517 3215 2927 3494
4 2619 3362 3615 4109
4 2637 3961 3033 4256
4 714 2920 715 3977
4 2495 3389 2511 3766
4 3752 3983 3855 4055
4 2642 3016 3865 3873
4 2805 3379 3244 3489
4 3113 3394 3312 4044
4 2527 2912 3380 3395
4 2663 2757 3027 3041
4 3116 3689 3322 3960
4 2548 3237 3198 3280
4 1905 3890 1915 4185
4 1343 1355 3651 3774
4 3016 3583 3865 3927
4 3376 2969 3646 4435
4 159 2586 3180 3783
4 2499 2559 3068 3146
4 2661 2751 2900 3182
4 1534 3715 1558 4219
4 2966 3200 2494 3295
4 1080 1082 1091 3373
4 230 244 235 2886
4 2567 3593 3156 3856
4 3752 4055 3855 4352
4 2640 2962 2735 3457
4 567 566 592 3613
4 1302 1339 1341 4409
4 3183 3773 4263 4359
4 2621 2668 2774 3344
4 1076 1078 1089 3373
4 2499 3146 3068 3867
4 2398 2401 2388 3542
4 3529 3932 2814 4309
4 1778 1789 1779 3769
4 2803 3029 2706 4074
4 64 3507 3295 3541
4 2939 3758 3726 3759
4 681 799 3118 4190
4 856 865 3321 3645
4 2566 2680 2670 2960
4 2607 2932 3308 3963
4 2529 4182 3518 4327
4 2689 3004 2944 3168
4 1524 3406 1518 4248
4 2757 3437 3027 4315
4 2567 3291 3156 4361
4 521 2976 3580 4151
4 1585 1577 1584 3088
4 2673 3336 2853 3812
4 2624 3862 3861 3863
4 959 985 987 3530
4 56 179 3378 4047
4 342 3556 343 3988
4 734 753 730 3433
4 2972 2752 3623 4055
4 2620 3235 2756 3363
4 2029 2031 2052 3175
4 1984 1968 3673 4100
4 1816 1830 3722 3880
4 2811 2945 2683 3438
4 503 3043 504 3301
4 2703 2846 2806 3299
4 3641 3787 3185 4282
4 3147 3735 3474 3960
4 983 957 981 3530
4 677 3591 669 4193
4 2711 2590 2873 3124
4 3474 3884 3147 4405
4 2571 3150 2853 3812
4 3137 4196 128 4294
4 1770 3326 3271 3643
4 2520 2892 3698 3732
4 1680 1685 3027 3934
4 2512 3238 3137 3389
4 2368 3806 2383 3911
4 2839 3004 2689 3118
4 3545 3684 2969 4250
4 1608 1609 3468 4237
4 2026 3141 2028 3175
4 2863 3192 2611 3618
4 2545 3746 2700 4214
4 109 2996 67 4112
4 2963 4157 4222 4226
4 1626 3304 819 3764
4 2688 2860 2664 3088
4 687 3171 688 3887
4 2498 3825 2974 4267
4 1091 1090 1080 3373
4 3032 3555 3322 3811
4 2016 2017 2009 4100
4 806 2895 3349 3851
4 2943 3593 2821 3759
4 86 3706 3226 4023
4 1065 1059 1061 3014
4 1589 1671 1663 3496
4 3322 3775 3032 3811
4 3505 3854 3032 4326
4 2786 2888 2728 4334
4 1338 3405 3029 4206
4 2543 2912 3500 4239
4 1338 1332 1333 4206
4 3647 4219 3250 4234
4 2643 3123 2665 3453
4 2481 1453 4140 4234
4 1864 3691 3688 4298
4 1506 3424 3399 3694
4 2655 4063 3394 4113
4 2843 3242 2686 3978
4 2813 3529 3030 3932
4 2077 2078 2061 3188
4 2555 3356 2648 3766
4 2692 2930 3128 3884
4 2264 2236 2237 4316
4 2556 4125 3207 4163
4 1089 1088 1076 3373
4 1093 1094 1102 3396
4 2005 3012 1981 3442
4 2078 2062 2061 3188
4 2425 1814 1829 3316
4 3291 3684 2969 4257
4 1062 1073 3767 3974
4 537 517 534 4090
4 2759 2824 2728 3132
4 3326 3750 3271 4265
4 2612 3130 2966 3917
4 2518 3566 3219 4171
4 519 521 544 4102
4 2613 3747 4017 4230
4 2543 2912 3534 4439
4 2735 2962 2684 3457
4 1323 3653 3251 3738
4 1703 1670 1669 4445
4 3343 3507 2499 3877
4 2862 2756 3615 3807
4 498 3043 494 3948
4 2618 3853 3555 4427
4 2616 2803 3084 3170
4 2867 3689 3197 3883
4 3439 3470 2541 4324
4 2560 2612 2561 2991
4 2653 2859 2730 2865
4 832 827 3059 3458
4 1726 3078 1718 4305
4 2722 3032 3775 3811
4 2550 2753 2668 2849
4 3487 4242 3181 4418
4 2642 3873 3865 4251
4 2479 1449 2478 4140
4 2538 3164 3683 3777
4 2737 3477 3017 3600
4 2519 3448 2539 3547
4 2688 2788 2904 3886
4 469 479 3664 4365
4 1343 485 1346 4397
4 2930 3145 2884 4103
4 2634 2807 2729 3837
4 3855 3983 3623 4055
4 3179 2493 3259 4221
4 2723 3672 2815 3943
4 2542 3207 3317 4158
4 112 2949 3229 3776
4 2505 2831 107 3776
4 68 167 3783 4134
4 3411 3722 1816 4224
4 638 647 646 4193
4 1741 4065 2855 4266
4 1779 1789 3391 3769
4 886 887 905 2956
4 394 395 397 3052
4 2286 2279 2278 4328
4 2619 3569 3347 3704
4 2888 4127 2728 4334
4 2910 3016 3583 3880
4 2615 2797 2698 3163
4 3113 2929 3924 4435
4 1579 3822 1578 4117
4 2619 3217 3218 4335
4 2867 3197 3689 3749
4 120 3776 3229 4303
4 3237 3280 3117 4422
4 622 3277 623 4165
4 3128 3224 2930 3788
4 1102 1101 1093 3768
4 2862 3043 2667 4443
4 109 67 3850 4112
4 2980 3150 2571 3577
4 2871 3797 4163 4369
4 794 3570 3339 4118
4 3244 3735 2902 4222
4 395 396 397 3052
4 2977 3065 2770 3703
4 2571 3158 2649 3812
4 2600 3780 2650 4325
4 933 934 2800 3760
4 2667 2862 3183 4109
4 2673 3150 2702 3796
4 3322 3555 3116 3811
4 2556 2702 3150 3817
4 3752 2834 4337 4352
4 2595 3261 3262 4314
4 3049 2699 3487 4242
4 3293 3734 2723 4015
4 2771 3185 2913 4433
4 2607 3308 2757 3963
4 2644 4087 3505 4427
4 706 699 700 4364
4 2880 3426 3098 3436
4 1357 3464 1359 3502
4 2761 3262 2972 4055
4 763 2905 3737 3985
4 2696 2794 2580 3396
4 2794 2977 2845 3357
4 2542 4125 3207 4330
4 2502 3380 2836 3523
4 1480 1481 3189 3762
4 886 3098 4084 4390
4 2523 3467 3203 4073
4 3076 3823 3125 3921
4 2438 2434 2437 3477
4 986 1016 1017 3530
4 3145 3434 2692 3474
4 1017 988 986 3530
4 2858 3120 2802 3338
4 2655 3394 3113 4435
4 661 3273 687 3887
4 714 723 3433 3895
4 3478 3637 2586 4221
4 1988 1990 4012 4198
4 2656 2815 2627 2819
4 2839 3118 2807 3526
4 2756 2948 2923 4270
4 2520 3490 2950 3698
4 3099 3215 2514 3533
4 367 3984 379 4124
4 1477 3639 3189 3762
4 2930 2884 3145 4398
4 2538 2517 3818 3841
4 1679 3680 3216 3690
4 878 862 876 3282
4 2905 3195 2796 3197
4 192 3099 3370 4247
4 2811 3828 3279 4228
4 1682 1693 3210 3617
4 1881 1880 1868 4164
4 939 3138 3475 3561
4 2975 2661 3608 4039
4 2661 2875 3052 3182
4 2594 3030 3784 3879
4 2642 3583 3684 3865
4 2508 2586 3179 3292
4 1492 3762 1491 4030
4 2867 3689 3549 3749
4 2684 3777 3164 4440
4 1513 3407 3307 3630
4 3365 3758 3726 4259
4 1405 3089 3942 4065
4 2323 1284 1280 4426
4 1099 1107 1098 3686
4 908 907 924 4269
4 1611 3465 3332 4077
4 692 1536 1535 3715
4 2618 3051 3555 3853
4 1506 3424 3290 3576
4 3254 3388 2630 3875
4 2734 3149 3148 3824
4 943 961 944 4269
4 2498 2974 2995 3862
4 1092 1085 1093 3138
4 3092 3541 2636 4373
4 2676 2846 2593 3575
4 2527 3395 2553 3500
4 2785 2647 3131 3450
4 607 609 1323 3738
4 2839 2937 2628 3823
4 2580 3512 3436 3562
4 3032 3142 4144 4326
4 3191 3279 3051 3853
4 696 697 3334 4045
4 2570 3383 3064 3994
4 2906 3545 3446 3684
4 3142 3670 3505 4326
4 961 943 960 4269
4 2546 2754 2707 2894
4 1693 3695 3210 3712
4 2739 2827 2600 3387
4 2498 3264 3825 4267
4 1672 3496 3113 3690
4 2557 2759 2728 4432
4 3383 3863 3064 3994
4 907 923 924 4269
4 647 2944 4190 4193
4 2569 3162 3023 3386
4 3122 3819 3292 4171
4 1535 691 692 3715
4 2788 2863 2703 3424
4 714 3895 3433 3921
4 3099 4023 3226 4388
4 636 2945 635 3589
4 2661 3052 2875 3599
4 1194 1155 1083 3263
4 1379 3176 1383 3299
4 1023 1007 1008 4302
4 2993 3152 2632 3756
4 1779 1768 1767 3377
4 2517 3096 2927 3945
4 2620 3480 2892 4430
4 2631 3048 3481 3520
4 2088 2069 2070 2922
4 680 681 3118 3168
4 3092 4112 3541 4373
4 1778 1779 3377 3769
4 2594 3529 3784 4188
4 2822 2787 3109 3468
4 2794 2978 2977 3922
4 3339 3570 772 4203
4 2070 2089 2088 2922
4 932 718 3644 3658
4 2637 3762 3371 3961
4 2942 3778 3261 3997
4 723 722 714 3433
4 2698 2955 2573 3020
4 2694 3937 3151 4101
4 2898 2834 3855 4352
4 1480 3189 2967 3762
4 1141 1113 3432 3947
4 758 753 734 3433
4 2884 3128 4062 4398
4 2912 3343 2836 3395
4 2814 3587 3580 4151
4 2517 3297 3457 3493
4 2693 3857 3086 4187
4 2825 2683 3569 4186
4 2869 2965 2847 3712
4 2994 2544 3325 3467
4 2626 2881 2734 3824
4 287 2930 299 3185
4 134 158 157 3783
4 2684 2962 2931 3457
4 3447 3541 3092 4112
4 2512 3108 3389 4296
4 2556 3900 2702 4101
4 2690 2965 2787 3231
4 3479 3809 3036 3857
4 3047 3382 3383 3994
4 2594 3030 3379 3784
4 755 745 747 3985
4 2541 3275 3791 4238
4 1595 3465 3269 4285
4 2374 2373 2121 3024
4 3191 3592 2902 4062
4 2570 3648 2528 4254
4 2722 2872 3844 4323
4 2879 2968 2673 4140
4 2825 3347 2619 4186
4 3229 3776 2986 4303
4 1767 1778 1779 3377
4 2721 2934 2824 3923
4 2892 3698 4218 4423
4 1601 1600 3468 4301
4 3016 3865 3225 3927
4 1587 3822 1579 4117
4 996 994 1021 3071
4 2730 2859 2653 3626
4 3236 3488 2497 4181
4 1598 1590 1483 3371
4 2611 2898 2834 3855
4 503 504 512 3301
4 2190 4057 2189 4419
4 3076 2796 3823 3921
4 368 367 380 4124
4 642 666 581 3954
4 2724 2725 2658 3375
4 3089 1410 4032 4065
4 2814 2685 3083 3699
4 1029 1122 1130 3392
4 2935 2611 3724 3855
4 1590 1479 1483 3371
4 942 941 959 4269
4 3237 3608 2661 4039
4 3031 3593 3156 4139
4 2523 3208 3203 3467
4 2875 3503 2618 4280
4 2794 2696 2978 3922
4 2566 3375 2724 3414
4 2538 2634 3207 3404
4 2825 3155 2976 3516
4 1170 1178 3686 3933
4 2528 3402 3557 4322
4 1149 1150 2136 3223
4 1150 2137 2136 3223
4 3264 3401 2498 4389
4 2759 3108 2562 3121
4 367 379 380 4124
4 2911 4063 2858 4176
4 2571 2746 2972 3957
4 3102 3481 2741 3890
4 2685 4311 3015 4359
4 2970 3011 2735 3024
4 1790 1791 3471 4224
4 1504 1513 3307 3630
4 3142 3854 3543 4326
4 2587 2599 2524 3115
4 2120 3966 2105 4154
4 2643 2884 3281 4398
4 3137 3488 2495 4294
4 1364 1356 1365 3774
4 2821 3031 2576 3648
4 3260 3593 3483 4236
4 2553 3384 2742 3858
4 2659 2816 2918 3504
4 3516 4074 1320 4223
4 2567 3684 3291 4361
4 1876 1888 1894 4209
4 2679 2935 3192 3724
4 1651 1626 1627 4168
4 2092 2091 2073 2982
4 132 134 157 3783
4 2722 3635 3293 4015
4 1387 1394 1388 3600
4 3001 1735 3572 4176
4 1120 1118 1119 3263
4 2722 2959 3775 4323
4 2545 2675 2635 3497
4 2664 2795 3320 3394
4 2526 2600 2669 3780
4 1560 1558 3715 4219
4 2567 3483 3545 3997
4 2567 3684 3545 4250
4 155 3200 57 3295
4 2533 3402 3093 3685
4 2502 3238 2552 3447
4 1818 3045 1819 3898
4 2495 3067 2551 3356
4 2689 3279 3051 4169
4 755 754 745 3985
4 2497 3236 3369 3488
4 2538 3164 3081 3683
4 1449 2879 2478 4140
4 2916 3159 2720 3178
4 1508 1496 1507 4245
4 3723 4180 101 4181
4 1170 1091 3372 3686
4 659 658 657 3273
4 2623 3973 3198 4183
4 403 404 413 4280
4 134 2997 135 3201
4 2723 3116 3322 3960
4 2825 3218 2619 3347
4 595 594 3403 3420
4 2569 2657 3162 3386
4 3569 3879 3030 4436
4 2679 3064 2856 3624
4 514 525 524 3498
4 2496 3533 3668 4264
4 2938 3446 3684 3865
4 1008 1009 3360 3721
4 1820 1809 2423 4195
4 2958 625 3277 3491
4 2742 3275 2990 3952
4 2529 3388 3348 4287
4 1595 3465 4285 4301
4 939 948 956 3040
4 469 468 463 2801
4 2823 2501 3725 4389
4 2807 3212 3025 3304
4 589 607 588 3738
4 2703 2846 3299 3576
4 230 242 244 2886
4 2508 2997 3122 3622
4 2692 3128 2930 4398
4 1522 3406 3233 3407
4 3785 3828 2644 4040
4 2465 2463 3151 4116
4 2997 3179 2586 3180
4 408 405 406 3501
4 1007 1023 1022 4302
4 941 958 959 4269
4 2689 4040 3279 4368
4 2690 3317 3579 4271
4 2744 4018 3183 4443
4 3037 3728 3300 4391
4 2214 2213 2216 3821
4 2509 3229 3228 4428
4 286 271 3185 4286
4 2767 3389 3121 4296
4 3198 3837 3707 4106
4 1675 3216 1701 3976
4 2502 2990 3499 4413
4 2612 2966 3916 3917
4 2690 2965 3231 4201
4 3271 1769 3643 4187
4 2608 3176 2668 3221
4 932 915 2800 3644
4 2047 2069 2068 3267
4 2661 2751 3052 4106
4 56 3378 3276 4047
4 1335 1340 1339 4409
4 2642 3016 3583 3865
4 2702 3647 2968 3796
4 2728 3140 2630 4127
4 4022 4260 2534 4261
4 3121 2557 3720 3849
4 2697 2698 3105 3372
4 3505 4144 3142 4326
4 2276 2284 2277 4328
4 2699 3036 3545 4396
4 2051 2048 2050 3175
4 524 3498 3301 4380
4 2594 3529 3183 3879
4 1548 1556 1549 4110
4 2592 3015 2951 4215
4 2662 3283 3127 4421
4 2943 2821 3593 3778
4 3116 3811 3293 4015
4 2642 3086 2693 3857
4 2702 2853 2706 3900
4 2973 2995 2994 3863
4 1631 1630 1638 4110
4 1616 3910 3159 3926
4 3070 3817 2822 3881
4 2887 3040 2629 3512
4 2194 2058 2035 3309
4 2654 3094 2883 3560
4 2750 3707 4402 4437
4 3275 3884 3755 4222
4 394 3052 404 4280
4 3116 3555 3322 3689
4 2037 2062 2038 3442
4 398 857 3501 4028
4 2605 2546 2754 4232
4 2528 3648 3381 4273
4 2997 3622 2508 3945
4 373 370 371 3091
4 1626 3025 1627 4168
4 2720 2830 2602 3178
4 1351 1349 1350 4107
4 2596 2985 2719 3800
4 2595 3055 3150 3817
4 2546 3388 3239 3720
4 1365 3502 1370 3774
4 2618 3735 3853 4427
4 2745 2696 3138 3562
4 1660 2936 1667 4194
4 2169 2262 2263 3816
4 2935 3089 2898 3855
4 2061 2062 2037 3442
4 2654 2563 2828 3840
4 2667 3529 3183 3638
4 3291 3684 2938 4361
4 1302 1341 4385 4409
4 2729 2937 2839 3304
4 954 937 955 4038
4 1593 3487 1585 3596
4 2905 3004 2839 3570
4 2862 4018 3043 4443
4 994 1020 1021 3071
4 2776 3509 2734 4429
4 2866 3089 2935 3855
4 2722 3844 3277 4323
4 2546 2755 2754 2894
4 2969 3319 3181 4250
4 1573 1613 1612 3712
4 3142 2872 3505 3670
4 1612 1571 1573 3712
4 521 546 2976 4151
4 1741 1744 4065 4266
4 1680 1675 1679 3680
4 2895 3360 2864 3922
4 989 987 988 3222
4 2659 3724 2866 4266
4 2594 3773 3379 3879
4 3192 3553 2611 3618
4 1692 1644 1646 3712
4 3097 3274 2907 3288
4 1401 2935 3399 3942
4 1592 1585 1584 3596
4 2720 3159 2795 3285
4 2519 2562 3497 3919
4 2808 3567 3225 4172
4 640 3543 2944 3949
4 2772 2730 3188 3919
4 2688 3603 3088 4010
4 2816 3504 2659 4266
4 2997 2927 3945 3946
4 2734 3678 3148 3802
4 1646 1693 1692 3712
4 3002 3188 2865 3919
4 915 916 2800 3760
4 2976 3932 3587 4151
4 2165 2138 2139 3298
4 2726 2824 2721 3111
4 2930 3641 2643 3787
4 2690 2871 3334 3797
4 2285 2277 2284 4328
4 2645 3901 2575 4130
4 2758 3434 2819 3556
4 3197 3689 3116 3883
4 2575 3152 3302 3640
4 2765 3555 3197 4050
4 1856 1836 3650 3675
4 2702 2853 2673 3546
4 2738 3496 3394 4064
4 2514 3956 3370 3990
4 2813 3785 2683 3932
4 3077 3724 2611 3855
4 2622 2539 2681 3805
4 2796 3195 2905 4203
4 2538 3683 3652 3777
4 696 3118 697 4045
4 2706 3674 2803 4074
4 676 677 692 3538
4 2882 3326 3271 4265
4 3218 4120 1332 4223
4 1512 3307 1513 3407
4 2694 3090 2871 3253
4 2714 2832 2830 3982
4 2521 3099 2558 3780
4 921 2956 913 3561
4 2636 3541 71 3918
4 2450 2451 2447 4137
4 2786 3206 3071 4297
4 2556 2702 3937 4101
4 2930 3185 3787 4433
4 2571 2972 2752 3957
4 2882 2693 3271 4187
4 2821 3778 2943 4073
4 2522 4346 3356 4355
4 1979 2003 2004 3442
4 2627 2771 2913 4433
4 498 504 3043 3801
4 2573 2698 2648 2955
4 706 713 3452 3977
4 2794 2829 2580 3396
4 2968 3546 2673 4140
4 3208 3427 2575 3756
4 1074 3974 1088 4356
4 2850 3002 2635 3341
4 2840 3259 2515 3409
4 1022 1006 1007 4302
4 2038 2013 3442 4029
4 1602 1601 1609 4301
4 2792 3287 3085 3679
4 287 292 299 2930
4 874 876 861 4274
4 1578 3603 1586 4117
4 310 303 291 309
4 1320 3516 3738 4074
4 83 3160 3226 3706
4 1132 1148 1147 3357
4 1672 1671 1676 3113
4 2702 2822 3647 3796
4 2573 2749 2786 3020
4 2563 3408 3204 3992
4 219 221 2885 4225
4 1846 4295 3722 4298
4 3472 3523 2512 4324
4 2665 4146 2643 4291
4 1775 3327 1764 3522
4 1701 1667 3976 4194
4 3077 3623 3855 3983
4 1981 1965 1964 3939
4 2892 4218 3146 4423
4 2534 3457 2931 4213
4 1593 1585 1592 3596
4 2502 3238 3523 3632
4 2582 2792 3868 4170
4 3044 3142 3543 4165
4 2576 2863 2788 3039
4 2604 2700 3746 4214
4 2548 3599 3051 4169
4 2642 3086 2909 3873
4 97 2901 81 3786
4 2573 2784 2648 3766
4 2434 2946 2435 3477
4 2246 2254 2247 4417
4 1480 1481 3762 4030
4 2802 3338 3120 3471
4 1109 1140 1110 3432
4 2941 3485 3146 4424
4 2335 2339 2336 4320
4 1332 1331 3217 4206
4 3016 2910 3583 3927
4 2912 2836 3343 3380
4 148 198 2987 4268
4 1964 1980 1981 3939
4 2867 3116 2651 3550
4 2597 3734 3635 3982
4 708 3739 709 3977
4 3322 3689 3555 3960
4 2004 1980 1979 3442
4 1524 1525 1518 3406
4 1617 3910 1616 3926
4 2011 1670 2036 3442
4 2033 2982 2035 4080
4 1477 3189 3639 3687
4 2867 3549 3116 3550
4 2602 2832 2830 3171
4 2981 3106 2675 3852
4 3038 3245 2740 3958
4 2655 3394 3319 3646
4 1270 1285 1283 1265
4 567 594 569 3107
4 3474 3960 2618 4321
4 335 2999 328 3148
4 3155 3516 580 4151
4 3120 3993 4150 4283
4 761 3125 769 4407
4 2834 2898 2611 4244
4 2775 3483 4104 4242
4 933 2800 916 3760
4 3312 3394 2929 4044
4 1499 1510 1509 4256
4 216 229 228 3435
4 1157 3234 1159 3962
4 2838 3353 3144 3727
4 2548 3279 3117 3815
4 995 1067 964 3795
4 728 743 981 3252
4 1981 3080 1980 3442
4 989 990 991 3813
4 2568 4144 3284 4226
4 1983 1984 3673 4029
4 711 718 3125 3644
4 2495 2767 3137 3389
4 3321 2762 3645 4390
4 2722 3277 3044 3293
4 3142 3505 2872 4144
4 1558 1560 1561 4219
4 2697 3105 2698 4334
4 2969 3684 3291 4250
4 1522 1512 3233 3421
4 2535 3160 200 3236
4 408 406 407 3501
4 2922 2757 4012 4198
4 1677 1672 3113 3690
4 2765 3142 3811 3854
4 2669 2954 2600 4054
4 2568 3284 3775 4216
4 2273 2274 2251 3352
4 160 3180 2586 4221
4 2430 3346 2431 3419
4 3039 3189 3033 4245
4 2338 2341 2342 2719
4 3361 3725 2501 3786
4 2872 3257 3127 3908
4 861 862 4255 4274
4 3179 3292 2980 4246
4 2382 2367 2366 3931
4 3283 4144 2872 4159
4 22 3200 155 4134
4 2038 2013 2012 3442
4 2929 3319 3181 4435
4 2527 3440 2582 3500
4 3966 3972 2119 4290
4 2580 2978 2794 3872
4 1676 1677 1672 3113
4 2696 3475 3138 3562
4 424 3833 415 4319
4 1590 1582 3639 4344
4 2546 3642 3632 3935
4 2673 3812 3150 4337
4 3119 3471 1791 4224
4 3044 3811 3116 4041
4 1949 3455 1948 3904
4 3615 3807 2756 4335
4 1340 2476 2488 3170
4 2875 3091 2618 3503
4 2585 2493 3351 4043
4 2958 3069 2722 3277
4 2523 3382 3467 4073
4 2786 3071 3795 4297
4 1593 3596 1592 4301
4 2933 4031 2769 4218
4 2997 3945 3180 3946
4 3302 3567 3481 4172
4 2664 2860 2795 4117
4 1515 1505 3399 3694
4 2571 3150 2980 3900
4 3489 4222 4157 4226
4 1036 1035 3703 4094
4 2427 1820 2423 4195
4 1357 3502 1365 3774
4 589 674 3026 3438
4 2527 3472 2949 3523
4 3147 4321 3474 4405
4 2938 3291 3583 3684
4 2308 2300 2307 4353
4 2900 2751 4106 4329
4 1028 1036 3703 4094
4 914 928 3139 3892
4 1220 1221 1237 3444
4 894 3422 908 3920
4 3041 3326 1736 3513
4 2055 2073 2072 3175
4 3183 4166 3773 4359
4 2511 3348 3067 3356
4 1596 1595 3269 4285
4 2839 3837 2807 4369
4 2138 2165 2163 3223
4 877 3282 876 4274
4 527 528 526 3066
4 1982 3673 1981 4029
4 2542 3207 2690 3317
4 2586 2617 3819 4097
4 2500 3744 3378 4011
4 2159 2161 2162 4068
4 2541 2959 2627 3734
4 2675 3106 3173 3852
4 2364 2113 2363 3911
4 2705 2991 2682 3435
4 2699 3269 3418 4201
4 2628 2905 2839 3339
4 3260 3553 2942 3593
4 3191 3237 2933 4062
4 919 920 3475 4084
4 2373 2120 2121 3024
4 2759 2934 2824 3132
4 2602 2718 2830 4284
4 1358 3651 1364 4174
4 2548 3837 3198 4106
4 2977 2770 3360 3703
4 2891 3879 3569 4436
4 564 599 600 3609
4 2689 3168 2944 4040
4 3245 3535 3525 3956
4 2560 2682 2991 3608
4 2517 3375 3096 3841
4 2868 2875 2618 4280
4 2977 2978 2864 3922
4 1088 1076 3373 3974
4 2619 3615 2756 4335
4 980 1066 1005 3138
4 2537 2933 3364 4228
4 87 3115 3706 4304
4 3126 3761 731 4025
4 3122 3566 4171 4422
4 3382 3863 3383 3994
4 830 836 833 3359
4 2454 2462 2478 3936
4 2593 2846 2676 4200
4 530 4078 526 4336
4 2163 2165 2166 4068
4 2661 3191 2838 3237
4 3271 3326 1770 3750
4 3201 4046 3668 4264
4 3156 3291 2938 4361
4 2684 3018 2893 4095
4 580 557 581 3155
4 993 994 995 3813
4 2540 3875 2698 4354
4 4216 4222 2568 4226
4 753 3126 731 4025
4 2584 3789 3788 4277
4 2836 3395 2990 3523
4 2914 2948 2756 4335
4 1808 2893 3045 4415
4 2638 3023 2530 3568
4 2806 3502 3221 3774
4 3823 3851 3125 4407
4 3113 3496 2738 3690
4 1839 3455 1950 4253
4 132 135 134 2997
4 2496 3533 2927 3668
4 2628 2905 4050 4169
4 2813 3030 3784 3785
4 56 3378 179 4292
4 2944 3543 640 4190
4 1024 3360 1023 4302
4 2603 3018 2848 3616
4 2760 3041 3027 3513
4 3102 3560 3094 4172
4 3207 3577 3416 3992
4 2734 3148 2881 3802
4 2744 3638 2685 4311
4 2515 3179 3259 4221
4 3338 3571 1762 4176
4 2515 3259 3179 3416
4 1280 2321 2323 4426
4 373 382 370 3091
4 3457 3493 3297 4022
4 2615 3348 3067 4355
4 3301 3807 3615 4335
4 2960 3306 2735 3542
4 2722 3293 3044 3811
4 2558 2514 3297 3375
4 2585 3202 2493 4043
4 2225 2243 3987 4231
4 2576 2788 2904 3039
4 2872 3257 2662 3283
4 2909 3119 3086 3582
4 2638 3386 3354 3435
4 1822 1811 1826 3097
4 2959 3697 2723 4015
4 2766 2663 3210 3579
4 1590 3371 3596 4344
4 1905 3153 1899 4204
4 2969 3646 3319 4250
4 2847 3418 3809 3924
4 2939 3302 3152 3640
4 1856 1869 1855 3899
4 3441 3792 2655 3808
4 587 3516 588 3738
4 1816 3411 1830 3880
4 2502 3499 2552 4413
4 2669 3780 3525 3956
4 400 2925 390 4279
4 2295 2294 2302 3586
4 2631 3274 3048 3520
4 2786 3795 3432 4297
4 2744 3015 4311 4359
4 2142 2173 2143 3428
4 3789 3888 3490 4157
4 1543 3256 1527 3998
4 1616 3159 1632 3926
4 3292 3637 2701 4138
4 3209 3301 524 3498
4 589 3155 3026 3738
4 2796 3197 3195 3883
4 3291 3993 3582 4257
4 2747 2729 3025 3349
4 101 3723 89 4180
4 2951 4096 3888 4166
4 602 574 603 3199
4 2626 3183 4263 4359
4 709 703 710 3921
4 2615 3163 2782 4354
4 2865 3002 2850 3341
4 702 3076 703 3921
4 3026 3155 589 3438
4 1720 1711 1718 3989
4 1093 1085 1084 4067
4 2805 3379 3773 4436
4 2493 3945 3493 3946
4 2730 3188 2865 3510
4 3038 3245 2513 3979
4 2564 3356 2555 3693
4 2546 3935 3238 4287
4 3032 3811 3142 3854
4 2518 3819 4171 4375
4 2530 3023 2755 3568
4 2576 2904 3260 3618
4 1719 4194 3216 4305
4 3479 3036 3809 4271
4 2717 2756 2619 3704
4 911 896 910 3574
4 1450 3630 2879 4140
4 1438 1469 1463 3687
4 2583 3623 2972 4129
4 3076 3197 2628 3823
4 667 643 644 3591
4 2838 3608 3237 4062
4 2961 3284 4144 4226
4 2920 3761 715 3977
4 2868 2618 3689 4280
4 2760 2663 3441 3934
4 3556 4333 3672 4381
4 2654 3303 3094 4172
4 2736 4223 4120 4335
4 2522 2615 4346 4355
4 2876 2879 3307 4061
4 2822 3462 3070 4104
4 703 3644 3076 4319
4 2902 3489 3244 4222
4 596 591 561 4272
4 2598 3117 3803 3815
4 2623 2770 2895 3922
4 2507 2565 2524 3329
4 580 556 557 3155
4 357 828 826 3995
4 844 3645 845 3799
4 2575 3303 2741 4130
4 510 508 3083 4102
4 2560 2510 3038 4167
4 2846 2863 2679 3399
4 3033 3961 2834 4256
4 2965 3090 2787 3332
4 1991 1993 1994 4013
4 3235 3431 436 3807
4 1105 1127 1126 3896
4 2933 3803 3279 4228
4 3044 3985 745 4165
4 2875 3052 2868 3599
4 2693 3045 3750 4414
4 2813 2945 3589 3954
4 1126 1104 1105 3896
4 987 985 986 3530
4 1704 3216 1675 3680
4 2869 3695 1646 3712
4 983 981 982 3530
4 2683 2598 2811 3674
4 3224 3787 2930 3788
4 340 318 316 3528
4 3547 3723 2507 3980
4 2995 3551 2974 4389
4 3844 3949 3142 4165
4 332 428 337 3802
4 2854 3365 3261 3778
4 1591 1583 1590 3596
4 2673 2853 2702 3150
4 588 3516 3155 3738
4 2952 3819 2589 4375
4 1364 1358 1356 3774
4 1016 1040 1041 3132
4 2578 3497 2562 4403
4 2511 3239 3067 3348
4 2628 2905 3339 3823
4 2778 2835 2792 3657
4 2803 3674 3218 4074
4 3011 3024 2970 3522
4 2264 2266 2267 4374
4 3038 3728 2510 3967
4 2930 299 3185 4153
4 3269 3418 2847 3924
4 899 3574 3602 3981
4 444 440 443 3286
4 773 3339 794 3570
4 96 3547 3160 3980
4 932 2800 933 3658
4 81 105 3361 3725
4 2263 2170 2169 3816
4 594 567 592 3107
4 1603 3465 1595 4301
4 2420 2412 2419 3316
4 932 933 949 3658
4 887 2956 886 3098
4 3098 3426 2686 3436
4 2748 3629 3557 4254
4 1862 1869 1882 1861
4 232 2885 221 4088
4 2124 2960 2123 3733
4 513 524 3301 4380
4 1626 3212 1625 3304
4 2519 3448 3135 3449
4 2897 3111 2721 3452
4 2757 2932 3308 4198
4 2425 3316 1829 4082
4 2675 3173 2635 3497
4 817 801 802 3526
4 2562 3013 2759 4432
4 3033 1520 3407 4248
4 644 3337 645 3591
4 800 815 799 3526
4 2585 4304 3115 4393
4 3044 3491 3277 4165
4 2767 3369 2551 3488
4 2604 3157 2783 4209
4 1585 3088 1584 3596
4 1041 1017 1016 3132
4 607 1323 1322 3738
4 956 948 1056 3040
4 1694 1695 1684 3437
4 2814 3580 2976 4151
4 948 3040 939 3561
4 247 254 241 3386
4 2604 2652 3157 4209
4 2541 3470 3232 3632
4 2758 2925 2723 3960
4 2606 3414 2545 4300
4 2501 3557 2748 3629
4 329 330 3677 3705
4 2805 2950 3490 3698
4 2914 3807 3301 4335
4 2662 3069 2890 3257
4 2461 2462 2460 4140
4 1872 1871 1865 4295
4 333 426 332 3678
4 1611 3332 1610 4077
4 3033 3618 2898 4244
4 559 596 558 3420
4 1062 1060 1071 4438
4 3089 2866 3588 3855
4 2561 2884 2643 3128
4 88 81 2901 3361
4 1477 3189 1481 3762
4 2295 2302 2303 3586
4 401 412 402 3390
4 2689 2944 3004 3859
4 634 549 543 3587
4 2757 3308 3437 4315
4 2679 2935 2863 3192
4 2929 3418 3269 3924
4 343 3434 3003 4153
4 2559 3485 3484 3790
4 547 3580 4078 4151
4 936 3065 953 3721
4 2942 2943 3593 3778
4 2643 3128 2884 4398
4 3301 3713 503 3807
4 2880 3436 3098 3562
4 2562 3121 3108 3368
4 2802 3120 3119 3471
4 2599 3022 2861 3770
4 2521 3370 3099 3780
4 933 2800 950 3658
4 3210 3441 2847 3809
4 543 626 634 3587
4 390 389 3672 3943
4 1612 1611 4077 4217
4 2431 3419 3346 4387
4 2933 3592 3364 3853
4 2693 3045 2893 4265
4 3441 3808 2655 4211
4 3384 3858 2553 4191
4 2610 2983 2917 3877
4 2677 3291 3582 3583
4 2887 2629 3040 3561
4 2862 3667 3363 3824
4 3090 3334 2965 4163
4 2760 2663 3041 3808
4 1011 1003 1012 4038
4 2812 3303 3094 3374
4 2536 3007 3329 3786
4 2790 3390 3054 4255
4 940 721 957 3252
4 2610 2917 3507 3877
4 877 878 876 3282
4 3854 3859 2944 4040
4 2784 2573 2955 3020
4 3081 3416 2515 3992
4 2630 2728 4127 4334
4 744 982 981 3252
4 1662 1670 2003 3442
4 2047 2068 2044 3267
4 1624 1623 817 3526
4 817 1623 816 3526
4 2583 3324 3382 3861
4 2643 3641 3453 4291
4 3096 3375 2517 3494
4 626 543 3127 3587
4 2602 2720 3178 3313
4 1204 1163 1202 3832
4 2763 3637 3292 4138
4 1447 1450 1486 2879
4 2539 2507 3135 3754
4 2940 3291 3156 4250
4 1643 1572 3621 3712
4 1719 1712 1714 3216
4 490 4091 487 4365
4 2761 2817 4072 4404
4 3423 3665 2850 3889
4 2530 3278 2569 4366
4 191 77 198 2987
4 2696 2977 2794 3392
4 2762 2957 2686 3518
4 1679 1675 1674 3690
4 2825 3569 3347 4186
4 2578 2519 3497 4230
4 2729 2839 2937 3707
4 2503 3215 3099 4023
4 2495 2767 2551 4294
4 2612 3876 3130 3917
4 2669 2874 2873 3124
4 1822 2907 1842 4293
4 3520 3583 2910 3927
4 2811 2683 3026 3438
4 468 462 463 2801
4 466 523 3209 3713
4 355 340 3743 3798
4 2611 3192 3077 3983
4 98 149 175 4043
4 275 265 259 4308
4 2923 2948 2756 3161
4 1450 4030 3630 4140
4 2681 2907 3328 4014
4 3086 3119 2802 3582
4 1487 3630 1450 4030
4 424 3076 3833 4319
4 3992 4158 2542 4330
4 2780 3758 3225 3865
4 2735 3011 2970 4440
4 1037 1036 1028 4094
4 2655 3792 3394 4063
4 3049 3465 3468 4301
4 2521 2526 195 3370
4 123 4196 3619 4292
4 2694 2871 3090 4163
4 3347 3569 2683 3828
4 3775 3811 3322 4015
4 960 987 989 3222
4 3553 3593 2821 3778
4 2595 3070 2822 3462
4 2541 3275 2990 3791
4 1930 1929 1933 3986
4 2646 3840 2828 3866
4 2561 2933 3237 4062
4 2499 2966 3146 3606
4 2551 3356 3067 3693
4 1701 3976 3216 4194
4 2701 2571 2980 3900
4 2536 2507 2565 3754
4 2675 3331 2981 4300
4 1529 1545 4341 4386
4 2382 3806 2367 3931
4 2986 3229 2949 3776
4 2548 3117 3280 3815
4 2525 3385 3096 4412
4 2787 3090 2965 4163
4 2663 3027 2760 3041
4 696 3334 1540 4045
4 1020 994 992 3813
4 3156 3274 2631 3520
4 2364 2114 2113 3911
4 3044 3491 745 3985
4 151 134 3201 3783
4 2744 3015 2881 3342
4 2534 3652 3683 3777
4 1780 3086 1790 3471
4 957 721 728 3252
4 2537 3803 2933 4228
4 2685 3066 2814 4188
4 2778 2792 3287 3657
4 112 2949 3425 3717
4 2827 2954 2678 4054
4 2677 2910 3097 4295
4 568 565 567 3613
4 2914 2948 2672 3161
4 1119 1121 1120 3263
4 1375 1370 1376 3576
4 1191 1190 1182 3240
4 160 2586 3366 4221
4 919 3475 3248 4084
4 2901 3725 2501 4389
4 2685 4191 2951 4215
4 2562 2749 3013 4432
4 2520 3698 2950 3732
4 1851 3061 1852 3691
4 1312 3315 585 3516
4 3344 3345 2668 4410
4 912 913 2956 3602
4 3036 4251 3545 4396
4 347 342 343 3988
4 1610 3332 1567 4077
4 2961 4144 3283 4159
4 2502 3092 2552 3499
4 2525 3280 3096 3385
4 2879 2673 3336 4140
4 2847 3809 3441 3924
4 3099 3215 2503 3297
4 3441 3617 3113 3690
4 2791 2574 3058 3495
4 2692 3434 2819 3755
4 2729 3304 3025 3764
4 2055 2072 2053 3175
4 3540 3875 3849 4334
4 3044 3543 3142 3811
4 1604 3269 1603 4217
4 70 142 2987 4264
4 1740 1742 1746 4345
4 2662 4188 3283 4421
4 2547 3313 3228 3842
4 2499 4112 3343 4373
4 2963 3888 2950 4166
4 323 348 347 3353
4 439 442 432 3342
4 2644 3854 3051 4427
4 2648 2615 3356 4346
4 880 897 898 3981
4 3354 3386 241 3714
4 2462 3936 2460 4140
4 3113 3617 1677 3690
4 1870 1856 3650 3827
4 2805 3364 3244 4087
4 1506 3399 3424 3576
4 2530 3506 2591 3999
4 2967 2822 3647 3762
4 3055 3817 2595 4314
4 1816 3722 1815 4224
4 1504 3307 1486 3630
4 3219 3362 2620 3704
4 3284 3775 2959 4323
4 2880 3426 2762 4390
4 2723 3293 3550 3734
4 2905 2765 3737 3985
4 2429 3650 3675 4195
4 1578 1577 1585 3603
4 2765 3859 3555 4050
4 400 3549 2925 4279
4 2611 3855 3752 3983
4 2428 2429 2426 2793
4 3283 3784 3529 4188
4 2376 2123 2124 4340
4 2048 2922 2025 3175
4 2686 2629 3098 3436
4 2902 3829 3489 3884
4 2380 2373 3542 4332
4 2470 3405 3151 4116
4 173 2831 163 2996
4 3077 3192 2611 3724
4 3275 2837 3884 4222
4 1687 1680 1685 3027
4 3200 3201 2494 4134
4 3070 3462 2942 3483
4 302 301 317 4286
4 2811 2694 3253 3538
4 1747 1742 4052 4345
4 2598 3279 2811 4368
4 2942 3593 3553 3778
4 2847 2869 2690 2965
4 2825 3932 2683 4186
4 2515 3259 3081 3409
4 2318 2316 2333 4227
4 2100 2099 2116 4160
4 2584 3485 3788 3789
4 944 961 962 4075
4 2616 3292 2980 4138
4 1447 2879 1486 3936
4 2633 2971 2747 3964
4 2576 3192 2863 3618
4 2814 3587 3127 4078
4 2839 3339 2937 3823
4 2528 2570 3575 3648
4 103 3160 3706 3980
4 2933 3592 3191 4062
4 3722 3880 1831 4298
4 3313 3626 2547 3965
4 1370 3502 2806 3774
4 1827 2783 1825 3620
4 1792 1791 1799 3119
4 922 906 705 3422
4 627 628 636 3589
4 1369 1370 1375 3576
4 2659 2855 3724 4266
4 3225 3302 2654 4172
4 1568 1539 4077 4275
4 2965 3334 3090 4077
4 3339 2796 4203 4407
4 2568 3322 3147 3697
4 791 3004 770 3570
4 2159 2162 2160 4068
4 636 635 627 3589
4 3055 3207 2556 4125
4 2602 2832 2609 4392
4 3647 4121 3109 4219
4 3147 3474 2902 3884
4 2871 3118 2689 3168
4 1213 1189 1190 3241
4 3037 3237 3198 4039
4 2009 2008 2016 4100
4 885 886 904 4390
4 568 538 3110 3699
4 3152 3302 2741 4130
4 1406 1401 1405 3942
4 2180 2186 2181 3454
4 3462 3483 3070 4104
4 2872 3283 2662 3284
4 823 3131 3059 3450
4 3081 3207 2538 3416
4 1924 1919 1920 3560
4 2902 3884 3489 4222
4 1905 3890 3153 4204
4 1989 1991 1992 4013
4 1485 1447 1486 3936
4 2166 2164 2163 4068
4 2745 2580 2829 3396
4 877 879 878 3282
4 2642 3684 3291 4257
4 2743 3461 3481 4288
4 2538 2517 3652 3818
4 1928 1915 1931 3890
4 2939 3208 3598 3640
4 2505 3093 2533 3402
4 3251 3738 3674 4074
4 2507 2524 3532 3547
4 1822 1842 2907 4066
4 2933 3191 3592 3853
4 2493 3180 3945 3946
4 1480 3630 4030 4256
4 2651 2826 3293 3491
4 2142 2172 2173 3429
4 3037 3038 2510 4167
4 2628 3599 2868 4106
4 231 222 232 2885
4 2930 2884 3281 4103
4 2622 3448 3716 3754
4 2675 2773 3173 3497
4 2570 2679 2846 3575
4 1586 4117 3487 4285
4 2828 3061 3016 3880
4 2616 2980 3654 3900
4 1851 3880 3691 4298
4 2557 3121 2759 4432
4 1524 3089 1525 3406
4 2766 3210 2869 3579
4 3447 3850 67 4112
4 2692 3474 3434 4321
4 521 2976 546 4384
4 1767 1778 3377 4192
4 2597 2726 2721 3111
4 2619 3569 3362 4109
4 4007 4122 4086 4267
4 791 770 771 3570
4 2012 2005 2004 3442
4 1528 684 683 3410
4 1009 1025 1024 3360
4 2594 3379 3030 3879
4 415 405 408 3833
4 1013 3138 1100 3392
4 2822 3371 3762 3961
4 2514 3215 3099 3297
4 792 791 771 3570
4 937 938 955 3475
4 3817 3881 3070 4314
4 721 3252 3111 3452
4 677 693 692 3538
4 683 1527 1528 3410
4 2576 3553 2821 3648
4 1035 1051 3913 4094
4 3525 3728 2964 3979
4 124 116 2831 2996
4 2553 3440 2835 4215
4 191 2987 198 4268
4 1394 1407 1395 3095
4 2906 3446 3545 3997
4 2571 2972 2761 3262
4 2670 2680 2566 2971
4 148 2987 138 4268
4 1586 1578 1585 3603
4 1626 3212 3025 4168
4 2855 1741 3942 4065
4 2597 2897 2826 3293
4 773 794 793 3570
4 636 2945 3589 3670
4 2527 2609 2986 3718
4 3332 3468 3465 4301
4 770 3004 791 4190
4 2540 2782 3512 4382
4 2630 3849 3540 3875
4 3283 3384 3284 4143
4 3096 2517 3818 3945
4 1019 1020 992 3813
4 2995 3625 2625 3685
4 2049 2048 2051 3175
4 2963 2950 3888 4157
4 3160 3547 96 3723
4 2808 3048 4205 4295
4 3098 3436 2629 3562
4 2872 3670 3142 3844
4 2798 3111 2897 4145
4 773 793 772 3570
4 2628 3599 3051 4050
4 852 862 853 3595
4 424 702 423 3076
4 2812 3374 3094 4411
4 2576 3553 3192 3618
4 3026 3674 3251 3738
4 261 260 252 3281
4 2271 2269 2268 3249
4 3201 3783 2494 4134
4 2555 2579 2820 2915
4 2494 3200 3143 3967
4 2941 3146 4218 4423
4 2976 3155 2825 4186
4 1671 3113 1672 3496
4 2708 2606 3243 4057
4 3032 4144 3505 4326
4 2963 4222 4216 4226
4 1816 3722 3411 3880
4 2699 4201 3036 4396
4 2307 2300 2299 4353
4 3001 3513 2911 3792
4 2892 3480 2620 3606
4 2642 3036 3376 3857
4 3122 4171 2510 4422
4 2864 3349 2747 3605
4 1567 1566 4077 4275
4 1481 1491 3762 4030
4 1645 1624 1647 3621
4 405 3052 406 3501
4 1744 3588 4065 4266
4 2526 3370 2521 3780
4 934 3721 2800 3760
4 3016 3927 3225 4162
4 2897 3761 3126 4212
4 2661 2900 2751 4106
4 3137 3425 2767 3488
4 705 712 922 3422
4 3517 3819 2518 4097
4 350 3649 362 3727
4 2495 2767 3389 3766
4 2528 4273 3381 4428
4 1643 1572 1622 3621
4 1856 1870 1869 3899
4 1770 1760 3326 3643
4 2824 3111 2726 3422
4 2951 2594 4166 4188
4 2267 2265 2264 4374
4 2620 2779 2756 3235
4 1979 2003 3442 4313
4 66 77 191 2987
4 609 589 3026 3738
4 2751 3707 2623 4402
4 876 862 861 4274
4 2462 2478 3936 4140
4 3117 3279 2933 3803
4 2058 2035 3309 4080
4 709 3921 714 3977
4 3081 3652 2538 3683
4 1058 1064 1063 4067
4 2305 2306 2298 4374
4 1994 1992 1991 4013
4 3496 3690 1672 3976
4 1679 3680 3690 3934
4 2690 3334 2869 3797
4 2588 2730 3078 3079
4 1711 3989 1713 4445
4 170 2917 2610 4240
4 1203 1230 1205 3832
4 2825 3516 2976 4186
4 1004 1012 1003 4038
4 2618 3051 3599 4050
4 2295 2303 2296 2985
4 2950 3698 3773 4263
4 2807 3334 2871 3797
4 2951 2685 3638 4188
4 966 951 967 3721
4 331 3148 328 3677
4 2588 3159 2936 4064
4 2527 2912 3205 3380
4 636 3337 2945 3670
4 2528 3381 3648 3886
4 2898 3618 3424 3694
4 2909 3722 3411 4224
4 2923 2999 2779 3705
4 152 3215 3351 4023
4 1024 1008 1009 3360
4 2769 3219 3566 4422
4 2754 3393 2605 3607
4 3219 3480 2537 4422
4 1520 3406 1519 3407
4 2821 3381 3031 3648
4 1667 1675 1701 3976
4 764 3195 756 4203
4 2680 2724 2566 2971
4 404 3052 397 3833
4 3036 3418 2847 4201
4 98 84 149 4043
4 2567 3291 3684 4250
4 2576 2863 3192 3575
4 2695 2771 2584 2885
4 983 958 957 3530
4 2576 3260 2904 3885
4 1080 1078 3105 3373
4 2699 3418 3036 4201
4 504 3301 3043 4380
4 2880 3562 3098 4084
4 2611 3752 2834 4244
4 1332 3218 3217 4120
4 2597 2721 2826 2897
4 1671 3113 3496 4044
4 2596 2535 2719 2985
4 3231 4125 2690 4271
4 2745 3512 3014 4356
4 699 706 3111 4364
4 3635 3734 3293 4015
4 2149 2173 2176 3104
4 1616 1615 3159 3178
4 3156 3274 2677 4150
4 2545 2709 2708 3497
4 507 3083 502 4311
4 3119 2802 3582 3993
4 2176 2177 2149 3104
4 64 3295 57 3541
4 2662 3257 3127 3283
4 2853 3336 3158 3812
4 2760 3513 3027 3975
4 1590 3596 3371 4076
4 3224 3788 3128 3884
4 2628 3197 2868 4050
4 2622 2681 2539 3754
4 637 3337 636 3670
4 3295 3507 2499 3541
4 2504 3238 2552 3935
4 1607 4121 1606 4219
4 1590 3639 3371 4344
4 2672 2923 3335 3930
4 667 644 668 3591
4 2828 3880 3016 4162
4 987 960 959 3530
4 2685 3384 2951 4191
4 187 3236 3160 4181
4 3068 3790 3499 3893
4 2938 3520 3156 3759
4 2532 2649 2701 2953
4 948 1054 3040 3524
4 1560 3109 1561 4219
4 2738 2936 4064 4307
4 2562 2519 3448 3919
4 3392 3703 1012 4038
4 2588 3313 2720 3626
4 287 2930 3185 3641
4 2760 3437 2663 3934
4 2635 3106 3002 3173
4 2592 3500 3395 3870
4 2324 2342 2341 2719
4 2637 2967 3961 4256
4 625 746 745 3491
4 3020 3105 2698 3263
4 1592 3596 4076 4301
4 2602 2832 2720 3228
4 3067 3348 2615 3356
4 954 3065 937 4038
4 754 745 3985 4165
4 796 775 776 4407
4 3555 3689 3197 4050
4 3016 3880 2910 4162
4 1328 1320 4074 4223
4 2738 3113 3690 3792
4 763 2905 764 3570
4 1159 3234 1157 3848
4 3587 4078 3580 4151
4 2167 2169 2170 3298
4 390 399 389 3943
4 2766 3025 2607 3404
4 2847 3418 3269 4201
4 2730 2916 2588 3313
4 2601 3259 2840 3409
4 848 3836 3458 4028
4 2964 2572 3535 4115
4 2500 4047 3067 4355
4 2586 3122 2997 3517
4 3587 3932 3155 4151
4 521 4102 2976 4384
4 2654 3560 3537 4172
4 1392 1401 2935 3399
4 990 1018 1019 3779
4 1825 1829 2783 4082
4 2541 3635 2714 3951
4 3088 3596 2775 4344
4 2570 2846 2676 3575
4 1680 3027 3680 3934
4 3543 3854 2944 4326
4 2849 3058 3495 4410
4 3125 3644 718 3658
4 3535 3979 2964 4115
4 2548 3280 3385 3815
4 833 3059 830 3359
4 3081 3317 3207 4158
4 1477 1478 3639 3762
4 761 769 3125 3658
4 2817 2761 4072 4093
4 2655 3441 3113 3792
4 2025 2922 2048 4012
4 2058 2056 2035 4080
4 2756 2948 2914 3161
4 972 1066 980 3138
4 2644 3051 3279 3853
4 950 2800 3721 4302
4 2595 3262 3055 4314
4 1701 1700 1667 4194
4 2805 3379 3489 3490
4 1703 1713 3989 4445
4 3027 3513 3041 3975
4 87 3706 3115 3980
4 2692 2819 3003 4433
4 3408 3992 3055 4241
4 2534 2577 4022 4213
4 1213 1190 1214 3241
4 2642 3291 3582 4257
4 3276 3378 56 4011
4 776 797 796 4407
4 2736 3218 2825 4223
4 3116 3322 3811 4015
4 1969 3820 1968 4100
4 193 2521 192 3226
4 2572 3525 2964 3535
4 1002 977 978 3065
4 2589 3627 2983 4097
4 3371 4076 3596 4104
4 2655 3113 3394 3792
4 297 291 310 3607
4 2635 3746 3497 3919
4 2618 3474 3735 3960
4 1590 1582 1479 3639
4 540 570 527 3699
4 2761 4072 3324 4404
4 2836 3169 2990 3893
4 2983 3482 2589 4270
4 3541 3917 2636 4373
4 3446 3997 2906 4241
4 2751 2623 3707 4329
4 2672 2998 2923 3930
4 2556 3150 3055 3817
4 3406 3407 1520 4248
4 2519 3368 2562 3449
4 2689 2944 3859 4040
4 2540 3512 2697 3540
4 2125 3820 1970 4100
4 2579 3236 2535 3771
4 2931 3457 2962 4213
4 3130 3193 2740 3918
4 2925 3091 4279 4280
4 2831 2912 2610 3507
4 2948 3217 2717 4335
4 2868 3749 3197 4135
4 3283 3284 2872 4144
4 977 3065 1002 3721
4 2796 3339 3125 4407
4 2015 2016 2008 4029
4 2722 3293 3811 4015
4 2769 2933 3480 4422
4 2819 3434 2758 3755
4 3394 4063 2858 4113
4 2033 2035 2056 4080
4 2683 3347 2598 3674
4 2858 2802 3120 3993
4 3543 3737 640 4190
4 2515 3416 3577 3992
4 750 749 3491 4008
4 2557 2718 3108 3470
4 2542 3579 3317 4271
4 2629 2956 3139 4127
4 1566 1568 1569 4077
4 85 3351 2585 4304
4 1524 3089 3406 4248
4 2573 3020 2786 3105
4 666 3438 581 3954
4 2120 2373 2372 3522
4 3044 2765 3543 3811
4 1680 1704 1675 3680
4 2515 3259 2840 4221
4 1398 1406 1410 3089
4 2949 3425 3717 4296
4 3047 3553 2821 3778
4 2964 3535 3525 3979
4 2370 2369 2385 3911
4 1252 1247 1248 3843
4 1323 3251 1322 3738
4 2620 3362 3219 3480
4 2510 3237 2560 3266
4 624 625 745 3491
4 2620 2779 3235 3363
4 2583 3994 3382 4350
4 2573 3121 2749 3368
4 3549 3749 3689 4280
4 2035 2982 2033 4056
4 2498 3629 2994 4254
4 2803 3218 3217 4206
4 702 424 703 3076
4 2826 2958 2597 3293
4 2904 3371 3639 4344
4 2675 2708 3243 3821
4 2816 2659 3511 4266
4 749 747 748 3491
4 3044 3277 2958 3293
4 3163 3234 2782 3962
4 115 126 89 4180
4 816 1622 815 3621
4 1622 816 1623 3621
4 3379 4087 3244 4226
4 2993 4139 3203 4273
4 2813 3030 3785 3932
4 3450 3649 2900 4081
4 2629 2956 2841 3098
4 3116 3555 2765 3811
4 2628 4106 3837 4169
4 2677 3520 2910 4295
4 3151 3251 2694 3674
4 2541 3858 3635 3951
4 2692 3884 3128 4398
4 2677 3119 3993 4233
4 2523 3382 3324 4404
4 1593 3487 3596 4301
4 2611 2935 2898 3855
4 2653 2730 2562 3919
4 950 951 966 3721
4 2013 2014 2006 4029
4 933 950 949 3658
4 3319 3856 3181 4250
4 530 3127 543 4078
4 932 718 915 3644
4 1146 2133 1978 3666
4 939 3040 3138 3561
4 1633 1616 1632 3926
4 2916 3080 3079 4313
4 2095 2111 2112 3510
4 4017 4230 2519 4444
4 1130 3392 1122 3768
4 2502 2552 3632 4413
4 1683 3210 1694 3934
4 2637 3371 3462 3961
4 324 350 349 3353
4 3156 4149 3381 4150
4 3142 3543 2765 3811
4 2557 2728 3121 4432
4 3031 2821 3593 4139
4 1337 1332 1338 4206
4 1548 3822 1556 4110
4 1572 1573 1570 4077
4 2030 2031 3175 3814
4 2562 3013 2749 4403
4 2543 3534 2912 4240
4 2112 2096 2095 3510
4 1350 1349 3346 4107
4 2837 3489 3829 3884
4 2769 3266 3916 4031
4 748 750 749 3491
4 3061 3873 3016 3880
4 2964 3525 3494 3728
4 2911 3338 2858 4113
4 2242 2272 2240 4235
4 3593 3759 3156 4139
4 1149 1133 1134 3114
4 2511 2648 3356 3766
4 711 915 718 3644
4 2532 2571 2649 2746
4 2698 3020 2573 3105
4 1210 1186 1187 3443
4 3068 3790 2559 4372
4 3330 3500 2610 4239
4 2840 4267 3264 4378
4 1683 1693 1694 3210
4 2091 2108 3306 3733
4 2855 3624 2659 3724
4 2987 3839 3535 3956
4 3044 3293 2958 3491
4 2033 3814 2032 4056
4 1945 1958 1944 4318
4 3156 3593 3031 3856
4 1230 1203 1229 3832
4 2657 3386 3435 3714
4 2561 2884 3128 4062
4 2765 3854 3555 3859
4 1919 1924 1931 3094
4 1107 1129 1128 3443
4 2996 2499 3507 3541
4 887 2956 3098 3602
4 2760 3027 2663 3437
4 2747 2932 2607 3963
4 2659 2816 3511 4129
4 2950 4096 3773 4166
4 1994 3141 2026 4013
4 552 3315 525 3498
4 571 468 473 3609
4 163 2996 2831 3507
4 3181 3545 2969 4250
4 2685 2951 3015 4215
4 2751 3707 4106 4329
4 2939 3302 3225 3567
4 1600 1592 4076 4301
4 2049 2922 2048 3175
4 1005 1066 1092 3138
4 1128 1106 1107 3443
4 1655 1657 1658 4395
4 2643 3128 2930 3788
4 2693 3271 3750 4265
4 898 905 887 2956
4 3617 3712 2847 4217
4 3551 4089 2823 4175
4 1480 1499 1488 3630
4 3160 3236 2497 4181
4 968 953 969 3721
4 3463 2598 3803 4371
4 2502 2836 3092 3499
4 2631 2743 3461 3481
4 2744 3043 4018 4443
4 2498 2994 2995 4254
4 833 3059 2947 3458
4 680 679 671 3168
4 2864 2895 2729 3349
4 936 3065 3248 3475
4 1610 1611 1603 3465
4 2649 2571 2701 3158
4 3099 3226 2521 3692
4 2062 2063 2038 4029
4 2831 2996 116 3380
4 2510 3280 3237 4422
4 2653 2715 2921 4014
4 2951 3888 2742 4166
4 2431 1291 2432 3864
4 2644 3854 3505 4326
4 2689 3815 3279 4169
4 1056 1063 3138 4067
4 1967 3673 1968 3779
4 2821 3047 3778 4073
4 465 466 467 3713
4 2775 3260 3483 4236
4 823 3059 827 3450
4 2661 3052 3599 4106
4 2561 2560 3237 3266
4 2497 3236 4017 4444
4 3376 3857 2882 4187
4 2573 3368 2784 3766
4 232 222 219 2885
4 85 3115 4304 4393
4 2602 2830 3982 4284
4 1444 1447 1485 3936
4 1993 1995 1996 4059
4 2646 3204 3016 3601
4 2519 3368 3449 4444
4 3362 3363 2862 3667
4 2560 2612 2705 3130
4 1140 1141 3432 3628
4 3031 3381 3156 4149
4 2555 2648 3369 3766
4 2500 3839 3276 4047
4 2765 3044 3543 3985
4 2787 3817 3231 3881
4 3332 3465 1610 4301
4 349 3353 350 3727
4 3059 3131 2647 3450
4 3081 3207 3416 3992
4 624 3491 745 4165
4 939 3040 956 3138
4 706 712 705 3111
4 3016 3204 2646 3866
4 3113 3441 2655 3924
4 620 3844 3277 4165
4 1113 1110 1141 3432
4 2592 2881 2951 3015
4 2910 3722 3097 4295
4 2625 2995 3093 4069
4 3025 3304 1626 3764
4 2091 2982 2092 3733
4 3646 4113 3394 4283
4 2581 3903 2762 4131
4 691 3538 692 3715
4 3067 2500 3348 4024
4 2949 2512 3137 4296
4 2642 3583 3016 3873
4 2684 3164 3018 4095
4 1852 1853 1866 4083
4 1493 1483 1492 3647
4 2543 3500 2912 4439
4 1033 1025 1034 3913
4 93 84 98 3202
4 609 3026 690 3653
4 1992 1990 1989 4013
4 3142 3277 3044 3811
4 631 632 3949 4165
4 2567 3483 3181 3545
4 2837 3788 3224 3884
4 1837 1839 1840 3455
4 398 3836 848 4028
4 2743 3481 3153 4288
4 3036 2847 3418 3809
4 1766 3338 1769 3471
4 1991 1973 4059 4085
4 1526 682 590 4000
4 2708 2773 2578 3428
4 2431 2946 2432 4387
4 2049 2048 2922 4012
4 3493 4261 2585 4304
4 1588 3822 1587 4285
4 687 1531 1532 3171
4 1532 688 687 3171
4 3033 3039 2637 3189
4 1780 3471 1769 4187
4 2752 3855 4055 4352
4 2588 2916 2720 3313
4 1180 1179 1171 3933
4 2545 3497 2519 4230
4 1825 1813 1824 3289
4 2495 3067 2511 3239
4 1204 1165 1163 3832
4 431 432 3342 3802
4 2728 2759 2557 2824
4 1572 3712 1573 4077
4 1726 4142 3078 4305
4 1685 3437 3027 3934
4 3557 4254 3629 4389
4 2573 2648 2784 2955
4 1006 1022 798 3851
4 2038 2063 2039 4029
4 1646 3621 2869 3712
4 2802 3119 3086 3471
4 1074 1087 3014 4356
4 2860 3088 2688 3603
4 963 993 995 3813
4 2966 3130 2612 3143
4 1980 1964 1963 3080
4 3210 3441 2663 3934
4 1171 1172 1180 3933
4 2724 2845 3062 3223
4 2897 3550 3417 4212
4 940 721 3252 3422
4 1811 1799 3722 4233
4 3499 3790 3169 3893
4 799 3118 3004 3570
4 2132 2225 3987 4231
4 2220 2219 2188 4005
4 241 254 253 4147
4 2758 2723 2925 4381
4 494 3043 496 3431
4 1013 3392 1012 4038
4 2835 3440 2691 4215
4 2772 3188 3002 3919
4 2629 2745 3040 3562
4 2571 4055 3150 4337
4 718 724 717 3895
4 2525 2964 3728 4391
4 2163 2137 2138 3223
4 940 3252 957 3530
4 1607 3468 4121 4219
4 3554 3677 2776 3705
4 3545 3997 3483 4396
4 1107 3443 1106 3686
4 3122 3517 2518 3566
4 2698 2540 3540 3875
4 204 3460 3558 4289
4 343 3556 3434 3988
4 442 431 3342 3431
4 2810 2880 2762 4390
4 1987 1989 1990 4085
4 1251 1177 1247 3843
4 81 3361 88 3725
4 1598 3371 1483 4121
4 1299 1296 3710 4409
4 2501 3629 2901 4389
4 2549 2686 2762 3436
4 2527 2553 3439 3440
4 2502 3632 2990 4413
4 2456 2457 1461 3250
4 1673 1672 3690 3976
4 3025 3212 1626 3304
4 3652 3818 2517 3945
4 1963 1979 1980 3080
4 2217 2214 2216 3243
4 2749 3071 2786 3206
4 168 3202 175 4043
4 3580 3587 2814 4078
4 3441 3617 2847 3924
4 247 241 236 2870
4 2920 3195 2796 4025
4 706 3977 2897 4364
4 2916 3079 2936 3310
4 892 907 893 3422
4 2839 3118 2689 4369
4 1949 3455 3904 4026
4 2598 3463 3117 3815
4 2101 2102 2103 3172
4 2174 2172 2171 4099
4 3116 3293 2651 3550
4 978 1003 1002 3065
4 2557 2824 2759 2934
4 995 994 996 3813
4 2527 3523 2949 4324
4 3483 4242 3545 4396
4 2557 3108 2759 3121
4 1978 2001 1999 3666
4 1808 2893 1809 3675
4 1614 1630 1631 3285
4 2682 3669 2975 4362
4 1275 1276 1258 3227
4 906 907 892 3422
4 2821 3553 3192 3648
4 3157 3177 2928 3925
4 2511 3239 3348 3388
4 504 513 512 3301
4 3209 3315 3301 3498
4 2693 3164 3601 4265
4 1882 1876 1894 4209
4 2858 3571 3338 4176
4 2054 2031 2033 2982
4 2795 3822 3312 4117
4 2534 2931 2684 3683
4 945 944 962 4075
4 2576 3031 3260 3885
4 2563 3840 3081 4158
4 2920 4025 3761 4212
4 2030 3175 2028 3814
4 1830 1852 1851 3061
4 2901 3264 3551 4389
4 989 991 961 3813
4 2539 3448 2519 3746
4 3207 3660 2634 4246
4 2663 3441 3210 3809
4 2693 2882 3857 4187
4 773 772 3339 3570
4 397 3052 405 3833
4 59 70 3245 4264
4 2551 3369 3236 3488
4 1520 1519 3406 4248
4 2499 3917 3541 4373
4 2929 3394 3319 4435
4 2686 3254 2843 3978
4 1582 1471 1479 3639
4 1535 3653 691 3715
4 2108 2123 3306 3733
4 2604 2635 2850 3746
4 2922 4012 2932 4198
4 2648 2764 3369 4229
4 905 4084 904 4390
4 3221 3464 2668 4410
4 1031 1023 1032 3912
4 156 2831 107 3534
4 1479 1483 3371 3762
4 3076 3644 3125 3823
4 1676 3113 1671 4044
4 1073 1074 1087 3014
4 1585 3487 3088 3596
4 2578 2708 2709 3497
4 2338 2337 2341 2719
4 1771 1774 1782 3750
4 2028 3141 1996 3814
4 2940 3856 3156 4149
4 1202 1200 1201 3832
4 1082 3372 1091 3373
4 676 677 3538 3591
4 3575 3648 2576 3886
4 1534 3250 3715 4219
4 2602 3982 2832 4392
4 3086 3411 2909 3873
4 1995 1997 3814 4059
4 2519 3747 2545 4230
4 2622 4014 3274 4150
4 2605 2843 3054 3830
4 2609 2986 3718 4322
4 2743 3153 2908 4288
4 2548 3191 2661 3237
4 1525 1398 1521 3585
4 898 912 905 2956
4 714 707 709 3977
4 2524 3706 3115 4022
4 2454 2460 2462 3936
4 1585 3088 3487 3603
4 1316 604 603 3199
4 403 3549 400 4279
4 798 777 1006 3851
4 2787 2822 3817 3881
4 2767 3425 2497 3488
4 2663 3210 2847 3809
4 995 3813 3795 3892
4 642 581 557 3954
4 2562 2749 3121 3368
4 1719 1712 3216 4194
4 2671 2587 3329 3401
4 2636 63 3193 3918
4 2499 3295 2966 3838
4 2505 3205 2831 3776
4 2536 3716 2507 3754
4 2881 3015 2835 3802
4 3161 3807 2914 4335
4 1293 1292 3346 3953
4 1393 1391 1383 3874
4 806 3349 822 3764
4 2636 63 3103 3193
4 2775 3487 3049 3596
4 126 101 4180 4181
4 3078 3079 2730 3989
4 3225 3302 2939 4259
4 2879 3936 2478 4140
4 2170 2168 2167 3298
4 135 3533 153 3668
4 71 2636 63 3103
4 2615 2782 2698 4354
4 508 3801 3083 4102
4 1937 1938 3247 3753
4 3256 3885 2904 4010
4 1976 1975 3913 4059
4 2582 2781 2733 2801
4 1182 1183 1191 3240
4 2808 3481 3567 4172
4 2703 3399 2846 3576
4 2843 2605 3518 4111
4 2895 3851 1022 4302
4 2576 3885 2904 3886
4 2478 2462 2479 4140
4 2854 3752 3261 4055
4 2529 3254 3518 4182
4 3726 3758 2943 3759
4 1008 3360 1024 4302
4 1365 1370 2806 3774
4 3381 4273 3046 4428
4 1950 3455 1949 4026
4 769 3658 777 4407
4 2910 3927 3016 4162
4 531 650 611 4336
4 3143 3038 3967 4046
4 1365 1356 1357 3774
4 2512 2541 3470 4324
4 2539 2622 3448 3805
4 2674 3633 2563 3840
4 347 3145 3144 3434
4 1983 1982 2007 4029
4 2738 3690 3496 3976
4 3026 2694 3251 3674
4 783 3887 665 4394
4 3049 3596 4076 4104
4 1118 1081 1079 3105
4 1826 1832 3097 3722
4 988 990 989 3222
4 2561 2991 2612 3915
4 2493 3493 3351 3946
4 718 725 724 3895
4 316 338 340 3528
4 2515 3408 3409 3992
4 3537 3560 3102 4172
4 1183 1192 1191 3508
4 3109 2787 3715 4237
4 3180 3202 3179 4221
4 1046 3349 1030 3912
4 3144 3434 3145 3474
4 2582 3718 3205 3751
4 2602 3108 2509 3313
4 3207 4125 3055 4330
4 2548 3191 2933 3279
4 2477 3184 2988 4137
4 2522 2615 2827 2926
4 1643 1644 1572 3712
4 1995 3814 1996 4059
4 2059 3309 2218 4080
4 1507 1517 1520 3033
4 848 3458 3968 4028
4 340 3528 338 3743
4 3761 4025 3126 4212
4 2690 3334 2871 4163
4 2590 3525 4119 4383
4 2715 2653 2921 4079
4 1982 2006 2007 4029
4 2506 3692 3226 4388
4 2556 3817 3055 4125
4 2677 3119 3097 3722
4 112 3425 2949 4296
4 3206 3432 1139 4297
4 3885 3886 3031 4149
4 2605 2843 3830 4111
4 2976 3932 3155 4186
4 690 674 675 3538
4 2546 3238 3632 3720
4 2575 2812 3303 4130
4 1517 1506 1516 3424
4 2674 2883 2704 3073
4 2508 3292 3463 4171
4 1831 3061 1851 3880
4 2741 3094 3303 4172
4 2828 2646 3061 4083
4 2047 2044 2045 4012
4 1521 3233 1522 3406
4 2555 3236 2579 3771
4 2869 3334 2807 3797
4 2772 2635 3173 3497
4 2649 2571 3812 3957
4 3025 3404 2766 3797
4 2628 2868 3599 4050
4 3183 3529 2667 3879
4 2988 3900 2701 4138
4 3008 3904 3455 4253
4 3262 4241 3055 4314
4 2861 3022 2599 3845
4 3126 3491 749 4008
4 1516 1517 3694 4248
4 1830 1833 1852 3898
4 626 3587 3127 3589
4 2981 3331 3106 3852
4 71 2636 3447 3541
4 2767 2497 3425 3449
4 1744 3504 2816 4266
4 3224 3755 3275 3884
4 2569 2657 2705 3514
4 3539 3814 1997 4059
4 2518 2620 2983 4270
4 526 3066 529 4336
4 2597 2798 2897 3293
4 1133 3114 1132 3896
4 981 957 728 3252
4 968 952 953 3721
4 1587 3822 4117 4285
4 342 343 3556 4252
4 3182 2900 3649 4081
4 2663 2847 3210 3579
4 3441 3690 3113 3792
4 3142 3032 3854 4326
4 2541 3734 2627 4238
4 3231 3881 3817 4314
4 628 636 3589 3670
4 2866 3724 3942 4266
4 2951 3384 2553 4191
4 2672 2914 3161 3713
4 2657 3323 2785 3696
4 1984 1968 1967 3673
4 1374 1371 1372 3781
4 2641 3131 2605 3607
4 2122 3306 2121 4154
4 2694 3253 2871 4368
4 2629 3436 2686 3978
4 2643 3123 3453 4310
4 1480 3762 2967 4030
4 3001 3216 2760 3792
4 2745 2629 3040 3512
4 1540 1570 1568 4077
4 2925 3550 3549 3943
4 2563 3633 2674 4070
4 2495 3239 2511 3389
4 2540 3254 3540 3875
4 1752 3572 1735 4176
4 3198 3237 3037 3280
4 2782 3163 2698 3234
4 1093 3396 3138 4067
4 1605 1681 1676 3617
4 826 825 359 4173
4 2814 2976 3587 4151
4 2622 2653 3626 4379
4 2123 2960 2124 4340
4 3014 3512 3373 4356
4 2608 2849 2753 4020
4 3228 3886 2688 3965
4 2779 3235 2999 3804
4 2828 3840 2563 3866
4 1676 1597 1605 3617
4 2640 2735 2566 3457
4 2796 3195 2920 3883
4 139 149 84 4043
4 1009 3703 3360 3721
4 2728 2749 2573 3121
4 2765 2944 3543 3854
4 1984 1967 1983 3673
4 2523 3598 3365 3726
4 2494 3143 2966 3566
4 2961 4143 3284 4226
4 2830 2720 3171 3178
4 3261 3997 3446 4241
4 2696 3872 2978 3922
4 2770 3248 3065 3922
4 2618 3191 3051 3853
4 1703 2036 1670 3442
4 64 21 57 3295
4 25 105 81 3725
4 2548 2661 3599 4106
4 2159 2160 2157 4105
4 3301 3315 3209 4120
4 2856 2855 3624 3701
4 2061 3188 2062 3442
4 2431 3346 2946 4387
4 2855 3942 3724 4266
4 2955 3020 2698 3263
4 2561 3915 2612 4031
4 2806 3299 3221 3502
4 2966 3566 3266 3916
4 613 615 614 3257
4 1132 3357 1131 3768
4 2868 3689 3197 3749
4 2902 2805 3489 3829
4 1819 1818 1808 3045
4 523 466 512 3713
4 2567 3545 3181 4250
4 3070 4314 3881 4396
4 2847 4201 2965 4271
4 3067 2500 3378 4047
4 902 903 3760 4141
4 626 634 3587 3589
4 2869 3210 2847 3579
4 2722 4144 2872 4323
4 2941 3916 3915 4031
4 1631 1615 1614 3285
4 2754 2894 2755 3731
4 1965 1982 1966 3673
4 2698 3875 3540 4334
4 2520 2892 3867 4423
4 2780 3597 3408 3866
4 1677 3113 1676 3617
4 2744 2881 3015 4359
4 2869 3621 1646 3695
4 1392 1401 1406 2935
4 3254 3348 2540 3358
4 2607 2970 2735 3963
4 2634 2807 3837 4369
4 584 606 605 3315
4 2814 3066 2685 3699
4 3034 2672 3199 4019
4 2527 2582 3440 3718
4 1976 3539 1997 4059
4 2595 3150 4055 4337
4 2475 1340 2476 2488
4 2933 3279 3191 3853
4 2807 3797 2871 4369
4 1427 1428 1435 3719
4 2470 3546 3405 4116
4 2532 4069 4221 4267
4 1889 3560 3537 4177
4 2641 3323 2657 3696
4 2498 2994 2544 3325
4 2533 2986 3751 4439
4 436 3235 3149 3431
4 581 3438 3155 3954
4 139 84 3351 4043
4 2567 3856 3156 4250
4 2730 3882 3313 4379
4 2298 2297 2305 4374
4 2862 3183 3667 4018
4 2993 3152 3208 4249
4 978 977 969 3065
4 2388 2401 2392 3542
4 72 3378 2504 4024
4 2587 3264 2901 3401
4 1715 1709 1708 3027
4 2494 3566 2966 3838
4 1965 1981 1982 3673
4 3617 3690 3441 3934
4 868 869 417 4319
4 2823 3093 2974 3551
4 969 3065 977 3721
4 2366 2381 2382 3931
4 3109 3250 2702 3647
4 2583 3623 3324 3861
4 2569 2641 3023 3162
4 2708 2709 2545 2809
4 3108 3368 3121 3449
4 2853 2702 3405 3546
4 3135 3716 3448 3754
4 3163 3314 3234 4262
4 2827 4054 2678 4354
4 191 4126 3276 4268
4 2544 3208 3427 4404
4 1856 3827 1870 3899
4 3364 3592 2933 4218
4 2562 3497 2772 4403
4 1769 3471 3338 4187
4 2541 3523 3439 4324
4 2481 4140 4116 4234
4 3039 3687 3189 4245
4 1586 3603 3487 4117
4 2548 4106 3599 4169
4 2144 2128 2127 3428
4 2677 3119 3582 3993
4 3202 3259 2493 4221
4 1379 3176 3299 3502
4 3489 3884 2837 4222
4 2785 3323 2647 3696
4 64 2996 3507 3541
4 2754 3054 2894 3995
4 2506 3547 2524 3980
4 2575 3302 3152 4130
4 2939 3759 3726 4249
4 1118 1119 3263 3947
4 400 399 390 3943
4 2653 2715 3626 4079
4 3485 3788 2643 4291
4 2738 3394 3113 3792
4 2539 2928 3532 3754
4 745 3491 3044 4165
4 875 894 877 4274
4 2512 3472 3238 3523
4 407 857 417 3501
4 3029 3151 2706 4074
4 2868 3503 2875 4280
4 2943 2821 3203 3759
4 3537 4162 2654 4172
4 894 3920 877 4274
4 2715 3626 4079 4150
4 1934 1930 1933 3247
4 1766 1762 3338 3571
4 1561 3109 3468 4219
4 1309 2448 2444 3194
4 2847 3617 3210 3712
4 2967 2637 3189 4256
4 3144 3434 3474 4321
4 123 117 3619 4196
4 3752 4337 4055 4352
4 2609 2878 2832 3563
4 2799 2764 3166 3246
4 2777 3330 3500 3679
4 702 423 3076 3749
4 1669 1702 1703 4445
4 2939 3302 3640 4259
4 2808 3048 3481 4205
4 2914 3199 2672 3955
4 1334 3405 1333 4074
4 3218 4120 4223 4335
4 2654 3302 3225 3597
4 2855 4065 3942 4266
4 90 3226 86 3706
4 1625 1649 1647 3212
4 2840 3259 3202 4221
4 2993 3208 3152 3756
4 1617 1616 1633 3926
4 2001 1999 3666 4056
4 3120 3471 3338 3571
4 329 333 330 3705
4 2642 3582 3291 3583
4 2214 3104 2213 3821
4 2494 3838 3295 4134
4 1550 1551 1543 3256
4 3218 4223 2736 4335
4 2718 2934 2557 3882
4 3044 3277 3142 4165
4 1329 2465 3151 3251
4 990 992 991 3813
4 22 68 3200 4134
4 2069 3267 2047 4012
4 2188 2198 3573 4005
4 2830 2958 2826 3476
4 120 2505 3776 4303
4 683 3186 684 4408
4 2762 2947 3458 3968
4 3324 3382 3325 4404
4 1597 3269 1605 3617
4 66 2987 3276 4011
4 2836 3395 3343 3870
4 2577 2599 3022 4260
4 1708 1689 3267 4315
4 2808 3520 3048 4295
4 2966 3146 3606 3916
4 1064 1058 1059 4067
4 84 2585 85 3351
4 1222 1221 1212 3444
4 1452 1487 1450 4030
4 2012 2037 2038 3442
4 2685 3015 2951 4359
4 774 775 4118 4407
4 2961 3284 3283 4144
4 108 3488 128 4294
4 2709 2716 2545 2809
4 1806 1816 1815 4224
4 2841 3242 2843 3978
4 287 286 272 3185
4 3384 4143 2963 4216
4 1476 1498 3189 4245
4 817 802 818 3526
4 800 816 815 3526
4 743 741 742 3700
4 1708 1710 1716 3267
4 614 612 613 3257
4 3031 2576 3648 3886
4 1570 1573 1571 4077
4 2811 3279 2598 4228
4 2496 3245 3525 3990
4 1696 4168 1697 4315
4 816 815 3526 3621
4 1590 3371 1598 4076
4 3156 3274 4150 4347
4 2819 3528 2656 3743
4 2588 2936 2916 3079
4 2966 3143 2612 3266
4 2643 2930 3787 3788
4 112 2949 3137 4296
4 1319 1312 1314 4223
4 1996 1994 1993 4059
4 2850 3341 3010 3889
4 2544 2645 3272 4363
4 3084 3704 2803 4021
4 1309 2444 1304 3194
4 2573 2749 2728 2786
4 2497 2519 3449 4444
4 2526 3780 2669 3956
4 3271 3611 2693 4414
4 2837 3128 3788 3884
4 2667 3043 2862 3615
4 2620 3480 3219 3606
4 339 354 353 3743
4 2499 3507 3295 3877
4 2511 2573 3121 3849
4 3322 3735 3147 3960
4 779 739 790 3154
4 3120 1766 3471 3571
4 1757 1751 3572 4142
4 2562 3882 2730 4379
4 1624 1623 3526 3621
4 1569 1567 1566 4077
4 1025 1026 1034 3913
4 192 2521 195 3370
4 2683 3026 2825 3674
4 2602 2830 2720 3171
4 2718 3910 3154 4349
4 549 3587 634 3954
4 272 286 271 3185
4 1468 1476 1469 3687
4 2121 3024 2120 4154
4 794 3339 795 4118
4 2616 2980 3900 4138
4 3069 2890 3257 3970
4 2772 3173 2773 3497
4 567 569 568 3613
4 2882 3808 3643 3969
4 1359 3502 3464 4107
4 2599 3845 3022 4260
4 690 3026 674 3538
4 2672 2948 2914 3955
4 3284 4143 3384 4216
4 2531 4213 2577 4312
4 2527 3380 3472 3523
4 680 671 672 3168
4 3457 3652 2534 3777
4 504 503 498 3043
4 2576 3192 3553 3648
4 2402 2393 1768 3391
4 2545 2716 2613 4048
4 2938 3684 3446 4361
4 1035 3913 3703 4094
4 1658 1656 1655 4395
4 2590 3494 3375 3793
4 2534 4022 3457 4213
4 2620 2756 3362 3363
4 2544 3007 3272 3527
4 2742 3169 2990 3791
4 2808 4205 3688 4295
4 2653 3626 2715 4014
4 2460 3936 3336 4140
4 2598 3815 3279 4368
4 3130 3193 3103 3506
4 1441 1362 1424 3419
4 128 3425 3137 3488
4 1307 1302 1341 4385
4 3529 3638 2814 4188
4 3368 2519 4230 4444
4 2618 3735 3191 3853
4 3037 3237 2510 3280
4 71 63 2636 3918
4 3261 4093 3262 4241
4 1581 3312 1589 3496
4 1877 3688 1864 3691
4 1210 1220 1219 3444
4 2541 3523 2990 3952
4 2594 3784 3283 4188
4 2547 3886 3228 3965
4 2726 2798 3232 3398
4 2473 1337 1338 3029
4 823 827 364 3450
4 2648 3369 3368 4229
4 2062 3442 3544 4029
4 2557 2759 3108 3882
4 2775 3049 3487 4242
4 169 2974 3093 3551
4 1392 1406 1523 2935
4 2565 2524 2599 2639
4 3312 3394 3113 3496
4 2616 3170 3084 3184
4 1559 1558 1561 4219
4 1222 1213 1223 3241
4 1768 1779 2402 3391
4 2688 3603 4010 4386
4 2644 3279 3364 3853
4 2716 3748 2820 3800
4 2802 4113 3338 4211
4 2730 3313 2588 3626
4 2860 3822 2795 4117
4 1610 3465 1602 4301
4 2769 3566 3266 4422
4 2975 3608 3514 4039
4 264 279 262 3659
4 396 406 405 3052
4 2306 2307 2299 4184
4 202 204 205 3558
4 1517 1520 3033 4248
4 2807 3404 3025 3797
4 3509 3846 3196 3867
4 2594 3183 3773 3879
4 147 3099 3370 3533
4 3199 3953 2672 3955
4 2696 2880 3475 3562
4 2569 2657 2641 3162
4 1783 1782 1774 3750
4 2085 3165 2086 3821
4 2549 3518 4182 4327
4 493 3199 604 4091
4 1762 1761 1766 3338
4 2537 3569 3362 3704
4 2465 3251 2456 4116
4 2866 3942 3089 4065
4 2544 2993 3629 3907
4 1346 3774 1343 4397
4 411 3765 401 4145
4 2062 2078 2079 3544
4 1808 1819 2893 3675
4 3752 3961 2834 4244
4 2575 3427 3208 3902
4 2534 2684 2931 3457
4 124 163 173 2831
4 1676 1597 3617 4044
4 2667 3638 3183 4443
4 2803 2619 3218 3347
4 3388 3849 2630 3875
4 2511 2573 2648 3766
4 2724 3375 2566 4034
4 3275 4157 3169 4277
4 3041 3643 3513 3808
4 730 3761 3433 4025
4 777 3658 1006 3851
4 2664 3965 3885 4149
4 912 2956 921 4084
4 2520 2950 3490 3888
4 2557 2934 2759 3882
4 2121 2122 2374 3542
4 2569 3023 2638 3386
4 3152 3302 2939 3567
4 1452 4030 1450 4140
4 386 3052 394 3503
4 2537 3569 2891 4109
4 2707 2754 2546 4232
4 3055 3408 3262 3992
4 2690 3317 3207 3797
4 476 572 571 4360
4 2850 3010 3423 3889
4 2646 2563 3204 4158
4 2385 2369 2384 3911
4 1430 1418 3413 3834
4 2597 2958 2826 4284
4 3493 3945 3215 3946
4 1093 3138 1085 4067
4 2904 3088 2775 4344
4 1023 1024 1032 3912
4 2607 3025 2747 3404
4 2738 3216 3001 3792
4 1909 1923 1910 4178
4 914 928 3892 4075
4 3108 3121 2767 3449
4 3483 3593 2942 3997
4 1181 1173 3240 3933
4 1348 1359 3464 4107
4 1464 3412 3687 4344
4 1509 3033 1520 3407
4 2834 3961 3752 4337
4 2796 3125 3895 4407
4 2079 2063 2062 3544
4 339 354 3743 4252
4 2518 4171 3219 4375
4 2720 3626 3313 3965
4 702 3076 3921 4135
4 158 134 174 3783
4 2643 2941 3788 3915
4 2527 3440 2609 3718
4 592 3613 566 4133
4 2553 3395 2527 3952
4 3067 3348 3239 4024
4 2548 3051 3279 4169
4 702 3921 3739 4135
4 2545 2658 2606 2809
4 2605 3054 3294 3830
4 1561 3468 3109 4237
4 1603 3465 1611 4217
4 2583 3324 3623 4350
4 2965 3465 3332 3881
4 763 3737 762 3985
4 2575 3756 2645 4130
4 2550 2924 2774 3194
4 1591 3596 1590 4076
4 2919 3057 2753 4345
4 2647 2957 2762 3518
4 2616 3184 3084 3941
4 3426 3645 2762 4390
4 914 3892 3139 4075
4 511 510 3083 3580
4 2494 2966 3143 3200
4 2741 3303 2812 4130
4 2730 2759 2562 3012
4 2506 3547 3747 4312
4 56 65 3378 4292
4 126 101 89 4180
4 2892 3146 3606 3867
4 590 1413 1526 4000
4 2523 3726 3365 4071
4 1148 3114 1149 4105
4 2542 3479 3036 3857
4 2748 4254 3557 4273
4 2923 3705 3085 4197
4 3557 4254 2528 4273
4 503 496 498 3043
4 343 3434 347 3988
4 1026 1025 1010 3703
4 1401 3399 3521 3942
4 1259 1246 1255 4060
4 2968 2702 3250 3647
4 147 3215 3099 3533
4 656 658 617 4199
4 2628 2937 3707 3823
4 982 984 983 3530
4 3251 3674 3151 4074
4 2497 2519 3135 3449
4 3207 3992 2542 4330
4 1935 1837 1840 3094
4 932 3644 2800 3658
4 1003 1011 1002 3703
4 1012 1028 1027 3703
4 3042 3301 2736 3498
4 2916 3350 3080 4313
4 1659 1661 1635 4445
4 1143 1142 3628 3947
4 3218 3674 2825 4074
4 2963 4157 4216 4222
4 1574 3412 1464 4344
4 418 699 3765 4364
4 2599 2639 3022 3770
4 2702 3109 2822 3817
4 2626 3667 3363 4263
4 2500 3378 3744 4024
4 2959 3775 3284 4216
4 1787 3471 1792 4233
4 3250 3715 3109 3937
4 88 2901 3551 4389
4 2638 2530 2660 3568
4 571 473 476 4360
4 2999 3705 2923 4197
4 2595 3150 3055 3262
4 3152 3481 3461 4288
4 2951 3638 2685 4359
4 2949 3472 2512 4324
4 1011 1012 1027 3703
4 2504 3619 3447 3850
4 2497 3160 3547 4017
4 3264 2498 3551 4389
4 2993 2748 3467 3629
4 1334 1333 1327 4074
4 367 3798 3984 4124
4 2394 3341 2383 3391
4 2664 3319 3181 4418
4 2515 3081 3259 3416
4 1748 1747 1743 4052
4 2497 4017 3547 4444
4 2917 3838 3295 3877
4 2500 2529 3278 3358
4 875 893 894 4274
4 3138 3396 1093 3768
4 2620 3704 3362 4270
4 2431 2430 3419 4387
4 689 3887 688 4394
4 2713 2928 2899 3925
4 155 22 57 3200
4 2958 3277 3044 3491
4 2189 3573 2199 4419
4 2717 2952 4270 4375
4 2780 3758 3365 4259
4 2683 3347 2825 3569
4 86 3226 90 4023
4 2618 3191 3735 4441
4 2070 2922 2049 3175
4 2882 3643 3326 3969
4 3291 2642 3583 3684
4 2741 3302 3152 3481
4 2907 2743 3328 4014
4 83 3160 178 3226
4 2584 3499 3484 3790
4 2811 3253 2694 4368
4 1057 1055 947 4009
4 1025 1009 1010 3703
4 2902 3147 3884 4222
4 193 2535 200 3771
4 3168 3253 679 4193
4 1650 1652 1695 3695
4 3111 3252 721 3422
4 2128 2127 3428 3628
4 2618 3051 3191 3599
4 986 988 987 3530
4 3408 3597 2780 4093
4 2669 3525 2572 3956
4 2805 4087 3379 4436
4 1010 1002 1011 3703
4 2590 3525 3494 3793
4 2558 3297 3099 4388
4 2561 3237 3608 4062
4 2569 2530 2638 3023
4 2891 3480 3698 4436
4 2538 3164 3777 4440
4 795 3339 774 4118
4 2970 3522 3966 3972
4 2757 2663 3437 4207
4 3224 3275 2837 3884
4 1338 2474 3029 3405
4 1678 3690 1677 3934
4 2515 3409 3081 3992
4 2506 2524 3547 4312
4 1676 3617 3113 4044
4 1320 3738 1328 4074
4 1011 1012 3703 4038
4 2513 3245 3193 3744
4 1516 3424 1506 3694
4 2970 3972 3966 4290
4 3643 3808 3041 3969
4 2912 3534 2831 4240
4 3250 3653 1534 3715
4 2141 3429 2125 4100
4 2729 2839 3707 3837
4 782 3476 784 3491
4 2723 2815 2798 3943
4 2823 3402 2505 4303
4 2645 2812 3901 4130
4 1937 1938 3753 4178
4 2826 3452 2721 3682
4 2690 2787 2965 4163
4 3346 3419 2737 4387
4 2069 2047 2922 4012
4 1695 1652 1696 3695
4 2499 3146 2966 3916
4 2962 3457 2640 4213
4 643 642 634 3954
4 1988 1990 2021 4012
4 2766 3317 2607 4207
4 3033 3189 2637 4256
4 633 762 641 3985
4 604 1352 1350 1353
4 950 3721 966 4302
4 353 338 339 3743
4 2706 3151 3029 3405
4 420 872 412 3765
4 2582 2801 2792 3466
4 633 754 762 3985
4 544 4102 521 4384
4 2643 2852 3123 4310
4 1648 1694 1693 3695
4 2902 3128 3829 3884
4 2515 3478 3179 4221
4 2786 3071 2888 3795
4 2102 3172 2101 3852
4 1693 1646 1648 3695
4 3673 4029 1984 4100
4 1867 1866 1853 4083
4 2519 2497 3547 4444
4 3752 3778 2942 3983
4 2968 2702 3546 4116
4 2158 2157 2160 4105
4 3081 3164 2538 4158
4 3032 3555 3811 3854
4 2522 3067 3356 4047
4 2996 2499 3541 4112
4 56 3276 179 4047
4 2175 3104 2172 4099
4 2967 2834 3961 4256
4 706 3452 2897 3977
4 3156 2940 4149 4150
4 238 239 250 4147
4 2590 2874 2725 3780
4 2911 4113 2655 4211
4 2631 3048 2743 3481
4 2794 2978 2580 4119
4 135 137 3533 3946
4 2607 3479 3969 4207
4 2930 3003 2692 4153
4 123 3619 75 4292
4 2721 2718 2934 3923
4 3179 2980 3478 4246
4 2525 3096 3494 3793
4 3113 3394 2738 3496
4 714 717 3895 3921
4 2923 2672 3161 3991
4 2542 3601 3479 3857
4 201 3693 3067 4047
4 2578 2709 2708 2979
4 2806 1370 3299 3502
4 961 960 989 3222
4 1573 1572 1644 3712
4 2537 3347 3569 3704
4 2525 4119 2964 4391
4 2728 2749 3121 4432
4 1003 1011 3703 4038
4 2588 2859 3626 4079
4 2734 3148 3235 3824
4 1682 1693 1683 3210
4 2642 2909 3582 3583
4 2881 3149 2734 3824
4 1512 3233 3307 3407
4 1295 2487 1291 3864
4 3201 3668 141 4264
4 2644 3505 4040 4326
4 821 805 806 3764
4 2514 3370 3533 3990
4 804 796 805 4118
4 2663 2760 3441 3808
4 2649 2746 2571 3957
4 3716 3717 2509 4428
4 368 3798 367 4124
4 2022 2021 1990 4012
4 117 106 58 3850
4 3062 3223 2845 4105
4 2777 3500 3330 4239
4 2589 3482 2983 3627
4 3164 3857 3601 4265
4 1837 3455 1840 4411
4 338 315 339 3528
4 2678 3163 3136 3508
4 2728 2842 2630 3140
4 2553 2527 3439 3952
4 2643 3787 3641 4291
4 3195 3883 3197 4041
4 2858 4063 3572 4176
4 1251 1185 1177 3843
4 2602 3108 2718 3470
4 911 3602 3574 4075
4 2548 2933 3191 3237
4 1761 3643 3338 4176
4 3097 3119 2677 4233
4 803 802 794 4118
4 3234 3372 2782 3962
4 521 519 3580 4102
4 2756 2948 2717 4335
4 2651 2867 3550 4212
4 3016 3873 3583 3880
4 2546 3239 3238 3720
4 2815 2819 2656 3743
4 3408 3598 3597 4093
4 1818 1807 1808 3045
4 1822 1811 3097 3288
4 1064 1059 1065 4067
4 2718 3178 2830 4284
4 2120 2372 2119 3522
4 2545 2700 2675 4300
4 2914 3217 2948 4335
4 157 158 134 49
4 1155 3263 1194 3848
4 3569 3879 2891 4109
4 3553 2942 3778 3983
4 2762 2880 2810 3872
4 2644 3364 3279 3828
4 2497 3488 3425 4180
4 2594 2951 4166 4359
4 143 168 175 4043
4 3371 3596 2775 4104
4 2602 2718 3108 3882
4 2561 2612 2560 3266
4 2685 3083 3699 4311
4 2673 2968 2879 4061
4 1141 1110 1140 3432
4 2120 3024 2373 3522
4 3198 3973 2525 4183
4 2529 3348 2500 4024
4 1432 1550 1542 3998
4 2654 3597 3225 3866
4 1754 1736 1737 3326
4 2836 3499 3169 3893
4 144 3370 3099 4247
4 1603 1602 1610 3465
4 2684 3457 2534 3777
4 2765 3737 3543 3859
4 92 3160 3723 4181
4 3538 3715 3253 4275
4 2723 3322 3116 4015
4 3344 2668 3464 4410
4 2605 3054 2754 3294
4 2933 3803 2537 4422
4 2912 2610 3507 3877
4 937 3475 955 4038
4 225 230 233 3782
4 621 623 622 3277
4 2522 3771 2666 4126
4 758 3433 766 4203
4 1871 1858 1865 4295
4 1364 2806 1358 3774
4 2613 4230 4017 4444
4 70 131 142 4264
4 1677 3690 3617 3934
4 2172 2175 2173 3104
4 1492 3647 3762 4030
4 2567 3181 3483 4236
4 1293 604 1316 3199
4 2661 2875 2838 4441
4 2667 3043 3042 4443
4 1073 1087 1086 3014
4 3279 3803 3117 3815
4 2592 2951 2553 4215
4 950 3658 2800 4302
4 1711 1720 1713 3989
4 353 365 367 3984
4 2519 3547 2539 3747
4 973 974 3658 4302
4 3773 4096 2950 4263
4 1923 1935 1924 3928
4 2500 3276 3839 4011
4 965 997 761 3658
4 2556 3937 3817 4125
4 159 3366 2586 3517
4 1192 1183 1184 3508
4 770 771 3570 3737
4 2976 3498 3042 4186
4 2664 3856 3031 3885
4 3658 3851 2800 4302
4 2049 2922 2047 4012
4 928 947 931 3892
4 2395 2405 2396 3341
4 3070 4104 3483 4242
4 2648 2764 2555 3369
4 1504 1500 1513 3630
4 2862 3667 3183 4109
4 2873 2954 2678 3240
4 751 749 3126 4025
4 85 2587 87 3115
4 2741 3481 3102 4172
4 2678 3136 3240 3508
4 2937 3823 3339 4407
4 2765 3811 3555 3854
4 348 3144 347 3353
4 2527 2949 2986 4322
4 3601 3865 3016 3873
4 2497 3449 3369 4444
4 2722 2959 3635 4015
4 2828 2654 3537 4162
4 604 1353 1350 3346
4 1928 1931 3005 3890
4 3260 3031 3593 4236
4 2988 3158 2853 4155
4 638 646 3337 4193
4 2534 2603 2931 3683
4 2515 2840 3409 4086
4 2822 3462 3371 3961
4 193 178 3160 3226
4 2664 3319 2940 3856
4 2941 3592 3128 3829
4 2776 3677 3148 3678
4 1438 1463 3413 3687
4 2497 3135 3723 4180
4 3179 3180 2493 3202
4 113 4196 4292 4294
4 2876 3158 3017 3477
4 2881 4036 2951 4359
4 1966 3673 1041 3939
4 2938 3567 3520 3759
4 2222 4098 3821 4099
4 2879 3307 1486 3936
4 1201 1203 1202 3832
4 3137 3238 2512 3472
4 2904 3885 2688 3886
4 2572 3358 4354 4355
4 346 359 345 4173
4 714 3921 2920 3977
4 1624 1645 1623 3621
4 246 250 252 4123
4 1170 3372 1154 3962
4 2822 2967 3647 3796
4 2069 2068 3267 3966
4 1622 1572 1541 3621
4 860 412 872 4274
4 3199 3209 1316 3955
4 2511 3389 3388 3849
4 2077 2096 2097 3188
4 2555 2613 2579 3369
4 3096 3818 2517 3841
4 3351 3493 3215 3946
4 1121 3263 1119 3671
4 758 753 3433 4025
4 1358 1439 1433 4174
4 1140 3432 3206 3628
4 1223 1213 1214 3241
4 96 3723 3547 3980
4 2662 2714 2890 3069
4 944 3222 961 4075
4 1227 2227 2228 3296
4 2785 3323 3486 4042
4 49 134 157 132
4 2942 3752 3553 4244
4 183 2551 3067 3693
4 386 394 393 3503
4 1227 2228 1228 3296
4 123 113 4196 4292
4 2792 3500 2778 3679
4 3405 4074 3029 4206
4 2417 2409 2418 4003
4 3494 3525 2964 3793
4 2752 3855 3623 4055
4 2692 4321 3434 4405
4 3354 241 3435 3714
4 2079 3544 2078 4160
4 771 770 762 3737
4 2537 2891 3362 4109
4 626 3127 610 3908
4 886 885 3098 4390
4 1141 3628 1142 3947
4 3219 4171 3566 4422
4 3269 3465 1603 4217
4 2602 3228 2720 3313
4 2686 2843 3254 3518
4 3118 3168 681 4190
4 3720 3923 2726 4001
4 2689 4169 2839 4369
4 2097 2078 2077 3188
4 2933 3364 3279 3853
4 903 883 3321 4141
4 1157 1196 1198 3848
4 2663 3437 3210 3934
4 2996 2499 3343 3507
4 1222 1212 1213 3444
4 1867 3899 1880 4083
4 2822 3762 2967 3961
4 2940 3646 3993 4250
4 2773 2818 2578 3428
4 1888 1893 1894 3177
4 2547 3626 3320 3965
4 2518 3517 3122 3819
4 2551 3067 2495 4294
4 805 806 3764 3851
4 2730 2653 2865 3919
4 1862 1882 1870 4209
4 3553 3752 2942 3983
4 2959 3635 3858 4323
4 3033 3424 2898 3618
4 3067 3356 2615 4355
4 2812 3303 3374 3456
4 1078 3373 1076 3974
4 1134 1150 1149 3114
4 2563 3597 2654 3866
4 2664 3181 3319 3856
4 2757 3437 3308 4207
4 622 620 621 3277
4 2560 2682 2705 2991
4 2558 2725 2514 3375
4 2519 3746 2545 3747
4 2570 3192 3383 3994
4 2520 3888 3063 4096
4 2696 2745 2580 3562
4 2613 4017 3747 4048
4 1409 1744 1743 3095
4 495 442 439 3342
4 665 3887 689 4394
4 2722 2958 3277 3293
4 2672 3199 2914 3713
4 2849 3345 3058 4410
4 886 3098 2956 4084
4 3004 3118 799 4190
4 3216 3690 2760 3792
4 3566 3606 2966 3838
4 2626 3363 3846 4263
4 242 257 244 3230
4 2790 3054 2843 4255
4 2651 3126 4025 4212
4 2966 3295 2499 3541
4 2723 2925 3672 3943
4 1364 1365 2806 3774
4 415 408 416 3501
4 1948 3904 3455 3905
4 2593 2533 3402 4442
4 1329 3738 3251 4074
4 73 3447 2504 3619
4 3100 3321 2762 3645
4 3049 3468 3465 3881
4 2902 3884 3474 4398
4 464 465 467 4019
4 1089 3552 1097 4356
4 1867 1854 1868 3898
4 2718 3350 2916 3910
4 2510 2560 3143 3266
4 2093 2110 2109 3733
4 2752 3511 3623 3855
4 1819 3675 1835 3898
4 2787 2965 3881 4201
4 2891 3773 3698 4263
4 2561 3128 3592 4062
4 3347 3569 2619 4186
4 175 164 98 3202
4 1486 3307 2879 3630
4 2527 2949 4322 4324
4 2697 2888 2887 3333
4 3081 2538 3317 4158
4 2655 2911 3792 4113
4 2893 3164 2693 4265
4 120 3229 3725 4303
4 2643 3788 3485 3915
4 2708 3428 2979 4220
4 2635 3341 3106 3584
4 302 317 3731 4286
4 1102 1103 1124 3768
4 2578 2979 2708 3428
4 1830 3061 1831 3880
4 2570 2676 2846 2856
4 1155 1157 1156 3372
4 1273 2314 2315 4376
4 2655 3792 4063 4113
4 1484 1373 1368 4092
4 2583 2972 3623 3861
4 2812 2645 3008 3397
4 1081 1083 1082 3372
4 1357 3464 3502 3774
4 346 344 3731 4173
4 1210 1211 1220 3444
4 151 174 134 3783
4 232 231 2885 4088
4 1627 3025 1653 4168
4 2548 3051 3191 3279
4 3191 2902 3735 4441
4 3436 3978 2629 4182
4 2902 3592 2805 3829
4 873 422 892 3765
4 2069 2922 2088 3966
4 859 3321 871 4028
4 2736 3315 3301 4120
4 2756 3161 2914 4335
4 3065 3703 1002 3721
4 2707 3720 2726 4001
4 3274 3842 2622 4150
4 3369 3449 3368 4444
4 3368 4230 4229 4444
4 2592 2835 3015 4215
4 1227 3296 1228 3848
4 1590 1479 3371 3639
4 2663 2766 3437 4207
4 2527 2986 2609 4322
4 2882 3809 2663 3969
4 3148 3149 2881 3802
4 3135 3547 2497 3723
4 2767 3488 2551 4294
4 2690 2869 2847 3579
4 1627 820 821 3764
4 821 1628 1627 3764
4 1485 1486 3307 3936
4 404 397 405 3833
4 2906 3545 4251 4396
4 1339 3170 1341 4409
4 1826 3097 1811 3722
4 2839 2628 3339 3823
4 2699 3465 3269 4201
4 2571 2980 3577 4122
4 1132 3114 1148 3357
4 799 3526 3118 3570
4 3036 4251 3231 4330
4 2732 3053 2731 4392
4 415 408 3501 3833
4 2073 2982 2091 3175
4 1790 1791 1792 3471
4 2830 2832 2602 3982
4 3337 3591 2945 4040
4 2623 4402 3707 4437
4 3039 3944 1468 4245
4 1652 1654 1696 4168
4 972 1063 1066 3138
4 953 3065 969 3721
4 2968 3647 2967 3796
4 3262 3577 3055 3992
4 350 324 325 3649
4 3983 3994 3077 4350
4 2842 3422 3920 4269
4 718 717 3125 3895
4 2653 2730 3626 4379
4 1450 2879 1449 4140
4 2762 3426 2880 3436
4 2557 3108 2718 3882
4 2239 2270 2268 3134
4 2571 2752 4055 4337
4 2612 3130 2560 3143
4 59 131 70 4264
4 97 2507 3329 3786
4 2367 2362 2366 3931
4 2497 2767 3369 3449
4 3543 3949 632 4165
4 532 468 571 3609
4 2937 3851 3823 4407
4 3140 3602 3574 3981
4 1006 3851 3658 4302
4 2868 3076 3749 4135
4 1375 1384 1505 3576
4 3143 3266 2966 3566
4 70 142 148 2987
4 3290 3424 1496 3944
4 2598 3117 3463 3803
4 2586 3292 3122 3819
4 609 3026 3653 3738
4 436 435 3149 3235
4 1580 1579 1587 3822
4 2716 4017 2613 4048
4 2513 3535 3245 3744
4 2511 3121 3389 3849
4 2124 2981 2960 3733
4 1131 3357 1130 3768
4 1827 2783 1850 4082
4 1681 3617 1605 4217
4 2810 2762 3321 4390
4 2945 2813 3589 4159
4 915 2800 3644 3760
4 1199 1197 1227 3848
4 2634 4163 3797 4369
4 3865 3873 3601 4251
4 2760 2911 3513 3792
4 801 800 792 3570
4 209 2482 208 3891
4 2120 3024 3522 3966
4 3436 3872 2762 4131
4 729 3433 730 3761
4 2608 2849 2733 3221
4 3046 3754 3461 4347
4 3597 3866 2780 4259
4 2629 3561 2956 3562
4 2510 3038 3037 3728
4 1030 3349 2895 3912
4 2631 3461 3152 3481
4 972 1056 1063 3138
4 1394 3095 1395 4051
4 2966 3541 2499 3917
4 3465 3468 3332 3881
4 1142 2129 2130 3628
4 2130 1143 1142 3628
4 2509 3228 2602 3313
4 1137 1136 1128 3897
4 2584 3484 3485 3790
4 3017 3158 2876 3812
4 2690 2847 2965 4271
4 3183 3638 2744 4443
4 1156 1154 1155 3372
4 2697 2782 2698 3372
4 1371 3502 1366 4107
4 2751 2900 3836 4028
4 1790 3086 1780 3271
4 2832 2860 2688 3255
4 2759 2562 3012 3013
4 2944 3543 3737 3859
4 1953 1951 1952 3730
4 3343 3395 2912 3870
4 1500 3407 1513 3630
4 1293 3346 604 4091
4 3077 3983 3192 3994
4 1353 1350 3346 3419
4 2590 2877 3869 4034
4 1696 1654 1697 4168
4 1008 3721 3360 4302
4 761 3125 736 3658
4 1082 1080 1081 3372
4 3028 4402 2751 4437
4 2796 2905 3339 4203
4 1735 3001 1730 3513
4 2723 2758 3960 4406
4 2508 3117 3622 4171
4 1560 1563 1561 4237
4 2100 2101 3173 3852
4 2928 3328 2743 4014
4 2632 3152 2993 3461
4 2602 2609 2832 3228
4 2670 2960 2680 3306
4 2711 2794 2580 4119
4 2727 3750 3327 4265
4 394 404 403 4280
4 2784 2955 2764 3296
4 2814 3083 2685 3638
4 444 450 440 3286
4 2552 2886 2660 3642
4 648 672 671 4190
4 2757 2970 3024 3966
4 104 3361 2507 3786
4 2781 2806 3473 3651
4 2626 3667 3183 4018
4 2025 2024 3175 4013
4 3031 3886 3381 4149
4 2549 4182 3358 4327
4 2838 3145 2884 4398
4 1771 1770 3326 3327
4 3155 3932 2825 4186
4 2456 2465 1322 3251
4 265 3708 259 4308
4 2496 2927 3494 3728
4 2673 3546 3336 4140
4 3088 2904 3885 4010
4 2642 3865 3684 4251
4 2599 3115 2587 3367
4 2614 3819 3292 4021
4 1487 1452 1490 4030
4 2995 3862 2974 4069
4 2674 2563 2883 3840
4 3220 3521 2679 3942
4 3626 4014 2622 4150
4 2541 3439 3523 3952
4 3322 3555 3032 4427
4 2808 4162 3537 4172
4 2395 3341 2394 3889
4 3231 4271 3036 4330
4 2718 2916 3178 3910
4 2568 3775 3284 4144
4 646 670 669 4193
4 2785 2900 3450 3649
4 2497 3135 2519 3547
4 390 3672 389 3984
4 85 102 2587 4393
4 2854 2761 3324 3623
4 124 116 163 2831
4 2811 3168 4040 4193
4 113 128 4196 4294
4 3354 3435 3386 3714
4 2795 3394 3496 4064
4 109 58 106 3850
4 557 556 548 4151
4 1521 3406 1525 4032
4 2956 3139 913 3561
4 3722 4295 2910 4298
4 410 409 400 3943
4 383 382 373 4279
4 472 523 550 3209
4 2958 625 3491 3887
4 308 3649 325 4362
4 669 645 646 4193
4 1577 3088 1585 3603
4 2510 3122 2494 3967
4 673 770 791 4190
4 1044 1020 3779 4297
4 2541 2990 3275 3952
4 2786 3432 3206 4297
4 2197 2218 3309 4005
4 1496 3424 1507 4245
4 1953 1954 3730 3905
4 2612 3143 2560 3266
4 649 770 673 4190
4 3119 3722 1799 4233
4 3261 3446 2780 4241
4 3038 3037 3728 4167
4 3960 4405 3147 4406
4 671 647 648 4190
4 579 555 4151 4384
4 2088 2922 2089 3966
4 2586 3517 2917 4097
4 1941 3005 1839 4027
4 3627 4097 2687 4240
4 427 3287 426 3679
4 2595 2822 3070 3817
4 2690 2965 3334 4163
4 2714 3635 3069 4323
4 2668 2774 2737 2857
4 382 3091 373 4279
4 2683 3932 3569 4186
4 1334 3151 2470 3405
4 289 302 290 4286
4 2535 2613 2579 2820
4 637 3670 629 3949
4 1384 1515 1505 3399
4 1578 3822 3603 4117
4 3365 3726 2943 3778
4 337 336 3148 3149
4 2897 3452 3126 3761
4 2657 3435 2682 3714
4 2679 2570 3192 3575
4 3049 4104 3881 4242
4 2927 2496 3494 3533
4 3455 4026 1950 4253
4 3037 3514 3608 4039
4 1588 1580 1587 3822
4 3253 3591 677 4193
4 2126 1139 1138 3206
4 2858 3120 4079 4283
4 2616 3084 2803 4021
4 739 790 3154 3682
4 2561 3237 2933 4031
4 2509 3448 3135 3842
4 2817 3408 2761 4093
4 2690 2871 3797 4163
4 2024 2026 3175 4013
4 3093 3402 2995 3685
4 2980 3292 3179 3478
4 1850 1862 3650 4209
4 70 3245 2987 4011
4 2661 3237 2838 3608
4 3279 3364 2933 4228
4 83 103 3160 3706
4 2603 2712 3018 3616
4 2944 2765 3543 3859
4 2900 4106 4039 4329
4 201 4047 3067 4292
4 2785 3514 2657 3696
4 2637 3462 3260 4244
4 2698 3105 2573 4334
4 2429 1836 2427 3675
4 2993 3208 3203 4249
4 3275 3755 3697 4222
4 3319 3394 3320 4283
4 1352 1350 1353 3419
4 2827 2954 2600 3387
4 404 3833 413 4280
4 2648 2797 2615 4346
4 585 3516 3315 4384
4 2504 2552 3238 3447
4 2976 3498 2736 4384
4 1369 2806 1370 3576
4 2047 2045 2046 4012
4 2502 2990 2836 3499
4 804 819 803 4118
4 2497 3236 3160 4017
4 2772 3012 2562 3013
4 336 3148 3149 3235
4 2518 3819 3122 4171
4 2738 3690 3216 3792
4 3773 4166 4096 4359
4 3096 2927 3622 3728
4 2930 3281 2643 3641
4 1758 3572 1752 4176
4 718 725 3125 3658
4 1066 1063 1092 3138
4 2735 2684 2962 4370
4 730 3433 753 4025
4 3315 3516 1312 4223
4 2496 3245 3038 3979
4 1480 4030 2967 4256
4 2527 2912 3395 3500
4 1791 1803 1799 3119
4 2091 2108 2107 4154
4 3689 3749 2868 4280
4 2973 3382 3324 3863
4 3477 3914 2876 4189
4 3269 2847 3617 3924
4 2809 2606 4057 4058
4 530 3127 4078 4336
4 1348 1347 3345 3464
4 2781 2806 2593 4200
4 950 966 3658 4302
4 1367 1363 1362 3419
4 2785 3514 3300 4039
4 3156 4150 3381 4347
4 596 561 3492 4272
4 2569 2657 3514 3696
4 1129 1210 1219 3443
4 1999 1977 1978 3666
4 2590 2669 3525 4383
4 2723 3672 2925 4381
4 2939 3726 3758 4259
4 2013 2039 2014 4029
4 3089 3855 3588 4352
4 2627 3224 3275 3791
4 1273 2315 1274 4376
4 2886 3568 2660 3642
4 2673 2879 2876 4061
4 2581 2762 2810 3872
4 3142 3844 3670 3949
4 2902 3829 3128 4062
4 2864 2895 2623 3973
4 2562 3368 2578 4403
4 581 3155 557 3954
4 1314 1315 1320 3516
4 564 572 599 3609
4 97 2587 2901 3329
4 2623 2895 2864 3922
4 2539 3448 3135 3547
4 2780 3446 3758 3865
4 2067 2086 2222 3821
4 2785 2900 3649 4039
4 3090 3715 2787 4237
4 149 143 175 4043
4 725 735 724 3895
4 1138 2125 2126 3206
4 1381 3585 1380 3781
4 2592 2553 2835 4215
4 3209 3301 2914 3713
4 697 681 799 3118
4 2622 2743 3754 4347
4 2157 2158 4056 4105
4 2667 3879 3529 3932
4 1408 1742 1407 3095
4 3176 3221 3060 3299
4 569 3107 594 3420
4 1680 3680 1679 3934
4 1831 1832 1830 3722
4 1453 2481 1458 4234
4 3301 3315 2736 3498
4 904 3248 903 4390
4 238 250 3453 4123
4 2527 3439 2609 3440
4 400 390 2925 3672
4 444 451 2998 3991
4 2661 4039 2900 4106
4 2299 2298 2306 4184
4 3066 526 4078 4336
4 2887 3333 2888 4009
4 3128 3788 2941 3829
4 3322 3697 2568 3775
4 342 358 354 3556
4 327 3131 352 4042
4 2581 2762 3872 4131
4 2798 3550 3293 3734
4 2498 2995 3629 4254
4 2880 3248 2696 3475
4 3235 436 3804 3807
4 445 451 444 3991
4 2594 4143 3379 4166
4 2617 2586 3478 3637
4 1425 1426 1431 3834
4 3416 3577 3207 4246
4 742 744 743 3700
4 2530 2591 3506 4366
4 1562 1563 1560 4237
4 527 3066 526 4078
4 3332 3468 1609 4237
4 2995 3629 4254 4389
4 2808 3481 3048 3520
4 1340 3170 1339 4409
4 415 3833 3501 4319
4 310 311 327 3131
4 2936 4194 1660 4445
4 2595 3261 3752 4055
4 2795 2860 2664 3965
4 528 558 529 3420
4 2643 2884 2561 2991
4 2523 4071 3382 4073
4 662 660 661 3887
4 904 3248 2880 4084
4 2522 2739 2564 2926
4 89 3723 3361 4180
4 2867 3883 3197 4135
4 759 3433 733 3895
4 2602 3982 2718 4284
4 709 3739 3921 3977
4 782 664 665 3887
4 2471 2467 2466 4189
4 1509 1513 1500 3407
4 120 4175 2505 4303
4 2041 2016 2015 4029
4 2741 3102 3094 4172
4 268 276 261 4103
4 466 3209 3199 3713
4 2618 3735 3474 4441
4 1308 1310 3340 3941
4 461 512 466 3713
4 2417 2408 2409 4003
4 2642 3857 2693 3873
4 805 796 797 4118
4 2729 2623 2895 3973
4 2811 3168 3253 4368
4 929 3139 930 3561
4 2754 2755 3393 3607
4 2866 3724 3077 3855
4 2789 3019 2599 3329
4 678 693 677 3253
4 1316 3199 603 3209
4 3307 3630 3407 4061
4 887 3602 3098 3981
4 3049 2775 3596 4104
4 2507 3532 2539 3547
4 2868 3197 3076 4135
4 2802 3376 4113 4211
4 1613 1612 3712 4217
4 3143 3200 2740 3201
4 2743 2622 3274 4347
4 1178 3443 1099 3686
4 3089 3588 2866 4065
4 117 3850 3619 4196
4 2563 2646 3840 4158
4 334 3705 2999 4197
4 2155 2157 4056 4105
4 2626 2881 3824 4018
4 2576 3260 3553 3618
4 198 77 148 2987
4 3047 3382 3994 4350
4 1059 1058 3767 4067
4 3417 3550 2867 4212
4 2856 3624 3064 3702
4 3373 3512 2782 3686
4 2499 2996 3343 4112
4 2096 2095 3510 3989
4 2509 3228 2949 4324
4 2762 3436 2880 3872
4 2578 4229 3368 4230
4 25 81 88 3725
4 2412 3316 2420 3889
4 3448 3716 3135 3842
4 2847 3210 2869 3712
4 3117 2510 3622 4171
4 444 451 450 3286
4 3140 3602 3139 4075
4 2619 3218 2736 4335
4 1200 1198 1199 3848
4 2562 2749 3368 4403
4 2797 3163 2827 3314
4 2628 2937 2839 3707
4 2623 2729 2895 3707
4 2573 3105 2786 4334
4 2722 3044 3277 3811
4 3245 3956 3525 3990
4 948 3524 3040 3561
4 2618 3322 3555 3960
4 2275 2253 2252 3959
4 2664 3885 3031 4149
4 784 786 4008 4434
4 3091 371 3727 3988
4 2608 2753 2668 3176
4 2787 3881 3231 4201
4 2629 2686 3098 3978
4 3441 3809 3808 4211
4 2549 2762 3903 4131
4 2496 3668 3038 4046
4 3411 3722 2909 3880
4 2748 4273 3557 4428
4 3135 3361 2507 3723
4 568 3110 538 3613
4 2634 2729 2807 3404
4 718 932 725 3658
4 1762 1761 3338 4176
4 2848 3840 2828 4083
4 1196 1194 1195 3848
4 3269 3617 1597 4044
4 2809 4057 3871 4058
4 2555 2764 2613 3369
4 3024 2735 3306 3542
4 2567 3446 3684 4361
4 440 448 438 3287
4 553 577 3315 4384
4 1150 3114 1151 3223
4 865 3321 3645 4390
4 2669 2874 2590 3780
4 2822 3109 3647 4121
4 3198 3707 3385 3973
4 2383 3391 3341 3806
4 3535 3839 2987 4011
4 2560 3037 3514 3608
4 393 403 400 4279
4 183 3067 2551 4294
4 2143 2144 2127 3428
4 2714 3982 3439 4392
4 2583 3382 3324 4350
4 1653 3025 1627 4395
4 2584 3499 3169 3791
4 155 57 21 3295
4 2680 3087 3062 3573
4 698 892 422 3765
4 494 3043 3431 3948
4 2506 3706 2524 4022
4 2832 3228 2609 3563
4 3595 4255 862 4274
4 2611 3553 3752 4244
4 2735 2670 3024 3306
4 2778 3287 2792 3679
4 2078 3188 2097 4160
4 2627 2959 3697 4381
4 3283 3284 2961 4143
4 250 246 4088 4123
4 2629 3040 3561 3562
4 2811 2945 3438 3591
4 93 2585 3202 3825
4 739 778 740 4349
4 1105 1106 3265 3552
4 2885 221 4088 4225
4 2812 3008 3455 4253
4 2662 3284 3283 3384
4 2996 3541 71 4112
4 3219 3480 3362 3704
4 2015 2008 2007 4029
4 1504 1489 1500 3630
4 2795 3159 2588 4064
4 2864 2747 3539 3605
4 978 969 970 3065
4 109 67 58 3850
4 404 3052 3833 4280
4 803 794 795 4118
4 398 3501 3836 4028
4 3080 3350 2934 3938
4 2779 3235 3363 3554
4 1484 1502 1373 4092
4 56 179 189 4292
4 2558 2658 2725 3375
4 823 364 352 3450
4 3149 3235 3148 3824
4 2715 2677 3097 3274
4 2520 3063 3732 4096
4 3371 3762 1483 4121
4 2584 2695 3484 3499
4 2663 2847 3579 3809
4 266 253 267 4147
4 2745 2629 3512 3562
4 2664 3856 3885 4236
4 1332 1326 1327 4223
4 2576 3563 2788 3971
4 112 3229 120 3776
4 3343 3380 2836 4112
4 2930 2692 3145 4153
4 2800 2895 2750 4437
4 2477 3170 2988 3184
4 242 231 243 4282
4 195 3370 2526 4268
4 2722 3775 4144 4323
4 2562 3368 3108 3449
4 3199 3953 604 4091
4 1698 1699 1690 4315
4 2525 3728 3037 4391
4 2898 3424 3033 4248
4 2618 3091 2875 4321
4 2520 2892 3732 3867
4 3295 3507 2917 3877
4 2822 3109 2787 3817
4 3121 3720 3389 3849
4 2790 2824 2726 3422
4 2047 3267 2044 4012
4 2022 2024 2025 4012
4 3097 2715 3288 4233
4 2743 2632 3461 4288
4 2634 2729 3385 3837
4 2585 3202 2840 3259
4 3377 2715 4079 4192
4 2806 3299 2846 4200
4 2942 3070 3483 3997
4 2797 2955 2698 3234
4 2807 3118 2839 4369
4 394 403 393 4280
4 2629 3139 2887 4127
4 3358 3278 3744 4115
4 2772 3497 2562 3919
4 83 3226 103 3706
4 2938 3583 3520 3927
4 1329 1322 2465 3251
4 859 3645 3321 3968
4 2780 3866 3408 4241
4 3262 2761 3408 4093
4 286 300 288 4286
4 557 3155 556 4151
4 2510 3037 3280 3728
4 665 663 689 3887
4 1771 1770 3327 3750
4 2765 3044 3985 4041
4 2537 3569 3347 3828
4 1838 1947 3905 4318
4 3344 3464 3345 4410
4 2837 3275 3224 4277
4 2540 2629 3978 4182
4 322 323 3353 3669
4 1444 3936 1485 4092
4 2563 3081 3992 4158
4 718 3125 725 3895
4 2567 3483 3593 4236
4 2116 2100 3173 3852
4 758 3433 757 4025
4 862 3595 852 4255
4 734 733 758 3433
4 165 64 173 2996
4 2980 3292 2616 3654
4 2691 3270 3107 3440
4 1716 1710 1717 3267
4 2866 3588 3511 4266
4 656 3273 658 3970
4 2937 3349 2895 3764
4 1991 1993 4013 4059
4 2511 3389 3121 3766
4 247 263 254 3386
4 2427 2426 2429 2793
4 2760 3513 3001 3792
4 2351 2334 2258 3996
4 2028 1996 1998 3814
4 1761 1769 1766 3338
4 3031 3856 2664 4149
4 3042 3498 2736 4186
4 3479 3857 3164 4265
4 3077 3724 2659 4161
4 2562 3108 2759 3882
4 1025 3360 1009 3703
4 1073 3014 1061 3767
4 1714 1721 3216 3680
4 3326 3513 3041 3643
4 3147 3322 3960 4406
4 633 641 3543 3985
4 528 529 3066 3420
4 2569 3514 2705 4167
4 1585 1593 1586 3487
4 2730 3188 3510 3989
4 3034 3058 2672 4019
4 878 862 3282 3595
4 564 3609 600 4090
4 3591 4040 3337 4193
4 2682 2991 2884 3590
4 2854 3778 3752 3983
4 2545 2606 2658 3414
4 1600 1607 1608 3468
4 112 3137 3425 4296
4 1998 2030 2028 3814
4 2506 3226 3706 4388
4 2523 3726 4071 4073
4 2778 3500 3330 3679
4 600 3613 563 4090
4 2395 2404 2405 3889
4 3001 3216 1721 3975
4 438 448 447 3466
4 2845 2978 2794 3869
4 30 83 178 3226
4 2749 3020 2784 3628
4 2509 2949 3228 3229
4 1827 1850 1828 4082
4 2821 3759 3593 4139
4 2899 3177 2928 3532
4 2659 4129 3077 4161
4 2688 3088 3885 4010
4 3880 4162 3691 4298
4 1151 3114 1135 3897
4 2747 3025 2729 3404
4 2502 3238 3472 3523
4 499 3801 498 3948
4 1780 1769 3271 4187
4 1353 3346 2430 3419
4 2465 3151 3251 4116
4 623 662 664 3887
4 3039 2904 3639 3687
4 3168 2944 4040 4193
4 2509 3425 3135 3449
4 2652 2604 2793 3415
4 898 2956 887 3602
4 2569 2641 3696 4327
4 73 3447 3619 3850
4 2911 2760 3513 3808
4 2510 2560 3038 3143
4 3277 3844 3069 4323
4 185 3236 2551 3771
4 805 797 806 3851
4 2618 3555 3689 3960
4 2598 4228 3803 4371
4 2580 2829 2711 4382
4 1077 1114 1116 3947
4 2006 2005 2013 4029
4 1467 1474 1475 3944
4 2882 3969 3326 4265
4 3067 4047 3378 4292
4 1236 2235 2140 3816
4 2766 3437 3308 4168
4 88 3725 2901 4089
4 2796 3895 3125 3921
4 315 339 3528 4252
4 2802 3993 3646 4257
4 3168 3253 2871 4045
4 2693 3750 3045 4265
4 1080 3105 1081 3372
4 2829 3136 2782 3686
4 2741 3303 3302 4172
4 2577 2599 2524 2639
4 2944 3168 3004 4190
4 2510 4171 3117 4422
4 603 604 493 3199
4 2765 2905 3737 3859
4 138 3990 3370 4268
4 3304 3526 802 3570
4 1140 3206 2127 3628
4 87 3115 2587 3980
4 2166 2168 2209 3298
4 656 657 3273 3970
4 2563 3409 3081 3633
4 2872 3908 3844 4199
4 102 3264 2585 3825
4 2898 3089 2935 4248
4 1728 3975 1723 4290
4 3395 3500 2912 3870
4 3307 2879 3630 4061
4 2897 4212 3417 4364
4 2502 2836 2990 3523
4 1159 1158 3962 4262
4 3311 3290 3719 3944
4 3041 3975 1728 4290
4 2540 4182 4354 4382
4 2895 2937 2750 3707
4 1332 3217 3218 4206
4 2498 2995 2973 3862
4 109 116 2996 3380
4 2696 3065 3248 3922
4 3368 3369 2767 3449
4 2949 3137 2512 3472
4 2536 3461 3046 3754
4 2593 2846 2703 3575
4 1140 2127 2128 3628
4 1105 1097 1106 3552
4 2620 2892 3363 4430
4 2927 3533 3215 3946
4 439 432 430 3657
4 2964 4119 3525 4383
4 3253 3538 2694 3715
4 1542 1425 1432 3998
4 93 98 164 3202
4 1117 1115 1143 3947
4 528 559 558 3420
4 336 2999 3148 3235
4 702 3749 3076 4135
4 148 138 198 4268
4 1088 3974 3373 4356
4 2646 2828 3840 4083
4 405 3501 408 3833
4 2457 3250 2456 3251
4 2901 3401 3264 4389
4 2226 2244 2245 3959
4 2514 2725 2590 3375
4 2925 3549 400 3672
4 2544 3467 2994 3629
4 1698 1690 1688 4315
4 2976 2736 3516 4384
4 3555 3853 3051 4427
4 1100 3392 3138 3768
4 2566 2670 2971 3964
4 2901 4089 3725 4389
4 2777 2792 3500 4239
4 498 494 495 3948
4 2965 4077 3465 4217
4 1694 3210 1693 3695
4 2561 2612 3266 4031
4 2500 3839 3535 4011
4 2530 3278 2529 3393
4 2654 2883 2828 3537
4 1019 1043 1044 3779
4 949 725 932 3658
4 3587 3589 634 3954
4 2054 2031 2982 3175
4 2946 3346 2737 4387
4 731 3126 738 3682
4 2752 4337 3233 4352
4 872 420 422 3765
4 2640 2960 2735 3075
4 1118 1116 1117 3947
4 1930 1933 3247 3986
4 1044 1020 1019 3779
4 2627 2771 3224 3791
4 2383 3806 3341 3911
4 3088 2904 4010 4344
4 2854 3261 3365 4093
4 1586 1593 1594 3487
4 1625 3212 1626 4168
4 2637 3189 3039 3639
4 1829 1825 2783 3316
4 2648 2799 2764 3166
4 2736 3301 3042 3615
4 2756 3807 3161 4335
4 1758 3571 1757 3572
4 2584 3169 3499 3790
4 2676 2625 3625 3685
4 1432 3412 1550 3998
4 1649 1647 3212 3695
4 694 693 3253 4275
4 2673 3150 3796 4337
4 3108 3470 2602 4324
4 1017 1041 1042 3779
4 2682 2705 2657 3514
4 903 3248 918 3760
4 3169 2742 3888 4157
4 2647 2947 2762 2957
4 2722 3277 3142 3811
4 153 3668 3533 4264
4 3203 3726 2943 3759
4 1573 3712 1571 4077
4 2653 3448 2622 3805
4 2693 3411 3086 3873
4 864 865 3645 4390
4 2651 4025 2920 4212
4 2545 2613 2709 4230
4 744 3252 743 3700
4 2531 2545 3414 4300
4 2530 3193 3103 4024
4 2439 3477 3158 4189
4 1988 2932 1990 4198
4 3416 3818 3652 3945
4 2562 2759 2730 3882
4 2707 2889 2726 3232
4 2616 2803 3170 3654
4 3043 3301 3042 4380
4 3483 3070 4242 4396
4 2561 2991 2884 3608
4 3084 3217 2948 4409
4 1837 1838 1839 3455
4 789 790 788 3154
4 3482 3627 2589 3705
4 592 566 593 4133
4 3010 3423 2793 3665
4 956 3138 972 4038
4 2802 3338 4187 4211
4 1661 1636 1635 4445
4 2696 3248 2880 3872
4 691 690 675 3538
4 1393 1383 1385 3176
4 1449 1451 1452 4140
4 2398 2388 2387 3604
4 1728 1737 1736 3041
4 2542 3036 3479 4271
4 2734 2776 3148 3678
4 2500 3067 3348 4355
4 505 516 506 3745
4 2980 2701 3292 3478
4 2684 2893 3164 4095
4 2761 2854 4072 4093
4 2526 2669 2572 3956
4 148 77 70 2987
4 2645 3397 2812 4130
4 2715 3289 3288 3769
4 2708 2809 2606 4057
4 975 999 973 4302
4 2557 2718 3470 3923
4 2762 3458 3100 3968
4 792 793 801 3570
4 2442 3636 2446 3661
4 839 3458 848 3836
4 3158 4155 2439 4189
4 123 117 75 3619
4 2611 3077 3855 3983
4 1042 1018 1017 3779
4 3031 3648 3381 3886
4 2811 3253 3168 4193
4 753 751 3126 4025
4 3312 3496 3113 4044
4 3490 3789 2520 3888
4 1088 3373 1089 4356
4 2709 2809 2708 3454
4 3238 2512 3632 3720
4 2633 2864 2845 2978
4 2737 2857 3477 3600
4 2121 3306 2122 3542
4 2609 4322 3228 4324
4 2455 2465 2456 4116
4 2933 2769 4031 4422
4 1851 3061 3691 3880
4 972 956 1056 3138
4 62 3193 2740 3245
4 3501 3833 3076 4319
4 2714 3171 3186 3273
4 2618 2875 2868 3599
4 1469 1476 1477 3687
4 2858 3394 4113 4283
4 2594 3379 3773 4166
4 336 434 2999 3804
4 1480 3630 1488 4030
4 3070 3483 3997 4396
4 2944 3737 3543 4190
4 2960 2735 3075 3542
4 2528 2570 3402 3575
4 2812 2741 4130 4411
4 1647 1624 1625 3212
4 2590 2669 2514 3525
4 2965 3332 2787 3881
4 632 3543 640 3949
4 3018 3840 2848 4083
4 2927 3096 3494 3728
4 3231 3881 4314 4396
4 2775 4242 3487 4418
4 2602 3439 3982 4392
4 1989 1991 4013 4085
4 3056 3233 3017 3585
4 1507 1506 1517 3424
4 1364 2806 1369 3576
4 3138 3475 3040 3562
4 1833 1830 3612 3898
4 1568 1539 1540 4077
4 1149 3223 2136 4105
4 3215 3945 2927 3946
4 2519 3497 3746 3919
4 2598 3660 3815 4368
4 1631 3159 1615 3285
4 2427 2421 2426 2793
4 160 3202 3180 4221
4 2518 3122 3566 4171
4 2537 3480 3219 3704
4 2088 2089 2105 3966
4 2760 2911 3792 3808
4 3169 3275 2742 4157
4 2718 3178 3154 3910
4 1791 1803 3119 4224
4 1319 1314 1320 4223
4 2503 3706 86 4023
4 1392 2935 1523 3399
4 2614 3463 3292 4171
4 2540 3540 3254 3978
4 435 3235 436 3804
4 2508 3622 3122 4171
4 698 3111 892 3765
4 1329 1328 3738 4074
4 3309 4005 2218 4080
4 2751 4106 3707 4402
4 1358 2806 1364 3651
4 599 572 598 3609
4 3049 4076 3596 4301
4 543 3127 3587 4078
4 3118 3334 697 4045
4 1336 4206 1340 4409
4 2663 2882 3808 3809
4 3083 3745 3699 4311
4 3218 3347 2825 3674
4 2019 1699 2021 4012
4 2760 3441 3690 3934
4 3065 3475 937 4038
4 616 3844 629 3908
4 2785 3649 2975 4039
4 1583 1576 1575 4344
4 2659 3724 3624 4161
4 2499 3295 3838 3877
4 2523 3467 3382 4404
4 393 400 390 4279
4 2586 2617 3292 3819
4 2837 3789 3788 3829
4 2863 2935 2679 3399
4 2869 2690 2965 3334
4 1584 3088 1576 4010
4 2633 3841 3793 4034
4 2522 2564 3356 4346
4 2077 3188 2061 3989
4 2982 3306 2680 3733
4 3555 3854 3051 3859
4 1439 1440 1434 4174
4 1595 4285 1594 4301
4 2605 3131 4111 4173
4 2650 3780 2596 4325
4 1991 4059 4013 4085
4 3261 3262 2854 4055
4 371 360 3727 3988
4 2535 2613 2716 4017
4 827 3450 3059 3458
4 113 4292 182 4294
4 688 689 663 3887
4 2905 3570 3339 4203
4 962 961 991 3813
4 2792 3085 2777 3679
4 2629 2887 3512 3540
4 1574 1464 1471 4344
4 329 334 333 3705
4 2726 3232 2889 3398
4 691 3653 3538 3715
4 2760 3690 3441 3792
4 2697 3372 3105 3373
4 3142 3949 3670 4326
4 3210 2847 3441 3617
4 2659 2855 2918 3624
4 2733 4397 3221 4410
4 1406 3089 2935 3942
4 508 520 514 4102
4 3543 3737 2765 3985
4 2222 2067 3821 4098
4 2635 3002 2772 3173
4 2522 3356 3067 4355
4 2837 3788 3128 3829
4 4096 4263 3773 4359
4 1908 1887 1902 3177
4 2747 2932 2670 3141
4 713 716 3452 3977
4 2779 2999 2923 3804
4 2839 2689 3004 4169
4 2582 2543 2792 4170
4 442 436 431 3431
4 1312 3516 1314 4223
4 2813 3283 3127 4159
4 805 797 3851 4118
4 313 3003 343 4252
4 2625 2550 2753 3565
4 1768 3377 2393 3931
4 2751 3028 3100 4028
4 3037 3608 3237 4039
4 1478 1479 3639 3762
4 1739 1748 1743 2489
4 325 3649 324 4362
4 1864 1863 3691 4298
4 2749 3206 2786 3628
4 184 3488 3236 4181
4 3361 3717 2501 3725
4 1886 1885 3925 4338
4 1078 1080 1090 3373
4 2523 3324 3382 4071
4 2594 3784 3379 4143
4 2688 2878 2788 3563
4 2362 2112 2111 3806
4 2553 2592 3395 4148
4 3376 4187 2802 4257
4 2597 3293 2958 3635
4 2707 3232 2726 3720
4 2858 3646 3993 4283
4 638 637 629 3949
4 2815 3672 3398 3943
4 2626 3824 2734 3846
4 1953 3729 1952 3904
4 3388 3389 3239 3720
4 2621 2668 3344 3345
4 2750 3125 3823 3851
4 2527 2949 3472 3776
4 631 632 640 3949
4 341 346 344 3731
4 2818 3428 2773 3429
4 1517 3033 1507 3424
4 2721 2824 2726 3923
4 1101 1123 1122 3768
4 2519 2562 3448 3449
4 639 631 640 3949
4 2548 3191 3051 3599
4 2611 2898 3618 4244
4 2882 3479 3809 3969
4 739 738 790 3682
4 2120 2119 2105 3966
4 2795 2664 3320 3965
4 1835 1854 1834 3898
4 2693 3164 2893 4095
4 642 3438 666 3954
4 2964 3300 3979 4391
4 2624 3862 3702 4053
4 638 629 630 3949
4 3086 3611 1790 4224
4 3425 3488 121 4180
4 544 521 546 4384
4 876 874 875 4274
4 2747 2864 2729 3349
4 3089 3406 2898 4352
4 371 3503 3091 3727
4 2967 4030 3630 4256
4 1528 684 3410 3835
4 3557 4273 2528 4428
4 2091 3175 2982 3306
4 3205 3534 2912 4439
4 3113 3617 3924 4044
4 115 89 3361 4180
4 3784 3785 2961 4159
4 3086 3271 1790 3611
4 1040 3939 1016 4358
4 2670 2735 3963 3964
4 2693 3601 3164 4095
4 2504 3238 3619 3850
4 2876 3307 3233 4061
4 619 617 658 4199
4 1928 3005 1940 3035
4 2893 3045 2727 4265
4 2538 3317 3164 4440
4 2548 3280 3198 3385
4 1806 1815 1803 4224
4 1517 3033 3424 4248
4 3539 3666 1999 3814
4 2808 3225 3927 4162
4 3226 3692 3099 4388
4 2998 3085 2923 3627
4 1143 1115 1142 3947
4 2226 2245 2227 3959
4 2823 4175 3725 4303
4 2542 3992 3207 4158
4 585 3315 577 4384
4 2943 3778 3726 4073
4 1568 4077 1566 4275
4 2512 3389 3137 4296
4 3147 3697 3322 4406
4 2845 3062 2971 4034
4 822 821 3764 4395
4 335 328 331 3148
4 2947 3059 2647 3450
4 2821 2943 3203 4073
4 3365 3726 3598 4259
4 2506 3706 3547 3980
4 1941 1940 3005 3035
4 2730 2562 2772 3012
4 2892 3196 3846 3867
4 2558 3099 2521 3692
4 2019 1690 1699 4012
4 1368 3419 1362 4092
4 634 635 643 3954
4 1023 3360 2895 4302
4 56 189 65 4292
4 2022 2025 2023 4012
4 1496 1474 3290 3944
4 1737 1755 1754 3326
4 725 3125 736 3895
4 1043 3779 1968 3820
4 1461 3250 1534 4219
4 3119 3120 2802 3993
4 1465 1474 1467 3944
4 1349 492 491 3346
4 687 3273 3171 3887
4 338 316 315 3528
4 156 3093 3534 4175
4 1109 3432 3795 4297
4 1730 3001 1735 4305
4 3277 3844 3142 4165
4 2637 3189 3639 3762
4 1819 3045 2893 3898
4 3389 3720 3388 3849
4 3179 3478 3577 4246
4 1019 3779 1020 3813
4 1200 1201 3832 3848
4 1090 1089 1078 3373
4 2761 2854 3262 4055
4 2573 2786 2728 4334
4 3664 3495 4397 4410
4 3196 3509 3482 4429
4 159 2586 160 3180
4 2581 3198 4039 4391
4 3140 2841 3602 3981
4 2701 2980 2571 3478
4 2169 2167 2140 3816
4 2178 2151 2150 4220
4 394 3503 3052 4280
4 726 720 727 3452
4 2236 2264 2262 3816
4 103 96 3160 3980
4 709 3739 702 3921
4 1334 1327 1328 4074
4 2189 3243 2188 3573
4 2961 3784 3379 4087
4 2607 3969 2970 4207
4 640 641 649 3737
4 1904 3560 1919 3890
4 2620 2518 3219 4375
4 2576 3563 3575 3886
4 1708 1709 1707 3027
4 2520 4423 3867 4424
4 1122 1100 1101 3768
4 3697 3755 3147 4222
4 3260 3462 2942 4244
4 2602 2609 3228 4324
4 845 840 836 2947
4 3083 3580 510 4102
4 1372 3781 1371 4107
4 2549 2762 2686 3518
4 504 513 3301 4380
4 2494 3201 3200 3967
4 2498 2994 2973 2995
4 1083 3105 1120 3263
4 1433 1354 1358 3651
4 762 763 771 3737
4 169 2516 3093 4069
4 2726 3720 3232 3923
4 3385 3707 3198 3837
4 1104 1103 1095 3552
4 2973 3325 3324 3382
4 1968 3820 3673 4100
4 3434 3556 343 4252
4 2854 3623 3983 4055
4 435 336 3149 3235
4 1574 1471 1582 4344
4 2959 3858 3284 4323
4 3091 2618 3960 4321
4 1999 3539 1977 3666
4 2620 3482 2983 4270
4 3275 3697 2568 4222
4 1736 3041 1737 3326
4 2749 2728 3071 4432
4 621 3277 620 4199
4 1654 1656 1697 3308
4 2497 3547 3160 3723
4 3567 3758 2939 3759
4 2769 3916 2941 4031
4 1140 2128 1141 3628
4 2669 2873 2590 3124
4 2707 2656 2889 3232
4 2838 3353 2975 3669
4 2512 2541 3523 3632
4 1628 1627 3764 4395
4 1746 2919 2918 3701
4 2597 2726 2798 3232
4 2522 2739 2827 4054
4 2594 3638 3529 4188
4 2780 3598 3365 4093
4 2949 3523 3472 4324
4 3200 3295 2966 3541
4 1628 1655 1653 4395
4 2611 3553 3192 3983
4 2551 3236 2555 3771
4 179 4047 189 4292
4 1053 1037 1130 4094
4 2846 3399 3299 3576
4 964 3892 3795 4009
4 1971 1987 1657 4395
4 2758 3556 2819 4381
4 2987 142 3990 4264
4 3512 3436 4182 4382
4 937 921 938 3475
4 3164 3317 2542 3479
4 906 892 3111 3422
4 2875 3144 2838 4441
4 2805 3364 4087 4436
4 3555 3051 3854 4427
4 2494 3783 3201 3967
4 498 3801 3043 3948
4 1825 1827 1828 4082
4 2610 3507 170 4240
4 2906 4251 3865 4330
4 503 454 496 3807
4 1051 1035 1036 4094
4 2916 2936 2588 3159
4 743 3252 728 3700
4 2665 3484 2851 4146
4 511 510 507 3083
4 2657 2785 3323 3486
4 2633 2845 2971 4034
4 2333 2335 2336 3996
4 305 304 3145 4153
4 2353 2288 2296 3748
4 3170 4385 1341 4409
4 3035 1915 3890 4185
4 2536 2908 2632 3754
4 3588 4032 1410 4065
4 2375 2374 2122 3542
4 3197 3883 2796 4135
4 2781 2801 2691 3270
4 1512 1504 1513 3307
4 3087 2606 3469 4058
4 2955 3234 3166 3832
4 837 2947 836 3359
4 750 3491 748 4008
4 2029 2026 2028 3175
4 3216 4194 3001 4305
4 62 3245 2740 4046
4 1762 3571 1758 4176
4 1757 3572 3571 4142
4 626 3589 3127 3908
4 438 3287 448 3466
4 2977 3360 2770 3922
4 2528 4322 3229 4428
4 797 3851 796 4407
4 2906 3865 3446 4241
4 3490 3888 2950 4157
4 2563 3408 2817 3597
4 3086 3119 2909 4224
4 3192 3383 2821 3648
4 1106 3552 1098 3686
4 2902 3191 3735 3853
4 1694 3695 3437 3934
4 1157 3372 1155 3848
4 2024 2025 4012 4013
4 2560 3237 3037 3608
4 2802 3376 3646 4113
4 2561 2933 3592 4031
4 547 3587 548 4151
4 3915 3916 3485 4146
4 1682 3210 1683 3934
4 3141 3175 2026 4013
4 2990 3523 2541 3632
4 1789 3316 2412 3391
4 371 372 3503 3727
4 2582 2527 3205 3718
4 2736 2825 3516 4223
4 3488 4180 2497 4181
4 3361 3723 3135 4180
4 1793 1790 3271 4414
4 2807 3118 3334 3621
4 2620 2779 3196 3482
4 2586 3819 3517 4097
4 2642 2909 3583 3873
4 1788 1801 1802 3769
4 2575 3303 2812 3901
4 1927 1932 1929 3035
4 2527 3380 3205 3776
4 3549 3689 2925 4280
4 2632 3006 2789 3527
4 440 427 441 3287
4 3033 3407 3406 4248
4 1054 3040 3524 3767
4 2939 3567 3225 3758
4 667 3438 643 3591
4 367 355 353 3743
4 3081 3409 3259 3633
4 2940 3856 3319 4250
4 520 545 3498 4102
4 2825 3026 2683 3155
4 2687 3631 3627 4240
4 2659 3860 2816 4129
4 2505 2831 3205 3534
4 479 3495 3664 4365
4 2507 3547 3135 3723
4 2538 3404 2607 3964
4 2530 3393 2529 4287
4 1479 1478 1482 3762
4 2503 4023 86 4304
4 3036 4201 3231 4396
4 1649 3212 1625 4168
4 424 3076 423 3833
4 1510 3033 1509 4256
4 757 756 4025 4203
4 2769 3480 2892 3606
4 582 583 574 3209
4 3016 3601 3204 3865
4 1198 1159 1157 3848
4 2510 3117 3280 4422
4 2692 3474 4321 4405
4 133 192 181 3370
4 2528 3381 3228 4428
4 2959 2723 3734 4015
4 337 3149 3148 3802
4 2509 4296 3108 4324
4 3854 4040 2944 4326
4 3072 3107 3403 4133
4 2570 2528 3402 4254
4 1719 1718 3078 4305
4 2509 3135 3716 3842
4 2630 3254 3540 3978
4 1584 1576 1583 4344
4 2945 3337 3505 3670
4 2517 3457 2566 3777
4 3004 3859 2905 4169
4 2657 2705 2682 3435
4 1146 1130 1131 3357
4 465 3034 3713 4019
4 2751 4329 3028 4437
4 1924 3094 1919 3560
4 2563 3633 3081 3840
4 3126 3682 731 3761
4 1931 1924 1935 3094
4 1160 1162 1174 3163
4 3280 3622 2510 3728
4 2512 2557 3108 3470
4 2617 2687 3637 4006
4 2770 2895 2800 4437
4 679 3253 3168 4045
4 1078 3105 3373 3974
4 2089 2106 2105 4154
4 1767 3377 1757 3571
4 2527 2986 2949 3776
4 2882 3809 3479 3857
4 1795 1804 1790 3611
4 1528 3255 1527 4386
4 178 188 30 3226
4 2219 2196 2188 4005
4 1980 3080 1981 3939
4 3697 3775 2959 4216
4 1941 3005 1931 4411
4 2787 3231 3817 4125
4 1889 1877 3537 4204
4 1680 1684 1685 3934
4 2620 2892 3196 3363
4 2413 2420 3423 3889
4 1694 3210 3695 3934
4 2730 2759 3012 3080
4 2538 3416 3207 3818
4 2452 3936 2453 4092
4 2578 3368 2749 4403
4 2620 3362 3480 4430
4 3055 3262 3150 3577
4 2618 3735 3322 3960
4 1598 4076 3371 4121
4 2749 2784 2578 2818
4 2054 2982 2055 3175
4 3438 3589 2945 3954
4 931 947 3524 3892
4 2797 3234 3163 3314
4 406 3501 3052 3836
4 2538 2634 3404 3818
4 347 3144 348 3988
4 2971 3964 2633 4034
4 1775 3327 3522 3709
4 973 998 974 4302
4 2661 3191 3599 4441
4 2583 3077 3994 4350
4 1530 3255 1529 4341
4 2108 2092 2109 3733
4 3040 3475 3138 3561
4 729 730 731 3761
4 3308 3437 2766 4207
4 3056 3585 3017 3600
4 504 3043 3801 4380
4 1802 1789 1788 3769
4 1479 1482 1483 3762
4 2711 2580 2794 2829
4 2513 3245 3535 3979
4 2716 2535 4017 4048
4 709 710 714 3921
4 2779 3363 3196 3554
4 1370 3299 1376 3576
4 3064 2679 3192 3994
4 1522 3233 1521 3421
4 3169 2520 3789 3888
4 2825 2736 3516 4186
4 1686 1685 1696 4315
4 2556 3207 3055 3577
4 2951 3384 2685 4188
4 2822 3796 2702 3817
4 2541 2959 3635 3858
4 3038 3958 2560 4167
4 2070 3175 2071 4154
4 3248 3922 2770 4437
4 3269 4201 3465 4217
4 2254 2246 2253 3959
4 2139 3816 3298 3897
4 2859 3377 2653 4079
4 2920 2651 3883 4025
4 3073 3303 2704 3374
4 76 173 64 2996
4 570 3420 527 3699
4 3049 3468 3881 4104
4 2672 3034 2998 3058
4 956 3040 1056 3138
4 3224 3884 2930 4433
4 2563 3204 3408 3866
4 2630 3849 2728 4334
4 2029 2027 2026 3175
4 1509 1520 1519 3407
4 2828 2646 3016 3061
4 2251 2252 2244 3959
4 2628 3707 4106 4402
4 628 3589 627 3908
4 2697 3512 2887 3540
4 2998 3034 2791 3058
4 3201 141 4046 4264
4 2028 3175 3141 3814
4 1656 1698 1697 3308
4 2065 3174 2041 4029
4 1830 3411 1816 3612
4 173 2996 163 3507
4 2777 3627 3482 3705
4 2494 3295 3200 4134
4 1323 2457 2456 3251
4 2874 2725 3780 4325
4 702 3739 3749 4135
4 2558 3099 3692 4388
4 645 3337 646 4193
4 1695 3437 1694 3695
4 2525 3198 3037 3280
4 2119 2104 2105 3966
4 1013 1012 1004 4038
4 322 3353 3145 3669
4 2505 3534 3093 4175
4 3253 3715 3090 4275
4 2365 2369 2370 3911
4 1197 3848 1195 3987
4 714 717 723 3895
4 2895 3764 3349 3851
4 770 3570 3004 3737
4 3150 2571 3577 4122
4 2644 3051 3853 4427
4 3102 3153 3481 3890
4 3038 3143 2740 4046
4 2745 3138 3040 3562
4 1333 2474 1338 3405
4 2700 3341 2635 3584
4 2572 3839 3358 4355
4 2581 2810 2762 3100
4 2906 3545 3684 4251
4 1406 2935 1401 3942
4 2809 3469 2606 4058
4 153 141 3668 4264
4 2496 3038 3245 4046
4 921 938 3475 3561
4 731 3682 727 3761
4 2754 3294 3054 3995
4 3042 3043 2667 3615
4 2714 2830 3171 3273
4 2724 2877 2725 4034
4 2588 2916 2730 3079
4 3225 3865 3016 3866
4 806 822 821 3764
4 2959 3775 3697 4015
4 2706 3151 3674 4074
4 2273 2251 2154 3352
4 1094 3396 1093 4067
4 2620 4270 2518 4375
4 2893 1809 3675 3736
4 2609 4324 2602 4392
4 2694 3653 3250 3715
4 2541 2714 3635 3982
4 138 186 198 4268
4 1737 1738 3972 4290
4 2035 4056 3309 4080
4 152 145 3215 4023
4 1929 1914 1927 3035
4 2628 2839 2905 4169
4 3044 2765 3811 4041
4 1174 1173 1160 3163
4 2069 3966 3267 4012
4 238 250 246 4088
4 798 806 797 3851
4 3180 3202 168 4043
4 1120 3105 1118 3263
4 2622 3842 3274 4347
4 2138 3298 3223 3897
4 1333 1332 1327 3218
4 2662 3284 3858 4323
4 1704 1701 1675 3216
4 3158 3336 2853 4155
4 3505 3785 2961 4087
4 2405 3584 3889 4114
4 1186 3443 1178 3933
4 1567 1610 1609 3332
4 3382 3467 3325 4404
4 2770 3721 3248 3760
4 2652 2712 3827 4213
4 389 3398 379 3984
4 2999 3677 3554 3705
4 2370 2371 2117 3852
4 2502 3380 3850 4112
4 241 240 3354 3435
4 2771 3787 3185 4433
4 641 762 3737 3985
4 3336 3936 2879 4140
4 1787 1777 3471 4192
4 2702 2694 3250 3937
4 3200 3201 61 4046
4 3131 4111 2647 4327
4 1367 1362 1368 3419
4 2860 3285 2795 4110
4 2871 3253 3168 4368
4 638 3337 3949 4193
4 3037 3300 3979 4167
4 2839 3004 2905 4169
4 1373 3781 1368 4092
4 2920 3921 2796 4135
4 2735 3457 2684 3777
4 3139 3524 2887 4127
4 3543 3949 3142 4326
4 3885 3965 3886 4149
4 3043 3431 2744 4018
4 2623 4329 2751 4437
4 2494 3143 2510 3967
4 758 733 759 3433
4 1565 1567 1609 3332
4 2696 2880 3562 3872
4 3625 3702 2624 3862
4 367 355 3743 3798
4 810 3154 789 4434
4 1723 1715 1716 3027
4 169 3093 162 3551
4 1393 1383 3176 3874
4 3047 3383 3382 4073
4 82 3551 3264 3825
4 95 91 2901 3551
4 3076 3833 3501 4402
4 2611 3752 3553 3983
4 2729 2895 2864 3973
4 2512 4296 2949 4324
4 2554 2499 2983 3877
4 3243 4057 2606 4058
4 2702 3796 3150 3817
4 3365 3598 2780 4259
4 3077 3623 3511 3855
4 2971 3062 2724 4034
4 3147 2568 3697 4222
4 2276 2254 3959 4328
4 159 3180 157 3783
4 273 4208 271 4286
4 2563 3408 3597 3866
4 770 3737 3004 4190
4 2997 3517 2494 3783
4 2586 3179 3478 4221
4 50 168 143 3180
4 1790 3471 3086 4224
4 3017 2876 3233 3812
4 2878 3410 3053 4392
4 1053 1978 1977 4094
4 1052 1053 1977 4094
4 2951 4191 2553 4215
4 2922 2932 2757 4198
4 1099 3443 1107 3686
4 2612 2991 2852 3915
4 3348 3388 3254 3875
4 2869 3334 2965 3712
4 1572 3334 3712 4077
4 2937 3339 4118 4407
4 1681 1613 1692 4217
4 3153 3890 3102 4204
4 1611 1612 1604 4217
4 2595 3462 2822 3961
4 2965 3465 3881 4201
4 2604 2539 2681 3157
4 3070 3261 2595 4314
4 716 3761 3452 3977
4 2460 2459 2467 4189
4 1452 1450 1449 4140
4 2921 2715 3377 4192
4 1521 1511 1512 3421
4 2538 2607 3317 4440
4 630 629 3844 3949
4 2537 3803 3219 4422
4 2767 3137 3389 4296
4 2858 3993 3120 4283
4 2709 2708 2979 3454
4 166 3551 3093 4175
4 2646 3016 3061 3873
4 2623 2895 2770 4437
4 2773 3104 2708 3821
4 3179 3577 3416 4246
4 2537 2891 3569 4436
4 2735 2970 2607 4440
4 2501 2536 3046 3716
4 1132 3768 1124 3896
4 1466 1434 1440 4174
4 2809 2708 3454 4057
4 2821 3383 3047 4073
4 2692 3145 3474 4398
4 2898 3855 3089 4352
4 2662 2872 3284 4323
4 2929 3418 3924 4435
4 1818 3612 3045 3898
4 2802 3582 3993 4257
4 340 318 3528 3731
4 1584 3596 3088 4344
4 2584 3790 3789 4277
4 2584 2885 2771 3787
4 2514 2669 2590 3780
4 2519 3135 3448 3547
4 1322 3251 1329 3738
4 2775 2904 3260 3885
4 2655 3319 3394 4435
4 3179 3202 2493 4221
4 255 3641 272 4282
4 1199 1201 1200 3848
4 2611 3618 3553 4244
4 2942 3553 3260 4244
4 3239 3388 2546 4287
4 2542 4251 3036 4330
4 3027 3975 3041 4290
4 3069 2872 3844 4199
4 3307 3407 3233 4061
4 2228 3296 2227 3959
4 2598 3347 2683 4228
4 2677 3582 3291 3993
4 3417 4145 2897 4364
4 1016 3132 1017 3530
4 124 76 109 2996
4 937 920 921 3475
4 3089 3588 4032 4352
4 1605 3617 3269 4217
4 2586 2917 3366 4097
4 2995 2973 3862 3863
4 2573 3849 3875 4334
4 2646 3840 3018 4083
4 1556 1580 1581 3822
4 2764 2648 2784 4229
4 2744 3638 3183 4359
4 1056 3138 3040 4067
4 2564 2579 2555 2804
4 3045 2693 3611 4414
4 2715 3120 3993 4150
4 931 3524 3139 3892
4 113 123 182 4292
4 2798 3550 2723 3943
4 2654 2883 3537 3560
4 2532 3366 3637 4221
4 500 502 3948 4311
4 3099 3215 145 4023
4 2715 3274 3097 3288
4 2616 3654 3292 4021
4 2646 2563 3840 3866
4 3337 3670 637 3949
4 2522 2564 2666 3771
4 2690 2965 4201 4271
4 1196 1195 1197 3848
4 661 663 662 3887
4 2769 3480 3219 4422
4 3446 3865 2780 4241
4 3479 3601 3164 3857
4 782 665 783 3887
4 2745 2580 3512 4382
4 2370 3852 2365 3911
4 2518 2620 3219 3606
4 2960 3075 3604 4340
4 2690 4201 3231 4271
4 441 3085 443 3286
4 1993 1994 4013 4059
4 2096 2112 2113 3806
4 1322 1329 1321 3738
4 3158 3477 2876 4189
4 249 259 3708 4208
4 3319 3646 2940 4250
4 2505 2823 3093 3402
4 94 86 90 4023
4 556 3155 580 4151
4 2179 2180 2152 4220
4 3226 4023 3099 4247
4 2035 2982 4056 4080
4 3138 3392 1013 4038
4 2566 2960 2640 3414
4 2308 2269 2271 3249
4 2854 3324 4071 4350
4 2557 3720 3849 4001
4 3503 4279 3091 4280
4 1837 1840 3094 4411
4 464 3034 465 4019
4 3308 4198 3025 4395
4 3120 3338 2858 3571
4 851 860 861 4255
4 2610 3500 2912 4239
4 2858 3572 3571 4176
4 2723 3550 2925 3943
4 1946 3247 1960 3753
4 4188 4191 3066 4421
4 3083 3801 3042 4102
4 97 2587 3329 3980
4 2735 2962 3318 4370
4 2895 2800 3851 4302
4 2683 3155 3026 3438
4 2969 3319 3646 4435
4 3125 3339 2796 3823
4 3726 3778 3365 4073
4 2559 3917 2499 4373
4 2892 3846 3732 3867
4 3283 3784 2961 4159
4 2070 2089 2922 4154
4 2766 3695 3437 4168
4 2694 3090 3937 4163
4 2643 2991 3915 4310
4 2508 3292 3179 4246
4 1068 996 1108 4297
4 2528 3557 3229 4322
4 197 182 123 4292
4 1074 3014 3974 4356
4 2623 3922 2978 4183
4 827 3458 832 4081
4 2670 2680 2982 3306
4 2711 2829 2794 3896
4 2773 3428 3104 3429
4 1029 1100 1122 3392
4 2923 3627 3085 3705
4 1931 3094 1840 4411
4 569 3420 568 3613
4 2692 3755 2819 4433
4 2673 2876 3336 3812
4 2826 3126 3682 4008
4 612 3908 610 4336
4 30 90 83 3226
4 143 132 50 3180
4 2288 2295 2296 3445
4 2615 2827 2797 3163
4 2498 3401 3264 4378
4 2751 3100 2900 4028
4 2690 3579 2847 4271
4 2540 2678 2782 4382
4 2770 3065 2977 3922
4 2533 2608 4170 4200
4 1157 1156 3372 3962
4 2514 3375 2590 3494
4 494 442 495 3342
4 2510 3622 3122 3967
4 3116 3811 2765 4041
4 2583 3863 3382 3994
4 2943 3726 3203 4073
4 1102 1093 3396 3768
4 1779 3391 3377 3769
4 1029 1013 1100 3392
4 3024 3966 2120 4154
4 117 69 3619 3850
4 2769 3146 2941 3916
4 903 3321 3248 4141
4 438 429 426 3287
4 165 64 2996 3507
4 3505 2961 3785 4159
4 2635 3497 2772 3919
4 468 473 3609 4360
4 2716 2719 2535 2985
4 2515 3262 2761 3408
4 2751 3501 3052 3833
4 705 699 706 3111
4 2568 3284 4216 4226
4 757 4025 3433 4203
4 406 3052 396 3836
4 1986 1969 1985 4100
4 259 249 245 4208
4 2113 2097 2096 3806
4 1889 1877 1878 3691
4 3135 3717 3716 3786
4 2618 3555 3322 3735
4 548 549 557 4151
4 2733 3751 2582 4170
4 3018 3061 2646 4083
4 2569 3696 3514 4167
4 1062 3974 3767 4438
4 3281 3453 2643 3641
4 179 56 14 3276
4 2532 4069 3366 4221
4 2655 3646 3376 4113
4 3003 3434 343 4252
4 3493 4022 2534 4261
4 195 2526 2521 3771
4 2622 3716 3448 3842
4 2246 2228 3959 4417
4 429 426 3287 3657
4 2537 3480 2891 4436
4 816 3526 1623 3621
4 2872 3069 3844 4323
4 2252 2274 2275 3959
4 1532 1548 1549 3772
4 1050 1034 1035 3913
4 2091 3306 2108 4154
4 2808 3537 3102 4172
4 729 723 732 3433
4 3061 3411 1830 3612
4 1581 3496 1663 4110
4 1909 1910 1906 3929
4 1811 3722 3097 4233
4 975 1000 999 4302
4 1441 1368 1362 4092
4 2525 3973 3385 4412
4 2920 2796 3883 4135
4 41 107 156 2831
4 2525 3198 3385 3973
4 811 1618 1619 3910
4 1237 2236 3816 4316
4 2562 3919 3448 4379
4 2663 3808 2882 3969
4 3030 3529 3879 3932
4 1417 594 592 3403
4 913 3139 929 3561
4 2729 3707 3385 3837
4 2970 3041 2757 3969
4 2826 2721 3154 3682
4 2826 2958 2830 4284
4 2854 3262 3261 4093
4 2763 3819 2952 4021
4 270 285 283 4156
4 1981 3673 3012 4029
4 93 85 84 2585
4 1043 1969 1044 3820
4 2927 3668 3622 3728
4 3198 3707 2623 4329
4 3096 3385 3280 4108
4 1548 1549 3772 4110
4 614 616 629 3908
4 961 3813 962 4075
4 3344 3346 1349 4107
4 3142 3949 3543 4165
4 546 555 554 4151
4 2444 3194 2448 3741
4 1588 3312 3822 4285
4 531 529 3492 4336
4 2220 2182 2217 3243
4 2629 3098 2841 3978
4 844 850 845 3645
4 1031 1046 1030 3912
4 1826 1811 1815 3722
4 2735 3024 2670 3963
4 3424 3944 3039 4245
4 404 414 413 3833
4 2538 3207 2634 3818
4 1969 1986 1970 4100
4 1098 1106 1097 3552
4 3115 3706 2503 4022
4 3275 4157 2837 4222
4 1033 1048 1032 3912
4 2537 3362 3569 4109
4 1969 1043 1968 3820
4 1878 3691 1879 3929
4 2091 3306 2982 3733
4 2944 3949 3337 4193
4 88 4089 2901 4389
4 2096 3188 2077 3989
4 2975 3182 2661 4039
4 3280 3622 3096 4108
4 2500 3348 2529 3358
4 3293 3550 3116 4015
4 558 596 561 3492
4 1295 3864 1291 3953
4 3086 2909 3411 4224
4 2503 3706 3115 4304
4 1919 3094 1931 3890
4 725 736 735 3895
4 2537 3362 2891 3480
4 165 2996 173 3507
4 2641 2605 3393 3607
4 2556 2980 3150 3900
4 2780 3865 3225 3866
4 25 114 105 3725
4 3152 3481 3302 3567
4 2619 3347 2803 3704
4 1607 1600 1599 3468
4 3728 3979 3300 4391
4 3135 2497 3425 4180
4 3402 3625 2570 4254
4 2854 3983 3752 4055
4 191 198 186 4268
4 2594 3283 4143 4188
4 1880 1891 1879 4258
4 2271 2309 2308 3249
4 859 3968 3321 4028
4 2567 3593 3856 4236
4 1063 1085 3138 4067
4 3217 4120 3218 4335
4 3437 4168 1696 4315
4 2556 3660 3207 4246
4 2722 3069 2958 3635
4 1005 1013 1004 4038
4 226 3354 217 3940
4 152 3351 3215 3946
4 3269 3617 2847 4217
4 300 3185 4252 4286
4 2841 3098 2686 3978
4 2837 3829 3128 3884
4 1284 2323 4002 4426
4 143 3180 168 4043
4 2729 3973 3404 4412
4 529 531 530 4336
4 2811 2945 3591 4040
4 1316 3953 3199 3955
4 1597 1596 1604 3269
4 1604 1605 1597 3269
4 1730 3513 3001 3975
4 2578 2818 2979 3428
4 2605 4111 3131 4327
4 2663 2757 3041 4207
4 3166 3234 2797 3832
4 2675 3173 3172 3852
4 2787 2690 3231 4125
4 1844 1824 1823 4293
4 2698 3875 2615 4354
4 2131 1144 1143 3671
4 2108 2123 2122 3306
4 2667 3183 3879 4109
4 930 3139 931 3524
4 1564 1566 1567 4275
4 2692 3755 3884 4405
4 2584 2695 2885 3484
4 1143 2130 2131 3671
4 1045 1970 2125 3820
4 1234 1215 1216 3676
4 3479 3809 3579 4271
4 2523 3203 3726 4073
4 2975 3608 2838 3669
4 3755 3884 3147 4222
4 2563 2704 3597 4070
4 2871 3168 2689 4368
4 629 628 614 3908
4 3547 3747 2519 4017
4 2496 3668 2927 3728
4 2808 3102 3688 4205
4 2438 2437 2440 3741
4 3643 4187 3338 4211
4 2735 2962 2640 3075
4 2865 3341 2850 3391
4 1980 3080 1979 3442
4 3005 4253 2741 4411
4 2561 3266 3237 4031
4 2507 3716 3135 3754
4 637 646 645 3337
4 2675 2773 2708 3821
4 1697 1686 1696 4315
4 2062 3188 2078 3544
4 1995 1976 1997 4059
4 1822 3288 3097 4293
4 187 184 3236 4181
4 3033 3406 2898 4248
4 2769 3219 3480 3606
4 3424 3618 2863 3694
4 1974 1993 1991 4059
4 892 3422 893 4274
4 1723 3975 3027 4290
4 3881 4104 3070 4242
4 2543 4020 4170 4439
4 1889 3537 3929 4177
4 2812 3008 2645 3901
4 2583 3623 3077 4350
4 2803 3347 3218 3674
4 2727 3479 3969 4440
4 489 486 3495 4397
4 1909 1903 1906 1910
4 3663 3664 2801 3868
4 3150 3262 2571 4122
4 3225 3567 2938 3758
4 2683 2825 3347 3674
4 616 3908 614 4199
4 2890 2662 3257 4421
4 1682 1683 1678 3934
4 2825 4074 3516 4223
4 1973 1991 1989 4085
4 2995 3093 2823 3402
4 85 4304 2585 4393
4 3529 3784 3030 3879
4 2283 2276 2275 3451
4 3200 3201 3143 3967
4 774 4118 3339 4407
4 2729 2864 2747 3973
4 276 292 3641 4103
4 1051 3539 1976 3913
4 1731 2087 2104 4290
4 3942 4065 2866 4266
4 2938 3759 3156 4361
4 2694 3715 3250 3937
4 3332 3465 2965 4077
4 643 3438 642 3954
4 3195 4025 756 4203
4 2542 3036 4271 4330
4 2899 2928 2713 3532
4 3376 3809 2882 3857
4 2000 3814 1999 4056
4 2616 3292 2763 4021
4 3156 3381 3031 4139
4 1352 604 1350 493
4 650 562 651 4000
4 3204 3865 3601 4251
4 2974 4221 4069 4267
4 3485 3788 2941 3915
4 1337 1338 3029 4206
4 2952 2717 4021 4375
4 122 3229 112 3717
4 2842 3920 3574 4269
4 145 3099 4023 4247
4 2658 2985 2716 4048
4 1329 3251 3151 4074
4 2243 2251 3959 4231
4 2538 3317 2607 3404
4 2548 3385 3198 3837
4 2562 2730 2653 4379
4 1117 1119 1118 3947
4 97 3329 2507 3980
4 2750 2937 2895 3851
4 3404 3973 2747 4412
4 292 2930 3641 4103
4 1677 3617 1682 3934
4 2559 3790 3068 4424
4 151 60 74 3201
4 502 3083 3948 4311
4 2607 3963 2735 3964
4 2370 3331 2371 3852
4 2906 3997 3545 4396
4 1855 1836 1856 3675
4 2662 3384 3283 4188
4 2737 3346 3344 3419
4 1678 1677 1682 3934
4 2626 4263 4096 4359
4 3049 3596 3487 4301
4 2604 2783 2681 3805
4 3025 3308 2932 4198
4 402 851 392 4255
4 2361 2366 2362 3931
4 132 3180 143 4043
4 2907 3097 3048 3274
4 2062 3544 2063 4029
4 2630 3388 3254 4232
4 347 3434 3144 3988
4 2067 2222 2043 4099
4 1682 3617 3210 3934
4 2565 3532 2928 3754
4 822 1629 1628 4395
4 1628 821 822 4395
4 2894 3187 3731 4286
4 618 620 631 3844
4 784 785 786 4434
4 2728 2842 2824 4001
4 1233 1234 1216 3676
4 2811 4040 3591 4193
4 18 70 131 142
4 1539 1568 1566 4275
4 3326 3643 3041 3969
4 2603 3018 2931 3683
4 3139 3524 2888 3892
4 2761 3324 3325 4404
4 2658 3297 2558 4048
4 2566 2735 2670 3964
4 2743 3048 2631 3274
4 2529 3358 4182 4327
4 2688 3885 2664 3965
4 3026 3438 674 3538
4 3068 3499 3790 4372
4 394 393 3503 4280
4 2496 3728 3525 3979
4 2841 2686 3098 3242
4 2849 3058 2574 3495
4 2767 3108 3449 4296
4 2859 3571 3377 4079
4 914 929 913 3139
4 2614 4171 3819 4375
4 2064 3544 2065 4029
4 3010 3341 2700 3584
4 799 815 697 3118
4 3422 3530 941 4269
4 2664 3885 3088 4418
4 2602 2720 2832 3171
4 2930 3185 3003 4153
4 2714 2958 2830 3273
4 507 510 508 3083
4 2802 4187 3376 4211
4 579 4151 3516 4384
4 2889 2894 2707 3054
4 2336 2340 2337 4320
4 3481 3520 2808 3567
4 1089 1090 1098 3686
4 2504 3447 3238 3850
4 3175 3306 2091 4154
4 3026 3251 2694 3653
4 1178 1099 1091 3686
4 2547 3626 3842 4150
4 1653 3308 1654 4168
4 3102 3481 2808 4172
4 2836 3380 2502 4112
4 1098 1097 1089 3686
4 2902 3735 3244 3853
4 1091 1170 1178 3686
4 3243 2189 4057 4419
4 2683 2825 3155 3932
4 2656 3232 2707 3720
4 447 437 438 3657
4 97 3329 2901 3786
4 2990 3169 2836 3499
4 245 235 244 3568
4 2923 2998 2672 3991
4 618 620 3844 4199
4 690 3026 3538 3653
4 3206 3432 2786 3628
4 3346 3419 1350 4107
4 2601 3268 2840 4393
4 184 2551 3236 3488
4 321 327 311 3131
4 2775 3885 3260 4236
4 2517 3652 3457 3777
4 1689 1688 1691 3267
4 2062 3442 3188 3544
4 2090 2091 2107 4154
4 2817 4072 3598 4093
4 3475 3561 3040 3562
4 660 658 659 3273
4 2806 2846 2703 4200
4 2599 2587 2671 3367
4 2726 2824 2790 4001
4 2839 4169 3837 4369
4 812 1619 1620 3350
4 3210 3695 2869 3712
4 1392 1390 1401 3521
4 2893 3045 2693 4095
4 3090 3332 2965 4077
4 1377 1378 1379 3502
4 1188 1189 3444 3933
4 2503 3099 3297 4388
4 2760 3690 3680 3934
4 2016 3174 2008 4029
4 2996 3343 2912 3507
4 2508 3463 3117 4171
4 2892 2769 3146 4218
4 693 678 694 3253
4 193 178 200 3160
4 76 124 173 2996
4 2662 3858 3384 4191
4 1033 1032 1024 3360
4 2784 3368 2648 3766
4 1965 1981 3673 3939
4 2790 3595 862 4274
4 2055 2982 2073 3175
4 2679 2856 2855 3624
4 2945 3785 2813 4159
4 1549 1533 1532 3772
4 2571 2761 2972 4007
4 387 395 385 4416
4 2696 3248 3065 3475
4 2817 3597 3408 3598
4 2787 3817 3109 3937
4 1116 1079 1077 3947
4 2884 2838 3608 3669
4 804 820 819 4118
4 2452 2453 3936 4189
4 1478 1477 1481 3762
4 2758 3091 2925 3960
4 2541 2512 3470 3632
4 2727 3164 2893 4265
4 3001 3792 2911 4063
4 2382 3391 3806 3931
4 3128 3884 2902 4398
4 58 10 106 117
4 1308 1310 2449 3340
4 2959 3734 3635 4015
4 2560 3514 2682 3608
4 3130 3506 2591 4366
4 2733 2781 3751 4200
4 1877 3688 3537 4204
4 2831 3380 116 3776
4 2583 4128 3064 4161
4 2258 2280 2351 3996
4 1293 3953 3346 4091
4 2872 2662 3257 4323
4 2711 2877 2590 3124
4 3436 2686 3978 4182
4 1800 1812 1813 3769
4 494 3431 3342 3948
4 3018 3616 2931 3899
4 625 623 664 3887
4 2544 3272 3007 3401
4 3872 2978 4183 4391
4 1582 1471 3639 4344
4 1836 1820 2427 3675
4 2500 3358 3839 4355
4 784 786 748 4008
4 851 841 392 4255
4 1714 1712 1705 3216
4 1620 813 812 3350
4 3339 3823 3125 4407
4 996 1021 1108 4297
4 2070 2071 2089 4154
4 1990 1989 4013 4085
4 631 630 618 3844
4 3090 3253 2694 3715
4 3012 3442 2005 4029
4 2567 3181 3856 4250
4 3231 3817 3055 4314
4 3231 4251 2906 4330
4 1144 3020 1119 3947
4 3119 3722 2909 4224
4 3555 3859 3051 4050
4 852 851 861 4255
4 1456 1492 1491 4030
4 2793 3415 2783 4082
4 973 999 998 4302
4 1147 3357 1148 4105
4 2627 3275 3224 3755
4 2656 2707 2889 2894
4 2782 3372 2697 3373
4 1849 2783 1827 3620
4 1619 1618 3310 3910
4 2878 2832 3410 4392
4 3054 3798 2894 3995
4 2808 3481 3102 4205
4 311 3131 310 3607
4 3318 3675 1809 3736
4 3229 2509 3717 4428
4 1504 1503 1486 3307
4 292 2930 287 3641
4 2678 2873 2829 4382
4 2575 2645 3756 3901
4 2511 3239 3388 3389
4 2550 2668 2621 2849
4 3250 4116 2968 4234
4 2708 2773 2675 3497
4 2471 2439 2443 4155
4 2964 3581 2572 4115
4 204 3460 205 3558
4 2008 4029 3174 4100
4 2658 3375 3297 3414
4 3121 3389 2767 3766
4 2466 2458 2436 3914
4 243 231 4088 4282
4 132 3180 136 3946
4 2829 2782 3512 3686
4 1567 4077 3332 4275
4 1534 3250 1461 3653
4 2691 3466 3656 4281
4 2749 2578 2784 3368
4 342 358 3556 3988
4 2740 3193 63 3918
4 3276 4126 3956 4268
4 1715 1723 1722 3680
4 3208 3902 3427 4404
4 2595 3262 3261 4055
4 3453 3641 3281 4088
4 2268 2238 2239 3134
4 2967 3189 2637 3762
4 620 622 632 4165
4 1463 3413 1462 3834
4 2188 2182 2220 3243
4 754 624 745 4165
4 3313 3626 2730 4379
4 2631 3156 3520 3759
4 539 541 522 4078
4 1649 1650 1647 3695
4 113 108 128 4294
4 2740 3201 3200 4046
4 1768 3377 1779 3391
4 2825 3738 3516 4074
4 1132 1131 1123 3768
4 1778 3769 3377 4192
4 2696 3248 3872 3922
4 1430 1438 1463 3413
4 613 3257 612 4336
4 1508 1507 3033 4245
4 59 70 131 18
4 2897 3977 3761 4212
4 677 3253 693 3538
4 2742 3384 2951 4166
4 2697 3014 2887 3512
4 2700 2635 3106 3584
4 138 2987 3990 4268
4 3319 3646 3394 4283
4 276 260 261 3641
4 1806 3411 1816 4224
4 2977 3357 2794 3392
4 109 76 67 2996
4 567 3107 569 3613
4 2220 2188 3243 4005
4 310 309 297 3323
4 2628 4050 3051 4169
4 2817 3902 3640 4404
4 2688 2832 2720 2860
4 561 591 590 4272
4 3030 2683 3785 3932
4 2648 2764 2955 3296
4 2659 3511 3077 4129
4 86 3706 2503 4304
4 457 455 462 4281
4 276 287 272 3641
4 880 887 3098 3981
4 2559 2499 3068 4373
4 2762 2686 3426 3436
4 2681 3328 2928 4014
4 876 875 877 4274
4 1826 3097 1832 4066
4 2537 3569 3030 4436
4 913 3139 2956 3602
4 996 3071 1021 4297
4 2644 3785 3505 4087
4 2751 3501 3833 4402
4 429 426 3657 3802
4 1095 1096 1104 3552
4 775 796 4118 4407
4 503 496 3043 3807
4 1336 3217 1331 4206
4 3204 4158 3992 4330
4 2122 2121 2107 4154
4 3326 3327 1770 3750
4 1316 3955 3209 4120
4 2516 2917 2687 3366
4 2527 3439 3523 4324
4 2525 3793 3973 4412
4 935 952 951 3721
4 3685 4170 4020 4439
4 2617 3478 3292 3637
4 769 1006 777 3658
4 1852 3898 1853 4083
4 2783 3415 2604 4209
4 1052 1977 1976 3539
4 1976 1051 1052 3539
4 3691 4162 3688 4298
4 3511 3588 2866 3855
4 698 699 705 3111
4 2776 3554 3148 3677
4 1826 1815 1832 3722
4 3362 2891 3480 4430
4 1813 1801 1800 3769
4 2794 2711 3869 4119
4 2722 3635 2959 4323
4 1328 4074 1327 4223
4 2522 3356 2564 3693
4 192 3370 144 4247
4 905 2956 912 4084
4 4030 4140 1453 4234
4 845 3645 2947 3799
4 3181 2699 3545 4242
4 1026 1025 3703 3913
4 3120 4150 4079 4283
4 1293 604 3953 4091
4 1189 1188 1180 3933
4 2646 3164 3018 3683
4 705 3111 712 3422
4 117 58 69 3850
4 3001 3572 1735 4305
4 1926 3536 1938 4178
4 2522 3356 3693 4047
4 2941 3146 2769 4218
4 3339 3570 2839 4118
4 2838 2661 2975 3353
4 1539 4045 1540 4077
4 1903 1906 1910 4177
4 3381 4150 2547 4347
4 2643 2991 2561 3915
4 562 650 560 4000
4 2505 2986 3776 4303
4 533 532 573 4090
4 3232 2597 3923 3982
4 1112 1111 1110 3432
4 22 68 57 3200
4 729 731 727 3761
4 3003 3185 2930 4433
4 1873 1857 2907 4338
4 2613 2545 2709 2716
4 3115 4260 4022 4261
4 241 3386 254 3714
4 1661 1662 1636 4313
4 2512 3523 2541 4324
4 2161 2159 2136 4105
4 2288 2287 2295 3445
4 2971 3062 2845 3666
4 3300 3728 3037 3979
4 2829 3552 3396 3896
4 2155 2134 2157 4105
4 2813 3127 3589 4159
4 3322 3735 3555 4427
4 3069 3844 3277 4199
4 1146 3357 1147 4105
4 1293 3199 1316 3953
4 2792 3466 2801 3663
4 2803 3704 3347 4371
4 1617 809 1616 3910
4 3487 3596 2775 4418
4 66 70 2987 4011
4 1717 1716 3267 4290
4 1715 3027 1723 3680
4 1733 1734 4142 4305
4 3135 2509 3716 3717
4 2809 3454 3871 4057
4 2708 3104 3428 4220
4 1074 3014 1073 3974
4 2887 2888 3524 4009
4 2814 3699 3580 4078
4 1617 810 809 3910
4 1186 1178 1187 3933
4 3141 4059 3605 4085
4 978 1003 3065 4038
4 585 586 3516 4384
4 903 3248 3760 4141
4 2927 3622 2997 3945
4 1078 1077 1079 3974
4 2937 3764 2895 3851
4 2583 3861 3382 3863
4 3118 3168 2871 4045
4 2806 2608 3221 3299
4 3045 3750 2727 4265
4 2577 2531 4022 4213
4 2697 2887 2888 4127
4 183 4292 3067 4294
4 3452 3682 3126 3761
4 3114 3768 1132 3896
4 1804 1790 3611 4224
4 3121 3368 2767 3449
4 462 455 463 4281
4 1974 1049 1050 3913
4 1050 1975 1974 3913
4 300 312 3528 4252
4 2887 3767 3333 4009
4 871 865 891 3321
4 2709 2979 3352 3454
4 592 1416 1417 3403
4 2634 2729 3404 4412
4 2620 3219 3704 4375
4 608 588 607 3738
4 2682 2884 2991 3608
4 2962 3075 2735 3318
4 3039 3639 3189 3687
4 2537 3704 3219 3803
4 632 631 620 4165
4 2958 3293 2722 3635
4 1647 3621 3212 3695
4 2693 3873 3601 4095
4 2522 4047 3839 4355
4 638 3337 637 3949
4 2936 3976 1667 4194
4 2794 3869 2978 4119
4 2729 2937 3304 3764
4 2540 4354 2678 4382
4 633 624 754 4165
4 3090 2787 3332 4237
4 2912 3507 3343 3877
4 2898 3694 3424 4248
4 2993 3203 3383 4273
4 994 3071 996 3813
4 1046 1047 1971 4085
4 1047 1972 1971 4085
4 547 4078 3587 4151
4 2588 3320 2795 4064
4 1952 3904 3729 4026
4 1143 3020 1144 3947
4 441 433 443 3085
4 2781 3270 2691 3440
4 433 443 3085 4197
4 2758 4321 3960 4405
4 3276 3839 2987 3956
4 2939 3598 3726 4259
4 2957 3242 2843 3595
4 1872 3688 1877 4204
4 2582 2792 2835 3466
4 2154 2251 2243 4231
4 2266 2268 2269 3249
4 1119 3020 1144 3671
4 92 187 3160 4181
4 1106 3443 3552 3686
4 2152 2153 2147 4231
4 981 3252 982 3530
4 2517 3297 2566 3457
4 487 3495 478 4365
4 1048 1973 1972 3912
4 1047 1048 1972 3912
4 1662 1637 1636 4313
4 2069 2922 3966 4012
4 614 3970 615 4199
4 1931 1935 1840 3094
4 3371 3639 1479 3762
4 112 3472 2949 3776
4 2845 3114 3357 4105
4 2793 2783 3665 4082
4 1850 2783 1849 4209
4 3110 3420 568 3699
4 2669 2874 3780 4325
4 2592 2553 2951 4148
4 463 4049 464 4365
4 2573 3121 3368 3766
4 255 257 242 3230
4 1188 1212 1211 3444
4 2940 3156 3856 4250
4 1572 3334 1541 3621
4 1621 814 813 3938
4 2962 3009 2793 4213
4 2655 3646 3319 4435
4 90 3226 188 4247
4 2620 3196 2983 3482
4 915 3644 900 3760
4 2753 2849 2550 4020
4 2122 2107 2108 3306
4 1211 1187 1188 3444
4 2566 3457 2735 3777
4 2602 3439 3470 3982
4 2449 2448 3515 3636
4 1633 1634 1617 3926
4 2636 2833 4357 4372
4 2525 3096 3793 4412
4 2756 3235 2779 3804
4 2967 4030 2968 4061
4 2828 2883 2848 3929
4 3351 4023 2503 4304
4 1483 3647 1493 4121
4 3066 3492 529 4336
4 3125 3658 769 4407
4 2134 1147 1148 4105
4 2135 2134 1148 4105
4 2687 3366 2917 4097
4 2976 3516 2736 4186
4 71 3541 3447 4112
4 1485 3936 3307 4092
4 2554 3063 3509 3867
4 3457 4022 2531 4213
4 2777 3330 2610 4239
4 157 50 132 3180
4 2595 3796 3150 4337
4 2550 2516 2625 2753
4 3815 3837 2548 4169
4 2539 2928 3157 3532
4 1222 1238 1221 4316
4 520 3498 514 4102
4 1079 1077 3947 3974
4 1806 1804 3611 4224
4 2204 2156 2158 4056
4 2912 3343 2996 3380
4 2658 3414 3297 4048
4 2615 4054 2827 4354
4 3139 3602 3140 4127
4 2529 3254 3348 3388
4 255 256 3641 4282
4 2599 3019 2671 3329
4 1830 1852 3061 3898
4 1731 1724 2087 4290
4 546 2976 4151 4384
4 2976 2736 3498 4186
4 603 3199 574 3209
4 3015 497 3948 4311
4 1097 3552 1089 3686
4 2238 2268 2266 4316
4 2897 3111 706 4364
4 3060 3874 2856 4306
4 2541 3439 2714 3982
4 3037 4039 3198 4391
4 2531 4214 2545 4300
4 1572 3334 3621 3712
4 2843 2605 3254 3518
4 2976 3516 3155 4151
4 790 738 752 4008
4 1462 3413 1463 3687
4 2571 3150 3812 4337
4 2606 2675 2545 2708
4 2581 4039 3300 4391
4 2253 2246 2245 3959
4 3347 3828 2683 4228
4 2845 3357 2977 4094
4 2540 3348 3254 3875
4 3301 3498 3042 4380
4 2815 2798 3232 3734
4 2967 3630 4030 4061
4 2244 2243 2251 3959
4 528 3066 527 3420
4 537 538 3110 4090
4 2795 3822 2860 4110
4 905 886 2956 4084
4 2643 4146 3485 4291
4 2158 2205 2204 4056
4 2567 3856 3181 4236
4 2811 3591 3253 4193
4 659 657 3186 3273
4 823 345 321 352
4 2212 2213 3104 3821
4 95 2901 3264 3551
4 1308 3515 1309 3763
4 2675 3172 3173 4098
4 2038 2039 2013 4029
4 50 157 168 3180
4 2644 4040 3854 4326
4 2015 2040 2041 4029
4 3348 3388 3239 4287
4 508 4102 514 4380
4 2536 3461 2632 3907
4 2131 2147 2148 4231
4 1724 3267 2087 4290
4 2944 3949 3543 4326
4 2694 3251 3250 3653
4 2679 3624 2855 3724
4 1021 3071 1020 4297
4 3260 3885 3031 4236
4 3275 2568 4216 4222
4 3233 4061 2834 4337
4 1077 1078 1076 3974
4 2552 3642 3632 4413
4 2573 3875 2698 4334
4 3726 3365 4071 4073
4 3055 3992 3207 4330
4 2566 3297 3375 3414
4 2455 1457 1458 4234
4 2978 2525 3973 4183
4 2845 3114 3223 3869
4 2972 3324 2761 3623
4 2555 2564 3693 3771
4 1509 1507 1520 3033
4 2370 2385 3331 3584
4 2669 2711 2590 2873
4 1215 1192 1216 3676
4 2518 3566 3517 3838
4 546 4151 554 4384
4 2769 3566 3219 3606
4 3817 3937 2787 4125
4 3012 3080 1981 3442
4 3317 3479 2607 4207
4 3697 3775 3322 4015
4 2566 3964 2971 4034
4 789 3154 810 4349
4 2576 2788 3563 3886
4 652 650 651 4408
4 152 3351 130 4023
4 3633 3652 3081 3683
4 2556 3055 3150 3577
4 2071 2090 2089 4154
4 951 934 935 3721
4 912 2956 898 3602
4 1015 984 982 4358
4 3225 3597 3302 4259
4 3556 3743 354 4252
4 2858 3120 3571 4079
4 3825 4221 2974 4267
4 2494 3122 2997 3967
4 900 901 3760 4141
4 611 613 612 4336
4 2496 3494 3525 3728
4 3365 4072 2854 4093
4 1014 1015 982 4358
4 3070 2595 3817 4314
4 2862 3362 3667 4109
4 2469 1334 2470 3405
4 495 439 497 3656
4 537 3110 517 4090
4 3557 2823 4254 4389
4 2736 3615 3042 4186
4 789 779 790 3154
4 3122 3622 2510 4171
4 1169 1208 1253 4132
4 2150 2177 2178 4220
4 2060 2077 2061 3989
4 3152 2993 3461 4249
4 2807 3118 2871 3334
4 2983 3196 2554 3482
4 2743 2908 2632 4288
4 1711 3078 1718 3989
4 194 3276 191 4126
4 1616 3178 3159 3910
4 2032 2000 2002 4056
4 30 188 90 3226
4 884 3321 883 4141
4 2822 3468 3109 4121
4 957 3252 981 3530
4 1853 1854 1867 3898
4 2657 3323 3162 4037
4 1462 1470 1464 3687
4 2849 2668 3345 4410
4 1068 3795 996 4297
4 2543 3868 2792 4170
4 3127 3587 2813 3589
4 2774 2946 2737 3477
4 2583 3994 3077 4161
4 1478 1481 1482 3762
4 3088 3596 3487 4418
4 2494 2997 3783 3967
4 2617 2952 2763 3819
4 3131 3059 4111 4173
4 2514 3215 3494 3533
4 2856 4306 3874 4331
4 961 3222 944 4269
4 537 3110 538 3699
4 1904 3890 1905 4204
4 1806 3611 3411 4224
4 3135 3717 3361 4180
4 3376 2655 4113 4211
4 2076 2077 2060 3989
4 2420 3665 3423 3889
4 3097 3722 3119 4233
4 2828 3691 3880 4162
4 120 3725 4175 4303
4 614 3257 615 3970
4 3279 3815 2548 4169
4 1890 1878 1879 3929
4 3793 3841 2633 4412
4 1890 1879 1891 3929
4 1618 3910 1617 3926
4 312 298 313 4252
4 2474 2473 3029 4004
4 1920 1924 3560 4177
4 1103 1102 1094 3396
4 88 3551 4089 4389
4 840 833 836 2947
4 1861 1849 3620 4209
4 2675 3243 2606 3821
4 2790 3422 3111 4274
4 859 858 3968 4028
4 1448 1443 1445 3936
4 2702 3109 3817 3937
4 2506 2524 3706 3980
4 3505 3670 3337 4326
4 2540 3512 4182 4382
4 1880 3899 1868 4164
4 2541 2714 3439 3951
4 2642 3036 3857 4251
4 3364 3853 3244 4087
4 1600 1601 1593 4301
4 2734 2881 2626 4036
4 2633 2864 2747 3539
4 3501 4319 3076 4402
4 2167 2139 2140 3816
4 2262 2235 2236 3816
4 3635 3734 2541 3982
4 2900 2661 3182 4039
4 1560 3715 3109 4219
4 1529 685 684 3835
4 2822 2967 3796 3961
4 1332 1327 3218 4223
4 3076 2796 3921 4135
4 2600 2827 2739 4054
4 684 1528 1529 3835
4 3243 3573 2189 4419
4 2154 2153 2181 4231
4 1073 3974 1062 4438
4 14 56 66 3276
4 888 889 890 4141
4 2892 2620 3196 3606
4 3297 3414 2566 3457
4 401 412 3390 3765
4 2769 2892 3146 3606
4 2589 3631 3335 3930
4 1828 1814 1825 1829
4 2938 3567 3225 3927
4 67 71 3447 4112
4 2150 2149 3104 3428
4 1938 1921 1934 2899
4 3229 4322 3228 4428
4 2436 3914 3477 4189
4 2530 2755 3023 3393
4 2616 2803 3654 4021
4 147 145 3099 3215
4 1305 1303 1304 3763
4 1550 4010 3256 4344
4 1723 3680 3027 3975
4 2456 1461 1457 3250
4 989 3222 990 3813
4 2100 2116 3173 4160
4 2656 2819 2913 3528
4 1593 1592 1600 4301
4 267 282 277 4156
4 3052 3182 2875 4416
4 1020 3071 994 3813
4 109 110 3380 3850
4 2653 2622 3626 4014
4 1770 1763 1771 3326
4 2503 3493 3351 4304
4 1674 1675 1667 3976
4 1872 4205 1871 4295
4 3381 3842 3228 4428
4 2605 3830 3294 4111
4 2515 3262 3408 3992
4 2682 2884 3608 3669
4 2609 3439 4324 4392
4 2573 2784 2749 3020
4 2767 3425 3137 4296
4 839 840 848 3968
4 3047 3994 3983 4350
4 2610 3330 2912 3500
4 2092 2982 2073 4080
4 2616 3170 3029 3654
4 2759 3132 2728 4432
4 3238 3239 2546 4287
4 2498 3862 2973 4267
4 3670 3844 629 3949
4 3270 2801 3609 4360
4 2584 3485 3789 3790
4 2670 2932 2747 3963
4 2669 2590 2874 3124
4 189 13 56 65
4 1899 1884 4204 4205
4 2757 2970 3966 4290
4 3837 4106 2548 4169
4 88 2901 91 3551
4 2776 3330 2778 3509
4 2549 3436 2762 4131
4 2549 2686 3436 3518
4 2506 2531 4022 4312
4 2571 3812 2752 4337
4 129 122 3425 3717
4 3216 3680 2760 3690
4 2618 3599 3191 4441
4 1977 1978 3666 4094
4 1438 3687 3413 3944
4 3181 3545 3483 4242
4 3337 4040 2944 4193
4 3237 3266 2933 4031
4 415 3501 416 4319
4 1422 1428 1414 3719
4 2566 2517 3777 3841
4 1023 3360 1024 3912
4 1797 2417 1809 3318
4 2824 2728 3132 3222
4 2699 3049 3465 3881
4 2908 3153 3005 4288
4 2731 3053 2732 3107
4 3257 3908 2872 4199
4 2692 2930 3145 4398
4 1383 1382 1379 3299
4 2664 3181 4236 4418
4 2734 3554 3363 3824
4 906 3111 705 3422
4 1314 3516 1320 4223
4 2525 3037 3198 4391
4 58 9 109 106
4 2837 3490 3489 4157
4 2616 3900 2988 4138
4 2159 4068 2160 4105
4 1564 1567 1565 4275
4 1169 1253 1244 4132
4 1595 1594 1602 4301
4 2161 2137 2163 3223
4 1913 1912 1907 3616
4 2537 3030 3569 3828
4 2880 3248 2810 3872
4 3052 3501 405 3833
4 1822 3097 2907 4293
4 920 912 921 4084
4 2933 3266 3237 4422
4 720 3452 716 3761
4 2273 2154 2181 3352
4 3046 3842 3381 4428
4 2540 4182 3358 4354
4 2977 3065 3703 4038
4 641 3737 3543 3985
4 57 3295 3200 3541
4 3192 3553 3047 3983
4 220 238 3453 4310
4 1551 1552 1544 4386
4 1602 1603 1595 4301
4 2699 4242 3881 4396
4 530 526 529 4336
4 3793 3841 3375 4034
4 85 3115 87 4304
4 2631 3152 3461 4249
4 2405 3889 2404 4114
4 2175 2176 2173 3104
4 88 81 97 2901
4 183 3067 201 3693
4 413 3833 3749 4280
4 941 3530 958 4269
4 2854 3623 3324 4350
4 2161 4068 2159 4105
4 2688 3563 2788 3886
4 2909 3722 2910 3880
4 163 2831 156 3534
4 2740 3200 61 4046
4 455 459 463 4049
4 1830 3411 3061 3880
4 238 3453 250 4088
4 3228 3563 2688 3886
4 2725 2874 2590 3124
4 3178 3285 3171 4394
4 2493 3946 3351 4043
4 3673 3779 1041 3939
4 959 3530 960 4269
4 102 3264 2587 4393
4 2459 2460 3936 4189
4 2936 3159 2916 3926
4 908 3422 907 4269
4 22 155 167 4134
4 469 2801 474 4360
4 1865 1864 3688 4298
4 2572 3525 3535 3956
4 2815 3734 2627 4381
4 1408 1743 1742 3095
4 2559 3916 2833 4146
4 1391 3521 1383 3874
4 628 637 636 3670
4 3858 3951 2553 4191
4 123 113 117 4196
4 1059 1061 3014 3767
4 3379 3784 2961 4143
4 1337 1340 1336 4206
4 2898 3033 2834 3406
4 1024 1025 1033 3360
4 3251 3653 3026 3738
4 238 246 232 4088
4 2417 3736 1797 4152
4 2577 4022 2531 4312
4 1065 3014 1086 4067
4 3204 3992 4241 4330
4 686 1530 1531 3835
4 1634 1618 1617 3926
4 1531 687 686 3835
4 667 3538 3438 3591
4 1059 3014 1065 4067
4 2957 3799 3595 3830
4 3641 4088 3787 4282
4 2847 4201 3269 4217
4 616 3844 3908 4199
4 628 629 637 3670
4 2920 3433 2796 3921
4 2603 2712 2931 3018
4 614 3908 3257 4199
4 2480 1453 1451 4140
4 3015 3342 495 3656
4 1337 3029 1340 4206
4 2742 3888 2963 4166
4 612 610 611 4336
4 3370 3990 3956 4268
4 2882 3271 3643 4187
4 2868 3749 3076 3833
4 1866 1879 1878 3691
4 688 3887 3171 4394
4 2876 2879 2673 3336
4 2527 2582 3205 3500
4 2724 2845 3223 4034
4 2732 2878 3053 4392
4 2529 2500 3278 4024
4 2808 3225 3567 3927
4 2116 2115 3852 4160
4 2624 3064 3624 3702
4 2723 3697 3322 4015
4 2081 2101 2082 3173
4 3198 4106 3707 4329
4 1764 3522 3327 3972
4 1968 3779 3673 3820
4 1915 1919 1931 3890
4 3788 3789 2941 3829
4 2892 3698 3480 4218
4 1681 1605 1613 4217
4 1604 1603 1611 4217
4 2604 3157 2652 3532
4 2667 3569 3879 3932
4 1003 1002 3065 3703
4 2630 2842 2728 4001
4 2452 2458 2453 4189
4 3344 3419 3346 4107
4 627 3589 626 3908
4 154 3551 82 3825
4 2807 2869 3212 3621
4 2148 2132 2131 4231
4 2771 3224 3787 4433
4 2607 2970 2757 4207
4 3408 3866 3204 4241
4 2243 3959 2244 3987
4 2682 3608 2975 3669
4 2995 3862 3625 3863
4 763 762 754 3985
4 1734 1735 3572 4305
4 2511 3121 2573 3766
4 3276 3956 2987 4268
4 763 754 755 3985
4 2546 2605 3393 4232
4 3072 3270 3107 4133
4 189 13 179 56
4 1128 3265 1106 3443
4 2672 3953 3710 3955
4 2631 3461 4139 4249
4 3276 2987 3839 4011
4 1711 3078 3989 4445
4 2790 2842 3422 3920
4 923 3422 941 4269
4 1194 1120 1121 3263
4 3036 3418 3376 3809
4 900 4141 3644 4319
4 237 247 236 2870
4 2974 3093 2995 4069
4 2841 2843 2630 3978
4 2377 3331 2376 4340
4 2834 3407 3033 4256
4 3143 3967 3201 4046
4 1833 1853 1852 3898
4 1131 1147 1146 3357
4 170 2610 2917 3507
4 3203 3467 3383 4073
4 2904 2775 3088 3885
4 1130 1146 1053 4094
4 1071 1060 1069 4438
4 1948 3455 1947 3905
4 2286 2285 2293 3445
4 3017 2876 3477 3914
4 3007 3329 2901 3401
4 1639 1638 1664 4276
4 1071 1073 1062 4438
4 720 727 3682 3761
4 2838 2884 4062 4398
4 2792 3663 2801 3868
4 60 151 141 3201
4 2674 3074 2704 3845
4 1052 1051 1036 4094
4 1441 1362 3419 4092
4 2866 3077 3511 3855
4 1483 3762 3647 4121
4 736 3125 725 3658
4 1026 1027 1035 3703
4 3436 3512 2580 4382
4 412 860 402 3390
4 2373 3522 3024 4332
4 377 390 389 3984
4 2525 2978 3793 4119
4 610 3127 530 4336
4 2795 3285 3159 4110
4 2505 2533 2986 3402
4 1134 1133 1125 3896
4 469 468 2801 4360
4 3143 3201 2740 4046
4 2618 3599 2868 4050
4 2776 3554 3482 4429
4 1015 1016 984 3530
4 371 3091 370 3988
4 3081 2538 3207 3317
4 1792 1798 1787 4233
4 3463 4101 2598 4371
4 1123 1124 1132 3768
4 2310 2259 2311 4235
4 851 402 860 3390
4 17 131 59 4046
4 1418 3834 1419 4272
4 585 577 586 4384
4 60 61 3200 3201
4 1170 3686 3372 3962
4 2664 2860 2688 3965
4 2785 3696 2647 3903
4 1839 3455 4253 4411
4 3384 4166 2594 4188
4 1837 3374 1838 3455
4 2933 3592 4031 4218
4 2887 3524 3139 3561
4 1708 1707 1687 3027
4 2620 3362 2756 4270
4 1884 4185 1883 4205
4 246 3281 260 4088
4 2331 2332 2314 3996
4 958 3530 959 4269
4 1624 3212 1647 3621
4 2341 2344 2324 3742
4 2750 3707 2937 3823
4 2860 3603 2688 4386
4 3132 3222 2728 3779
4 3200 3541 2966 3918
4 2995 4254 2823 4389
4 2515 3577 3478 4122
4 3351 3946 152 4043
4 2501 3717 3716 4428
4 1443 1447 1444 3936
4 1016 986 984 3530
4 1160 1173 1158 3962
4 1699 3267 1690 4315
4 3739 3883 2920 4212
4 2826 2958 3293 3491
4 3159 3910 2916 3926
4 2002 2034 2032 4056
4 2801 3270 2781 4360
4 2574 2998 2791 3058
4 2538 3652 3416 3818
4 1719 3078 4194 4305
4 2607 3317 2766 3404
4 2566 2680 2960 3414
4 2852 2991 2612 3129
4 2551 3356 2555 3766
4 2699 3049 3881 4242
4 1141 3432 3628 3947
4 2831 3205 2912 3380
4 2970 3522 3024 3966
4 2336 2339 2340 4320
4 2540 2782 2678 4354
4 2620 3704 4270 4375
4 3025 4198 2932 4395
4 2808 3102 3537 3688
4 857 417 3501 4028
4 656 3970 658 4199
4 2965 3465 4201 4217
4 2680 2844 3087 3573
4 2931 3827 2712 4213
4 1653 1627 1628 4395
4 112 3137 2949 3472
4 2675 2700 3331 4300
4 67 2996 71 4112
4 14 191 179 3276
4 2497 3723 3160 4181
4 1154 1156 1171 3962
4 1657 1629 1971 4395
4 2946 3344 2737 3346
4 401 3390 402 4124
4 2925 3672 390 4279
4 2269 2267 2266 3249
4 3204 4251 3601 4330
4 2741 4253 4130 4411
4 2923 2948 2589 4270
4 490 4019 4091 4365
4 3027 3437 2760 3934
4 154 2974 3551 3825
4 494 3342 495 3948
4 531 3492 560 4336
4 25 88 114 3725
4 888 890 882 4141
4 2544 3427 3208 3756
4 2602 4324 3439 4392
4 3008 3456 3455 3904
4 333 426 3678 3679
4 136 3946 3180 4043
4 2801 2781 3473 4360
4 1735 3513 1736 4176
4 141 17 60 4046
4 2670 3141 2932 4013
4 3089 1525 3406 4032
4 907 3422 923 4269
4 1518 1525 1521 3406
4 3660 4163 2634 4369
4 2986 4303 3402 4322
4 503 3043 3301 3807
4 3127 610 3908 4336
4 1446 1443 1448 3936
4 2867 3883 3739 4212
4 2608 2806 2733 4200
4 2834 3406 3033 3407
4 1234 1233 1242 4179
4 2889 3390 2726 3398
4 3308 4168 1653 4395
4 908 3920 3422 4269
4 2812 2575 3901 4130
4 1200 3234 1161 3848
4 1271 1217 1218 3676
4 315 316 314 3528
4 468 462 2801 4281
4 1461 3250 2457 3653
4 22 167 68 4134
4 880 867 863 3981
4 3114 3357 1132 3768
4 1063 1085 1092 3138
4 2663 3579 2766 4207
4 1456 1455 1460 4234
4 2881 2744 3342 4018
4 3076 3749 423 3833
4 2529 3358 3254 4182
4 3025 3764 1627 4395
4 3042 3498 2976 4102
4 3192 3983 3047 3994
4 3204 3016 3865 3866
4 3436 3562 2880 3872
4 2501 3229 3557 3725
4 654 655 656 4408
4 549 3954 557 4151
4 2876 3336 3158 4189
4 1647 1650 1648 3695
4 2314 2332 2315 3996
4 2829 2873 2678 3136
4 2766 3579 3317 4207
4 2762 3100 2810 3321
4 2798 3417 2897 3550
4 2624 3064 3625 3863
4 3141 4013 4059 4085
4 3420 3492 3403 4272
4 2911 4063 3792 4113
4 122 3717 3361 3725
4 2530 3103 3193 3506
4 1247 1243 1248 3950
4 1690 1691 1688 3267
4 3017 3477 2649 3600
4 2627 3697 3275 3755
4 3279 3815 2689 4368
4 1824 1844 3620 4293
4 2791 3034 2998 4049
4 3069 3257 2662 4323
4 2512 3108 4296 4324
4 1364 3576 1369 4174
4 1740 3701 4331 4345
4 1028 3392 2977 3703
4 2286 2293 2294 3445
4 121 3425 128 3488
4 1838 3905 3374 4318
4 141 60 3201 4046
4 2310 2311 2303 3586
4 2830 3273 2958 3887
4 2542 3857 3036 4251
4 463 469 2801 3663
4 1889 1903 3560 4177
4 3348 4354 3358 4355
4 2541 3791 2990 4238
4 1257 1258 1276 4060
4 1839 3005 1941 4411
4 1173 1172 1158 3962
4 3161 454 3713 3807
4 1999 2000 1997 3814
4 2637 3039 3033 3618
4 2535 2716 2613 2820
4 1680 1679 1684 3934
4 2595 3150 3796 3817
4 462 463 2801 4281
4 511 518 3580 3699
4 2722 3811 3775 4015
4 2644 3853 3364 4087
4 1228 3296 1229 3832
4 2571 3262 3150 4055
4 265 3162 3708 4308
4 2742 2963 4157 4216
4 141 3201 135 3668
4 1301 1303 1305 3763
4 1766 1769 1777 3471
4 2850 3002 2865 3919
4 2637 3618 3033 4244
4 1294 3710 1295 3953
4 2940 3993 3291 4250
4 2882 3271 2693 4265
4 652 651 653 4408
4 2935 2866 3724 3942
4 1594 1586 3487 4285
4 17 141 131 4046
4 2817 4070 3427 4086
4 2112 2096 3510 3806
4 567 592 3107 3613
4 628 3670 3589 3908
4 2961 4087 3379 4226
4 505 515 516 4281
4 3165 2675 3821 4342
4 203 208 4289 4399
4 1171 1170 1154 3962
4 527 3699 3066 4078
4 2545 2708 2675 3497
4 719 720 726 3452
4 1441 3419 1424 4092
4 2369 2364 2368 3911
4 3135 3425 3717 4180
4 2845 3223 3114 4105
4 2519 3746 3448 3919
4 2527 3472 3380 3776
4 2871 4163 3660 4369
4 1512 3307 3233 3421
4 3650 4082 1850 4209
4 79 3378 3744 4011
4 1812 3288 1810 4293
4 2072 2091 2090 3175
4 3048 3097 2907 4066
4 3127 3908 3589 4159
4 3205 3718 2986 3751
4 3015 3342 2744 4311
4 1584 4010 1576 4344
4 3042 3301 3043 3615
4 1363 3419 1367 4107
4 201 3067 183 4292
4 1293 604 3199 3953
4 2717 3704 3084 4021
4 2813 3785 3784 4159
4 2843 2957 3595 3830
4 1757 3571 3377 4142
4 2931 3018 2712 3616
4 2514 3533 3525 3990
4 1310 2450 2449 3340
4 2967 3647 2968 4030
4 1127 3265 1135 3896
4 403 3549 4279 4280
4 3619 4196 2495 4292
4 2110 3733 2093 4342
4 3037 2525 3280 3728
4 2626 3363 3667 3824
4 2622 3626 3842 4379
4 2761 3262 2854 4093
4 2968 3796 2967 4061
4 2641 2605 3131 4327
4 2836 2990 3395 3893
4 2043 2222 2212 4099
4 3528 3743 340 3798
4 2498 2974 3551 4389
4 185 2551 3693 3771
4 2667 3932 3529 4309
4 3027 2760 3680 3934
4 2936 1660 3926 4445
4 3144 3145 2838 3474
4 2917 3366 161 3517
4 1432 1425 3834 3998
4 554 4151 555 4384
4 2530 3103 2504 4024
4 70 77 66 2987
4 1677 1673 1672 3690
4 633 754 3985 4165
4 2594 4143 3384 4188
4 1714 1715 1721 3680
4 2571 2972 2746 4007
4 2681 3328 2907 4338
4 826 829 825 3294
4 2812 3397 3008 4253
4 3489 3490 2837 3829
4 2508 3416 3179 3945
4 2910 3880 3722 4298
4 1046 1971 1629 3349
4 1629 822 1046 3349
4 1581 1580 1588 3312
4 1973 1972 3912 4085
4 1389 1387 1381 3585
4 3658 3851 777 4407
4 3017 3233 3056 3812
4 3245 4046 59 4264
4 3065 3248 2770 3721
4 2663 3579 3479 3809
4 2525 3198 3280 3385
4 646 637 638 3337
4 89 26 115 3361
4 3351 3493 2585 4304
4 2705 3130 3129 3594
4 1537 694 1538 4275
4 1737 1731 1738 4290
4 421 699 698 3765
4 2834 3961 3796 4061
4 2439 3158 3477 3661
4 3140 3139 3892 4075
4 1516 1517 3424 3694
4 694 1537 693 4275
4 2572 4354 4054 4355
4 1046 3912 1047 4085
4 2813 3784 3283 4159
4 2125 2126 3206 3429
4 2538 2607 3777 3964
4 2775 4104 3049 4242
4 391 379 389 4124
4 3081 3416 2538 3652
4 2662 2890 2714 3951
4 2945 3670 3505 4159
4 2914 3301 3209 4120
4 2961 3244 4087 4226
4 1038 1963 1964 3939
4 2569 2530 3023 3393
4 1901 1902 1886 3925
4 1143 3628 2130 3671
4 2036 2060 2061 3442
4 59 60 17 4046
4 2772 3497 2773 4403
4 3237 3266 2510 4422
4 2688 2860 2720 3965
4 2927 3494 3215 3533
4 3150 3262 2595 4055
4 1685 3437 1696 4315
4 2648 3368 3369 3766
4 1038 1964 1039 3939
4 2307 2306 2267 4374
4 1729 1735 1730 3513
4 2808 3688 2910 4295
4 2823 3725 4089 4389
4 2265 2267 2306 4374
4 2618 2868 3689 4050
4 900 882 890 4141
4 2741 3890 3481 4288
4 2501 3717 3229 3725
4 2723 3322 3697 4406
4 422 873 872 3765
4 2538 3818 3404 4412
4 2526 3370 3956 4268
4 3119 1792 3471 4233
4 3039 3033 3424 4245
4 2833 3484 2559 3485
4 2829 3686 3443 3933
4 2263 2211 2170 4374
4 2263 2305 2211 4374
4 1248 1243 1245 3950
4 2522 2615 2926 4346
4 2643 3788 3787 4291
4 2803 3674 2706 4371
4 2538 3404 3841 4412
4 445 446 3161 3807
4 389 379 377 3984
4 3031 3885 3856 4236
4 334 329 328 2999
4 2750 3823 2937 3851
4 966 973 3658 4302
4 970 978 3065 4038
4 2894 3731 3528 4286
4 2756 2862 3235 3807
4 612 3257 614 3908
4 2858 4063 2911 4113
4 659 661 660 3273
4 2569 2705 2657 3435
4 484 1343 1342 3473
4 2742 2553 3858 3952
4 836 2947 833 3359
4 3417 3549 2867 3550
4 2661 2838 2975 3608
4 2862 2667 3615 4109
4 796 3851 797 4118
4 2902 3474 3147 3735
4 2578 2818 2784 2979
4 1475 1498 1476 4245
4 3275 3791 3224 4277
4 3139 3524 930 3561
4 2678 2827 3163 3508
4 2633 3973 3793 4412
4 961 960 3222 4269
4 2036 2061 2037 3442
4 2946 2621 3344 3346
4 1635 1619 1618 3310
4 2744 3431 3342 4018
4 3269 3924 3617 4044
4 2932 3349 3025 4395
4 2576 3575 3192 3648
4 1040 1965 1966 3939
4 166 162 3093 3551
4 2523 3598 3208 4404
4 3067 4292 2495 4294
4 2012 2004 2011 3442
4 2540 3358 3348 4354
4 41 116 107 2831
4 2752 4055 4337 4352
4 1966 1041 1040 3939
4 2362 2367 2363 3806
4 2513 3278 2569 3696
4 2560 2705 2612 2991
4 2535 2579 2613 3236
4 2856 3220 2855 3701
4 669 3591 645 4193
4 3105 3333 3974 4438
4 2583 2972 3861 4129
4 2856 3064 2570 3625
4 2621 3058 2849 3345
4 2674 3073 2704 3074
4 2791 3663 3286 3868
4 569 559 570 3420
4 2832 3171 2860 3255
4 1624 3526 3212 3621
4 2918 2919 1747 4052
4 2993 3461 4139 4273
4 3036 3809 3376 3857
4 2930 3787 3224 4433
4 3141 3175 2982 3814
4 3476 3887 783 4394
4 1190 1189 1181 3240
4 2373 3024 2374 3542
4 2868 3052 2875 3503
4 2507 3361 104 3723
4 3150 3577 3262 4122
4 2554 3509 3196 3867
4 3111 3765 699 4364
4 3001 4194 3216 4307
4 2728 3121 2573 3849
4 399 3398 389 3943
4 2961 3505 4144 4159
4 1374 3531 1371 3781
4 2814 2976 3580 4309
4 2663 3809 3479 3969
4 2978 3872 2580 4119
4 672 3168 671 4190
4 1136 1151 1135 3897
4 1137 1219 1153 3897
4 1707 3027 1709 3680
4 1825 1814 3289 3316
4 3366 2586 3637 4221
4 1708 1716 1715 3027
4 2641 3162 2657 3323
4 2683 3030 3569 3932
4 2536 2789 2632 2908
4 135 137 153 3533
4 2337 2340 2341 4320
4 2500 3535 3358 4115
4 2527 3205 2986 3776
4 1678 1673 1677 3690
4 2920 3883 3195 4025
4 2910 4162 3880 4298
4 1163 1165 1164 4262
4 2850 2635 3002 3919
4 1588 1589 1581 3312
4 2507 2536 2565 3329
4 2993 2748 3629 3907
4 1345 3464 4397 4410
4 1974 1973 1049 3605
4 1048 1049 1973 3605
4 3229 3557 2528 4428
4 1906 3929 1910 4177
4 2390 2386 2379 3522
4 190 119 3488 4181
4 2634 3385 2729 4412
4 3238 3389 2512 3720
4 2759 3013 3012 3673
4 1597 1596 3269 4044
4 1553 1554 1546 4341
4 2932 4085 3349 4395
4 451 3991 453 4049
4 2507 3361 3135 3786
4 2575 3756 3427 3901
4 181 192 195 3370
4 3448 3449 2562 4379
4 2734 3235 3148 3554
4 3535 3744 2500 4011
4 2673 2876 3233 4061
4 2130 2146 2147 3909
4 2625 3093 2995 3685
4 2960 3306 2123 3733
4 318 317 3528 3731
4 1180 1181 1189 3933
4 2639 2899 2713 3532
4 2622 3842 3626 4150
4 2504 3238 3935 4287
4 2965 2847 3712 4217
4 1555 1556 1548 4341
4 3385 3707 2729 3973
4 1946 1937 3247 3753
4 2810 3872 3248 3922
4 2790 3282 2843 4001
4 578 586 577 4384
4 671 647 4190 4193
4 3071 3795 996 3813
4 1663 1671 1664 3496
4 2704 3902 3597 4070
4 2543 2582 3751 4170
4 1443 1446 1447 3936
4 1880 3899 3616 4083
4 2924 3335 3194 3930
4 14 66 191 3276
4 2390 1773 1775 3709
4 379 391 380 4124
4 3404 3818 2634 4412
4 3553 3618 3260 4244
4 970 979 978 4038
4 2502 3472 3380 3523
4 1709 3027 1715 3680
4 3228 2528 3563 3886
4 217 3634 215 3940
4 2470 1329 1328 2463
4 2774 2924 2621 2946
4 2723 3960 3322 4406
4 790 788 3154 4008
4 971 972 980 4038
4 1375 3299 1384 3576
4 3625 3863 3064 4254
4 965 966 973 3658
4 451 453 450 4049
4 1686 1689 1687 4315
4 2825 3674 3026 3738
4 2742 3384 2963 4216
4 333 334 3085 3705
4 1151 3223 3114 3897
4 2526 2650 2600 3780
4 2945 3589 3670 4159
4 2776 3482 3330 3509
4 1510 1499 2490 4256
4 1179 1187 1178 3933
4 972 3138 980 4038
4 2437 3740 2435 4351
4 1665 1664 1672 4276
4 2139 1152 1153 3897
4 1153 2140 2139 3897
4 1662 3079 1670 3442
4 2555 2764 2648 2799
4 2121 2106 2107 4154
4 3484 2559 3790 4372
4 446 436 3431 3807
4 132 136 3180 4043
4 879 3282 877 3920
4 3707 3823 2750 4402
4 2097 3806 2113 4160
4 351 3450 352 4081
4 2956 3561 921 4084
4 2664 3088 4117 4418
4 1346 1355 1343 3774
4 124 109 116 2996
4 3219 3566 2518 3606
4 216 217 3354 4035
4 2689 3118 3004 3168
4 3333 3947 3432 4438
4 1744 2816 1743 3095
4 2750 2800 3658 3851
4 2673 3233 2876 3812
4 1996 3141 1994 4059
4 3051 4050 3859 4169
4 73 2504 72 3619
4 2525 2978 4119 4391
4 1695 1696 3437 3695
4 1434 1466 3719 4174
4 107 2505 120 4175
4 3494 3525 2514 3533
4 2633 2747 3973 4412
4 2780 3225 3758 4259
4 2797 3166 2955 3234
4 2653 3377 2921 4079
4 2604 3010 2700 4214
4 1451 4030 1452 4140
4 2890 3757 3257 3970
4 2961 3785 3784 4087
4 2881 3149 3824 4018
4 2933 3117 3803 4422
4 2802 3646 3376 4257
4 160 2586 159 3366
4 964 3795 1067 4009
4 2664 2940 3319 4149
4 2683 3569 3030 3828
4 3127 3257 2662 4421
4 2717 2948 2756 4270
4 276 292 287 3641
4 3277 3844 620 4199
4 2784 2818 3628 3909
4 1661 4313 1636 4445
4 3030 3879 3379 4436
4 1332 3218 1333 4206
4 300 4252 3528 4286
4 3086 3471 3119 4224
4 640 3543 641 3737
4 1825 2783 1827 4082
4 815 3118 799 3526
4 3055 4241 3992 4330
4 1035 1051 1050 3913
4 2730 2772 2562 3919
4 122 112 3425 3717
4 2784 2979 2818 3909
4 787 786 785 4434
4 3839 3956 3276 4126
4 430 428 429 3802
4 506 500 497 3745
4 122 3229 3717 3725
4 495 497 3015 3656
4 570 568 569 3420
4 270 283 269 4156
4 760 3895 3125 4407
4 2688 2904 3256 3885
4 1732 1749 2361 3931
4 3149 3342 431 3431
4 2729 3025 3349 3764
4 82 95 3264 3551
4 837 2947 3359 3799
4 2598 2811 2694 4368
4 2667 3529 3638 4309
4 109 9 58 67
4 3011 3024 3522 4332
4 3140 3574 3282 3981
4 2662 4191 4188 4421
4 463 459 464 4049
4 2639 3177 2899 3532
4 2072 2090 2071 3175
4 2970 3327 3326 3969
4 3936 4092 2452 4189
4 2070 2922 3175 4154
4 63 2504 73 3103
4 2589 3627 2923 3705
4 2626 3824 3667 4018
4 2760 3792 3441 3808
4 3059 3450 2947 3458
4 988 3222 987 3530
4 2529 3254 2605 3518
4 2845 3869 3223 4034
4 1831 3880 1851 4298
4 176 3366 2974 4221
4 2547 3886 3965 4149
4 769 998 1006 3658
4 2776 3509 2778 4036
4 2880 3248 904 4390
4 1926 1921 1938 3536
4 436 3149 431 3431
4 2121 3306 3024 4154
4 3729 3904 3008 4026
4 1684 3437 1685 3934
4 629 3844 3670 3908
4 119 4180 3488 4181
4 726 3452 727 3682
4 2834 2967 3407 4256
4 242 244 2886 3230
4 2566 3375 3841 4034
4 2750 3644 3028 4402
4 2923 3085 2998 4197
4 1703 1670 3079 3442
4 3253 3538 677 3591
4 3394 3792 2738 4063
4 3411 3873 3061 3880
4 1046 1031 1047 3912
4 3398 3672 2815 3984
4 2728 3849 2573 4334
4 3158 3336 2876 3812
4 1584 3088 4010 4344
4 2572 2954 2669 4054
4 987 3222 960 3530
4 3376 3646 2969 4257
4 679 678 670 4193
4 1164 1162 1163 4262
4 3245 2987 3535 3956
4 1191 1214 1190 3241
4 2568 3697 3275 4216
4 3560 3890 1904 4204
4 2819 3185 3528 4252
4 2860 3822 3772 4110
4 2692 3003 2930 4433
4 87 3706 86 4304
4 219 2885 3459 4225
4 3801 4102 508 4380
4 1671 1672 1664 3496
4 260 3281 261 3641
4 556 580 579 4151
4 1470 1477 1478 3687
4 1465 1466 1473 3290
4 2750 2895 2800 3851
4 2721 4136 2718 4349
4 928 931 3139 3892
4 3239 3389 3238 3720
4 1616 1615 3178 4434
4 3076 3644 3823 4402
4 2559 3485 3916 4146
4 543 3587 542 4078
4 232 243 231 4088
4 3347 3704 2537 3803
4 1711 1700 1712 4194
4 3228 3229 2949 4322
4 1456 1491 1454 4030
4 2714 3171 2832 3186
4 2041 3174 2016 4029
4 3537 3688 3102 4204
4 1869 1870 1882 3827
4 2770 3360 3703 3721
4 2285 2286 2278 4328
4 2736 3315 3516 4384
4 970 3065 954 4038
4 3056 3233 4032 4352
4 2790 3282 862 3595
4 2499 3916 2966 3917
4 1665 1672 1673 4276
4 3067 4047 2522 4355
4 1361 1362 1363 3419
4 2543 2582 2792 3500
4 2243 2148 2154 4231
4 2925 3091 2758 4333
4 2152 2147 2146 4231
4 3281 3641 2930 4103
4 2539 3135 2507 3547
4 351 352 3450 4042
4 2285 2278 2277 4328
4 269 282 267 4156
4 1544 1543 1551 4386
4 3178 4284 3154 4434
4 2808 2910 3520 4295
4 2736 3498 3315 4384
4 1214 1224 1223 3241
4 3317 3479 3164 4440
4 2685 4188 3384 4191
4 2681 2783 3316 3805
4 2025 3175 2922 4013
4 702 3739 423 3749
4 2547 3381 3886 4149
4 2845 2977 3539 4094
4 3118 3526 815 3621
4 707 701 708 4364
4 1596 3269 4044 4285
4 2902 3592 3829 4062
4 839 388 3458 3836
4 2687 3565 3366 3637
4 3224 3788 2837 4277
4 679 671 3168 4193
4 3195 3883 2651 4025
4 298 300 3185 4252
4 2817 3598 3408 4093
4 1995 1975 1976 4059
4 1991 1973 1974 4059
4 3464 3502 3344 4107
4 2533 4170 3685 4439
4 72 2504 3378 3619
4 2520 3867 3790 4424
4 2537 3030 3828 4436
4 2125 3429 3820 4100
4 2688 3885 3256 4010
4 2931 3018 2684 3683
4 1599 1607 3468 4121
4 757 3433 758 4203
4 2821 3203 3383 4073
4 684 3186 683 3410
4 3052 3501 2751 3836
4 2529 3348 3254 3358
4 2622 3448 2653 4379
4 1989 1972 1973 4085
4 914 3139 913 3602
4 2627 2959 3275 3697
4 1668 1667 1700 4194
4 801 3526 800 3570
4 557 3954 3155 4151
4 176 3825 3202 4221
4 2990 3395 2742 3952
4 1367 3781 1372 4107
4 2518 2983 2917 4097
4 1392 1401 3399 3521
4 3051 3859 2689 4169
4 3203 3208 2993 3467
4 2523 3324 4071 4072
4 1744 2816 3588 4266
4 2128 2144 2145 3909
4 1594 4285 3487 4301
4 2509 3135 3425 3717
4 634 3589 635 3954
4 3165 4005 3309 4080
4 958 983 985 3530
4 2679 2855 3220 3942
4 3155 3954 3587 4151
4 2758 4405 3960 4406
4 1126 1134 1125 3896
4 2520 3790 3867 3893
4 2095 1720 1725 3989
4 2531 3297 3414 4048
4 1593 1594 3487 4301
4 1855 1835 1836 3675
4 2151 2145 2150 3428
4 315 314 312 3528
4 1588 3312 1580 3822
4 123 75 197 4292
4 3801 3948 3083 4443
4 2654 3302 3303 4172
4 2546 2707 2656 2894
4 2589 2687 2952 3335
4 3537 3691 1889 3929
4 2860 3772 3285 4110
4 3338 3643 2911 4176
4 367 3798 3743 3984
4 590 1413 4000 4272
4 2500 3358 3278 3744
4 3055 3817 3231 4125
4 304 292 293 4103
4 2881 3342 3015 3802
4 263 247 248 3386
4 3402 4303 3557 4322
4 95 2901 2587 3264
4 2557 2728 2824 4001
4 1466 1440 1473 4174
4 2629 2841 2956 4127
4 2469 2470 2463 3546
4 129 3717 3425 4180
4 3552 3686 2829 4356
4 268 4103 261 4123
4 1674 1667 1666 3976
4 451 445 452 3991
4 3204 3865 4251 4330
4 2643 3915 2852 4310
4 3066 4078 3127 4336
4 2551 2555 3356 3693
4 3042 4186 2667 4309
4 3117 3280 3815 4108
4 2703 3311 2788 3944
4 2737 2857 2774 3477
4 2036 1703 2060 3989
4 2822 3371 3462 4104
4 2940 4150 3993 4283
4 548 3587 549 4151
4 2854 3324 2761 4072
4 1159 1161 1160 4262
4 3303 3456 2812 3901
4 3385 3815 3280 4108
4 2801 3466 2691 4281
4 2928 3177 3157 3532
4 3149 3235 2862 3431
4 3726 3759 3203 4249
4 789 810 811 4349
4 391 401 402 4124
4 2081 3173 2065 3544
4 2674 2704 2563 4070
4 3060 3221 2608 3299
4 1349 3345 492 3346
4 2606 2680 2844 3087
4 1171 1172 3933 3962
4 2100 2101 2081 3173
4 363 362 3649 4081
4 3453 4123 3281 4310
4 2623 2978 3922 3973
4 2529 3518 2605 4327
4 2515 3577 3262 3992
4 1366 1370 1365 3502
4 348 3144 360 3988
4 2503 3297 3493 4022
4 2777 2776 3330 3679
4 1165 1204 1206 4132
4 2176 2182 2177 3894
4 776 3851 797 4407
4 2147 2131 2130 3909
4 3379 3784 3030 4087
4 880 3098 867 3981
4 2832 2878 2609 4392
4 1894 1888 3177 4209
4 3574 3602 3140 4075
4 3316 3391 1789 3769
4 1870 3827 1869 3899
4 2633 2978 2845 3869
4 256 255 243 4282
4 2076 1720 2095 3989
4 469 474 2801 3664
4 3778 4071 3365 4073
4 2226 3959 2227 3987
4 1918 1917 2899 3925
4 1983 3673 1982 4029
4 429 3287 438 3657
4 494 496 442 3431
4 1456 3647 1492 4030
4 2679 3724 2855 3942
4 2819 3755 2758 4381
4 615 617 616 4199
4 2673 3796 2968 4061
4 2770 3703 3065 3721
4 1666 3976 1641 4276
4 680 3168 672 4190
4 2718 4136 3350 4349
4 164 93 3202 3825
4 2680 3062 3309 3573
4 2158 2160 3062 4105
4 2862 3149 3431 4018
4 2463 2465 2455 4116
4 97 104 2507 3786
4 448 456 455 3466
4 2438 2439 2436 3477
4 2932 4012 1990 4198
4 2589 2948 2923 3335
4 2764 2784 2648 2955
4 1713 2060 1703 3989
4 2965 4201 2847 4217
4 3881 4242 3070 4396
4 2721 2718 3154 4349
4 2211 2305 2297 4420
4 3496 3976 1672 4276
4 2800 2895 2770 4302
4 3383 3467 3382 4073
4 989 961 3222 3813
4 3084 2803 3217 4206
4 392 391 402 4124
4 2544 3007 3756 3907
4 2494 3517 3122 3566
4 2621 3345 3344 3346
4 2115 2365 3852 3911
4 2823 4089 3725 4175
4 3300 3514 2785 3696
4 276 261 3281 3641
4 2821 3031 3381 4139
4 2834 2898 3406 4352
4 2559 3068 3146 4424
4 3660 3815 2634 4108
4 519 510 511 3580
4 900 890 901 4141
4 2935 3089 2866 3942
4 2678 2782 3136 3163
4 2960 2680 3306 3733
4 2963 3379 4143 4166
4 1523 1515 1384 3399
4 2724 2566 2971 4034
4 2882 3857 3479 4265
4 2910 2808 3520 3927
4 2179 2178 2184 3894
4 615 3257 613 3970
4 3462 3752 2942 4244
4 2586 3366 2617 4097
4 2508 3818 3945 4108
4 1309 3194 1304 3763
4 260 3641 256 4088
4 2726 3111 2798 4145
4 2509 3449 3448 4379
4 460 459 453 3034
4 3147 3884 3755 4405
4 2509 3135 3448 3449
4 781 744 742 4136
4 2370 3106 3331 3852
4 2544 3007 3527 3756
4 1822 2907 3097 4066
4 3668 3967 3038 4046
4 2458 2459 2453 4189
4 2976 4186 3042 4309
4 2992 3335 2672 3710
4 92 29 83 3160
4 2855 2856 2679 3220
4 1294 3955 1330 4409
4 2180 3352 2181 4231
4 2810 3922 3248 4437
4 2367 2368 2363 3806
4 3572 4063 2858 4307
4 2653 3626 2859 4079
4 3248 3475 2880 4084
4 1859 2907 1857 4338
4 2691 3270 2801 3609
4 3113 3617 3441 3924
4 896 881 879 3920
4 2598 3674 2706 4101
4 1376 1379 1382 3299
4 2742 2553 3952 4148
4 619 621 620 4199
4 1997 2000 1998 3814
4 2022 4012 1990 4013
4 3119 3471 3120 4233
4 2730 3079 2916 3080
4 2939 3726 3203 4249
4 847 3799 3595 3847
4 1931 3005 3890 4411
4 2895 3360 1023 3912
4 1872 1877 1884 4204
4 2214 2216 3243 3821
4 3366 4069 2974 4221
4 930 931 948 3524
4 1470 1471 1464 3687
4 2607 2757 2970 3963
4 229 216 217 3354
4 2180 2179 2185 3454
4 440 441 3286 3287
4 3026 3155 2825 3738
4 3725 4089 118 4175
4 681 680 672 4190
4 37 82 154 3551
4 2550 2516 2753 3685
4 1392 1523 1384 3399
4 336 435 434 3804
4 350 3353 3649 3727
4 2542 3601 4251 4330
4 3571 3572 1758 4176
4 195 192 193 2521
4 403 413 410 3549
4 2145 2129 2128 3909
4 2010 2171 1986 4100
4 709 707 714 710
4 378 3984 366 4333
4 2607 3969 3479 4440
4 2582 2691 2835 3440
4 2673 4061 3233 4337
4 2438 2440 2442 3741
4 1689 1688 3267 4315
4 2920 3921 3739 3977
4 2747 3025 2932 3349
4 2592 2881 2835 3802
4 2502 3523 2990 3632
4 1316 3209 1317 4120
4 489 4397 3495 4410
4 1160 1158 1159 4262
4 2967 3762 2637 3961
4 3320 3394 2795 4064
4 551 575 3209 3315
4 3615 4109 2667 4186
4 2672 3713 3161 3991
4 3365 3778 2854 4071
4 2593 2533 3751 4200
4 2916 3313 2730 3882
4 828 829 826 3294
4 2729 2937 2895 3707
4 1157 3234 3372 3848
4 631 630 3844 3949
4 2813 3589 3587 3954
4 1566 1538 1539 4275
4 3206 3820 3071 4297
4 1453 4030 1451 4140
4 61 3201 60 4046
4 1245 1246 1259 3950
4 3436 3518 2686 4182
4 1613 3712 1692 4217
4 2738 3001 3216 4307
4 1889 3537 1877 3691
4 2184 2185 2179 3894
4 1106 3443 3265 3552
4 2460 2467 2468 3336
4 2090 3175 2091 4154
4 2522 2827 2615 4054
4 3660 4163 2871 4368
4 2663 3041 3808 3969
4 558 3420 596 3492
4 2530 3744 3193 4024
4 3026 2811 3438 3538
4 64 71 2996 3541
4 2560 3038 3143 3958
4 2545 4214 2700 4300
4 3281 4123 2991 4310
4 2718 3350 3910 4349
4 474 3664 475 4360
4 616 614 615 4199
4 2858 2859 3571 3572
4 1612 1611 1571 4077
4 1308 3340 3515 3941
4 2560 3130 2705 3958
4 980 3138 1005 4038
4 75 117 69 3619
4 2266 2237 2238 4316
4 1981 3080 3012 3673
4 2891 3698 3480 4430
4 2121 2374 3024 3542
4 2226 2244 3959 3987
4 2591 2638 2530 2660
4 1986 2171 2141 4100
4 2873 2829 3443 3933
4 732 3433 723 3895
4 389 3672 3398 3984
4 3232 3470 2512 3632
4 2518 3606 3566 3838
4 900 3760 3644 4141
4 2193 2203 2289 3469
4 2628 3707 2839 3837
4 2297 2289 2203 3469
4 3052 3503 2868 4280
4 229 3354 240 3435
4 1628 3764 821 4395
4 255 256 260 3641
4 3343 4112 2836 4373
4 642 643 666 3438
4 2838 2884 3145 3669
4 2867 2651 3883 4212
4 1309 1308 2448 3515
4 2517 2566 3297 3375
4 2665 3453 3123 4225
4 3216 3680 1721 3975
4 3872 4131 2978 4391
4 1017 3132 1041 3779
4 2850 3746 2635 3919
4 2839 3339 2905 3570
4 847 3595 854 3847
4 2760 3027 3680 3975
4 2423 2418 2424 3318
4 2542 3479 3579 4271
4 2024 1994 2026 4013
4 3468 4104 4076 4121
4 2560 2705 2682 3514
4 742 780 781 4136
4 2159 2135 2136 4105
4 439 430 437 3657
4 413 3749 3549 4280
4 1571 1611 1569 4077
4 2524 4022 2577 4312
4 1994 2024 1992 4013
4 1139 1109 1108 4297
4 2887 3040 3524 3561
4 2940 3319 4149 4283
4 3120 3993 3119 4233
4 2672 3710 2948 3955
4 2155 2133 2134 4105
4 3081 3683 3164 4158
4 1409 1743 1408 3095
4 2496 3525 3494 3533
4 2806 3576 1364 4174
4 944 3222 4075 4269
4 2739 2926 2827 3950
4 2420 3316 3665 3889
4 2964 3979 3728 4391
4 2977 3065 2696 3922
4 3216 3976 2738 4194
4 2506 4022 2524 4312
4 2557 3923 3720 4001
4 2581 4183 3198 4391
4 1600 1599 3468 4076
4 2879 3336 2876 3936
4 2685 2814 3638 4188
4 790 3682 738 4008
4 3143 3200 2966 3918
4 1324 3955 1316 4120
4 1157 3372 3234 3962
4 2563 3597 2817 4070
4 2500 3358 3744 4115
4 2580 4382 2711 4383
4 620 618 619 4199
4 1228 2228 2229 3296
4 2229 1229 1228 3296
4 507 502 3745 4311
4 2185 2186 2180 3454
4 3398 3672 389 3943
4 579 555 556 4151
4 847 843 854 3595
4 2792 2835 3466 3657
4 3261 2780 3365 4093
4 2631 3520 3567 3759
4 2945 3505 3785 4159
4 2962 3415 2793 4195
4 3502 3531 3344 4107
4 1121 1195 1194 3263
4 2679 3724 3192 3994
4 2976 3155 3932 4151
4 739 740 3682 3700
4 1847 2907 1859 4293
4 2734 3148 2776 3554
4 2420 3316 2419 3665
4 2761 3324 2973 3325
4 3140 3282 2841 3981
4 3382 4071 3047 4073
4 2569 2641 2657 3696
4 3005 1839 4027 4253
4 3008 4026 3904 4253
4 3266 4031 2769 4422
4 3436 2580 4131 4382
4 1222 1239 1238 4316
4 2694 3937 4101 4163
4 620 3277 622 4165
4 2517 2538 3652 3777
4 2117 2116 2115 3852
4 1527 3255 1528 3410
4 2812 4130 4253 4411
4 2841 3098 2956 3602
4 3490 3789 2837 3829
4 2873 2678 3136 3240
4 1377 1371 1374 3531
4 2618 4321 2875 4441
4 431 3342 3149 3802
4 1340 4206 3170 4409
4 3216 3690 2738 3976
4 3144 2875 4321 4441
4 3176 3531 1386 4051
4 1161 3234 1159 3848
4 3312 3496 1581 4110
4 66 3276 56 4011
4 1090 3373 1091 3686
4 1867 1853 3898 4083
4 3169 3791 3275 4277
4 3483 4236 3181 4242
4 3038 3668 3728 3967
4 2569 3958 2705 4366
4 156 163 41 2831
4 3008 2812 3455 3456
4 1371 3531 3502 4107
4 145 4023 140 4247
4 2661 3599 2875 4441
4 2626 4018 3183 4359
4 1703 3079 1670 4445
4 2758 3091 3960 4321
4 2964 3525 2572 4383
4 1663 1638 4110 4276
4 2514 3525 2669 3780
4 2742 2963 3384 4166
4 370 3091 382 4333
4 1523 3399 2935 3694
4 2602 3108 3313 3882
4 2425 1829 2426 4082
4 2570 3625 3064 4254
4 338 3528 339 3743
4 1468 3039 3687 3944
4 3581 4354 4182 4382
4 185 3771 3693 4126
4 1177 1185 3508 3843
4 2676 2570 3402 3625
4 1308 3515 3763 3941
4 2701 3900 2980 4138
4 2843 3254 2630 3978
4 2258 2250 2257 4367
4 2757 3024 3963 3966
4 3096 3945 3818 4108
4 3490 3698 2520 4423
4 1639 1640 1632 4276
4 1345 3464 1344 4397
4 2757 3267 4012 4198
4 3207 2634 3818 4246
4 187 29 92 3160
4 786 750 748 4008
4 3325 3382 2994 3467
4 649 3737 770 4190
4 2841 2686 3242 3978
4 490 4019 482 4091
4 3111 892 3765 4274
4 3123 3519 2851 4289
4 643 667 666 3438
4 2737 3344 2668 3531
4 2528 3402 4322 4442
4 1820 3318 1809 4195
4 193 195 2521 3771
4 3311 3413 1418 3834
4 3300 3696 2785 3903
4 2180 2181 2153 4231
4 2595 3752 3961 4337
4 3193 3744 3245 4011
4 3648 4254 3383 4273
4 93 102 2585 3825
4 3076 3823 2628 4402
4 1427 3311 1416 3719
4 2887 2697 3333 3767
4 1806 1804 1805 3611
4 1892 1897 1891 4258
4 507 3745 3083 4311
4 3109 3715 3250 4219
4 3171 3178 2720 3285
4 3289 3316 2921 3805
4 3036 4201 2847 4271
4 3005 3153 3035 3890
4 2641 3393 3023 3607
4 2723 4381 2758 4406
4 2788 3039 3413 3687
4 2941 3788 3485 3789
4 3872 4119 2978 4131
4 60 3200 68 3201
4 2844 3733 3165 4080
4 2829 2745 3552 4356
4 3208 3598 3640 4404
4 2513 3193 3506 3744
4 730 738 731 753
4 2640 3009 2962 4213
4 347 348 342 3988
4 2793 2652 3415 4213
4 3463 3660 2598 4101
4 2084 2085 2083 3172
4 3660 3818 2634 4246
4 387 396 395 3836
4 1979 3080 1963 4313
4 2697 2786 3105 4334
4 1797 3318 1809 3736
4 2687 3366 2617 3637
4 2605 3054 2843 4232
4 2706 2853 3405 3900
4 1384 3399 1505 3576
4 1465 3290 1474 3944
4 494 442 3342 3431
4 2165 2167 2168 3298
4 3071 2728 3222 3779
4 2924 2992 2946 3864
4 2806 1364 3651 4174
4 3233 3812 2673 4337
4 3128 3829 3592 4062
4 2438 2442 3477 3741
4 1122 3392 1100 3768
4 2692 3884 3755 4433
4 172 91 162 3551
4 1660 1659 1634 3310
4 2723 3550 2798 3734
4 3385 4108 3096 4412
4 1134 3114 1133 3896
4 1672 3976 1673 4276
4 1527 683 682 3410
4 426 3678 3657 3802
4 2825 3674 3738 4074
4 2712 2639 3177 3536
4 1381 1387 1380 3585
4 629 3670 628 3908
4 1080 3372 1082 3373
4 1290 1294 3953 3955
4 2722 3069 3635 4323
4 2992 3346 2946 3864
4 1378 3176 1379 3502
4 2256 2248 2255 4417
4 3061 3612 1830 3898
4 2816 3511 3588 4266
4 2279 2257 2256 4328
4 463 2791 4049 4365
4 3168 4190 2944 4193
4 2616 3029 2988 3900
4 3543 3985 3044 4165
4 3520 3567 2938 3927
4 2922 4012 2025 4013
4 2547 3381 4149 4150
4 2887 3014 2697 3767
4 682 1526 1527 3410
4 3096 3841 3793 4412
4 322 305 3145 4153
4 592 1416 3403 4133
4 99 90 188 4247
4 2434 3477 2436 4387
4 2941 2769 4031 4218
4 4045 4077 1539 4275
4 1003 3703 3065 4038
4 295 279 296 3659
4 1905 3153 3890 4185
4 3141 3605 2932 4085
4 1958 1945 1959 3753
4 2779 2923 2756 3804
4 2584 2771 2695 4413
4 2682 4156 3669 4362
4 1615 3159 3178 3285
4 2664 3319 3320 4149
4 2986 2949 3229 4322
4 2978 3793 2633 3973
4 3154 4284 3476 4434
4 2698 2782 3234 3372
4 492 3345 487 4091
4 3210 3617 3441 3934
4 379 3398 389 4124
4 802 3304 818 3526
4 2545 3747 3746 4214
4 1094 1095 1103 3396
4 3014 3767 1073 3974
4 417 869 416 4319
4 1801 1813 3316 3769
4 3027 3437 1685 4315
4 3408 3409 2563 4070
4 2598 2694 4101 4368
4 333 3085 427 3679
4 1951 4026 3730 4027
4 2789 3007 3019 3329
4 2525 3793 2978 3973
4 3130 2591 3594 4366
4 564 573 572 3609
4 1395 1403 1396 4306
4 446 496 454 3807
4 248 262 263 3386
4 847 843 3595 3799
4 427 433 441 3085
4 3111 3422 892 4274
4 2757 3969 3041 4207
4 507 502 500 3745
4 2862 3431 3235 3807
4 2123 2122 3306 4340
4 2549 2647 3696 3903
4 1780 1777 1769 3471
4 172 125 4089 4175
4 2275 3451 2276 3959
4 2749 2784 2818 3628
4 2379 2386 2372 3522
4 2601 3845 3367 4260
4 176 2974 3825 4221
4 79 56 3378 4011
4 3172 3173 2101 3852
4 1930 2899 3564 3986
4 2592 2778 3330 3509
4 2542 3479 3317 3579
4 965 950 966 3658
4 605 3209 582 3315
4 2967 3762 3647 4030
4 2498 3629 2995 4389
4 2055 2982 2054 4080
4 1317 3315 1318 4120
4 2550 2621 2668 2774
4 2828 3691 3061 3880
4 2566 2724 2680 3414
4 2675 3173 2773 4098
4 614 3257 3970 4199
4 1368 3781 3419 4092
4 2788 3413 3412 3687
4 3254 3388 2529 4232
4 1931 3890 3094 4411
4 3125 3644 2750 3823
4 2481 4116 2455 4234
4 400 3672 3549 3943
4 2161 2136 2137 3223
4 1170 3686 3136 3933
4 2769 2892 3480 4218
4 75 3619 65 4292
4 583 603 574 3209
4 2675 4342 3165 4343
4 965 949 950 3658
4 2557 3849 2728 4001
4 2726 3765 3111 4145
4 3106 3331 2700 3584
4 833 2947 3059 3359
4 250 4088 3453 4123
4 192 133 144 3370
4 1837 3374 3455 4411
4 2506 3706 4022 4388
4 2622 3754 3046 4347
4 1814 2425 1802 3316
4 633 3985 3543 4165
4 657 656 655 4408
4 2645 3527 3397 3756
4 2731 3110 3107 4215
4 303 302 319 3731
4 1159 3962 3234 4262
4 3011 4370 2727 4440
4 2727 3479 3164 4265
4 2461 3546 2460 4377
4 410 400 3549 3943
4 1883 3328 1871 4205
4 2598 2694 3674 4101
4 2632 3152 3461 4288
4 1759 3377 1768 3931
4 2534 3652 3633 3683
4 599 3609 598 4016
4 2627 3734 2959 4381
4 2594 3283 3784 4143
4 2572 3535 3358 3839
4 2475 2988 2476 4155
4 2667 4309 3638 4443
4 2556 4101 3660 4299
4 2559 3146 3485 4424
4 2720 2860 2795 3965
4 1333 3218 1327 4074
4 451 2998 3991 4049
4 180 3488 108 4294
4 2765 2944 3854 3859
4 3027 3041 2757 4290
4 2512 3470 3108 4324
4 2960 3414 2680 4343
4 2676 3402 2570 3575
4 3716 3717 2501 3786
4 1908 1893 1887 3177
4 1326 4120 3315 4223
4 3808 3809 2882 4211
4 2116 3852 3173 4160
4 3556 3984 3672 4333
4 2560 3143 3130 3958
4 1181 1182 1190 3240
4 2839 2937 3339 4118
4 3069 3257 2872 4199
4 381 369 368 4124
4 2745 3396 3552 4356
4 2566 3414 2640 3457
4 215 3634 217 4035
4 1507 3424 3033 4245
4 2532 3478 4122 4221
4 3182 362 3649 3727
4 2498 2544 2994 3629
4 2824 2842 2790 4001
4 2871 3334 3090 4163
4 1040 3132 1016 3939
4 2808 3567 3520 3927
4 2805 3490 3829 4423
4 3088 3487 3603 4117
4 944 926 925 4269
4 1300 3681 1301 3710
4 305 304 293 3669
4 78 2740 63 3918
4 2544 3268 3272 3401
4 2860 3255 3171 3772
4 298 3003 313 4252
4 146 3990 142 4264
4 3112 3616 2848 4258
4 475 476 473 4360
4 2475 2447 2477 3661
4 3579 3809 2847 4271
4 1503 1502 1485 4092
4 701 3739 708 4364
4 2663 3041 3969 4207
4 2471 4155 2467 4189
4 1654 3308 1697 4168
4 2680 2971 2670 2982
4 3192 3724 3077 3994
4 866 867 3098 3847
4 3172 3821 2675 4342
4 2593 2703 3072 3971
4 103 96 83 3160
4 2142 2173 3428 3429
4 2330 1289 1286 3662
4 2456 3251 3250 4116
4 2838 3145 3144 3353
4 2600 2739 2666 4054
4 2551 2555 3369 3766
4 2398 2388 3604 4340
4 1380 1386 1377 3531
4 1294 3710 3953 3955
4 2917 2983 2610 3627
4 2549 3358 3278 4327
4 3043 2862 3615 3807
4 2956 3562 3561 4084
4 998 3658 974 4302
4 2761 3408 2817 4086
4 96 2507 3723 3980
4 1401 1390 1399 3521
4 2815 3556 3672 4381
4 2514 2590 2725 3780
4 2982 3814 2033 4056
4 2493 3179 3259 3416
4 199 99 188 4247
4 339 342 354 4252
4 1550 1551 3256 4010
4 3388 3849 3720 4001
4 3067 3619 2495 4292
4 2789 3000 2599 3019
4 2123 3306 2960 4340
4 2864 3922 2978 3973
4 2681 3316 3289 3805
4 3171 3273 687 3835
4 2578 2773 2708 3497
4 2626 3846 3732 4263
4 2521 2650 2526 3780
4 2582 2733 2781 3751
4 2516 2917 161 4240
4 3597 3640 3302 4259
4 706 3111 2897 3452
4 1086 1095 1094 4067
4 391 389 401 3398
4 1041 3132 1040 3939
4 3446 3758 2938 4361
4 2921 3377 2715 4079
4 923 907 906 3422
4 414 3749 413 3833
4 1914 1905 1915 4185
4 2778 3287 426 3657
4 445 435 436 3804
4 2782 3373 2697 3512
4 457 449 447 3466
4 2645 3756 3397 4130
4 1236 3124 1237 3816
4 1497 1496 1508 4245
4 1086 3014 1087 4067
4 325 3649 308 4042
4 1775 1773 3327 3709
4 3292 3819 2617 4021
4 2277 2255 2254 4328
4 3407 3630 1500 4256
4 332 426 428 3802
4 190 119 46 3488
4 2597 3635 2958 3982
4 2276 4202 2284 4328
4 2897 3452 3761 3977
4 45 108 113 4294
4 1602 3465 1603 4301
4 3026 2694 3538 3653
4 3081 3840 3683 4158
4 2742 2963 3888 4157
4 92 101 196 4181
4 3683 3840 2646 4158
4 2569 2638 2705 3435
4 3273 3277 2958 3887
4 1528 1544 1545 4386
4 2434 2433 2432 4387
4 2815 3398 2798 3943
4 1366 1363 1367 4107
4 2513 3696 2569 4167
4 2631 3274 3156 4347
4 2752 3812 3233 4337
4 2443 2442 2446 3661
4 2705 3514 2560 4167
4 1984 2008 2009 4100
4 1698 4198 1699 4315
4 911 927 928 4075
4 3489 2837 4157 4222
4 3089 4032 3588 4065
4 2705 2612 3129 3130
4 1222 1213 3241 3444
4 2541 3232 3734 4238
4 3076 4319 3644 4402
4 1081 3105 1083 3372
4 3614 3731 3187 4286
4 2685 3066 4188 4191
4 1097 1096 1088 4356
4 268 266 3590 4123
4 89 81 26 3361
4 906 922 923 3422
4 2775 3181 4236 4242
4 2669 2572 3525 4383
4 220 3453 221 4225
4 2661 3182 2975 3353
4 2124 2102 2118 2981
4 1366 1371 1370 3502
4 3115 3706 2524 3980
4 1109 1070 1068 3795
4 2898 2935 3694 4248
4 2798 2815 2723 3734
4 2214 2176 3104 3894
4 1436 1427 3719 3944
4 2087 3966 2104 4290
4 2162 2207 2206 4068
4 88 114 3725 4089
4 2994 3467 2748 3629
4 2798 3293 2597 3734
4 3580 4102 3083 4309
4 2598 2706 3674 4371
4 2215 2213 2212 3821
4 3288 3289 2907 4293
4 653 651 683 4000
4 2651 3883 3195 4041
4 2703 3290 3311 3944
4 2643 3453 3281 4310
4 80 130 33 3351
4 2848 2883 2828 3840
4 2206 2160 2162 4068
4 238 250 4123 4147
4 2616 3340 3941 4021
4 3183 3667 2626 4263
4 455 3663 463 4281
4 1088 1089 1097 4356
4 859 858 850 3968
4 2583 3077 3623 4129
4 2557 3470 3720 3923
4 1517 3424 3694 4248
4 1990 4012 2932 4013
4 387 3836 395 4416
4 83 29 178 3160
4 1888 1887 1893 3177
4 195 2526 3771 4126
4 3332 4077 3090 4275
4 1658 1698 1656 4198
4 3047 4071 3382 4350
4 3111 2897 4145 4364
4 578 579 3516 4384
4 451 3286 2998 4049
4 3036 2847 3809 4271
4 3042 3801 3083 4443
4 3317 3579 3479 4207
4 2514 2725 2558 3780
4 1429 3311 1427 3944
4 177 3295 2917 3838
4 3361 2501 3717 3786
4 2664 3181 3856 4236
4 2763 3515 3340 3941
4 469 3664 3663 4365
4 2696 3065 2977 4038
4 2736 4120 3301 4335
4 1733 4142 1726 4305
4 2678 3240 2954 3508
4 2529 3278 2530 4024
4 2164 2166 2208 4068
4 2675 2708 2606 3243
4 3105 3947 3333 4438
4 650 3757 611 4336
4 119 121 3488 4180
4 1663 1664 1638 4276
4 1020 1044 1045 4297
4 2597 3232 2798 3734
4 3135 3425 2497 3449
4 2912 3500 3205 4439
4 2951 3888 4096 4148
4 1729 1736 1735 3513
4 3292 3478 2701 3637
4 3094 3102 2741 3890
4 181 133 54 192
4 2608 3685 2676 4200
4 737 739 740 3682
4 679 670 671 4193
4 1763 1770 1760 3326
4 350 3353 324 3649
4 2764 2799 2555 3246
4 848 840 849 3968
4 3518 3978 2686 4182
4 380 381 368 4124
4 3266 2612 3916 4031
4 2089 2105 3966 4154
4 2943 3758 3446 4361
4 2696 3562 2580 3872
4 2009 1985 1984 4100
4 2330 2329 1289 3190
4 3009 3010 2793 4214
4 1584 1583 3596 4344
4 2496 3038 3668 3728
4 3904 4026 3455 4253
4 2608 2676 3060 4200
4 106 3850 117 4196
4 3025 1653 4168 4395
4 3284 4144 3775 4323
4 1797 3736 1809 4415
4 2586 3122 3517 3819
4 3052 3503 386 4416
4 2023 2046 2045 4012
4 2572 2678 2954 4054
4 1801 3316 1802 3769
4 3373 3974 3014 4356
4 2592 2835 2881 3015
4 4076 4104 3371 4121
4 739 740 3700 4349
4 2094 2086 2085 3165
4 2723 3116 3550 4015
4 688 3171 1532 4394
4 498 495 497 3948
4 3204 3992 3408 4241
4 2990 3523 3395 3952
4 33 84 80 3351
4 1410 1409 1398 4033
4 1045 1021 1020 4297
4 3347 3803 2537 4228
4 2509 3717 3425 4296
4 2623 3922 2864 3973
4 1722 3680 1723 3975
4 2214 2176 2175 3104
4 2965 3712 3334 4077
4 3030 3879 3569 3932
4 2699 3545 4242 4396
4 2170 2210 2168 4420
4 2897 3417 2798 4145
4 1069 1057 1067 4009
4 2686 3518 3254 3978
4 60 68 74 3201
4 2211 2210 2170 4420
4 2637 3260 3618 4244
4 2647 2957 3518 4111
4 2688 2832 3255 3410
4 984 3530 982 4358
4 942 924 923 4269
4 2520 3732 3063 3867
4 2022 1990 1992 4013
4 1594 1587 1586 4285
4 1953 1954 1951 3730
4 2731 3053 2890 4392
4 568 3420 3110 3613
4 180 108 45 4294
4 1800 3288 1812 3769
4 3038 2740 3245 4046
4 2515 3408 2761 4086
4 2859 2865 2653 3377
4 1456 4030 1454 4234
4 2778 3330 2776 3679
4 1214 1191 1215 3241
4 594 3107 592 3403
4 2845 2977 2864 3539
4 105 115 26 3361
4 2022 1992 2024 4013
4 172 100 3551 4089
4 3304 2839 3570 4118
4 92 3160 96 3723
4 3201 3783 2997 3967
4 3061 3873 3411 4095
4 2929 4117 3487 4418
4 2375 3542 2122 4340
4 3083 4102 3042 4309
4 2948 3217 2914 3955
4 133 3370 181 4268
4 185 184 2551 3236
4 3183 4018 2744 4359
4 160 3366 176 4221
4 3233 4337 2834 4352
4 1546 1545 1553 4341
4 3100 3968 3458 4028
4 1649 1651 1652 4168
4 90 103 3226 3706
4 2888 3524 3139 4127
4 2546 2656 2755 2894
4 2880 4084 3098 4390
4 3279 3828 3364 4228
4 925 943 944 4269
4 135 132 136 3946
4 2592 3330 3500 3870
4 2750 3658 3125 3851
4 2393 3377 1768 3391
4 2724 3223 2877 4034
4 3581 2678 4354 4382
4 1799 1798 1792 4233
4 3088 2775 3596 4418
4 80 130 3351 4023
4 2582 3751 3205 4439
4 2520 3169 3789 3790
4 2667 3569 3932 4186
4 2532 2701 2571 3478
4 1599 1606 1607 4121
4 2986 3205 2527 3718
4 4306 4331 2856 4345
4 406 396 398 3836
4 2862 3431 3043 4018
4 2595 2822 3796 3961
4 2606 2708 2545 2809
4 1913 3536 1926 4258
4 658 3970 3273 4199
4 3063 3893 3870 4148
4 1790 3611 3271 4414
4 2089 3966 2922 4154
4 131 4046 141 4264
4 3667 3879 3183 4109
4 975 3721 1000 4302
4 2898 3406 3089 4248
4 1737 1755 3326 3972
4 3043 3948 3801 4443
4 1091 3373 3372 3686
4 672 673 681 4190
4 2757 3024 2970 3963
4 1548 1547 1555 4341
4 2556 3150 2980 3577
4 1313 1318 606 3315
4 1318 3315 1326 4120
4 1388 1385 1386 4051
4 1530 1546 1547 4341
4 2509 3228 3313 3842
4 2541 2990 3632 4238
4 2593 3402 2676 3575
4 3341 3806 3002 3911
4 2533 3685 2608 4200
4 1636 1619 1635 4313
4 1658 4198 1656 4395
4 396 3052 395 3836
4 3250 3251 2457 3653
4 2649 3812 3056 3957
4 2815 3672 2723 4381
4 690 3538 691 3653
4 2829 3136 3686 3933
4 3222 3813 961 4075
4 2605 2529 3393 4232
4 2518 4097 3819 4375
4 401 389 399 3398
4 584 582 575 3315
4 3029 3170 2803 3654
4 429 428 426 3802
4 2576 3575 3563 3971
4 1393 1385 1388 4051
4 1398 3089 1410 4032
4 1865 3688 1872 4295
4 3002 3341 2865 3806
4 2608 2849 4020 4170
4 2922 3024 2670 4154
4 739 3682 3154 3700
4 2922 3175 2670 4013
4 2647 3131 3059 4111
4 3427 3756 2645 3901
4 2528 3648 3575 3886
4 2430 1423 1353 3419
4 1333 2469 2474 3405
4 185 200 3236 3771
4 2917 2687 4097 4240
4 2523 3365 3598 4072
4 2907 3288 3274 4014
4 2687 2617 3366 4097
4 2839 2807 3304 3526
4 1485 1486 1503 3307
4 3043 3615 3301 3807
4 3499 3810 2695 4372
4 1538 694 4045 4275
4 2653 3448 3805 3919
4 1139 1108 1138 4297
4 2550 2625 2516 3565
4 2592 3509 3063 4036
4 2997 3668 3201 3967
4 2649 3477 3158 3741
4 2888 3892 3524 4009
4 241 253 240 4147
4 2628 3823 3707 4402
4 2669 2678 2873 2954
4 3320 4149 3319 4283
4 2493 3180 3946 4043
4 342 3556 354 4252
4 3055 3577 3207 3992
4 868 417 4028 4319
4 468 3609 4281 4360
4 2565 2789 2713 3000
4 2516 2687 2917 4240
4 1737 3972 3041 4290
4 2114 3806 2113 3911
4 2607 2747 3963 3964
4 336 3235 435 3804
4 1250 1249 1245 3950
4 1114 3947 1077 4438
4 3033 3407 1509 4256
4 3624 4128 2659 4161
4 100 91 172 3551
4 3102 3153 4204 4205
4 323 322 306 3669
4 2530 3506 3193 3744
4 2729 3349 2937 3764
4 1374 1380 1377 3531
4 2607 3479 3317 4440
4 357 346 341 3798
4 2434 2438 2436 3477
4 2900 3458 3100 3903
4 3005 4130 2741 4253
4 2986 3205 2505 3776
4 3296 3832 1228 3848
4 2946 2992 2621 3346
4 1701 3216 1700 4194
4 1595 1587 1594 4285
4 3851 4118 796 4407
4 1345 4397 489 4410
4 1178 3443 3686 3933
4 2564 2804 2555 3227
4 1226 2227 1227 3987
4 2297 2203 2211 4420
4 2262 2264 2265 4374
4 2225 1225 1145 3987
4 1145 2132 2225 3987
4 3043 3801 3042 4443
4 942 923 941 4269
4 1226 2226 2227 3987
4 2264 3133 2266 4374
4 1809 3318 2423 4195
4 2856 2676 4306 4345
4 1548 3772 3822 4110
4 1605 3269 1604 4217
4 3365 4071 2854 4072
4 2168 2166 2165 3298
4 582 3209 575 3315
4 3114 1148 3357 4105
4 2589 3819 2952 4097
4 2706 3029 2803 3654
4 2840 3825 3264 4267
4 1509 3407 1500 4256
4 2814 3638 3529 4309
4 2429 3675 2427 4195
4 4122 4221 4086 4267
4 2367 3806 2362 3931
4 2939 3758 3225 4259
4 3537 3560 1889 4204
4 1739 2855 1741 3220
4 2784 3628 3671 3909
4 1170 3136 3686 3962
4 300 312 314 3528
4 2433 2436 3914 4387
4 187 92 196 4181
4 2803 2614 3704 4371
4 2714 3069 2958 3273
4 1795 3611 1790 4414
4 315 3528 312 4252
4 1104 3552 1105 3896
4 898 3602 887 3981
4 2520 3063 3888 3893
4 3146 3867 2892 4423
4 2734 3824 3363 3846
4 3004 3737 2905 3859
4 2944 3004 3737 4190
4 3342 3948 2744 4311
4 3861 3862 2973 3863
4 160 176 3202 4221
4 403 410 400 3549
4 1055 1054 3524 3767
4 2761 4086 4007 4122
4 2012 2011 2037 3442
4 2524 3547 2507 3980
4 2112 3510 2111 3806
4 3015 3948 3342 4311
4 2583 3077 4129 4161
4 2173 3104 2149 3428
4 446 454 3161 3807
4 2495 3238 3239 3389
4 1729 3513 1730 3975
4 2685 3638 3083 4311
4 2864 3360 2977 3922
4 2662 3951 3858 4191
4 1231 1207 1205 4339
4 3008 3904 3729 3905
4 531 529 560 3492
4 2873 3136 2829 3933
4 305 3145 304 3669
4 2097 3188 2096 3806
4 448 3287 3286 3466
4 3058 3345 2992 3346
4 3037 3979 3728 4167
4 508 509 501 3801
4 2668 2857 2737 3531
4 2882 3479 3969 4265
4 2541 3470 3439 3982
4 2949 3228 4322 4324
4 2419 1802 2425 3316
4 2522 3693 3771 4126
4 1424 1362 1352 3419
4 2604 2783 3316 3665
4 383 373 3503 4279
4 1159 3234 1161 4262
4 1206 1167 1165 4132
4 2851 3484 2833 4146
4 888 4141 882 4319
4 1340 2475 1339 2488
4 2566 3375 2517 3841
4 2588 4064 2936 4307
4 1764 3326 1763 3972
4 1820 1809 3318 3675
4 2021 1988 4012 4198
4 921 3561 3475 4084
4 137 3215 3533 3946
4 2584 2695 3499 4413
4 298 300 286 3185
4 2730 3442 3188 3989
4 1652 1696 3695 4168
4 561 590 562 4000
4 2180 2181 3352 3454
4 2510 3143 3038 3967
4 58 10 117 69
4 3144 4321 3474 4441
4 1330 1331 3217 4120
4 474 479 485 3664
4 3205 3751 2986 4439
4 2858 4063 3394 4064
4 1699 1698 1658 4198
4 3028 3644 2750 4437
4 2786 3628 3432 3947
4 2423 1809 2417 3318
4 2782 2829 2678 3136
4 1385 3176 1386 4051
4 2524 2639 2565 3532
4 3363 3554 2734 4429
4 3358 2572 3581 4115
4 2766 3404 3317 3797
4 729 722 3433 3761
4 3359 3830 2957 4111
4 3660 2634 3818 4108
4 920 905 912 4084
4 3362 2891 3667 4109
4 2538 3777 2517 3841
4 122 120 3229 3725
4 1465 1466 3290 3719
4 1921 1913 1907 3536
4 1983 1967 1966 3673
4 2497 3369 3236 4444
4 3164 3479 2542 3601
4 2939 3152 3567 4249
4 431 428 432 3802
4 2978 3869 3793 4119
4 2508 3179 3416 4246
4 3433 3895 2796 3921
4 546 547 555 4151
4 2441 3740 2484 4351
4 2576 3031 3885 3886
4 2143 2173 2149 3428
4 438 426 440 3287
4 2785 3486 2657 3514
4 138 3370 133 4268
4 1819 2893 3675 3898
4 1844 1823 1843 4293
4 2603 3633 2674 3840
4 2623 2729 3707 3973
4 2316 2315 2333 4227
4 2752 3588 3855 4352
4 2718 3154 3178 4284
4 497 505 506 3745
4 2907 3048 2743 3274
4 645 3591 3337 4193
4 3091 3144 2875 4321
4 2840 3268 2601 3409
4 2565 2789 2599 3329
4 3437 3695 3210 3934
4 1191 1192 1215 3676
4 80 4023 3351 4304
4 866 867 885 3098
4 2895 2937 2729 3349
4 1367 3419 1368 3781
4 410 3417 409 3943
4 2636 2833 2768 4357
4 2514 3494 2590 3525
4 1737 1728 1731 4290
4 2582 2691 2781 2801
4 2693 3271 3086 3611
4 653 4000 683 4408
4 775 796 795 4118
4 1949 3904 1952 4026
4 3111 3252 2721 3452
4 1136 1152 1151 3897
4 1236 1153 1219 3897
4 2775 4236 3483 4242
4 779 789 811 4349
4 1982 1983 1966 3673
4 2446 3636 2442 3741
4 2033 2982 2031 3814
4 852 853 842 3595
4 2456 3250 1457 4234
4 2912 3330 2610 3877
4 2584 3788 3485 4291
4 2545 2658 2809 4048
4 3046 3716 2536 3754
4 2680 2724 3062 3087
4 1695 1696 1685 3437
4 1899 3153 1905 4185
4 3293 3635 2597 3734
4 1462 1464 3412 3687
4 3154 3910 3178 4434
4 655 653 684 4408
4 720 727 3452 3682
4 1999 3814 3666 4056
4 2214 3243 3104 3821
4 3141 2932 4013 4085
4 1583 1591 1584 3596
4 1149 3114 1150 3223
4 301 302 289 4286
4 1783 1794 1784 4415
4 3232 3720 3470 3923
4 3148 3554 2999 3677
4 3300 3514 3037 4039
4 2722 3277 3069 4323
4 2557 3121 2728 3849
4 496 3431 3043 3807
4 1317 3209 605 3315
4 2866 4065 3588 4266
4 2285 2284 4202 4328
4 3538 3653 2694 3715
4 2752 3511 2972 3623
4 2667 4186 3932 4309
4 192 188 3226 4247
4 2588 2936 3078 4307
4 379 3984 3398 4124
4 172 118 125 4175
4 2603 2848 3018 3683
4 2691 3107 3110 4215
4 1545 1529 1528 4386
4 2855 1741 3220 3942
4 2597 3982 2958 4284
4 466 3199 467 3713
4 2693 3857 2882 4265
4 1690 3267 1699 4012
4 2951 4166 3384 4188
4 3312 4117 3822 4285
4 3380 3472 2502 3850
4 2982 3175 2031 3814
4 2637 3639 3371 3762
4 2592 3330 2778 3500
4 1819 1820 1835 3675
4 1539 696 1540 4045
4 696 1539 695 4045
4 2498 2974 3862 4267
4 2113 3806 2363 3911
4 3098 3426 2880 4390
4 1899 4204 3153 4205
4 3393 4232 2529 4287
4 1532 3171 1531 3772
4 3028 4319 3501 4402
4 2570 3383 3192 3648
4 300 314 301 4286
4 2733 3221 2849 4410
4 3183 3667 2891 3879
4 2922 2670 3175 4154
4 403 413 3549 4280
4 2538 3777 2607 4440
4 2303 2302 2310 3586
4 3259 3081 3633 3652
4 1230 3832 1229 4278
4 1314 586 1315 3516
4 795 774 775 4118
4 578 579 587 3516
4 2939 3567 3759 4249
4 3337 2944 4040 4326
4 2724 3087 2680 3414
4 2690 4125 2787 4163
4 2967 3961 2834 4061
4 2581 3198 4183 4329
4 3188 3442 2061 3989
4 1730 3975 3001 4305
4 3598 4072 3365 4093
4 2541 3632 3232 4238
4 1953 3729 3904 3905
4 1764 3327 3326 3972
4 2967 3796 3961 4061
4 519 510 3580 4102
4 1856 3650 2931 3675
4 1640 3926 1632 4276
4 1589 3312 1588 4044
4 2607 3777 2735 4440
4 3587 3954 549 4151
4 2563 3409 3633 4070
4 3080 3673 1981 3939
4 695 1539 1538 4045
4 695 1538 694 4045
4 3746 3805 3448 3919
4 2851 3460 3459 4289
4 1746 1747 2919 4345
4 3376 2882 3809 4211
4 2523 3324 4072 4404
4 2993 2748 3383 3467
4 2508 3660 3463 4246
4 3347 2537 3828 4228
4 1547 1531 1530 4341
4 2852 3915 2991 4310
4 270 3659 285 4156
4 2036 3442 1703 3989
4 2435 3740 2946 4351
4 2558 3297 2658 3375
4 153 141 135 3668
4 2675 2606 3165 3821
4 657 655 3186 4408
4 2853 3336 2673 3546
4 73 3103 2504 3447
4 2583 3064 3994 4161
4 1271 1218 1268 3843
4 3342 3656 3015 3802
4 3066 3420 529 3492
4 2819 3434 3003 4252
4 2674 3633 2601 4070
4 1716 1723 3027 4290
4 888 4028 4141 4319
4 2834 4061 3796 4337
4 2775 3181 4242 4418
4 2672 3034 3199 3713
4 2937 4118 3851 4407
4 2306 2307 4184 4374
4 653 683 684 4408
4 2600 2650 2526 3258
4 61 62 2740 4046
4 2559 2833 3917 4372
4 2614 2803 3654 4371
4 1380 3531 1374 3781
4 2493 3416 3652 3945
4 2689 3118 2871 4369
4 2449 3340 2450 3636
4 1748 2489 1745 3504
4 1979 1963 1621 4313
4 2646 3164 3601 4095
4 3749 3833 2868 4280
4 1267 1281 1282 3878
4 2496 3990 3533 4264
4 2605 4111 3294 4173
4 2324 2344 2322 3742
4 3660 4108 3818 4246
4 2760 3216 3001 3975
4 612 3257 3908 4336
4 2572 2678 4054 4354
4 1533 1549 1630 3285
4 2631 3461 2743 4347
4 1557 1638 1630 4110
4 2623 4183 3198 4329
4 2630 4127 3540 4334
4 267 268 266 3590
4 1343 3473 484 4397
4 2895 2864 3360 3912
4 1960 1946 1943 3247
4 2821 3203 4139 4273
4 1845 2907 1842 4066
4 827 364 3450 4081
4 339 3743 3528 4252
4 1214 1215 1224 3241
4 2540 2629 3512 3540
4 1529 3255 1530 3835
4 790 752 788 4008
4 246 252 3281 4123
4 2626 2881 4018 4359
4 127 116 3380 3776
4 2987 3245 3535 4011
4 641 632 633 3543
4 290 303 291 3614
4 1802 3316 1789 3769
4 1636 1620 1619 4313
4 640 632 641 3543
4 2706 2598 4101 4371
4 2927 2997 3622 3668
4 2836 3068 3499 3893
4 1665 1673 3976 4276
4 2757 3963 2922 3966
4 3070 3997 4314 4396
4 3238 3447 2502 3850
4 2938 3758 3567 3759
4 2968 4140 4030 4234
4 1621 1637 1979 4313
4 2552 3092 2502 3447
4 2891 3773 3183 3879
4 2721 3700 4136 4349
4 402 392 4124 4255
4 714 710 717 3921
4 2753 3057 2857 4345
4 3036 3231 4201 4271
4 2601 3259 3409 3633
4 456 450 458 3286
4 2752 3588 3511 3855
4 2648 3166 2764 3296
4 3127 4336 3257 4421
4 2476 2988 3170 4004
4 1399 1400 1402 3220
4 1615 1614 3285 4394
4 1497 1498 1475 4245
4 2617 2687 4006 4097
4 1663 1638 1557 4110
4 139 84 33 3351
4 1591 1592 1584 3596
4 3135 3361 3717 3786
4 2549 2647 2762 3518
4 2735 2684 4370 4440
4 1606 4121 1493 4219
4 1964 3080 1980 3939
4 1413 3998 1526 4000
4 2970 3041 3972 4290
4 2165 3223 2138 3298
4 3019 4026 3006 4027
4 423 702 701 3739
4 514 4102 3498 4380
4 3416 3207 3818 4246
4 2745 3512 2829 4382
4 1725 1732 2111 3510
4 1245 1249 1248 3950
4 1060 1057 1069 4009
4 2883 3560 3094 4317
4 2941 3146 4423 4424
4 2893 3164 2727 4370
4 2725 2590 2877 3124
4 3253 4045 694 4275
4 1889 1884 1877 4204
4 2363 3806 2368 3911
4 505 516 3745 4281
4 1893 1908 1907 3616
4 1104 1126 1125 3896
4 1747 1742 1743 4052
4 37 91 82 3551
4 970 971 979 4038
4 2145 2144 2150 3428
4 463 469 3663 4365
4 1125 1103 1104 3896
4 2811 3438 3538 3591
4 2976 4102 3580 4309
4 375 3836 387 4416
4 863 853 862 3595
4 2792 3466 3287 3657
4 1703 3989 3079 4445
4 2506 3747 4017 4048
4 2842 2824 3422 4269
4 3205 3380 2831 3776
4 1407 3057 1742 4345
4 2895 3360 2770 4302
4 83 90 103 3226
4 2884 2991 2643 3281
4 181 53 133 4268
4 445 444 3804 3991
4 2806 3299 1370 3576
4 423 701 419 3739
4 454 460 452 3713
4 427 440 426 3287
4 1879 1891 3929 4258
4 2936 2738 3976 4194
4 2588 3626 3320 4079
4 884 891 865 3321
4 271 3230 3185 4286
4 451 450 3286 4049
4 2615 2797 2827 2926
4 3083 3638 2814 4309
4 2971 3141 3814 4059
4 2466 3914 2436 4189
4 346 3995 359 4173
4 2601 4261 3367 4393
4 1929 1930 3564 3986
4 328 329 330 3677
4 2977 3392 1028 4094
4 2744 3638 3083 4443
4 2682 2884 3669 4156
4 3203 3759 2821 4139
4 276 3281 261 4103
4 904 4084 2880 4390
4 2532 2953 2701 3637
4 532 571 573 3609
4 2652 2604 3415 4209
4 264 262 3386 3659
4 2087 3267 2068 3966
4 1165 1163 3832 4262
4 187 178 29 3160
4 2530 3506 3278 4366
4 2433 2436 2458 3914
4 2909 3873 3411 3880
4 1705 1704 1706 3680
4 706 700 707 4364
4 866 3098 885 4390
4 1000 3721 1008 4302
4 2711 3265 2829 3896
4 2256 2278 2279 4328
4 309 308 4037 4042
4 860 861 4255 4274
4 1475 1468 1467 3944
4 1443 3936 1444 4092
4 853 863 854 3595
4 2612 3916 3876 3917
4 3225 2780 3866 4259
4 2618 3474 4321 4441
4 4039 4106 3198 4329
4 2605 3254 2529 4232
4 2549 3436 4131 4182
4 1342 483 484 3473
4 1109 3795 1108 4297
4 1892 1891 1880 4258
4 2309 2301 2308 4353
4 352 3450 364 4081
4 2119 3522 2372 3972
4 247 241 2870 3386
4 116 41 163 2831
4 1580 3312 1581 3822
4 1343 1342 3473 3651
4 465 3034 460 3713
4 856 844 846 3645
4 2790 2842 2824 3422
4 2970 3969 2757 4207
4 2624 3064 3863 4128
4 3017 3158 2649 3477
4 2711 2873 2669 4383
4 460 3034 453 3991
4 88 95 91 2901
4 2920 3883 2651 4212
4 2552 2695 2886 4413
4 3267 3966 2087 4290
4 1664 3496 1672 4276
4 3660 4101 4163 4368
4 3668 4046 2496 4264
4 2601 2704 2674 4070
4 2784 3671 2979 3909
4 996 3795 3071 4297
4 1230 1231 1205 4339
4 2727 3011 2970 3327
4 2686 2957 2762 3426
4 3294 3830 3359 4111
4 3716 3842 3046 4428
4 483 1342 1420 4016
4 2466 2458 3914 4189
4 3914 2452 4092 4189
4 2395 2405 3341 3889
4 2523 4071 3365 4072
4 2653 2865 2850 3391
4 963 946 945 3892
4 2966 3917 3130 3918
4 2509 3425 3449 4296
4 2572 2526 3956 4054
4 289 4286 290 4308
4 1305 1304 2441 3194
4 3107 3403 594 3420
4 1913 1926 1911 4258
4 2646 3601 3016 3873
4 985 983 984 3530
4 2493 3202 3180 4043
4 3039 3424 3033 3618
4 1529 4341 3255 4386
4 255 272 271 3230
4 2613 3236 2579 3369
4 2019 2044 2020 3267
4 3048 3153 2743 3481
4 3169 3499 2990 3791
4 2518 2983 2620 3606
4 211 210 205 4400
4 2433 2434 2436 4387
4 2953 3565 2687 3637
4 2281 2187 2193 3871
4 2917 3517 2518 4097
4 2571 3478 2980 4122
4 2543 2582 3500 4439
4 2867 3739 3883 4135
4 3064 3724 2679 3994
4 1283 1287 1285 3662
4 1808 3045 1807 4415
4 454 452 3161 3713
4 3198 4183 2525 4391
4 1588 4044 3312 4285
4 2008 3174 2016 4100
4 1577 1553 1552 4386
4 844 846 3645 3799
4 2495 3239 3238 3619
4 454 461 460 3713
4 2901 3329 2587 3401
4 1567 3332 1565 4237
4 2657 3486 3323 4037
4 2003 2011 2004 3442
4 2252 3352 2274 3959
4 2911 3643 3338 4211
4 159 177 2917 3517
4 2759 3012 3080 3673
4 2771 2885 2695 2886
4 2664 4236 3885 4418
4 3623 3983 3077 4350
4 2721 2726 2597 3923
4 113 182 45 4294
4 785 783 808 4434
4 2633 2845 2864 3539
4 2838 3474 3145 4398
4 2983 3627 2917 4097
4 2737 3017 3477 3914
4 831 829 828 3294
4 3334 4045 3090 4077
4 2265 2263 2262 4374
4 110 3472 3380 3850
4 3956 3990 2987 4268
4 1535 1534 3653 3715
4 2688 4010 3256 4386
4 2550 2924 3194 3631
4 2019 3267 1690 4012
4 882 4141 900 4319
4 3284 3384 2662 3858
4 1765 3571 1766 4192
4 1102 3396 1103 3768
4 3008 3905 3729 4363
4 1651 1653 1654 4168
4 1485 1502 1484 4092
4 2019 2020 1690 3267
4 161 2516 169 4069
4 1652 1650 1649 4168
4 3360 3721 2770 4302
4 920 921 3475 4084
4 43 118 172 4175
4 2771 3185 3787 4282
4 46 119 108 3488
4 2248 2247 2255 4417
4 2790 2842 3282 4001
4 1086 1087 1095 4067
4 1323 2457 3251 3653
4 3105 3974 3947 4438
4 1743 1742 3095 4052
4 2594 3384 4143 4166
4 3358 3535 2500 3839
4 2559 3485 3146 3916
4 2227 3296 1227 3987
4 971 980 979 4038
4 2709 3352 2809 3454
4 2569 2705 3958 4167
4 1946 1960 1959 3753
4 2982 3141 2670 3175
4 2784 2764 3021 3296
4 1725 2111 2095 3510
4 2688 2878 2832 3410
4 1286 2326 2330 3662
4 884 865 883 3321
4 147 3370 138 3990
4 1979 3442 3080 4313
4 1028 3703 2977 4094
4 655 684 3186 4408
4 2929 3924 3269 4044
4 3660 4246 2556 4299
4 2688 3886 3885 3965
4 838 843 3799 3830
4 3379 4143 2961 4226
4 1635 1618 1634 3310
4 2101 3172 2082 3173
4 3819 4097 2589 4375
4 1477 3639 1478 3687
4 2508 3463 3660 4108
4 3155 3516 2825 3738
4 1375 1376 3299 3576
4 572 573 571 3609
4 584 605 582 3315
4 2751 3100 3028 4329
4 3324 3623 2972 3861
4 1533 1630 1614 3285
4 1619 3310 1635 4313
4 2592 2951 2881 4036
4 2738 3216 4194 4307
4 2741 3152 4130 4288
4 3056 2752 3233 4352
4 1394 1408 3095 4033
4 2959 3284 3858 4216
4 134 135 141 3201
4 1423 3419 2452 4092
4 790 3154 3682 4008
4 2787 3332 3468 3881
4 2936 2738 4194 4307
4 2588 3078 2859 4307
4 2001 2155 2156 4056
4 2920 3883 3739 4135
4 2876 3307 2879 3936
4 2251 3352 2252 3959
4 3301 3615 2736 4335
4 2885 4088 3787 4291
4 1015 1039 1040 4358
4 1555 1554 1579 4341
4 2958 3982 2830 4284
4 2626 3363 3824 3846
4 2472 2476 1337 2473
4 2073 2982 2055 4080
4 2555 2579 3236 3369
4 781 1038 1014 4358
4 2545 2709 3497 4230
4 2167 3298 2139 3816
4 168 3180 160 3202
4 3054 3390 2889 4124
4 2944 3737 3004 3859
4 2553 3439 3440 3951
4 1144 3020 1143 3671
4 2590 3869 3793 4034
4 286 3185 300 4286
4 2652 3177 2577 3532
4 2554 3196 2983 3606
4 2405 3584 3341 3889
4 651 682 683 4000
4 3069 3277 3273 4199
4 3023 3393 2755 3607
4 2449 2450 2446 3636
4 1632 1631 1639 4276
4 471 467 3199 4019
4 366 365 354 3984
4 1038 781 814 4358
4 3034 4019 464 4365
4 2750 3644 3125 3658
4 1817 1830 1816 3612
4 2125 3206 1138 4297
4 1055 1058 1054 3767
4 2787 3937 3090 4163
4 3010 3889 3584 4114
4 336 2999 3235 3804
4 1690 3267 1688 4315
4 2823 3725 3557 4303
4 269 263 270 3714
4 2736 3516 3315 4223
4 1839 4253 3005 4411
4 1304 3194 1305 3763
4 2685 3699 3110 4311
4 325 326 3649 4042
4 2780 3408 4093 4241
4 2670 2932 3963 4013
4 1533 689 688 4394
4 688 1532 1533 4394
4 1313 606 584 3315
4 2509 2949 4296 4324
4 560 529 558 3492
4 342 348 358 3988
4 909 908 925 4269
4 2647 3450 2785 3903
4 3611 3612 3411 4095
4 2467 4155 2472 4377
4 1846 1832 1831 4298
4 2697 3540 2887 4127
4 3427 4070 3268 4086
4 1705 3216 1704 3680
4 3001 4305 4194 4307
4 2627 2913 2771 4238
4 2646 3873 3061 4095
4 2523 3208 3467 4404
4 318 340 341 3731
4 2812 3456 3008 3901
4 1040 1016 1015 4358
4 563 535 564 4090
4 2806 3651 1358 3774
4 2906 4314 3997 4396
4 1608 1563 1565 4237
4 1615 808 807 4394
4 1222 1221 3444 4316
4 2572 3581 2678 4354
4 1843 1848 1844 3620
4 2967 3630 3407 4256
4 2815 2889 2656 3232
4 1615 807 1614 4394
4 3063 3867 3068 3893
4 2571 2746 2532 4007
4 2795 2860 2720 3285
4 162 37 154 3551
4 1186 1210 1129 3443
4 2191 2186 2185 4057
4 2631 3520 3481 3567
4 2878 3563 2732 3971
4 2509 3313 3626 3842
4 3357 3392 1130 3768
4 2549 3696 3300 3903
4 1129 1107 1186 3443
4 3191 2838 4062 4441
4 2992 3953 3058 4091
4 2890 3069 2714 3970
4 2954 3240 2873 3241
4 2604 3746 3747 4214
4 2614 3292 3654 4021
4 2703 3311 3290 3719
4 2509 3448 3842 4379
4 2790 2843 3595 4255
4 112 122 120 3229
4 2606 2680 3414 4343
4 3932 4186 2976 4309
4 3070 3997 3261 4314
4 1652 3695 1650 4168
4 1795 1805 1804 3611
4 2123 2375 2122 4340
4 2983 3196 2620 3606
4 660 3273 661 3887
4 1902 1887 3157 3177
4 437 447 449 3656
4 2960 3542 3075 4340
4 867 3242 863 3981
4 2877 3223 3114 3869
4 880 863 878 3981
4 1930 3247 2899 3986
4 2543 3500 2792 4239
4 3616 2931 3899 4164
4 1303 1301 1300 3681
4 2317 2316 2318 4227
4 2632 2789 3007 3527
4 3005 3153 3890 4288
4 2562 3108 3882 4379
4 1714 3216 1705 3680
4 855 3426 864 3645
4 739 779 778 4349
4 2605 3294 2754 4173
4 3042 3615 2667 4186
4 1319 3315 1312 4223
4 1251 1247 1252 3843
4 285 3659 279 4156
4 2596 3780 2558 4325
4 3238 3389 2495 4196
4 1240 2239 2238 4316
4 304 3669 3145 4103
4 2744 3083 3638 4311
4 2655 3924 3418 4435
4 2940 2664 3856 4149
4 2645 3008 3729 4363
4 2856 3064 3625 3702
4 2610 2983 3482 3627
4 2511 3388 3348 3875
4 2623 2978 3973 4183
4 784 782 783 3476
4 1837 3094 3374 4411
4 599 3270 600 3609
4 720 3682 3452 3761
4 1233 1216 1217 3676
4 831 3294 828 4348
4 2871 3253 3090 4045
4 3384 4143 3283 4188
4 3647 4030 1456 4234
4 324 3649 3353 4362
4 2882 4187 3643 4211
4 1592 3596 1591 4076
4 3688 4162 2910 4298
4 2583 3064 3863 3994
4 468 532 462 4281
4 960 943 942 4269
4 2603 2577 2712 3022
4 2781 2593 3751 4200
4 2587 3115 2524 3980
4 2917 2983 2518 3838
4 1227 3296 3848 3987
4 2081 2080 3173 3544
4 2519 3547 4017 4444
4 1634 3310 1618 3926
4 2732 2731 3440 4392
4 131 59 4046 4264
4 2702 3250 3109 3937
4 2707 2726 2889 3390
4 2761 4086 2817 4404
4 2718 3982 3470 4284
4 2622 3842 3448 4379
4 2602 3470 2718 3982
4 2659 2918 2816 3860
4 2428 2793 2426 4082
4 2333 2332 2335 3996
4 62 3245 70 4011
4 3670 3949 3337 4326
4 3633 3652 2534 4261
4 1103 3552 1104 3896
4 2434 2432 2946 4387
4 2606 2680 3087 3414
4 2132 3671 2131 4231
4 2192 2186 2191 4057
4 701 419 3739 4364
4 202 205 210 4400
4 2396 3341 2405 3584
4 1562 1560 3715 4237
4 2843 3254 2605 4232
4 3384 3858 3284 4216
4 2697 3105 2786 3333
4 3366 3565 2532 3637
4 2973 4086 3325 4378
4 2941 3915 3592 4031
4 436 428 431 3149
4 409 399 400 3943
4 508 510 520 4102
4 2511 3849 3388 3875
4 2804 2915 2555 3227
4 2527 3395 3523 3952
4 1712 1700 1705 3216
4 587 586 578 3516
4 2698 2797 2648 2955
4 2766 3579 2869 3797
4 1110 1111 1072 3432
4 211 4035 210 4400
4 3411 3873 2693 4095
4 2705 3130 3594 4366
4 2706 4101 3900 4299
4 1472 1439 1358 4174
4 1139 1138 3206 4297
4 942 959 960 4269
4 2845 2724 3062 4034
4 2124 2102 2981 4342
4 857 868 417 4028
4 376 832 3458 4081
4 3324 3382 4071 4350
4 1698 3308 1656 4198
4 3870 3893 3395 4148
4 2628 3837 2839 4169
4 1963 3080 1964 3939
4 2254 2276 2277 4328
4 3088 3885 2775 4418
4 1371 3781 3531 4107
4 2767 3449 3425 4296
4 193 192 188 3226
4 908 924 925 4269
4 1933 1929 1932 3986
4 3153 3481 3048 4205
4 2920 3739 3921 4135
4 2549 2762 2647 3903
4 2663 3479 3579 4207
4 807 808 783 4434
4 2592 3870 3395 4148
4 1436 1437 1429 3944
4 3585 3600 3056 4033
4 3324 2854 4071 4072
4 2791 3058 3034 4365
4 2532 2649 2953 3565
4 2584 3499 3791 4413
4 287 299 298 3185
4 3275 4216 4157 4222
4 132 143 136 4043
4 1531 3171 687 3835
4 2473 4004 2474 4377
4 2621 2574 2849 3058
4 2826 3682 3154 4008
4 2729 3385 3973 4412
4 2630 2843 3282 4001
4 369 3798 368 4124
4 3915 3916 2612 4031
4 1814 1813 3289 3316
4 1698 1697 3308 4315
4 2628 3707 3837 4106
4 1771 3327 1774 3750
4 2402 3391 2412 3889
4 255 271 257 3230
4 2599 2671 2587 3329
4 2762 3458 2947 3903
4 2213 2214 2175 3104
4 2697 3373 3014 3512
4 231 3782 2885 4282
4 130 139 33 3351
4 2753 3060 2676 4306
4 85 2585 102 4393
4 2829 4382 2873 4383
4 2595 3752 3462 3961
4 272 3185 271 3230
4 184 190 3488 4181
4 3109 4121 3468 4219
4 2848 3616 3018 4083
4 2685 3110 3066 4215
4 2371 2981 2118 3852
4 2249 2257 2250 4367
4 1697 4168 3308 4315
4 3107 3110 2731 3420
4 2683 3030 3785 3828
4 2733 2849 2608 4170
4 2670 3963 2922 4013
4 2114 2113 3806 4160
4 2699 3881 4201 4396
4 3403 3420 3053 3492
4 900 915 711 3644
4 445 3161 3804 3807
4 2615 4354 3348 4355
4 3137 3389 3238 4196
4 3313 3882 3108 4379
4 2986 3402 2533 4442
4 2459 3936 2453 4189
4 985 959 958 3530
4 184 2551 183 3693
4 2786 3333 3105 3947
4 2434 2946 3477 4387
4 3289 3620 2907 4293
4 2823 2505 4175 4303
4 2508 4108 3660 4246
4 2593 2806 2703 4200
4 1033 3360 1025 3913
4 2890 3186 2714 4392
4 2578 2749 2818 4403
4 61 2740 62 3193
4 2617 4006 2952 4097
4 2715 4079 3120 4150
4 2599 2713 2639 3770
4 1576 4010 1575 4344
4 3223 3869 2877 4034
4 3104 3243 2214 3894
4 777 3851 776 4407
4 2744 3083 3948 4443
4 2600 2954 2827 4054
4 2854 3778 3983 4071
4 2745 2829 2580 4382
4 2618 3689 3555 4050
4 1752 1736 1754 4176
4 2951 2742 3888 4148
4 4096 4166 2951 4359
4 2152 2146 2151 4220
4 2701 3158 2988 3661
4 118 120 3725 4175
4 2819 3556 3434 4252
4 1641 3976 3926 4276
4 2108 3306 2107 4154
4 2086 2223 2222 3821
4 2621 2849 2668 3345
4 1083 1155 1154 3372
4 1230 1205 3832 4339
4 3245 3744 3535 4011
4 3047 3553 3778 3983
4 2518 2983 3606 3838
4 2607 3404 2747 3964
4 1015 1016 3530 4358
4 2817 3427 3325 4086
4 1711 1702 4194 4445
4 2831 2996 2912 3507
4 1965 3673 1966 3939
4 2600 3355 2669 4325
4 1969 1970 3820 4100
4 2461 2463 2464 3546
4 587 1315 586 3516
4 2183 2177 2182 3894
4 1674 1673 3690 3976
4 675 676 691 3538
4 2734 3235 3554 3824
4 2649 3056 3095 3957
4 2672 3058 2992 3953
4 2527 3523 3439 3952
4 3066 2731 3110 3420
4 1722 1721 1715 3680
4 2562 3449 3108 4379
4 298 312 300 4252
4 1089 3373 3686 4356
4 1816 1806 1805 3612
4 110 127 3380 3776
4 2810 3321 3248 4390
4 401 3765 3398 4145
4 2524 3329 2587 3980
4 3028 4329 2810 4437
4 1488 1500 1489 3630
4 1204 1202 1203 3832
4 2705 2612 2991 3129
4 3371 2822 3762 4121
4 79 3744 3193 4011
4 3035 3890 3153 4185
4 2731 3951 3440 4392
4 2844 3243 3087 3573
4 1463 1430 3413 3834
4 2626 3846 2734 4036
4 2741 3005 3890 4288
4 92 3723 101 4181
4 2614 2803 3704 4021
4 2620 3196 2779 3363
4 1060 1069 3333 4009
4 2464 3546 2463 4116
4 2887 3540 2629 4127
4 3018 3164 2684 3683
4 2364 2363 2368 3911
4 2065 3173 2081 4098
4 53 138 133 4268
4 1377 3502 1371 3531
4 2242 2260 2272 4235
4 366 3984 3556 4333
4 3086 2802 3471 4187
4 3001 3975 1721 4305
4 490 477 482 4019
4 1543 3256 1551 4010
4 306 322 305 3669
4 576 584 575 3315
4 1024 3360 1032 3912
4 1327 4074 3218 4223
4 418 3765 4145 4364
4 1089 3686 3552 4356
4 1080 3105 3372 3373
4 1941 3831 3005 4027
4 2289 2297 2290 4184
4 2988 3170 2616 3184
4 2742 4157 3275 4216
4 2674 3633 2603 3845
4 3384 4188 2662 4191
4 181 3370 195 4268
4 2500 3067 3378 4024
4 1671 1589 1597 4044
4 92 83 96 3160
4 2297 2298 2290 4184
4 349 360 348 3727
4 2750 4402 3028 4437
4 2732 3107 3072 3270
4 1565 1609 1608 4237
4 2840 3202 2585 3825
4 1773 1783 1774 4152
4 1902 1901 3559 3925
4 1289 2329 1288 3190
4 825 829 827 3059
4 2371 2118 2117 3852
4 3091 3503 373 4279
4 3158 2988 3661 4155
4 2958 3491 3476 3887
4 2831 2912 2996 3380
4 1393 1396 3176 4051
4 2670 2982 2971 3814
4 412 3765 872 4274
4 3546 4116 2464 4140
4 2950 3732 3698 4263
4 3060 3176 2608 3221
4 2744 3948 3043 4443
4 2800 3721 2770 3760
4 1661 3079 1662 4313
4 241 240 3435 4147
4 744 3700 742 4136
4 237 245 247 2870
4 2102 2103 3172 4342
4 1453 1455 1456 4234
4 2907 3274 2743 4014
4 2922 3963 3024 3966
4 816 800 801 3526
4 2475 2477 2988 3661
4 3363 3554 3235 3824
4 1239 1240 2238 4316
4 2439 3661 2443 4155
4 2616 3654 3029 3900
4 2971 3814 3539 4059
4 3014 3373 2697 3974
4 722 723 729 3433
4 3364 3828 2537 4228
4 3561 3562 3475 4084
4 1154 1082 1083 3372
4 856 846 855 3645
4 1424 3419 1423 4092
4 2053 2050 2052 3175
4 707 708 3977 4364
4 421 698 422 3765
4 1599 1598 1606 4121
4 95 97 2587 2901
4 1852 3061 3898 4083
4 929 930 939 3561
4 2797 2799 2648 3166
4 1636 3310 1635 4445
4 2693 3611 3411 4095
4 2858 4113 3646 4283
4 310 3131 327 4042
4 2768 2833 2636 3876
4 2817 3409 3408 4070
4 3080 3350 2916 3882
4 3043 3042 3801 4380
4 3328 3564 2908 4185
4 870 888 868 4028
4 3018 3683 2848 3840
4 3557 3725 3229 4303
4 2670 3141 2982 3814
4 2133 2155 2001 3666
4 1515 3399 1523 3694
4 2931 3650 1856 3827
4 2833 3916 3876 4146
4 2429 2793 3650 4195
4 2531 3414 3297 3457
4 2503 3115 4022 4261
4 2556 3900 4101 4299
4 3259 3416 3081 3652
4 1398 1525 3089 4032
4 2532 2746 2649 3565
4 2807 2634 3404 3797
4 185 2551 184 3693
4 2336 2318 2333 3655
4 585 576 577 3315
4 2546 2656 2707 3720
4 2993 3756 2632 3907
4 3622 3945 3096 4108
4 2878 3311 2788 3971
4 2646 3601 3873 4095
4 2838 3145 3353 3669
4 3376 4187 2882 4211
4 1752 1735 1736 4176
4 553 545 544 4384
4 2975 3514 2785 4039
4 536 563 565 3613
4 2608 3060 2753 3176
4 447 455 457 3466
4 2317 2319 1278 2804
4 2987 3956 3245 3990
4 75 65 197 4292
4 706 707 3977 4364
4 898 887 880 3981
4 97 2507 104 3980
4 1864 1872 1865 3688
4 3633 3845 2601 4260
4 2545 3414 2658 4048
4 3049 4076 3468 4104
4 810 789 787 4434
4 2022 2024 4012 4013
4 2867 3739 3417 4212
4 2830 2958 2714 3982
4 2670 3963 2747 3964
4 2791 3664 3495 4365
4 1960 1943 1957 3247
4 138 148 142 2987
4 2541 3858 3951 3952
4 2731 3107 2732 3440
4 1816 3411 1806 3612
4 3704 3803 3347 4371
4 3569 2667 4109 4186
4 2656 3632 3232 3720
4 65 3619 3378 4292
4 2891 3183 3773 4263
4 1261 1281 1267 4425
4 2564 2926 2739 4425
4 392 841 381 4348
4 1392 3399 1384 3521
4 2373 3024 3542 4332
4 3796 3961 2834 4337
4 2707 2790 2726 3390
4 2933 4031 3266 4422
4 2608 2753 3060 3685
4 468 3609 532 4281
4 964 1067 1057 4009
4 1033 1032 3360 3912
4 2593 3575 2703 3971
4 2912 3205 2831 3534
4 1420 598 483 4016
4 2817 3408 2563 4070
4 2659 3624 2918 3860
4 3066 4336 3127 4421
4 2508 3463 3292 4246
4 2988 2853 4004 4155
4 2788 3563 2878 3971
4 1597 1676 1671 4044
4 929 914 928 3139
4 3090 4077 4045 4275
4 362 3727 3182 4416
4 2707 3054 2790 3390
4 2872 3505 3670 4159
4 1659 1635 3310 4445
4 3107 3420 569 3613
4 1165 3832 1204 4132
4 1303 1308 3681 3941
4 2620 3363 3362 4430
4 2554 3482 3196 3509
4 2556 4246 2980 4299
4 2505 2533 3534 4439
4 3456 3905 3008 4363
4 298 2492 313 4153
4 839 848 3458 3968
4 2121 3024 3306 3542
4 2853 3405 3029 4004
4 2565 2713 2599 3000
4 2636 3917 3541 3918
4 1787 3120 3471 4233
4 3238 3239 2504 3619
4 527 3420 3066 3699
4 2849 3221 2668 4410
4 2805 3698 3490 4423
4 2862 3235 3149 3824
4 491 1350 1349 3346
4 3140 3602 2841 4127
4 3509 3846 2734 4429
4 1613 1573 1644 3712
4 3238 2502 3472 3850
4 613 652 654 4408
4 3363 4263 3667 4430
4 3453 4088 2885 4291
4 2829 3512 2782 4382
4 104 3361 89 3723
4 1424 1352 1353 3419
4 1855 3675 1856 3899
4 2914 3209 3199 3955
4 2422 2420 2421 3665
4 1644 1692 1613 3712
4 152 139 3351 4043
4 3528 3731 317 4286
4 2586 3366 2917 3517
4 3300 4039 3037 4391
4 2588 2859 4064 4307
4 3102 3481 3153 4205
4 2460 2467 3336 4189
4 1182 3240 1174 3508
4 1334 3151 3405 4074
4 3062 2845 3666 4105
4 2065 3544 3174 4029
4 2508 3945 3622 4108
4 3068 3343 2554 3870
4 302 317 319 3731
4 1902 1908 3177 3559
4 183 2551 184 4294
4 2630 2843 4001 4232
4 1871 4066 1858 4295
4 2711 3114 3265 3896
4 2687 2953 3637 4006
4 2371 2376 2377 3331
4 3462 3961 3752 4244
4 1873 1871 3328 4066
4 1947 1948 1949 3455
4 883 3321 865 4390
4 2581 3872 2810 4183
4 1358 1433 3651 4174
4 180 190 46 3488
4 1654 1652 1651 4168
4 2619 3615 2736 4186
4 1907 1922 1921 3536
4 2131 3909 2147 4231
4 975 976 1000 3721
4 740 780 742 3700
4 2643 3453 2665 4291
4 873 3765 892 4274
4 3056 3233 2752 3812
4 244 3230 257 4208
4 2561 3592 3915 4031
4 3357 3392 2977 4094
4 3017 3056 2649 3812
4 2595 3796 2822 3817
4 2803 3170 3029 4206
4 2531 3457 3297 4022
4 2060 2061 3442 3989
4 2653 3805 2622 4014
4 787 809 810 4434
4 1349 3344 1348 3345
4 2746 3860 2816 4052
4 1919 3560 3094 3890
4 332 337 3678 3802
4 2858 3571 2859 4079
4 2669 3355 3676 4325
4 152 130 145 4023
4 2881 2744 4018 4359
4 3368 4229 3369 4444
4 175 168 164 3202
4 151 134 141 3201
4 1898 1900 3328 3925
4 1353 1292 1293 2430
4 565 538 536 3613
4 214 216 3435 3594
4 3030 3784 3785 4087
4 3788 3789 2837 4277
4 1326 3315 1318 4223
4 2452 3914 2458 4189
4 2723 3734 2815 4381
4 2906 3684 3446 3865
4 1300 1302 3681 4409
4 711 704 900 3644
4 1423 1424 1353 3419
4 2961 3784 3283 4143
4 3154 810 4349 4434
4 2390 1775 3522 3709
4 2993 3383 3203 3467
4 2822 4104 3468 4121
4 3147 3755 3697 4406
4 2593 2703 2846 4200
4 3382 3861 3324 3863
4 2805 3490 3489 3829
4 1239 1222 1223 4179
4 2693 3086 3411 3611
4 1877 3537 3688 3691
4 3344 3345 1349 3346
4 2614 3219 3704 3803
4 174 23 167 74
4 3795 3813 2888 3892
4 2417 3318 1797 3736
4 2544 2498 3325 4378
4 572 3609 571 4360
4 2301 2300 2308 4353
4 3039 2788 3413 3944
4 2850 3805 3746 3919
4 2992 3346 3953 4091
4 3647 3762 2822 4121
4 138 148 198 52
4 1565 3332 1609 4237
4 2572 3581 2964 4383
4 3038 2513 3958 4167
4 172 162 166 3551
4 2727 3327 2970 3969
4 2546 4232 3393 4287
4 2724 2725 3375 4034
4 3197 3689 2868 4050
4 3330 2912 3500 3870
4 3102 3560 3537 4204
4 2888 3813 3140 3892
4 2398 3075 2401 3542
4 1591 1598 1599 4076
4 303 3614 302 3731
4 144 3099 145 4247
4 3111 4145 3765 4364
4 2616 3340 2763 4138
4 2384 2383 3341 3911
4 40 124 163 173
4 3224 3791 3787 4277
4 671 4190 3168 4193
4 2122 2107 3306 4154
4 1114 1112 3947 4438
4 2001 2156 2002 4056
4 2170 3298 2169 3816
4 302 3731 3614 4286
4 1848 1849 1844 3620
4 105 26 81 3361
4 2572 2678 2669 2954
4 2545 2809 2716 4048
4 1650 3695 1649 4168
4 2562 2653 3919 4379
4 2538 3841 3818 4412
4 656 617 3970 4199
4 2552 2695 3499 3810
4 2818 3429 2773 4403
4 2894 3187 2755 3731
4 329 3677 2999 3705
4 1109 1068 1108 3795
4 500 3745 502 4311
4 592 3107 3613 4133
4 2078 3544 3188 4160
4 102 95 2587 3264
4 2455 2456 1457 4234
4 2542 3601 3857 4251
4 2512 3470 3232 3720
4 3027 4290 2757 4315
4 3072 3403 3311 4133
4 291 281 275 3614
4 118 4089 125 4175
4 2939 3640 3598 4259
4 3484 3790 3499 4372
4 2522 3693 2564 3771
4 1591 1590 1598 4076
4 1232 2232 2314 3246
4 2596 2650 2521 3780
4 2649 3158 3017 3812
4 2601 3074 2704 4363
4 2706 3405 3029 3900
4 1521 3233 3406 4032
4 1947 1953 1948 3905
4 3278 3358 2529 4327
4 2585 2840 2601 3259
4 2751 2900 3100 4329
4 1649 3695 3212 4168
4 2392 2380 2374 3542
4 782 783 3476 3887
4 386 393 383 3503
4 2947 3458 3450 3903
4 3644 3760 2800 4437
4 2461 3546 2464 4140
4 2365 2114 2364 3911
4 2063 2079 2080 3544
4 2693 3857 3601 3873
4 2757 2932 2922 3963
4 2836 2502 3092 4112
4 1660 1659 3310 4445
4 1311 1310 1306 4385
4 993 991 992 3813
4 3692 4017 2535 4048
4 105 122 3361 3725
4 322 3145 305 3669
4 3309 4056 2982 4080
4 3095 3056 3600 4033
4 2862 3667 3824 4018
4 3477 3914 2436 4387
4 3057 4052 1742 4345
4 303 290 302 3614
4 3047 3983 3778 4071
4 2726 2798 3398 4145
4 2836 3870 3068 3893
4 3222 3779 990 3813
4 2536 3007 2789 3329
4 1436 1429 1427 3944
4 2203 2193 2202 4058
4 80 86 4023 4304
4 2573 3849 2511 3875
4 1540 4045 3334 4077
4 1047 3912 1972 4085
4 2510 3280 3117 3622
4 2467 2472 2468 4377
4 3699 3745 3110 4311
4 2756 2923 2779 4270
4 2613 2535 3236 4017
4 3063 3870 2592 4148
4 2887 3524 3040 3767
4 2456 1322 1323 3251
4 2819 3556 2815 4381
4 810 809 3910 4434
4 1880 1879 4083 4258
4 202 4399 203 4401
4 2901 3329 3007 3786
4 3463 4299 4101 4371
4 2125 3429 3206 3820
4 2192 2202 2193 4058
4 571 3609 473 4360
4 2947 3450 2647 3903
4 2869 3212 2766 3797
4 1231 2231 2232 4278
4 3225 3866 3597 4259
4 3011 3542 3024 4332
4 2569 2513 3958 4366
4 3336 3936 2460 4189
4 1717 3267 1724 4290
4 3245 2496 4046 4264
4 3014 2697 3767 3974
4 1454 4030 1453 4234
4 2232 1232 1231 4278
4 2636 3130 3876 3917
4 2663 3969 3479 4207
4 2785 3486 3649 4042
4 2816 3095 1744 3588
4 2528 3575 3563 3886
4 236 2870 241 3354
4 2513 3979 3535 4115
4 2633 3793 2978 3869
4 170 2917 3295 3507
4 3341 3391 2865 3806
4 2636 3917 2833 4372
4 2821 3383 3203 4273
4 1892 1893 1907 3616
4 1831 1851 1846 4298
4 1168 3610 1177 4431
4 739 3154 779 4349
4 2163 3298 2165 4068
4 2614 3803 3463 4171
4 1380 3585 3600 3781
4 2473 2472 2476 4004
4 361 3727 362 4416
4 2994 3382 2973 3863
4 440 450 448 3286
4 2948 3955 3710 4409
4 1630 1549 1557 4110
4 1737 3041 1728 4290
4 1209 1254 4132 4376
4 193 188 178 3226
4 1237 1238 2236 4316
4 1238 2237 2236 4316
4 2080 2064 2063 3544
4 2947 3059 3359 4111
4 1435 1436 1427 3719
4 2858 2859 4064 4079
4 683 4000 3410 4408
4 1186 1187 3443 3933
4 2604 2652 2793 4213
4 2571 3262 2761 4122
4 2627 2819 2815 4381
4 419 418 4145 4364
4 635 634 626 3589
4 2872 3257 3069 4323
4 1094 1093 1084 4067
4 1103 3396 1095 3552
4 2643 3915 3485 4146
4 140 94 35 4247
4 3411 3611 1806 3612
4 813 3350 1620 4313
4 3066 3110 2685 3699
4 159 161 3366 3517
4 1689 1686 1688 4315
4 2417 1797 2408 4152
4 1367 1368 1372 3781
4 2815 2656 2889 3743
4 2998 3085 443 4197
4 1409 1744 3095 3588
4 62 59 70 3245
4 1884 1899 4185 4205
4 2795 3394 3312 3496
4 884 883 865 864
4 2467 4155 3336 4189
4 207 3891 3459 4289
4 3513 3643 2911 3808
4 2763 2952 3515 3941
4 2617 3292 2763 3637
4 2577 2712 2652 4213
4 1567 4237 1565 4275
4 1839 1840 3455 4411
4 1699 4198 3267 4315
4 626 627 635 3589
4 1503 3307 1502 4092
4 1818 1807 3045 3612
4 3462 2637 3961 4244
4 3087 3062 3573 4068
4 3358 3535 2572 4115
4 2862 3824 3149 4018
4 4057 4058 3243 4419
4 85 102 87 2587
4 1867 1880 1879 4083
4 3468 4076 1599 4121
4 3367 3845 2599 4260
4 2554 3068 2499 3343
4 2616 3184 3340 4138
4 1360 1359 1351 4107
4 2908 3005 2632 4288
4 982 3530 3252 4358
4 1564 1565 4237 4275
4 3315 4120 2736 4223
4 384 3503 372 4416
4 1192 1191 3508 3676
4 3397 4026 3008 4253
4 3388 3720 2707 4001
4 2606 3087 2658 3414
4 159 2917 161 3517
4 2127 3206 2818 3628
4 3437 3695 1696 4168
4 3179 3416 2493 3945
4 403 4279 393 4280
4 746 748 747 3491
4 3234 3962 3163 4262
4 440 3286 448 3287
4 423 3749 414 3833
4 449 439 437 3656
4 1210 1219 3443 3444
4 2500 3348 3358 4355
4 2623 3922 2810 4437
4 1155 1083 3263 3372
4 2791 2574 3495 3868
4 2840 3202 3825 4221
4 2757 3041 2970 4290
4 2636 3810 2768 3999
4 3004 3570 2905 3737
4 2527 3205 2912 3500
4 65 189 197 4292
4 3067 3693 3356 4047
4 1685 1684 1695 3437
4 2738 3792 3001 4063
4 2565 2599 2789 3000
4 895 879 877 3920
4 355 367 368 3798
4 298 313 3003 4153
4 410 3549 3417 3943
4 229 217 226 3354
4 3484 3485 2833 4146
4 3363 2892 3846 4430
4 1737 3326 3041 3972
4 2882 3643 3808 4211
4 3015 3110 2691 3745
4 3204 3601 2646 4158
4 1130 3357 1146 4094
4 2258 2331 2250 3996
4 2230 1230 1229 4278
4 1267 1265 1260 3878
4 1900 1885 3328 3925
4 445 3161 452 3991
4 3572 4142 1734 4305
4 1043 1044 3779 3820
4 1229 2229 2230 4278
4 2630 2728 3849 4001
4 365 353 354 3984
4 657 3186 3970 4408
4 1799 1792 3119 4233
4 657 3970 656 4408
4 3638 4309 3083 4443
4 3335 3631 3194 3930
4 2551 2555 3693 3771
4 102 2585 3264 4393
4 1372 1368 1373 3781
4 2919 3565 3057 4053
4 2529 4232 3388 4287
4 1141 2129 1142 3628
4 2129 1141 2128 3628
4 2503 4022 3493 4261
4 3130 3143 2966 3918
4 2543 3534 4020 4439
4 868 4028 888 4319
4 3091 3727 3144 3988
4 3787 3788 3224 4277
4 2684 2893 3018 3675
4 1402 1404 1399 3220
4 3111 3765 2726 4274
4 3739 3977 708 4364
4 2888 2887 3524 4127
4 2689 3859 3004 4169
4 2840 2585 3264 3825
4 3541 3917 2966 3918
4 2869 2766 3212 3695
4 2474 3029 3405 4004
4 1599 1592 1591 4076
4 1854 1835 1855 3899
4 129 3361 122 3717
4 1600 1592 1599 4076
4 2914 3301 4120 4335
4 1679 1674 1678 3690
4 1265 1266 1249 3878
4 2456 4116 3250 4234
4 1618 3310 3910 3926
4 2636 3130 2768 3876
4 2132 3987 3671 4231
4 3140 3892 3139 4127
4 1112 3432 1113 3947
4 2528 3557 3402 4254
4 2632 3005 2908 3006
4 2864 2978 2633 3973
4 826 359 3995 4173
4 3104 3821 2773 4099
4 2071 3175 2090 4154
4 1525 3585 1521 4032
4 176 2974 3366 4069
4 2958 3635 2714 3982
4 2307 2299 4184 4353
4 2385 2384 3584 3911
4 3396 3768 2794 3896
4 616 618 630 3844
4 2445 2446 2442 3741
4 2550 2849 2621 3631
4 613 3757 3257 4336
4 1878 1863 1866 3691
4 1581 3822 3312 4110
4 2911 3643 3513 4176
4 2606 2844 2680 4343
4 820 3764 819 4118
4 2678 2954 2827 3508
4 2817 3640 3598 4404
4 1266 1270 1269 3400
4 2713 2908 2565 2928
4 2542 3204 3601 4330
4 2298 4184 2297 4374
4 2810 3248 2880 4390
4 2513 3744 3278 4115
4 2630 4001 3388 4232
4 3136 3240 1173 3933
4 2548 3815 3385 3837
4 3516 4151 2976 4384
4 2747 2864 2633 3973
4 2670 3175 3141 4013
4 1641 3926 1640 4276
4 1873 3328 1885 4338
4 2826 3476 2958 3491
4 2872 4144 3505 4159
4 488 489 487 3495
4 360 349 361 3727
4 2562 2772 3013 4403
4 355 368 356 3798
4 2643 3281 2991 4310
4 2501 3229 3717 4428
4 1869 1881 1868 4164
4 909 3920 908 4269
4 2092 3733 2982 4080
4 747 745 746 3491
4 3294 4111 3059 4173
4 2720 2860 2832 3171
4 2668 2550 2774 2857
4 2578 2784 3368 4229
4 3137 2495 3389 4196
4 2616 2763 3340 4021
4 2684 3018 2931 3675
4 1996 3814 3141 4059
4 3789 3790 3169 4277
4 2672 2992 3058 3930
4 1512 1503 1504 3307
4 109 106 110 3850
4 3209 3315 1317 4120
4 73 71 3103 3447
4 2634 3837 3815 4369
4 3204 2542 4158 4330
4 1398 1389 1521 3585
4 2829 2873 2711 4383
4 260 3281 3641 4088
4 1068 1108 3795 4297
4 3053 3420 2731 3492
4 1793 3271 1781 4414
4 129 3361 3717 4180
4 80 3351 85 4304
4 488 3345 1347 4410
4 2441 1304 2444 3194
4 3071 3779 1020 4297
4 1089 3373 1090 3686
4 2885 3459 2665 3484
4 3333 3767 2697 3974
4 2778 3657 426 3678
4 2841 3140 2842 3282
4 1557 1581 1663 4110
4 3102 4204 3688 4205
4 2604 3746 2539 3747
4 2676 2856 2570 3625
4 485 479 486 3664
4 2441 2440 2484 3740
4 2851 3459 3460 3484
4 2947 3359 2957 4111
4 2634 4108 3385 4412
4 345 346 344 341
4 2140 3816 2139 3897
4 2977 3703 3392 4038
4 3364 3030 4087 4436
4 1947 1838 1944 4318
4 3024 3306 2670 4154
4 2828 3691 3537 3929
4 2841 3098 3602 3981
4 3310 3926 1660 4445
4 78 3200 2740 3918
4 2516 2687 3565 4069
4 2556 3577 2980 4246
4 2593 3072 2781 3971
4 337 3148 3678 3802
4 3055 4125 3231 4330
4 2021 4012 1699 4198
4 1884 1898 1883 4185
4 39 98 175 164
4 1674 1673 1678 3690
4 2501 3716 3046 4428
4 3015 2685 3110 4311
4 1976 3913 3539 4059
4 2869 3579 2690 3797
4 2818 3206 3429 4403
4 497 3656 505 3745
4 2929 4044 3269 4285
4 2606 2545 2675 4300
4 225 233 223 3782
4 1347 3345 3464 4410
4 1348 3464 3344 4107
4 3042 4102 3801 4380
4 2805 3829 4218 4423
4 3231 4314 2906 4396
4 3065 2696 3475 4038
4 1343 3651 3473 3774
4 279 3659 295 4156
4 3448 3919 2653 4379
4 2258 2334 2331 3996
4 3417 3739 2867 3749
4 2607 2735 3777 3964
4 2872 4144 3284 4323
4 3282 3574 3920 3981
4 1711 4194 3078 4445
4 3138 3396 2745 4067
4 1404 1402 1741 3220
4 2632 2908 2789 3006
4 2934 3080 3938 3939
4 2742 3952 3395 4148
4 280 3323 297 4037
4 2858 4079 4064 4283
4 2803 2706 3654 4371
4 1896 1895 1909 4258
4 2536 2507 3716 3786
4 4063 4064 2858 4307
4 2960 3331 3604 4300
4 630 629 616 3844
4 1118 3263 3105 3947
4 159 160 157 3180
4 2554 3509 3063 3870
4 3047 3983 4071 4350
4 2503 4022 3706 4388
4 1303 3681 1308 3763
4 1072 3795 3432 4438
4 1598 1493 1606 4121
4 2624 3624 3064 4128
4 2631 3156 4139 4347
4 3481 3890 3153 4288
4 36 162 172 91
4 360 3144 348 3727
4 3443 3444 1219 3897
4 1307 3941 1302 4385
4 3268 4378 2840 4393
4 1656 4198 3308 4395
4 2762 3426 2957 3645
4 2065 3174 3173 4098
4 2467 3336 4155 4377
4 2572 3358 3581 4354
4 2952 4021 3819 4375
4 1020 3779 3071 3813
4 1909 1906 1896 3929
4 3486 3649 308 4362
4 804 805 3764 4118
4 3125 3851 3658 4407
4 1000 976 1001 3721
4 1044 3779 3820 4297
4 2757 4290 3267 4315
4 2810 3100 2581 4329
4 2917 4097 3627 4240
4 2948 3335 2952 3681
4 1377 1379 1376 3502
4 2566 3777 2735 3964
4 2784 3021 2955 3296
4 609 2457 1323 3653
4 1220 1211 1221 3444
4 3196 3363 2892 3846
4 1938 3247 3022 3536
4 2929 3487 4117 4285
4 2018 2010 2017 4100
4 2735 3011 3318 4003
4 2445 2449 2446 3636
4 2792 2835 2778 3500
4 369 3798 4124 4348
4 353 367 3743 3984
4 2885 3460 3459 3484
4 2533 4170 3751 4200
4 1711 1702 1700 4194
4 2828 3537 2883 3929
4 2406 2397 2407 4243
4 3174 4029 3673 4100
4 2726 3232 2597 3923
4 3187 3614 2755 3731
4 2543 2574 2792 3868
4 1382 3299 1383 3521
4 330 331 328 3677
4 2829 2745 3396 3552
4 452 460 453 3991
4 136 152 3946 4043
4 2653 2921 3805 4014
4 2618 2875 3599 4441
4 2756 2779 2620 4270
4 395 3836 3052 4416
4 2996 3380 3343 4112
4 529 3420 558 3492
4 2535 2710 2579 3771
4 1845 1857 2907 4066
4 3910 4349 810 4434
4 2255 2254 4328 4417
4 2307 2267 2269 3249
4 2622 3046 3842 4347
4 147 137 3215 3533
4 3158 3661 2439 4155
4 1340 1337 1336 2476
4 2535 2710 2596 2719
4 1418 1417 3311 3403
4 2854 4071 3983 4350
4 3029 3405 2853 3900
4 3233 3406 2834 3407
4 598 3609 572 4360
4 2980 3292 3654 4299
4 2646 3061 3018 4095
4 841 834 381 4348
4 833 2947 840 3458
4 3383 3648 2570 4254
4 48 174 158 134
4 2929 4117 3312 4285
4 2359 2360 2356 3826
4 784 783 785 3476
4 1552 1576 1577 4386
4 2953 3158 2701 3636
4 370 382 378 4333
4 129 122 121 3425
4 2096 3510 3188 3989
4 3199 3209 2914 3713
4 1757 3377 1759 3931
4 2610 3482 2777 3627
4 2665 3459 2851 3484
4 3123 4225 3453 4310
4 2269 2308 2307 3249
4 2818 3428 2127 3628
4 2536 2789 2908 3754
4 1835 1820 1836 3675
4 326 351 3649 4042
4 1530 3772 1531 3835
4 949 736 725 3658
4 564 535 533 4090
4 3239 3378 3067 4024
4 1173 3163 3136 3962
4 2629 3540 2540 3978
4 3038 3979 2513 4167
4 2923 2589 3335 3930
4 3030 3828 3364 4087
4 3007 3272 2671 3401
4 1143 3628 3020 3947
4 3074 2601 3272 4363
4 2536 2632 2789 3007
4 1301 1305 3711 3763
4 2672 3058 2998 3930
4 67 64 71 2996
4 1576 4010 1577 4386
4 2716 2809 2709 3050
4 525 514 520 3498
4 3132 1041 3779 3939
4 2830 3178 3171 4394
4 471 480 477 4019
4 2351 2352 2334 3996
4 1247 3387 1177 3610
4 2414 2413 3423 3889
4 2759 3673 3132 3779
4 2822 3371 4104 4121
4 2370 3106 3852 3911
4 3015 3745 497 4311
4 2215 2216 2213 3821
4 2649 2774 3477 3741
4 1883 1898 3328 4185
4 2580 2711 4119 4383
4 3474 4062 2838 4441
4 2986 3229 4303 4322
4 2836 3395 3870 3893
4 2896 2903 2658 3249
4 1503 1485 3307 4092
4 2823 4089 3551 4389
4 1235 1288 2233 3082
4 1295 2992 3864 3953
4 2663 3808 3441 3809
4 2502 3850 3447 4112
4 845 840 2947 3968
4 2541 3635 2959 3734
4 2551 3369 2767 3766
4 533 515 532 4090
4 2461 2460 2468 4377
4 3100 3458 2762 3903
4 2848 3112 2603 3616
4 2988 3029 2616 3170
4 82 3264 102 3825
4 2613 4229 4230 4444
4 3405 2474 4004 4377
4 477 4019 490 4365
4 2624 3860 3861 4053
4 1302 4385 3941 4409
4 3071 3140 2888 3813
4 2036 2037 2011 3442
4 2545 2531 3414 4048
4 3248 3321 2810 4437
4 3106 3341 3002 3911
4 1203 1205 1204 3832
4 2679 2935 3724 3942
4 2260 2259 2310 4235
4 198 186 138 52
4 2530 3103 3506 3999
4 3186 3273 657 3970
4 384 386 3503 4416
4 3205 3500 2582 4439
4 491 3346 492 4091
4 3098 3242 867 3981
4 2941 4031 3592 4218
4 3789 3829 3490 4423
4 164 38 93 3825
4 2788 3311 2878 3834
4 1533 1532 3772 4394
4 2584 3485 3484 4291
4 2619 2736 3615 4335
4 3129 3130 2612 3876
4 74 23 167 68
4 2630 3282 2842 4001
4 3084 4206 3217 4409
4 1511 1381 1502 3421
4 926 3574 944 4075
4 3114 3265 1135 3897
4 324 3353 323 4362
4 2516 2687 2550 3565
4 2559 3068 4372 4373
4 3114 3357 2794 3869
4 2584 3791 2771 4413
4 2128 3428 2144 3909
4 1619 3350 812 4349
4 2752 3812 2571 3957
4 487 4091 3058 4365
4 419 700 418 4364
4 1330 3217 3955 4120
4 2756 3235 3804 3807
4 2807 3212 2869 3797
4 827 3450 3458 4081
4 163 116 124 40
4 3656 3745 2691 4281
4 2185 3454 2179 3894
4 2094 3165 2085 4342
4 78 71 3541 3918
4 2908 3006 3005 3035
4 3173 3174 2065 3544
4 2766 3317 3579 3797
4 156 3093 171 3534
4 2689 4368 3815 4369
4 2540 3348 3875 4354
4 2450 2446 3636 4137
4 2771 3787 3224 3791
4 171 170 3507 4240
4 2604 2681 2539 3805
4 2726 3398 3765 4145
4 2718 2916 3350 3882
4 1511 1521 1389 3585
4 1531 3772 1530 4341
4 2580 3562 3436 3872
4 2361 2111 1732 3931
4 3557 4303 3229 4322
4 2535 2985 2596 3692
4 3419 3914 2452 4092
4 1739 1741 1402 3220
4 2644 3364 3828 4087
4 3017 2737 3781 3914
4 1596 4044 1588 4285
4 2312 2261 2313 3430
4 1578 1579 1554 4341
4 2686 2957 3426 3847
4 3463 4246 3660 4299
4 256 4088 3641 4282
4 360 358 348 3988
4 126 196 101 4181
4 169 166 162 3093
4 3232 3632 2512 3720
4 1361 3419 1363 4107
4 2553 3951 3858 3952
4 2580 4119 3872 4131
4 805 3851 3764 4118
4 2145 2151 2146 4220
4 2549 3581 4115 4182
4 2604 2539 3157 3532
4 2163 3223 2165 3298
4 2694 3090 3715 3937
4 2283 2282 2290 4210
4 2617 3366 2586 3637
4 2903 2877 3298 3816
4 2604 3316 2850 3665
4 2578 3497 2709 4230
4 2991 3281 2884 4123
4 3332 4237 1567 4275
4 1877 1864 1863 3691
4 3302 3640 3597 3902
4 2599 3000 2713 3770
4 2970 3327 3522 3972
4 2856 3060 2846 3874
4 2403 3391 2402 3889
4 3101 3558 2768 3634
4 2631 2743 3274 4347
4 2826 2830 3476 4284
4 2649 3056 3017 3600
4 304 293 3669 4103
4 2507 3329 2524 3980
4 615 3970 613 4408
4 2582 2543 3751 4439
4 3244 3853 3735 4427
4 1924 3094 3560 4317
4 3341 3584 3010 3889
4 1907 3536 1908 3559
4 2118 2981 2102 3852
4 683 3410 3186 4408
4 2227 3959 3296 3987
4 2622 3716 3046 3754
4 1913 1921 1926 3536
4 3010 3604 2700 4243
4 3311 3719 1427 3944
4 72 3378 65 3619
4 2806 2703 3576 3651
4 3362 3667 2891 4430
4 2522 2526 4054 4126
4 1867 1879 1866 4083
4 1811 3097 3288 4233
4 262 263 3386 3659
4 719 713 716 3452
4 3360 2977 3703 3913
4 2841 2629 3540 4127
4 2696 3392 3138 4038
4 1869 1882 1881 4164
4 3381 4139 3156 4347
4 2609 2732 2878 3563
4 2546 3388 2707 4232
4 2634 3797 2807 4369
4 2717 2952 2589 4270
4 3492 3757 560 4336
4 2009 2017 2010 4100
4 1734 3572 1751 4142
4 585 584 576 3315
4 2748 3046 3461 4273
4 1867 3898 3899 4083
4 831 828 835 4348
4 1829 3316 2783 4082
4 1183 1191 3240 3508
4 487 3058 3495 4365
4 3115 3367 2599 4260
4 1383 3176 3060 3299
4 2534 2577 2603 4260
4 1060 3333 1069 4438
4 2815 3672 3556 3984
4 1812 3289 1813 3769
4 142 19 70 148
4 2071 2051 2053 3175
4 3072 3107 2732 3403
4 1615 3285 3178 4394
4 3616 3899 1880 4164
4 2786 3432 3333 3947
4 2530 3568 2755 3935
4 3633 3683 3081 3840
4 3012 3013 2772 3174
4 1766 1765 1762 3571
4 2437 3740 2440 3741
4 2283 2290 2291 4210
4 1409 3588 1410 4065
4 1556 3822 1548 4341
4 1543 4010 1551 4386
4 2626 4036 2881 4359
4 3609 3613 600 4090
4 2583 3863 3064 4128
4 735 760 759 3895
4 2544 3427 2645 4363
4 1006 3658 998 4302
4 2715 3289 3769 4014
4 1837 3094 1935 4317
4 2779 2923 2589 4270
4 593 600 601 4133
4 615 613 654 4408
4 2680 3309 2844 3573
4 2733 3868 4397 4410
4 897 881 896 3981
4 2577 3177 2639 3532
4 2584 3791 3169 4277
4 2890 3951 2662 4421
4 2891 3667 3183 4263
4 2856 2676 3060 4306
4 269 283 282 4156
4 2515 2761 3262 4122
4 1401 1399 1404 3942
4 82 91 95 3551
4 351 3649 3450 4081
4 1837 1935 1838 4318
4 259 3708 4208 4308
4 1783 3750 1774 4152
4 4054 4354 2615 4355
4 3539 3913 1051 4094
4 1348 3345 3344 3464
4 1501 1476 1477 1480
4 2800 2750 3644 4437
4 2630 3849 3388 4001
4 2746 2972 3860 3861
4 2572 4054 3839 4355
4 2053 2051 2050 3175
4 180 46 108 3488
4 1394 4033 3095 4051
4 1861 1876 4209 4338
4 1619 3350 3310 4313
4 2506 4017 3692 4048
4 3015 3110 3745 4311
4 2957 3645 3426 3847
4 3105 3333 2697 3974
4 1620 3350 1619 4313
4 47 190 196 4181
4 3028 3760 3644 4437
4 92 101 28 196
4 2704 4070 2601 4363
4 3839 3956 2526 4054
4 2790 2726 3111 3422
4 1899 1898 1884 4185
4 2286 2294 2287 3445
4 35 94 99 4247
4 3320 4079 3626 4150
4 2634 3815 3385 4108
4 2507 3135 3716 3786
4 152 3215 137 3946
4 2686 3242 2957 3847
4 332 337 336 3148
4 147 3533 3370 3990
4 2646 3683 3018 3840
4 2706 4101 4299 4371
4 2836 4112 3092 4373
4 2566 3841 3777 3964
4 2790 4255 3595 4274
4 104 2507 96 3980
4 2526 2666 2522 4054
4 3338 3471 2802 4187
4 3482 3554 3196 4429
4 2696 2977 3392 4038
4 2418 2415 2424 3009
4 2668 3221 3176 3502
4 363 3649 351 4081
4 96 2507 104 3723
4 2894 3054 2889 3798
4 2508 3416 3818 4246
4 3188 3806 2097 4160
4 1281 1267 1282 1261
4 1879 3691 1866 4083
4 2564 2739 2989 4425
4 2670 3306 3175 4154
4 3012 2772 3188 3544
4 2294 2295 2287 3445
4 2889 3398 2815 3984
4 1879 3929 3691 4083
4 2846 3399 2679 3521
4 2975 2785 3486 3649
4 3233 3407 2834 4061
4 2658 2809 2716 2984
4 853 843 842 3595
4 2861 3753 3022 3845
4 2653 2850 2921 3391
4 2584 3169 3790 4277
4 1634 1642 1660 3926
4 2666 2739 2522 4054
4 2601 2585 3259 4261
4 208 3891 4289 4399
4 4116 4140 2968 4234
4 716 720 719 3452
4 2161 2163 2164 4068
4 3758 3759 2938 4361
4 3433 3761 2920 4025
4 3514 3696 3300 4167
4 2943 3759 3758 4361
4 492 3346 3345 4091
4 3664 3868 3495 4410
4 2455 4116 2456 4234
4 3164 3683 2646 4158
4 2387 3604 2388 4340
4 2353 2352 2351 3748
4 2775 4236 3181 4418
4 1334 2469 1333 3405
4 1130 3392 3357 4094
4 691 676 692 3538
4 2530 2660 3568 3935
4 3192 3575 2570 3648
4 150 140 35 4247
4 3186 2890 3970 4408
4 2743 3153 3328 4185
4 3363 2734 3846 4429
4 3374 3905 3073 4318
4 1360 1363 1366 4107
4 2763 2617 3819 4021
4 3081 3207 3992 4158
4 515 4090 516 4281
4 4085 4198 1987 4395
4 561 590 4000 4272
4 1383 3299 3060 3874
4 1416 3311 1417 3403
4 110 3472 112 3776
4 59 3245 62 4046
4 2936 2916 3310 3926
4 3252 3700 744 4136
4 2555 2564 2799 4346
4 175 143 51 168
4 488 489 3495 4410
4 1318 1312 1319 3315
4 532 515 462 4281
4 2808 2910 3688 4162
4 829 3059 825 3294
4 2556 3207 3577 4246
4 2661 3198 4039 4106
4 2552 3499 2695 4413
4 93 98 39 164
4 88 3551 91 4089
4 3184 3941 3340 4385
4 772 792 771 3570
4 2785 3903 2900 4039
4 3501 4028 417 4319
4 3385 3815 2634 3837
4 2963 4143 3379 4226
4 1623 1645 1643 3621
4 2630 3254 2843 4232
4 2819 3743 3556 4252
4 1079 3947 3105 3974
4 2735 3777 2684 4440
4 1469 1477 1470 3687
4 793 792 772 3570
4 1098 3552 1097 3686
4 3378 3619 3067 4292
4 2614 3292 3463 3654
4 2505 3093 2823 4175
4 2553 3440 2731 3951
4 2783 3289 1825 3620
4 1691 1690 2020 3267
4 2776 2777 3330 3482
4 217 3940 3354 4035
4 2772 3002 2635 3919
4 2922 3963 2932 4013
4 3052 2868 3833 4280
4 864 3645 3426 4390
4 195 2526 4126 4268
4 2798 3417 3550 3943
4 1431 1432 1425 3834
4 2972 3324 3861 4007
4 3603 3822 2860 4117
4 366 354 358 3556
4 237 235 3568 3940
4 411 401 399 4145
4 2741 3481 3152 4288
4 2623 2810 4329 4437
4 2714 2958 3069 3635
4 2358 2340 2355 4320
4 2498 2973 2994 3325
4 2554 3482 3330 3877
4 2398 2410 2401 4243
4 2494 3517 3566 3838
4 3453 4088 221 4225
4 1812 3289 3288 4293
4 2549 3300 4115 4131
4 2721 2934 2718 4136
4 1162 1164 1175 4431
4 2558 2596 2521 3780
4 563 566 565 3613
4 45 182 180 4294
4 2797 2648 2955 3166
4 2843 3242 2841 3282
4 2733 3473 2806 3774
4 2717 2948 3084 3217
4 223 224 225 3782
4 1811 3288 1799 4233
4 2982 3175 2670 3306
4 100 36 172 91
4 3605 4059 1973 4085
4 133 54 192 144
4 2739 2827 3387 3950
4 140 4023 94 4247
4 1470 1478 3639 3687
4 2398 2387 2397 3604
4 2885 4088 231 4282
4 859 850 3645 3968
4 1589 1588 1596 4044
4 2520 3867 3063 3893
4 2885 2665 3459 4225
4 2590 2711 2669 4383
4 3533 3990 146 4264
4 341 344 320 3731
4 2792 3286 3663 3868
4 2793 4213 3009 4214
4 3173 3852 3106 4160
4 2537 3828 3364 4436
4 2430 2452 1423 3419
4 2435 2946 3864 4351
4 162 91 37 3551
4 2748 2994 3629 4254
4 3867 4423 3146 4424
4 3053 3410 2890 4392
4 3299 3399 1384 3576
4 2705 3435 2638 3594
4 174 48 151 134
4 1941 3035 3005 3831
4 2571 4007 2532 4122
4 2829 2711 4382 4383
4 3005 2741 3890 4411
4 1888 3157 1887 3177
4 2559 2833 3485 4146
4 2425 3665 3316 4082
4 3117 3622 3280 4108
4 2776 3679 2777 3705
4 2423 2417 2418 3318
4 3084 3941 2717 4021
4 2266 3133 2264 4316
4 3549 3550 3417 3943
4 1503 1512 1511 3307
4 2417 2418 3318 4003
4 522 3580 518 3699
4 2856 3701 2919 4331
4 2670 2971 3141 3814
4 3221 3502 3464 3774
4 3144 3727 360 3988
4 2531 2640 3457 4213
4 2975 3486 2785 3514
4 839 833 840 3458
4 2826 3491 3126 4008
4 111 3137 112 3472
4 2707 2843 2790 3054
4 3839 4047 2522 4126
4 2053 2072 2071 3175
4 2760 3680 3216 3975
4 2597 2826 2721 4284
4 1335 1330 3217 4409
4 2680 3309 3062 4056
4 2335 2334 2352 3996
4 2764 2613 3369 4229
4 1361 1352 1362 3419
4 592 3403 3107 4133
4 3171 3273 2830 3887
4 2504 3378 3239 4024
4 632 633 3543 4165
4 2711 2794 3114 3896
4 369 3995 3798 4348
4 2859 2588 4064 4079
4 1860 1861 3620 4338
4 3569 2667 3879 4109
4 2687 2774 2953 3194
4 2522 4054 3839 4126
4 3419 3781 1367 4107
4 560 558 561 3492
4 1511 1502 1503 3307
4 1813 3289 1812 4293
4 2786 3105 3020 3947
4 2630 3140 2841 4127
4 271 4208 3230 4286
4 153 3533 146 4264
4 3336 2853 4155 4377
4 1357 1344 3464 3774
4 337 428 3149 3802
4 2644 3828 3785 4087
4 3171 3772 3255 3835
4 100 91 3551 4089
4 216 3354 3435 3594
4 2233 1288 2329 3082
4 2858 4064 3394 4283
4 2652 2712 2577 3177
4 2755 3568 3187 3642
4 361 372 3727 4416
4 2577 2534 4022 4260
4 2885 3787 2584 4291
4 2788 3413 3311 3834
4 119 126 4180 4181
4 2970 3326 3327 3972
4 3060 3176 1383 3874
4 2921 3769 3289 4014
4 1212 1221 1211 3444
4 53 186 138 4268
4 2701 2953 2649 3158
4 2803 2614 3654 4021
4 984 986 985 3530
4 468 4281 2801 4360
4 3415 3650 2793 4195
4 1598 1599 4076 4121
4 114 118 3725 4089
4 2960 3604 3331 4340
4 2715 3274 3288 4014
4 2531 3747 2545 4214
4 496 446 3431 3807
4 2509 3228 3842 4428
4 2890 3257 3757 4421
4 187 92 28 196
4 2533 3093 3534 3685
4 1928 1940 1939 3035
4 297 310 3323 3607
4 2732 3072 2781 3270
4 115 3361 129 4180
4 2968 4116 3546 4140
4 2668 3464 3221 3502
4 2921 3769 2715 4192
4 839 3458 840 3968
4 1596 1597 1589 4044
4 2753 3057 2919 3565
4 2208 2200 2207 4419
4 1619 3310 3350 3910
4 417 416 3501 4319
4 86 85 87 4304
4 2735 4370 3011 4440
4 1805 1807 3612 4414
4 2608 3060 2676 3685
4 822 3764 3349 4395
4 2533 3685 3534 4439
4 2792 3286 3085 3287
4 1154 3372 1156 3962
4 2960 4300 3414 4343
4 2497 4180 3723 4181
4 1195 3848 3263 3987
4 2919 4331 3701 4345
4 2731 2890 3951 4392
4 3212 3621 2869 3695
4 2819 3185 3003 4433
4 121 122 112 3425
4 784 4008 3476 4434
4 578 3516 586 4384
4 2658 2903 2724 3087
4 241 3714 254 4147
4 1817 1833 1830 3612
4 3042 3083 4309 4443
4 2639 2712 3022 3536
4 1678 1679 3690 3934
4 2516 2625 2753 3685
4 509 3801 508 4380
4 2581 3100 2762 3903
4 2462 2461 2464 4140
4 3589 3908 3670 4159
4 381 369 4124 4348
4 1932 1929 3564 3986
4 2614 3654 3463 4371
4 2699 3881 3465 4201
4 2955 3296 3021 3987
4 3341 3391 2394 3889
4 2934 3350 2718 4136
4 1493 4121 3647 4219
4 85 93 102 2585
4 3478 3577 2980 4122
4 4004 4155 2853 4377
4 3636 3661 2442 3741
4 279 278 296 4037
4 2725 2896 2558 4325
4 2834 3407 2967 4061
4 1277 1278 2319 2804
4 2735 3318 3075 4003
4 276 3641 3281 4103
4 3022 1938 3536 4178
4 2614 3219 4171 4375
4 2803 3347 3674 4371
4 3144 3474 2838 4441
4 2649 3477 2857 3600
4 2566 3841 3964 4034
4 1502 1381 1373 3421
4 505 449 457 3656
4 967 952 968 3721
4 2959 3858 3275 4216
4 1206 3832 1207 4132
4 3616 3899 3018 4083
4 1469 1462 1463 3687
4 384 385 386 4416
4 1443 1445 3936 4092
4 2889 2815 3743 3984
4 1505 1494 3576 4174
4 1538 4045 1539 4275
4 516 515 533 4090
4 2039 2063 2064 4029
4 2771 2584 3787 3791
4 822 3349 1629 4395
4 2377 2981 2371 3331
4 2064 2040 2039 4029
4 2592 2778 3509 4036
4 1978 2133 2001 3666
4 3066 3110 2731 4215
4 3288 3289 2715 4014
4 3122 3622 2997 3967
4 2977 3703 3913 4094
4 2994 3325 2973 3382
4 3132 3779 2728 4432
4 3085 3287 427 3679
4 3029 3170 1340 4206
4 370 366 358 3988
4 1241 1234 1242 4179
4 1717 1710 2044 3267
4 3289 3805 2921 4014
4 3058 4019 3034 4365
4 3022 3753 2861 3770
4 329 2999 334 3705
4 2936 4194 3078 4307
4 3434 3556 2758 3988
4 1330 3955 3217 4409
4 1217 1235 1233 3676
4 2023 2045 2019 4012
4 2948 2672 3335 3710
4 130 80 34 4023
4 1465 3719 3290 3944
4 3411 3611 3086 4224
4 2493 3259 3493 3652
4 1409 1744 3588 4065
4 1119 3020 3263 3947
4 3549 2925 4279 4280
4 2538 3841 3404 3964
4 1730 1727 3975 4305
4 71 78 63 3918
4 1909 1925 1923 4178
4 1247 3610 1243 3950
4 2851 4289 3519 4401
4 2807 3526 3118 3621
4 2908 2928 2713 3564
4 2515 4086 2761 4122
4 1416 3719 3311 4133
4 2753 2550 3685 4020
4 846 855 3645 3847
4 2970 3327 3011 3522
4 2460 3546 3336 4377
4 1877 1872 1864 3688
4 2841 2842 2630 3282
4 1904 1915 1905 3890
4 1175 1174 1162 4431
4 2370 3331 3106 3584
4 3427 3902 2817 4404
4 2544 3325 3427 4378
4 2544 3427 3325 4404
4 1454 1452 1451 4030
4 3159 3178 2916 3910
4 3528 3743 2819 4252
4 2998 3034 2672 3991
4 2417 3318 3736 4152
4 2552 3092 3447 3810
4 739 3700 3154 4349
4 3034 464 4049 4365
4 3011 4003 3542 4332
4 1867 3898 1868 3899
4 1111 1071 1072 4438
4 1529 3255 1528 4386
4 384 386 383 3503
4 808 807 4394 4434
4 2633 3964 3841 4034
4 2660 3642 3568 3935
4 1793 1781 1784 4414
4 1872 3688 4204 4205
4 2958 3273 3069 3277
4 1418 3403 3311 3834
4 2750 2800 3644 3658
4 1890 1896 1906 3929
4 2746 3861 3860 4053
4 2860 2688 3255 4386
4 659 3273 3186 3835
4 2544 2645 3427 3756
4 611 3757 613 4336
4 3013 3429 3206 4403
4 207 3460 204 4289
4 2623 2770 3922 4437
4 2582 2781 2691 3440
4 1018 1042 1043 3779
4 3308 4168 3437 4315
4 3013 3820 3429 4100
4 514 509 508 4380
4 801 817 816 3526
4 3068 3343 2836 4373
4 220 3453 4225 4310
4 2830 4284 3178 4434
4 3670 3844 2872 3908
4 2695 2885 3460 3782
4 860 3390 412 4274
4 3388 4001 2707 4232
4 249 2870 245 3568
4 3311 3403 2878 3834
4 426 3287 2778 3679
4 2707 2889 3054 3390
4 1555 3822 1556 4341
4 2427 3675 1820 4195
4 202 210 209 4399
4 47 196 126 4181
4 2115 2116 2099 4160
4 3132 3530 1016 4358
4 153 131 141 4264
4 765 764 756 4203
4 3238 3472 3137 4196
4 2888 3333 2697 4334
4 756 757 765 4203
4 2808 3927 2910 4162
4 2730 2759 3080 3882
4 479 478 3495 4365
4 108 121 128 3488
4 2817 4086 3325 4404
4 2871 3118 2807 4369
4 3403 3492 3053 4272
4 1043 1019 1018 3779
4 1917 1921 1918 2899
4 3002 3188 2772 3544
4 3732 3846 2892 4430
4 2682 3486 2975 3514
4 2975 2682 3514 3608
4 2770 3760 3248 4437
4 2691 3745 4090 4281
4 2516 3631 2687 4240
4 3434 3988 2758 4321
4 2714 3069 3273 3970
4 2976 4102 3498 4384
4 2172 3429 2171 4099
4 2477 2988 3661 4137
4 62 3193 3245 4011
4 2305 4374 2297 4420
4 1343 3774 3473 4397
4 3712 4077 2965 4217
4 2973 3324 3861 3863
4 2550 2621 2774 2924
4 302 3614 290 4286
4 3353 2975 3669 4362
4 119 121 108 3488
4 463 3663 2791 4365
4 2498 3401 3629 4389
4 3787 3791 2584 4277
4 2828 3691 3929 4083
4 944 3574 926 4269
4 3360 3703 1025 3913
4 466 465 461 3713
4 2771 3230 3185 4282
4 1330 3955 1324 4120
4 2747 3349 2932 4085
4 2968 3250 2702 4116
4 181 186 53 4268
4 1393 3176 1385 4051
4 2287 2280 2279 3748
4 2554 3063 3867 3870
4 3138 3475 2696 4038
4 2857 3057 2753 3565
4 1712 1700 3216 4194
4 2505 2533 3093 3534
4 1394 3600 4033 4051
4 2790 3111 2726 4274
4 2549 4115 3358 4182
4 3528 4252 3185 4286
4 2571 2761 4007 4122
4 515 3609 532 4090
4 3644 4319 3028 4402
4 2616 3941 3084 4021
4 1015 3530 984 4358
4 1404 3942 1741 4065
4 2912 3343 3330 3877
4 3072 2732 3311 3403
4 2951 4096 4036 4148
4 267 254 269 3714
4 3298 3816 3223 3897
4 1381 1373 3421 3781
4 2751 3501 3028 4028
4 2885 3787 4088 4282
4 2554 3343 3330 3870
4 1553 3603 1554 4341
4 2947 2957 2647 4111
4 3476 4284 2830 4434
4 2981 3172 2102 3852
4 1578 1554 1553 3603
4 2540 3978 3254 4182
4 2001 3666 2155 4056
4 2886 3230 244 4208
4 2787 4125 3937 4163
4 2763 3292 2617 4021
4 3450 3649 351 4042
4 3688 3691 3537 4162
4 2625 3625 2995 3862
4 2042 4098 2043 4099
4 156 166 3093 4175
4 201 189 4047 4292
4 2520 3888 3169 3893
4 1267 1260 1261 4425
4 149 143 51 175
4 148 19 70 77
4 3821 4098 2773 4099
4 155 170 3295 3507
4 1550 3412 3256 3998
4 43 172 118 125
4 3439 3951 2714 4392
4 2179 3454 2180 4220
4 2617 3637 3515 4006
4 3321 3645 3100 3968
4 2678 2669 2873 4383
4 2592 3063 3509 3870
4 2416 2415 3009 3423
4 3182 3649 362 4081
4 2790 3920 3422 4274
4 3390 3398 401 3765
4 2460 3336 2468 4377
4 2672 3034 3713 3991
4 2529 2605 3393 4327
4 3014 3767 3040 4067
4 2608 2753 3685 4020
4 479 3495 486 3664
4 2810 3028 3100 4329
4 1629 3349 1971 4395
4 2447 2443 2446 3661
4 1074 1071 1075 4438
4 2634 3818 4108 4412
4 261 3281 252 4123
4 3128 2902 4062 4398
4 1787 3471 3120 4192
4 2656 3232 3632 4238
4 1908 1893 3177 4164
4 1578 3822 1579 4341
4 2755 2894 2656 3187
4 516 4090 3745 4281
4 3342 3431 3149 4018
4 3434 4321 2758 4405
4 3761 3977 2920 4212
4 500 502 501 3948
4 1892 1907 1912 3616
4 2569 3696 3278 4327
4 1189 3240 1190 3241
4 2845 3357 3114 3869
4 2546 3388 4232 4287
4 1318 1317 605 3315
4 298 3185 3003 4252
4 2581 2900 3100 3903
4 2925 3549 3672 3943
4 644 645 668 3591
4 2934 3350 3080 3882
4 2279 3214 2257 4328
4 2681 3805 3289 4014
4 2604 3010 2793 3665
4 126 115 89 27
4 2763 3941 3340 4021
4 1291 2487 2432 3864
4 2750 3823 3644 4402
4 2164 2162 2161 4068
4 2935 3399 2863 3694
4 2609 3440 3439 4392
4 2467 2468 3336 4377
4 3182 4081 362 4416
4 2682 3590 2884 4156
4 2455 2464 2463 4116
4 1111 1072 3432 4438
4 2274 2282 2275 3451
4 222 206 219 3460
4 2999 3554 2779 3705
4 2733 3868 2849 4170
4 2691 3110 3107 3613
4 2940 3993 3646 4283
4 2952 3941 2763 4021
4 2992 3058 3346 4091
4 3015 2691 3656 3745
4 2544 3629 3007 3907
4 3127 3908 3257 4336
4 1932 1929 3035 3564
4 2890 2714 3951 4392
4 3571 3572 2859 4142
4 1975 1974 3913 4059
4 2559 3485 3790 4424
4 1240 1239 1223 4179
4 3336 4155 3158 4189
4 951 952 967 3721
4 2638 3435 3354 3594
4 2095 1725 3510 3989
4 3114 3223 1149 4105
4 2589 3627 2687 3631
4 3307 3421 1502 4092
4 2913 3230 2771 3642
4 2356 2360 2357 3800
4 2681 2783 3289 3316
4 3366 3565 2687 4069
4 382 3091 4279 4333
4 3757 3970 2890 4408
4 1923 1936 1935 3928
4 2565 2536 2789 3329
4 349 348 3353 3727
4 3008 3456 2645 3901
4 3004 3168 3118 4190
4 3660 4368 2871 4369
4 2724 2903 2877 3298
4 2771 3791 2627 4238
4 2515 3262 3577 4122
4 1868 3898 1854 3899
4 2631 3481 3152 3567
4 3290 3719 1466 4174
4 2152 2146 4220 4231
4 2130 3628 2129 3909
4 1797 1785 2408 4152
4 2630 2842 2841 3140
4 2230 2248 2249 4417
4 1774 3750 3327 4152
4 3357 3666 1146 4094
4 2582 2835 2792 3500
4 3009 3010 2640 4243
4 2306 4184 2298 4374
4 2744 3948 3083 4311
4 2530 2569 3278 3393
4 42 156 107 4175
4 2814 3580 3083 4309
4 1710 1691 2020 3267
4 2177 3104 2176 3894
4 1549 3285 1533 3772
4 1872 4204 1884 4205
4 668 645 669 3591
4 2605 2641 3393 4327
4 2469 3405 2470 3546
4 533 573 564 4090
4 2648 2799 2797 4346
4 2987 3990 3245 4264
4 3390 3398 2889 4124
4 2473 2468 2472 4377
4 177 2917 3517 3838
4 1806 3611 1805 3612
4 3257 3757 613 3970
4 3046 3716 2622 3842
4 2893 3675 3318 3736
4 1528 3410 3255 3835
4 704 900 3644 4319
4 1530 3835 3255 4341
4 1059 3767 3014 4067
4 2867 3749 3739 4135
4 185 3693 194 4126
4 3335 3710 2992 3711
4 1663 4110 3496 4276
4 1474 1465 1473 3290
4 61 63 2740 3193
4 2727 3969 3479 4265
4 2690 3579 3317 3797
4 1318 3315 1319 4223
4 2622 2743 3274 4014
4 1308 2449 2448 3515
4 2283 2275 2282 3451
4 3005 3006 2632 4253
4 2725 2903 2896 3249
4 2574 3085 2998 3627
4 3399 3424 2863 3694
4 2508 3818 3416 3945
4 2890 2714 3186 3970
4 2789 2713 3000 3831
4 2581 3300 4131 4391
4 2793 3009 2962 4195
4 896 881 3920 3981
4 2762 2957 2947 3645
4 804 3764 820 4118
4 3306 3542 2960 4340
4 1681 1682 1677 3617
4 2228 2246 2247 4417
4 2737 3419 3344 4107
4 2850 2865 2653 3919
4 3071 3206 2749 4432
4 858 849 850 3968
4 1677 1676 1681 3617
4 2393 3377 3391 3931
4 169 3093 2974 4069
4 2504 3239 3238 4287
4 3239 3378 2504 3619
4 1663 3496 1664 4276
4 3772 3835 1530 4341
4 2131 3671 2130 3909
4 277 276 268 4103
4 1096 3552 1095 4356
4 3344 3464 2668 3502
4 3063 4096 3888 4148
4 894 895 877 3920
4 2592 2881 3802 4036
4 651 4000 653 4408
4 2711 3265 3124 3443
4 2286 2285 3445 4328
4 2851 3123 2852 3519
4 1472 1358 1364 4174
4 573 3609 564 4090
4 699 3111 698 3765
4 2755 3187 2913 3642
4 3013 3779 3673 4432
4 2613 4017 3236 4444
4 2572 3535 3839 3956
4 3408 3409 2817 4086
4 2429 2427 2793 4195
4 825 3059 824 4173
4 35 99 150 4247
4 2888 3071 2728 3140
4 2640 3414 2960 4300
4 1953 3904 1948 3905
4 812 3350 813 4349
4 1710 2020 2044 3267
4 1352 1361 1350 3419
4 2732 2609 2878 4392
4 2964 3979 3300 4115
4 2815 3556 2819 3743
4 1990 4013 2932 4085
4 519 511 518 3580
4 777 798 797 3851
4 2755 2656 2913 3187
4 3759 4139 3203 4249
4 80 84 85 3351
4 31 99 90 188
4 3087 3243 2606 4058
4 488 1347 1345 4410
4 873 893 875 4274
4 2154 3352 2251 4231
4 519 520 510 4102
4 2450 3340 2451 4137
4 1052 1977 3539 4094
4 1204 3832 1206 4132
4 3188 3510 2096 3806
4 431 3149 428 3802
4 3110 3420 3107 3613
4 113 123 44 182
4 1598 1483 1493 4121
4 2944 3337 3949 4326
4 3245 3990 2496 4264
4 2565 2908 2789 3754
4 139 149 32 84
4 892 893 873 4274
4 2995 3625 3402 4254
4 478 479 477 4365
4 3005 3035 3006 3831
4 1194 3263 1195 3848
4 93 38 82 3825
4 2896 3249 2658 3586
4 1837 3374 3094 4317
4 1478 1471 1470 3639
4 3045 3612 3611 4095
4 1790 1792 1787 3471
4 254 3386 263 3714
4 2711 2829 3265 3443
4 1429 3413 3311 3944
4 992 994 993 3813
4 2599 3367 3019 3730
4 308 3486 296 4037
4 3452 3682 726 3700
4 2697 3373 3105 3974
4 3651 3719 3290 4174
4 3094 3560 3102 3890
4 2748 3383 4254 4273
4 2776 2777 3482 3705
4 2998 3991 2923 4197
4 188 31 99 199
4 2604 3746 2850 3805
4 684 3186 3410 3835
4 123 197 44 182
4 2425 2419 3316 3665
4 797 776 777 3851
4 2570 3064 2679 3192
4 1191 1190 3240 3241
4 2564 2522 2666 2739
4 3394 4063 2738 4064
4 3394 4064 3320 4283
4 2718 3470 3923 4284
4 75 11 117 123
4 149 32 84 98
4 1760 3643 1761 4176
4 738 739 737 3682
4 2273 2274 3352 3451
4 2150 2144 2149 3428
4 193 200 185 3771
4 2608 3685 2533 4170
4 2730 3012 3188 3442
4 1658 1988 1699 4198
4 3264 2840 4378 4393
4 993 962 991 3813
4 562 560 561 3492
4 2592 3509 3330 3870
4 851 3390 860 4255
4 2539 3448 3746 3805
4 2850 2653 3805 3919
4 2664 3320 3965 4149
4 2708 3894 3104 4220
4 1958 2491 1962 2861
4 3536 3616 3112 4258
4 3645 3799 846 3847
4 400 390 3672 3943
4 2780 4093 3261 4241
4 872 874 860 4274
4 3068 3870 3063 3893
4 3002 3106 2635 3341
4 2624 3863 3861 4128
4 2810 3100 3028 3321
4 427 3085 441 3287
4 2730 3079 3442 3989
4 2911 3338 4113 4211
4 3417 4212 3739 4364
4 3068 3867 3063 3870
4 2721 3252 2934 4136
4 2821 3381 3648 4273
4 470 464 4019 4365
4 1478 1479 1471 3639
4 3316 2850 3665 3889
4 1904 1919 1915 3890
4 77 191 198 15
4 832 833 839 3458
4 2805 3829 3592 4218
4 1753 3931 1749 4142
4 308 3649 3486 4042
4 1721 3680 1722 3975
4 814 813 3938 4136
4 3395 3952 2553 4148
4 912 898 899 3602
4 1074 1073 1071 4438
4 1087 4067 3014 4356
4 2992 3345 2621 3346
4 2859 3510 3931 4142
4 210 213 4399 4400
4 228 3435 4147 4310
4 3320 4064 2588 4079
4 463 3663 2801 4281
4 2888 3139 3892 4127
4 2454 1446 1448 3936
4 2587 3401 2671 4393
4 2285 2284 2292 4202
4 3256 4010 1543 4386
4 171 169 2516 3093
4 1453 1454 1451 4030
4 652 3757 650 4408
4 2746 2649 3057 3957
4 2658 2896 2725 2903
4 434 2999 3804 4197
4 2783 2793 2604 3415
4 2169 3298 2167 3816
4 2574 2621 2849 3631
4 1144 2131 2132 3671
4 2132 1145 1144 3671
4 1961 1951 3730 4027
4 2717 2589 2948 4270
4 2549 3278 3696 4327
4 3511 3623 3077 4129
4 1155 3372 3263 3848
4 360 371 370 3988
4 77 66 191 15
4 55 150 199 4247
4 3350 3938 3080 4313
4 3112 3536 3022 3616
4 3145 3669 2884 4103
4 2778 3802 3678 4036
4 2808 3688 3537 4162
4 814 781 780 4136
4 2603 3683 3633 3840
4 2652 2577 4213 4312
4 2911 3808 3643 4211
4 1636 4313 3310 4445
4 3186 3273 3171 3835
4 2249 2231 2230 4417
4 2825 3218 4074 4223
4 2509 3108 3449 4379
4 1356 1355 1346 3774
4 2412 3391 3316 3889
4 1288 1235 1271 3355
4 1305 3194 2441 3711
4 1630 3285 1549 4110
4 259 245 258 4208
4 1526 3410 682 4000
4 3094 3890 2741 4411
4 161 3366 2516 4069
4 3524 3892 947 4009
4 532 3609 573 4090
4 1636 1635 3310 4313
4 2161 3223 2163 4068
4 402 3390 851 4255
4 2755 3568 3642 3935
4 1300 3681 2948 4409
4 2021 1699 1988 4198
4 2740 3200 3143 3918
4 3417 3739 419 4364
4 3158 3661 3636 3741
4 1395 1396 4051 4306
4 1301 3710 3681 3711
4 2917 3627 2610 4240
4 3325 3427 2817 4404
4 2522 2926 2564 4346
4 1825 3289 2783 3316
4 2691 3015 2835 4215
4 263 3659 270 3714
4 2671 3019 3007 3329
4 238 4123 3453 4310
4 814 780 813 4136
4 2840 4221 3825 4267
4 1052 3539 1051 4094
4 2241 3082 2240 4179
4 2285 2292 2293 4202
4 2679 3064 3624 3724
4 3581 4182 3436 4382
4 1528 3255 1529 3835
4 67 109 8 76
4 1912 1897 1892 3616
4 3440 3951 3439 4392
4 2638 3354 3940 4035
4 3136 3163 2782 3962
4 1773 1774 3327 4152
4 2247 2229 2228 4417
4 2079 2080 3544 4160
4 3144 3353 348 3727
4 2665 2851 3123 4146
4 3091 2758 3988 4321
4 2235 2262 2169 3816
4 375 4081 3836 4416
4 1551 4010 1552 4386
4 2960 3075 2640 3604
4 1119 3263 3020 3671
4 1908 3559 3536 4164
4 124 8 109 76
4 2044 2068 1717 3267
4 2232 2250 2331 4367
4 2650 2596 3190 4325
4 1162 3163 1160 4262
4 2743 2928 2908 3328
4 2781 3072 2732 3971
4 2640 3010 3009 4214
4 2506 3747 2531 4312
4 654 656 3970 4408
4 2681 2622 3805 4014
4 3364 3828 3030 4436
4 447 448 455 3466
4 275 259 274 4308
4 960 3530 3222 4269
4 2606 3243 3165 3821
4 176 164 3202 3825
4 3196 3554 3363 4429
4 2614 3704 3219 4375
4 1337 1336 2476 2472
4 1898 3564 1900 3925
4 2581 3100 2900 4329
4 3007 3401 2901 3629
4 2621 2574 3058 3930
4 2785 3450 2900 3903
4 1632 3159 1631 4276
4 2374 2375 2388 3542
4 2658 2984 2985 3586
4 12 189 197 65
4 2885 3484 2665 4291
4 2697 4127 2888 4334
4 3493 2534 3652 4261
4 2844 3165 3309 4080
4 2685 3066 4191 4215
4 2914 3209 3955 4120
4 2871 3090 3334 4045
4 2860 3171 2720 3772
4 1909 1910 3929 4178
4 176 3366 169 4069
4 2757 3966 3267 4290
4 151 16 60 141
4 2401 2410 2409 4003
4 1825 1828 1829 4082
4 449 505 497 3656
4 75 12 197 65
4 16 60 74 151
4 3062 4056 2158 4105
4 1760 1754 3326 3643
4 3352 3454 2181 3871
4 2494 3783 3517 4134
4 736 949 965 3658
4 2287 2288 2280 3748
4 60 61 68 3200
4 608 1322 1321 3738
4 2036 2060 3442 3989
4 2845 2794 3357 3869
4 3685 4020 3534 4439
4 2427 2421 2793 4195
4 2749 2818 3206 3628
4 2867 3549 3417 3749
4 479 478 486 3495
4 1345 489 488 4410
4 1432 3834 3412 3998
4 136 137 135 3946
4 2946 3477 2774 3740
4 2202 2201 2209 4419
4 2648 2955 3166 3296
4 3287 3466 438 3657
4 2521 2650 2596 3548
4 2531 2640 3414 3457
4 2254 3213 2246 3959
4 2947 3645 2957 3799
4 3755 3884 3224 4433
4 2681 2928 3328 4338
4 2530 3278 3506 3744
4 2658 3087 2724 3414
4 2624 3625 3064 3702
4 3020 3628 2786 3947
4 2856 2919 2676 4345
4 2922 3966 3024 4154
4 242 3230 2886 4282
4 245 2870 237 3568
4 1456 1454 1453 4234
4 2730 3080 2916 3882
4 2590 3793 3869 4119
4 2889 3984 3798 4124
4 2717 4270 3704 4375
4 3040 3138 2745 4067
4 2207 2200 2199 4419
4 2940 3646 3319 4283
4 2907 2743 3048 3328
4 3624 3724 3064 4161
4 2626 3732 3846 4096
4 1808 1797 1809 4415
4 2513 2569 3958 4167
4 1882 1894 3827 4209
4 2693 3045 3611 4095
4 2777 3085 2792 4239
4 3017 3914 3781 4092
4 2921 3377 3769 4192
4 2716 2809 2658 4048
4 1943 1933 1932 3986
4 3001 3513 2760 3975
4 2287 3748 2279 4328
4 2587 3264 3401 4393
4 3660 4101 3463 4299
4 3839 4054 2526 4126
4 1200 3832 3234 3848
4 2506 3747 3547 4017
4 2093 2109 2092 3733
4 2574 3085 2792 3286
4 2262 3816 2264 4374
4 2675 2981 4342 4343
4 2997 3622 3668 3967
4 170 2917 177 3295
4 3017 2737 3600 3781
4 2477 2447 2485 4137
4 789 779 3154 4349
4 964 947 3892 4009
4 1805 3612 3611 4414
4 2552 3642 2660 3935
4 1160 3163 1173 3962
4 1703 3442 3079 3989
4 3360 3912 3605 3913
4 3312 3822 2795 4110
4 2165 3298 2166 4068
4 2032 3814 2000 4056
4 1396 1393 3176 4306
4 2286 3445 2287 4328
4 2743 2908 3153 4185
4 3148 3235 2999 3554
4 2550 2774 2687 3194
4 1854 3898 1835 3899
4 437 429 438 3657
4 2627 3755 3224 4433
4 841 4124 392 4255
4 3300 3979 2513 4115
4 429 3657 430 3802
4 2931 2962 2684 3675
4 2988 4004 2476 4155
4 1914 1899 1905 4185
4 1974 3605 1049 3913
4 3074 3729 3272 3730
4 1781 3271 1770 3750
4 2774 2857 2649 3477
4 3012 3544 3442 4029
4 2761 3325 4086 4404
4 34 94 140 4023
4 2498 4267 2973 4378
4 843 835 842 3830
4 2574 2791 2998 3286
4 2839 3304 2937 4118
4 185 200 184 3236
4 2832 2714 3186 4392
4 1705 1706 1707 3680
4 2522 2666 2526 4126
4 3525 3533 2496 3990
4 3499 4372 3068 4373
4 2591 2660 2530 3999
4 2963 4143 3384 4166
4 2513 3506 3278 3744
4 82 38 154 3825
4 3312 4044 2929 4285
4 1055 1057 1058 3767
4 2630 2843 2841 3282
4 2674 2883 2848 3840
4 2919 4052 3057 4345
4 521 518 522 3580
4 1160 3962 1158 4262
4 1871 4205 3048 4295
4 3311 3403 1416 4133
4 2959 3275 3697 4216
4 522 518 539 3699
4 43 172 166 4175
4 3654 3900 2980 4299
4 3021 3987 2243 4231
4 412 411 420 3765
4 1460 1493 3647 4219
4 1048 3605 1973 3912
4 501 3801 499 3948
4 3196 3482 2779 3554
4 184 190 180 3488
4 203 208 207 4289
4 1404 3220 1741 3942
4 3057 3565 2746 4053
4 1246 3610 1244 4060
4 2629 2841 3540 3978
4 3806 3911 2114 4160
4 2885 3453 2665 4225
4 2515 3409 3408 4086
4 3102 3890 3560 4204
4 1844 1843 3620 4293
4 2525 4183 2978 4391
4 2589 2687 3335 3631
4 2240 3082 2241 4235
4 1046 1971 3349 4085
4 2557 3470 2512 3720
4 1499 1509 1500 4256
4 2854 3983 3623 4350
4 2812 3455 3374 4411
4 2778 2835 3657 3802
4 2613 3050 2709 3213
4 2570 3064 3192 3994
4 104 81 89 3361
4 2908 3035 3005 3153
4 3032 3555 3854 4427
4 1971 4085 1987 4395
4 2728 3779 3071 4432
4 2826 3154 2721 4284
4 2851 3460 4289 4357
4 3574 4075 3222 4269
4 435 428 436 3149
4 2973 4267 4086 4378
4 401 3398 399 4145
4 2398 2401 3075 4243
4 2835 2691 3466 3656
4 3565 3862 2746 4053
4 2670 3024 2922 3963
4 2067 4098 2222 4099
4 615 3970 617 4199
4 3031 3856 3593 4236
4 2535 2596 2710 3692
4 332 335 331 3148
4 2688 3256 3255 4386
4 1949 1948 1952 3904
4 3231 4201 3881 4396
4 2171 3429 2141 4100
4 3104 3429 2172 4099
4 2673 3796 4061 4337
4 3790 3867 3068 4424
4 34 80 94 4023
4 2649 3095 3057 3957
4 3141 4013 1994 4059
4 707 700 701 4364
4 1883 4185 3328 4205
4 3320 3626 2547 4150
4 3201 3967 3668 4046
4 75 69 65 3619
4 2122 3542 3306 4340
4 3240 3444 1189 3933
4 2994 3383 2748 3467
4 3480 3698 2892 4430
4 2331 2314 2232 4367
4 2851 3519 2852 4401
4 3947 3974 1077 4438
4 88 24 114 4089
4 2846 2679 3220 3521
4 2524 2577 4022 4260
4 2578 2773 3497 4403
4 2112 2362 2363 3806
4 432 430 3657 3802
4 3412 3413 1462 3687
4 429 437 430 3657
4 2721 3700 3252 4136
4 2823 3557 3402 4303
4 2595 4055 3752 4337
4 2556 2980 3900 4299
4 2707 4001 2843 4232
4 1943 1957 3247 3986
4 467 470 464 4019
4 2263 3816 2262 4374
4 1069 1067 3795 4009
4 2583 3861 4128 4129
4 3164 3479 2727 4440
4 2590 4119 2711 4383
4 64 67 76 2996
4 2496 3038 3728 3979
4 1847 1843 1841 4293
4 2848 2883 2674 3112
4 1165 3314 1164 4262
4 2177 3894 2178 4220
4 2795 3159 3496 4110
4 2904 3256 4010 4344
4 165 173 163 3507
4 3053 3403 3107 3420
4 3998 4000 1413 4272
4 3078 3510 2859 4142
4 3052 3836 3182 4416
4 3644 4141 3028 4319
4 2653 2921 2865 3391
4 3344 3502 2668 3531
4 149 139 143 4043
4 845 3645 850 3968
4 2678 2829 2782 4382
4 2783 1850 4082 4209
4 2182 3243 2183 3894
4 206 208 209 2482
4 2544 3401 3007 3629
4 2887 3040 3014 3767
4 3290 2703 3651 4174
4 1805 3611 1795 4414
4 561 4000 3492 4272
4 2614 3463 3803 4371
4 3409 3268 4070 4086
4 3267 1699 4012 4198
4 2900 3903 2581 4039
4 2014 2015 2007 4029
4 2467 2471 2472 4155
4 1470 3639 1471 3687
4 3379 4087 3030 4436
4 3199 3713 3034 4019
4 2728 3222 3140 3813
4 1321 1329 1322 2465
4 2875 3144 3091 3727
4 1714 1705 1709 3680
4 1908 3536 1907 3616
4 183 182 4292 4294
4 3073 3374 3456 3905
4 2742 3858 3384 4216
4 334 328 335 2999
4 2741 4130 3005 4288
4 2826 3476 3154 4284
4 2392 2380 3542 4332
4 2520 3789 3490 4423
4 2531 3297 4048 4388
4 2798 3417 3943 4145
4 2615 3875 3348 4354
4 1903 1889 3560 4204
4 2708 2979 3454 4220
4 3795 3892 2888 4009
4 426 2778 3678 3679
4 1049 3605 1048 3913
4 2414 3889 3423 4114
4 2513 3300 3696 4167
4 2418 3009 2424 3318
4 2904 3412 3256 4344
4 377 3672 390 3984
4 110 116 109 3380
4 2572 3956 3839 4054
4 826 3294 825 4173
4 2712 3177 2652 3827
4 3290 3576 2703 4174
4 2649 2857 2774 3565
4 2788 2878 3412 3834
4 89 126 27 101
4 163 156 171 3534
4 1462 3413 3412 3834
4 2549 3278 3358 4115
4 2183 3243 2189 4057
4 1105 1104 1096 3552
4 445 3804 3161 3991
4 1714 1709 1715 3680
4 419 4145 3417 4364
4 1387 1380 3585 3600
4 735 759 733 3895
4 1665 3976 1666 4276
4 3097 3288 2907 4293
4 2888 3795 3071 3813
4 140 144 145 4247
4 2205 3309 2204 4056
4 2363 2113 2112 3806
4 2705 3129 2991 3435
4 3358 4182 3581 4354
4 3474 4062 2902 4398
4 3028 2810 3321 4437
4 3397 3527 3008 4026
4 1970 1045 1044 3820
4 1055 3524 947 4009
4 3537 2883 3929 4177
4 99 94 90 4247
4 2649 2746 3057 3565
4 3345 3346 3058 4091
4 2102 3172 2981 4342
4 1399 3220 1404 3942
4 2906 4314 3231 4330
4 2186 3454 2185 4057
4 4128 4129 2659 4161
4 111 3472 106 3850
4 3330 3482 2554 3509
4 2993 2748 3461 4273
4 295 296 3486 3659
4 1016 3939 3132 4358
4 2522 4047 3693 4126
4 3619 3850 3238 4196
4 3815 4368 3660 4369
4 2993 2632 3461 3907
4 608 607 1322 3738
4 1099 1098 1090 3686
4 1090 1091 1099 3686
4 2714 3273 3186 3970
4 2917 2518 3517 3838
4 3090 4045 3253 4275
4 1044 1969 1970 3820
4 1765 1758 1762 3571
4 2541 3232 3470 3982
4 2711 2873 2829 3443
4 2891 4263 3698 4430
4 1241 2240 2239 4179
4 2617 2952 3819 4097
4 2564 2804 2989 3771
4 2781 3718 2593 3971
4 2624 3861 3862 4053
4 2260 2310 3586 4235
4 3885 4236 2775 4418
4 1272 1289 1288 3355
4 2447 3661 2446 4137
4 2707 2843 3054 4232
4 3793 3869 2633 4034
4 2715 3769 2921 4014
4 2530 2638 2591 4366
4 1893 1894 3177 4164
4 1725 1732 3510 4142
4 3818 3841 3096 4412
4 121 129 3425 4180
4 2360 2345 2347 3826
4 2372 1764 1756 3972
4 1395 4306 4051 4345
4 3798 3054 4124 4348
4 3025 2766 3308 4168
4 899 911 912 3602
4 1643 1622 1623 3621
4 2726 2790 2707 4001
4 1749 3931 1732 4142
4 2399 2400 2408 3709
4 944 4075 3574 4269
4 3066 3492 4336 4421
4 2776 3677 3678 3679
4 2401 2410 4003 4243
4 2602 3470 3439 4324
4 2564 2579 2804 3771
4 2891 3879 3667 4109
4 392 4124 841 4348
4 2948 3681 1300 3710
4 2589 2952 2948 3335
4 2346 2325 2328 3578
4 2678 2873 4382 4383
4 2757 3267 4198 4315
4 1918 2899 3559 3925
4 1549 3285 3772 4110
4 73 63 72 2504
4 1818 1833 1817 3612
4 1952 3729 3730 4026
4 2763 3340 3636 4138
4 2480 1451 2479 4140
4 1393 1388 1394 4051
4 2543 4170 3751 4439
4 1198 1196 1197 3848
4 453 3034 459 4049
4 3275 3858 2742 4216
4 538 3613 3110 4090
4 1347 3464 1345 4410
4 450 456 448 3286
4 3670 3908 2872 4159
4 3537 3560 2883 4177
4 2155 4056 3666 4105
4 2444 2448 2445 3741
4 2753 2668 3176 4051
4 2871 3334 3118 4045
4 1074 3974 1073 4438
4 2726 3765 3390 4274
4 343 342 313 4252
4 3956 4126 2526 4268
4 2598 4101 3660 4368
4 3476 3491 2826 4008
4 2414 2404 3889 4114
4 2551 2555 3236 3369
4 1114 1075 1112 4438
4 2263 2170 3816 4374
4 3278 3744 2530 4024
4 332 331 330 3678
4 3020 3628 1143 3671
4 497 439 449 3656
4 3321 3968 3100 4028
4 2887 3524 3767 4009
4 2721 3154 2718 4284
4 742 3700 780 4136
4 2955 3671 3263 3987
4 928 946 947 3892
4 2500 3744 3278 4024
4 1562 3715 1536 4237
4 1484 1368 1441 4092
4 1046 3349 3912 4085
4 3531 3600 2737 3781
4 2252 2253 2245 3959
4 2128 3628 3428 3909
4 2871 4368 2689 4369
4 2786 2697 3333 4334
4 2762 2947 2647 3903
4 2516 171 3093 3534
4 3798 3995 3054 4348
4 826 828 3294 3995
4 2827 2926 2797 3610
4 2833 2559 3484 4372
4 2614 3803 3704 4371
4 2552 2886 3642 4413
4 2704 3074 2601 3845
4 2513 3696 3300 4115
4 3104 3243 2708 3821
4 110 3380 3472 3776
4 3684 3865 2906 4251
4 2789 3000 3730 4027
4 476 598 572 4360
4 2916 3079 3310 4313
4 2389 2376 3331 4340
4 2500 3744 3535 4115
4 2734 3846 3509 4036
4 2151 3428 2150 4220
4 2531 4022 3297 4388
4 2791 3495 3058 4365
4 2665 3453 2885 4291
4 3787 3788 2584 4291
4 2574 2791 3286 3868
4 2843 3830 3595 4255
4 2559 4372 3917 4373
4 3238 3850 3472 4196
4 2885 2886 2771 4282
4 3318 4003 2418 4243
4 3362 3363 3667 4430
4 2976 3042 4102 4309
4 2649 3095 3056 3600
4 469 2801 3663 3664
4 2522 4054 2615 4355
4 2941 3829 3789 4423
4 2682 2991 3590 4147
4 3352 2809 3454 3871
4 2590 2877 2711 3869
4 2855 3220 1739 3701
4 366 3556 358 3988
4 2844 2680 3733 4080
4 2310 2311 3586 4235
4 340 355 356 3798
4 2721 3154 3700 4349
4 2801 2691 3609 4281
4 2732 3718 2781 3971
4 873 872 3765 4274
4 1397 1387 1389 4033
4 2862 3043 3431 3807
4 2632 3397 3006 3527
4 1914 1915 3035 4185
4 1757 3377 3931 4142
4 2978 4131 4119 4391
4 2357 2354 2356 4320
4 2509 3626 3313 4379
4 2621 2946 2924 2992
4 2493 3416 3259 3652
4 1499 1500 3630 4256
4 2751 3028 3501 4402
4 2614 3704 2717 4021
4 2801 3473 2733 3664
4 2747 2932 3605 4085
4 2555 2579 2564 3771
4 168 160 164 3202
4 447 438 3466 3657
4 2921 3316 2850 3805
4 2513 3278 3696 4115
4 1955 2491 1956 3000
4 483 3473 1342 4016
4 2659 3624 3860 4128
4 2843 3282 2790 3595
4 2314 2315 3246 3996
4 3407 3630 2967 4061
4 863 3242 854 3595
4 2783 3620 1849 4209
4 2827 2797 3314 3610
4 2536 2632 3007 3907
4 1935 3094 1924 4317
4 1940 3035 1941 3831
4 2143 2149 2144 3428
4 2764 2555 2915 3246
4 2549 4115 3581 4131
4 2682 2657 3486 3514
4 2578 2818 2773 4403
4 3038 2740 3143 3958
4 154 38 164 3825
4 2115 3911 3852 4160
4 130 34 140 4023
4 446 442 496 3431
4 152 136 139 4043
4 563 536 535 4090
4 2111 3510 1732 3931
4 3403 3834 1418 4272
4 2147 3909 2146 4231
4 2707 3388 2546 3720
4 2941 4218 3829 4423
4 1618 811 810 3910
4 1945 3753 1958 4318
4 565 566 567 3613
4 2118 2116 2117 3852
4 2392 2374 2388 3542
4 2709 3021 2764 3213
4 291 3607 281 3614
4 2590 3869 2711 4119
4 2579 2555 2804 2915
4 2869 3621 3334 3712
4 179 3276 194 4047
4 1473 1440 1439 4174
4 2130 3671 3628 3909
4 1277 2319 2320 2804
4 805 820 804 3764
4 2526 3956 3839 4126
4 509 499 501 3801
4 1673 1666 1665 3976
4 1661 3079 4313 4445
4 1553 1577 1578 3603
4 3576 3651 2703 4174
4 55 199 192 4247
4 2080 3173 3544 4160
4 2932 3141 2747 3605
4 784 3476 785 4434
4 1521 3421 3233 3585
4 3730 3905 1954 3906
4 1396 3874 1393 4306
4 212 206 222 3460
4 2516 161 2917 3366
4 866 3426 3098 4390
4 2592 2778 2835 3500
4 2979 3021 2784 4229
4 2824 2934 3252 3530
4 3673 3779 3013 3820
4 2554 3867 3068 3870
4 2924 3194 3631 3930
4 3534 3685 2516 4020
4 1973 3605 1974 4059
4 2995 2994 3863 4254
4 2876 4092 3936 4189
4 4139 4273 3461 4347
4 2931 3675 3018 3899
4 3025 3212 2766 4168
4 2761 3325 2973 4086
4 3402 2986 4322 4442
4 2839 3526 3304 3570
4 3217 3955 2948 4409
4 2874 2669 3241 3676
4 2998 3058 2574 3930
4 93 82 102 3825
4 3581 4131 3436 4182
4 1947 3906 3905 4318
4 2700 3604 3331 4300
4 391 3398 401 4124
4 3698 4263 3732 4430
4 1924 3560 4177 4317
4 2805 4218 3698 4423
4 2531 2506 4022 4388
4 2640 2700 3604 4243
4 3664 4397 3868 4410
4 3091 3988 2758 4333
4 382 4279 378 4333
4 2450 3636 3340 4137
4 3005 3831 3006 4027
4 3781 3914 3419 4092
4 1466 1473 3290 4174
4 110 127 116 3380
4 3006 4027 4026 4253
4 1386 3531 1380 3600
4 3157 3177 2652 3532
4 3232 3923 3470 3982
4 517 3110 3745 4090
4 3290 3651 2703 3719
4 3144 3091 3988 4321
4 2228 3296 3959 4417
4 2979 2784 3021 3671
4 129 115 105 3361
4 1271 1268 1272 3843
4 2865 2859 3510 3931
4 171 2917 170 4240
4 2788 3311 2703 3971
4 3117 3463 3803 4171
4 1707 1709 1705 3680
4 3663 3664 2791 4365
4 2771 3787 2885 4282
4 393 4279 3503 4280
4 819 3764 3304 4118
4 2899 3177 2639 3536
4 2530 2529 4024 4287
4 597 591 596 4272
4 273 4286 288 4308
4 2617 2763 3515 3637
4 3071 3222 2728 3813
4 2941 3592 3829 4218
4 223 215 212 3782
4 3288 3289 1812 3769
4 2204 2205 2195 3309
4 401 3398 3390 4124
4 106 3472 110 3850
4 3047 4071 3778 4073
4 2161 2136 3223 4105
4 1698 3308 4198 4315
4 2888 3333 2786 3795
4 1674 1666 1673 3976
4 2830 2958 3476 3887
4 2501 2536 3716 3786
4 73 72 69 3619
4 2919 3701 1746 4345
4 3455 3456 3374 3905
4 2010 4099 2171 4100
4 737 3682 740 3700
4 2972 2761 3324 4007
4 3053 3107 2731 3420
4 582 574 575 3209
4 2732 3440 2781 3718
4 255 272 3230 4282
4 1187 1188 3444 3933
4 216 3354 3594 4035
4 255 3230 242 4282
4 2437 2484 2440 3740
4 2413 2414 2403 3889
4 2957 3799 3645 3847
4 2057 2073 2055 4080
4 1518 3406 1519 4248
4 391 389 3398 4124
4 2790 2843 2707 4001
4 2844 3309 3165 4005
4 562 560 3492 4000
4 2658 2984 2716 2985
4 2549 3518 3436 4182
4 2459 2454 2453 3936
4 2565 2713 2789 2908
4 1435 1428 1422 3719
4 2546 3632 2656 3720
4 1011 1027 1026 3703
4 2791 3663 463 4049
4 598 4016 3609 4360
4 1011 1026 1010 3703
4 2848 3683 2603 3840
4 1973 3912 3605 4085
4 1400 1402 3220 4331
4 87 103 3706 3980
4 3055 3231 4314 4330
4 1618 810 1617 3910
4 2509 3449 3108 4296
4 3089 4032 3406 4352
4 1380 3600 3531 3781
4 2907 3289 3288 4014
4 2504 3935 2530 4287
4 2993 3383 2748 4273
4 813 4136 780 4349
4 3755 4405 2758 4406
4 2978 3922 3872 4183
4 1497 2490 1498 4245
4 111 3472 3850 4196
4 183 184 180 4294
4 3923 3982 2597 4284
4 2703 3311 3072 3971
4 1342 3651 1420 4016
4 1871 3048 4066 4295
4 2508 3622 3117 4108
4 3056 3812 2752 3957
4 2179 2152 2151 4220
4 2610 3330 2777 3482
4 1038 3939 1039 4358
4 2640 3604 3075 4243
4 2498 2544 3629 4378
4 2746 2816 3057 4052
4 3068 2836 3499 4373
4 1124 1123 1102 3768
4 3011 3327 2727 3736
4 2870 3354 2638 3386
4 443 3085 2998 3286
4 1087 1095 4067 4356
4 2365 3911 2115 4160
4 2459 2460 2454 3936
4 3439 3951 2553 3952
4 2776 3677 3679 3705
4 1373 1381 1380 3781
4 2759 3080 2934 3939
4 1207 3832 1205 4339
4 437 447 3656 3657
4 2426 2793 2421 3665
4 1955 1839 1950 4027
4 519 518 521 3580
4 341 340 356 3798
4 2533 2676 3685 4200
4 3092 2636 3917 4373
4 378 3672 3984 4333
4 964 946 963 3892
4 517 506 516 3745
4 2880 3475 3562 4084
4 2900 3450 3458 3903
4 2793 3010 2604 4214
4 3743 3798 2889 3984
4 3311 3413 2788 3944
4 654 656 615 3970
4 90 86 103 3706
4 2704 3374 3303 3456
4 1910 4177 3929 4178
4 3206 3429 3013 3820
4 474 2801 3664 4360
4 1409 1410 3588 4033
4 2631 3156 3759 4139
4 332 3678 426 3802
4 2784 2955 3021 3987
4 845 2947 3645 3968
4 2669 2678 2572 4383
4 498 497 500 3948
4 2918 3624 2855 3701
4 444 3804 3991 4197
4 457 3466 455 4281
4 3057 4051 2857 4345
4 245 3568 244 4208
4 2824 3132 2934 3530
4 3281 4088 246 4123
4 1446 2454 2478 3936
4 3604 4114 2407 4243
4 1177 3508 1176 4431
4 159 157 158 3783
4 2845 3539 2971 3666
4 1798 4192 1787 4233
4 2603 3845 3633 4260
4 1298 1295 3710 3864
4 879 878 3282 3981
4 2674 3073 3753 3928
4 294 3669 293 4156
4 118 120 114 3725
4 2656 3528 2894 3743
4 3503 3727 372 4416
4 3085 3627 2777 3705
4 2921 3377 2865 3391
4 3173 3174 2773 4098
4 1499 1500 1488 3630
4 860 874 861 4274
4 168 157 160 3180
4 1917 1916 1930 3564
4 2552 3103 2504 3935
4 1760 1754 3643 4176
4 3091 3503 2875 3727
4 2585 2601 2840 4393
4 421 420 418 3765
4 1174 3163 1162 4431
4 2204 2195 2194 3309
4 422 420 421 3765
4 1295 1298 2487 3864
4 2878 3834 3403 4272
4 3463 3654 3292 4299
4 216 3594 214 4035
4 1531 1547 1548 3772
4 2994 3383 3382 3863
4 1659 1635 1634 3310
4 2145 3428 2151 4220
4 2578 2979 2784 4229
4 3071 3779 3222 3813
4 1958 1959 2491 2861
4 2723 3697 4381 4406
4 781 4136 814 4358
4 3436 2580 3872 4131
4 195 3771 185 4126
4 1545 1553 4341 4386
4 3146 3068 3867 4424
4 2082 2081 3173 4098
4 2878 3410 3256 3998
4 3484 3499 2695 4372
4 1880 4083 3616 4258
4 867 3242 3098 3847
4 2859 4142 3572 4307
4 2794 2711 3114 3869
4 2308 2307 3249 4353
4 3020 3263 2955 3671
4 964 947 946 3892
4 652 611 650 3757
4 1856 3675 2931 3899
4 1871 3328 3048 4205
4 213 210 4035 4400
4 2504 3103 2552 3447
4 2604 2793 2783 3665
4 3003 3185 2819 4252
4 1938 2899 1934 3247
4 2931 3616 2712 4164
4 2841 3242 3098 3981
4 3029 3900 2853 4004
4 2743 3328 2908 4185
4 2544 3272 3268 4363
4 3402 3575 2593 4442
4 2669 3676 2874 4325
4 2503 3115 4261 4304
4 2501 3557 3229 4428
4 2615 2797 2926 4346
4 2790 3282 2842 3920
4 1858 4295 1846 4298
4 1799 3288 1798 4233
4 2890 3053 2731 3492
4 1308 3340 2449 3515
4 2559 2833 3916 3917
4 237 234 235 3940
4 2755 3023 3607 3614
4 2626 3846 4036 4096
4 2907 1859 4293 4338
4 2732 3072 3311 3971
4 2532 2701 3478 3637
4 266 267 3590 4147
4 3377 3571 2859 4142
4 2550 2687 2774 3565
4 1445 2452 2453 4092
4 147 144 133 3370
4 2717 2948 2589 2952
4 3000 3831 2713 3986
4 3013 4100 3429 4403
4 2621 3058 2992 3930
4 3002 3173 3106 4160
4 222 3460 2885 3782
4 2941 3789 3485 4424
4 1921 2899 1938 3536
4 3785 3828 3030 4087
4 147 137 145 3215
4 1038 3938 1963 3939
4 600 3609 3270 3613
4 2962 3009 3075 3318
4 359 346 357 3995
4 1439 1434 1433 4174
4 926 3574 925 4269
4 55 144 150 4247
4 177 3295 3838 4134
4 737 731 738 3682
4 1306 1303 1300 3681
4 2627 3755 2819 4381
4 2626 3732 4096 4263
4 2824 2842 2728 3222
4 2178 3894 2179 4220
4 3045 4414 1807 4415
4 2585 2840 3264 4393
4 2727 4370 3164 4440
4 2154 2181 3352 4231
4 3222 3574 3140 4075
4 1383 3521 3299 3874
4 1786 1800 3769 4192
4 2737 3477 2946 4387
4 319 320 344 3731
4 241 3435 3714 4147
4 2721 3452 3252 3700
4 3926 3976 2936 4276
4 1298 2435 2487 3864
4 3644 3760 3028 4141
4 2606 3414 4300 4343
4 1796 1797 1808 4415
4 2556 3660 4101 4163
4 3061 3691 2828 4083
4 3009 3318 2418 4243
4 1350 3419 1361 4107
4 2908 2928 2743 3754
4 3270 3473 2781 4360
4 3096 3622 2927 3945
4 2737 3914 3477 4387
4 1914 3564 1916 4185
4 931 947 948 3524
4 2524 4022 3115 4260
4 271 273 257 4208
4 2571 2532 3478 4122
4 446 436 442 3431
4 3022 3247 1938 3753
4 2674 2704 2601 3845
4 2169 2140 2235 3816
4 2924 2992 3711 3930
4 2735 3318 3011 4370
4 536 3613 538 4090
4 2552 3103 3935 3999
4 3105 3263 1083 3372
4 2574 3627 2998 3930
4 3221 4397 3464 4410
4 2732 3311 2878 3971
4 2786 3333 2888 4334
4 1694 1648 1650 3695
4 2171 2018 2174 4099
4 3328 3925 1885 4338
4 332 337 3148 3678
4 2886 2771 3230 3642
4 532 3609 515 4281
4 1650 1695 1694 3695
4 879 895 896 3920
4 2397 3604 2407 4243
4 78 61 63 2740
4 3265 3552 2829 3896
4 2574 3286 2792 3868
4 2984 3469 4184 4374
4 883 865 864 4390
4 1156 1158 1172 3962
4 1913 1911 1912 4258
4 229 228 3435 4147
4 2623 2810 3922 4183
4 2675 3165 2606 4343
4 1621 1963 814 3938
4 2806 2608 3299 4200
4 2565 2639 2599 2713
4 157 49 132 50
4 3558 4289 3460 4357
4 2731 2890 3492 4421
4 1521 3585 3233 4032
4 2295 3445 2294 3586
4 261 4103 3281 4123
4 1112 1111 3432 4438
4 1084 1086 1094 4067
4 2276 3959 3451 4328
4 3330 3343 2912 3870
4 2789 3019 3007 3527
4 161 169 3366 4069
4 2960 3733 2981 4343
4 2606 3087 2844 3243
4 3300 3696 2549 4115
4 2856 3701 3624 3702
4 1272 1268 1269 3843
4 377 3672 378 4279
4 2111 3806 3510 3931
4 2878 3403 3053 4272
4 2314 3246 2315 4376
4 1038 814 1963 3938
4 2668 3502 3176 3531
4 2844 3309 2680 4080
4 179 201 189 4047
4 120 127 112 3776
4 2365 2115 2114 4160
4 2946 2924 3864 4351
4 2614 4021 2717 4375
4 361 372 371 3727
4 2584 3484 2885 4291
4 1934 2899 1930 3247
4 852 3595 842 4255
4 3374 3455 2812 3456
4 2982 2680 3309 4080
4 1526 1527 3410 3998
4 1977 3666 3539 4094
4 2543 4020 3534 4240
4 2285 2293 3445 4202
4 2614 2717 3704 4375
4 3464 3774 1344 4397
4 2982 2971 3814 4056
4 2645 3456 3008 4363
4 3724 3994 3064 4161
4 3080 3938 1963 4313
4 3110 2691 3745 4090
4 161 160 159 3366
4 409 419 418 4145
4 399 3398 3943 4145
4 73 71 63 3103
4 202 203 3558 4401
4 2923 3804 2999 4197
4 1869 1868 3899 4164
4 2631 3567 3152 4249
4 2922 2932 4012 4013
4 2524 2577 2639 3532
4 3079 3989 3078 4445
4 1181 3240 1189 3933
4 3068 3867 3790 3893
4 174 167 158 3783
4 880 881 897 3981
4 233 235 234 3940
4 3071 2728 3140 3813
4 2981 2675 3172 3852
4 61 59 62 4046
4 3012 3673 3174 4029
4 2144 3428 2145 3909
4 2709 3021 2979 4229
4 2206 2207 2199 3573
4 1340 2488 1339 3170
4 3017 3781 3421 4092
4 561 562 3492 4000
4 2731 3951 2890 4421
4 111 3850 106 4196
4 2877 3124 3265 3897
4 102 95 87 2587
4 1105 1096 1097 3552
4 129 105 122 3361
4 2520 3169 3790 3893
4 189 201 183 4292
4 2971 3666 3539 3814
4 1172 1171 1156 3962
4 2552 3447 3103 3810
4 3757 4336 3492 4421
4 2246 3213 2254 4417
4 2886 244 3568 4208
4 1361 1363 1360 4107
4 2558 2985 2896 3586
4 3028 3321 3100 4028
4 3455 3904 3456 3905
4 1114 1077 1075 4438
4 3084 3170 4206 4409
4 2471 2443 2475 4155
4 3289 3316 1813 3769
4 1532 1531 1548 3772
4 2536 3329 2507 3786
4 2890 3410 3053 4000
4 3077 3994 3724 4161
4 2595 3961 3796 4337
4 2725 2877 2724 2903
4 1103 3768 3396 3896
4 2530 2569 2638 4366
4 2593 3718 2781 3751
4 2523 4072 3598 4404
4 2310 2302 2309 3586
4 3352 3959 2251 4231
4 2841 3282 3242 3981
4 300 3528 314 4286
4 2860 2720 3285 3772
4 2957 3359 3799 3830
4 2995 3863 3625 4254
4 2131 3671 3909 4231
4 1943 3247 1933 3986
4 2170 2168 3298 4420
4 2155 3666 2133 4105
4 3733 4342 2981 4343
4 2295 2303 2985 3586
4 2063 3544 2064 4029
4 3861 3863 2583 4128
4 1216 1192 1193 3676
4 2180 3454 3352 4231
4 2842 3282 3140 3574
4 1110 1113 1112 3432
4 2667 3042 4309 4443
4 1419 1431 1426 3834
4 3333 3767 1060 4009
4 3436 4131 3581 4382
4 2986 2505 3402 4303
4 2753 2857 2668 4051
4 2589 2687 3627 4097
4 2861 2599 3367 3845
4 164 160 176 3202
4 2759 3673 3779 4432
4 186 53 138 52
4 2791 2998 3286 4049
4 2590 3793 3375 4034
4 1295 3710 2992 3953
4 2771 2886 2695 4413
4 114 88 25 24
4 2916 3910 3310 3926
4 889 891 884 4141
4 3045 3898 3612 4095
4 2983 3482 2554 3877
4 2598 3674 3347 4371
4 2503 4261 3493 4304
4 1251 1218 1185 3843
4 2680 3062 2971 4056
4 3432 3947 1112 4438
4 891 3321 884 4141
4 146 147 138 3990
4 3013 3174 4100 4403
4 2890 3186 4000 4408
4 279 296 3659 4037
4 163 41 116 40
4 2640 3009 4213 4214
4 3597 3598 2817 3640
4 3021 2243 3959 4231
4 23 22 167 68
4 179 191 194 3276
4 828 3995 369 4348
4 2452 2430 2433 4387
4 176 169 2974 4069
4 1835 3898 3675 3899
4 3015 3656 497 3745
4 2732 2878 3311 3403
4 3130 2705 3958 4366
4 2302 3586 2294 4353
4 2542 3601 3204 4158
4 2030 1998 2000 3814
4 277 293 4103 4156
4 3233 3307 2876 3421
4 843 842 3595 3830
4 1387 1397 1394 3600
4 965 761 736 3658
4 2804 3211 2989 3771
4 2495 3619 3238 4196
4 2600 2650 3355 4325
4 2581 2900 4039 4329
4 152 139 130 3351
4 2756 2923 3161 3804
4 3803 4228 3347 4371
4 2691 4090 3609 4281
4 3212 3304 2807 3526
4 3019 3730 4026 4027
4 4064 4079 3320 4283
4 185 184 183 3693
4 3419 3781 2737 3914
4 2575 3901 3427 3902
4 2950 4096 3732 4263
4 1445 2453 3936 4092
4 2245 2244 2252 3959
4 1847 1848 1843 4293
4 164 39 93 38
4 2883 3112 2848 3929
4 1197 1199 1198 3848
4 2499 3343 3068 4373
4 1742 3057 1407 3095
4 2807 3212 3526 3621
4 187 28 92 29
4 544 546 554 4384
4 2581 4039 3198 4329
4 1303 3681 1306 3941
4 2084 2085 3172 4342
4 2791 3664 3663 3868
4 2546 3393 2755 3935
4 3002 3544 3173 4160
4 2809 3871 3469 4058
4 3187 4208 3708 4308
4 134 158 48 49
4 3367 4261 3115 4393
4 3278 2549 3696 4115
4 2645 3008 3527 3729
4 2320 1279 1277 2804
4 2473 2474 2469 4377
4 1530 686 685 3835
4 962 993 963 3813
4 685 1529 1530 3835
4 378 4279 3672 4333
4 490 482 491 4091
4 2584 3788 3787 4277
4 2560 3514 3037 4167
4 378 382 377 4279
4 2893 3736 3318 4370
4 2704 3427 4070 4363
4 1187 1179 1188 3933
4 187 200 178 3160
4 2578 2709 2979 4229
4 2756 3804 3161 3807
4 356 368 369 3798
4 3323 4037 3486 4042
4 2614 3219 3803 4171
4 2988 3900 3029 4004
4 682 3410 683 4000
4 2908 3006 3035 3831
4 2828 3929 2848 4083
4 737 740 741 3700
4 487 3345 3058 4091
4 341 3731 340 3798
4 3171 3772 1532 4394
4 2747 3605 3349 4085
4 609 1461 2457 3653
4 2627 3697 3755 4381
4 67 71 73 3447
4 600 3613 3270 4133
4 2000 2032 2030 3814
4 2613 2709 2764 3213
4 315 312 339 4252
4 2977 3360 2864 3913
4 241 3354 2870 3386
4 1928 1939 1927 3035
4 1311 2451 2450 3340
4 2674 3753 3112 3928
4 2398 3604 3075 4340
4 2695 3101 3810 3999
4 2982 3309 2680 4056
4 2067 2043 4098 4099
4 1301 3681 1303 3763
4 336 335 332 3148
4 3536 3112 4178 4258
4 145 130 140 4023
4 207 204 203 4289
4 2579 2719 2535 3305
4 2907 3328 1873 4338
4 2538 3777 3841 3964
4 3473 3664 2801 4360
4 2541 3951 3439 3952
4 2936 3078 4194 4445
4 1536 4237 3715 4275
4 95 88 97 2901
4 838 837 3359 3799
4 56 65 72 3378
4 2674 2848 2603 3840
4 2865 3377 2859 3931
4 3058 4091 4019 4365
4 3496 4110 3159 4276
4 1700 4194 1702 4445
4 2553 2731 3440 4215
4 1908 3177 3559 4164
4 838 3799 3359 3830
4 2564 2555 2799 3227
4 3390 4124 3054 4255
4 2539 2604 3747 4312
4 2672 3335 2992 3930
4 3018 3675 2893 3898
4 2649 3057 2857 3565
4 2691 3110 3015 4215
4 115 119 126 4180
4 2160 4068 3062 4105
4 2774 2857 2550 3565
4 171 3534 2516 4240
4 3071 3820 3206 4432
4 1900 1917 1918 3925
4 1398 3585 1525 4032
4 2988 2853 3900 4004
4 1387 1386 1380 3600
4 1259 3950 1246 4060
4 1740 4331 1403 4345
4 420 411 418 3765
4 370 3988 3091 4333
4 3536 4178 1926 4258
4 117 11 75 69
4 277 268 3590 4103
4 1116 1114 1115 3947
4 97 87 2587 3980
4 3487 4117 3088 4418
4 2717 3941 2952 4021
4 1233 1234 3676 4179
4 2668 3531 3176 4051
4 2601 3633 2674 3845
4 153 137 146 3533
4 3396 3552 1103 3896
4 2180 4220 3454 4231
4 159 177 161 2917
4 2977 3913 3539 4094
4 3905 3906 3073 4318
4 1270 1283 1285 3400
4 3055 4314 4241 4330
4 2356 2354 2353 4320
4 2849 3868 2574 4020
4 459 3034 464 4049
4 331 3677 330 3678
4 3874 4306 1403 4331
4 2819 3185 2913 3528
4 770 649 641 3737
4 2832 3171 3255 3835
4 3020 2784 3628 3671
4 2758 4381 3755 4406
4 249 3708 3568 4208
4 249 3568 245 4208
4 2727 3736 3327 3750
4 1577 4010 3603 4386
4 3810 4357 2695 4372
4 3473 4360 484 4397
4 3750 4414 3045 4415
4 785 3476 783 4434
4 1578 3603 3822 4341
4 3132 3779 3673 3939
4 3598 4072 2817 4404
4 2675 4300 2981 4343
4 2705 2560 3958 4167
4 1394 1397 1408 4033
4 2087 2088 2104 3966
4 2924 2946 2774 3740
4 3066 2731 4191 4215
4 2088 2105 2104 3966
4 2838 4062 3474 4398
4 211 3558 3101 3634
4 2301 2302 2294 4353
4 2948 2952 2717 3681
4 229 3435 240 4147
4 211 3101 212 3634
4 2531 4048 2506 4388
4 2962 3675 3318 4370
4 831 835 3359 3830
4 2835 3015 2691 3656
4 2361 1749 1753 3931
4 2190 4058 4057 4419
4 2406 2398 2397 4243
4 1069 3333 3795 4438
4 3006 3005 4027 4253
4 2129 3628 2128 3909
4 2676 3060 2753 3685
4 2042 3174 4098 4099
4 618 3844 616 4199
4 2812 4253 3455 4411
4 2613 3236 3369 4444
4 483 598 476 4360
4 505 3745 3656 4281
4 863 3242 867 3847
4 2990 3632 4238 4413
4 232 246 243 4088
4 1938 3022 3753 4178
4 3486 4037 308 4042
4 1241 2239 1240 4179
4 1856 2931 3827 3899
4 1903 3560 1904 4204
4 2763 3636 3515 3637
4 1865 3688 4295 4298
4 2601 3409 3268 4070
4 1821 1841 1843 4293
4 3852 3911 3106 4160
4 1164 1162 4262 4431
4 3411 3612 3061 4095
4 3217 2914 3955 4120
4 2472 2475 2476 4155
4 2652 3532 2577 4312
4 2811 3538 3253 3591
4 866 3098 3426 3847
4 1183 3240 1182 3508
4 1820 3675 3318 4195
4 2962 3009 2640 3075
4 911 3574 910 4075
4 3005 4253 2632 4288
4 613 3970 3757 4408
4 3182 3649 3353 3727
4 830 831 836 3359
4 2934 3080 2759 3882
4 3563 2609 3971 4442
4 700 419 701 4364
4 3045 3612 1807 4414
4 2582 2781 3718 3751
4 1271 1272 1288 3355
4 2970 3326 3041 3969
4 2928 2908 3328 3564
4 3085 3286 441 3287
4 110 112 127 3776
4 2581 4183 2810 4329
4 2646 3601 3164 4158
4 2627 2819 3755 4433
4 42 107 118 4175
4 517 3745 516 4090
4 357 356 369 3798
4 30 31 90 188
4 456 3286 458 4049
4 2852 2612 3915 4146
4 2463 2461 2469 3546
4 3078 4142 2859 4307
4 2687 2953 2774 3565
4 2981 2371 3331 3852
4 2010 2018 2171 4099
4 346 2754 3995 4173
4 2973 4007 4086 4267
4 2631 4139 3461 4347
4 2528 3228 4322 4428
4 2706 3029 3654 3900
4 2626 4096 4036 4359
4 111 106 117 4196
4 715 3761 716 3977
4 2394 3391 2403 3889
4 1305 2484 1301 3711
4 2521 2596 2558 3692
4 2947 2647 3059 4111
4 2534 3633 2603 3683
4 727 731 737 3682
4 2608 4020 3685 4170
4 45 113 44 182
4 2849 3495 2574 3868
4 1871 3048 3328 4066
4 2668 2753 2550 2857
4 449 3466 457 3656
4 33 139 32 84
4 2731 3420 3066 3492
4 1948 1953 1952 3904
4 2865 3188 3002 3806
4 2672 2992 3710 3953
4 2599 2671 3019 3367
4 2757 4198 3308 4315
4 2732 3563 2609 3971
4 2536 2565 2789 3754
4 1399 1400 3220 3521
4 1575 1574 1582 4344
4 1345 1344 489 4397
4 162 36 37 91
4 1123 1101 1102 3768
4 2582 2781 3440 3718
4 1837 1838 3374 4318
4 399 3943 409 4145
4 2516 3366 2687 4069
4 1097 3552 1096 4356
4 3673 3820 3013 4100
4 2785 3649 3450 4042
4 177 3838 3517 4134
4 452 3161 3713 3991
4 2762 3100 3645 3968
4 2954 3241 2669 3676
4 2526 2600 2666 4054
4 3259 3652 3633 4261
4 3222 3140 3813 4075
4 1946 1959 1945 3753
4 2601 3633 3409 4070
4 138 147 133 3370
4 2456 2455 1322 2465
4 64 165 20 21
4 383 3503 393 4279
4 370 366 3988 4333
4 2455 1321 1322 2465
4 2948 3681 3084 4409
4 458 450 453 4049
4 507 506 517 3745
4 1568 1570 1571 4077
4 1523 1515 3694 4248
4 3383 3863 2994 4254
4 3162 3386 2657 4037
4 2305 2265 2306 4374
4 249 2870 3568 3708
4 2265 2305 2263 4374
4 2082 2084 2083 3172
4 246 260 256 4088
4 2734 3554 2776 4429
4 365 379 367 3984
4 220 227 238 4310
4 305 2492 304 4153
4 1175 3508 1174 4431
4 286 287 298 3185
4 1955 1941 1839 4027
4 80 86 94 4023
4 2505 3534 3205 4439
4 664 662 663 3887
4 1578 1554 3603 4341
4 2973 3324 2761 4007
4 1794 1793 1784 4414
4 1743 3095 2816 4052
4 3171 3887 2830 4394
4 1879 3929 4083 4258
4 2703 3072 3311 3719
4 1577 3603 1553 4386
4 2815 3556 3743 3984
4 3598 3640 3597 4259
4 402 4124 3390 4255
4 251 250 239 4147
4 2414 2404 2403 3889
4 1923 4177 1910 4178
4 1511 3421 1521 3585
4 3254 3978 3518 4182
4 2599 2861 3367 3730
4 1077 1076 1075 3974
4 1595 1588 1587 4285
4 156 166 171 3093
4 223 215 3782 3940
4 2772 2773 3173 3174
4 1882 1894 1893 4164
4 2274 3451 2275 3959
4 1913 1912 3616 4258
4 3052 2875 3503 4416
4 111 128 112 3137
4 1443 1442 1445 4092
4 2844 3165 3733 4343
4 2733 2849 3868 4410
4 2317 2318 2319 3655
4 3937 4125 2556 4163
4 271 257 3230 4208
4 13 189 12 65
4 1898 3925 3328 4185
4 258 244 257 4208
4 192 199 188 4247
4 9 109 8 67
4 2767 3369 3368 3766
4 1404 1405 1401 3942
4 2604 3532 2652 4312
4 2550 2857 2753 3565
4 1445 2453 1448 3936
4 245 244 258 4208
4 3252 3530 2934 4358
4 392 381 4124 4348
4 847 846 3799 3847
4 909 925 3574 4269
4 1780 1787 1777 3471
4 72 63 79 3193
4 2788 3412 3413 3834
4 1511 3307 1512 3421
4 2876 3914 4092 4189
4 1222 3241 1223 4179
4 2408 2400 2409 4003
4 1511 1502 3307 3421
4 136 152 137 3946
4 2474 3405 2469 4377
4 2726 3398 3390 3765
4 2721 3923 2597 4284
4 1898 1916 3564 4185
4 3495 3664 2791 3868
4 141 16 60 17
4 2759 3673 3080 3939
4 2816 3588 3511 3957
4 896 910 3574 3920
4 611 652 613 3757
4 61 62 63 3193
4 381 834 369 4348
4 2793 2604 4213 4214
4 2684 3164 2893 4370
4 2659 4128 3860 4129
4 4208 4286 273 4308
4 2428 2426 1829 4082
4 2075 2086 2094 3165
4 3459 3891 2851 4289
4 639 630 631 3949
4 639 638 630 3949
4 2630 3540 2841 3978
4 2125 3820 3206 4297
4 3656 3657 2835 3802
4 2532 3565 3366 4069
4 3688 4205 1872 4295
4 2503 3297 4022 4388
4 258 257 273 4208
4 1595 1596 1588 4285
4 1953 1947 1954 3905
4 2625 3702 3625 3862
4 3144 3988 3434 4321
4 2266 3249 2267 4374
4 297 3323 309 4037
4 2695 3460 2885 3484
4 34 130 33 80
4 131 17 59 18
4 3387 1177 3610 4431
4 2513 3535 3744 4115
4 1835 3675 1855 3899
4 1222 3444 4179 4316
4 1449 2479 1451 4140
4 1400 3874 1402 4331
4 1216 1193 1217 3676
4 2185 3894 2184 4057
4 3015 3110 2685 4215
4 3358 4115 3581 4182
4 2865 2921 2653 3377
4 2755 2913 2656 3642
4 3194 3335 2687 3631
4 1916 1929 1930 3564
4 2203 3469 2193 4058
4 2812 4130 3397 4253
4 2532 3862 4069 4267
4 3300 2513 3979 4167
4 2731 3492 3066 4421
4 3188 3442 3012 3544
4 3352 2809 3871 4210
4 2824 3530 3422 4269
4 2791 3034 4049 4365
4 2830 3887 3476 4394
4 2378 2390 2379 4332
4 1747 4052 2919 4345
4 2861 3753 3845 3906
4 1555 1579 3822 4341
4 2295 2985 2296 3445
4 99 199 150 4247
4 1311 3340 1310 4385
4 266 251 253 4147
4 2151 2178 2179 4220
4 1410 4032 3588 4033
4 3019 3367 3272 3730
4 3272 3527 3019 3729
4 2183 2184 3894 4057
4 2508 3117 3463 4108
4 2556 4101 3937 4163
4 3008 3397 2645 3527
4 2873 3240 3136 3933
4 2789 2908 2713 3831
4 2446 3661 3636 4137
4 617 615 656 3970
4 3073 3074 2674 3845
4 805 821 820 3764
4 418 411 409 4145
4 89 101 92 3723
4 1498 1499 1501 2490
4 218 220 4225 4310
4 2066 2082 2083 4098
4 2653 2921 2850 3805
4 2636 3876 2833 3917
4 1069 3795 3333 4009
4 2443 2447 2475 3661
4 2800 2770 3721 4302
4 2301 2294 2293 4353
4 2784 3021 2764 4229
4 831 3359 3294 3830
4 2633 3869 2845 4034
4 2210 2211 2203 4420
4 55 192 144 4247
4 2953 3515 2448 3636
4 1484 1441 1444 4092
4 2660 2552 3935 3999
4 1882 3827 1870 4209
4 3017 3233 2876 3421
4 2007 2006 2014 4029
4 3888 3893 3063 4148
4 2881 3342 3149 4018
4 155 165 170 3507
4 2715 3769 3288 4192
4 2603 2848 2674 3112
4 2810 4183 2623 4329
4 2123 2376 2375 4340
4 2934 3530 3132 4358
4 1918 3559 1901 3925
4 811 810 3910 4349
4 194 4047 3276 4126
4 1700 1702 1668 4445
4 642 557 549 3954
4 2957 3359 2947 3799
4 1297 3710 1301 3711
4 2842 3574 3222 4269
4 2206 2199 2198 3573
4 3130 3143 2740 3958
4 184 187 190 4181
4 1953 3730 3729 3905
4 2772 3174 3013 4403
4 2709 2809 3352 3451
4 2793 3415 2962 4213
4 3272 3367 3074 3730
4 2876 3936 3336 4189
4 2301 2309 2302 3586
4 2086 3165 2223 3821
4 1893 1908 3616 4164
4 1634 1660 3310 3926
4 2836 3343 3068 3870
4 34 35 140 94
4 3872 3922 2810 4183
4 15 66 191 14
4 2712 3022 3536 3616
4 111 112 110 3472
4 3372 3686 2782 3962
4 500 501 499 3948
4 2014 2040 2015 4029
4 708 702 709 3739
4 268 3590 4103 4123
4 1700 1668 4194 4445
4 1713 1720 2076 3989
4 2587 3367 3115 4393
4 1039 1964 1965 3939
4 461 465 460 3713
4 78 3541 3200 3918
4 1965 1040 1039 3939
4 3372 3373 2782 3686
4 3234 3832 2955 3848
4 1168 3610 1166 4132
4 1167 3314 1165 4132
4 2968 4030 3647 4234
4 1760 1754 1755 3326
4 2668 2857 3531 4051
4 1861 4209 3620 4338
4 2671 3272 3367 4393
4 2842 3222 2824 4269
4 831 3830 3294 4348
4 2923 3991 3804 4197
4 2508 3818 4108 4246
4 1044 3820 1045 4297
4 1167 1166 3314 4132
4 2953 3158 3636 3741
4 2852 3876 2612 4146
4 2706 4299 3654 4371
4 2625 2753 2676 2919
4 1888 1876 3157 4209
4 213 209 210 4399
4 3007 2671 3272 3527
4 1302 3941 3681 4409
4 3164 3601 2542 4158
4 3084 3170 2803 4206
4 2550 2516 3685 4020
4 2421 2420 2419 3665
4 3381 4273 4139 4347
4 1074 1075 1076 3974
4 72 65 69 3619
4 2705 3594 2638 4366
4 2816 3511 2972 3957
4 3147 4405 3755 4406
4 1283 1282 1287 4002
4 3124 3816 1236 3897
4 2732 2609 3718 3971
4 2596 2985 2558 3692
4 57 3200 78 3541
4 2865 3806 3391 3931
4 346 3731 341 3798
4 2603 3633 2534 4260
4 3767 3974 3333 4438
4 1939 3035 1940 3831
4 2740 3143 3130 3918
4 2268 2238 3134 4316
4 2992 3710 1295 3864
4 2708 3243 3104 3894
4 2060 1713 2076 3989
4 1443 1444 1442 4092
4 1412 3403 1418 4272
4 2840 3268 3409 4086
4 3377 2859 3931 4142
4 483 4016 598 4360
4 211 205 3558 4400
4 3259 3633 2601 4261
4 1237 3816 3124 4316
4 409 3417 419 4145
4 3415 3650 2931 3827
4 3377 3391 2921 3769
4 2681 2907 3620 4338
4 2761 2973 4007 4086
4 2766 3212 3695 4168
4 2793 3010 3009 3423
4 3075 3604 2398 4243
4 3868 4020 2849 4170
4 2625 3702 3862 4053
4 2758 3988 3556 4333
4 1531 3772 3171 3835
4 2990 3791 3499 4413
4 853 854 843 3595
4 716 714 715 3977
4 2656 2894 2889 3743
4 2851 2852 3876 4401
4 1963 3938 3080 3939
4 1037 1052 1036 4094
4 1555 1580 1556 3822
4 384 372 374 4416
4 964 1057 947 4009
4 2613 2716 2709 3050
4 563 3613 536 4090
4 1582 1583 1575 4344
4 3153 4185 1899 4205
4 1548 3822 3772 4341
4 248 2870 249 3708
4 2401 2400 2392 4332
4 2366 2361 1753 3931
4 2550 2621 2924 3631
4 2625 3565 2919 4053
4 2592 2835 2778 3802
4 866 863 854 864
4 1179 1180 1188 3933
4 2423 2421 2427 4195
4 1185 1218 3676 3843
4 2299 2292 2291 4353
4 1484 1444 1485 4092
4 723 717 724 3895
4 2300 2292 2299 4353
4 845 849 840 3968
4 2979 3909 3671 4231
4 3015 3656 2835 3802
4 2549 4131 3581 4182
4 61 2740 78 3200
4 3320 4079 4150 4283
4 2636 3130 3917 3918
4 61 60 59 4046
4 1787 4192 3120 4233
4 139 136 143 4043
4 2918 3624 3701 3702
4 1095 3552 3396 4356
4 2919 2856 4331 4345
4 1619 3910 3350 4349
4 2477 3661 2447 4137
4 3095 4033 3600 4051
4 2658 2558 2896 3586
4 2555 3356 2564 4346
4 4130 4253 3005 4288
4 3038 3728 3979 4167
4 2746 3862 3861 4053
4 2851 3484 3460 4357
4 264 3659 3386 4037
4 506 507 500 3745
4 1882 3827 1894 4164
4 1923 3928 1924 4177
4 3632 3642 2656 4238
4 3035 2713 3831 3986
4 3037 3514 3300 4167
4 2875 3182 3727 4416
4 2640 3010 2700 4243
4 2093 3733 2092 4080
4 2365 2114 3911 4160
4 3174 4099 2042 4100
4 1165 3832 3314 4262
4 2639 2577 2712 3177
4 3860 4128 3861 4129
4 838 3359 835 3830
4 171 2516 161 4240
4 1632 3926 3159 4276
4 2682 3435 2991 4147
4 2992 3058 2621 3345
4 3595 3799 843 3830
4 2631 4139 3759 4249
4 399 409 411 4145
4 2416 3423 3009 4114
4 2889 3798 3054 4124
4 3675 3898 3018 3899
4 2682 2975 3486 4362
4 176 2974 154 3825
4 1790 1787 1780 3471
4 2516 2550 2687 3631
4 2737 3344 3531 4107
4 1408 1409 3095 4033
4 2577 3022 2603 4260
4 2755 3393 2530 3935
4 2390 2399 1773 3709
4 1301 3711 3681 3763
4 2821 3648 3383 4273
4 111 3137 3472 4196
4 2790 2726 3390 4274
4 2129 2145 2146 3909
4 2735 3024 3011 3542
4 3066 3420 3110 3699
4 3023 3568 2870 3708
4 2971 2982 2680 4056
4 1218 1251 1268 3843
4 1961 1951 1954 3730
4 1954 1962 1961 3730
4 146 142 131 4264
4 2645 3527 3272 3729
4 1571 1569 1568 4077
4 487 486 478 3495
4 2598 3347 4228 4371
4 211 3558 3634 4400
4 371 360 361 3727
4 183 182 189 4292
4 813 3938 3350 4313
4 3349 3764 3025 4395
4 2753 2857 4051 4345
4 171 166 169 3093
4 874 872 873 4274
4 487 489 486 3495
4 107 120 118 4175
4 2352 2353 2354 4320
4 1963 3938 1621 4313
4 4086 4221 2840 4267
4 3839 4054 2522 4355
4 190 46 119 47
4 3001 4063 3572 4307
4 3154 4349 3910 4434
4 2614 3819 4021 4375
4 137 152 145 3215
4 2332 2334 2335 3996
4 3019 3272 3729 3730
4 2745 3014 4067 4356
4 2271 2309 3249 3586
4 1161 1163 1162 4262
4 439 437 3656 3657
4 929 939 938 3561
4 2082 3172 2083 4098
4 2907 3289 2681 3620
4 2893 2727 3736 4370
4 834 828 369 4348
4 2565 2928 2908 3754
4 1115 1117 1116 3947
4 2910 4295 3688 4298
4 3017 2876 3914 4092
4 2697 3540 4127 4334
4 2445 3636 2446 3741
4 2759 2934 3132 3939
4 2718 3350 2934 3882
4 3917 4372 3092 4373
4 155 22 21 57
4 3473 3270 4016 4360
4 3060 3299 2608 4200
4 2549 3696 2647 4327
4 1892 1880 3616 4258
4 2834 3406 3233 4352
4 2075 2093 2074 4080
4 82 154 38 37
4 1258 3227 1276 4060
4 97 104 96 3980
4 97 87 95 2587
4 277 268 267 4156
4 2473 2472 4004 4377
4 3410 4000 3186 4408
4 1387 3585 1389 4033
4 2398 3604 2397 4243
4 171 161 2917 4240
4 3451 4202 2276 4328
4 2649 3158 2953 3741
4 2698 3263 3105 3372
4 205 206 212 3460
4 3010 4114 3604 4243
4 172 125 100 4089
4 2844 3165 2606 3243
4 641 762 770 3737
4 3013 3206 3820 4432
4 171 170 163 3507
4 2592 2951 4036 4148
4 2021 2023 2019 4012
4 2390 3522 2379 4332
4 410 2483 409 3417
4 1405 3942 1404 4065
4 2830 4394 3476 4434
4 2530 2504 3103 3935
4 3090 4237 3332 4275
4 3165 3821 3243 4005
4 3013 3174 3012 3673
4 486 3664 3495 4397
4 209 3891 208 4399
4 1547 3772 1531 4341
4 2679 2856 2846 3220
4 159 3517 3783 4134
4 1490 1454 1491 4030
4 19 70 18 142
4 2545 3747 2531 4048
4 1954 1962 3730 3906
4 3025 4168 3308 4395
4 3154 3682 2721 3700
4 4036 4096 2951 4359
4 1900 3564 1917 3925
4 3063 3846 3732 4096
4 2964 4115 3300 4131
4 3288 4192 1798 4233
4 3186 3410 2890 4000
4 111 110 106 3472
4 1722 1721 3975 4305
4 2604 2539 3746 3805
4 369 828 357 3995
4 2625 3862 3565 4053
4 3470 3982 3923 4284
4 4036 4096 3063 4148
4 1552 4010 1576 4386
4 3473 3651 2806 3774
4 193 185 195 3771
4 357 341 356 3798
4 447 3466 449 3656
4 828 3294 3995 4348
4 2713 2899 3564 3925
4 2215 2216 3821 4005
4 2502 3447 3092 4112
4 2520 3790 3789 4424
4 3413 3687 3039 3944
4 3627 4020 2574 4239
4 2211 2170 4374 4420
4 2601 3367 3268 4393
4 333 3085 3679 3705
4 3268 4070 3427 4363
4 1162 1160 1161 4262
4 1168 1166 3610 4431
4 3184 4137 3340 4138
4 2860 4341 3603 4386
4 2832 3186 3171 3835
4 3268 3401 2544 4378
4 3401 3629 2544 4378
4 2146 2130 2129 3909
4 3073 2674 3753 3845
4 1397 1389 1398 4033
4 2975 3353 3182 3649
4 2772 2773 3174 4403
4 455 3466 456 3663
4 206 3459 219 3460
4 615 654 3970 4408
4 2135 2159 2157 4105
4 3612 3898 3061 4095
4 1441 1424 1423 4092
4 2711 3124 2873 3443
4 2452 2433 3914 4387
4 1038 814 3938 4358
4 1937 1926 1938 4178
4 612 614 628 3908
4 2818 2749 3206 4403
4 2767 3368 3121 3766
4 3097 4066 3048 4295
4 3223 3816 2877 3897
4 66 62 70 4011
4 1298 1296 1297 3710
4 1932 3831 1942 3986
4 909 894 908 3920
4 2509 3842 3626 4379
4 716 715 720 3761
4 3398 3984 2889 4124
4 2709 3050 2809 3451
4 2449 3515 3340 3636
4 3084 3681 2717 3941
4 2600 2526 2666 3258
4 2565 2713 2928 3532
4 485 486 1346 4397
4 561 558 591 596
4 3333 3432 2786 3795
4 269 254 263 3714
4 803 795 804 4118
4 2530 3935 3103 3999
4 3057 4052 2919 4053
4 2762 3645 2947 3968
4 2640 2700 4214 4300
4 1763 1760 1755 3326
4 3034 453 3991 4049
4 3018 3898 2893 4095
4 2738 4063 3001 4307
4 2441 3194 2444 3741
4 2903 3087 3469 4420
4 2711 2877 3124 3265
4 2569 2705 2638 4366
4 2973 3325 2498 4378
4 3335 3711 2992 3930
4 1943 1942 1957 3986
4 2658 2809 2984 3469
4 62 79 3193 4011
4 2613 2820 3050 3213
4 2636 3092 3917 4372
4 2516 3534 3093 3685
4 255 242 243 4282
4 2885 4088 3453 4225
4 1818 1817 1807 3612
4 599 3270 3609 4016
4 2857 2737 3531 3600
4 3423 3889 3010 4114
4 2903 3133 2725 3816
4 3531 3600 1386 4051
4 2599 3019 3000 3730
4 460 3713 3034 3991
4 277 3590 268 4156
4 79 66 56 4011
4 346 3731 2754 4173
4 303 3607 3614 3731
4 444 434 3804 4197
4 3148 3677 331 3678
4 14 179 13 56
4 2311 3430 2303 3586
4 2331 3996 2314 4367
4 663 665 664 3887
4 3419 3914 2737 4387
4 3080 3442 3079 4313
4 3518 4111 2605 4327
4 628 627 612 3908
4 3115 2585 4261 4304
4 45 180 46 108
4 4194 4305 3078 4307
4 2315 4227 1274 4376
4 194 3693 4047 4126
4 2178 2177 2183 3894
4 1881 1893 1892 4164
4 860 4255 3390 4274
4 370 378 366 4333
4 1057 1060 3767 4009
4 1936 1937 1945 3928
4 2979 3021 2709 3352
4 3330 3343 2554 3877
4 3265 3443 1128 3897
4 146 3533 147 3990
4 2638 3354 2870 3940
4 1 76 124 173
4 0 75 197 123
4 199 6 99 150
4 198 148 77 2
4 100 172 5 125
4 74 174 3 151
4 7 98 149 175
4 101 126 4 196
4 1669 1668 1702 4445
4 2579 2535 2820 3305
4 2809 3050 2984 4202
4 2203 2202 2210 4420
4 3174 3544 3012 4029
4 1264 1280 1263 4426
4 2521 2710 2596 3692
4 2809 3451 3050 4202
4 3268 3367 3272 4393
4 2658 2985 2558 3586
4 452 3713 460 3991
4 1850 1862 1870 3650
4 1548 3772 1547 4341
4 2806 3651 3576 4174
4 3014 3040 2745 4067
4 613 3757 652 4408
4 1411 1413 591 4272
4 2554 3343 2499 3877
4 1441 1442 1444 4092
4 2721 3682 3452 3700
4 1950 1947 1949 3455
4 2207 3573 2206 4068
4 2092 2073 2074 4080
4 238 4147 4123 4310
4 1055 3767 3524 4009
4 455 3466 3663 4281
4 2553 4191 2731 4215
4 87 103 86 3706
4 2746 2816 3860 3957
4 2634 3815 3660 4369
4 2973 3861 3324 4007
4 3029 3170 2988 4004
4 2601 3074 3272 3367
4 2610 3330 3482 3877
4 863 854 3242 3847
4 1869 1868 1855 3899
4 2759 3779 3132 4432
4 597 3403 1412 4272
4 2625 2753 2919 3565
4 2844 3573 3309 4005
4 2589 3627 3631 3930
4 195 4126 194 4268
4 2647 4111 3518 4327
4 85 86 80 4304
4 2543 2574 3868 4020
4 2804 2579 3211 3771
4 1306 1307 1311 4385
4 3511 3588 2752 3957
4 2789 3019 3006 4027
4 416 869 425 4319
4 2431 2432 2430 4387
4 1805 1807 1817 3612
4 2658 3249 2984 3586
4 895 894 909 3920
4 3350 4136 813 4349
4 3233 3421 3017 3585
4 3453 4088 3281 4123
4 3046 3461 4273 4347
4 1946 1933 1943 3247
4 2565 2639 2713 3532
4 1164 3314 1166 4431
4 143 50 51 168
4 1805 1817 1816 3612
4 1039 3939 1040 4358
4 2197 2196 2218 4005
4 2022 2023 2021 4012
4 3572 4305 3001 4307
4 2601 4260 3367 4261
4 2955 3263 2698 3848
4 2979 3671 3021 4231
4 1372 1373 1374 3781
4 2972 3860 2816 3957
4 42 166 156 4175
4 2784 3671 2955 3987
4 1145 3671 2132 3987
4 457 505 3656 4281
4 2748 2993 3461 3907
4 2468 2469 2461 4377
4 3627 3631 2574 4020
4 3718 3971 2609 4442
4 2297 3469 2203 4420
4 2725 2896 2874 3134
4 2711 3114 2877 3265
4 2376 2389 2387 4340
4 2809 3451 4202 4210
4 3255 3835 3772 4341
4 2574 2998 3085 3286
4 2795 3496 3312 4110
4 3667 4263 2891 4430
4 2630 2841 3540 4127
4 2544 3427 3268 4378
4 855 846 847 3847
4 2317 1278 1275 4227
4 2613 3369 4229 4444
4 3350 3938 813 4136
4 3415 4082 3650 4209
4 2193 3469 2289 4210
4 3131 3323 310 3607
4 2183 2184 2178 3894
4 3527 3756 3007 3907
4 2161 3223 4068 4105
4 2601 2585 4261 4393
4 3609 4090 515 4281
4 3257 3069 3970 4199
4 3000 2789 3831 4027
4 647 671 670 4193
4 2365 2364 2369 3911
4 456 3663 3286 4049
4 3171 3285 2720 3772
4 1393 3874 3176 4306
4 303 3607 291 3614
4 3352 3451 2809 4210
4 2770 2800 3760 4437
4 3021 3959 2243 3987
4 2289 3469 2297 4184
4 1678 1683 1679 3934
4 3017 3600 3585 3781
4 451 452 453 3991
4 1410 1398 4032 4033
4 1518 1516 1515 4248
4 670 646 647 4193
4 2713 3564 2928 3925
4 2273 3451 3352 4210
4 2320 2319 2338 3655
4 2401 3542 3075 4003
4 1960 3753 3247 3770
4 2752 3588 3056 3957
4 378 377 366 3984
4 1033 3912 3360 3913
4 3597 3640 2817 3902
4 2817 3902 3427 4070
4 2759 3132 3673 3939
4 380 392 381 4124
4 1903 1910 1920 4177
4 2574 2621 3631 3930
4 2191 4057 2190 4058
4 1112 1071 1111 4438
4 2093 2092 2074 4080
4 3242 3282 2843 3595
4 2914 4120 3217 4335
4 432 428 430 3802
4 3013 3820 3779 4432
4 2852 3123 2851 4146
4 380 391 392 4124
4 2877 2903 2725 3816
4 1848 3620 1843 4293
4 1369 3576 1494 4174
4 1055 1057 3767 4009
4 780 4136 3700 4349
4 2894 3743 3528 3798
4 2278 2256 2255 4328
4 3276 4047 3839 4126
4 2768 2591 3558 4400
4 866 3426 864 3847
4 3669 4103 293 4156
4 740 742 741 3700
4 649 673 672 4190
4 2609 2732 3440 4392
4 649 672 648 4190
4 2977 2864 3539 3913
4 3390 3765 412 4274
4 234 3354 226 3940
4 3073 3906 3753 4318
4 2612 3916 3915 4146
4 3194 3711 1305 3763
4 2962 2684 3675 4370
4 471 470 467 4019
4 2695 2886 2885 3782
4 2458 2452 2433 3914
4 3556 3988 366 4333
4 1824 3620 3289 4293
4 2509 3313 3108 4379
4 2575 3303 3901 3902
4 1177 3387 1247 3843
4 270 269 3714 4156
4 2336 2337 2318 3655
4 3257 4336 3757 4421
4 3165 4342 3733 4343
4 2888 3892 3140 4127
4 295 4156 3659 4362
4 2074 2073 2057 4080
4 2873 2669 2954 3241
4 2239 3134 2238 4316
4 3062 3087 2724 4068
4 1763 3326 1755 3972
4 2546 2656 3632 3642
4 1222 4179 1239 4316
4 3282 3574 2842 3920
4 2784 3020 2955 3671
4 218 227 220 4310
4 2391 2378 2380 4332
4 2534 4260 3633 4261
4 500 499 498 3948
4 290 4286 3614 4308
4 3642 4238 3632 4413
4 3006 3397 2632 4253
4 2735 3542 3011 4003
4 64 57 71 3541
4 2906 4241 4314 4330
4 909 3574 3920 4269
4 597 1412 1411 4272
4 2400 2391 2392 4332
4 1445 1442 1423 4092
4 2399 2408 1785 4152
4 1807 4414 1794 4415
4 1225 2226 1226 3987
4 2226 1225 2225 3987
4 2649 2857 3095 3600
4 2090 2106 2089 4154
4 3161 3804 2923 3991
4 1972 1989 1987 4085
4 2724 2877 3223 3298
4 3136 2782 3686 3962
4 1975 1995 1993 4059
4 2550 2849 3631 4020
4 1773 3327 3709 4152
4 2763 3340 3515 3636
4 2852 2991 3129 4310
4 1445 1423 2452 4092
4 3397 4253 4130 4288
4 3789 3790 3485 4424
4 484 3473 483 4360
4 161 171 169 2516
4 2531 2640 4213 4214
4 3294 3054 3995 4348
4 1266 1265 1270 3878
4 3013 3206 2749 4403
4 2846 3220 2856 3521
4 3072 2703 3651 3719
4 155 3295 177 4134
4 1394 3600 1397 4033
4 2731 4191 3951 4421
4 2090 2107 2106 4154
4 1683 1684 1679 3934
4 3114 2794 3768 3896
4 3876 3916 2833 3917
4 3401 4378 3268 4393
4 2725 2558 3780 4325
4 2660 3634 2591 4035
4 2771 2913 3642 4238
4 487 1347 492 1348
4 909 925 926 3574
4 2920 3977 3739 4212
4 1943 1932 1942 3986
4 1848 1860 3620 4338
4 3381 2821 4139 4273
4 111 113 128 4196
4 72 79 56 3378
4 2829 3552 3443 3686
4 1898 3564 3925 4185
4 549 634 642 3954
4 310 3323 3131 4042
4 3298 3816 2170 4374
4 1408 1397 1409 4033
4 2851 2833 3876 4146
4 1298 1295 1296 3710
4 3515 3636 2953 3637
4 1760 1761 1762 4176
4 2553 3951 2731 4191
4 2392 2391 2380 4332
4 1960 2861 1959 3753
4 3243 3821 2216 4005
4 1614 1533 3285 4394
4 2272 3134 2240 4235
4 159 3783 167 4134
4 796 804 795 4118
4 2687 2589 2952 4097
4 3259 3493 3652 4261
4 3498 4102 3042 4380
4 2621 2992 2924 3930
4 3355 2600 3676 3843
4 1764 1763 1756 3972
4 1845 1846 1857 4066
4 842 834 841 4348
4 3221 3774 3464 4397
4 3698 3732 2892 4430
4 2738 4064 4063 4307
4 2529 3393 3278 4327
4 2564 3794 2926 4425
4 3755 4381 3697 4406
4 3054 3830 2843 4255
4 3092 3499 2836 4373
4 2494 3517 3838 4134
4 2153 2154 2148 4231
4 3149 3342 2881 3802
4 178 29 83 30
4 3041 3326 2970 3972
4 2853 3405 4004 4377
4 81 26 105 25
4 909 926 910 3574
4 1400 3220 3521 4331
4 2890 3757 3492 4421
4 3154 3476 2826 4008
4 3951 4191 2662 4421
4 2774 2953 2649 3565
4 2678 3581 2572 4383
4 3584 3604 3010 4114
4 2591 2768 3558 3634
4 377 390 3672 4279
4 1655 1629 1657 4395
4 1558 1559 1459 4219
4 1049 1033 1034 3913
4 2704 3456 3303 3901
4 3064 4128 3624 4161
4 1896 1909 3929 4258
4 2179 3894 3454 4220
4 2472 4155 4004 4377
4 1341 2485 1307 4385
4 1918 1901 1900 3925
4 1932 3564 3035 3986
4 275 290 291 3614
4 547 556 555 4151
4 2708 3243 3894 4057
4 1242 3082 2241 4179
4 2682 3486 2657 3659
4 2901 3629 3401 4389
4 3124 3133 2874 4316
4 835 842 3830 4348
4 3620 4293 1848 4338
4 2981 3331 2960 4300
4 256 243 4088 4282
4 3387 3508 1177 4431
4 1031 1032 1047 3912
4 3017 3421 2876 4092
4 1283 1287 3662 4002
4 2574 2543 2792 4239
4 2746 3565 2532 3862
4 264 3386 262 3708
4 2384 3341 2396 3584
4 207 3459 3460 4289
4 2258 2257 3214 4367
4 2774 3740 3477 3741
4 1555 1579 1580 3822
4 1870 1856 1850 3650
4 206 2482 219 3891
4 1763 1755 1756 3972
4 1074 1075 3974 4438
4 1165 3314 3832 4132
4 2638 2660 2591 4035
4 2528 3575 3402 4442
4 2851 3876 2852 4146
4 2874 2896 2725 4325
4 3349 4085 1971 4395
4 1891 1897 1895 4258
4 1688 1686 1697 4315
4 2900 3182 3836 4081
4 111 128 3137 4196
4 3605 3912 3349 4085
4 1267 1282 1283 3878
4 2908 2789 3006 3831
4 2400 2401 2409 4003
4 2639 2712 2577 3022
4 2851 3891 3123 4289
4 3531 3781 2737 4107
4 2587 2671 3367 4393
4 1187 3444 3443 3933
4 633 622 624 4165
4 409 3943 3417 4145
4 2504 4024 3239 4287
4 3537 3691 2828 4162
4 2824 3222 3132 3530
4 902 3760 901 4141
4 1781 3750 1784 4414
4 2416 4114 3009 4243
4 3558 2591 3634 4400
4 3314 3832 3234 4262
4 841 4124 4255 4348
4 2924 2992 3864 4351
4 2733 3774 3221 4397
4 223 222 224 3782
4 236 241 234 3354
4 2799 2915 2555 3246
4 2552 3810 3103 3999
4 280 3162 3323 4037
4 3159 3926 2936 4276
4 2290 2298 2291 4184
4 2298 2299 2291 4184
4 2842 3140 2728 3222
4 117 113 111 4196
4 2583 4129 4128 4161
4 3271 3750 1781 4414
4 3273 3970 3069 4199
4 2192 3871 2186 4057
4 1152 1136 1137 3897
4 3002 3188 3544 4160
4 1037 1053 1052 4094
4 2893 3318 3675 4370
4 269 267 3714 4156
4 2860 3255 3772 4341
4 3011 3327 3736 4152
4 1863 1878 1877 3691
4 360 370 358 3988
4 2984 2903 3469 4374
4 377 379 365 3984
4 2704 3427 3902 4070
4 3096 4108 3818 4412
4 2794 3357 3114 3768
4 2280 2288 2351 3748
4 1533 3772 3285 4394
4 1741 1744 1404 4065
4 2604 2652 4213 4312
4 852 841 851 4255
4 1222 3444 3241 4179
4 1698 1688 1697 4315
4 3536 3616 1908 4164
4 3011 3522 3327 3709
4 873 875 874 4274
4 1526 3998 3410 4000
4 855 864 3426 3847
4 2530 3935 3393 4287
4 3252 3422 2824 3530
4 2998 3034 3991 4049
4 2955 3832 3296 3848
4 2475 3661 2988 4155
4 633 632 622 4165
4 3527 3729 3008 4026
4 3002 3106 3911 4160
4 2918 3504 2816 4052
4 2631 3759 3567 4249
4 2955 2698 3234 3848
4 2849 3495 3868 4410
4 2877 3114 2711 3869
4 852 842 841 4255
4 2185 3454 3894 4057
4 2084 2110 2093 4342
4 105 114 122 3725
4 1950 1951 1961 4027
4 3073 3456 3074 3905
4 1414 601 1415 4133
4 2145 2146 3909 4220
4 1469 1470 1462 3687
4 176 154 164 3825
4 2753 3176 3060 4306
4 3063 4036 3846 4096
4 835 834 842 4348
4 539 518 537 3699
4 3876 3916 2612 4146
4 1346 1344 3774 4397
4 3515 3637 2953 4006
4 3581 4115 2964 4131
4 840 3458 2947 3968
4 836 831 835 3359
4 2768 3558 3101 4357
4 2932 4198 4085 4395
4 195 185 194 4126
4 3092 3810 3499 4372
4 1907 1922 3536 3559
4 1298 3864 3710 4351
4 1229 3832 3296 4278
4 2601 4070 3268 4363
4 2833 4357 2851 4401
4 2797 2799 3166 3167
4 3002 2772 3173 3544
4 2338 2719 2342 3211
4 278 264 3162 4037
4 2624 3861 3860 4128
4 1495 3290 1473 4174
4 2921 3391 3316 3769
4 2183 3894 3243 4057
4 1413 590 591 4272
4 3110 3613 2691 4090
4 2851 2833 3484 4357
4 3018 3061 3898 4095
4 2186 2192 2187 3871
4 2893 3675 2684 4370
4 2384 3341 3584 3911
4 1785 1773 2399 4152
4 1923 1925 1936 4178
4 1490 1452 1454 4030
4 2918 2624 3624 3702
4 3605 3912 1048 3913
4 2207 2199 3573 4419
4 1232 1209 1207 4339
4 2613 2764 2709 4229
4 2423 3318 2424 4195
4 2754 3731 346 3995
4 2982 3733 2680 4080
4 3509 3846 3063 4036
4 2337 2341 2719 4320
4 2285 4202 3445 4328
4 1776 1777 1786 4192
4 3074 3272 3729 3905
4 2353 2351 2288 3748
4 831 835 3830 4348
4 62 79 63 3193
4 223 212 222 3782
4 2773 3429 3104 4099
4 2574 2792 3085 4239
4 259 258 274 4308
4 3456 3904 3008 3905
4 3091 2925 4279 4333
4 2504 2530 4024 4287
4 690 1461 609 3653
4 2375 2387 2388 4340
4 1985 2009 2010 4100
4 1209 4132 4339 4376
4 2039 2040 2014 4029
4 418 3765 411 4145
4 1206 1208 1167 4132
4 1396 1403 3874 4306
4 2406 2407 4114 4243
4 2913 4208 3187 4286
4 2193 2187 2192 3871
4 3028 4028 3501 4319
4 2067 2066 2083 4098
4 2297 4184 3469 4374
4 1601 1602 1594 4301
4 3605 3913 1974 4059
4 1292 1290 1291 3953
4 413 414 2483 3749
4 1594 1593 1601 4301
4 3476 4008 3154 4434
4 2192 4057 2191 4058
4 2768 2833 3876 4401
4 2632 3527 3007 3907
4 3294 3830 3054 4348
4 2528 3228 3563 4322
4 2625 2516 3565 4069
4 3124 3443 3265 3897
4 27 115 89 26
4 2864 3605 3360 3912
4 2241 1242 1233 3082
4 2010 1986 1985 4100
4 353 3743 354 3984
4 1298 3710 1297 4351
4 2801 4281 3609 4360
4 2681 3289 2907 4014
4 2896 2985 2558 3430
4 1858 1857 1846 4066
4 1846 1858 4066 4295
4 3382 3383 2994 3467
4 2936 3926 3310 4445
4 1409 3588 3095 4033
4 2733 3868 3664 4397
4 1806 1803 1804 4224
4 866 864 3426 4390
4 2779 2999 3235 3554
4 444 443 434 4197
4 9 58 10 106
4 1903 1920 3560 4177
4 2228 2229 3296 4417
4 2520 3789 4423 4424
4 1953 1952 3729 3730
4 1185 3676 3508 3843
4 217 3634 3940 4035
4 2134 2135 2157 4105
4 2231 1230 2230 4278
4 2603 2674 3022 3112
4 1230 2231 1231 4278
4 2453 2454 1448 3936
4 2547 3965 3320 4149
4 2764 2820 3213 3214
4 2926 3167 2797 3610
4 1562 1564 1565 4237
4 3022 3845 2603 4260
4 2687 2952 4006 4097
4 2592 3802 2778 4036
4 268 3590 267 4156
4 1275 1274 2316 4227
4 909 910 895 3920
4 2609 3563 3228 4322
4 2352 2335 3996 4320
4 170 161 177 2917
4 2318 2333 3655 4227
4 2034 2002 2156 4056
4 274 258 273 4308
4 2665 2851 3459 3891
4 2759 3013 3673 4432
4 2676 2919 2856 3702
4 3597 3902 2817 4070
4 702 708 701 3739
4 2946 3740 2924 4351
4 3779 3820 3071 4432
4 2984 4184 3249 4374
4 458 3286 450 4049
4 409 2483 419 3417
4 2082 3173 3172 4098
4 100 24 88 4089
4 3603 4341 1553 4386
4 1207 1209 4132 4339
4 1308 3763 3681 3941
4 2613 2764 2820 3213
4 3603 2860 3822 4341
4 1247 1248 3387 3950
4 2941 4423 3789 4424
4 176 161 169 3366
4 593 1414 1416 4133
4 3196 3846 3509 4429
4 2543 4239 4020 4240
4 3012 2730 3080 3442
4 2156 2204 2034 4056
4 2532 3565 2953 3637
4 896 895 910 3920
4 3581 4119 2964 4383
4 1271 3676 1218 3843
4 333 332 330 3678
4 3548 4002 2323 4426
4 3265 3443 2829 3552
4 1783 1784 3750 4415
4 2255 2277 2278 4328
4 24 125 114 4089
4 1230 3832 4278 4339
4 1936 1925 1937 4178
4 2674 3022 3112 3753
4 2975 3353 3649 4362
4 3928 4177 2883 4317
4 2817 3409 4070 4086
4 2988 4137 3184 4138
4 326 310 327 4042
4 2916 3310 3350 4313
4 3539 3913 3605 4059
4 160 161 176 3366
4 3633 4260 2601 4261
4 1865 4295 1858 4298
4 2375 2388 3542 4340
4 825 3294 3059 4173
4 1843 1823 1821 4293
4 1777 1787 1786 4192
4 2771 3642 2886 4413
4 2991 3435 3129 4310
4 786 788 750 4008
4 296 3486 3659 4037
4 1605 1612 1613 4217
4 1837 3374 4317 4318
4 927 910 926 4075
4 2549 2647 3518 4327
4 1168 1169 3610 4132
4 2338 2337 2719 3655
4 1229 3296 2229 4278
4 3435 2682 3714 4147
4 4051 4306 2753 4345
4 1854 1853 1834 3898
4 1833 1834 1853 3898
4 706 707 713 3977
4 2918 3624 2624 3860
4 1459 1559 1460 4219
4 2294 3445 2293 4353
4 2416 2414 2415 3423
4 2466 2467 2459 4189
4 3071 3820 3779 4297
4 3595 3830 842 4255
4 2406 2410 2398 4243
4 544 554 553 4384
4 2331 2334 2332 3996
4 1519 1520 1517 4248
4 2876 3307 3936 4092
4 911 910 927 4075
4 3534 4020 2516 4240
4 3074 3905 3456 4363
4 1174 3508 3163 4431
4 206 3459 207 3891
4 2546 2755 3642 3935
4 3753 3928 1937 4178
4 1388 1386 3600 4051
4 2953 3636 2701 3637
4 2764 2915 2820 3214
4 1962 1954 1958 3906
4 100 88 91 4089
4 1342 3473 3651 4016
4 2952 3763 3515 3941
4 2638 3940 2660 4035
4 854 3595 3242 3847
4 2784 3021 3671 3987
4 3328 4185 3153 4205
4 309 3323 310 4042
4 1357 1348 1359 3464
4 2609 3440 2732 3718
4 2466 2459 2458 4189
4 471 477 470 4019
4 2797 2799 3167 4346
4 1796 1808 1807 4415
4 1138 1108 1021 4297
4 485 3664 486 4397
4 484 483 475 4360
4 2864 3360 3605 3913
4 1897 1912 1911 4258
4 2934 3939 3938 4358
4 2552 3499 3092 3810
4 1045 1138 1021 4297
4 3419 2737 3781 4107
4 3803 4171 3219 4422
4 946 945 3892 4075
4 2764 3021 2709 4229
4 1247 3387 1248 3843
4 2632 4253 3397 4288
4 3177 3536 2899 3559
4 556 547 548 4151
4 1794 4414 1784 4415
4 2554 3330 3509 3870
4 1958 3753 3906 4318
4 3006 4026 3397 4253
4 3406 4032 3233 4352
4 2621 2924 3631 3930
4 3506 3958 2513 4366
4 159 158 167 3783
4 525 508 520 514
4 1231 1232 1207 4339
4 1403 4331 4306 4345
4 1268 1252 1269 3843
4 3011 3709 3318 4003
4 2261 2348 3430 4235
4 2148 2147 2153 4231
4 2603 3022 2674 3845
4 2422 3423 2420 3665
4 3410 4000 3998 4272
4 284 277 282 4156
4 215 3634 212 3782
4 3223 3298 2163 4068
4 2704 3073 3374 3456
4 2874 3124 2725 3133
4 1950 4026 1951 4027
4 3298 4374 2170 4420
4 215 217 216 4035
4 2550 3631 2516 4020
4 1926 1937 1925 4178
4 2546 2755 2656 3642
4 2799 2555 2915 3227
4 2701 3636 3158 3661
4 2900 3836 3458 4081
4 2237 1238 1239 4316
4 2238 2237 1239 4316
4 2171 4099 3429 4100
4 2678 4382 3581 4383
4 3194 3740 2774 3741
4 2193 3871 2192 4058
4 1344 1346 486 4397
4 2660 3935 2530 3999
4 2851 3876 2833 4401
4 3098 2686 3426 3847
4 1797 1796 1785 4415
4 92 104 89 3723
4 114 125 118 4089
4 3692 2506 4048 4388
4 2695 3460 3101 3782
4 212 3460 222 3782
4 1461 690 1534 3653
4 2532 3862 3565 4069
4 2636 3103 3810 3999
4 170 177 155 3295
4 2544 3268 3427 4363
4 2574 3631 2849 4020
4 2718 3923 2721 4284
4 2934 3132 3939 4358
4 1087 1088 1096 4356
4 2748 3383 2994 4254
4 2408 3709 2400 4003
4 1167 1208 1169 4132
4 1942 1956 1957 3986
4 2850 3316 2921 3391
4 2708 3894 3454 4057
4 102 82 95 3264
4 3410 3998 2878 4272
4 1838 1950 1839 3455
4 3174 3673 3013 4100
4 2972 3511 2752 3957
4 3909 4220 2146 4231
4 2564 2989 3794 4425
4 3079 3080 2730 3442
4 2261 2259 2233 4235
4 2401 4003 2400 4332
4 214 3435 3129 3594
4 2103 2084 3172 4342
4 117 10 11 69
4 835 828 834 4348
4 531 611 610 4336
4 2657 2682 3659 3714
4 3340 4137 3636 4138
4 3075 4003 3318 4243
4 3611 3612 3045 4414
4 2450 2447 2446 4137
4 1732 3931 3510 4142
4 3352 3451 2274 3959
4 2592 4036 3063 4148
4 1169 1244 3610 4132
4 434 443 433 4197
4 2211 4374 2305 4420
4 423 2483 414 3749
4 176 169 154 2974
4 2725 3133 2903 3249
4 2830 3178 4394 4434
4 3568 3708 3187 4208
4 173 1 76 20
4 77 148 19 2
4 6 99 150 35
4 174 48 3 151
4 51 7 149 175
4 36 172 5 100
4 4 27 126 101
4 1807 1794 1796 4415
4 2288 3445 2296 3748
4 2988 2701 3661 4138
4 2018 4099 2010 4100
4 3304 3764 2937 4118
4 2848 3616 4083 4258
4 2593 3575 3971 4442
4 3066 4191 2731 4421
4 457 515 505 4281
4 1856 1828 1850 3650
4 1784 4414 3750 4415
4 1987 1971 1972 4085
4 2610 3482 2983 3877
4 2258 3996 2250 4367
4 383 377 382 4279
4 1974 1975 1993 4059
4 385 384 374 4416
4 1894 3177 3827 4209
4 57 68 78 3200
4 3011 3736 2727 4370
4 3222 3530 2824 4269
4 2972 3861 2746 4007
4 369 357 3798 3995
4 3006 3527 3397 4026
4 1562 1565 1563 4237
4 3357 3666 2845 4105
4 3023 3187 3708 4308
4 1924 4177 3928 4317
4 2893 3898 3045 4095
4 3095 3588 2816 3957
4 309 310 326 4042
4 1722 3975 1727 4305
4 2297 4374 3469 4420
4 1402 1739 3220 4331
4 1865 1863 1864 4298
4 3185 3230 2913 4286
4 2732 3107 3053 3403
4 165 163 170 3507
4 2547 4149 3320 4150
4 2797 3167 2926 4346
4 2625 3565 3862 4069
4 156 41 42 107
4 2962 3415 2931 4213
4 1289 3400 1286 3662
4 3035 3564 2713 3986
4 2240 3134 2239 4179
4 1388 3600 1394 4051
4 3075 3318 3009 4243
4 1785 1796 1783 4415
4 1516 3694 1515 4248
4 1292 1293 1290 3953
4 715 722 720 3761
4 2539 3532 2604 4312
4 3492 3757 2890 4000
4 2772 3012 3174 3544
4 1868 1854 1855 3899
4 3426 3645 855 3847
4 3264 4378 3401 4393
4 1397 1398 1409 4033
4 2745 4067 3396 4356
4 3046 4273 3381 4347
4 2484 3740 2437 4351
4 1739 3701 3220 4331
4 1224 1240 1223 4179
4 3021 3213 2709 3959
4 1191 1215 3241 3676
4 3098 3242 2686 3847
4 2321 2341 2324 2342
4 3133 2264 3816 4374
4 3672 4279 2925 4333
4 189 182 197 4292
4 2596 2558 2985 3430
4 2219 2218 2196 4005
4 1400 3521 3874 4331
4 3048 3328 3153 4205
4 3114 3223 2877 3897
4 1958 1959 2861 3753
4 3772 3822 2860 4341
4 2732 3053 2878 3403
4 1231 4278 1232 4339
4 1087 1096 1095 4356
4 2234 2233 2259 4235
4 1620 1636 1637 4313
4 2915 3227 2804 4227
4 2774 3194 2924 3740
4 847 854 855 3847
4 2119 2372 1756 3972
4 1620 1637 1621 4313
4 1034 1050 1049 3913
4 3011 3318 3736 4370
4 3057 3095 2816 3957
4 3050 3213 2820 3214
4 2330 3190 1289 3662
4 3009 2640 3075 4243
4 1629 1655 1628 4395
4 2954 3676 2600 3843
4 1894 3827 3177 4164
4 332 3148 331 3678
4 211 3634 4035 4400
4 3213 3214 3050 4328
4 1048 1047 1032 3912
4 75 0 11 123
4 2625 2919 2676 3702
4 2201 2192 2191 4058
4 2201 2202 2192 4058
4 3563 3971 3575 4442
4 2952 2717 3681 3941
4 115 129 119 4180
4 281 3162 275 3614
4 1895 1911 1909 4258
4 2440 2445 2442 3741
4 3028 4141 4028 4319
4 1416 592 593 4133
4 1957 1960 3247 3770
4 2856 2919 3701 3702
4 1915 1928 1931 1919
4 96 87 97 3980
4 3176 4051 1396 4306
4 1137 1153 1152 3897
4 925 924 943 4269
4 248 262 3386 3708
4 2207 2162 2164 4068
4 1311 2450 1310 3340
4 2207 2164 2208 4068
4 462 515 457 4281
4 2585 3115 4261 4393
4 2543 4020 3868 4170
4 3270 3613 3107 4133
4 3057 3095 1742 4052
4 2746 3057 2816 3957
4 2687 3194 2953 4006
4 3310 4313 3079 4445
4 2908 3035 2713 3831
4 3390 4255 2790 4274
4 2972 3623 3511 4129
4 2771 3791 4238 4413
4 3073 3905 3074 3906
4 2955 3263 3848 3987
4 3484 2695 4357 4372
4 610 530 531 4336
4 2578 2709 4229 4230
4 1235 3082 1233 3676
4 2794 3392 3357 3768
4 942 943 924 4269
4 1920 1923 1924 4177
4 1794 1807 1805 4414
4 2606 4300 2675 4343
4 2330 2326 3578 3662
4 1913 1907 3536 3616
4 172 43 5 125
4 199 55 6 150
4 2896 3190 3082 4235
4 1160 3163 3962 4262
4 2684 3164 4370 4440
4 273 288 289 4308
4 2850 3391 3341 3889
4 2988 3184 2616 4138
4 2899 3247 1938 3536
4 1897 3616 1912 4258
4 296 280 297 4037
4 3073 3928 2883 4317
4 2283 3451 2282 4210
4 3124 3444 1237 4316
4 1441 1423 1442 4092
4 1935 1924 3928 4317
4 2601 3272 3268 3367
4 1421 599 598 4016
4 2890 4000 3757 4408
4 2316 1274 2315 4227
4 3021 2709 3352 3959
4 3140 3222 2842 3574
4 2907 4293 3620 4338
4 251 266 4123 4147
4 359 357 826 3995
4 2695 3810 3101 4357
4 3860 4052 2746 4053
4 2389 3331 3604 4340
4 2649 2953 2774 3741
4 946 928 927 4075
4 2469 3546 2461 4377
4 68 61 78 3200
4 3836 4081 3182 4416
4 2203 4058 2202 4420
4 252 250 251 4123
4 3657 3678 2778 3802
4 264 3386 3162 4037
4 2955 3848 3296 3987
4 2256 2255 4328 4417
4 3739 4212 3977 4364
4 295 3659 3486 4362
4 3731 3798 346 3995
4 2700 3010 2640 4214
4 1961 3000 1955 4027
4 651 562 682 4000
4 2103 2110 2084 4342
4 2636 2768 3810 4357
4 2282 2281 2289 4210
4 3223 3298 2877 3816
4 752 750 788 4008
4 457 3656 3466 4281
4 2185 2184 2190 4057
4 159 177 3517 4134
4 3019 3730 3729 4026
4 2524 2577 3532 4312
4 47 4 126 196
4 2639 3022 3247 3536
4 2604 4214 3747 4312
4 1914 3035 3564 4185
4 2546 3393 3935 4287
4 2753 4051 3176 4306
4 1014 1038 1039 4358
4 2329 3082 1288 3190
4 724 732 723 3895
4 3165 3243 2844 4005
4 3233 3585 3056 4032
4 2860 3255 4341 4386
4 3412 3834 2878 3998
4 267 3714 3590 4147
4 2312 3430 2311 4235
4 2532 2746 3862 4007
4 2656 3642 2913 4238
4 1015 1014 1039 4358
4 3234 3314 2797 3832
4 1387 1397 3600 4033
4 617 619 618 4199
4 2207 4068 2208 4419
4 1612 1605 1604 4217
4 826 3995 3294 4173
4 1389 3585 1398 4033
4 1279 1280 1264 4426
4 300 301 288 4286
4 4086 4267 2840 4378
4 2282 2289 2290 4210
4 1233 3082 1242 4179
4 2401 4003 3075 4243
4 1402 3874 1403 4331
4 289 288 301 4286
4 946 3892 928 4075
4 1283 1285 3400 3662
4 2844 3733 2680 4343
4 2789 3730 3019 4027
4 203 4399 4289 4401
4 2185 2190 2191 4057
4 1614 807 689 4394
4 1614 689 1533 4394
4 3590 3714 2682 4147
4 197 44 0 123
4 31 6 99 199
4 2890 3053 3492 4000
4 2 77 198 15
4 149 32 98 7
4 28 101 4 196
4 2864 3605 3539 3913
4 866 885 883 4390
4 204 207 206 3460
4 192 54 55 144
4 3311 3719 3072 4133
4 3405 3546 2469 4377
4 2918 3701 2919 3702
4 2558 2725 2658 2896
4 2341 2324 2719 3742
4 1933 1946 1937 3247
4 2855 3504 2918 3701
4 1950 1838 1947 3455
4 1892 3616 1897 4258
4 1077 3974 1075 4438
4 814 4136 3938 4358
4 2625 2676 3625 3702
4 2119 1756 1738 3972
4 3336 3546 2853 4377
4 180 182 183 4294
4 283 284 282 4156
4 2875 3727 3503 4416
4 122 114 120 3725
4 3022 3536 3112 4178
4 2289 4184 2290 4210
4 2680 3733 2960 4343
4 618 616 617 4199
4 2924 3194 3335 3711
4 483 3473 4016 4360
4 2984 3249 2903 4374
4 2441 3711 3194 3740
4 1387 1388 1386 3600
4 251 4123 250 4147
4 2846 3299 3060 4200
4 2883 4177 3560 4317
4 2877 3265 3114 3897
4 3187 3568 3023 3708
4 2657 3659 3386 3714
4 3035 3153 2908 4185
4 1421 598 1420 4016
4 3112 3929 2883 4177
4 2307 2267 3249 4374
4 2695 3810 2552 3999
4 330 3679 3677 3705
4 3082 3134 2896 4235
4 2990 4238 3791 4413
4 2953 2448 3515 4006
4 263 269 247 254
4 3230 4208 2913 4286
4 201 185 183 3693
4 124 8 76 1
4 2535 2710 2521 3692
4 2709 3451 3352 3959
4 309 4037 3323 4042
4 3860 3861 2972 4129
4 3386 3659 263 3714
4 2793 3665 2426 4082
4 3938 3939 1038 4358
4 3303 2704 3901 3902
4 2115 2098 2114 4160
4 2336 2333 2318 2316
4 2975 3649 3486 4362
4 1207 4132 3832 4339
4 2709 3213 3451 3959
4 2840 3268 4086 4378
4 2472 2476 4004 4155
4 1888 3157 3177 4209
4 2424 3318 3009 4195
4 2777 3679 3085 3705
4 148 198 52 2
4 2099 2098 2115 4160
4 1400 3521 1391 3874
4 195 194 186 4268
4 2593 3971 3718 4442
4 3018 3899 3898 4083
4 2232 3246 1232 4278
4 40 1 124 173
4 197 12 75 0
4 16 74 3 151
4 175 7 98 39
4 724 735 732 3895
4 2075 2074 2059 4080
4 2712 3177 3827 4164
4 2390 3709 3522 4332
4 23 174 3 74
4 296 278 280 4037
4 2059 2074 2057 4080
4 1240 4179 2239 4316
4 3196 3363 3846 4429
4 713 714 716 3977
4 3002 3806 3188 4160
4 3130 3958 3506 4366
4 3307 2876 3421 4092
4 1224 3241 1215 4179
4 2591 4035 3634 4400
4 2948 2717 3084 3681
4 246 256 243 4088
4 3256 3412 2878 3998
4 1828 1850 3650 4082
4 3861 3862 2746 4007
4 2609 4322 3718 4442
4 2337 2338 2319 3655
4 2708 3454 3894 4220
4 3671 3987 3021 4231
4 2665 3123 2851 3891
4 3268 3272 2601 4363
4 3294 3359 3059 4111
4 294 306 3669 4362
4 842 841 4255 4348
4 2441 3711 3740 4351
4 342 339 312 4252
4 2440 2441 2444 3741
4 3021 3296 3959 3987
4 3021 3352 2979 4231
4 2506 2531 3747 4048
4 171 161 170 2917
4 202 3558 205 4400
4 2706 3900 3654 4299
4 1344 486 489 4397
4 845 850 849 3968
4 346 3798 357 3995
4 2846 3060 2676 4200
4 1869 3899 3827 4164
4 24 100 5 125
4 2913 3528 3185 4286
4 2676 2753 2625 3685
4 3473 3774 2733 4397
4 3133 3134 2874 4316
4 1274 1256 1254 4376
4 2713 3770 3000 3986
4 2900 3458 3450 4081
4 2853 3546 3405 4377
4 121 119 129 4180
4 3252 2934 4136 4358
4 3101 3634 2768 3999
4 1741 1743 1744 2489
4 3106 3584 3341 3911
4 2789 3006 3019 3527
4 866 883 864 4390
4 2964 4131 3300 4391
4 2979 3428 2818 3909
4 2798 3943 3398 4145
4 1936 1945 1944 4318
4 2746 4052 3057 4053
4 946 927 945 4075
4 562 590 682 4000
4 2764 4278 4367 4417
4 92 96 104 3723
4 275 274 290 4308
4 1275 2316 2317 4227
4 3074 3367 2601 3845
4 3247 3753 3022 3770
4 2924 3711 3335 3930
4 3715 4237 3090 4275
4 2448 3741 3194 4006
4 2960 2981 4300 4343
4 2874 3082 3676 4179
4 3163 4262 1162 4431
4 378 3672 377 3984
4 270 3714 3659 4156
4 333 3679 330 3705
4 2399 3709 2408 4152
4 2704 3074 3073 3456
4 1287 2327 2325 3662
4 713 707 714 3977
4 1737 1738 1755 3972
4 181 195 186 4268
4 3018 3898 3061 4083
4 2846 2856 2676 3060
4 3006 3831 2789 4027
4 842 4255 3830 4348
4 2309 2308 3586 4353
4 1233 2234 2241 3082
4 281 3607 3162 3614
4 3140 3892 3813 4075
4 2884 3281 4103 4123
4 884 890 889 4141
4 3316 3665 2783 4082
4 3977 4212 2897 4364
4 3466 3656 447 3657
4 3211 3258 2710 3548
4 1224 1241 1240 4179
4 223 3782 233 3940
4 477 470 4019 4365
4 3764 3851 2937 4118
4 1837 4317 1935 4318
4 2532 4007 3862 4267
4 2913 3185 2771 3230
4 3469 2809 4184 4210
4 3718 4322 2986 4442
4 2543 2574 4020 4239
4 2309 2308 3249 3586
4 1869 3827 1882 4164
4 3134 3249 2268 4316
4 2827 2926 3610 3950
4 2681 3289 2783 3620
4 3249 4184 2307 4374
4 3060 3299 2846 3874
4 3634 3782 215 3940
4 1256 1258 4060 4376
4 2918 2624 3702 4053
4 2695 3460 3484 4357
4 201 194 3693 4047
4 483 476 475 4360
4 62 66 79 4011
4 155 177 167 4134
4 2356 3800 2296 3826
4 601 4016 1415 4133
4 3669 4156 294 4362
4 2406 2411 2410 4243
4 234 241 240 3354
4 1387 3600 3585 4033
4 2314 3246 2232 4367
4 2870 237 3568 3940
4 2290 4184 2291 4210
4 2921 3316 3289 3769
4 2781 3651 3473 4016
4 2186 3871 3454 4057
4 2564 2739 2666 2989
4 2772 3174 3173 3544
4 3636 4137 3661 4138
4 194 185 201 3693
4 809 787 785 4434
4 2521 2596 2710 3548
4 2746 3860 2972 3957
4 2535 2579 2710 2719
4 3666 3814 2971 4056
4 3082 3134 2874 4325
4 517 516 534 4090
4 2145 3909 3428 4220
4 3590 3714 267 4156
4 2336 2337 3655 4320
4 2916 3350 3310 3910
4 146 137 147 3533
4 190 187 196 4181
4 2443 3661 2475 4155
4 2609 3563 4322 4442
4 1519 1516 1518 4248
4 2671 3272 3019 3367
4 2918 2816 3860 4052
4 2926 3167 2799 4346
4 1224 1223 3241 4179
4 2652 3177 3157 4209
4 2658 2903 3087 3469
4 2550 3194 2687 3631
4 1740 3701 1739 4331
4 1230 4278 1231 4339
4 2989 3211 2666 3771
4 2676 2856 3625 3702
4 453 459 458 4049
4 2645 3901 3456 4363
4 2564 2804 3227 3794
4 1783 3750 4152 4415
4 2991 2884 3590 4123
4 2865 3510 3188 3806
4 2896 3134 3133 3249
4 3062 2724 3223 4068
4 3432 3795 3333 4438
4 289 290 274 4308
4 2709 2613 4229 4230
4 2781 3473 3270 4016
4 2406 2407 2405 4114
4 910 3574 926 4075
4 2924 3711 2992 4351
4 785 808 809 4434
4 1309 2448 3194 4006
4 210 4399 202 4400
4 3087 3298 2724 4068
4 274 273 289 4308
4 208 3891 207 4289
4 2974 4069 3862 4267
4 24 100 125 4089
4 2783 3157 2681 3620
4 2908 2713 3035 3564
4 3631 4020 3627 4240
4 2425 2426 3665 4082
4 2284 2283 2291 4202
4 2666 3211 2989 3258
4 3862 4007 2973 4267
4 2645 3427 3901 4363
4 3095 3600 2857 4051
4 3664 4360 3473 4397
4 2873 2874 2669 3241
4 840 849 845 836
4 201 179 194 4047
4 3454 4220 2979 4231
4 882 425 869 4319
4 235 230 233 234
4 2337 2319 2318 3655
4 3213 3959 2254 4328
4 298 305 313 2492
4 342 312 313 4252
4 2907 3328 3048 4066
4 2883 3928 3112 4177
4 1797 1785 4152 4415
4 2873 3124 2874 3444
4 2833 3484 4357 4372
4 2666 2564 2989 3771
4 1177 3508 3387 3843
4 2336 3655 2333 3996
4 2291 2292 2284 4202
4 2229 2247 2248 4417
4 2888 3333 3795 4009
4 2411 2410 2409 2406
4 1665 1640 1639 4276
4 2903 3469 4374 4420
4 1773 3709 2399 4152
4 2964 4119 3581 4131
4 1935 1936 1944 4318
4 3410 3053 4000 4272
4 2713 3564 2899 3986
4 3328 3925 3564 4185
4 2531 4214 4213 4312
4 3415 2783 4082 4209
4 2789 3000 3019 3730
4 2624 3860 3624 4128
4 2889 3743 2894 3798
4 3357 2845 3666 4094
4 2768 3101 3999 4357
4 2724 3298 3223 4068
4 2771 4238 3642 4413
4 2355 2340 2339 4320
4 3536 3559 3177 4164
4 3054 4255 4124 4348
4 3023 3187 2755 3568
4 2953 3194 2774 3741
4 159 167 177 4134
4 2230 4278 2229 4417
4 1552 1553 1545 4386
4 2725 2874 3133 3134
4 3007 3019 2671 3527
4 3654 4299 3463 4371
4 1281 1280 1284 4426
4 3609 4016 3270 4360
4 2475 2472 2471 4155
4 2250 3996 2331 4367
4 3105 3263 3020 3947
4 2414 2413 2415 3423
4 2735 3075 3542 4003
4 2953 3636 2448 3741
4 1251 1252 1268 3843
4 2447 1341 2477 2485
4 3751 4170 2533 4439
4 2375 2376 2387 4340
4 3666 4056 3062 4105
4 2416 2414 3423 4114
4 2764 4278 3246 4367
4 3214 3748 3050 4328
4 1961 3730 3000 4027
4 3681 3710 3335 3711
4 2713 3247 3770 3986
4 2604 4213 4214 4312
4 2307 4184 3249 4353
4 3013 2749 3206 4432
4 2816 3095 3057 4052
4 2681 3157 2928 4338
4 846 843 847 3799
4 1166 4132 3610 4431
4 3053 3410 2878 4272
4 3427 3901 2704 3902
4 2248 2230 2229 4417
4 2743 3153 3048 3328
4 2725 2896 3133 3249
4 1274 4227 1275 4376
4 1411 591 597 4272
4 2574 3085 3627 4239
4 2865 3391 3377 3931
4 3590 4123 266 4147
4 3246 3996 2315 4227
4 1773 1785 1783 4152
4 1306 3941 1307 4385
4 1785 1783 4152 4415
4 2896 2874 3134 4325
4 1913 3616 3536 4258
4 1783 1796 1794 4415
4 1254 1273 1274 4376
4 3092 4372 3499 4373
4 2827 3314 3163 4431
4 2246 3959 3213 4417
4 2955 3166 3296 3832
4 1164 4262 3314 4431
4 3157 3620 2783 4209
4 2781 3072 3651 4016
4 2691 3107 3270 3613
4 2441 3740 3194 3741
4 1266 3400 1269 3843
4 2691 3613 3609 4090
4 2952 3515 3763 4006
4 1375 1384 1515 1505
4 2878 3998 3834 4272
4 2428 1829 1828 4082
4 2638 3594 3354 4035
4 3022 3753 2674 3845
4 277 4103 3590 4156
4 654 652 653 4408
4 1309 3763 3515 4006
4 2591 2768 3634 3999
4 2564 2989 2804 3794
4 1508 2490 1497 4245
4 1272 1289 3355 3400
4 2777 3627 3085 4239
4 1554 1555 1547 4341
4 3133 3249 2266 4374
4 3174 2773 4098 4099
4 2713 2899 2639 3247
4 3299 3521 2846 3874
4 2384 2486 2385 3584
4 3123 4289 3891 4399
4 211 3634 212 4035
4 1404 1744 1409 4065
4 2809 4202 2984 4210
4 1309 3515 2448 4006
4 2650 2600 3400 3878
4 2885 3782 2886 4282
4 1723 1715 1722 1716
4 2844 2606 3165 4343
4 583 603 602 574
4 2896 2985 3430 3586
4 1235 2233 2234 3082
4 1283 3878 1282 4002
4 1289 3190 1288 3355
4 1738 1756 1755 3972
4 1407 1740 1403 4345
4 3074 3272 3905 4363
4 1405 1406 1392 1401
4 2317 2804 1278 4227
4 3002 3911 3806 4160
4 2675 2981 3172 4342
4 3563 3575 2528 4442
4 2918 4052 3860 4053
4 2639 3247 2899 3536
4 3321 4028 3028 4141
4 1439 1472 1473 4174
4 288 4286 289 4308
4 2202 4058 2201 4419
4 2971 3062 3666 4056
4 3117 4171 3803 4422
4 133 53 181 54
4 3659 4156 2682 4362
4 3539 3666 2845 4094
4 1247 3387 3610 3950
4 3428 3909 2979 4220
4 144 140 150 4247
4 219 206 209 2482
4 3019 3272 2671 3527
4 146 131 153 4264
4 3124 2874 3444 4316
4 2896 3134 3082 4325
4 2992 3710 3864 4351
4 2451 2485 2447 4137
4 2928 3925 3328 4338
4 2639 3247 3022 3770
4 2283 2291 4202 4210
4 509 514 513 4380
4 1920 1910 1923 4177
4 2498 3629 3401 4378
4 2884 4103 3590 4123
4 909 3574 910 3920
4 78 71 57 3541
4 2624 2918 3860 4053
4 3316 3391 2850 3889
4 1166 3314 4132 4431
4 2764 3246 3214 4367
4 2232 4278 2231 4367
4 2874 4179 3444 4316
4 3681 3941 3084 4409
4 2231 2249 2250 4367
4 3255 3410 2832 3835
4 3585 4032 1398 4033
4 2351 3748 2352 3996
4 2564 2799 2926 3227
4 295 279 278 296
4 1233 1235 2234 3082
4 1407 1742 1740 4345
4 3415 3827 2931 4213
4 2797 3832 3314 4132
4 2209 4419 3298 4420
4 2873 2874 3241 3444
4 2610 3627 2777 4239
4 2886 3230 2771 4282
4 3335 3681 2948 3710
4 2218 2215 2224 4005
4 2193 3469 3871 4058
4 1357 1344 1348 3464
4 2857 3600 3531 4051
4 2600 3355 3400 3843
4 3352 3454 2979 4231
4 832 827 825 829
4 3011 3709 3327 4152
4 1176 3508 1175 4431
4 2988 3661 4137 4138
4 2899 3247 2713 3986
4 4020 4239 3627 4240
4 1922 1901 1918 3559
4 3050 3445 2984 4202
4 1950 1961 1955 4027
4 2528 4322 3563 4442
4 2886 3101 2660 3782
4 3023 3614 3187 4308
4 1239 4179 1240 4316
4 1893 3616 1892 4164
4 207 3459 206 3460
4 2928 3564 3328 3925
4 1895 1897 1911 4258
4 2314 3996 3246 4367
4 218 220 221 4225
4 1545 1544 1552 4386
4 2649 2857 3057 3095
4 533 534 516 4090
4 218 4225 3123 4310
4 2764 2915 3214 3246
4 1288 3082 1235 3355
4 2793 3423 3009 4195
4 2724 3087 2903 3298
4 2250 2232 2231 4367
4 593 601 1414 4133
4 3186 2832 3410 3835
4 3056 3588 3095 3957
4 2613 2820 2716 3050
4 87 96 103 3980
4 2399 2391 2400 4332
4 2919 4052 2918 4053
4 1893 1881 1882 4164
4 1932 3035 3831 3986
4 2385 2387 2389 2486
4 2287 3445 2288 3748
4 3213 4328 2254 4417
4 2339 2354 2355 4320
4 2827 3163 3508 4431
4 3753 3928 3073 4318
4 1942 3831 1956 3986
4 2874 3134 3082 4179
4 2325 1285 1287 3662
4 1281 3878 1267 4425
4 2600 3843 3400 3878
4 2877 3816 3124 3897
4 2516 4020 3631 4240
4 3428 3628 2818 3909
4 365 366 377 3984
4 1267 3878 1260 4425
4 2399 2400 3709 4332
4 280 275 281 3162
4 654 653 655 4408
4 1760 1762 1758 4176
4 1257 1276 3794 4060
4 2294 3586 3445 4353
4 2208 2209 2201 4419
4 2652 3827 3415 4213
4 1639 1664 1665 4276
4 3072 3719 3651 4016
4 3157 4209 1876 4338
4 264 3162 3386 3708
4 2399 2390 2391 4332
4 3367 4260 3115 4261
4 1956 1955 3000 3831
4 2193 3871 3469 4210
4 2991 4147 3435 4310
4 2389 2486 2387 3604
4 2574 3631 3627 3930
4 3286 3663 2791 4049
4 1547 1546 1554 4341
4 2384 2396 2486 3584
4 843 846 844 3799
4 2992 3711 3710 4351
4 1306 1303 1301 1300
4 2852 3129 2612 3876
4 2801 3663 3466 4281
4 1075 1071 1112 4438
4 1909 4178 3929 4258
4 1246 3950 3610 4060
4 2797 3167 3832 4132
4 2650 2600 3355 3400
4 1279 1264 3794 4426
4 3272 3729 3905 4363
4 536 534 535 4090
4 3340 3941 1310 4385
4 1257 3794 1262 4425
4 1332 1333 1327 1326
4 1752 1754 1758 4176
4 2320 2338 3211 3655
4 1270 1265 1283 3878
4 216 214 215 4035
4 3492 4000 3053 4272
4 2231 4278 2230 4417
4 2330 2326 2350 3578
4 1760 1758 1754 4176
4 333 3678 330 3679
4 2764 3213 3021 3296
4 2764 3296 4278 4417
4 204 206 205 3460
4 1266 1270 3400 3878
4 3021 3296 3213 3959
4 1393 1385 1383 1391
4 2293 3445 4202 4353
4 3246 4227 2315 4376
4 2874 3676 3241 4179
4 330 3678 3677 3679
4 2638 2591 3594 4035
4 2280 3748 2351 3996
4 3299 3399 2846 3521
4 1955 3831 1941 4027
4 3057 3095 2857 4051
4 2531 3747 4214 4312
4 3594 4035 2591 4400
4 2387 2486 2397 3604
4 325 324 350 349
4 1962 1958 2861 3906
4 2931 2712 3827 4164
4 3124 3444 3443 3897
4 3213 3959 3296 4417
4 3101 3558 3460 4357
4 3010 3009 4114 4243
4 3519 4289 3123 4399
4 2852 3129 3519 4310
4 2856 2846 3521 3874
4 206 219 3459 3891
4 3285 3772 3171 4394
4 3162 3323 2641 3607
4 3327 3750 3736 4152
4 2704 3074 3456 4363
4 212 3101 3460 3782
4 2776 3678 2778 3679
4 275 290 3614 4308
4 2638 3594 2591 4366
4 1519 1517 1516 4248
4 1838 1935 1944 4318
4 2873 3444 3240 3933
4 2973 3862 3861 4007
4 2660 2591 3634 3999
4 1957 3770 3247 3986
4 1310 3941 1306 4385
4 1923 3928 4177 4178
4 3021 3959 3352 4231
4 1923 1936 3928 4178
4 1856 1836 1828 3650
4 212 3634 215 4035
4 1253 3167 4060 4132
4 2695 3101 2886 3782
4 533 535 534 4090
4 3187 4286 4208 4308
4 2645 3729 3272 4363
4 2328 2322 3742 4002
4 2261 3430 2312 4235
4 3335 3711 3194 3763
4 259 4208 258 4308
4 2984 4202 4184 4210
4 2345 3578 2347 3826
4 2952 3681 3335 3763
4 2317 2318 3655 4227
4 2873 3241 3240 3444
4 2201 2200 2208 4419
4 2249 4367 2231 4417
4 1947 1958 1954 3906
4 280 278 3162 4037
4 3929 4177 3112 4178
4 2357 3800 2358 4320
4 3469 4058 2203 4420
4 3082 3190 2896 4325
4 262 259 264 3708
4 1846 1851 1858 4298
4 298 304 305 2492
4 3486 3659 2682 4362
4 2733 3664 3473 4397
4 2856 3521 3220 4331
4 2564 2926 2799 4346
4 1936 1937 3928 4178
4 2395 2383 2382 2394
4 2660 3940 3634 4035
4 2658 2984 2903 3469
4 2299 2291 4184 4353
4 2716 2984 2809 3050
4 2639 2713 3247 3770
4 2861 3753 1960 3770
4 2468 2473 2469 4377
4 2873 3443 3124 3444
4 3832 4132 3167 4339
4 3681 3711 3335 3763
4 1233 3676 3082 4179
4 2300 2301 2293 4353
4 2293 2292 2300 4353
4 2874 3241 3444 4179
4 1499 1498 1497 2490
4 3451 3959 3213 4328
4 2873 3443 3444 3933
4 1289 3355 3400 3662
4 1947 1954 3905 3906
4 3871 4057 2192 4058
4 2809 2984 4184 4210
4 1309 3194 3763 4006
4 1945 3928 3753 4318
4 2666 2739 2600 3258
4 2378 2391 2390 4332
4 3009 3423 3010 4114
4 1851 1863 1858 4298
4 1811 1822 1826 1815
4 2207 3573 4068 4419
4 2657 3659 3486 4037
4 2709 3213 3050 3451
4 1270 1285 1286 3400
4 2289 3469 4184 4210
4 2448 2953 3741 4006
4 2287 3445 3748 4328
4 2797 3167 3166 3832
4 2764 4367 3214 4417
4 1741 1739 1743 2489
4 3062 4068 3223 4105
4 2599 3000 2861 3730
4 278 264 265 3162
4 2399 3709 2390 4332
4 2725 3133 2896 3134
4 2903 2984 2658 3249
4 2279 3748 3214 4328
4 948 939 956 930
4 2440 3740 2441 3741
4 3082 2240 4179 4235
4 2827 3387 3610 4431
4 926 944 945 4075
4 3087 3298 4068 4419
4 2852 3519 3123 4310
4 2295 2985 3445 3586
4 254 236 247 241
4 3719 4016 3072 4133
4 3510 3806 2865 3931
4 2856 3874 3521 4331
4 219 3459 3891 4225
4 4119 4131 2964 4391
4 2710 3211 2579 3771
4 2435 3864 1298 4351
4 1922 1907 1901 3559
4 3270 3609 2691 3613
4 3246 3996 3214 4367
4 1267 1283 1265 3878
4 2257 4328 3214 4367
4 1858 1863 1865 4298
4 258 4208 273 4308
4 2330 2329 3190 3578
4 218 3891 3123 4225
4 1797 4152 3736 4415
4 3588 4032 3056 4033
4 3220 3701 2856 4331
4 2954 2600 3387 3843
4 219 3891 218 4225
4 3167 2799 4339 4376
4 2928 3157 3925 4338
4 3350 2934 3938 4136
4 2445 2440 2444 3741
4 945 927 926 4075
4 1935 3928 1936 4318
4 2861 3730 1962 3906
4 3386 3659 2657 4037
4 2712 3536 3177 4164
4 2610 3627 4239 4240
4 3294 3995 2754 4173
4 2360 3800 2356 3826
4 2303 3430 2985 3586
4 2293 4202 2292 4353
4 2430 2432 2433 4387
4 954 937 938 955
4 1936 3928 1945 4318
4 2710 3211 2666 3258
4 439 495 494 442
4 2625 2919 3702 4053
4 2309 3586 2301 4353
4 3087 4058 3469 4420
4 2291 2292 4202 4353
4 1958 3753 2861 3906
4 2660 3634 3101 3999
4 1248 3843 3387 3950
4 1286 1269 1270 3400
4 1232 4339 3246 4376
4 2710 2719 2579 3211
4 3010 3584 2700 3604
4 3035 2908 3564 4185
4 1263 1280 1281 4426
4 212 3634 3101 3782
4 2827 3610 3314 4431
4 1232 4278 3246 4339
4 2477 1339 2475 2488
4 219 218 221 4225
4 2848 4083 3929 4258
4 3710 3711 1297 4351
4 3176 3874 3060 4306
4 3427 2704 3901 4363
4 2926 3227 3167 4060
4 3011 3522 3709 4332
4 2400 4003 3709 4332
4 2827 3610 3387 3950
4 3681 3763 2952 3941
4 2827 3508 3387 4431
4 830 836 840 833
4 2296 3748 3445 3800
4 2695 3101 3460 4357
4 2389 3604 2387 4340
4 3620 4209 3157 4338
4 3129 4400 3876 4401
4 2710 2666 3211 3771
4 2435 1298 1297 4351
4 3246 4339 2799 4376
4 3134 4179 2240 4235
4 2229 4278 3296 4417
4 1899 1884 1889 4204
4 2896 3430 3190 4235
4 2296 3445 2985 3800
4 3636 3661 2701 4138
4 2809 2984 3469 4184
4 2918 3702 2919 4053
4 3124 3816 3133 4316
4 2416 2404 2414 4114
4 264 259 265 3708
4 3112 4177 3928 4178
4 2681 3620 3157 4338
4 2241 3082 2234 4235
4 1253 4060 3167 4376
4 202 208 203 4399
4 2352 3748 2353 4320
4 3129 3435 2705 3594
4 497 500 499 498
4 1899 1889 1903 4204
4 2903 3133 3816 4374
4 2793 3650 3415 4082
4 3456 3901 2704 4363
4 453 459 460 452
4 1935 4317 3928 4318
4 905 920 912 898
4 1272 1269 3400 3843
4 3614 4286 3187 4308
4 2333 3996 3655 4227
4 2301 3586 2302 4353
4 1372 1371 1374 1373
4 1278 2804 1277 3794
4 2799 3167 2926 3227
4 1687 1707 1708 1689
4 3430 3586 2311 4235
4 2665 3891 3459 4225
4 2903 3298 3087 4420
4 2641 3323 3131 3607
4 3227 4060 1258 4376
4 3112 3928 3753 4178
4 3240 2954 3508 3676
4 2317 2319 2804 3655
4 2357 2356 3800 4320
4 3166 3167 2799 4339
4 3736 4152 3750 4415
4 2239 4179 3134 4316
4 278 265 275 3162
4 3827 3899 2931 4164
4 3166 3832 3167 4339
4 4289 4399 3519 4401
4 3082 3355 3190 4325
4 1912 1913 1907 1911
4 2660 3568 2886 3940
4 1283 3662 3878 4002
4 3023 3162 2641 3607
4 2387 2385 2384 2486
4 1956 3831 3000 3986
4 2804 3211 2579 3655
4 3050 3214 2820 3748
4 4058 4419 2202 4420
4 3240 3241 2954 3676
4 4123 4147 2991 4310
4 2934 3938 4136 4358
4 3011 3709 4003 4332
4 3095 3588 3056 4033
4 264 265 3162 3708
4 2579 2915 2804 3655
4 1297 2437 2435 4351
4 3573 3087 4068 4419
4 2768 3999 3810 4357
4 3056 4032 3585 4033
4 3000 3831 1955 4027
4 3296 3832 3166 4278
4 3445 3586 2984 4353
4 1270 1283 3400 3878
4 494 498 503 496
4 3810 3999 3101 4357
4 826 357 359 825
4 1279 3794 2804 4426
4 3166 2799 3246 4339
4 2326 2345 2350 3578
4 1341 2447 1307 2485
4 2665 3123 3891 4225
4 3050 4202 3451 4328
4 1283 3662 3400 3878
4 3246 4278 2232 4367
4 278 275 280 3162
4 3050 3748 3445 4328
4 3072 4016 3270 4133
4 3508 3676 2954 3843
4 2320 2804 2319 3655
4 202 4400 4399 4401
4 2283 4202 3451 4210
4 2755 3187 3023 3614
4 2915 3246 3227 4227
4 3445 2984 4202 4353
4 3298 4419 3087 4420
4 2991 4123 3590 4147
4 3318 3675 2962 4195
4 3830 4255 3054 4348
4 3249 3586 2308 4353
4 3445 4202 3050 4328
4 2406 2405 2404 4114
4 2781 3270 3072 4016
4 2234 3082 2233 4235
4 2903 3249 3133 4374
4 2406 2404 2416 4114
4 2764 3214 3213 4417
4 2348 3190 3578 3826
4 413 409 410 2483
4 3166 4278 3832 4339
4 2764 3213 3296 4417
4 1286 3400 1285 3662
4 2861 3000 2599 3770
4 3073 4317 3374 4318
4 1235 3355 3082 3676
4 2564 3227 2926 3794
4 2903 3816 3298 4374
4 3112 3753 3022 4178
4 2820 3214 2915 3996
4 2258 3214 3996 4367
4 3133 3249 3134 4316
4 2979 4220 3909 4231
4 3050 3451 3213 4328
4 2337 2719 3655 4320
4 3610 4132 3314 4431
4 3878 3950 1260 4425
4 2440 1305 2441 2484
4 2327 3662 1287 4002
4 1289 3190 3355 3662
4 4184 4202 2291 4210
4 2330 3578 3190 3662
4 3387 3843 2600 3878
4 2596 2719 2710 3548
4 1277 2804 1279 3794
4 1288 3190 3082 3355
4 3167 4339 4132 4376
4 3194 3711 2924 3740
4 2820 2915 2579 3305
4 2338 2719 3211 3655
4 2799 3227 2915 3246
4 2325 3578 2326 3662
4 3227 4227 3246 4376
4 202 3558 4400 4401
4 2954 3387 2827 3508
4 3112 2848 3929 4258
4 3190 3430 2348 4235
4 1266 3400 3843 3878
4 2700 3584 3331 3604
4 1271 3355 3676 3843
4 3009 3318 2962 4195
4 2984 3249 4184 4353
4 2650 3258 2600 3878
4 2835 3656 3466 3657
4 3194 3741 2953 4006
4 3469 3871 2809 4210
4 3387 3508 2954 3843
4 1262 3794 1264 4425
4 2739 2989 4425 4426
4 2660 2886 3782 3940
4 3314 4262 3163 4431
4 436 446 442 431
4 2716 2984 3050 3445
4 2434 1298 2435 2487
4 1923 1924 1919 1920
4 2924 3740 3711 4351
4 2650 3190 3578 3662
4 2682 3714 3590 4156
4 3134 4179 2874 4316
4 3610 4060 3167 4132
4 2650 3578 3548 3662
4 1257 4060 3794 4425
4 3190 3430 2596 3826
4 3659 3714 2682 4156
4 2739 2926 3950 4425
4 2903 4374 3298 4420
4 236 235 237 234
4 2352 3996 3748 4320
4 3258 4002 3548 4426
4 3227 3794 1276 4060
4 3928 4317 3073 4318
4 2652 3827 3177 4209
4 2712 3616 3536 4164
4 3227 3246 2799 4376
4 2320 2989 2804 3211
4 2327 1287 1282 4002
4 2896 3586 3430 4235
4 2320 3211 2804 3655
4 3087 4419 4058 4420
4 2739 3258 2989 4426
4 3843 3878 3387 3950
4 2231 4367 4278 4417
4 202 209 208 4399
4 3112 3929 4178 4258
4 2291 4202 4184 4353
4 3162 3607 3023 3614
4 1806 1805 1804 1803
4 2739 3387 2600 3878
4 3214 3246 2915 3996
4 2348 3430 3190 3826
4 430 432 431 428
4 3190 3355 2650 4325
4 1278 2804 3794 4227
4 1264 1263 4425 4426
4 2820 2915 3305 3996
4 2984 3445 2985 3586
4 3258 3662 3548 4002
4 2716 2985 2984 3445
4 2324 3548 2719 3742
4 2650 3400 3355 3662
4 828 831 830 829
4 3519 4400 3129 4401
4 3415 3827 2652 4209
4 3227 3167 4060 4376
4 3101 3634 2660 3782
4 3214 4367 4328 4417
4 2804 3655 2915 4227
4 3167 3227 2799 4376
4 2984 3586 3249 4353
4 1284 2323 2322 4002
4 2660 3782 3634 3940
4 2317 3655 2804 4227
4 3082 4179 3134 4235
4 3214 4328 3213 4417
4 3167 3610 2926 4060
4 2650 3190 2596 3548
4 2596 3800 3742 3826
4 3878 4425 1281 4426
4 2915 3996 3246 4227
4 2926 3794 3227 4060
4 3246 4278 3166 4339
4 2600 3258 2739 3878
4 2322 2327 1282 4002
4 2322 1282 1284 4002
4 2336 3305 3655 3996
4 2336 3655 3305 4320
4 2926 4060 3950 4425
4 3387 3878 2739 3950
4 3610 3950 2926 4060
4 409 413 414 2483
4 2666 2989 2739 3258
4 1955 1962 1958 2491
4 4399 4400 3519 4401
4 2926 3794 4060 4425
4 1301 1305 2440 2484
4 1264 4425 3794 4426
4 3214 2820 3748 3996
4 2579 3305 2915 3655
4 3655 3996 2915 4227
4 1298 2434 1295 2487
4 2596 2719 3742 3800
4 2650 3548 3258 3662
4 4184 4202 2984 4353
4 3258 3878 3662 4002
4 3305 3655 2719 4320
4 2719 3548 2596 3742
4 2719 3211 2710 3548
4 2739 3950 3878 4425
4 3227 3794 2804 4227
4 3305 3748 2820 3996
4 2804 3794 2989 4426
4 1388 1387 1386 1385
4 2739 4425 3878 4426
4 2915 3655 3305 3996
4 2650 3355 3190 3662
4 3794 4425 2989 4426
4 3878 4002 3258 4426
4 3748 3996 3305 4320
4 3742 3800 2719 4320
4 2739 3878 3258 4426
4 508 502 507 501
4 2359 2357 2356 2360
4 848 407 398 857
4 1295 2434 2432 2487
4 2176 2173 2149 2143
4 2397 2384 2396 2486
4 1510 1497 1508 2490
4 1958 1956 1955 2491
4 1956 1958 1959 2491
4 1748 1739 1745 2489
4 2384 2397 2387 2486
4 1295 2432 1291 2487
4 1380 1374 1373 3781
4 914 911 928 4075
4 310 303 3607 291
4 310 3607 303 311
4 3251 2702 4116 3151
4 3251 4116 2702 3250
4 2260 4235 3134 2272
4 2260 2270 3134 2271
4 3134 2270 2260 2272
4 3440 3500 2835 2582
4 2835 3500 3440 2553
4 4347 4150 3842 3274
4 4347 3842 4150 2547
4 221 232 3453 220
4 221 3453 232 4088
4 238 3453 232 220
4 238 232 3453 4088
4 491 487 4091 492
4 4091 487 491 490
4 3010 2635 2604 2700
4 3010 2604 2635 2850
4 4312 2539 3547 3747
4 4312 3547 2539 3532
4 2463 3151 1329 2465
4 1329 3151 2463 2470
4 2754 4232 3054 2605
4 3054 4232 2754 2707
4 1480 3189 1477 1501
4 1477 3189 1480 1481
4 3993 4233 2715 2677
4 2715 4233 3993 3120
4 1801 1814 3316 1813
4 1801 3316 1814 1802
4 3774 3651 1356 1355
4 3774 1356 3651 1358
4 1354 1356 3651 1355
4 1354 3651 1356 1358
4 304 4103 2930 292
4 211 4035 213 210
4 1292 3346 2430 1353
4 2430 3346 1292 2431
4 2794 3768 2696 3392
4 2794 2696 3768 3396
4 3138 2696 3768 3392
4 3138 3768 2696 3396
4 3145 347 3353 322
4 3145 3353 347 3144
4 3643 1736 4176 1754
4 3643 4176 1736 3513
4 832 829 3059 827
4 3059 829 832 833
4 2484 2441 3711 1305
4 2484 3711 2441 4351
4 3412 2688 2878 2788
4 3412 2878 2688 3256
4 281 3162 3323 280
4 3323 3162 281 3607
4 3323 297 281 280
4 281 297 3323 3607
4 4351 2437 3711 1297
4 4351 3711 2437 2484
4 1301 3711 2437 1297
4 1301 2437 3711 2484
4 1480 4256 3189 1501
4 3189 4256 1480 2967
4 444 2998 3286 443
4 3286 2998 444 451
4 1266 1249 3843 1248
4 1266 3843 1249 3878
4 3950 3843 1249 1248
4 3950 1249 3843 3878
4 3965 2588 2795 2720
4 3965 2795 2588 3320
4 507 3083 3699 511
4 3699 3083 507 3745
4 3699 518 507 511
4 507 518 3699 3745
4 3946 3668 3533 135
4 3946 3533 3668 2927
4 3801 508 507 501
4 507 508 3801 3083
4 3948 501 3083 502
4 3948 3083 501 3801
4 507 3083 501 502
4 507 501 3083 3801
4 3958 3245 3193 2513
4 3958 3193 3245 2740
4 4118 802 3570 3304
4 4118 3570 802 794
4 2490 1501 4256 1499
4 2490 4256 1501 3189
4 4317 3303 3073 3374
4 4317 3073 3303 2883
4 318 319 3731 320
4 318 3731 319 317
4 3821 2212 4099 3104
4 3821 4099 2212 2222
4 3864 2431 2946 2432
4 3864 2946 2431 3346
4 3740 2435 3477 2437
4 3740 3477 2435 2946
4 3876 4400 3130 2768
4 3876 3130 4400 3129
4 3594 4400 3130 3129
4 2109 4342 2102 2124
4 4399 218 213 209
4 2692 3474 3884 4398
4 3884 3474 2692 4405
4 4041 2905 3985 2765
4 4041 3985 2905 3195
4 1748 2489 4052 1743
4 1748 4052 2489 3504
4 4052 2489 2816 1743
4 4052 2816 2489 3504
4 2816 2489 1744 1743
4 2816 1744 2489 3504
4 4064 2738 3159 2936
4 3496 3159 2738 2936
4 4138 3637 3636 2763
4 4138 3636 3637 2701
4 3131 352 321 327
4 3131 321 352 823
4 3005 1940 1931 1928
4 3005 1931 1940 1941
4 563 3613 4133 566
4 4133 3613 563 600
4 4133 593 563 566
4 563 593 4133 600
4 4239 2912 4240 2543
4 4239 4240 2912 2610
4 3244 4144 3505 3032
4 3505 4144 3244 2961
4 3309 2059 2058 4080
4 3785 4040 3505 2945
4 3505 4040 3785 2644
4 3194 3763 2687 3335
4 3194 2687 3763 4006
4 2952 2687 3763 3335
4 2952 3763 2687 4006
4 2304 2313 3430 2312
4 3430 2313 2304 3826
4 3800 2719 2820 2716
4 2535 2820 2719 2716
4 2535 2719 2820 3305
4 3111 2798 2597 2726
4 3111 2597 2798 2897
4 3520 3291 3583 2938
4 3520 3583 3291 2677
4 3720 3121 2512 2557
4 3720 2512 3121 3389
4 647 4190 639 648
4 647 639 4190 2944
4 640 639 4190 648
4 640 4190 639 2944
4 212 214 4035 215
4 3196 3867 3606 2554
4 3606 3867 3196 2892
4 1467 3944 3719 1465
4 3719 3944 1467 1436
4 3719 1435 1467 1465
4 1467 1435 3719 1436
4 3625 3685 3402 2676
4 3402 3685 3625 2995
4 1193 1185 3508 1184
4 3508 1185 1193 3676
4 3508 1192 1193 1184
4 1193 1192 3508 3676
4 2710 2526 3771 2521
4 2710 3771 2526 2666
4 3216 1721 4305 3001
4 3216 4305 1721 1719
4 1832 1845 4066 1846
4 1832 4066 1845 1826
4 2315 2333 3996 2332
4 3996 2333 2315 4227
4 703 425 4319 424
4 703 4319 425 704
4 1110 1109 3795 1070
4 3795 1109 1110 3432
4 3795 1072 1110 1070
4 1110 1072 3795 3432
4 3170 2477 1339 1341
4 3170 1339 2477 2488
4 4172 4162 3225 2808
4 4172 3225 4162 2654
4 2141 2172 3429 2171
4 3429 2172 2141 2142
4 3430 2311 2304 2312
4 3430 2304 2311 2303
4 3825 2498 3551 3264
4 3825 3551 2498 2974
4 4248 1523 2935 3694
4 4248 2935 1523 1524
4 174 3783 74 167
4 68 74 3783 167
4 68 3783 74 3201
4 4274 894 3422 893
4 4274 3422 894 3920
4 2372 1764 3522 2386
4 3522 1764 2372 3972
4 2490 1498 3189 1501
4 2490 3189 1498 4245
4 1917 1934 2899 1930
4 1917 2899 1934 1921
4 3687 1471 4344 3639
4 3687 4344 1471 1464
4 2075 2093 3733 2094
4 3733 2093 2075 4080
4 3733 3165 2075 2094
4 2075 3165 3733 4080
4 3505 4427 3854 2644
4 3854 4427 3505 3032
4 3126 753 752 751
4 2945 644 3337 636
4 2945 3337 644 3591
4 321 303 3607 311
4 3095 1395 3057 1407
4 3095 3057 1395 4051
4 4345 3057 1395 1407
4 4345 1395 3057 4051
4 107 3534 4175 156
4 4175 3534 107 2505
4 1949 1951 4026 1952
4 4026 1951 1949 1950
4 3902 2654 3302 3303
4 3902 3302 2654 3597
4 3331 4340 2981 2960
4 3331 2981 4340 2377
4 2124 2981 4340 2960
4 2124 4340 2981 2377
4 3131 321 3607 311
4 3131 3607 321 4173
4 680 4045 3118 696
4 3118 4045 680 3168
4 4410 3058 488 3345
4 4410 488 3058 3495
4 487 488 3058 3345
4 487 3058 488 3495
4 3139 2629 3561 2956
4 3139 3561 2629 2887
4 3795 1070 4438 1072
4 3795 4438 1070 1069
4 1071 4438 1070 1072
4 1071 1070 4438 1069
4 3348 4287 4024 2529
4 4024 4287 3348 3239
4 3182 3727 2661 2875
4 3182 2661 3727 3353
4 2838 2661 3727 2875
4 2838 3727 2661 3353
4 304 3145 2930 4103
4 2930 3145 304 4153
4 2521 3771 2535 193
4 2535 3771 2521 2710
4 3954 3932 3587 2813
4 3954 3587 3932 3155
4 4237 1560 3109 1561
4 4237 3109 1560 3715
4 3407 1519 1522 3406
4 3407 1522 1519 1514
4 1825 3620 1824 1827
4 1824 3620 1825 3289
4 4407 760 761 3125
4 3386 3708 3023 2870
4 3023 3708 3386 3162
4 3721 936 3248 935
4 3721 3248 936 3065
4 3151 4101 3674 2694
4 3674 4101 3151 2706
4 3738 1315 587 3516
4 3040 3512 3014 2745
4 3014 3512 3040 2887
4 3618 2904 3639 3039
4 3618 3639 2904 3260
4 4293 1841 2907 1842
4 4293 2907 1841 1847
4 1845 2907 1841 1842
4 1845 1841 2907 1847
4 4344 1550 3412 3256
4 4344 3412 1550 1574
4 3131 352 3450 823
4 3131 3450 352 4042
4 1418 4272 1411 1412
4 1411 4272 1418 1419
4 2747 2670 2971 3141
4 2747 2971 2670 3964
4 1185 3676 1217 1193
4 1217 3676 1185 1218
4 4291 3641 4088 3787
4 4291 4088 3641 3453
4 3705 3554 3482 2776
4 3705 3482 3554 2779
4 2934 3923 2557 2824
4 2557 3923 2934 2718
4 3570 764 4203 2905
4 3570 4203 764 772
4 3570 763 3737 771
4 3570 3737 763 2905
4 2370 2371 2389 2376
4 3331 2389 2371 2376
4 3539 2633 2971 2747
4 3539 2971 2633 2845
4 3789 4277 3888 2837
4 3789 3888 4277 3169
4 4157 3888 4277 2837
4 4157 4277 3888 3169
4 1745 1740 3701 1739
4 3701 1740 1745 1746
4 3893 2990 4148 3169
4 3893 4148 2990 3395
4 2742 4148 2990 3169
4 2742 2990 4148 3395
4 1882 1861 4209 1862
4 1882 4209 1861 1876
4 1473 1496 3290 1495
4 1473 3290 1496 1474
4 2342 2320 3211 2321
4 2342 3211 2320 2338
4 1365 1359 1356 1360
4 1356 1359 1365 1357
4 4076 4301 3468 1600
4 3468 4301 4076 3049
4 1360 1365 3502 1366
4 3502 1365 1360 1359
4 3502 4107 1360 1366
4 1360 4107 3502 1359
4 3209 466 472 523
4 3209 472 466 3199
4 4342 2124 3733 2981
4 4342 3733 2124 2109
4 4295 2677 3048 3097
4 4295 3048 2677 3520
4 3274 3048 2677 3097
4 3274 2677 3048 3520
4 3890 1928 3035 3005
4 3890 3035 1928 1915
4 3704 2756 4270 2717
4 3704 4270 2756 3362
4 4139 2993 4249 3461
4 4139 4249 2993 3203
4 3530 940 3422 941
4 3530 3422 940 3252
4 3538 693 4275 3253
4 3538 4275 693 692
4 3630 1450 1486 1487
4 3630 1486 1450 2879
4 3690 1675 3976 3216
4 3690 3976 1675 1674
4 3379 4226 3490 2963
4 3379 3490 4226 3489
4 4157 3490 4226 2963
4 4157 4226 3490 3489
4 4333 4381 2925 3672
4 2925 4381 4333 2758
4 3526 1624 818 817
4 4079 4192 3120 3571
4 3120 4192 4079 2715
4 3802 2734 4036 2881
4 3802 4036 2734 3678
4 859 870 4028 871
4 859 4028 870 858
4 3930 2923 3627 2998
4 3930 3627 2923 2589
4 3498 552 4384 545
4 3498 4384 552 3315
4 553 4384 552 545
4 553 552 4384 3315
4 3319 4117 4418 2664
4 4418 4117 3319 2929
4 376 827 4081 364
4 376 4081 827 832
4 903 4390 3321 883
4 3321 4390 903 3248
4 4251 3873 3857 2642
4 4251 3857 3873 3601
4 3621 815 1541 1622
4 3981 879 880 881
4 3981 880 879 878
4 1282 1284 4426 1281
4 4426 1284 1282 4002
4 4426 3878 1282 1281
4 1282 3878 4426 4002
4 3649 4039 3182 2975
4 3182 4039 3649 2900
4 4025 2796 4203 3195
4 4025 4203 2796 3433
4 3717 2949 2509 3229
4 3717 2509 2949 4296
4 3170 2476 3029 1340
4 3170 3029 2476 4004
4 1337 3029 2476 1340
4 455 4049 3663 456
4 3663 4049 455 463
4 4173 345 3131 824
4 4173 3131 345 321
4 823 3131 345 824
4 823 345 3131 321
4 4077 1612 3712 1571
4 4077 3712 1612 4217
4 3501 398 406 407
4 3501 406 398 3836
4 72 4024 63 3193
4 72 63 4024 2504
4 3103 63 4024 3193
4 3103 4024 63 2504
4 1269 1289 3400 1286
4 3400 1289 1269 1272
4 3895 767 3433 766
4 3895 3433 767 759
4 758 3433 767 766
4 758 767 3433 759
4 2435 2487 2946 2434
4 2435 2946 2487 3864
4 2432 2946 2487 2434
4 2432 2487 2946 3864
4 600 601 3270 599
4 600 3270 601 4133
4 4016 3270 601 599
4 4016 601 3270 4133
4 4150 2677 2715 3274
4 4150 2715 2677 3993
4 1694 3934 1684 1683
4 1684 3934 1694 3437
4 4228 2811 2683 2598
4 4228 2683 2811 3828
4 3745 518 3110 517
4 3745 3110 518 3699
4 537 3110 518 517
4 537 518 3110 3699
4 621 660 4199 619
4 658 660 4199 3273
4 658 4199 660 619
4 4166 3379 2950 2963
4 4166 2950 3379 3773
4 3232 3398 2815 2889
4 2815 3398 3232 2798
4 1030 3912 1022 1031
4 1030 1022 3912 2895
4 1023 1022 3912 1031
4 1023 3912 1022 2895
4 3189 1476 1501 1498
4 3189 1501 1476 1477
4 4101 2702 3151 2706
4 4101 3151 2702 3937
4 90 4023 4247 94
4 4247 4023 90 3226
4 2632 3754 3461 2536
4 3461 3754 2632 2743
4 3608 4062 2884 2561
4 2884 4062 3608 2838
4 3896 1135 3114 3265
4 3896 3114 1135 1134
4 915 901 3760 900
4 915 3760 901 916
4 4182 2629 3512 2540
4 4182 3512 2629 3436
4 3169 4148 3888 2742
4 3888 4148 3169 3893
4 3496 4064 3159 2795
4 3159 4064 3496 2738
4 2885 219 3460 222
4 2885 3460 219 3459
4 2998 444 4197 443
4 2998 4197 444 3991
4 2323 3548 2322 4002
4 3742 3548 2322 2324
4 3742 2322 3548 4002
4 3526 3304 1624 3212
4 3526 1624 3304 818
4 1625 1624 3304 3212
4 1625 3304 1624 818
4 3821 2083 2085 3172
4 4311 497 500 3745
4 4311 500 497 3948
4 3942 1399 3521 1401
4 3942 3521 1399 3220
4 3176 1378 1383 1385
4 3176 1383 1378 1379
4 4195 2422 2423 2421
4 4195 2423 2422 2424
4 3550 2925 3116 2723
4 3550 3116 2925 3549
4 2448 2445 3636 2449
4 2448 3636 2445 3741
4 4427 3322 3244 3032
4 4427 3244 3322 3735
4 2568 3244 3322 3032
4 2568 3322 3244 3735
4 4001 3923 2824 2557
4 4001 2824 3923 2726
4 4366 3278 2513 3506
4 4366 2513 3278 2569
4 4400 2591 3130 2768
4 4400 3130 2591 3594
4 1060 1061 3767 1062
4 1060 3767 1061 1059
4 3496 1589 4044 3312
4 3496 4044 1589 1671
4 2544 2993 3208 3467
4 3208 2993 2544 3756
4 3712 1643 1646 3621
4 3712 1646 1643 1644
4 640 4190 649 648
4 649 4190 640 3737
4 4140 3630 2968 4030
4 4140 2968 3630 2879
4 4061 2968 3630 4030
4 4061 3630 2968 2879
4 3797 3212 3025 2807
4 3797 3025 3212 2766
4 1396 1402 3874 1403
4 3874 1402 1396 1393
4 3835 659 687 686
4 3835 687 659 3273
4 3905 1838 3455 1947
4 3905 3455 1838 3374
4 467 3713 4019 465
4 4019 3713 467 3199
4 2195 2188 4005 2198
4 2195 4005 2188 2196
4 4163 4368 2694 2871
4 2694 4368 4163 4101
4 1293 3346 1353 604
4 1353 3346 1293 1292
4 1480 1499 4256 1501
4 1480 4256 1499 3630
4 3576 1506 4174 3290
4 3576 4174 1506 1505
4 1495 4174 1506 3290
4 3821 2083 4098 2067
4 3821 4098 2083 3172
4 2703 3971 2863 2788
4 2703 2863 3971 3575
4 2576 2863 3971 2788
4 2576 3971 2863 3575
4 1430 1417 3413 1418
4 1430 3413 1417 1429
4 3311 3413 1417 1418
4 3311 1417 3413 1429
4 3442 1662 4313 2003
4 3442 4313 1662 3079
4 3728 3967 3622 2510
4 3622 3967 3728 3668
4 4106 4402 2868 2628
4 2868 4402 4106 2751
4 4427 4087 3853 2644
4 4427 3853 4087 3244
4 4251 4396 3231 2906
4 3231 4396 4251 3036
4 4030 1488 1487 3630
4 3800 2716 3445 2985
4 3800 3445 2716 3748
4 4056 2205 3062 2158
4 4056 3062 2205 3309
4 2160 3062 2205 2158
4 3584 2370 3911 3106
4 3584 3911 2370 2385
4 2861 3770 2491 3000
4 4147 229 239 240
4 4147 239 229 228
4 3674 2811 2694 2598
4 3674 2694 2811 3026
4 4394 783 4434 807
4 4394 4434 783 3476
4 1447 3936 1450 2879
4 1447 1450 3936 1446
4 1449 1450 3936 2879
4 1449 3936 1450 1446
4 4356 3512 2829 2745
4 2357 2343 3800 2347
4 2357 3800 2343 2358
4 3779 1967 1041 1042
4 3779 1041 1967 3673
4 4386 1527 3256 3255
4 4386 3256 1527 1543
4 3564 1917 2899 1930
4 3564 2899 1917 3925
4 4354 3163 2827 2615
4 4354 2827 3163 2678
4 3896 1105 3265 3552
4 3896 3265 1105 1127
4 3961 3033 4244 2637
4 3961 4244 3033 2834
4 3892 995 963 964
4 3892 963 995 3813
4 2986 3751 4442 2533
4 4442 3751 2986 3718
4 4045 679 694 695
4 4045 694 679 3253
4 3916 3566 3606 2966
4 3916 3606 3566 2769
4 4176 4063 3001 2911
4 4176 3001 4063 3572
4 3687 2788 2904 3412
4 3687 2904 2788 3039
4 2357 2355 4320 2358
4 2357 4320 2355 2354
4 4299 3292 4246 2980
4 4299 4246 3292 3463
4 3733 2094 4342 3165
4 3733 4342 2094 2093
4 2775 4344 3371 2904
4 3371 4344 2775 3596
4 1250 3950 3878 1249
4 3878 3950 1250 1260
4 3878 1265 1250 1249
4 1250 1265 3878 1260
4 2951 2742 2553 3384
4 2553 2742 2951 4148
4 1508 3033 1509 1510
4 1509 3033 1508 1507
4 2627 2913 2656 2819
4 2656 2913 2627 4238
4 3652 3457 3493 2517
4 3652 3493 3457 2534
4 4024 72 3744 3193
4 4024 3744 72 3378
4 79 3744 72 3193
4 79 72 3744 3378
4 3699 570 568 540
4 3699 568 570 3420
4 3671 1121 3987 1145
4 3671 3987 1121 3263
4 1225 3987 1121 1145
4 727 722 3761 720
4 727 3761 722 729
4 4163 2634 3207 3660
4 4163 3207 2634 3797
4 2480 2455 4116 2464
4 4116 2455 2480 2481
4 4116 4140 2480 2464
4 2480 4140 4116 2481
4 3571 1767 4192 1765
4 3571 4192 1767 3377
4 4043 2585 84 3351
4 4043 84 2585 3202
4 4169 3815 4369 2689
4 4169 4369 3815 3837
4 3512 3686 4356 2829
4 4356 3686 3512 3373
4 4049 458 455 459
4 4049 455 458 456
4 3958 3193 3130 3506
4 3958 3130 3193 2740
4 2981 2377 2118 2124
4 2981 2118 2377 2371
4 2470 1328 3151 1334
4 2470 3151 1328 1329
4 4074 3151 1328 1334
4 4074 1328 3151 1329
4 4344 1590 1583 3596
4 4344 1583 1590 1582
4 1017 988 3779 1018
4 990 988 3779 3222
4 990 3779 988 1018
4 3098 886 867 885
4 880 867 886 885
4 3424 2703 3399 2863
4 751 758 4025 753
4 751 4025 758 757
4 1333 4206 4074 1338
4 4074 4206 1333 3218
4 3236 187 200 184
4 3236 200 187 3160
4 3078 4142 3989 3510
4 3078 3989 4142 1726
4 1725 3989 4142 3510
4 1725 4142 3989 1726
4 1341 3184 3170 2477
4 3170 3184 1341 4385
4 2485 4137 3184 2477
4 1341 2485 3184 2477
4 3184 2485 1341 4385
4 3715 2787 3937 3090
4 3715 3937 2787 3109
4 3242 3595 3981 3282
4 3242 3981 3595 863
4 878 3981 3595 3282
4 878 3595 3981 863
4 3591 643 2945 3438
4 3591 2945 643 644
4 635 643 2945 644
4 3815 3463 4108 3660
4 3815 4108 3463 3117
4 3719 1416 1414 4133
4 4102 545 519 520
4 4102 519 545 544
4 235 3568 2886 244
4 2886 3568 235 3940
4 4327 2569 3393 3278
4 4327 3393 2569 2641
4 2437 3477 3741 2438
4 2437 3741 3477 3740
4 4216 4143 4226 3284
4 4216 4226 4143 2963
4 4320 2335 2354 2352
4 4320 2354 2335 2339
4 3424 3576 2703 3290
4 2703 3576 3424 3399
4 3393 2754 2546 2755
4 3393 2546 2754 2605
4 249 262 3708 259
4 249 3708 262 248
4 1453 1457 4234 1458
4 4234 1457 1453 1455
4 4440 2970 3969 2727
4 4440 3969 2970 2607
4 541 522 547 539
4 546 547 522 539
4 546 522 547 521
4 1950 4253 4027 1839
4 4027 4253 1950 4026
4 4428 2748 2501 3557
4 4428 2501 2748 3046
4 3846 3063 3867 3509
4 3846 3867 3063 3732
4 513 523 3209 524
4 3209 523 513 512
4 3209 3301 513 524
4 513 3301 3209 512
4 4441 2902 4062 3191
4 4441 4062 2902 3474
4 3420 596 3403 595
4 3420 3403 596 4272
4 597 3403 596 595
4 597 596 3403 4272
4 3687 4245 1468 1476
4 1468 4245 3687 3039
4 522 4078 3699 539
4 3699 4078 522 3580
4 4107 1348 1349 3344
4 4107 1349 1348 1351
4 3491 784 4008 3476
4 3491 4008 784 748
4 4218 4436 3698 3480
4 3698 4436 4218 2805
4 206 208 3891 207
4 206 3891 208 2482
4 551 3315 525 552
4 3491 782 3887 746
4 3491 3887 782 3476
4 1516 1505 3694 1506
4 3694 1505 1516 1515
4 3895 736 760 3125
4 3895 760 736 735
4 4256 3033 2490 1510
4 1508 2490 3033 1510
4 1508 3033 2490 4245
4 4291 4146 3484 2665
4 4291 3484 4146 3485
4 4375 2589 2518 4097
4 4375 2518 2589 4270
4 2983 2518 2589 4097
4 2983 2589 2518 4270
4 4315 1708 1687 3027
4 4315 1687 1708 1689
4 484 4397 3664 485
4 3664 4397 484 4360
4 484 475 3664 4360
4 3431 3948 2744 3342
4 2744 3948 3431 3043
4 3062 4068 3309 3573
4 2206 3309 4068 3573
4 2501 3786 3629 2536
4 2501 3629 3786 2901
4 3007 3629 3786 2536
4 3007 3786 3629 2901
4 3546 2460 4140 2461
4 3546 4140 2460 3336
4 4404 2544 3467 3325
4 4404 3467 2544 3208
4 2669 4054 2526 2572
4 2526 4054 2669 2600
4 3843 1248 1269 1266
4 3843 1269 1248 1252
4 3477 3661 3741 2442
4 3741 3661 3477 3158
4 2347 2360 3800 2357
4 3800 2360 2347 3826
4 766 4203 774 765
4 773 774 4203 765
4 773 4203 774 3339
4 4437 3707 2895 2750
4 4437 2895 3707 2623
4 3059 824 3131 823
4 3059 3131 824 4173
4 4241 3997 4314 3261
4 4241 4314 3997 2906
4 2198 2189 3573 2199
4 3573 2189 2198 2188
4 4395 1656 1653 3308
4 4395 1653 1656 1655
4 4028 2900 3458 3100
4 4028 3458 2900 3836
4 3277 3887 625 2958
4 625 3887 3277 623
4 3987 1197 1227 1226
4 3987 1227 1197 3848
4 1726 3989 1718 3078
4 996 1067 3795 1068
4 3795 1067 996 995
4 2181 3871 2186 2187
4 2186 3871 2181 3454
4 1749 1751 4142 1750
4 4142 1751 1749 1753
4 3773 4436 3879 2891
4 3879 4436 3773 3379
4 305 294 3669 293
4 305 3669 294 306
4 2489 1739 2855 1741
4 4092 1373 3421 1502
4 4092 3421 1373 3781
4 4153 2692 3434 3003
4 4153 3434 2692 3145
4 3429 2126 3428 2142
4 2143 3428 2126 2142
4 2143 2126 3428 2127
4 542 527 4078 541
4 4078 527 542 526
4 3243 4419 3087 3573
4 3087 4419 3243 4058
4 4105 1146 3666 2133
4 4105 3666 1146 3357
4 3990 142 138 146
4 3990 138 142 2987
4 4409 1336 3217 1335
4 4409 3217 1336 4206
4 4170 4200 2733 3751
4 2733 4200 4170 2608
4 4368 4040 3168 2689
4 4368 3168 4040 2811
4 3568 3642 4208 3187
4 2913 3642 4208 3230
4 2913 4208 3642 3187
4 3807 2914 3713 3161
4 3807 3713 2914 3301
4 3762 1492 1483 3647
4 3762 1483 1492 1482
4 3999 2768 3130 2591
4 3130 3506 3999 2591
4 3999 3506 3130 3103
4 2416 2415 4243 3009
4 2418 2415 4243 2411
4 2418 4243 2415 3009
4 464 460 3034 459
4 464 3034 460 465
4 3807 445 436 3804
4 3807 436 445 446
4 4127 3602 2956 3139
4 4127 2956 3602 2841
4 2625 2516 3093 3685
4 2625 3093 2516 4069
4 3982 3734 3232 2597
4 3982 3232 3734 2541
4 4110 1631 3285 3159
4 4110 3285 1631 1630
4 2656 3232 3734 2815
4 3734 3232 2656 4238
4 3734 2627 2656 2815
4 2656 2627 3734 4238
4 81 3786 104 97
4 104 3786 81 3361
4 3059 830 3294 829
4 3059 3294 830 3359
4 831 3294 830 829
4 831 830 3294 3359
4 3987 1195 1121 3263
4 3987 1121 1195 1225
4 3687 4344 2904 3639
4 2904 4344 3687 3412
4 685 657 3835 686
4 659 657 3835 3186
4 659 3835 657 686
4 595 3403 1412 597
4 1750 1734 4142 1733
4 1750 4142 1734 1751
4 560 4336 650 531
4 650 4336 560 3757
4 2743 3754 4014 2622
4 2743 4014 3754 2928
4 2681 4014 3754 2622
4 2681 3754 4014 2928
4 2870 248 245 247
4 2870 245 248 249
4 2281 3871 2273 2187
4 2181 2273 3871 2187
4 2181 3871 2273 3352
4 3981 899 898 3602
4 527 559 3420 570
4 3420 559 527 528
4 4272 1426 1419 1411
4 4272 1419 1426 3834
4 3072 2593 3651 2703
4 3072 3651 2593 2781
4 2806 3651 2593 2703
4 2806 2593 3651 2781
4 3508 3136 1174 3163
4 3508 1174 3136 3240
4 1173 1174 3136 3163
4 1173 3136 1174 3240
4 3532 3754 2507 2539
4 2507 3754 3532 2565
4 1956 1941 3831 1942
4 3831 1941 1956 1955
4 1752 1757 3572 1758
4 3572 1757 1752 1751
4 2916 3882 3178 3313
4 2916 3178 3882 2718
4 2602 3178 3882 3313
4 2602 3882 3178 2718
4 4110 1556 1581 3822
4 4110 1581 1556 1557
4 3698 4436 3773 2891
4 3773 4436 3698 2805
4 3842 3381 4347 3046
4 3842 4347 3381 2547
4 827 824 3059 823
4 827 3059 824 825
4 3942 3399 2679 2935
4 3942 2679 3399 3521
4 3776 107 120 127
4 3776 120 107 2505
4 975 973 3721 4302
4 966 3721 973 4302
4 3916 2941 3485 3146
4 3916 3485 2941 3915
4 4295 4066 3722 3097
4 4295 3722 4066 1846
4 1832 3722 4066 3097
4 1832 4066 3722 1846
4 1957 2491 1956 1959
4 1960 2861 2491 1959
4 2491 2861 1960 3770
4 1957 1960 2491 1959
4 2491 1960 1957 3770
4 3574 896 3981 899
4 3574 3981 896 3920
4 3316 2604 3805 2783
4 3316 3805 2604 2850
4 3903 4131 3300 2549
4 3300 4131 3903 2581
4 3619 3067 3239 3378
4 3619 3239 3067 2495
4 4179 1242 2240 2241
4 4179 2240 1242 1241
4 3452 706 712 713
4 3452 712 706 3111
4 4338 3157 1886 1887
4 4338 1886 3157 3925
4 1902 1886 3157 1887
4 1902 3157 1886 3925
4 3099 147 144 145
4 3099 144 147 3370
4 735 3895 3433 732
4 3433 3895 735 733
4 3433 729 735 732
4 735 729 3433 733
4 3896 1124 1103 3768
4 3896 1103 1124 1125
4 3915 2643 3128 2561
4 3128 2643 3915 2941
4 3128 3592 3915 2561
4 3915 3592 3128 2941
4 3475 4038 939 955
4 3475 939 4038 3138
4 956 939 4038 955
4 956 4038 939 3138
4 4146 2852 2643 3915
4 1285 2326 3662 2325
4 1285 3662 2326 1286
4 1704 1700 3216 1705
4 3216 1700 1704 1701
4 3665 3010 2850 2604
4 3665 2850 3010 3423
4 2676 2593 2533 3402
4 2533 2593 2676 4200
4 1184 1175 3508 1183
4 1184 3508 1175 1176
4 3521 1384 3299 3399
4 3521 3299 1384 1382
4 4198 1987 2932 4085
4 4198 2932 1987 1988
4 1990 2932 1987 4085
4 1990 1987 2932 1988
4 1661 4445 1662 3079
4 1661 1662 4445 1669
4 1670 1662 4445 3079
4 1670 4445 1662 1669
4 3813 1019 990 992
4 3813 990 1019 3779
4 4384 545 4102 3498
4 4384 4102 545 544
4 3976 1641 1667 1666
4 3221 2806 2733 2608
4 3221 2733 2806 3774
4 4409 1294 3710 1299
4 4409 3710 1294 3955
4 4241 3866 3865 2780
4 4241 3865 3866 3204
4 4438 1060 3767 1062
4 4438 3767 1060 3333
4 1572 4077 1541 3334
4 1572 1541 4077 1570
4 1540 1541 4077 3334
4 1540 4077 1541 1570
4 4080 2033 2054 2056
4 4080 2054 2033 2982
4 3410 2688 3256 3255
4 3410 3256 2688 2878
4 3429 2173 3104 2172
4 3429 3104 2173 3428
4 4213 2712 2534 2577
4 4213 2534 2712 2931
4 4222 4226 3244 2568
4 3244 4226 4222 3489
4 4434 1616 3910 3178
4 4434 3910 1616 809
4 3185 4153 298 3003
4 298 4153 3185 299
4 4434 1615 4394 808
4 4434 4394 1615 3178
4 4282 3185 272 3230
4 4282 272 3185 3641
4 4083 1852 3691 1866
4 4083 3691 1852 3061
4 3120 4192 1766 3571
4 4066 1873 2907 3328
4 4066 2907 1873 1857
4 334 3085 4197 433
4 4197 3085 334 3705
4 4412 2747 3841 2633
4 4412 3841 2747 3404
4 3964 3841 2747 2633
4 3964 2747 3841 3404
4 871 4028 4141 870
4 4141 4028 871 3321
4 871 891 4141 3321
4 4210 2273 3871 3352
4 4210 3871 2273 2281
4 4141 3248 3028 3321
4 4141 3028 3248 3760
4 4437 3028 3248 3321
4 4437 3248 3028 3760
4 3757 560 4000 3492
4 3757 4000 560 650
4 3568 2638 3940 2660
4 3568 3940 2638 2870
4 3528 2656 4286 2913
4 3528 4286 2656 2894
4 3187 4286 2656 2913
4 3187 2656 4286 2894
4 3123 4146 2643 2665
4 2643 4146 3123 2852
4 4109 4186 2619 3569
4 2619 4186 4109 3615
4 1326 1317 4120 1325
4 4120 1317 1326 1318
4 3466 456 3286 448
4 3466 3286 456 3663
4 3234 1161 3832 1200
4 3234 3832 1161 4262
4 1202 3832 1161 1200
4 4051 1396 1394 1393
4 4051 1394 1396 1395
4 4195 2422 3009 2424
4 4195 3009 2422 3423
4 2415 3009 2422 2424
4 2415 2422 3009 3423
4 4008 738 3126 3682
4 4008 3126 738 752
4 1433 3719 4174 1434
4 4174 3719 1433 3651
4 3966 4012 2757 3267
4 2757 4012 3966 2922
4 4091 3199 3058 4019
4 4091 3058 3199 3953
4 2672 3058 3199 4019
4 2672 3199 3058 3953
4 997 974 3658 965
4 3658 974 997 998
4 1429 3944 1430 3413
4 1429 1430 3944 1437
4 1438 1430 3944 3413
4 1438 3944 1430 1437
4 4254 2823 3402 2995
4 4254 3402 2823 3557
4 1064 1085 4067 1084
4 4067 1085 1064 1063
4 3064 4254 3383 2570
4 3383 4254 3064 3863
4 4094 1978 1146 1053
4 4094 1146 1978 3666
4 4381 2959 2723 3734
4 4381 2723 2959 3697
4 4276 1631 4110 3159
4 4237 2787 3468 3109
4 4237 3468 2787 3332
4 3447 3810 2636 3103
4 2636 3810 3447 3092
4 2858 4307 2859 3572
4 2859 4307 2858 4064
4 2194 3309 4056 2204
4 4056 3309 2194 2035
4 4056 2034 2194 2204
4 2194 2034 4056 2035
4 4066 1822 1826 3097
4 3241 1189 3444 1213
4 3241 3444 1189 3240
4 2428 2793 3650 2429
4 3650 2793 2428 4082
4 3650 1836 2428 2429
4 4439 2986 2505 2533
4 4439 2505 2986 3205
4 3913 1026 1035 3703
4 3913 1035 1026 1034
4 4219 1461 4234 1459
4 4219 4234 1461 3250
4 1457 1461 4234 3250
4 4267 4122 2532 4007
4 4267 2532 4122 4221
4 3999 2636 3130 2768
4 3999 3130 2636 3103
4 205 3558 3101 211
4 3101 3558 205 3460
4 3101 212 205 211
4 205 212 3101 3460
4 4034 2725 2590 2877
4 4034 2590 2725 3375
4 4327 3696 3323 2641
4 3323 3696 4327 2647
4 3323 3131 4327 2641
4 4327 3131 3323 2647
4 3577 3179 2515 3478
4 3577 2515 3179 3416
4 3084 3704 2619 2803
4 2619 3704 3084 2717
4 2619 3217 3084 2803
4 3084 3217 2619 2717
4 3573 4005 3243 2188
4 3243 4005 3573 2844
4 3659 285 262 270
4 3659 262 285 279
4 4221 4086 2515 4122
4 4221 2515 4086 2840
4 4415 2893 3750 3736
4 4415 3750 2893 3045
4 2727 3750 2893 3736
4 2727 2893 3750 3045
4 3850 69 73 58
4 3850 73 69 3619
4 3469 2606 2658 2809
4 3469 2658 2606 3087
4 414 405 3833 404
4 414 3833 405 415
4 4091 493 3346 604
4 4091 3346 493 491
4 1350 3346 493 604
4 1350 493 3346 491
4 4294 184 3488 2551
4 4294 3488 184 180
4 4315 4290 1708 3027
4 4315 1708 4290 3267
4 1716 1708 4290 3027
4 1716 4290 1708 3267
4 2176 2217 3894 2214
4 2176 3894 2217 2182
4 3243 3894 2217 2214
4 3243 2217 3894 2182
4 4141 870 888 889
4 4141 888 870 4028
4 4012 2044 2019 3267
4 4012 2019 2044 2045
4 173 64 20 76
4 173 20 64 165
4 3902 3302 2575 3303
4 3902 2575 3302 3640
4 3756 2632 3527 3397
4 3756 3527 2632 3907
4 1393 1400 3874 1402
4 3874 1400 1393 1391
4 1418 3403 594 1417
4 3710 4409 1300 2948
4 1300 4409 3710 1296
4 4330 3865 4241 3204
4 4330 4241 3865 2906
4 1460 4234 3647 1456
4 3647 4234 1460 4219
4 228 214 4310 227
4 213 214 4310 3129
4 213 4310 214 227
4 2075 2223 3165 2224
4 2075 3165 2223 2086
4 3925 3177 1902 3157
4 3925 1902 3177 3559
4 1174 1183 3508 1175
4 3508 1183 1174 1182
4 1915 1927 3035 1928
4 1915 3035 1927 1914
4 1241 1215 4179 1224
4 4179 1215 1241 1234
4 3947 1079 1118 1116
4 3947 1118 1079 3105
4 351 327 4042 326
4 4042 327 351 352
4 4234 1459 1460 4219
4 4234 1460 1459 1455
4 3850 73 67 58
4 3850 67 73 3447
4 3657 439 3802 3656
4 3657 3802 439 432
4 3342 3802 439 3656
4 3342 439 3802 432
4 3570 3118 2839 3526
4 3570 2839 3118 3004
4 1845 1859 2907 1857
4 1845 2907 1859 1847
4 4313 813 1621 1620
4 4313 1621 813 3938
4 3650 1870 4209 1862
4 3847 3595 2957 3799
4 3847 2957 3595 3242
4 3776 116 107 127
4 3776 107 116 2831
4 3466 2582 2691 2835
4 3466 2691 2582 2801
4 3846 4430 4263 3363
4 4263 4430 3846 3732
4 3551 169 154 162
4 3551 154 169 2974
4 4345 1395 1403 1407
4 4345 1403 1395 4306
4 3847 863 866 867
4 3847 866 863 854
4 3826 2296 2985 3800
4 4036 3678 2776 2734
4 4036 2776 3678 2778
4 4349 1619 811 812
4 4349 811 1619 3910
4 2080 4160 2081 3173
4 2100 2081 4160 3173
4 4297 2125 1045 1138
4 4297 1045 2125 3820
4 4010 1577 3088 1576
4 4010 3088 1577 3603
4 1687 4315 1685 1686
4 1685 4315 1687 3027
4 3933 3962 1170 1171
4 1170 3962 3933 3136
4 350 361 3727 362
4 350 3727 361 349
4 1939 3831 1941 1942
4 1941 3831 1939 1940
4 3933 3962 1173 3136
4 1173 3962 3933 1172
4 4132 1244 4060 1253
4 4132 4060 1244 3610
4 3478 2586 3292 3179
4 3478 3292 2586 2617
4 3542 2398 4340 2388
4 3542 4340 2398 3075
4 2282 4210 2274 2281
4 2282 2274 4210 3451
4 2273 2274 4210 2281
4 2273 4210 2274 3451
4 4352 3056 3588 4032
4 4352 3588 3056 2752
4 4362 323 3669 3353
4 4362 3669 323 306
4 1794 1790 4414 1795
4 4414 1790 1794 1793
4 4268 194 191 4126
4 4268 191 194 186
4 3282 4274 862 876
4 862 4274 3282 2790
4 3534 163 4240 171
4 3534 4240 163 2831
4 3507 4240 163 171
4 3507 163 4240 2831
4 1415 599 4016 601
4 4016 599 1415 1421
4 4289 203 3558 204
4 4289 3558 203 4401
4 435 337 3149 336
4 435 3149 337 428
4 4129 2816 2972 3860
4 4129 2972 2816 3511
4 962 4075 3892 945
4 3892 4075 962 3813
4 3892 963 962 945
4 962 963 3892 3813
4 802 4118 818 3304
4 802 818 4118 803
4 819 818 4118 3304
4 819 4118 818 803
4 2362 3931 2111 2361
4 2111 3931 2362 3806
4 3548 2321 2322 2324
4 3548 2322 2321 2323
4 3981 879 3920 3282
4 3981 3920 879 881
4 1800 3288 4192 1798
4 1800 4192 3288 3769
4 982 4358 744 1014
4 781 744 4358 1014
4 781 4358 744 4136
4 977 968 3721 976
4 977 3721 968 969
4 4215 3107 3440 2691
4 4215 3440 3107 2731
4 553 576 3315 577
4 553 3315 576 552
4 3444 1219 1236 1220
4 1236 1237 3444 1220
4 3444 1237 1236 3124
4 3270 2732 3440 2781
4 3270 3440 2732 3107
4 2413 2422 3423 2420
4 2413 3423 2422 2415
4 2473 3029 2476 1337
4 2476 3029 2473 4004
4 1163 3832 1161 1202
4 1163 1161 3832 4262
4 549 542 3587 548
4 549 3587 542 543
4 4175 172 3551 4089
4 4175 3551 172 166
4 4149 4283 4150 2940
4 4150 4283 4149 3320
4 3425 128 112 121
4 3425 112 128 3137
4 1633 1640 3926 1632
4 1633 3926 1640 1641
4 4181 47 119 126
4 4181 119 47 190
4 4000 650 4408 651
4 4000 4408 650 3757
4 474 484 3664 485
4 3664 484 474 475
4 2100 2080 4160 2081
4 2100 4160 2080 2099
4 4288 3152 3756 2632
4 3756 3152 4288 4130
4 3756 3397 4288 2632
4 4288 3397 3756 4130
4 3346 3953 3864 2992
4 4293 1824 1813 3289
4 4286 314 317 3528
4 4286 317 314 301
4 3998 1550 1543 3256
4 3998 1543 1550 1542
4 446 452 3161 454
4 446 3161 452 445
4 4308 3162 275 265
4 4308 275 3162 3614
4 4098 2675 3821 2773
4 4098 3821 2675 3172
4 719 728 3452 726
4 719 3452 728 721
4 3700 3452 728 726
4 3154 4434 787 789
4 787 788 3154 789
4 4274 3282 3920 877
4 4274 3920 3282 2790
4 64 3507 21 3295
4 64 21 3507 165
4 155 21 3507 3295
4 155 3507 21 165
4 3471 4192 1766 3120
4 1766 4192 3471 1777
4 4345 2676 2753 2919
4 4345 2753 2676 4306
4 3651 1420 3719 1433
4 1434 3719 1420 1433
4 1434 1420 3719 1421
4 3604 4300 2640 2960
4 2640 4300 3604 2700
4 2276 4202 2283 2284
4 2283 4202 2276 3451
4 3781 3585 3421 1381
4 3781 3421 3585 3017
4 1095 4067 3396 1094
4 3396 4067 1095 4356
4 3898 1818 1833 1834
4 3898 1833 1818 3612
4 3929 1878 1889 1890
4 3929 1889 1878 3691
4 2660 3999 2886 2552
4 2660 2886 3999 3101
4 2695 2886 3999 2552
4 2695 3999 2886 3101
4 4349 740 780 778
4 4349 780 740 3700
4 4003 2417 3709 3318
4 4003 3709 2417 2408
4 4152 3709 2417 3318
4 4152 2417 3709 2408
4 4307 4142 4305 3078
4 4307 4305 4142 3572
4 3891 209 219 218
4 3891 219 209 2482
4 4175 43 42 166
4 4175 42 43 118
4 3995 3731 2894 2754
4 3995 2894 3731 3798
4 4016 1415 3719 1421
4 4016 3719 1415 4133
4 1414 3719 1415 1421
4 1414 1415 3719 4133
4 1135 3897 1127 1136
4 1135 1127 3897 3265
4 1128 1127 3897 1136
4 1128 3897 1127 3265
4 4391 3872 2581 4183
4 4391 2581 3872 4131
4 1789 2419 3316 1802
4 1789 3316 2419 2412
4 3897 2140 1236 1153
4 3897 1236 2140 3816
4 1640 1666 4276 1665
4 1640 4276 1666 1641
4 3444 1210 1187 3443
4 3444 1187 1210 1211
4 4231 2152 2180 4220
4 4231 2180 2152 2153
4 3386 2569 3435 2638
4 3386 3435 2569 2657
4 4039 3903 3300 2785
4 4039 3300 3903 2581
4 3466 3286 2792 3287
4 3466 2792 3286 3663
4 3650 2931 4195 3415
4 3650 4195 2931 3675
4 2962 4195 2931 3415
4 2962 2931 4195 3675
4 4316 2264 3816 3133
4 4316 3816 2264 2236
4 1291 1294 3953 1290
4 3953 1294 1291 1295
4 248 2870 3386 247
4 248 3386 2870 3708
4 3847 864 854 855
4 3847 854 864 866
4 4376 1273 1209 1254
4 2257 2256 4367 2249
4 2257 4367 2256 4328
4 4243 2406 2416 4114
4 2271 3134 2268 2270
4 2271 2268 3134 3249
4 3821 4342 2085 3165
4 2085 4342 3821 3172
4 3831 1942 3035 1932
4 3831 3035 1942 1939
4 1927 3035 1942 1932
4 1927 1942 3035 1939
4 3272 3401 4393 2671
4 4393 3401 3272 3268
4 4152 3011 3318 3736
4 4152 3318 3011 3709
4 4260 2524 2599 3115
4 4260 2599 2524 2577
4 3258 2710 2526 2666
4 3730 3905 3074 3729
4 3730 3074 3905 3906
4 4316 1221 1237 1238
4 4316 1237 1221 3444
4 3186 4392 3410 2832
4 3410 4392 3186 2890
4 2216 2218 4005 2215
4 2216 4005 2218 2219
4 4388 2558 4048 3692
4 4388 4048 2558 3297
4 487 1347 3345 492
4 487 3345 1347 488
4 668 677 3591 669
4 668 3591 677 676
4 2188 2183 3243 2189
4 2188 3243 2183 2182
4 917 933 3760 934
4 3760 933 917 916
4 1327 1318 4223 1326
4 4223 1318 1327 1319
4 2397 2407 2486 2396
4 2397 2486 2407 3604
4 298 304 4153 299
4 298 4153 304 2492
4 2208 2209 4068 2166
4 2208 4068 2209 4419
4 3298 4068 2209 2166
4 3298 2209 4068 4419
4 3676 2600 2669 2954
4 3676 2669 2600 3355
4 1048 3913 1033 1049
4 1033 3913 1048 3912
4 1348 492 3345 1347
4 1348 3345 492 1349
4 4147 254 267 3714
4 4147 267 254 253
4 3141 3605 3539 2747
4 3539 3605 3141 4059
4 3539 2971 3141 2747
4 3141 2971 3539 4059
4 3616 3022 2603 2712
4 3616 2603 3022 3112
4 1730 1734 4305 1735
4 4305 1734 1730 1727
4 919 905 4084 904
4 4084 905 919 920
4 4382 4383 4119 3581
4 4119 4383 4382 2580
4 4119 4131 4382 3581
4 4382 4131 4119 2580
4 3528 3798 3731 2894
4 3731 3798 3528 340
4 1739 1403 4331 1402
4 4331 1403 1739 1740
4 1860 1876 4338 1875
4 4338 1876 1860 1861
4 4156 2884 4103 3590
4 4156 4103 2884 3669
4 3427 4378 4086 3268
4 4086 4378 3427 3325
4 4026 3019 3527 3729
4 4026 3527 3019 3006
4 3564 1914 1929 3035
4 3564 1929 1914 1916
4 3906 3730 3367 2861
4 3367 3730 3906 3074
4 3367 3845 3906 2861
4 3906 3845 3367 3074
4 1257 1261 4425 1262
4 1257 4425 1261 1260
4 4400 3129 4035 213
4 4400 4035 3129 3594
4 214 4035 3129 213
4 214 3129 4035 3594
4 3845 3906 3073 3074
4 3073 3906 3845 3753
4 1344 1347 3464 1345
4 1344 3464 1347 1348
4 1297 1300 3710 1296
4 3710 1300 1297 1301
4 896 898 3981 899
4 3981 898 896 897
4 4300 2531 2640 3414
4 4300 2640 2531 4214
4 4173 3607 3731 2754
4 4417 2256 4367 4328
4 3607 4173 2605 2754
4 2605 4173 3607 3131
4 3585 1511 1381 1389
4 3585 1381 1511 3421
4 4420 2209 2202 2210
4 4420 2202 2209 4419
4 857 849 3968 848
4 3968 849 857 858
4 3968 4028 857 848
4 857 4028 3968 858
4 354 3984 3556 366
4 3556 3984 354 3743
4 4372 3810 2636 3092
4 4372 2636 3810 4357
4 2558 4048 2985 2658
4 2985 4048 2558 3692
4 4346 2555 2648 2799
4 4346 2648 2555 3356
4 1887 4338 1888 1875
4 1887 1888 4338 3157
4 1876 1888 4338 1875
4 1876 4338 1888 3157
4 4310 4399 3123 218
4 3123 4399 4310 3519
4 4376 1275 3227 4227
4 4376 3227 1275 1258
4 513 499 4380 504
4 513 4380 499 509
4 3801 4380 499 504
4 3801 499 4380 509
4 3538 676 667 675
4 2201 4419 2191 2200
4 2201 2191 4419 4058
4 2190 2191 4419 2200
4 2190 4419 2191 4058
4 4278 2764 3166 3296
4 4278 3166 2764 3246
4 3650 3827 4209 1870
4 4209 3827 3650 3415
4 1766 1776 4192 1777
4 4192 1776 1766 1765
4 2018 2212 4099 2043
4 2018 4099 2212 2174
4 1185 1176 3508 1184
4 1185 3508 1176 1177
4 1311 2485 1307 2451
4 1307 2485 1311 4385
4 3340 4137 2485 2451
4 1311 3340 2485 2451
4 2485 3340 1311 4385
4 305 313 4153 322
4 305 4153 313 2492
4 3848 2698 3372 3263
4 3848 3372 2698 3234
4 3548 2521 3258 2710
4 3548 3258 2521 2650
4 2526 3258 2521 2710
4 2526 2521 3258 2650
4 1486 1488 3630 1487
4 1486 3630 1488 1489
4 1459 1534 4219 1461
4 1459 4219 1534 1558
4 4037 279 264 3659
4 4037 264 279 278
4 2035 2032 4056 2033
4 4056 2032 2035 2034
4 3676 4325 3082 2874
4 3082 4325 3676 3355
4 2491 1961 1955 1962
4 2491 1955 1961 3000
4 2861 3730 2491 1962
4 2861 2491 3730 3000
4 3730 1961 2491 1962
4 3730 2491 1961 3000
4 4401 4357 2768 2833
4 4401 2768 4357 3558
4 3975 1730 1728 1727
4 3975 1728 1730 1729
4 844 859 3645 856
4 3645 859 844 850
4 388 832 3458 376
4 388 3458 832 839
4 1721 4305 1718 1719
4 1718 4305 1721 1722
4 4357 4401 4289 2851
4 4289 4401 4357 3558
4 4387 2452 3419 3914
4 4387 3419 2452 2430
4 1727 1733 4305 1734
4 1727 4305 1733 1726
4 1057 1059 3767 1060
4 1057 3767 1059 1058
4 1000 1009 3721 1001
4 3721 1009 1000 1008
4 4420 2168 2209 2210
4 4420 2209 2168 3298
4 1262 1263 4425 1264
4 1262 4425 1263 1261
4 2030 2033 3814 2032
4 2030 3814 2033 2031
4 1314 585 3516 1312
4 3516 585 1314 586
4 4376 1253 4132 3167
4 4376 4132 1253 1254
4 1065 1084 4067 1086
4 1065 4067 1084 1064
4 2725 3816 3124 2877
4 3124 3816 2725 3133
4 1883 1872 4205 1871
4 4205 1872 1883 1884
4 2093 2085 4342 2094
4 4342 2085 2093 2084
4 1661 1668 4445 1659
4 4445 1668 1661 1669
4 766 757 4203 765
4 766 4203 757 758
4 999 1008 4302 1000
4 999 4302 1008 1007
4 3680 1706 3027 1680
4 3680 3027 1706 1707
4 1687 3027 1706 1680
4 1687 1706 3027 1707
4 1390 1383 3521 1382
4 3521 1383 1390 1391
4 2223 2212 3821 2215
4 2223 3821 2212 2222
4 1542 1413 3998 1526
4 1542 3998 1413 1425
4 2067 2085 3821 2083
4 3821 2085 2067 2086
4 2174 2213 4099 2212
4 2174 4099 2213 2175
4 3104 4099 2213 2212
4 3104 2213 4099 2175
4 1563 1607 4237 1608
4 1563 4237 1607 1561
4 3468 4237 1607 1608
4 3468 1607 4237 1561
4 1256 4376 1255 1254
4 1256 1255 4376 4060
4 1253 1255 4376 1254
4 1253 4376 1255 4060
4 297 308 4037 309
4 4037 308 297 296
4 1526 1543 3998 1542
4 3998 1543 1526 1527
4 3410 3256 1527 3255
4 3410 1527 3256 3998
4 2042 2067 4098 2066
4 4098 2067 2042 2043
4 1330 1336 3217 1331
4 3217 1336 1330 1335
4 2069 2087 3966 2088
4 3966 2087 2069 2068
4 3928 2674 2883 3112
4 3928 2883 2674 3073
4 444 435 3804 434
4 3804 435 444 445
4 3665 2422 2793 2421
4 3665 2793 2422 3423
4 4195 2793 2422 2421
4 4195 2422 2793 3423
4 470 474 479 477
4 479 474 470 469
4 479 4365 470 477
4 470 4365 479 469
4 3430 2558 3190 2596
4 3430 3190 2558 2896
4 4325 3190 2558 2596
4 4325 2558 3190 2896
4 2324 2719 3211 2342
4 3211 2719 2324 3548
4 3211 2321 2324 2342
4 2324 2321 3211 3548
4 1524 1398 3089 1406
4 1524 3089 1398 1525
4 967 976 3721 968
4 3721 976 967 975
4 4318 1958 1947 3906
4 4318 1947 1958 1944
4 1369 1365 2806 1364
4 2806 1365 1369 1370
4 1275 1278 3227 4227
4 3794 3227 1278 4227
4 480 472 3199 471
4 3199 472 480 481
4 3199 4019 480 471
4 480 4019 3199 481
4 1767 1758 3571 1757
4 3571 1758 1767 1765
4 759 768 4407 760
4 4407 768 759 767
4 4407 3895 759 760
4 759 3895 4407 767
4 4233 2715 4192 3120
4 4233 4192 2715 3288
4 813 778 4349 780
4 4349 778 813 812
4 423 415 3833 414
4 3833 415 423 424
4 2999 335 4197 434
4 2999 4197 335 334
4 433 4197 335 434
4 433 335 4197 334
4 1606 1561 4219 1559
4 1606 4219 1561 1607
4 1481 1490 4030 1480
4 4030 1490 1481 1491
4 4164 1880 1892 1881
4 4164 1892 1880 3616
4 4210 2193 2281 2289
4 4210 2281 2193 3871
4 4316 3249 2266 3133
4 4316 2266 3249 2268
4 4376 1232 1209 1273
4 4376 1209 1232 4339
4 4208 2886 3642 3568
4 4208 3642 2886 3230
4 1293 1324 3955 1316
4 3955 1324 1293 1290
4 3955 3953 1293 1316
4 1293 3953 3955 1290
4 4179 1215 3676 3241
4 4179 3676 1215 1234
4 240 251 4147 253
4 240 4147 251 239
4 920 936 3475 937
4 920 3475 936 919
4 1376 1371 3502 1370
4 3502 1371 1376 1377
4 941 922 3422 923
4 941 3422 922 940
4 4417 2249 2256 2248
4 4417 2256 2249 4367
4 2125 2142 3429 2141
4 3429 2142 2125 2126
4 2402 2413 3889 2412
4 3889 2413 2402 2403
4 552 520 3498 525
4 552 3498 520 545
4 284 293 4156 294
4 4156 293 284 277
4 1299 1295 3710 1296
4 3710 1295 1299 1294
4 2329 3578 2348 3190
4 2464 2479 4140 2480
4 2464 4140 2479 2462
4 4204 1905 1903 1899
4 4204 1903 1905 1904
4 1751 1735 3572 1734
4 1751 3572 1735 1752
4 1811 3288 4293 1810
4 4293 3288 1811 1822
4 4293 1821 1811 1810
4 1811 1821 4293 1822
4 2383 2367 3806 2368
4 3806 2367 2383 2382
4 461 503 3713 454
4 461 3713 503 512
4 1113 1114 3947 1115
4 1113 3947 1114 1112
4 228 4310 238 227
4 1848 1861 3620 1860
4 3620 1861 1848 1849
4 777 768 4407 776
4 777 4407 768 769
4 4401 2768 4400 3876
4 4401 4400 2768 3558
4 1494 1364 4174 1472
4 1494 4174 1364 1369
4 3996 2280 3214 2258
4 3996 3214 2280 3748
4 2257 3214 2280 2258
4 2384 2368 3911 2369
4 3911 2368 2384 2383
4 1787 1800 4192 1798
4 4192 1800 1787 1786
4 307 323 4362 324
4 4362 323 307 306
4 530 626 3127 610
4 3127 626 530 543
4 543 526 4078 542
4 543 4078 526 530
4 3190 3578 3548 2650
4 1873 1858 4066 1857
4 1873 4066 1858 1871
4 3676 1271 1235 3355
4 3676 1235 1271 1217
4 1328 1319 4223 1327
4 4223 1319 1328 1320
4 975 966 3721 973
4 975 3721 966 967
4 971 956 4038 955
4 971 4038 956 972
4 4132 2797 3610 3314
4 4132 3610 2797 3167
4 1493 1559 4219 1460
4 4219 1559 1493 1606
4 2041 2066 4098 2065
4 4098 2066 2041 2042
4 4098 3174 2041 2065
4 2041 3174 4098 2042
4 1472 1495 4174 1494
4 1472 4174 1495 1473
4 1392 1382 3521 1384
4 1392 3521 1382 1390
4 3655 2719 2579 3305
4 3655 2579 2719 3211
4 1272 3843 3355 1271
4 3355 3843 1272 3400
4 1339 1299 4409 1302
4 1339 4409 1299 1335
4 2345 2349 3578 3826
4 2348 3578 2349 3826
4 1823 1810 4293 1812
4 4293 1810 1823 1821
4 2040 2065 4029 2064
4 2040 4029 2065 2041
4 1054 947 3524 948
4 3524 947 1054 1055
4 416 424 4319 425
4 416 4319 424 415
4 4401 2852 3129 3519
4 4401 3129 2852 3876
4 481 550 3209 472
4 3209 550 481 574
4 3209 3199 481 472
4 481 3199 3209 574
4 352 363 4081 364
4 352 4081 363 351
4 589 580 3155 588
4 3155 580 589 581
4 2103 2109 4342 2102
4 4342 2109 2103 2110
4 4320 2356 3748 2353
4 4320 3748 2356 3800
4 2296 3748 2356 2353
4 2296 2356 3748 3800
4 1436 1468 3944 1467
4 1436 3944 1468 1437
4 871 856 3321 859
4 3321 856 871 865
4 1165 1166 3314 1167
4 3314 1166 1165 1164
4 1826 1842 4066 1845
4 4066 1842 1826 1822
4 727 741 3682 737
4 727 3682 741 726
4 3700 3682 741 737
4 3700 741 3682 726
4 730 733 3433 729
4 3433 733 730 734
4 1433 1342 3651 1420
4 3651 1342 1433 1354
4 751 750 4008 749
4 4008 750 751 752
4 4008 3126 751 749
4 751 3126 4008 752
4 2404 2394 3889 2395
4 3889 2394 2404 2403
4 1916 1899 4185 1898
4 4185 1899 1916 1914
4 903 885 4390 883
4 4390 885 903 904
4 627 610 3908 626
4 3908 610 627 612
4 916 902 3760 901
4 3760 902 916 917
4 767 776 4407 768
4 767 4407 776 775
4 2064 2081 3544 2080
4 3544 2081 2064 2065
4 538 539 3699 540
4 538 3699 539 537
4 1898 1917 3564 1916
4 1898 3564 1917 1900
4 1875 1859 4338 1860
4 1875 4338 1859 1874
4 309 325 4042 326
4 4042 325 309 308
4 1176 1164 4431 1175
4 4431 1164 1176 1166
4 372 362 4416 361
4 372 4416 362 374
4 1068 1069 3795 1070
4 1068 3795 1069 1067
4 1724 2068 3267 1717
4 1724 3267 2068 2087
4 1399 1391 3521 1390
4 3521 1391 1399 1400
4 3548 2321 4426 2323
4 3548 4426 2321 3211
4 3676 3240 1191 3508
4 3676 1191 3240 3241
4 1310 1303 3941 1308
4 3941 1303 1310 1306
4 1455 1461 4234 1457
4 1455 4234 1461 1459
4 868 858 4028 857
4 4028 858 868 870
4 554 577 4384 578
4 554 4384 577 553
4 1788 1776 4192 1778
4 4192 1776 1788 1786
4 4192 3769 1788 1778
4 1788 3769 4192 1786
4 363 374 4081 375
4 363 4081 374 362
4 4416 4081 374 375
4 4416 374 4081 362
4 1004 980 4038 979
4 4038 980 1004 1005
4 1384 1376 3299 1375
4 3299 1376 1384 1382
4 1474 3944 4245 1475
4 4245 3944 1474 1496
4 4245 1497 1474 1475
4 1474 1497 4245 1496
4 2260 2309 3586 2310
4 3586 2309 2260 2271
4 691 1534 3653 1535
4 691 3653 1534 690
4 2393 2403 3391 2402
4 2393 3391 2403 2394
4 1492 1460 3647 1456
4 3647 1460 1492 1493
4 2099 2079 4160 2080
4 2099 4160 2079 2098
4 865 855 3645 856
4 865 3645 855 864
4 1168 1247 3610 1243
4 3610 1247 1168 1177
4 2219 2217 4005 2220
4 2219 4005 2217 2216
4 3243 4005 2217 2220
4 3243 2217 4005 2216
4 1166 1177 4431 1168
4 1166 4431 1177 1176
4 2383 2396 3341 2395
4 2383 3341 2396 2384
4 2025 2046 4012 2048
4 4012 2046 2025 2023
4 930 928 3139 929
4 3139 928 930 931
4 1308 1304 3763 1309
4 1308 3763 1304 1303
4 1883 1900 3328 1898
4 3328 1900 1883 1885
4 1369 1505 3576 1375
4 1369 3576 1505 1494
4 1810 1799 3288 1798
4 3288 1799 1810 1811
4 1507 3424 3290 1506
4 3290 3424 1507 1496
4 3290 1495 1507 1506
4 1507 1495 3290 1496
4 2097 2114 4160 2113
4 2097 4160 2114 2098
4 1206 1205 3832 1204
4 1206 3832 1205 1207
4 918 934 3760 935
4 918 3760 934 917
4 1506 1494 4174 1495
4 4174 1494 1506 1505
4 1167 1168 4132 1169
4 1167 4132 1168 1166
4 913 938 3561 929
4 3561 938 913 921
4 970 955 4038 954
4 4038 955 970 971
4 1487 1480 4030 1490
4 4030 1480 1487 1488
4 1873 1886 4338 1885
4 4338 1886 1873 1874
4 2716 3748 3050 2820
4 3050 3748 2716 3445
4 1331 1337 4206 1332
4 4206 1337 1331 1336
4 1759 2393 3931 1768
4 1759 3931 2393 2381
4 2065 2082 4098 2081
4 4098 2082 2065 2066
4 1515 1524 4248 1523
4 1515 4248 1524 1518
4 1901 1885 3925 1886
4 3925 1885 1901 1900
4 2098 2078 4160 2079
4 2098 4160 2078 2097
4 769 760 4407 768
4 4407 760 769 761
4 1871 1885 3328 1883
4 3328 1885 1871 1873
4 1300 1307 3941 1302
4 3941 1307 1300 1306
4 3941 3681 1300 1302
4 1300 3681 3941 1306
4 1429 1416 3311 1417
4 1429 3311 1416 1427
4 3662 3878 2650 3400
4 2650 3878 3662 3258
4 2189 2184 4057 2190
4 2189 4057 2184 2183
4 1491 1482 3762 1492
4 1491 3762 1482 1481
4 2412 1779 3391 2402
4 3391 1779 2412 1789
4 296 307 4362 308
4 4362 307 296 295
4 4362 3486 296 308
4 296 3486 4362 295
4 550 524 3209 523
4 550 3209 524 551
4 2394 2381 3931 2382
4 3931 2381 2394 2393
4 3931 3391 2394 2382
4 2394 3391 3931 2393
4 4235 3249 2896 3586
4 4235 2896 3249 3134
4 749 757 4025 751
4 4025 757 749 756
4 1874 1887 4338 1886
4 4338 1887 1874 1875
4 1778 1765 4192 1767
4 1778 4192 1765 1776
4 4320 2341 3742 2340
4 4320 3742 2341 2719
4 1332 1325 4120 1331
4 4120 1325 1332 1326
4 1801 1786 3769 1788
4 1801 3769 1786 1800
4 2049 2069 2922 2070
4 2922 2069 2049 2047
4 1207 1208 4132 1209
4 1207 4132 1208 1206
4 2051 2070 3175 2071
4 2051 3175 2070 2049
4 2205 2198 3309 2206
4 2205 3309 2198 2195
4 3573 3309 2198 2206
4 918 904 3248 903
4 3248 904 918 919
4 1812 1798 3288 1800
4 3288 1798 1812 1810
4 1576 1551 4010 1552
4 1576 4010 1551 1575
4 350 326 3649 325
4 350 3649 326 351
4 766 775 4407 767
4 4407 775 766 774
4 351 362 3649 363
4 3649 362 351 350
4 903 917 3760 918
4 903 3760 917 902
4 953 937 3065 936
4 953 3065 937 954
4 919 935 3248 936
4 3248 935 919 918
4 1768 1757 3377 1759
4 3377 1757 1768 1767
4 952 936 3721 935
4 3721 936 952 953
4 2048 2027 3175 2025
4 2048 3175 2027 2050
4 1302 1296 4409 1300
4 1302 4409 1296 1299
4 2050 2029 3175 2027
4 2050 3175 2029 2052
4 674 581 3438 589
4 3438 581 674 666
4 4002 2328 3578 3742
4 4002 3548 3578 3662
4 3578 3548 4002 3742
4 954 969 3065 970
4 954 3065 969 953
4 979 1003 4038 1004
4 979 4038 1003 978
4 1874 1857 4338 1859
4 1874 4338 1857 1873
4 1325 1316 4120 1324
4 4120 1316 1325 1317
4 1169 1243 3610 1244
4 1169 3610 1243 1168
4 375 364 4081 363
4 4081 364 375 376
4 1558 1535 3715 1534
4 3715 1535 1558 1560
4 3587 548 4078 547
4 3587 4078 548 542
4 541 4078 548 547
4 541 548 4078 542
4 2054 2057 4080 2056
4 2054 4080 2057 2055
4 387 376 3836 375
4 387 3836 376 388
4 4081 3836 376 375
4 1575 4344 1550 1574
4 1816 3722 1832 1815
4 1832 3722 1816 1830
4 1832 1826 1816 1815
4 1816 1826 1832 1830
4 295 306 4362 307
4 4362 306 295 294
4 1723 1727 3975 1728
4 1723 3975 1727 1722
4 1723 1717 4290 1716
4 4290 1717 1723 1724
4 1209 1253 4132 1254
4 4132 1253 1209 1208
4 398 839 3836 388
4 3836 839 398 848
4 308 324 4362 325
4 308 4362 324 307
4 1290 1330 3955 1324
4 3955 1330 1290 1294
4 883 902 4141 903
4 4141 902 883 884
4 1574 1432 3412 1550
4 3412 1432 1574 1464
4 537 536 4090 534
4 4090 536 537 538
4 1294 1335 4409 1330
4 1294 4409 1335 1299
4 1324 1331 4120 1325
4 1324 4120 1331 1330
4 3519 4400 213 3129
4 213 4400 3519 4399
4 213 4310 3519 3129
4 3519 4310 213 4399
4 4100 2042 2016 2017
4 1934 1937 3247 1933
4 3247 1937 1934 1938
4 2056 2059 4080 2058
4 2056 4080 2059 2057
4 1726 1722 4305 1718
4 1726 4305 1722 1727
4 837 835 3359 836
4 837 3359 835 838
4 1564 1538 4275 1537
4 4275 1538 1564 1566
4 1262 1279 3794 1277
4 1262 3794 1279 1264
4 1405 1409 4065 1404
4 4065 1409 1405 1410
4 555 578 4384 579
4 555 4384 578 554
4 2055 2052 3175 2053
4 3175 2052 2055 2054
4 4426 2321 2320 1279
4 2320 2804 4426 1279
4 4426 2804 2320 2989
4 1560 1536 3715 1535
4 3715 1536 1560 1562
4 911 913 3602 914
4 911 3602 913 912
4 240 226 3354 229
4 240 3354 226 234
4 1537 1562 4237 1564
4 4237 1562 1537 1536
4 4237 4275 1537 1564
4 1537 4275 4237 1536
4 726 743 3700 741
4 726 3700 743 728
4 4425 1281 1263 1261
4 4425 1263 1281 4426
4 3211 3258 4426 2989
4 3211 4426 3258 3548
4 3826 2985 2596 3800
4 3826 2596 2985 3430
4 279 283 4156 284
4 279 4156 283 285
4 469 464 4365 463
4 469 4365 464 470
4 383 372 3503 373
4 383 3503 372 384
4 3052 394 4416 386
4 3052 4416 394 395
4 385 4416 394 386
4 385 394 4416 395
4 390 383 4279 377
4 390 4279 383 393
4 396 388 3836 387
4 396 3836 388 398
4 574 493 3199 602
4 574 3199 493 481
4 1418 1431 3834 1430
4 1418 3834 1431 1419
4 416 407 3501 408
4 416 3501 407 417
4 3731 319 4173 344
4 345 4173 319 344
4 345 319 4173 321
4 316 317 3528 318
4 316 3528 317 314
4 348 324 3353 323
4 348 3353 324 349
4 3641 272 260 255
4 3641 260 272 276
4 261 260 272 255
4 261 272 260 276
4 292 277 4103 276
4 292 4103 277 293
4 574 551 3209 550
4 574 3209 551 575
4 471 466 3199 467
4 471 3199 466 472
4 713 721 3452 719
4 713 3452 721 712
4 575 552 3315 551
4 575 3315 552 576
4 812 779 4349 778
4 4349 779 812 811
4 1245 1260 3950 1259
4 1245 3950 1260 1250
4 1634 1641 3926 1633
4 1634 3926 1641 1642
4 2419 2426 3665 2425
4 2419 3665 2426 2421
4 603 582 3209 583
4 603 3209 582 605
4 710 704 3644 703
4 710 3644 704 711
4 584 1312 3315 585
4 584 3315 1312 1313
4 1260 1255 4060 1259
4 4060 1255 1260 1257
4 4060 3950 1260 1259
4 1256 1257 4060 1258
4 1256 4060 1257 1255
4 1244 1245 3610 1246
4 1244 3610 1245 1243
4 3950 3610 1245 1246
4 3950 1245 3610 1243
4 1256 1275 4376 1274
4 1256 4376 1275 1258
4 1275 3227 3794 1276
4 3794 3227 1275 1278
4 3794 1277 1275 1276
4 1275 1277 3794 1278
4 1277 1257 3794 1262
4 3794 1257 1277 1276
4 2234 2240 4235 2242
4 2234 4235 2240 2241
4 1061 1086 3014 1073
4 1061 3014 1086 1065
4 998 1007 4302 999
4 998 4302 1007 1006
4 882 868 4319 869
4 882 4319 868 888
4 1769 1760 3643 1761
4 1769 3643 1760 1770
4 1753 2381 3931 1759
4 1753 3931 2381 2366
4 1771 1773 3327 1772
4 1771 3327 1773 1774
4 2058 2218 3309 2221
4 2058 3309 2218 2059
4 2100 2118 3852 2116
4 2100 3852 2118 2102
4 2196 4005 3309 2195
4 3309 4005 2196 2197
4 3309 2194 2196 2195
4 2196 2194 3309 2197
4 2349 2304 3826 2359
4 2349 3826 2304 2313
4 2270 2240 3134 2239
4 2270 3134 2240 2272
4 2322 2325 4002 2328
4 2322 4002 2325 2327
4 3662 2325 4002 2327
4 2345 2348 3578 2349
4 2345 3578 2348 2350
4 2345 2343 3578 2346
4 2345 3578 2343 2347
4 2322 2343 3742 2344
4 3742 2343 2322 2328
4 4235 3190 2329 2348
4 4235 2261 2329 2233
4 2329 2261 4235 2348
4 2348 2330 3578 2329
4 3578 2330 2348 2350
4 2359 2345 3826 2349
4 2359 3826 2345 2360
4 2356 2304 3826 2296
4 2356 3826 2304 2359
4 2349 3826 3430 2348
4 3430 3826 2349 2313
4 3430 2261 2349 2348
4 2349 2261 3430 2313
4 603 1317 3209 605
4 603 3209 1317 1316
4 3687 1469 3944 1438
4 3687 3944 1469 1468
4 1437 3944 1469 1438
4 1437 1469 3944 1468
4 1919 1903 3560 1904
4 1919 3560 1903 1920
4 1790 1781 3271 1780
4 1790 3271 1781 1793
4 1824 1849 3620 1844
4 1824 3620 1849 1827
4 1781 1771 3750 1770
4 1781 3750 1771 1782
4 1733 1749 4142 1750
4 1733 4142 1749 1732
4 1781 1783 3750 1782
4 1781 3750 1783 1784
4 1803 1790 4224 1791
4 1803 4224 1790 1804
4 1464 1431 3834 1432
4 3834 1431 1464 1462
4 3834 3412 1464 1432
4 1464 3412 3834 1462
4 1411 1425 4272 1426
4 1411 4272 1425 1413
4 3998 1425 4272 1413
4 1718 1712 3078 1711
4 1718 3078 1712 1719
4 4194 3078 1712 1711
4 4194 1712 3078 1719
4 1708 1691 3267 1689
4 3267 1691 1708 1710
4 1728 1724 4290 1723
4 1728 4290 1724 1731
4 1726 1732 4142 1733
4 1726 4142 1732 1725
4 1718 1725 3989 1726
4 1718 3989 1725 1720
4 1371 1367 4107 1366
4 1371 4107 1367 1372
4 1385 1377 3176 1378
4 1385 3176 1377 1386
4 3502 3176 1377 1378
4 1414 1427 3719 1428
4 1414 3719 1427 1416
4 1434 1465 3719 1466
4 1434 3719 1465 1435
4 1344 1356 3774 1357
4 1344 3774 1356 1346
4 1360 1350 4107 1351
4 1360 4107 1350 1361
4 2115 2370 3852 2365
4 2115 3852 2370 2117
4 2082 2103 3172 2101
4 2082 3172 2103 2084
4 491 481 4091 482
4 491 4091 481 493
4 4019 4091 481 482
4 261 251 4123 252
4 261 4123 251 266
4 223 234 3940 233
4 223 3940 234 226
4 901 884 4141 890
4 901 4141 884 902
4 1812 1824 4293 1823
4 1812 4293 1824 1813
4 704 882 4319 425
4 704 4319 882 900
4 477 481 4019 480
4 477 4019 481 482
4 1780 1770 3271 1769
4 1780 3271 1770 1781
4 1751 1759 4142 1757
4 1751 4142 1759 1753
4 3931 4142 1759 1757
4 3931 1759 4142 1753
4 838 844 3799 843
4 838 3799 844 837
4 1903 1890 4177 1889
4 1903 4177 1890 1906
4 3929 4177 1890 1889
4 3929 1890 4177 1906
4 587 1321 3738 608
4 587 3738 1321 1315
4 2345 2325 3578 2326
4 2345 3578 2325 2346
4 1421 1435 3719 1434
4 1421 3719 1435 1422
4 761 998 3658 997
4 761 3658 998 769
4 2341 2343 3742 2340
4 2341 3742 2343 2344
4 1430 1462 3834 1463
4 1430 3834 1462 1431
4 345 825 4173 359
4 345 4173 825 824
4 2234 2260 4235 2259
4 2234 4235 2260 2242
4 2372 2378 3522 2373
4 2372 3522 2378 2379
4 4332 3522 2378 2373
4 4332 2378 3522 2379
4 1764 2390 3522 2386
4 1764 3522 2390 1775
4 385 375 4416 374
4 385 4416 375 387
4 215 226 3940 223
4 215 3940 226 217
4 1244 1255 4060 1253
4 1244 4060 1255 1246
4 1519 1521 3406 1518
4 1519 3406 1521 1522
4 1902 1907 3559 1901
4 1902 3559 1907 1908
4 1343 1354 3651 1355
4 1343 3651 1354 1342
4 2311 2261 4235 2259
4 2311 4235 2261 2312
4 3040 4067 1054 1056
4 1063 4067 1054 1058
4 1063 1054 4067 1056
4 1822 1841 4293 1842
4 1822 4293 1841 1821
4 889 871 4141 870
4 889 4141 871 891
4 1509 1512 3407 1514
4 1509 3407 1512 1513
4 487 477 4365 478
4 487 4365 477 490
4 2415 2406 4243 2411
4 2415 4243 2406 2416
4 3929 1890 4258 1891
4 3929 4258 1890 1896
4 1895 4258 1890 1891
4 1895 1890 4258 1896
4 1764 1771 3327 1772
4 3327 1771 1764 3326
4 231 222 3782 224
4 231 3782 222 2885
4 2936 1642 1660 1667
4 2936 1660 1642 3926
4 3976 1641 2936 1667
4 3976 2936 1641 3926
4 1641 1642 2936 1667
4 1641 2936 1642 3926
4 1747 1745 3504 1748
4 3504 4052 1747 1748
4 1747 4052 3504 2918
4 753 738 3126 752
4 753 3126 738 731
4 3498 524 3315 525
4 3498 3315 524 3209
4 551 3315 524 525
4 551 524 3315 3209
4 3417 2483 3549 410
4 3417 3549 2483 3749
4 413 3549 2483 410
4 413 2483 3549 3749
4 3621 3334 815 3118
4 3621 815 3334 1541
4 697 815 3334 3118
4 697 3334 815 1541
4 2303 2296 3430 2304
4 2303 3430 2296 2985
4 3826 3430 2296 2304
4 3826 2296 3430 2985
4 4224 3722 1803 3119
4 4224 1803 3722 1815
4 1799 1803 3722 3119
4 2489 1745 2855 1739
4 2489 2855 1745 3504
4 3701 2855 1745 1739
4 3701 1745 2855 3504
4 3327 4265 3969 2727
4 3969 4265 3327 3326
4 236 2870 3940 237
4 3940 2870 236 3354
4 3940 234 236 237
4 236 234 3940 3354
4 3184 3941 3170 3084
4 3184 3170 3941 4385
4 4409 3170 3941 3084
4 4409 3941 3170 4385
4 4276 1638 1631 1639
4 4276 1631 1638 4110
4 3591 676 667 3538
4 3591 667 676 668
4 4187 1780 3086 3271
4 4187 3086 1780 3471
4 3749 2483 3739 423
4 3749 3739 2483 3417
4 419 3739 2483 423
4 419 2483 3739 3417
4 4048 2535 2985 2716
4 4048 2985 2535 3692
4 1746 3701 3504 1745
4 3504 3701 1746 2918
4 3504 1747 1746 1745
4 1746 1747 3504 2918
4 4332 2401 3542 2392
4 4332 3542 2401 4003
4 1418 595 3403 1412
4 1418 3403 595 594
4 1987 4395 1988 1657
4 1987 1988 4395 4198
4 1658 1988 4395 1657
4 1658 4395 1988 4198
4 4434 786 3154 787
4 4434 3154 786 4008
4 788 3154 786 787
4 788 786 3154 4008
4 1425 3834 4272 1426
4 1425 4272 3834 3998
4 3731 3607 2755 2754
4 3731 2755 3607 3614
4 4100 4403 2773 3429
4 2773 4403 4100 3174
4 2773 4099 4100 3429
4 4100 4099 2773 3174
4 238 4147 228 239
4 228 4147 238 4310
4 4078 527 540 541
4 540 527 4078 3699
4 540 539 4078 541
4 4078 539 540 3699
4 1937 1945 3753 1946
4 1937 3753 1945 3928
4 294 4156 295 4362
4 3821 2215 3165 2223
4 3821 3165 2215 4005
4 2224 3165 2215 2223
4 2224 2215 3165 4005
4 4308 3023 3162 3708
4 4308 3162 3023 3614
4 4220 3104 2177 3894
4 4376 2314 1232 1273
4 4376 1232 2314 3246
4 1909 4258 1925 4178
4 1909 1925 4258 1911
4 1926 1925 4258 4178
4 1926 4258 1925 1911
4 4399 3891 218 209
4 4399 218 3891 3123
4 1803 1811 3722 1815
4 1803 3722 1811 1799
4 294 279 4156 284
4 4156 279 294 295
4 3996 4320 2336 3305
4 2336 4320 3996 2335
4 2260 3586 3249 4235
4 3249 3586 2260 2271
4 3249 3134 2260 4235
4 2260 3134 3249 2271
4 4035 213 212 211
4 4035 212 213 214
4 233 230 2886 3782
4 2886 230 233 235
4 2886 3940 233 3782
4 233 3940 2886 235
4 347 3145 4153 322
4 4153 3145 347 3434
4 4153 343 347 322
4 347 343 4153 3434
4 638 639 4193 3949
4 638 4193 639 647
4 2944 4193 639 3949
4 2944 639 4193 647
4 4320 2719 3748 3800
4 4320 3748 2719 3305
4 2820 3748 2719 3800
4 2820 2719 3748 3305
4 4010 1575 1550 1551
4 4010 1550 1575 4344
4 1292 3953 3864 3346
4 3864 3953 1292 1291
4 3864 2431 1292 3346
4 1292 2431 3864 1291
4 213 4310 218 4399
4 218 4310 213 227
4 2224 4005 2075 2218
4 2224 2075 4005 3165
4 4080 2075 4005 2218
4 4080 4005 2075 3165
4 3783 74 151 174
4 3783 151 74 3201
4 2389 2370 3331 2371
4 3331 2370 2389 2385
4 3650 1828 2428 1836
4 3650 2428 1828 4082
4 2486 4114 3604 3584
4 2486 3604 4114 2407
4 2396 2405 2486 3584
4 2396 2486 2405 2407
4 2405 4114 2486 3584
4 2405 2486 4114 2407
4 660 4199 3887 621
4 660 3887 4199 3273
4 3277 3887 4199 621
4 3277 4199 3887 3273
4 4068 3062 2206 2160
4 4068 2206 3062 3309
4 2205 2206 3062 2160
4 2205 3062 2206 3309
4 3578 2343 3826 3742
4 3578 3826 2343 2347
4 3800 3826 2343 3742
4 3800 2343 3826 2347
4 3800 2343 4320 3742
4 3800 4320 2343 2358
4 2340 4320 2343 3742
4 2340 2343 4320 2358
4 988 3779 3530 1017
4 988 3530 3779 3222
4 3132 3530 3779 1017
4 3132 3779 3530 3222
4 3098 886 880 867
4 880 886 3098 887
4 3184 2485 3340 4137
4 3340 2485 3184 4385
4 3954 643 3589 635
4 3954 3589 643 3438
4 2945 3589 643 635
4 2945 643 3589 3438
4 522 547 4078 541
4 522 4078 547 521
4 3033 2490 3189 4256
4 3033 3189 2490 4245
4 4203 774 4407 766
4 4203 4407 774 3339
4 2489 1741 3504 1744
4 2489 3504 1741 2855
4 4266 3504 1741 1744
4 4266 1741 3504 2855
4 3206 2126 2818 3429
4 3206 2818 2126 2127
4 3428 2818 2126 3429
4 3428 2126 2818 2127
4 657 3835 655 685
4 657 655 3835 3186
4 684 655 3835 685
4 684 3835 655 3186
4 3986 1957 3000 1956
4 3986 3000 1957 3770
4 2491 3000 1957 1956
4 2491 1957 3000 3770
4 1037 1028 3392 4094
4 3392 1028 1037 1029
4 3392 1130 1037 4094
4 1037 1130 3392 1029
4 214 4310 3435 228
4 214 3435 4310 3129
4 1922 3536 2899 1921
4 2899 3536 1922 3559
4 2899 1918 1922 1921
4 1922 1918 2899 3559
4 2389 2486 3331 2385
4 2389 3331 2486 3604
4 3584 3331 2486 2385
4 3584 2486 3331 3604
4 2150 3104 4220 3428
4 2150 4220 3104 2177
4 3174 2016 2042 2041
4 3174 2042 2016 4100
4 4358 744 3252 982
4 4358 3252 744 4136
4 1236 3444 3897 1219
4 3897 3444 1236 3124
4 2411 2410 4003 2409
4 4003 2410 2411 4243
4 4003 2418 2411 2409
4 2411 2418 4003 4243
4 3452 728 3252 3700
4 3452 3252 728 721
4 1420 3719 4016 3651
4 1420 4016 3719 1421
4 1668 4445 1667 4194
4 1668 1667 4445 1659
4 1660 1667 4445 4194
4 1660 4445 1667 1659
4 1128 1137 3443 1129
4 1128 3443 1137 3897
4 1219 3443 1137 1129
4 1219 1137 3443 3897
4 4293 1859 1860 4338
4 1860 1859 4293 1847
4 1860 1848 4293 4338
4 4293 1848 1860 1847
4 3782 231 2886 4282
4 3782 2886 231 230
4 242 2886 231 4282
4 242 231 2886 230
4 3214 2279 2280 3748
4 3214 2280 2279 2257
4 3548 3578 2596 3742
4 3548 2596 3578 3190
4 3826 2596 3578 3742
4 3826 3578 2596 3190
4 3538 667 666 675
4 666 667 3538 3438
4 666 674 3538 675
4 3538 674 666 3438
4 3309 2198 4005 3573
4 3309 4005 2198 2195
4 3836 376 3458 4081
4 3836 3458 376 388
4 2320 4426 3211 2321
4 3211 4426 2320 2989
4 4099 2018 2017 4100
4 2017 2018 4099 2043
4 2017 2042 4099 4100
4 4099 2042 2017 2043
4 303 319 3607 3731
4 303 3607 319 321
4 4173 3607 319 3731
4 4173 319 3607 321
4 1260 4060 4425 3950
4 4425 4060 1260 1257
4 2325 4002 3578 3662
4 2325 3578 4002 2328
4 2343 3578 2328 3742
4 2343 2328 3578 2346
4 2329 4235 3082 3190
4 3082 4235 2329 2233
4 3176 1377 3531 3502
4 3176 3531 1377 1386
4 4091 481 3199 4019
4 4091 3199 481 493
4 4067 1054 3767 3040
4 4067 3767 1054 1058

CELL_TYPES 24789
5
5
5
5
5
5
5
5
5
5
5
5
5
5
5
5
5
5
5
5
5
5
5
5
5
5
5
5
5
5
5
5
5
5
5
5
5
5
5
5
5
5
5
5
5
5
5
5
5
5
5
5
5
5
5
5
5
5
5
5
5
5
5
5
5
5
5
5
5
5
5
5
5
5
5
5
5
5
5
5
5
5
5
5
5
5
5
5
5
5
5
5
5
5
5
5
5
5
5
5
5
5
5
5
5
5
5
5
5
5
5
5
5
5
5
5
5
5
5
5
5
5
5
5
5
5
5
5
5
5
5
5
5
5
5
5
5
5
5
5
5
5
5
5
5
5
5
5
5
5
5
5
5
5
5
5
5
5
5
5
5
5
5
5
5
5
5
5
5
5
5
5
5
5
5
5
5
5
5
5
5
5
5
5
5
5
5
5
5
5
5
5
5
5
5
5
5
5
5
5
5
5
5
5
5
5
5
5
5
5
5
5
5
5
5
5
5
5
5
5
5
5
5
5
5
5
5
5
5
5
5
5
5
5
5
5
5
5
5
5
5
5
5
5
5
5
5
5
5
5
5
5
5
5
5
5
5
5
5
5
5
5
5
5
5
5
5
5
5
5
5
5
5
5
5
5
5
5
5
5
5
5
5
5
5
5
5
5
5
5
5
5
5
5
5
5
5
5
5
5
5
5
5
5
5
5
5
5
5
5
5
5
5
5
5
5
5
5
5
5
5
5
5
5
5
5
5
5
5
5
5
5
5
5
5
5
5
5
5
5
5
5
5
5
5
5
5
5
5
5
5
5
5
5
5
5
5
5
5
5
5
5
5
5
5
5
5
5
5
5
5
5
5
5
5
5
5
5
5
5
5
5
5
5
5
5
5
5
5
5
5
5
5
5
5
5
5
5
5
5
5
5
5
5
5
5
5
5
5
5
5
5
5
5
5
5
5
5
5
5
5
5
5
5
5
5
5
5
5
5
5
5
5
5
5
5
5
5
5
5
5
5
5
5
5
5
5
5
5
5
5
5
5
5
5
5
5
5
5
5
5
5
5
5
5
5
5
5
5
5
5
5
5
5
5
5
5
5
5
5
5
5
5
5
5
5
5
5
5
5
5
5
5
5
5
5
5
5
5
5
5
5
5
5
5
5
5
5
5
5
5
5
5
5
5
5
5
5
5
5
5
5
5
5
5
5
5
5
5
5
5
5
5
5
5
5
5
5
5
5
5
5
5
5
5
5
5
5
5
5
5
5
5
5
5
5
5
5
5
5
5
5
5
5
5
5
5
5
5
5
5
5
5
5
5
5
5
5
5
5
5
5
5
5
5
5
5
5
5
5
5
5
5
5
5
5
5
5
5
5
5
5
5
5
5
5
5
5
5
5
5
5
5
5
5
5
5
5
5
5
5
5
5
5
5
5
5
5
5
5
5
5
5
5
5
5
5
5
5
5
5
5
5
5
5
5
5
5
5
5
5
5
5
5
5
5
5
5
5
5
5
5
5
5
5
5
5
5
5
5
5
5
5
5
5
5
5
5
5
5
5
5
5
5
5
5
5
5
5
5
5
5
5
5
5
5
5
5
5
5
5
5
5
5
5
5
5
5
5
5
5
5
5
5
5
5
5
5
5
5
5
5
5
5
5
5
5
5
5
5
5
5
5
5
5
5
5
5
5
5
5
5
5
5
5
5
5
5
5
5
5
5
5
5
5
5
5
5
5
5
5
5
5
5
5
5
5
5
5
5
5
5
5
5
5
5
5
5
5
5
5
5
5
5
5
5
5
5
5
5
5
5
5
5
5
5
5
5
5
5
5
5
5
5
5
5
5
5
5
5
5
5
5
5
5
5
5
5
5
5
5
5
5
5
5
5
5
5
5
5
5
5
5
5
5
5
5
5
5
5
5
5
5
5
5
5
5
5
5
5
5
5
5
5
5
5
5
5
5
5
5
5
5
5
5
5
5
5
5
5
5
5
5
5
5
5
5
5
5
5
5
5
5
5
5
5
5
5
5
5
5
5
5
5
5
5
5
5
5
5
5
5
5
5
5
5
5
5
5
5
5
5
5
5
5
5
5
5
5
5
5
5
5
5
5
5
5
5
5
5
5
5
5
5
5
5
5
5
5
5
5
5
5
5
5
5
5
5
5
5
5
5
5
5
5
5
5
5
5
5
5
5
5
5
5
5
5
5
5
5
5
5
5
5
5
5
5
5
5
5
5
5
5
5
5
5
5
5
5
5
5
5
5
5
5
5
5
5
5
5
5
5
5
5
5
5
5
5
5
5
5
5
5
5
5
5
5
5
5
5
5
5
5
5
5
5
5
5
5
5
5
5
5
5
5
5
5
5
5
5
5
5
5
5
5
5
5
5
5
5
5
5
5
5
5
5
5
5
5
5
5
5
5
5
5
5
5
5
5
5
5
5
5
5
5
5
5
5
5
5
5
5
5
5
5
5
5
5
5
5
5
5
5
5
5
5
5
5
5
5
5
5
5
5
5
5
5
5
5
5
5
5
5
5
5
5
5
5
5
5
5
5
5
5
5
5
5
5
5
5
5
5
5
5
5
5
5
5
5
5
5
5
5
5
5
5
5
5
5
5
5
5
5
5
5
5
5
5
5
5
5
5
5
5
5
5
5
5
5
5
5
5
5
5
5
5
5
5
5
5
5
5
5
5
5
5
5
5
5
5
5
5
5
5
5
5
5
5
5
5
5
5
5
5
5
5
5
5
5
5
5
5
5
5
5
5
5
5
5
5
5
5
5
5
5
5
5
5
5
5
5
5
5
5
5
5
5
5
5
5
5
5
5
5
5
5
5
5
5
5
5
5
5
5
5
5
5
5
5
5
5
5
5
5
5
5
5
5
5
5
5
5
5
5
5
5
5
5
5
5
5
5
5
5
5
5
5
5
5
5
5
5
5
5
5
5
5
5
5
5
5
5
5
5
5
5
5
5
5
5
5
5
5
5
5
5
5
5
5
5
5
5
5
5
5
5
5
5
5
5
5
5
5
5
5
5
5
5
5
5
5
5
5
5
5
5
5
5
5
5
5
5
5
5
5
5
5
5
5
5
5
5
5
5
5
5
5
5
5
5
5
5
5
5
5
5
5
5
5
5
5
5
5
5
5
5
5
5
5
5
5
5
5
5
5
5
5
5
5
5
5
5
5
5
5
5
5
5
5
5
5
5
5
5
5
5
5
5
5
5
5
5
5
5
5
5
5
5
5
5
5
5
5
5
5
5
5
5
5
5
5
5
5
5
5
5
5
5
5
5
5
5
5
5
5
5
5
5
5
5
5
5
5
5
5
5
5
5
5
5
5
5
5
5
5
5
5
5
5
5
5
5
5
5
5
5
5
5
5
5
5
5
5
5
5
5
5
5
5
5
5
5
5
5
5
5
5
5
5
5
5
5
5
5
5
5
5
5
5
5
5
5
5
5
5
5
5
5
5
5
5
5
5
5
5
5
5
5
5
5
5
5
5
5
5
5
5
5
5
5
5
5
5
5
5
5
5
5
5
5
5
5
5
5
5
5
5
5
5
5
5
5
5
5
5
5
5
5
5
5
5
5
5
5
5
5
5
5
5
5
5
5
5
5
5
5
5
5
5
5
5
5
5
5
5
5
5
5
5
5
5
5
5
5
5
5
5
5
5
5
5
5
5
5
5
5
5
5
5
5
5
5
5
5
5
5
5
5
5
5
5
5
5
5
5
5
5
5
5
5
5
5
5
5
5
5
5
5
5
5
5
5
5
5
5
5
5
5
5
5
5
5
5
5
5
5
5
5
5
5
5
5
5
5
5
5
5
5
5
5
5
5
5
5
5
5
5
5
5
5
5
5
5
5
5
5
5
5
5
5
5
5
5
5
5
5
5
5
5
5
5
5
5
5
5
5
5
5
5
5
5
5
5
5
5
5
5
5
5
5
5
5
5
5
5
5
5
5
5
5
5
5
5
5
5
5
5
5
5
5
5
5
5
5
5
5
5
5
5
5
5
5
5
5
5
5
5
5
5
5
5
5
5
5
5
5
5
5
5
5
5
5
5
5
5
5
5
5
5
5
5
5
5
5
5
5
5
5
5
5
5
5
5
5
5
5
5
5
5
5
5
5
5
5
5
5
5
5
5
5
5
5
5
5
5
5
5
5
5
5
5
5
5
5
5
5
5
5
5
5
5
5
5
5
5
5
5
5
5
5
5
5
5
5
5
5
5
5
5
5
5
5
5
5
5
5
5
5
5
5
5
5
5
5
5
5
5
5
5
5
5
5
5
5
5
5
5
5
5
5
5
5
5
5
5
5
5
5
5
5
5
5
5
5
5
5
5
5
5
5
5
5
5
5
5
5
5
5
5
5
5
5
5
5
5
5
5
5
5
5
5
5
5
5
5
5
5
5
5
5
5
5
5
5
5
5
5
5
5
5
5
5
5
5
5
5
5
5
5
5
5
5
5
5
5
5
5
5
5
5
5
5
5
5
5
5
5
5
5
5
5
5
5
5
5
5
5
5
5
5
5
5
5
5
5
5
5
5
5
5
5
5
5
5
5
5
5
5
5
5
5
5
5
5
5
5
5
5
5
5
5
5
5
5
5
5
5
5
5
5
5
5
5
5
5
5
5
5
5
5
5
5
5
5
5
5
5
5
5
5
5
5
5
5
5
5
5
5
5
5
5
5
5
5
5
5
5
5
5
5
5
5
5
5
5
5
5
5
5
5
5
5
5
5
5
5
5
5
5
5
5
5
5
5
5
5
5
5
5
5
5
5
5
5
5
5
5
5
5
5
5
5
5
5
5
5
5
5
5
5
5
5
5
5
5
5
5
5
5
5
5
5
5
5
5
5
5
5
5
5
5
5
5
5
5
5
5
5
5
5
5
5
5
5
5
5
5
5
5
5
5
5
5
5
5
5
5
5
5
5
5
5
5
5
5
5
5
5
5
5
5
5
5
5
5
5
5
5
5
5
5
5
5
5
5
5
5
5
5
5
5
5
5
5
5
5
5
5
5
5
5
5
5
5
5
5
5
5
5
5
5
5
5
5
5
5
5
5
5
5
5
5
5
5
5
5
5
5
5
5
5
5
5
5
5
5
5
5
5
5
5
5
5
5
5
5
5
5
5
5
5
5
5
5
5
5
5
5
5
5
5
5
5
5
5
5
5
5
5
5
5
5
5
5
5
5
5
5
5
5
5
5
5
5
5
5
5
5
5
5
5
5
5
5
5
5
5
5
5
5
5
5
5
5
5
5
5
5
5
5
5
5
5
5
5
5
5
5
5
5
5
5
5
5
5
5
5
5
5
5
5
5
5
5
5
5
5
5
5
5
5
5
5
5
5
5
5
5
5
5
5
5
5
5
5
5
5
5
5
5
5
5
5
5
5
5
5
5
5
5
5
5
5
5
5
5
5
5
5
5
5
5
5
5
5
5
5
5
5
5
5
5
5
5
5
5
5
5
5
5
5
5
5
5
5
5
5
5
5
5
5
5
5
5
5
5
5
5
5
5
5
5
5
5
5
5
5
5
5
5
5
5
5
5
5
5
5
5
5
5
5
5
5
5
5
5
5
5
5
5
5
5
5
5
5
5
5
5
5
5
5
5
5
5
5
5
5
5
5
5
5
5
5
5
5
5
5
5
5
5
5
5
5
5
5
5
5
5
5
5
5
5
5
5
5
5
5
5
5
5
5
5
5
5
5
5
5
5
5
5
5
5
5
5
5
5
5
5
5
5
5
5
5
5
5
5
5
5
5
5
5
5
5
5
5
5
5
5
5
5
5
5
5
5
5
5
5
5
5
5
5
5
5
5
5
5
5
5
5
5
5
5
5
5
5
5
5
5
5
5
5
5
5
5
5
5
5
5
5
5
5
5
5
5
5
5
5
5
5
5
5
5
5
5
5
5
5
5
5
5
5
5
5
5
5
5
5
5
5
5
5
5
5
5
5
5
5
5
5
5
5
5
5
5
5
5
5
5
5
5
5
5
5
5
5
5
5
5
5
5
5
5
5
5
5
5
5
5
5
5
5
5
5
5
5
5
5
5
5
5
5
5
5
5
5
5
5
5
5
5
5
5
5
5
5
5
5
5
5
5
5
5
5
5
5
5
5
5
5
5
5
5
5
5
5
5
5
5
5
5
5
5
5
5
5
5
5
5
5
5
5
5
5
5
5
5
5
5
5
5
5
5
5
5
5
5
5
5
5
5
5
5
5
5
5
5
5
5
5
5
5
5
5
5
5
5
5
5
5
5
5
5
5
5
5
5
5
5
5
5
5
5
5
5
5
5
5
5
5
5
5
5
5
5
5
5
5
5
5
5
5
5
5
5
5
5
5
5
5
5
5
5
5
5
5
5
5
5
5
5
5
5
5
5
5
5
5
5
5
5
5
5
5
5
5
5
5
5
5
5
5
5
5
5
5
5
5
5
5
5
5
5
5
5
5
5
5
5
5
5
5
5
5
5
5
5
5
5
5
5
5
5
5
5
5
5
5
5
5
5
5
5
5
5
5
5
5
5
5
5
5
5
5
5
5
5
5
5
5
5
5
5
5
5
5
5
5
5
5
5
5
5
5
5
5
5
5
5
5
5
5
5
5
5
5
5
5
5
5
5
5
5
5
5
5
5
5
5
5
5
5
5
5
5
5
5
5
5
5
5
5
5
5
5
5
5
5
5
5
5
5
5
5
5
5
5
5
5
5
5
5
5
5
5
5
5
5
5
5
5
5
5
5
5
5
5
5
5
5
5
5
5
5
5
5
5
5
5
5
5
5
5
5
5
5
5
5
5
5
5
5
5
5
5
5
5
5
5
5
5
5
5
5
5
5
5
5
5
5
5
5
5
5
5
5
5
5
5
5
5
5
5
5
5
5
5
5
5
5
5
5
5
5
5
5
5
5
5
5
5
5
5
5
5
5
5
5
5
5
5
5
5
5
5
5
5
5
5
5
5
5
5
5
5
5
5
5
5
5
5
5
5
5
5
5
5
5
5
5
5
5
5
5
5
5
5
5
5
5
5
5
5
5
5
5
5
5
5
5
5
5
5
5
5
5
5
5
5
5
5
5
5
5
5
5
5
5
5
5
5
5
5
5
5
5
5
5
5
5
5
5
5
5
5
5
5
5
5
5
5
5
5
5
5
5
5
5
5
5
5
5
5
5
5
5
5
5
5
5
5
5
5
5
5
5
5
5
5
5
5
5
5
5
5
5
5
5
5
5
5
5
5
5
5
5
5
5
5
5
5
5
5
5
5
5
5
5
5
5
5
5
5
5
5
5
5
5
5
5
5
5
5
5
5
5
5
5
5
5
5
5
5
5
5
5
5
5
5
5
5
5
5
5
5
5
5
5
5
5
5
5
5
5
5
5
5
5
5
5
5
5
5
5
5
5
5
5
5
5
5
5
5
5
5
5
5
5
5
5
5
5
5
5
5
5
5
5
5
5
5
5
5
5
5
5
5
5
5
5
5
5
5
5
5
5
5
5
5
5
5
5
5
5
5
5
5
5
5
5
5
5
5
5
5
5
5
5
5
5
5
5
5
5
5
5
5
5
5
5
5
5
5
5
5
5
5
5
5
5
5
5
5
5
5
5
5
5
5
5
5
5
5
5
5
5
5
5
5
5
5
5
5
5
5
5
5
5
5
5
5
5
5
5
5
5
5
5
5
5
5
5
5
5
5
5
5
5
5
5
5
5
5
5
5
5
5
5
5
5
5
5
5
5
5
5
5
5
5
5
5
5
5
5
5
5
5
5
5
5
5
5
5
5
5
5
5
5
5
5
5
5
5
5
5
5
5
5
5
5
5
5
5
5
5
5
5
5
5
5
5
5
5
5
5
5
5
5
5
5
5
5
5
5
5
5
5
5
5
5
5
5
5
5
5
5
5
5
5
5
5
5
5
5
5
5
5
5
5
5
5
5
5
5
5
5
5
5
5
5
5
5
5
5
5
5
5
5
5
5
5
5
5
5
5
5
5
5
5
5
5
5
5
5
5
5
5
5
5
5
5
5
5
5
5
5
5
5
5
5
5
5
5
5
5
5
5
5
5
5
5
5
5
5
5
5
5
5
5
5
5
5
5
5
5
5
5
5
5
5
5
5
5
5
5
5
5
5
5
5
5
5
5
5
5
5
5
5
5
5
5
5
5
5
5
5
5
5
5
5
5
5
5
5
5
5
5
5
5
5
5
5
5
5
5
5
5
5
5
5
5
5
5
5
5
5
5
5
5
5
5
5
5
5
5
5
5
5
5
5
5
5
5
5
5
5
5
5
5
5
5
5
5
5
5
5
5
5
5
5
5
5
5
5
5
5
5
5
5
5
5
5
5
5
5
5
5
5
5
5
5
5
5
5
5
5
5
5
5
5
5
5
5
5
5
5
5
5
5
5
5
5
5
5
5
5
5
5
5
5
5
5
5
5
5
5
5
5
5
5
5
5
5
5
5
5
5
5
5
5
5
5
5
5
5
5
5
5
5
5
5
5
5
5
5
5
5
5
5
5
5
5
5
5
5
5
5
5
5
5
5
5
5
5
5
5
5
5
5
5
5
5
5
5
5
5
5
5
5
5
5
5
5
5
5
5
5
5
5
5
5
5
5
5
5
5
5
5
5
5
5
5
5
5
5
5
5
5
5
5
5
5
5
5
5
5
5
5
5
5
5
5
5
5
5
5
5
5
5
5
5
5
5
5
5
5
5
5
5
5
5
5
5
5
5
5
5
5
5
5
5
5
5
5
5
5
5
5
5
5
5
5
5
5
5
5
5
5
5
5
5
5
5
5
5
5
5
5
5
5
5
5
5
5
5
5
5
5
5
5
5
5
5
5
5
5
5
5
5
5
5
5
5
5
5
5
5
5
5
5
5
5
5
5
5
5
5
5
5
5
5
5
5
5
5
5
5
5
5
5
5
5
5
5
5
5
5
5
5
5
5
5
5
5
5
5
5
5
5
5
5
5
5
5
5
5
5
5
5
5
5
5
5
5
5
5
5
5
5
5
5
5
5
5
5
5
5
5
5
5
5
5
5
5
5
5
5
5
5
5
5
5
5
5
5
5
5
5
5
5
5
5
5
5
5
5
5
5
5
5
5
5
5
5
5
5
5
5
5
5
5
5
5
5
5
5
5
5
5
5
5
5
5
5
5
5
5
5
5
5
5
5
5
5
5
5
5
5
5
5
5
5
5
5
5
5
5
5
5
5
5
5
5
5
5
5
5
5
5
5
5
5
5
5
5
5
5
5
5
5
5
5
5
5
5
5
5
5
5
5
5
5
5
5
5
5
5
5
5
5
5
5
5
5
5
5
5
5
5
5
5
5
5
5
5
5
5
5
5
5
5
5
5
5
5
5
5
5
5
5
5
5
5
5
5
5
5
5
5
5
5
5
5
5
5
5
5
5
5
5
5
5
5
5
5
5
5
5
5
5
5
5
5
5
5
5
5
5
5
5
5
5
5
5
5
5
5
5
5
5
5
5
5
5
5
5
5
5
5
5
5
5
5
5
5
5
5
5
5
5
5
5
5
5
5
5
5
5
5
5
5
5
5
5
5
5
5
5
5
5
5
5
5
5
5
5
5
5
5
5
5
5
5
5
5
5
5
5
5
5
5
5
5
5
5
5
5
5
5
5
5
5
5
5
5
5
5
5
5
5
5
5
5
5
5
5
5
5
5
5
5
5
5
5
5
5
5
5
5
5
5
5
5
5
5
5
5
5
5
5
5
5
5
5
5
5
5
5
5
5
5
5
5
5
5
5
5
5
5
5
5
5
5
5
5
5
5
5
5
5
5
5
5
5
5
5
5
5
5
5
5
5
5
5
5
5
5
5
5
5
5
5
5
5
5
5
5
5
5
5
5
5
5
5
5
5
5
5
5
5
5
5
5
5
5
5
5
5
5
5
5
5
5
5
5
5
5
5
5
5
5
5
5
5
5
5
5
5
5
5
5
5
5
5
5
5
5
5
5
5
5
5
5
5
5
5
5
5
5
5
5
5
5
5
5
5
5
5
5
5
5
5
5
5
5
5
5
5
5
5
5
5
5
5
5
5
5
5
5
5
5
5
5
5
5
5
5
5
5
5
5
5
5
5
5
5
5
5
5
5
5
5
5
5
5
5
5
5
5
5
5
5
5
5
5
5
5
5
5
5
5
5
5
5
5
5
5
5
5
5
5
5
5
5
5
5
5
5
5
5
5
5
5
5
5
5
5
5
5
5
5
5
5
5
5
5
5
5
5
5
5
5
5
5
5
5
5
5
5
5
5
5
5
5
5
5
5
5
5
5
5
5
5
5
5
5
5
5
5
5
5
5
5
5
5
5
5
5
5
5
5
5
5
5
5
5
5
5
5
5
5
5
5
5
5
5
5
5
5
5
5
5
5
5
5
5
5
5
5
5
5
5
5
5
5
5
5
5
5
5
5
5
5
5
5
5
5
5
5
5
5
5
5
5
5
5
5
5
5
5
5
5
5
5
5
5
5
5
5
5
5
5
5
5
5
5
5
5
5
5
5
5
5
5
5
5
5
5
5
5
5
5
5
5
5
5
5
5
5
5
5
5
5
5
5
5
5
5
5
5
5
5
5
5
5
5
5
5
5
5
5
5
5
5
5
5
5
5
5
5
5
5
5
5
5
5
5
5
5
5
5
5
5
5
5
5
5
5
5
5
5
5
5
5
5
5
5
5
5
5
5
5
5
5
5
5
5
5
5
5
5
5
5
5
5
5
5
5
5
5
5
5
5
5
5
5
5
5
5
5
5
5
5
5
5
5
5
5
5
5
5
5
5
5
5
5
5
5
5
5
5
5
5
5
5
5
5
5
5
5
5
5
5
5
5
5
5
5
5
5
5
5
5
5
5
5
5
5
5
5
5
5
5
5
5
5
5
5
5
5
5
5
5
5
5
5
5
5
5
5
5
5
5
5
5
5
5
5
5
5
5
5
5
5
5
5
5
5
5
5
5
5
5
5
5
5
5
5
5
5
5
5
5
5
5
5
5
5
5
5
5
5
5
5
5
5
5
5
5
5
5
5
5
5
5
5
5
5
5
5
5
5
5
5
5
5
5
5
5
5
5
5
5
5
5
5
5
5
5
5
5
5
5
5
5
5
5
5
5
5
5
5
5
5
5
5
5
5
5
5
5
5
5
5
5
5
5
5
5
5
5
5
5
5
5
5
5
10
10
10
10
10
10
10
10
10
10
10
10
10
10
10
10
10
10
10
10
10
10
10
10
10
10
10
10
10
10
10
10
10
10
10
10
10
10
10
10
10
10
10
10
10
10
10
10
10
10
10
10
10
10
10
10
10
10
10
10
10
10
10
10
10
10
10
10
10
10
10
10
10
10
10
10
10
10
10
10
10
10
10
10
10
10
10
10
10
10
10
10
10
10
10
10
10
10
10
10
10
10
10
10
10
10
10
10
10
10
10
10
10
10
10
10
10
10
10
10
10
10
10
10
10
10
10
10
10
10
10
10
10
10
10
10
10
10
10
10
10
10
10
10
10
10
10
10
10
10
10
10
10
10
10
10
10
10
10
10
10
10
10
10
10
10
10
10
10
10
10
10
10
10
10
10
10
10
10
10
10
10
10
10
10
10
10
10
10
10
10
10
10
10
10
10
10
10
10
10
10
10
10
10
10
10
10
10
10
10
10
10
10
10
10
10
10
10
10
10
10
10
10
10
10
10
10
10
10
10
10
10
10
10
10
10
10
10
10
10
10
10
10
10
10
10
10
10
10
10
10
10
10
10
10
10
10
10
10
10
10
10
10
10
10
10
10
10
10
10
10
10
10
10
10
10
10
10
10
10
10
10
10
10
10
10
10
10
10
10
10
10
10
10
10
10
10
10
10
10
10
10
10
10
10
10
10
10
10
10
10
10
10
10
10
10
10
10
10
10
10
10
10
10
10
10
10
10
10
10
10
10
10
10
10
10
10
10
10
10
10
10
10
10
10
10
10
10
10
10
10
10
10
10
10
10
10
10
10
10
10
10
10
10
10
10
10
10
10
10
10
10
10
10
10
10
10
10
10
10
10
10
10
10
10
10
10
10
10
10
10
10
10
10
10
10
10
10
10
10
10
10
10
10
10
10
10
10
10
10
10
10
10
10
10
10
10
10
10
10
10
10
10
10
10
10
10
10
10
10
10
10
10
10
10
10
10
10
10
10
10
10
10
10
10
10
10
10
10
10
10
10
10
10
10
10
10
10
10
10
10
10
10
10
10
10
10
10
10
10
10
10
10
10
10
10
10
10
10
10
10
10
10
10
10
10
10
10
10
10
10
10
10
10
10
10
10
10
10
10
10
10
10
10
10
10
10
10
10
10
10
10
10
10
10
10
10
10
10
10
10
10
10
10
10
10
10
10
10
10
10
10
10
10
10
10
10
10
10
10
10
10
10
10
10
10
10
10
10
10
10
10
10
10
10
10
10
10
10
10
10
10
10
10
10
10
10
10
10
10
10
10
10
10
10
10
10
10
10
10
10
10
10
10
10
10
10
10
10
10
10
10
10
10
10
10
10
10
10
10
10
10
10
10
10
10
10
10
10
10
10
10
10
10
10
10
10
10
10
10
10
10
10
10
10
10
10
10
10
10
10
10
10
10
10
10
10
10
10
10
10
10
10
10
10
10
10
10
10
10
10
10
10
10
10
10
10
10
10
10
10
10
10
10
10
10
10
10
10
10
10
10
10
10
10
10
10
10
10
10
10
10
10
10
10
10
10
10
10
10
10
10
10
10
10
10
10
10
10
10
10
10
10
10
10
10
10
10
10
10
10
10
10
10
10
10
10
10
10
10
10
10
10
10
10
10
10
10
10
10
10
10
10
10
10
10
10
10
10
10
10
10
10
10
10
10
10
10
10
10
10
10
10
10
10
10
10
10
10
10
10
10
10
10
10
10
10
10
10
10
10
10
10
10
10
10
10
10
10
10
10
10
10
10
10
10
10
10
10
10
10
10
10
10
10
10
10
10
10
10
10
10
10
10
10
10
10
10
10
10
10
10
10
10
10
10
10
10
10
10
10
10
10
10
10
10
10
10
10
10
10
10
10
10
10
10
10
10
10
10
10
10
10
10
10
10
10
10
10
10
10
10
10
10
10
10
10
10
10
10
10
10
10
10
10
10
10
10
10
10
10
10
10
10
10
10
10
10
10
10
10
10
10
10
10
10
10
10
10
10
10
10
10
10
10
10
10
10
10
10
10
10
10
10
10
10
10
10
10
10
10
10
10
10
10
10
10
10
10
10
10
10
10
10
10
10
10
10
10
10
10
10
10
10
10
10
10
10
10
10
10
10
10
10
10
10
10
10
10
10
10
10
10
10
10
10
10
10
10
10
10
10
10
10
10
10
10
10
10
10
10
10
10
10
10
10
10
10
10
10
10
10
10
10
10
10
10
10
10
10
10
10
10
10
10
10
10
10
10
10
10
10
10
10
10
10
10
10
10
10
10
10
10
10
10
10
10
10
10
10
10
10
10
10
10
10
10
10
10
10
10
10
10
10
10
10
10
10
10
10
10
10
10
10
10
10
10
10
10
10
10
10
10
10
10
10
10
10
10
10
10
10
10
10
10
10
10
10
10
10
10
10
10
10
10
10
10
10
10
10
10
10
10
10
10
10
10
10
10
10
10
10
10
10
10
10
10
10
10
10
10
10
10
10
10
10
10
10
10
10
10
10
10
10
10
10
10
10
10
10
10
10
10
10
10
10
10
10
10
10
10
10
10
10
10
10
10
10
10
10
10
10
10
10
10
10
10
10
10
10
10
10
10
10
10
10
10
10
10
10
10
10
10
10
10
10
10
10
10
10
10
10
10
10
10
10
10
10
10
10
10
10
10
10
10
10
10
10
10
10
10
10
10
10
10
10
10
10
10
10
10
10
10
10
10
10
10
10
10
10
10
10
10
10
10
10
10
10
10
10
10
10
10
10
10
10
10
10
10
10
10
10
10
10
10
10
10
10
10
10
10
10
10
10
10
10
10
10
10
10
10
10
10
10
10
10
10
10
10
10
10
10
10
10
10
10
10
10
10
10
10
10
10
10
10
10
10
10
10
10
10
10
10
10
10
10
10
10
10
10
10
10
10
10
10
10
10
10
10
10
10
10
10
10
10
10
10
10
10
10
10
10
10
10
10
10
10
10
10
10
10
10
10
10
10
10
10
10
10
10
10
10
10
10
10
10
10
10
10
10
10
10
10
10
10
10
10
10
10
10
10
10
10
10
10
10
10
10
10
10
10
10
10
10
10
10
10
10
10
10
10
10
10
10
10
10
10
10
10
10
10
10
10
10
10
10
10
10
10
10
10
10
10
10
10
10
10
10
10
10
10
10
10
10
10
10
10
10
10
10
10
10
10
10
10
10
10
10
10
10
10
10
10
10
10
10
10
10
10
10
10
10
10
10
10
10
10
10
10
10
10
10
10
10
10
10
10
10
10
10
10
10
10
10
10
10
10
10
10
10
10
10
10
10
10
10
10
10
10
10
10
10
10
10
10
10
10
10
10
10
10
10
10
10
10
10
10
10
10
10
10
10
10
10
10
10
10
10
10
10
10
10
10
10
10
10
10
10
10
10
10
10
10
10
10
10
10
10
10
10
10
10
10
10
10
10
10
10
10
10
10
10
10
10
10
10
10
10
10
10
10
10
10
10
10
10
10
10
10
10
10
10
10
10
10
10
10
10
10
10
10
10
10
10
10
10
10
10
10
10
10
10
10
10
10
10
10
10
10
10
10
10
10
10
10
10
10
10
10
10
10
10
10
10
10
10
10
10
10
10
10
10
10
10
10
10
10
10
10
10
10
10
10
10
10
10
10
10
10
10
10
10
10
10
10
10
10
10
10
10
10
10
10
10
10
10
10
10
10
10
10
10
10
10
10
10
10
10
10
10
10
10
10
10
10
10
10
10
10
10
10
10
10
10
10
10
10
10
10
10
10
10
10
10
10
10
10
10
10
10
10
10
10
10
10
10
10
10
10
10
10
10
10
10
10
10
10
10
10
10
10
10
10
10
10
10
10
10
10
10
10
10
10
10
10
10
10
10
10
10
10
10
10
10
10
10
10
10
10
10
10
10
10
10
10
10
10
10
10
10
10
10
10
10
10
10
10
10
10
10
10
10
10
10
10
10
10
10
10
10
10
10
10
10
10
10
10
10
10
10
10
10
10
10
10
10
10
10
10
10
10
10
10
10
10
10
10
10
10
10
10
10
10
10
10
10
10
10
10
10
10
10
10
10
10
10
10
10
10
10
10
10
10
10
10
10
10
10
10
10
10
10
10
10
10
10
10
10
10
10
10
10
10
10
10
10
10
10
10
10
10
10
10
10
10
10
10
10
10
10
10
10
10
10
10
10
10
10
10
10
10
10
10
10
10
10
10
10
10
10
10
10
10
10
10
10
10
10
10
10
10
10
10
10
10
10
10
10
10
10
10
10
10
10
10
10
10
10
10
10
10
10
10
10
10
10
10
10
10
10
10
10
10
10
10
10
10
10
10
10
10
10
10
10
10
10
10
10
10
10
10
10
10
10
10
10
10
10
10
10
10
10
10
10
10
10
10
10
10
10
10
10
10
10
10
10
10
10
10
10
10
10
10
10
10
10
10
10
10
10
10
10
10
10
10
10
10
10
10
10
10
10
10
10
10
10
10
10
10
10
10
10
10
10
10
10
10
10
10
10
10
10
10
10
10
10
10
10
10
10
10
10
10
10
10
10
10
10
10
10
10
10
10
10
10
10
10
10
10
10
10
10
10
10
10
10
10
10
10
10
10
10
10
10
10
10
10
10
10
10
10
10
10
10
10
10
10
10
10
10
10
10
10
10
10
10
10
10
10
10
10
10
10
10
10
10
10
10
10
10
10
10
10
10
10
10
10
10
10
10
10
10
10
10
10
10
10
10
10
10
10
10
10
10
10
10
10
10
10
10
10
10
10
10
10
10
10
10
10
10
10
10
10
10
10
10
10
10
10
10
10
10
10
10
10
10
10
10
10
10
10
10
10
10
10
10
10
10
10
10
10
10
10
10
10
10
10
10
10
10
10
10
10
10
10
10
10
10
10
10
10
10
10
10
10
10
10
10
10
10
10
10
10
10
10
10
10
10
10
10
10
10
10
10
10
10
10
10
10
10
10
10
10
10
10
10
10
10
10
10
10
10
10
10
10
10
10
10
10
10
10
10
10
10
10
10
10
10
10
10
10
10
10
10
10
10
10
10
10
10
10
10
10
10
10
10
10
10
10
10
10
10
10
10
10
10
10
10
10
10
10
10
10
10
10
10
10
10
10
10
10
10
10
10
10
10
10
10
10
10
10
10
10
10
10
10
10
10
10
10
10
10
10
10
10
10
10
10
10
10
10
10
10
10
10
10
10
10
10
10
10
10
10
10
10
10
10
10
10
10
10
10
10
10
10
10
10
10
10
10
10
10
10
10
10
10
10
10
10
10
10
10
10
10
10
10
10
10
10
10
10
10
10
10
10
10
10
10
10
10
10
10
10
10
10
10
10
10
10
10
10
10
10
10
10
10
10
10
10
10
10
10
10
10
10
10
10
10
10
10
10
10
10
10
10
10
10
10
10
10
10
10
10
10
10
10
10
10
10
10
10
10
10
10
10
10
10
10
10
10
10
10
10
10
10
10
10
10
10
10
10
10
10
10
10
10
10
10
10
10
10
10
10
10
10
10
10
10
10
10
10
10
10
10
10
10
10
10
10
10
10
10
10
10
10
10
10
10
10
10
10
10
10
10
10
10
10
10
10
10
10
10
10
10
10
10
10
10
10
10
10
10
10
10
10
10
10
10
10
10
10
10
10
10
10
10
10
10
10
10
10
10
10
10
10
10
10
10
10
10
10
10
10
10
10
10
10
10
10
10
10
10
10
10
10
10
10
10
10
10
10
10
10
10
10
10
10
10
10
10
10
10
10
10
10
10
10
10
10
10
10
10
10
10
10
10
10
10
10
10
10
10
10
10
10
10
10
10
10
10
10
10
10
10
10
10
10
10
10
10
10
10
10
10
10
10
10
10
10
10
10
10
10
10
10
10
10
10
10
10
10
10
10
10
10
10
10
10
10
10
10
10
10
10
10
10
10
10
10
10
10
10
10
10
10
10
10
10
10
10
10
10
10
10
10
10
10
10
10
10
10
10
10
10
10
10
10
10
10
10
10
10
10
10
10
10
10
10
10
10
10
10
10
10
10
10
10
10
10
10
10
10
10
10
10
10
10
10
10
10
10
10
10
10
10
10
10
10
10
10
10
10
10
10
10
10
10
10
10
10
10
10
10
10
10
10
10
10
10
10
10
10
10
10
10
10
10
10
10
10
10
10
10
10
10
10
10
10
10
10
10
10
10
10
10
10
10
10
10
10
10
10
10
10
10
10
10
10
10
10
10
10
10
10
10
10
10
10
10
10
10
10
10
10
10
10
10
10
10
10
10
10
10
10
10
10
10
10
10
10
10
10
10
10
10
10
10
10
10
10
10
10
10
10
10
10
10
10
10
10
10
10
10
10
10
10
10
10
10
10
10
10
10
10
10
10
10
10
10
10
10
10
10
10
10
10
10
10
10
10
10
10
10
10
10
10
10
10
10
10
10
10
10
10
10
10
10
10
10
10
10
10
10
10
10
10
10
10
10
10
10
10
10
10
10
10
10
10
10
10
10
10
10
10
10
10
10
10
10
10
10
10
10
10
10
10
10
10
10
10
10
10
10
10
10
10
10
10
10
10
10
10
10
10
10
10
10
10
10
10
10
10
10
10
10
10
10
10
10
10
10
10
10
10
10
10
10
10
10
10
10
10
10
10
10
10
10
10
10
10
10
10
10
10
10
10
10
10
10
10
10
10
10
10
10
10
10
10
10
10
10
10
10
10
10
10
10
10
10
10
10
10
10
10
10
10
10
10
10
10
10
10
10
10
10
10
10
10
10
10
10
10
10
10
10
10
10
10
10
10
10
10
10
10
10
10
10
10
10
10
10
10
10
10
10
10
10
10
10
10
10
10
10
10
10
10
10
10
10
10
10
10
10
10
10
10
10
10
10
10
10
10
10
10
10
10
10
10
10
10
10
10
10
10
10
10
10
10
10
10
10
10
10
10
10
10
10
10
10
10
10
10
10
10
10
10
10
10
10
10
10
10
10
10
10
10
10
10
10
10
10
10
10
10
10
10
10
10
10
10
10
10
10
10
10
10
10
10
10
10
10
10
10
10
10
10
10
10
10
10
10
10
10
10
10
10
10
10
10
10
10
10
10
10
10
10
10
10
10
10
10
10
10
10
10
10
10
10
10
10
10
10
10
10
10
10
10
10
10
10
10
10
10
10
10
10
10
10
10
10
10
10
10
10
10
10
10
10
10
10
10
10
10
10
10
10
10
10
10
10
10
10
10
10
10
10
10
10
10
10
10
10
10
10
10
10
10
10
10
10
10
10
10
10
10
10
10
10
10
10
10
10
10
10
10
10
10
10
10
10
10
10
10
10
10
10
10
10
10
10
10
10
10
10
10
10
10
10
10
10
10
10
10
10
10
10
10
10
10
10
10
10
10
10
10
10
10
10
10
10
10
10
10
10
10
10
10
10
10
10
10
10
10
10
10
10
10
10
10
10
10
10
10
10
10
10
10
10
10
10
10
10
10
10
10
10
10
10
10
10
10
10
10
10
10
10
10
10
10
10
10
10
10
10
10
10
10
10
10
10
10
10
10
10
10
10
10
10
10
10
10
10
10
10
10
10
10
10
10
10
10
10
10
10
10
10
10
10
10
10
10
10
10
10
10
10
10
10
10
10
10
10
10
10
10
10
10
10
10
10
10
10
10
10
10
10
10
10
10
10
10
10
10
10
10
10
10
10
10
10
10
10
10
10
10
10
10
10
10
10
10
10
10
10
10
10
10
10
10
10
10
10
10
10
10
10
10
10
10
10
10
10
10
10
10
10
10
10
10
10
10
10
10
10
10
10
10
10
10
10
10
10
10
10
10
10
10
10
10
10
10
10
10
10
10
10
10
10
10
10
10
10
10
10
10
10
10
10
10
10
10
10
10
10
10
10
10
10
10
10
10
10
10
10
10
10
10
10
10
10
10
10
10
10
10
10
10
10
10
10
10
10
10
10
10
10
10
10
10
10
10
10
10
10
10
10
10
10
10
10
10
10
10
10
10
10
10
10
10
10
10
10
10
10
10
10
10
10
10
10
10
10
10
10
10
10
10
10
10
10
10
10
10
10
10
10
10
10
10
10
10
10
10
10
10
10
10
10
10
10
10
10
10
10
10
10
10
10
10
10
10
10
10
10
10
10
10
10
10
10
10
10
10
10
10
10
10
10
10
10
10
10
10
10
10
10
10
10
10
10
10
10
10
10
10
10
10
10
10
10
10
10
10
10
10
10
10
10
10
10
10
10
10
10
10
10
10
10
10
10
10
10
10
10
10
10
10
10
10
10
10
10
10
10
10
10
10
10
10
10
10
10
10
10
10
10
10
10
10
10
10
10
10
10
10
10
10
10
10
10
10
10
10
10
10
10
10
10
10
10
10
10
10
10
10
10
10
10
10
10
10
10
10
10
10
10
10
10
10
10
10
10
10
10
10
10
10
10
10
10
10
10
10
10
10
10
10
10
10
10
10
10
10
10
10
10
10
10
10
10
10
10
10
10
10
10
10
10
10
10
10
10
10
10
10
10
10
10
10
10
10
10
10
10
10
10
10
10
10
10
10
10
10
10
10
10
10
10
10
10
10
10
10
10
10
10
10
10
10
10
10
10
10
10
10
10
10
10
10
10
10
10
10
10
10
10
10
10
10
10
10
10
10
10
10
10
10
10
10
10
10
10
10
10
10
10
10
10
10
10
10
10
10
10
10
10
10
10
10
10
10
10
10
10
10
10
10
10
10
10
10
10
10
10
10
10
10
10
10
10
10
10
10
10
10
10
10
10
10
10
10
10
10
10
10
10
10
10
10
10
10
10
10
10
10
10
10
10
10
10
10
10
10
10
10
10
10
10
10
10
10
10
10
10
10
10
10
10
10
10
10
10
10
10
10
10
10
10
10
10
10
10
10
10
10
10
10
10
10
10
10
10
10
10
10
10
10
10
10
10
10
10
10
10
10
10
10
10
10
10
10
10
10
10
10
10
10
10
10
10
10
10
10
10
10
10
10
10
10
10
10
10
10
10
10
10
10
10
10
10
10
10
10
10
10
10
10
10
10
10
10
10
10
10
10
10
10
10
10
10
10
10
10
10
10
10
10
10
10
10
10
10
10
10
10
10
10
10
10
10
10
10
10
10
10
10
10
10
10
10
10
10
10
10
10
10
10
10
10
10
10
10
10
10
10
10
10
10
10
10
10
10
10
10
10
10
10
10
10
10
10
10
10
10
10
10
10
10
10
10
10
10
10
10
10
10
10
10
10
10
10
10
10
10
10
10
10
10
10
10
10
10
10
10
10
10
10
10
10
10
10
10
10
10
10
10
10
10
10
10
10
10
10
10
10
10
10
10
10
10
10
10
10
10
10
10
10
10
10
10
10
10
10
10
10
10
10
10
10
10
10
10
10
10
10
10
10
10
10
10
10
10
10
10
10
10
10
10
10
10
10
10
10
10
10
10
10
10
10
10
10
10
10
10
10
10
10
10
10
10
10
10
10
10
10
10
10
10
10
10
10
10
10
10
10
10
10
10
10
10
10
10
10
10
10
10
10
10
10
10
10
10
10
10
10
10
10
10
10
10
10
10
10
10
10
10
10
10
10
10
10
10
10
10
10
10
10
10
10
10
10
10
10
10
10
10
10
10
10
10
10
10
10
10
10
10
10
10
10
10
10
10
10
10
10
10
10
10
10
10
10
10
10
10
10
10
10
10
10
10
10
10
10
10
10
10
10
10
10
10
10
10
10
10
10
10
10
10
10
10
10
10
10
10
10
10
10
10
10
10
10
10
10
10
10
10
10
10
10
10
10
10
10
10
10
10
10
10
10
10
10
10
10
10
10
10
10
10
10
10
10
10
10
10
10
10
10
10
10
10
10
10
10
10
10
10
10
10
10
10
10
10
10
10
10
10
10
10
10
10
10
10
10
10
10
10
10
10
10
10
10
10
10
10
10
10
10
10
10
10
10
10
10
10
10
10
10
10
10
10
10
10
10
10
10
10
10
10
10
10
10
10
10
10
10
10
10
10
10
10
10
10
10
10
10
10
10
10
10
10
10
10
10
10
10
10
10
10
10
10
10
10
10
10
10
10
10
10
10
10
10
10
10
10
10
10
10
10
10
10
10
10
10
10
10
10
10
10
10
10
10
10
10
10
10
10
10
10
10
10
10
10
10
10
10
10
10
10
10
10
10
10
10
10
10
10
10
10
10
10
10
10
10
10
10
10
10
10
10
10
10
10
10
10
10
10
10
10
10
10
10
10
10
10
10
10
10
10
10
10
10
10
10
10
10
10
10
10
10
10
10
10
10
10
10
10
10
10
10
10
10
10
10
10
10
10
10
10
10
10
10
10
10
10
10
10
10
10
10
10
10
10
10
10
10
10
10
10
10
10
10
10
10
10
10
10
10
10
10
10
10
10
10
10
10
10
10
10
10
10
10
10
10
10
10
10
10
10
10
10
10
10
10
10
10
10
10
10
10
10
10
10
10
10
10
10
10
10
10
10
10
10
10
10
10
10
10
10
10
10
10
10
10
10
10
10
10
10
10
10
10
10
10
10
10
10
10
10
10
10
10
10
10
10
10
10
10
10
10
10
10
10
10
10
10
10
10
10
10
10
10
10
10
10
10
10
10
10
10
10
10
10
10
10
10
10
10
10
10
10
10
10
10
10
10
10
10
10
10
10
10
10
10
10
10
10
10
10
10
10
10
10
10
10
10
10
10
10
10
10
10
10
10
10
10
10
10
10
10
10
10
10
10
10
10
10
10
10
10
10
10
10
10
10
10
10
10
10
10
10
10
10
10
10
10
10
10
10
10
10
10
10
10
10
10
10
10
10
10
10
10
10
10
10
10
10
10
10
10
10
10
10
10
10
10
10
10
10
10
10
10
10
10
10
10
10
10
10
10
10
10
10
10
10
10
10
10
10
10
10
10
10
10
10
10
10
10
10
10
10
10
10
10
10
10
10
10
10
10
10
10
10
10
10
10
10
10
10
10
10
10
10
10
10
10
10
10
10
10
10
10
10
10
10
10
10
10
10
10
10
10
10
10
10
10
10
10
10
10
10
10
10
10
10
10
10
10
10
10
10
10
10
10
10
10
10
10
10
10
10
10
10
10
10
10
10
10
10
10
10
10
10
10
10
10
10
10
10
10
10
10
10
10
10
10
10
10
10
10
10
10
10
10
10
10
10
10
10
10
10
10
10
10
10
10
10
10
10
10
10
10
10
10
10
10
10
10
10
10
10
10
10
10
10
10
10
10
10
10
10
10
10
10
10
10
10
10
10
10
10
10
10
10
10
10
10
10
10
10
10
10
10
10
10
10
10
10
10
10
10
10
10
10
10
10
10
10
10
10
10
10
10
10
10
10
10
10
10
10
10
10
10
10
10
10
10
10
10
10
10
10
10
10
10
10
10
10
10
10
10
10
10
10
10
10
10
10
10
10
10
10
10
10
10
10
10
10
10
10
10
10
10
10
10
10
10
10
10
10
10
10
10
10
10
10
10
10
10
10
10
10
10
10
10
10
10
10
10
10
10
10
10
10
10
10
10
10
10
10
10
10
10
10
10
10
10
10
10
10
10
10
10
10
10
10
10
10
10
10
10
10
10
10
10
10
10
10
10
10
10
10
10
10
10
10
10
10
10
10
10
10
10
10
10
10
10
10
10
10
10
10
10
10
10
10
10
10
10
10
10
10
10
10
10
10
10
10
10
10
10
10
10
10
10
10
10
10
10
10
10
10
10
10
10
10
10
10
10
10
10
10
10
10
10
10
10
10
10
10
10
10
10
10
10
10
10
10
10
10
10
10
10
10
10
10
10
10
10
10
10
10
10
10
10
10
10
10
10
10
10
10
10
10
10
10
10
10
10
10
10
10
10
10
10
10
10
10
10
10
10
10
10
10
10
10
10
10
10
10
10
10
10
10
10
10
10
10
10
10
10
10
10
10
10
10
10
10
10
10
10
10
10
10
10
10
10
10
10
10
10
10
10
10
10
10
10
10
10
10
10
10
10
10
10
10
10
10
10
10
10
10
10
10
10
10
10
10
10
10
10
10
10
10
10
10
10
10
10
10
10
10
10
10
10
10
10
10
10
10
10
10
10
10
10
10
10
10
10
10
10
10
10
10
10
10
10
10
10
10
10
10
10
10
10
10
10
10
10
10
10
10
10
10
10
10
10
10
10
10
10
10
10
10
10
10
10
10
10
10
10
10
10
10
10
10
10
10
10
10
10
10
10
10
10
10
10
10
10
10
10
10
10
10
10
10
10
10
10
10
10
10
10
10
10
10
10
10
10
10
10
10
10
10
10
10
10
10
10
10
10
10
10
10
10
10
10
10
10
10
10
10
10
10
10
10
10
10
10
10
10
10
10
10
10
10
10
10
10
10
10
10
10
10
10
10
10
10
10
10
10
10
10
10
10
10
10
10
10
10
10
10
10
10
10
10
10
10
10
10
10
10
10
10
10
10
10
10
10
10
10
10
10
10
10
10
10
10
10
10
10
10
10
10
10
10
10
10
10
10
10
10
10
10
10
10
10
10
10
10
10
10
10
10
10
10
10
10
10
10
10
10
10
10
10
10
10
10
10
10
10
10
10
10
10
10
10
10
10
10
10
10
10
10
10
10
10
10
10
10
10
10
10
10
10
10
10
10
10
10
10
10
10
10
10
10
10
10
10
10
10
10
10
10
10
10
10
10
10
10
10
10
10
10
10
10
10
10
10
10
10
10
10
10
10
10
10
10
10
10
10
10
10
10
10
10
10
10
10
10
10
10
10
10
10
10
10
10
10
10
10
10
10
10
10
10
10
10
10
10
10
10
10
10
10
10
10
10
10
10
10
10
10
10
10
10
10
10
10
10
10
10
10
10
10
10
10
10
10
10
10
10
10
10
10
10
10
10
10
10
10
10
10
10
10
10
10
10
10
10
10
10
10
10
10
10
10
10
10
10
10
10
10
10
10
10
10
10
10
10
10
10
10
10
10
10
10
10
10
10
10
10
10
10
10
10
10
10
10
10
10
10
10
10
10
10
10
10
10
10
10
10
10
10
10
10
10
10
10
10
10
10
10
10
10
10
10
10
10
10
10
10
10
10
10
10
10
10
10
10
10
10
10
10
10
10
10
10
10
10
10
10
10
10
10
10
10
10
10
10
10
10
10
10
10
10
10
10
10
10
10
10
10
10
10
10
10
10
10
10
10
10
10
10
10
10
10
10
10
10
10
10
10
10
10
10
10
10
10
10
10
10
10
10
10
10
10
10
10
10
10
10
10
10
10
10
10
10
10
10
10
10
10
10
10
10
10
10
10
10
10
10
10
10
10
10
10
10
10
10
10
10
10
10
10
10
10
10
10
10
10
10
10
10
10
10
10
10
10
10
10
10
10
10
10
10
10
10
10
10
10
10
10
10
10
10
10
10
10
10
10
10
10
10
10
10
10
10
10
10
10
10
10
10
10
10
10
10
10
10
10
10
10
10
10
10
10
10
10
10
10
10
10
10
10
10
10
10
10
10
10
10
10
10
10
10
10
10
10
10
10
10
10
10
10
10
10
10
10
10
10
10
10
10
10
10
10
10
10
10
10
10
10
10
10
10
10
10
10
10
10
10
10
10
10
10
10
10
10
10
10
10
10
10
10
10
10
10
10
10
10
10
10
10
10
10
10
10
10
10
10
10
10
10
10
10
10
10
10
10
10
10
10
10
10
10
10
10
10
10
10
10
10
10
10
10
10
10
10
10
10
10
10
10
10
10
10
10
10
10
10
10
10
10
10
10
10
10
10
10
10
10
10
10
10
10
10
10
10
10
10
10
10
10
10
10
10
10
10
10
10
10
10
10
10
10
10
10
10
10
10
10
10
10
10
10
10
10
10
10
10
10
10
10
10
10
10
10
10
10
10
10
10
10
10
10
10
10
10
10
10
10
10
10
10
10
10
10
10
10
10
10
10
10
10
10
10
10
10
10
10
10
10
10
10
10
10
10
10
10
10
10
10
10
10
10
10
10
10
10
10
10
10
10
10
10
10
10
10
10
10
10
10
10
10
10
10
10
10
10
10
10
10
10
10
10
10
10
10
10
10
10
10
10
10
10
10
10
10
10
10
10
10
10
10
10
10
10
10
10
10
10
10
10
10
10
10
10
10
10
10
10
10
10
10
10
10
10
10
10
10
10
10
10
10
10
10
10
10
10
10
10
10
10
10
10
10
10
10
10
10
10
10
10
10
10
10
10
10
10
10
10
10
10
10
10
10
10
10
10
10
10
10
10
10
10
10
10
10
10
10
10
10
10
10
10
10
10
10
10
10
10
10
10
10
10
10
10
10
10
10
10
10
10
10
10
10
10
10
10
10
10
10
10
10
10
10
10
10
10
10
10
10
10
10
10
10
10
10
10
10
10
10
10
10
10
10
10
10
10
10
10
10
10
10
10
10
10
10
10
10
10
10
10
10
10
10
10
10
10
10
10
10
10
10
10
10
10
10
10
10
10
10
10
10
10
10
10
10
10
10
10
10
10
10
10
10
10
10
10
10
10
10
10
10
10
10
10
10
10
10
10
10
10
10
10
10
10
10
10
10
10
10
10
10
10
10
10
10
10
10
10
10
10
10
10
10
10
10
10
10
10
10
10
10
10
10
10
10
10
10
10
10
10
10
10
10
10
10
10
10
10
10
10
10
10
10
10
10
10
10
10
10
10
10
10
10
10
10
10
10
10
10
10
10
10
10
10
10
10
10
10
10
10
10
10
10
10
10
10
10
10
10
10
10
10
10
10
10
10
10
10
10
10
10
10
10
10
10
10
10
10
10
10
10
10
10
10
10
10
10
10
10
10
10
10
10
10
10
10
10
10
10
10
10
10
10
10
10
10
10
10
10
10
10
10
10
10
10
10
10
10
10
10
10
10
10
10
10
10
10
10
10
10
10
10
10
10
10
10
10
10
10
10
10
10
10
10
10
10
10
10
10
10
10
10
10
10
10
10
10
10
10
10
10
10
10
10
10
10
10
10
10
10
10
10
10
10
10
10
10
10
10
10
10
10
10
10
10
10
10
10
10
10
10
10
10
10
10
10
10
10
10
10
10
10
10
10
10
10
10
10
10
10
10
10
10
10
10
10
10
10
10
10
10
10
10
10
10
10
10
10
10
10
10
10
10
10
10
10
10
10
10
10
10
10
10
10
10
10
10
10
10
10
10
10
10
10
10
10
10
10
10
10
10
10
10
10
10
10
10
10
10
10
10
10
10
10
10
10
10
10
10
10
10
10
10
10
10
10
10
10
10
10
10
10
10
10
10
10
10
10
10
10
10
10
10
10
10
10
10
10
10
10
10
10
10
10
10
10
10
10
10
10
10
10
10
10
10
10
10
10
10
10
10
10
10
10
10
10
10
10
10
10
10
10
10
10
10
10
10
10
10
10
10
10
10
10
10
10
10
10
10
10
10
10
10
10
10
10
10
10
10
10
10
10
10
10
10
10
10
10
10
10
10
10
10
10
10
10
10
10
10
10
10
10
10
10
10
10
10
10
10
10
10
10
10
10
10
10
10
10
10
10
10
10
10
10
10
10
10
10
10
10
10
10
10
10
10
10
10
10
10
10
10
10
10
10
10
10
10
10
10
10
10
10
10
10
10
10
10
10
10
10
10
10
10
10
10
10
10
10
10
10
10
10
10
10
10
10
10
10
10
10
10
10
10
10
10
10
10
10
10
10
10
10
10
10
10
10
10
10
10
10
10
10
10
10
10
10
10
10
10
10
10
10
10
10
10
10
10
10
10
10
10
10
10
10
10
10
10
10
10
10
10
10
10
10
10
10
10
10
10
10
10
10
10
10
10
10
10
10
10
10
10
10
10
10
10
10
10
10
10
10
10
10
10
10
10
10
10
10
10
10
10
10
10
10
10
10
10
10
10
10
10
10
10
10
10
10
10
10
10
10
10
10
10
10
10
10
10
10
10
10
10
10
10
10
10
10
10
10
10
10
10
10
10
10
10
10
10
10
10
10
10
10
10
10
10
10
10
10
10
10
10
10
10
10
10
10
10
10
10
10
10
10
10
10
10
10
10
10
10
10
10
10
10
10
10
10
10
10
10
10
10
10
10
10
10
10
10
10
10
10
10
10
10
10
10
10
10
10
10
10
10
10
10
10
10
10
10
10
10
10
10
10
10
10
10
10
10
10
10
10
10
10
10
10
10
10
10
10
10
10
10
10
10
10
10
10
10
10
10
10
10
10
10
10
10
10
10
10
10
10
10
10
10
10
10
10
10
10
10
10
10
10
10
10
10
10
10
10
10
10
10
10
10
10
10
10
10
10
10
10
10
10
10
10
10
10
10
10
10
10
10
10
10
10
10
10
10
10
10
10
10
10
10
10
10
10
10
10
10
10
10
10
10
10
10
10
10
10
10
10
10
10
10
10
10
10
10
10
10
10
10
10
10
10
10
10
10
10
10
10
10
10
10
10
10
10
10
10
10
10
10
10
10
10
10
10
10
10
10
10
10
10
10
10
10
10
10
10
10
10
10
10
10
10
10
10
10
10
10
10
10
10
10
10
10
10
10
10
10
10
10
10
10
10
10
10
10
10
10
10
10
10
10
10
10
10
10
10
10
10
10
10
10
10
10
10
10
10
10
10
10
10
10
10
10
10
10
10
10
10
10
10
10
10
10
10
10
10
10
10
10
10
10
10
10
10
10
10
10
10
10
10
10
10
10
10
10
10
10
10
10
10
10
10
10
10
10
10
10
10
10
10
10
10
10
10
10
10
10
10
10
10
10
10
10
10
10
10
10
10
10
10
10
10
10
10
10
10
10
10
10
10
10
10
10
10
10
10
10
10
10
10
10
10
10
10
10
10
10
10
10
10
10
10
10
10
10
10
10
10
10
10
10
10
10
10
10
10
10
10
10
10
10
10
10
10
10
10
10
10
10
10
10
10
10
10
10
10
10
10
10
10
10
10
10
10
10
10
10
10
10
10
10
10
10
10
10
10
10
10
10
10
10
10
10
10
10
10
10
10
10
10
10
10
10
10
10
10
10
10
10
10
10
10
10
10
10
10
10
10
10
10
10
10
10
10
10
10
10
10
10
10
10
10
10
10
10
10
10
10
10
10
10
10
10
10
10
10
10
10
10
10
10
10
10
10
10
10
10
10
10
10
10
10
10
10
10
10
10
10
10
10
10
10
10
10
10
10
10
10
10
10
10
10
10
10
10
10
10
10
10
10
10
10
10
10
10
10
10
10
10
10
10
10
10
10
10
10
10
10
10
10
10
10
10
10
10
10
10
10
10
10
10
10
10
10
10
10
10
10
10
10
10
10
10
10
10
10
10
10
10
10
10
10
10
10
10
10
10
10
10
10
10
10
10
10
10
10
10
10
10
10
10
10
10
10
10
10
10
10
10
10
10
10
10
10
10
10
10
10
10
10
10
10
10
10
10
10
10
10
10
10
10
10
10
10
10
10
10
10
10
10
10
10
10
10
10
10
10
10
10
10
10
10
10
10
10
10
10
10
10
10
10
10
10
10
10
10
10
10
10
10
10
10
10
10
10
10
10
10
10
10
10
10
10
10
10
10
10
10
10
10
10
10
10
10
10
10
10
10
10
10
10
10
10
10
10
10
10
10
10
10
10
10
10
10
10
10
10
10
10
10
10
10
10
10
10
10
10
10
10
10
10
10
10
10
10
10
10
10
10
10
10
10
10
10
10
10
10
10
10
10
10
10
10
10
10
10
10
10
10
10
10
10
10
10
10
10
10
10
10
10
10
10
10
10
10
10
10
10
10
10
10
10
10
10
10
10
10
10
10
10
10
10
10
10
10
10
10
10
10
10
10
10
10
10
10
10
10
10
10
10
10
10
10
10
10
10
10
10
10
10
10
10
10
10
10
10
10
10
10
10
10
10
10
10
10
10
10
10
10
10
10
10
10
10
10
10
10
10
10
10
10
10
10
10
10
10
10
10
10
10
10
10
10
10
10
10
10
10
10
10
10
10
10
10
10
10
10
10
10
10
10
10
10
10
10
10
10
10
10
10
10
10
10
10
10
10
10
10
10
10
10
10
10
10
10
10
10
10
10
10
10
10
10
10
10
10
10
10
10
10
10
10
10
10
10
10
10
10
10
10
10
10
10
10
10
10
10
10
10
10
10
10
10
10
10
10
10
10
10
10
10
10
10
10
10
10
10
10
10
10
10
10
10
10
10
10
10
10
10
10
10
10
10
10
10
10
10
10
10
10
10
10
10
10
10
10
10
10
10
10
10
10
10
10
10
10
10
10
10
10
10
10
10
10
10
10
10
10
10
10
10
10
10
10
10
10
10
10
10
10
10
10
10
10
10
10
10
10
10
10
10
10
10
10
10
10
10
10
10
10
10
10
10
10
10
10
10
10
10
10
10
10
10
10
10
10
10
10
10
10
10
10
10
10
10
10
10
10
10
10
10
10
10
10
10
10
10
10
10
10
10
10
10
10
10
10
10
10
10
10
10
10
10
10
10
10
10
10
10
10
10
10
10
10
10
10
10
10
10
10
10
10
10
10
10
10
10
10
10
10
10
10
10
10
10
10
10
10
10
10
10
10
10
10
10
10
10
10
10
10
10
10
10
10
10
10
10
10
10
10
10
10
10
10
10
10
10
10
10
10
10
10
10
10
10
10
10
10
10
10
10
10
10
10
10
10
10
10
10
10
10
10
10
10
10
10
10
10
10
10
10
10
10
10
10
10
10
10
10
10
10
10
10
10
10
10
10
10
10
10
10
10
10
10
10
10
10
10
10
10
10
10
10
10
10
10
10
10
10
10
10
10
10
10
10
10
10
10
10
10
10
10
10
10
10
10
10
10
10
10
10
10
10
10
10
10
10
10
10
10
10
10
10
10
10
10
10
10
10
10
10
10
10
10
10
10
10
10
10
10
10
10
10
10
10
10
10
10
10
10
10
10
10
10
10
10
10
10
10
10
10
10
10
10
10
10
10
10
10
10
10
10
10
10
10
10
10
10
10
10
10
10
10
10
10
10
10
10
10
10
10
10
10
10
10
10
10
10
10
10
10
10
10
10
10
10
10
10
10
10
10
10
10
10
10
10
10
10
10
10
10
10
10
10
10
10
10
10
10
10
10
10
10
10
10
10
10
10
10
10
10
10
10
10
10
10
10
10
10
10
10
10
10
10
10
10
10
10
10
10
10
10
10
10
10
10
10
10
10
10
10
10
10
10
10
10
10
10
10
10
10
10
10
10
10
10
10
10
10
10
10
10
10
10
10
10
10
10
10
10
10
10
10
10
10
10
10
10
10
10
10
10
10
10
10
10
10
10
10
10
10
10
10
10
10
10
10
10
10
10
10
10
10
10
10
10
10
10
10
10
10
10
10
10
10
10
10
10
10
10
10
10
10
10
10
10
10
10
10
10
10
10
10
10
10
10
10
10
10
10
10
10
10
10
10
10
10
10
10
10
10
10
10
10
10
10
10
10
10
10
10
10
10
10
10
10
10
10
10
10
10
10
10
10
10
10
10
10
10
10
10
10
10
10
10
10
10
10
10
10
10
10
10
10
10
10
10
10
10
10
10
10
10
10
10
10
10
10
10
10
10
10
10
10
10
10
10
10
10
10
10
10
10
10
10
10
10
10
10
10
10
10
10
10
10
10
10
10
10
10
10
10
10
10
10
10
10
10
10
10
10
10
10
10
10
10
10
10
10
10
10
10
10
10
10
10
10
10
10
10
10
10
10
10
10
10
10
10
10
10
10
10
10
10
10
10
10
10
10
10
10
10
10
10
10
10
10
10
10
10
10
10
10
10
10
10
10
10
10
10
10
10
10
10
10
10
10
10
10
10
10
10
10
10
10
10
10
10
10
10
10
10
10
10
10
10
10
10
10
10
10
10
10
10
10
10
10
10
10
10
10
10
10
10
10
10
10
10
10
10
10
10
10
10
10
10
10
10
10
10
10
10
10
10
10
10
10
10
10
10
10
10
10
10
10
10
10
10
10
10
10
10
10
10
10
10
10
10
10
10
10
10
10
10
10
10
10
10
10
10
10
10
10
10
10
10
10
10
10
10
10
10
10
10
10
10
10
10
10
10
10
10
10
10
10
10
10
10
10
10
10
10
10
10
10
10
10
10
10
10
10
10
10
10
10
10
10
10
10
10
10
10
10
10
10
10
10
10
10
10
10
10
10
10
10
10
10
10
10
10
10
10
10
10
10
10
10
10
10
10
10
10
10
10
10
10
10
10
10
10
10
10
10
10
10
10
10
10
10
10
10
10
10
10
10
10
10
10
10
10
10
10
10
10
10
10
10
10
10
10
10
10
10
10
10
10
10
10
10
10
10
10
10
10
10
10
10
10
10
10
10
10
10
10
10
10
10
10
10
10
10
10
10
10
10
10
10
10
10
10
10
10
10
10
10
10
10
10
10
10
10
10
10
10
10
10
10
10
10
10
10
10
10
10
10
10
10
10
10
10
10
10
10
10
10
10
10
10
10
10
10
10
10
10
10
10
10
10
10
10
10
10
10
10
10
10
10
10
10
10
10
10
10
10
10
10
10
10
10
10
10
10
10
10
10
10
10
10
10
10
10
10
10
10
10
10
10
10
10
10
10
10
10
10
10
10
10
10
10
10
10
10
10
10
10
10
10
10
10
10
10
10
10
10
10
10
10
10
10
10
10
10
10
10
10
10
10
10
10
10
10
10
10
10
10
10
10
10
10
10
10
10
10
10
10
10
10
10
10
10
10
10
10
10
10
10
10
10
10
10
10
10
10
10
10
10
10
10
10
10
10
10
10
10
10
10
10
10
10
10
10
10
10
10
10
10
10
10
10
10
10
10
10
10
10
10
10
10
10
10
10
10
10
10
10
10
10
10
10
10
10
10
10
10
10
10
10
10
10
10
10
10
10
10
10
10
10
10
10
10
10
10
10
10
10
10
10
10
10
10
10
10
10
10
10
10
10
10
10
10
10
10
10
10
10
10
10
10
10
10
10
10
10
10
10
10
10
10
10
10
10
10
10
10
10
10
10
10
10
10
10
10
10
10
10
10
10
10
10
10
10
10
10
10
10
10
10
10
10
10
10
10
10
10
10
10
10
10
10
10
10
10
10
10
10
10
10
10
10
10
10
10
10
10
10
10
10
10
10
10
10
10
10
10
10
10
10
10
10
10
10
10
10
10
10
10
10
10
10
10
10
10
10
10
10
10
10
10
10
10
10
10
10
10
10
10
10
10
10
10
10
10
10
10
10
10
10
10
10
10
10
10
10
10
10
10
10
10
10
10
10
10
10
10
10
10
10
10
10
10
10
10
10
10
10
10
10
10
10
10
10
10
10
10
10
10
10
10
10
10
10
10
10
10
10
10
10
10
10
10
10
10
10
10
10
10
10
10
10
10
10
10
10
10
10
10
10
10
10
10
10
10
10
10
10
10
10
10
10
10
10
10
10
10
10
10
10
10
10
10
10
10
10
10
10
10
10
10
10
10
10
10
10
10
10
10
10
10
10
10
10
10
10
10
10
10
10
10
10
10
10
10
10
10
10
10
10
10
10
10
10
10
10
10
10
10
10
10
10
10
10
10
10
10
10
10
10
10
10
10
10
10
10
10
10
10
10
10
10
10
10
10
10
10
10
10
10
10
10
10
10
10
10
10
10
10
10
10
10
10
10
10
10
10
10
10
10
10
10
10
10
10
10
10
10
10
10
10
10
10
10
10
10
10
10
10
10
10
10
10
10
10
10
10
10
10
10
10
10
10
10
10
10
10
10
10
10
10
10
10
10
10
10
10
10
10
10
10
10
10
10
10
10
10
10
10
10
10
10
10
10
10
10
10
10
10
10
10
10
10
10
10
10
10
10
10
10
10
10
10
10
10
10
10
10
10
10
10
10
10
10
10
10
10
10
10
10
10
10
10
10
10
10
10
10
10
10
10
10
10
10
10
10
10
10
10
10
10
10
10
10
10
10
10
10
10
10
10
10
10
10
10
10
10
10
10
10
10
10
10
10
10
10
10
10
10
10
10
10
10
10
10
10
10
10
10
10
10
10
10
10
10
10
10
10
10
10
10
10
10
10
10
10
10
10
10
10
10
10
10
10
10
10
10
10
10
10
10
10
10
10
10
10
10
10
10
10
10
10
10
10
10
10
10
10
10
10
10
10
10
10
10
10
10
10
10
10
10
10
10
10
10
10
10
10
10
10
10
10
10
10
10
10
10
10
10
10
10
10
10
10
10
10
10
10
10
10
10
10
10
10
10
10
10
10
10
10
10
10
10
10
10
10
10
10
10
10
10
10
10
10
10
10
10
10
10
10
10
10
10
10
10
10
10
10
10
10
10
10
10
10
10
10
10
10
10
10
10
10
10
10
10
10
10
10
10
10
10
10
10
10
10
10
10
10
10
10
10
10
10
10
10
10
10
10
10
10
10
10
10
10
10
10
10
10
10
10
10
10
10
10
10
10
10
10
10
10
10
10
10
10
10
10
10
10
10
10
10
10
10
10
10
10
10
10
10
10
10
10
10
10
10
10
10
10
10
10
10
10
10
10
10
10
10
10
10
10
10
10
10
10
10
10
10
10
10
10
10
10
10
10
10
10
10
10
10
10
10
10
10
10
10
10
10
10
10
10
10
10
10
10
10
10
10
10
10
10
10
10
10
10
10
10
10
10
10
10
10
10
10
10
10
10
10
10
10
10
10
10
10
10
10
10
10
10
10
10
10
10
10
10
10
10
10
10
10
10
10
10
10
10
10
10
10
10
10
10
10
10
10
10
10
10
10
10
10
10
10
10
10
10
10
10
10
10
10
10
10
10
10
10
10
10
10
10
10
10
10
10
10
10
10
10
10
10
10
10
10
10
10
10
10
10
10
10
10
10
10
10
10
10
10
10
10
10
10
10
10
10
10
10
10
10
10
10
10
10
10
10
10
10
10
10
10
10
10
10
10
10
10
10
10
10
10
10
10
10
10
10
10
10
10
10
10
10
10
10
10
10
10
10
10
10
10
10
10
10
10
10
10
10
10
10
10
10
10
10
10
10
10
10
10
10
10
10
10
10
10
10
10
10
10
10
10
10
10
10
10
10
10
10
10
10
10
10
10
10
10
10
10
10
10
10
10
10
10
10
10
10
10
10
10
10
10
10
10
10
10
10
10
10
10
10
10
10
10
10
10
10
10
10
10
10
10
10
10
10
10
10
10
10
10
10
10
10
10
10
10
10
10
10
10
10
10
10
10
10
10
10
10
10
10
10
10
10
10
10
10
10
10
10
10
10
10
10
10
10
10
10
10
10
10
10
10
10
10
10
10
10
10
10
10
10
10
10
10
10
10
10
10
10
10
10
10
10
10
10
10
10
10
10
10
10
10
10
10
10
10
10
10
10
10
10
10
10
10
10
10
10
10
10
10
10
10
10
10
10
10
10
10
10
10
10
10
10
10
10
10
10
10
10
10
10
10
10
10
10
10
10
10
10
10
10
10
10
10
10
10
10
10
10
10
10
10
10
10
10
10
10
10
10
10
10
10
10
10
10
10
10
10
10
10
10
10
10
10
10
10
10
10
10
10
10
10
10
10
10
10
10
10
10
10
10
10
10
10
10
10
10
10
10
10
10
10
10
10
10
10
10
10
10
10
10
10
10
10
10
10
10
10
10
10
10
10
10
10
10
10
10
10
10
10
10
10
10
10
10
10
10
10
10
10
10
10
10
10
10
10
10
10
10
10
10
10
10
10
10
10
10
10
10
10
10
10
10
10
10
10
10
10
10
10
10
10
10
10
10
10
10
10
10
10
10
10
10
10
10
10
10
10
10
10
10
10
10
10
10
10
10
10
10
10
10
10
10
10
10
10
10
10
10
10
10
10
10
10
10
10
10
10
10
10
10
10
10
10
10
10
10
10
10
10
10
10
10
10
10
10
10
10
10
10
10
10
10
10
10
10
10
10
10
10
10
10
10
10
10
10
10
10
10
10
10
10
10
10
10
10
10
10
10
10
10
10
10
10
10
10
10
10
10
10
10
10
10
10
10
10
10
10
10
10
10
10
10
10
10
10
10
10
10
10
10
10
10
10
10
10
10
10
10
10
10
10
10
10
10
10
10
10
10
10
10
10
10
10
10
10
10
10
10
10
10
10
10
10
10
10
10
10
10
10
10
10
10
10
10
10
10
10
10
10
10
10
10
10
10
10
10
10
10
10
10
10
10
10
10
10
10
10
10
10
10
10
10
10
10
10
10
10
10
10
10
10
10
10
10
10
10
10
10
10
10
10
10
10
10
10
10
10
10
10
10
10
10
10
10
10
10
10
10
10
10
10
10
10
10
10
10
10
10
10
10
10
10
10
10
10
10
10
10
10
10
10
10
10
10
10
10
10
10
10
10
10
10
10
10
10
10
10
10
10
10
10
10
10
10
10
10
10
10
10
10
10
10
10
10
10
10
10
10
10
10
10
10
10
10
10
10
10
10
10
10
10
10
10
10
10
10
10
10
10
10
10
10
10
10
10
10
10
10
10
10
10
10
10
10
10
10
10
10
10
10
10
10
10
10
10
10
10
10
10
10
10
10
10
10
10
10
10
10
10
10
10
10
10
10
10
10
10
10
10
10
10
10
10
10
10
10
10
10
10
10
10
10
10
10
10
10
10
10
10
10
10
10
10
10
10
10
10
10
10
10
10
10
10
10
10
10
10
10
10
10
10
10
10
10
10
10
10
10
10
10
10
10
10
10
10
10
10
10
10
10
10
10
10
10
10
10
10
10
10
10
10
10
10
10
10
10
10
10
10
10
10
10
10
10
10
10
10
10
10
10
10
10
10
10
10
10
10
10
10
10
10
10
10
10
10
10
10
10
10
10
10
10
10
10
10
10
10
10
10
10
10
10
10
10
10
10
10
10
10
10
10
10
10
10
10
10
10
10
10
10
10
10
10
10
10
10
10
10
10
10
10
10
10
10
10
10
10
10
10
10
10
10
10
10
10
10
10
10
10
10
10
10
10
10
10
10
10
10
10
10
10
10
10
10
10
10
10
10
10
10
10
10
10
10
10
10
10
10
10
10
10
10
10
10
10
10
10
10
10
10
10
10
10
10
10
10
10
10
10
10
10
10
10
10
10
10
10
10
10
10
10
10
10
10
10
10
10
10
10
10
10
10
10
10
10
10
10
10
10
10
10
10
10
10
10
10
10
10
10
10
10
10
10
10
10
10
10
10
10
10
10
10
10
10
10
10
10
10
10
10
10
10
10
10
10
10
10
10
10
10
10
10
10
10
10
10
10
10
10
10
10
10
10
10
10
10
10
10
10
10
10
10
10
10
10
10
10
10
10
10
10
10
10
10
10
10
10
10
10
10
10
10
10
10
10
10
10
10
10
10
10
10
10
10
10
10
10
10
10
10
10
10
10
10
10
10
10
10
10
10
10
10
10
10
10
10
10
10
10
10
10
10
10
10
10
10
10
10
10
10
10
10
10
10
10
10
10
10
10
10
10
10
10
10
10
10
10
10
10
10
10
10
10
10
10
10
10
10
10
10
10
10
10
10
10
10
10
10
10
10
10
10
10
10
10
10
10
10
10
10
10
10
10
10
10
10
10
10
10
10
10
10
10
10
10
10
10
10
10
10
10
10
10
10
10
10
10
10
10
10
10
10
10
10
10
10
10
10
10
10
10
10
10
10
10
10
10
10
10
10
10
10
10
10
10
10
10
10
10
10
10
10
10
10
10
10
10
10
10
10
10
10
10
10
10
10
10
10
10
10
10
10
10
10
10
10
10
10
10
10
10
10
10
10
10
10
10
10
10
10
10
10
10
10
10
10
10
10
10
10
10
10
10
10
10
10
10
10
10
10
10
10
10
10
10
10
10
10
10
10
10
10
10
10
10
10
10
10
10
10
10
10
10
10
10
10
10
10
10
10
10
10
10
10
10
10
10
10
10
10
10
10
10
10
10
10
10
10
10
10
10
10
10
10
10
10
10
10
10
10
10
10
10
10
10
10
10
10
10
10
10
10
10
10
10
10
10
10
10
10
10
10
10
10
10
10
10
10
10
10
10
10
10
10
10
10
10
10
10
10
10
10
10
10
10
10
10
10
10
10
10
10
10
10
10
10
10
10
10
10
10
10
10
10
10
10
10
10
10
10
10
10
10
10
10
10
10
10
10
10
10
10
10
10
10
10
10
10
10
10
10
10
10
10
10
10
10
10
10
10
10
10
10
10
10
10
10
10
10
10
10
10
10
10
10
10
10
10
10
10
10
10
10
10
10
10
10
10
10
10
10
10
10
10
10
10
10
10
10
10
10
10
10
10
10
10
10
10
10
10
10
10
10
10
10
10
10
10
10
10
10
10
10
10
10
10
10
10
10
10
10
10
10
10
10
10
10
10
10
10
10
10
10
10
10
10
10
10
10
10
10
10
10
10
10
10
10
10
10
10
10
10
10
10
10
10
10
10
10
10
10
10
10
10
10
10
10
10
10
10
10
10
10
10
10
10
10
10
10
10
10
10
10
10
10
10
10
10
10
10
10
10
10
10
10
10
10
10
10
10
10
10
10
10
10
10
10
10
10
10
10
10
10
10
10
10
10
10
10
10
10
10
10
10
10
10
10
10
10
10
10
10
10
10
10
10
10
10
10
10
10
10
10
10
10
10
10
10
10
10
10
10
10
10
10
10
10
10
10
10
10
10
10
10
10
10
10
10
10
10
10
10
10
10
10
10
10
10
10
10
10
10
10
10
10
10
10
10
10
10
10
10
10
10
10
10
10
10
10
10
10
10
10
10
10
10
10
10
10
10
10
10
10
10
10
10
10
10
10
10
10
10
10
10
10
10
10
10
10
10
10
10
10
10
10
10
10
10
10
10
10
10
10
10
10
10
10
10
10
10
10
10
10
10
10
10
10
10
10
10
10
10
10
10
10
10
10
10
10
10
10
10
10
10
10
10
10
10
10
10
10
10
10
10
10
10
10
10
10
10
10
10
10
10
10
10
10
10
10
10
10
10
10
10
10
10
10
10
10
10
10
10
10
10
10
10
10
10
10
10
10
10
10
10
10
10
10
10
10
10
10
10
10
10
10
10
10
10
10
10
10
10
10
10
10
10
10
10
10
10
10
10
10
10
10
10
10
10
10
10
10
10
10
10
10
10
10
10
10
10
10
10
10
10
10
10
10
10
10
10
10
10
10
10
10
10
10
10
10
10
10
10
10
10
10
10
10
10
10
10
10
10
10
10
10
10
10
10
10
10
10
10
10
10
10
10
10
10
10
10
10
10
10
10
10
10
10
10
10
10
10
10
10
10
10
10
10
10
10
10
10
10
10
10
10
10
10
10
10
10
10
10
10
10
10
10
10
10
10
10
10
10
10
10
10
10
10
10
10
10
10
10
10
10
10
10
10
10
10
10
10
10
10
10
10
10
10
10
10
10
10
10
10
10
10
10
10
10
10
10
10
10
10
10
10
10
10
10
10
10
10
10
10
10
10
10
10
10
10
10
10
10
10
10
10
10
10
10
10
10
10
10
10
10
10
10
10
10
10
10
10
10
10
10
10
10
10
10
10
10
10
10
10
10
10
10
10
10
10
10
10
10
10
10
10
10
10
10
10
10
10
10
10
10
10
10
10
10
10
10
10
10
10
10
10
10
10
10
10
10
10
10
10
10
10
10
10
10
10
10
10
10
10
10
10
10
10
10
10
10
10
10
10
10
10
10
10
10
10
10
10
10
10
10
10
10
10
10
10
10
10
10
10
10
10
10
10
10
10
10
10
10
10
10
10
10
10
10
10
10
10
10
10
10
10
10
10
10
10
10
10
10
10
10
10
10
10
10
10
10
10
10
10
10
10
10
10
10
10
10
10
10
10
10
10
10
10
10
10
10
10
10
10
10
10
10
10
10
10
10
10
10
10
10
10
10
10
10
10
10
10
10
10
10
10
10
10
10
10
10
10
10
10
10
10
10
10
10
10
10
10
10
10
10
10
10
10
10
10
10
10
10
10
10
10
10
10
10
10
10
10
10
10
10
10
10
10
10
10
10
10
10
10
10
10
10
10
10
10
10
10
10
10
10
10
10
10
10
10
10
10
10
10
10
10
10
10
10
10
10
10
10
10
10
10
10
10
10
10
10
10
10
10
10
10
10
10
10
10
10
10
10
10
10
10
10
10
10
10
10
10
10
10
10
10
10
10
10
10
10
10
10
10
10
10
10
10
10
10
10
10
10
10
10
10
10
10
10
10
10
10
10
10
10
10
10
10
10
10
10
10
10
10
10
10
10
10
10
10
10
10
10
10
10
10
10
10
10
10
10
10
10
10
10
10
10
10
10
10
10
10
10
10
10
10
10
10
10
10
10
10
10
10
10
10
10
10
10
10
10
10
10
10
10
10
10
10
10
10
10
10
10
10
10
10
10
10
10
10
10
10
10
10
10
10
10
10
10
10
10
10
10
10
10
10
10
10
10
10
10
10
10
10
10
10
10
10
10
10
10
10
10
10
10
10
10
10
10
10
10
10
10
10
10
10
10
10
10
10
10
10
10
10
10
10
10
10
10
10
10
10
10
10
10
10
10
10
10
10
10
10
10
10
10
10
10
10
10
10
10
10
10
10
10
10
10
10
10
10
10
10
10
10
10
10
10
10
10
10
10
10
10
10
10
10
10
10
10
10
10
10
10
10
10
10
10
10
10
10
10
10
10
10
10
10
10
10
10
10
10
10
10
10
10
10
10
10
10
10
10
10
10
10
10
10
10
10
10
10
10
10
10
10
10
10
10
10
10
10
10
10
10
10
10
10
10
10
10
10
10
10
10
10
10
10
10
10
10
10
10
10
10
10
10
10
10
10
10
10
10
10
10
10
10
10
10
10
10
10
10
10
10
10
10
10
10
10
10
10
10
10
10
10
10
10
10
10
10
10
10
10
10
10
10
10
10
10
10
10
10
10
10
10
10
10
10
10
10
10
10
10
10
10
10
10
10
10
10
10
10
10
10
10
10
10
10
10
10
10
10
10
10
10
10
10
10
10
10
10
10
10
10
10
10
10
10
10
10
10
10
10
10
10
10
10
10
10
10
10
10
10
10
10
10
10
10
10
10
10
10
10
10
10
10
10
10
10
10
10
10
10
10
10
10
10
10
10
10
10
10
10
10
10
10
10
10
10
10
10
10
10
10
10
10
10
10
10
10
10
10
10
10
10
10
10
10
10
10
10
10
10
10
10
10
10
10
10
10
10
10
10
10
10
10
10
10
10
10
10
10
10
10
10
10
10
10
10
10
10
10
10
10
10
10
10
10
10
10
10
10
10
10
10
10
10
10
10
10
10
10
10
10
10
10
10
10
10
10
10
10
10
10
10
10
10
10
10
10
10
10
10
10
10
10
10
10
10
10
10
10
10
10
10
10
10
10
10
10
10
10
10
10
10
10
10
10
10
10
10
10
10
10
10
10
10
10
10
10
10
10
10
10
10
10
10
10
10
10
10
10
10
10
10
10
10
10
10
10
10
10
10
10
10
10
10
10
10
10
10
10
10
10
10
10
10
10
10
10
10
10
10
10
10
10
10
10
10
10
10
10
10
10
10
10
10
10
10
10
10
10
10
10
10
10
10
10
10
10
10
10
10
10
10
10
10
10
10
10
10
10
10
10
10
10
10
10
10
10
10
10
10
10
10
10
10
10
10
10
10
10
10
10
10
10
10
10
10
10
10
10
10
10
10
10
10
10
10
10
10
10
10
10
10
10
10
10
10
10
10
10
10
10
10
10
10
10
10
10
10
10
10
10
10
10
10
10
10
10
10
10
10
10
10
10
10
10
10
10
10
10
10
10
10
10
10
10
10
10
10
10
10
10
10
10
10
10
10
10
10
10
10
10
10
10
10
10
10
10
10
10
10
10
10
10
10
10
10
10
10
10
10
10
10
10
10
10
10
10
10
10
10
10
10
10
10
10
10
10
10
10
10
10
10
10
10
10
10
10
10
10
10
10
10
10
10
10
10
10
10
10
10
10
10
10
10
10
10
10
10
10
10
10
10
10
10
10
10
10
10
10
10
10
10
10
10
10
10
10
10
10
10
10
10
10
10
10
10
10
10
10
10
10
10
10
10
10
10
10
10
10
10
10
10
10
10
10
10
10
10
10
10
10
10
10
10
10
10
10
10
10
10
10
10
10
10
10
10
10
10
10
10
10
10
10
10
10
10
10
10
10
10
10
10
10
10
10
10
10
10
10
10
10
10
10
10
10
10
10
10
10
10
10
10
10
10
10
10
10
10
10
10
10
10
10
10
10
10
10
10
10
10
10
10
10
10
10
10
10
10
10
10
10
10
10
10
10
10
10
10
10
10
10
10
10
10
10
10
10
10
10
10
10
10
10
10
10
10
10
10
10
10
10
10
10
10
10
10
10
10
10
10
10
10
10
10
10
10
10
10
10
10
10
10
10
10
10
10
10
10
10
10
10
10
10
10
10
10
10
10
10
10
10
10
10
10
10
10
10
10
10
10
10
10
10
10
10
10
10
10
10
10
10
10
10
10
10
10
10
10
10
10
10
10
10
10
10
10
10
10
10
10
10
10
10
10
10
10
10
10
10
10
10
10
10
10
10
10
10
10
10
10
10
10
10
10
10
10
10
10
10
10
10
10
10
10
10
10
10
10
10
10
10
10
10
10
10
10
10
10
10
10
10
10
10
10
10
10
10
10
10
10
10
10
10
10
10
10
10
10
10
10
10
10
10
10
10
10
10
10
10
10
10
10
10
10
10
10
10
10
10
10
10
10
10
10
10
10
10
10
10
10
10
10
10
10
10
10
10
10
10
10
10
10
10
10
10
10
10
10
10
10
10
10
10
10
10
10
10
10
10
10
10
10
10
10
10
10
10
10
10
10
10
10
10
10
10
10
10
10
10
10
10
10
10
10
10
10
10
10
10
10
10
10
10
10
10
10
10
10
10
10
10
10
10
10
10
10
10
10
10
10
10
10
10
10
10
10
10
10
10
10
10
10
10
10
10
10
10
10
10
10
10
10
10
10
10
10
10
10
10
10
10
10
10
10
10
10
10
10
10
10
10
10
10
10
10
10
10
10
10
10
10
10
10
10
10
10
10
10
10
10
10
10
10
10
10
10
10
10
10
10
10
10
10
10
10
10
10
10
10
10
10
10
10
10
10
10
10
10
10
10
10
10
10
10
10
10
10
10
10
10
10
10
10
10
10
10
10
10
10
10
10
10
10
10
10
10
10
10
10
10
10
10
10
10
10
10
10
10
10
10
10
10
10
10
10
10
10
10
10
10
10
10
10
10
10
10
10
10
10
10
10
10
10
10
10
10
10
10
10
10
10
10
10
10
10
10
10
10
10
10
10
10
10
10
10
10
10
10
10
10
10
10
10
10
10
10
10
10
10
10
10
10
10
10
10
10
10
10
10
10
10
10
10
10
10
10
10
10
10
10
10
10
10
10
10
10
10
10
10
10
10
10
10
10
10
10
10
10
10
10
10
10
10
10
10
10
10
10
10
10
10
10
10
10
10
10
10
10
10
10
10
10
10
10
10
10
10
10
10
10
10
10
10
10
10
10
10
10
10
10
10
10
10
10
10
10
10
10
10
10
10
10
10
10
10
10
10
10
10
10
10
10
10
10
10
10
10
10
10
10
10
10
10
10
10
10
10
10
10
10
10
10
10
10
10
10
10
10
10
10
10
10
10
10
10
10
10
10
10
10
10
10
10
10
10
10
10
10
10
10
10
10
10
10
10
10
10
10
10
10
10
10
10
10
10
10
10
10
10
10
10
10
10
10
10
10
10
10
10
10
10
10
10
10
10
10
10
10
10
10
10
10
10
10
10
10
10
10
10
10
10
10
10
10
10
10
10
10
10
10
10
10
10
10
10
10
10
10
10
10
10
10
10
10
10
10
10
10
10
10
10
10
10
10
10
10
10
10
10
10
10
10
10
10
10
10
10
10
10
10
10
10
10
10
10
10
10
10
10
10
10
10
10
10
10
10
10
10
10
10
10
10
10
10
10
10
10
10
10
10
10
10
10
10
10
10
10
10
10
10
10
10
10
10
10
10
10
10
10
10
10
10
10
10
10
10
10
10
10
10
10
10
10
10
10
10
10
10
10
10
10
10
10
10
10
10
10
10
10
10
10
10
10
10
10
10
10
10
10
10
10
10
10
10
10
10
10
10
10
10
10
10
10
10
10
10
10
10
10
10
10
10
10
10
10
10
10
10
10
10
10
10
10
10
10
10
10
10
10
10
10
10
10
10
10
10
10
10
10
10
10
10
10
10
10
10
10
10
10
10
10
10
10
10
10
10
10
10
10
10
10
10
10
10
10
10
10
10
10
10
10
10
10
10
10
10
10
10
10
10
10
10
10
10
10
10
10
10
10
10
10
10
10
10
10
10
10
10
10
10
10
10
10
10
10
10
10
10
10
10
10
10
10
10
10
10
10
10
10
10
10
10
10
10
10
10
10
10
10
10
10
10
10
10
10
10
10
10
10
10
10
10
10
10
10
10
10
10
10
10
10
10
10
10
10
10
10
10
10
10
10
10
10
10
10
10
10
10
10
10
10
10
10
10
10
10
10
10
10
10
10
10
10
10
10
10
10
10
10
10
10
10
10
10
10
10
10
10
10
10
10
10
10
10
10
10
10
10
10
10
10
10
10
10
10
10
10
10
10
10
10
10
10
10
10
10
10
10
10
10
10
10
10
10
10
10
10
10
10
10
10
10
10
10
10
10
10
10
10
10
10
10
10
10
10
10
10
10
10
10
10
10
10
10
10
10
10
10
10
10
10
10
10
10
10
10
10
10
10
10
10
10
10
10
10
10
10
10
10
10
10
10
10
10
10
10
10
10
10
10
10
10
10
10
10
10
10
10
10
10
10
10
10
10
10
10
10
10
10
10
10
10
10
10
10
10
10
10
10
10
10
10
10
10
10
10
10
10
10
10
10
10
10
10
10
10
10
10
10
10
10
10
10
10
10
10
10
10
10
10
10
10
10
10
10
10
10
10
10
10
10
10
10
10
10
10
10
10
10
10
10
10
10
10
10
10
10
10
10
10
10
10
10
10
10
10
10
10
10
10
10
10
10
10
10
10
10
10
10
10
10
10
10
10
10
10
10
10
10
10
10
10
10
10
10
10
10
10
10
10
10
10
10
10
10
10
10
10
10
10
10
10
10
10
10
10
10
10
10
10
10
10
10
10
10
10
10
10
10
10
10
10
10
10
10
10
10
10
10
10
10
10
10
10
10
10
10
10
10
10
10
10
10
10
10
10
10
10
10
10
10
10
10
10
10
10
10
10
10
10
10
10
10
10
10
10
10
10
10
10
10
10
10
10
10
10
10
10
10
10
10
10
10
10
10
10
10
10
10
10
10
10
10
10
10
10
10
10
10
10
10
10
10
10
10
10
10
10
10
10
10
10
10
10
10
10
10
10
10
10
10
10
10
10
10
10
10
10
10
10
10
10
10
10
10
10
10
10
10
10
10
10
10
10
10
10
10
10
10
10
10
10
10
10
10
10
10
10
10
10
10
10
10
10
10
10
10
10
10
10
10
10
10
10
10
10
10
10
10
10
10
10
10
10
10
10
10
10
10
10
10
10
10
10
10
10
10
10
10
10
10
10
10
10
10
10
10
10
10
10
10
10
10
10
10
10
10
10
10
10
10
10
10
10
10
10
10
10
10
10
10
10
10
10
10
10
10
10
10
10
10
10
10
10
10
10
10
10
10
10
10
10
10
10
10
10
10
10
10
10
10
10
10
10
10
10
10
10
10
10
10
10
10
10
10
10
10
10
10
10
10
10
10
10
10
10
10
10
10
10
10
10
10
10
10
10
10
10
10
10
10
10
10
10
10
10
10
10
10
10
10
10
10
10
10
10
10
10
10
10
10
10
10
10
10
10
10
10
10
10
10
10
10
10
10
10
10
10
10
10
10
10
10
10
10
10
10
10
10
10
10
10
10
10
10
10
10
10
10
10
10
10
10
10
10
10
10
10
10
10
10
10
10
10
10
10
10
10
10
10
10
10
10
10
10
10
10
10
10
10
10
10
10
10
10
10
10
10
10
10
10
10
10
10
10
10
10
10
10
10
10
10
10
10
10
10
10
10
10
10
10
10
10
10
10
10
10
10
10
10
10
10
10
10
10
10
10
10
10
10
10
10
10
10
10
10
10
10
10
10
10
10
10
10
10
10
10
10
10
10
10
10
10
10
10
10
10
10
10
10
10
10
10
10
10
10
10
10
10
10
10
10
10
10
10
10
10
10
10
10
10
10
10
10
10
10
10
10
10
10
10
10
10
10
10
10
10
10
10
10
10
10
10
10
10
10
10
10
10
10
10
10
10
10
10
10
10
10
10
10
10
10
10
10
10
10
10
10
10
10
10
10
10
10
10
10
10
10
10
10
10
10
10
10
10
10
10
10
10
10
10
10
10
10
10
10
10
10
10
10
10
10
10
10
10
10
10
10
10
10
10
10
10
10
10
10
10
10
10
10
10
10
10
10
10
10
10
10
10
10
10
10
10
10
10
10
10
10
10
10
10
10
10
10
10
10
10
10
10
10
10
10
10
10
10
10
10
10
10
10
10
10
10
10
10
10
10
10
10
10
10
10
10
10
10
10
10
10
10
10
10
10
10
10
10
10
10
10
10
10
10
10
10
10
10
10
10
10
10
10
10
10
10
10
10
10
10
10
10
10
10
10
10
10
10
10
10
10
10
10
10
10
10
10
10
10
10
10
10
10
10
10
10
10
10
10
10
10
10
10
10
10
10
10
10
10
10
10
10
10
10
10
10
10
10
10
10
10
10
10
10
10
10
10
10
10
10
10
10
10
10
10
10
10
10
10
10
10
10
10
10
10
10
10
10
10
10
10
10
10
10
10
10
10
10
10
10
10
10
10
10
10
10
10
10
10
10
10
10
10
10
10
10
10
10
10
10
10
10
10
10
10
10
10
10
10
10
10
10
10
10
10
10
10
10
10
10
10
10
10
10
10
10
10
10
10
10
10
10
10
10
10
10
10
10
10
10
10
10
10
10
10
10
10
10
10
10
10
10
10
10
10
10
10
10
10
10
10
10
10
10
10
10
10
10
10
10
10
10
10
10
10
10
10
10
10
10
10
10
10
10
10
10
10
10
10
10
10
10
10
10
10
10
10
10
10
10
10
10
10
10
10
10
10
10
10
10
10
10
10
10
10
10
10
10
10
10
10
10
10
10
10
10
10
10
10
10
10
10
10
10
10
10
10
10
10
10
10
10
10
10
10
10
10
10
10
10
10
10
10
10
10
10
10
10
10
10
10
10
10
10
10
10
10
10
10
10
10
10
10
10
10
10
10
10
10
10
10
10
10
10
10
10
10
10
10
10
10
10
10
10
10
10
10
10
10
10
10
10
10
10
10
10
10
10
10
10
10
10
10
10
10
10
10
10
10
10
10
10
10
10
10
10
10
10
10
10
10
10
10
10
10
10
10
10
10
10
10
10
10
10
10
10
10
10
10
10
10
10
10
10
10
10
10
10
10
10
10
10
10
10
10
10
10
10
10
10
10
10
10
10
10
10
10
10
10
10
10
10
10
10
10
10
10
10
10
10
10
10
10
10
10
10
10
10
10
10
10
10
10
10
10
10
10
10
10
10
10
10
10
10
10
10
10
10
10
10
10
10
10
10
10
10
10
10
10
10
10
10
10
10
10
10
10
10
10
10
10
10
10
10
10
10
10
10
10
10
10
10
10
10
10
10
10
10
10
10
10
10
10
10
10
10
10
10
10
10
10
10
10
10
10
10
10
10
10
10
10
10
10
10
10
10
10
10
10
10
10
10
10
10
10
10
10
10
10
10
10
10
10
10
10
10
10
10
10
10
10
10
10
10
10
10
10
10
10
10
10
10
10
10
10
10
10
10
10
10
10
10
10
10
10
10
10
10
10
10
10
10
10
10
10
10
10
10
10
10
10
10
10
10
10
10
10
10
10
10
10
10
10
10
10
10
10
10
10
10
10
10
10
10
10
10
10
10
10
10
10
10
10
10
10
10
10
10
10
10
10
10
10
10
10
10
10
10
10
10
10
10
10
10
10
10
10
10
10
10
10
10
10
10
10
10
10
10
10
10
10
10
10
10
10
10
10
10
10
10
10
10
10
10
10
10
10
10
10
10
10
10
10
10
10
10
10
10
10
10
10
10
10
10
10
10
10
10
10
10
10
10
10
10
10
10
10
10
10
10
10
10
10
10
10
10
10
10
10
10
10
10
10
10
10
10
10
10
10
10
10
10
10
10
10
10
10
10
10
10
10
10
10
10
10
10
10
10
10
10
10
10
10
10
10
10
10
10
10
10
10
10
10
10
10
10
10
10
10
10
10
10
10
10
10
10
10
10
10
10
10
10
10
10
10
10
10
10
10
10
10
10
10
10
10
10
10
10
10
10
10
10
10
10
10
10
10
10
10
10
10
10
10
10
10
10
10
10
10
10
10
10
10
10
10
10
10
10
10
10
10
10
10
10
10
10
10
10
10
10
10
10
10
10
10
10
10
10
10
10
10
10
10
10
10
10
10
10
10
10
10
10
10
10
10
10
10
10
10
10
10
10
10
10
10
10
10
10
10
10
10
10
10
10
10
10
10
10
10
10
10
10
10
10
10
10
10
10
10
10
10
10
10
10
10
10
10
10
10
10
10
10
10
10
10
10
10
10
10
10
10
10
10
10
10
10
10
10
10
10
10
10
10
10
10
10
10
10
10
10
10
10
10
10
10
10
10
10
10
10
10
10
10
10
10
10
10
10
10
10
10
10
10
10
10
10
10
10
10
10
10
10
10
10
10
10
10
10
10
10
10
10
10
10
10
10
10
10
10
10
10
10
10
10
10
10
10
10
10
10
10
10
10
10
10
10
10
10
10
10
10
10
10
10
10
10
10
10
10
10
10
10
10
10
10
10
10
10
10
10
10
10
10
10
10
10
10
10
10
10
10
10
10
10
10
10
10
10
10
10
10
10
10
10
10
10
10
10
10
10
10
10
10
10
10
10
10
10
10
10
10
10
10
10
10
10
10
10
10
10
10
10
10
10
10
10
10
10
10
10
10
10
10
10
10
10
10
10
10
10
10
10
10
10
10
10
10
10
10
10
10
10
10
10
10
10
10
10
10
10
10
10
10
10
10
10
10
10
10
10
10
10
10
10
10
10
10
10
10
10
10
10
10
10
10
10
10
10
10
10
10
10
10
10
10
10
10
10
10
10
10
10
10
10
10
10
10
10
10
10
10
10
10
10
10
10
10
10
10
10
10
10
10
10
10
10
10
10
10
10
10
10
10
10
10
10
10
10
10
10
10
10
10
10
10
10
10
10
10
10
10
10
10
10
10
10
10
10
10
10
10
10
10
10
10
10
10
10
10
10
10
10
10
10
10
10
10
10
10
10
10
10
10
10
10
10
10
10
10
10
10
10
10
10
10
10
10
10
10
10
10
10
10
10
10
10
10
10
10
10
10
10
10
10
10
10
10
10
10
10
10
10
10
10
10
10
10
10
10
10
10
10
10
10
10
10
10
10
10
10
10
10
10
10
10
10
10
10
10
10
10
10
10
10
10
10
10
10
10
10
10
10
10
10
10
10
10
10
10
10
10
10
10
10
10
10
10
10
10
10
10
10
10
10
10
10
10
10
10
10
10
10
10
10
10
10
10
10
10
10
10
10
10
10
10
10
10
10
10
10
10
10
10
10
10
10
10
10
10
10
10
10
10
10
10
10
10
10
10
10
10
10
10
10
10
10
10
10
10
10
10
10
10
10
10
10
10
10
10
10
10
10
10
10
10
10
10
10
10
10
10
10
10
10
10
10
10
10
10
10
10
10
10
10
10
10
10
10
10
10
10
10
10
10
10
10
10
10
10
10
10
10
10
10
10
10
10
10
10
10
10
10
10
10
10
10
10
10
10
10
10
10
10
10
10
10
10
10
10
10
10
10
10
10
10
10
10
10
10
10
10
10
10
10
10
10
10
10
10
10
10
10
10
10
10
10
10
10
10
10
10
10
10
10
10
10
10
10
10
10
10
10
10
10
10
10
10
10
10
10
10
10
10
10
10
10
10
10
10
10
10
10
10
10
10
10
10
10
10
10
10
10
10
10
10
10
10
10
10
10
10
10
10
10
10
10
10
10
10
10
10
10
10
10
10
10
10
10
10
10
10
10
10
10
10
10
10
10
10
10
10
10
10
10
10
10
10
10
10
10
10
10
10
10
10
10
10
10
10
10
10
10
10
10
10
10
10
10
10
10
10
10
10
10
10
10
10
10
10
10
10
10
10
10
10
10
10
10
10
10
10
10
10
10
10
10
10
10
10
10
10
10
10
10
10
10
10
10
10
10
10
10
10
10
10
10
10
10
10
10
10
10
10
10
10
10
10
10
10
10
10
10
10
10
10
10
10
10
10
10
10
10
10
10
10
10
10
10
10
10
10
10
10
10
10
10
10
10
10
10
10
10
10
10
10
10
10
10
10
10
10
10
10
10
10
10
10
10
10
10
10
10
10
10
10
10
10
10
10
10
10
10
10
10
10
10
10
10
10
10
10
10
10
10
10
10
10
10
10
10
10
10
10
10
10
10
10
10
10
10
10
10
10
10
10
10
10
10
10
10
10
10
10
10
10
10
10
10
10
10
10
10
10
10
10
10
10
10
10
10
10
10
10
10
10
10
10
10
10
10
10
10
10
10
10
10
10
10
10
10
10
10
10
10
10
10
10
10
10
10
10
10
10
10
10
10
10
10
10
10
10
10
10
10
10
10
10
10
10
10
10
10
10
10
10
10
10
10
10
10
10
10
10
10
10
10
10
10
10
10
10
10
10
10
10
10
10
10
10
10
10
10
10
10
10
10
10
10
10
10
10
10
10
10
10
10
10
10
10
10
10
10
10
10
10
10
10
10
10
10
10
10
10
10
10
10
10
10
10
10
10
10
10
10
10
10
10
10
10
10
10
10
10
10
10
10
10
10
10
10
10
10
10
10
10
10
10
10
10
10
10
10
10
10
10
10
10
10
10
10
10
10
10
10
10
10
10
10
10
10
10
10
10
10
10
10
10
10
10
10
10
10
10
10
10
10
10
10
10
10
10
10
10
10
10
10
10
10
10
10
10
10
10
10
10
10
10
10
10
10
10
10
10
10
10
10
10
10
10
10
10
10
10
10
10
10
10
10
10
10
10
10
10
10
10
10
10
10
10
10
10
10
10
10
10
10
10
10
10
10
10
10
10
10
10
10
10
10
10
10
10
10
10
10
10
10
10
10
10
10
10
10
10
10
10
10
10
10
10
10
10
10
10
10
10
10
10
10
10
10
10
10
10
10
10
10
10
10
10
10
10
10
10
10
10
10
10
10
10
10
10
10
10
10
10
10
10
10
10
10
10
10
10
10
10
10
10
10
10
10
10
10
10
10
10
10
10
10
10
10
10
10
10
10
10
10
10
10
10
10
10
10
10
10
10
10
10
10
10
10
10
10
10
10
10
10
10
10
10
10
10
10
10
10
10
10
10
10
10
10
10
10
10
10
10
10
10
10
10
10
10
10
10
10
10
10
10
10
10
10
10
10
10
10
10
10
10
10
10
10
10
10
10
10
10
10
10
10
10
10
10
10
10
10
10
10
10
10
10
10
10
10
10
10
10
10
10
10
10
10
10
10
10
10
10
10
10
10
10
10
10
10
10
10
10
10
10
10
10
10
10
10
10
10
10
10
10
10
10
10
10
10
10
10
10
10
10
10
10
10
10
10
10
10
10
10
10
10
10
10
10
10
10
10
10
10
10
10
10
10
10
10
10
10
10
10
10
10
10
10
10
10
10
10
10
10
10
10
10
10
10
10
10
10
10
10
10
10
10
10
10
10
10
10
10
10
10
10
10
10
10
10
10
10
10
10
10
10
10
10
10
10
10
10
10
10
10
10
10
10
10
10
10
10
10
10
10
10
10
10
10
10
10
10
10
10
10
10
10
10
10
10
10
10
10
10
10
10
10
10
10
10
10
10
10
10
10
10
10
10
10
10
10
10
10
10
10
10
10
10
10
10
10
10
10
10
10
10
10
10
10
10
10
10
10
10
10
10
10
10
10
10
10
10
10
10
10
10
10
10
10
10
10
10
10
10
10
10
10
10
10
10
10
10
10
10
10
10
10
10
10
10
10
10
10
10
10
10
10
10
10
10
10
10
10
10
10
10
10
10
10
10
10
10
10
10
10
10
10
10
10
10
10
10
10
10
10
10
10
10
10
10
10
10
10
10
10
10
10
10
10
10
10
10
10
10
10
10
10
10
10
10
10
10
10
10
10
10
10
10
10
10
10
10
10
10
10
10
10
10
10
10
10
10
10
10
10
10
10
10
10
10
10
10
10
10
10
10
10
10
10
10
10
10
10
10
10
10
10
10
10
10
10
10
10
10
10
10
10
10
10
10
10
10
10
10
10
10
10
10
10
10
10
10
10
10
10
10
10
10
10
10
10
10
10
10
10
10
10
10
10
10
10
10
10
10
10
10
10
10
10
10
10
10
10
10
10
10
10
10
10
10
10
10
10
10
10
10
10
10
10
10
10
10
10
10
10
10
10
10
10
10
10
10
10
10
10
10
10
10
10
10
10
10
10
10
10
10
10
10
10
10
10
10
10
10
10
10
10
10
10
10
10
10
10
10
10
10
10
10
10
10
10
10
10
10
10
10
10
10
10
10
10
10
10
10
10
10
10
10
10
10
10
10
10
10
10
10
10
10
10
10
10
10
10
10
10
10
10
10
10
10
10
10
10
10
10
10
10
10
10
10
10
10
10
10
10
10
10
10
10
10
10
10
10
10
10
10
10
10
10
10
10
10
10
10
10
10
10
10
10
10
10
10
10
10
10
10
10
10
10
10
10
10
10
10
10
10
10
10
10
10
10
10
10
10
10
10
10
10
10
10
10
10
10
10
10
10
10
10
10
10
10
10
10
10
10
10
10
10
10
10
10
10
10
10
10
10
10
10
10
10
10
10
10
10
10
10
10
10
10
10
10
10
10
10
10
10
10
10
10
10
10
10
10
10
10
10
10
10
10
10
10
10
10
10
10
10
10
10
10
10
10
10
10
10
10
10
10
10
10
10
10
10
10
10
10
10
10
10
10
10
10
10
10
10
10
10
10
10
10
10
10
10
10
10
10
10
10
10
10
10
10
10
10
10
10
10
10
10
10
10
10
10
10
10
10
10
10
10
10
10
10
10
10
10
10
10
10
10
10
10
10
10
10
10
10
10
10
10
10
10
10
10
10
10
10
10
10
10
10
10
10
10
10
10
10
10
10
10
10
10
10
10
10
10
10
10
10
10
10
10
10
10
10
10
10
10
10
10
10
10
10
10
10
10
10
10
10
10
10
10
10
10
10
10
10
10
10
10
10
10
10
10
10
10
10
10
10
10
10
10
10
10
10
10
10
10
10
10
10
10
10
10
10
10
10
10
10
10
10
10
10
10
10
10
10
10
10
10
10
10
10
10
10
10
10
10
10
10
10
10
10
10
10
10
10
10
10
10
10
10
10
10
10
10
10
10
10
10
10
10
10
10
10
10
10
10
10
10
10
10
10
10
10
10
10
10
10
10
10
10
10
10
10
10
10
10
10
10
10
10
10
10
10
10
10
10
10
10
10
10
10
10
10
10
10
10
10
10
10
10
10
10
10
10
10
10
10
10
10
10
10
10
10
10
10
10
10
10
10
10
10
10
10
10
10
10
10
10
10
10
10
10
10
10
10
10
10
10
10
10
10
10
10
10
10
10
10
10
10
10
10
10
10
10
10
10
10
10
10
10
10
10
10
10
10
10
10
10
10
10
10
10
10
10
10
10
10
10
10
10
10
10
10
10
10
10
10
10
10
10
10
10
10
10
10
10
10
10
10
10
10
10
10
10
10
10
10
10
10
10
10
10
10
10
10
10
10
10
10
10
10
10
10
10
10
10
10
10
10
10
10
10
10
10
10
10
10
10
10
10
10
10
10
10
10
10
10
10
10
10
10
10
10
10
10
10
10
10
10
10
10
10
10
10
10
10
10
10
10
10
10
10
10
10
10
10
10
10
10
10
10
10
10
10
10
10
10
10
10
10
10
10
10
10
10
10
10
10
10
10
10
10
10
10
10
10
10
10
10
10
10
10
10
10
10
10
10
10
10
10
10
10
10
10
10
10
10
10
10
10
10
10
10
10
10
10
10
10
10
10
10
10
10
10
10
10
10
10
10
10
10
10
10
10
10
10
10
10
10
10
10
10
10
10
10
10
10
10
10
10
10
10
10
10
10
10
10
10
10
10
10
10
10
10
10
10
10
10
10
10
10
10
10
10
10
10
10
10
10
10
10
10
10
10
10
10
10
10
10
10
10
10
10
10
10
10
10
10
10
10
10
10
10
10
10
10
10
10
10
10
10
10
10
10
10
10
10
10
10
10
10
10
10
10
10
10
10
10
10
10
10
10
10
10
10
10
10
10
10
10
10
10
10
10
10
10
10
10
10
10
10
10
10
10
10
10
10
10
10
10
10
10
10
10
10
10
10
10
10
10
10
10
10
10
10
10
10
10
10
10
10
10
10
10
10
10
10
10
10
10
10
10
10
10
10
10
10
10
10
10
10
10
10
10
10
10
10
10
10
10
10
10
10
10
10
10
10
10
10
10
10
10
10
10
10
10
10
10
10
10
10
10
10
10
10
10
10
10
10
10
10
10
10
10
10
10
10
10
10
10
10
10
10
10
10
10
10
10
10
10
10
10
10
10
10
10
10
10
10
10
10
10
10
10
10
10
10
10
10
10
10
10
10
10
10
10
10
10
10
10
10
10
10
10
10
10
10
10
10
10
10
10
10
10
10
10
10
10
10
10
10
10
10
10
10
10
10
10
10
10
10
10
10
10
10
10
10
10
10
10
10
10
10
10
10
10
10
10
10
10
10
10
10
10
10
10
10
10
10
10
10
10
10
10
10
10
10
10
10
10
10
10
10
10
10
10
10
10
10
10
10
10
10
10
10
10
10
10
10
10
10
10
10
10
10
10
10
10
10
10
10
10
10
10
10
10
10
10
10
10
10
10
10
10
10
10
10
10
10
10
10
10
10
10
10
10
10
10
10
10
10
10
10
10
10
10
10
10
10
10
10
10
10
10
10
10
10
10
10
10
10
10
10
10
10
10
10
10
10
10
10
10
10
10
10
10
10
10
10
10
10
10
10
10
10
10
10
10
10
10
10
10
10
10
10
10
10
10
10
10
10
10
10
10
10
10
10
10
10
10
10
10
10
10
10
10
10
10
10
10
10
10
10
10
10
10
10
10
10
10
10
10
10
10
10
10
10
10
10
10
10
10
10
10
10
10
10
10
10
10
10
10
10
10
10
10
10
10
10
10
10
10
10
10
10
10
10
10
10
10
10
10
10
10
10
10
10
10
10
10
10
10
10
10
10
10
10
10
10
10
10
10
10
10
10
10
10
10
10
10
10
10
10
10
10
10
10
10
10
10
10
10
10
10
10
10
10
10
10
10
10
10
10
10
10
10
10
10
10
10
10
10
10
10
10
10
10
10
10
10
10
10
10
10
10
10
10
10
10
10
10
10
10
10
10
10
10
10
10
10
10
10
10
10
10
10
10
10
10
10
10
10
10
10
10
10
10
10
10
10
10
10
10
10
10
10
10
10
10
10
10
10
10
10
10
10
10
10
10
10
10
10
10
10
10
10
10
10
10
10
10
10
10
10
10
10
10
10
10
10
10
10
10
10
10
10
10
10
10
10
10
10
10
10
10
10
10
10
10
10
10
10
10
10
10
10
10
10
10
10
10
10
10
10
10
10
10
10
10
10
10
10
10
10
10
10
10
10
10
10
10
10
10
10
10
10
10
10
10
10
10
10
10
10
10
10
10
10
10
10
10
10
10
10
10
10
10
10
10
10
10
10
10
10
10
10
10
10
10
10
10
10
10
10
10
10
10
10
10
10
10
10
10
10
10
10
10
10
10
10
10
10
10
10
10
10
10
10
10
10
10
10
10
10
10
10
10
10
10
10
10
10
10
10
10
10
10
10
10
10
10
10
10
10
10
10
10
10
10
10
10
10
10
10
10
10
10
10
10
10
10
10
10
10
10
10
10
10
10
10
10
10
10
10
10
10
10
10
10
10
10
10
10
10
10
10
10
10
10
10
10
10
10
10
10
10
10
10
10
10
10
10
10
10
10
10
10
10
10
10
10
10
10
10
10
10
10
10
10
10
10
10
10
10
10
10
10
10
10
10
10
10
10
10
10
10
10
10
10
10
10
10
10
10
10
10
10
10
10
10
10
10
10
10
10
10
10
10
10
10
10
10
10
10
10
10
10
10
10
10
10
10
10
10
10
10
10
10
10
10
10
10
10
10
10
10
10
10
10
10
10
10
10
10
10
10
10
10
10
10
10
10
10
10
10
10
10
10
10
10
10
10
10
10
10
10
10
10
10
10
10
10
10
10
10
10
10
10
10
10
10
10
10
10
10
10
10
10
10
10
10
10
10
10
10
10
10
10
10
10
10
10
10
10
10
10
10
10
10
10
10
10
10
10
10
10
10
10
10
10
10
10
10
10
10
10
10
10
10
10
10
10
10
10
10
10
10
10
10
10
10
10
10
10
10
10
10
10
10
10
10
10
10
10
10
10
10
10
10
10
10
10
10
10
10
10
10
10
10
10
10
10
10
10
10

CELL_DATA 24789
SCALARS CellEntityIds int 1
LOOKUP_TABLE default
3
3
3
3
3
3
3
3
3
3
3
3
3
3
3
3
3
3
3
3
3
3
3
3
3
3
3
3
3
3
3
3
3
3
3
3
3
3
3
3
3
3
3
3
3
3
3
3
3
3
3
3
3
3
3
3
3
3
3
3
3
3
3
3
3
3
3
3
3
3
3
3
3
3
3
3
3
3
3
3
3
3
3
3
3
3
3
3
3
3
3
3
3
3
3
3
3
3
3
3
3
3
3
3
3
3
3
3
3
3
3
3
3
3
3
3
3
3
3
3
3
3
3
3
3
3
3
3
3
3
3
3
3
3
3
3
3
3
3
3
3
3
3
3
3
3
3
3
3
3
3
3
3
3
3
3
3
3
3
3
3
3
3
3
3
3
3
3
3
3
3
3
3
3
3
3
3
3
3
3
3
3
3
3
3
3
3
3
3
3
3
3
3
3
3
3
3
3
3
3
3
3
3
3
3
3
3
3
3
3
3
3
3
3
3
3
3
3
3
3
3
3
3
3
3
3
3
3
3
3
3
3
3
3
3
3
3
3
3
3
3
3
3
3
3
3
3
3
3
3
3
3
3
3
3
3
3
3
3
3
3
3
3
3
3
3
3
3
2
2
2
2
2
2
2
2
2
2
2
2
2
2
2
2
2
2
2
2
2
2
2
2
2
2
2
2
2
2
2
2
2
2
2
2
2
2
2
2
2
2
2
2
2
2
2
2
2
2
2
2
2
2
2
2
2
2
2
2
2
2
2
2
2
2
1
1
1
1
1
1
1
1
1
1
1
1
1
1
1
1
1
1
1
1
1
1
1
1
1
1
1
1
1
1
1
1
1
1
1
1
1
1
1
1
1
1
1
1
1
1
1
1
1
1
1
1
1
1
1
1
1
1
1
1
1
1
1
1
1
1
4
4
4
4
4
4
4
4
4
4
4
4
4
4
4
4
4
4
4
4
4
4
4
4
4
4
4
4
4
4
4
4
4
4
4
4
4
4
4
4
4
4
4
4
4
4
4
4
4
4
4
4
4
4
4
4
4
4
4
4
4
4
4
4
4
4
4
4
4
4
4
4
4
4
4
4
4
4
4
4
4
4
4
4
4
4
4
4
4
4
4
4
4
4
4
4
4
4
4
4
4
4
4
4
4
4
4
4
4
4
4
4
4
4
4
4
4
4
4
4
4
4
4
4
4
4
4
4
4
4
4
4
4
4
4
4
4
4
4
4
4
4
4
4
4
4
4
4
4
4
4
4
4
4
4
4
4
4
4
4
4
4
4
4
4
4
4
4
4
4
4
4
4
4
4
4
4
4
4
4
4
4
4
4
4
4
4
4
4
4
4
4
4
4
4
4
4
4
4
4
4
4
4
4
4
4
4
4
4
4
4
4
4
4
4
4
4
4
4
4
4
4
4
4
4
4
4
4
4
4
4
4
4
4
4
4
4
4
4
4
4
4
4
4
4
4
4
4
4
4
4
4
4
4
4
4
4
4
4
4
4
4
4
4
4
4
4
4
4
4
4
4
4
4
4
4
4
4
4
4
4
4
4
4
4
4
4
4
4
4
4
4
4
4
4
4
4
4
4
4
4
4
4
4
4
4
4
4
4
4
4
4
4
4
4
4
4
4
4
4
4
4
4
4
4
4
4
4
4
4
4
4
4
4
4
4
4
4
4
4
4
4
4
4
4
4
4
4
4
4
4
4
4
4
4
4
4
4
4
4
4
4
4
4
4
4
4
4
4
4
4
4
4
4
4
4
4
4
4
4
4
4
4
4
4
4
4
4
4
4
4
4
4
4
4
4
4
4
4
4
4
4
4
4
4
4
4
4
4
4
4
4
4
4
4
4
4
4
4
4
4
4
4
4
4
4
4
4
4
4
4
4
4
4
4
4
4
4
4
4
4
4
4
4
4
4
4
4
4
4
4
4
4
4
4
4
4
4
4
4
4
4
4
4
4
4
4
4
4
4
4
4
4
4
4
4
4
4
4
4
4
4
4
4
4
4
4
4
4
4
4
4
4
4
4
4
4
4
4
4
4
4
4
4
4
4
4
4
4
4
4
4
4
4
4
4
4
4
4
4
4
4
4
4
4
4
4
4
4
4
4
4
4
4
4
4
4
4
4
4
4
4
4
4
4
4
4
4
4
4
4
4
4
4
4
4
4
4
4
4
4
4
4
4
4
4
4
4
4
4
4
4
4
4
4
4
4
4
4
4
4
4
4
4
4
4
4
4
4
4
4
4
4
4
4
4
4
4
4
4
4
4
4
4
4
4
4
4
4
4
4
4
4
4
4
4
4
4
4
4
4
4
4
4
4
4
4
4
4
4
4
4
4
4
4
4
4
4
4
4
4
4
4
4
4
4
4
4
4
4
4
4
4
4
4
4
4
4
4
4
4
4
4
4
4
4
4
4
4
4
4
4
4
4
4
4
4
4
4
4
4
4
4
4
4
4
4
4
4
4
4
4
4
4
4
4
4
4
4
4
4
4
4
4
4
4
4
4
4
4
4
4
4
4
4
4
4
4
4
4
4
4
4
4
4
4
4
4
4
4
4
4
4
4
4
4
4
4
4
4
4
4
4
4
4
4
4
4
4
4
4
4
4
4
4
4
4
4
4
4
4
4
4
4
4
4
4
4
4
4
4
4
4
4
4
4
4
4
4
4
4
4
4
4
4
4
4
4
4
4
4
4
4
4
4
4
4
4
4
4
4
4
4
4
4
4
4
4
4
4
4
4
4
4
4
4
4
4
4
4
4
4
4
4
4
4
4
4
4
4
4
4
4
4
4
4
4
4
4
4
4
4
4
4
4
4
4
4
4
4
4
4
4
4
4
4
4
4
4
4
4
4
4
4
4
4
4
4
4
4
4
4
4
4
4
4
4
4
4
4
4
4
4
4
4
4
4
4
4
4
4
4
4
4
4
4
4
4
4
4
4
4
4
4
4
4
4
4
4
4
4
4
4
4
4
4
4
4
4
4
4
4
4
4
4
4
4
4
4
4
4
4
4
4
4
4
4
4
4
4
4
4
4
4
4
4
4
4
4
4
4
4
4
4
4
4
4
4
4
4
4
4
4
4
4
4
4
4
4
4
4
4
4
4
4
4
4
4
4
4
4
4
4
4
4
4
4
4
4
4
4
4
4
4
4
4
4
4
4
4
4
4
4
4
4
4
4
4
4
4
4
4
4
4
4
4
4
4
4
4
4
4
4
4
4
4
4
4
4
4
4
4
4
4
4
4
4
4
4
4
4
4
4
4
4
4
4
4
4
4
4
4
4
4
4
4
4
4
4
4
4
4
4
4
4
4
4
4
4
4
4
4
4
4
4
4
4
4
4
4
4
4
4
4
4
4
4
4
4
4
4
4
4
4
4
4
4
4
4
4
4
4
4
4
4
4
4
4
4
4
4
4
4
4
4
4
4
4
4
4
4
4
4
4
4
4
4
4
4
4
4
4
4
4
4
4
4
4
4
4
4
4
4
4
4
4
4
4
4
4
4
4
4
4
4
4
4
4
4
4
4
4
4
4
4
4
4
4
4
4
4
4
4
4
4
4
4
4
4
4
4
4
4
4
4
4
4
4
4
4
4
4
4
4
4
4
4
4
4
4
4
4
4
4
4
4
4
4
4
4
4
4
4
4
4
4
4
4
4
4
4
4
4
4
4
4
4
4
4
4
4
4
4
4
4
4
4
4
4
4
4
4
4
4
4
4
4
4
4
4
4
4
4
4
4
4
4
4
4
4
4
4
4
4
4
4
4
4
4
4
4
4
4
4
4
4
4
4
4
4
4
4
4
4
4
4
4
4
4
4
4
4
4
4
4
4
4
4
4
4
4
4
4
4
4
4
4
4
4
4
4
4
4
4
4
4
4
4
4
4
4
4
4
4
4
4
4
4
4
4
4
4
4
4
4
4
4
4
4
4
4
4
4
4
4
4
4
4
4
4
4
4
4
4
4
4
4
4
4
4
4
4
4
4
4
4
4
4
4
4
4
4
4
4
4
4
4
4
4
4
4
4
4
4
4
4
4
4
4
4
4
4
4
4
4
4
4
4
4
4
4
4
4
4
4
4
4
4
4
4
4
4
4
4
4
4
4
4
4
4
4
4
4
4
4
4
4
4
4
4
4
4
4
4
4
4
4
4
4
4
4
4
4
4
4
4
4
4
4
4
4
4
4
4
4
4
4
4
4
4
4
4
4
4
4
4
4
4
4
4
4
4
4
4
4
4
4
4
4
4
4
4
4
4
4
4
4
4
4
4
4
4
4
4
4
4
4
4
4
4
4
4
4
4
4
4
4
4
4
4
4
4
4
4
4
4
4
4
4
4
4
4
4
4
4
4
4
4
4
4
4
4
4
4
4
4
4
4
4
4
4
4
4
4
4
4
4
4
4
4
4
4
4
4
4
4
4
4
4
4
4
4
4
4
4
4
4
4
4
4
4
4
4
4
4
4
4
4
4
4
4
4
4
4
4
4
4
4
4
4
4
4
4
4
4
4
4
4
4
4
4
4
4
4
4
4
4
4
4
4
4
4
4
4
4
4
4
4
4
4
4
4
4
4
4
4
4
4
4
4
4
4
4
4
4
4
4
4
4
4
4
4
4
4
4
4
4
4
4
4
4
4
4
4
4
4
4
4
4
4
4
4
4
4
4
4
4
4
4
4
4
4
4
4
4
4
4
4
4
4
4
4
4
4
4
4
4
4
4
4
4
4
4
4
4
4
4
4
4
4
4
4
4
4
4
4
4
4
4
4
4
4
4
4
4
4
4
4
4
4
4
4
4
4
4
4
4
4
4
4
4
4
4
4
4
4
4
4
4
4
4
4
4
4
4
4
4
4
4
4
4
4
4
4
4
4
4
4
4
4
4
4
4
4
4
4
4
4
4
4
4
4
4
4
4
4
4
4
4
4
4
4
4
4
4
4
4
4
4
4
4
4
4
4
4
4
4
4
4
4
4
4
4
4
4
4
4
4
4
4
4
4
4
4
4
4
4
4
4
4
4
4
4
4
4
4
4
4
4
4
4
4
4
4
4
4
4
4
4
4
4
4
4
4
4
4
4
4
4
4
4
4
4
4
4
4
4
4
4
4
4
4
4
4
4
4
4
4
4
4
4
4
4
4
4
4
4
4
4
4
4
4
4
4
4
4
4
4
4
4
4
4
4
4
4
4
4
4
4
4
4
4
4
4
4
4
4
4
4
4
4
4
4
4
4
4
4
4
4
4
4
4
4
4
4
4
4
4
4
4
4
4
4
4
4
4
4
4
4
4
4
4
4
4
4
4
4
4
4
4
4
4
4
4
4
4
4
4
4
4
4
4
4
4
4
4
4
4
4
4
4
4
4
4
4
4
4
4
4
4
4
4
4
4
4
4
4
4
4
4
4
4
4
4
4
4
4
4
4
4
4
4
4
4
4
4
4
4
4
4
4
4
4
4
4
4
4
4
4
4
4
4
4
4
4
4
4
4
4
4
4
4
4
4
4
4
4
4
4
4
4
4
4
4
4
4
4
4
4
4
4
4
4
4
4
4
4
4
4
4
4
4
4
4
4
4
4
4
4
4
4
4
4
4
4
4
4
4
4
4
4
4
4
4
4
4
4
4
4
4
4
4
4
4
4
4
4
4
4
4
4
4
4
4
4
4
4
4
4
4
4
4
4
4
4
4
4
4
4
4
4
4
4
4
4
4
4
4
4
4
4
4
4
4
4
4
4
4
4
4
4
4
4
4
4
4
4
4
4
4
4
4
4
4
4
4
4
4
4
4
4
4
4
4
4
4
4
4
4
4
4
4
4
4
4
4
4
4
4
4
4
4
4
4
4
4
4
4
4
4
4
4
4
4
4
4
4
4
4
4
4
4
4
4
4
4
4
4
4
4
4
4
4
4
4
4
4
4
4
4
4
4
4
4
4
4
4
4
4
4
4
4
4
4
4
4
4
4
4
4
4
4
4
4
4
4
4
4
4
4
4
4
4
4
4
4
4
4
4
4
4
4
4
4
4
4
4
4
4
4
4
4
4
4
4
4
4
4
4
4
4
4
4
4
4
4
4
4
4
4
4
4
4
4
4
4
4
4
4
4
4
4
4
4
4
4
4
4
4
4
4
4
4
4
4
4
4
4
4
4
4
4
4
4
4
4
4
4
4
4
4
4
4
4
4
4
4
4
4
4
4
4
4
4
4
4
4
4
4
4
4
4
4
4
4
4
4
4
4
4
4
4
4
4
4
4
4
4
4
4
4
4
4
4
4
4
4
4
4
4
4
4
4
4
4
4
4
4
4
4
4
4
4
4
4
4
4
4
4
4
4
4
4
4
4
4
4
4
4
4
4
4
4
4
4
4
4
4
4
4
4
4
4
4
4
4
4
4
4
4
4
4
4
4
4
4
4
4
4
4
4
4
4
4
4
4
4
4
4
4
4
4
4
4
4
4
4
4
4
4
4
4
4
4
4
4
4
4
4
4
4
4
4
4
4
4
4
4
4
4
4
4
4
4
4
4
4
4
4
4
4
4
4
4
4
4
4
4
4
4
4
4
4
4
4
4
4
4
4
4
4
4
4
4
4
4
4
4
4
4
4
4
4
4
4
4
4
4
4
4
4
4
4
4
4
4
4
4
4
4
4
4
4
4
4
4
4
4
4
4
4
4
4
4
4
4
4
4
4
4
4
4
4
4
4
4
4
4
4
4
4
4
4
4
4
4
4
4
4
4
4
4
4
4
4
4
4
4
4
4
4
4
4
4
4
4
4
4
4
4
4
4
4
4
4
4
4
4
4
4
4
4
4
4
4
4
4
4
4
4
4
4
4
4
4
4
4
4
4
4
4
4
4
4
4
4
4
4
4
4
4
4
4
4
4
4
4
4
4
4
4
4
4
4
4
4
4
4
4
4
4
4
4
4
4
4
4
4
4
4
4
4
4
4
4
4
4
4
4
4
4
4
4
4
4
4
4
4
4
4
4
4
4
4
4
4
4
4
4
4
4
4
4
4
4
4
4
4
4
4
4
4
4
4
4
4
4
4
4
4
4
4
4
4
4
4
4
4
4
4
4
4
4
4
4
4
4
4
4
4
4
4
4
4
4
4
4
4
4
4
4
4
4
4
4
4
4
4
4
4
4
4
4
4
4
4
4
4
4
4
4
4
4
4
4
4
4
4
4
4
4
4
4
4
4
4
4
4
4
4
4
4
4
4
4
4
4
4
4
4
4
4
4
4
4
4
4
4
4
4
4
4
4
4
4
4
4
4
4
4
4
4
4
4
4
4
4
4
4
4
4
4
4
4
4
4
4
4
4
4
4
4
4
4
4
4
4
4
4
4
4
4
4
4
4
4
4
4
4
4
4
4
4
4
4
4
4
4
4
4
4
4
4
4
4
4
4
4
4
4
4
4
4
4
4
4
4
4
4
4
4
4
4
4
4
4
4
4
4
4
4
4
4
4
4
4
4
4
4
4
4
4
4
4
4
4
4
4
4
4
4
4
4
4
4
4
4
4
4
4
4
4
4
4
4
4
4
4
4
4
4
4
4
4
4
4
4
4
4
4
4
4
4
4
4
4
4
4
4
4
4
4
4
4
4
4
4
4
4
4
4
4
4
4
4
4
4
4
4
4
4
4
4
4
4
4
4
4
4
4
4
4
4
4
4
4
4
4
4
4
4
4
4
4
4
4
4
4
4
4
4
4
4
4
4
4
4
4
4
4
4
4
4
4
4
4
4
4
4
4
4
4
4
4
4
4
4
4
4
4
4
4
4
4
4
4
4
4
4
4
4
4
4
4
4
4
4
4
4
4
4
4
4
4
4
4
4
4
4
4
4
4
4
4
4
4
4
4
4
4
4
4
4
4
4
4
4
4
4
4
4
4
4
4
4
4
4
4
4
4
4
4
4
4
4
4
4
4
4
4
4
4
4
4
4
4
4
4
4
4
4
4
4
4
4
4
4
4
4
4
4
4
4
4
4
4
4
4
4
4
4
4
4
4
4
4
4
4
4
4
4
4
4
4
4
4
4
4
4
4
4
4
4
4
4
4
4
4
4
4
4
4
4
4
4
4
4
4
4
4
4
4
4
4
4
4
4
4
4
4
4
4
4
4
4
4
4
4
4
4
4
4
4
4
4
4
4
4
4
4
4
4
4
4
4
4
4
4
4
4
4
4
4
4
4
4
4
4
4
4
4
4
4
4
4
4
4
4
4
4
4
4
4
4
4
4
4
4
4
4
4
4
4
4
4
4
4
4
4
4
4
4
4
4
4
4
4
4
4
4
4
4
4
4
4
4
4
4
4
4
4
4
4
4
4
4
4
4
4
4
4
4
4
4
4
4
4
4
4
4
4
4
4
4
4
4
4
4
4
4
4
4
4
4
4
4
4
4
4
4
4
4
4
4
4
4
4
4
4
4
4
4
4
4
4
4
4
4
4
4
4
4
4
4
4
4
4
4
4
4
4
4
4
4
4
4
4
4
4
4
4
4
4
4
4
4
4
4
4
4
4
4
4
4
4
4
4
4
4
4
4
4
4
4
4
4
4
4
4
4
4
4
4
4
4
4
4
4
4
4
4
4
4
4
4
4
4
4
4
4
4
4
4
4
4
4
4
4
4
4
4
4
4
4
4
4
4
4
4
4
4
4
4
4
4
4
4
4
4
4
4
4
4
4
4
4
4
4
4
4
4
4
4
4
4
4
4
4
4
4
4
4
4
4
4
4
4
4
4
4
4
4
4
4
4
4
4
4
4
4
4
4
4
4
4
4
4
4
4
4
4
4
4
4
4
4
4
4
4
4
4
4
4
4
4
4
4
4
4
4
4
4
4
4
4
4
4
4
4
4
4
4
4
4
4
4
4
4
4
4
4
4
4
4
4
4
4
4
4
4
4
4
4
4
4
4
4
4
4
4
4
4
4
4
4
4
4
4
4
4
4
4
4
4
4
4
4
4
4
4
4
4
4
4
4
4
4
4
4
4
4
4
4
4
4
4
4
4
4
4
4
4
4
4
4
4
4
4
4
4
4
4
4
4
4
4
4
4
4
4
4
4
4
4
4
4
4
4
4
4
4
4
4
4
4
4
4
4
4
4
4
4
4
4
4
4
4
4
4
4
4
4
4
4
4
4
4
4
4
4
4
4
4
4
4
4
4
4
4
4
4
4
4
4
4
4
4
4
4
4
4
4
4
4
4
4
4
4
4
4
4
4
4
4
4
4
4
4
4
4
4
4
4
4
4
4
4
4
4
4
4
4
4
4
4
4
4
4
4
4
4
4
4
4
4
4
4
4
4
4
4
4
4
4
4
4
4
4
4
4
4
4
4
4
4
4
4
4
4
4
4
4
4
4
4
4
4
4
4
4
4
4
4
4
4
4
4
4
4
4
4
4
4
4
4
4
4
4
4
4
4
4
4
4
4
4
4
4
4
4
4
4
4
4
4
4
4
4
4
4
4
4
4
4
4
4
4
4
4
4
4
4
4
4
4
4
4
4
4
4
4
4
4
4
4
4
4
4
4
4
4
4
4
4
4
4
4
4
4
4
4
4
4
4
4
4
4
4
4
4
4
4
4
4
4
4
4
4
4
4
4
4
4
4
4
4
4
4
4
4
4
4
4
4
4
4
4
4
4
4
4
4
4
4
4
4
4
4
4
4
4
4
4
4
4
4
4
4
4
4
4
4
4
4
4
4
4
4
4
4
4
4
4
4
4
4
4
4
4
4
4
4
4
4
4
4
4
4
4
4
4
4
4
4
4
4
4
4
4
4
4
4
4
4
4
4
4
4
4
4
4
4
4
4
4
4
4
4
4
4
4
4
4
4
4
4
4
4
4
4
4
4
4
4
4
4
4
4
4
4
4
4
4
4
4
4
4
4
4
4
4
4
4
4
4
4
4
4
4
4
4
4
4
4
4
4
4
4
4
4
4
4
4
4
4
4
4
4
4
4
4
4
4
4
4
4
4
4
4
4
4
4
4
4
4
4
4
4
4
4
4
4
4
4
4
4
4
4
4
4
4
4
4
4
4
4
4
4
4
4
4
4
4
4
4
4
4
4
4
4
4
4
4
4
4
4
4
4
4
4
4
4
4
4
4
4
4
4
4
4
4
4
4
4
4
4
4
4
4
4
4
4
4
4
4
4
4
4
4
4
4
4
4
4
4
4
4
4
4
4
4
4
4
4
4
4
4
4
4
4
4
4
4
4
4
4
4
4
4
4
4
4
4
4
4
4
4
4
4
4
4
4
4
4
4
4
4
4
4
4
4
4
4
4
4
4
4
4
4
4
4
4
4
4
4
4
4
4
4
4
4
4
4
4
4
4
4
4
4
4
4
4
4
4
4
4
4
4
4
4
4
4
4
4
4
4
4
4
4
4
4
4
4
4
4
4
4
4
4
4
4
4
4
4
4
4
4
4
4
4
4
4
4
4
4
4
4
4
4
4
4
4
4
4
4
4
4
4
4
4
4
4
4
4
4
4
4
4
4
4
4
4
4
4
4
4
4
4
4
4
4
4
4
4
4
4
4
4
4
4
4
4
4
4
4
4
4
4
4
4
4
4
4
4
4
4
4
4
4
4
4
4
4
4
4
4
4
4
4
4
4
4
4
4
4
4
4
4
4
4
4
4
4
4
4
4
4
4
4
4
4
4
4
4
4
4
4
4
4
4
4
4
4
4
4
4
4
4
4
4
4
4
4
4
4
4
4
4
4
4
4
4
4
4
4
4
4
4
4
4
4
4
4
4
4
4
4
4
4
4
4
4
4
4
4
4
4
4
4
4
4
4
4
4
4
4
4
4
4
4
4
4
4
4
4
4
4
4
4
4
4
4
4
4
4
4
4
4
4
4
4
4
4
4
4
4
4
4
4
4
4
4
4
4
4
4
4
4
4
4
4
4
4
4
4
4
4
4
4
4
4
4
4
4
4
4
4
4
4
4
4
4
4
4
4
4
4
4
4
4
4
4
4
4
4
4
4
4
4
4
4
4
4
4
4
4
4
4
4
4
4
4
4
4
4
4
4
4
4
4
4
4
4
4
4
4
4
4
4
4
4
4
4
4
4
4
4
4
4
4
4
4
4
4
4
4
4
4
4
4
4
4
4
4
4
4
4
4
4
4
4
4
4
4
4
4
4
4
4
4
4
4
4
4
4
4
4
4
4
4
4
4
4
4
4
4
0
0
0
0
0
0
0
0
0
0
0
0
0
0
0
0
0
0
0
0
0
0
0
0
0
0
0
0
0
0
0
0
0
0
0
0
0
0
0
0
0
0
0
0
0
0
0
0
0
0
0
0
0
0
0
0
0
0
0
0
0
0
0
0
0
0
0
0
0
0
0
0
0
0
0
0
0
0
0
0
0
0
0
0
0
0
0
0
0
0
0
0
0
0
0
0
0
0
0
0
0
0
0
0
0
0
0
0
0
0
0
0
0
0
0
0
0
0
0
0
0
0
0
0
0
0
0
0
0
0
0
0
0
0
0
0
0
0
0
0
0
0
0
0
0
0
0
0
0
0
0
0
0
0
0
0
0
0
0
0
0
0
0
0
0
0
0
0
0
0
0
0
0
0
0
0
0
0
0
0
0
0
0
0
0
0
0
0
0
0
0
0
0
0
0
0
0
0
0
0
0
0
0
0
0
0
0
0
0
0
0
0
0
0
0
0
0
0
0
0
0
0
0
0
0
0
0
0
0
0
0
0
0
0
0
0
0
0
0
0
0
0
0
0
0
0
0
0
0
0
0
0
0
0
0
0
0
0
0
0
0
0
0
0
0
0
0
0
0
0
0
0
0
0
0
0
0
0
0
0
0
0
0
0
0
0
0
0
0
0
0
0
0
0
0
0
0
0
0
0
0
0
0
0
0
0
0
0
0
0
0
0
0
0
0
0
0
0
0
0
0
0
0
0
0
0
0
0
0
0
0
0
0
0
0
0
0
0
0
0
0
0
0
0
0
0
0
0
0
0
0
0
0
0
0
0
0
0
0
0
0
0
0
0
0
0
0
0
0
0
0
0
0
0
0
0
0
0
0
0
0
0
0
0
0
0
0
0
0
0
0
0
0
0
0
0
0
0
0
0
0
0
0
0
0
0
0
0
0
0
0
0
0
0
0
0
0
0
0
0
0
0
0
0
0
0
0
0
0
0
0
0
0
0
0
0
0
0
0
0
0
0
0
0
0
0
0
0
0
0
0
0
0
0
0
0
0
0
0
0
0
0
0
0
0
0
0
0
0
0
0
0
0
0
0
0
0
0
0
0
0
0
0
0
0
0
0
0
0
0
0
0
0
0
0
0
0
0
0
0
0
0
0
0
0
0
0
0
0
0
0
0
0
0
0
0
0
0
0
0
0
0
0
0
0
0
0
0
0
0
0
0
0
0
0
0
0
0
0
0
0
0
0
0
0
0
0
0
0
0
0
0
0
0
0
0
0
0
0
0
0
0
0
0
0
0
0
0
0
0
0
0
0
0
0
0
0
0
0
0
0
0
0
0
0
0
0
0
0
0
0
0
0
0
0
0
0
0
0
0
0
0
0
0
0
0
0
0
0
0
0
0
0
0
0
0
0
0
0
0
0
0
0
0
0
0
0
0
0
0
0
0
0
0
0
0
0
0
0
0
0
0
0
0
0
0
0
0
0
0
0
0
0
0
0
0
0
0
0
0
0
0
0
0
0
0
0
0
0
0
0
0
0
0
0
0
0
0
0
0
0
0
0
0
0
0
0
0
0
0
0
0
0
0
0
0
0
0
0
0
0
0
0
0
0
0
0
0
0
0
0
0
0
0
0
0
0
0
0
0
0
0
0
0
0
0
0
0
0
0
0
0
0
0
0
0
0
0
0
0
0
0
0
0
0
0
0
0
0
0
0
0
0
0
0
0
0
0
0
0
0
0
0
0
0
0
0
0
0
0
0
0
0
0
0
0
0
0
0
0
0
0
0
0
0
0
0
0
0
0
0
0
0
0
0
0
0
0
0
0
0
0
0
0
0
0
0
0
0
0
0
0
0
0
0
0
0
0
0
0
0
0
0
0
0
0
0
0
0
0
0
0
0
0
0
0
0
0
0
0
0
0
0
0
0
0
0
0
0
0
0
0
0
0
0
0
0
0
0
0
0
0
0
0
0
0
0
0
0
0
0
0
0
0
0
0
0
0
0
0
0
0
0
0
0
0
0
0
0
0
0
0
0
0
0
0
0
0
0
0
0
0
0
0
0
0
0
0
0
0
0
0
0
0
0
0
0
0
0
0
0
0
0
0
0
0
0
0
0
0
0
0
0
0
0
0
0
0
0
0
0
0
0
0
0
0
0
0
0
0
0
0
0
0
0
0
0
0
0
0
0
0
0
0
0
0
0
0
0
0
0
0
0
0
0
0
0
0
0
0
0
0
0
0
0
0
0
0
0
0
0
0
0
0
0
0
0
0
0
0
0
0
0
0
0
0
0
0
0
0
0
0
0
0
0
0
0
0
0
0
0
0
0
0
0
0
0
0
0
0
0
0
0
0
0
0
0
0
0
0
0
0
0
0
0
0
0
0
0
0
0
0
0
0
0
0
0
0
0
0
0
0
0
0
0
0
0
0
0
0
0
0
0
0
0
0
0
0
0
0
0
0
0
0
0
0
0
0
0
0
0
0
0
0
0
0
0
0
0
0
0
0
0
0
0
0
0
0
0
0
0
0
0
0
0
0
0
0
0
0
0
0
0
0
0
0
0
0
0
0
0
0
0
0
0
0
0
0
0
0
0
0
0
0
0
0
0
0
0
0
0
0
0
0
0
0
0
0
0
0
0
0
0
0
0
0
0
0
0
0
0
0
0
0
0
0
0
0
0
0
0
0
0
0
0
0
0
0
0
0
0
0
0
0
0
0
0
0
0
0
0
0
0
0
0
0
0
0
0
0
0
0
0
0
0
0
0
0
0
0
0
0
0
0
0
0
0
0
0
0
0
0
0
0
0
0
0
0
0
0
0
0
0
0
0
0
0
0
0
0
0
0
0
0
0
0
0
0
0
0
0
0
0
0
0
0
0
0
0
0
0
0
0
0
0
0
0
0
0
0
0
0
0
0
0
0
0
0
0
0
0
0
0
0
0
0
0
0
0
0
0
0
0
0
0
0
0
0
0
0
0
0
0
0
0
0
0
0
0
0
0
0
0
0
0
0
0
0
0
0
0
0
0
0
0
0
0
0
0
0
0
0
0
0
0
0
0
0
0
0
0
0
0
0
0
0
0
0
0
0
0
0
0
0
0
0
0
0
0
0
0
0
0
0
0
0
0
0
0
0
0
0
0
0
0
0
0
0
0
0
0
0
0
0
0
0
0
0
0
0
0
0
0
0
0
0
0
0
0
0
0
0
0
0
0
0
0
0
0
0
0
0
0
0
0
0
0
0
0
0
0
0
0
0
0
0
0
0
0
0
0
0
0
0
0
0
0
0
0
0
0
0
0
0
0
0
0
0
0
0
0
0
0
0
0
0
0
0
0
0
0
0
0
0
0
0
0
0
0
0
0
0
0
0
0
0
0
0
0
0
0
0
0
0
0
0
0
0
0
0
0
0
0
0
0
0
0
0
0
0
0
0
0
0
0
0
0
0
0
0
0
0
0
0
0
0
0
0
0
0
0
0
0
0
0
0
0
0
0
0
0
0
0
0
0
0
0
0
0
0
0
0
0
0
0
0
0
0
0
0
0
0
0
0
0
0
0
0
0
0
0
0
0
0
0
0
0
0
0
0
0
0
0
0
0
0
0
0
0
0
0
0
0
0
0
0
0
0
0
0
0
0
0
0
0
0
0
0
0
0
0
0
0
0
0
0
0
0
0
0
0
0
0
0
0
0
0
0
0
0
0
0
0
0
0
0
0
0
0
0
0
0
0
0
0
0
0
0
0
0
0
0
0
0
0
0
0
0
0
0
0
0
0
0
0
0
0
0
0
0
0
0
0
0
0
0
0
0
0
0
0
0
0
0
0
0
0
0
0
0
0
0
0
0
0
0
0
0
0
0
0
0
0
0
0
0
0
0
0
0
0
0
0
0
0
0
0
0
0
0
0
0
0
0
0
0
0
0
0
0
0
0
0
0
0
0
0
0
0
0
0
0
0
0
0
0
0
0
0
0
0
0
0
0
0
0
0
0
0
0
0
0
0
0
0
0
0
0
0
0
0
0
0
0
0
0
0
0
0
0
0
0
0
0
0
0
0
0
0
0
0
0
0
0
0
0
0
0
0
0
0
0
0
0
0
0
0
0
0
0
0
0
0
0
0
0
0
0
0
0
0
0
0
0
0
0
0
0
0
0
0
0
0
0
0
0
0
0
0
0
0
0
0
0
0
0
0
0
0
0
0
0
0
0
0
0
0
0
0
0
0
0
0
0
0
0
0
0
0
0
0
0
0
0
0
0
0
0
0
0
0
0
0
0
0
0
0
0
0
0
0
0
0
0
0
0
0
0
0
0
0
0
0
0
0
0
0
0
0
0
0
0
0
0
0
0
0
0
0
0
0
0
0
0
0
0
0
0
0
0
0
0
0
0
0
0
0
0
0
0
0
0
0
0
0
0
0
0
0
0
0
0
0
0
0
0
0
0
0
0
0
0
0
0
0
0
0
0
0
0
0
0
0
0
0
0
0
0
0
0
0
0
0
0
0
0
0
0
0
0
0
0
0
0
0
0
0
0
0
0
0
0
0
0
0
0
0
0
0
0
0
0
0
0
0
0
0
0
0
0
0
0
0
0
0
0
0
0
0
0
0
0
0
0
0
0
0
0
0
0
0
0
0
0
0
0
0
0
0
0
0
0
0
0
0
0
0
0
0
0
0
0
0
0
0
0
0
0
0
0
0
0
0
0
0
0
0
0
0
0
0
0
0
0
0
0
0
0
0
0
0
0
0
0
0
0
0
0
0
0
0
0
0
0
0
0
0
0
0
0
0
0
0
0
0
0
0
0
0
0
0
0
0
0
0
0
0
0
0
0
0
0
0
0
0
0
0
0
0
0
0
0
0
0
0
0
0
0
0
0
0
0
0
0
0
0
0
0
0
0
0
0
0
0
0
0
0
0
0
0
0
0
0
0
0
0
0
0
0
0
0
0
0
0
0
0
0
0
0
0
0
0
0
0
0
0
0
0
0
0
0
0
0
0
0
0
0
0
0
0
0
0
0
0
0
0
0
0
0
0
0
0
0
0
0
0
0
0
0
0
0
0
0
0
0
0
0
0
0
0
0
0
0
0
0
0
0
0
0
0
0
0
0
0
0
0
0
0
0
0
0
0
0
0
0
0
0
0
0
0
0
0
0
0
0
0
0
0
0
0
0
0
0
0
0
0
0
0
0
0
0
0
0
0
0
0
0
0
0
0
0
0
0
0
0
0
0
0
0
0
0
0
0
0
0
0
0
0
0
0
0
0
0
0
0
0
0
0
0
0
0
0
0
0
0
0
0
0
0
0
0
0
0
0
0
0
0
0
0
0
0
0
0
0
0
0
0
0
0
0
0
0
0
0
0
0
0
0
0
0
0
0
0
0
0
0
0
0
0
0
0
0
0
0
0
0
0
0
0
0
0
0
0
0
0
0
0
0
0
0
0
0
0
0
0
0
0
0
0
0
0
0
0
0
0
0
0
0
0
0
0
0
0
0
0
0
0
0
0
0
0
0
0
0
0
0
0
0
0
0
0
0
0
0
0
0
0
0
0
0
0
0
0
0
0
0
0
0
0
0
0
0
0
0
0
0
0
0
0
0
0
0
0
0
0
0
0
0
0
0
0
0
0
0
0
0
0
0
0
0
0
0
0
0
0
0
0
0
0
0
0
0
0
0
0
0
0
0
0
0
0
0
0
0
0
0
0
0
0
0
0
0
0
0
0
0
0
0
0
0
0
0
0
0
0
0
0
0
0
0
0
0
0
0
0
0
0
0
0
0
0
0
0
0
0
0
0
0
0
0
0
0
0
0
0
0
0
0
0
0
0
0
0
0
0
0
0
0
0
0
0
0
0
0
0
0
0
0
0
0
0
0
0
0
0
0
0
0
0
0
0
0
0
0
0
0
0
0
0
0
0
0
0
0
0
0
0
0
0
0
0
0
0
0
0
0
0
0
0
0
0
0
0
0
0
0
0
0
0
0
0
0
0
0
0
0
0
0
0
0
0
0
0
0
0
0
0
0
0
0
0
0
0
0
0
0
0
0
0
0
0
0
0
0
0
0
0
0
0
0
0
0
0
0
0
0
0
0
0
0
0
0
0
0
0
0
0
0
0
0
0
0
0
0
0
0
0
0
0
0
0
0
0
0
0
0
0
0
0
0
0
0
0
0
0
0
0
0
0
0
0
0
0
0
0
0
0
0
0
0
0
0
0
0
0
0
0
0
0
0
0
0
0
0
0
0
0
0
0
0
0
0
0
0
0
0
0
0
0
0
0
0
0
0
0
0
0
0
0
0
0
0
0
0
0
0
0
0
0
0
0
0
0
0
0
0
0
0
0
0
0
0
0
0
0
0
0
0
0
0
0
0
0
0
0
0
0
0
0
0
0
0
0
0
0
0
0
0
0
0
0
0
0
0
0
0
0
0
0
0
0
0
0
0
0
0
0
0
0
0
0
0
0
0
0
0
0
0
0
0
0
0
0
0
0
0
0
0
0
0
0
0
0
0
0
0
0
0
0
0
0
0
0
0
0
0
0
0
0
0
0
0
0
0
0
0
0
0
0
0
0
0
0
0
0
0
0
0
0
0
0
0
0
0
0
0
0
0
0
0
0
0
0
0
0
0
0
0
0
0
0
0
0
0
0
0
0
0
0
0
0
0
0
0
0
0
0
0
0
0
0
0
0
0
0
0
0
0
0
0
0
0
0
0
0
0
0
0
0
0
0
0
0
0
0
0
0
0
0
0
0
0
0
0
0
0
0
0
0
0
0
0
0
0
0
0
0
0
0
0
0
0
0
0
0
0
0
0
0
0
0
0
0
0
0
0
0
0
0
0
0
0
0
0
0
0
0
0
0
0
0
0
0
0
0
0
0
0
0
0
0
0
0
0
0
0
0
0
0
0
0
0
0
0
0
0
0
0
0
0
0
0
0
0
0
0
0
0
0
0
0
0
0
0
0
0
0
0
0
0
0
0
0
0
0
0
0
0
0
0
0
0
0
0
0
0
0
0
0
0
0
0
0
0
0
0
0
0
0
0
0
0
0
0
0
0
0
0
0
0
0
0
0
0
0
0
0
0
0
0
0
0
0
0
0
0
0
0
0
0
0
0
0
0
0
0
0
0
0
0
0
0
0
0
0
0
0
0
0
0
0
0
0
0
0
0
0
0
0
0
0
0
0
0
0
0
0
0
0
0
0
0
0
0
0
0
0
0
0
0
0
0
0
0
0
0
0
0
0
0
0
0
0
0
0
0
0
0
0
0
0
0
0
0
0
0
0
0
0
0
0
0
0
0
0
0
0
0
0
0
0
0
0
0
0
0
0
0
0
0
0
0
0
0
0
0
0
0
0
0
0
0
0
0
0
0
0
0
0
0
0
0
0
0
0
0
0
0
0
0
0
0
0
0
0
0
0
0
0
0
0
0
0
0
0
0
0
0
0
0
0
0
0
0
0
0
0
0
0
0
0
0
0
0
0
0
0
0
0
0
0
0
0
0
0
0
0
0
0
0
0
0
0
0
0
0
0
0
0
0
0
0
0
0
0
0
0
0
0
0
0
0
0
0
0
0
0
0
0
0
0
0
0
0
0
0
0
0
0
0
0
0
0
0
0
0
0
0
0
0
0
0
0
0
0
0
0
0
0
0
0
0
0
0
0
0
0
0
0
0
0
0
0
0
0
0
0
0
0
0
0
0
0
0
0
0
0
0
0
0
0
0
0
0
0
0
0
0
0
0
0
0
0
0
0
0
0
0
0
0
0
0
0
0
0
0
0
0
0
0
0
0
0
0
0
0
0
0
0
0
0
0
0
0
0
0
0
0
0
0
0
0
0
0
0
0
0
0
0
0
0
0
0
0
0
0
0
0
0
0
0
0
0
0
0
0
0
0
0
0
0
0
0
0
0
0
0
0
0
0
0
0
0
0
0
0
0
0
0
0
0
0
0
0
0
0
0
0
0
0
0
0
0
0
0
0
0
0
0
0
0
0
0
0
0
0
0
0
0
0
0
0
0
0
0
0
0
0
0
0
0
0
0
0
0
0
0
0
0
0
0
0
0
0
0
0
0
0
0
0
0
0
0
0
0
0
0
0
0
0
0
0
0
0
0
0
0
0
0
0
0
0
0
0
0
0
0
0
0
0
0
0
0
0
0
0
0
0
0
0
0
0
0
0
0
0
0
0
0
0
0
0
0
0
0
0
0
0
0
0
0
0
0
0
0
0
0
0
0
0
0
0
0
0
0
0
0
0
0
0
0
0
0
0
0
0
0
0
0
0
0
0
0
0
0
0
0
0
0
0
0
0
0
0
0
0
0
0
0
0
0
0
0
0
0
0
0
0
0
0
0
0
0
0
0
0
0
0
0
0
0
0
0
0
0
0
0
0
0
0
0
0
0
0
0
0
0
0
0
0
0
0
0
0
0
0
0
0
0
0
0
0
0
0
0
0
0
0
0
0
0
0
0
0
0
0
0
0
0
0
0
0
0
0
0
0
0
0
0
0
0
0
0
0
0
0
0
0
0
0
0
0
0
0
0
0
0
0
0
0
0
0
0
0
0
0
0
0
0
0
0
0
0
0
0
0
0
0
0
0
0
0
0
0
0
0
0
0
0
0
0
0
0
0
0
0
0
0
0
0
0
0
0
0
0
0
0
0
0
0
0
0
0
0
0
0
0
0
0
0
0
0
0
0
0
0
0
0
0
0
0
0
0
0
0
0
0
0
0
0
0
0
0
0
0
0
0
0
0
0
0
0
0
0
0
0
0
0
0
0
0
0
0
0
0
0
0
0
0
0
0
0
0
0
0
0
0
0
0
0
0
0
0
0
0
0
0
0
0
0
0
0
0
0
0
0
0
0
0
0
0
0
0
0
0
0
0
0
0
0
0
0
0
0
0
0
0
0
0
0
0
0
0
0
0
0
0
0
0
0
0
0
0
0
0
0
0
0
0
0
0
0
0
0
0
0
0
0
0
0
0
0
0
0
0
0
0
0
0
0
0
0
0
0
0
0
0
0
0
0
0
0
0
0
0
0
0
0
0
0
0
0
0
0
0
0
0
0
0
0
0
0
0
0
0
0
0
0
0
0
0
0
0
0
0
0
0
0
0
0
0
0
0
0
0
0
0
0
0
0
0
0
0
0
0
0
0
0
0
0
0
0
0
0
0
0
0
0
0
0
0
0
0
0
0
0
0
0
0
0
0
0
0
0
0
0
0
0
0
0
0
0
0
0
0
0
0
0
0
0
0
0
0
0
0
0
0
0
0
0
0
0
0
0
0
0
0
0
0
0
0
0
0
0
0
0
0
0
0
0
0
0
0
0
0
0
0
0
0
0
0
0
0
0
0
0
0
0
0
0
0
0
0
0
0
0
0
0
0
0
0
0
0
0
0
0
0
0
0
0
0
0
0
0
0
0
0
0
0
0
0
0
0
0
0
0
0
0
0
0
0
0
0
0
0
0
0
0
0
0
0
0
0
0
0
0
0
0
0
0
0
0
0
0
0
0
0
0
0
0
0
0
0
0
0
0
0
0
0
0
0
0
0
0
0
0
0
0
0
0
0
0
0
0
0
0
0
0
0
0
0
0
0
0
0
0
0
0
0
0
0
0
0
0
0
0
0
0
0
0
0
0
0
0
0
0
0
0
0
0
0
0
0
0
0
0
0
0
0
0
0
0
0
0
0
0
0
0
0
0
0
0
0
0
0
0
0
0
0
0
0
0
0
0
0
0
0
0
0
0
0
0
0
0
0
0
0
0
0
0
0
0
0
0
0
0
0
0
0
0
0
0
0
0
0
0
0
0
0
0
0
0
0
0
0
0
0
0
0
0
0
0
0
0
0
0
0
0
0
0
0
0
0
0
0
0
0
0
0
0
0
0
0
0
0
0
0
0
0
0
0
0
0
0
0
0
0
0
0
0
0
0
0
0
0
0
0
0
0
0
0
0
0
0
0
0
0
0
0
0
0
0
0
0
0
0
0
0
0
0
0
0
0
0
0
0
0
0
0
0
0
0
0
0
0
0
0
0
0
0
0
0
0
0
0
0
0
0
0
0
0
0
0
0
0
0
0
0
0
0
0
0
0
0
0
0
0
0
0
0
0
0
0
0
0
0
0
0
0
0
0
0
0
0
0
0
0
0
0
0
0
0
0
0
0
0
0
0
0
0
0
0
0
0
0
0
0
0
0
0
0
0
0
0
0
0
0
0
0
0
0
0
0
0
0
0
0
0
0
0
0
0
0
0
0
0
0
0
0
0
0
0
0
0
0
0
0
0
0
0
0
0
0
0
0
0
0
0
0
0
0
0
0
0
0
0
0
0
0
0
0
0
0
0
0
0
0
0
0
0
0
0
0
0
0
0
0
0
0
0
0
0
0
0
0
0
0
0
0
0
0
0
0
0
0
0
0
0
0
0
0
0
0
0
0
0
0
0
0
0
0
0
0
0
0
0
0
0
0
0
0
0
0
0
0
0
0
0
0
0
0
0
0
0
0
0
0
0
0
0
0
0
0
0
0
0
0
0
0
0
0
0
0
0
0
0
0
0
0
0
0
0
0
0
0
0
0
0
0
0
0
0
0
0
0
0
0
0
0
0
0
0
0
0
0
0
0
0
0
0
0
0
0
0
0
0
0
0
0
0
0
0
0
0
0
0
0
0
0
0
0
0
0
0
0
0
0
0
0
0
0
0
0
0
0
0
0
0
0
0
0
0
0
0
0
0
0
0
0
0
0
0
0
0
0
0
0
0
0
0
0
0
0
0
0
0
0
0
0
0
0
0
0
0
0
0
0
0
0
0
0
0
0
0
0
0
0
0
0
0
0
0
0
0
0
0
0
0
0
0
0
0
0
0
0
0
0
0
0
0
0
0
0
0
0
0
0
0
0
0
0
0
0
0
0
0
0
0
0
0
0
0
0
0
0
0
0
0
0
0
0
0
0
0
0
0
0
0
0
0
0
0
0
0
0
0
0
0
0
0
0
0
0
0
0
0
0
0
0
0
0
0
0
0
0
0
0
0
0
0
0
0
0
0
0
0
0
0
0
0
0
0
0
0
0
0
0
0
0
0
0
0
0
0
0
0
0
0
0
0
0
0
0
0
0
0
0
0
0
0
0
0
0
0
0
0
0
0
0
0
0
0
0
0
0
0
0
0
0
0
0
0
0
0
0
0
0
0
0
0
0
0
0
0
0
0
0
0
0
0
0
0
0
0
0
0
0
0
0
0
0
0
0
0
0
0
0
0
0
0
0
0
0
0
0
0
0
0
0
0
0
0
0
0
0
0
0
0
0
0
0
0
0
0
0
0
0
0
0
0
0
0
0
0
0
0
0
0
0
0
0
0
0
0
0
0
0
0
0
0
0
0
0
0
0
0
0
0
0
0
0
0
0
0
0
0
0
0
0
0
0
0
0
0
0
0
0
0
0
0
0
0
0
0
0
0
0
0
0
0
0
0
0
0
0
0
0
0
0
0
0
0
0
0
0
0
0
0
0
0
0
0
0
0
0
0
0
0
0
0
0
0
0
0
0
0
0
0
0
0
0
0
0
0
0
0
0
0
0
0
0
0
0
0
0
0
0
0
0
0
0
0
0
0
0
0
0
0
0
0
0
0
0
0
0
0
0
0
0
0
0
0
0
0
0
0
0
0
0
0
0
0
0
0
0
0
0
0
0
0
0
0
0
0
0
0
0
0
0
0
0
0
0
0
0
0
0
0
0
0
0
0
0
0
0
0
0
0
0
0
0
0
0
0
0
0
0
0
0
0
0
0
0
0
0
0
0
0
0
0
0
0
0
0
0
0
0
0
0
0
0
0
0
0
0
0
0
0
0
0
0
0
0
0
0
0
0
0
0
0
0
0
0
0
0
0
0
0
0
0
0
0
0
0
0
0
0
0
0
0
0
0
0
0
0
0
0
0
0
0
0
0
0
0
0
0
0
0
0
0
0
0
0
0
0
0
0
0
0
0
0
0
0
0
0
0
0
0
0
0
0
0
0
0
0
0
0
0
0
0
0
0
0
0
0
0
0
0
0
0
0
0
0
0
0
0
0
0
0
0
0
0
0
0
0
0
0
0
0
0
0
0
0
0
0
0
0
0
0
0
0
0
0
0
0
0
0
0
0
0
0
0
0
0
0
0
0
0
0
0
0
0
0
0
0
0
0
0
0
0
0
0
0
0
0
0
0
0
0
0
0
0
0
0
0
0
0
0
0
0
0
0
0
0
0
0
0
0
0
0
0
0
0
0
0
0
0
0
0
0
0
0
0
0
0
0
0
0
0
0
0
0
0
0
0
0
0
0
0
0
0
0
0
0
0
0
0
0
0
0
0
0
0
0
0
0
0
0
0
0
0
0
0
0
0
0
0
0
0
0
0
0
0
0
0
0
0
0
0
0
0
0
0
0
0
0
0
0
0
0
0
0
0
0
0
0
0
0
0
0
0
0
0
0
0
0
0
0
0
0
0
0
0
0
0
0
0
0
0
0
0
0
0
0
0
0
0
0
0
0
0
0
0
0
0
0
0
0
0
0
0
0
0
0
0
0
0
0
0
0
0
0
0
0
0
0
0
0
0
0
0
0
0
0
0
0
0
0
0
0
0
0
0
0
0
0
0
0
0
0
0
0
0
0
0
0
0
0
0
0
0
0
0
0
0
0
0
0
0
0
0
0
0
0
0
0
0
0
0
0
0
0
0
0
0
0
0
0
0
0
0
0
0
0
0
0
0
0
0
0
0
0
0
0
0
0
0
0
0
0
0
0
0
0
0
0
0
0
0
0
0
0
0
0
0
0
0
0
0
0
0
0
0
0
0
0
0
0
0
0
0
0
0
0
0
0
0
0
0
0
0
0
0
0
0
0
0
0
0
0
0
0
0
0
0
0
0
0
0
0
0
0
0
0
0
0
0
0
0
0
0
0
0
0
0
0
0
0
0
0
0
0
0
0
0
0
0
0
0
0
0
0
0
0
0
0
0
0
0
0
0
0
0
0
0
0
0
0
0
0
0
0
0
0
0
0
0
0
0
0
0
0
0
0
0
0
0
0
0
0
0
0
0
0
0
0
0
0
0
0
0
0
0
0
0
0
0
0
0
0
0
0
0
0
0
0
0
0
0
0
0
0
0
0
0
0
0
0
0
0
0
0
0
0
0
0
0
0
0
0
0
0
0
0
0
0
0
0
0
0
0
0
0
0
0
0
0
0
0
0
0
0
0
0
0
0
0
0
0
0
0
0
0
0
0
0
0
0
0
0
0
0
0
0
0
0
0
0
0
0
0
0
0
0
0
0
0
0
0
0
0
0
0
0
0
0
0
0
0
0
0
0
0
0
0
0
0
0
0
0
0
0
0
0
0
0
0
0
0
0
0
0
0
0
0
0
0
0
0
0
0
0
0
0
0
0
0
0
0
0
0
0
0
0
0
0
0
0
0
0
0
0
0
0
0
0
0
0
0
0
0
0
0
0
0
0
0
0
0
0
0
0
0
0
0
0
0
0
0
0
0
0
0
0
0
0
0
0
0
0
0
0
0
0
0
0
0
0
0
0
0
0
0
0
0
0
0
0
0
0
0
0
0
0
0
0
0
0
0
0
0
0
0
0
0
0
0
0
0
0
0
0
0
0
0
0
0
0
0
0
0
0
0
0
0
0
0
0
0
0
0
0
0
0
0
0
0
0
0
0
0
0
0
0
0
0
0
0
0
0
0
0
0
0
0
0
0
0
0
0
0
0
0
0
0
0
0
0
0
0
0
0
0
0
0
0
0
0
0
0
0
0
0
0
0
0
0
0
0
0
0
0
0
0
0
0
0
0
0
0
0
0
0
0
0
0
0
0
0
0
0
0
0
0
0
0
0
0
0
0
0
0
0
0
0
0
0
0
0
0
0
0
0
0
0
0
0
0
0
0
0
0
0
0
0
0
0
0
0
0
0
0
0
0
0
0
0
0
0
0
0
0
0
0
0
0
0
0
0
0
0
0
0
0
0
0
0
0
0
0
0
0
0
0
0
0
0
0
0
0
0
0
0
0
0
0
0
0
0
0
0
0
0
0
0
0
0
0
0
0
0
0
0
0
0
0
0
0
0
0
0
0
0
0
0
0
0
0
0
0
0
0
0
0
0
0
0
0
0
0
0
0
0
0
0
0
0
0
0
0
0
0
0
0
0
0
0
0
0
0
0
0
0
0
0
0
0
0
0
0
0
0
0
0
0
0
0
0
0
0
0
0
0
0
0
0
0
0
0
0
0
0
0
0
0
0
0
0
0
0
0
0
0
0
0
0
0
0
0
0
0
0
0
0
0
0
0
0
0
0
0
0
0
0
0
0
0
0
0
0
0
0
0
0
0
0
0
0
0
0
0
0
0
0
0
0
0
0
0
0
0
0
0
0
0
0
0
0
0
0
0
0
0
0
0
0
0
0
0
0
0
0
0
0
0
0
0
0
0
0
0
0
0
0
0
0
0
0
0
0
0
0
0
0
0
0
0
0
0
0
0
0
0
0
0
0
0
0
0
0
0
0
0
0
0
0
0
0
0
0
0
0
0
0
0
0
0
0
0
0
0
0
0
0
0
0
0
0
0
0
0
0
0
0
0
0
0
0
0
0
0
0
0
0
0
0
0
0
0
0
0
0
0
0
0
0
0
0
0
0
0
0
0
0
0
0
0
0
0
0
0
0
0
0
0
0
0
0
0
0
0
0
0
0
0
0
0
0
0
0
0
0
0
0
0
0
0
0
0
0
0
0
0
0
0
0
0
0
0
0
0
0
0
0
0
0
0
0
0
0
0
0
0
0
0
0
0
0
0
0
0
0
0
0
0
0
0
0
0
0
0
0
0
0
0
0
0
0
0
0
0
0
0
0
0
0
0
0
0
0
0
0
0
0
0
0
0
0
0
0
0
0
0
0
0
0
0
0
0
0
0
0
0
0
0
0
0
0
0
0
0
0
0
0
0
0
0
0
0
0
0
0
0
0
0
0
0
0
0
0
0
0
0
0
0
0
0
0
0
0
0
0
0
0
0
0
0
0
0
0
0
0
0
0
0
0
0
0
0
0
0
0
0
0
0
0
0
0
0
0
0
0
0
0
0
0
0
0
0
0
0
0
0
0
0
0
0
0
0
0
0
0
0
0
0
0
0
0
0
0
0
0
0
0
0
0
0
0
0
0
0
0
0
0
0
0
0
0
0
0
0
0
0
0
0
0
0
0
0
0
0
0
0
0
0
0
0
0
0
0
0
0
0
0
0
0
0
0
0
0
0
0
0
0
0
0
0
0
0
0
0
0
0
0
0
0
0
0
0
0
0
0
0
0
0
0
0
0
0
0
0
0
0
0
0
0
0
0
0
0
0
0
0
0
0
0
0
0
0
0
0
0
0
0
0
0
0
0
0
0
0
0
0
0
0
0
0
0
0
0
0
0
0
0
0
0
0
0
0
0
0
0
0
0
0
0
0
0
0
0
0
0
0
0
0
0
0
0
0
0
0
0
0
0
0
0
0
0
0
0
0
0
0
0
0
0
0
0
0
0
0
0
0
0
0
0
0
0
0
0
0
0
0
0
0
0
0
0
0
0
0
0
0
0
0
0
0
0
0
0
0
0
0
0
0
0
0
0
0
0
0
0
0
0
0
0
0
0
0
0
0
0
0
0
0
0
0
0
0
0
0
0
0
0
0
0
0
0
0
0
0
0
0
0
0
0
0
0
0
0
0
0
0
0
0
0
0
0
0
0
0
0
0
0
0
0
0
0
0
0
0
0
0
0
0
0
0
0
0
0
0
0
0
0
0
0
0
0
0
0
0
0
0
0
0
0
0
0
0
0
0
0
0
0
0
0
0
0
0
0
0
0
0
0
0
0
0
0
0
0
0
0
0
0
0
0
0
0
0
0
0
0
0
0
0
0
0
0
0
0
0
0
0
0
0
0
0
0
0
0
0
0
0
0
0
0
0
0
0
0
0
0
0
0
0
0
0
0
0
0
0
0
0
0
0
0
0
0
0
0
0
0
0
0
0
0
0
0
0
0
0
0
0
0
0
0
0
0
0
0
0
0
0
0
0
0
0
0
0
0
0
0
0
0
0
0
0
0
0
0
0
0
0
0
0
0
0
0
0
0
0
0
0
0
0
0
0
0
0
0
0
0
0
0
0
0
0
0
0
0
0
0
0
0
0
0
0
0
0
0
0
0
0
0
0
0
0
0
0
0
0
0
0
0
0
0
0
0
0
0
0
0
0
0
0
0
0
0
0
0
0
0
0
0
0
0
0
0
0
0
0
0
0
0
0
0
0
0
0
0
0
0
0
0
0
0
0
0
0
0
0
0
0
0
0
0
0
0
0
0
0
0
0
0
0
0
0
0
0
0
0
0
0
0
0
0
0
0
0
0
0
0
0
0
0
0
0
0
0
0
0
0
0
0
0
0
0
0
0
0
0
0
0
0
0
0
0
0
0
0
0
0
0
0
0
0
0
0
0
0
0
0
0
0
0
0
0
0
0
0
0
0
0
0
0
0
0
0
0
0
0
0
0
0
0
0
0
0
0
0
0
0
0
0
0
0
0
0
0
0
0
0
0
0
0
0
0
0
0
0
0
0
0
0
0
0
0
0
0
0
0
0
0
0
0
0
0
0
0
0
0
0
0
0
0
0
0
0
0
0
0
0
0
0
0
0
0
0
0
0
0
0
0
0
0
0
0
0
0
0
0
0
0
0
0
0
0
0
0
0
0
0
0
0
0
0
0
0
0
0
0
0
0
0
0
0
0
0
0
0
0
0
0
0
0
0
0
0
0
0
0
0
0
0
0
0
0
0
0
0
0
0
0
0
0
0
0
0
0
0
0
0
0
0
0
0
0
0
0
0
0
0
0
0
0
0
0
0
0
0
0
0
0
0
0
0
0
0
0
0
0
0
0
0
0
0
0
0
0
0
0
0
0
0
0
0
0
0
0
0
0
0
0
0
0
0
0
0
0
0
0
0
0
0
0
0
0
0
0
0
0
0
0
0
0
0
0
0
0
0
0
0
0
0
0
0
0
0
0
0
0
0
0
0
0
0
0
0
0
0
0
0
0
0
0
0
0
0
0
0
0
0
0
0
0
0
0
0
0
0
0
0
0
0
0
0
0
0
0
0
0
0
0
0
0
0
0
0
0
0
0
0
0
0
0
0
0
0
0
0
0
0
0
0
0
0
0
0
0
0
0
0
0
0
0
0
0
0
0
0
0
0
0
0
0
0
0
0
0
0
0
0
0
0
0
0
0
0
0
0
0
0
0
0
0
0
0
0
0
0
0
0
0
0
0
0
0
0
0
0
0
0
0
0
0
0
0
0
0
0
0
0
0
0
0
0
0
0
0
0
0
0
0
0
0
0
0
0
0
0
0
0
0
0
0
0
0
0
0
0
0
0
0
0
0
0
0
0
0
0
0
0
0
0
0
0
0
0
0
0
0
0
0
0
0
0
0
0
0
0
0
0
0
0
0
0
0
0
0
0
0
0
0
0
0
0
0
0
0
0
0
0
0
0
0
0
0
0
0
0
0
0
0
0
0
0
0
0
0
0
0
0
0
0
0
0
0
0
0
0
0
0
0
0
0
0
0
0
0
0
0
0
0
0
0
0
0
0
0
0
0
0
0
0
0
0
0
0
0
0
0
0
0
0
0
0
0
0
0
0
0
0
0
0
0
0
0
0
0
0
0
0
0
0
0
0
0
0
0
0
0
0
0
0
0
0
0
0
0
0
0
0
0
0
0
0
0
0
0
0
0
0
0
0
0
0
0
0
0
0
0
0
0
0
0
0
0
0
0
0
0
0
0
0
0
0
0
0
0
0
0
0
0
0
0
0
0
0
0
0
0
0
0
0
0
0
0
0
0
0
0
0
0
0
0
0
0
0
0
0
0
0
0
0
0
0
0
0
0
0
0
0
0
0
0
0
0
0
0
0
0
0
0
0
0
0
0
0
0
0
0
0
0
0
0
0
0
0
0
0
0
0
0
0
0
0
0
0
0
0
0
0
0
0
0
0
0
0
0
0
0
0
0
0
0
0
0
0
0
0
0
0
0
0
0
0
0
0
0
0
0
0
0
0
0
0
0
0
0
0
0
0
0
0
0
0
0
0
0
0
0
0
0
0
0
0
0
0
0
0
0
0
0
0
0
0
0
0
0
0
0
0
0
0
0
0
0
0
0
0
0
0
0
0
0
0
0
0
0
0
0
0
0
0
0
0
0
0
0
0
0
0
0
0
0
0
0
0
0
0
0
0
0
0
0
0
0
0
0
0
0
0
0
0
0
0
0
0
0
0
0
0
0
0
0
0
0
0
0
0
0
0
0
0
0
0
0
0
0
0
0
0
0
0
0
0
0
0
0
0
0
0
0
0
0
0
0
0
0
0
0
0
0
0
0
0
0
0
0
0
0
0
0
0
0
0
0
0
0
0
0
0
0
0
0
0
0
0
0
0
0
0
0
0
0
0
0
0
0
0
0
0
0
0
0
0
0
0
0
0
0
0
0
0
0
0
0
0
0
0
0
0
0
0
0
0
0
0
0
0
0
0
0
0
0
0
0
0
0
0
0
0
0
0
0
0
0
0
0
0
0
0
0
0
0
0
0
0
0
0
0
0
0
0
0
0
0
0
0
0
0
0
0
0
0
0
0
0
0
0
0
0
0
0
0
0
0
0
0
0
0
0
0
0
0
0
0
0
0
0
0
0
0
0
0
0
0
0
0
0
0
0
0
0
0
0
0
0
0
0
0
0
0
0
0
0
0
0
0
0
0
0
0
0
0
0
0
0
0
0
0
0
0
0
0
0
0
0
0
0
0
0
0
0
0
0
0
0
0
0
0
0
0
0
0
0
0
0
0
0
0
0
0
0
0
0
0
0
0
0
0
0
0
0
0
0
0
0
0
0
0
0
0
0
0
0
0
0
0
0
0
0
0
0
0
0
0
0
0
0
0
0
0
0
0
0
0
0
0
0
0
0
0
0
0
0
0
0
0
0
0
0
0
0
0
0
0
0
0
0
0
0
0
0
0
0
0
0
0
0
0
0
0
0
0
0
0
0
0
0
0
0
0
0
0
0
0
0
0
0
0
0
0
0
0
0
0
0
0
0
0
0
0
0
0
0
0
0
0
0
0
0
0
0
0
0
0
0
0
0
0
0
0
0
0
0
0
0
0
0
0
0
0
0
0
0
0
0
0
0
0
0
0
0
0
0
0
0
0
0
0
0
0
0
0
0
0
0
0
0
0
0
0
0
0
0
0
0
0
0
0
0
0
0
0
0
0
0
0
0
0
0
0
0
0
0
0
0
0
0
0
0
0
0
0
0
0
0
0
0
0
0
0
0
0
0
0
0
0
0
0
0
0
0
0
0
0
0
0
0
0
0
0
0
0
0
0
0
0
0
0
0
0
0
0
0
0
0
0
0
0
0
0
0
0
0
0
0
0
0
0
0
0
0
0
0
0
0
0
0
0
0
0
0
0
0
0
0
0
0
0
0
0
0
0
0
0
0
0
0
0
0
0
0
0
0
0
0
0
0
0
0
0
0
0
0
0
0
0
0
0
0
0
0
0
0
0
0
0
0
0
0
0
0
0
0
0
0
0
0
0
0
0
0
0
0
0
0
0
0
0
0
0
0
0
0
0
0
0
0
0
0
0
0
0
0
0
0
0
0
0
0
0
0
0
0
0
0
0
0
0
0
0
0
0
0
0
0
0
0
0
0
0
0
0
0
0
0
0
0
0
0
0
0
0
0
0
0
0
0
0
0
0
0
0
0
0
0
0
0
0
0
0
0
0
0
0
0
0
0
0
0
0
0
0
0
0
0
0
0
0
0
0
0
0
0
0
0
0
0
0
0
0
0
0
0
0
0
0
0
0
0
0
0
0
0
0
0
0
0
0
0
0
0
0
0
0
0
0
0
0
0
0
0
0
0
0
0
0
0
0
0
0
0
0
0
0
0
0
0
0
0
0
0
0
0
0
0
0
0
0
0
0
0
0
0
0
0
0
0
0
0
0
0
0
0
0
0
0
0
0
0
0
0
0
0
0
0
0
0
0
0
0
0
0
0
0
0
0
0
0
0
0
0
0
0
0
0
0
0
0
0
0
0
0
0
0
0
0
0
0
0
0
0
0
0
0
0
0
0
0
0
0
0
0
0
0
0
0
0
0
0
0
0
0
0
0
0
0
0
0
0
0
0
0
0
0
0
0
0
0
0
0
0
0
0
0
0
0
0
0
0
0
0
0
0
0
0
0
0
0
0
0
0
0
0
0
0
0
0
0
0
0
0
0
0
0
0
0
0
0
0
0
0
0
0
0
0
0
0
0
0
0
0
0
0
0
0
0
0
0
0
0
0
0
0
0
0
0
0
0
0
0
0
0
0
0
0
0
0
0
0
0
0
0
0
0
0
0
0
0
0
0
0
0
0
0
0
0
0
0
0
0
0
0
0
0
0
0
0
0
0
0
0
0
0
0
0
0
0
0
0
0
0
0
0
0
0
0
0
0
0
0
0
0
0
0
0
0
0
0
0
0
0
0
0
0
0
0
0
0
0
0
0
0
0
0
0
0
0
0
0
0
0
0
0
0
0
0
0
0
0
0
0
0
0
0
0
0
0
0
0
0
0
0
0
0
0
0
0
0
0
0
0
0
0
0
0
0
0
0
0
0
0
0
0
0
0
0
0
0
0
0
0
0
0
0
0
0
0
0
0
0
0
0
0
0
0
0
0
0
0
0
0
0
0
0
0
0
0
0
0
0
0
0
0
0
0
0
0
0
0
0
0
0
0
0
0
0
0
0
0
0
0
0
0
0
0
0
0
0
0
0
0
0
0
0
0
0
0
0
0
0
0
0
0
0
0
0
0
0
0
0
0
0
0
0
0
0
0
0
0
0
0
0
0
0
0
0
0
0
0
0
0
0
0
0
0
0
0
0
0
0
0
0
0
0
0
0
0
0
0
0
0
0
0
0
0
0
0
0
0
0
0
0
0
0
0
0
0
0
0
0
0
0
0
0
0
0
0
0
0
0
0
0
0
0
0
0
0
0
0
0
0
0
0
0
0
0
0
0
0
0
0
0
0
0
0
0
0
0
0
0
0
0
0
0
0
0
0
0
0
0
0
0
0
0
0
0
0
0
0
0
0
0
0
0
0
0
0
0
0
0
0
0
0
0
0
0
0
0
0
0
0
0
0
0
0
0
0
0
0
0
0
0
0
0
0
0
0
0
0
0
0
0
0
0
0
0
0
0
0
0
0
0
0
0
0
0
0
0
0
0
0
0
0
0
0
0
0
0
0
0
0
0
0
0
0
0
0
0
0
0
0
0
0
0
0
0
0
0
0
0
0
0
0
0
0
0
0
0
0
0
0
0
0
0
0
0
0
0
0
0
0
0
0
0
0
0
0
0
0
0
0
0
0
0
0
0
0
0
0
0
0
0
0
0
0
0
0
0
0
0
0
0
0
0
0
0
0
0
0
0
0
0
0
0
0
0
0
0
0
0
0
0
0
0
0
0
0
0
0
0
0
0
0
0
0
0
0
0
0
0
0
0
0
0
0
0
0
0
0
0
0
0
0
0
0
0
0
0
0
0
0
0
0
0
0
0
0
0
0
0
0
0
0
0
0
0
0
0
0
0
0
0
0
0
0
0
0
0
0
0
0
0
0
0
0
0
0
0
0
0
0
0
0
0
0
0
0
0
0
0
0
0
0
0
0
0
0
0
0
0
0
0
0
0
0
0
0
0
0
0
0
0
0
0
0
0
0
0
0
0
0
0
0
0
0
0
0
0
0
0
0
0
0
0
0
0
0
0
0
0
0
0
0
0
0
0
0
0
0
0
0
0
0
0
0
0
0
0
0
0
0
0
0
0
0
0
0
0
0
0
0
0
0
0
0
0
0
0
0
0
0
0
0
0
0
0
0
0
0
0
0
0
0
0
0
0
0
0
0
0
0
0
0
0
0
0
0
0
0
0
0
0
0
0
0
0
0
0
0
0
0
0
0
0
0
0
0
0
0
0
0
0
0
0
0
0
0
0
0
0
0
0
0
0
0
0
0
0
0
0
0
0
0
0
0
0
0
0
0
0
0
0
0
0
0
0
0
0
0
0
0
0
0
0
0
0
0
0
0
0
0
0
0
0
0
0
0
0
0
0
0
0
0
0
0
0
0
0
0
0
0
0
0
0
0
0
0
0
0
0
0
0
0
0
0
0
0
0
0
0
0
0
0
0
0
0
0
0
0
0
0
0
0
0
0
0
0
0
0
0
0
0
0
0
0
0
0
0
0
0
0
0
0
0
0
0
0
0
0
0
0
0
0
0
0
0
0
0
0
0
0
0
0
0
0
0
0
0
0
0
0
0
0
0
0
0
0
0
0
0
0
0
0
0
0
0
0
0
0
0
0
0
0
0
0
0
0
0
0
0
0
0
0
0
0
0
0
0
0
0
0
0
0
0
0
0
0
0
0
0
0
0
0
0
0
0
0
0
0
0
0
0
0
0
0
0
0
0
0
0
0
0
0
0
0
0
0
0
0
0
0
0
0
0
0
0
0
0
0
0
0
0
0
0
0
0
0
0
0
0
0
0
0
0
0
0
0
0
0
0
0
0
0
0
0
0
0
0
0
0
0
0
0
0
0
0
0
0
0
0
0
0
0
0
0
0
0
0
0
0
0
0
0
0
0
0
0
0
0
0
0
0
0
0
0
0
0
0
0
0
0
0
0
0
0
0
0
0
0
0
0
0
0
0
0
0
0
0
0
0
0
0
0
0
0
0
0
0
0
0
0
0
0
0
0
0
0
0
0
0
0
0
0
0
0
0
0
0
0
0
0
0
0
0
0
0
0
0
0
0
0
0
0
0
0
0
0
0
0
0
0
0
0
0
0
0
0
0
0
0
0
0
0
0
0
0
0
0
0
0
0
0
0
0
0
0
0
0
0
0
0
0
0
0
0
0
0
0
0
0
0
0
0
0
0
0
0
0
0
0
0
0
0
0
0
0
0
0
0
0
0
0
0
0
0
0
0
0
0
0
0
0
0
0
0
0
0
0
0
0
0
0
0
0
0
0
0
0
0
0
0
0
0
0
0
0
0
0
0
0
0
0
0
0
0
0
0
0
0
0
0
0
0
0
0
0
0
0
0
0
0
0
0
0
0
0
0
0
0
0
0
0
0
0
0
0
0
0
0
0
0
0
0
0
0
0
0
0
0
0
0
0
0
0
0
0
0
0
0
0
0
0
0
0
0
0
0
0
0
0
0
0
0
0
0
0
0
0
0
0
0
0
0
0
0
0
0
0
0
0
0
0
0
0
0
0
0
0
0
0
0
0
0
0
0
0
0
0
0
0
0
0
0
0
0
0
0
0
0
0
0
0
0
0
0
0
0
0
0
0
0
0
0
0
0
0
0
0
0
0
0
0
0
0
0
0
0
0
0
0
0
0
0
0
0
0
0
0
0
0
0
0
0
0
0
0
0
0
0
0
0
0
0
0
0
0
0
0
0
0
0
0
0
0
0
0
0
0
0
0
0
0
0
0
0
0
0
0
0
0
0
0
0
0
0
0
0
0
0
0
0
0
0
0
0
0
0
0
0
0
0
0
0
0
0
0
0
0
0
0
0
0
0
0
0
0
0
0
0
0
0
0
0
0
0
0
0
0
0
0
0
0
0
0
0
0
0
0
0
0
0
0
0
0
0
0
0
0
0
0
0
0
0
0
0
0
0
0
0
0
0
0
0
0
0
0
0
0
0
0
0
0
0
0
0
0
0
0
0
0
0
0
0
0
0
0
0
0
0
0
0
0
0
0
0
0
0
0
0
0
0
0
0
0
0
0
0
0
0
0
0
0
0
0
0
0
0
0
0
0
0
0
0
0
0
0
0
0
0
0
0
0
0
0
0
0
0
0
0
0
0
0
0
0
0
0
0
0
0
0
0
0
0
0
0
0
0
0
0
0
0
0
0
0
0
0
0
0
0
0
0
0
0
0
0
0
0
0
0
0
0
0
0
0
0
0
0
0
0
0
0
0
0
0
0
0
0
0
0
0
0
0
0
0
0
0
0
0
0
0
0
0
0
0
0
0
0
0
0
0
0
0
0
0
0
0
0
0
0
0
0
0
0
0
0
0
0
0
0
0
0
0
0
0
0
0
0
0
0
0
0
0
0
0
0
0
0
0
0
0
0
0
0
0
0
0
0
0
0
0
0
0
0
0
0
0
0
0
0
0
0
0
0
0
0
0
0
0
0
0
0
0
0
0
0
0
0
0
0
0
0
0
0
0
0
0
0
0
0
0
0
0
0
0
0
0
0
0
0
0
0
0
0
0
0
0
0
0
0
0
0
0
0
0
0
0
0
0
0
0
0
0
0
0
0
0
0
0
0
0
0
0
0
0
0
0
0
0
0
0
0
0
0
0
0
0
0
0
0
0
0
0
0
0
0
0
0
0
0
0
0
0
0
0
0
0
0
0
0
0
0
0
0
0
0
0
0
0
0
0
0
0
0
0
0
0
0
0
0
0
0
0
0
0
0
0
0
0
0
0
0
0
0
0
0
0
0
0
0
0
0
0
0
0
0
0
0
0
0
0
0
0
0
0
0
0
0
0
0
0
0
0
0
0
0
0
0
0
0
0
0
0
0
0
0
0
0
0
0
0
0
0
0
0
0
0
0
0
0
0
0
0
0
0
0
0
0
0
0
0
0
0
0
0
0
0
0
0
0
0
0
0
0
0
0
0
0
0
0
0
0
0
0
0
0
0
0
0
0
0
0
0
0
0
0
0
0
0
0
0
0
0
0
0
0
0
0
0
0
0
0
0
0
0
0
0
0
0
0
0
0
0
0
0
0
0
0
0
0
0
0
0
0
0
0
0
0
0
0
0
0
0
0
0
0
0
0
0
0
0
0
0
0
0
0
0
0
0
0
0
0
0
0
0
0
0
0
0
0
0
0
0
0
0
0
0
0
0
0
0
0
0
0
0
0
0
0
0
0
0
0
0
0
0
0
0
0
0
0
0
0
0
0
0
0
0
0
0
0
0
0
0
0
0
0
0
0
0
0
0
0
0
0
0
0
0
0
0
0
0
0
0
0
0
0
0
0
0
0
0
0
0
0
0
0
0
0
0
0
0
0
0
0
0
0
0
0
0
0
0
0
0
0
0
0
0
0
0
0
0
0
0
0
0
0
0
0
0
0
0
0
0
0
0
0
0
0
0
0
0
0
0
0
0
0
0
0
0
0
0
0
0
0
0
0
0
0
0
0
0
0
0
0
0
0
0
0
0
0
0
0
0
0
0
0
0
0
0
0
0
0
0
0
0
0
0
0
0
0
0
0
0
0
0
0
0
0
0
0
0
0
0
0
0
0
0
0
0
0
0
0
0
0
0
0
0
0
0
0
0
0
0
0
0
0
0
0
0
0
0
0
0
0
0
0
0
0
0
0
0
0
0
0
0
0
0
0
0
0
0
0
0
0
0
0
0
0
0
0
0
0
0
0
0
0
0
0
0
0
0
0
0
0
0
0
0
0
0
0
0
0
0
0
0
0
0
0
0
0
0
0
0
0
0
0
0
0
0
0
0
0
0
0
0
0
0
0
0
0
0
0
0
0
0
0
0
0
0
0
0
0
0
0
0
0
0
0
0
0
0
0
0
0
0
0
0
0
0
0
0
0
0
0
0
0
0
0
0
0
0
0
0
0
0
0
0
0
0
0
0
0
0
0
0
0
0
0
0
0
0
0
0
0
0
0
0
0
0
0
0
0
0
0
0
0
0
0
0
0
0
0
0
0
0
0
0
0
0
0
0
0
0
0
0
0
0
0
0
0
0
0
0
0
0
0
0
0
0
0
0
0
0
0
0
0
0
0
0
0
0
0
0
0
0
0
0
0
0
0
0
0
0
0
0
0
0
0
0
0
0
0
0
0
0
0
0
0
0
0
0
0
0
0
0
0
0
0
0
0
0
0
0
0
0
0
0
0
0
0
0
0
0
0
0
0
0
0
0
0
0
0
0
0
0
0
0
0
0
0
0
0
0
0
0
0
0
0
0
0
0
0
0
0
0
0
0
0
0
0
0
0
0
0
0
0
0
0
0
0
0
0
0
0
0
0
0
0
0
0
0
0
0
0
0
0
0
0
0
0
0
0
0
0
0
0
0
0
0
0
0
0
0
0
0
0
0
0
0
0
0
0
0
0
0
0
0
0
0
0
0
0
0
0
0
0
0
0
0
0
0
0
0
0
0
0
0
0
0
0
0
0
0
0
0
0
0
0
0
0
0
0
0
0
0
0
0
0
0
0
0
0
0
0
0
0
0
0
0
0
0
0
0
0
0
0
0
0
0
0
0
0
0
0
0
0
0
0
0
0
0
0
0
0
0
0
0
0
0
0
0
0
0
0
0
0
0
0
0
0
0
0
0
0
0
0
0
0
0
0
0
0
0
0
0
0
0
0
0
0
0
0
0
0
0
0
0
0
0
0
0
0
0
0
0
0
0
0
0
0
0
0
0
0
0
0
0
0
0
0
0
0
0
0
0
0
0
0
0
0
0
0
0
0
0
0
0
0
0
0
0
0
0
0
0
0
0
0
0
0
0
0
0
0
0
0
0
0
0
0
0
0
0
0
0
0
0
0
0
0
0
0
0
0
0
0
0
0
0
0
0
0
0
0
0
0
0
0
0
0
0
0
0
0
0
0
0
0
0
0
0
0
0
0
0
0
0
0
0
0
0
0
0
0
0
0
0
0
0
0
0
0
0
0
0
0
0
0
0
0
0
0
0
0
0
0
0
0
0
0
0
0
0
0
0
0
0
0
0
0
0
0
0
0
0
0
0
0
0
0
0
0
0
0
0
0
0
0
0
0
0
0
0
0
0
0
0
0
0
0
0
0
0
0
0
0
0
0
0
0
0
0
0
0
0
0
0
0
0
0
0
0
0
0
0
0
0
0
0
0
0
0
0
0
0
0
0
0
0
0
0
0
0
0
0
0
0
0
0
0
0
0
0
0
0
0
0
0
0
0
0
0
0
0
0
0
0
0
0
0
0
0
0
0
0
0
0
0
0
0
0
0
0
0
0
0
0
0
0
0
0
0
0
0
0
0
0
0
0
0
0
0
0
0
0
0
0
0
0
0
0
0
0
0
0
0
0
0
0
0
0
0
0
0
0
0
0
0
0
0
0
0
0
0
0
0
0
0
0
0
0
0
0
0
0
0
0
0
0
0
0
0
0
0
0
0
0
0
0
0
0
0
0
0
0
0
0
0
0
0
0
0
0
0
0
0
0
0
0
0
0
0
0
0
0
0
0
0
0
0
0
0
0
0
0
0
0
0
0
0
0
0
0
0
0
0
0
0
0
0
0
0
0
0
0
0
0
0
0
0
0
0
0
0
0
0
0
0
0
0
0
0
0
0
0
0
0
0
0
0
0
0
0
0
0
0
0
0
0
0
0
0
0
0
0
0
0
0
0
0
0
0
0
0
0
0
0
0
0
0
0
0
0
0
0
0
0
0
0
0
0
0
0
0
0
0
0
0
0
0
0
0
0
0
0
0
0
0
0
0
0
0
0
0
0
0
0
0
0
0
0
0
0
0
0
0
0
0
0
0
0
0
0
0
0
0
0
0
0
0
0
0
0
0
0
0
0
0
0
0
0
0
0
0
0
0
0
0
0
0
0
0
0
0
0
0
0
0
0
0
0
0
0
0
0
0
0
0
0
0
0
0
0
0
0
0
0
0
0
0
0
0
0
0
0
0
0
0
0
0
0
0
0
0
0
0
0
0
0
0
0
0
0
0
0
0
0
0
0
0
0
0
0
0
0
0
0
0
0
0
0
0
0
0
0
0
0
0
0
0
0
0
0
0
0
0
0
0
0
0
0
0
0
0
0
0
0
0
0
0
0
0
0
0
0
0
0
0
0
0
0
0
0
0
0
0
0
0
0
0
0
0
0
0
0
0
0
0
0
0
0
0
0
0
0
0
0
0
0
0
0
0
0
0
0
0
0
0
0
0
0
0
0
0
0
0
0
0
0
0
0
0
0
0
0
0
0
0
0
0
0
0
0
0
0
0
0
0
0
0
0
0
0
0
0
0
0
0
0
0
0
0
0
0
0
0
0
0
0
0
0
0
0
0
0
0
0
0
0
0
0
0
0
0
0
0
0
0
0
0
0
0
0
0
0
0
0
0
0
0
0
0
0
0
0
0
0
0
0
0
0
0
0
0
0
0
0
0
0
0
0
0
0
0
0
0
0
0
0
0
0
0
0
0
0
0
0
0
0
0
0
0
0
0
0
0
0
0
0
0
0
0
0
0
0
0
0
0
0
0
0
0
0
0
0
0
0
0
0
0
0
0
0
0
0
0
0
0
0
0
0
0
0
0
0
0
0
0
0
0
0
0
0
0
0
0
0
0
0
0
0
0
0
0
0
0
0
0
0
0
0
0
0
0
0
0
0
0
0
0
0
0
0
0
0
0
0
0
0
0
0
0
0
0
0
0
0
0
0
0
0
0
0
0
0
0
0
0
0
0
0
0
0
0
0
0
0
0
0
0
0
0
0
0
0
0
0
0
0
0
0
0
0
0
0
0
0
0
0
0
0
0
0
0
0
0
0
0
0
0
0
0
0
0
0
0
0
0
0
0
0
0
0
0
0
0
0
0
0
0
0
0
0
0
0
0
0
0
0
0
0
0
0
0
0
0
0
0
0
0
0
0
0
0
0
0
0
0
0
0
0
0
0
0
0
0
0
0
0
0
0
0
0
0
0
0
0
0
0
0
0
0
0
0
0
0
0
0
0
0
0
0
0
0
0
0
0
0
0
0
0
0
0
0
0
0
0
0
0
0
0
0
0
0
0
0
0
0
0
0
0
0
0
0
0
0
0
0
0
0
0
0
0
0
0
0
0
0
0
0
0
0
0
0
0
0
0
0
0
0
0
0
0
0
0
0
0
0
0
0
0
0
0
0
0
0
0
0
0
0
0
0
0
0
0
0
0
0
0
0
0
0
0
0
0
0
0
0
0
0
0
0
0
0
0
0
0
0
0
0
0
0
0
0
0
0
0
0
0
0
0
0
0
0
0
0
0
0
0
0
0
0
0
0
0
0
0
0
0
0
0
0
0
0
0
0
0
0
0
0
0
0
0
0
0
0
0
0
0
0
0
0
0
0
0
0
0
0
0
0
0
0
0
0
0
0
0
0
0
0
0
0
0
0
0
0
0
0
0
0
0
0
0
0
0
0
0
0
0
0
0
0
0
0
0
0
0
0
0
0
0
0
0
0
0
0
0
0
0
0
0
0
0
0
0
0
0
0
0
0
0
0
0
0
0
0
0
0
0
0
0
0
0
0
0
0
0
0
0
0
0
0
0
0
0
0
0
0
0
0
0
0
0
0
0
0
0
0
0
0
0
0
0
0
0
0
0
0
0
0
0
0
0
0
0
0
0
0
0
0
0
0
0
0
0
0
0
0
0
0
0
0
0
0
0
0
0
0
0
0
0
0
0
0
0
0
0
0
0
0
0
0
0
0
0
0
0
0
0
0
0
0
0
0
0
0
0
0
0
0
0
0
0
0
0
0
0
0
0
0
0
0
0
0
0
0
0
0
0
0
0
0
0
0
0
0
0
0
0
0
0
0
0
0
0
0
0
0
0
0
0
0
0
0
0
0
0
0
0
0
0
0
0
0
0
0
0
0
0
0
0
0
0
0
0
0
0
0
0
0
0
0
0
0
0
0
0
0
0
0
0
0
0
0
0
0
0
0
0
0
0
0
0
0
0
0
0
0
0
0
0
0
0
0
0
0
0
0
0
0
0
0
0
0
0
0
0
0
0
0
0
0
0
0
0
0
0
0
0
0
0
0
0
0
0
0
0
0
0
0
0
0
0
0
0
0
0
0
0
0
0
0
0
0
0
0
0
0
0
0
0
0
0
0
0
0
0
0
0
0
0
0
0
0
0
0
0
0
0
0
0
0
0
0
0
0
0
0
0
0
0
0
0
0
0
0
0
0
0
0
0
0
0
0
0
0
0
0
0
0
0
0
0
0
0
0
0
0
0
0
0
0
0
0
0
0
0
0
0
0
0
0
0
0
0
0
0
0
0
0
0
0
0
0
0
0
0
0
0
0
0
0
0
0
0
0
0
0
0
0
0
0
0
0
0
0
0
0
0
0
0
0
0
0
0
0
0
0
0
0
0
0
0
0
0
0
0
0
0
0
0
0
0
0
0
0
0
0
0
0
0
0
0
0
0
0
0
0
0
0
0
0
0
0
0
0
0
0
0
0
0
0
0
0
0
0
0
0
0
0
0
0
0
0
0
0
0
0
0
0
0
0
0
0
0
0
0
0
0
0
0
0
0
0
0
0
0
0
0
0
0
0
0
0
0
0
0
0
0
0
0
0
0
0
0
0
0
0
0
0
0
0
0
0
0
0
0
0
0
0
0
0
0
0
0
0
0
0
0
0
0
0
0
0
0
0
0
0
0
0
0
0
0
0
0
0
0
0
0
0
0
0
0
0
0
0
0
0
0
0
0
0
0
0
0
0
0
0
0
0
0
0
0
0
0
0
0
0
0
0
0
0
0
0
0
0
0
0
0
0
0
0
0
0
0
0
0
0
0
0
0
0
0
0
0
0
0
0
0
0
0
0
0
0
0
0
0
0
0
0
0
0
0
0
0
0
0
0
0
0
0
0
0
0
0
0
0
0
0
0
0
0
0
0
0
0
0
0
0
0
0
0
0
0
0
0
0
0
0
0
0
0
0
0
0
0
0
0
0
0
0
0
0
0
0
0
0
0
0
0
0
0
0
0
0
0
0
0
0
0
0
0
0
0
0
0
0
0
0
0
0
0
0
0
0
0
0
0
0
0
0
0
0
0
0
0
0
0
0
0
0
0
0
0
0
0
0
0
0
0
0
0
0
0
0
0
0
0
0
0
0
0
0
0
0
0
0
0
0
0
0
0
0
0
0
0
0
0
0
0
0
0
0
0
0
0
0
0
0
0
0
0
0
0
0
0
0
0
0
0
0
0
0
0
0
0
0
0
0
0
0
0
0
0
0
0
0
0
0
0
0
0
0
0
0
0
0
0
0
0
0
0
0
0
0
0
0
0
0
0
0
0
0
0
0
0
0
0
0
0
0
0
0
0
0
0
0
0
0
0
0
0
0
0
0
0
0
0
0
0
0
0
0
0
0
0
0
0
0
0
0
0
0
0
0
0
0
0
0
0
0
0
0
0
0
0
0
0
0
0
0
0
0
0
0
0
0
0
0
0
0
0
0
0
0
0
0
0
0
0
0
0
0
0
0
0
0
0
0
0
0
0
0
0
0
0
0
0
0
0
0
0
0
0
0
0
0
0
0
0
0
0
0
0
0
0
0
0
0
0
0
0
0
0
0
0
0
0
0
0
0
0
0
0
0
0
0
0
0
0
0
0
0
0
0
0
0
0
0
0
0
0
0
0
0
0
0
0
0
0
0
0
0
0
0
0
0
0
0
0
0
0
0
0
0
0
0
0
0
0
0
0
0
0
0
0
0
0
0
0
0
0
0
0
0
0
0
0
0
0
0
0
0
0
0
0
0
0
0
0
0
0
0
0
0
0
0
0
0
0
0
0
0
0
0
0
0
0
0
0
0
0
0
0
0
0
0
0
0
0
0
0
0
0
0
0
0
0
0
0
0
0
0
0
0
0
0
0
0
0
0
0
0
0
0
0
0
0
0
0
0
0
0
0
0
0
0
0
0
0
0
0
0
0
0
0
0
0
0
0
0
0
0
0
0
0
0
0
0
0
0
0
0
0
0
0
0
0
0
0
0
0
0
0
0
0
0
0
0
0
0
0
0
0
0
0
0
0
0
0
0
0
0
0
0
0
0
0
0
0
0
0
0
0
0
0
0
0
0
0
0
0
0
0
0
0
0
0
0
0
0
0
0
0
0
0
0
0
0
0
0
0
0
0
0
0
0
0
0
0
0
0
0
0
0
0
0
0
0
0
0
0
0
0
0
0
0
0
0
0
0
0
0
0
0
0
0
0
0
0
0
0
0
0
0
0
0
0
0
0
0
0
0
0
0
0
0
0
0
0
0
0
0
0
0
0
0
0
0
0
0
0
0
0
0
0
0
0
0
0
0
0
0
0
0
0
0
0
0
0
0
0
0
0
0
0
0
0
0
0
0
0
0
0
0
0
0
0
0
0
0
0
0
0
0
0
0
0
0
0
0
0
0
0
0
0
0
0
0
0
0
0
0
0
0
0
0
0
0
0
0
0
0
0
0
0
0
0
0
0
0
0
0
0
0
0
0
0
0
0
0
0
0
0
0
0
0
0
0
0
0
0
0
0
0
0
0
0
0
0
0
0
0
0
0
0
0
0
0
0
0
0
0
0
0
0
0
0
0
0
0
0
0
0
0
0
0
0
0
0
0
0
0
0
0
0
0
0
0
0
0
0
0
0
0
0
0
0
0
0
0
0
0
0
0
0
0
0
0
0
0
0
0
0
0
0
0
0
0
0
0
0
0
0
0
0
0
0
0
0
0
0
0
0
0
0
0
0
0
0
0
0
0
0
0
0
0
0
0
0
0
0
0
0
0
0
0
0
0
0
0
0
0
0
0
0
0
0
0
0
0
0
0
0
0
0
0
0
0
0
0
0
0
0
0
0
0
0
0
0
0
0
0
0
0
0
0
0
0
0
0
0
0
0
0
0
0
0
0
0
0
0
0
0
0
0
0
0
0
0
0
0
0
0
0
0
0
0
0
0
0
0
0
0
0
0
0
0
0
0
0
0
0
0
0
0
0
0
0
0
0
0
0
0
0
0
0
0
0
0
0
0
0
0
0
0
0
0
0
0
0
0
0
0
0
0
0
0
0
0
0
0
0
0
0
0
0
0
0
0
0
0
0
0
0
0
0
0
0
0
0
0
0
0
0
0
0
0
0
0
0
0
0
0
0
0
0
0
0
0
0
0
0
0
0
0
0
0
0
0
0
0
0
0
0
0
0
0
0
0
0
0
0
0
0
0
0
0
0
0
0
0
0
0
0
0
0
0
0
0
0
0
0
0
0
0
0
0
0
0
0
0
0
0
0
0
0
0
0
0
0
0
0
0
0
0
0
0
0
0
0
0
0
0
0
0
0
0
0
0
0
0
0
0
0
0
0
0
0
0
0
0
0
0
0
0
0
0
0
0
0
0
0
0
0
0
0
0
0
0
0
0
0
0
0
0
0
0
0
0
0
0
0
0
0
0
0
0
0
0
0
0
0
0
0
0
0
0
0
0
0
0
0
0
0
0
0
0
0
0
0
0
0
0
0
0
0
0
0
0
0
0
0
0
0
0
0
0
0
0
0
0
0
0
0
0
0
0
0
0
0
0
0
0
0
0
0
0
0
0
0
0
0
0
0
0
0
0
0
0
0
0
0
0
0
0
0
0
0
0
0
0
0
0
0
0
0
0
0
0
0
0
0
0
0
0
0
0
0
0
0
0
0
0
0
0
0
0
0
0
0
0
0
0
0
0
0
0
0
0
0
0
0
0
0
0
0
0
0
0
0
0
0
0
0
0
0
0
0
0
0
0
0
0
0
0
0
0
0
0
0
0
0
0
0
0
0
0
0
0
0
0
0
0
0
0
0
0
0
0
0
0
0
0
0
0
0
0
0
0
0
0
0
0
0
0
0
0
0
0
0
0
0
0
0
0
0
0
0
0
0
0
0
0
0
0
0
0
0
0
0
0
0
0
0
0
0
0
0
0
0
0
0
0
0
0
0
0
0
0
0
0
0
0
0
0
0
0
0
0
0
0
0
0
0
0
0
0
0
0
0
0
0
0
0
0
0
0
0
0
0
0
0
0
0
0
0
0
0
0
0
0
0
0
0
0
0
0
0
0
0
0
0
0
0
0
0
0
0
0
0
0
0
0
0
0
0
0
0
0
0
0
0
0
0
0
0
0
0
0
0
0
0
0
0
0
0
0
0
0
0
0
0
0
0
0
0
0
0
0
0
0
0
0
0
0
0
0
0
0
0
0
0
0
0
0
0
0
0
0
0
0
0
0
0
0
0
0
0
0
0
0
0
0
0
0
0
0
0
0
0
0
0
0
0
0
0
0
0
0
0
0
0
0
0
0
0
0
0
0
0
0
0
0
0
0
0
0
0
0
0
0
0
0
0
0
0
0
0
0
0
0
0
0
0
0
0
0
0
0
0
0
0
0
0
0
0
0
0
0
0
0
0
0
0
0
0
0
0
0
0
0
0
0
0
0
0
0
0
0
0
0
0
0
0
0
0
0
0
0
0
0
0
0
0
0
0
0
0
0
0
0
0
0
0
0
0
0
0
0
0
0
0
0
0
0
0
0
0
0
0
0
0
0
0
0
0
0
0
0
0
0
0
0
0
0
0
0
0
0
0
0
0
0
0
0
0
0
0
0
0
0
0
0
0
0
0
0
0
0
0
0
0
0
0
0
0
0
0
0
0
0
0
0
0
0
0
0
0
0
0
0
0
0
0
0
0
0
0
0
0
0
0
0
0
0
0
0
0
0
0
0
0
0
0
0
0
0
0
0
0
0
0
0
0
0
0
0
0
0
0
0
0
0
0
0
0
0
0
0
0
0
0
0
0
0
0
0
0
0
0
0
0
0
0
0
0
0
0
0
0
0
0
0
0
0
0
0
0
0
0
0
0
0
0
0
0
0
0
0
0
0
0
0
0
0
0
0
0
0
0
0
0
0
0
0
0
0
0
0
0
0
0
0
0
0
0
0
0
0
0
0
0
0
0
0
0
0
0
0
0
0
0
0
0
0
0
0
0
0
0
0
0
0
0
0
0
0
0
0
0
0
0
0
0
0
0
0
0
0
0
0
0
0
0
0
0
0
0
0
0
0
0
0
0
0
0
0
0
0
0
0
0
0
0
0
0
0
0
0
0
0
0
0
0
0
0
0
0
0
0
0
0
0
0
0
0
0
0
0
0
0
0
0
0
0
0
0
0
0
0
0
0
0
0
0
0
0
0
0
0
0
0
0
0
0
0
0
0
0
0
0
0
0
0
0
0
0
0
0
0
0
0
0
0
0
0
0
0
0
0
0
0
0
0
0
0
0
0
0
0
0
0
0
0
0
0
0
0
0
0
0
0
0
0
0
0
0
0
0
0
0
0
0
0
0
0
0
0
0
0
0
0
0
0
0
0
0
0
0
0
0
0
0
0
0
0
0
0
0
0
0
0
0
0
0
0
0
0
0
0
0
0
0
0
0
0
0
0
0
0
0
0
0
0
0
0
0
0
0
0
0
0
0
0
0
0
0
0
0
0
0
0
0
0
0
0
0
0
0
0
0
0
0
0
0
0
0
0
0
0
0
0
0
0
0
0
0
0
0
0
0
0
0
0
0
0
0
0
0
0
0
0
0
0
0
0
0
0
0
0
0
0
0
0
0
0
0
0
0
0
0
0
0
0
0
0
0
0
0
0
0
0
0
0
0
0
0
0
0
0
0
0
0
0
0
0
0
0
0
0
0
0
0
0
0
0
0
0
0
0
0
0
0
0
0
0
0
0
0
0
0
0
0
0
0
0
0
0
0
0
0
0
0
0
0
0
0
0
0
0
0
0
0
0
0
0
0
0
0
0
0
0
0
0
0
0
0
0
0
0
0
0
0
0
0
0
0
0
0
0
0
0
0
0
0
0
0
0
0
0
0
0
0
0
0
0
0
0
0
0
0
0
0
0
0
0
0
0
0
0
0
0
0
0
0
0
0
0
0
0
0
0
0
0
0
0
0
0
0
0
0
0
0
0
0
0
0
0
0
0
0
0
0
0
0
0
0
0
0
0
0
0
0
0
0
0
0
0
0
0
0
0
0
0
0
0
0
0
0
0
0
0
0
0
0
0
0
0
0
0
0
0
0
0
0
0
0
0
0
0
0
0
0
0
0
0
0
0
0
0
0
0
0
0
0
0
0
0
0
0
0
0
0
0
0
0
0
0
0
0
0
0
0
0
0
0
0
0
0
0
0
0
0
0
0
0
0
0
0
0
0
0
0
0
0
0
0
0
0
0
0
0
0
0
0
0
0
0
0
0
0
0
0
0
0
0
0
0
0
0
0
0
0
0
0
0
0
0
0
0
0
0
0
0
0
0
0
0
0
0
0
0
0
0
0
0
0
0
0
0
0
0
0
0
0
0
0
0
0
0
0
0
0
0
0
0
0
0
0
0
0
0
0
0
0
0
0
0
0
0
0
0
0
0
0
0
0
0
0
0
0
0
0
0
0
0
0
0
0
0
0
0
0
0
0
0
0
0
0
0
0
0
0
0
0
0
0
0
0
0
0
0
0
0
0
0
0
0
0
0
0
0
0
0
0
0
0
0
0
0
0
0
0
0
0
0
0
0
0
0
0
0
0
0
0
0
0
0
0
0
0
0
0
0
0
0
0
0
0
0
0
0
0
0
0
0
0
0
0
0
0
0
0
0
0
0
0
0
0
0
0
0
0
0
0
0
0
0
0
0
0
0
0
0
0
0
0
0
0
0
0
0
0
0
0
0
0
0
0
0
0
0
0
0
0
0
0
0
0
0
0
0
0
0
0
0
0
0
0
0
0
0
0
0
0
0
0
0
0
0
0
0
0
0
0
0
0
0
0
0
0
0
0
0
0
0
0
0
0
0
0
0
0
0
0
0
0
0
0
0
0
0
0
0
0
0
0
0
0
0
0
0
0
0
0
0
0
0
0
0
0
0
0
0
0
0
0
0
0
0
0
0
0
0
0
0
0
0
0
0
0
0
0
0
0
0
0
0
0
0
0
0
0
0
0
0
0
0
0
0
0
0
0
0
0
0
0
0
0
0
0
0
0
0
0
0
0
0
0
0
0
0
0
0
0
0
0
0
0
0
0
0
0
0
0
0
0
0
0
0
0
0
0
0
0
0
0
0
0
0
0
0
0
0
0
0
0
0
0
0
0
0
0
0
0
0
0
0
0
0
0
0
0
0
0
0
0
0
0
0
0
0
0
0
0
0
0
0
0
0
0
0
0
0
0
0
0
0
0
0
0
0
0
0
0
0
0
0
0
0
0
0
0
0
0
0
0
0
0
0
0
0
0
0
0
0
0
0
0
0
0
0
0
0
0
0
0
0
0
0
0
0
0
0
0
0
0
0
0
0
0
0
0
0
0
0
0
0
0
0
0
0
0
0
0
0
0
0
0
0
0
0
0
0
0
0
0
0
0
0
0
0
0
0
0
0
0
0
0
0
0
0
0
0
0
0
0
0
0
0
0
0
0
0
0
0
0
0
0
0
0
0
0
0
0
0
0
0
0
0
0
0
0
0
0
0
0
0
0
0
0
0
0
0
0
0
0
0
0
0
0
0
0
0
0
0
0
0
0
0
0
0
0
0
0
0
0
0
0
0
0
0
0
0
0
0
0
0
0
0
0
0
0
0
0
0
0
0
0
0
0
0
0
0
0
0
0
0
0
0
0
0
0
0
0
0
0
0
0
0
0
0
0
0
0
0
0
0
0
0
0
0
0
0
0
0
0
0
0
0
0
0
0
0
0
0
0
0
0
0
0
0
0
0
0
0
0
0
0
0
0
0
0
0
0
0
0
0
0
0
0
0
0
0
0
0
0
0
0
0
0
0
0
0
0
0
0
0
0
0
0
0
0
0
0
0
0
0
0
0
0
0
0
0
0
0
0
0
0
0
0
0
0
0
0
0
0
0
0
0
0
0
0
0
0
0
0
0
0
0
0
0
0
0
0
0
0
0
0
0
0
0
0
0
0
0
0
0
0
0
0
0
0
0
0
0
0
0
0
0
0
0
0
0
0
0
0
0
0
0
0
0
0
0
0
0
0
0
0
0
0
0
0
0
0
0
0
0
0
0
0
0
0
0
0
0
0
0
0
0
0
0
0
0
0
0
0
0
0
0
0
0
0
0
0
0
0
0
0
0
0
0
0
0
0
0
0
0
0
0
0
0
0
0
0
0
0
0
0
0
0
0
0
0
0
0
0
0
0
0
0
0
0
0
0
0
0
0
0
0
0
0
0
0
0
0
0
0
0
0
0
0
0
0
0
0
0
0
0
0
0
0
0
0
0
0
0
0
0
0
0
0
0
0
0
0
0
0
0
0
0
0
0
0
0
0
0
0
0
0
0
0
0
0
0
0
0
0
0
0
0
0
0
0
0
0
0
0
0
0
0
0
0
0
0
0
0
0
0
0
0
0
0
0
0
0
0
0
0
0
0
0
0
0
0
0
0
0
0
0
0
0
0
0
0
0
0
0
0
0
0
0
0
0
0
0
0
0
0
0
0
0
0
0
0
0
0
0
0
0
0
0
0
0
0
0
0
0
0
0
0
0
0
0
0
0
0
0
0
0
0
0
0
0
0
0
0
0
0
0
0
0
0
0
0
0
0
0
0
0
0
0
0
0
0
0
0
0
0
0
0
0
0
0
0
0
0
0
0
0
0
0
0
0
0
0
0
0
0
0
0
0
0
0
0
0
0
0
0
0
0
0
0
0
0
0
0
0
0
0
0
0
0
0
0
0
0
0
0
0
0
0
0
0
0
0
0
0
0
0
0
0
0
0
0
0
0
0
0
0
0
0
0
0
0
0
0
0
0
0
0
0
0
0
0
0
0
0
0
0
0
0
0
0
0
0
0
0
0
0
0
0
0
0
0
0
0
0
0
0
0
0
0
0
0
0
0
0
0
0
0
0
0
0
0
0
0
0
0
0
0
0
0
0
0
0
0
0
0
0
0
0
0
0
0
0
0
0
0
0
0
0
0
0
0
0
0
0
0
0
0
0
0
0
0
0
0
0
0
0
0
0
0
0
0
0
0
0
0
0
0
0
0
0
0
0
0
0
0
0
0
0
0
0
0
0
0
0
0
0
0
0
0
0
0
0
0
0
0
0
0
0
0
0
0
0
0
0
0
0
0
0
0
0
0
0
0
0
0
0
0
0
0
0
0
0
0
0
0
0
0
0
0
0
0
0
0
0
0
0
0
0
0
0
0
0
0
0
0
0
0
0
0
0
0
0
0
0
0
0
0
0
0
0
0
0
0
0
0
0
0
0
0
0
0
0
0
0
0
0
0
0
0
0
0
0
0
0
0
0
0
0
0
0
0
0
0
0
0
0
0
0
0
0
0
0
0
0
0
0
0
0
0
0
0
0
0
0
0
0
0
0
0
0
0
0
0
0
0
0
0
0
0
0
0
0
0
0
0
0
0
0
0
0
0
0
0
0
0
0
0
0
0
0
0
0
0
0
0
0
0
0
0
0
0
0
0
0
0
0
0
0
0
0
0
0
0
0
0
0
0
0
0
0
0
0
0
0
0
0
0
0
0
0
0
0
0
0
0
0
0
0
0
0
0
0
0
0
0
0
0
0
0
0
0
0
0
0
0
0
0
0
0
0
0
0
0
0
0
0
0
0
0
0
0
0
0
0
0
0
0
0
0
0
0
0
0
0
0
0
0
0
0
0
0
0
0
0
0
0
0
0
0
0
0
0
0
0
0
0
0
0
0
0
0
0
0
0
0
0
0
0
0
0
0
0
0
0
0
0
0
0
0
0
0
0
0
0
0
0
0
0
0
0
0
0
0
0
0
0
0
0
0
0
0
0
0
0
0
0
0
0
0
0
0
0
0
0
0
0
0
0
0
0
0
0
0
0
0
0
0
0
0
0
0
0
0
0
0
0
0
0
0
0
0
0
0
0
0
0
0
0
0
0
0
0
0
0
0
0
0
0
0
0
0
0
0
0
0
0
0
0
0
0
0
0
0
0
0
0
0
0
0
0
0
0
0
0
0
0
0
0
0
0
0
0
0
0
0
0
0
0
0
0
0
0
0
0
0
0
0
0
0
0
0
0
0
0
0
0
0
0
0
0
0
0
0
0
0
0
0
0
0
0
0
0
0
0
0
0
0
0
0
0
0
0
0
0
0
0
0
0
0
0
0
0
0
0
0
0
0
0
0
0
0
0
0
0
0
0
0
0
0
0
0
0
0
0
0
0
0
0
0
0
0
0
0
0
0
0
0
0
0
0
0
0
0
0
0
0
0
0
0
0
0
0
0
0
0
0
0
0
0
0
0
0
0
0
0
0
0
0
0
0
0
0
0
0
0
0
0
0
0
0
0
0
0
0
0
0
0
0
0
0
0
0
0
0
0
0
0
0
0
0
0
0
0
0
0
0
0
0
0
0
0
0
0
0
0
0
0
0
0
0
0
0
0
0
0
0
0
0
0
0
0
0
0
0
0
0
0
0
0
0
0
0
0
0
0
0
0
0
0
0
0
0
0
0
0
0
0
0
0
0
0
0
0
0
0
0
0
0
0
0
0
0
0
0
0
0
0
0
0
0
0
0
0
0
0
0
0
0
0
0
0
0
0
0
0
0
0
0
0
0
0
0
0
0
0
0
0
0
0
0
0
0
0
0
0
0
0
0
0
0
0
0
0
0
0
0
0
0
0
0
0
0
0
0
0
0
0
0
0
0
0
0
0
0
0
0
0
0
0
0
0
0
0
0
0
0
0
0
0
0
0
0
0
0
0
0
0
0
0
0
0
0
0
0
0
0
0
0
0
0
0
0
0
0
0
0
0
0
0
0
0
0
0
0
0
0
0
0
0
0
0
0
0
0
0
0
0
0
0
0
0
0
0
0
0
0
0
0
0
0
0
0
0
0
0
0
0
0
0
0
0
0
0
0
0
0
0
0
0
0
0
0
0
0
0
0
0
0
0
0
0
0
0
0
0
0
0
0
0
0
0
0
0
0
0
0
0
0
0
0
0
0
0
0
0
0
0
0
0
0
0
0
0
0
0
0
0
0
0
0
0
0
0
0
0
0
0
0
0
0
0
0
0
0
0
0
0
0
0
0
0
0
0
0
0
0
0
0
0
0
0
0
0
0
0
0
0
0
0
0
0
0
0
0
0
0
0
0
0
0
0
0
0
0
0
0
0
0
0
0
0
0
0
0
0
0
0
0
0
0
0
0
0
0
0
0
0
0
0
0
0
0
0
0
0
0
0
0
0
0
0
0
0
0
0
0
0
0
0
0
0
0
0
0
0
0
0
0
0
0
0
0
0
0
0
0
0
0
0
0
0
0
0
0
0
0
0
0
0
0
0
0
0
0
0
0
0
0
0
0
0
0
0
0
0
0
0
0
0
0
0
0
0
0
0
0
0
0
0
0
0
0
0
0
0
0
0
0
0
0
0
0
0
0
0
0
0
0
0
0
0
0
0
0
0
0
0
0
0
0
0
0
0
0
0
0
0
0
0
0
0
0
0
0
0
0
0
0
0
0
0
0
0
0
0
0
0
0
0
0
0
0
0
0
0
0
0
0
0
0
0
0
0
0
0
0
0
0
0
0
0
0
0
0
0
0
0
0
0
0
0
0
0
0
0
0
0
0
0
0
0
0
0
0
0
0
0
0
0
0
0
0
0
0
0
0
0
0
0
0
0
0
0
0
0
0
0
0
0
0
0
0
0
0
0
0
0
0
0
0
0
0
0
0
0
0
0
0
0
0
0
0
0
0
0
0
0
0
0
0
0
0
0
0
0
0
0
0
0
0
0
0
0
0
0
0
0
0
0
0
0
0
0
0
0
0
0
0
0
0
0
0
0
0
0
0
0
0
0
0
0
0
0
0
0
0
0
0
0
0
0
0
0
0
0
0
0
0
0
0
0
0
0
0
0
0
0
0
0
0
0
0
0
0
0
0
0
0
0
0
0
0
0
0
0
0
0
0
0
0
0
0
0
0
0
0
0
0
0
0
0
0
0
0
0
0
0
0
0
0
0
0
0
0
0
0
0
0
0
0
0
0
0
0
0
0
0
0
0
0
0
0
0
0
0
0
0
0
0
0
0
0
0
0
0
0
0
0
0
0
0
0
0
0
0
0
0
0
0
0
0
0
0
0
0
0
0
0
0
0
0
0
0
0
0
0
0
0
0
0
0
0
0
0
0
0
0
0
0
0
0
0
0
0
0
0
0
0
0
0
0
0
0
0
0
0
0
0
0
0
0
0
0
0
0
0
0
0
0
0
0
0
0
0
0
0
0
0
0
0
0
0
0
0
0
0
0
0
0
0
0
0
0
0
0
0
0
0
0
0
0
0
0
0
0
0
0
0
0
0
0
0
0
0
0
0
0
0
0
0
0
0
0
0
0
0
0
0
0
0
0
0
0
0
0
0
0
0
0
0
0
0
0
0
0
0
0
0
0
0
0
0
0
0
0
0
0
0
0
0
0
0
0
0
0
0
0
0
0
0
0
0
0
0
0
0
0
0
0
0
0
0
0
0
0
0
0
0
0
0
0
0
0
0
0
0
0
0
0
0
0
0
0
0
0
0
0
0
0
0
0
0
0
0
0
0
0
0
0
0
0
0
0
0
0
0
0
0
0
0
0
0
0
0
0
0
0
0
0
0
0
0
0
0
0
0
0
0
0
0
0
0
0
0
0
0
0
0
0
0
0
0
0
0
0
0
0
0
0
0
0
0
0
0
0
0
0
0
0
0
0
0
0
0
0
0
0
0
0
0
0
0
0
0
0
0
0
0
0
0
0
0
0
0
0
0
0
0
0
0
0
0
0
0
0
0
0
0
0
0
0
0
0
0
0
0
0
0
0
0
0
0
0
0
0
0
0
0
0
0
0
0
0
0
0
0
0
0
0
0
0
0
0
0
0
0
0
0
0
0
0
0
0
0
0
0
0
0
0
0
0
0
0
0
0
0
0
0
0
0
0
0
0
0
0
0
0
0
0
0
0
0
0
0
0
0
0
0
0
0
0
0
0
0
0
0
0
0
0
0
0
0
0
0
0
0
0
0
0
0
0
0
0
0
0
0
0
0
0
0
0
0
0
0
0
0
0
0
0
0
0
0
0
0
0
0
0
0
0
0
0
0
0
0
0
0
0
0
0
0
0
0
0
0
0
0
0
0
0
0
0
0
0
0
0
0
0
0
0
0
0
0
0
0
0
0
0
0
0
0
0
0
0
0
0
0
0
0
0
0
0
0
0
0
0
0
0
0
0
0
0
0
0
0
0
0
0
0
0
0
0
0
0
0
0
0
0
0
0
0
0
0
0
0
0
0
0
0
0
0
0
0
0
0
0
0
0
0
0
0
0
0
0
0
0
0
0
0
0
0
0
0
0
0
0
0
0
0
0
0
0
0
0
0
0
0
0
0
0
0
0
0
0
0
0
0
0
0
0
0
0
0
0
0
0
0
0
0
0
0
0
0
0
0
0
0
0
0
0
0
0
0
0
0
0
0
0
0
0
0
0
0
0
0
0
0
0
0
0
0
0
0
0
0
0
0
0
0
0
0
0
0
0
0
0
0
0
0
0
0
0
0
0
0
0
0
0
0
0
0
0
0
0
0
0
0
0
0
0
0
0
0
0
0
0
0
0
0
0
0
0
0
0
0
0
0
0
0
0
0
0
0
0
0
0
0
0
0
0
0
0
0
0
0
0
0
0
0
0
0
0
0
0
0
0
0
0
0
0
0
0
0
0
0
0
0
0
0
0
0
0
0
0
0
0
0
0
0
0
0
0
0
0
0
0
0
0
0
0
0
0
0
0
0
0
0
0
0
0
0
0
0
0
0
0
0
0
0
0
0
0
0
0
0
0
0
0
0
0
0
0
0
0
0
0
0
0
0
0
0
0
0
0
0
0
0
0
0
0
0
0
0
0
0
0
0
0
0
0
0
0
0
0
0
0
0
0
0
0
0
0
0
0
0
0
0
0
0
0
0
0
0
0
0
0
0
0
0
0
0
0
0
0
0
0
0
0
0
0
0
0
0
0
0
0
0
0
0
0
0
0
0
0
0
0
0
0
0
0
0
0
0
0
0
0
0
0
0
0
0
0
0
0
0
0
0
0
0
0
0
0
0
0
0
0
0
0
0
0
0
0
0
0
0
0
0
0
0
0
0
0
0
0
0
0
0
0
0
0
0
0
0
0
0
0
0
0
0
0
0
0
0
0
0
0
0
0
0
0
0
0
0
0
0
0
0
0
0
0
0
0
0
0
0
0
0
0
0
0
0
0
0
0
0
0
0
0
0
0
0
0
0
0
0
0
0
0
0
0
0
0
0
0
0
0
0
0
0
0
0
0
0
0
0
0
0
0
0
0
0
0
0
0
0
0
0
0
0
0
0
0
0
0
0
0
0
0
0
0
0
0
0
0
0
0
0
0
0
0
0
0
0
0
0
0
0
0
0
0
0
0
0
0
0
0
0
0
0
0
0
0
0
0
0
0
0
0
0
0
0
0
0
0
0
0
0
0
0
0
0
0
0
0
0
0
0
0
0
0
0
0
0
0
0
0
0
0
0
0
0
0
0
0
0
0
0
0
0
0
0
0
0
0
0
0
0
0
0
0
0
0
0
0
0
0
0
0
0
0
0
0
0
0
0
0
0
0
0
0
0
0
0
0
0
0
0
0
0
0
0
0
0
0
0
0
0
0
0
0
0
0
0
0
0
0
0
0
0
0
0
0
0
0
0
0
0
0
0
0
0
0
0
0
0
0
0
0
0
0
0
0
0
0
0
0
0
0
0
0
0
0
0
0
0
0
0
0
0
0
0
0
0
0
0
0
0
0
0
0
0
0
0
0
0
0
0
0
0
0
0
0
0
0
0
0
0
0
0
0
0
0
0
0
0
0
0
0
0
0
0
0
0
0
0
0
0
