# vtk DataFile Version 2.0
AirplaneModel, Created by Gmsh 4.12.1 
ASCII
DATASET UNSTRUCTURED_GRID
POINTS 4852 double
-50 -50 50
-50 -50 -50
-50 50 50
-50 50 -50
50 -50 50
50 -50 -50
50 50 50
50 50 -50
-50 -50 -33.33333333333339
-50 -50 -16.66666666666677
-50 -50 -8.526512829121202e-14
-50 -50 16.66666666666661
-50 -50 33.33333333333331
-50 -33.33333333333339 50
-50 -16.66666666666677 50
-50 -8.526512829121202e-14 50
-50 16.66666666666661 50
-50 33.33333333333331 50
-50 50 -33.33333333333339
-50 50 -16.66666666666677
-50 50 -8.526512829121202e-14
-50 50 16.66666666666661
-50 50 33.33333333333331
-50 -33.33333333333339 -50
-50 -16.66666666666677 -50
-50 -8.526512829121202e-14 -50
-50 16.66666666666661 -50
-50 33.33333333333331 -50
50 -50 -33.33333333333339
50 -50 -16.66666666666677
50 -50 -8.526512829121202e-14
50 -50 16.66666666666661
50 -50 33.33333333333331
50 -33.33333333333339 50
50 -16.66666666666677 50
50 -8.526512829121202e-14 50
50 16.66666666666661 50
50 33.33333333333331 50
50 50 -33.33333333333339
50 50 -16.66666666666677
50 50 -8.526512829121202e-14
50 50 16.66666666666661
50 50 33.33333333333331
50 -33.33333333333339 -50
50 -16.66666666666677 -50
50 -8.526512829121202e-14 -50
50 16.66666666666661 -50
50 33.33333333333331 -50
-33.33333333333339 -50 -50
-16.66666666666677 -50 -50
-8.526512829121202e-14 -50 -50
16.66666666666661 -50 -50
33.33333333333331 -50 -50
-33.33333333333339 -50 50
-16.66666666666677 -50 50
-8.526512829121202e-14 -50 50
16.66666666666661 -50 50
33.33333333333331 -50 50
-33.33333333333339 50 -50
-16.66666666666677 50 -50
-8.526512829121202e-14 50 -50
16.66666666666661 50 -50
33.33333333333331 50 -50
-33.33333333333339 50 50
-16.66666666666677 50 50
-8.526512829121202e-14 50 50
16.66666666666661 50 50
33.33333333333331 50 50
-50 34.91573523912473 8.151095683405288
-50 -35.64488816890648 -8.197116373120494
-50 -9.778760911776345 35.06173125074284
-50 7.743184626049363 -34.12993661844624
-50 34.86919098564357 -23.76257747152444
-50 25.22937250022403 36.1162021202655
-50 -23.46957301571003 -34.90504587598686
-50 -35.88713258240278 24.92937717865203
-50 -35.6328323053911 8.344265689810761
-50 -21.1566921961485 0.02452488611496051
-50 -21.6177876107439 -16.76561148917477
-50 -6.783647598420544 -8.345736656065696
-50 -6.437803309207624 7.851914411461827
-50 7.470070298683176 -0.08230370743419257
-50 7.735026918962738 16.6666666666664
-50 7.424937477723802 -16.37677283337074
-50 22.74337833393074 -8.049554301302571
-50 -19.72856670024747 19.19275585490193
-50 7.907868459423923 33.18012084636077
-50 -7.506036575739124 -24.89309229806906
-50 24.89285336832351 -36.25624575848114
-50 36.30506580186299 25.2883104482442
-50 -36.31224671329608 -24.48873841885733
-50 -25.14667728268405 36.12791522388372
-50 38.50566091173981 -8.065540551217708
-50 18.67820643813506 7.800557064559307
-50 19.53470895833418 -23.71501739662502
-50 21.79521255962224 21.20049213825024
-50 -8.333333333333428 -38.83545031537
-50 -5.024047358083436 22.09936490538897
-50 -37.79915320718538 37.79915320718534
-50 -37.79915320718541 -37.79915320718541
-50 37.79915320718538 37.79915320718538
-50 37.79915320718541 -37.79915320718543
50 8.333333333333258 35.56624327025933
50 8.197116373120323 -35.64488816890648
50 -34.12993661844617 7.743184626049391
50 35.19094965469831 8.179966683057103
50 -34.90504587598684 -23.46957301571002
50 -23.7625774715244 34.86919098564357
50 34.90504587598679 -23.46957301571001
50 -8.219819199822638 -35.65799565201434
50 -0.003783804450449679 -21.16088608725238
50 16.76906833611869 -21.6184865925945
50 8.349769644166869 -6.784463077246286
50 -8.331224582269556 -6.717751946311687
50 0.003090843649474095 7.423276279361531
50 17.08948264584365 7.497299167766961
50 -16.36012172922402 7.428121083188373
50 -8.333333333333449 22.1687836487033
50 -24.87140763132722 -7.413639854439346
50 25.13568648478382 -7.214945442134223
50 23.17315009564157 22.38518150318396
50 -16.75232988876319 -21.74299320297832
50 24.48914994825532 -36.31232992542113
50 -36.25624575848111 24.89285336832351
50 -24.48985999341572 -36.32871255559873
50 -8.085848827638287 38.52084358092125
50 8.053144717026896 19.00815677385502
50 24.99999999999999 37.48327696670218
50 -23.76844298220183 19.42042674238164
50 39.04633640309379 -7.834243688290798
50 -38.83545031536995 -8.333333333333435
50 36.88007091969098 25.99412515345819
50 -37.79915320718542 -37.79915320718542
50 -37.79915320718543 37.7991532071854
50 37.79915320718541 -37.79915320718543
50 37.91632576780592 37.91632576780592
34.05503446196532 -50 7.842350263070216
-34.12993661844622 -50 7.743184626049356
8.197116373120309 -50 -35.64488816890648
8.151095683405302 -50 34.91573523912471
-34.90504587598686 -50 -23.46957301571003
34.90504587598676 -50 -23.46957301571
-23.76257747152442 -50 34.86919098564357
-8.219819199822652 -50 -35.65799565201435
-0.003783804450492312 -50 -21.16088608725239
16.76906833611864 -50 -21.61848659259449
8.349769644166798 -50 -6.784463077246265
-8.331224582269641 -50 -6.717751946311722
0.003090843649360409 -50 7.423276279361517
16.34301821076269 -50 7.118715044579986
-16.3601217292241 -50 7.428121083188316
-8.042116571329473 -50 22.74019973233763
-24.87140763132727 -50 -7.413639854439374
36.1562798497568 -50 25.26267113480611
24.87623114072832 -50 -7.540798451872334
-16.75232988876322 -50 -21.74299320297835
-36.25624575848113 -50 24.89285336832351
25.29308160651698 -50 36.3090299250275
24.48914994825529 -50 -36.31232992542113
-24.48985999341573 -50 -36.32871255559873
-8.064053005223087 -50 38.50502519142118
7.754393829589915 -50 18.54494953907552
-23.71019962980107 -50 19.5347099591085
21.29215060699948 -50 21.66557519094732
38.8354503153698 -50 -8.333333333333428
-38.83545031537 -50 -8.333333333333435
-37.79915320718542 -50 -37.79915320718542
37.79915320718537 -50 37.79915320718537
-37.79915320718543 -50 37.79915320718541
37.7991532071854 -50 -37.79915320718543
8.151095683405302 50 34.91573523912471
8.197116373120309 50 -35.64488816890648
-34.12993661844622 50 7.74318462604937
33.17362844200511 50 8.08159061345512
-34.90504587598686 50 -23.46957301571003
35.70246023047225 50 -25.55051429052997
-23.76257747152441 50 34.86919098564357
-8.219819199822659 50 -35.65799565201435
-0.003783804450499417 50 -21.16088608725239
19.15391893526368 50 -19.77864453014656
8.333333333333165 50 -6.698729810778026
-8.333963967408579 50 -6.703463068567018
-0.0001051056793812677 50 7.439946636730326
16.66666666666649 50 7.735026918962632
-16.36111095163538 50 7.433280955707247
-8.04242161300148 50 22.74179085696501
-24.87202906591898 50 -7.410398396062106
35.91274847840717 50 25.20796580635681
35.02156208552165 50 -9.823047038661976
-16.752890025385 50 -21.74007148029135
-36.25624575848113 50 24.89285336832351
24.86799101416369 50 -36.34103221260828
25.26408977659439 50 36.30251738592639
-24.4899266763469 50 -36.32836473146934
-8.064114013557486 50 38.50534341634666
7.818423322570517 50 18.67186421035129
-23.71045848261773 50 19.53606015853774
21.16444206160816 50 21.81911669569615
-38.83545031537 50 -8.333333333333435
22.19579789871702 50 -4.782667050750717
-37.79915320718542 50 -37.79915320718542
37.79915320718537 50 37.79915320718537
37.7991532071854 50 -37.79915320718543
-37.79915320718543 50 37.79915320718541
35.64488816890646 8.197116373120309 -50
-7.743184626049491 -34.12993661844621 -50
-34.91573523912473 8.151095683405309 -50
9.914977871989208 34.9830863520957 -50
23.46957301570994 -34.90504587598683 -50
-25.22937250022409 36.11620212026557 -50
-34.86919098564359 -23.76257747152441 -50
35.65799565201434 -8.219819199822652 -50
21.16088608725236 -0.003783804450470996 -50
19.92594885130738 19.05115123835276 -50
6.698729810778026 8.333333333333215 -50
6.703463068566982 -8.333963967408536 -50
-7.439946636730355 -0.0001051056793102134 -50
-7.735026918962639 16.66666666666656 -50
-7.433280955707318 -16.36111095163534 -50
-22.74179085696505 -8.042421613001423 -50
7.410398396062007 -24.87202906591895 -50
25.22340819926042 35.72529510546342 -50
21.74007148029131 -16.75289002538498 -50
-7.888408893679234 33.16888586083979 -50
-36.30506580186299 25.28831044824423 -50
36.31962723997627 24.85847520203039 -50
-24.8928533683236 -36.25624575848114 -50
36.32836473146929 -24.48992667634689 -50
-38.50534341634668 -8.064114013557479 -50
-18.67186421035132 7.818423322570588 -50
-19.53606015853781 -23.7104584826177 -50
-21.79091226070083 21.20159735033201 -50
8.333333333333258 -38.83545031536998 -50
5.024047358083536 22.09936490538894 -50
37.79915320718537 37.79915320718537 -50
37.79915320718536 -37.79915320718541 -50
-37.79915320718541 -37.79915320718542 -50
-37.79915320718543 37.79915320718538 -50
34.91573523912473 8.151095683405288 50
-35.64488816890648 -8.197116373120494 50
-9.778760911776345 35.06173125074284 50
7.743184626049363 -34.12993661844624 50
34.86919098564357 -23.76257747152444 50
25.22937250022403 36.1162021202655 50
-23.46957301571003 -34.90504587598686 50
-35.88713258240278 24.92937717865203 50
-35.6328323053911 8.344265689810761 50
-21.1566921961485 0.02452488611496051 50
-21.6177876107439 -16.76561148917477 50
-6.783647598420544 -8.345736656065696 50
-6.437803309207624 7.851914411461827 50
7.470070298683176 -0.08230370743419257 50
7.735026918962738 16.6666666666664 50
7.424937477723802 -16.37677283337074 50
22.74337833393074 -8.049554301302571 50
-19.72856670024747 19.19275585490193 50
7.907868459423923 33.18012084636077 50
-7.506036575739124 -24.89309229806906 50
24.89285336832351 -36.25624575848114 50
36.30506580186299 25.2883104482442 50
-36.31224671329608 -24.48873841885733 50
-25.14667728268405 36.12791522388372 50
38.50566091173981 -8.065540551217708 50
18.67820643813506 7.800557064559307 50
19.53470895833418 -23.71501739662502 50
21.79521255962224 21.20049213825024 50
-8.333333333333428 -38.83545031537 50
-5.024047358083436 22.09936490538897 50
-37.79915320718538 37.79915320718534 50
-37.79915320718541 -37.79915320718541 50
37.79915320718538 37.79915320718538 50
37.79915320718541 -37.79915320718543 50
-21.52082252502441 -1.145394563674927 -7.313189506530762
-21.48822021484375 -1.198038339614868 -7.787816047668457
-21.48822021484375 -1.300821781158447 -7.787816047668457
-21.52082252502441 -1.339357018470764 -7.313189506530762
-20.99100685119629 -1.442638158798218 -7.385006904602051
-21.25701141357422 -1.300821781158447 -7.787816047668457
-21.25701141357422 -1.198038339614868 -7.787816047668457
-20.99100685119629 -1.064665675163269 -7.385006904602051
-21.50621032714844 -1.173386096954346 -6.68083381652832
-21.50621032714844 -1.329219102859497 -6.68083381652832
-21.08796882629395 -1.549433350563049 -6.418975830078125
-21.08796882629395 -1.002638578414917 -6.418975830078125
-20.82582855224609 -1.100386023521423 -5.597189426422119
-20.82582855224609 -1.484116077423096 -5.597189426422119
-20.64915657043457 -1.216753125190735 -5.108237743377686
-20.64915657043457 -1.344239473342896 -5.108237743377686
-20.16300010681152 -1.108215808868408 -7.115034103393555
-20.16300010681152 -1.478185296058655 -7.115034103393555
-19.66742324829102 -1.230370998382568 -6.929285526275635
-19.66742324829102 -1.352326035499573 -6.929285526275635
-20.0802173614502 -1.906497597694397 -6.371761322021484
-20.0802173614502 -1.952719569206238 -5.616958618164062
-19.73902702331543 -2.12535834312439 -6.030142784118652
-19.73902702331543 -2.12535834312439 -5.916138172149658
-20.16300010681152 -1.535962820053101 -4.94102954864502
-20.16300010681152 -0.8982337117195129 -6.455189228057861
-20.16300010681152 -0.9415673613548279 -5.597189426422119
-20.16300010681152 -1.151549458503723 -4.94102954864502
-19.38581466674805 -2.177278995513916 -5.616958618164062
-19.30500030517578 -2.151047945022583 -6.079678535461426
-19.35085487365723 -1.661134600639343 -6.454489231109619
-19.72568893432617 -2.119942665100098 -5.344138145446777
-19.56570816040039 -1.778504490852356 -4.679232597351074
-19.15142059326172 -2.190909385681152 -4.739189147949219
-19.10086822509766 -1.695347428321838 -4.169933319091797
-18.96553802490234 -2.160478115081787 -4.225311756134033
-19.35085487365723 -1.159304022789001 -6.411697864532471
-19.30500030517578 -1.02960479259491 -5.597189426422119
-19.34537124633789 -1.131635308265686 -4.679232597351074
-19.0862865447998 -1.215054750442505 -4.208058834075928
-18.44700050354004 -2.27959132194519 -5.597189426422119
-18.44700050354004 -2.171751499176025 -6.104513168334961
-18.44700050354004 -2.328219652175903 -4.739189147949219
-18.42241096496582 -2.231365442276001 -3.916063070297241
-18.46396827697754 -1.72229540348053 -6.131156921386719
-18.42241096496582 -1.642127871513367 -3.718941688537598
-18.12001800537109 -1.892648100852966 -3.368970632553101
-18.12001800537109 -2.174667596817017 -3.368970632553101
-18.76128196716309 -1.232206702232361 -6.09670352935791
-18.46396827697754 -1.189915060997009 -5.566753387451172
-18.18928146362305 -1.45426082611084 -5.832463264465332
-18.44700050354004 -1.127194762229919 -4.739189147949219
-18.44700050354004 -1.197129845619202 -4.063787460327148
-17.58522415161133 -2.272037506103516 -5.655672550201416
-17.86870574951172 -2.152962923049927 -6.063255786895752
-17.5890007019043 -2.461520910263062 -4.739189147949219
-17.5890007019043 -2.436607360839844 -3.881189584732056
-17.5490550994873 -2.265144348144531 -3.05905818939209
-17.86870574951172 -2.026260852813721 -6.063255786895752
-17.59696769714355 -1.675643086433411 -5.620562076568604
-17.51819801330566 -1.673256278038025 -3.118660688400269
-17.79997253417969 -1.320647954940796 -3.511784553527832
-17.23642539978027 -2.025864839553833 -2.533785820007324
-17.23642539978027 -2.174692630767822 -2.533785820007324
-17.8972282409668 -1.242858648300171 -5.260463237762451
-17.60233688354492 -1.224819898605347 -4.675549030303955
-17.32522964477539 -1.325025200843811 -4.919122219085693
-17.54398345947266 -1.236874103546143 -3.831146478652954
-17.22797203063965 -1.262949109077454 -3.440350532531738
-16.73100090026855 -2.572821855545044 -4.739189147949219
-16.73100090026855 -2.323691129684448 -5.472587585449219
-16.73100090026855 -2.619069576263428 -3.881189584732056
-16.73100090026855 -2.533814907073975 -3.023189544677734
-16.65279006958008 -2.261764049530029 -2.214747190475464
-16.73100090026855 -1.822685122489929 -5.472587585449219
-16.79143333435059 -1.389330387115479 -4.675549030303955
-16.65279006958008 -1.916092038154602 -2.214747190475464
-16.77438926696777 -1.417887210845947 -3.10188627243042
-16.31464958190918 -2.110923051834106 -1.727078437805176
-16.31464958190918 -2.134873628616333 -1.727078437805176
-17.11772155761719 -1.261621117591858 -4.347122192382812
-17.07527732849121 -1.26025390625 -3.881189584732056
-16.64627838134766 -1.303413987159729 -3.881189584732056
-17.08931541442871 -1.262949109077454 -3.440350532531738
-15.8730001449585 -2.619073390960693 -4.739189147949219
-15.8730001449585 -2.306655168533325 -5.356910228729248
-15.8730001449585 -2.759884119033813 -3.881189584732056
-15.8730001449585 -2.750071287155151 -3.023189544677734
-15.8730001449585 -2.567668676376343 -2.165189504623413
-15.8730001449585 -2.265063285827637 -1.579601049423218
-15.8730001449585 -1.919661402702332 -5.356910228729248
-15.8730001449585 -1.5656818151474 -4.739189147949219
-15.8730001449585 -1.378466367721558 -3.881189584732056
-15.8730001449585 -1.36628794670105 -3.023189544677734
-15.8730001449585 -1.611983180046082 -2.165189504623413
-15.8730001449585 -1.9781414270401 -1.579601049423218
-14.97874641418457 -2.449548959732056 -4.795454502105713
-15.24057769775391 -2.227999687194824 -5.254425048828125
-15.01500034332275 -2.825191259384155 -3.881189584732056
-15.01500034332275 -2.873992919921875 -3.023189544677734
-15.01500034332275 -2.828009128570557 -2.165189504623413
-15.0197811126709 -2.459172010421753 -1.2731853723526
-15.24057769775391 -2.026326894760132 -5.254425048828125
-14.97874641418457 -1.841026663780212 -4.795454502105713
-15.01500034332275 -1.501316666603088 -3.881189584732056
-15.01500034332275 -1.417752385139465 -3.023189544677734
-15.01500034332275 -1.458791375160217 -2.165189504623413
-15.0197811126709 -1.828364729881287 -1.2731853723526
-14.73696804046631 -2.032851457595825 -0.7878903746604919
-14.73696804046631 -2.247591733932495 -0.7878903746604919
-14.07345199584961 -2.842200517654419 -3.796292781829834
-14.1569995880127 -2.398606777191162 -4.552925109863281
-14.25736808776855 -2.948480606079102 -3.023189544677734
-13.73175239562988 -2.982635974884033 -3.453695058822632
-13.82836818695068 -2.992206573486328 -3.023189544677734
-14.3356819152832 -2.947699785232544 -2.165189504623413
-13.90668201446533 -3.002557992935181 -2.165189504623413
-14.1361026763916 -2.856747150421143 -1.29068124294281
-13.83617115020752 -2.996438026428223 -1.565675616264343
-14.1569995880127 -2.417571067810059 -0.6309830546379089
-14.1569995880127 -1.957330346107483 -4.552925109863281
-14.1569995880127 -1.690832734107971 -3.881189584732056
-14.1569995880127 -1.54650342464447 -3.023189544677734
-14.1569995880127 -1.500392436981201 -2.165189504623413
-14.1569995880127 -1.628046154975891 -1.307189464569092
-14.1569995880127 -1.940654635429382 -0.6309830546379089
-7.729063987731934 -1.258720397949219 -23.1616039276123
-7.729063987731934 -1.258720397949219 -23.21699905395508
-7.729063987731934 -1.281742453575134 -23.21699905395508
-7.729063987731934 -1.281742453575134 -23.1616039276123
-7.299473285675049 -1.538912415504456 -22.82823753356934
-7.293000221252441 -1.439250946044922 -23.38573455810547
-7.293000221252441 -1.191112279891968 -23.38573455810547
-7.299473285675049 -1.157742023468018 -22.82823753356934
-7.017788887023926 -1.185652017593384 -22.12873268127441
-7.017788887023926 -1.490084409713745 -22.12873268127441
-13.29899978637695 -3.045845746994019 -3.023189544677734
-13.29899978637695 -3.004961729049683 -3.516892910003662
-13.29899978637695 -3.066481113433838 -2.165189504623413
-13.35118198394775 -3.040828943252563 -1.29068124294281
-13.26466369628906 -2.558645486831665 -3.978292942047119
-13.52777194976807 -2.276177406311035 -4.397061347961426
-13.67196941375732 -2.964067935943604 -0.9936756491661072
-13.36926651000977 -2.664874315261841 -0.3610951602458954
-13.09996891021729 -3.02215051651001 -0.6553102731704712
-13.52777194976807 -2.054677963256836 -4.397061347961426
-13.26466369628906 -1.940045475959778 -3.926530361175537
-13.29899978637695 -1.712072968482971 -3.023189544677734
-13.29899978637695 -1.629657864570618 -2.165189504623413
-13.29899978637695 -1.639881730079651 -1.307189464569092
-13.33113861083984 -1.903690218925476 -0.3914038240909576
-12.44099998474121 -3.123058080673218 -3.023189544677734
-12.44099998474121 -3.03812050819397 -3.573522567749023
-12.44099998474121 -3.155887842178345 -2.165189504623413
-12.44099998474121 -3.156988620758057 -1.307189464569092
-12.50069999694824 -3.089413166046143 -0.401261955499649
-12.44099998474121 -2.553347587585449 -3.777663469314575
-12.82650089263916 -2.93768048286438 -0.08331026136875153
-12.44099998474121 -2.036430358886719 -3.656330347061157
-12.44099998474121 -1.877132296562195 -3.023189544677734
-12.44099998474121 -1.7706538438797 -2.165189504623413
-12.44099998474121 -1.731951117515564 -1.307189464569092
-12.44099998474121 -1.799510359764099 -0.4491894841194153
-11.58300018310547 -3.168926239013672 -3.023189544677734
-11.58300018310547 -3.040072202682495 -3.539742708206177
-11.58300018310547 -3.246006488800049 -2.165189504623413
-11.58300018310547 -3.253319978713989 -1.307189464569092
-11.58300018310547 -3.244609832763672 -0.4491894841194153
-11.60183048248291 -2.571263790130615 -3.554404020309448
-11.9003849029541 -2.095052719116211 -3.505809307098389
-11.60183048248291 -2.034836292266846 -3.015960931777954
-11.32838535308838 -2.297208070755005 -3.297141790390015
-11.58300018310547 -1.89820396900177 -2.165189504623413
-11.58300018310547 -1.829417824745178 -1.307189464569092
-11.58300018310547 -1.820732474327087 -0.4491894841194153
-10.70571327209473 -3.139552593231201 -3.08742880821228
-10.97885608673096 -3.014813899993896 -3.491915225982666
-10.72500038146973 -3.342683792114258 -2.165189504623413
-10.72500038146973 -3.360585451126099 -1.307189464569092
-10.72500038146973 -3.361071825027466 -0.4491894841194153
-10.97885608673096 -2.869208097457886 -3.491915225982666
-10.67459487915039 -2.510117769241333 -3.070698499679565
-10.94233322143555 -2.087209939956665 -2.725141763687134
-10.68379974365234 -2.038280725479126 -2.202840089797974
-10.37033367156982 -2.151027679443359 -2.513940572738647
-10.72500038146973 -1.928534865379333 -1.307189464569092
-10.72500038146973 -1.882825493812561 -0.4491894841194153
-9.866999626159668 -3.446040391921997 -2.165189504623413
-9.866999626159668 -3.189656019210815 -2.915536165237427
-9.866999626159668 -3.497976779937744 -1.307189464569092
-9.866999626159668 -3.501134157180786 -0.4491894841194153
-9.866999626159668 -2.640600919723511 -2.915536165237427
-9.792538642883301 -2.196166515350342 -2.202840089797974
-10.02889728546143 -2.091347694396973 -1.941940665245056
-9.792538642883301 -2.049403429031372 -1.380839347839355
-9.456897735595703 -2.127708196640015 -1.715939283370972
-9.866999626159668 -1.962643504142761 -0.4491894841194153
-9.008999824523926 -3.505622625350952 -2.165189504623413
-9.008999824523926 -3.183704137802124 -2.805770635604858
-9.008999824523926 -3.635819673538208 -1.307189464569092
-9.008999824523926 -3.646159887313843 -0.4491894841194153
-9.008999824523926 -2.744770765304565 -2.805770635604858
-9.008999824523926 -2.350724697113037 -2.165189504623413
-8.944413185119629 -2.155249834060669 -1.380839347839355
-9.187355041503906 -2.094472408294678 -1.143939256668091
-8.944413185119629 -2.064692735671997 -0.5053113102912903
-8.615354537963867 -2.12924599647522 -0.8287258744239807
-8.072875022888184 -3.333400726318359 -2.246740818023682
-8.306791305541992 -3.103743553161621 -2.697901487350464
-8.151000022888184 -3.715546369552612 -1.307189464569092
-8.151000022888184 -3.762120962142944 -0.4491894841194153
-8.306791305541992 -2.861921072006226 -2.697901487350464
-8.072875022888184 -2.65900707244873 -2.246740818023682
-8.151000022888184 -2.280260562896729 -1.307189464569092
-8.130114555358887 -2.164441823959351 -0.5053113102912903
-8.402190208435059 -2.104537487030029 -0.2567258179187775
-7.281644821166992 -3.742408037185669 -1.255067467689514
-7.293000221252441 -3.300379991531372 -2.036595821380615
-7.56801176071167 -3.825653791427612 -0.4491894841194153
-6.98807430267334 -3.850384950637817 -0.9343194365501404
-7.139011859893799 -3.864893198013306 -0.4491894841194153
-7.293000221252441 -2.777650356292725 -2.036595821380615
-7.293000221252441 -2.470561981201172 -1.307189464569092
-7.293000221252441 -2.300340414047241 -0.4491894841194153
-6.440440654754639 -1.972452998161316 -22.74486351013184
-6.434999942779541 -1.552176833152771 -23.41959381103516
-6.593301773071289 -1.743789553642273 -21.86531448364258
-6.15806770324707 -2.148717641830444 -22.45064735412598
-6.168639659881592 -2.162927627563477 -21.89918899536133
-6.197075843811035 -1.695347428321838 -21.27584266662598
-6.070785045623779 -2.15141749382019 -21.38088226318359
-6.434999942779541 -1.160642147064209 -23.41959381103516
-6.434999942779541 -1.036227345466614 -22.75718879699707
-6.463189601898193 -1.126150727272034 -21.86531448364258
-6.195982933044434 -1.198572754859924 -21.30036735534668
-5.577000141143799 -2.244031667709351 -21.89918899536133
-5.577000141143799 -2.173847198486328 -22.49649047851562
-5.579383373260498 -2.218316555023193 -21.07340431213379
-5.579838752746582 -1.709125161170959 -22.89773750305176
-5.86773157119751 -1.432310223579407 -23.26214408874512
-5.797294616699219 -1.695347428321838 -20.84684371948242
-5.86773157119751 -1.218093752861023 -23.26214408874512
-5.579838752746582 -1.152828454971313 -22.76309776306152
-5.577000141143799 -1.05878734588623 -21.89918899536133
-5.579252243041992 -1.155843257904053 -21.02509689331055
-4.718999862670898 -2.288999319076538 -21.89918899536133
-4.718999862670898 -2.176153182983398 -22.43596649169922
-4.718999862670898 -2.361965656280518 -21.04118919372559
-4.64100170135498 -1.625526785850525 -22.50611877441406
-4.875002861022949 -1.210593819618225 -22.48103523254395
-4.64100170135498 -1.167204976081848 -21.97481918334961
-4.303002834320068 -1.292979717254639 -22.31123924255371
-4.718999862670898 -1.110308527946472 -21.04118919372559
-3.865307807922363 -2.248284816741943 -21.94530487060547
-4.15418004989624 -2.151792526245117 -22.36994934082031
-3.861000061035156 -2.431691646575928 -21.04118919372559
-4.15418004989624 -1.86497962474823 -22.36994934082031
-3.865307807922363 -1.625526785850525 -22.12270736694336
-3.861000061035156 -1.228095173835754 -21.69194030761719
-3.861000061035156 -1.166136026382446 -21.04118919372559
-3.003000020980835 -2.473215103149414 -21.04118919372559
-3.003000020980835 -2.264472484588623 -21.72907447814941
-3.055235385894775 -1.662113070487976 -21.69326782226562
-3.376059055328369 -1.256800651550293 -21.4968090057373
-3.055235385894775 -1.240715265274048 -20.95899963378906
-2.804059028625488 -1.353956937789917 -21.19020462036133
-2.144999980926514 -2.54711127281189 -21.04118919372559
-2.144999980926514 -2.276444435119629 -21.66077423095703
-2.144999980926514 -1.850907444953918 -21.66077423095703
-2.144999980926514 -1.421907544136047 -21.05178070068359
-2.144999980926514 -1.264356851577759 -20.62277984619141
-1.415422677993774 -2.79412841796875 -21.04118919372559
-1.213186264038086 -2.527235269546509 -21.83008575439453
-0.8730885982513428 -2.9907546043396 -21.48918724060059
-0.9864226579666138 -3.056353330612183 -21.04118919372559
-1.27743399143219 -1.647872805595398 -21.92113876342773
-0.9812838435173035 -1.909593939781189 -22.46596145629883
-0.9812838435173035 -2.246995210647583 -22.46596145629883
-1.573584198951721 -1.386151552200317 -21.19229316711426
-1.287350535392761 -1.09238862991333 -20.96025276184082
-1.00158417224884 -1.189119219779968 -21.67129325866699
-0.4289999902248383 -3.262880086898804 -21.04118919372559
-0.4289999902248383 -3.059462547302246 -21.68635749816895
-0.4289999902248383 -2.854623556137085 -22.1153564453125
-0.4023620188236237 -2.406334161758423 -22.75405311584473
-0.4447640180587769 -1.618758797645569 -22.80813598632812
-0.09860334545373917 -1.89992368221283 -23.23762321472168
-0.09860334545373917 -2.192623853683472 -23.23762321472168
-0.7909247279167175 -1.337594032287598 -22.2432918548584
-0.4745548367500305 -1.03338623046875 -21.93405151367188
-0.2189247161149979 -1.177880764007568 -22.57831001281738
-0.4736073911190033 -0.6167821288108826 -21.08600234985352
-5.368294715881348 -1.695347428321838 -20.3672981262207
-5.29497241973877 -2.18738317489624 -20.41403198242188
-5.294754028320312 -1.217975854873657 -20.48382568359375
-4.767579555511475 -2.285401344299316 -20.15009498596191
-4.955139636993408 -1.695347428321838 -19.93829917907715
-4.492217063903809 -1.751572251319885 -19.36261177062988
-4.474605560302734 -2.214501142501831 -19.3251895904541
-4.312174797058105 -2.075055360794067 -18.87044334411621
-4.312174797058105 -2.142492055892944 -18.87044334411621
-4.687732696533203 -1.190672039985657 -20.19197082519531
-4.380887508392334 -1.238789916038513 -19.67355918884277
-3.861000061035156 -2.492753505706787 -20.18318939208984
-3.861000061035156 -2.452686786651611 -19.3251895904541
-3.820136547088623 -2.272823810577393 -18.53754043579102
-3.780839443206787 -1.756731867790222 -18.57433700561523
-4.054784774780273 -1.503055334091187 -19.10155868530273
-3.506894111633301 -2.010408401489258 -17.95465278625488
-3.506894111633301 -2.194555044174194 -17.95465278625488
-3.861000061035156 -1.155372858047485 -20.18318939208984
-3.805670976638794 -1.21805465221405 -19.36261177062988
-3.482784986495972 -1.251213550567627 -18.8502311706543
-3.003000020980835 -2.582982063293457 -20.18318939208984
-3.003000020980835 -2.651108980178833 -19.3251895904541
-3.003000020980835 -2.62758207321167 -18.46718978881836
-2.986629724502563 -2.399488687515259 -17.64486694335938
-2.986629724502563 -1.805430769920349 -17.64486694335938
-3.003000020980835 -1.405000329017639 -18.30840492248535
-2.689716100692749 -1.979949355125427 -17.00728607177734
-2.689716100692749 -2.2810959815979 -17.00728607177734
-3.003000020980835 -1.203349828720093 -20.18318939208984
-3.003000020980835 -1.20798647403717 -19.3251895904541
-3.003000020980835 -1.246104001998901 -18.73740577697754
-2.117586374282837 -3.411347627639771 -15.03518962860107
-1.956703305244446 -3.495779037475586 -15.97485542297363
-1.773174405097961 -3.910116910934448 -15.74329948425293
-1.829509258270264 -3.981060743331909 -15.03518962860107
-2.197848558425903 -3.411347627639771 -14.17718887329102
-1.877435088157654 -4.046859741210938 -14.17718887329102
-2.144999980926514 -2.723639488220215 -20.18318939208984
-2.123085498809814 -2.856478452682495 -19.35698699951172
-2.378418922424316 -2.884595155715942 -18.46718978881836
-1.822475790977478 -3.032892465591431 -19.09218406677246
-1.949418783187866 -3.130494832992554 -18.46718978881836
-2.44750452041626 -2.844618320465088 -17.60918998718262
-2.018504619598389 -3.256925106048584 -17.60918998718262
-2.414796113967896 -2.561596632003784 -16.73324775695801
-1.989090204238892 -3.35947585105896 -16.75119018554688
-2.287593364715576 -2.553347587585449 -15.89318943023682
-2.294658660888672 -2.553347587585449 -15.03518962860107
-2.341665029525757 -2.553347587585449 -14.17718887329102
-2.41996955871582 -1.382156014442444 -17.60918998718262
-2.534220933914185 -1.279157042503357 -18.15843391418457
-2.301174402236938 -1.69450843334198 -16.73324775695801
-2.106355905532837 -1.695347428321838 -15.89318943023682
-2.089303970336914 -1.695347428321838 -15.03518962860107
-2.122204542160034 -1.695347428321838 -14.17718887329102
-2.144999980926514 -1.240175008773804 -20.18318939208984
-2.144999980926514 -1.206971287727356 -19.3251895904541
-2.206932544708252 -1.200655817985535 -18.45353698730469
-1.99096953868866 -1.166901707649231 -17.60918998718262
-1.847063183784485 -1.172693014144897 -16.75119018554688
-1.792760968208313 -1.178200840950012 -15.89318943023682
-1.798722267150879 -1.159955143928528 -15.03518962860107
-1.816953063011169 -1.142013311386108 -14.17718887329102
-1.243504762649536 -4.465970516204834 -15.11027431488037
-1.371727705001831 -4.183809757232666 -15.97485542297363
-1.436736583709717 -4.475860118865967 -14.17718887329102
-0.9285080432891846 -4.738943576812744 -14.8743314743042
-1.007736682891846 -4.786050319671631 -14.17718887329102
-1.266973376274109 -3.60053277015686 -18.51249504089355
-1.352329730987549 -3.2691490650177 -19.35698699951172
-1.530239701271057 -3.685925245285034 -17.60918998718262
-0.9676222205162048 -3.913340330123901 -18.25669860839844
-1.101239681243896 -4.009128570556641 -17.60918998718262
-1.661182641983032 -3.788475751876831 -16.75119018554688
-1.232182621955872 -4.119069576263428 -16.75119018554688
-1.714212775230408 -3.838066339492798 -16.31529998779297
-1.593018412590027 -2.908370494842529 -20.18318939208984
-1.164018511772156 -3.175056934356689 -20.18318939208984
-1.681882977485657 -2.959797859191895 -19.6641845703125
-1.208693027496338 -0.7839962840080261 -20.12722587585449
-1.324982404708862 -0.7966344952583313 -19.3251895904541
-1.361496806144714 -0.7641260027885437 -18.46718978881836
-1.395907044410706 -0.7379017472267151 -17.60918998718262
-1.425402164459229 -0.7436930537223816 -16.75119018554688
-1.450982570648193 -0.7492008805274963 -15.89318943023682
-1.458489060401917 -0.7309553027153015 -15.03518962860107
-1.434438228607178 -0.7130133509635925 -14.17718887329102
-0.8959824442863464 -0.1523756384849548 -19.3251895904541
-0.8704884648323059 -0.3086923360824585 -19.80391693115234
-0.9196338653564453 0.07983691245317459 -18.44585609436035
-0.9753386378288269 0.02065251022577286 -17.60918998718262
-1.006056666374207 0.02065251022577286 -16.75119018554688
-0.9922007918357849 0.0723121240735054 -15.95051670074463
-1.029489040374756 -0.1305477023124695 -15.03518962860107
-1.005438208580017 -0.2440962791442871 -14.17718887329102
-0.4289999902248383 -4.961040019989014 -14.17718887329102
-0.5074244737625122 -4.816189765930176 -15.11027431488037
-0.4289999902248383 -4.283137321472168 -17.60918998718262
-0.4735056161880493 -4.010953903198242 -18.51249504089355
-0.4289999902248383 -4.496773242950439 -16.75119018554688
-0.5074244737625122 -4.656005382537842 -15.97538375854492
-0.8457074761390686 -4.6954345703125 -15.44633197784424
-0.2737074792385101 -4.755191326141357 -15.74418067932129
-0.4289999902248383 -3.510567188262939 -20.18318939208984
-0.4735056161880493 -3.741856813430786 -19.37174606323242
-0.7891760468482971 -3.815126657485962 -18.82869911193848
-0.2171760350465775 -3.905196905136108 -19.11678314208984
-0.7893456220626831 -0.483540415763855 -20.37591743469238
-0.7641237378120422 -0.005354397464543581 -20.12722587585449
-0.3258869647979736 0.02065251022577286 -20.94864082336426
-0.8394737839698792 0.2766243815422058 -19.3251895904541
-0.8522747755050659 0.4052931666374207 -18.71763229370117
-0.7072446346282959 0.2984522879123688 -15.03518962860107
-0.8238154649734497 0.3927518725395203 -15.70273590087891
-0.4147064387798309 0.2028839588165283 -14.16791820526123
-2.252246856689453 -3.411347627639771 -13.31918907165527
-1.912180781364441 -4.101742267608643 -13.31918907165527
-2.287204504013062 -3.411347627639771 -12.46118927001953
-1.93505859375 -4.141331195831299 -12.46118927001953
-2.303951501846313 -3.411347627639771 -11.60318946838379
-1.945781111717224 -4.159889221191406 -11.60318946838379
-2.308430910110474 -3.411347627639771 -10.74518966674805
-1.94846522808075 -4.164569854736328 -10.74518966674805
-2.308706760406494 -3.411347627639771 -9.887188911437988
-1.9487224817276 -4.165158271789551 -9.887188911437988
-2.308433294296265 -3.411347627639771 -9.029189109802246
-1.94873046875 -4.165194034576416 -9.029189109802246
-2.308448314666748 -3.411347627639771 -8.171189308166504
-1.948745369911194 -4.165197849273682 -8.171189308166504
-2.308686971664429 -3.411347627639771 -7.313189506530762
-1.948720574378967 -4.165176868438721 -7.313189506530762
-2.374565601348877 -2.553347587585449 -13.31918907165527
-2.394138336181641 -2.553347587585449 -12.46118927001953
-2.40428900718689 -2.553347587585449 -11.60318946838379
-2.407312631607056 -2.553347587585449 -10.74518966674805
-2.406741857528687 -2.553347587585449 -9.887188911437988
-2.405746698379517 -2.553347587585449 -9.029189109802246
-2.405711889266968 -2.553347587585449 -8.171189308166504
-2.406728744506836 -2.553347587585449 -7.313189506530762
-2.148289918899536 -1.695347428321838 -13.31918907165527
-2.164783477783203 -1.695347428321838 -12.46118927001953
-2.174389839172363 -1.695347428321838 -11.60318946838379
-2.177987337112427 -1.695347428321838 -10.74518966674805
-2.178667306900024 -1.695347428321838 -9.887188911437988
-2.17856502532959 -1.695347428321838 -9.029189109802246
-2.178650617599487 -1.695347428321838 -8.171189308166504
-2.179877042770386 -1.695347428321838 -7.313189506530762
-1.829790353775024 -1.132604122161865 -13.31918907165527
-1.838791131973267 -1.12526273727417 -12.46118927001953
-1.844271302223206 -1.120466828346252 -11.60318946838379
-1.846640229225159 -1.117678046226501 -10.74518966674805
-1.847909927368164 -1.114578604698181 -9.887188911437988
-1.848520994186401 -1.11275053024292 -9.029189109802246
-1.848641633987427 -1.112348914146423 -8.171189308166504
-1.849114537239075 -1.11202335357666 -7.313189506530762
-1.515658140182495 -4.530742645263672 -13.31918907165527
-1.086658120155334 -4.835267066955566 -13.31918907165527
-1.569180965423584 -4.57033109664917 -12.46118927001953
-1.140181064605713 -4.870227336883545 -12.46118927001953
-1.592843055725098 -4.588889122009277 -11.60318946838379
-1.163843035697937 -4.886306762695312 -11.60318946838379
-1.598629951477051 -4.593569755554199 -10.74518966674805
-1.16963005065918 -4.890316963195801 -10.74518966674805
-1.59939169883728 -4.59415864944458 -9.887188911437988
-1.17039167881012 -4.89088249206543 -9.887188911437988
-1.599461793899536 -4.594193935394287 -9.029189109802246
-1.170461773872375 -4.890974521636963 -9.029189109802246
-1.59946596622467 -4.594197750091553 -8.171189308166504
-1.17046594619751 -4.890984535217285 -8.171189308166504
-1.599456906318665 -4.594176769256592 -7.313189506530762
-1.170457005500793 -4.890985488891602 -7.313189506530762
-1.394041180610657 -0.7036041617393494 -13.31918907165527
-1.356811046600342 -0.6962627768516541 -12.46118927001953
-1.330843806266785 -0.6914668679237366 -11.60318946838379
-1.319759130477905 -0.6886780858039856 -10.74518966674805
-1.324272871017456 -0.6855786442756653 -9.887188911437988
-1.330788135528564 -0.6837505698204041 -9.029189109802246
-1.332514047622681 -0.6833489537239075 -8.171189308166504
-1.332510471343994 -0.6830233931541443 -7.313189506530762
-0.9650411605834961 -0.3200544714927673 -13.31918907165527
-0.9278110265731812 -0.3618180155754089 -12.46118927001953
-0.901843786239624 -0.3826188445091248 -11.60318946838379
-0.8907591104507446 -0.3903351426124573 -10.74518966674805
-0.8952729105949402 -0.3880726099014282 -9.887188911437988
-0.9017881155014038 -0.3844082355499268 -9.029189109802246
-0.9035140872001648 -0.3834312558174133 -8.171189308166504
-0.9035104513168335 -0.383442759513855 -7.313189506530762
-0.4289999902248383 -5.05888557434082 -13.31918907165527
-0.4289999902248383 -5.128248691558838 -12.46118927001953
-0.4289999902248383 -5.160129070281982 -11.60318946838379
-0.4289999902248383 -5.168135643005371 -10.74518966674805
-0.4289999902248383 -5.169225692749023 -9.887188911437988
-0.4289999902248383 -5.169328689575195 -9.029189109802246
-0.4289999902248383 -5.169338703155518 -8.171189308166504
-0.4289999902248383 -5.169339656829834 -7.313189506530762
-0.4289999902248383 -0.03836440294981003 -13.31918907165527
-0.4289999902248383 -0.1693703532218933 -12.46118927001953
-0.4289999902248383 -0.237913966178894 -11.60318946838379
-0.4289999902248383 -0.2713242173194885 -10.74518966674805
-0.4289999902248383 -0.2763977646827698 -9.887188911437988
-0.4289999902248383 -0.2727572917938232 -9.029189109802246
-0.4289999902248383 -0.2717742919921875 -8.171189308166504
-0.4289999902248383 -0.2717836499214172 -7.313189506530762
-6.434999942779541 -3.931146383285522 -0.4491894841194153
-6.434999942779541 -3.875834226608276 -1.02955687046051
-6.434999942779541 -3.633445024490356 -1.458556890487671
-6.434999942779541 -3.204445123672485 -1.847378373146057
-6.434999942779541 -2.89216160774231 -1.847378373146057
-6.434999942779541 -2.670628070831299 -1.307189464569092
-6.434999942779541 -2.462294578552246 -0.4491894841194153
-5.577000141143799 -4.020259857177734 -0.4491894841194153
-5.577000141143799 -3.920952558517456 -1.161907434463501
-5.59428882598877 -3.387151718139648 -1.571650624275208
-5.891814708709717 -3.085021018981934 -1.762818455696106
-5.891814708709717 -2.959310054779053 -1.762818455696106
-5.59428882598877 -2.847963571548462 -1.34467625617981
-5.577000141143799 -2.608037710189819 -0.4491894841194153
-4.718999862670898 -4.142130851745605 -0.4491894841194153
-4.75136137008667 -3.980012655258179 -1.360947847366333
-4.75136137008667 -3.417994022369385 -1.577668309211731
-4.486935615539551 -3.708425283432007 -1.780388116836548
-4.486935615539551 -3.881988763809204 -1.780388116836548
-4.718999862670898 -2.886844873428345 -1.149090051651001
-4.718999862670898 -2.726149320602417 -0.4491894841194153
-3.861000061035156 -4.198580265045166 -1.307189464569092
-3.861000061035156 -3.9648597240448 -1.869053840637207
-3.861000061035156 -4.320538520812988 -0.4491894841194153
-3.861000061035156 -3.565008401870728 -1.869053840637207
-3.861000061035156 -3.136008501052856 -1.579540729522705
-3.861000061035156 -2.900153398513794 -1.150540709495544
-3.861000061035156 -2.765870094299316 -0.4491894841194153
-3.003000020980835 -4.475934028625488 -1.307189464569092
-2.980632066726685 -4.133825302124023 -2.159161806106567
-3.003000020980835 -4.552577018737793 -0.4491894841194153
-3.157581329345703 -3.356029748916626 -2.159161806106567
-2.689178943634033 -3.411347627639771 -2.798285007476807
-2.679719924926758 -3.951012372970581 -2.738569974899292
-3.393063545227051 -3.033151149749756 -1.657601714134216
-2.795186519622803 -2.727240800857544 -2.165189504623413
-2.621851921081543 -2.879211664199829 -2.721936464309692
-3.065438270568848 -2.64267635345459 -1.345836877822876
-3.003000020980835 -2.452844619750977 -0.4491894841194153
-2.382133960723877 -4.542913436889648 -2.165189504623413
-2.157952547073364 -4.32174015045166 -3.085909843444824
-1.81523609161377 -4.758674621582031 -2.861249685287476
-1.953133940696716 -4.807881832122803 -2.165189504623413
-2.506492137908936 -4.668635368347168 -1.307189464569092
-2.077491998672485 -4.832045078277588 -1.307189464569092
-2.549818754196167 -4.689509868621826 -0.4491894841194153
-2.120818614959717 -4.839368343353271 -0.4491894841194153
-2.308923244476318 -3.411347627639771 -6.455189228057861
-1.948734998703003 -4.165231704711914 -6.455189228057861
-2.309056043624878 -3.411347627639771 -5.597189426422119
-1.949445366859436 -4.165607929229736 -5.597189426422119
-2.311543941497803 -3.411347627639771 -4.739189147949219
-1.953377246856689 -4.177727699279785 -4.739189147949219
-2.356503486633301 -3.411347627639771 -3.881189584732056
-1.995816946029663 -4.225032806396484 -3.881189584732056
-2.486488103866577 -3.411347627639771 -3.227285146713257
-2.407769441604614 -2.553347587585449 -6.455189228057861
-2.408158540725708 -2.553347587585449 -5.597189426422119
-2.407984495162964 -2.553347587585449 -4.739189147949219
-2.4103844165802 -2.553347587585449 -3.881189584732056
-2.470287561416626 -2.577265977859497 -3.014037609100342
-2.50157904624939 -2.298240661621094 -2.165189504623413
-2.539714574813843 -2.174302101135254 -1.307189464569092
-2.562795400619507 -2.137831926345825 -0.4491894841194153
-2.181161165237427 -1.695347428321838 -6.455189228057861
-2.182536602020264 -1.695347428321838 -5.597189426422119
-2.185056686401367 -1.695347428321838 -4.739189147949219
-2.186350345611572 -1.695347428321838 -3.881189584732056
-2.182611227035522 -1.695347428321838 -3.023189544677734
-2.204753875732422 -1.695347428321838 -2.165189504623413
-2.241762399673462 -1.695347428321838 -1.307189464569092
-2.26392936706543 -1.695347428321838 -0.4491894841194153
-1.849579930305481 -1.111721038818359 -6.455189228057861
-1.84998881816864 -1.111505150794983 -5.597189426422119
-1.85123884677887 -1.110639214515686 -4.739189147949219
-1.852652430534363 -1.109397172927856 -3.881189584732056
-1.850738167762756 -1.109552145004272 -3.023189544677734
-1.848174810409546 -1.111693739891052 -2.165189504623413
-1.847047924995422 -1.11430037021637 -1.307189464569092
-1.846133947372437 -1.115774750709534 -0.4491894841194153
-1.286999940872192 -5.069303035736084 -2.165189504623413
-1.368369340896606 -4.929069042205811 -3.097625732421875
-1.286999940872192 -5.102888107299805 -1.307189464569092
-1.286999940872192 -5.116992950439453 -0.4491894841194153
-1.599516749382019 -4.594232082366943 -6.455189228057861
-1.170516729354858 -4.890972137451172 -6.455189228057861
-1.599595069885254 -4.594607830047607 -5.597189426422119
-1.170595169067383 -4.891062259674072 -5.597189426422119
-1.613373160362244 -4.606728076934814 -4.739189147949219
-1.184373140335083 -4.896472930908203 -4.739189147949219
-1.666029810905457 -4.654032707214355 -3.881189584732056
-1.237029910087585 -4.915300846099854 -3.881189584732056
-1.708615660667419 -4.692468166351318 -3.433249711990356
-1.332507729530334 -0.6827210783958435 -6.455189228057861
-1.332531809806824 -0.682505190372467 -5.597189426422119
-1.332523584365845 -0.6816392540931702 -4.739189147949219
-1.332544565200806 -0.6803972125053406 -3.881189584732056
-1.332780361175537 -0.6805521845817566 -3.023189544677734
-1.332944273948669 -0.6826937794685364 -2.165189504623413
-1.332937836647034 -0.6853004097938538 -1.307189464569092
-1.332967758178711 -0.6867747902870178 -0.4491894841194153
-0.9035077095031738 -0.3834528923034668 -6.455189228057861
-0.9035317897796631 -0.3834400773048401 -5.597189426422119
-0.9035236239433289 -0.3834577798843384 -4.739189147949219
-0.903544545173645 -0.3834670782089233 -3.881189584732056
-0.9037804007530212 -0.3834363222122192 -3.023189544677734
-0.9039442539215088 -0.3833999633789062 -2.165189504623413
-0.9039378762245178 -0.3833109140396118 -1.307189464569092
-0.9039677977561951 -0.3832194805145264 -0.4491894841194153
-0.4289999902248383 -5.169093608856201 -6.455189228057861
-0.4289999902248383 -5.169479370117188 -5.597189426422119
-0.4289999902248383 -5.179462909698486 -4.739189147949219
-0.4289999902248383 -5.211101055145264 -3.881189584732056
-0.4289999902248383 -5.25221586227417 -3.023189544677734
-0.4289999902248383 -5.282156944274902 -2.165189504623413
-0.4289999902248383 -5.301323413848877 -1.307189464569092
-0.4289999902248383 -5.315506458282471 -0.4491894841194153
-0.4289999902248383 -0.2717921733856201 -6.455189228057861
-0.4289999902248383 -0.271778404712677 -5.597189426422119
-0.4289999902248383 -0.2717956900596619 -4.739189147949219
-0.4289999902248383 -0.2718148231506348 -3.881189584732056
-0.4289999902248383 -0.2718093991279602 -3.023189544677734
-0.4289999902248383 -0.2718005776405334 -2.165189504623413
-0.4289999902248383 -0.2717198133468628 -1.307189464569092
-0.4289999902248383 -0.2716196179389954 -0.4491894841194153
-13.06656360626221 -2.055152654647827 0.07449555397033691
-13.06656360626221 -2.365680456161499 0.07449555397033691
-12.50069999694824 -2.612347364425659 0.3106217980384827
-12.25450038909912 -3.046072244644165 0.1803817749023438
-12.44099998474121 -1.99751079082489 0.242896169424057
-11.62265682220459 -3.129385709762573 0.4433532655239105
-11.91488838195801 -2.553347587585449 0.7513108253479004
-11.48588848114014 -2.553347587585449 1.030483245849609
-11.36309432983398 -3.059284925460815 0.9937695264816284
-11.63725471496582 -1.976729035377502 0.4766680002212524
-11.38742446899414 -2.071531534194946 0.9387484788894653
-10.72500038146973 -3.333862543106079 0.4088104963302612
-10.73138999938965 -3.161468505859375 1.274585962295532
-10.73138999938965 -2.491175889968872 1.480765461921692
-10.44964981079102 -2.735728025436401 1.808722734451294
-10.44964981079102 -3.063750028610229 1.808722734451294
-10.72500038146973 -1.912088990211487 0.4088104963302612
-10.72500038146973 -2.03752875328064 1.095534920692444
-9.866999626159668 -3.494893074035645 0.4088104963302612
-9.866999626159668 -3.428903341293335 1.266810417175293
-9.832947731018066 -3.174947023391724 2.106757879257202
-9.865785598754883 -2.521777153015137 2.07126522064209
-10.20732593536377 -2.163727998733521 1.652505040168762
-9.524246215820312 -2.879826307296753 2.618115425109863
-9.524246215820312 -3.045276641845703 2.618115425109863
-9.866999626159668 -1.944712042808533 0.4088104963302612
-9.899595260620117 -2.039899110794067 1.326627254486084
-9.63532543182373 -2.09941577911377 1.761807680130005
-9.008999824523926 -3.645441293716431 0.4088104963302612
-9.008999824523926 -3.625181913375854 1.266810417175293
-9.008999824523926 -3.490101099014282 2.124810457229614
-9.008999824523926 -3.178101778030396 2.809809923171997
-9.008999824523926 -2.718728542327881 2.809809923171997
-9.008999824523926 -2.289728403091431 2.280304670333862
-9.008999824523926 -2.008431434631348 0.4088104963302612
-9.008999824523926 -2.023488283157349 1.266810417175293
-9.008999824523926 -2.087242364883423 1.851304769515991
-8.151000022888184 -3.772873163223267 0.4088104963302612
-8.151000022888184 -3.770363569259644 1.266810417175293
-8.151000022888184 -3.727903127670288 2.124810457229614
-8.229656219482422 -3.378085136413574 3.06322717666626
-8.229656219482422 -2.563776969909668 3.06322717666626
-8.151000022888184 -2.157843112945557 2.367632389068604
-7.996093273162842 -2.812068939208984 3.581872224807739
-7.996093273162842 -3.170281887054443 3.581872224807739
-8.130114555358887 -2.08869457244873 0.4280340373516083
-7.830190181732178 -2.136812686920166 0.1548497527837753
-8.151000022888184 -2.067171573638916 1.266810417175293
-8.151000022888184 -2.096880197525024 1.938632369041443
-7.676904678344727 -3.835814237594604 0.4088104963302612
-7.247904777526855 -3.877568483352661 0.4088104963302612
-7.691139221191406 -3.836887121200562 1.266810417175293
-7.262139320373535 -3.882874250411987 1.266810417175293
-7.640069007873535 -3.828847169876099 2.124810457229614
-7.211069107055664 -3.883028745651245 2.124810457229614
-7.461810111999512 -3.7574622631073 2.982810497283936
-7.032810211181641 -3.865281820297241 2.982810497283936
-7.210960865020752 -3.413076162338257 3.792656660079956
-6.887908458709717 -3.846449613571167 3.431440830230713
-7.344440460205078 -2.186351537704468 0.4280340373516083
-7.293000221252441 -2.277271509170532 2.982810497283936
-7.303210735321045 -2.149929285049438 2.148470878601074
-7.266008377075195 -2.707315444946289 3.857047557830811
-6.962013721466064 -2.918837070465088 4.329790592193604
-6.962013721466064 -3.083870410919189 4.329790592193604
-7.664734363555908 -2.116868019104004 0.7268497347831726
-7.584564208984375 -2.109677076339722 1.266810417175293
-7.155563831329346 -2.159667015075684 1.266810417175293
-7.596017837524414 -2.112266302108765 1.878244519233704
-6.434999942779541 -3.957310914993286 0.4088104963302612
-6.434999942779541 -3.967588663101196 1.266810417175293
-6.434999942779541 -3.970117807388306 2.124810457229614
-6.434999942779541 -3.94809889793396 2.982810497283936
-6.378318786621094 -3.885680913925171 3.766788721084595
-6.626531600952148 -3.655870199203491 4.003441333770752
-6.378318786621094 -3.38646125793457 4.467082977294922
-6.054531574249268 -3.857808828353882 4.310797214508057
-6.434999942779541 -2.336422204971313 0.4088104963302612
-6.434999942779541 -2.256672859191895 1.266810417175293
-6.434999942779541 -2.221099615097046 2.124810457229614
-6.434999942779541 -2.258991479873657 2.982810497283936
-6.434999942779541 -2.474537372589111 3.840810537338257
-6.434999942779541 -2.814914226531982 4.485661029815674
-5.577000141143799 -4.044867515563965 0.4088104963302612
-5.577000141143799 -4.055616855621338 1.266810417175293
-5.577000141143799 -4.062537670135498 2.124810457229614
-5.577000141143799 -4.058703422546387 2.982810497283936
-5.577000141143799 -4.018833160400391 3.840810537338257
-5.522680282592773 -3.913134813308716 4.637602806091309
-5.763294219970703 -3.411347627639771 4.900415897369385
-5.334294319152832 -3.411347627639771 5.262739658355713
-5.200467109680176 -3.865308523178101 5.177467823028564
-5.577000141143799 -2.479441165924072 0.4088104963302612
-5.577000141143799 -2.385003805160522 1.266810417175293
-5.577000141143799 -2.32257604598999 2.124810457229614
-5.577000141143799 -2.30596137046814 2.982810497283936
-5.577000141143799 -2.3883216381073 3.840810537338257
-5.608755111694336 -2.720239639282227 4.749702930450439
-5.343925476074219 -2.891322135925293 5.258059024810791
-4.718999862670898 -4.161990165710449 0.4088104963302612
-4.718999862670898 -4.171710014343262 1.266810417175293
-4.718999862670898 -4.179701805114746 2.124810457229614
-4.718999862670898 -4.182940006256104 2.982810497283936
-4.718999862670898 -4.171881198883057 3.840810537338257
-4.718999862670898 -4.108374118804932 4.698810577392578
-4.686716079711914 -3.960901021957397 5.500804901123047
-4.846220970153809 -3.411347627639771 5.691739559173584
-4.417221069335938 -3.411347627639771 6.114040374755859
-4.379193305969238 -3.897423982620239 6.086414337158203
-4.718999862670898 -2.611273765563965 0.4088104963302612
-4.718999862670898 -2.519202709197998 1.266810417175293
-4.718999862670898 -2.439288854598999 2.124810457229614
-4.718999862670898 -2.385028600692749 2.982810497283936
-4.718999862670898 -2.396648406982422 3.840810537338257
-4.718999862670898 -2.529750823974609 4.698810577392578
-4.681460857391357 -2.817729234695435 5.549159526824951
-4.370434284210205 -2.939883470535278 6.056180000305176
-3.861000061035156 -4.336259841918945 0.4088104963302612
-3.861000061035156 -4.341725826263428 1.266810417175293
-3.861000061035156 -4.346422672271729 2.124810457229614
-3.861000061035156 -4.350510120391846 2.982810497283936
-3.861000061035156 -4.348275661468506 3.840810537338257
-3.861000061035156 -4.327941417694092 4.698810577392578
-3.861000061035156 -4.252903938293457 5.556810855865479
-3.861646175384521 -4.049377918243408 6.389372825622559
-4.022694110870361 -3.411347627639771 6.54304027557373
-3.861000061035156 -2.6764235496521 0.4088104963302612
-3.861000061035156 -2.601006507873535 1.266810417175293
-3.861000061035156 -2.526943206787109 2.124810457229614
-3.861000061035156 -2.462430715560913 2.982810497283936
-3.861000061035156 -2.435590744018555 3.840810537338257
-3.861000061035156 -2.486583948135376 4.698810577392578
-3.861000061035156 -2.636732816696167 5.556810855865479
-3.818109035491943 -2.857322454452515 6.371232032775879
-3.003000020980835 -4.562561988830566 0.4088104963302612
-3.003000020980835 -4.564773082733154 1.266810417175293
-3.003000020980835 -4.566428661346436 2.124810457229614
-3.003000020980835 -4.567670822143555 2.982810497283936
-3.003000020980835 -4.567336082458496 3.840810537338257
-3.003000020980835 -4.560206413269043 4.698810577392578
-3.003000020980835 -4.535956382751465 5.556810855865479
-3.003000020980835 -4.457103729248047 6.414810657501221
-2.925990104675293 -2.345627307891846 0.3281053900718689
-3.036397218704224 -2.369801759719849 1.266810417175293
-3.05970287322998 -2.339731693267822 2.124810457229614
-3.085893630981445 -2.309128761291504 2.982810497283936
-3.105015277862549 -2.289993047714233 3.840810537338257
-3.099385499954224 -2.302346229553223 4.698810577392578
-3.071572303771973 -2.345236539840698 5.556810855865479
-3.033259153366089 -2.428914308547974 6.414810657501221
-2.607397317886353 -2.093401432037354 1.266810417175293
-2.588650226593018 -2.109854459762573 0.5603019595146179
-2.63070273399353 -2.076663732528687 2.124810457229614
-2.656893730163574 -2.06186056137085 2.982810497283936
-2.676015377044678 -2.052075386047363 3.840810537338257
-2.670385599136353 -2.052902460098267 4.698810577392578
-2.642572402954102 -2.066410779953003 5.556810855865479
-2.604259014129639 -2.094969749450684 6.414810657501221
-2.557952642440796 -4.692514419555664 0.4088104963302612
-2.128952503204346 -4.843204021453857 0.4088104963302612
-2.559975385665894 -4.693201541900635 1.266810417175293
-2.130975246429443 -4.845821380615234 1.266810417175293
-2.561107635498047 -4.693606853485107 2.124810457229614
-2.132107734680176 -4.846925735473633 2.124810457229614
-2.560968399047852 -4.693561553955078 2.982810497283936
-2.13196849822998 -4.847074508666992 2.982810497283936
-2.560867309570312 -4.693546295166016 3.840810537338257
-2.131867408752441 -4.846516609191895 3.840810537338257
-2.555986642837524 -4.691751003265381 4.698810577392578
-2.126986742019653 -4.844518184661865 4.698810577392578
-2.536881685256958 -4.684370517730713 5.556810855865479
-2.107881546020508 -4.839808464050293 5.556810855865479
-2.499255180358887 -4.667623043060303 6.414810657501221
-2.070255041122437 -4.83200216293335 6.414810657501221
-2.573673009872437 -2.124714136123657 -0.01169801875948906
-2.334546089172363 -1.772451519966125 0.3281053900718689
-2.274740219116211 -1.664401173591614 1.266810417175293
-2.274517774581909 -1.647663712501526 2.124810457229614
-2.274388551712036 -1.63286030292511 2.982810497283936
-2.274481296539307 -1.623075127601624 3.840810537338257
-2.274929046630859 -1.623902440071106 4.698810577392578
-2.276061296463013 -1.637410759925842 5.556810855865479
-2.277537107467651 -1.665969491004944 6.414810657501221
-1.845927715301514 -1.116573333740234 0.4088104963302612
-1.84574019908905 -1.117381811141968 1.266810417175293
-1.845517873764038 -1.118259906768799 2.124810457229614
-1.845388650894165 -1.119093894958496 2.982810497283936
-1.845481276512146 -1.119546055793762 3.840810537338257
-1.845929026603699 -1.119211792945862 4.698810577392578
-1.847061276435852 -1.117722749710083 5.556810855865479
-1.848537087440491 -1.115461468696594 6.414810657501221
-1.286999940872192 -5.126203536987305 0.4088104963302612
-1.286999940872192 -5.132555961608887 1.266810417175293
-1.286999940872192 -5.135131359100342 2.124810457229614
-1.286999940872192 -5.135193824768066 2.982810497283936
-1.286999940872192 -5.133489608764648 3.840810537338257
-1.286999940872192 -5.128161907196045 4.698810577392578
-1.286999940872192 -5.117561340332031 5.556810855865479
-1.286999940872192 -5.101719379425049 6.414810657501221
-1.333000302314758 -0.6875733733177185 0.4088104963302612
-1.333020567893982 -0.6883818507194519 1.266810417175293
-1.333025097846985 -0.6892600655555725 2.124810457229614
-1.333026647567749 -0.6900939345359802 2.982810497283936
-1.333027124404907 -0.6905462145805359 3.840810537338257
-1.333032727241516 -0.6902118325233459 4.698810577392578
-1.333071947097778 -0.6887227892875671 5.556810855865479
-1.333109498023987 -0.6864616274833679 6.414810657501221
-0.9040003418922424 -0.3831591606140137 0.4088104963302612
-0.9040205478668213 -0.3831132650375366 1.266810417175293
-0.9040250778198242 -0.3830779194831848 2.124810457229614
-0.9040266871452332 -0.3830440044403076 2.982810497283936
-0.9040270447731018 -0.3830211758613586 3.840810537338257
-0.9040327668190002 -0.383024275302887 4.698810577392578
-0.9040719866752625 -0.3830517530441284 5.556810855865479
-0.9041095376014709 -0.3831084966659546 6.414810657501221
-0.4289999902248383 -5.326650619506836 0.4088104963302612
-0.4289999902248383 -5.334133148193359 1.266810417175293
-0.4289999902248383 -5.336568355560303 2.124810457229614
-0.4289999902248383 -5.336060047149658 2.982810497283936
-0.4289999902248383 -5.333571434020996 3.840810537338257
-0.4289999902248383 -5.326544284820557 4.698810577392578
-0.4289999902248383 -5.314277172088623 5.556810855865479
-0.4289999902248383 -5.297552585601807 6.414810657501221
-0.4289999902248383 -0.2715575098991394 0.4088104963302612
-0.4289999902248383 -0.2715192437171936 1.266810417175293
-0.4289999902248383 -0.271492600440979 2.124810457229614
-0.4289999902248383 -0.2714624404907227 2.982810497283936
-0.4289999902248383 -0.2714380621910095 3.840810537338257
-0.4289999902248383 -0.2714389562606812 4.698810577392578
-0.4289999902248383 -0.2714675664901733 5.556810855865479
-0.4289999902248383 -0.2715268135070801 6.414810657501221
-3.59369421005249 -3.411347627639771 7.045801162719727
-3.576077222824097 -3.952909231185913 7.032040596008301
-3.503515243530273 -2.9371657371521 6.924901962280273
-3.048418283462524 -4.184133052825928 7.299948692321777
-3.288768768310547 -3.411347627639771 7.474801063537598
-2.897751569747925 -3.411347627639771 8.130810737609863
-2.755937576293945 -4.017453670501709 8.130810737609863
-2.611982822418213 -3.411347627639771 8.671875
-2.597886323928833 -3.8741295337677 8.610493659973145
-2.944268941879272 -2.555964469909668 7.190784931182861
-2.715814113616943 -2.745572328567505 8.130810737609863
-2.600757360458374 -2.902231454849243 8.658546447753906
-2.580209970474243 -2.117022514343262 6.884667873382568
-2.425850391387939 -4.614658355712891 7.272810935974121
-1.996850252151489 -4.81934928894043 7.272810935974121
-2.300265312194824 -4.44645357131958 8.130810737609863
-1.871265172958374 -4.781586170196533 8.130810737609863
-2.121976137161255 -4.266278743743896 8.949129104614258
-1.769099473953247 -4.73409366607666 8.715764999389648
-2.466217517852783 -3.411347627639771 9.100874900817871
-2.333951711654663 -3.411347627639771 9.846810340881348
-1.972611665725708 -4.187565326690674 9.846810340881348
-2.309354543685913 -3.411347627639771 10.70481109619141
-1.948817849159241 -4.165212154388428 10.70481109619141
-2.309491157531738 -3.411347627639771 11.56281089782715
-1.948686599731445 -4.164939403533936 11.56281089782715
-2.309477090835571 -3.411347627639771 12.42081069946289
-1.94867479801178 -4.165144443511963 12.42081069946289
-2.309151887893677 -3.411347627639771 13.27881050109863
-1.948678612709045 -4.165164947509766 13.27881050109863
-2.504912853240967 -2.316572189331055 8.130810737609863
-2.545167684555054 -2.174763202667236 7.456667900085449
-2.471882820129395 -2.591078042984009 8.962252616882324
-2.413157939910889 -2.553347587585449 9.846810340881348
-2.412566184997559 -2.553347587585449 10.70481109619141
-2.412243604660034 -2.553347587585449 11.56281089782715
-2.411083459854126 -2.553347587585449 12.42081069946289
-2.409551382064819 -2.553347587585449 13.27881050109863
-2.320024251937866 -1.776752352714539 7.211524963378906
-2.209022521972656 -1.695347428321838 8.130810737609863
-2.18580150604248 -1.695347428321838 8.988810539245605
-2.188488483428955 -1.695347428321838 9.846810340881348
-2.188070774078369 -1.695347428321838 10.70481109619141
-2.187029838562012 -1.695347428321838 11.56281089782715
-2.185388803482056 -1.695347428321838 12.42081069946289
-2.18352746963501 -1.695347428321838 13.27881050109863
-1.849154591560364 -1.113431811332703 7.272810935974121
-1.849109649658203 -1.111754536628723 8.130810737609863
-1.851025819778442 -1.110188722610474 8.988810539245605
-1.852670669555664 -1.109513401985168 9.846810340881348
-1.852041482925415 -1.110032439231873 10.70481109619141
-1.851590752601624 -1.110410690307617 11.56281089782715
-1.851107716560364 -1.110673785209656 12.42081069946289
-1.850449323654175 -1.111133098602295 13.27881050109863
-1.286999940872192 -5.079694747924805 7.272810935974121
-1.286999940872192 -5.028112888336182 8.130810737609863
-1.343033194541931 -4.894647598266602 8.996582984924316
-1.666388511657715 -4.65842866897583 9.287764549255371
-1.620660543441772 -4.616565227508545 9.846810340881348
-1.191660523414612 -4.894182682037354 9.846810340881348
-1.599265336990356 -4.594212055206299 10.70481109619141
-1.170265316963196 -4.890377044677734 10.70481109619141
-1.599045395851135 -4.593939304351807 11.56281089782715
-1.170045375823975 -4.890538215637207 11.56281089782715
-1.59937846660614 -4.594144344329834 12.42081069946289
-1.170378565788269 -4.890833854675293 12.42081069946289
-1.599454641342163 -4.594164848327637 13.27881050109863
-1.170454621315002 -4.890973091125488 13.27881050109863
-1.333073973655701 -0.6844318509101868 7.272810935974121
-1.332855701446533 -0.6827545762062073 8.130810737609863
-1.332595586776733 -0.6811887621879578 8.988810539245605
-1.332518577575684 -0.6805134415626526 9.846810340881348
-1.332508087158203 -0.6810325980186462 10.70481109619141
-1.332529664039612 -0.6814107298851013 11.56281089782715
-1.332567930221558 -0.6816738247871399 12.42081069946289
-1.332572460174561 -0.6821331381797791 13.27881050109863
-0.9040740132331848 -0.3832322955131531 7.272810935974121
-0.9038557410240173 -0.3833485245704651 8.130810737609863
-0.9035956263542175 -0.3834220767021179 8.988810539245605
-0.9035184979438782 -0.3835082054138184 9.846810340881348
-0.9035080671310425 -0.3835062384605408 10.70481109619141
-0.9035297036170959 -0.3834565877914429 11.56281089782715
-0.9035679697990417 -0.3834429383277893 12.42081069946289
-0.9035723805427551 -0.383431077003479 13.27881050109863
-0.4289999902248383 -5.277416229248047 7.272810935974121
-0.4289999902248383 -5.251110553741455 8.130810737609863
-0.4289999902248383 -5.207592010498047 8.988810539245605
-0.4289999902248383 -5.173914432525635 9.846810340881348
-0.4289999902248383 -5.168086528778076 10.70481109619141
-0.4289999902248383 -5.168546676635742 11.56281089782715
-0.4289999902248383 -5.169173717498779 12.42081069946289
-0.4289999902248383 -5.169326782226562 13.27881050109863
-0.4289999902248383 -0.2716425657272339 7.272810935974121
-0.4289999902248383 -0.2717260718345642 8.130810737609863
-0.4289999902248383 -0.2717757225036621 8.988810539245605
-0.4289999902248383 -0.2718662619590759 9.846810340881348
-0.4289999902248383 -0.2718661427497864 10.70481109619141
-0.4289999902248383 -0.271814227104187 11.56281089782715
-0.4289999902248383 -0.2717936635017395 12.42081069946289
-0.4289999902248383 -0.2717730402946472 13.27881050109863
-2.309042692184448 -3.411347627639771 14.13681030273438
-1.948705911636353 -4.165163040161133 14.13681030273438
-2.308786392211914 -3.411347627639771 14.99481105804443
-1.948735475540161 -4.165186405181885 14.99481105804443
-2.308579683303833 -3.411347627639771 15.85281085968018
-1.948760032653809 -4.165182113647461 15.85281085968018
-2.306991100311279 -3.411347627639771 16.71081161499023
-1.948145151138306 -4.164535999298096 16.71081161499023
-2.297295570373535 -3.411347627639771 17.56881141662598
-1.943982124328613 -4.161411285400391 17.56881141662598
-2.27474570274353 -3.411347627639771 18.42681121826172
-1.934619188308716 -4.153885841369629 18.42681121826172
-2.232756376266479 -3.411347627639771 19.28481101989746
-1.91756796836853 -4.137293815612793 19.28481101989746
-2.155622005462646 -3.411347627639771 20.1428108215332
-1.886629462242126 -4.103421211242676 20.1428108215332
-2.408492088317871 -2.553347587585449 14.13681030273438
-2.407227039337158 -2.553347587585449 14.99481105804443
-2.406355857849121 -2.553347587585449 15.85281085968018
-2.404888868331909 -2.553347587585449 16.71081161499023
-2.393215894699097 -2.553347587585449 17.56881141662598
-2.36189341545105 -2.553347587585449 18.42681121826172
-2.299872875213623 -2.553347587585449 19.28481101989746
-2.186703205108643 -2.553347587585449 20.1428108215332
-2.18224024772644 -1.695347428321838 14.13681030273438
-2.180711269378662 -1.695347428321838 14.99481105804443
-2.179659843444824 -1.695347428321838 15.85281085968018
-2.177788734436035 -1.695347428321838 16.71081161499023
-2.16148567199707 -1.695347428321838 17.56881141662598
-2.114919662475586 -1.695347428321838 18.42681121826172
-2.022772312164307 -1.695347428321838 19.28481101989746
-1.878422021865845 -1.673102021217346 20.06111717224121
-1.850085020065308 -1.111330986022949 14.13681030273438
-1.84953510761261 -1.111687421798706 14.99481105804443
-1.849123477935791 -1.111968517303467 15.85281085968018
-1.847745776176453 -1.113895654678345 16.71081161499023
-1.837583184242249 -1.126754760742188 17.56881141662598
-1.809152841567993 -1.160988569259644 18.42681121826172
-1.754087805747986 -1.223877668380737 19.28481101989746
-1.717755794525146 -1.26443612575531 19.72065544128418
-1.599451303482056 -4.594162940979004 14.13681030273438
-1.170451402664185 -4.890985012054443 14.13681030273438
-1.599455833435059 -4.594186305999756 14.99481105804443
-1.170455813407898 -4.890970230102539 14.99481105804443
-1.5993732213974 -4.594182014465332 15.85281085968018
-1.170373201370239 -4.890822410583496 15.85281085968018
-1.598710894584656 -4.593536376953125 16.71081161499023
-1.169710874557495 -4.890443801879883 16.71081161499023
-1.596427321434021 -4.590411186218262 17.56881141662598
-1.16742730140686 -4.889829158782959 17.56881141662598
-1.590924143791199 -4.582886219024658 18.42681121826172
-1.161924123764038 -4.888445377349854 18.42681121826172
-1.578440427780151 -4.566293716430664 19.28481101989746
-1.149440407752991 -4.884624481201172 19.28481101989746
-1.554348587989807 -4.532421112060547 20.1428108215332
-1.125348567962646 -4.874918937683105 20.1428108215332
-1.332579374313354 -0.6823311448097229 14.13681030273438
-1.332592129707336 -0.6826874613761902 14.99481105804443
-1.332601189613342 -0.6829685568809509 15.85281085968018
-1.329378604888916 -0.6848956942558289 16.71081161499023
-1.307116627693176 -0.6977549195289612 17.56881141662598
-1.201631426811218 -0.6853798031806946 18.34333038330078
-1.286999940872192 -0.8785021901130676 19.28481101989746
-1.316235899925232 -1.062570810317993 20.06111717224121
-1.621726393699646 -1.372271776199341 20.29265594482422
-0.9035794138908386 -0.383424699306488 14.13681030273438
-0.9035921096801758 -0.3834080696105957 14.99481105804443
-0.9036011695861816 -0.3833951354026794 15.85281085968018
-0.9003785848617554 -0.3851577043533325 16.71081161499023
-0.8781166076660156 -0.3973419666290283 17.56881141662598
-0.8587191104888916 -0.4079581499099731 18.00167465209961
-0.4289999902248383 -5.169338703155518 14.13681030273438
-0.4289999902248383 -5.169323444366455 14.99481105804443
-0.4289999902248383 -5.169160842895508 15.85281085968018
-0.4289999902248383 -5.168661117553711 16.71081161499023
-0.4289999902248383 -5.167813301086426 17.56881141662598
-0.4289999902248383 -5.165917873382568 18.42681121826172
-0.4289999902248383 -5.160984516143799 19.28481101989746
-0.4289999902248383 -5.146615505218506 20.1428108215332
-0.4339300096035004 -0.4860702157020569 19.30712509155273
-0.723216712474823 -0.4385465979576111 18.57367515563965
-0.4289999902248383 -0.6627933382987976 20.1428108215332
-0.4289999902248383 -0.2717654705047607 14.13681030273438
-0.4289999902248383 -0.2717507481575012 14.99481105804443
-0.4289999902248383 -0.2717418670654297 15.85281085968018
-0.4289999902248383 -0.2752455472946167 16.71081161499023
-0.4289999902248383 -0.2992428541183472 17.56881141662598
-0.4339300096035004 -0.3547603487968445 18.34333038330078
-0.1512167006731033 -0.378108024597168 19.0359992980957
-2.023724794387817 -3.411347627639771 21.00081062316895
-1.832039475440979 -4.030900478363037 21.00081062316895
-1.813475251197815 -3.40703821182251 21.91012954711914
-1.770108580589294 -3.933904886245728 21.65834045410156
-2.001852035522461 -2.553347587585449 21.00081062316895
-1.792580008506775 -2.618569612503052 21.80203247070312
-1.728181004524231 -2.94805121421814 22.31786918640137
-1.728181004524231 -3.118165254592896 22.31786918640137
-1.810166835784912 -1.966546893119812 21.00081062316895
-1.735283255577087 -2.094022750854492 21.47817993164062
-1.506054759025574 -4.459900379180908 21.00081062316895
-1.077054738998413 -4.849188327789307 21.00081062316895
-1.471166610717773 -4.239681720733643 21.91012954711914
-0.9919869899749756 -4.795314788818359 21.85881042480469
-1.155113101005554 -4.328629016876221 22.72976112365723
-0.9125394821166992 -4.739631175994873 22.45239448547363
-1.701295018196106 -3.690165281295776 22.2303409576416
-1.56557822227478 -3.40703821182251 22.64904594421387
-1.072032570838928 -3.422230005264282 23.63665008544922
-1.000554800033569 -4.046654224395752 23.57481002807617
-0.8787189722061157 -3.715484857559204 24.02918434143066
-0.8787189722061157 -3.873620748519897 24.02918434143066
-1.308670163154602 -2.56074070930481 22.70284080505371
-1.592692494392395 -2.376051187515259 22.05018043518066
-1.024647951126099 -2.745430469512939 23.39187622070312
-1.457683920860291 -1.537546992301941 21.00081062316895
-1.243272304534912 -1.74987804889679 21.7634391784668
-1.020692467689514 -1.977733492851257 22.51581382751465
-1.02868390083313 -1.148262500762939 21.00081062316895
-0.8938520550727844 -1.241917490959167 21.47669792175293
-0.4289999902248383 -5.103896617889404 21.00081062316895
-0.4289999902248383 -5.011212825775146 21.85881042480469
-0.467085599899292 -4.842390060424805 22.72976112365723
-0.7784759998321533 -4.654150009155273 23.02439498901367
-0.467085599899292 -4.487610816955566 23.60239791870117
-0.2064760029315948 -4.77037525177002 23.33479118347168
-0.4289999902248383 -4.039074420928955 24.15882682800293
-0.4798220098018646 -3.422230005264282 24.19414520263672
-0.7997033596038818 -3.143484830856323 23.96387672424316
-0.4905799925327301 -2.517386674880981 23.59685707092285
-0.7534566521644592 -2.173430442810059 23.08781433105469
-0.2277033627033234 -2.861342906951904 24.11434555053711
-0.4520739912986755 -1.865307450294495 22.76781272888184
-0.4289999902248383 -1.414469838142395 22.02956199645996
-0.1814566403627396 -2.067117691040039 23.22983741760254
-0.4289999902248383 -0.9282674193382263 21.00081062316895
-0.4289999902248383 -1.17732560634613 21.60056304931641
-0.5691701173782349 1.736652493476868 -21.04118919372559
-0.205779492855072 1.736652493476868 -21.6827507019043
-0.08698472380638123 1.15350604057312 -21.53819274902344
-0.3246425986289978 0.8719646334648132 -21.09393692016602
-0.6848691701889038 2.594652414321899 -21.04118919372559
-0.3062169849872589 2.583539485931396 -21.94263648986816
-0.5629376769065857 3.452652454376221 -21.89918899536133
-0.2137506455183029 3.452652454376221 -22.56689071655273
-0.09568798542022705 2.862131118774414 -22.41159439086914
-0.7150433659553528 3.452652454376221 -21.04118919372559
-0.6471681594848633 4.310652732849121 -21.89918899536133
-0.3093475699424744 4.279358386993408 -22.81230735778809
-0.6120745539665222 4.310652732849121 -21.04118919372559
-0.4217533469200134 5.168652534484863 -22.75718879699707
-0.1560578495264053 5.168652534484863 -23.34031867980957
-0.1061019971966743 4.544496059417725 -23.28216934204102
-0.4532731175422668 5.168652534484863 -21.89918899536133
-0.2255166918039322 5.157380104064941 -21.09999847412109
-0.1770535707473755 5.752600193023682 -22.75718879699707
-0.1019751280546188 5.690186977386475 -23.29571533203125
-0.1268122941255569 5.702536106109619 -21.89918899536133
-0.03498676419258118 5.623435020446777 -21.42520332336426
-0.8664316534996033 0.5894538164138794 -17.60918998718262
-0.8613941073417664 0.5471506118774414 -18.14563179016113
-0.8676544427871704 0.5312367677688599 -16.75119018554688
-0.8630245327949524 0.4695278108119965 -16.27473640441895
-0.739016056060791 0.8786525130271912 -20.18318939208984
-0.8155142068862915 0.8786525130271912 -19.3251895904541
-0.8440264463424683 0.8513513803482056 -18.44585609436035
-0.8370256423950195 1.01845383644104 -17.60918998718262
-0.7725915312767029 0.9602367281913757 -16.75119018554688
-0.5082650780677795 0.8821369409561157 -15.87797164916992
-0.2782446444034576 0.7148129940032959 -15.03518962860107
-0.1191774010658264 0.5301063060760498 -14.44773769378662
-0.7590036988258362 1.736652493476868 -20.18318939208984
-0.8022109270095825 1.736652493476868 -19.3251895904541
-0.7980433106422424 1.736652493476868 -18.46718978881836
-0.6932623982429504 1.736652493476868 -17.60918998718262
-0.3570824265480042 1.770589470863342 -16.73392486572266
-0.192714735865593 1.507214188575745 -16.05320739746094
-0.7610996961593628 2.594652414321899 -20.18318939208984
-0.7477341294288635 2.594652414321899 -19.3251895904541
-0.5957487821578979 2.594652414321899 -18.46718978881836
-0.2704095542430878 2.584199905395508 -17.64877891540527
-0.1370153576135635 2.291231632232666 -17.00841522216797
-0.6881670951843262 3.452652454376221 -20.18318939208984
-0.3864544332027435 3.531654834747314 -19.24813461303711
-0.2135324478149414 3.273957490921021 -18.46718978881836
-0.07036689668893814 3.082721948623657 -17.96117401123047
-0.3236150145530701 4.343201637268066 -20.1672534942627
-0.1766725331544876 4.078901290893555 -19.48276710510254
-0.125757709145546 4.863864898681641 -20.44262886047363
0.4289999902248383 -3.263875007629395 -21.04118919372559
0.4289999902248383 -3.060190200805664 -21.6879711151123
0.4024133384227753 -2.406788110733032 -22.75440788269043
0.09868891537189484 -2.192623853683472 -23.23762321472168
0.4289999902248383 -2.855190992355347 -22.11697006225586
0.09868891537189484 -1.89992368221283 -23.23762321472168
0.4449336528778076 -1.618441224098206 -22.80843162536621
0.2191783934831619 -1.177880764007568 -22.57831001281738
0.4747070372104645 -1.033374309539795 -21.93426132202148
0.7911784052848816 -1.336958646774292 -22.24364280700684
0.4735207259654999 -0.6168624758720398 -21.08600234985352
0.3257741034030914 0.02065251022577286 -20.94864082336426
0.9893011450767517 -3.057348251342773 -21.04118919372559
0.8749569654464722 -2.991724491119385 -21.49134063720703
1.214813351631165 -2.528792381286621 -21.83241081237793
0.9826696515083313 -2.247751951217651 -22.46655464172363
1.418301105499268 -2.797271728515625 -21.04118919372559
0.9826696515083313 -1.908958554267883 -22.46655464172363
1.27851927280426 -1.646426558494568 -21.92256355285645
1.002368807792664 -1.189099192619324 -21.67164421081543
1.287821292877197 -1.092275857925415 -20.96111106872559
1.574368834495544 -1.383894324302673 -21.19372749328613
2.144999980926514 -2.548292875289917 -21.04118919372559
2.144999980926514 -2.277484655380249 -21.66151237487793
2.144999980926514 -1.849853873252869 -21.66151237487793
2.144999980926514 -1.420853853225708 -21.05232429504395
2.144999980926514 -1.264182090759277 -20.62332534790039
3.003000020980835 -2.466578960418701 -21.04118919372559
3.003000020980835 -2.261477708816528 -21.72412872314453
3.059757947921753 -1.662624478340149 -21.68685531616211
2.811596632003784 -1.354809165000916 -21.18949890136719
3.059757947921753 -1.242347717285156 -20.95857429504395
3.383596658706665 -1.258288741111755 -21.49271202087402
3.861000061035156 -2.424384117126465 -21.04118919372559
3.868295669555664 -2.245542764663696 -21.94225883483887
3.868295669555664 -1.625647902488708 -22.11716461181641
4.159159183502197 -1.86518132686615 -22.36971092224121
4.159159183502197 -2.15161395072937 -22.36971092224121
3.861000061035156 -1.229251980781555 -21.68882179260254
3.861000061035156 -1.168187856674194 -21.04118919372559
4.718999862670898 -2.287801027297974 -21.89918899536133
4.718999862670898 -2.175983667373657 -22.4355297088623
4.718999862670898 -2.359409093856812 -21.04118919372559
4.641021251678467 -1.625647902488708 -22.50561714172363
4.303035259246826 -1.293181419372559 -22.31117630004883
4.641021251678467 -1.16723108291626 -21.97478103637695
4.875035285949707 -1.210603475570679 -22.48078155517578
4.718999862670898 -1.110355854034424 -21.04118919372559
5.577000141143799 -2.244010925292969 -21.89918899536133
5.577000141143799 -2.173819541931152 -22.49596405029297
5.579460620880127 -2.218384981155396 -21.07339668273926
5.580016613006592 -1.708861470222473 -22.89716529846191
5.580016613006592 -1.152854800224304 -22.7629451751709
5.868027687072754 -1.21812641620636 -23.26218223571777
5.868027687072754 -1.431870937347412 -23.26218223571777
5.577000141143799 -1.058777332305908 -21.89918899536133
5.579259872436523 -1.155816435813904 -21.02510643005371
6.168694496154785 -2.162944555282593 -21.89918899536133
6.158119678497314 -2.148728370666504 -22.45029067993164
6.07080602645874 -2.151429414749146 -21.38086891174316
6.44047212600708 -1.972180247306824 -22.74464988708496
6.434999942779541 -1.551824450492859 -23.41888236999512
6.593352794647217 -1.743798613548279 -21.86531066894531
6.19710111618042 -1.695347428321838 -21.27584457397461
5.79740047454834 -1.695347428321838 -20.84684562683105
6.434999942779541 -1.160696148872375 -23.41888236999512
6.434999942779541 -1.036281704902649 -22.75718879699707
6.463197231292725 -1.126148581504822 -21.86531066894531
6.195995807647705 -1.19856870174408 -21.30038452148438
0.5075219869613647 -4.816152095794678 -15.11040115356445
0.2738699615001678 -4.755191326141357 -15.74418067932129
0.4289999902248383 -4.96093225479126 -14.17718887329102
0.4743641018867493 -4.011232376098633 -18.5135555267334
0.2186068147420883 -3.905196905136108 -19.11678314208984
0.4289999902248383 -4.283464431762695 -17.60918998718262
0.4289999902248383 -4.496770858764648 -16.75119018554688
0.5075219869613647 -4.656045436859131 -15.97538375854492
0.8458699584007263 -4.695476055145264 -15.44654178619385
0.4289999902248383 -3.510996341705322 -20.18318939208984
0.4743641018867493 -3.742383718490601 -19.37174606323242
0.7906067967414856 -3.815788984298706 -18.83046531677246
0.7640323042869568 -0.005364053416997194 -20.12715339660645
0.7892012000083923 -0.4836943745613098 -20.37579727172852
1.007855653762817 -4.785942554473877 -14.17718887329102
0.9287853240966797 -4.73888111114502 -14.87454223632812
1.102158546447754 -4.009455680847168 -17.60918998718262
0.9687831401824951 -3.913804769515991 -18.25846672058105
1.232744812965393 -4.119067192077637 -16.75119018554688
1.372138857841492 -4.184280872344971 -15.97645568847656
1.243671178817749 -4.467370510101318 -15.11040115356445
1.436855673789978 -4.47711181640625 -14.17718887329102
1.165963649749756 -3.175486087799072 -20.18318939208984
1.352704167366028 -3.269927024841309 -19.3580436706543
1.267669916152954 -3.601884126663208 -18.5135555267334
1.531158566474915 -3.686837911605835 -17.60918998718262
1.661744832992554 -3.789167165756226 -16.75119018554688
1.714898109436035 -3.838942289352417 -16.31796646118164
1.594963669776917 -2.910080194473267 -20.18318939208984
1.682506918907166 -2.960244178771973 -19.66594696044922
1.208692073822021 -0.7838851809501648 -20.12715339660645
0.8704867362976074 -0.3087084293365479 -19.80379676818848
0.8959780335426331 -0.1523953676223755 -19.3251895904541
1.324977993965149 -0.7966020703315735 -19.3251895904541
0.839471697807312 0.2766046226024628 -19.3251895904541
0.9196308255195618 0.07983074337244034 -18.44584846496582
1.361493110656738 -0.7641898989677429 -18.46718978881836
0.8522738814353943 0.4052829146385193 -18.71762084960938
0.9753350019454956 0.02065251022577286 -17.60918998718262
1.395902514457703 -0.738074004650116 -17.60918998718262
1.006068825721741 0.02065251022577286 -16.75119018554688
1.425413966178894 -0.7437824606895447 -16.75119018554688
0.9922379851341248 0.07234261184930801 -15.9505090713501
1.451029658317566 -0.7494432330131531 -15.89318943023682
1.029509663581848 -0.1305525302886963 -15.03518962860107
1.458509683609009 -0.730233371257782 -15.03518962860107
0.7072573900222778 0.2984475195407867 -15.03518962860107
0.8238306045532227 0.3928026854991913 -15.70272254943848
1.005333304405212 -0.2442195415496826 -14.17718887329102
1.434333324432373 -0.7118545174598694 -14.17718887329102
0.4147075414657593 0.2027853429317474 -14.16791820526123
1.831470966339111 -3.98278021812439 -15.03518962860107
1.774020433425903 -3.910835981369019 -15.74596691131592
1.87897515296936 -4.048111915588379 -14.17718887329102
1.951573610305786 -3.131686925888062 -18.46718978881836
1.822725534439087 -3.033311128616333 -19.09394836425781
2.020360946655273 -3.257837772369385 -17.60918998718262
1.989171266555786 -3.360167264938354 -16.75119018554688
1.957805037498474 -3.496304512023926 -15.97645568847656
2.121983289718628 -3.411347627639771 -15.03518962860107
2.201809167861938 -3.411347627639771 -14.17718887329102
2.144999980926514 -2.723300218582153 -20.18318939208984
2.12323522567749 -2.855761289596558 -19.3580436706543
2.380573749542236 -2.886100769042969 -18.46718978881836
2.449361085891724 -2.845901966094971 -17.60918998718262
2.414310216903687 -2.561086893081665 -16.73442649841309
2.288285255432129 -2.553347587585449 -15.89318943023682
2.299247980117798 -2.553347587585449 -15.03518962860107
2.346558332443237 -2.553347587585449 -14.17718887329102
2.30043363571167 -1.69500195980072 -16.73442649841309
2.106073379516602 -1.695347428321838 -15.89318943023682
2.092355012893677 -1.695347428321838 -15.03518962860107
2.126104831695557 -1.695347428321838 -14.17718887329102
2.144999980926514 -1.239958882331848 -20.18318939208984
2.144999980926514 -1.206828236579895 -19.3251895904541
2.206746339797974 -1.20064103603363 -18.45342445373535
1.990547657012939 -1.167073845863342 -17.60918998718262
2.41954779624939 -1.382652521133423 -17.60918998718262
2.533910512924194 -1.278996586799622 -18.15824890136719
1.84682559967041 -1.172782421112061 -16.75119018554688
1.792528867721558 -1.178443074226379 -15.89318943023682
1.799619078636169 -1.159233331680298 -15.03518962860107
1.81838059425354 -1.140854358673096 -14.17718887329102
3.003000020980835 -2.576337814331055 -20.18318939208984
3.003000020980835 -2.647939205169678 -19.3251895904541
3.003000020980835 -2.628804206848145 -18.46718978881836
2.986362934112549 -2.400090217590332 -17.64466285705566
2.689271688461304 -2.280246496200562 -17.00925064086914
2.986362934112549 -1.805020928382874 -17.64466285705566
3.003000020980835 -1.403870940208435 -18.30867576599121
2.689271688461304 -1.980771660804749 -17.00925064086914
3.003000020980835 -1.205084443092346 -20.18318939208984
3.003000020980835 -1.209057211875916 -19.3251895904541
3.003000020980835 -1.24636447429657 -18.73767471313477
3.861000061035156 -2.48507833480835 -20.18318939208984
3.861000061035156 -2.448761940002441 -19.3251895904541
3.820556402206421 -2.272187471389771 -18.53796005249023
3.507594108581543 -2.193846225738525 -17.95431327819824
3.780469417572021 -1.756939768791199 -18.57495880126953
3.507594108581543 -2.009063243865967 -17.95431327819824
3.861000061035156 -1.157147169113159 -20.18318939208984
3.80480694770813 -1.219032406806946 -19.36279678344727
3.481344938278198 -1.251670598983765 -18.85077857971191
4.0533447265625 -1.504816651344299 -19.10186767578125
4.767182350158691 -2.282999992370605 -20.14980697631836
4.473495483398438 -2.212515115737915 -19.3251895904541
4.311357021331787 -2.141808986663818 -18.87113952636719
4.954630851745605 -1.695347428321838 -19.93781471252441
4.491319179534912 -1.752628922462463 -19.36279678344727
4.311357021331787 -2.07681679725647 -18.87113952636719
4.687722682952881 -1.190722227096558 -20.19187164306641
4.380870819091797 -1.238844275474548 -19.67386817932129
5.295100688934326 -2.187487840652466 -20.41355133056641
5.368400573730469 -1.695347428321838 -20.36681365966797
5.294766902923584 -1.217955827713013 -20.4836597442627
0.4289999902248383 -5.058684349060059 -13.31918907165527
0.4289999902248383 -5.127833843231201 -12.46118927001953
0.4289999902248383 -5.159546375274658 -11.60318946838379
0.4289999902248383 -5.167412281036377 -10.74518966674805
0.4289999902248383 -5.168310642242432 -9.887188911437988
0.4289999902248383 -5.168317317962646 -9.029189109802246
0.4289999902248383 -5.168315887451172 -8.171189308166504
0.4289999902248383 -5.16831636428833 -7.313189506530762
0.4289999902248383 -0.03846742957830429 -13.31918907165527
0.4289999902248383 -0.1693989634513855 -12.46118927001953
0.4289999902248383 -0.2379151582717896 -11.60318946838379
0.4289999902248383 -0.2713205218315125 -10.74518966674805
0.4289999902248383 -0.2764045596122742 -9.887188911437988
0.4289999902248383 -0.2727715969085693 -9.029189109802246
0.4289999902248383 -0.2717888951301575 -8.171189308166504
0.4289999902248383 -0.2717928886413574 -7.313189506530762
1.086423754692078 -4.835065841674805 -13.31918907165527
1.139696002006531 -4.869812488555908 -12.46118927001953
1.163274645805359 -4.885724067687988 -11.60318946838379
1.168977022171021 -4.889593601226807 -10.74518966674805
1.16948401927948 -4.889967441558838 -9.887188911437988
1.169492602348328 -4.889963150024414 -9.029189109802246
1.169493675231934 -4.889961719512939 -8.171189308166504
1.169483780860901 -4.889962196350098 -7.313189506530762
1.515423774719238 -4.530747890472412 -13.31918907165527
1.568695902824402 -4.570059776306152 -12.46118927001953
1.59227466583252 -4.588602542877197 -11.60318946838379
1.597977042198181 -4.593252658843994 -10.74518966674805
1.598484039306641 -4.593669891357422 -9.887188911437988
1.598492622375488 -4.593689918518066 -9.029189109802246
1.598493695259094 -4.593696594238281 -8.171189308166504
1.598483681678772 -4.593674659729004 -7.313189506530762
0.9649519324302673 -0.3201574683189392 -13.31918907165527
1.393952012062073 -0.7032573819160461 -13.31918907165527
0.9278032779693604 -0.3618466258049011 -12.46118927001953
1.356803297996521 -0.6960965991020203 -12.46118927001953
0.9018404483795166 -0.3826200366020203 -11.60318946838379
1.330840468406677 -0.6914326548576355 -11.60318946838379
0.8907702565193176 -0.3903314471244812 -10.74518966674805
1.319770216941833 -0.6886329054832458 -10.74518966674805
0.8952675461769104 -0.3880793452262878 -9.887188911437988
1.324267506599426 -0.6855284571647644 -9.887188911437988
0.9017728567123413 -0.3844225406646729 -9.029189109802246
1.330772876739502 -0.683685839176178 -9.029189109802246
0.9034985303878784 -0.3834458589553833 -8.171189308166504
1.332498550415039 -0.6832839846611023 -8.171189308166504
0.9034988880157471 -0.3834520578384399 -7.313189506530762
1.332498908042908 -0.6829860806465149 -7.313189506530762
1.912377595901489 -4.101747989654541 -13.31918907165527
1.935052752494812 -4.141059875488281 -12.46118927001953
1.945812582969666 -4.159602165222168 -11.60318946838379
1.948502659797668 -4.164252758026123 -10.74518966674805
1.948763251304626 -4.164669990539551 -9.887188911437988
1.948781251907349 -4.164690017700195 -9.029189109802246
1.948797821998596 -4.16469669342041 -8.171189308166504
1.948772192001343 -4.164674282073975 -7.313189506530762
2.252982139587402 -3.411347627639771 -13.31918907165527
2.28720498085022 -3.411347627639771 -12.46118927001953
2.303988695144653 -3.411347627639771 -11.60318946838379
2.308474779129028 -3.411347627639771 -10.74518966674805
2.308756113052368 -3.411347627639771 -9.887188911437988
2.308491945266724 -3.411347627639771 -9.029189109802246
2.308508634567261 -3.411347627639771 -8.171189308166504
2.308747529983521 -3.411347627639771 -7.313189506530762
2.376188516616821 -2.553347587585449 -13.31918907165527
2.394269704818726 -2.553347587585449 -12.46118927001953
2.404295682907104 -2.553347587585449 -11.60318946838379
2.407324314117432 -2.553347587585449 -10.74518966674805
2.406753540039062 -2.553347587585449 -9.887188911437988
2.405760765075684 -2.553347587585449 -9.029189109802246
2.405725955963135 -2.553347587585449 -8.171189308166504
2.40674090385437 -2.553347587585449 -7.313189506530762
2.149899959564209 -1.695347428321838 -13.31918907165527
2.165122032165527 -1.695347428321838 -12.46118927001953
2.174449682235718 -1.695347428321838 -11.60318946838379
2.178039312362671 -1.695347428321838 -10.74518966674805
2.178724527359009 -1.695347428321838 -9.887188911437988
2.178646087646484 -1.695347428321838 -9.029189109802246
2.178732872009277 -1.695347428321838 -8.171189308166504
2.179928064346313 -1.695347428321838 -7.313189506530762
1.830315947532654 -1.132257342338562 -13.31918907165527
1.839004516601562 -1.125096559524536 -12.46118927001953
1.844329833984375 -1.120432496070862 -11.60318946838379
1.846686959266663 -1.117632865905762 -10.74518966674805
1.847963690757751 -1.11452841758728 -9.887188911437988
1.848596096038818 -1.112685680389404 -9.029189109802246
1.84871768951416 -1.112283945083618 -8.171189308166504
1.849162340164185 -1.111986041069031 -7.313189506530762
0.4289999902248383 -5.168091773986816 -6.455189228057861
0.4289999902248383 -5.168656349182129 -5.597189426422119
0.4289999902248383 -5.178928852081299 -4.739189147949219
0.4289999902248383 -5.210845470428467 -3.881189584732056
0.4289999902248383 -5.25205135345459 -3.023189544677734
0.4289999902248383 -5.281796932220459 -2.165189504623413
0.4289999902248383 -5.300941944122314 -1.307189464569092
0.4289999902248383 -5.315380573272705 -0.4491894841194153
0.4289999902248383 -0.2717971205711365 -6.455189228057861
0.4289999902248383 -0.2717843055725098 -5.597189426422119
0.4289999902248383 -0.2718028426170349 -4.739189147949219
0.4289999902248383 -0.2718271017074585 -3.881189584732056
0.4289999902248383 -0.2718196511268616 -3.023189544677734
0.4289999902248383 -0.2718015909194946 -2.165189504623413
0.4289999902248383 -0.271719753742218 -1.307189464569092
0.4289999902248383 -0.2716194987297058 -0.4491894841194153
1.169548749923706 -4.889970302581787 -6.455189228057861
1.169736623764038 -4.890238761901855 -5.597189426422119
1.183203101158142 -4.895939350128174 -4.739189147949219
1.235953330993652 -4.915045261383057 -3.881189584732056
1.368142366409302 -4.92876148223877 -3.097031593322754
1.286999940872192 -5.068499088287354 -2.165189504623413
1.286999940872192 -5.102231025695801 -1.307189464569092
1.286999940872192 -5.116738319396973 -0.4491894841194153
1.598548769950867 -4.593723773956299 -6.455189228057861
1.598736643791199 -4.594104290008545 -5.597189426422119
1.612203121185303 -4.605747699737549 -4.739189147949219
1.664953351020813 -4.653077602386475 -3.881189584732056
1.708237290382385 -4.692171573638916 -3.432259798049927
0.9034996628761292 -0.3834578990936279 -6.455189228057861
1.332499623298645 -0.6827057003974915 -6.455189228057861
0.903525173664093 -0.3834459185600281 -5.597189426422119
1.332525253295898 -0.6824793219566345 -5.597189426422119
0.9035131335258484 -0.3834649324417114 -4.739189147949219
1.332513093948364 -0.6816167235374451 -4.739189147949219
0.9035327434539795 -0.3834793567657471 -3.881189584732056
1.33253276348114 -0.6803433299064636 -3.881189584732056
0.9037718176841736 -0.3834465742111206 -3.023189544677734
1.332771897315979 -0.6805029511451721 -3.023189544677734
0.9039397835731506 -0.3834009170532227 -2.165189504623413
1.332939743995667 -0.6826992630958557 -2.165189504623413
0.9039380550384521 -0.3833107948303223 -1.307189464569092
1.332938075065613 -0.6853007674217224 -1.307189464569092
0.9039679169654846 -0.3832193613052368 -0.4491894841194153
1.33296799659729 -0.6867801547050476 -0.4491894841194153
1.953005194664001 -4.807438373565674 -2.165189504623413
1.815144062042236 -4.758380889892578 -2.860259771347046
2.077514171600342 -4.831769466400146 -1.307189464569092
2.121040821075439 -4.839239120483398 -0.4491894841194153
1.948783040046692 -4.164723873138428 -6.455189228057861
1.949436783790588 -4.165104389190674 -5.597189426422119
1.953034996986389 -4.176747798919678 -4.739189147949219
1.995550394058228 -4.224077224731445 -3.881189584732056
2.157936334609985 -4.321750640869141 -3.085513591766357
2.382005214691162 -4.543220520019531 -2.165189504623413
2.506514072418213 -4.668741703033447 -1.307189464569092
2.55004096031189 -4.689603805541992 -0.4491894841194153
2.30898118019104 -3.411347627639771 -6.455189228057861
2.309054851531982 -3.411347627639771 -5.597189426422119
2.311163663864136 -3.411347627639771 -4.739189147949219
2.35619044303894 -3.411347627639771 -3.881189584732056
2.48652720451355 -3.411347627639771 -3.227437734603882
2.407779932022095 -2.553347587585449 -6.455189228057861
2.408168077468872 -2.553347587585449 -5.597189426422119
2.407950639724731 -2.553347587585449 -4.739189147949219
2.410352230072021 -2.553347587585449 -3.881189584732056
2.470294952392578 -2.577255249023438 -3.014041423797607
2.181186676025391 -1.695347428321838 -6.455189228057861
2.182570219039917 -1.695347428321838 -5.597189426422119
2.185095310211182 -1.695347428321838 -4.739189147949219
2.18642258644104 -1.695347428321838 -3.881189584732056
2.182675838470459 -1.695347428321838 -3.023189544677734
2.204760551452637 -1.695347428321838 -2.165189504623413
2.501582860946655 -2.298221826553345 -2.165189504623413
2.241744518280029 -1.695347428321838 -1.307189464569092
2.539697885513306 -2.174323558807373 -1.307189464569092
2.263779401779175 -1.695347428321838 -0.4491894841194153
2.562659740447998 -2.137990713119507 -0.4491894841194153
1.849604845046997 -1.111705541610718 -6.455189228057861
1.850020170211792 -1.11147928237915 -5.597189426422119
1.85127317905426 -1.110616683959961 -4.739189147949219
1.852710485458374 -1.109343290328979 -3.881189584732056
1.850788116455078 -1.109502792358398 -3.023189544677734
1.848177790641785 -1.111699223518372 -2.165189504623413
1.847046732902527 -1.114300727844238 -1.307189464569092
1.846119523048401 -1.115780115127563 -0.4491894841194153
2.980848789215088 -4.134246826171875 -2.159386157989502
2.680081129074097 -3.951329469680786 -2.738767385482788
3.003000020980835 -4.476274013519287 -1.307189464569092
3.003000020980835 -4.552844524383545 -0.4491894841194153
2.689462423324585 -3.411347627639771 -2.798437833786011
3.157805681228638 -3.355977535247803 -2.159386157989502
2.621868848800659 -2.879193782806396 -2.72194242477417
2.795196294784546 -2.727221965789795 -2.165189504623413
3.065435647964478 -2.642695188522339 -1.345829844474792
3.393059492111206 -3.033064126968384 -1.65759003162384
3.003000020980835 -2.45306134223938 -0.4491894841194153
3.861000061035156 -4.198895454406738 -1.307189464569092
3.861000061035156 -3.965126752853394 -1.869376420974731
3.861000061035156 -4.320784568786621 -0.4491894841194153
3.861000061035156 -3.564887762069702 -1.869376420974731
3.861000061035156 -3.135887622833252 -1.579546809196472
3.861000061035156 -2.900144338607788 -1.150546789169312
3.861000061035156 -2.765907526016235 -0.4491894841194153
4.751283168792725 -3.980077505111694 -1.360864281654358
4.486804962158203 -3.882051706314087 -1.780444383621216
4.718999862670898 -4.142240047454834 -0.4491894841194153
4.486804962158203 -3.708351373672485 -1.780444383621216
4.751283168792725 -3.417949914932251 -1.577614068984985
4.718999862670898 -2.886828422546387 -1.149126768112183
4.718999862670898 -2.726117610931396 -0.4491894841194153
5.577000141143799 -4.020277976989746 -0.4491894841194153
5.577000141143799 -3.920933961868286 -1.161542892456055
5.59430456161499 -3.386958837509155 -1.571376442909241
5.59430456161499 -2.84796667098999 -1.344693779945374
5.891841411590576 -2.959327459335327 -1.762773394584656
5.891841411590576 -3.084699630737305 -1.762773394584656
5.577000141143799 -2.608022451400757 -0.4491894841194153
6.434999942779541 -3.931126356124878 -0.4491894841194153
6.434999942779541 -3.875813722610474 -1.029200315475464
6.434999942779541 -3.632941961288452 -1.458200335502625
6.434999942779541 -3.203942060470581 -1.846960783004761
6.434999942779541 -2.89232063293457 -1.846960783004761
6.434999942779541 -2.670782804489136 -1.307189464569092
6.434999942779541 -2.462289810180664 -0.4491894841194153
7.299475193023682 -1.538904428482056 -22.82823753356934
7.293000221252441 -1.439229607582092 -23.3848762512207
7.017792224884033 -1.490099430084229 -22.12872314453125
7.293000221252441 -1.191141963005066 -23.3848762512207
7.299475193023682 -1.15776515007019 -22.82823753356934
7.017792224884033 -1.185650825500488 -22.12872314453125
7.729063510894775 -1.281744480133057 -23.1616039276123
7.729063510894775 -1.281744480133057 -23.21684074401855
7.729063510894775 -1.258720874786377 -23.21684074401855
7.729063510894775 -1.258720874786377 -23.1616039276123
7.139001369476318 -3.864891290664673 -0.4491894841194153
6.988061904907227 -3.850383520126343 -0.9341906905174255
7.281637191772461 -3.742201566696167 -1.254990220069885
7.293000221252441 -3.300121545791626 -2.036305904388428
7.568001270294189 -3.825653791427612 -0.4491894841194153
7.293000221252441 -2.777771949768066 -2.036305904388428
7.293000221252441 -2.470682859420776 -1.307189464569092
7.293000221252441 -2.300339698791504 -0.4491894841194153
8.151000022888184 -3.7155601978302 -1.307189464569092
8.072748184204102 -3.333413124084473 -2.246815919876099
8.151000022888184 -3.762123823165894 -0.4491894841194153
8.072748184204102 -2.659085988998413 -2.246815919876099
8.306580543518066 -2.862092971801758 -2.697853326797485
8.306580543518066 -3.103749752044678 -2.697853326797485
8.151000022888184 -2.280229568481445 -1.307189464569092
8.130114555358887 -2.164441108703613 -0.5053195357322693
9.008999824523926 -3.505524158477783 -2.165189504623413
9.008999824523926 -3.183804750442505 -2.806069135665894
9.008999824523926 -3.635432481765747 -1.307189464569092
9.008999824523926 -3.645984411239624 -0.4491894841194153
9.008999824523926 -2.744887828826904 -2.806069135665894
9.008999824523926 -2.350844144821167 -2.165189504623413
8.944405555725098 -2.155250787734985 -1.38083016872406
8.615342140197754 -2.129244804382324 -0.8287395238876343
8.944405555725098 -2.064691543579102 -0.5053195357322693
9.187341690063477 -2.094470262527466 -1.143923878669739
8.402190208435059 -2.104537487030029 -0.2567395269870758
9.866999626159668 -3.444272756576538 -2.165189504623413
9.866999626159668 -3.188974618911743 -2.914029359817505
9.866999626159668 -3.496465682983398 -1.307189464569092
9.866999626159668 -3.50052547454834 -0.4491894841194153
9.866999626159668 -2.641636848449707 -2.914029359817505
9.79259204864502 -2.197001695632935 -2.201018333435059
9.456986427307129 -2.127718687057495 -1.71592390537262
9.79259204864502 -2.049530506134033 -1.38083016872406
10.02898597717285 -2.091471672058105 -1.938904166221619
9.866999626159668 -1.962710022926331 -0.4491894841194153
10.72500038146973 -3.340110778808594 -2.165189504623413
10.70885276794434 -3.138208866119385 -3.08595609664917
10.72500038146973 -3.358994245529175 -1.307189464569092
10.72500038146973 -3.360414266586304 -0.4491894841194153
10.67856597900391 -2.511144399642944 -3.069422960281372
10.98408794403076 -2.869864225387573 -3.49160099029541
10.98408794403076 -3.014482498168945 -3.49160099029541
10.37304306030273 -2.152424812316895 -2.510904312133789
10.68542575836182 -2.038376331329346 -2.201018333435059
10.94504356384277 -2.087237358093262 -2.725045442581177
10.72500038146973 -1.928706049919128 -1.307189464569092
10.72500038146973 -1.882898449897766 -0.4491894841194153
11.58300018310547 -3.167960405349731 -3.023189544677734
11.58300018310547 -3.039808750152588 -3.539498329162598
11.58300018310547 -3.245033979415894 -2.165189504623413
11.58300018310547 -3.252820253372192 -1.307189464569092
11.58300018310547 -3.244380235671997 -0.4491894841194153
11.60185050964355 -2.571657657623291 -3.554213047027588
11.32841777801514 -2.297864198684692 -3.297045469284058
11.60185050964355 -2.034852743148804 -3.015902996063232
11.90041732788086 -2.095051050186157 -3.505817174911499
11.58300018310547 -1.898232579231262 -2.165189504623413
11.58300018310547 -1.829428791999817 -1.307189464569092
11.58300018310547 -1.820736527442932 -0.4491894841194153
12.44099998474121 -3.12299919128418 -3.023189544677734
12.44099998474121 -3.038109302520752 -3.57354736328125
12.44099998474121 -3.155828237533569 -2.165189504623413
12.44099998474121 -3.156960487365723 -1.307189464569092
12.50069808959961 -3.089408874511719 -0.4012717008590698
12.44099998474121 -2.553347587585449 -3.777741670608521
12.44099998474121 -2.036426782608032 -3.656383752822876
12.44099998474121 -1.877130150794983 -3.023189544677734
12.44099998474121 -1.770655989646912 -2.165189504623413
12.44099998474121 -1.73195207118988 -1.307189464569092
12.44099998474121 -1.799510598182678 -0.4491894841194153
13.29899978637695 -3.045849323272705 -3.023189544677734
13.29899978637695 -3.004965305328369 -3.516924858093262
13.29899978637695 -3.066477298736572 -2.165189504623413
13.35117721557617 -3.040824174880981 -1.290685296058655
13.09996223449707 -3.022147417068481 -0.6553265452384949
13.26467609405518 -2.558588027954102 -3.978356599807739
13.67196273803711 -2.964066982269287 -0.9936825633049011
13.3692626953125 -2.664869070053101 -0.3611032366752625
12.82649707794189 -2.937671422958374 -0.08332651108503342
13.26467609405518 -1.940089106559753 -3.926568269729614
13.52779293060303 -2.054763317108154 -4.39683723449707
13.52779293060303 -2.276081562042236 -4.39683723449707
13.29899978637695 -1.712063908576965 -3.023189544677734
13.29899978637695 -1.629658341407776 -2.165189504623413
13.29899978637695 -1.639882445335388 -1.307189464569092
13.33113765716553 -1.903690695762634 -0.3914037644863129
19.66766357421875 -1.230413913726807 -6.929243564605713
20.16300010681152 -1.108198165893555 -7.115718364715576
20.16300010681152 -1.478175759315491 -7.115718364715576
19.66766357421875 -1.352243185043335 -6.929243564605713
13.82835960388184 -2.992205381393433 -3.023189544677734
13.73174667358398 -2.982635498046875 -3.45369291305542
13.9066801071167 -3.002556562423706 -2.165189504623413
13.83617401123047 -2.996437311172485 -1.565682530403137
14.07344818115234 -2.842168569564819 -3.796291589736938
14.1569995880127 -2.398568868637085 -4.552705764770508
14.25735950469971 -2.94847846031189 -3.023189544677734
14.33568000793457 -2.947701215744019 -2.165189504623413
14.13610458374023 -2.856749534606934 -1.290685296058655
14.1569995880127 -2.417572259902954 -0.6309813261032104
14.1569995880127 -1.957377314567566 -4.552705764770508
14.1569995880127 -1.690875649452209 -3.881189584732056
14.1569995880127 -1.546499490737915 -3.023189544677734
14.1569995880127 -1.500392436981201 -2.165189504623413
14.1569995880127 -1.628044724464417 -1.307189464569092
14.1569995880127 -1.940653204917908 -0.6309813261032104
15.01500034332275 -2.825248003005981 -3.881189584732056
14.97885990142822 -2.449518203735352 -4.795413494110107
15.01500034332275 -2.874001502990723 -3.023189544677734
15.01500034332275 -2.82801628112793 -2.165189504623413
15.01978302001953 -2.45917534828186 -1.273183465003967
14.73697185516357 -2.247594594955444 -0.7878881692886353
14.97885990142822 -1.841065764427185 -4.795413494110107
15.24076747894287 -2.026434659957886 -5.254260540008545
15.24076747894287 -2.227877855300903 -5.254260540008545
15.01500034332275 -1.501285910606384 -3.881189584732056
15.01500034332275 -1.417749524116516 -3.023189544677734
15.01500034332275 -1.458785653114319 -2.165189504623413
15.01978302001953 -1.828362345695496 -1.273183465003967
14.73697185516357 -2.032849788665771 -0.7878881692886353
15.8730001449585 -2.617854833602905 -4.739189147949219
15.8730001449585 -2.306103467941284 -5.356228828430176
15.8730001449585 -2.758841991424561 -3.881189584732056
15.8730001449585 -2.749675512313843 -3.023189544677734
15.8730001449585 -2.567649841308594 -2.165189504623413
15.8730001449585 -2.26506495475769 -1.579599261283875
15.8730001449585 -1.920045495033264 -5.356228828430176
15.8730001449585 -1.566216349601746 -4.739189147949219
15.8730001449585 -1.378668427467346 -3.881189584732056
15.8730001449585 -1.366349577903748 -3.023189544677734
15.8730001449585 -1.611992478370667 -2.165189504623413
15.8730001449585 -1.978140473365784 -1.579599261283875
16.73100090026855 -2.567348480224609 -4.739189147949219
16.73100090026855 -2.320593118667603 -5.466445446014404
16.73100090026855 -2.615330219268799 -3.881189584732056
16.73100090026855 -2.532053232192993 -3.023189544677734
16.65278625488281 -2.261446714401245 -2.215028762817383
16.31464576721191 -2.134874820709229 -1.727079272270203
16.73100090026855 -1.825273633003235 -5.466445446014404
16.79482078552246 -1.391533255577087 -4.671968936920166
16.65505409240723 -1.303632497787476 -3.881189584732056
16.77802085876465 -1.41835618019104 -3.102640628814697
16.65278625488281 -1.916518807411194 -2.215028762817383
16.31464576721191 -2.110924005508423 -1.727079272270203
17.08405303955078 -1.261065006256104 -3.881189584732056
17.12336921691895 -1.262334585189819 -4.341155052185059
17.09536933898926 -1.263317108154297 -3.44160795211792
17.5890007019043 -2.455171346664429 -4.739189147949219
17.59382820129395 -2.268146514892578 -5.651205539703369
17.5890007019043 -2.432615995407104 -3.881189584732056
17.54867744445801 -2.263678789138794 -3.05952787399292
17.23579597473145 -2.174196004867554 -2.534254789352417
17.60539054870605 -1.678831458091736 -5.616647243499756
17.88304710388184 -2.029591083526611 -6.06178092956543
17.88304710388184 -2.151568651199341 -6.06178092956543
17.32773590087891 -1.32807195186615 -4.913155078887939
17.51481437683105 -1.674009442329407 -3.119680881500244
17.23579597473145 -2.026556730270386 -2.534254789352417
17.60384178161621 -1.225286364555359 -4.671968936920166
17.89973449707031 -1.242897987365723 -5.260077953338623
17.54029846191406 -1.237537860870361 -3.831358909606934
17.22183036804199 -1.263317108154297 -3.44160795211792
17.79383087158203 -1.321462154388428 -3.512138605117798
18.44700050354004 -2.277150869369507 -5.597189426422119
18.44700050354004 -2.170546054840088 -6.102874279022217
18.44700050354004 -2.326148748397827 -4.739189147949219
18.42195510864258 -2.230315446853638 -3.916049242019653
18.11925888061523 -2.174031972885132 -3.36975359916687
18.46418762207031 -1.72429358959198 -6.129708766937256
18.18964767456055 -1.457590818405151 -5.832077980041504
18.42195510864258 -1.642616391181946 -3.719122648239136
18.11925888061523 -1.893462061882019 -3.36975359916687
18.46418762207031 -1.189951658248901 -5.566522598266602
18.76164817810059 -1.23223602771759 -6.096475601196289
18.44700050354004 -1.127226829528809 -4.739189147949219
18.44700050354004 -1.197137951850891 -4.06403112411499
19.38580703735352 -2.177160739898682 -5.613512516021729
19.30500030517578 -2.150954961776733 -6.079401969909668
19.15141868591309 -2.190861225128174 -4.739189147949219
18.96554565429688 -2.160486698150635 -4.225288867950439
19.35099792480469 -1.661084771156311 -6.454131126403809
19.72567939758301 -2.119940996170044 -5.338395118713379
19.56570053100586 -1.77850353717804 -4.679245471954346
19.10086441040039 -1.695347428321838 -4.169893741607666
19.35099792480469 -1.159348130226135 -6.411561012268066
19.30500030517578 -1.02962601184845 -5.597189426422119
19.34536552429199 -1.131625533103943 -4.679245471954346
19.08627510070801 -1.215040922164917 -4.208029270172119
19.73946380615234 -2.125447273254395 -5.91039514541626
19.73946380615234 -2.125447273254395 -6.030485153198242
20.08047866821289 -1.906506419181824 -6.37196683883667
20.08047866821289 -1.95272696018219 -5.613512516021729
20.16300010681152 -1.535951375961304 -4.941052436828613
20.16300010681152 -0.8982145190238953 -6.455189228057861
20.16300010681152 -0.9415726065635681 -5.597189426422119
20.16300010681152 -1.151556253433228 -4.941052436828613
20.98747825622559 -1.062317371368408 -7.385580062866211
21.25112915039062 -1.194915533065796 -7.790253639221191
21.25112915039062 -1.302688956260681 -7.790253639221191
20.98747825622559 -1.444248080253601 -7.385580062866211
21.52264022827148 -1.3413165807724 -7.313189506530762
21.49012756347656 -1.302688956260681 -7.790253639221191
21.49012756347656 -1.194915533065796 -7.790253639221191
21.52264022827148 -1.14250910282135 -7.313189506530762
21.08796501159668 -1.549939513206482 -6.41860294342041
20.82581520080566 -1.484126687049866 -5.597189426422119
20.64914512634277 -1.344225883483887 -5.108246326446533
21.08796501159668 -1.002161979675293 -6.41860294342041
20.82581520080566 -1.100386381149292 -5.597189426422119
20.64914512634277 -1.216756939888 -5.108246326446533
21.5067253112793 -1.329964876174927 -6.680212020874023
21.5067253112793 -1.172661542892456 -6.680212020874023
0.4289999902248383 -5.326675415039062 0.4088104963302612
0.4289999902248383 -5.334169864654541 1.266810417175293
0.4289999902248383 -5.336398124694824 2.124810457229614
0.4289999902248383 -5.335543155670166 2.982810497283936
0.4289999902248383 -5.333018779754639 3.840810537338257
0.4289999902248383 -5.326343536376953 4.698810577392578
0.4289999902248383 -5.314319133758545 5.556810855865479
0.4289999902248383 -5.297563076019287 6.414810657501221
0.4289999902248383 -0.2715573906898499 0.4088104963302612
0.4289999902248383 -0.2715192437171936 1.266810417175293
0.4289999902248383 -0.2714927196502686 2.124810457229614
0.4289999902248383 -0.2714625597000122 2.982810497283936
0.4289999902248383 -0.2714381217956543 3.840810537338257
0.4289999902248383 -0.2714389562606812 4.698810577392578
0.4289999902248383 -0.2714675664901733 5.556810855865479
0.4289999902248383 -0.2715269327163696 6.414810657501221
1.286999940872192 -5.126036643981934 0.4088104963302612
1.286999940872192 -5.132399082183838 1.266810417175293
1.286999940872192 -5.134823322296143 2.124810457229614
1.286999940872192 -5.134312629699707 2.982810497283936
1.286999940872192 -5.132530212402344 3.840810537338257
1.286999940872192 -5.127817630767822 4.698810577392578
1.286999940872192 -5.11754035949707 5.556810855865479
1.286999940872192 -5.101680278778076 6.414810657501221
0.9040003418922424 -0.3831590414047241 0.4088104963302612
1.333000302314758 -0.687582790851593 0.4088104963302612
0.9040201902389526 -0.3831132650375366 1.266810417175293
1.333020210266113 -0.6883864998817444 1.266810417175293
0.9040246605873108 -0.3830780386924744 2.124810457229614
1.333024621009827 -0.6892609000205994 2.124810457229614
0.9040263295173645 -0.3830441832542419 2.982810497283936
1.33302628993988 -0.6900936961174011 2.982810497283936
0.9040265679359436 -0.3830212354660034 3.840810537338257
1.333026647567749 -0.6905439496040344 3.840810537338257
0.9040324687957764 -0.383024275302887 4.698810577392578
1.333032488822937 -0.6902100443840027 4.698810577392578
0.9040719866752625 -0.3830517530441284 5.556810855865479
1.333071947097778 -0.6887229084968567 5.556810855865479
0.9041092991828918 -0.3831085562705994 6.414810657501221
1.333109259605408 -0.6864619851112366 6.414810657501221
2.129252433776855 -4.84301233291626 0.4088104963302612
2.131210565567017 -4.845628261566162 1.266810417175293
2.132273197174072 -4.846787929534912 2.124810457229614
2.132164001464844 -4.846709728240967 2.982810497283936
2.131961584091187 -4.846109390258789 3.840810537338257
2.127034902572632 -4.844374656677246 4.698810577392578
2.107957363128662 -4.839745998382568 5.556810855865479
2.070229291915894 -4.831952571868896 6.414810657501221
2.558252573013306 -4.69263744354248 0.4088104963302612
2.560210704803467 -4.693299770355225 1.266810417175293
2.561273097991943 -4.693674564361572 2.124810457229614
2.561163902282715 -4.693647384643555 2.982810497283936
2.560961723327637 -4.693595409393311 3.840810537338257
2.556035041809082 -4.691776275634766 4.698810577392578
2.536957502365112 -4.684407711029053 5.556810855865479
2.499229192733765 -4.667618274688721 6.414810657501221
2.334432125091553 -1.772565960884094 0.3305472731590271
2.573516130447388 -2.124889850616455 -0.007628242019563913
1.845903038978577 -1.116582751274109 0.4088104963302612
1.845725774765015 -1.11738646030426 1.266810417175293
2.274725675582886 -1.664593577384949 1.266810417175293
1.845515131950378 -1.118260741233826 2.124810457229614
2.274515151977539 -1.647708058357239 2.124810457229614
1.845391154289246 -1.119093656539917 2.982810497283936
2.274391174316406 -1.632836937904358 2.982810497283936
1.845488905906677 -1.11954391002655 3.840810537338257
2.274488925933838 -1.623022437095642 3.840810537338257
1.845934987068176 -1.119210004806519 4.698810577392578
2.274935007095337 -1.623859763145447 4.698810577392578
1.84706175327301 -1.117722868919373 5.556810855865479
2.276061773300171 -1.637402176856995 5.556810855865479
1.848536133766174 -1.115461945533752 6.414810657501221
2.277536153793335 -1.665982365608215 6.414810657501221
3.003000020980835 -4.563019752502441 0.4088104963302612
3.003000020980835 -4.565159797668457 1.266810417175293
3.003000020980835 -4.566627979278564 2.124810457229614
3.003000020980835 -4.567825317382812 2.982810497283936
3.003000020980835 -4.56753396987915 3.840810537338257
3.003000020980835 -4.560358047485352 4.698810577392578
3.003000020980835 -4.536030769348145 5.556810855865479
3.003000020980835 -4.45704460144043 6.414810657501221
2.925872564315796 -2.345816850662231 0.3305472731590271
2.588454246520996 -2.110044956207275 0.5643717050552368
2.607194423675537 -2.093593597412109 1.266810417175293
3.036194562911987 -2.369863033294678 1.266810417175293
2.630652904510498 -2.076708078384399 2.124810457229614
3.059653043746948 -2.33974289894104 2.124810457229614
2.656925439834595 -2.061836957931519 2.982810497283936
3.085925579071045 -2.309120178222656 2.982810497283936
2.67609167098999 -2.052022457122803 3.840810537338257
3.10509181022644 -2.289962768554688 3.840810537338257
2.670446157455444 -2.052859783172607 4.698810577392578
3.099446296691895 -2.302322864532471 4.698810577392578
2.642582654953003 -2.066402435302734 5.556810855865479
3.071582555770874 -2.345235824584961 5.556810855865479
2.604248046875 -2.094982385635376 6.414810657501221
3.03324818611145 -2.42891788482666 6.414810657501221
3.861000061035156 -4.336697101593018 0.4088104963302612
3.861000061035156 -4.342115879058838 1.266810417175293
3.861000061035156 -4.346621036529541 2.124810457229614
3.861000061035156 -4.350606918334961 2.982810497283936
3.861000061035156 -4.34843635559082 3.840810537338257
3.861000061035156 -4.328099727630615 4.698810577392578
3.861000061035156 -4.252973079681396 5.556810855865479
3.861660242080688 -4.049344539642334 6.389416694641113
3.861000061035156 -2.676516532897949 0.4088104963302612
3.861000061035156 -2.601065158843994 1.266810417175293
3.861000061035156 -2.526953458786011 2.124810457229614
3.861000061035156 -2.462420225143433 2.982810497283936
3.861000061035156 -2.435558557510376 3.840810537338257
3.861000061035156 -2.486559391021729 4.698810577392578
3.861000061035156 -2.636731147766113 5.556810855865479
3.818110942840576 -2.857324838638306 6.371237754821777
4.718999862670898 -4.16215991973877 0.4088104963302612
4.718999862670898 -4.171857357025146 1.266810417175293
4.718999862670898 -4.17978572845459 2.124810457229614
4.718999862670898 -4.182975769042969 2.982810497283936
4.718999862670898 -4.17191219329834 3.840810537338257
4.718999862670898 -4.10842227935791 4.698810577392578
4.686728000640869 -3.960928201675415 5.50080680847168
4.379213333129883 -3.897441148757935 6.08648681640625
4.846237659454346 -3.411347627639771 5.691741943359375
4.417237758636475 -3.411347627639771 6.114101886749268
4.022714138031006 -3.411347627639771 6.543101787567139
4.718999862670898 -2.611256122589111 0.4088104963302612
4.718999862670898 -2.519200325012207 1.266810417175293
4.718999862670898 -2.439288377761841 2.124810457229614
4.718999862670898 -2.385027170181274 2.982810497283936
4.718999862670898 -2.396646499633789 3.840810537338257
4.718999862670898 -2.529750108718872 4.698810577392578
4.681462287902832 -2.817729234695435 5.549159526824951
4.370436668395996 -2.939882278442383 6.05618953704834
5.577000141143799 -4.044936656951904 0.4088104963302612
5.577000141143799 -4.055664539337158 1.266810417175293
5.577000141143799 -4.062554359436035 2.124810457229614
5.577000141143799 -4.05871057510376 2.982810497283936
5.577000141143799 -4.018850326538086 3.840810537338257
5.522685050964355 -3.913146257400513 4.637600421905518
5.200474739074707 -3.865311861038208 5.177471160888672
5.763298988342285 -3.411347627639771 4.900413513183594
5.334299087524414 -3.411347627639771 5.262742042541504
5.577000141143799 -2.479435205459595 0.4088104963302612
5.577000141143799 -2.385004043579102 1.266810417175293
5.577000141143799 -2.322576522827148 2.124810457229614
5.577000141143799 -2.305961608886719 2.982810497283936
5.577000141143799 -2.388320446014404 3.840810537338257
5.608754634857178 -2.720239162445068 4.749703407287598
5.343924045562744 -2.89132285118103 5.258058547973633
6.434999942779541 -3.957311868667603 0.4088104963302612
6.434999942779541 -3.967589139938354 1.266810417175293
6.434999942779541 -3.970116853713989 2.124810457229614
6.434999942779541 -3.948096990585327 2.982810497283936
6.378298759460449 -3.885679006576538 3.766778945922852
6.054497718811035 -3.857806444168091 4.310793399810791
6.626497745513916 -3.655800580978394 4.003424644470215
6.378298759460449 -3.386419534683228 4.467069625854492
6.434999942779541 -2.336421728134155 0.4088104963302612
6.434999942779541 -2.256672859191895 1.266810417175293
6.434999942779541 -2.221099615097046 2.124810457229614
6.434999942779541 -2.258991241455078 2.982810497283936
6.434999942779541 -2.474551200866699 3.840810537338257
6.434999942779541 -2.814928293228149 4.485647678375244
0.4289999902248383 -5.277290821075439 7.272810935974121
0.4289999902248383 -5.250614643096924 8.130810737609863
0.4289999902248383 -5.206878662109375 8.988810539245605
0.4289999902248383 -5.173247337341309 9.846810340881348
0.4289999902248383 -5.167593479156494 10.70481109619141
0.4289999902248383 -5.168039798736572 11.56281089782715
0.4289999902248383 -5.168331146240234 12.42081069946289
0.4289999902248383 -5.168318748474121 13.27881050109863
0.4289999902248383 -0.2716426253318787 7.272810935974121
0.4289999902248383 -0.2717272043228149 8.130810737609863
0.4289999902248383 -0.2717837691307068 8.988810539245605
0.4289999902248383 -0.2718753814697266 9.846810340881348
0.4289999902248383 -0.2718768715858459 10.70481109619141
0.4289999902248383 -0.271824061870575 11.56281089782715
0.4289999902248383 -0.2717950344085693 12.42081069946289
0.4289999902248383 -0.271773636341095 13.27881050109863
1.286999940872192 -5.079324245452881 7.272810935974121
1.286999940872192 -5.027008533477783 8.130810737609863
1.342872023582458 -4.893763065338135 8.995804786682129
1.191065311431885 -4.893515586853027 9.846810340881348
1.16985821723938 -4.889883518218994 10.70481109619141
1.169642090797424 -4.890031814575195 11.56281089782715
1.169505834579468 -4.889991283416748 12.42081069946289
1.169484734535217 -4.889965057373047 13.27881050109863
1.666120171546936 -4.658326625823975 9.286467552185059
1.620065331459045 -4.616236209869385 9.846810340881348
1.598858237266541 -4.594028472900391 10.70481109619141
1.598642110824585 -4.593775749206543 11.56281089782715
1.598505854606628 -4.593656063079834 12.42081069946289
1.598484754562378 -4.593657493591309 13.27881050109863
0.9040737748146057 -0.3832323551177979 7.272810935974121
1.333073854446411 -0.6844320893287659 7.272810935974121
0.9038510918617249 -0.3833496570587158 8.130810737609863
1.332851052284241 -0.6827579140663147 8.130810737609863
0.9035893082618713 -0.3834300637245178 8.988810539245605
1.332589268684387 -0.6811448931694031 8.988810539245605
0.9035079479217529 -0.3835172653198242 9.846810340881348
1.332507967948914 -0.6804723143577576 9.846810340881348
0.9034965038299561 -0.3835169672966003 10.70481109619141
1.332496523857117 -0.6809830069541931 10.70481109619141
0.9035218954086304 -0.3834664225578308 11.56281089782715
1.332521915435791 -0.6813587546348572 11.56281089782715
0.9035626649856567 -0.3834443092346191 12.42081069946289
1.332562685012817 -0.6816777586936951 12.42081069946289
0.9035713076591492 -0.3834316730499268 13.27881050109863
1.332571268081665 -0.6821313500404358 13.27881050109863
1.996105432510376 -4.81910514831543 7.272810935974121
1.870124459266663 -4.780977725982666 8.130810737609863
1.768516182899475 -4.733570575714111 8.71446704864502
2.425105333328247 -4.614134788513184 7.272810935974121
2.299124479293823 -4.445554733276367 8.130810737609863
2.121668100357056 -4.265967845916748 8.948068618774414
1.972587943077087 -4.187236309051514 9.846810340881348
1.948841094970703 -4.16502857208252 10.70481109619141
1.948723196983337 -4.164775848388672 11.56281089782715
1.948711752891541 -4.164656162261963 12.42081069946289
1.948726296424866 -4.164657592773438 13.27881050109863
2.466182470321655 -3.411347627639771 9.100157737731934
2.333917617797852 -3.411347627639771 9.846810340881348
2.309379816055298 -3.411347627639771 10.70481109619141
2.309533834457397 -3.411347627639771 11.56281089782715
2.309523582458496 -3.411347627639771 12.42081069946289
2.309210062026978 -3.411347627639771 13.27881050109863
2.471879243850708 -2.591139078140259 8.962172508239746
2.413152456283569 -2.553347587585449 9.846810340881348
2.412573575973511 -2.553347587585449 10.70481109619141
2.412255048751831 -2.553347587585449 11.56281089782715
2.411090612411499 -2.553347587585449 12.42081069946289
2.409561395645142 -2.553347587585449 13.27881050109863
2.32002067565918 -1.776762843132019 7.211470603942871
2.209025144577026 -1.695347428321838 8.130810737609863
2.504908323287964 -2.316660404205322 8.130810737609863
2.545162677764893 -2.174779176712036 7.456577301025391
2.185856819152832 -1.695347428321838 8.988810539245605
2.188544750213623 -1.695347428321838 9.846810340881348
2.188136339187622 -1.695347428321838 10.70481109619141
2.187090873718262 -1.695347428321838 11.56281089782715
2.185391187667847 -1.695347428321838 12.42081069946289
2.183530330657959 -1.695347428321838 13.27881050109863
1.849153637886047 -1.113432049751282 7.272810935974121
1.849116683006287 -1.111757874488831 8.130810737609863
1.851075291633606 -1.110144734382629 8.988810539245605
1.85272204875946 -1.109472274780273 9.846810340881348
1.852101445198059 -1.109982967376709 10.70481109619141
1.851646423339844 -1.110358715057373 11.56281089782715
1.851112365722656 -1.110677719116211 12.42081069946289
1.850452542304993 -1.111131191253662 13.27881050109863
3.048247337341309 -4.183662891387939 7.299813747406006
2.755418062210083 -4.016554355621338 8.130810737609863
2.59747838973999 -3.873608827590942 8.60966968536377
3.288529634475708 -3.411347627639771 7.474617004394531
2.897175550460815 -3.411347627639771 8.130810737609863
2.611645936965942 -3.411347627639771 8.671157836914062
2.944244384765625 -2.555974960327148 7.190729141235352
2.715757369995117 -2.745660543441772 8.130810737609863
2.600716114044189 -2.90233325958252 8.658413887023926
2.58019495010376 -2.117039918899536 6.88457727432251
3.57610034942627 -3.952823400497437 7.031815528869629
3.593713998794556 -3.411347627639771 7.045616626739502
3.503518342971802 -2.937170505523682 6.924880504608154
0.4289999902248383 -5.168315887451172 14.13681030273438
0.4289999902248383 -5.168315887451172 14.99481105804443
0.4289999902248383 -5.168319225311279 15.85281085968018
0.4289999902248383 -5.168153285980225 16.71081161499023
0.4289999902248383 -5.167287349700928 17.56881141662598
0.4289999902248383 -5.165091991424561 18.42681121826172
0.4289999902248383 -5.160189628601074 19.28481101989746
0.4289999902248383 -5.145753383636475 20.1428108215332
0.4289999902248383 -0.6628044247627258 20.1428108215332
0.4339682757854462 -0.4860444068908691 19.30712509155273
0.4289999902248383 -0.2717682719230652 14.13681030273438
0.4289999902248383 -0.2717594504356384 14.99481105804443
0.4289999902248383 -0.2717559337615967 15.85281085968018
0.4289999902248383 -0.2752670049667358 16.71081161499023
0.4289999902248383 -0.2993242144584656 17.56881141662598
0.4339682757854462 -0.354814350605011 18.34280014038086
0.151280477643013 -0.378108024597168 19.0359992980957
0.7232804894447327 -0.4385087490081787 18.57279396057129
1.169477343559265 -4.889962196350098 14.13681030273438
1.16948676109314 -4.889962673187256 14.99481105804443
1.169501662254333 -4.889980792999268 15.85281085968018
1.169308066368103 -4.889936447143555 16.71081161499023
1.166996240615845 -4.889303207397461 17.56881141662598
1.160976886749268 -4.887619495391846 18.42681121826172
1.149099588394165 -4.883829593658447 19.28481101989746
1.124814510345459 -4.874056339263916 20.1428108215332
1.598477244377136 -4.593658924102783 14.13681030273438
1.5984867811203 -4.593680381774902 14.99481105804443
1.598501682281494 -4.593695163726807 15.85281085968018
1.598308086395264 -4.59337043762207 16.71081161499023
1.595996260643005 -4.590215682983398 17.56881141662598
1.589976787567139 -4.582349300384521 18.42681121826172
1.578099489212036 -4.566561698913574 19.28481101989746
1.55381453037262 -4.532558441162109 20.1428108215332
1.286999940872192 -0.8780025839805603 19.28481101989746
1.201532483100891 -0.6847949624061584 18.34280014038086
1.316220879554749 -1.062477827072144 20.06147384643555
0.9035746455192566 -0.3834275603294373 14.13681030273438
1.332574605941772 -0.6823223233222961 14.13681030273438
0.9035820960998535 -0.3834167718887329 14.99481105804443
1.332582116127014 -0.6826494336128235 14.99481105804443
0.9035856127738953 -0.3834092020988464 15.85281085968018
1.332585573196411 -0.682905375957489 15.85281085968018
0.9003403782844543 -0.3851791620254517 16.71081161499023
1.32934033870697 -0.6848104596138 16.71081161499023
0.8779640197753906 -0.3974233269691467 17.56881141662598
1.306964039802551 -0.6973391175270081 17.56881141662598
0.8585540652275085 -0.4080482125282288 18.00079345703125
1.948756217956543 -4.164659023284912 14.13681030273438
1.948784708976746 -4.164680004119873 14.99481105804443
1.948798656463623 -4.164695262908936 15.85281085968018
1.948167681694031 -4.164370536804199 16.71081161499023
1.94397759437561 -4.161215782165527 17.56881141662598
1.934715390205383 -4.15334939956665 18.42681121826172
1.918128848075867 -4.137561798095703 19.28481101989746
1.887131690979004 -4.103558540344238 20.1428108215332
2.309103012084961 -3.411347627639771 14.13681030273438
2.308844566345215 -3.411347627639771 14.99481105804443
2.308624982833862 -3.411347627639771 15.85281085968018
2.307023286819458 -3.411347627639771 16.71081161499023
2.297392845153809 -3.411347627639771 17.56881141662598
2.275099039077759 -3.411347627639771 18.42681121826172
2.233654022216797 -3.411347627639771 19.28481101989746
2.156288623809814 -3.411347627639771 20.1428108215332
2.408501863479614 -2.553347587585449 14.13681030273438
2.407238960266113 -2.553347587585449 14.99481105804443
2.406368255615234 -2.553347587585449 15.85281085968018
2.40500545501709 -2.553347587585449 16.71081161499023
2.393897294998169 -2.553347587585449 17.56881141662598
2.363159894943237 -2.553347587585449 18.42681121826172
2.301011800765991 -2.553347587585449 19.28481101989746
2.187198162078857 -2.553347587585449 20.1428108215332
2.182254791259766 -1.695347428321838 14.13681030273438
2.180761098861694 -1.695347428321838 14.99481105804443
2.179741382598877 -1.695347428321838 15.85281085968018
2.178060293197632 -1.695347428321838 16.71081161499023
2.162625074386597 -1.695347428321838 17.56881141662598
2.116762161254883 -1.695347428321838 18.42681121826172
2.024089813232422 -1.695347428321838 19.28481101989746
1.878780961036682 -1.673085808753967 20.06147384643555
1.850099682807922 -1.111322283744812 14.13681030273438
1.849582076072693 -1.111649394035339 14.99481105804443
1.849199652671814 -1.111905336380005 15.85281085968018
1.847910523414612 -1.113810420036316 16.71081161499023
1.838142991065979 -1.126339077949524 17.56881141662598
1.809985756874084 -1.160285830497742 18.42681121826172
1.754602909088135 -1.223410367965698 19.28481101989746
1.717913389205933 -1.264266610145569 19.72125053405762
1.62170147895813 -1.372244715690613 20.29324913024902
0.4289999902248383 -5.103223323822021 21.00081062316895
0.4289999902248383 -5.011090755462646 21.85881042480469
0.4671777188777924 -4.8424072265625 22.72992134094238
0.2066295146942139 -4.77037525177002 23.33479118347168
0.7786295413970947 -4.65425968170166 23.0246639251709
0.4671777188777924 -4.487699508666992 23.60239791870117
0.4289999902248383 -4.039103507995605 24.15884017944336
0.4798077344894409 -3.422245740890503 24.19415473937988
0.4905663430690765 -2.517387390136719 23.59684753417969
0.2276795655488968 -2.861342906951904 24.11434555053711
0.7996795773506165 -3.143511056900024 23.96385955810547
0.452071875333786 -1.865313410758972 22.7678108215332
0.4289999902248383 -1.414477109909058 22.02952575683594
0.181453138589859 -2.067117691040039 23.22983741760254
0.7534531354904175 -2.173432111740112 23.08781051635742
0.4289999902248383 -0.9283037781715393 21.00081062316895
0.4289999902248383 -1.17734706401825 21.60052490234375
1.076215744018555 -4.848515033721924 21.00081062316895
0.9919002056121826 -4.795192718505859 21.85881042480469
0.9125784039497375 -4.739659786224365 22.45266342163086
1.505215764045715 -4.459450721740723 21.00081062316895
1.471137166023254 -4.239646434783936 21.91023063659668
1.155201315879822 -4.328694820404053 22.72992134094238
1.000587940216064 -4.046765804290771 23.57481002807617
0.8787216544151306 -3.87365984916687 24.02920341491699
1.701361656188965 -3.69045615196228 22.23050880432129
1.565648078918457 -3.407212734222412 22.64904403686523
1.07206404209137 -3.422245740890503 23.63664054870605
0.8787216544151306 -3.715511083602905 24.02920341491699
1.308690667152405 -2.560737609863281 22.70283889770508
1.024656176567078 -2.745432138442993 23.39185905456543
1.24327290058136 -1.749873042106628 21.76343536376953
1.020725011825562 -1.977743029594421 22.51581001281738
1.592725038528442 -2.376043081283569 22.05022239685059
1.028641700744629 -1.148298859596252 21.00081062316895
1.45764172077179 -1.537512183189392 21.00081062316895
0.8938208222389221 -1.24194598197937 21.47664833068848
1.832048654556274 -4.030450820922852 21.00081062316895
1.770054578781128 -3.933846235275269 21.65851020812988
2.023726224899292 -3.411347627639771 21.00081062316895
1.813443541526794 -3.407212734222412 21.91023063659668
1.728179335594177 -3.11845588684082 22.3178653717041
2.001920223236084 -2.553347587585449 21.00081062316895
1.79259192943573 -2.61856484413147 21.80205726623535
1.728179335594177 -2.94804310798645 22.3178653717041
1.810242772102356 -1.966512084007263 21.00081062316895
1.735301852226257 -2.094003200531006 21.47822380065918
7.247895240783691 -3.877567529678345 0.4088104963302612
7.262131214141846 -3.882873773574829 1.266810417175293
7.211067199707031 -3.883027791976929 2.124810457229614
7.032816886901855 -3.865280389785767 2.982810497283936
6.88792085647583 -3.846448183059692 3.431424617767334
7.676895141601562 -3.835813283920288 0.4088104963302612
7.691131114959717 -3.836886167526245 1.266810417175293
7.640067100524902 -3.828847646713257 2.124810457229614
7.461817264556885 -3.757525682449341 2.982810497283936
7.210933685302734 -3.41308331489563 3.792643547058105
6.961946964263916 -3.083800792694092 4.329771995544434
7.344443798065186 -2.186351299285889 0.428038626909256
7.155567646026611 -2.159667015075684 1.266810417175293
7.303210735321045 -2.14992880821228 2.148472309112549
7.293000221252441 -2.27724289894104 2.982810497283936
7.265968322753906 -2.707305192947388 3.857041835784912
6.961946964263916 -2.918857574462891 4.329771995544434
7.584568023681641 -2.109677791595459 1.266810417175293
7.664739608764648 -2.11686897277832 0.7268573641777039
7.596017837524414 -2.112266302108765 1.878246903419495
8.151000022888184 -3.772883653640747 0.4088104963302612
8.151000022888184 -3.770374536514282 1.266810417175293
8.151000022888184 -3.727878332138062 2.124810457229614
8.229764938354492 -3.37811541557312 3.063305377960205
7.996275424957275 -3.170366048812866 3.581862688064575
7.830190658569336 -2.136812686920166 0.1548573821783066
8.229764938354492 -2.563770532608032 3.063305377960205
8.151000022888184 -2.157863140106201 2.367615461349487
7.996275424957275 -2.812031507492065 3.581862688064575
8.130114555358887 -2.08869481086731 0.428038626909256
8.151000022888184 -2.067171812057495 1.266810417175293
8.151000022888184 -2.096880197525024 1.938615441322327
9.008999824523926 -3.645495653152466 0.4088104963302612
9.008999824523926 -3.62514853477478 1.266810417175293
9.008999824523926 -3.489774703979492 2.124810457229614
9.008999824523926 -3.177850484848022 2.809669733047485
9.008999824523926 -2.719001770019531 2.809669733047485
9.008999824523926 -2.29000186920166 2.280256032943726
9.008999824523926 -2.008421659469604 0.4088104963302612
9.008999824523926 -2.023479223251343 1.266810417175293
9.008999824523926 -2.087242841720581 1.851255893707275
9.866999626159668 -3.494742393493652 0.4088104963302612
9.866999626159668 -3.428951501846313 1.266810417175293
9.832852363586426 -3.17477822303772 2.106899738311768
9.524086952209473 -3.044975996017456 2.617798089981079
9.865694999694824 -2.521921634674072 2.07136344909668
9.524086952209473 -2.880163192749023 2.617798089981079
9.866999626159668 -1.94470226764679 0.4088104963302612
9.899581909179688 -2.039891242980957 1.326620697975159
9.635303497314453 -2.099416494369507 1.761767506599426
10.20730400085449 -2.163680076599121 1.652494192123413
10.72500038146973 -3.33366584777832 0.4088104963302612
10.73144912719727 -3.161549091339111 1.274574160575867
10.44974899291992 -3.063869714736938 1.808959126472473
10.73144912719727 -2.491147041320801 1.480740666389465
10.44974899291992 -2.735680103302002 1.808959126472473
10.72500038146973 -1.912089467048645 0.4088104963302612
10.72500038146973 -2.037528514862061 1.095518589019775
11.62266063690186 -3.129392147064209 0.4433604776859283
11.36310005187988 -3.059295654296875 0.9937499761581421
11.91489315032959 -2.553347587585449 0.7513200044631958
11.48589324951172 -2.553347587585449 1.030460476875305
11.6372537612915 -1.976729512214661 0.4766681790351868
11.38742351531982 -2.071532487869263 0.9387375712394714
12.25449752807617 -3.046087026596069 0.1803937703371048
12.50069808959961 -2.61234188079834 0.3106290102005005
12.44099998474121 -1.99751079082489 0.242896169424057
13.06656360626221 -2.365671396255493 0.07449524849653244
13.06656360626221 -2.055152654647827 0.07449524849653244
0.3246397376060486 0.8719646334648132 -21.09393692016602
0.08699505776166916 1.15350604057312 -21.53819274902344
0.2057810872793198 1.736652493476868 -21.6827507019043
0.5691648125648499 1.736652493476868 -21.04118919372559
0.3061424791812897 2.583539485931396 -21.94263648986816
0.09557222574949265 2.862131118774414 -22.41159439086914
0.6848627924919128 2.594652414321899 -21.04118919372559
0.2132030874490738 3.452652454376221 -22.56689071655273
0.5623911023139954 3.452652454376221 -21.89918899536133
0.7150422334671021 3.452652454376221 -21.04118919372559
0.308557391166687 4.279358386993408 -22.81230735778809
0.1054786443710327 4.544496059417725 -23.28216934204102
0.6468284726142883 4.310652732849121 -21.89918899536133
0.6123644113540649 4.310652732849121 -21.04118919372559
0.1555659919977188 5.168652534484863 -23.34031867980957
0.4214049875736237 5.168652534484863 -22.75718879699707
0.453728049993515 5.168652534484863 -21.89918899536133
0.2258550673723221 5.157380104064941 -21.09999847412109
0.1019426882266998 5.690186977386475 -23.29571533203125
0.1772321760654449 5.752600193023682 -22.75718879699707
0.127147376537323 5.702536106109619 -21.89918899536133
0.03516296669840813 5.623435020446777 -21.42520332336426
0.7390035390853882 0.8786525130271912 -20.18318939208984
0.815512478351593 0.8786525130271912 -19.3251895904541
0.8440259695053101 0.8513498902320862 -18.44584846496582
0.5082727670669556 0.882135272026062 -15.87796497344971
0.2782573699951172 0.7148129940032959 -15.03518962860107
0.1191792413592339 0.5301063060760498 -14.44773769378662
0.7589970231056213 1.736652493476868 -20.18318939208984
0.8022112250328064 1.736652493476868 -19.3251895904541
0.7980433702468872 1.736652493476868 -18.46718978881836
0.6932624578475952 1.736652493476868 -17.60918998718262
0.8370256423950195 1.018457174301147 -17.60918998718262
0.3570825755596161 1.770589470863342 -16.73392486572266
0.7725916504859924 0.9602392911911011 -16.75119018554688
0.1927148997783661 1.507214188575745 -16.05320739746094
0.761099636554718 2.594652414321899 -20.18318939208984
0.7477341294288635 2.594652414321899 -19.3251895904541
0.5957486033439636 2.594652414321899 -18.46718978881836
0.270409494638443 2.584199905395508 -17.64877891540527
0.1370154023170471 2.291231632232666 -17.00841522216797
0.6881592869758606 3.452652454376221 -20.18318939208984
0.3864498436450958 3.531654834747314 -19.24813461303711
0.2135322988033295 3.273957490921021 -18.46718978881836
0.0703667476773262 3.082721948623657 -17.96117401123047
0.3236979246139526 4.343201637268066 -20.1672534942627
0.1766649186611176 4.078901290893555 -19.48276710510254
0.125906378030777 4.863864898681641 -20.44262886047363
0.8613938689231873 0.5471481680870056 -18.14562034606934
0.8664324879646301 0.589457094669342 -17.60918998718262
0.8676548600196838 0.5312393307685852 -16.75119018554688
0.8630236983299255 0.4695244431495667 -16.27472305297852
-7.726765579491583 -3.099146959360091 -2.618777403443995
-0.00485031830887171 4.062537738293345 -22.87987649344257
8.837154806540276 -2.339421191821282 3.743251683747741
0.006340580861515246 5.628646160854863 -20.71322428095399
-3.502911928866696e-05 2.254647972642445 -22.17846767170623
21.96389595974344 -1.283813774560465 -5.675000370727442
7.4865079136202 -1.32042807903463 -22.56531095097274
3.209826567672461 -2.107802353991476 -17.43379153551794
0.01371818675650851 4.774819436481763 -19.70718192246722
-20.53075704795313 -1.258469774037955 -7.721469233829156
-14.90961830238703 -2.147198866562766 -4.942663729674743
-21.37261581420907 20.93233460931978 -21.61576835970714
21.37062835693359 -22.69457687414059 -21.55784515130574
21.37062835693359 20.92993337873724 -21.62065406962938
-21.37261581420898 -22.69332865712397 -21.55485812152932
-14.85261908035834 22.12733839854294 11.13215658313329
17.13793007716443 -24.95694503150152 13.70791246980218
-17.13794257846541 -24.92310640646944 13.70791604259979
23.22551339515689 -1.270232677459717 -23.18922233581543
14.38069147438135 22.47545558418243 10.5788102012321
-23.22863076856759 -1.249430060386658 -23.18930149078402
-23.27750825656557 -4.884659769768085 17.4506968233856
23.70431803013997 -2.96256959438324 18.56148496252739
-29.32223435635558 -14.66462022395827 1.539808427804042
10.09481100371225 19.2070093271324 -6.884064296334966
4.37754515654056 -15.84352321198034 -33.89353888178299
29.70764278928462 -15.15540529365678 1.820240039244417
21.37062835693359 -13.47747941915543 -11.65828691353806
-8.745141936179955 -23.09417675582558 -4.437607998598147
8.058741359711755 -19.09338021738866 -4.747437156446251
23.10801223731799 6.385734460999707 5.980001525929529
-13.93180656961106 14.78711921474322 -7.386969744547464
-12.50389283045862 -13.1307713434024 9.468499190328723
-21.37261581420898 -13.57903211906635 -11.72004371511499
-23.21352845226708 6.462189778049881 6.125325450725965
3.188848495511154e-05 15.80939240309181 19.11547369697245
2.601724102001499 1.236459601304396 -35.2953010468907
-11.14294546187093 10.00454783045094 -23.18930149078369
12.489043460877 -13.10585576112082 9.454996082036438
15.50487180695218 2.524033278998163 -16.31745139655165
-14.56402090117346 -2.089611887931824 -15.53946509439472
6.979793692166826 4.791541487787875 31.44816285667401
-11.59311196835005 -6.371841076914043 27.57703543077188
-7.368947249985819 10.19577840185571 3.411526355019449
9.098081652204748 -15.8122053376335 -18.74798413513184
-6.975114801576256 4.786006693351783 31.44180393291791
-9.095102906312228 -15.77292094011193 -18.73296981479069
7.267293945422566 10.4204775830663 0.7768470219668768
10.94613891545455 9.912504912237726 -25.02301192098755
12.51632522394827 4.685493909711524 12.00060409549221
-14.99417717431221 1.428199495656938 8.692480338869565
2.235174170750476e-08 11.89704749228626 -9.509832928039648
-24.66204969755499 -4.328403010621388 2.208999945900973
3.671378949722774 -10.98877616280731 -25.66502948336344
11.58178742608263 -6.367973406603555 27.57344116791822
8.167121090786036 4.799059226372409 -7.168039210438557
-17.49561411868968 -8.780329373278866 3.57414606732787
24.6887125936618 -4.340843591095831 2.24793303212499
-8.02150491156489 4.035837401360696 -14.72111814581595
17.49574409250403 -8.7807234833911 3.57435237568709
11.71941295177746 -9.485141872953033 -11.25115085247932
-10.05306441277609 -4.631457623312351 11.12342674105733
-9.307223801897749 -10.5138419300964 -9.459062157137177
-3.498853321450775 -5.912228860502952 -29.04278176136302
9.856690269142492 -3.001329183578494 11.21001640907581
-15.47652450023805 -1.270231425762177 -23.18930149078369
7.047704806881748 -8.513970705011964 -17.16319293022929
-7.632000521246134 5.825444427735954 -5.74701994950658
5.882462425459249 -9.937576492993252 -4.519758393417712
7.68565192709896 3.850893041781782 -14.84181489903738
-21.37261581420898 -1.249430060386658 -14.6982764545156
2.628608471763396 1.290447062561419 -27.48092032160657
-7.032278148259695 -8.489750856674092 -17.15584498634411
7.675588130945377e-05 -12.78171755342459 23.83645752679313
9.753142908490251 -2.165422439575195 -10.7097261273651
23.14974710671913 -8.077263728671468 -5.970440149307251
-5.176691296227242 -12.83384248358271 0.8251194969722471
6.60503213639381 5.832176545140157 19.68388270972908
13.91503319348585 0.4522362583507724 6.78211817015994
-18.90355303064907 7.107829435928139 -4.209525253053334
21.37062835693359 8.597012661383134 -10.61094242928603
-15.52774845407006 3.212635505353881 -8.51658261929564
5.108004958039997 -12.54545816848202 4.301099425558764
16.82255586096208 6.184896527262728 -0.3971264422663694
15.23182360882286 3.86741470840901 -8.806606213350513
8.930265903478452e-05 20.35674445408875 -21.4834817512091
-4.279333164032167 -8.381769709660375 26.38133545034498
-23.17165463289396 -8.127855508122693 -5.973140478134155
-5.363899041764685 -10.87123544561603 10.40663638265713
-10.06412203343876 -2.942010998725891 -10.3512806177151
-20.78159526721281 1.033096555873726 0.8091660246401897
-2.941149077800053 -1.325201988220215 -26.63446934304285
18.34023327218143 -1.248802244663238 -11.25854691561431
6.643557102196837 -8.609220411351098 10.43670880820728
-9.086817619570567 8.160860304376548 16.33080763010973
21.1506556806572 1.144274128686242 1.543130896299001
4.271821168889307 -8.372737426173588 26.3766767289166
6.993532323073214 1.68586362880424 8.542811062096948
-7.21414581354029 1.569767032349885 8.804889334752552
-13.63075666711719 5.415502704054565 1.210052026029864
-3.718437553044106 -8.725681819914692 -22.80560780779459
-15.55149012345057 -6.494995621685215 -10.36585785639658
0.009050572580558081 -15.90291270310672 -11.27440034341987
-7.803129933230835 -2.108773708343505 -14.98540201703148
-18.36366259269877 -1.291348516941071 -11.2419578825862
4.877543167379183 9.606107347889587 -18.00457538205567
10.76954487374758 3.390626505520911 2.899733245358176
-5.51048274886648 4.227206167894026 -25.44525867972193
-7.592973761849437 3.766707275899714 2.990707225109391
9.898915840907575 -5.600979007323939 -20.84979817267888
9.201467036923372e-07 5.359836282002783 -11.58791258378167
-11.61139139472662 -1.270231425762177 -19.72334281186848
-24.48586303022277 -1.280496299266815 -4.036564871827145
10.44888313696117 4.457734729551224 -20.92913688843119
4.70173766083806 0.7179845798812168 23.97747151124232
-6.049671611735668 -7.866502589116053 -5.285673353263742
2.538509243100302 7.630242022519694 11.99152657201521
9.688927324618605 -1.270232677459717 -21.04724527926995
24.57406804288468 -1.251313209533691 -3.988514392476104
-4.703535766402061 0.7191176825390921 23.97845632081916
6.097884884967474 -11.37144159962413 18.09162459313061
5.732524045929601 3.613165556272849 -0.9022227628219376
14.55096120450407 -5.05798332542048 3.559778644356848
-14.550109995039 -5.05732862106922 3.558765214397905
-21.37261581420898 4.681109947457425 -9.346781215860295
-4.912776802132051 9.62886507611424 -17.99038706641029
-9.853657620760943 -7.151556716324338 19.22774006128571
1.064513438953085e-06 7.390293670597376 2.553541154843249
3.02534245060043 -6.481611214040097 -23.76969865792639
-10.79245181686829 1.047228485853389 -7.318806553023699
-11.17515781178401 -7.777649464249279 -23.18930149078369
-15.12757379211874 -10.10434104683062 -4.0553933792374
33.34061656579492 -1.248802244663239 -14.25195308429668
7.891560527990694 -2.109312891960144 -17.51918445061619
-29.83347172624482 -1.249430060386658 -11.38342900075684
8.81012529134681e-05 7.439767395320064 -19.2287983144312
-1.621991395944766e-05 12.42315701356572 -23.78371336391791
-10.7244537100486 -1.270231425762177 -31.69008311662708
-10.88148311513188 0.4427165973927383 4.932644272745716
-5.097802653936649 2.806514704343826 -17.92890042506726
-5.787983536718888e-05 0.3614102723949109 -25.0170393267727
5.636663467946653 3.66946331532702 -19.44990738629226
-5.86033572686449 1.751367888826373 -3.442729259965341
-7.877359746540566 -3.175138360350748 7.838654365808207
-8.75313882190026 -7.812277945403816 5.982565800852374
7.097141856798798 -2.622050287016785 8.40708489597843
2.65694200856878 -2.046273767948151 -25.27991050858088
14.3787730186906 -11.06238952696339 -3.552307749194762
6.926076200354182 -0.9011685801881112 -6.891150630096651
10.51830167836532 -3.63009457855707 19.44876896291582
9.190669756063524 -6.752022789934219 5.201116793009558
-6.816108059200506 -2.982832312583923 -6.88953701909082
-6.099040168076749 0.9219395675097886 -9.465553550608249
3.868062370763711 -2.361971383533089 29.67763485530992
4.582692912170299 1.579496841699376 -16.33705125630424
-6.511701085222314 -5.884679234878782 -12.12682405555159
5.045957433029794 -2.101454734802246 -15.79224622335113
-2.829371097608918 -10.63524145515151 -12.23621836235696
-21.4509557237909 -1.280496299266817 -1.949090948682178
-9.604297370535992 2.273277307452231 -21.35618374347444
21.51404345090372 -1.191991035311482 -1.799978223475904
-17.08511743712778 -2.14022159576416 1.368019905662586
2.022127341017643 5.434200825854438 -5.168044666690817
2.721222625680114 5.30669243875627 -15.49160952849005
5.102108464907258 2.336641911854461 3.861403638793039
9.89106039608909 0.9973042154292999 -5.020533023009959
5.35383939206227 0.488084608385347 -3.444046074234204
5.993412423574247 -5.631823570830447 -5.414559175540066
-11.21723399002044 -1.270231425762177 -23.18930149078369
-12.79140017613965 -2.165427684783936 -8.002852803422423
-8.114606616706086 -0.4993700570942492 -18.26028860969681
5.803126922909978 6.204829274067523 -25.56278497355855
-21.37261581420898 -1.249430060386658 -10.82339593665337
7.241817114203888 1.561999596922552 14.5700827603267
-8.835278395715894 -0.3957852906754493 16.29632770282733
-3.290725073053614 -11.6498410336341 17.15030208253404
19.9279017802069 -5.180997162474588 -9.6960470864624
-1.621991395950317e-05 5.87844056388865 -28.72310276276168
-1.036459576951888 6.865953210610375 21.30196114434345
-13.17293662542033 -5.971044767376513 -6.40797839809119
13.72740420772995 -1.049242212596871 3.440990714574384
11.18843147392945 -1.657040484348139 -6.718951968926692
-1.750886440332611e-06 1.48446166881276 24.32047766656443
6.419522816005936 -5.896101167395935 -13.09031723269589
17.05940920753465 -2.140222191810608 1.324372680696041
-3.868309271345558 -2.36233489520124 29.67831426456798
4.444107599249017 2.513168689145304 -11.95580796279719
-4.280840826613176 4.017035575649846 12.84973240479914
7.650745983758834 -5.606430293027984 -29.64080639781294
-18.00553998593267 0.6692932009503776 -1.123907578179713
1.574860860572588 -10.412074172375 -16.40503210784616
-21.95870544508946 -4.17684961500821 -4.121125114335675
-4.035277019916262 -9.524626635357034 5.202566501320068
-16.7534904651369 0.02220908858677495 -8.544293366696449
-5.192655325649216 -0.08833781598565338 -15.73573565525118
-9.325249453408523 -9.218266174219796 -0.9454041963858602
-5.400486859055179 -3.795207023620605 -4.513253428469813
4.338276882471699 -9.019594068648953 -9.458319726603394
3.918719614711158 2.321458983767936 -22.91683873511882
-3.911159858624052 2.543483988725821 -12.80791114338783
-5.906223883896891 -4.223787831336033 -16.77364469439496
0.001211846372760006 -11.57254953930276 -2.812796130877243
-2.845109694079868 1.259572295491755 -23.14841195608743
10.99284213141611 -2.96256959438324 6.646294580312196
1.789273981592922 4.452419614719473 6.844545162493968
21.37062835693359 -1.248802244663239 -10.84581542330923
21.64621058320968 4.567221284794595 -3.661602498769248
13.91338961028423 3.000208250339012 -3.886396295106843
14.93337208723649 -2.127156257629395 -9.278471245140672
14.73495455354344 -7.0761839727504 -7.378976652487939
-10.58138947743402 3.077789452579567 -2.13235920327643
-15.2610514641588 -6.212122491326513 -1.149730974968651
15.26100966977265 -6.212063239709008 -1.149754301997291
-5.742141429005168 -6.41771122181254 -20.41444306578018
27.55289984295225 -1.248802244663239 -9.557003555550473
-17.15864372253418 1.331371903297366 -3.647348338020436
-21.37092626392323 3.173481002962895 -3.918626539731153
18.33429815449991 0.7815101428204749 -0.7850221997118407
16.45576107344714 0.8313140577544358 -7.170232979484579
21.97005356254487 -4.183068089009656 -4.115091202618484
7.125003202446075 -6.175972966696982 15.42369104633937
15.18680777606519 -1.270232677459717 -27.98368517269261
-3.477535820058472 2.845611590121766 -6.884143007307747
-33.77550396559837 13.7048633007354 -3.913197549807739
8.00288728987028 -8.769111934666093 0.8263515235568744
-1.856394592984172 4.736467493517628 -1.736713776400938
0.004620740835167725 -10.76496226075693 8.840581945476101
-10.01851119728588 -2.942010998725891 -6.563670234252186
-10.28337400812137 -2.991175413131714 5.5303426136728
-20.00101871588218 -4.442907105239859 -9.409269281992795
2.664553988010725 -9.991299209696205 13.70784029130149
-4.881343232028166 0.8055347820532139 6.063120110912339
4.265762972134055 2.321251611223402 -7.743233775724844
20.0560136747105 3.172856505937612 -8.113033244131158
-5.205326169452806 -5.259495675938435 10.39400707685884
-5.353348324211022 -7.293594765343329 14.56571735066451
-11.26207260255122 -6.071224092120514 -14.44195014924976
-4.056506032866791 3.684987491871632 18.02835917855259
3.350746681868629 -6.024828562119503 -19.72912228375982
9.053496644437184 1.231302012779062 -1.750857743625138
4.67505429372054 -5.312879783568695 -16.51561399897981
5.179621756007014 -5.208665430963865 10.39162544442413
-10.46130781191102 0.1226151878750796 -4.315910531876252
-4.833579725241686 5.707627321065513 -21.29824027087361
-3.978740627019019 -7.152326193001111 -15.21858080187322
5.055482048034783 -3.022013545036316 -4.347206454179798
-4.658790143004182 1.21543542203349 1.698927289147792
-2.829858058578299 -5.480902059736064 -22.32950323948477
-17.23385570797408 4.358740595390207 -15.19516419866834
-19.75929187942859 1.463087653176682 -9.346670293830494
10.11438737204007 -7.027842638947172 -4.990758196718467
-2.576220090315451 5.198585521404377 -15.57127383885553
3.848464369696169 -2.560084628560514 24.4201069892725
-1.556942505481926 3.463326075116945 2.553657212535962
3.648409478640411 3.111643342680187 11.13352386636151
-19.64630535449651 -1.249430060386658 -9.368712993065326
-2.412372827127573 -9.3257923453011 -7.742181395469288
-7.819993630380213 1.537683288444248 -0.1757029572581962
14.09168954713116 -4.043443501137114 -15.692432407753
-3.855192045979876 -7.407657291476289 -2.351238953271487
-25.35734583301586 -1.249430060386658 -7.806535320327534
17.37884824423835 2.213401411824815 -4.097246437450154
3.859785145001658 -7.423017078596807 -2.353722265147807
3.769800563602503 -8.757333350297296 1.692538175258152
-1.881689771023322 -25.91747240750912 11.33437249926211
4.278495907811264e-05 -4.80988541293175 -23.95108708850461
9.201467037339706e-07 3.013664380640052 -14.0434322277676
-3.393402376743382 1.185678499815669 -17.94985008928296
2.507939177944436 0.007632102165274102 -23.45677936746085
0.0007153898477553766 -7.632488841086533 -19.31443391205763
-3.84877162071621 -2.560076510470879 24.42031946118384
4.641844194910196 0.7491377367210825 0.4822083237629788
-8.102696171220776 -4.931733600362286 -5.040678077204817
-6.005175134344769 -5.474439066125785 -25.39094956173948
-6.51523470126596 -2.108773708343506 -18.35095567109613
-1.804295883250224 -9.276981670912427 0.8033926548646951
17.99802036567446 -2.090579867362975 -8.406782475723015
-5.366001603711206 -1.176369778567812 9.082608012546235
6.078534618255929 -1.109285089362932 -12.07468289960331
18.04302397973437 -5.015284113362108 -6.438502079471127
11.70682166113824 11.72066375765038 -12.15592549748516
-5.055437872241951 -5.184827792885999 -8.600247697370406
-12.83815962465612 0.8445066444364917 -11.93872479268626
-9.092784832752507 -3.857369403285466 -20.2522984675926
-18.00919479443278 -6.711216251289673 -6.097384665311439
-26.98422328116096 14.36764854638323 28.29802458479797
-15.95664444533062 -3.313439684083361 -8.665872359005926
-7.021538281614649 -1.35640949010849 -27.55717585872061
7.795173326031917 1.328735840317974 1.753542744433802
-5.772544504452576 1.767680806432055 -23.62671331288928
14.26638621357773 1.843967417730311 0.7082716289175788
4.803617532430575 -8.552127403495106 6.359162230457594
3.492856811745425 7.11885611657909 -20.75713862575257
-14.87336887926542 -4.431449556431064 0.6982260540274623
6.344636458039234 -5.647013826790612 -21.5200266342515
-9.459868537716691 -1.270231425762173 -21.20496469089859
-19.50076275970751 -5.230862981156731 -1.023293245631041
6.129946089497885 0.9621009738595463 19.29491655209675
-5.569174611894685 -1.244963264471544 -12.52371370742198
-4.815672015060885 -8.538164134465969 21.09838076344169
-5.942242134731473 -1.165801435672009 12.85796268904856
-3.07279563810165 -7.508473601185146 9.617088167795208
-19.36403266816311 -8.515151041169494 -19.57836915102624
5.948500787470334 -0.14639272258074 -17.82666479818242
10.63261578847295 -0.1211067447719456 4.248214834654556
-3.049058918903404 2.233330728333699 8.560685344559971
1.847333471464837 4.741435845367669 16.29596074191526
-13.46308505230599 -1.400440588636 3.599605417743845
4.373963085789363 -0.2639971173984406 6.82741346678394
3.287662892305677 -7.483632627276916 -14.10034231003779
-3.476439080261311 24.78184147978989 -1.122060712915567
-6.673754309204271 -7.300098684576158 3.25913493519678
1.57846146801278 3.554142965705334 -0.02049178919622718
-11.33990703114296 1.645109485031722 1.413401121095666
-11.12449134198652 -7.017667215958001 2.537724189266465
14.32776389746928 -4.504506575957233 0.5081986471940887
-10.6881575013859 -6.649804219008431 -3.376532965020663
6.901351456553216 2.317640008206419 -22.4429831461936
10.98145692547904 3.213796204851708 -27.71611041752979
-8.628359252100507 -5.566152848715054 -8.474490419676796
19.49604352030671 -5.236499356443547 -1.02969244038867
9.210541968454374 -2.942173361778259 -5.479100009466926
7.357335484689944 -4.780847801000919 -24.97135382189046
-2.609877332712985 -2.008386075496674 -23.75445520087551
3.084655278372534 -7.535182225133202 9.618727276938518
-14.41058265340879 2.138300999170162 -1.185326478113635
-4.601893303286661 -1.388993159883709 -3.113818026937584
21.79344483945697 13.72102537453573 23.9908506161588
5.755789286690001 -3.370457885422362 -9.457127670033445
-4.437449794323353 -0.1942593196381042 0.8203288876109656
2.823919415534976 1.933276346663904 -4.310194309590183
6.054753933804058e-05 3.285658435775987 -7.742150607517411
7.675588130928723e-05 -6.020802794276596 25.26667319795168
6.260652714954193 -5.592647727086426 19.92959427950218
29.1113831959526 26.20604146212366 -3.297997565037074
-18.03522406564451 -2.089611887931824 -8.210582643024779
-5.007918046051291 -0.7221347496767653 -6.030719723948039
-9.082858551346968 0.2243904086714297 -12.24672787391887
-11.14343802238321 -0.001134609340602832 -15.67964586479021
4.278495907784896e-05 -2.046273767948151 -25.74746750604577
-13.89044697091771 1.552919486315804 -5.49241170751988
3.417361888011724 1.418562044251779 -18.88347610428043
-7.057626469869833 -6.850472190671496 -2.193509319551531
-6.392751560199151 -6.074287016731996 7.002770539136372
-2.785538212948912 1.908281662623553 -15.65734204920973
0.0009109380688958613 -9.219798355962066 4.301668116274688
-0.0003116764128208299 2.775892673932092 -24.92504451963745
-5.435080358366531 8.272962612506115 -11.01874877811563
7.057169554497254 -6.847946974285553 -2.194775559973322
13.72094751345973 0.03754613715791222 -6.613975727658072
5.785401295016157 8.263695540724482 -11.35726237196329
4.528867264114167e-05 3.349926796480188 10.27581700863214
11.61580666587883 -21.30858308296922 27.79090411815933
-2.006204866414287 -8.243861136651837 12.84919239472981
2.235174179077148e-08 4.492688008890459 -15.97747311071595
11.61919439661413 -6.742219643484477 0.08565629581643175
-8.903588581720371 -3.983096581817199 -23.18930149078369
2.528131035699778 2.192929960623041 -14.80003554358221
2.014102784514062 -8.261277614524898 -5.203714474781523
1.535895102832565 2.53411296174056 -11.13968811470675
20.55716144926669 -4.916071803994857 -16.20449231094068
-4.110561603835643 1.61952399300608 -20.64706646276171
2.558994127741691 2.977672838908717 19.94286595664693
8.930265903459023e-05 8.998647341601927 -22.14622405013951
-2.824968164490025 1.934204423471983 -3.452800791356005
-27.06574771578535 7.02143474489727 -17.90220186705494
-13.8170236781588 -2.127163290977478 -6.449753690350676
-12.51515293439459 -3.84764986473681 -5.705967769933422
-5.677924060263035 -5.419373191184585 18.04967558328345
-5.466021183982807 -4.815799529528062 21.7977052920516
-11.59764129149413 -19.59342718334339 24.78519631854693
5.858094382753668 -4.820029995866159 -3.199242804371839
-8.046334842949445 -1.221668520197328 -5.015218692566457
-7.726809219600805 0.6676652118720221 2.55031880922533
18.7502377538253 0.6542154377002198 -8.9222048081647
5.550635663143097 -1.271200422913149 11.1379088108156
3.700851552208781 -8.06655641800613 17.15825605645892
0.003941945018188175 -9.415514425927466 18.88025978081725
-4.648932053010776 -2.130522668361664 -16.13363020611216
7.653291077259709 0.02234004061804384 5.709146936382176
-6.613188395040906 1.037489775252153 -19.88090602603664
2.208571281600958 -6.909333663236715 -16.8575776329279
-5.404719754419656 -2.066350310516305 -9.454711200603986
2.770025813934078 4.574709267515871 -24.06313828421285
18.89826052383033 1.623433663323565 -5.897501240740523
19.69945280313753 -1.248802244663239 -9.065916961135949
-3.797545299122635 -5.445868956677483 -18.39808637908785
2.65433643234692 1.667746103367599 7.702545532864622
1.378220573052706 2.702618378723913 3.411727857729364
4.126538460422633 0.03804949672464586 3.392542686431882
6.241892811816075 -1.356260299682617 -27.90991625954473
-5.649578136139953 -4.143516020349082 7.96638915066739
-13.6376548961764 -2.859163371531797 -11.64245749790134
-9.501272627800885 1.752473368074435 -25.49114384742263
-1.40630506398306 2.565280804399555 -10.32668054143986
-3.167988094403904 -7.314204891200898 -12.13510297191482
0.002970592446151998 -8.691277228672494 -11.20710372660184
-9.351090022337617 10.46320266715728 -35.44710263655709
-1.977600320913324 -6.31912695217839 -16.66523705262085
22.30894514695519 -0.2439326761929471 -5.479853244095554
-7.523796140463813 -0.2952034950444591 5.483512570867555
-3.066487990760276 -7.17598261471014 -5.22801387732782
-6.921396736592605 -2.982832312583923 -3.891797959679504
1.711038396788032 -8.369384395321658 22.90565353169618
7.960675769161179 -0.3538520261682476 -3.67429579999052
5.593572816418485 -3.360616806048771 13.708220188226
11.92213645430867 0.5053667353074651 -3.472475000341562
12.26817895130958 -3.750771404645467 -5.942937219610021
-18.31484908891257 -5.22712912116266 -14.37034623312846
-20.73083917525069 -13.55835533325056 -34.87419292631398
4.403349991110101 -0.04383380876538845 -6.027706971666854
-10.88519404670706 -2.741504081001134 -13.65937110032076
-4.817660522667155 -0.2579192576302666 -17.71024959121211
-19.68394437442042 -2.033657848834991 -2.513889304739304
17.86735621217024 -5.430674161236297 11.2367458860625
-9.157392423456102 4.462365597113623 -10.15101662847936
6.561115118469299 0.706662445767946 -19.94643096916345
-34.84770991938322 -13.50203696879615 -20.93208786600387
-9.514556553694709 0.3583011368318441 -2.009821256102149
11.44415491874568 -5.07309605731079 3.928243039395695
-8.301718988474093 -6.725144776872462 0.8239503449940464
3.986470535174605 -6.185771604040287 12.84986667120807
4.113360775962448 -6.28961924777772 -7.742116700635568
5.748910630609526 -3.369810680426845 17.17849831727841
-1.367301902633258 2.656265803623191 5.985991490394841
-8.568715585824945 -0.8814159998777034 -8.475208655507474
10.74044837128817 1.910155916624779 -9.217214828962257
-13.15271551126616 -17.10757391810401 1.34934727482132
-18.54163426419237 1.836118832255905 -6.515363133729736
7.340177942223402 -5.09869416562232 6.421102581907551
-2.639974414229691 1.615274217876825 -0.02039583822068003
-1.55164250994394 -8.238677626559255 6.913072170912347
24.66365964568542 10.89882157246724 -34.73684866877225
7.772674610452968 -3.345444007364641 -22.10347162873424
22.39862763312302 -30.5556399539511 -4.998090668545114
13.00922737297508 -6.220155275674653 -3.782635912503632
-3.226950054728169 -7.40455449344661 17.15439271004614
1.154654766268935 18.00022170264006 7.036664340424528
4.62391048731382 0.07977238447348323 13.70921633956056
3.554432263779154 1.467145512870273 16.29499714736427
-21.66728429126702 1.775956471399532 -7.145404084116881
-8.073522152706014 -4.69766735428889 5.759988126593809
-4.070728549281705 -0.2258204577041282 -10.32269577744625
-6.138343564448232 -0.8399249605240878 20.22756645758583
-7.887360340553085 1.02072861600236 -23.18930149078369
-2.981998626232377 6.584751835319326 -23.52279577300519
6.451710321342432 -6.520767768680316 4.314568207452162
2.356886355880938e-05 2.555453060076177 -4.310126319466377
6.204512985770732 -1.978822941542234 -18.48196562457623
-20.26763044110192 -0.3214739239191817 -8.420097212068457
4.396502476614382 -5.732651568097936 23.08124042029039
-17.71033488913754 -5.554718076425976 10.59648177306602
2.593150240266339 1.560636469016927 -1.736390273688563
-10.38658972629705 -3.068958403712001 -17.05248374516411
-8.111358131053162 -16.38201382498258 -30.17086380799273
19.68662457171626 -2.033747017383575 -2.508366006383059
-23.3934780486779 -29.98125167363538 -0.8011451385378336
4.21109013462859 -0.1601024648939902 -8.600969934202025
11.26863888198669 0.3541274552748312 -14.76269604589096
4.082163232928334 -6.265319099005513 -11.19979346370708
-1.625566614201261 -8.515273974301129 23.06312731367467
-14.36560925636198 0.3903716145692449 1.274536981589154
-4.789129047869233 -3.33529317077046 -13.84140780743603
10.06819314025486 6.528888023891279 -2.383863225224933
1.105588150518422e-05 3.114355829655238 13.70778923104964
-11.61392185947397 -2.038955901310558 -5.570348786222035
-5.040252981474725 -3.022165536880493 -3.137718428642191
6.737501406219459 -0.009600147208356002 -0.8293799403265631
-17.80265091489226 15.4247623844976 2.855457472185377
4.25790389556162 -0.7535215314386243 -1.823892835314627
-1.693818161838506 -4.42883445817295 27.41117994511755
4.269925391482764 -0.1198829545835647 -13.79239548665458
4.827749154777127 -3.264450295303694 -6.884875308745534
21.84935173938713 -4.162158785081494 -7.805061261216318
-2.82299189228926 8.215015394165064 7.819602856078444
-3.618593872362613 -7.536653474067542 2.554132202212541
-4.172254700520909 -5.3260307039632 -3.550867306913102
-31.4132580377366 20.0312997578321 11.35420039632514
-14.58693690006272 -5.004294987506476 -3.799941877405166
2.91666416509323 3.944374735993618 -18.98613392256362
-18.96702533391943 -5.395857431873101 -4.324637033226441
-5.621026051710917 -3.354256965699259 15.42460896698107
-16.20685933658058 0.4950006894186425 -6.174367361996282
9.893806343917273 1.20399787943827 -23.18922233581543
-12.38065634563629 10.73194792321325 -15.30749367289999
20.20227617928005 3.356057867562522 -13.59882107463116
21.10245690188118 9.006771276165034 -22.4284353689223
-4.695240040106071 0.1172151968102007 15.42557895441138
23.82775165671496 -1.251313209533691 -6.943008214414356
-14.34298171191698 -5.851891357997434 -19.33432038900652
-0.034388826989651 -31.62792724577809 -20.78225934607153
2.831501219113864 -2.00839763879776 -23.35560307316731
-9.473020030315345 -1.270231425762177 -23.18930149078369
8.314095374735897 -5.236010711669419 -3.435078746816749
0.9651417934503281 1.666303824420825 -23.14794117344096
-0.8847876257430595 1.485105630423534 -23.41546975419983
-11.4428750662097 -1.246043558137229 2.475455647462924
-11.28005534737312 -2.899739027023316 3.675496317652359
1.541960855953583 -8.142638296509414 6.911271814894301
13.77591019904773 10.56628452447302 6.111942454985775
9.850609756648051 14.03814544208451 14.75504932501123
-11.16733686815578 6.030926586520195 7.413652362873359
18.63663974692817 -20.85174781326985 2.32980179441632
7.236944837943402 7.696607130330348 6.512007060965876
12.37798034505087 5.116170419840562 -12.977034041597
20.24836911059361 1.242399632308506 -3.448270912790452
-17.55475841899308 5.998777249598934 -29.92969899128249
-7.00856386489341 -3.273293127077422 5.947647509253909
-4.068291336550354 -0.2696439505762206 -24.53676860792051
4.922927315606877 -3.356898133640359 -12.9960021422789
7.367023588739423 0.02985388655258236 -14.87117328328937
-9.598488884756634 -2.942010998725891 -4.745495618689573
-21.37261581420898 -1.249430060386658 -9.302969677684713
30.44649610451688 -12.12527140824194 -21.14308059946034
-2.998139677454436 0.8015608508916119 -8.601246808423349
-7.802393234025933 -1.404875682104329 -20.50720201514925
-6.848729320875665 -2.70056067721167 -19.98172272178686
2.514846452603821 1.232647212231049 -12.74581778659339
-14.68191748988315 1.783197969871138 -18.07823892624923
-4.577039454966769 -3.237952929839372 -6.561965276870926
-3.909072719050932 -0.3487420293810471 -13.78804273867764
0.0003308763486351562 -7.595342187183974 -15.10310502455888
2.31154759061405 0.5836951952653469 -21.40578164181215
-12.47266479533163 0.7177388280816683 -2.823626654994334
7.313769479173956 -1.372678173320726 -19.83473751513241
22.93878153352171 1.584841780439662 -7.951825022176715
30.78328370351528 8.008121334701617 -6.677162335951542
37.52138324672087 -1.860364977729442 -0.6436957131216867
-16.50918526020234 -2.089611887931824 -7.247867652980497
-20.67312619047928 6.585017719509255 17.6097883203465
-4.201012014269317 -0.1506033240186933 11.13546814244945
-12.31814847048314 -5.931942964539981 -0.8509527249198428
-1.336068822808866 2.519395163282864 16.28940654248415
-1.212987651396021 2.50959610618833 19.3831887264163
-2.609244991999969 3.748121257723569 -25.35097016033133
1.771748785847852 -7.616243255032611 -8.600185416645752
-6.390637804862166 16.76431180499802 -13.07610683789354
-27.96666364836451 5.420852349595646 -6.215827036257636
-36.61979137242231 -1.930321952983192 -0.8270098203252281
-11.4003227271402 -4.682929191443 -8.441110119413118
13.56950028343675 -2.127156257629395 -6.634850853367483
0.003151233914486851 -8.381313877246903 15.42441968579637
7.061977962471395 -3.218500347819746 6.100795185761397
-3.565266493193245 -5.840157504646013 -10.31879036439756
-1.683639912938393 -7.384651168088431 -9.458498416214146
-5.154506190465626 -6.224708844265631 4.990848379597259
12.33242328625623 -2.89977490901947 3.176144838087436
10.96614532946506 0.7410803158519585 0.06958051618785466
-3.152585806335058 0.9640779489726894 4.269153896090357
-2.67203790024677 8.207988584610863 -5.931352205538299
0.4001060373229655 14.76692226786917 -1.564151216312059
-8.093983678366678 -2.375664994611912 -12.23175736476543
-25.50382180646191 -7.514226317715282 -13.62313087781541
-15.13065990611848 -3.86248591489417 -6.710998596600373
16.43600941641861 -12.77409472043453 -27.20008861898025
17.54999723907806 -13.1886021864893 20.07396630037204
5.304150131687502 1.022419588577807 -25.59583133175526
3.454677263350924 0.2175396345182159 -17.38771085194361
-3.129354838288082 3.633840122874216 -21.91167938355733
-4.531949819447234 -3.096668643012754 9.339927636789477
-24.73813234330831 27.9907431739873 -6.420415219314719
3.018399016422253 0.8596069663685761 -10.33067730057206
-7.271595201425652 1.673220458712029 -6.449288861128611
-23.46487965436479 -4.497622040563224 -7.943146607734147
-7.725593033520773 -3.175380042325133 -9.293327149078362
16.4895952984529 -2.090579867362976 -7.304626777289475
15.072187796471 -4.114264992339712 -6.893351048905645
1.476906363814955 -7.889315759164112 -0.921625760429676
2.426244150955131 1.301992628205332 0.8376853368114228
14.77277937945659 1.097757627865916 -12.23995164740869
-0.02867582526118014 9.498273450070187 -14.56491854511272
-4.114104963286438 -0.8627383664797585 -1.177100938265528
-6.449577645919878 -0.1857915790585465 -1.314587511650998
13.5505317057451 -7.412377958277445 8.31029968429289
9.97431927171781 -0.8321808534933102 -4.054989124411909
9.243352173324194 1.173460718110124 -17.66335577284961
3.161780256113758 -6.992744137798816 19.85580479904722
-6.442229874879402 -4.733627671259629 -3.103501434477029
-18.16509576464215 -2.122898340225222 -0.5442416191383066
-17.09706262385164 -4.733927497558229 -0.8858720361295365
22.69958946679525 -2.31446176301587 -5.43149884595323
-3.467980816505756 -16.25250831800763 6.552349495787409
4.121544058458236 -18.61550171889416 11.06050370303211
0.7880768007202652 5.368915506875799 -19.26238078923683
3.275785063553367 -7.394534649655535 4.279657721719553
-4.523302802444769 -3.231906509931294 -11.18576456792005
-3.041323629336004 -6.834874302686609 19.84545450061379
-23.16757179130959 -14.95020325269315 10.49003072524376
-1.5499592798515 33.81368677747609 15.93961590017878
-5.742705303740824 -0.558938272933345 -19.04091344887603
9.879273265781991 -1.270232677459717 -23.18922233581543
15.49647794515718 -3.189286913436786 -21.61060563443082
-5.499642960505978 -6.712522486817896 0.8044564253704309
14.81147110867449 9.395104756355288 -18.1589702862416
10.90847211733012 25.56781404203438 26.12800555058107
-2.971359171782604 3.964136551192357 -18.97014904766083
-2.512506127435808 1.475359671081879 11.99170946947912
1.736357459260068 -7.525398001391883 11.992025301074
-31.72719645079662 -19.96914388403738 28.37142463360751
-7.400276428482301 -18.48764035248706 13.88875460018839
-5.863937813999203 -14.39821750355872 -5.485028051506407
4.693861617214239 -3.088188860614377 9.616348215494394
5.578676532051295 -4.139407144201457 7.906759321275744
4.400524633446071 -6.290248162519363 7.395527866430652
11.44286860523247 -1.245900635641935 2.475427620829924
-3.947511534417331 -4.694344757244663 -15.63500270950136
-18.44326491964071 -1.676877200833327 -18.9557487643267
-5.834249171786215 -1.513399814954544 6.934195581295133
-5.981262541874488 -5.174713782480209 -6.387544835142208
-15.62345693809519 -0.5774693762235528 -12.85442724999475
-4.417445055539156 -4.882624661060785 12.84978247835529
-3.130041158433323 -7.039492635988243 -0.03387540723572813
7.222293564324373 -2.982921361923218 -4.585468607063635
3.742808380892769 -5.987098063333372 15.42374971165154
2.533510113537137 1.498682125850735 13.70779503932359
-14.17910132510262 0.1054873889751384 -7.859534073366079
-5.630449530240756 -1.325201988220215 -25.26721838313278
-4.066165103465176 -6.329913954622267 7.423645102349872
2.976075917149323e-06 2.248208880009062 -1.736426691487807
-24.16156646591331 14.64532492302518 -8.978090562593465
2.497070836696532 1.39879296222311 5.127794408910659
-20.27400922398072 -2.16243160087391 -8.426110128874468
-14.49704619149105 -12.68837557026231 -14.21715301078201
9.055229472752531 -5.519045526772521 -8.57900886387691
-13.19591165253316 7.284511625897633 -5.133589386853083
-3.092242679891219 -0.4785340332082988 -22.78992643621046
-1.467323527210732 -0.3363130583685041 -23.61470115706079
6.281347162106962 -6.572092305333374 1.675630951210892
9.025013046652775 -6.326913110708048 1.823486596088049
19.59792860396109 -3.589568429018805 -5.970440149307251
-12.13618032944056 25.92644418835395 29.39295516579425
3.89445958728245 -5.224969354904037 -3.971190944193778
-7.142442956386404 0.2352528779164946 -14.01144554405927
1.333541966336033 3.503815717720674 -24.1647894350297
1.807393297466525 -3.794585466384888 27.24119780925949
-12.54640053354866 4.244062215200941 -14.9249397485687
7.026361060927516 11.38117573941932 -35.26858360515732
4.937180269866671 -4.326771732231247 -18.56889217816891
0.9936721354861927 -6.031095162167036 -19.61753262402111
13.17874257964874 -2.073511998286095 1.753458758203758
14.86291049366814 -2.140222191810608 1.036326884641625
-9.516212635781825 -0.3600610809836444 2.928812829187061
2.483809194852735 -6.48127039442334 -3.484480979466218
-3.282556780843815 0.9690568729938045 20.70865185492702
15.13464918141328 0.7246664336612691 -4.790449744050979
-8.640030898252267 -2.511581202820671 -25.1445466581264
-13.17874268722993 -2.073530536446371 1.753468548858671
5.009069441263097 -2.109312891960144 -17.44541365048493
-1.735575212166456 1.797104622592898 -13.27823939288545
-17.68764828860542 -0.8366750027315517 -7.243885985033039
-17.59018435920339 -4.16209323480053 -7.225182559194895
5.772747739270166 -1.720443313873491 6.84656481265066
4.223373127427835 -1.006608231879475 -24.33254469678704
1.202199220158908 2.162905747483934 17.18442572668806
7.476185647609521 2.726661987454628 -4.01240699375988
2.984207477870167 4.159349837850066 -21.37560928365065
-2.356717282764597 0.4894826769567717 -21.32734708911003
3.986127438647938 -2.336069667698296 -3.028970279591067
5.811877280584755 -1.338654123360125 -2.80968000733541
17.63474826873044 -0.8051903685959012 -7.323463949852896
7.284106210017762 1.243773610781663 -9.701042697244592
-5.983735933454025 -4.796541994259535 -22.50188973084809
2.168815764419481 2.944562647228759 -16.66197765405017
8.569603199334303 -1.270232677459717 -26.06614016573642
2.398517322602978 1.302661124476313 -6.8841792383883
5.892500125611274 10.44594925521634 -5.409004798349388
-5.014785163479013 -3.409854541733751 -24.40175734927706
-6.367505246208045 5.844359547912279 -1.251004920611793
-7.71493746346066 12.54661219042677 -3.326104935465396
-3.051327439154042 -6.761505206407946 5.156888785680485
-6.944049323414483 -0.1566343839289253 0.7143792114951136
7.022352076717179 -3.731180467441811 -19.88134364327856
3.188848495483398e-05 1.045190750038079 20.06492525411615
-14.85480527055946 4.961022088035345 -23.47922538303379
-1.405525746847287 -7.569512556785408 -1.787071597575308
-3.786143239725398 -0.6276178622287549 5.141609007109677
1.464277481180683 -5.209249245831419 -21.71992812592628
16.98295027957215 -5.325586752123045 -3.185092226886212
4.122024659790503 -0.1978957403422452 9.412738678232671
-2.948201689917329 0.6064080047677423 -12.04892384556751
-0.0003116764128208438 4.690230739327063 -25.20906524235697
12.14637187234406 -3.493379384329946 -9.042686058975647
23.1854492892978 -14.92872439153422 10.55889877911913
-12.80036014674945 -6.259551462546439 7.71727666255032
7.799434968780345 -3.148017598853166 -14.45831833062653
16.22589205705651 -11.62108770344116 -17.64906490486817
3.00838220334996 0.8179759685462864 11.13526872838754
-4.222436289758283 -1.613524568751989 -7.807548817113157
3.676283527274669 -6.938912160766072 -0.1615801394747431
1.141052693942484 1.035139665133959 22.16773680523962
-7.350597762486854 1.674206260526551 -16.51176096468164
14.97673173627352 10.42800610671819 -5.891802587067865
21.69830719617451 15.91123377390596 0.7801730679967056
4.904797509494331 -1.280462441073612 21.17865837197509
-0.6843118043319851 -20.48115106660255 -1.154688911698913
7.659228025201744 -34.4240579467313 1.061188402093849
1.421571106968445 -7.6378635764865 2.556104238406827
32.23283059959763 -23.47536317936627 24.06586619861461
12.25512725129626 -0.6371038923784187 -5.131867604444782
3.415127432652944 -5.175396531844147 8.981139876432666
-4.30720239326183 -0.09647312432463351 18.12190540634646
3.950203295857142 0.5295989643371168 -22.27757786454327
18.15652155205452 -2.122899413108823 -0.5599849039120837
-9.188681739025144 34.27812167033199 -15.11952849353323
13.3980386319886 0.6250843784996984 -1.709260593022472
15.87401571642334 0.8728142848688987 -1.917960042061797
26.02296903155176 -7.542262794692765 -12.420924300823
-14.90125482583699 -2.14022159576416 1.059838090976592
16.89120698177934 4.495417754909422 21.59607598585451
-2.99826166428396 0.7988938358303119 -6.027217362430948
-1.12022963527034 1.601569905001394 -6.026225057337148
-22.76000155681704 0.4994245197900129 -5.248437556478799
-4.083159905698237 -1.165741906858187 7.145525197934925
-8.706423596918683 -4.703324255904123 -13.92716685768239
16.38849809164942 -4.992783507398801 -12.16173336445451
-11.83576124186287 -4.408597470544574 2.435576182113324
-9.893079129292708 -5.124901213845911 3.002829029211235
-10.45085810542786 -5.048931020097539 -5.506189742793974
-28.57095880176625 2.614115319656421 1.61778393248404
-34.35349226338315 3.700899589513522 14.64291681232804
3.071107892287672 0.2018741895011368 -15.50541482050422
-3.29924209195907 -5.676765432060158 21.84630556202814
-11.08494019746288 -0.6251314052408072 -9.416691382074418
-3.841675152875967 -4.604914906605459 -5.372584903550516
7.677575947113652 -6.067543968445138 -0.05367193280544358
8.213245247005652 -4.056007140256815 5.07861158390261
9.692802736365987 -2.62336491943847 4.773783178035859
-8.314873168410841 -1.238540362636996 -22.09890357743564
7.164760422469478 -0.372753507291238 0.9053689460021295
4.362845701977061 -1.574179335356833 -10.31793384156946
0.01033605025879917 -15.82937315886949 37.79707861403097
-3.574535594244738 -0.5997533621777349 -16.62925887116763
7.817446612739287 0.7234457106629457 -23.18922233581543
-6.343187069595406 -1.013662889043616 -7.760376091475207
-7.636406986350679 -2.95081648851036 -21.68237106720045
8.472155698698561 -2.588169491495901 -21.5267479991208
17.00571177779871 -4.387650809479696 -0.85379204105082
-8.194958971911623 -0.3354818797071792 -0.7366240887037616
-8.353967470952952 -3.001353740692139 5.150970918008346
-14.50365455830152 2.670703947945013 24.44219949784421
-27.33491585141544 -3.597498802030514 34.23488563902438
-29.07857737167561 -5.713914804036235 -4.997267457098722
12.35289273263879 -11.15654346129093 3.559715434685381
-20.40976702423442 -1.280208229360576 6.728065830800396
-5.736176166041723 4.948554247920152 6.650796516384073
-3.184755191114294 -5.528149203257668 -6.884360144285077
-1.553247638783031 -7.038956924597315 -6.884182585649253
-19.76538799419716 -3.937473375508257 -7.25421468052428
-9.831221366289336 -5.900021036171118 -0.8870230122563538
-8.427271645449265 4.902929053918727 -18.59508578166873
3.774890695926115 -0.8007990577219976 -0.1006314077507489
-5.602316971572091 0.05560140066023989 3.642452171718336
-5.700137127426077 -4.250742008482494 6.441393058698058
6.220325020780087 -0.298892862094869 3.931334706517684
4.393963431028053 -1.830872401290129 8.206336355171382
-7.400181904038692 16.03671507622652 11.06149294536575
8.182786248405147 -0.1104605690975636 -0.5615884230220064
9.601568381277087 -0.4173087018975732 -1.915092633536305
-9.082894883699272 -0.9715911638023742 -3.455034539021444
0.1430350279707975 -14.49265050074623 2.099145559588486
-3.701323499127791 -0.7456014200641679 2.538589449026673
-10.41606083014423 -1.81661929446931 -4.322221960983932
4.288098497195333 -3.981377831003769 -3.073081768252565
10.11973344386375 -4.711693302692284 -4.28067857649626
1.798845148104538 -5.597297855266239 -28.18647514169987
4.300468606048111 -4.63202389110311 -22.66774346605181
5.021366049694741 -3.325432446563189 -24.30479826491323
-2.905178589395586 0.6818681268679936 6.840641221669727
10.10507894475905 34.61484494260962 -0.2071532738957913
10.39255603666183 32.68206790269593 -16.86371239301383
-2.180850076261989 5.598605936192415 -20.20447871265527
4.118833094811072 -0.1919888179145839 18.11075853279198
-7.054224714950429 -0.8792906719067446 -10.69744225458923
-17.42212345820802 -11.99803387605691 17.18122570679945
-9.941482291193987 -0.8293698397155653 -6.172229008708291
-12.49146259756341 -0.498486683817065 -6.730183970150164
-4.715817533412704 -2.358623186241028 -17.65001979024864
-5.377777020291187 -3.670467950775673 -18.50994971206196
-5.242564479901704 -4.546351745288394 -20.71772032125867
-23.93146009025286 1.339872198387782 -10.06318280716904
-2.64351474709659 -4.75461358856267 -19.95384379225362
2.710861806149115 5.361336586081253 -9.104919675079017
-1.802774357217308 -1.207520995317661 25.57387473517278
13.03915097479149 -2.36634672837241 -12.50690544304793
10.57822096630588 -5.736895183755275 -12.71577401102257
-16.86471186683694 -4.874509637736367 -3.223843449925678
2.472551701316049 7.531256714507267 -23.56237191982185
-1.621991395951705e-05 7.94114443724146 -25.68736954109889
-0.007443418804642832 -19.02297576304611 -21.11228698374801
-3.399528910660695 -5.702964016052135 14.56577098212147
18.95346769468961 -4.262248608621025 -4.080840782455402
13.2073924606599 -0.4062520402086423 -18.60423458054227
16.88528107051483 3.367444168468877 -22.96000360301988
18.8991725750645 17.88926660213636 -10.51853637514313
25.72851067936646 -0.1170483554764228 -16.27783651023358
32.85241835915276 6.157831661450806 -23.90991753162729
-2.468473530648415 5.791733682858168 -8.872708488066294
19.35889092562102 -2.97662256371983 -7.662535701858424
3.995839491684828 -2.824717047179558 -16.69412602890219
-0.8950065972585923 5.497096242610675 -18.8554867110911
1.802701130751338 -1.207785282198083 25.57366145358968
3.681547144753533 -0.8076815851543095 5.180859323146736
-2.215852364208955 1.001325696769804 2.553753294638724
-4.257041449685609 -2.334202167219213 -4.681621429800535
-6.012882901330936 -2.225910804257992 -5.360607045321251
1.336134503800889 -12.28221426045007 -7.687099122199034
-16.9640019665036 9.306142612468054 -9.915271989233304
-11.2291230218919 -0.7112186614165359 9.113237445749746
-3.569851873723131 -0.1228131591663144 -4.314448755520604
-2.111543286418966 -3.815922870260517 -22.03084432024675
5.700094015253591 -4.250687535739469 6.441302208556342
12.76677034813295 -3.674844597340917 1.626856942091186
-13.34687924512925 -4.537846503474174 -26.99201102645272
-4.817723493591072 -2.536952219927112 7.679040770353054
4.298154174509151 -4.648527388715368 -9.720085521996278
9.986210252750817 17.13516497822337 -19.3981581706669
10.21682591962511 27.22656914952965 -32.35421728107005
0.001353349547754235 -7.522925242221614 10.29178598551266
3.469671613632283 -0.2860114330715289 1.669139193499444
-6.192211506765092 -0.3609464229096055 -4.220357106297532
1.142625087629407 1.696794060362619 -8.603040436465802
-5.551115123125783e-17 1.968050197189716 1.695740892785789
-2.828411864929798 0.5843109201808336 -1.73232510607043
-17.1962783756025 1.67874693255985 -11.23578222345729
-33.66317125941122 6.846685882054509 -32.92212089296755
-20.62432400328296 -3.750675126707748 -5.593924909822222
-32.62862391910175 -15.8418908794528 -9.596203714673946
-1.734060935656432 -33.5785256493777 32.25956531795295
31.07081423002546 22.66191257738569 13.08763469713392
-10.36626294967065 -6.12363610748533 -11.24658292059713
-11.95889881694523 0.336737059219637 -0.7126403665215604
19.4384844706507 0.8137067988683828 -6.989471280382762
3.746579312789086 0.4032042767770132 -20.01804551113703
29.58385248053533 2.681909336070666 1.752458399217282
-7.061922885547031 2.705427958394103 -11.95850856260294
9.325152410333486 -0.05845317177095932 1.550696392607167
-21.57987249406595 -2.908856930005099 -7.752027338200688
16.78251985535924 -1.090899987843596 -14.99860936762343
-5.147178935497904 -2.621975127330619 18.395670503888
-7.706784744586721 -5.639561246620169 3.523085737091905
-10.22428043441515 2.047415700164078 -18.11220830878389
8.641174786788744 4.689350425895963 -11.09479623053488
3.440665724797857 7.981912864648983 -1.179045933015403
3.594474626741412 -0.497724045563564 -12.04646616091749
-4.257424606129708 3.265063222003835 -9.74329506653746
1.120707337317374 1.603922377772221 11.13368749077008
-0.004170315284727356 18.05324580258294 34.18553976082531
-15.77017957280779 0.2914845939217192 -0.9214908154971946
-18.57099890141069 -0.9472329475584498 -2.168536754667122
-1.356992533440442 -7.361256838911132 2.555010122158513
5.336424953837863 15.46134672017588 -13.36359249049127
10.36644187064978 -5.273831255571456 -16.81051323830337
4.533087482003744 -0.5936010826930063 -18.02297439596737
-9.47529150599901 -12.27610775379478 15.24383381697929
23.39323437747738 -1.248802244663239 -9.394324232488842
7.317055421893283 -3.361927517530547 -7.051494559793765
-3.322523866600893 -5.558941872498373 11.22474689130425
-3.118634061735726 -5.658503294028858 9.380602161192947
8.255195032531963 -0.6070643209836573 3.731367274938257
-1.204744469980874 1.591341672558046 -8.312685127204379
3.629008589613893 -0.4858155017415753 -4.314092543905678
11.890797839238 7.17544310386654 -8.778421334471563
10.79964081545662 -1.937975889477472 -4.662115426185734
-6.13680925192206e-05 -7.450183565274668 0.8192947890160797
-13.34687924512925 1.529330763381775 -21.67609840587006
4.500675727869996 -1.541240129759369 15.42656873873785
2.934557819078698e-06 1.951564022739612 7.702029997858674
-1.136857028398128 1.691390265076534 9.437887865602749
4.901949354879755 3.668034468379656 -14.47973454805452
11.38531066444864 -5.037816109545211 1.192697501179086
0.0004140923458324508 -7.411842889928834 -3.55666259292217
9.201467037200928e-07 1.587786090931364 -13.13226969152275
-2.311736847825979 1.031143811178594 -19.19846381447973
-16.61145437738493 -3.854442396167777 -11.68487936874316
-14.49828136102374 -5.127596102518756 -14.02041963377378
-1.003852301205586 -5.68522393558957 -19.39623918242397
-13.54205295655103 -10.08778454707388 0.32714636328363
-4.123251050745628 -2.008386075496674 -23.88154802545409
-0.1026665306449887 0.4310487869993879 -22.93304853402172
0.07906313546447337 -0.7589751959575631 -23.87375407250437
21.28060986090491 -1.347241248836982 -3.843062374152894
-17.54058569348316 3.461278909494833 4.384060921652626
-4.068688251149925 -5.126153911968506 -12.50066455848279
9.765484667042521 -5.58788538284294 -1.864999927608686
-9.925843368777967 -11.75691980560546 3.249672308997468
-1.200286096245548 1.706777224126071 -28.59958126037229
-10.6122109058876 21.69509480156542 -28.9427374619291
21.34203143416607 1.909073812884357 36.06748184185126
23.71130262004344 -13.70889367347682 34.67658775943916
-7.684326029751134 0.3147507753018413 -21.23299371190301
33.52053742953266 -7.179057413569696 11.26535373345023
-2.00340105237742 -6.714991925139444 -3.532006766701851
-32.41487220473478 -7.609247106082668 10.48740644491287
-8.389399092318227 -4.878452382303168 -3.21379022785869
16.94002217921996 0.4603201241815806 -4.930924949677606
17.72099945769754 0.5193404331055147 -3.241662720555414
-2.431766554642835 1.35256733467004 14.56575442129821
-6.160024905533831 0.6236655164833798 -22.13022269322712
-14.51837593462159 -0.401011439385411 -5.981036955859963
-4.138244916466827 -3.695856704523358 -17.22795021004379
15.51299680717097 5.204692579575527 4.756976900189891
-13.50116069551886 -0.9051948097113738 -10.06233460208132
-11.9976714519783 -5.071924524476223 -4.03802667336595
-5.848367991295706 -1.629815390784326 -14.53134897799048
-21.37261581420898 0.1215798125846581 -7.837091842610177
-12.3494724822538 -0.3870211133418326 -4.754663993905141
-4.261820546059789 0.4926049423260797 -19.25207376970337
5.669775326552382 -25.14521259053173 -13.76643444818773
-5.884641709172617 11.5551800265441 -27.96823371550229
-21.50723221067776 -16.76069542801249 -3.003869387793403
-6.542390156836594 -1.43901924078589 -16.4321512051794
-7.833969109961918 -3.159452028580531 -16.92639926847423
8.124113082880191e-05 -6.433269715227279 -16.76566562054263
1.948397913143301 0.8158551724148174 18.70978623428154
2.896015891801312 0.4694995468482352 20.55098242324514
-5.954492258968969 -8.726667846672653 -9.65951754438087
17.34065755544065 -2.327002308876509 5.825504856982301
19.36492032434294 1.833480241283134 11.6360861804549
19.49000706477094 11.47143517771825 14.2536373242162
34.3411586396331 7.974923900227141 16.40626674792386
-9.134306500927936 -5.919706090560656 8.361362554272546
-19.1077850089091 -1.291348516941071 -8.143843972727341
-18.99123083636796 0.2689477553626198 -7.430730579262971
6.129904552763464 -3.653911533870835 -22.46529927777734
-7.906932878708028 -2.993543096987268 -5.427131186709238
-2.457962007818042 -6.339990713391833 -13.95597986509713
-16.14232777865087 -2.14022159576416 0.01520333522290251
-10.73925594894764 -5.183044008323584 0.8240910387410546
5.855700913158891 6.039491713964841 -16.87745584748156
10.52849127368603 7.092310470717965 -16.92929222807468
3.258499800696602 -5.642186141853772 -12.99514405176141
33.22777741431273 -17.73152279032483 -10.09989891882937
-3.93121681765177 -4.647264728139126 16.28359544823388
-11.58282954079409 -1.515492725076677 -11.64989003239046
3.085590933225884 -0.6853767205875849 22.88266304685489
-10.27473269182876 -0.08746683048397474 1.096921970496981
2.933894003497853 -4.350154405280772 -19.15999853613009
-12.82391020499201 -0.979957738052402 -13.90733879131133
5.296087942930122 -5.576659680542029 5.407264023358392
-20.07552542337725 1.099122550377262 -12.76083619558449
5.971646867461015 -3.022013545036316 -3.215384777162235
7.324923776120563 5.184719071623643 2.324213146087871
-18.80031167712526 0.6346451369103763 -4.21543623984487
-20.78651886636337 0.7802026582902106 -4.684515498955392
-23.27452852019805 -10.85758624412507 0.3846615341316695
3.794513736462872 -4.621213892306248 -14.75968592997815
10.22666755667998 -19.56510242941881 4.099965265568263
2.122225584790518 0.865768244511433 2.553758830690598
-10.84060615005815 3.795931964821792 12.78319456583763
-16.56597024136603 -0.2242519512195118 16.08415853957994
-3.0786997063328 0.03904299535120021 -15.33145787401025
-2.963359613762059 9.745827688340123 -0.9888242712895381
-34.50322861983122 -28.35264498275565 12.90576628840392
3.749374965209917 -4.562812651052662 -6.027737484695732
32.30580085339489 -30.36086650487694 8.660391127232652
5.623396870474319 -0.6297186029252242 -19.17675136474168
-23.41809223996248 -1.249430060386658 -8.69617845199291
5.749892315006435 -1.324998676776886 -24.9214012323149
21.37062835693359 -1.248802244663239 -9.315222636225046
-6.547287236592401 -2.88969406479611 -10.96443147192279
1.507059315428684 -3.821248191481441 -24.74290907637922
-8.427223588336108 -1.989272512776691 -6.945937805022665
-8.454239928011036 -3.839634275524415 -6.979641800635409
-4.114632449185789 -3.181686105191968 -8.763948400652799
-6.787836719695896 -3.147114166331963 -13.57368366938592
-6.098427677581491 -5.333909607171133 -14.55052433100385
-2.595351216238738 0.4411255231667047 -16.61220772573215
3.204978625654182 -4.390781242937811 -16.35901807851799
-10.77074620806542 -2.448996663124011 -8.448691551648755
-3.769267023036677 -11.01945783771631 -4.174382595592129
-8.284543568978032 -4.543457366060471 -11.19671550343831
3.984102447728622 -1.090856979673268 -16.56916477735818
-4.533068766097909 4.961311831340372 -4.222683166435494
12.21864225685535 -31.98009346825853 -33.88229896121214
-19.72714069416226 11.20957514315331 -19.91865257617769
-7.450580596923828e-08 4.755352874149365 -17.65835205073661
-17.45624702794825 7.850581772414404 9.791863969853312
-17.36512744411601 0.2889994612650433 -16.00694029161358
-21.77786727543315 3.06007737299875 -18.56774365380396
-36.02531699292891 -0.8488394507083821 -22.59796888303417
12.23190729627661 1.89345578415741 -5.622389992628162
2.166996568241342 0.9834404125175613 9.418069171641122
-1.117716059158975 1.593611333688662 4.269816272679501
-10.01647297060914 9.449555985774102 -8.71993098572451
-0.168400720538684 -19.60895914639723 18.51489917503195
26.11871368314443 -6.555760026336593 -37.17648611408456
7.232331448523043 -5.058268850797537 4.370242552461526
-9.496303866951486 18.93766197702925 2.783094487638945
-13.45468781141825 -17.24765816777946 -7.564106594101947
-12.55730713385118 -26.11293028891379 -14.91704001182318
0.7542350426138505 6.266795972039215 -20.37237585550979
0.01678036057064889 7.168104514092661 -21.40213396829973
-1.621991395958644e-05 7.503255967468898 -23.21351519367497
-35.21532384946838 19.11045148651854 -17.38659012460428
4.792021206933819 12.19646492241607 26.23873986162339
1.619836905323054 -7.210124574092145 18.0055653247815
-2.407391277002792 9.482312974302827 15.61739842446084
-20.26624713270432 -1.375392341110063 -3.63209705297954
8.390402192430152 -11.06332086184983 -22.23585805518108
6.053791961857352 -1.209805610057431 -4.946093081552974
2.07333645511468 1.157962160228721 -16.39733072359241
-13.66034177469882 -4.080066388818131 -9.42016885852957
-5.41330078844432 -5.948974882600603 -1.081206521150271
10.80629697774752 3.511314295187843 -3.237848734244138
7.222979302664595 -1.877528431439985 -3.370951459843059
-8.955999131423521 -7.625242486692779 -6.228155486433301
-3.051444711726673 -5.41964258438724 -8.600199939715932
5.766766570755438 0.6593835940409192 -22.52266934842365
0.00247491733727323 -7.609269780943404 20.6949784696207
13.46170230632709 2.545922588559621 -38.62254526777516
11.11409961752965 18.86659858187785 2.492731838573819
-8.213780089154726 13.51961583887291 25.48553074407933
12.25877188448668 -2.165422439575195 -5.249441905117685
2.584627794499985 2.161181141923525 -20.40591869208714
-12.80144393334597 -33.18306050792976 -32.87148057094804
-5.29525330254331 2.459432822111949 -15.05378322829018
-11.67260100669537 -2.957134030152011 2.260649711284748
5.308974047926014 -6.049477999153152 -1.238375670955343
2.537030804600453 -6.412185554407663 -6.027201192365847
-17.02332690311393 -0.232869381123839 -2.430817967138593
3.302899410307354 -6.459636202071933 2.553960811843834
8.76914456259856 0.3064347100211005 -12.18538491094284
5.722057755749226 -12.23007366665841 -13.5278093858032
1.568950962773878 -7.15993963603143 -12.08598451421622
2.101643188502466 0.8128293516656899 -17.84659341191617
-2.45815823926634 1.118171067552579 18.09110399831886
-11.25180769811368 -33.02067685381451 4.508358387783583
-8.664783775993095 -9.022301480009798 -13.49481377723482
6.979169687362077 -30.41155962693063 19.73433105309635
-3.866857808589995 -3.795810942172716 -3.617089091631117
-4.422243510196651 6.871475833955932 2.620807668260675
-2.277370590703148 -6.559664917801136 7.829488893470526
-8.122553196381528 1.065317016400255 -4.287960440139353
-3.904165428154402 -1.69004237249479 -12.0516101085628
18.67577883359205 -0.5079442750507883 -2.288650435090747
8.381821089358162 -0.2404736285968461 -21.94879981095905
14.49307264378469 0.7676811370084566 -9.343237059431241
-2.308553612519916 0.1996046582289135 23.11259965130288
15.16538559047032 -1.020077881006797 -6.738159136804736
-12.59236850162994 -1.584429558490097 -17.26313484635804
-12.42220972972411 -3.486195101013838 -15.56235342173318
-8.38967442698247 -0.2465842115566181 -16.06218144345123
8.74249045840531 -11.12083201611187 7.000128160235036
-2.578380015950193 -5.470955543085195 23.85494790022218
-23.22988459445 -1.251302599906921 -6.958681000337999
-13.49910322871704 -4.848446395629844 -1.890348312258833
-7.516186301038507 -5.623774916214649 -0.8854023625192379
2.099563303654617 -5.593092878086101 -15.84023156217606
15.64703938614255 -0.1168349853021124 0.1816737321958061
-15.95385015796256 -1.482968207740888 -10.4378432396306
-2.100556671952167 0.8916741100737549 -10.32591961334148
-6.145240931763399 -1.851348034934031 -3.044557465974488
-14.30578775058187 0.3852146277593571 -3.631857548746027
-8.634551753015181 1.864170524620173 -8.856298831498576
-11.27509957304472 -2.942010998725891 -4.732545368826382
12.24370174593956 -5.428986982275267 -1.739188485169944
-15.21710123143149 -2.127163290977478 -6.667554658458325
-4.187652451438986 -4.753623181601811 8.29885776768549
-5.210724875348708 2.223037544450846 -0.8062190931068938
14.21245037885937 -4.726602330258696 -2.467455677646063
-1.402752300877843 -0.734432575135035 22.56175895357035
7.667942002770572 -5.486023635182513 2.718835710445714
4.090616489236312 -3.185355181330195 -11.18351928983753
-3.414400406010819 -0.6041088136701898 8.592747367298383
-1.7508864402771e-06 -0.3658191722585586 23.51231078477261
-4.150173028196402 -1.842326585002162 22.05040792552486
-3.27811075207339 -9.96597515844288 -18.21726856962598
9.349256551799273 0.1887549465918416 -7.589642599323941
2.974600342452717 -6.55071583531261 6.0425688598789
2.304753730258471 -6.625160046243449 7.837482760660087
-12.99434725606062 -1.984660924265097 -5.476432088286837
13.19678712432778 -0.2579011390253422 0.6574700217139487
2.290551855882197 -5.14317851731975 -17.48895844522934
-1.748943477166821 -15.49932437367614 12.49641440107504
23.28790351938006 -10.8746876451574 0.3781626622286345
29.4970669390737 30.59423395761975 31.31769996668871
-10.42897391876736 -0.6375532549038248 -2.787624419800729
-9.222141636510448 -5.864868437012976 -16.69896705555468
-11.63434224667866 -10.05533048103755 -17.20247905811495
-22.05593745711267 -1.470960193862463 -4.612213801100456
1.279910551967882 -7.05555530423189 5.152128927429004
-1.136037888459512 3.057460189933812 -15.63678125112244
-2.21378216938357 3.03781127341729 -17.34438277627151
-14.35230176088235 -2.837065127483194 -5.697524510008332
7.116930082132267 -1.295360715555251 4.774516635455985
-9.281560973613589 -1.347453730627358 -13.66265497142189
-0.8034663856096262 12.21226070729795 -18.55388709966941
-6.653893721537075 16.1941876058608 -21.77550315117787
-1.302880028297067 -2.046273767948151 -23.72626562656757
-6.499379245127166 -0.9186908473241499 -20.05300264847533
-14.73991262706261 30.74798598203867 1.409043109644514
-3.693376832307637 -2.493466111966661 -2.907499796107737
0.5440447054682416 25.37928165884478 -11.52379074729197
2.262254815937232 9.869948634965183 6.832209516014818
-12.66914866785386 5.361761924568493 -19.63945635713373
7.141342660274059 -1.266134066651262 -0.5636693196365412
-6.142409345906678 3.199520375704439 -21.39219941166536
-8.823493345087799 6.240569161232223 -22.58379772645425
2.416467446966245 -6.236719338294298 -10.31747188054832
-10.25469424722298 3.00653280442569 -5.112769815788006
-12.10329322799494 4.41977762532903 -7.955970851853615
-21.10157066394235 -33.95372597093686 28.24156273917919
-24.84100579304711 34.82311162395385 13.58882127597599
4.467140005001726 -1.527041293184295 -6.931576566019631
7.40631890401095 -3.549634605188653 -11.71372951757475
-33.96499840094184 -32.58616463404911 -14.50014665777739
7.16968944799322 2.037547964251582 -6.86325988010279
2.048146505333477 -5.804031497618472 24.43735579032435
13.38151614454576 -9.093411707137541 15.01605324741058
-5.182497686822048 0.8978476185182731 -11.93262743576933
2.117809665342227 2.434265667866843 -22.54089708901144
-9.225043924614425 -1.766571068240701 4.2644767202081
-4.093930735512307 -3.189895967031551 11.13352686118011
7.879235269750116 -5.294691845351334 9.283618220729071
12.63770781990353 -0.9537503271242538 -8.757137190895358
-7.900012242483168 -7.968626995709398 11.56182627495497
3.583064999897949 6.018476690368711 3.644510467179843
-17.52544124918617 4.616687473529734 -1.417787223262106
3.244026517982422 -5.579135229958581 11.13451563525535
3.468510473263507 -5.738900309707767 18.02153696239522
4.118204446093983 -4.572646780143115 19.88722785684163
3.900623888320586 -3.907235700297876 21.91608611926922
1.333657624517129 1.441812147859716 -14.17650865908218
-8.354144829225094 -2.982832312583923 -4.096088330865259
-17.99726182802844 -0.8210732281903207 -9.347530903091011
1.190632373911488 -0.6456539700092013 -23.29173579854595
10.82648609293148 -2.404810061156918 3.246216026756904
0.8775053329873125 2.878833949227844 -15.76831918653728
-11.30007475639487 2.212020358993675 -9.912469575069533
21.72674660933125 0.522559827183747 -6.911333660487225
6.854699473166413 2.333364177258148 -17.49809369258928
20.74921375770592 -33.64880839606789 25.97239041974959
-7.176590845013818 -2.89883152775017 10.7427441014697
16.49762001881979 -3.965761992978833 -8.876947273032563
4.469415712734978 -13.25060665766765 -0.7933808265552202
6.471022204564159 -2.577352679385327 -20.280451773098
13.77945537135235 -18.15948961344118 -11.52722936378123
-3.324772546425781 -0.6607185880059793 -6.885148624680557
-4.820034286903756 0.3269399713525352 -7.84030400335446
7.476588397564478 -4.992849240296782 -17.28443122873332
10.08182357339274 2.825142553843895 6.611102752863045
13.62748189658827 -0.4955299223328447 -4.398553787292653
-11.58598729141495 -3.75444974775819 -11.78481186515873
-4.510288937662436 3.716045256486463 3.595188981987549
1.065409968159101 1.368586716727616 -5.168148188935856
1.04315299989491 1.274833368747416 -3.452291795722557
-1.065354972846254 1.368540864930545 -3.452296814531823
2.279521412661049 0.2816443961090405 -19.83624693609764
-4.355050484322031 0.1064839769214114 -22.52522393444183
2.603554267520414 0.3256033039402768 -8.60322000574757
-5.240338105771436 5.43847589692531 -13.64811077147736
20.41780417216537 1.074410679148318 -18.81779007116956
31.25068660676578 -6.490368820480963 -4.000257212893911
-15.0751132836535 -1.274154734276616 -19.65921598986614
18.02577549025863 25.73632962681481 -2.75917177551006
23.07893561755151 35.33720761454497 8.534687925103768
-7.532963297259477 -5.143154526270466 -18.59846016438171
-2.373852571975159 2.161710119818016 -20.75886362347137
14.44325302418611 15.94629669376635 35.8427174075693
-11.20226963649874 -3.096147689098248 -21.43220808986944
12.48870366514052 -5.191190002520403 -25.29127806622791
-12.9969477102342 -8.771220531681386 12.27650266038449
-16.86528614667614 0.3274393361276489 -5.065364265889326
-7.612128857414913e-06 1.496023770677384 -11.10603008855708
1.554502478036163 -7.03829417734373 14.56580526040897
-10.57585586597247 -12.25133759915637 -4.841916836699697
11.27496614966642 -18.54968619419169 16.50702131742095
11.05335628704328 3.691782383760303 -15.94270324804763
-18.44856639244727 -2.445324870876171 -9.898054748886119
-20.02901117425889 -3.387626647936289 -11.97711277242477
16.63393529407315 -0.3992695639810848 -9.505850399731669
13.29539254617111 11.18850814837882 -0.04403197062479891
-1.566078195916736 5.125064198253025 -5.557119053065349
-15.62006550328069 -2.790665794354078 7.285406197338755
2.337156892949817 -6.121934502060926 -7.742141717241424
-5.410056565108977 -5.930631655151113 2.562167219973375
-7.018784154601099 -5.670939887960539 1.68252331360604
2.532305838149235 0.2445572463959536 -3.452351838856579
-2.657430965830882 -0.6574484978262292 21.93235159101679
1.200682062534595 -6.482215360321752 -14.38908000125056
3.884725677482675 -12.27526310121655 9.430455839886431
2.529879482609894 0.2381255378035356 -5.170537631016605
4.828506293308891 -3.99513397994788 -20.62050342486854
-5.224341195897222 0.4117443486185266 -20.68272908494876
8.223834359203403 -12.91400883071006 -8.60113316764237
-13.702612943431 0.2064046853238704 -1.472755074535498
-5.482940780303092 -2.729646844841787 -7.889474218445036
-12.57145200730923 -3.563530525503293 1.414584116701056
2.13159840012435 -0.5620469427076176 -22.1466346048788
-13.78924376929287 4.327434940508613 -11.50904030563891
5.941643356648139 4.041483988856495 -9.7083466793932
2.187484047163559 4.23090974824445 -13.10177751710208
-24.86285477666015 8.365572480861314 -0.5298839394055292
-5.304527917056975 26.22775507957088 9.189194682718011
5.18599521109085 -2.957950000389288 7.216987630234089
-3.274160538576344 -5.594342909312142 18.01742772321425
-7.40081607618351 8.071568878264699 10.85119853168516
-7.704667014819807 -1.689786669211585 -3.52478031533373
-10.67120344487616 -5.779550524102417 5.629863214675288
11.39926033709008 -0.5519196605165522 -2.314566352843238
-3.710536141280586 -1.746148773861945 -14.66772560897624
-6.610522330613591 -16.09239056530505 -11.87120122221695
-9.347205168766536 1.706492241561374 -14.47746576746532
1.08646172530921 1.458358258089789 15.42379396009007
-5.271308614029468 -5.287379892599577 3.78564203700809
8.07101875141675 -2.592260698386637 -23.18922233581543
6.220640920802609 1.167388655523968 -13.00890737014221
5.440324650323029 4.842052142493601 -22.85023266707142
7.8360036697409 -13.77435098824737 13.00318142040346
-12.23735053843152 -9.245642568256134 5.420130934502772
0.6821546546899917 -7.820263678849697 -37.33396420742454
-3.420786585665905 -0.1490157349024623 -18.08713158501881
-14.31326647625343 1.689979886167766 -14.56275999630097
0.4145291957231904 19.12805974280814 -32.07746002025857
5.176333857576639 2.280096511899549 -5.26910077826045
5.670378524772862 5.910180299949682 -4.651042880389468
7.777966994204802 5.871289643133997 11.0995508743283
-3.56221092335785 -3.555611588564762 22.69632506332072
6.831545587297245 -5.063630258220099 -1.984913438566825
-16.00571676877 4.699467149927727 -5.031062655879252
17.92732730005947 -0.09419022672835829 -6.034098294772544
19.20657832210419 0.3260613201344098 -5.62092774385275
-37.04374882041611 7.340267592412467 -12.64022678355203
1.025571616267807 1.20092621371334 -0.0203054567755328
-8.611432430250096 -31.95970718360834 21.03522621583103
3.109130958170871 -2.356753865638351 22.11058112431213
-9.326683392056381 0.322710881130261 -22.19805937731444
4.946369737369268 2.01421503083595 -20.99694703165204
-2.393327353997792 -1.801853235124647 23.61885135410078
3.587424670214029 -4.484559641711213 -7.742132102975772
-10.29468073717982 -4.496597758012709 1.85053363021707
-18.53615516025034 -3.511491942815159 -1.893479979257551
-17.89498811900598 -4.105944115527299 -3.653257832618612
-16.99744627187744 -3.549583599315161 -2.685411351837456
8.344385484053273 -5.148582629058405 -5.829361734688842
4.369538703769062 -3.222825892068186 11.99183541312648
-16.18162183232019 -15.5833620522382 -24.97106473045254
-21.4224899627764 -13.48675868688676 28.58449090369276
-4.161247116003171 -3.191270115655181 13.70804612086825
-7.793116196512815 23.06832219894 19.05095385206943
5.160169216969581 0.4521157419908659 -10.78070292172231
-5.730269121593442 -7.592769726778786 9.137028245863695
-17.53652770074906 1.783153774424999 -21.16379452738312
5.17820265234351 -1.245816797853817 5.373560954060569
-8.518805060732088 -2.474553378363153 -18.7653448681016
-20.40940010011186 -3.152791292362556 -3.93572524882796
-2.97002554580988 -4.44907577366307 -16.76158687241328
-2.589110265346253 -5.390020621832883 -15.49031676060611
14.46485008945999 -4.35053157301788 -5.021341346959398
31.65975621924378 -21.83591665499164 -34.41187118101129
-17.72734241201784 -0.3026007993487444 -6.094332532571734
3.972289080993525 -1.951064609817855 -5.167792874048414
3.782833330907406 -1.726991259516163 -14.67202114146283
14.24879715145938 -10.20838098831813 -39.34867637388844
-1.028990235430778 1.215403517365848 -0.02030662114503673
-19.25720043553177 -2.549545520494448 -7.538115690962986
-8.735214590357897 2.824321108125868 6.043541079294061
18.33769820735386 -2.10037636756897 -2.253920027205174
-3.765203747412299 -1.732926152400704 -9.457999874598013
-11.58664670493727 -2.770282786781393 -7.050053118899825
6.685110897770533 -1.126042188571623 -9.70903648767807
-2.074341917186848 12.7026662422206 4.027499990036802
-2.88052509147571 0.4770931808462623 10.18318113502356
-12.5880984630497 -7.788864430673402 -9.247136672945572
-16.34912693658806 -11.78079082902363 -9.133873866061887
-30.54728757034801 -33.87316565485588 -31.90661276757705
1.436455975530914 -6.667360741874317 9.452057385263149
-14.68870864690205 -1.723752410665938 -8.590697656360561
1.038175492231864 1.255026358768497 5.985913375230737
1.193786436938811 1.070198233110684 -11.98882463525703
1.03818312888358 1.255000257797229 4.269815438135725
-9.173041872458889 -1.01322728942252 -10.51438735848639
-20.53716002827404 0.02087173366046446 -10.06318280716904
0.001860570514419735 -7.063392735354717 12.84983798327917
-1.595163895615935 2.770805638828902 -22.86416867755902
-0.867347955021281 3.487635493280659 -23.85413497040673
1.303239547465292 -0.6405970134739565 22.70139100015636
-7.79612018446859 -0.8349190451877018 1.759557703690326
17.05990482888575 1.446315188291716 3.789314109826176
-3.566935748439837 -0.517564609619486 12.8514451393732
9.055591113565363 -3.721722875625037 3.926267664635339
9.913779523708566 -4.577991591733282 2.87755918242978
-12.18115747375723 -2.468685519109485 -9.936352657156938
-6.52953479252001 -3.658731951686322 -5.54265783128567
-4.689865954414627 -4.084924702840457 7.154747841709373
2.713432913960578 0.01700496974783436 -13.92326782023591
-3.299246667290463 -0.6758289081631144 -2.622721129181578
7.52099883506663 7.021091049934259 -20.3109278633972
-6.561255836489904 -4.174305771669609 -8.272183109552538
4.278112879204511 -2.489624238310107 -8.600113246820765
2.761719319731344 -5.986262747393512 -0.9218137651155329
3.870956293367168 -5.695384281668667 -2.314059594872975
-3.174147763944468 -3.143786656728112 -22.94050540891326
-2.45570776400993 -4.36297558940153 -25.53759226453406
-1.931122978399714 0.8822442016124674 -14.43903090578261
5.324430932692155 22.86531672292058 14.61095169049824
-2.770297307134356 -5.36502132793562 -4.574939728503423
-1.815225214605257 -22.30698583270159 29.07136158570912
-4.7150154583223 -1.24854726182186 -18.24023199755107
-6.972081530963619 0.2225944161134006 -24.88297732347503
13.11185937629224 -8.275248907041279 -15.21289900312825
7.257297355392294 14.58280924142773 6.268162802037347
17.66240334568039 -3.462623944352742 -7.282809193798017
-7.354906732275707 -11.82267549439651 6.70626682540215
3.86799121042645 -1.714282375592733 10.27661023747324
-20.36115831731479 -2.524190794222329 -10.02386054368634
-23.35531469966197 -4.013879723352036 -11.34964022278326
-9.237049102445063 -4.12347928835785 4.169086071643457
8.490766865976619 -3.501408831120528 -4.13847251389754
-8.935439433690131 -0.0471098634945013 -19.88421317806224
-1.536378730168063 -6.99238049700508 14.5658450030099
-6.403777378852159 -5.170800949718656 5.25774728442867
-4.846219175286446 -5.428733518522096 4.736335344146347
3.55929511009146 -1.3521637598641 7.311738166034927
9.787944343023142 -2.897340708079124 -4.040050011886557
29.22202735401092 15.70475443681547 -15.06138833711966
8.629673161248853 -0.5759013617753088 -5.673038924502732
-7.232076584191421 -1.445879578374909 -13.45571788217744
17.58038892658055 1.599515652153364 -11.46606041517468
-2.195116462161809 0.5490270932455714 -17.8883917631561
18.90062174310412 -9.631448119119938 -7.885753520768473
-6.052852891824882 10.1517436930697 -22.61657704142019
-1.241232486962064 -6.88482634739582 5.150177682280026
16.24018298302149 8.249521037887096 -11.43311360957102
-7.410377108660461 -3.708461006858166 -3.125822167814577
-7.72032763321998 6.816885138836264 22.9404710427162
1.558624954708599 -14.41722836057355 16.93420051909631
3.304427168722611 4.413738962805881 -2.583762671958163
-0.7247369272433417 6.261249671174918 -20.36288176799537
11.09892779236714 -3.363895725067165 39.08836547202293
0.000669012637902533 1.100887661500035 40.55454620028711
-11.12053493414612 -3.413867035154771 39.27061206789509
11.12304093536984 -1.172782139389585 -3.753262312248404
9.255606460075615 -2.252948434339927 -8.233766188156896
-5.334492871688551 6.221516324152054 -17.95103956339555
-8.008716875371741 8.313245599487953 -15.28813090651352
-5.848516645312481 -9.805487409390533 -0.7789031033855627
9.734075218952722 -5.319677133003381 -0.007908580438920731
16.37299811581099 6.717670109673486 -30.81923653750401
14.29624023244201 -4.286849802661492 -1.211551147217775
3.681147512281691 0.191623529229248 -21.03526093396959
-8.607596481622119 -0.2381305855432523 -23.18930149078369
-2.255225669653535 0.974454456330708 -25.42926205263657
-20.4604340375215 -1.249430060386658 -8.288031192957746
2.212577426610584 -5.991802704579644 21.64645935812574
5.416462201387061 -0.09315766749115717 -15.49261689312862
-18.230230334093 9.291193741536176 2.527267949555199
-13.15774927176866 11.43099992636168 -0.4472504420835999
-2.236908688866788 -4.857279072386606 -18.41993213156109
9.651303329959402 -0.4032486701085518 8.406116285807967
11.65005667313911 0.04821803615465692 -11.40277702820042
-1.48142077076462 -6.839093447698318 18.00298779588933
11.98388828424866 -4.67348950517353 -4.346492905348613
8.16966108854499 -2.334051872016932 4.986720407131141
15.66543286005209 -1.469355612212271 -11.84283941063367
3.941813122241842 -1.690919254187475 12.85362200146925
14.24115382992897 -2.21041202545166 0.3583532942422311
-3.462556086244126 -4.425530343589296 -11.1803667401733
-1.424657893100844 -6.696312655562418 -11.18437959369132
-2.810601535514243 -5.984209942389043 -2.056003951667993
-5.787983536721664e-05 1.992537627961277 -22.96493933038405
-10.58345242587871 7.582001787032591 -1.404806413127716
0.001112930024924463 -7.176398882339095 7.760435577323276
6.48304503086397 -6.124022520607709 -9.660856659311261
-9.06193378426949 -23.36752088428131 6.448856397078408
35.98467771547565 21.36185220785508 -28.70962059950578
-0.03724870936803004 -8.349531986333416 -22.92840370648437
-10.19420095520264 -1.46361306181763 2.742143969032683
5.282048807003785 -0.5928945550454938 1.567688817762172
-2.180873061140335 -34.1417608898829 -7.892427510019635
-25.07243308265343 -24.4349890623976 -10.80010536997715
21.37062835693359 -2.765841499901248 -8.600710482044315
23.42883475384253 -4.634614527175619 -11.35160081245562
-1.042309046861103 1.27067452695763 11.13371177451476
-1.042322587026042 1.270743016260071 12.84978701896172
-2.196497749693939 5.111686483689922 -22.3928075457556
-12.93931186604477 -0.4546676340146671 0.3099258045560973
6.356072115839985 -0.5953812047180759 -20.20359662742164
-2.441151704599709 0.1338655991044575 -3.450649870751219
9.753751943852251 -9.064272256934132 -2.178854156553701
-5.707904176745106 -2.429321283592397 -19.25513871232323
4.23133427779781 3.332315179432246 1.418414910743075
7.497656084654196 -8.271258789490304 -7.11506818313468
21.37062835693359 0.3374839836461818 -8.603157411571555
5.061268578624696 3.811981885927064 6.851028234336481
-13.41838335344747 -3.690942147987583 -7.263642737642983
2.825486364610985 -4.118053774799401 -20.81643232367692
-1.41762186040073 -6.677116558061653 11.13353881808079
-9.326683392056374 -2.600505079358356 -22.19805937731443
34.11604142879351 -33.30952595461743 -17.21042428557414
-1.198886840524338 1.083457446067456 -11.98830182470006
32.53468330454592 13.70302084094426 5.312992970590238
-13.56630083212158 -8.58679029334755 -12.81127451081257
-3.931520416921373 -1.440242693348192 19.47067132446177
-6.363366696207809 -2.990257767169012 -15.56654671983363
21.08788489524188 -2.879230647346312 -4.692463608693447
3.451266194179614 10.65973218887432 17.348333944545
-5.717320185635264 -5.653412671071868 -4.582206122941511
-9.719797175517863 -1.749217538409029 -15.62791680852706
-33.05629196724622 23.72011661698597 -33.49557473787294
-20.8064268632853 34.68954066698987 -30.95666008515274
1.544362009298992 -4.763887451585677 -18.73368365291316
-16.98620246037602 -0.2148929832457383 -3.768371504553964
-21.07623981451993 -7.439776156571503 -12.1300540936352
6.624429715577126 -4.244486868382969 5.420808764662754
-3.85383852624233 -1.717869586602882 10.27680454621912
27.15022534866585 5.149232010941892 -12.07362524866679
-6.141280371140848 -1.085149776960118 4.812607819288292
-10.39364478261587 -0.8208953615979605 -17.75721217802169
-20.52302844453134 -22.49709343903848 4.857444994517415
-22.45624030291775 -2.886447364950215 -5.915483666630102
-5.10762679273711 1.497617829512779 -5.972846767132793
-3.592454783475594 -4.220095623485458 9.68526815874759
-2.885828418438176 -6.288393659763366 1.694627717265929
12.8033093950316 -0.1039557987047903 15.36444521074384
-1.38971400568287 -6.594218343517907 -5.182320607468036
-35.17588340096603 -6.321685884454233 23.61645760915968
-2.889113467001591 -6.28676763319491 3.41187751921348
-32.35270443139277 11.13141612764759 5.92147471401747
0.002003856193563358 -6.849001084404025 -7.742191274307594
-3.189025038824703 -0.5782121666566898 -0.01936597907203585
-6.558250933432561 -0.09323325468594035 -17.55840270852132
-3.665402478740296 4.356427301855747 0.6213079957155359
-10.20082500108658 -4.295145557618674 -4.098443621603073
-15.29969271933834 -4.2725053735572 -1.047156222885209
-5.631600924762 -2.938249168596906 6.566589216378
31.58964017170186 34.66914987557707 -18.33806700062451
-10.603251201851 -9.589302524081701 9.072715961969056
-6.476485613729816 3.447947201786092 -31.6715240832629
-13.75076421208234 2.87354433150257 4.142039709019741
-4.321340315456232 -7.588452699577175 -7.969485379111913
2.524916691394199 -3.80274329433538 -22.75734008922748
-32.27244673973689 32.42610274087918 30.90661070334661
-18.33568553627817 -2.100278735160828 -2.255805179767799
-19.58001892990122 0.515092696609994 -5.953714375759003
16.91700533277937 -0.8331647238757808 -1.238299677360579
-12.3293829044131 0.6856035239457585 -18.31410570834212
10.08259874870638 3.771799786903295 -0.166972539624334
10.91142204425962 7.592362392941998 1.75622324698326
-8.774606747302176 -0.9872525443722417 -2.105101139289031
13.74507876394685 -6.611852962455282 -19.15315174083864
-3.168518402315871 -0.749749693295876 -8.600544620813753
-15.92730570541524 14.41294167742208 16.15652760467565
1.660746178175742 5.025214893087863 -20.53903422844851
17.70927004321815 6.582069873513825 -5.848091678727821
5.83806878948629 11.05939586237407 -22.64930429078756
10.12823080385652 -7.109670873720443 12.47898197616638
-27.47279475292692 -0.7089684716737347 -17.81322728685583
20.08769575816103 -16.53497412859251 -4.16447501149562
-15.26090255423073 -2.875637565185431 -13.39443563936668
-17.95410222744435 -1.892494333955331 -14.10469120501516
-1.460151791890498 4.724935139879308 -23.58241673385105
3.280178418516461 -0.6501371503435963 -22.63228681149184
16.37756136662754 -0.1790433117536263 -3.264208719257521
-24.40765724806156 -19.89522932765533 20.20013289288475
-0.5253391724225004 -5.048892511291276 -21.95896005633265
-4.903654011554735 0.4019708609619408 -2.423180613300649
-0.7164176969336504 7.292594781423168 -16.40090409062889
2.111084245183283 -1.629569557992153 23.71102030906423
21.49859679050175 -2.836887361672391 -7.096425523129679
15.99664326750185 4.440542874729728 -13.20485622928457
-2.475075458953483 -6.31886562784634 12.84969164156196
-3.811831578580746 -1.94250901161932 -6.130232989214715
3.307293309123522 -10.52066363616403 -20.6544479405581
-1.95065969544612 0.62548118984212 5.127795173558458
8.12147585551433 -28.0812292029053 9.637776736185987
1.19006435328391 0.6588090576263097 -22.22011262047444
-0.0009710842191124058 -8.673721180036642 30.91596857753151
-11.55934398031455 25.5501766493413 -8.687803345249051
-4.396823828648588 -5.312194119087213 -2.099965952267554
-15.01469111732519 1.14501994372213 -10.03123475263109
16.38974785042269 -4.083251218817383 -5.659019056459768
-6.796125750487938 -3.105444385304362 -24.15949981226748
-6.513371980791882 -5.219069199991076 3.21208305117113
3.470540000405442 3.180009786780838 -9.852211117450796
2.667651442476882 0.1796455079447098 -0.8865713528977845
3.722562409671974 -4.550590224364954 13.70774789895819
1.202959669143205 -10.24617058018002 0.9928199982490364
14.5540844223691 2.484896722368208 -6.592843282496296
0.4788131768785259 1.494011354026699 -6.884180657776727
-5.531032905863643 -3.867790069495896 -9.788402069848674
-6.821426417532913 -5.714189788828289 -9.899354344624564
-1.883579958431241 0.5616694373665452 -7.742172582601826
-2.047179811862744 33.27314395551439 -27.6521125283268
-8.185107965808971 -12.51576346370526 34.0952231984155
-16.71501702445296 -23.80680877202753 37.83475769674621
11.06391624336119 -3.173580695655275 -5.130608881408869
-14.90296961761611 19.59570516804349 -15.18931341643334
4.6209098296811 -5.87613405237042 0.8184932795432704
-5.096464751756668 -1.380165457154499 -10.93640432594012
4.358801287210579 4.016624104981668 -16.92459457940834
5.355527735992217 0.06683697786152604 -20.95873507044323
8.615858480937669 -25.44240386182347 -24.70895016444712
15.67389883547442 -34.61977978168503 -16.68755897007767
-14.23715923912668 -1.484927152101556 -5.596074054569532
-2.770030776467205 0.5222676832500002 16.28696384262113
6.891371322763641 -2.398145420273786 -24.75460116002481
-2.034478814391452 4.445754821171426 -13.06314306148744
-3.91779876023765 -1.456614443165082 -31.79511000500531
10.94311293402729 -2.814969793919201 -14.86596696782642
-10.94131911253178 0.1221312644675149 -13.46677447765881
-25.5469224014074 1.72794851833461 12.71597458363905
-16.70800093313512 2.692343754265901 1.119644316109778
-3.52350022414082 -4.47824604753148 -13.99063585155346
-6.021552833860621 -3.022165536880493 -2.792899406633373
-5.394967164074769 -4.046874477554667 -2.578457506875784
0.001894246692991375 -6.775812566643231 -9.45838186386378
-23.36086146183116 23.86367568676585 20.52769810027623
9.474472113435626 -13.60471435225856 0.1315138593486678
-1.882349035795734 0.5634177347632059 -5.168160435356858
5.641141362952313 -1.557353433968431 -13.96819322811956
18.26291001500898 -9.456124534671936 -1.962125642709303
2.604952003913393 1.969521654621704 -25.04680695226277
-3.866060509048268 -1.70930855975763 14.56796067339117
1.628478944724541 3.302630446383006 -6.182123762157291
-11.76920329053796 -0.6325484152919114 -3.425938751848218
-11.06293830557718 7.384710417672354 -12.52678476930449
15.31814863215978 -0.6635966670780382 -5.419047814459099
18.13668049588311 -2.071841501046761 -7.162315562962474
18.82469404281964 -1.291328549385071 -7.873721245340596
-8.600784072830015 -1.270231425762177 -23.18930149078369
-8.11147880603192 -2.410990227091491 -23.27190957520688
3.205128395498363 0.03030482901880602 -18.71007477252346
-0.8312815756649681 -6.965303723284162 -13.04150562134135
6.773054987617192 0.8320654458810068 -5.045269662720822
20.28771359234599 -0.2708859540954623 -14.22612749887075
-13.37018367052417 -7.673346419638171 -4.017398156750508
4.159549881334259 -4.162611993718145 8.313115408719186
-7.522101294574432 -4.595842073954682 4.348386845377727
24.83941989363012 -4.456545178220612 -6.05751849347709
-1.377498629904664 -6.568769952574724 16.28271189071391
-11.20226963649875 -0.154617890633171 -21.43220808986944
9.201467037200928e-07 1.798324412639692 -14.42555952515382
4.715298846689138 1.323786589525203 -1.579042285153024
5.505794205371159 -17.21730807855776 22.3098296891906
4.266953941108422 -15.5681622668133 30.18558693272988
-1.207323274243263 0.134778650626175 -22.00537700348473
4.60852285767594 -5.808362227205896 3.415501082447458
-9.766575416541688 -3.316315467949191 -12.20983627862789
-13.51283702249348 -3.53256267359658 -4.866599309807909
-19.82430143469799 -9.94894607375103 -3.042616477778179
9.645526237212666 -1.337295529396441 2.861489006737038
12.45146091521434 1.238459703179984 2.788518858583949
11.08544852906468 -4.726778717534545 -2.958234577263145
-12.48015933623083 -4.541781082400598 0.38956387668513
2.274791323371534 2.522351848335452 -18.34588593338336
8.091468903453904 -1.108685780904287 -2.324045862617321
-16.37445706980151 -3.940071048686547 -5.612648163557349
-7.427972690974895 0.03774350166012197 -2.884280359602845
7.241726029564768 -0.5659721380153839 -21.07497114581368
-7.0151606415105 -1.471496045486081 -6.370360226866751
-8.279693602088329 -0.09460352083645795 -6.759489875514071
-10.5425891096959 -2.962551474571228 2.84660174501628
-13.53933048638305 -5.447693894246349 -11.61693030859112
-9.892100821517406 6.891065061044522 -28.33568698993156
9.04147969338452 -2.158093670371525 24.22569386261065
10.28244498206567 4.537471496314791 25.38634458594158
-9.099095842460722 -2.880949781253448 -8.274421129742542
-21.69700365862024 -1.612296870188638 -8.50515338890451
-6.480945628074835 3.26397781700207 -8.367756417877713
-12.6954065959266 13.03239596405264 7.278847711384012
5.36732819632391 -1.020070845487543 -0.2485379650450965
-18.15963964624283 -2.089611887931824 -7.119880204570859
11.92438091099045 34.54160566463646 16.1004156467016
-3.711085744339444 -4.162856649935834 -7.554014782314995
-16.93140230381421 -5.333714918803159 21.97568238233378
2.297386290959444 -6.063197583542538 16.2825251742884
1.401569670139981 3.330410841721329 -17.80032995056101
-6.457054457557605 -15.34235353128404 22.33233718512021
-3.952931350871276 -3.162078096565994 17.15846567469592
-2.181657057175793 5.800018944472535 4.953900538599506
-4.84048173960365 1.356119042283864 -16.82305739973823
-10.93365985175702 2.628496006377278 -12.53004106753978
-19.15094087040212 6.541176098339034 36.13914602755683
-29.95897450912143 32.82866733428524 -19.43374693483794
0.005680954499471499 1.256628298842501 18.11909960882173
-1.375754326542443 -6.638032717840457 21.57765498657029
2.510906491871607 0.1264425301750196 6.725148842289799
-4.395311640366379 -3.621414103861923 -22.21831778625033
-1.332067255815317 -9.478334134323147 -5.069378789205887
-0.4792968795673198 3.289834774178749 -12.03999340313187
3.630849643828828 -1.763492396597118 -12.91632818371698
-6.037411118452768 -0.7755376626780507 1.812417384618576
0.001767150730878742 -6.682031022307986 -6.02718533350084
-3.766157644183468 -4.566463858140335 19.65876008844853
4.790196861410227 1.073468301470422 -17.96428955076863
-13.1507336461679 3.480841312787262 -3.44037908280888
2.300862881834943 -6.06928578959198 12.84982541273492
-16.06534924156485 -0.9949190715495987 -6.435442232598607
6.105755527989916 -1.607396159132748 -1.612719851709082
-21.5841419706497 -3.114343257795216 -33.46581789822019
10.44883016363888 -3.648599106943015 -7.09951674888865
3.598791278308605 6.216872409859191 24.4239369816235
4.301200457991153 -7.496608831401326 -4.74688321177099
-4.665499155709576 -5.401583310645471 6.334957409798712
27.04194023843657 -0.2604842328754167 9.132765790715673
-2.588355414345057 0.2910439421342963 1.175252430661014
-1.992033466342366 0.3915161539178407 8.527214874005761
4.237967596869145 5.246562592067697 -11.53491710260048
1.393503715247391 9.945160904495859 -4.765262192047183
-24.08596820319639 1.686954730271466 -1.368047160006897
-5.649935014130724 0.9576769065458458 -18.42757551723707
-3.796592662931705 -2.130522668361664 -16.868839705018
-12.95182300039644 -4.036362297287761 5.71522621362248
18.31353644666888 -11.19018387142543 9.160662932519351
6.226178970002131 1.803570598124902 -15.02550273420305
-3.074090951305684 -24.44695482021282 -11.40412931096665
20.31540858134638 -1.248802244663239 -8.072285646123314
36.29166570652711 -2.169638397085847 29.62961567708854
-2.555159947242162 -0.09876294388600049 -13.77052703369213
-3.493222184983628 1.210779704975466 -14.06979547537309
-2.681875294380547 8.488231886533507 -20.87986815211467
4.379782926262155 1.728356717041327 -14.40358741804727
-5.385260028412336 -1.211916811403581 -0.07570610494477424
1.393286078086684 1.11578601206159 -10.32276182457429
3.139715560009758 -0.3517646765218343 -6.885103330327519
11.60068194555156 0.5079268677405644 -7.334472033322188
-7.651406623953541 -4.837203206785638 13.33345307618674
-12.04068506856625 -4.245097713267155 15.73890584329021
6.567001051704664 3.595814210474094 -12.64303484400898
6.225051304707975 6.310939392012773 -13.900773552403
-6.031972332102066 0.07659837254394808 -23.30908938034267
-16.12623601097862 -8.438338202780088 -16.32531729220264
-7.982985633201365 -0.6619958706397733 7.930996468340259
-1.166481290583989 -6.233467974788359 -15.31610794448821
3.923084117749234 -1.944291617778807 -1.891469832378068
7.464104642026101 -5.054544669778898 -0.8521571743919991
6.156982841543421 -5.428768424184943 -0.06549681966370197
5.114554244404833 -3.022013545036316 -2.532622348855698
7.105695542383356 1.171460949648454 -2.520228694578592
3.127897115763334 -0.7729372838842077 -2.61823506355125
11.91438760877851 -0.5457574036323537 -0.7785471226744868
1.031638648138786 -2.078355252742767 -23.40480197009353
6.911775550496252 -3.39664951983714 10.82270572742884
-8.095477917559096 -5.171661101052288 0.829314511606161
-1.275401956028068 1.18030846525625 -1.736349011596404
0.001543442438123543 -6.768970862243682 18.86498922461679
-3.354340554424756 0.2094683735591656 -20.29823541916683
0.9983879791806435 1.085151417960765 -1.736343542725881
-10.34512701016789 0.3399183620224324 -23.86172474495669
12.17167966785463 -0.9468287764645145 -3.141957857609108
3.921491198336637 16.64908279018819 -6.922477398082687
1.046090602539414 1.286652283950999 12.84978456839333
-3.780829236930916 -1.961248364649397 -1.801343705605696
-5.079152092367346 -2.149137517786717 -2.249123262290788
13.17963842342663 5.232982909205893 -1.192813663454206
-8.808919868046704 0.03535439931673379 11.41899126632976
-23.63054352823749 14.91062596256343 10.19724372724633
-23.67217126894534 24.6619741927868 4.845095851598756
1.641577499363425 5.614692621240253 -23.66560537189025
1.936497378193171 6.44250163584771 -21.9193359726304
-7.949268591939946 3.957516047048178 -3.370872187775228
0.001005970932262346 -6.89507268241052 3.416336013497864
-2.02349087878198 -0.7314274463081338 -22.08178828799641
-3.625029818000677 -1.405669958961796 0.870097413265271
-2.743458778380377 -5.201306310813912 -12.07769447793191
-3.813836391457651 -1.721364591425248 16.2842189685695
-3.59540574045525 -0.04736227925244463 -21.47603476773502
4.689836199300601 -4.084947180448561 7.154827123641609
9.339163688942689 -2.711735119540658 15.28090570885949
-16.29199248516714 -9.834739725543178 8.350547811653222
-23.01587685956391 -8.722730430787607 7.63416688265105
1.833263183104059 0.8087368345766671 -15.1170367652035
4.310218144577815 -3.586844406102971 15.42432318828877
3.01368270345522 6.609639865022753 -18.00147134010341
-3.500197424454594 8.503982493864891 -14.44173020198903
-7.977228177365799 -0.8132736760477481 3.30381494809063
-1.36151740937198 -6.536804990611239 9.439360669295512
-11.59832106327787 -2.063999461204673 20.91917177104112
-1.605820372762301 1.229450768037069 -15.8293235685572
9.680780740186862 2.691219052292401 -6.978214000774003
16.09900527828594 -2.683707501195351 0.01056295941076201
-23.16350733717145 -4.569034494818618 -18.75517503192884
-26.78079391324653 -10.32957553099013 -26.47482259489685
-3.120518284463273 -0.76982043283637 -11.17884518376478
2.806733042069335 -5.204885909125231 -5.195252890679433
13.95093796655124 -3.024353859658832 5.792887509518364
-21.74504726125922 8.883336136868344 -14.23950007477409
-23.52311446003548 -37.84383748827425 11.48054222436054
22.36718898319444 -1.12960288567826 -7.792532940390323
12.87657016489124 -4.397114314080412 0.1997700648518381
20.64865823804928 0.5222993654358608 -4.984757424041015
13.67379849625239 -3.120734870831114 0.5893654269656503
3.178437904114735 -0.741448279452013 -10.31952553342309
7.716358979742015 -0.7354929503196077 2.350972924546817
11.72119586479231 5.219510770249322 -6.017110726914686
-1.005722288059995 1.116841675731412 6.84403143783743
11.96610298104116 -6.108195700400243 -7.689773087011353
13.43096430576614 -6.163444433001814 -10.81670277356766
16.20229509293004 -9.552919617700642 -12.10656333717495
10.62834151337915 -0.5306732175641022 -5.586626491321597
-9.514077515325985 3.978575944558844 0.6033818667720854
-21.72076432988798 17.51737982449882 -34.08713351133784
-1.750886440554655e-06 -1.43181897572004 24.60981963919874
0.4640397113569166 -6.543526882328672 22.81449162048335
5.427742610812124 -8.685704497920758 -0.4911066272663043
8.338434340460767 2.910936195378515 -19.84192583475715
8.509065714922702 4.827487543388003 -17.54891947796504
4.471799728272235 -0.04393259176338016 -19.19071779730222
3.605569810613563 -3.933692124795003 -17.77345601869204
-1.194500891421978 36.38231230400333 -5.568775169644304
-12.36369458600648 -3.874293741915127 -18.91014075946954
25.01897974717608 31.77266629829266 -32.06009561333325
9.169098967780796 1.798888532820756 -14.27099906587982
0.0007328981893445774 -6.949563965514451 -0.9058113921883032
0.9818250666463899 1.013658964003567 8.559965392089472
-6.932690612583481 -0.1447366352063266 -12.29923090418033
-12.83955259965319 -3.547274776347248 -13.48345347723227
8.033613675828308 2.708303453770293 4.41379230902309
3.383080653585055 -0.5459236500188626 11.07212032149063
-5.359299185015167 0.8905782428583743 -13.83255945136607
-3.670378809409792 17.07627286424092 -6.694483010338486
2.540972184767032 11.77619327342595 2.091988749809738
-9.647651142846922 -2.962551474571228 3.875323338817109
-6.755424192272971 -7.071671674510565 -7.808769970296662
-6.317798494474005 5.240180020386386 -10.58737466381618
-9.263186706062225 -2.989727105658462 -14.4035770431295
-7.211667763591256 -1.344947679920248 -2.210432920489681
-18.74032993381199 -1.33920710352868 -7.223551963971381
-7.021555500444732 -1.637869236059059 -9.182381692737096
5.992610680676891 -2.722006973897533 -5.750600028805085
-3.911775745045136 -3.159473808911108 15.42419717520227
-13.35892647072877 -3.394077838744716 3.247544958698053
2.48725570040534 0.1676602342909286 4.269468779712502
-5.725035414914051 -3.548180100930286 -21.68365898061808
5.700283464568113 -3.697762964504432 -16.62627260086481
-18.82493050420117 -4.698161728656471 4.47939231479811
-20.73016835787487 -2.457462777288777 2.162566894227774
-1.285238729930429 -6.441349502469449 19.51239701319251
20.79301778031974 -8.395632191051501 -22.88419486469002
-18.7988553054116 -15.45693435379897 5.084902110951961
-16.70386061471613 -0.7745565047666165 -1.323291659254774
7.046864079706064 -4.019457667241914 -3.690449481578069
-10.03586498468698 -16.62615540873361 5.923900062205612
-6.650299104626932 -9.178859563720577 17.72030615804433
19.03472061447016 6.151476261646001 -17.98183259269384
-3.835988154488295 -3.168711175502543 -12.60016258494237
-17.99406652678682 -3.838874210583883 -5.503464165377131
4.20265745260278 -2.00839763879776 -23.60117652894943
-13.57011426765323 -0.04652532604121429 -15.86728906652546
-5.695220784160883 -4.144971224969656 -12.37604923752976
3.352798535389361 1.736655738237416 -17.23393522744136
15.56802353321003 -4.394489638680975 -3.539972276435056
-1.236662284889583 -3.481406450063464 -23.06619561019663
17.78665393425768 -3.688629702995602 -2.437766667261395
-8.141278983482769 -24.47687746438879 -23.96489854295462
-0.3719675883508007 -28.12481644027586 -33.95097259527291
2.196689992205207 7.608181203202304 -12.84870422319063
-3.549646424211694 -1.494821248833119 -23.0153714397804
4.794726162949672 4.196520689529466 14.34361734541929
-12.58496013834511 -2.039608867064189 -6.753957835431717
-11.51608404346457 -1.32315887500585 -7.650666520844572
3.91228169872326 -1.695651661805039 17.15939748923755
4.41993616454632 -2.64653400655544 19.00704182783078
-6.955817552509361 1.934682924333694 4.544537002651591
1.330857745374157 -6.433775576234303 19.73700984003261
5.592317177716893 27.12047208868354 5.232938495953039
1.403839518751422 2.537340065588516 -12.85605244553317
-7.524937544503602 24.72704743865516 -17.93599094750951
7.596202522702358 -7.96602906970376 7.561548533245783
0.001774903652046356 -6.680265099567264 15.42380507696189
-13.84219187740541 -3.247747848270051 0.7936372273940577
0.0009260985420476708 -6.678322143627373 17.14130367801125
-4.122446539483447 0.7716518577764389 -0.5886856795602753
-13.25352451563793 -12.36846293612773 23.39886877485141
3.383970330478232 -0.6268683670850956 14.56692093477167
2.470218952009753 0.1623232230604157 15.42405846958696
-3.139782660783998 -0.7595635676894819 -12.71570408613756
2.373519497997682 0.034787887237682 -12.00499130301084
-15.35872299934383 0.02969668050456264 -2.523975137355604
-7.827009618416442 -10.57009366893314 -21.33678289388423
2.742373186974212 -4.878904908990767 22.80632846665002
-36.43594743811416 26.36294373451405 0.3804484607898466
-4.980297536256948 1.298335674953671 -27.35871922628818
23.71819586905311 1.941081572488509 -11.98211118479377
-19.36483374011085 -5.827349853960081 -25.35261658748303
-38.24096305103495 -7.10428608180599 -9.684423006878379
3.647250618956324 -3.12760629141658 -4.379124118057842
27.12391100211379 1.781477556572895 -6.204122521386019
-7.173656155096764 -1.9410167635827 5.396959908836096
4.278495907783508e-05 -3.452910539382014 -23.34966677676271
-1.310751491792401 5.884425712341235 -23.2086343964863
-14.81408536183371 -2.052062701025772 11.8798254815983
-6.244533177303018 -8.384299877579027 5.874075049749415
-4.207656105721006 -3.416513317324508 -18.96811880331871
-16.57463330270001 0.1353309153475875 3.962938894802793
-3.875831737073141 -3.076748434739702 20.67388431382998
10.1215703442135 0.7959391107095054 -3.202361016630099
2.570277294608276 -3.973289351985015 24.24431406465579
1.802580486939224 -3.915005148484187 -21.61718451524887
-1.631952859858055 5.125232428948942 8.090027496000026
-15.79125460499583 3.11228674017875 -40.30701248884031
-3.139254812388655 -0.4517840139221454 3.849152618143842
-5.73381168106685 -3.925410042593111 -7.105971616007447
-11.08743761635679 -4.576059868743733 -2.928123083563383
9.642694693755374 -0.9437071182660861 -0.6581558568860254
-15.39321122484916 -3.456258051068773 -5.402601621783914
13.49056856869312 -2.260915760947038 9.697519660433709
-10.72475695429784 -3.480390869321547 8.366831753009969
-5.715636556283121 -2.591777815590798 -4.154879446989836
-14.57622723661993 -3.070043491068006 -17.90429934369333
-6.688103274675647 -10.70489000046756 3.417263786837692
2.235174176301591e-08 3.523390102800915 -16.78270305472186
-13.34687924512925 -0.384295631274063 -26.65949994645096
11.23917285120314 -0.5217543821969894 1.017589966496192
-21.62666955358603 -34.93277455032958 -17.46955201776864
-30.2469674110095 0.1271649031083799 -4.679044218979807
0.0007153898477553766 -4.923051437903981 -20.16284089950698
-1.760391685938474 -11.2414500076503 -27.62847735385647
-20.25502096447497 0.9045097803784703 -2.196364720912416
8.761098652119486 0.3378293688156247 -19.69078560593578
12.00416507194951 -10.25048952817149 -6.933692184670364
7.616925909385078 -9.350063381177614 -11.61915348158185
2.339777784029033 4.212440109679887 -26.98701524009993
6.209946818260141 5.629434469777865 -32.06381646024234
2.832701491226215 -10.36977482602846 -12.25833141649127
-2.088003015344138 -5.759071079451459 -9.458276832555176
-2.088082395277967 -5.758933451538991 -7.742155766073274
4.944433515843551 0.6177061629297139 5.019697050481473
6.542282834800363 11.29491972758079 10.71445499353793
6.049816590361533 -2.239105990076832 -7.933987730926329
-3.663207017839688 -2.043935480547365 8.565987825226275
6.179572007849746 -0.636027528794556 8.730545748472307
0.9876865962312653 13.71787566636097 12.4257886803467
-8.479513121469383 -2.519814787150256 -10.62152322162327
9.473209318743347 6.344484672913541 -13.76648811235908
7.843531649920513 10.4279824440082 -14.72247912803458
11.43072604239259 11.57570443334845 22.05986610342129
10.44939194851695 2.495266471516274 -11.91200332643002
-9.65553763551679 2.209319014949507 3.432358511250011
-10.6739507184541 5.834716141733502 3.677499877686362
9.431433580777291 -0.7567466956722937 -16.06680237716823
10.92655315457619 -2.514697588799025 -18.18716619641758
-8.902192468454569 9.066276352442848 -19.39003252544038
-7.792401383981995 1.088426026123492 -10.82502020921213
13.10981691010233 3.016789693123031 -10.70118891924966
-0.1002973384863101 1.177135377893498 -9.514591374145896
-3.696576596037342 -1.04030025395483 -17.61840876914197
-12.6654519803096 -4.236380529544705 -1.15903647890458
-8.565830938026696 -9.21430418297702 -36.25733348424646
1.195694914442171 -6.533540782266576 -2.638101230076499
-4.831453513666102 -7.973870262781994 11.83129813882985
1.578988621543166 4.23134925232303 -19.53173459314409
-2.03361071784345 3.134919469624804 -19.73426273822374
14.29232688498585 -7.458079693760931 1.559235295346065
29.09187075959405 -13.02542555749632 20.29449022182795
-7.615294842688721 -0.2727437058525162 -23.18930149078369
-24.13767042511199 2.509819387318457 -14.57768462612237
2.616488846003072 0.3431589543816056 17.18877368316248
16.72350181445557 -14.86387277783786 0.910442055034328
13.61838725159942 5.197415459932939 -18.61105215986749
5.716935336554252 0.6840077763522111 -7.455177545032712
-4.557941618069266 -6.20932852121024 -5.884542589878255
-8.183688510383758 13.14732398161256 -16.57995439323324
15.39511687585722 -2.127156257629395 -6.415520976510115
0.8469481578053398 -5.900815534155714 -15.91122892887426
22.44863075596715 11.3889585144976 -4.386160472968613
-3.510100781061807 -1.667337949161722 -3.812613877390735
-14.7401873991876 -0.6180575904588967 -0.4299121019792251
10.34697568251486 -1.042031024126339 -2.871970288781697
-3.644646085473244 -3.22325972926141 -15.83101609709133
-5.346064716144182 -10.5225689502813 -7.020555303261366
-2.118277615611829 -6.2226958991563 -0.8909934308353575
5.775315002948038 -3.150436705836549 6.256600765833054
3.417790888589669 -4.406786483431553 -12.05625860029925
0.3096753211736607 7.056001808575017 -7.52700211342639
10.93162720338245 -9.563064938263283 21.98860320665369
-2.665394161536982 -3.882426082657556 -19.06304744150016
1.299867467183283 5.767203308602006 -21.40829340410777
-6.395612168471136 -2.701067022566277 8.346894859141567
-5.345120699675072 -2.003144505931917 -6.635177352779462
-2.013986245373487 0.140468192764158 -19.95413517597902
2.17812913987312 -6.383207014929129 0.8330092817810493
0.5958191048017181 34.42626074829395 35.3452529854507
3.43738071294959 -3.235799963787299 -15.47880156831237
12.93808554912132 -3.521638888211142 -4.71758180851177
3.666429314778171 -3.217226830180959 -13.83401606556651
-3.649395083076284 -3.171821533715419 -5.567031329876434
5.949373032740736 -4.917277139441913 -7.86781346389567
15.85884409901757 -38.27382153893876 13.54249416578192
-1.747875398075381 8.601134612625348 -11.1785065200084
-9.8009811365655 -1.802921916775657 -7.509632739281066
-3.974456321591472 3.518874576261612 -16.30046996812536
4.178804905204016 -1.190985997950465 2.476581745162527
3.321145291029056 -1.045686383994566 3.405031095129452
-4.881070504892439 5.467745052623532 -7.144253113618933
-1.29402013458665 6.574340298847789 12.22119913370536
3.067746769349141 -4.247491964429297 9.568566170111552
-14.97424861233991 7.112455981527719 5.196633710942145
3.307450044005909 -4.098574805190911 -3.730971301238201
5.61620585255456 7.137086608461955 -7.988468753575481
17.35408071325221 -3.995702605594307 -4.38872529357662
-28.20559824129649 2.200387029851441 22.17902160432103
9.335213399658294 14.72778331386659 -2.9107588351924
-4.817083409176628 -0.7530306239050297 -8.927418358302274
-10.05409564242165 -0.6261045637791089 -0.6965842742411752
25.90674891327401 -34.25728449698688 -29.27297111921638
20.85634217360186 12.98751490287041 -16.36592921638626
-16.4766733636713 -6.311333916684096 1.607681530664367
-3.831567965780371 1.646948919587874 -10.69300078357576
5.615468629639365 -2.84308796678893 -19.3321972021616
9.168751978171194 -0.5677831379816227 -34.12061869909786
22.03686486394814 -23.03503698695167 -10.96327904705351
-3.443256608744893 2.310037399089114 -19.23458433884799
9.298368805910144 8.39510917822815 -5.835264856993251
-6.9136208479807 -19.2199811432184 0.6951092338895125
-2.806785202648738 -4.46598105018435 24.41299033690622
-1.562006384865504 -3.578105543328786 25.11259000558774
2.485758736660418 -0.9809810557946068 21.57048543941477
-7.89544179589751 -3.869538760064716 -15.28593241171271
-7.001637729491833 -0.8133706306581168 -15.11499215141408
-0.9668914446792719 0.9513116852409462 1.695755133991863
0.9668571123295147 0.9512984401698679 1.695755324478133
6.612943381604241 -1.235896638453975 -16.422088560553
-8.95245858920182 -2.084979110628345 -5.648750109786818
-9.035260455078115 -0.9466679584531615 1.665164019275089
-3.418938828338282 -4.279466799187737 -9.457835108164257
-25.45629656186345 -4.653241023036234 -4.924065976913155
3.300423192168019 -1.890053686641563 -15.96619014634256
-22.58105268711003 -2.991094121020486 -9.625559107619665
1.290367339256806 -6.335762195295357 -5.17956210786364
-6.227174968357495 9.143263245608235 -7.282996655609181
-28.09792139918616 13.8459796263204 -26.19570395222933
8.437162307201568 0.5905712792127147 11.48085634545513
-8.208253817588345 -1.270231425762177 -24.56925231988115
8.612601042094074 -1.626884189347241 -3.607916691858225
7.638300973465443 -1.481415218626772 -4.842003970005383
-9.308484126567533 -13.73262754800527 -0.7662083328419289
-1.717394384909143e-05 -6.702196255761987 6.013027812682262
-9.169187685822891 -4.195717750666153 -9.466727539484308
-10.90705979539016 0.4274333055439152 -11.22559194989124
-7.035706313255572 -5.523049920698016 9.096842164196019
-17.8910565253154 11.83760768122433 25.42978355599158
-7.099728979043634 2.465924197549595 -18.43191168677979
-3.549622458736349 -1.618631461756353 -0.2702156873334448
-17.45724944330598 5.571800127113121 -10.96755822267716
-8.574060935374165 -7.869667589533141 -10.03215531700192
-36.92413772945385 -26.18743734268544 -1.106034938552977
4.144966026792276 -1.778198607815795 6.092610758859165
-9.546656137669729 1.065662897405784 -5.788456448507663
-2.110332126688214 -5.791197708497424 -6.02676006247107
3.649655952203506 -3.131038040536659 -6.026304439847593
-16.55404924485405 -1.621167960469721 -8.86760259890532
3.352733803281107 -4.374036342711911 11.99185872456772
-16.49075492431848 -22.86057656908948 -2.910094175065161
-13.43087122692422 -32.88319259729826 -6.28108439547451
-14.87995748943801 7.412350763054839 -13.91624631628125
26.54373655247976 -6.232005235900205 -19.5579134835147
32.54879586226817 -3.8874646989023 -28.56324715421942
14.34467043075788 0.1261160899482674 -3.008490431989987
2.13118343367415 -5.824878303565141 10.32027687712679
-6.171386849258383 -4.828529480219081 -1.850815138945625
-17.63362206693079 -4.688327026118515 -9.684754481502447
13.81283505222812 -1.143868374787306 -15.10299670081028
-1.293883821338123 0.5019809379406852 20.97327424693257
19.64507683283238 -5.014395958849319 3.306770785633077
23.65391163483477 -7.183056376114696 8.266794411722515
-5.787983536720276e-05 2.930285986979343 -23.47040266767462
7.399780993078312 2.13251526713386 -0.4868917274108651
-4.468828856688586 -1.655969223716157 -13.40995891558106
-0.5072697084404295 1.485147439938193 14.56578053382667
-5.692847382895174 -8.58850955087985 -13.19070539594145
-6.400210333901916 -12.7910764396606 -15.26645989206184
12.98690259394633 -4.384523702581777 -3.382599564261144
18.97265193548738 9.735919850710353 3.661128980779382
10.10512736181449 8.340771918978822 15.80116620429295
3.138394284531038 -0.7460190356378676 16.24680818238339
-8.697625467183219 3.780165113754578 -7.071623727847554
11.49178892762419 1.328465949098148 -1.735519016772396
-9.954402269194349 -4.221903908344822 -7.67842629730518
-17.35021965061445 -19.9927636387395 -13.80537810395958
2.682722986957107 -10.17130264187962 5.09285577056488
1.60828772695765 -14.31166328909315 6.546976154937498
1.260780691777301 -21.0149600687103 5.357036534473123
-2.67401339401856 -29.25045004906441 2.289018237149648
0.8639055405863214 -37.07386750505962 10.03327809566693
0.6315854205073881 4.655915768649685 -2.754182383516615
-24.28870345957862 6.434656261636578 -25.47403529696368
8.085417804448531 17.70295115138867 -27.98312489243158
2.803647718637956 -5.220230874506097 14.56578161526224
16.01378196280628 16.81287708550316 -3.208939354745878
-22.5401930652167 -0.4369262993491232 -7.703143667812576
-1.612839313184453 1.545048691145622 -22.0560358607145
-3.721884969239748 2.879323013673159 6.355983718755811
-15.91815196962688 -5.673174854621536 -8.11585273393445
-10.34648187057192 -2.250966913197855 -5.530302029458872
-10.44273438965339 -3.525883888692082 -5.508066428265609
8.144152934385339 -1.060672850456898 1.059949797561821
-3.029101684219401 -4.982389771598956 -2.988535378502144
6.960213513655591 0.07453827820244419 -24.70987802279717
2.731197216813039 -5.161476892394434 -11.18483225867368
-10.11418579214011 -7.230347574011225 -19.84898701412031
5.567094874789921 1.339988772116298 10.96083967517817
-1.50872910467776 0.7219068117687251 19.38400215241745
-12.58407220651029 32.33285864646872 15.05909742414538
-24.3125778084382 -0.9153594789903168 -12.76083619558449
4.58588498749131 -1.366041389465851 -3.940749462526653
2.870345955578088 -5.184218909953088 -9.301568185039461
-5.0593801702404 0.9636308553140722 8.337385736784148
1.375674111531501 -0.04179285630947538 -21.15708542202781
11.36876061406952 -3.522238388269697 2.337159574676348
3.679539520377418 -2.794096880858847 8.653980383118011
-4.505745837892119 -1.686343644338031 6.077572065204884
10.51383342631431 -1.082423581350835 -1.478681669282856
6.182087749969969 -5.36926873694913 2.590001116769081
-19.34980557180463 -0.2267579877915595 -27.80158480082575
-4.826566091771658 -0.9374154888903328 -4.542242850395828
-4.434395059507234 -0.6397927249468943 -18.92631318257649
15.3405424106758 -23.62709918929389 -5.09538995401142
-14.01673076302118 -17.25672282462296 14.61742446201272
-18.68407171772406 -8.233901964381413 -9.410360311156806
8.92253969450929 -1.084024618068743 0.3230181723626658
10.16645166259388 -3.87589641990031 -22.6587860317236
-3.186622442032282 -0.7368069813203166 -5.502747625913275
-2.711235212616105 12.50782503711246 -12.88104887678487
-2.085015542319431 3.564775825952621 -8.460653481890743
-20.68845326309688 5.506895515555732 1.767227547042633
6.891963566208235 7.025507801053662 -0.7476455767987529
7.089298736958633 0.1413724613139347 -22.20830044184152
14.19454904119042 -1.472153682970792 -5.733745113370238
-25.71312273402607 -14.07065918652876 -18.96371143467663
0.9095732611917604 -1.781589156085519 -29.92988409290722
18.13315792581063 4.911974807181922 -10.46893776373
8.812050305890413 4.872937008917727 -24.1066156607477
-13.60910220311593 -0.7606443590447369 -4.638954743909848
-11.31365310361045 -4.583990758432448 -0.8788828474748336
-3.439576714675824 -3.405320483657198 -18.20911685958112
13.73569208119468 -0.8609880053010008 -10.76663027190314
-1.868596948539075 0.4025833182199283 -12.81398337640766
-7.074557390087289 0.01662866769832294 -5.596973561104963
-9.067942215240535 -3.535684471304411 -5.825661549989005
2.014274766089577 1.32633956956144 -19.11529991228835
-3.643232882612616 -1.77167117302881 11.99459754378451
-14.41270695165238 13.56103263607988 -29.80265241253449
-1.237412749793285 -5.995451331761889 23.02430818730646
-8.366607178062402 -7.013275824780348 -4.084668991678072
-7.554308302217579 -10.06379946214711 -3.488889585507363
-7.063211389495217 2.052586845492141 13.70135386789613
4.294569915764987 21.79421649701705 -0.7032046529896583
-10.05684264340978 -2.942010998725891 -3.861314317712557
-11.80384923417222 2.416528825870166 7.664766118295081
-16.85877867607672 -4.031078377377733 -21.24732425689312
-5.111279989392514 -5.163375460550315 -10.99013427749448
36.58278630500314 15.96876945599751 30.40679922435629
0.0004612017879184194 1.932697429260094 30.09786429781198
-1.158675472014167 -6.483317965490205 6.879558736109316
-12.61384843136514 -2.165427684783936 -4.625920324977627
-11.64290737180098 -1.387409026803391 -4.503761276003178
-7.339383077458948 0.4374218898513317 -8.22448748054275
20.46866857543542 1.506444651467556 -11.11232985659716
7.78032725409908 -9.638111123064654 4.101092987218667
-3.605120395381696 -1.951542256220846 -10.77107390493963
-3.571091991769558 -3.860518866559374 -20.7117028020553
-7.936362014704692 -2.101280367746614 23.7663128424228
-15.26931213470975 -0.2198508285812502 -4.583424398714167
20.54844825913605 -2.941321395612084 -5.970440149307251
-8.961438766713009 -9.02946399565413 2.55055688862807
-14.70316077981071 6.669710148265901 -8.958525465874303
5.598691990550746 -4.728120404163684 -11.45044216023119
-9.605647948970052 -1.640577375351546 -12.02662008839762
-0.9604526322041769 3.62211728660222 0.2146104450843294
17.10299807858256 3.47928383042965 -6.833817423486145
3.973034867455104 -1.863699170553521 -16.9813158725727
5.081699374556133 -1.428317003000755 -18.62442985676185
-7.782576748813344 -5.597256222532137 -6.782471842819968
-2.319242378536309 -0.01775726503033614 -9.467140552855295
3.166804889378479 -5.943265607560862 4.275954967676557
-12.67699189268783 3.763994425399884 18.62289663734862
-17.0839456262626 -2.647227309422514 -16.68096380515436
-2.1183566577647 -5.804914058620047 10.31973886970092
-35.30445532271131 -19.76129417761347 -34.72898768517418
-7.539595540762702 -2.416836362159435 -8.042800140944919
-4.628776715757517 -4.674244146033242 -6.573167797232596
-1.783384730012503 0.4103039568219177 -0.8783047106806828
5.027798495736738 -0.05839251747963692 -23.56157670523731
-6.661269024279978 -4.227681598380894 -4.330684317580589
-3.282481899813083 5.744900209261056 26.55886103866302
-0.1423859163637528 0.8545813888222334 -4.507709968267791
-2.645938004317112 6.128924871599468 -17.84763987890528
-1.979697763027312 -5.638900329018492 -12.96768451401819
9.330503928331602 -4.595411138171984 -2.892299428885715
17.35577653093408 -31.34122523128195 4.904840299435888
4.954019816997762 -14.62261368881679 -5.433305783488324
-7.408088363079223 0.04756993031197654 -39.88247692320924
4.890916829877749 -1.273558200507555 -23.48166999284408
-7.548557249376599 -1.154728616420352 0.3074815984886982
1.149381842202884 -6.475923830063591 6.879909305700417
-6.278666476936703 4.218081938579596 -16.37430542170382
20.06753057137295 -2.292394320205014 -3.663807165614473
15.77596520718646 19.73991681509913 19.63373304402234
0.1670713957064018 -0.04361195351716322 -21.94277143987513
-4.391961326643836 -0.4089068524837314 -11.69109402980395
-18.29158992526196 5.126242746335688 -7.619228619365537
-13.44655376217231 -1.20466215704591 -7.343501279118092
-12.6322272146176 -0.6643610627653413 -8.676802564303092
2.863248411184229 -0.7323009504547139 -16.2532249049673
1.705882291217524 0.2659628155925799 -9.527703534969806
40.33483631611007 8.943257818490023 -14.47064597767148
39.05984861443977 17.97328341463951 -5.143789076787167
20.10872341550844 -3.788798570922903 -12.91192937679846
21.07270182859746 -8.570379302599523 -13.0133620891389
-3.424625061448143 -0.2101961773042464 -19.17851138448422
-18.59956875455632 13.43742797261217 -3.194495669978779
-26.23564032643215 17.39743899878581 -0.08559389835264675
-16.16241817140202 21.55735050698893 -2.778947936969914
-9.069045710132292 -1.424631162864493 6.318638273402569
-1.520109241193283 -6.736190959695563 0.8259140138194141
6.047932101219 -26.0487941653171 37.1622093871111
-12.92896292396656 -1.106152748663752 6.598869316520178
-5.763040851098629 -1.135286966049476 -17.45415468279255
-11.87671678546111 1.696412608904181 -4.630982392690377
3.975587909048541 10.54457178923645 -27.27053877107612
2.737706124706015 -5.16626345234095 -6.884308561838504
2.92372771594198 -5.284426728264575 -2.98953400675896
4.768558051926338 0.1143173286076345 -16.77632448985113
-9.18313079801403 -2.083812461030289 -3.969282290018725
2.910061095507787 -0.6833848764022412 -17.63886422461323
-9.402381917456873 -1.055084333478729 -4.855686233609381
-9.136478802534306 -5.308780287484951 -28.84262938489486
-8.004471531337291 -10.50112801966181 -26.96861922909559
1.750157345781409 0.3721738614288712 -7.742184301020213
-2.891115208029817 -0.6905848822835665 6.65132875864599
-9.631524377313383 -1.87753828703708 -9.320056010797011
4.382986893806004 2.803694209947086 -18.25608289472384
-6.715582137058389 -1.789443042877209 -4.359916269843368
-16.52351620089773 -3.579126495906192 -1.584035390796864
-2.057081236234092 -2.078294575214386 -22.77053682624538
3.287028398390488 -1.22340297765061 0.8766311526157512
-13.77753512735701 -0.9188759991421713 -12.14105695754283
-5.31419196292106 -2.11292067557703 -18.51579329244999
25.79342285268093 6.378393046221743 13.64976709791476
-13.18706225545155 -6.209450644298987 1.695279959893211
-8.927034963801448 -4.861119251473264 1.901025853419937
20.50257714727131 -6.375089949110647 -5.479091215736092
1.864376845911566 0.5409898867949076 11.99174131683933
-8.023963683367418 7.013099987122261 1.649608117407386
17.00389135329097 -6.979201962150524 -15.73621895245982
0.0001235457620223368 -5.944627087561131 -14.84702768864983
2.71162656435092 9.010176143602823 -9.49658771711565
-24.4166657797843 0.2719861431704595 4.16324317844602
-7.2430532956596 -3.745756391567931 -12.14424432492181
8.959917292037423 -3.744081368137341 7.166520050461074
6.244517396021574 0.9941750687241744 -16.55693362090913
4.278495907782121e-05 -2.046273767948151 -24.48633991434314
-3.711329963831228 -2.819161493416563 -7.501857769156549
-6.145430066625096 -2.759526078580231 -17.04209586428565
-6.273490060981395 3.486502574607758 -5.12941088321176
18.83794017578211 16.20801426432906 8.058361878780136
-9.653155379097855 -37.71416462288838 -16.70222625580757
-1.697202965079358 8.007008864787821 -36.33879323313472
-18.39679687711677 -0.1812616347766045 -3.226292716441655
-14.92233140659733 -4.28967688474976 -2.51708490052097
9.747071178285152 11.54794075667337 -19.35710661656129
-8.712252938998724 -5.098958618797518 -1.716071549387999
-13.37481316976274 -1.625382789865711 -21.64494733141422
-2.481532570465212 2.304712217295665 -11.7330233830877
-19.04422232502069 -0.2032611819416336 -8.866085747499286
-22.02507491585133 -4.931872533406674 -14.73730164212067
8.987613755214529 -1.263554057391461 -13.86088592079681
33.69025633266327 -18.24166267085275 11.67898939241886
-15.10828990585033 -3.23990283722407 -10.42000929474291
-39.92307237351402 -17.74967994311175 8.098305904519727
-3.18432519747237 -0.7396232277412389 17.16140853423108
7.551138016475138 -17.80042081672629 -26.18978255269565
14.32402002280418 -20.98414077692012 -34.54273167503562
-12.60367618490496 1.45876150910712 -8.387559560556404
-17.03213063261694 -14.05128228331981 -0.8733424634885802
27.04002692470828 -14.25089125785908 -4.983295025997516
-4.439218763989476 -3.795207023620605 -2.785249545315833
-4.654687501237547 -1.124657991949856 -16.86241728512189
10.18914141466056 -4.502511279324842 5.460905564063113
10.55525161862225 -6.319244626222352 7.996977322774901
8.106622606788081 -5.086592610841894 0.8292351385119581
-0.1408860315768867 -9.018250776265328 -8.694347679819334
-20.97375439674893 -2.57531738501817 -4.935173121851146
3.170367089809746 -0.1278098432512395 12.85134498159037
23.15822826237223 0.6300978809320075 -32.21274531623087
17.57728963324517 -0.150435275731551 -4.07375981753396
-8.064642636979128 -1.705829254103001 -16.45447845312398
-8.682158120648586 0.2675292541791309 0.6809548935940948
-10.09950716014974 1.464478376882289 -0.3158775788252026
8.041415934655534 -1.602769759633107 6.898542854627402
1.885145883940001 -4.067344208832573 -20.07607613467572
-15.8131149421176 -12.98629805234193 -19.76832036501034
9.238254249728691 -0.02494497954709329 -9.917094093769167
9.567723008626638 -3.37452061460282 -12.80835274838698
-3.599805302689061 -3.124267800116802 -10.11754459288573
-7.133399254154093 -4.40982641363699 -20.75140012855804
16.37632849569893 15.04421044271886 -23.15422366931633
16.70367525479698 -5.106627658642118 1.809357385267151
-6.60266549420412 -2.312923291666519 -12.34464082059012
-6.140623921230658 -5.27188490580469 -0.05573354272153758
-7.443321344314192 -2.578958701018939 -3.13146500125655
17.19272607283332 -7.172477778622114 -9.702186835215894
8.219276404729499 -1.270232677459717 -22.41456794020418
8.585327010292056 -1.270232677459717 -23.18922233581543
5.478144739346035 2.64519119379148 -3.139027263038801
11.11788501132678 6.733190691997559 8.359794989032668
14.00269533272286 10.3288802900707 11.93887340948564
-19.30056801306139 -2.404313211271624 30.21717070655543
22.97812609844429 28.54171717151779 -12.93554163923206
-2.11055172100715 -5.791476249806355 17.14554590795194
8.120878544060458 4.278868848992077 -1.923194909143786
0.3504482191792657 6.302698727042928 -0.2402352366632057
1.727155726263458 0.3409097816943168 -6.026223931011813
-11.62495320245958 1.986187615482678 -14.6272677288938
17.45385212204555 -5.34050113671947 22.55780460595075
-8.262049376557904 -6.827509374633159 -22.25404044339325
-3.182386434675507 -0.7411973117750881 15.42457192464701
-8.10423828389615 -2.57237554558649 -13.65702325174728
-3.192316329482709 -1.643591530322335 -16.08391174810824
-5.317800890908505 -0.5625395479330437 -13.7496056181791
2.347215693675276 0.003882909619200348 0.8384350132778777
1.726559992452949 0.3474752489468872 -4.310195888809482
-4.053727957953841 -8.881355845070939 7.685383364040252
16.91309096017038 -2.372003220967625 -10.1906964924849
18.88664718832458 -2.798168023061685 -10.07966333189938
8.274155964499766 23.28115286237872 -13.97180927881242
16.59530554525706 -0.5802737818701234 -5.617045663688526
-2.110658618934389 -5.791578865876605 15.42386617283397
-0.8639229166180605 7.691087805995236 -3.097579168463547
5.04452806793174 -1.222642079228385 3.42763060949906
-13.42783351570968 15.28759076441233 -19.96401984764787
-9.857440717024225 -1.526069207723435 -19.47932780376602
-2.151035298121086 -5.719732297837657 20.65662319140106
1.728926444734874 0.3419923731702019 -2.594389646042728
-2.159850380952875 -11.93529824898439 3.245695227817623
-5.027776650564851 -3.003004002240583 -5.413596425006173
-7.460884815805102 -1.402509873186515 -19.13309477091049
-2.071162137491759 -5.284916530527108 22.35390099995545
2.034190694576571 -5.691784401971067 -4.393115515383157
6.30423035515461 -2.075320028461678 5.681007648463249
-21.37261581420898 -0.5696509569697772 -7.608220946620595
-21.8309297949878 0.1740972846905793 -6.520224430261282
-4.992577234399776 -6.140559442809192 -16.78618542593344
3.914817194424839 1.553076446641168 2.171010444947385
-4.335462573843042 2.189637616540578 10.59339420572429
14.8386679071456 -3.432542118695636 -0.4532547464662545
-4.551438185513644 -5.576088992366572 0.8299293974782112
10.30559770064349 3.130206862529832 18.02150346734333
-5.163591757777896 -3.022165536880493 -2.230992048810197
-3.053145682684844 -5.647528829813906 6.146177338518493
-19.24053380816715 38.15260991701742 26.47376556603246
16.97898215230725 -2.090579867362976 -6.357603993231248
13.26926320152607 2.505923839643825 -14.37125588833126
-13.56595778423229 -4.287676850743183 -3.374571194555085
1.24413908340627 -6.212667768319008 -8.600187097027305
-1.556656453774887 3.582495708402607 -18.52010931159597
1.244120044084535 -6.212613800022558 -6.884207512539088
-19.42987747156729 0.6854101332956496 11.63086469561685
-2.845521185064107 -14.9121254070784 -2.299949137511391
-7.744501804403082 3.830930959377904 -23.66859822594527
5.773975984857464 4.119353376639466 -6.863430715449408
14.48340065481315 -7.478676844789357 -32.17679035759554
11.43152011712221 1.833150297976924 -19.69902126994058
13.31041706143129 -0.05322848993423834 -22.32733285056541
7.636727404361141 -7.37899075076031 -4.602109540889715
-3.418839162046588 -3.174954791137376 -13.82387689627215
8.592327066514471e-08 0.9654145883044116 3.41177528842365
-1.110223024625157e-16 0.9654101831975963 5.127851960143614
2.002311773954456 -5.671660466791788 -13.86936944847774
11.23718182912951 -8.18073520942542 3.201297213513685
-8.135045531484437 2.038573147813789 -2.319490001588263
3.545908348609216 -1.595445954346162 19.96891409788997
-12.31356417618957 -3.19697060139982 -4.628408521982167
-14.1445762627657 -13.76762080787514 4.852112911895026
3.036452606609004 -10.472391599108 -3.069534462391463
-2.840844742109476 -0.7017188060438316 20.31951491687435
-17.41683080217699 6.380985267329132 -19.60622448279362
-5.030311858174112 -1.068398775061515 2.715701053422854
-3.033918167195588 -7.648770022857306 -20.1699043613029
-1.57901188308713 -1.201847585892978 -22.84565741923493
-1.64132756219626e-07 0.9097137261097559 -0.8783275158424702
1.395088653377563e-06 0.9094985213697131 -2.594214390253232
-1.794565807830135 1.654955494574531 -17.00098142797254
5.945101982080692 -4.407517068856686 -14.59284038533692
8.148893748121724 -5.615032702249488 -14.92145196914292
-0.0003116764128208022 3.78103752363462 -23.72085228520628
5.453168356018149 -4.3195858372526 -2.239320027253943
-3.419032083522717 2.482723789567569 -1.633811174828675
-1.703714209595566 0.3133025520642274 -2.594371797622063
7.570908100714887 -2.92637005751479 -8.927256380469895
0.2799766559045936 -11.69704918313284 12.52346842378696
6.929302498551669 -6.443657830745037 12.46284737341102
3.689833846783682 -1.379249314785773 -22.96377160447298
-15.68516638907628 -2.511317891594118 3.396643120064523
2.106955538782644 -6.161898448399134 3.413947085094205
-7.500401021235457 -4.704003900954618 -2.027693923741595
-38.50571319258116 31.25617724237247 17.65056710062571
3.49949702048678 2.687355035755962 -15.96302703356508
-2.811182955775315e-05 -3.781159144249829 25.7124449895208
1.61554067685541 -3.186348148690096 25.03755710691367
-18.60241234843046 0.5156352548111769 -10.60333244849396
-3.310421078851384 -4.353055090708061 13.70776749355909
3.134195312954481 -0.7220058009954775 8.556148083259005
-1.464304787376679 -15.30429876989957 -16.9296332687352
-1.354575797531222 -13.30621983535973 -21.78771148490312
-8.636207059033161 0.7428796735989047 4.269611759863166
5.87503722626525 -5.091378753428546 4.410668838301637
1.682373618538599 0.2904746375766195 -11.15796325985177

CELLS 27333 131569
3 12 0 98
3 0 13 98
3 1 8 99
3 23 1 99
3 17 2 100
3 2 22 100
3 18 3 101
3 3 27 101
3 8 9 90
3 8 90 99
3 9 10 69
3 9 69 90
3 10 11 76
3 69 10 76
3 11 12 75
3 11 75 76
3 75 12 98
3 13 14 91
3 13 91 98
3 14 15 70
3 14 70 91
3 15 16 86
3 70 15 86
3 16 17 73
3 16 73 86
3 73 17 100
3 19 18 72
3 72 18 101
3 20 19 92
3 19 72 92
3 21 20 68
3 68 20 92
3 22 21 89
3 21 68 89
3 22 89 100
3 24 23 74
3 74 23 99
3 25 24 96
3 24 74 96
3 26 25 71
3 71 25 96
3 27 26 88
3 26 71 88
3 27 88 101
3 84 68 92
3 68 84 93
3 89 68 95
3 68 93 95
3 69 76 77
3 69 77 78
3 69 78 90
3 70 85 91
3 85 70 97
3 70 86 97
3 83 71 87
3 71 83 94
3 87 71 96
3 88 71 94
3 72 84 92
3 84 72 94
3 72 88 94
3 88 72 101
3 86 73 95
3 73 89 95
3 89 73 100
3 74 78 87
3 78 74 90
3 74 87 96
3 90 74 99
3 76 75 85
3 85 75 91
3 91 75 98
3 77 76 85
3 78 77 79
3 79 77 80
3 80 77 85
3 78 79 87
3 79 80 81
3 79 81 83
3 79 83 87
3 81 80 82
3 82 80 97
3 80 85 97
3 81 82 93
3 83 81 84
3 84 81 93
3 82 86 95
3 86 82 97
3 93 82 95
3 83 84 94
3 32 133 4
3 4 133 33
3 5 132 28
3 43 132 5
3 37 135 6
3 6 135 42
3 38 134 7
3 7 134 47
3 28 106 29
3 28 132 106
3 29 130 30
3 106 130 29
3 30 104 31
3 30 130 104
3 31 123 32
3 104 123 31
3 123 133 32
3 33 107 34
3 33 133 107
3 34 125 35
3 107 125 34
3 35 102 36
3 35 125 102
3 36 127 37
3 102 127 36
3 127 135 37
3 39 108 38
3 108 134 38
3 40 129 39
3 39 129 108
3 41 105 40
3 105 129 40
3 42 131 41
3 41 131 105
3 42 135 131
3 44 124 43
3 124 132 43
3 45 109 44
3 109 124 44
3 46 103 45
3 103 109 45
3 47 122 46
3 46 122 103
3 47 134 122
3 102 125 117
3 117 126 102
3 102 126 120
3 120 127 102
3 103 110 109
3 103 111 110
3 103 122 111
3 104 118 116
3 116 128 104
3 104 130 118
3 104 128 123
3 115 119 105
3 105 120 115
3 119 129 105
3 105 131 120
3 106 121 118
3 118 130 106
3 106 124 121
3 106 132 124
3 117 125 107
3 107 128 117
3 123 128 107
3 107 133 123
3 108 119 111
3 111 122 108
3 108 129 119
3 122 134 108
3 110 121 109
3 121 124 109
3 111 112 110
3 112 113 110
3 113 121 110
3 111 119 112
3 112 114 113
3 112 115 114
3 112 119 115
3 114 116 113
3 116 118 113
3 118 121 113
3 115 126 114
3 114 117 116
3 114 126 117
3 120 126 115
3 117 128 116
3 120 131 127
3 131 135 127
3 0 12 168
3 53 0 168
3 8 1 166
3 1 48 166
3 32 4 167
3 4 57 167
3 5 28 169
3 52 5 169
3 9 8 140
3 140 8 166
3 10 9 165
3 9 140 165
3 11 10 137
3 137 10 165
3 12 11 156
3 11 137 156
3 12 156 168
3 28 29 141
3 28 141 169
3 29 30 164
3 141 29 164
3 30 31 136
3 30 136 164
3 31 32 153
3 136 31 153
3 153 32 167
3 48 49 159
3 48 159 166
3 49 50 143
3 49 143 159
3 50 51 138
3 50 138 143
3 51 52 158
3 138 51 158
3 158 52 169
3 54 53 142
3 142 53 168
3 55 54 160
3 54 142 160
3 56 55 139
3 139 55 160
3 57 56 157
3 56 139 157
3 57 157 167
3 136 149 154
3 149 136 163
3 136 153 163
3 136 154 164
3 150 137 152
3 137 150 162
3 152 137 165
3 156 137 162
3 143 138 144
3 144 138 145
3 145 138 158
3 151 139 160
3 139 151 161
3 157 139 163
3 139 161 163
3 152 140 155
3 140 152 165
3 155 140 159
3 159 140 166
3 145 141 154
3 141 145 158
3 154 141 164
3 141 158 169
3 142 151 160
3 151 142 162
3 142 156 162
3 156 142 168
3 143 144 155
3 143 155 159
3 144 145 146
3 144 146 147
3 144 147 155
3 146 145 154
3 147 146 148
3 148 146 149
3 149 146 154
3 147 148 150
3 147 150 152
3 147 152 155
3 148 149 161
3 150 148 151
3 151 148 161
3 161 149 163
3 150 151 162
3 153 157 163
3 157 153 167
3 2 203 22
3 63 203 2
3 18 200 3
3 3 200 58
3 42 201 6
3 6 201 67
3 7 202 38
3 62 202 7
3 19 174 18
3 174 200 18
3 20 198 19
3 19 198 174
3 21 172 20
3 172 198 20
3 22 190 21
3 21 190 172
3 22 203 190
3 38 175 39
3 38 202 175
3 39 188 40
3 175 188 39
3 40 173 41
3 40 188 173
3 41 187 42
3 173 187 41
3 187 201 42
3 58 193 59
3 58 200 193
3 59 177 60
3 59 193 177
3 60 171 61
3 60 177 171
3 61 191 62
3 171 191 61
3 191 202 62
3 64 176 63
3 176 203 63
3 65 194 64
3 64 194 176
3 66 170 65
3 170 194 65
3 67 192 66
3 66 192 170
3 67 201 192
3 185 194 170
3 170 195 185
3 192 197 170
3 170 197 195
3 177 178 171
3 178 179 171
3 179 191 171
3 184 186 172
3 172 196 184
3 186 198 172
3 190 196 172
3 183 197 173
3 173 199 183
3 173 197 187
3 188 199 173
3 186 189 174
3 174 198 186
3 189 193 174
3 193 200 174
3 179 188 175
3 175 191 179
3 175 202 191
3 176 194 185
3 185 196 176
3 176 196 190
3 190 203 176
3 177 189 178
3 177 193 189
3 178 180 179
3 178 181 180
3 178 189 181
3 180 199 179
3 179 199 188
3 181 182 180
3 182 183 180
3 183 199 180
3 181 184 182
3 181 186 184
3 181 189 186
3 182 195 183
3 184 185 182
3 185 195 182
3 195 197 183
3 184 196 185
3 187 197 192
3 192 201 187
3 1 23 236
3 48 1 236
3 27 3 237
3 3 58 237
3 43 5 235
3 5 52 235
3 7 47 234
3 62 7 234
3 23 24 210
3 23 210 236
3 24 25 228
3 210 24 228
3 25 26 206
3 25 206 228
3 26 27 224
3 206 26 224
3 224 27 237
3 44 43 227
3 227 43 235
3 45 44 211
3 211 44 227
3 46 45 204
3 204 45 211
3 47 46 225
3 46 204 225
3 47 225 234
3 49 48 226
3 226 48 236
3 50 49 205
3 205 49 226
3 51 50 232
3 50 205 232
3 52 51 208
3 208 51 232
3 52 208 235
3 58 59 209
3 58 209 237
3 59 60 223
3 209 59 223
3 60 61 207
3 60 207 223
3 61 62 221
3 207 61 221
3 221 62 234
3 204 211 212
3 204 212 213
3 204 213 225
3 205 218 220
3 218 205 230
3 205 220 232
3 205 226 230
3 206 219 228
3 219 206 229
3 206 224 231
3 229 206 231
3 213 207 221
3 207 213 233
3 223 207 233
3 208 220 222
3 220 208 232
3 208 222 227
3 208 227 235
3 209 223 231
3 224 209 231
3 209 224 237
3 219 210 228
3 210 219 230
3 226 210 230
3 210 226 236
3 212 211 222
3 222 211 227
3 213 212 214
3 214 212 215
3 215 212 222
3 213 214 233
3 213 221 225
3 214 215 216
3 214 216 217
3 214 217 233
3 216 215 218
3 218 215 220
3 220 215 222
3 217 216 229
3 216 218 219
3 216 219 229
3 223 217 231
3 217 223 233
3 217 229 231
3 219 218 230
3 225 221 234
3 0 269 13
3 53 269 0
3 17 268 2
3 2 268 63
3 33 271 4
3 4 271 57
3 6 270 37
3 67 270 6
3 13 260 14
3 13 269 260
3 14 239 15
3 14 260 239
3 15 246 16
3 239 246 15
3 16 245 17
3 16 246 245
3 245 268 17
3 34 242 33
3 242 271 33
3 35 262 34
3 34 262 242
3 36 238 35
3 238 262 35
3 37 259 36
3 36 259 238
3 37 270 259
3 54 244 53
3 244 269 53
3 55 266 54
3 54 266 244
3 56 241 55
3 241 266 55
3 57 258 56
3 56 258 241
3 57 271 258
3 63 261 64
3 63 268 261
3 64 240 65
3 64 261 240
3 65 256 66
3 240 256 65
3 66 243 67
3 66 256 243
3 243 270 67
3 254 262 238
3 238 263 254
3 259 265 238
3 238 265 263
3 239 247 246
3 239 248 247
3 239 260 248
3 240 261 255
3 255 267 240
3 240 267 256
3 253 257 241
3 241 264 253
3 257 266 241
3 258 264 241
3 242 262 254
3 254 264 242
3 242 264 258
3 258 271 242
3 256 265 243
3 243 265 259
3 259 270 243
3 244 257 248
3 248 260 244
3 244 266 257
3 260 269 244
3 246 255 245
3 255 261 245
3 261 268 245
3 247 255 246
3 248 249 247
3 249 250 247
3 250 255 247
3 248 257 249
3 249 251 250
3 249 253 251
3 249 257 253
3 251 252 250
3 252 267 250
3 250 267 255
3 251 263 252
3 253 254 251
3 254 263 251
3 252 265 256
3 256 267 252
3 263 265 252
3 253 264 254
3 272 273 274
3 272 278 273
3 272 274 275
3 280 272 275
3 272 279 278
3 280 279 272
3 273 277 274
3 273 278 277
3 276 275 274
3 276 274 277
3 282 275 276
3 280 275 281
3 282 281 275
3 278 276 277
3 278 279 276
3 279 289 276
3 292 282 276
3 292 276 289
3 280 283 279
3 283 288 279
3 279 288 289
3 283 280 281
3 283 281 282
3 284 283 282
3 284 282 285
3 293 285 282
3 293 282 292
3 284 297 283
3 283 297 288
3 286 284 285
3 286 298 284
3 284 298 297
3 286 285 287
3 296 287 285
3 296 285 293
3 299 286 287
3 286 299 298
3 299 287 296
3 288 291 289
3 288 290 291
3 297 290 288
3 302 289 291
3 302 292 289
3 290 302 291
3 297 308 290
3 290 308 302
3 293 292 294
3 292 301 294
3 292 302 301
3 293 294 295
3 303 293 295
3 304 296 293
3 304 293 303
3 300 295 294
3 300 294 301
3 303 295 300
3 310 299 296
3 310 296 304
3 298 308 297
3 299 309 298
3 298 309 308
3 299 310 309
3 312 300 301
3 304 303 300
3 304 300 305
3 314 305 300
3 314 300 312
3 302 313 301
3 312 301 313
3 308 316 302
3 302 316 313
3 306 304 305
3 311 304 306
3 311 310 304
3 306 305 307
3 315 307 305
3 315 305 314
3 317 306 307
3 324 311 306
3 324 306 317
3 317 307 315
3 309 320 308
3 308 320 316
3 310 321 309
3 309 321 320
3 311 323 310
3 310 323 321
3 311 324 323
3 325 312 313
3 327 314 312
3 327 312 325
3 316 326 313
3 325 313 326
3 328 315 314
3 328 314 327
3 318 317 315
3 318 315 319
3 329 319 315
3 329 315 328
3 320 322 316
3 322 330 316
3 316 330 326
3 318 333 317
3 339 324 317
3 339 317 333
3 332 318 319
3 318 332 333
3 332 319 329
3 320 321 322
3 321 331 322
3 323 336 321
3 321 336 331
3 322 331 330
3 324 337 323
3 323 337 336
3 324 339 337
3 330 325 326
3 341 327 325
3 330 331 325
3 331 342 325
3 341 325 342
3 343 328 327
3 343 327 341
3 344 329 328
3 344 328 343
3 334 332 329
3 334 329 335
3 345 335 329
3 345 329 344
3 336 338 331
3 338 346 331
3 331 346 342
3 340 333 332
3 334 349 332
3 355 340 332
3 355 332 349
3 340 339 333
3 348 334 335
3 334 348 349
3 348 335 345
3 336 337 338
3 337 347 338
3 339 352 337
3 337 352 347
3 338 347 346
3 340 353 339
3 339 353 352
3 340 355 353
3 356 341 342
3 358 343 341
3 358 341 356
3 346 357 342
3 356 342 357
3 359 344 343
3 359 343 358
3 360 345 344
3 360 344 359
3 350 348 345
3 350 345 351
3 361 351 345
3 361 345 360
3 347 362 346
3 346 362 357
3 352 354 347
3 354 363 347
3 347 363 362
3 348 365 349
3 350 366 348
3 348 366 365
3 353 349 354
3 353 355 349
3 349 364 354
3 349 365 364
3 367 350 351
3 350 367 366
3 367 351 361
3 352 353 354
3 354 364 363
3 368 356 357
3 370 358 356
3 370 356 368
3 362 369 357
3 368 357 369
3 371 359 358
3 371 358 370
3 372 360 359
3 372 359 371
3 373 361 360
3 373 360 372
3 379 367 361
3 379 361 373
3 363 374 362
3 362 374 369
3 364 375 363
3 363 375 374
3 365 376 364
3 364 376 375
3 366 377 365
3 365 377 376
3 367 378 366
3 366 378 377
3 367 379 378
3 374 368 369
3 382 370 368
3 374 375 368
3 375 383 368
3 382 368 383
3 384 371 370
3 384 370 382
3 387 372 371
3 387 371 384
3 389 373 372
3 389 372 387
3 380 379 373
3 380 373 381
3 391 381 373
3 391 373 389
3 376 392 375
3 375 392 383
3 377 393 376
3 376 393 392
3 378 394 377
3 377 394 393
3 379 395 378
3 378 395 394
3 380 396 379
3 379 396 395
3 397 380 381
3 380 397 396
3 397 381 391
3 412 382 383
3 384 382 385
3 382 409 385
3 382 412 409
3 392 413 383
3 412 383 413
3 384 385 386
3 387 384 386
3 408 386 385
3 408 385 409
3 387 386 388
3 410 388 386
3 410 386 408
3 389 387 388
3 389 388 390
3 411 390 388
3 411 388 410
3 414 389 390
3 415 391 389
3 415 389 414
3 414 390 411
3 422 397 391
3 422 391 415
3 393 417 392
3 392 417 413
3 394 418 393
3 393 418 417
3 395 419 394
3 394 419 418
3 396 420 395
3 395 420 419
3 397 421 396
3 396 421 420
3 397 422 421
3 398 399 400
3 398 404 399
3 398 400 401
3 405 398 401
3 398 405 404
3 399 403 400
3 399 404 403
3 402 401 400
3 402 400 403
3 405 401 402
3 496 402 403
3 406 405 402
3 406 402 407
3 498 407 402
3 498 402 496
3 404 497 403
3 496 403 497
3 405 503 404
3 404 503 497
3 406 504 405
3 405 504 503
3 505 406 407
3 406 505 504
3 505 407 498
3 423 408 409
3 425 410 408
3 425 408 423
3 412 424 409
3 423 409 424
3 426 411 410
3 426 410 425
3 415 414 411
3 415 411 416
3 427 416 411
3 427 411 426
3 417 412 413
3 417 418 412
3 418 428 412
3 412 428 424
3 429 415 416
3 893 422 415
3 895 415 429
3 893 415 894
3 895 894 415
3 429 416 427
3 419 430 418
3 418 430 428
3 420 431 419
3 419 431 430
3 421 432 420
3 420 432 431
3 422 433 421
3 421 433 432
3 422 434 433
3 893 434 422
3 435 423 424
3 437 425 423
3 437 423 435
3 428 436 424
3 435 424 436
3 438 426 425
3 438 425 437
3 439 427 426
3 439 426 438
3 895 429 427
3 898 427 439
3 895 427 896
3 898 896 427
3 430 440 428
3 428 440 436
3 431 441 430
3 430 441 440
3 432 442 431
3 431 442 441
3 433 444 432
3 432 444 442
3 434 445 433
3 433 445 444
3 434 446 445
3 897 446 434
3 893 897 434
3 447 435 436
3 449 437 435
3 449 435 447
3 440 448 436
3 447 436 448
3 450 438 437
3 450 437 449
3 451 439 438
3 451 438 450
3 904 439 451
3 904 898 439
3 441 443 440
3 443 452 440
3 440 452 448
3 441 442 443
3 442 453 443
3 444 454 442
3 442 454 453
3 443 453 452
3 445 455 444
3 444 455 454
3 446 457 445
3 445 457 455
3 446 458 457
3 902 458 446
3 897 902 446
3 452 447 448
3 459 449 447
3 452 453 447
3 453 460 447
3 459 447 460
3 461 450 449
3 461 449 459
3 462 451 450
3 462 450 461
3 911 451 462
3 911 904 451
3 454 456 453
3 456 463 453
3 453 463 460
3 454 455 456
3 455 464 456
3 457 465 455
3 455 465 464
3 456 464 463
3 458 466 457
3 457 466 465
3 458 468 466
3 909 468 458
3 902 909 458
3 469 459 460
3 471 461 459
3 471 459 469
3 463 470 460
3 469 460 470
3 472 462 461
3 472 461 471
3 921 462 472
3 921 911 462
3 464 473 463
3 463 473 470
3 465 467 464
3 467 474 464
3 464 474 473
3 465 466 467
3 466 475 467
3 468 476 466
3 466 476 475
3 467 475 474
3 468 477 476
3 918 477 468
3 909 918 468
3 479 469 470
3 481 471 469
3 481 469 479
3 473 480 470
3 479 470 480
3 482 472 471
3 482 471 481
3 930 472 482
3 930 921 472
3 474 483 473
3 473 483 480
3 475 484 474
3 474 484 483
3 476 478 475
3 478 485 475
3 475 485 484
3 476 477 478
3 477 486 478
3 477 487 486
3 927 487 477
3 918 927 477
3 478 486 485
3 483 479 480
3 488 481 479
3 483 484 479
3 484 489 479
3 488 479 489
3 490 482 481
3 490 481 488
3 942 482 490
3 942 930 482
3 485 493 484
3 484 493 489
3 486 494 485
3 485 494 493
3 487 939 486
3 486 495 494
3 939 495 486
3 927 938 487
3 487 938 939
3 770 488 489
3 490 488 491
3 488 769 491
3 488 770 769
3 493 771 489
3 770 489 771
3 490 491 492
3 942 490 492
3 768 492 491
3 768 491 769
3 962 492 768
3 942 492 943
3 962 943 492
3 494 772 493
3 493 772 771
3 495 773 494
3 494 773 772
3 495 774 773
3 952 774 495
3 939 952 495
3 510 496 497
3 498 496 499
3 496 508 499
3 496 510 508
3 503 511 497
3 510 497 511
3 498 499 500
3 501 498 500
3 506 498 501
3 506 505 498
3 507 500 499
3 507 499 508
3 501 500 502
3 509 502 500
3 509 500 507
3 512 501 502
3 516 506 501
3 516 501 512
3 512 502 509
3 504 513 503
3 503 513 511
3 505 514 504
3 504 514 513
3 506 515 505
3 505 515 514
3 506 516 515
3 517 507 508
3 519 509 507
3 519 507 517
3 510 518 508
3 517 508 518
3 564 512 509
3 567 509 519
3 564 509 565
3 567 565 509
3 513 510 511
3 513 514 510
3 514 520 510
3 510 520 518
3 566 516 512
3 566 512 564
3 515 521 514
3 514 521 520
3 516 522 515
3 515 522 521
3 516 524 522
3 566 524 516
3 525 517 518
3 527 519 517
3 527 517 525
3 520 526 518
3 525 518 526
3 575 519 527
3 575 567 519
3 521 523 520
3 523 528 520
3 520 528 526
3 521 522 523
3 522 529 523
3 524 530 522
3 522 530 529
3 523 529 528
3 524 531 530
3 573 531 524
3 566 573 524
3 528 525 526
3 532 527 525
3 528 529 525
3 529 533 525
3 532 525 533
3 585 527 532
3 585 575 527
3 530 534 529
3 529 534 533
3 531 535 530
3 530 535 534
3 531 536 535
3 582 536 531
3 573 582 531
3 538 532 533
3 602 532 538
3 602 585 532
3 534 539 533
3 538 533 539
3 535 537 534
3 537 540 534
3 534 540 539
3 535 536 537
3 536 541 537
3 536 542 541
3 593 542 536
3 582 593 536
3 537 541 540
3 543 538 539
3 641 538 543
3 641 602 538
3 540 544 539
3 543 539 544
3 541 547 540
3 540 547 544
3 542 550 541
3 541 550 547
3 542 551 550
3 620 551 542
3 593 620 542
3 543 544 545
3 543 545 546
3 641 543 546
3 544 554 545
3 547 549 544
3 555 544 549
3 544 555 554
3 553 546 545
3 553 545 554
3 668 546 553
3 641 546 642
3 668 642 546
3 547 548 549
3 547 557 548
3 551 547 550
3 551 552 547
3 552 560 547
3 547 560 557
3 548 556 549
3 548 557 556
3 555 549 556
3 551 561 552
3 551 563 561
3 644 563 551
3 620 644 551
3 552 561 560
3 1412 553 554
3 1490 668 553
3 1490 553 1412
3 555 1413 554
3 1412 554 1413
3 1416 555 556
3 555 1416 1413
3 557 559 556
3 1414 556 559
3 1416 556 1414
3 557 558 559
3 557 1417 558
3 561 557 560
3 561 562 557
3 562 1418 557
3 557 1418 1417
3 558 1415 559
3 558 1417 1415
3 1414 559 1415
3 561 1419 562
3 563 1420 561
3 561 1420 1419
3 562 1419 1418
3 644 672 563
3 673 563 672
3 673 674 563
3 674 1422 563
3 563 1422 1420
3 568 564 565
3 573 566 564
3 573 564 568
3 568 565 567
3 569 568 567
3 569 567 570
3 576 570 567
3 576 567 575
3 574 568 569
3 574 573 568
3 571 569 570
3 571 579 569
3 583 574 569
3 583 569 579
3 571 570 572
3 577 572 570
3 577 570 576
3 578 571 572
3 571 578 579
3 578 572 577
3 574 582 573
3 574 583 582
3 586 576 575
3 586 575 585
3 587 577 576
3 587 576 586
3 580 578 577
3 580 577 581
3 588 581 577
3 588 577 587
3 584 579 578
3 580 590 578
3 595 584 578
3 595 578 590
3 584 583 579
3 589 580 581
3 580 589 590
3 589 581 588
3 583 593 582
3 584 594 583
3 583 594 593
3 584 595 594
3 603 586 585
3 603 585 602
3 604 587 586
3 604 586 603
3 607 588 587
3 607 587 604
3 591 589 588
3 591 588 592
3 609 592 588
3 609 588 607
3 589 615 590
3 591 614 589
3 589 614 615
3 622 595 590
3 622 590 615
3 616 591 592
3 591 616 614
3 616 592 609
3 594 620 593
3 595 621 594
3 594 621 620
3 595 622 621
3 596 597 598
3 612 597 596
3 596 598 599
3 600 596 599
3 613 596 600
3 613 612 596
3 597 629 598
3 611 610 597
3 640 597 610
3 612 611 597
3 597 640 629
3 628 599 598
3 628 598 629
3 600 599 601
3 630 601 599
3 630 599 628
3 680 600 601
3 696 613 600
3 696 600 680
3 720 601 630
3 680 601 681
3 720 681 601
3 643 603 602
3 643 602 641
3 604 603 605
3 603 634 605
3 603 643 634
3 604 605 606
3 607 604 606
3 633 606 605
3 633 605 634
3 607 606 608
3 635 608 606
3 635 606 633
3 609 607 608
3 609 608 610
3 638 610 608
3 638 608 635
3 611 609 610
3 617 609 611
3 617 616 609
3 640 610 638
3 618 611 612
3 618 617 611
3 619 612 613
3 619 618 612
3 704 619 613
3 704 613 696
3 623 615 614
3 624 614 616
3 624 623 614
3 623 622 615
3 625 616 617
3 625 624 616
3 626 617 618
3 626 625 617
3 627 618 619
3 627 626 618
3 712 627 619
3 712 619 704
3 621 644 620
3 622 645 621
3 621 645 644
3 623 646 622
3 622 646 645
3 624 647 623
3 623 647 646
3 625 648 624
3 624 648 647
3 626 649 625
3 625 649 648
3 627 650 626
3 626 650 649
3 627 651 650
3 712 651 627
3 666 628 629
3 630 628 631
3 628 661 631
3 628 666 661
3 640 639 629
3 665 629 639
3 666 629 665
3 630 631 632
3 720 630 632
3 660 632 631
3 660 631 661
3 752 632 660
3 720 632 721
3 752 721 632
3 670 633 634
3 635 633 636
3 633 663 636
3 633 670 663
3 643 642 634
3 669 634 642
3 670 634 669
3 635 636 637
3 638 635 637
3 662 637 636
3 662 636 663
3 638 637 639
3 664 639 637
3 664 637 662
3 640 638 639
3 665 639 664
3 643 641 642
3 669 642 668
3 652 644 645
3 652 653 644
3 653 672 644
3 654 645 646
3 654 652 645
3 655 646 647
3 655 654 646
3 656 647 648
3 656 655 647
3 657 648 649
3 657 656 648
3 658 649 650
3 658 657 649
3 659 650 651
3 659 658 650
3 744 659 651
3 712 736 651
3 744 651 736
3 652 673 653
3 654 675 652
3 652 675 673
3 653 673 672
3 1382 654 655
3 654 676 675
3 1383 676 654
3 1382 1383 654
3 1384 655 656
3 1384 1382 655
3 1385 656 657
3 1385 1384 656
3 658 678 657
3 1391 657 678
3 1391 1385 657
3 659 677 658
3 658 677 678
3 659 679 677
3 744 679 659
3 1483 660 661
3 1596 752 660
3 1596 660 1483
3 666 667 661
3 1481 661 667
3 1483 661 1481
3 1486 662 663
3 1487 664 662
3 1487 662 1486
3 670 671 663
3 1484 663 671
3 1486 663 1484
3 1488 665 664
3 1488 664 1487
3 666 665 667
3 665 1482 667
3 665 1488 1482
3 1481 667 1482
3 1491 669 668
3 1491 668 1490
3 670 669 671
3 669 1485 671
3 669 1491 1485
3 1484 671 1485
3 1386 674 673
3 1387 673 675
3 1387 1386 673
3 1386 1363 674
3 1363 1423 674
3 674 1423 1422
3 1388 675 676
3 1388 1387 675
3 1383 1388 676
3 1392 678 677
3 1393 677 679
3 1393 1392 677
3 1392 1391 678
3 744 760 679
3 760 1531 679
3 2527 1393 679
3 2527 679 1531
3 682 680 681
3 697 680 682
3 697 696 680
3 682 681 683
3 722 683 681
3 722 681 720
3 684 682 683
3 698 682 684
3 698 697 682
3 684 683 685
3 724 685 683
3 724 683 722
3 686 684 685
3 699 684 686
3 699 698 684
3 686 685 687
3 726 687 685
3 726 685 724
3 688 686 687
3 700 686 688
3 700 699 686
3 688 687 689
3 728 689 687
3 728 687 726
3 690 688 689
3 701 688 690
3 701 700 688
3 690 689 691
3 730 691 689
3 730 689 728
3 692 690 691
3 702 690 692
3 702 701 690
3 692 691 693
3 732 693 691
3 732 691 730
3 694 692 693
3 703 692 694
3 703 702 692
3 694 693 695
3 734 695 693
3 734 693 732
3 815 694 695
3 824 703 694
3 824 694 815
3 852 695 734
3 815 695 816
3 852 816 695
3 705 696 697
3 705 704 696
3 706 697 698
3 706 705 697
3 707 698 699
3 707 706 698
3 708 699 700
3 708 707 699
3 709 700 701
3 709 708 700
3 710 701 702
3 710 709 701
3 711 702 703
3 711 710 702
3 832 711 703
3 832 703 824
3 713 704 705
3 713 712 704
3 714 705 706
3 714 713 705
3 715 706 707
3 715 714 706
3 716 707 708
3 716 715 707
3 717 708 709
3 717 716 708
3 718 709 710
3 718 717 709
3 719 710 711
3 719 718 710
3 840 719 711
3 840 711 832
3 713 736 712
3 714 737 713
3 713 737 736
3 715 738 714
3 714 738 737
3 716 739 715
3 715 739 738
3 717 740 716
3 716 740 739
3 718 741 717
3 717 741 740
3 719 742 718
3 718 742 741
3 719 743 742
3 840 743 719
3 722 720 721
3 722 721 723
3 753 723 721
3 753 721 752
3 724 722 723
3 724 723 725
3 754 725 723
3 754 723 753
3 726 724 725
3 726 725 727
3 755 727 725
3 755 725 754
3 728 726 727
3 728 727 729
3 756 729 727
3 756 727 755
3 730 728 729
3 730 729 731
3 757 731 729
3 757 729 756
3 732 730 731
3 732 731 733
3 758 733 731
3 758 731 757
3 734 732 733
3 734 733 735
3 759 735 733
3 759 733 758
3 852 734 735
3 877 735 759
3 852 735 853
3 877 853 735
3 745 736 737
3 745 744 736
3 746 737 738
3 746 745 737
3 747 738 739
3 747 746 738
3 748 739 740
3 748 747 739
3 749 740 741
3 749 748 740
3 750 741 742
3 750 749 741
3 751 742 743
3 751 750 742
3 869 751 743
3 840 861 743
3 869 743 861
3 745 760 744
3 746 761 745
3 745 761 760
3 747 762 746
3 746 762 761
3 748 763 747
3 747 763 762
3 749 764 748
3 748 764 763
3 750 765 749
3 749 765 764
3 751 766 750
3 750 766 765
3 751 767 766
3 869 767 751
3 1597 753 752
3 1597 752 1596
3 1598 754 753
3 1598 753 1597
3 1599 755 754
3 1599 754 1598
3 1600 756 755
3 1600 755 1599
3 1601 757 756
3 1601 756 1600
3 1602 758 757
3 1602 757 1601
3 1603 759 758
3 1603 758 1602
3 1684 877 759
3 1684 759 1603
3 761 1604 760
3 760 1604 1531
3 762 1605 761
3 761 1605 1604
3 763 1606 762
3 762 1606 1605
3 764 1607 763
3 763 1607 1606
3 765 1608 764
3 764 1608 1607
3 766 1609 765
3 765 1609 1608
3 767 1610 766
3 766 1610 1609
3 869 885 767
3 885 1611 767
3 767 1611 1610
3 775 768 769
3 976 768 775
3 976 962 768
3 770 776 769
3 775 769 776
3 777 770 771
3 770 777 776
3 772 778 771
3 777 771 778
3 773 779 772
3 772 779 778
3 774 780 773
3 773 780 779
3 774 781 780
3 970 781 774
3 952 970 774
3 782 775 776
3 992 775 782
3 992 976 775
3 777 783 776
3 782 776 783
3 779 777 778
3 779 780 777
3 780 784 777
3 777 784 783
3 781 787 780
3 780 787 784
3 781 788 787
3 985 788 781
3 970 985 781
3 791 782 783
3 1010 782 791
3 1010 992 782
3 784 786 783
3 789 783 786
3 791 783 789
3 784 785 786
3 784 792 785
3 787 793 784
3 784 793 792
3 785 790 786
3 785 792 790
3 789 786 790
3 788 794 787
3 787 794 793
3 788 795 794
3 1002 795 788
3 985 1002 788
3 796 789 790
3 798 791 789
3 798 789 796
3 792 797 790
3 796 790 797
3 1027 791 798
3 1027 1010 791
3 793 799 792
3 792 799 797
3 794 802 793
3 793 802 799
3 795 805 794
3 794 805 802
3 795 806 805
3 1019 806 795
3 1002 1019 795
3 811 796 797
3 813 798 796
3 813 796 811
3 799 801 797
3 807 797 801
3 811 797 807
3 1051 798 813
3 1051 1027 798
3 799 800 801
3 803 800 799
3 805 799 802
3 805 803 799
3 800 808 801
3 803 804 800
3 804 823 800
3 800 823 808
3 807 801 808
3 803 828 804
3 805 829 803
3 803 829 828
3 804 828 823
3 806 830 805
3 805 830 829
3 806 831 830
3 1035 831 806
3 1019 1035 806
3 807 808 809
3 807 809 810
3 811 807 810
3 808 849 809
3 823 822 808
3 860 808 822
3 808 860 849
3 848 810 809
3 848 809 849
3 811 810 812
3 850 812 810
3 850 810 848
3 813 811 812
3 813 812 814
3 851 814 812
3 851 812 850
3 1051 813 814
3 1084 814 851
3 1051 814 1052
3 1084 1052 814
3 817 815 816
3 825 815 817
3 825 824 815
3 817 816 818
3 854 818 816
3 854 816 852
3 819 817 818
3 826 817 819
3 826 825 817
3 819 818 820
3 856 820 818
3 856 818 854
3 821 819 820
3 827 819 821
3 827 826 819
3 821 820 822
3 858 822 820
3 858 820 856
3 823 821 822
3 828 821 823
3 828 827 821
3 860 822 858
3 833 824 825
3 833 832 824
3 834 825 826
3 834 833 825
3 835 826 827
3 835 834 826
3 836 827 828
3 836 835 827
3 837 828 829
3 837 836 828
3 838 829 830
3 838 837 829
3 839 830 831
3 839 838 830
3 1068 839 831
3 1035 1067 831
3 1068 831 1067
3 841 832 833
3 841 840 832
3 842 833 834
3 842 841 833
3 843 834 835
3 843 842 834
3 844 835 836
3 844 843 835
3 845 836 837
3 845 844 836
3 846 837 838
3 846 845 837
3 847 838 839
3 847 846 838
3 1076 847 839
3 1076 839 1068
3 841 861 840
3 842 862 841
3 841 862 861
3 843 863 842
3 842 863 862
3 844 864 843
3 843 864 863
3 845 865 844
3 844 865 864
3 846 866 845
3 845 866 865
3 847 867 846
3 846 867 866
3 847 868 867
3 1076 868 847
3 882 848 849
3 883 850 848
3 883 848 882
3 860 859 849
3 881 849 859
3 882 849 881
3 884 851 850
3 884 850 883
3 1108 851 884
3 1108 1084 851
3 854 852 853
3 854 853 855
3 878 855 853
3 878 853 877
3 856 854 855
3 856 855 857
3 879 857 855
3 879 855 878
3 858 856 857
3 858 857 859
3 880 859 857
3 880 857 879
3 860 858 859
3 881 859 880
3 870 861 862
3 870 869 861
3 871 862 863
3 871 870 862
3 872 863 864
3 872 871 863
3 873 864 865
3 873 872 864
3 874 865 866
3 874 873 865
3 875 866 867
3 875 874 866
3 876 867 868
3 876 875 867
3 1100 876 868
3 1076 1092 868
3 1100 868 1092
3 870 885 869
3 871 886 870
3 870 886 885
3 872 887 871
3 871 887 886
3 873 888 872
3 872 888 887
3 874 889 873
3 873 889 888
3 875 890 874
3 874 890 889
3 876 891 875
3 875 891 890
3 876 892 891
3 1100 892 876
3 1685 878 877
3 1685 877 1684
3 1686 879 878
3 1686 878 1685
3 1687 880 879
3 1687 879 1686
3 1688 881 880
3 1688 880 1687
3 1689 882 881
3 1689 881 1688
3 1690 883 882
3 1690 882 1689
3 1691 884 883
3 1691 883 1690
3 2033 1108 884
3 2033 884 1691
3 886 1692 885
3 885 1692 1611
3 887 1693 886
3 886 1693 1692
3 888 1694 887
3 887 1694 1693
3 889 1695 888
3 888 1695 1694
3 890 1696 889
3 889 1696 1695
3 891 1697 890
3 890 1697 1696
3 892 1698 891
3 891 1698 1697
3 1100 1116 892
3 1116 1699 892
3 892 1699 1698
3 897 893 894
3 897 894 895
3 899 895 896
3 902 897 895
3 902 895 899
3 899 896 898
3 900 899 898
3 900 898 901
3 905 901 898
3 905 898 904
3 903 899 900
3 903 902 899
3 906 900 901
3 910 903 900
3 910 900 906
3 906 901 905
3 903 909 902
3 903 910 909
3 912 905 904
3 912 904 911
3 907 906 905
3 907 905 908
3 913 908 905
3 913 905 912
3 907 915 906
3 919 910 906
3 919 906 915
3 914 907 908
3 907 914 915
3 914 908 913
3 910 918 909
3 910 919 918
3 922 912 911
3 922 911 921
3 923 913 912
3 923 912 922
3 916 914 913
3 916 913 917
3 924 917 913
3 924 913 923
3 920 915 914
3 916 926 914
3 929 920 914
3 929 914 926
3 920 919 915
3 925 916 917
3 916 925 926
3 925 917 924
3 919 927 918
3 920 928 919
3 919 928 927
3 920 929 928
3 931 922 921
3 931 921 930
3 932 923 922
3 932 922 931
3 933 924 923
3 933 923 932
3 934 925 924
3 934 924 933
3 925 935 926
3 925 934 935
3 941 929 926
3 941 926 935
3 928 938 927
3 929 940 928
3 928 940 938
3 929 941 940
3 944 931 930
3 944 930 942
3 946 932 931
3 946 931 944
3 948 933 932
3 948 932 946
3 936 934 933
3 936 933 937
3 950 937 933
3 950 933 948
3 934 954 935
3 936 953 934
3 934 953 954
3 961 941 935
3 961 935 954
3 955 936 937
3 936 955 953
3 955 937 950
3 938 952 939
3 940 958 938
3 938 958 952
3 941 959 940
3 940 959 958
3 941 961 959
3 944 942 943
3 944 943 945
3 963 945 943
3 963 943 962
3 946 944 945
3 946 945 947
3 964 947 945
3 964 945 963
3 948 946 947
3 948 947 949
3 965 949 947
3 965 947 964
3 950 948 949
3 950 949 951
3 966 951 949
3 966 949 965
3 967 950 951
3 956 955 950
3 956 950 957
3 968 957 950
3 968 950 967
3 967 951 966
3 958 960 952
3 960 970 952
3 953 972 954
3 955 973 953
3 953 973 972
3 959 954 960
3 959 961 954
3 954 971 960
3 954 972 971
3 956 974 955
3 955 974 973
3 975 956 957
3 956 975 974
3 975 957 968
3 958 959 960
3 960 971 970
3 977 963 962
3 977 962 976
3 978 964 963
3 978 963 977
3 979 965 964
3 979 964 978
3 980 966 965
3 980 965 979
3 968 967 966
3 968 966 969
3 981 969 966
3 981 966 980
3 982 968 969
3 990 975 968
3 990 968 982
3 982 969 981
3 971 985 970
3 972 986 971
3 971 986 985
3 973 987 972
3 972 987 986
3 974 988 973
3 973 988 987
3 975 989 974
3 974 989 988
3 975 990 989
3 993 977 976
3 993 976 992
3 994 978 977
3 994 977 993
3 995 979 978
3 995 978 994
3 996 980 979
3 996 979 995
3 997 981 980
3 997 980 996
3 983 982 981
3 983 981 984
3 998 984 981
3 998 981 997
3 991 982 983
3 991 990 982
3 999 983 984
3 1008 991 983
3 1008 983 999
3 999 984 998
3 986 1002 985
3 987 1003 986
3 986 1003 1002
3 988 1004 987
3 987 1004 1003
3 989 1005 988
3 988 1005 1004
3 990 1006 989
3 989 1006 1005
3 991 1007 990
3 990 1007 1006
3 991 1008 1007
3 1011 993 992
3 1011 992 1010
3 1012 994 993
3 1012 993 1011
3 1013 995 994
3 1013 994 1012
3 1014 996 995
3 1014 995 1013
3 1015 997 996
3 1015 996 1014
3 1016 998 997
3 1016 997 1015
3 1000 999 998
3 1000 998 1001
3 1017 1001 998
3 1017 998 1016
3 1009 999 1000
3 1009 1008 999
3 1018 1000 1001
3 1026 1009 1000
3 1026 1000 1018
3 1018 1001 1017
3 1003 1019 1002
3 1004 1020 1003
3 1003 1020 1019
3 1005 1021 1004
3 1004 1021 1020
3 1006 1022 1005
3 1005 1022 1021
3 1007 1023 1006
3 1006 1023 1022
3 1008 1024 1007
3 1007 1024 1023
3 1009 1025 1008
3 1008 1025 1024
3 1009 1026 1025
3 1028 1011 1010
3 1028 1010 1027
3 1029 1012 1011
3 1029 1011 1028
3 1030 1013 1012
3 1030 1012 1029
3 1031 1014 1013
3 1031 1013 1030
3 1032 1015 1014
3 1032 1014 1031
3 1033 1016 1015
3 1033 1015 1032
3 1034 1017 1016
3 1034 1016 1033
3 1124 1018 1017
3 1127 1017 1034
3 1124 1017 1125
3 1127 1125 1017
3 1126 1026 1018
3 1126 1018 1124
3 1020 1035 1019
3 1021 1036 1020
3 1020 1036 1035
3 1022 1037 1021
3 1021 1037 1036
3 1023 1038 1022
3 1022 1038 1037
3 1024 1039 1023
3 1023 1039 1038
3 1025 1040 1024
3 1024 1040 1039
3 1026 1041 1025
3 1025 1041 1040
3 1026 1042 1041
3 1126 1042 1026
3 1053 1028 1027
3 1053 1027 1051
3 1055 1029 1028
3 1055 1028 1053
3 1057 1030 1029
3 1057 1029 1055
3 1059 1031 1030
3 1059 1030 1057
3 1061 1032 1031
3 1061 1031 1059
3 1063 1033 1032
3 1063 1032 1061
3 1065 1034 1033
3 1065 1033 1063
3 1137 1034 1065
3 1137 1127 1034
3 1043 1035 1036
3 1043 1044 1035
3 1044 1067 1035
3 1045 1036 1037
3 1045 1043 1036
3 1046 1037 1038
3 1046 1045 1037
3 1047 1038 1039
3 1047 1046 1038
3 1048 1039 1040
3 1048 1047 1039
3 1049 1040 1041
3 1049 1048 1040
3 1050 1041 1042
3 1050 1049 1041
3 1136 1050 1042
3 1126 1133 1042
3 1136 1042 1133
3 1043 1068 1044
3 1045 1069 1043
3 1043 1069 1068
3 1044 1068 1067
3 1046 1070 1045
3 1045 1070 1069
3 1047 1071 1046
3 1046 1071 1070
3 1048 1072 1047
3 1047 1072 1071
3 1049 1073 1048
3 1048 1073 1072
3 1050 1074 1049
3 1049 1074 1073
3 1050 1075 1074
3 1136 1075 1050
3 1053 1051 1052
3 1053 1052 1054
3 1085 1054 1052
3 1085 1052 1084
3 1055 1053 1054
3 1055 1054 1056
3 1086 1056 1054
3 1086 1054 1085
3 1057 1055 1056
3 1057 1056 1058
3 1087 1058 1056
3 1087 1056 1086
3 1059 1057 1058
3 1059 1058 1060
3 1088 1060 1058
3 1088 1058 1087
3 1061 1059 1060
3 1061 1060 1062
3 1089 1062 1060
3 1089 1060 1088
3 1063 1061 1062
3 1063 1062 1064
3 1090 1064 1062
3 1090 1062 1089
3 1065 1063 1064
3 1065 1064 1066
3 1091 1066 1064
3 1091 1064 1090
3 1137 1065 1066
3 1178 1066 1091
3 1137 1066 1138
3 1178 1138 1066
3 1077 1068 1069
3 1077 1076 1068
3 1078 1069 1070
3 1078 1077 1069
3 1079 1070 1071
3 1079 1078 1070
3 1080 1071 1072
3 1080 1079 1071
3 1081 1072 1073
3 1081 1080 1072
3 1082 1073 1074
3 1082 1081 1073
3 1083 1074 1075
3 1083 1082 1074
3 1170 1083 1075
3 1136 1162 1075
3 1170 1075 1162
3 1077 1092 1076
3 1078 1093 1077
3 1077 1093 1092
3 1079 1094 1078
3 1078 1094 1093
3 1080 1095 1079
3 1079 1095 1094
3 1081 1096 1080
3 1080 1096 1095
3 1082 1097 1081
3 1081 1097 1096
3 1083 1098 1082
3 1082 1098 1097
3 1083 1099 1098
3 1170 1099 1083
3 1109 1085 1084
3 1109 1084 1108
3 1110 1086 1085
3 1110 1085 1109
3 1111 1087 1086
3 1111 1086 1110
3 1112 1088 1087
3 1112 1087 1111
3 1113 1089 1088
3 1113 1088 1112
3 1114 1090 1089
3 1114 1089 1113
3 1115 1091 1090
3 1115 1090 1114
3 1208 1091 1115
3 1208 1178 1091
3 1101 1092 1093
3 1101 1100 1092
3 1102 1093 1094
3 1102 1101 1093
3 1103 1094 1095
3 1103 1102 1094
3 1104 1095 1096
3 1104 1103 1095
3 1105 1096 1097
3 1105 1104 1096
3 1106 1097 1098
3 1106 1105 1097
3 1107 1098 1099
3 1107 1106 1098
3 1200 1107 1099
3 1170 1192 1099
3 1200 1099 1192
3 1101 1116 1100
3 1102 1117 1101
3 1101 1117 1116
3 1103 1118 1102
3 1102 1118 1117
3 1104 1119 1103
3 1103 1119 1118
3 1105 1120 1104
3 1104 1120 1119
3 1106 1121 1105
3 1105 1121 1120
3 1107 1122 1106
3 1106 1122 1121
3 1107 1123 1122
3 1200 1123 1107
3 2034 1109 1108
3 2034 1108 2033
3 2035 1110 1109
3 2035 1109 2034
3 2036 1111 1110
3 2036 1110 2035
3 2037 1112 1111
3 2037 1111 2036
3 2038 1113 1112
3 2038 1112 2037
3 2039 1114 1113
3 2039 1113 2038
3 2040 1115 1114
3 2040 1114 2039
3 2195 1208 1115
3 2195 1115 2040
3 1117 2041 1116
3 1116 2041 1699
3 1118 2042 1117
3 1117 2042 2041
3 1119 2043 1118
3 1118 2043 2042
3 1120 2044 1119
3 1119 2044 2043
3 1121 2045 1120
3 1120 2045 2044
3 1122 2046 1121
3 1121 2046 2045
3 1123 2047 1122
3 1122 2047 2046
3 1200 1216 1123
3 1216 2048 1123
3 1123 2048 2047
3 1128 1124 1125
3 1133 1126 1124
3 1133 1124 1128
3 1128 1125 1127
3 1129 1128 1127
3 1129 1127 1130
3 1139 1130 1127
3 1139 1127 1137
3 1134 1128 1129
3 1134 1133 1128
3 1131 1129 1130
3 1135 1129 1131
3 1135 1134 1129
3 1131 1130 1132
3 1141 1132 1130
3 1141 1130 1139
3 1143 1131 1132
3 1156 1135 1131
3 1156 1131 1143
3 1143 1132 1141
3 1134 1155 1133
3 1162 1136 1133
3 1162 1133 1155
3 1135 1154 1134
3 1134 1154 1155
3 1135 1156 1154
3 1139 1137 1138
3 1139 1138 1140
3 1179 1140 1138
3 1179 1138 1178
3 1141 1139 1140
3 1141 1140 1142
3 1180 1142 1140
3 1180 1140 1179
3 1181 1141 1142
3 1144 1143 1141
3 1144 1141 1145
3 1182 1145 1141
3 1182 1141 1181
3 1181 1142 1180
3 1157 1143 1144
3 1157 1156 1143
3 1146 1144 1145
3 1158 1144 1146
3 1158 1157 1144
3 1146 1145 1147
3 1184 1147 1145
3 1184 1145 1182
3 1148 1146 1147
3 1159 1146 1148
3 1159 1158 1146
3 1148 1147 1149
3 1186 1149 1147
3 1186 1147 1184
3 1150 1148 1149
3 1160 1148 1150
3 1160 1159 1148
3 1150 1149 1151
3 1188 1151 1149
3 1188 1149 1186
3 1152 1150 1151
3 1161 1150 1152
3 1161 1160 1150
3 1152 1151 1153
3 1190 1153 1151
3 1190 1151 1188
3 1224 1152 1153
3 1240 1161 1152
3 1240 1152 1224
3 1264 1153 1190
3 1224 1153 1225
3 1264 1225 1153
3 1163 1155 1154
3 1164 1154 1156
3 1164 1163 1154
3 1163 1162 1155
3 1165 1156 1157
3 1165 1164 1156
3 1166 1157 1158
3 1166 1165 1157
3 1167 1158 1159
3 1167 1166 1158
3 1168 1159 1160
3 1168 1167 1159
3 1169 1160 1161
3 1169 1168 1160
3 1248 1169 1161
3 1248 1161 1240
3 1171 1162 1163
3 1171 1170 1162
3 1172 1163 1164
3 1172 1171 1163
3 1173 1164 1165
3 1173 1172 1164
3 1174 1165 1166
3 1174 1173 1165
3 1175 1166 1167
3 1175 1174 1166
3 1176 1167 1168
3 1176 1175 1167
3 1177 1168 1169
3 1177 1176 1168
3 1256 1177 1169
3 1256 1169 1248
3 1171 1192 1170
3 1172 1193 1171
3 1171 1193 1192
3 1173 1194 1172
3 1172 1194 1193
3 1174 1195 1173
3 1173 1195 1194
3 1175 1196 1174
3 1174 1196 1195
3 1176 1197 1175
3 1175 1197 1196
3 1177 1198 1176
3 1176 1198 1197
3 1177 1199 1198
3 1256 1199 1177
3 1209 1179 1178
3 1209 1178 1208
3 1210 1180 1179
3 1210 1179 1209
3 1182 1181 1180
3 1182 1180 1183
3 1211 1183 1180
3 1211 1180 1210
3 1184 1182 1183
3 1184 1183 1185
3 1212 1185 1183
3 1212 1183 1211
3 1186 1184 1185
3 1186 1185 1187
3 1213 1187 1185
3 1213 1185 1212
3 1188 1186 1187
3 1188 1187 1189
3 1214 1189 1187
3 1214 1187 1213
3 1190 1188 1189
3 1190 1189 1191
3 1215 1191 1189
3 1215 1189 1214
3 1264 1190 1191
3 1295 1191 1215
3 1264 1191 1265
3 1295 1265 1191
3 1201 1192 1193
3 1201 1200 1192
3 1202 1193 1194
3 1202 1201 1193
3 1203 1194 1195
3 1203 1202 1194
3 1204 1195 1196
3 1204 1203 1195
3 1205 1196 1197
3 1205 1204 1196
3 1206 1197 1198
3 1206 1205 1197
3 1207 1198 1199
3 1207 1206 1198
3 1289 1207 1199
3 1256 1280 1199
3 1289 1199 1280
3 1201 1216 1200
3 1202 1217 1201
3 1201 1217 1216
3 1203 1218 1202
3 1202 1218 1217
3 1204 1219 1203
3 1203 1219 1218
3 1205 1220 1204
3 1204 1220 1219
3 1206 1221 1205
3 1205 1221 1220
3 1207 1222 1206
3 1206 1222 1221
3 1207 1223 1222
3 1289 1223 1207
3 2196 1209 1208
3 2196 1208 2195
3 2197 1210 1209
3 2197 1209 2196
3 2198 1211 1210
3 2198 1210 2197
3 2199 1212 1211
3 2199 1211 2198
3 2200 1213 1212
3 2200 1212 2199
3 2201 1214 1213
3 2201 1213 2200
3 2202 1215 1214
3 2202 1214 2201
3 2295 1295 1215
3 2295 1215 2202
3 1217 2203 1216
3 1216 2203 2048
3 1218 2204 1217
3 1217 2204 2203
3 1219 2205 1218
3 1218 2205 2204
3 1220 2206 1219
3 1219 2206 2205
3 1221 2207 1220
3 1220 2207 2206
3 1222 2208 1221
3 1221 2208 2207
3 1223 2209 1222
3 1222 2209 2208
3 1289 1306 1223
3 1306 2210 1223
3 1223 2210 2209
3 1226 1224 1225
3 1241 1224 1226
3 1241 1240 1224
3 1226 1225 1227
3 1266 1227 1225
3 1266 1225 1264
3 1228 1226 1227
3 1242 1226 1228
3 1242 1241 1226
3 1228 1227 1229
3 1268 1229 1227
3 1268 1227 1266
3 1230 1228 1229
3 1243 1228 1230
3 1243 1242 1228
3 1230 1229 1231
3 1270 1231 1229
3 1270 1229 1268
3 1232 1230 1231
3 1244 1230 1232
3 1244 1243 1230
3 1232 1231 1233
3 1272 1233 1231
3 1272 1231 1270
3 1234 1232 1233
3 1245 1232 1234
3 1245 1244 1232
3 1234 1233 1235
3 1274 1235 1233
3 1274 1233 1272
3 1236 1234 1235
3 1246 1234 1236
3 1246 1245 1234
3 1236 1235 1237
3 1276 1237 1235
3 1276 1235 1274
3 1238 1236 1237
3 1247 1236 1238
3 1247 1246 1236
3 1238 1237 1239
3 1278 1239 1237
3 1278 1237 1276
3 1313 1238 1239
3 1317 1247 1238
3 1317 1238 1313
3 1323 1239 1278
3 1313 1239 1314
3 1323 1314 1239
3 1249 1240 1241
3 1249 1248 1240
3 1250 1241 1242
3 1250 1249 1241
3 1251 1242 1243
3 1251 1250 1242
3 1252 1243 1244
3 1252 1251 1243
3 1253 1244 1245
3 1253 1252 1244
3 1254 1245 1246
3 1254 1253 1245
3 1255 1246 1247
3 1255 1254 1246
3 1321 1255 1247
3 1321 1247 1317
3 1257 1248 1249
3 1257 1256 1248
3 1258 1249 1250
3 1258 1257 1249
3 1259 1250 1251
3 1259 1258 1250
3 1260 1251 1252
3 1260 1259 1251
3 1261 1252 1253
3 1261 1260 1252
3 1262 1253 1254
3 1262 1261 1253
3 1263 1254 1255
3 1263 1262 1254
3 1287 1263 1255
3 1287 1255 1288
3 1321 1288 1255
3 1257 1280 1256
3 1258 1281 1257
3 1257 1281 1280
3 1259 1282 1258
3 1258 1282 1281
3 1260 1283 1259
3 1259 1283 1282
3 1261 1284 1260
3 1260 1284 1283
3 1262 1285 1261
3 1261 1285 1284
3 1263 1286 1262
3 1262 1286 1285
3 1263 1287 1286
3 1266 1264 1265
3 1266 1265 1267
3 1296 1267 1265
3 1296 1265 1295
3 1268 1266 1267
3 1268 1267 1269
3 1297 1269 1267
3 1297 1267 1296
3 1270 1268 1269
3 1270 1269 1271
3 1298 1271 1269
3 1298 1269 1297
3 1272 1270 1271
3 1272 1271 1273
3 1299 1273 1271
3 1299 1271 1298
3 1274 1272 1273
3 1274 1273 1275
3 1300 1275 1273
3 1300 1273 1299
3 1276 1274 1275
3 1276 1275 1277
3 1301 1277 1275
3 1301 1275 1300
3 1278 1276 1277
3 1278 1277 1279
3 1302 1279 1277
3 1302 1277 1301
3 1323 1278 1279
3 1343 1279 1302
3 1323 1279 1324
3 1343 1324 1279
3 1290 1280 1281
3 1290 1289 1280
3 1291 1281 1282
3 1291 1290 1281
3 1292 1282 1283
3 1292 1291 1282
3 1293 1283 1284
3 1293 1292 1283
3 1294 1284 1285
3 1294 1293 1284
3 1286 1304 1285
3 1311 1294 1285
3 1311 1285 1304
3 1287 1303 1286
3 1286 1303 1304
3 1341 1287 1288
3 1287 1305 1303
3 1341 1305 1287
3 1321 1338 1288
3 1341 1288 1338
3 1290 1306 1289
3 1291 1307 1290
3 1290 1307 1306
3 1292 1308 1291
3 1291 1308 1307
3 1293 1309 1292
3 1292 1309 1308
3 1294 1310 1293
3 1293 1310 1309
3 1294 1311 1310
3 2296 1296 1295
3 2296 1295 2295
3 2297 1297 1296
3 2297 1296 2296
3 2298 1298 1297
3 2298 1297 2297
3 2299 1299 1298
3 2299 1298 2298
3 2300 1300 1299
3 2300 1299 2299
3 2301 1301 1300
3 2301 1300 2300
3 2302 1302 1301
3 2302 1301 2301
3 2384 1343 1302
3 2384 1302 2302
3 1312 1304 1303
3 1305 2304 1303
3 2311 1312 1303
3 2311 1303 2304
3 1312 1311 1304
3 1341 1358 1305
3 1358 2303 1305
3 1305 2303 2304
3 1307 2305 1306
3 1306 2305 2210
3 1308 2306 1307
3 1307 2306 2305
3 1309 2307 1308
3 1308 2307 2306
3 1310 2308 1309
3 1309 2308 2307
3 1311 2309 1310
3 1310 2309 2308
3 1312 2310 1311
3 1311 2310 2309
3 1312 2311 2310
3 1315 1313 1314
3 1318 1313 1315
3 1318 1317 1313
3 1315 1314 1316
3 1325 1316 1314
3 1325 1314 1323
3 1329 1315 1316
3 1319 1318 1315
3 1319 1315 1320
3 1330 1320 1315
3 1330 1315 1329
3 1329 1316 1325
3 1322 1317 1318
3 1322 1321 1317
3 1319 1336 1318
3 1339 1322 1318
3 1339 1318 1336
3 1335 1319 1320
3 1319 1335 1336
3 1335 1320 1330
3 1322 1338 1321
3 1322 1339 1338
3 1325 1323 1324
3 1325 1324 1326
3 1344 1326 1324
3 1344 1324 1343
3 1327 1325 1326
3 1330 1325 1327
3 1330 1329 1325
3 1327 1326 1328
3 1345 1328 1326
3 1345 1326 1344
3 1346 1327 1328
3 1331 1330 1327
3 1331 1327 1332
3 1347 1332 1327
3 1347 1327 1346
3 1346 1328 1345
3 1337 1330 1331
3 1337 1335 1330
3 1333 1331 1332
3 1333 1351 1331
3 1352 1337 1331
3 1352 1331 1351
3 1333 1332 1334
3 1349 1334 1332
3 1349 1332 1347
3 1350 1333 1334
3 1333 1350 1351
3 1350 1334 1349
3 1340 1336 1335
3 1337 1353 1335
3 1355 1340 1335
3 1355 1335 1353
3 1340 1339 1336
3 1337 1352 1353
3 1342 1338 1339
3 1342 1341 1338
3 1340 1356 1339
3 1359 1342 1339
3 1359 1339 1356
3 1340 1355 1356
3 1342 1358 1341
3 1342 1359 1358
3 2385 1344 1343
3 2385 1343 2384
3 2386 1345 1344
3 2386 1344 2385
3 1347 1346 1345
3 1347 1345 1348
3 2387 1348 1345
3 2387 1345 2386
3 2389 1347 1348
3 2390 1349 1347
3 2390 1347 2389
3 2389 1348 2387
3 2391 1350 1349
3 2391 1349 2390
3 1354 1351 1350
3 2393 1354 1350
3 2393 1350 2391
3 1354 1352 1351
3 1357 1353 1352
3 1354 2392 1352
3 2397 1357 1352
3 2397 1352 2392
3 1357 1355 1353
3 1354 2393 2392
3 1355 2396 1356
3 1357 2395 1355
3 1355 2395 2396
3 2400 1359 1356
3 2400 1356 2396
3 1357 2397 2395
3 1359 2399 1358
3 1358 2399 2303
3 1359 2400 2399
3 1360 1361 1362
3 1364 1361 1360
3 1360 1362 1363
3 1394 1360 1363
3 1400 1364 1360
3 1400 1360 1394
3 1361 2501 1362
3 1364 1365 1361
3 1365 2502 1361
3 1361 2502 2501
3 2500 1363 1362
3 2500 1362 2501
3 1394 1363 1386
3 1363 2500 1423
3 1369 1365 1364
3 1405 1369 1364
3 1405 1364 1400
3 1366 1368 1365
3 1369 1366 1365
3 2504 1365 1368
3 1365 2504 2502
3 1366 1367 1368
3 1370 1367 1366
3 1372 1366 1369
3 1372 1370 1366
3 1367 2505 1368
3 1370 1371 1367
3 1371 2507 1367
3 1367 2507 2505
3 2504 1368 2505
3 1409 1372 1369
3 1409 1369 1405
3 1376 1371 1370
3 1377 1370 1372
3 1377 1376 1370
3 1373 1375 1371
3 1376 1373 1371
3 2510 1371 1375
3 1371 2510 2507
3 1411 1377 1372
3 1411 1372 1409
3 1373 1374 1375
3 1378 1374 1373
3 1380 1373 1376
3 1380 1378 1373
3 1374 2511 1375
3 1378 1379 1374
3 1379 2514 1374
3 1374 2514 2511
3 2510 1375 2511
3 1381 1376 1377
3 1381 1380 1376
3 2521 1381 1377
3 1411 2517 1377
3 2521 1377 2517
3 1378 2518 1379
3 1380 2519 1378
3 1378 2519 2518
3 1379 2518 2514
3 1381 2520 1380
3 1380 2520 2519
3 1381 2521 2520
3 1382 1388 1383
3 1384 1389 1382
3 1382 1389 1388
3 1385 1390 1384
3 1384 1390 1389
3 1385 1391 1390
3 1395 1386 1387
3 1395 1394 1386
3 1396 1387 1388
3 1396 1395 1387
3 1397 1388 1389
3 1397 1396 1388
3 1398 1389 1390
3 1398 1397 1389
3 1399 1390 1391
3 1399 1398 1390
3 1392 2525 1391
3 2535 1399 1391
3 2535 1391 2525
3 1393 2526 1392
3 1392 2526 2525
3 1393 2527 2526
3 1401 1394 1395
3 1401 1400 1394
3 1402 1395 1396
3 1402 1401 1395
3 1403 1396 1397
3 1403 1402 1396
3 1404 1397 1398
3 1404 1403 1397
3 1399 2533 1398
3 2540 1404 1398
3 2540 1398 2533
3 1399 2535 2533
3 1406 1400 1401
3 1406 1405 1400
3 1407 1401 1402
3 1407 1406 1401
3 1408 1402 1403
3 1408 1407 1402
3 1404 2539 1403
3 2544 1408 1403
3 2544 1403 2539
3 1404 2540 2539
3 1410 1405 1406
3 1410 1409 1405
3 1407 2542 1406
3 2546 1410 1406
3 2546 1406 2542
3 1408 2543 1407
3 1407 2543 2542
3 1408 2544 2543
3 1410 2545 1409
3 2547 1411 1409
3 2547 1409 2545
3 1410 2546 2545
3 1411 2547 2517
3 1424 1412 1413
3 1503 1412 1424
3 1503 1490 1412
3 1416 1425 1413
3 1424 1413 1425
3 1417 1414 1415
3 1426 1416 1414
3 1417 1418 1414
3 1418 1427 1414
3 1426 1414 1427
3 1416 1426 1425
3 1419 1421 1418
3 1421 1429 1418
3 1418 1429 1427
3 1419 1420 1421
3 1420 1430 1421
3 1422 1431 1420
3 1420 1431 1430
3 1421 1430 1429
3 1423 1494 1422
3 1422 1432 1431
3 1494 1432 1422
3 1423 1493 1494
3 2500 1493 1423
3 1426 1424 1425
3 1426 1428 1424
3 1428 1503 1424
3 1429 1426 1427
3 1434 1428 1426
3 1429 1430 1426
3 1430 1435 1426
3 1434 1426 1435
3 1542 1428 1434
3 1428 1509 1503
3 1542 1509 1428
3 1431 1433 1430
3 1433 1436 1430
3 1430 1436 1435
3 1431 1432 1433
3 1432 1437 1433
3 1432 1438 1437
3 1511 1438 1432
3 1494 1511 1432
3 1433 1437 1436
3 1439 1434 1435
3 1564 1434 1439
3 1564 1542 1434
3 1436 1440 1435
3 1439 1435 1440
3 1437 1441 1436
3 1436 1441 1440
3 1438 1442 1437
3 1437 1442 1441
3 1438 1443 1442
3 1554 1443 1438
3 1511 1554 1438
3 1445 1439 1440
3 1575 1439 1445
3 1575 1564 1439
3 1441 1446 1440
3 1445 1440 1446
3 1443 1441 1442
3 1443 1444 1441
3 1444 1447 1441
3 1441 1447 1446
3 1443 1450 1444
3 1443 1451 1450
3 1572 1451 1443
3 1554 1572 1443
3 1444 1450 1447
3 1454 1445 1446
3 1585 1445 1454
3 1585 1575 1445
3 1447 1449 1446
3 1452 1446 1449
3 1454 1446 1452
3 1447 1448 1449
3 1447 1455 1448
3 1450 1456 1447
3 1447 1456 1455
3 1448 1453 1449
3 1448 1455 1453
3 1452 1449 1453
3 1451 1457 1450
3 1450 1457 1456
3 1451 1459 1457
3 1581 1459 1451
3 1572 1581 1451
3 1460 1452 1453
3 1462 1454 1452
3 1462 1452 1460
3 1455 1461 1453
3 1460 1453 1461
3 1593 1454 1462
3 1593 1585 1454
3 1457 1455 1456
3 1457 1458 1455
3 1458 1463 1455
3 1455 1463 1461
3 1457 1464 1458
3 1459 1467 1457
3 1457 1467 1464
3 1458 1464 1463
3 1459 1468 1467
3 1591 1468 1459
3 1581 1591 1459
3 1469 1460 1461
3 1471 1462 1460
3 1471 1460 1469
3 1463 1470 1461
3 1469 1461 1470
3 1475 1462 1471
3 1475 1476 1462
3 1476 1593 1462
3 1464 1466 1463
3 1472 1463 1466
3 1463 1472 1470
3 1464 1465 1466
3 1464 1477 1465
3 1467 1478 1464
3 1464 1478 1477
3 1465 1473 1466
3 1465 1477 1473
3 1472 1466 1473
3 1468 1479 1467
3 1467 1479 1478
3 1480 1468 1476
3 1468 1594 1476
3 1468 1480 1479
3 1591 1595 1468
3 1468 1595 1594
3 1472 1469 1470
3 1474 1471 1469
3 1472 1474 1469
3 1474 1475 1471
3 1809 1472 1473
3 1811 1474 1472
3 1811 1472 1809
3 1477 1810 1473
3 1809 1473 1810
3 1479 1475 1474
3 1814 1479 1474
3 1814 1474 1811
3 1480 1476 1475
3 1479 1480 1475
3 1476 1594 1593
3 1478 1812 1477
3 1477 1812 1810
3 1479 1813 1478
3 1478 1813 1812
3 1479 1814 1813
3 1488 1481 1482
3 1495 1483 1481
3 1488 1489 1481
3 1489 1496 1481
3 1495 1481 1496
3 1612 1483 1495
3 1612 1596 1483
3 1491 1484 1485
3 1497 1486 1484
3 1491 1492 1484
3 1492 1498 1484
3 1497 1484 1498
3 1499 1487 1486
3 1499 1486 1497
3 1500 1488 1487
3 1500 1487 1499
3 1501 1489 1488
3 1501 1488 1500
3 1489 1501 1496
3 1504 1491 1490
3 1504 1490 1503
3 1505 1492 1491
3 1505 1491 1504
3 1492 1505 1498
3 1493 1511 1494
3 1493 1512 1511
3 1515 1512 1493
3 2522 1515 1493
3 2500 2522 1493
3 1501 1495 1496
3 1501 1502 1495
3 1502 1612 1495
3 1505 1497 1498
3 1506 1499 1497
3 1505 1506 1497
3 1507 1500 1499
3 1506 1507 1499
3 1532 1501 1500
3 1507 1508 1500
3 1508 1533 1500
3 1532 1500 1533
3 1534 1502 1501
3 1534 1501 1532
3 1644 1502 1534
3 1502 1620 1612
3 1644 1620 1502
3 1509 1504 1503
3 1535 1505 1504
3 1509 1510 1504
3 1510 1536 1504
3 1535 1504 1536
3 1537 1506 1505
3 1537 1505 1535
3 1538 1507 1506
3 1538 1506 1537
3 1539 1508 1507
3 1539 1507 1538
3 1508 1539 1533
3 1543 1510 1509
3 1543 1509 1542
3 1510 1543 1536
3 1512 1514 1511
3 1514 1554 1511
3 1512 1513 1514
3 1515 1513 1512
3 1513 1517 1514
3 1518 1513 1515
3 1513 1516 1517
3 1518 1516 1513
3 1517 1555 1514
3 1514 1555 1554
3 2523 1518 1515
3 2522 2523 1515
3 1516 1520 1517
3 2524 1516 1518
3 1516 1519 1520
3 2548 1519 1516
3 2524 2548 1516
3 1520 1556 1517
3 1517 1556 1555
3 2523 2524 1518
3 1519 1522 1520
3 1519 1521 1522
3 2549 1521 1519
3 2548 2549 1519
3 1522 1557 1520
3 1520 1557 1556
3 1521 1524 1522
3 1521 1523 1524
3 2550 1523 1521
3 2549 2550 1521
3 1524 1560 1522
3 1522 1560 1557
3 1523 1526 1524
3 1523 1525 1526
3 1527 1525 1523
3 1527 1523 1528
3 2551 1528 1523
3 2550 2551 1523
3 1526 1561 1524
3 1524 1561 1560
3 1525 1530 1526
3 1531 1525 1527
3 1525 1529 1530
3 1531 1529 1525
3 1530 1562 1526
3 1526 1562 1561
3 2525 1527 1528
3 2526 1531 1527
3 2525 2526 1527
3 2551 2525 1528
3 1529 1629 1530
3 1604 1529 1531
3 1604 1628 1529
3 1529 1628 1629
3 1530 1563 1562
3 1629 1563 1530
3 2526 2527 1531
3 1539 1532 1533
3 1540 1534 1532
3 1539 1540 1532
3 1540 1541 1534
3 1541 1644 1534
3 1543 1535 1536
3 1544 1537 1535
3 1543 1544 1535
3 1545 1538 1537
3 1544 1545 1537
3 1546 1539 1538
3 1545 1546 1538
3 1547 1540 1539
3 1546 1547 1539
3 1548 1541 1540
3 1547 1548 1540
3 1548 1549 1541
3 1549 1652 1541
3 1541 1652 1644
3 1565 1543 1542
3 1565 1542 1564
3 1566 1544 1543
3 1566 1543 1565
3 1567 1545 1544
3 1567 1544 1566
3 1568 1546 1545
3 1568 1545 1567
3 1550 1547 1546
3 1571 1550 1546
3 1571 1546 1568
3 1551 1548 1547
3 1550 1551 1547
3 1552 1549 1548
3 1551 1552 1548
3 1552 1553 1549
3 1553 1660 1549
3 1549 1660 1652
3 1560 1551 1550
3 1557 1550 1558
3 1557 1560 1550
3 1550 1569 1558
3 1550 1571 1569
3 1561 1552 1551
3 1560 1561 1551
3 1562 1553 1552
3 1561 1562 1552
3 1562 1563 1553
3 1563 1668 1553
3 1553 1668 1660
3 1555 1572 1554
3 1556 1573 1555
3 1555 1573 1572
3 1556 1557 1558
3 1556 1558 1559
3 1574 1556 1559
3 1556 1574 1573
3 1558 1570 1559
3 1558 1569 1570
3 1574 1559 1570
3 1629 1676 1563
3 1563 1676 1668
3 1576 1565 1564
3 1576 1564 1575
3 1577 1566 1565
3 1577 1565 1576
3 1578 1567 1566
3 1578 1566 1577
3 1569 1568 1567
3 1580 1569 1567
3 1580 1567 1578
3 1569 1571 1568
3 1569 1579 1570
3 1569 1580 1579
3 1583 1574 1570
3 1583 1570 1579
3 1573 1581 1572
3 1574 1582 1573
3 1573 1582 1581
3 1574 1583 1582
3 1586 1576 1575
3 1586 1575 1585
3 1587 1577 1576
3 1587 1576 1586
3 1579 1578 1577
3 1590 1579 1577
3 1590 1577 1587
3 1579 1580 1578
3 1582 1583 1579
3 1582 1579 1584
3 1579 1589 1584
3 1579 1590 1589
3 1582 1591 1581
3 1592 1582 1584
3 1582 1592 1591
3 1592 1584 1589
3 1588 1586 1585
3 1594 1588 1585
3 1594 1585 1593
3 1589 1587 1586
3 1588 1589 1586
3 1589 1590 1587
3 1591 1589 1588
3 1595 1591 1588
3 1595 1588 1594
3 1591 1592 1589
3 1613 1597 1596
3 1613 1596 1612
3 1614 1598 1597
3 1614 1597 1613
3 1615 1599 1598
3 1615 1598 1614
3 1616 1600 1599
3 1616 1599 1615
3 1617 1601 1600
3 1617 1600 1616
3 1618 1602 1601
3 1618 1601 1617
3 1619 1603 1602
3 1619 1602 1618
3 1700 1603 1619
3 1700 1684 1603
3 1605 1628 1604
3 1606 1630 1605
3 1605 1630 1628
3 1607 1632 1606
3 1606 1632 1630
3 1608 1634 1607
3 1607 1634 1632
3 1609 1636 1608
3 1608 1636 1634
3 1610 1638 1609
3 1609 1638 1636
3 1611 1640 1610
3 1610 1640 1638
3 1611 1642 1640
3 1692 1642 1611
3 1620 1613 1612
3 1621 1614 1613
3 1620 1621 1613
3 1622 1615 1614
3 1621 1622 1614
3 1623 1616 1615
3 1622 1623 1615
3 1624 1617 1616
3 1623 1624 1616
3 1625 1618 1617
3 1624 1625 1617
3 1626 1619 1618
3 1625 1626 1618
3 1626 1627 1619
3 1627 1700 1619
3 1645 1621 1620
3 1645 1620 1644
3 1646 1622 1621
3 1646 1621 1645
3 1647 1623 1622
3 1647 1622 1646
3 1648 1624 1623
3 1648 1623 1647
3 1649 1625 1624
3 1649 1624 1648
3 1650 1626 1625
3 1650 1625 1649
3 1651 1627 1626
3 1651 1626 1650
3 1733 1627 1651
3 1627 1708 1700
3 1733 1708 1627
3 1628 1631 1629
3 1628 1630 1631
3 1631 1676 1629
3 1630 1633 1631
3 1630 1632 1633
3 1633 1677 1631
3 1631 1677 1676
3 1632 1635 1633
3 1632 1634 1635
3 1635 1678 1633
3 1633 1678 1677
3 1634 1637 1635
3 1634 1636 1637
3 1637 1679 1635
3 1635 1679 1678
3 1636 1639 1637
3 1636 1638 1639
3 1639 1680 1637
3 1637 1680 1679
3 1638 1641 1639
3 1638 1640 1641
3 1641 1681 1639
3 1639 1681 1680
3 1640 1643 1641
3 1640 1642 1643
3 1643 1682 1641
3 1641 1682 1681
3 1642 1714 1643
3 1692 1713 1642
3 1642 1713 1714
3 1643 1683 1682
3 1714 1683 1643
3 1652 1645 1644
3 1653 1646 1645
3 1652 1653 1645
3 1654 1647 1646
3 1653 1654 1646
3 1655 1648 1647
3 1654 1655 1647
3 1656 1649 1648
3 1655 1656 1648
3 1657 1650 1649
3 1656 1657 1649
3 1658 1651 1650
3 1657 1658 1650
3 1658 1659 1651
3 1659 1733 1651
3 1660 1653 1652
3 1661 1654 1653
3 1660 1661 1653
3 1662 1655 1654
3 1661 1662 1654
3 1663 1656 1655
3 1662 1663 1655
3 1664 1657 1656
3 1663 1664 1656
3 1665 1658 1657
3 1664 1665 1657
3 1666 1659 1658
3 1665 1666 1658
3 1666 1667 1659
3 1667 1741 1659
3 1659 1741 1733
3 1668 1661 1660
3 1669 1662 1661
3 1668 1669 1661
3 1670 1663 1662
3 1669 1670 1662
3 1671 1664 1663
3 1670 1671 1663
3 1672 1665 1664
3 1671 1672 1664
3 1673 1666 1665
3 1672 1673 1665
3 1674 1667 1666
3 1673 1674 1666
3 1674 1675 1667
3 1675 1746 1667
3 1667 1746 1741
3 1676 1669 1668
3 1677 1670 1669
3 1676 1677 1669
3 1678 1671 1670
3 1677 1678 1670
3 1679 1672 1671
3 1678 1679 1671
3 1680 1673 1672
3 1679 1680 1672
3 1681 1674 1673
3 1680 1681 1673
3 1682 1675 1674
3 1681 1682 1674
3 1682 1683 1675
3 1683 1751 1675
3 1675 1751 1746
3 1714 1762 1683
3 1683 1762 1751
3 1701 1685 1684
3 1701 1684 1700
3 1702 1686 1685
3 1702 1685 1701
3 1703 1687 1686
3 1703 1686 1702
3 1704 1688 1687
3 1704 1687 1703
3 1705 1689 1688
3 1705 1688 1704
3 1706 1690 1689
3 1706 1689 1705
3 1707 1691 1690
3 1707 1690 1706
3 2049 1691 1707
3 2049 2033 1691
3 1693 1713 1692
3 1694 1715 1693
3 1693 1715 1713
3 1695 1717 1694
3 1694 1717 1715
3 1696 1719 1695
3 1695 1719 1717
3 1697 1721 1696
3 1696 1721 1719
3 1698 1723 1697
3 1697 1723 1721
3 1699 1725 1698
3 1698 1725 1723
3 1699 1727 1725
3 2041 1727 1699
3 1708 1701 1700
3 1709 1702 1701
3 1708 1709 1701
3 1710 1703 1702
3 1709 1710 1702
3 1711 1704 1703
3 1710 1711 1703
3 1729 1705 1704
3 1711 1712 1704
3 1712 1730 1704
3 1729 1704 1730
3 1731 1706 1705
3 1731 1705 1729
3 1732 1707 1706
3 1732 1706 1731
3 2073 1707 1732
3 2073 2049 1707
3 1734 1709 1708
3 1734 1708 1733
3 1735 1710 1709
3 1735 1709 1734
3 1736 1711 1710
3 1736 1710 1735
3 1737 1712 1711
3 1737 1711 1736
3 1712 1737 1730
3 1713 1716 1714
3 1713 1715 1716
3 1716 1762 1714
3 1715 1718 1716
3 1715 1717 1718
3 1718 1763 1716
3 1716 1763 1762
3 1717 1720 1718
3 1717 1719 1720
3 1720 1764 1718
3 1718 1764 1763
3 1719 1722 1720
3 1719 1721 1722
3 1722 1765 1720
3 1720 1765 1764
3 1721 1724 1722
3 1721 1723 1724
3 1724 1766 1722
3 1722 1766 1765
3 1723 1726 1724
3 1723 1725 1726
3 1726 1767 1724
3 1724 1767 1766
3 1725 1728 1726
3 1725 1727 1728
3 1728 1768 1726
3 1726 1768 1767
3 1727 2058 1728
3 2041 2057 1727
3 1727 2057 2058
3 1728 1769 1768
3 2058 1769 1728
3 1737 1729 1730
3 1738 1731 1729
3 1737 1738 1729
3 1739 1732 1731
3 1738 1739 1731
3 1739 1740 1732
3 1740 2073 1732
3 1741 1734 1733
3 1742 1735 1734
3 1741 1742 1734
3 1743 1736 1735
3 1742 1743 1735
3 1744 1737 1736
3 1743 1744 1736
3 1770 1738 1737
3 1744 1745 1737
3 1745 1771 1737
3 1770 1737 1771
3 1772 1739 1738
3 1772 1738 1770
3 1773 1740 1739
3 1773 1739 1772
3 2106 1740 1773
3 1740 2081 2073
3 2106 2081 1740
3 1746 1742 1741
3 1747 1743 1742
3 1746 1747 1742
3 1748 1744 1743
3 1747 1748 1743
3 1749 1745 1744
3 1748 1749 1744
3 1749 1750 1745
3 1750 1774 1745
3 1745 1774 1771
3 1751 1747 1746
3 1752 1748 1747
3 1751 1752 1747
3 1753 1749 1748
3 1752 1753 1748
3 1754 1750 1749
3 1753 1754 1749
3 1754 1755 1750
3 1755 1757 1750
3 1757 1776 1750
3 1750 1776 1774
3 1762 1752 1751
3 1763 1753 1752
3 1762 1763 1752
3 1764 1754 1753
3 1763 1764 1753
3 1765 1755 1754
3 1764 1765 1754
3 1755 1756 1757
3 1766 1756 1755
3 1765 1766 1755
3 1756 1759 1757
3 1756 1758 1759
3 1767 1758 1756
3 1766 1767 1756
3 1759 1777 1757
3 1757 1777 1776
3 1758 1761 1759
3 1758 1760 1761
3 1768 1760 1758
3 1767 1768 1758
3 1761 1778 1759
3 1759 1778 1777
3 1760 2090 1761
3 1768 1769 1760
3 1769 2089 1760
3 1760 2089 2090
3 1761 1780 1778
3 2090 1780 1761
3 2058 2091 1769
3 1769 2091 2089
3 1774 1770 1771
3 1781 1772 1770
3 1774 1775 1770
3 1775 1782 1770
3 1781 1770 1782
3 1783 1773 1772
3 1783 1772 1781
3 2130 1773 1783
3 2130 2106 1773
3 1776 1775 1774
3 1776 1777 1775
3 1777 1779 1775
3 1779 1784 1775
3 1775 1784 1782
3 1777 1778 1779
3 1778 1785 1779
3 1780 1786 1778
3 1778 1786 1785
3 1779 1785 1784
3 1780 1787 1786
3 2114 1787 1780
3 2090 2114 1780
3 1788 1781 1782
3 1790 1783 1781
3 1790 1781 1788
3 1784 1789 1782
3 1788 1782 1789
3 2146 1783 1790
3 2146 2130 1783
3 1785 1791 1784
3 1784 1791 1789
3 1786 1792 1785
3 1785 1792 1791
3 1787 1793 1786
3 1786 1793 1792
3 1787 1794 1793
3 2138 1794 1787
3 2114 2138 1787
3 1791 1788 1789
3 1795 1790 1788
3 1791 1792 1788
3 1792 1796 1788
3 1795 1788 1796
3 2165 1790 1795
3 2165 2146 1790
3 1793 1797 1792
3 1792 1797 1796
3 1794 1798 1793
3 1793 1798 1797
3 1794 1801 1798
3 2157 1801 1794
3 2138 2157 1794
3 1802 1795 1796
3 2181 1795 1802
3 2181 2165 1795
3 1797 1803 1796
3 1802 1796 1803
3 1798 1800 1797
3 1804 1797 1800
3 1797 1804 1803
3 1798 1799 1800
3 1798 1806 1799
3 1801 1807 1798
3 1798 1807 1806
3 1799 1805 1800
3 1799 1806 1805
3 1804 1800 1805
3 1801 1808 1807
3 2174 1808 1801
3 2157 2174 1801
3 1819 1802 1803
3 2431 1802 1819
3 2431 2181 1802
3 1804 1820 1803
3 1819 1803 1820
3 1821 1804 1805
3 1804 1821 1820
3 1806 1822 1805
3 1821 1805 1822
3 1807 1824 1806
3 1806 1824 1822
3 1808 1825 1807
3 1807 1825 1824
3 1808 1826 1825
3 2189 1826 1808
3 2174 2189 1808
3 1815 1809 1810
3 1813 1811 1809
3 1818 1813 1809
3 1818 1809 1815
3 1812 1816 1810
3 1815 1810 1816
3 1813 1814 1811
3 1813 1817 1812
3 1812 1817 1816
3 1813 1818 1817
3 1817 1815 1816
3 1817 1818 1815
3 1821 1819 1820
3 1821 1823 1819
3 1823 2431 1819
3 1827 1821 1822
3 1829 1823 1821
3 1829 1821 1827
3 1824 1828 1822
3 1827 1822 1828
3 2451 1823 1829
3 1823 2436 2431
3 2451 2436 1823
3 1825 1830 1824
3 1824 1830 1828
3 1826 1833 1825
3 1825 1833 1830
3 1826 1834 1833
3 2442 1834 1826
3 2189 2442 1826
3 1837 1827 1828
3 1838 1829 1827
3 1838 1827 1837
3 1830 1832 1828
3 1835 1828 1832
3 1837 1828 1835
3 2463 1829 1838
3 2463 2451 1829
3 1830 1831 1832
3 1830 1839 1831
3 1833 1840 1830
3 1830 1840 1839
3 1831 1836 1832
3 1831 1839 1836
3 1835 1832 1836
3 1834 1841 1833
3 1833 1841 1840
3 1834 1842 1841
3 1845 1842 1834
3 2460 1845 1834
3 2442 2456 1834
3 2460 1834 2456
3 1846 1835 1836
3 1848 1837 1835
3 1848 1835 1846
3 1839 1847 1836
3 1846 1836 1847
3 1849 1838 1837
3 1849 1837 1848
3 2472 1838 1849
3 2472 2463 1838
3 1840 1850 1839
3 1839 1850 1847
3 1841 1851 1840
3 1840 1851 1850
3 1843 1841 1842
3 1843 1844 1841
3 1844 1852 1841
3 1841 1852 1851
3 1845 1843 1842
3 1843 1853 1844
3 2460 1843 1845
3 1843 1855 1853
3 2469 1855 1843
3 2460 2469 1843
3 1844 1853 1852
3 1856 1846 1847
3 1858 1848 1846
3 1858 1846 1856
3 1850 1857 1847
3 1856 1847 1857
3 1859 1849 1848
3 1859 1848 1858
3 2482 1849 1859
3 2482 2472 1849
3 1851 1860 1850
3 1850 1860 1857
3 1853 1851 1852
3 1853 1854 1851
3 1854 1863 1851
3 1851 1863 1860
3 1853 1864 1854
3 1855 1866 1853
3 1853 1866 1864
3 1854 1864 1863
3 1855 1867 1866
3 2478 1867 1855
3 2469 2478 1855
3 1870 1856 1857
3 1871 1858 1856
3 1871 1856 1870
3 1860 1862 1857
3 1868 1857 1862
3 1870 1857 1868
3 1872 1859 1858
3 1872 1858 1871
3 2489 1859 1872
3 2489 2482 1859
3 1860 1861 1862
3 1860 1873 1861
3 1864 1860 1863
3 1864 1865 1860
3 1865 1874 1860
3 1860 1874 1873
3 1861 1869 1862
3 1861 1873 1869
3 1868 1862 1869
3 1864 1875 1865
3 1866 1877 1864
3 1864 1877 1875
3 1865 1875 1874
3 1867 1878 1866
3 1866 1878 1877
3 1867 1879 1878
3 2487 1879 1867
3 2478 2487 1867
3 1880 1868 1869
3 1882 1870 1868
3 1882 1868 1880
3 1873 1881 1869
3 1880 1869 1881
3 1883 1871 1870
3 1883 1870 1882
3 1884 1872 1871
3 1884 1871 1883
3 2495 1872 1884
3 2495 2489 1872
3 1875 1873 1874
3 1875 1876 1873
3 1876 1885 1873
3 1873 1885 1881
3 1875 1886 1876
3 1877 1887 1875
3 1875 1887 1886
3 1876 1886 1885
3 1878 1888 1877
3 1877 1888 1887
3 1879 1889 1878
3 1878 1889 1888
3 1879 1890 1889
3 2493 1890 1879
3 2487 2493 1879
3 1891 1880 1881
3 1893 1882 1880
3 1893 1880 1891
3 1885 1892 1881
3 1891 1881 1892
3 1894 1883 1882
3 1894 1882 1893
3 1895 1884 1883
3 1895 1883 1894
3 1898 1884 1895
3 1898 1899 1884
3 1899 2495 1884
3 1886 1896 1885
3 1885 1896 1892
3 1887 1900 1886
3 1886 1900 1896
3 1888 1903 1887
3 1887 1903 1900
3 1889 1904 1888
3 1888 1904 1903
3 1890 1905 1889
3 1889 1905 1904
3 1890 1906 1905
3 2497 1906 1890
3 2493 2497 1890
3 1911 1891 1892
3 1913 1893 1891
3 1913 1891 1911
3 1896 1912 1892
3 1911 1892 1912
3 1914 1894 1893
3 1914 1893 1913
3 1897 1895 1894
3 1919 1897 1894
3 1919 1894 1914
3 1897 1898 1895
3 1900 1902 1896
3 1915 1896 1902
3 1896 1915 1912
3 1920 1898 1897
3 1920 1897 1919
3 2498 1899 1898
3 1926 1906 1898
3 1906 2498 1898
3 1926 1898 1920
3 1899 2496 2495
3 2498 2496 1899
3 1900 1901 1902
3 1900 1921 1901
3 1903 1922 1900
3 1900 1922 1921
3 1901 1916 1902
3 1901 1921 1916
3 1915 1902 1916
3 1904 1923 1903
3 1903 1923 1922
3 1905 1924 1904
3 1904 1924 1923
3 1906 1925 1905
3 1905 1925 1924
3 1906 1926 1925
3 2497 2499 1906
3 1906 2499 2498
3 1907 1908 1909
3 2005 1908 1907
3 1907 1909 1910
3 2005 1907 1910
3 1908 2020 1909
3 2005 2014 1908
3 2014 2017 1908
3 1908 2017 2020
3 2011 1910 1909
3 2025 2011 1909
3 2025 1909 2020
3 2005 1910 2001
3 2011 2001 1910
3 1915 1911 1912
3 1917 1913 1911
3 1915 1917 1911
3 1918 1914 1913
3 1917 1918 1913
3 1918 1919 1914
3 1927 1915 1916
3 1929 1917 1915
3 1929 1915 1927
3 1921 1928 1916
3 1927 1916 1928
3 1930 1918 1917
3 1930 1917 1929
3 1931 1919 1918
3 1931 1918 1930
3 1932 1920 1919
3 1932 1919 1931
3 1940 1926 1920
3 1940 1920 1932
3 1922 1933 1921
3 1921 1933 1928
3 1923 1936 1922
3 1922 1936 1933
3 1924 1937 1923
3 1923 1937 1936
3 1925 1938 1924
3 1924 1938 1937
3 1926 1939 1925
3 1925 1939 1938
3 1926 1940 1939
3 1943 1927 1928
3 1944 1929 1927
3 1944 1927 1943
3 1933 1935 1928
3 1941 1928 1935
3 1943 1928 1941
3 1945 1930 1929
3 1945 1929 1944
3 1946 1931 1930
3 1946 1930 1945
3 1939 1932 1931
3 1952 1939 1931
3 1952 1931 1946
3 1939 1940 1932
3 1933 1934 1935
3 1933 1947 1934
3 1936 1948 1933
3 1933 1948 1947
3 1934 1942 1935
3 1934 1947 1942
3 1941 1935 1942
3 1937 1949 1936
3 1936 1949 1948
3 1938 1950 1937
3 1937 1950 1949
3 1939 1951 1938
3 1938 1951 1950
3 1939 1952 1951
3 1953 1941 1942
3 1955 1943 1941
3 1955 1941 1953
3 1947 1954 1942
3 1953 1942 1954
3 1956 1944 1943
3 1956 1943 1955
3 1957 1945 1944
3 1957 1944 1956
3 1958 1946 1945
3 1958 1945 1957
3 1964 1952 1946
3 1964 1946 1958
3 1948 1959 1947
3 1947 1959 1954
3 1949 1960 1948
3 1948 1960 1959
3 1950 1961 1949
3 1949 1961 1960
3 1951 1962 1950
3 1950 1962 1961
3 1952 1963 1951
3 1951 1963 1962
3 1952 1964 1963
3 1968 1953 1954
3 1970 1955 1953
3 1970 1953 1968
3 1959 1969 1954
3 1968 1954 1969
3 1971 1956 1955
3 1971 1955 1970
3 1972 1957 1956
3 1972 1956 1971
3 1963 1958 1957
3 1978 1963 1957
3 1978 1957 1972
3 1963 1964 1958
3 1960 1973 1959
3 1959 1973 1969
3 1965 1960 1961
3 1965 1966 1960
3 1966 1976 1960
3 1960 1976 1973
3 1967 1961 1962
3 1967 1965 1961
3 1963 1977 1962
3 1982 1967 1962
3 1982 1962 1977
3 1963 1978 1977
3 1965 1979 1966
3 1967 1981 1965
3 1965 1981 1979
3 1966 1979 1976
3 1967 1982 1981
3 1986 1968 1969
3 1987 1970 1968
3 1987 1968 1986
3 1973 1975 1969
3 1984 1969 1975
3 1986 1969 1984
3 1988 1971 1970
3 1988 1970 1987
3 1977 1972 1971
3 1992 1977 1971
3 1992 1971 1988
3 1977 1978 1972
3 1973 1974 1975
3 1973 1989 1974
3 1979 1973 1976
3 1979 1980 1973
3 1980 1990 1973
3 1973 1990 1989
3 1974 1985 1975
3 1974 1989 1985
3 1984 1975 1985
3 1981 1982 1977
3 1981 1977 1983
3 1977 1991 1983
3 1977 1992 1991
3 1979 1993 1980
3 1981 1995 1979
3 1979 1995 1993
3 1980 1993 1990
3 1996 1981 1983
3 1981 1996 1995
3 1996 1983 1991
3 1997 1984 1985
3 1999 1986 1984
3 1999 1984 1997
3 1989 1998 1985
3 1997 1985 1998
3 2000 1987 1986
3 2000 1986 1999
3 1991 1988 1987
3 2004 1991 1987
3 2004 1987 2000
3 1991 1992 1988
3 1993 1989 1990
3 1993 1994 1989
3 1994 2001 1989
3 1989 2001 1998
3 2008 1996 1991
3 2008 1991 2004
3 1993 2005 1994
3 1995 2006 1993
3 1993 2006 2005
3 1994 2005 2001
3 1996 2007 1995
3 1995 2007 2006
3 1996 2008 2007
3 2009 1997 1998
3 2002 1999 1997
3 2012 2002 1997
3 2012 1997 2009
3 2001 2010 1998
3 2009 1998 2010
3 2003 2000 1999
3 2002 2003 1999
3 2003 2004 2000
3 2001 2011 2010
3 2013 2003 2002
3 2013 2002 2012
3 2007 2004 2003
3 2016 2007 2003
3 2016 2003 2013
3 2007 2008 2004
3 2006 2014 2005
3 2007 2015 2006
3 2006 2015 2014
3 2007 2016 2015
3 2011 2009 2010
3 2011 2012 2009
3 2026 2012 2011
3 2026 2011 2025
3 2027 2013 2012
3 2027 2012 2026
3 2030 2016 2013
3 2030 2013 2027
3 2015 2028 2014
3 2014 2028 2017
3 2016 2029 2015
3 2015 2029 2028
3 2016 2030 2029
3 2017 2018 2019
3 2017 2023 2018
3 2017 2019 2020
3 2017 2024 2023
3 2028 2024 2017
3 2018 2022 2019
3 2018 2023 2022
3 2021 2020 2019
3 2021 2019 2022
3 2031 2020 2021
3 2031 2025 2020
3 2023 2021 2022
3 2023 2024 2021
3 2024 2031 2021
3 2028 2032 2024
3 2024 2032 2031
3 2028 2026 2025
3 2032 2028 2025
3 2032 2025 2031
3 2029 2027 2026
3 2028 2029 2026
3 2029 2030 2027
3 2050 2034 2033
3 2050 2033 2049
3 2051 2035 2034
3 2051 2034 2050
3 2052 2036 2035
3 2052 2035 2051
3 2053 2037 2036
3 2053 2036 2052
3 2054 2038 2037
3 2054 2037 2053
3 2055 2039 2038
3 2055 2038 2054
3 2056 2040 2039
3 2056 2039 2055
3 2211 2040 2056
3 2211 2195 2040
3 2042 2057 2041
3 2043 2059 2042
3 2042 2059 2057
3 2044 2061 2043
3 2043 2061 2059
3 2045 2063 2044
3 2044 2063 2061
3 2046 2065 2045
3 2045 2065 2063
3 2047 2067 2046
3 2046 2067 2065
3 2048 2069 2047
3 2047 2069 2067
3 2048 2071 2069
3 2203 2071 2048
3 2074 2050 2049
3 2074 2049 2073
3 2075 2051 2050
3 2075 2050 2074
3 2076 2052 2051
3 2076 2051 2075
3 2077 2053 2052
3 2077 2052 2076
3 2078 2054 2053
3 2078 2053 2077
3 2079 2055 2054
3 2079 2054 2078
3 2080 2056 2055
3 2080 2055 2079
3 2241 2056 2080
3 2241 2211 2056
3 2057 2060 2058
3 2057 2059 2060
3 2060 2091 2058
3 2059 2062 2060
3 2059 2061 2062
3 2062 2092 2060
3 2060 2092 2091
3 2061 2064 2062
3 2061 2063 2064
3 2064 2094 2062
3 2062 2094 2092
3 2063 2066 2064
3 2063 2065 2066
3 2066 2096 2064
3 2064 2096 2094
3 2065 2068 2066
3 2065 2067 2068
3 2068 2098 2066
3 2066 2098 2096
3 2067 2070 2068
3 2067 2069 2070
3 2070 2100 2068
3 2068 2100 2098
3 2069 2072 2070
3 2069 2071 2072
3 2072 2102 2070
3 2070 2102 2100
3 2071 2226 2072
3 2203 2225 2071
3 2071 2225 2226
3 2072 2104 2102
3 2226 2104 2072
3 2081 2074 2073
3 2082 2075 2074
3 2081 2082 2074
3 2083 2076 2075
3 2082 2083 2075
3 2084 2077 2076
3 2083 2084 2076
3 2085 2078 2077
3 2084 2085 2077
3 2086 2079 2078
3 2085 2086 2078
3 2087 2080 2079
3 2086 2087 2079
3 2087 2088 2080
3 2088 2241 2080
3 2107 2082 2081
3 2107 2081 2106
3 2108 2083 2082
3 2108 2082 2107
3 2109 2084 2083
3 2109 2083 2108
3 2110 2085 2084
3 2110 2084 2109
3 2111 2086 2085
3 2111 2085 2110
3 2112 2087 2086
3 2112 2086 2111
3 2113 2088 2087
3 2113 2087 2112
3 2282 2088 2113
3 2088 2244 2241
3 2282 2244 2088
3 2089 2114 2090
3 2091 2093 2089
3 2093 2115 2089
3 2089 2115 2114
3 2091 2092 2093
3 2092 2095 2093
3 2092 2094 2095
3 2095 2116 2093
3 2093 2116 2115
3 2094 2097 2095
3 2094 2096 2097
3 2097 2118 2095
3 2095 2118 2116
3 2096 2099 2097
3 2096 2098 2099
3 2099 2120 2097
3 2097 2120 2118
3 2098 2101 2099
3 2098 2100 2101
3 2101 2122 2099
3 2099 2122 2120
3 2100 2103 2101
3 2100 2102 2103
3 2103 2124 2101
3 2101 2124 2122
3 2102 2105 2103
3 2102 2104 2105
3 2105 2126 2103
3 2103 2126 2124
3 2104 2264 2105
3 2226 2274 2104
3 2104 2274 2264
3 2105 2128 2126
3 2264 2128 2105
3 2131 2107 2106
3 2131 2106 2130
3 2132 2108 2107
3 2132 2107 2131
3 2133 2109 2108
3 2133 2108 2132
3 2134 2110 2109
3 2134 2109 2133
3 2135 2111 2110
3 2135 2110 2134
3 2136 2112 2111
3 2136 2111 2135
3 2137 2113 2112
3 2137 2112 2136
3 2292 2113 2137
3 2292 2282 2113
3 2115 2117 2114
3 2117 2138 2114
3 2115 2116 2117
3 2116 2119 2117
3 2116 2118 2119
3 2119 2139 2117
3 2117 2139 2138
3 2118 2121 2119
3 2118 2120 2121
3 2121 2140 2119
3 2119 2140 2139
3 2120 2123 2121
3 2120 2122 2123
3 2123 2141 2121
3 2121 2141 2140
3 2122 2125 2123
3 2122 2124 2125
3 2125 2142 2123
3 2123 2142 2141
3 2124 2127 2125
3 2124 2126 2127
3 2127 2143 2125
3 2125 2143 2142
3 2126 2129 2127
3 2126 2128 2129
3 2129 2144 2127
3 2127 2144 2143
3 2128 2288 2129
3 2264 2291 2128
3 2128 2291 2288
3 2129 2145 2144
3 2288 2145 2129
3 2147 2131 2130
3 2147 2130 2146
3 2148 2132 2131
3 2148 2131 2147
3 2149 2133 2132
3 2149 2132 2148
3 2150 2134 2133
3 2150 2133 2149
3 2151 2135 2134
3 2151 2134 2150
3 2152 2136 2135
3 2152 2135 2151
3 2153 2137 2136
3 2153 2136 2152
3 2155 2137 2153
3 2155 2156 2137
3 2156 2292 2137
3 2139 2157 2138
3 2140 2158 2139
3 2139 2158 2157
3 2141 2159 2140
3 2140 2159 2158
3 2142 2160 2141
3 2141 2160 2159
3 2143 2161 2142
3 2142 2161 2160
3 2144 2162 2143
3 2143 2162 2161
3 2145 2163 2144
3 2144 2163 2162
3 2164 2145 2156
3 2145 2293 2156
3 2145 2164 2163
3 2288 2294 2145
3 2145 2294 2293
3 2166 2147 2146
3 2166 2146 2165
3 2167 2148 2147
3 2167 2147 2166
3 2168 2149 2148
3 2168 2148 2167
3 2169 2150 2149
3 2169 2149 2168
3 2170 2151 2150
3 2170 2150 2169
3 2171 2152 2151
3 2171 2151 2170
3 2154 2153 2152
3 2173 2154 2152
3 2173 2152 2171
3 2154 2155 2153
3 2163 2155 2154
3 2180 2163 2154
3 2180 2154 2173
3 2164 2156 2155
3 2163 2164 2155
3 2156 2293 2292
3 2158 2174 2157
3 2159 2175 2158
3 2158 2175 2174
3 2160 2176 2159
3 2159 2176 2175
3 2161 2177 2160
3 2160 2177 2176
3 2162 2178 2161
3 2161 2178 2177
3 2163 2179 2162
3 2162 2179 2178
3 2163 2180 2179
3 2182 2166 2165
3 2182 2165 2181
3 2183 2167 2166
3 2183 2166 2182
3 2184 2168 2167
3 2184 2167 2183
3 2185 2169 2168
3 2185 2168 2184
3 2186 2170 2169
3 2186 2169 2185
3 2172 2171 2170
3 2188 2172 2170
3 2188 2170 2186
3 2172 2173 2171
3 2179 2173 2172
3 2194 2179 2172
3 2194 2172 2188
3 2179 2180 2173
3 2175 2189 2174
3 2176 2190 2175
3 2175 2190 2189
3 2177 2191 2176
3 2176 2191 2190
3 2178 2192 2177
3 2177 2192 2191
3 2179 2193 2178
3 2178 2193 2192
3 2179 2194 2193
3 2432 2182 2181
3 2432 2181 2431
3 2433 2183 2182
3 2433 2182 2432
3 2434 2184 2183
3 2434 2183 2433
3 2435 2185 2184
3 2435 2184 2434
3 2187 2186 2185
3 2440 2187 2185
3 2440 2185 2435
3 2187 2188 2186
3 2441 2188 2187
3 2441 2187 2440
3 2447 2194 2188
3 2447 2188 2441
3 2190 2442 2189
3 2191 2443 2190
3 2190 2443 2442
3 2192 2444 2191
3 2191 2444 2443
3 2193 2445 2192
3 2192 2445 2444
3 2194 2446 2193
3 2193 2446 2445
3 2194 2447 2446
3 2212 2196 2195
3 2212 2195 2211
3 2213 2197 2196
3 2213 2196 2212
3 2214 2198 2197
3 2214 2197 2213
3 2215 2199 2198
3 2215 2198 2214
3 2216 2200 2199
3 2216 2199 2215
3 2217 2201 2200
3 2217 2200 2216
3 2218 2202 2201
3 2218 2201 2217
3 2313 2202 2218
3 2313 2295 2202
3 2204 2225 2203
3 2205 2227 2204
3 2204 2227 2225
3 2206 2229 2205
3 2205 2229 2227
3 2207 2231 2206
3 2206 2231 2229
3 2208 2233 2207
3 2207 2233 2231
3 2209 2235 2208
3 2208 2235 2233
3 2210 2237 2209
3 2209 2237 2235
3 2210 2239 2237
3 2305 2239 2210
3 2242 2212 2211
3 2242 2211 2241
3 2243 2213 2212
3 2243 2212 2242
3 2219 2214 2213
3 2246 2219 2213
3 2246 2213 2243
3 2220 2215 2214
3 2219 2220 2214
3 2221 2216 2215
3 2220 2221 2215
3 2222 2217 2216
3 2221 2222 2216
3 2223 2218 2217
3 2222 2223 2217
3 2223 2224 2218
3 2224 2313 2218
3 2247 2220 2219
3 2247 2219 2246
3 2248 2221 2220
3 2248 2220 2247
3 2249 2222 2221
3 2249 2221 2248
3 2250 2223 2222
3 2250 2222 2249
3 2251 2224 2223
3 2251 2223 2250
3 2343 2224 2251
3 2224 2321 2313
3 2343 2321 2224
3 2225 2228 2226
3 2225 2227 2228
3 2228 2274 2226
3 2227 2230 2228
3 2227 2229 2230
3 2230 2275 2228
3 2228 2275 2274
3 2229 2232 2230
3 2229 2231 2232
3 2232 2276 2230
3 2230 2276 2275
3 2231 2234 2232
3 2231 2233 2234
3 2234 2277 2232
3 2232 2277 2276
3 2233 2236 2234
3 2233 2235 2236
3 2236 2278 2234
3 2234 2278 2277
3 2235 2238 2236
3 2235 2237 2238
3 2238 2279 2236
3 2236 2279 2278
3 2237 2240 2238
3 2237 2239 2240
3 2240 2280 2238
3 2238 2280 2279
3 2239 2333 2240
3 2305 2332 2239
3 2239 2332 2333
3 2240 2281 2280
3 2333 2281 2240
3 2244 2242 2241
3 2245 2243 2242
3 2244 2245 2242
3 2245 2246 2243
3 2283 2245 2244
3 2283 2244 2282
3 2284 2246 2245
3 2284 2245 2283
3 2252 2247 2246
3 2287 2252 2246
3 2287 2246 2284
3 2253 2248 2247
3 2252 2253 2247
3 2254 2249 2248
3 2253 2254 2248
3 2255 2250 2249
3 2254 2255 2249
3 2256 2251 2250
3 2255 2256 2250
3 2256 2257 2251
3 2257 2343 2251
3 2258 2253 2252
3 2290 2258 2252
3 2290 2252 2287
3 2259 2254 2253
3 2258 2259 2253
3 2260 2255 2254
3 2259 2260 2254
3 2261 2256 2255
3 2260 2261 2255
3 2262 2257 2256
3 2261 2262 2256
3 2262 2263 2257
3 2263 2351 2257
3 2257 2351 2343
3 2268 2259 2258
3 2265 2258 2266
3 2265 2268 2258
3 2258 2289 2266
3 2258 2290 2289
3 2269 2260 2259
3 2268 2269 2259
3 2270 2261 2260
3 2269 2270 2260
3 2271 2262 2261
3 2270 2271 2261
3 2272 2263 2262
3 2271 2272 2262
3 2272 2273 2263
3 2273 2359 2263
3 2263 2359 2351
3 2264 2265 2266
3 2274 2265 2264
3 2264 2266 2267
3 2291 2264 2267
3 2275 2268 2265
3 2274 2275 2265
3 2266 2288 2267
3 2266 2289 2288
3 2291 2267 2288
3 2276 2269 2268
3 2275 2276 2268
3 2277 2270 2269
3 2276 2277 2269
3 2278 2271 2270
3 2277 2278 2270
3 2279 2272 2271
3 2278 2279 2271
3 2280 2273 2272
3 2279 2280 2272
3 2280 2281 2273
3 2281 2367 2273
3 2273 2367 2359
3 2333 2375 2281
3 2281 2375 2367
3 2285 2283 2282
3 2293 2285 2282
3 2293 2282 2292
3 2286 2284 2283
3 2285 2286 2283
3 2286 2287 2284
3 2288 2286 2285
3 2294 2288 2285
3 2294 2285 2293
3 2289 2287 2286
3 2288 2289 2286
3 2289 2290 2287
3 2314 2296 2295
3 2314 2295 2313
3 2315 2297 2296
3 2315 2296 2314
3 2316 2298 2297
3 2316 2297 2315
3 2317 2299 2298
3 2317 2298 2316
3 2318 2300 2299
3 2318 2299 2317
3 2319 2301 2300
3 2319 2300 2318
3 2320 2302 2301
3 2320 2301 2319
3 2401 2302 2320
3 2401 2384 2302
3 2303 2329 2304
3 2303 2331 2329
3 2399 2331 2303
3 2310 2311 2304
3 2310 2304 2312
3 2304 2330 2312
3 2304 2329 2330
3 2306 2332 2305
3 2307 2334 2306
3 2306 2334 2332
3 2308 2336 2307
3 2307 2336 2334
3 2309 2338 2308
3 2308 2338 2336
3 2310 2340 2309
3 2309 2340 2338
3 2342 2310 2312
3 2310 2342 2340
3 2342 2312 2330
3 2321 2314 2313
3 2322 2315 2314
3 2321 2322 2314
3 2323 2316 2315
3 2322 2323 2315
3 2324 2317 2316
3 2323 2324 2316
3 2325 2318 2317
3 2324 2325 2317
3 2326 2319 2318
3 2325 2326 2318
3 2327 2320 2319
3 2326 2327 2319
3 2327 2328 2320
3 2328 2401 2320
3 2344 2322 2321
3 2344 2321 2343
3 2345 2323 2322
3 2345 2322 2344
3 2346 2324 2323
3 2346 2323 2345
3 2347 2325 2324
3 2347 2324 2346
3 2348 2326 2325
3 2348 2325 2347
3 2349 2327 2326
3 2349 2326 2348
3 2350 2328 2327
3 2350 2327 2349
3 2421 2328 2350
3 2328 2404 2401
3 2421 2404 2328
3 2329 2380 2330
3 2331 2381 2329
3 2329 2381 2380
3 2340 2330 2341
3 2340 2342 2330
3 2330 2379 2341
3 2330 2380 2379
3 2331 2382 2381
3 2382 2331 2383
3 2331 2419 2383
3 2399 2418 2331
3 2331 2418 2419
3 2332 2335 2333
3 2332 2334 2335
3 2335 2375 2333
3 2334 2337 2335
3 2334 2336 2337
3 2337 2376 2335
3 2335 2376 2375
3 2336 2339 2337
3 2336 2338 2339
3 2339 2377 2337
3 2337 2377 2376
3 2338 2341 2339
3 2338 2340 2341
3 2341 2378 2339
3 2339 2378 2377
3 2341 2379 2378
3 2351 2344 2343
3 2352 2345 2344
3 2351 2352 2344
3 2353 2346 2345
3 2352 2353 2345
3 2354 2347 2346
3 2353 2354 2346
3 2355 2348 2347
3 2354 2355 2347
3 2356 2349 2348
3 2355 2356 2348
3 2357 2350 2349
3 2356 2357 2349
3 2357 2358 2350
3 2358 2421 2350
3 2359 2352 2351
3 2360 2353 2352
3 2359 2360 2352
3 2361 2354 2353
3 2360 2361 2353
3 2362 2355 2354
3 2361 2362 2354
3 2363 2356 2355
3 2362 2363 2355
3 2364 2357 2356
3 2363 2364 2356
3 2365 2358 2357
3 2364 2365 2357
3 2365 2366 2358
3 2366 2423 2358
3 2358 2423 2421
3 2367 2360 2359
3 2368 2361 2360
3 2367 2368 2360
3 2369 2362 2361
3 2368 2369 2361
3 2370 2363 2362
3 2369 2370 2362
3 2371 2364 2363
3 2370 2371 2363
3 2372 2365 2364
3 2371 2372 2364
3 2373 2366 2365
3 2372 2373 2365
3 2373 2374 2366
3 2374 2426 2366
3 2366 2426 2423
3 2375 2368 2367
3 2376 2369 2368
3 2375 2376 2368
3 2377 2370 2369
3 2376 2377 2369
3 2378 2371 2370
3 2377 2378 2370
3 2379 2372 2371
3 2378 2379 2371
3 2380 2373 2372
3 2379 2380 2372
3 2381 2374 2373
3 2380 2381 2373
3 2381 2382 2374
3 2382 2383 2374
3 2419 2374 2383
3 2419 2429 2374
3 2374 2429 2426
3 2402 2385 2384
3 2402 2384 2401
3 2403 2386 2385
3 2403 2385 2402
3 2388 2387 2386
3 2406 2388 2386
3 2406 2386 2403
3 2388 2389 2387
3 2407 2389 2388
3 2407 2388 2406
3 2408 2390 2389
3 2408 2389 2407
3 2412 2391 2390
3 2412 2390 2408
3 2392 2393 2391
3 2392 2391 2394
3 2391 2411 2394
3 2391 2412 2411
3 2414 2392 2394
3 2395 2397 2392
3 2395 2392 2398
3 2392 2413 2398
3 2392 2414 2413
3 2414 2394 2411
3 2395 2415 2396
3 2416 2395 2398
3 2395 2416 2415
3 2420 2400 2396
3 2420 2396 2415
3 2416 2398 2413
3 2400 2418 2399
3 2400 2420 2418
3 2404 2402 2401
3 2405 2403 2402
3 2404 2405 2402
3 2405 2406 2403
3 2422 2405 2404
3 2422 2404 2421
3 2409 2406 2405
3 2424 2409 2405
3 2424 2405 2422
3 2410 2407 2406
3 2409 2410 2406
3 2411 2408 2407
3 2410 2411 2407
3 2411 2412 2408
3 2425 2410 2409
3 2425 2409 2424
3 2413 2411 2410
3 2428 2413 2410
3 2428 2410 2425
3 2413 2414 2411
3 2415 2416 2413
3 2415 2413 2417
3 2413 2427 2417
3 2413 2428 2427
3 2430 2415 2417
3 2418 2415 2419
3 2418 2420 2415
3 2415 2429 2419
3 2415 2430 2429
3 2430 2417 2427
3 2423 2422 2421
3 2423 2424 2422
3 2426 2424 2423
3 2427 2425 2424
3 2426 2427 2424
3 2427 2428 2425
3 2429 2427 2426
3 2429 2430 2427
3 2436 2432 2431
3 2437 2433 2432
3 2436 2437 2432
3 2438 2434 2433
3 2437 2438 2433
3 2439 2435 2434
3 2438 2439 2434
3 2439 2440 2435
3 2452 2437 2436
3 2452 2436 2451
3 2453 2438 2437
3 2453 2437 2452
3 2454 2439 2438
3 2454 2438 2453
3 2455 2440 2439
3 2455 2439 2454
3 2446 2441 2440
3 2459 2446 2440
3 2459 2440 2455
3 2446 2447 2441
3 2448 2442 2443
3 2448 2449 2442
3 2449 2456 2442
3 2450 2443 2444
3 2450 2448 2443
3 2445 2458 2444
3 2462 2450 2444
3 2462 2444 2458
3 2446 2457 2445
3 2445 2457 2458
3 2446 2459 2457
3 2448 2460 2449
3 2450 2461 2448
3 2448 2461 2460
3 2449 2460 2456
3 2450 2462 2461
3 2464 2452 2451
3 2464 2451 2463
3 2465 2453 2452
3 2465 2452 2464
3 2466 2454 2453
3 2466 2453 2465
3 2457 2455 2454
3 2467 2457 2454
3 2467 2454 2466
3 2457 2459 2455
3 2457 2468 2458
3 2457 2467 2468
3 2471 2462 2458
3 2471 2458 2468
3 2461 2469 2460
3 2462 2470 2461
3 2461 2470 2469
3 2462 2471 2470
3 2473 2464 2463
3 2473 2463 2472
3 2474 2465 2464
3 2474 2464 2473
3 2475 2466 2465
3 2475 2465 2474
3 2477 2467 2466
3 2477 2466 2475
3 2467 2476 2468
3 2467 2477 2476
3 2480 2471 2468
3 2480 2468 2476
3 2470 2478 2469
3 2471 2479 2470
3 2470 2479 2478
3 2471 2480 2479
3 2483 2473 2472
3 2483 2472 2482
3 2484 2474 2473
3 2484 2473 2483
3 2476 2475 2474
3 2486 2476 2474
3 2486 2474 2484
3 2476 2477 2475
3 2479 2480 2476
3 2479 2476 2481
3 2476 2485 2481
3 2476 2486 2485
3 2479 2487 2478
3 2488 2479 2481
3 2479 2488 2487
3 2488 2481 2485
3 2490 2483 2482
3 2490 2482 2489
3 2485 2484 2483
3 2492 2485 2483
3 2492 2483 2490
3 2485 2486 2484
3 2494 2488 2485
3 2494 2485 2492
3 2488 2493 2487
3 2488 2494 2493
3 2491 2490 2489
3 2496 2491 2489
3 2496 2489 2495
3 2491 2492 2490
3 2493 2492 2491
3 2497 2493 2491
3 2497 2491 2496
3 2493 2494 2492
3 2499 2497 2496
3 2499 2496 2498
3 2502 2500 2501
3 2502 2503 2500
3 2503 2522 2500
3 2504 2503 2502
3 2504 2506 2503
3 2506 2528 2503
3 2503 2528 2522
3 2507 2504 2505
3 2508 2506 2504
3 2507 2508 2504
3 2508 2509 2506
3 2509 2536 2506
3 2506 2536 2528
3 2510 2508 2507
3 2512 2509 2508
3 2510 2512 2508
3 2512 2513 2509
3 2513 2541 2509
3 2509 2541 2536
3 2514 2510 2511
3 2515 2512 2510
3 2514 2515 2510
3 2516 2513 2512
3 2515 2516 2512
3 2516 2517 2513
3 2517 2545 2513
3 2513 2545 2541
3 2518 2515 2514
3 2519 2516 2515
3 2518 2519 2515
3 2520 2517 2516
3 2519 2520 2516
3 2520 2521 2517
3 2517 2547 2545
3 2528 2523 2522
3 2529 2524 2523
3 2528 2529 2523
3 2529 2530 2524
3 2530 2532 2524
3 2532 2548 2524
3 2533 2525 2534
3 2533 2535 2525
3 2525 2550 2534
3 2525 2551 2550
3 2536 2529 2528
3 2537 2530 2529
3 2536 2537 2529
3 2530 2531 2532
3 2538 2531 2530
3 2537 2538 2530
3 2531 2534 2532
3 2531 2533 2534
3 2539 2533 2531
3 2538 2539 2531
3 2534 2549 2532
3 2532 2549 2548
3 2539 2540 2533
3 2534 2550 2549
3 2541 2537 2536
3 2542 2538 2537
3 2541 2542 2537
3 2543 2539 2538
3 2542 2543 2538
3 2543 2544 2539
3 2545 2542 2541
3 2545 2546 2542
4 2587 2646 3307 3548
4 1599 755 754 3910
4 754 1598 1599 3910
4 3305 3920 2941 4787
4 2657 3638 3402 3997
4 3376 4225 3531 4622
4 269 98 3150 3653
4 1149 1151 1150 3162
4 337 336 323 3714
4 2662 2818 2906 3743
4 271 3249 167 3683
4 2850 4288 3137 4742
4 286 287 3549 3631
4 1670 3395 1662 4133
4 3459 3574 2654 3736
4 454 3313 443 3628
4 2890 2963 3592 3950
4 2745 3474 3201 3802
4 454 456 453 3313
4 2277 2234 2278 3533
4 1150 1148 1149 3162
4 2234 2277 2232 3533
4 1474 1475 1471 3687
4 300 295 294 3377
4 2911 3372 2946 4388
4 721 632 752 4631
4 2890 2963 3489 3592
4 3269 3557 3091 4521
4 2591 3389 3343 3703
4 2908 3044 2720 3940
4 2782 3760 2645 4835
4 3164 3492 2797 4284
4 1664 1656 3614 3841
4 331 330 322 3201
4 2798 2809 2660 3610
4 3161 2834 3764 4022
4 2578 3079 113 3704
4 1480 1479 1468 4043
4 1030 1013 1012 3969
4 2909 2738 3069 4164
4 1012 1029 1030 3969
4 1096 1104 3354 4016
4 2521 1377 2517 2555
4 3206 3555 2607 4754
4 273 4110 274 4533
4 2592 3705 3529 4291
4 2606 2705 2648 4019
4 2754 2913 2841 3700
4 3594 4311 2645 4723
4 1621 1622 1614 4542
4 2570 3346 3038 3703
4 2228 2225 2227 4129
4 75 3150 98 3653
4 1832 1824 1831 4284
4 2568 3107 2904 3249
4 2662 4009 2906 4049
4 981 998 984 3864
4 2738 3069 3023 3395
4 2798 2982 2805 3354
4 2879 3260 2574 3439
4 1969 1975 1984 3854
4 3396 4049 2946 4707
4 3551 3655 2700 4272
4 2984 3537 4500 4728
4 2878 4008 3603 4196
4 2893 3779 4137 4250
4 1670 3281 1662 3395
4 1471 1469 1474 2985
4 2656 3425 3161 3601
4 3134 3594 2634 3732
4 2926 3722 2770 3870
4 2919 3269 3811 4538
4 1681 1682 1674 3701
4 2636 2770 3588 3722
4 2618 2790 2792 3189
4 3468 3469 2647 3830
4 3219 3524 2619 4473
4 75 3504 3150 3653
4 3140 3745 3642 4252
4 1750 1776 1774 3209
4 2873 3868 3407 4478
4 2346 2354 2347 3671
4 1256 1280 1199 3448
4 2934 4041 3324 4446
4 3129 3949 3028 4021
4 2760 3118 3233 3685
4 1975 1985 1984 3854
4 3502 4123 2746 4162
4 1664 1657 1656 3841
4 3574 3852 2618 4364
4 1198 1176 1177 3831
4 2510 2512 2508 3185
4 1659 1658 1666 3841
4 1177 1199 1198 3831
4 3619 3666 2733 3885
4 381 3259 3478 4313
4 2987 3229 3800 4294
4 2656 3375 3161 3491
4 2583 3539 3220 4263
4 1095 1104 1103 3354
4 1117 2041 1116 4464
4 2042 2041 1117 4464
4 2867 3363 3192 4234
4 562 560 557 561
4 2811 3226 2827 3521
4 2662 2911 2883 2946
4 3294 3931 2907 4396
4 2355 2347 2354 3671
4 2656 2724 3491 3721
4 2934 3738 3116 3840
4 2662 2906 2818 4049
4 969 982 968 3863
4 2934 3116 3738 4271
4 1522 3576 3109 4668
4 2832 4445 3217 4456
4 2695 2943 2895 3304
4 3502 3518 3283 4123
4 3371 3963 3360 4558
4 1666 1667 1659 3841
4 2200 2216 2217 4139
4 2019 2018 2022 3510
4 1665 1657 1664 3841
4 2070 2067 2069 4275
4 2965 3130 2848 3783
4 2584 2640 3151 3855
4 2787 4169 3667 4286
4 1064 1091 1066 4793
4 2989 3847 3307 4375
4 2850 3585 3137 4288
4 2863 3144 3027 4353
4 3682 4255 4157 4694
4 2661 3403 2618 3992
4 2345 2353 2346 4215
4 406 407 3067 3279
4 3592 3629 2788 4253
4 2962 2700 3551 3655
4 4157 4255 3062 4694
4 2823 3920 2840 4787
4 763 747 748 3602
4 2587 3847 3546 4379
4 2257 2263 2351 4028
4 2744 3133 2778 4766
4 2668 2806 2756 3936
4 2683 2731 3815 4536
4 2603 4193 3402 4566
4 103 3347 2984 4500
4 3283 3502 2746 3752
4 2826 3463 3329 4697
4 2049 2033 1691 4424
4 2618 2846 2790 3189
4 3440 4087 2904 4659
4 2809 2798 2925 3222
4 623 614 3283 3763
4 3091 3269 2731 3557
4 2346 2353 2354 4215
4 2970 3584 2794 4814
4 1308 1309 2307 3755
4 2610 3392 3754 4757
4 1691 1707 2049 4424
4 1309 2308 2307 3755
4 1752 3733 3803 4167
4 2359 2351 2263 4028
4 2587 3307 3847 4375
4 2871 3091 3557 4521
4 3608 3819 2918 3937
4 654 676 675 3424
4 2916 3261 3262 4061
4 2626 3335 3233 4737
4 739 738 715 4226
4 2380 2381 2373 4815
4 861 3261 869 4034
4 3557 2731 3815 4078
4 2590 3594 3134 3760
4 315 307 305 3784
4 3052 3847 2587 4379
4 1663 1662 1670 3281
4 2855 4465 3127 4694
4 3380 3627 187 3707
4 1682 1674 3701 4167
4 1858 1871 1872 3607
4 2606 4019 2648 4087
4 3184 3567 3386 4262
4 2217 2201 2200 4139
4 3171 2917 3526 4229
4 1924 1925 1938 3256
4 2700 3407 3868 4478
4 2698 3677 3431 4695
4 3041 3426 2788 3592
4 3101 3524 3219 4473
4 3109 4647 1522 4668
4 2228 2226 2225 4129
4 1392 1399 1391 4221
4 3326 3457 3017 4599
4 1484 671 1485 3427
4 903 3487 902 3928
4 1727 2057 2058 4764
4 2994 3066 2704 3690
4 719 840 743 4034
4 2850 3455 4511 4742
4 2035 2034 2051 4424
4 861 743 840 4034
4 444 432 3382 4067
4 2574 3260 2879 4682
4 2791 3308 3387 4510
4 2919 3811 3269 4521
4 2873 3868 2733 3885
4 3019 3021 2718 3210
4 463 3313 456 4667
4 1413 4332 1416 4341
4 633 634 670 4419
4 2699 3872 3688 4363
4 2525 2535 3674 4214
4 2355 2354 2362 4304
4 2654 4634 3357 4802
4 2654 2808 2709 4413
4 2634 3311 3686 4525
4 2883 2946 2911 3372
4 2344 2352 2345 4531
4 389 390 414 3976
4 2050 2051 2034 4424
4 2581 3736 2654 4634
4 3021 3210 3019 4141
4 2660 2809 2798 2925
4 2882 3216 2962 3733
4 2584 4285 4282 4817
4 2660 2798 3610 3974
4 3003 3295 4053 4801
4 2732 2736 2674 3192
4 634 669 670 3332
4 2746 3502 3283 4123
4 3124 3222 4165 4315
4 2655 3593 3637 4462
4 2578 113 3483 3704
4 2848 2965 2710 3130
4 1872 1859 1858 3607
4 2656 3491 3161 4002
4 3398 3563 2597 4125
4 3274 3605 2977 3823
4 2873 3407 3868 3885
4 105 3380 187 3707
4 2355 2362 2363 4304
4 2632 2758 3077 4330
4 1095 1096 1104 3354
4 2830 2880 3281 3614
4 3161 3529 3375 3764
4 731 757 758 4368
4 2724 2656 2807 3857
4 2918 3622 2919 4302
4 470 3675 3975 4591
4 562 560 4088 4823
4 2738 3758 3212 3792
4 2327 2349 2350 3672
4 2787 2640 3667 4393
4 2022 3510 2023 4231
4 2345 2352 2353 4531
4 2927 2990 2957 4475
4 2592 4291 3591 4352
4 2509 2541 3565 4394
4 2972 3144 2863 4608
4 2774 2916 3261 3262
4 1064 1090 1091 4793
4 2727 2640 2787 4393
4 567 565 3330 3932
4 2603 4263 4193 4566
4 2692 3431 3178 4695
4 2860 2649 2939 3230
4 2864 2940 2805 3373
4 2647 2670 2609 2712
4 2832 3217 2902 4456
4 1149 1148 1147 3408
4 2569 3139 3961 4006
4 1577 3189 1587 3199
4 3222 2881 4165 4315
4 2596 2654 3574 4847
4 1210 2197 2198 4219
4 2612 3852 3574 4364
4 121 2684 3065 3483
4 463 453 456 3313
4 1752 3733 3412 3803
4 2637 3638 3402 4566
4 3005 3629 3592 4253
4 2208 1221 1222 3926
4 1222 2209 2208 3926
4 2581 3246 3247 4525
4 2644 3389 3266 3906
4 1752 1763 3733 4167
4 3074 3253 3565 3892
4 2764 2987 2907 3607
4 738 714 715 4226
4 840 841 861 4061
4 1229 1268 1270 4771
4 862 861 841 4061
4 3269 4521 3811 4538
4 2620 3736 3931 4060
4 3483 3506 2986 3941
4 2923 2797 3492 4284
4 973 4134 972 4218
4 1146 1147 1148 3408
4 2691 3648 3147 4455
4 2732 2674 3191 3192
4 442 454 443 4067
4 2587 3791 3146 3847
4 2439 2455 2440 3538
4 2068 2067 2070 4275
4 869 3261 861 4061
4 3117 3590 3211 3722
4 2672 2782 2772 4835
4 2207 2206 1220 3925
4 1220 2206 1219 3925
4 269 3150 260 3653
4 3017 3811 4303 4537
4 3266 3335 2760 3906
4 2145 3746 2164 4490
4 2850 3585 4288 4511
4 2744 3401 3221 3874
4 2888 3690 3285 4581
4 2802 3934 3931 4808
4 2695 2993 3059 3304
4 3453 4646 3274 4717
4 2890 3489 3591 3592
4 2641 3694 3091 3834
4 444 3382 445 3628
4 1522 1520 3576 4668
4 2887 3807 3720 4504
4 2576 4590 3320 4769
4 3033 4169 2920 4170
4 3327 2918 3622 4046
4 3384 3779 2893 4250
4 3122 4009 2687 4216
4 2988 3093 2905 3862
4 1562 1553 1552 3804
4 2533 2525 2534 3552
4 2784 3009 3113 3792
4 1674 1673 1681 3701
4 1049 1041 1050 4673
4 2935 3108 2750 4064
4 95 3029 2837 3271
4 2919 3091 3811 4521
4 3664 3684 3162 3790
4 2748 4624 3835 4779
4 767 751 869 3262
4 2809 3219 2660 3610
4 2859 2865 2690 3048
4 3030 3105 2731 4099
4 2713 2741 3399 4283
4 2605 2740 3550 4715
4 2890 3592 3591 3950
4 2355 3671 2354 4215
4 3192 3363 3191 4234
4 274 277 3388 4110
4 2113 2292 2282 3155
4 2685 3127 2855 4465
4 2579 4281 3237 4652
4 3285 4581 3690 4600
4 2856 2840 3387 3410
4 2783 3100 3303 4306
4 167 271 133 3249
4 167 3249 153 3683
4 3161 3489 2592 4291
4 3390 4121 3033 4208
4 2700 3868 3407 3885
4 632 630 631 3799
4 1082 1083 1098 4016
4 2581 3247 3498 4525
4 1904 1888 3751 4192
4 1099 1098 1083 4016
4 2650 2739 4589 4788
4 2058 1728 1727 4764
4 2327 2319 2326 4307
4 3053 3528 3500 3748
4 2676 3491 2800 4487
4 2657 3122 4299 4378
4 3637 3869 2655 4462
4 2590 3134 3718 3760
4 3811 4521 2779 4538
4 2759 4197 3996 4237
4 3244 2886 3706 4699
4 2716 2940 3172 3668
4 3551 3803 3655 4272
4 1023 1006 4344 4821
4 1210 2198 1211 4219
4 2746 3567 3184 4262
4 2616 3966 3998 4349
4 3028 2748 4057 4720
4 3324 4271 2934 4446
4 3139 2573 3444 4006
4 2145 2164 2163 4490
4 2727 2905 2640 4393
4 2192 2191 3305 4236
4 623 614 624 3283
4 2592 3705 4291 4352
4 2394 2392 2391 2393
4 2911 2946 3715 4388
4 3255 4020 3112 4039
4 3063 3675 2824 4582
4 2213 2243 2219 4502
4 3091 3520 2721 3811
4 3046 2820 3662 4018
4 2731 4099 3105 4536
4 2525 2535 2526 3674
4 2760 3233 3335 4240
4 2899 3887 3535 4405
4 1491 1492 1484 3953
4 623 3283 624 3518
4 1673 3009 1674 3841
4 2811 3028 2953 3949
4 3038 3703 3346 4287
4 2751 2896 3200 4162
4 1799 3210 1806 3492
4 2685 3223 3076 4384
4 564 568 3141 3932
4 2584 4282 4285 4561
4 3041 3592 2788 4253
4 2601 3692 2630 3901
4 506 3441 3641 3735
4 2499 3623 3191 3908
4 3184 3242 2746 4462
4 2841 2913 2754 3110
4 3152 3246 2654 4802
4 391 381 2845 4313
4 3396 3348 4049 4267
4 2767 3604 2892 4138
4 739 3602 738 4226
4 3573 4171 3212 4380
4 2656 2724 2807 3824
4 2763 2848 3131 3337
4 2199 2215 2216 4502
4 2733 3868 2873 4242
4 708 716 4226 4617
4 2563 3255 3112 4039
4 3274 3605 3823 4482
4 2670 2712 2647 2758
4 2607 3413 3393 4442
4 1474 1811 3076 3287
4 3210 3551 2956 3556
4 2916 3698 3170 4187
4 954 972 4134 4218
4 3101 3102 3503 4151
4 2579 4499 4281 4652
4 1188 1149 1186 3408
4 2593 4108 3546 4379
4 3261 3360 2916 3963
4 1925 1906 1926 3623
4 1371 2507 1367 2553
4 3081 3271 2837 4199
4 1673 1681 3701 4235
4 3402 4263 3088 4566
4 3235 3725 2675 4278
4 2573 3501 3081 4117
4 2658 3692 3055 4260
4 1219 2205 1218 4257
4 2205 1219 2206 4257
4 3074 3662 2820 4018
4 1631 1628 1630 4320
4 2989 3539 3102 3813
4 2618 2792 2790 2933
4 2023 2022 2018 3510
4 2808 2654 3357 4413
4 3004 2882 3697 3879
4 3161 2592 3529 4291
4 2783 2952 3159 4175
4 510 511 513 3429
4 1567 1580 1569 2559
4 2886 3706 3707 4752
4 3161 3764 3375 4022
4 3157 3946 3014 4412
4 816 3275 815 4116
4 2782 2772 2973 3165
4 2784 3009 3792 4403
4 641 543 546 3361
4 3738 3840 2934 4032
4 921 462 472 3300
4 630 720 601 4631
4 2606 2904 3440 4087
4 3065 3537 3106 4281
4 2592 3591 3489 3592
4 2631 2676 2768 3089
4 315 305 314 3784
4 313 326 3202 4114
4 2784 3372 3216 4066
4 2911 3333 2883 3372
4 2810 3389 3343 4505
4 3176 3651 2762 4138
4 510 497 511 3218
4 1452 1449 1453 3317
4 2695 2895 2993 3304
4 2153 2137 2136 3490
4 1588 3000 1594 3507
4 2732 3192 3191 3623
4 1662 3395 3281 4133
4 3217 3402 2902 4690
4 3459 3688 3574 3736
4 2691 2932 2913 4153
4 3074 3253 2820 3662
4 448 436 3606 3975
4 773 3124 4196 4269
4 3793 3855 2696 4335
4 2779 4433 3811 4537
4 3379 3580 161 3776
4 3573 3758 3212 4171
4 2885 2672 3002 3128
4 3144 3163 3027 3888
4 3072 2746 3502 3752
4 959 961 954 3829
4 846 838 3123 3838
4 2191 2176 2177 4773
4 2157 2158 3302 4679
4 3516 4511 3455 4742
4 1440 1445 1439 3938
4 2704 3661 3386 4451
4 1405 1410 1409 4799
4 3667 4169 2678 4286
4 3667 2678 4169 4170
4 1374 1379 3232 4333
4 2727 2787 2905 4393
4 2632 2758 2785 3077
4 748 749 3602 4617
4 1782 3314 1789 3843
4 2819 3283 2964 3763
4 2192 2191 2177 4773
4 2618 2846 3189 3691
4 131 187 3380 3627
4 3004 3933 3120 4085
4 3360 4008 3371 4558
4 1628 1629 3837 4320
4 2658 3055 3493 4260
4 2512 2510 2515 4201
4 2456 2442 2449 4539
4 2594 2851 2678 2921
4 819 3581 826 4429
4 3442 3471 3385 4147
4 2638 2625 4036 4120
4 2574 2879 3471 4682
4 1446 1445 1440 3938
4 2582 3452 3469 4750
4 3738 4271 3116 4623
4 1539 1532 1533 3519
4 2680 2874 2846 3550
4 2968 4137 3779 4250
4 2751 3702 3396 4049
4 2896 4123 3502 4162
4 2137 3490 2153 4210
4 164 2986 3506 3941
4 1522 3552 3109 3576
4 2748 3018 4056 4057
4 2778 2983 2744 4766
4 2833 3095 4033 4594
4 2986 4000 3054 4719
4 3200 3633 2896 4049
4 565 3068 3330 3932
4 2805 2864 2679 2940
4 2788 3592 2963 4268
4 2509 2541 2536 3565
4 2902 3217 2832 3402
4 86 3271 2837 4444
4 2676 3331 3089 4399
4 2216 2200 2199 4502
4 2698 2692 3431 3677
4 2704 3066 2994 4451
4 3143 3343 2810 3389
4 509 567 565 4276
4 2493 2494 3191 4356
4 2932 3641 3141 4780
4 2902 3413 3393 4377
4 1562 3804 3272 3837
4 2882 2962 3412 3733
4 2599 4264 3853 4445
4 2984 3368 3188 4530
4 957 968 3059 4080
4 932 946 948 4684
4 2774 3261 2916 3963
4 781 787 780 4196
4 1516 3699 1518 4583
4 773 779 772 4196
4 1006 3227 4344 4821
4 2704 3661 2994 4041
4 2744 3855 3133 4766
4 2681 3327 3326 3457
4 2663 3960 3861 3988
4 1759 1758 3302 4177
4 796 3911 798 4021
4 161 3776 3580 4527
4 708 4226 3810 4617
4 781 4165 787 4196
4 2601 3469 3452 4750
4 2616 3998 3966 4211
4 2784 4026 3372 4066
4 2738 3113 3069 3395
4 2733 2873 3414 4242
4 499 500 3286 4276
4 1310 1309 1293 4127
4 2686 3104 2969 3999
4 3041 2788 3629 4253
4 3112 3642 186 3654
4 2955 3002 2672 3128
4 3140 3642 3745 4546
4 598 599 596 3157
4 3019 3210 4098 4141
4 634 642 669 3332
4 1768 4027 1758 4182
4 3327 3622 2918 4302
4 2703 3835 3160 4345
4 2864 3373 2805 4612
4 3951 3952 200 4126
4 3852 4364 3336 4828
4 2876 2973 2793 3670
4 2911 2946 2662 4132
4 2875 2643 3178 3640
4 3133 3151 2640 3855
4 2102 2070 4129 4275
4 3502 3752 3283 4762
4 564 568 566 3141
4 2700 4272 3655 4372
4 3069 3395 3113 4320
4 2794 2681 3326 3457
4 3431 3640 3178 4695
4 2970 3075 2794 3628
4 231 3438 3952 4244
4 1759 1758 1761 3302
4 2850 3137 4041 4742
4 512 565 564 3068
4 3385 3471 3079 3943
4 3003 4053 3295 4213
4 2984 4530 3890 4740
4 2409 2425 2410 4323
4 2962 3655 3551 3803
4 2703 3835 3514 4616
4 1680 1679 1637 4851
4 3368 4530 2984 4740
4 2788 2963 3694 4090
4 2620 3931 3736 4363
4 2998 3180 3179 3613
4 2782 2973 2876 3149
4 3139 3504 2575 3961
4 1935 1928 3092 3800
4 2491 2494 2492 3191
4 3702 4049 3348 4267
4 2359 2263 3907 4028
4 2157 3302 2158 4113
4 623 3763 3283 3871
4 3063 2824 3675 3975
4 3535 4263 3220 4473
4 3861 3960 2663 4775
4 637 662 664 2950
4 2684 2766 3079 4330
4 2703 3356 3835 4779
4 1522 3109 3552 4647
4 454 456 3313 3628
4 1926 3623 1906 3908
4 3003 3501 4117 4170
4 2778 3133 2640 4766
4 2774 2916 3262 3724
4 2703 3476 3514 3835
4 1631 1629 1628 4320
4 2704 3324 3661 4041
4 1964 3987 1952 4223
4 2978 3588 4030 4168
4 2756 3645 2668 3936
4 2662 3743 2906 4299
4 1023 1006 3227 4344
4 2919 3622 2918 3635
4 1013 1014 3756 3969
4 2619 3651 3652 4519
4 3127 3062 4255 4694
4 2695 3684 4175 4350
4 2704 3324 4041 4446
4 3336 3656 2735 3915
4 2525 1528 2551 4214
4 269 168 98 3653
4 3872 4241 3688 4363
4 2994 4041 3661 4643
4 1832 1831 3860 4284
4 2718 4085 3729 4182
4 2650 3053 3296 3808
4 411 414 390 3597
4 2920 4169 2787 4286
4 3320 199 3706 4752
4 3212 3758 2738 4171
4 2894 3949 3129 4021
4 2947 3096 3095 3982
4 2846 3223 3189 3691
4 2984 3188 3890 4530
4 2791 3387 3099 4510
4 1578 1577 3199 3350
4 3581 3643 827 4409
4 2113 2137 2292 3155
4 1474 3076 1475 3687
4 402 498 407 3286
4 3706 3707 2571 4699
4 3462 2746 3973 4462
4 601 720 681 4631
4 2645 3760 3998 4835
4 2512 2508 3185 3662
4 1946 1958 1964 4223
4 2253 3153 2254 4439
4 2748 3355 4429 4779
4 2663 3988 3861 4083
4 326 3080 325 3202
4 3420 3682 2621 4157
4 3195 3085 3589 4506
4 1637 1679 1635 4851
4 3242 3973 2746 4462
4 110 3065 2684 4500
4 2704 4041 2994 4446
4 1261 1253 1262 4819
4 2594 2638 2851 2921
4 2750 3108 2935 3759
4 3333 3372 2911 4026
4 2499 1906 3623 3908
4 2579 3258 4499 4652
4 350 345 351 3130
4 2906 4009 2803 4049
4 903 909 902 3487
4 3013 3478 3399 4410
4 2563 3171 2917 3526
4 86 2837 3292 4444
4 256 3627 3146 4425
4 1001 998 1017 4146
4 2836 3030 2731 4099
4 3021 4182 3412 4548
4 3083 2866 3300 3479
4 3067 3279 2847 3441
4 444 3382 3628 4067
4 2864 4612 2805 4755
4 2731 3269 2868 3557
4 1372 3110 1369 4395
4 4288 4292 3137 4742
4 2582 4516 3452 4750
4 2681 3274 2977 4433
4 2565 3368 2984 4740
4 1534 1541 1644 4428
4 3412 3803 3733 4167
4 1291 1292 1308 3084
4 3355 3581 2748 4429
4 2767 2877 2741 3399
4 2082 2083 2075 4424
4 1078 3312 1079 3354
4 3326 3327 3017 3457
4 2535 2526 3674 4084
4 2913 3110 3648 4455
4 2823 3120 3933 4085
4 3182 3563 3398 4125
4 2963 3637 3950 4052
4 1139 1137 3583 3609
4 2607 3767 3206 4754
4 2578 3483 118 3506
4 2598 4671 4322 4848
4 2710 2965 2848 3797
4 2707 3265 3381 3522
4 2754 3060 2841 3894
4 2636 2770 3722 3870
4 2895 3472 2696 3793
4 2696 3391 2993 3863
4 1207 1199 1289 3448
4 1522 1557 1520 4668
4 2978 3393 3212 4222
4 973 4134 3303 4821
4 2758 2582 3385 4408
4 2850 3137 3585 4041
4 2651 3669 3176 4138
4 2606 3107 2904 4418
4 3296 3748 2650 4788
4 2614 3174 3579 4514
4 1824 3556 1831 4284
4 1557 1522 1560 4668
4 2587 3398 3146 3791
4 1476 1475 1480 3929
4 2637 3088 3638 4566
4 2691 3886 3648 4485
4 2639 4092 3816 4562
4 2718 2882 3729 4085
4 903 899 900 3198
4 2713 2741 2642 4054
4 1925 1939 1938 3600
4 1793 1794 4113 4177
4 1007 990 991 4554
4 3023 3395 2830 3792
4 3565 3779 3031 4675
4 2899 3088 3535 4473
4 2686 2812 3115 3858
4 2610 3301 3187 3887
4 2581 2654 3246 4634
4 2739 2650 3748 4788
4 324 337 323 3954
4 1630 1628 3821 4320
4 1007 3227 1006 3959
4 2696 3391 3268 3750
4 1673 3009 3841 4235
4 663 1484 1486 3427
4 2944 4001 3601 4680
4 2962 2700 3655 4403
4 3122 4299 3402 4690
4 2751 4049 2896 4434
4 3091 2871 3557 3815
4 2771 2627 2872 4685
4 4383 4465 3062 4694
4 1872 3421 1859 3607
4 2326 2319 2318 4307
4 624 3283 625 3518
4 2662 2906 4009 4299
4 2626 3175 3656 4737
4 2630 3452 2601 3469
4 2592 3489 3161 4001
4 1032 1014 1031 3864
4 3116 3840 3738 4623
4 2507 1371 2510 2553
4 826 3581 3355 4429
4 338 347 346 4140
4 2599 3217 3394 4264
4 2940 2976 2805 3534
4 508 499 496 4024
4 1517 3699 3576 4074
4 2855 2685 3076 4362
4 2642 2741 2713 3130
4 2704 3066 3396 3690
4 3184 3637 3593 4462
4 3424 1396 4395 4799
4 3853 4371 3052 4375
4 2721 2918 3819 3937
4 2610 3702 3887 4267
4 2593 2606 4107 4108
4 3103 3324 2889 3823
4 932 948 933 4684
4 2957 4185 2927 4475
4 2108 2107 2132 4040
4 3613 3832 3538 3833
4 2721 3520 3091 3834
4 2830 3212 3758 3792
4 2832 3243 4445 4456
4 3666 3885 3619 4736
4 3124 3603 4008 4196
4 96 3376 3531 4622
4 3116 2934 3840 4032
4 2830 2626 3573 3812
4 256 3146 3627 3710
4 2147 2166 2167 4556
4 2618 4364 3852 4828
4 3063 3975 3675 4591
4 2656 3161 3375 3601
4 3127 4255 3682 4694
4 2959 3315 4038 4143
4 2700 3812 3619 3885
4 2873 3414 3126 3866
4 2761 2831 3229 3872
4 2930 3014 3946 4412
4 75 156 3504 3653
4 3745 4252 3140 4308
4 2612 2596 3574 3852
4 3453 3274 4482 4717
4 2784 3792 3212 4403
4 2752 3329 3463 4697
4 2694 2916 3963 4698
4 2298 2316 2317 4314
4 2747 3083 2868 4078
4 3103 2889 3324 4258
4 2877 2767 3604 4321
4 2063 2065 2066 3499
4 2167 2148 2147 4556
4 1817 1816 1812 3215
4 2507 2510 2508 3185
4 1652 1644 1541 4428
4 2722 3593 3392 3960
4 664 639 637 2950
4 2717 3206 2956 4339
4 2601 3901 2630 4349
4 2285 2293 2294 4553
4 2716 2756 3172 3936
4 3023 3069 2738 4164
4 2620 3931 3934 4808
4 131 187 105 3380
4 2595 3026 3307 3748
4 2281 2333 2375 4727
4 2733 3666 3619 4168
4 2240 2333 2281 4727
4 508 499 4024 4276
4 3073 3477 2709 4075
4 1904 3751 1888 4183
4 2805 2976 2940 4122
4 2182 2432 2433 4556
4 2107 2131 2132 4040
4 2968 3779 4043 4250
4 415 414 416 4313
4 2868 3557 4587 4588
4 2748 3129 3028 4057
4 459 460 469 3445
4 3917 3978 3867 4650
4 242 3440 3249 3683
4 2441 2188 2187 3956
4 2643 3168 2839 3218
4 3669 3771 3176 4138
4 3651 3913 2762 4203
4 3191 3192 2674 3363
4 2797 3164 2719 4272
4 753 1597 1598 4075
4 2810 3335 3906 4505
4 2618 3189 2792 3691
4 3187 3301 3646 3887
4 2231 2233 2234 3533
4 3067 3641 3861 4780
4 2718 3729 3412 4182
4 2939 3230 2806 3533
4 1859 1849 1848 3889
4 2752 3629 3517 4461
4 1669 1676 1677 4133
4 826 827 3355 3581
4 1886 3564 1876 3884
4 1657 3366 1656 3841
4 3216 3701 3009 4167
4 3018 4057 2748 4720
4 3594 3732 3134 3760
4 3121 3389 2591 3870
4 3126 3414 2873 3868
4 2499 2497 3191 3623
4 2760 3685 3233 4240
4 381 3478 2845 4313
4 1513 1515 1518 3699
4 1925 1905 1906 3623
4 2774 3396 3066 3690
4 1051 813 814 4414
4 2626 3666 3233 4579
4 2733 3666 3233 3885
4 2510 2935 2512 3185
4 2840 3387 3308 4510
4 3229 4023 3800 4294
4 2619 3913 3651 4203
4 2674 4396 3125 4813
4 3031 3565 3207 3779
4 3036 3358 4039 4229
4 2662 2946 2883 4567
4 144 3525 3042 4045
4 1858 1859 1848 3889
4 986 1002 985 4165
4 2595 3307 3026 3813
4 2656 3676 3601 4844
4 1916 1902 3092 4427
4 917 913 924 3268
4 1768 1760 1758 4027
4 3101 3503 3219 3524
4 2760 3590 3117 3722
4 3931 4060 3736 4363
4 2373 2372 2380 4815
4 2718 2956 3210 3551
4 2692 2820 2698 4064
4 681 683 682 4055
4 2680 2698 3512 3983
4 509 565 3068 4276
4 2838 3601 3720 4494
4 896 427 898 4096
4 2840 2823 3280 3920
4 2923 2814 3569 3843
4 3691 4277 3000 4452
4 305 303 300 3377
4 1939 1926 1940 3600
4 2763 4092 3428 4450
4 3517 3629 2752 4786
4 1730 1704 1712 4665
4 2751 4049 3396 4707
4 118 2578 3506 4711
4 2578 2986 3483 3506
4 3420 4042 3682 4157
4 3655 4372 3009 4403
4 1806 3210 1799 4141
4 2649 2931 2860 4370
4 2751 3200 2896 4049
4 2592 3592 3426 4352
4 2838 3720 3601 4712
4 2107 2082 2081 4424
4 1180 1142 1140 3583
4 2703 3835 4345 4779
4 2590 3107 3718 4156
4 2796 2709 3073 3477
4 2609 2771 2670 4081
4 2883 2911 2662 3333
4 3175 3656 3336 3915
4 869 885 767 3262
4 2768 2980 2767 3494
4 2440 2441 2187 3277
4 2662 3122 4009 4049
4 2954 3675 3476 4627
4 2694 2916 3360 3963
4 2403 2388 2386 4246
4 2820 3046 2692 3677
4 2130 1773 1783 4040
4 2840 3305 3920 4236
4 2651 3176 3669 3899
4 3375 3601 2745 3676
4 815 4116 3275 4429
4 2649 3768 3692 3936
4 902 3198 903 3928
4 2568 2904 3107 3718
4 2978 4237 4030 4387
4 2857 4342 3296 4788
4 2497 2493 3191 4356
4 2698 2820 2692 3677
4 172 3112 3654 4324
4 2587 3307 2646 3563
4 781 788 787 4165
4 2633 3034 2745 3167
4 2999 3262 2916 3724
4 3811 4433 4303 4537
4 3091 3381 2641 4481
4 2621 4157 3682 4255
4 3038 3346 3958 4287
4 2976 3534 3100 3695
4 3557 3815 3717 4078
4 153 167 133 3249
4 3593 3637 3184 3754
4 2744 3027 3221 3401
4 3223 2685 3691 4384
4 3393 3413 2902 4442
4 3190 3228 2790 3918
4 1889 1904 1888 4183
4 3364 3711 2720 4706
4 2596 2612 3237 3852
4 1589 1590 1587 4615
4 3116 3511 4032 4033
4 2913 2754 3208 4209
4 1017 1034 1127 4793
4 2767 3714 2892 4606
4 1577 1576 1587 3189
4 719 3689 840 4034
4 1474 1471 2985 3687
4 2767 2877 3604 4138
4 3320 3140 4252 4308
4 3129 2894 4021 4503
4 973 3303 4134 4218
4 3210 3556 2956 4098
4 2606 3440 3881 4087
4 3467 4513 2709 4514
4 2703 4422 3356 4779
4 3403 3852 2618 3992
4 391 3259 381 4313
4 2254 3153 2260 3787
4 2923 3843 3183 4145
4 2718 3021 4085 4182
4 2317 2299 2298 4314
4 2700 4372 3655 4403
4 791 3163 798 4790
4 2815 3136 2998 4089
4 2130 2106 1773 4040
4 1599 1598 3575 3910
4 3492 3551 3210 3556
4 1674 3655 3009 4167
4 3532 4030 2978 4237
4 1149 1188 1151 3408
4 2614 4513 3467 4514
4 3164 3551 3492 3556
4 2700 3619 3212 4403
4 1003 1004 4206 4821
4 2741 2713 3399 4054
4 846 3123 838 3972
4 3210 4098 2956 4181
4 316 322 330 3201
4 454 3628 443 4067
4 2641 3091 3520 3834
4 1051 1027 798 3163
4 478 476 477 3289
4 766 3411 1610 4388
4 2712 2758 2670 3057
4 903 3048 3487 3928
4 3438 3952 2563 4310
4 2604 2575 3090 3293
4 935 929 926 4467
4 3272 3804 3523 3897
4 1006 3303 3227 4821
4 2840 3933 2823 4787
4 2827 2811 3163 3226
4 3146 3627 170 4425
4 157 271 167 3683
4 2720 3364 2908 3711
4 2815 2998 3179 4089
4 1289 1199 1280 3448
4 460 470 469 3445
4 2681 4303 3274 4433
4 2581 3459 2654 3736
4 2714 3766 2882 4066
4 2760 3118 3092 3233
4 3129 3949 2824 4627
4 2746 3242 3184 3567
4 2663 3591 3005 3960
4 2626 2830 3656 3812
4 1904 1889 1905 4183
4 2531 2533 2534 3552
4 3212 3393 2607 4222
4 1653 1661 4416 4428
4 2696 2863 3391 3863
4 682 680 681 4055
4 2653 3425 2960 4504
4 2760 3335 3233 4579
4 1446 1449 1452 3317
4 3295 4213 4053 4691
4 3275 2748 3581 4429
4 1662 3281 3614 4133
4 3028 3581 2748 4720
4 1516 3576 1517 3699
4 3144 3888 3027 4353
4 2882 3766 3216 4066
4 2830 2880 3614 3656
4 986 1003 1002 4165
4 2832 2576 3217 4445
4 3258 3483 2684 3704
4 86 3292 3968 4444
4 3081 3501 3291 4117
4 480 3445 470 3675
4 3037 3346 3703 4287
4 3046 3430 2692 3677
4 2575 3461 2639 3496
4 3692 3768 2649 4475
4 2690 3049 3048 3919
4 1099 4016 1083 4673
4 153 133 123 3249
4 2906 3743 2715 4299
4 704 696 4319 4511
4 2732 2674 3098 3191
4 3144 3163 2811 3554
4 3456 3064 4110 4533
4 2435 2439 2440 3538
4 2738 2909 3743 4164
4 903 910 909 3487
4 2767 3399 2741 3571
4 326 330 3080 4114
4 2811 3521 2827 3888
4 2890 3593 3392 3754
4 2978 4030 3532 4168
4 2818 3679 2906 3743
4 1789 1788 3843 4830
4 3517 3579 3265 3629
4 2840 3920 3280 4236
4 2626 2830 3573 3656
4 2890 3392 3593 3960
4 2601 3901 4349 4475
4 2696 2993 2895 3863
4 2607 3555 3206 4222
4 3078 3385 3079 3943
4 2142 2143 2161 3353
4 2619 3535 3176 3913
4 2922 3536 3151 4120
4 3147 3648 3110 4455
4 826 3355 834 4014
4 4193 4263 3402 4566
4 2940 2976 2756 4122
4 3355 3643 3581 4409
4 2913 3449 2841 3700
4 2599 3051 3055 3990
4 3014 3455 3516 4511
4 2962 3412 2718 3766
4 182 3642 3140 4546
4 2611 2674 3125 3468
4 2726 2920 3033 3390
4 143 3566 3042 4298
4 449 459 461 4577
4 1392 4084 1399 4221
4 2873 3868 3414 4242
4 258 271 157 3683
4 3281 2830 3614 4133
4 1529 3674 1628 3837
4 1212 2199 2200 3369
4 405 3279 406 4398
4 2082 2108 2083 3572
4 1116 2041 3775 4464
4 3642 3654 3112 4200
4 2515 2516 2512 4420
4 2641 3381 3091 3694
4 3242 3392 2722 3593
4 2664 2812 3089 3263
4 1015 1014 1032 3864
4 1174 1173 1165 3957
4 1076 1092 868 3972
4 1079 1095 1094 3354
4 3356 4422 3355 4779
4 1117 1116 4463 4464
4 637 636 662 3900
4 2638 2625 4019 4036
4 2930 2746 3455 3752
4 3009 3655 1674 3841
4 2893 3779 3565 4675
4 2687 2657 2844 2915
4 3601 4001 2944 4712
4 2713 3399 3478 4283
4 269 91 260 3150
4 2817 3845 3316 3918
4 3573 3656 2830 4710
4 1909 2020 3349 4159
4 3072 3502 2746 4162
4 773 4196 3603 4269
4 3384 4043 3779 4250
4 3008 3657 165 4489
4 2783 4175 3159 4550
4 2865 2877 2762 3382
4 636 633 663 670
4 2668 3768 2806 3936
4 2890 3489 2963 4052
4 2610 3187 3301 3392
4 113 2684 3483 3704
4 3021 3019 4113 4141
4 1758 1760 1761 3302
4 1989 1994 2001 4070
4 2873 2733 3414 4038
4 3101 3219 3503 4473
4 2767 2892 3604 4606
4 2856 3098 2755 3678
4 1858 3607 1859 3889
4 2896 3518 3502 4123
4 2895 3793 2696 4335
4 515 506 516 3735
4 3455 3752 2746 4763
4 2618 3574 2596 3852
4 3080 3202 326 4114
4 3051 3452 4516 4750
4 2636 2926 2770 3870
4 3489 3591 2592 4291
4 2748 2954 4056 4351
4 3511 4041 3137 4742
4 2454 2455 2439 3832
4 1907 2005 3383 4071
4 1033 1015 1032 3864
4 2873 3407 3164 4478
4 3335 3336 3233 4737
4 1082 1083 4016 4673
4 2974 3087 2910 3570
4 3102 3539 3220 3813
4 2986 3054 2578 4719
4 2878 3123 4008 4196
4 1395 3424 1396 4395
4 2893 4137 3779 4675
4 1096 3354 1095 4344
4 3414 3868 3126 4242
4 1518 1516 1513 3699
4 1474 3076 1811 4101
4 197 3627 3146 4115
4 1396 3634 3424 4826
4 103 2984 3347 3917
4 3574 3688 2612 3736
4 2506 2509 2536 3565
4 3116 3511 2934 4032
4 2066 2064 2063 3499
4 3017 4303 3326 4537
4 787 4165 3123 4196
4 2788 3265 2963 4090
4 3124 3123 4165 4196
4 2855 2685 3000 3076
4 2673 3933 3004 4085
4 2745 2633 2801 2980
4 1003 1002 4165 4206
4 3789 4036 3883 4037
4 2977 3274 2681 3605
4 1659 3781 1658 3841
4 2889 3103 3637 3869
4 2939 3230 2649 4544
4 2602 3500 3528 4801
4 1094 1078 1079 3354
4 2479 2481 2488 4356
4 2646 3500 3528 3748
4 2856 3410 3387 4093
4 1522 4647 1560 4668
4 269 98 91 3150
4 2887 3473 3173 3807
4 2961 3566 2566 3817
4 1262 1253 1254 4819
4 1891 1911 1913 4515
4 3222 3610 2881 4315
4 2336 2338 2339 4318
4 3323 3417 2975 4304
4 868 847 1076 3972
4 1131 1135 1129 3111
4 512 501 3068 3641
4 3099 3387 2840 4510
4 2635 2647 3452 3830
4 2823 3933 2840 4510
4 2744 2983 2778 4778
4 2699 4060 2581 4401
4 2732 2736 3192 3600
4 182 3140 3642 4252
4 2568 2590 3054 3498
4 482 4186 472 4705
4 3435 3607 2987 4095
4 2096 2097 2094 4436
4 3019 4098 3210 4181
4 3605 4386 3823 4482
4 2631 3669 3176 3899
4 673 672 3208 4088
4 3358 4229 3036 4498
4 2916 3524 2774 3963
4 3396 4049 3702 4267
4 3184 3242 2610 3567
4 2664 2710 2604 2743
4 2810 3335 3266 3906
4 3014 4292 4288 4742
4 2095 2094 2097 4436
4 1574 1583 1582 4074
4 2650 2783 2952 4306
4 2873 3866 3126 4477
4 2658 2840 3099 3387
4 3424 3634 1396 4799
4 623 3283 3518 3871
4 2162 2161 2143 3353
4 2939 3533 2903 4257
4 1486 662 663 3427
4 1233 1235 1234 3747
4 2568 3234 3107 4397
4 3249 3506 153 3683
4 2864 3879 3394 3933
4 2691 2913 3648 4455
4 3633 4084 3846 4221
4 3394 3668 2864 3933
4 323 3714 336 3802
4 2433 2183 2182 4556
4 2706 3682 4042 4157
4 2809 2925 4381 4731
4 2535 3679 3674 4214
4 713 714 737 4580
4 2963 3950 2890 4052
4 2550 2551 1523 3552
4 200 101 3951 4126
4 506 498 501 3067
4 3183 2797 3505 4329
4 2903 2939 2806 3533
4 2793 2645 2876 3155
4 3177 4088 3208 4205
4 751 869 3262 4034
4 3003 3325 3713 4170
4 3100 3534 2805 3695
4 2782 2645 2876 2973
4 2918 2721 3819 4645
4 2618 3852 3550 3992
4 2946 3372 2883 4388
4 404 503 497 4476
4 2234 2232 2231 3533
4 3091 3694 3553 3834
4 2922 3151 2569 4561
4 3261 869 4034 4061
4 2633 2745 2801 3375
4 2797 3183 2923 3314
4 3028 2953 3949 4404
4 2913 3700 2754 4209
4 2676 3358 2631 4644
4 121 3801 3065 4500
4 3603 4196 3124 4269
4 893 422 3259 3928
4 3030 3337 2836 4078
4 2568 2590 3498 3718
4 2925 3303 2798 4306
4 2760 3266 3906 4767
4 554 555 1413 4332
4 2592 3426 4001 4620
4 2464 2473 3833 3889
4 1080 1096 1095 4344
4 2754 2913 3208 3709
4 2643 3218 2825 3845
4 2889 4386 4124 4482
4 3281 3395 2830 4133
4 2946 3396 3348 4049
4 2853 3369 2983 4219
4 1894 1895 1883 4232
4 2986 2578 3483 4719
4 1291 1290 1281 4047
4 1171 1193 1192 4149
4 2700 3658 3619 4403
4 2332 2334 2335 4318
4 2774 3411 3262 4034
4 1610 3411 766 4031
4 3412 2962 3803 4167
4 2346 2354 3671 4215
4 2748 3355 3018 3581
4 982 3059 968 3863
4 3039 3252 3033 4208
4 3961 4285 4282 4561
4 1006 989 3959 4821
4 2717 3206 3555 4222
4 2528 2522 2503 3074
4 401 3279 398 4072
4 2994 3690 2704 4446
4 3164 2797 3492 3551
4 1578 3350 3199 4614
4 3034 2892 3714 4606
4 2959 3315 3904 4038
4 2889 3184 3386 4258
4 512 501 502 3068
4 1760 1768 1769 4027
4 1023 4344 3312 4821
4 1464 1477 1465 3559
4 3356 3476 2703 3835
4 2702 4723 3594 4813
4 1080 1095 1079 4344
4 2703 3160 3835 4616
4 2703 4345 4422 4779
4 3036 3887 3535 4068
4 2190 2189 2175 4113
4 2767 2980 2768 3771
4 513 514 3060 4173
4 3004 3729 2882 4085
4 2751 3386 3661 4451
4 2782 2973 2772 4835
4 3265 3517 2707 3579
4 2797 2719 3505 4272
4 3103 3869 2889 4258
4 1853 1852 1844 4347
4 3476 3675 2954 4676
4 1789 3843 3314 4830
4 2726 4169 2613 4198
4 2637 3402 3088 4566
4 86 3968 3271 4444
4 2807 3473 3173 3720
4 1190 1151 1188 4013
4 2752 3946 3157 4412
4 2761 3800 3229 4023
4 2756 3172 2940 3668
4 199 3707 3706 4752
4 2158 2175 2174 4113
4 3452 3692 2658 4094
4 2610 3386 3184 3567
4 2763 3131 2848 4450
4 738 737 714 4580
4 2831 3229 3872 4685
4 2640 3855 2584 3979
4 3402 4299 2902 4690
4 3255 2563 3952 4310
4 3366 3614 1656 3841
4 1170 1171 1192 4149
4 479 484 489 2552
4 307 305 3784 3797
4 294 301 300 3377
4 2717 3658 3868 4076
4 3463 3708 3005 3796
4 696 3585 4319 4511
4 2908 2720 3711 3940
4 3154 3155 2981 3665
4 2954 3476 3356 3835
4 3212 3619 2700 3812
4 454 453 443 3313
4 2621 3682 3127 4255
4 2761 2987 3229 3800
4 2581 2699 3688 4363
4 2610 3392 3242 3754
4 696 697 705 3585
4 3741 3764 2834 4022
4 2763 3337 3030 4078
4 2784 3792 3113 4026
4 3705 4352 2592 4620
4 3320 3321 199 4752
4 1604 1628 3674 3821
4 826 834 825 4014
4 2540 1404 1399 3679
4 704 3752 696 4511
4 2421 2404 2328 3896
4 2660 3610 3219 3974
4 942 490 492 4186
4 3003 4117 3325 4170
4 3303 3312 3100 4344
4 1081 1097 1096 4344
4 2712 3254 2872 4507
4 3161 2592 4001 4002
4 3211 3590 2770 3722
4 704 619 3752 4319
4 3627 3707 3380 4641
4 512 3068 564 3641
4 3529 3705 2592 4620
4 2645 2973 2782 4835
4 2695 3159 3059 4331
4 1081 1096 1080 4344
4 2792 4827 2735 4828
4 3116 2934 3511 4271
4 2642 2741 3130 3400
4 173 105 187 3707
4 2573 3139 3325 4006
4 3343 3389 3143 3703
4 2716 3172 2756 3668
4 748 749 3411 3602
4 2882 3412 2962 3766
4 3072 2746 3752 4763
4 2595 3503 3220 3813
4 2962 3216 2882 3766
4 3430 3677 3046 4018
4 2887 3202 3807 4504
4 2157 2158 2174 4113
4 3553 3694 3091 4105
4 2820 3204 2698 4064
4 1292 1309 1308 3084
4 3243 4197 3015 4237
4 3385 3442 3079 3471
4 834 833 825 4014
4 2718 2882 3412 3729
4 2855 3127 2685 4362
4 2626 3233 3335 4579
4 2782 2928 2772 3165
4 3407 4272 3164 4478
4 3402 3638 3367 3997
4 2661 2618 3550 3992
4 2191 3920 3305 4236
4 3660 3998 3966 4349
4 3014 4511 3516 4742
4 2660 3695 2798 3974
4 2325 2326 2318 3671
4 1691 4256 1707 4424
4 948 946 947 3391
4 1012 3965 1029 3969
4 2888 3963 3690 4581
4 2827 3027 3163 3888
4 3252 3390 3033 4208
4 264 3440 242 3683
4 2634 3134 3732 4524
4 2862 4252 3745 4308
4 3105 3030 4091 4348
4 3283 3518 2819 4123
4 2810 3335 3336 4240
4 2158 3920 3302 4679
4 3840 4345 2703 4616
4 2798 3303 3100 3695
4 3164 3407 2719 4272
4 2775 3089 3270 4358
4 3235 2675 4212 4278
4 991 982 983 3977
4 2744 2897 2983 4778
4 2644 3906 3266 4767
4 2922 3379 3776 3849
4 816 818 817 3275
4 1750 1749 1754 3209
4 3105 4099 3030 4348
4 2563 3255 4039 4310
4 2717 3868 2956 4076
4 3591 4291 3705 4352
4 2601 3452 4749 4750
4 998 3304 984 4146
4 3026 3548 3307 3748
4 3996 4030 2759 4237
4 2896 2751 3567 4162
4 2977 3324 3823 4386
4 2946 3602 3066 4451
4 3150 3292 248 3789
4 3335 3902 3010 4710
4 2598 3753 4158 4847
4 1521 3552 1522 3576
4 3355 4422 4014 4779
4 2610 4068 2967 4267
4 3092 2760 3590 4406
4 3161 3601 4001 4680
4 767 1611 1610 4031
4 1610 766 767 4031
4 1692 886 1693 4031
4 886 1692 885 4031
4 2590 4156 3054 4401
4 1799 3210 3492 4180
4 2784 3742 3212 3792
4 2827 3163 2811 3888
4 2733 3868 3619 3885
4 3393 3212 4171 4380
4 719 718 3993 4034
4 3221 3401 3027 3969
4 2654 2709 2808 3357
4 2902 3217 4442 4456
4 2830 3614 3061 3656
4 3327 4046 3622 4576
4 3017 4537 3326 4599
4 2693 3779 2968 4137
4 2690 3663 3049 3919
4 1758 4027 3021 4182
4 2994 3066 3690 4446
4 2850 3661 4041 4643
4 3379 3683 3580 4659
4 2646 3563 3307 3994
4 2641 3823 3274 4674
4 2855 3076 3000 3507
4 3594 2645 3998 4723
4 1443 1442 1438 3074
4 3321 3368 179 4254
4 3124 4008 3123 4196
4 3627 4115 3707 4641
4 3591 3592 3005 3950
4 3220 3503 3102 3813
4 3065 2564 3801 3941
4 406 3279 3067 3441
4 3018 3581 3355 3643
4 2931 3203 2860 3795
4 2654 2581 3246 4158
4 3320 3706 199 3707
4 1234 1232 1233 3747
4 3549 3797 3631 4726
4 1806 1824 3556 4141
4 3082 3831 3148 4788
4 2596 3688 3459 4044
4 2626 3885 3666 4736
4 317 311 306 2965
4 2593 3398 3546 4596
4 2649 3936 2931 4370
4 1690 1706 1707 4256
4 3018 3355 2878 3643
4 535 537 4205 4209
4 3014 2930 3455 3752
4 1200 1107 1099 4238
4 3528 3748 3053 4112
4 3117 3590 2760 4406
4 626 3502 625 4762
4 1750 1755 1757 4182
4 2930 3946 2752 4412
4 3326 4537 3313 4599
4 3133 3855 2640 4766
4 569 574 568 3141
4 2837 3994 3081 4199
4 2634 2815 2776 4247
4 2673 3394 3879 3933
4 2518 2514 1379 3232
4 2905 3625 2640 4834
4 3134 3498 2634 3594
4 3051 4699 3853 4750
4 2859 3013 2865 3048
4 3524 3610 2694 4831
4 2699 2581 4000 4401
4 2443 2190 2191 3280
4 3320 4590 3644 4769
4 2693 3779 4137 4675
4 2895 3609 2943 4483
4 423 4346 425 4797
4 3161 3491 3375 3529
4 2823 3280 3019 4510
4 2633 2892 3034 3167
4 1396 3424 3871 4826
4 2749 2910 2620 4145
4 2243 3251 2219 4502
4 506 3441 3067 3641
4 3103 3823 2889 4611
4 562 560 561 4088
4 817 815 816 3275
4 2774 3066 3411 4034
4 3112 3255 186 3642
4 2760 3335 3266 4240
4 1089 1062 1060 3969
4 2715 4042 3214 4119
4 1053 1027 1051 3965
4 2704 3396 3066 4451
4 1416 1413 555 4332
4 2692 2698 3431 4695
4 3015 2607 3555 4754
4 2744 2778 3133 4778
4 3360 3371 2694 3963
4 1031 1059 1061 3969
4 2592 4352 3426 4620
4 3175 3934 2612 4239
4 2886 3380 105 3707
4 3810 4226 2994 4617
4 2033 4256 1691 4424
4 1674 3009 1673 3701
4 2778 2983 2897 4778
4 2704 4271 3324 4446
4 3097 3221 3169 4335
4 2949 3438 217 4244
4 2626 3656 3175 4833
4 1148 1149 3162 3408
4 1587 3199 3189 4452
4 3219 3610 2809 4814
4 2860 3203 2931 4374
4 3426 3592 3041 4352
4 2686 3089 3331 4399
4 1691 1690 1707 4256
4 470 3675 3445 3975
4 2998 3136 2815 4602
4 1060 1088 1089 3969
4 2444 2443 2191 4236
4 3233 3685 3118 4240
4 456 3313 3310 4667
4 2589 3646 3036 4820
4 3004 3021 4027 4182
4 751 3262 767 4034
4 2961 2566 3566 3788
4 198 4126 3112 4324
4 3619 3868 2733 4242
4 3392 3593 3242 3754
4 2606 2593 3439 4108
4 2514 1374 1379 3232
4 3675 3876 2824 4627
4 2798 2881 3222 3610
4 2720 3044 2908 3197
4 2913 4153 3458 4455
4 2586 3898 3744 4199
4 3042 3921 144 4045
4 3184 3869 3637 4462
4 2796 3073 2950 4176
4 3107 2590 3660 4156
4 3216 3372 2784 3701
4 2676 3089 4229 4399
4 3684 4169 2852 4198
4 2581 3247 3459 4560
4 2574 4397 3440 4758
4 497 403 404 4476
4 769 768 491 4743
4 2610 3187 3392 4757
4 2646 3748 3528 4112
4 3016 3084 2858 4438
4 2845 2713 3259 3478
4 673 3208 672 4423
4 2968 3076 2855 3507
4 3088 4473 2899 4566
4 2244 2241 2088 3620
4 2793 3155 3154 3665
4 2710 3130 2965 3400
4 1519 1521 1522 3576
4 787 3123 4195 4196
4 3052 2587 3948 4379
4 164 3506 130 3941
4 3019 4098 3647 4141
4 118 3506 3483 3941
4 1029 1055 1057 3969
4 480 3445 3675 3876
4 2717 3658 3619 3868
4 483 473 474 3749
4 948 947 949 3391
4 2756 2679 2940 4122
4 2796 3477 3073 4176
4 3004 3697 3170 4528
4 1668 1676 1669 4133
4 3527 2906 3634 4354
4 459 460 3445 3975
4 1661 4133 3614 4428
4 1413 1416 1425 4341
4 3438 3765 223 4035
4 2889 3386 3184 3754
4 2958 2717 3250 4242
4 738 3231 714 4226
4 3420 2621 3682 4042
4 2832 2902 3413 4456
4 2972 3888 3144 4608
4 1674 1675 3655 4167
4 2826 3329 3068 3932
4 1675 1682 1683 4167
4 748 3411 749 4388
4 2836 4099 2731 4536
4 2645 3155 2793 4311
4 2564 3688 2596 4044
4 2699 2987 2764 3229
4 2582 2647 3469 3830
4 2882 3766 2714 3879
4 3014 3455 2930 3946
4 1763 1752 1762 4167
4 788 3123 787 4165
4 2634 3686 3498 4525
4 1245 1244 4121 4714
4 2717 2956 3206 4076
4 2749 2974 2910 4145
4 1056 1086 1087 3965
4 2784 4066 3766 4804
4 501 506 3067 3641
4 2931 3936 4260 4370
4 1538 1545 1546 3350
4 3789 4117 2573 4751
4 2676 3089 2631 3171
4 2497 1890 2493 4183
4 3758 4171 3573 4255
4 2856 3156 3098 3678
4 3127 4465 4383 4694
4 954 4134 3829 4218
4 641 538 543 3361
4 2236 2278 2234 4261
4 3148 3925 3016 3926
4 1578 1577 3350 4251
4 2339 2337 2336 4318
4 1198 1207 1206 3926
4 2442 2456 1834 3647
4 401 3279 4072 4073
4 1291 1281 1282 4047
4 2601 3452 2630 4749
4 1665 1664 3281 3841
4 1392 3846 1393 4084
4 546 642 3361 4007
4 2731 3091 3557 3815
4 2975 3323 2849 3417
4 3944 2653 4174 4562
4 623 615 614 3763
4 2236 2279 2278 4261
4 2646 3528 3500 4619
4 3393 2978 4380 4387
4 2663 3960 3005 4775
4 3232 2997 4003 4333
4 2789 3084 2858 3085
4 2748 4056 3129 4057
4 2966 3234 3107 4156
4 2691 4153 2913 4455
4 2718 3412 2962 4548
4 95 2837 82 3271
4 2636 4030 4237 4387
4 144 143 3042 4298
4 3091 3811 2721 3937
4 3372 2911 4166 4388
4 646 3424 622 3871
4 2978 4030 3588 4387
4 2189 2174 2175 4113
4 3281 3395 1670 4235
4 2757 3406 3924 4326
4 1668 1553 3837 4133
4 2760 3590 3588 3666
4 2200 3149 2199 4502
4 2716 3305 2941 4787
4 1199 3148 1198 3831
4 3244 3380 2886 4699
4 2748 4056 3018 4351
4 2693 3031 2844 3207
4 2672 2929 2625 2955
4 2603 3101 4151 4263
4 1015 1033 1016 3864
4 3167 3608 3450 4140
4 2865 3382 2762 4732
4 2834 3453 4482 4717
4 2866 2972 3300 3479
4 1522 1520 1519 3576
4 1380 3543 1378 4333
4 649 650 658 3502
4 1998 1985 2001 4070
4 414 416 4096 4390
4 2335 2333 2332 4318
4 440 443 452 3313
4 3450 3608 3167 4645
4 2537 3565 2536 4394
4 2626 3902 3666 4579
4 330 3201 3080 4114
4 1215 1191 1189 4013
4 3536 3580 3134 3718
4 230 3006 2961 3566
4 3169 3583 3221 4793
4 2960 4174 2653 4562
4 950 967 968 4080
4 3838 3930 3360 4008
4 2757 4077 3924 4651
4 2959 3904 3315 4239
4 2703 3476 3356 4102
4 3155 3665 2793 4311
4 3308 4347 3387 4563
4 2642 4152 2710 4279
4 567 509 519 4276
4 1824 4098 3556 4141
4 2830 3212 3573 3758
4 2916 2999 2777 3698
4 1010 791 1027 4790
4 1235 1274 1276 3747
4 2190 3280 2189 4113
4 2191 3920 2176 4773
4 3113 3821 3069 4851
4 311 3494 310 3549
4 2595 3220 3539 3813
4 3157 3517 3014 3946
4 3173 3473 2887 3720
4 3068 3329 2826 3708
4 3013 3259 3478 4410
4 121 3065 3801 3941
4 1595 1468 1591 4043
4 2576 3320 3706 4769
4 1652 4416 1644 4428
4 2654 3459 2596 3574
4 2587 3307 3745 3847
4 819 3275 3581 4429
4 461 450 449 4577
4 4391 4670 3364 4671
4 3348 3702 2899 4049
4 2564 3459 3688 4044
4 2828 3722 3211 4071
4 2940 2976 3534 4811
4 1165 1166 1174 3957
4 2756 2903 2668 4342
4 2718 2962 3551 4548
4 3113 3372 3701 4026
4 1676 3395 1677 4133
4 2732 3191 3156 3623
4 3076 3507 2968 3929
4 1003 986 4134 4165
4 4228 4722 2971 4723
4 2784 3216 3766 4066
4 2957 2725 2990 3417
4 2819 3871 3424 4826
4 2639 2836 3299 3377
4 2022 2021 4011 4231
4 116 3079 2578 3442
4 2851 3012 2929 3560
4 3546 4596 3398 4628
4 3151 3536 2922 3776
4 3261 3360 2888 4565
4 2754 2841 3086 3894
4 3220 3539 2583 3899
4 904 905 898 3479
4 391 2845 381 3976
4 3092 3590 2760 3666
4 3163 3554 791 4021
4 3729 4085 3004 4182
4 2630 3692 3452 4094
4 2830 3281 2880 3812
4 2762 2970 2794 4814
4 2626 3175 3233 3885
4 3661 4041 3324 4258
4 2708 4062 3804 4428
4 3372 4026 3333 4066
4 3210 3551 3492 4548
4 3212 3658 2784 4403
4 2601 3692 3901 4475
4 2907 3931 3294 4813
4 3223 3691 3000 4452
4 773 772 3603 4196
4 2268 2258 2266 4553
4 2639 3816 2585 4562
4 2784 3333 4066 4804
4 2735 2861 2618 4364
4 3080 4140 3819 4494
4 1204 1196 1205 3925
4 901 898 905 3479
4 2718 3021 3019 4085
4 3472 2696 3793 3979
4 156 3504 3653 4230
4 631 630 628 3799
4 3271 3081 4053 4199
4 2601 2630 3692 4749
4 2611 3626 4156 4401
4 3103 4692 4090 4761
4 2607 3658 3212 4222
4 618 3502 626 4762
4 2808 3521 3357 4131
4 2590 3498 3134 3594
4 1664 3614 3281 3841
4 417 413 392 3622
4 3124 3610 3222 4315
4 1127 1137 1139 3609
4 2873 3126 3868 4477
4 2932 3861 3641 4780
4 2294 2293 3746 4553
4 3368 223 3765 4035
4 3608 3819 3080 4140
4 1556 4074 3576 4668
4 3556 3860 1831 4284
4 2230 2276 2275 4846
4 2820 2750 3253 4626
4 2784 3742 3792 4026
4 3027 4353 2827 4778
4 2574 3439 3260 4758
4 2992 3263 3331 4533
4 2619 4267 2967 4473
4 2947 2709 3477 4075
4 2924 3675 3476 4676
4 3371 3603 2878 4008
4 2465 3833 2453 4724
4 1457 1464 1458 3559
4 1427 1429 1435 3043
4 3134 3498 2590 3718
4 1928 1916 3092 3800
4 1960 1948 1949 4770
4 2798 3222 2809 3610
4 1032 3864 1031 3969
4 1942 1941 1935 4023
4 2860 2939 3936 4370
4 2505 3185 2507 3662
4 1443 3074 1438 3699
4 1775 1774 1776 3209
4 312 301 313 4289
4 3227 3303 1006 3959
4 2620 3686 3931 4247
4 2739 3148 3448 3831
4 2104 2105 3353 4129
4 1170 4149 1192 4673
4 2145 2294 3306 3865
4 2512 3185 2935 3662
4 285 287 286 3631
4 3653 4006 2569 4230
4 2982 3354 2798 4148
4 2974 3570 2910 4145
4 2654 3246 4634 4802
4 150 3578 3776 4527
4 2798 3100 3354 3695
4 2471 2480 2479 3387
4 218 3006 3566 4298
4 2758 2951 2670 3057
4 2798 2925 3222 4134
4 2989 3745 3307 3847
4 2618 2735 2792 2861
4 3029 2837 3271 4199
4 2887 3473 3201 3676
4 1749 1748 1753 3803
4 2275 2228 2230 4846
4 3355 3581 827 4409
4 2906 4119 3214 4354
4 1989 1990 1994 3211
4 1087 1111 1112 4204
4 970 960 971 4637
4 3009 3812 3792 4403
4 1658 3781 1657 3841
4 2613 4169 3684 4198
4 2798 3354 2805 3695
4 2939 2903 3418 4257
4 2766 3704 3079 4330
4 2738 3113 3395 3792
4 2843 3136 2998 4602
4 1599 1615 1616 3650
4 2702 2971 4723 4813
4 2630 3452 3469 3830
4 2661 3223 2846 3691
4 113 3079 2684 3704
4 3206 4181 2956 4339
4 2913 2932 2691 3648
4 1825 4098 1824 4141
4 2581 3688 3736 4363
4 2934 3511 3324 4041
4 3161 3601 3425 4001
4 2832 3217 2576 4193
4 2913 3735 3458 4153
4 2639 3378 2585 3461
4 1392 3846 4084 4221
4 313 3202 3807 4114
4 2435 2185 2184 4556
4 505 3067 506 3441
4 297 3456 288 4784
4 3444 3139 4006 4713
4 82 2837 86 3271
4 373 381 3478 3976
4 2618 2661 2846 3691
4 1952 1946 1964 4223
4 1364 3709 1369 3826
4 2801 2745 3474 4708
4 2882 2718 3412 3766
4 3379 3849 3282 4659
4 2883 3372 3333 4066
4 901 898 3479 3739
4 3029 3271 82 3970
4 1148 3162 1150 3664
4 619 704 4161 4319
4 2810 3266 3389 3906
4 470 3975 460 4591
4 3070 3392 3187 3988
4 3219 3220 2619 3913
4 1941 1928 1935 4023
4 3098 3191 2674 3363
4 1112 1088 1087 4204
4 2578 3234 3054 3506
4 505 406 3067 3441
4 3021 3302 1758 4177
4 3024 3407 4272 4430
4 3067 3641 3441 3861
4 501 498 502 3286
4 3505 4329 2797 4493
4 3515 4116 3738 4345
4 1149 1151 3162 3408
4 3005 4268 3629 4461
4 1666 1665 1673 3841
4 2658 3452 2842 4197
4 3902 4710 3335 4737
4 3374 3930 3838 4008
4 2657 3122 2687 4216
4 1673 1674 1666 3841
4 2700 2962 3551 4076
4 804 823 800 3643
4 3335 3010 4051 4710
4 904 451 911 4577
4 2481 2480 2476 4093
4 2864 3120 3004 3933
4 3161 3425 2656 4002
4 200 3951 237 3952
4 258 264 3683 4659
4 913 3268 917 4104
4 348 334 335 3130
4 2639 3293 2575 3496
4 2599 4445 3015 4456
4 2784 3009 2962 4167
4 2660 3219 2809 4243
4 3100 3303 2798 3312
4 3037 2591 3389 3870
4 2838 3720 2887 4494
4 3356 3476 2954 4676
4 2650 2829 3082 4198
4 2687 4009 4163 4630
4 2683 2836 2731 4536
4 3270 4053 3444 4691
4 3452 3692 2630 4749
4 1189 1214 1215 4013
4 3402 4299 3122 4378
4 2733 3092 2959 3233
4 2852 3684 3664 3790
4 2535 3679 1399 4084
4 2317 2325 2318 3671
4 3054 3234 2568 3506
4 1309 2308 3755 4127
4 2700 4272 3407 4478
4 2760 3118 3117 4406
4 217 3438 2949 3765
4 3283 3502 625 3518
4 2655 3637 3593 3950
4 250 3398 2597 4125
4 2082 2075 2074 4424
4 2618 3852 3403 4828
4 2657 2715 3480 4172
4 2805 2940 2679 4122
4 2703 3514 3840 4616
4 1758 3302 3021 4027
4 834 4014 3355 4565
4 2619 3220 3219 4473
4 3444 4006 3968 4713
4 1794 1787 3302 4177
4 3514 4109 3116 4481
4 2568 3249 2904 3683
4 2610 3242 3184 3754
4 2747 3083 2866 3300
4 2837 3271 3081 4444
4 2748 4056 2954 4627
4 1556 3699 1517 4074
4 1598 1614 1615 3575
4 3603 4008 3371 4100
4 2934 3137 3511 4041
4 3324 4386 2977 4600
4 153 3249 123 3506
4 2566 2969 3922 4572
4 2685 3236 4051 4383
4 617 626 625 4762
4 2756 2806 2668 2903
4 2794 3457 3326 4599
4 1486 3624 3464 3953
4 2806 2939 2649 4544
4 3535 3652 2967 4519
4 2782 2929 2928 3093
4 3092 3118 2959 3233
4 3420 3743 2909 4164
4 321 323 336 3802
4 2693 2869 3759 4248
4 2745 3819 4140 4494
4 2348 2355 2356 3671
4 121 3483 3065 3941
4 2762 2794 3584 4814
4 569 3141 568 4681
4 2636 3722 3588 3870
4 2786 3162 3664 3684
4 2879 2574 3471 4160
4 2954 3876 3675 4627
4 3424 622 3871 4653
4 2889 3386 4124 4386
4 3688 4241 2612 4363
4 342 325 3080 3202
4 3220 3539 3102 4263
4 1458 1456 1457 3253
4 1851 3309 4411 4477
4 1693 886 3696 4031
4 2347 2355 2348 3671
4 683 682 4055 4207
4 2649 2860 2939 3936
4 2649 2860 3936 4370
4 911 451 462 4577
4 3125 3468 2674 4228
4 641 602 538 3361
4 2793 2876 2645 2973
4 2916 3262 3698 4061
4 2699 2761 2987 3229
4 3018 3355 2748 4351
4 2896 3567 2751 4434
4 2901 4030 3588 4168
4 253 3282 3881 4087
4 2760 3588 3590 3722
4 2641 3485 3274 3823
4 2708 3061 4062 4428
4 2599 4456 3015 4569
4 1038 1023 1039 3312
4 2745 3601 3819 4494
4 173 129 105 2886
4 461 3300 459 4705
4 3756 3864 3097 3969
4 843 842 834 3360
4 2641 3834 3520 4674
4 915 3487 910 3919
4 3091 3381 2871 3815
4 3005 2835 3629 4253
4 2681 4662 3652 4717
4 1103 3354 1104 3534
4 2584 3151 2640 3405
4 2704 3690 4111 4600
4 704 4319 3752 4511
4 838 830 3123 4195
4 2607 3393 3212 3742
4 3212 3742 2738 3792
4 2959 3315 4143 4239
4 3159 991 3977 4331
4 1556 1517 3576 4074
4 1610 1640 1638 3372
4 2810 3906 3389 4505
4 2919 3811 3091 3937
4 760 679 744 4580
4 3447 3773 2008 4729
4 2715 3031 4042 4119
4 2888 3261 3689 3690
4 3124 4100 3603 4269
4 2726 3033 2920 4170
4 2734 3589 3085 4506
4 3690 3963 2774 4111
4 3183 3314 2797 4329
4 2679 2940 2864 3668
4 2636 4030 3996 4237
4 2718 3412 3021 4182
4 2465 2464 3833 4724
4 3127 3682 2855 4694
4 2752 3463 3629 4461
4 2582 4408 2758 4516
4 629 665 666 2950
4 1749 1753 1754 3803
4 3100 3695 3303 4306
4 2864 3668 2940 3933
4 2784 3113 3009 3701
4 1099 1192 1200 4238
4 1686 1687 879 3422
4 702 3239 3810 4696
4 271 107 133 3249
4 2721 3520 3834 4303
4 2848 3131 2713 4450
4 2934 4603 3810 4738
4 2598 4158 3340 4847
4 2756 2940 2679 3668
4 625 3502 3283 4762
4 1444 3074 1443 3892
4 879 1687 880 3422
4 2947 3467 3095 4594
4 3412 3733 2962 4167
4 2746 2930 3455 3462
4 3369 3818 3050 3914
4 2888 3360 3963 4558
4 1662 3281 1663 3614
4 2842 3099 3989 4520
4 2739 3748 2650 4589
4 2759 2842 3256 3257
4 2733 3092 2901 3250
4 2608 2848 3496 4278
4 297 288 3456 3474
4 3262 4034 869 4061
4 2573 3003 4053 4801
4 2981 3155 3154 3362
4 2722 2932 3861 4485
4 2810 3336 3335 4051
4 3010 3127 3719 4806
4 223 3952 3438 4035
4 3272 3023 3804 3897
4 3302 3920 2158 4113
4 3200 3846 3633 4084
4 2633 2980 2745 3034
4 2886 199 3978 4752
4 357 3080 3608 4099
4 2225 2227 4129 4257
4 2686 2917 3089 4399
4 2665 3344 3035 4575
4 2704 3386 3396 4451
4 2738 2911 3069 3113
4 3835 4624 4345 4779
4 3112 4200 3654 4324
4 2833 3515 3738 4345
4 2668 4301 3768 4517
4 3642 3745 2862 4252
4 3633 3634 2906 4354
4 2590 3594 2645 3998
4 2622 2656 3721 4002
4 2079 2055 2054 3632
4 3492 3551 2797 4548
4 3214 3552 2531 3576
4 2891 3178 3640 4695
4 3855 4285 3436 4353
4 3167 3819 3608 4140
4 3024 3655 1667 4493
4 3393 3413 2978 4387
4 3062 2830 4062 4710
4 2695 2993 2780 3290
4 245 2837 73 3984
4 2584 3855 3151 4285
4 3018 2748 3581 4720
4 3061 3614 2830 4133
4 726 725 727 3910
4 1667 3655 3024 3841
4 814 1052 1051 4414
4 3037 3958 3346 4287
4 301 313 3299 3807
4 2654 3246 3152 4158
4 2756 2976 2940 3820
4 4032 4033 3511 4594
4 1666 1674 3655 3841
4 2721 3553 3819 3834
4 2610 2967 3386 4267
4 1793 4177 1798 4180
4 2583 3539 4263 4656
4 2848 4092 2763 4450
4 3160 2703 4345 4616
4 2788 2963 3265 4268
4 95 82 3029 3271
4 2512 2935 2510 4201
4 394 419 3604 3737
4 2850 4041 3661 4258
4 2573 3968 3444 4006
4 2739 2789 3084 4438
4 3090 4328 2575 4713
4 1876 3564 3414 3884
4 2753 4634 3686 4802
4 1474 3287 3076 3687
4 738 3602 3231 4226
4 2746 4123 3567 4162
4 3476 3675 2824 4627
4 2986 3247 154 4633
4 2810 3266 3335 4240
4 981 966 980 3756
4 1198 1199 1207 3926
4 2748 4429 3275 4779
4 663 671 1484 3427
4 1592 4250 1584 4615
4 1680 1637 4648 4851
4 2473 2483 2484 3421
4 2522 3074 3565 3699
4 3292 3883 3789 4751
4 1616 1600 1599 3650
4 2593 3882 3398 4596
4 2890 3950 3591 3960
4 2730 2671 3195 3589
4 2768 3089 2992 3263
4 2961 4225 4142 4622
4 3137 4041 2934 4603
4 1027 791 798 4790
4 316 320 322 3201
4 2636 2770 2926 4613
4 3302 4113 1794 4177
4 3017 3327 3326 4303
4 3143 3389 2912 3703
4 3861 3988 3392 4083
4 2626 3233 3666 3885
4 2907 2776 3931 4813
4 332 334 349 3571
4 546 642 641 3361
4 3281 3812 3009 3841
4 1362 3430 4088 4534
4 2574 3234 2966 4508
4 3498 3686 2634 4060
4 2798 3303 2925 4134
4 2968 3682 2693 4137
4 2722 3861 3392 4485
4 2614 3816 3815 3944
4 2676 3171 2631 3358
4 3127 3343 3010 4383
4 251 3710 2593 3882
4 2932 2711 3861 4485
4 638 635 637 3900
4 3532 2978 4222 4237
4 1188 1186 1187 4013
4 2832 3402 3217 4193
4 258 3683 241 4659
4 305 314 3784 4289
4 2504 2505 2507 3662
4 1264 1190 1191 4013
4 2128 2126 2105 4490
4 2528 2522 3074 3565
4 492 943 942 4186
4 118 116 2578 4711
4 2681 3326 4303 4433
4 597 598 596 4412
4 2827 3521 2628 3888
4 2708 4428 4426 4827
4 3531 4225 2969 4622
4 2805 3354 2982 4463
4 357 342 3080 4099
4 2603 2899 4432 4473
4 2968 2869 4362 4570
4 2748 3275 4624 4779
4 3170 3697 3004 4190
4 3055 3692 2658 4749
4 1680 4235 1679 4851
4 3270 3444 2604 4691
4 2182 2432 4556 4724
4 2102 4129 3353 4275
4 173 188 129 2886
4 3023 3897 3758 4062
4 3356 4102 3476 4676
4 1109 2034 2035 3415
4 2704 3285 4271 4446
4 243 170 192 3627
4 3573 4255 4171 4380
4 637 662 2950 3900
4 2348 2356 2349 3672
4 2035 1110 1109 3415
4 846 3123 3374 3838
4 1783 1772 1781 3842
4 3237 3852 2612 4241
4 230 3566 2961 3817
4 915 919 910 3487
4 2811 3443 3226 4131
4 2668 3055 3768 3936
4 2818 2909 3679 3743
4 828 823 804 3643
4 2910 2974 2749 3087
4 3191 3623 3192 3908
4 1950 1938 1951 4005
4 3071 4422 4345 4779
4 3563 4125 3182 4484
4 2653 3816 3815 4536
4 264 242 258 3683
4 2564 3237 2596 3688
4 2796 2947 2709 3477
4 2754 3709 3208 4534
4 2650 3082 2829 4550
4 2602 3501 3500 4801
4 1806 1824 3492 3556
4 1405 1409 4395 4799
4 2744 2897 3401 3874
4 2688 2637 3638 3997
4 2592 3489 4001 4259
4 3113 3701 3372 4648
4 2619 3651 3176 3652
4 2803 4049 4009 4217
4 3491 3529 3161 4002
4 2848 3130 2713 3131
4 903 3198 3048 3928
4 3504 3961 3139 4006
4 2602 3053 3500 4592
4 2932 2711 3441 3861
4 816 3297 3275 4116
4 2986 4454 4000 4719
4 2699 4060 3931 4363
4 3000 4277 3199 4452
4 3148 3831 2739 4788
4 2878 3355 3018 4351
4 2081 2106 2107 4424
4 3399 3571 2767 4321
4 2262 2257 2256 3787
4 3690 4581 3114 4600
4 1095 3354 1079 4344
4 2633 3034 2892 3771
4 2803 2896 3633 4049
4 838 3838 837 4195
4 2972 3144 2894 3598
4 2606 2705 2593 4107
4 1048 1047 1039 4344
4 3001 3456 3064 4110
4 3212 2738 3742 4171
4 2711 2945 3649 4803
4 2738 3069 2911 4309
4 1628 3674 3069 3837
4 2642 3130 2710 3400
4 2909 3272 3837 4214
4 2254 2260 2255 3787
4 2962 3655 3009 4403
4 746 738 3602 3942
4 2658 3493 3055 3990
4 1380 3880 3543 4333
4 3052 3847 4379 4641
4 331 338 346 3802
4 2843 2876 2645 3155
4 172 3112 186 3654
4 2819 3424 3634 4826
4 2889 3184 3637 3754
4 679 2527 1393 3423
4 1832 1822 1824 4284
4 3786 3860 3164 4284
4 3078 3943 3079 4650
4 3137 4603 2934 4738
4 164 2986 154 3506
4 3125 3594 3998 4723
4 1806 3492 3210 3556
4 1752 3412 1753 3803
4 2725 2975 2849 3417
4 755 3910 1599 4058
4 391 381 373 3976
4 834 3355 826 4409
4 710 702 3239 3993
4 841 3261 840 4565
4 1963 1978 1977 3987
4 2715 4009 2906 4299
4 2796 3073 2709 3618
4 2969 3999 3104 4224
4 2695 2993 2895 4483
4 619 4161 3072 4319
4 2778 3625 3732 4834
4 2649 2939 2806 3936
4 3503 3394 4755 4772
4 476 3289 478 3991
4 1196 1197 1205 3925
4 2640 2727 3405 3625
4 921 3300 472 4186
4 1615 1599 1598 3575
4 2901 3588 2770 3590
4 3430 3431 2692 3677
4 96 228 3376 4622
4 3017 3606 2919 4538
4 2748 3160 3835 4624
4 2895 3169 3097 4146
4 1147 3408 1146 3964
4 2946 4049 2662 4132
4 2762 2865 2651 2877
4 846 3374 3123 3972
4 4124 4386 3680 4482
4 2601 2630 3469 4349
4 2636 3413 3056 4387
4 2639 2781 3115 3299
4 2672 3760 2782 4835
4 3072 3752 619 4319
4 253 3282 4087 4659
4 3187 3988 3392 4757
4 137 3008 165 4489
4 2922 2569 3653 4006
4 834 3355 4409 4565
4 2713 3130 2741 4283
4 246 73 245 2837
4 2654 2596 3459 4847
4 3006 3788 3566 4297
4 2263 2257 3787 4028
4 2618 2861 2792 2933
4 2735 3011 2861 4364
4 2722 2932 3141 4780
4 2575 3461 3008 3922
4 927 3289 477 4447
4 3655 3841 3009 4372
4 2263 2257 2262 3787
4 2575 4328 3378 4713
4 2714 3766 4066 4804
4 1671 1672 1664 4235
4 3921 4526 3578 4527
4 2700 3812 3885 4833
4 2684 3258 3065 3483
4 2231 2207 2233 3397
4 2880 3781 3024 3841
4 2680 2790 3228 3918
4 2239 2332 2333 3166
4 3026 3813 3307 4375
4 1063 1032 1061 3221
4 2702 3180 2998 3613
4 2613 4198 3359 4334
4 3652 4138 2892 4662
4 3127 2685 4362 4383
4 3738 4116 3071 4345
4 696 4288 3585 4511
4 2636 3056 4012 4387
4 465 466 467 3991
4 2182 2166 4179 4556
4 3105 3819 3608 3937
4 2712 2670 2951 3057
4 173 2886 105 3707
4 1469 1470 1472 2985
4 684 686 699 4738
4 903 3048 910 3487
4 3009 3701 1674 4167
4 2658 2856 2840 3387
4 1038 1022 1023 3312
4 649 658 657 3502
4 2381 2380 2329 3465
4 2261 2255 2260 3787
4 711 703 4014 4696
4 2919 3622 3017 4302
4 255 3182 2837 3984
4 1081 3227 1082 4016
4 2940 3373 3120 4464
4 981 982 969 3863
4 3810 3993 708 4617
4 3088 4263 3535 4473
4 2228 4129 2227 4257
4 1664 1663 1671 4235
4 432 433 3382 3737
4 2219 2243 2246 3251
4 121 2684 110 3065
4 2929 2955 2672 3128
4 2890 3591 3489 4291
4 2710 2604 2743 2848
4 3588 3590 2901 3666
4 3283 3763 614 4389
4 817 815 3275 4429
4 2961 3566 3006 3788
4 2916 3262 2999 3698
4 485 3289 486 4269
4 2667 2894 2811 3949
4 3566 3788 2566 4297
4 3071 4116 3738 4696
4 1082 4016 3227 4673
4 2966 3234 4156 4508
4 3124 4008 3603 4100
4 3152 3753 2654 4158
4 1014 1031 3864 3969
4 2816 3536 3151 3776
4 2731 2683 3815 4078
4 2977 4271 3324 4600
4 1226 1227 4273 4845
4 3236 4062 2830 4710
4 881 1688 1689 4392
4 3996 4030 2636 4613
4 2805 2982 2798 3974
4 1276 1237 1235 3747
4 3024 3505 2719 4272
4 1988 3007 3809 4296
4 2727 2640 2905 3625
4 2627 4063 2872 4685
4 3178 4088 3177 4205
4 2641 3520 3091 4481
4 3503 4151 3394 4772
4 1146 3408 1148 3664
4 2569 3961 3504 4006
4 2345 2346 3165 4215
4 2964 3283 2819 4123
4 2543 2542 3527 4119
4 2997 3339 2659 3460
4 2503 2528 3074 3565
4 2632 3077 3958 4330
4 702 3810 3239 3993
4 2589 3036 3646 4385
4 2241 2080 2088 3620
4 2328 2350 2421 3896
4 2631 3176 3669 3771
4 3260 2601 4517 4750
4 2244 3155 2282 3251
4 315 319 2965 3783
4 3076 3223 2669 4384
4 2646 3548 2587 3563
4 495 3124 774 4269
4 2760 3092 3118 4406
4 2794 2970 2762 3075
4 441 443 440 4599
4 2600 2665 3344 4402
4 401 405 398 3279
4 581 3328 577 3451
4 2760 3685 3266 4767
4 3113 3372 4166 4648
4 2999 3697 2882 4528
4 3184 3386 2610 3754
4 2919 3269 3091 4521
4 2564 2579 3237 3688
4 2104 3353 2102 4129
4 1429 1430 3043 3740
4 2790 2846 2618 4015
4 3126 2958 3884 4242
4 3247 4045 3459 4560
4 2834 4022 3161 4680
4 2866 2696 3268 3750
4 420 3075 419 3737
4 2694 3371 3360 4008
4 638 639 640 3798
4 170 3146 197 3627
4 3375 3764 3741 4022
4 3629 4268 3265 4461
4 3023 2830 3395 4133
4 2694 3360 2916 4008
4 2960 2622 4002 4620
4 2581 3498 3247 4560
4 3100 3312 2798 3354
4 974 3959 973 4218
4 3106 3537 3065 3801
4 2644 2828 2937 3722
4 1668 3837 1676 4133
4 1817 1816 3215 4747
4 3916 4285 3961 4561
4 2903 3419 3148 4788
4 2570 3347 3346 4499
4 91 98 75 3150
4 3657 3817 90 4622
4 103 2984 204 4500
4 2693 3031 4042 4216
4 1404 1403 3634 4354
4 2275 4129 2228 4846
4 2655 4461 3950 4730
4 3391 3750 2993 3859
4 2952 4657 3808 4849
4 2895 3169 3609 3793
4 2434 2435 2184 4556
4 2660 2925 2798 4306
4 3462 3973 3593 4462
4 774 3124 773 4269
4 766 3411 767 4031
4 3236 3403 2685 4051
4 3146 3791 3140 3847
4 3021 3412 2718 4548
4 2966 3966 3660 4758
4 3504 2569 4006 4230
4 2729 3460 3339 4663
4 4303 4433 3326 4537
4 2772 2782 2672 2928
4 2661 3550 3712 3992
4 3467 3753 2709 4413
4 2845 3478 381 3976
4 1554 1572 1443 3699
4 3152 3717 3540 4479
4 821 3581 819 3848
4 2811 2953 3443 4131
4 1090 4597 1091 4793
4 2591 4012 4402 4796
4 2748 3275 3949 4624
4 2359 2367 2360 4317
4 624 625 3283 4762
4 2963 3637 4052 4611
4 495 486 3289 4269
4 3311 3246 3686 4525
4 3028 3275 2748 3581
4 1729 1731 1705 3842
4 2999 3170 2777 3698
4 1130 1141 1132 3409
4 3853 4445 4264 4590
4 3966 3998 3660 4211
4 2564 3106 3065 3801
4 2644 3870 3389 3906
4 2082 2107 2108 3572
4 4271 4376 3116 4674
4 477 927 487 3289
4 3013 3399 2713 4054
4 3119 3226 2827 4256
4 3065 3483 2564 3941
4 838 3123 3838 4195
4 2360 2367 2368 4317
4 2731 3030 2836 4078
4 2977 3823 3605 4386
4 2928 2929 2672 3128
4 3357 4634 2753 4802
4 3380 2571 3707 4699
4 2866 3267 2675 3750
4 3233 3885 3175 4143
4 2892 3652 4662 4717
4 1681 4235 1680 4648
4 2650 3296 2783 4306
4 1099 1107 4016 4238
4 2614 3152 3717 3753
4 3514 4582 3269 4616
4 3061 2830 3656 4062
4 2759 4030 3996 4613
4 2823 3302 3021 4113
4 2646 3307 3748 4112
4 3010 3343 3127 4806
4 2931 3795 2860 4370
4 2571 3380 3707 4641
4 269 260 244 3653
4 3260 4108 2879 4379
4 1014 3864 3756 3969
4 2541 2536 3565 4394
4 2745 3819 3167 4140
4 3336 3656 3175 4737
4 514 521 3060 3700
4 2610 3386 2967 4124
4 3184 3386 4258 4262
4 3092 1935 3118 4406
4 699 698 684 4738
4 2977 4433 3274 4674
4 2644 4767 3266 4768
4 2594 3789 4036 4751
4 1406 1410 1405 4799
4 2672 2955 2625 4086
4 3069 3674 1628 3821
4 711 4014 3239 4696
4 3008 137 4230 4489
4 2727 2851 2625 2929
4 542 536 593 4189
4 2535 3674 3679 4084
4 3343 4806 4402 4807
4 2903 3148 3419 3925
4 1516 3576 3699 4583
4 702 3810 3515 4696
4 791 3554 3163 4790
4 256 170 3627 4425
4 2455 3538 2439 3832
4 834 833 4014 4565
4 2987 2802 3435 4095
4 1682 1675 1674 4167
4 643 642 634 3332
4 2668 3645 3055 3936
4 2564 3065 2579 4454
4 2634 4524 3311 4525
4 2706 4042 3420 4157
4 2837 4059 3029 4840
4 1507 1508 1500 3624
4 1760 3302 1758 4027
4 1852 1841 3309 4098
4 815 4116 4429 4696
4 3155 3251 2793 4079
4 3116 3522 3511 4033
4 2715 4172 2657 4299
4 2740 2874 3550 3712
4 2699 2581 3688 4000
4 3249 3440 107 4160
4 2349 2327 2326 3671
4 2824 3445 3129 4627
4 2904 3249 3107 3440
4 3688 3872 2699 4000
4 3379 3653 266 4037
4 3072 3661 3231 4162
4 251 2593 3710 3881
4 598 3157 596 4412
4 2626 3335 3902 4579
4 2711 3416 2945 4191
4 204 2984 3537 4500
4 1762 1752 1751 4167
4 2454 2439 3613 3832
4 1674 1675 1667 3655
4 2260 3153 2259 3856
4 2494 3156 2492 3191
4 445 3628 3382 4447
4 3715 4166 2911 4388
4 2958 3555 2717 4339
4 1667 1666 1674 3655
4 2888 3285 3239 4422
4 2621 4157 3758 4171
4 2918 3819 3608 4645
4 2798 2881 3610 4315
4 2501 1361 2502 3912
4 281 280 3596 3631
4 358 343 341 4099
4 3523 3804 3272 4647
4 3324 3823 3103 4376
4 1556 1517 1520 3576
4 3146 4115 3627 4641
4 3267 3268 3049 3750
4 3126 3309 2956 4477
4 3023 2830 3758 3792
4 2356 2357 2349 3672
4 2457 2446 2459 3410
4 1851 1840 4098 4477
4 2632 3958 3037 4287
4 2731 2868 3269 3454
4 2640 2853 2778 4766
4 2806 2939 2756 3936
4 1380 1376 1381 3880
4 2400 2399 1359 3241
4 2824 3975 3063 4582
4 2784 3701 3372 4026
4 982 3304 3059 3863
4 1198 3148 1199 3926
4 3152 2654 3357 4802
4 2635 2759 2813 3257
4 1925 1938 3256 3257
4 397 3259 422 4410
4 4141 4177 3210 4180
4 3041 2682 4327 4593
4 2704 3690 3396 4111
4 2831 3181 3025 3349
4 2581 3688 3459 3736
4 3010 3121 3902 4505
4 3071 4429 4116 4696
4 2685 4383 3127 4465
4 2793 3155 2876 3251
4 1594 3000 1588 4452
4 2760 3906 3335 4579
4 2628 3888 3521 4588
4 3102 3101 3503 4263
4 2621 3758 4157 4255
4 2577 2605 2740 3316
4 2573 3003 3325 4213
4 3066 3689 3261 3690
4 2976 2805 3534 3695
4 253 3881 3440 4087
4 3134 3732 2782 3760
4 2626 3656 3573 4710
4 2830 3573 3062 3758
4 3511 4594 4033 4692
4 2662 2883 3348 4567
4 2770 3590 3588 3722
4 2707 3381 3265 3579
4 3017 3622 3327 4302
4 2264 2291 2128 3865
4 2161 3353 2162 4773
4 1835 1832 1836 4632
4 2650 2783 3296 4550
4 501 502 3068 3286
4 2568 3107 3249 4397
4 1033 3864 1032 4793
4 1383 1388 676 3871
4 2640 2853 2905 4834
4 2145 3865 3746 4490
4 3369 3914 2983 4219
4 2847 2720 3044 3940
4 3263 3596 2812 4533
4 503 513 3168 4173
4 3804 3837 1553 4133
4 2574 3107 2966 3234
4 2966 3107 3660 4156
4 2691 2795 3147 3648
4 3075 4067 419 4576
4 2803 2896 4049 4434
4 3386 3567 2751 4262
4 2181 2431 2432 4724
4 1982 1962 1977 3586
4 3357 2749 3736 4367
4 2095 3370 2094 4436
4 2674 3125 2971 4813
4 3066 3261 2774 3690
4 2824 3675 3476 4582
4 3736 4060 2620 4634
4 2841 2754 3086 3110
4 2716 3933 2840 4787
4 2902 4442 3413 4456
4 1963 1964 1958 3254
4 3112 3255 2563 4126
4 750 749 741 4034
4 2596 3550 2618 3852
4 2699 3931 3294 4396
4 2738 3792 3742 4026
4 121 113 2684 3483
4 3221 3874 3401 3969
4 2142 3353 2161 4773
4 2750 2820 3253 3662
4 618 3752 3502 4762
4 3309 3126 4411 4477
4 1521 2549 2550 3576
4 2952 4175 3808 4657
4 698 3137 684 4738
4 3024 3655 4272 4372
4 2212 2242 2243 3621
4 3161 4022 3601 4680
4 766 750 751 4034
4 1587 3199 4452 4615
4 3296 4550 2857 4788
4 955 3959 974 4218
4 2649 3901 3692 4475
4 3172 2941 4275 4787
4 2923 2814 3843 4145
4 3242 3593 3973 4462
4 2145 3306 2294 3746
4 2607 3212 3658 3742
4 3127 4383 3062 4694
4 2824 3949 2667 4616
4 1103 3534 1104 4810
4 3099 4094 3387 4356
4 1003 4206 4134 4821
4 4395 4455 3424 4799
4 3396 3690 2774 4111
4 711 710 702 3239
4 2886 3707 199 4752
4 2626 3175 3885 4833
4 2745 2980 2801 3474
4 2721 3819 3453 3834
4 2738 3758 3023 4164
4 3260 3439 2879 4108
4 2947 2707 3467 4594
4 840 3261 841 4061
4 2650 3053 3808 4592
4 3619 4168 3666 4736
4 3381 3091 3694 4105
4 3310 3313 456 3628
4 2784 2962 3216 4167
4 1079 3354 3312 4344
4 2747 4353 3888 4608
4 2626 4710 3902 4737
4 2661 3223 3691 4384
4 2136 3620 2112 4618
4 924 923 933 4684
4 3823 4376 4271 4674
4 840 861 3261 4061
4 1053 1051 1052 3965
4 902 897 3198 3928
4 2635 3243 3723 4408
4 2888 3963 3371 4558
4 1563 1676 1668 3837
4 351 350 3130 3478
4 2035 2052 2036 3248
4 2889 3637 3184 3869
4 3329 3463 2826 3708
4 506 3641 516 3735
4 2019 2018 3510 4159
4 441 440 4598 4599
4 2603 3101 4263 4473
4 2656 3425 3601 3720
4 486 485 478 3289
4 1354 1352 1351 4245
4 3376 3774 3531 4474
4 1059 1060 1061 3969
4 2895 2943 3609 4146
4 3619 3885 3812 4736
4 275 274 3388 3596
4 2869 3108 2750 3759
4 2777 2999 2916 3724
4 2625 2929 3012 3560
4 2607 3015 3767 4754
4 869 751 743 4034
4 2833 3738 3515 4032
4 170 197 3146 4115
4 1783 3842 1781 3843
4 3212 3812 2700 4403
4 2895 2696 3863 4335
4 2005 1908 1907 3383
4 3853 4699 3052 4750
4 105 3380 2886 4650
4 3070 4291 3988 4757
4 2355 2356 3671 4305
4 2780 3049 2690 3663
4 1064 3874 1090 4793
4 2684 3079 3078 4330
4 3380 3706 2886 4699
4 2576 4193 3217 4445
4 2350 2358 2421 3672
4 3435 3889 3276 3931
4 3554 4021 2894 4503
4 1231 1233 1232 3484
4 243 256 170 3627
4 818 3275 816 3297
4 2522 3565 2528 4583
4 1404 1403 1397 4826
4 3629 3708 2752 4786
4 2767 3771 2877 4138
4 1942 3118 1935 4406
4 253 4087 3440 4659
4 3122 4049 2662 4432
4 2596 3574 3459 3688
4 3172 4275 3499 4787
4 2578 3054 2986 3506
4 2899 4217 3887 4566
4 2614 3753 3467 4413
4 3048 3198 3013 3928
4 3152 3357 2654 4413
4 3601 3720 3425 4712
4 2911 3743 3333 4026
4 2537 4097 3565 4394
4 2584 3405 2640 3979
4 3040 3406 3025 4231
4 2916 2777 3170 3698
4 2905 3093 2727 4834
4 2687 2844 3542 3543
4 2203 2225 3820 4257
4 2347 2325 2324 3671
4 3070 3591 3988 4291
4 2873 4477 3868 4478
4 2909 3674 2818 3679
4 2651 2877 3669 4138
4 906 903 900 3568
4 2035 2051 2052 3248
4 390 3597 414 3976
4 1155 1154 1163 4373
4 2619 3220 3535 3913
4 2686 3115 3104 3858
4 1013 3756 3727 3969
4 3327 2918 4046 4645
4 1353 1355 1335 1340
4 2786 3111 2943 3684
4 2633 2892 3167 4717
4 3172 3936 2939 4370
4 1125 3609 3836 4146
4 2597 3398 4596 4628
4 3031 3207 2693 3779
4 3102 4151 3101 4263
4 358 370 371 4703
4 3014 2930 3752 4412
4 1057 1055 1056 3969
4 3517 3629 3265 4461
4 2067 3172 2069 4275
4 3472 3793 2895 4483
4 3021 4177 1758 4182
4 2681 3605 3680 4519
4 3106 3550 2740 4715
4 2522 3699 3565 4583
4 1462 3475 1471 3687
4 3591 3950 3005 3960
4 1799 4141 3210 4180
4 2582 3943 3385 4408
4 134 234 3917 4254
4 2512 2935 3207 3662
4 2837 3029 95 4840
4 436 3606 3454 4816
4 2614 3381 3815 4488
4 2506 2509 3565 3662
4 3535 3887 2899 4068
4 2900 3045 3435 4808
4 697 3585 696 4288
4 2228 4129 3533 4846
4 2716 3493 3936 4260
4 1023 3312 1022 4821
4 2675 3725 3235 4155
4 3931 3934 2802 4363
4 903 3198 900 3568
4 2499 1906 2497 3623
4 256 3627 265 3710
4 1399 4084 3633 4221
4 150 3776 3578 4230
4 2618 3403 2661 3691
4 3265 3629 2788 4268
4 2586 3970 4053 4199
4 2515 2512 4201 4420
4 2846 2874 2661 3550
4 2984 3917 225 4254
4 3009 3841 3812 4372
4 2680 3318 2698 3983
4 2943 3684 3111 4421
4 2944 3834 3453 4712
4 2717 3555 3206 4339
4 2639 3104 2585 3378
4 3439 2574 4160 4758
4 2620 3934 3931 4363
4 2788 3694 3381 4090
4 255 3182 3398 4125
4 246 86 2837 3292
4 2830 3573 3212 3812
4 2877 3075 2762 3382
4 2605 2680 2874 3316
4 1170 1171 4149 4673
4 1628 1629 1529 3837
4 511 503 513 3168
4 2790 3189 2846 3734
4 1798 4177 4141 4180
4 2441 2187 3277 3956
4 2663 3591 3705 4352
4 3204 4064 2820 4626
4 2606 3881 2705 4019
4 3103 2889 3637 4611
4 978 977 994 3727
4 3386 3754 2889 4124
4 2879 3439 2574 4160
4 3246 3247 4525 4526
4 3090 3293 2575 4328
4 1453 3318 1449 4290
4 186 3255 3112 4126
4 2573 3325 3789 4006
4 1556 1555 1517 3699
4 1874 1876 1873 3414
4 3019 3210 2718 4181
4 2619 3652 3535 4519
4 2582 3470 4682 4699
4 1133 1136 1042 3264
4 767 4031 3411 4034
4 2610 3887 4068 4267
4 792 4720 785 4792
4 2612 3574 2596 3688
4 2663 3705 3591 3988
4 2206 3419 1219 3925
4 2423 2366 2426 3777
4 1105 1104 1096 4016
4 2815 3179 2998 4602
4 72 3951 101 4126
4 2643 2839 2825 3218
4 301 312 300 4289
4 3031 3779 2693 4675
4 2565 3038 2984 3917
4 1101 1093 1102 4463
4 3324 2850 4041 4742
4 2105 3865 3353 4129
4 1107 1106 1098 4016
4 2583 3036 3358 4039
4 3511 4292 4594 4692
4 3556 4098 3210 4141
4 475 476 478 3991
4 3067 3068 501 3641
4 2333 2240 2239 3166
4 2541 2537 2536 4394
4 2746 3973 3242 4123
4 564 3141 3641 3932
4 3236 3656 2830 4062
4 3021 4141 4113 4177
4 2618 2792 2735 4828
4 2865 2690 3048 3193
4 2761 3229 2831 4023
4 2656 3375 3491 4844
4 977 993 994 3727
4 2902 4299 3402 4378
4 2754 3110 2913 3709
4 2685 3403 3236 3691
4 2670 2758 2647 3385
4 3255 3642 3112 4020
4 2696 2993 3391 3750
4 2833 4404 3297 4624
4 3622 4598 3017 4599
4 81 3271 3090 3970
4 2721 3091 3553 3834
4 2700 3619 3868 3885
4 1472 1474 1469 2985
4 2717 3206 3658 4076
4 649 625 3502 3518
4 1572 1443 3699 3892
4 682 680 4055 4288
4 927 4447 918 4731
4 3139 2584 4212 4561
4 2850 3324 4041 4258
4 2633 2892 3652 3771
4 1253 1245 3945 4714
4 3201 3473 2887 4270
4 2726 3500 4198 4334
4 2715 2657 3480 4216
4 2212 2243 2213 3818
4 139 3580 3379 3683
4 3013 2713 3399 3478
4 266 3379 160 3653
4 1799 1798 4141 4180
4 1232 1230 1231 3484
4 2569 3151 2922 3776
4 3476 3513 2703 3514
4 1173 1172 1164 3615
4 567 3932 3330 4336
4 3199 4277 3000 4465
4 3608 3819 3167 4645
4 3042 3566 144 4700
4 2905 2727 3625 4834
4 2855 3076 2968 4362
4 113 116 2578 3483
4 3335 3902 3121 4505
4 3372 4026 3113 4166
4 198 3112 186 4324
4 2752 3517 3157 3946
4 3175 3336 3233 4240
4 2655 4268 3950 4461
4 2783 4535 3296 4550
4 2948 3357 2709 4367
4 3174 4174 3955 4562
4 3372 1610 4031 4388
4 2823 2840 3280 4510
4 3810 4226 708 4603
4 2845 3131 2713 3478
4 511 3168 513 3429
4 2843 2815 3136 4602
4 2827 3226 2753 3521
4 4264 4445 3102 4590
4 3376 4244 3058 4343
4 1176 1175 1167 4584
4 228 2961 4142 4622
4 2610 3754 4124 4757
4 3008 3578 150 4497
4 2760 3266 3685 4240
4 2402 2384 2401 3896
4 171 3368 3321 4035
4 3744 3898 3020 4199
4 1227 1229 1228 3484
4 2788 3694 2963 4259
4 819 3581 3275 3848
4 1725 1727 4027 4190
4 1425 1416 1426 4341
4 1750 1757 3209 4182
4 3667 3713 2678 4170
4 2882 4066 2999 4528
4 3279 3441 406 4398
4 3727 3756 3097 3969
4 3086 3232 2997 4003
4 506 3449 3441 3735
4 2292 2282 3155 4079
4 2191 3280 2190 3920
4 2894 3300 2972 3598
4 2783 3695 3100 4306
4 3116 2977 4109 4623
4 3535 3887 3036 4405
4 1027 798 3163 4790
4 3303 4344 3227 4821
4 1835 1828 1832 4632
4 3103 3511 3324 4376
4 2835 3067 2847 4775
4 2650 4550 3296 4788
4 2539 2540 4119 4354
4 3021 3004 4085 4182
4 2657 4216 2715 4299
4 1006 3959 3303 4821
4 836 3643 3838 4409
4 2830 3212 3792 3812
4 2148 2132 4040 4089
4 2575 3008 3461 3961
4 2818 2906 3633 4049
4 2673 3394 3933 4569
4 3652 3771 2892 4138
4 1081 1073 1082 3227
4 2870 3344 2600 4575
4 482 930 472 4186
4 2947 3095 3467 3982
4 2059 2061 2062 4464
4 108 3917 3978 4254
4 2835 3005 3708 3796
4 3010 3343 3719 4796
4 2733 3885 3233 4143
4 2625 2638 2884 3012
4 3019 4085 3021 4113
4 2708 4062 3236 4465
4 2606 3881 4019 4087
4 3247 3921 3459 4045
4 1265 1264 4013 4771
4 1804 1805 3770 4830
4 2840 3410 2856 4260
4 3219 3503 3220 4687
4 2493 1890 1879 4183
4 3514 3840 3116 4623
4 2771 2872 2627 3626
4 573 3458 3141 4559
4 3239 2934 3738 4446
4 1743 4227 4329 4441
4 459 3445 469 4705
4 3355 3356 2888 4422
4 2503 2522 2500 4551
4 1714 1762 1683 4167
4 2641 3381 3694 4090
4 702 701 3515 3810
4 2956 2718 3210 4181
4 1683 1643 1714 4167
4 3209 3210 4177 4180
4 1515 1518 3699 4583
4 2751 3396 3386 4451
4 2573 4053 3003 4213
4 2852 3082 2829 4198
4 917 4104 3859 4265
4 1973 3211 1974 4795
4 4051 4383 3010 4384
4 2806 2903 2756 2939
4 346 357 342 3080
4 2671 3877 2995 4605
4 3335 4710 4051 4737
4 3255 3952 2563 4126
4 2715 4009 3122 4216
4 2718 3551 2962 4076
4 2617 3158 2572 4593
4 2715 4216 3122 4299
4 2896 3633 3200 3846
4 3855 4353 2744 4778
4 2794 3326 3313 4599
4 3111 3684 3664 3957
4 1753 3412 1754 3803
4 443 3628 3313 4067
4 3004 3879 3697 4528
4 2381 3323 2380 3465
4 3580 3683 2904 4659
4 2158 3920 2175 4113
4 3285 3513 2977 4623
4 2696 3855 3793 3979
4 1628 3837 3069 4320
4 930 921 472 4186
4 2583 3036 3088 3535
4 2794 2681 3457 4662
4 3141 3932 568 4681
4 116 113 2578 3079
4 3523 4465 3199 4666
4 2603 3122 3402 4690
4 2762 3651 3176 3913
4 338 346 3802 4140
4 3021 3209 4182 4548
4 3100 3354 2805 3534
4 1555 3699 1556 4074
4 3968 4006 3150 4713
4 1165 1173 3615 3957
4 2722 3141 2932 3973
4 2571 3707 4115 4641
4 3121 3870 2591 4012
4 2784 3216 2962 3766
4 1724 1726 1767 4027
4 3500 3528 3501 4619
4 2703 3285 3738 4623
4 3485 3489 2963 4259
4 2503 3074 2522 4551
4 2749 2620 2910 3357
4 2599 3668 3055 4264
4 856 857 858 3848
4 2763 2848 3337 4092
4 3162 3790 3684 4169
4 1742 1743 3505 4329
4 2001 4070 1994 4071
4 3453 3819 3553 3834
4 2662 2946 3348 4049
4 3645 4122 2756 4342
4 1042 1126 1133 3264
4 3268 3750 3391 3859
4 3274 3485 2641 3834
4 3619 3658 3212 4403
4 2190 2175 3920 4113
4 1655 1656 3366 3614
4 3445 3675 2824 3975
4 1802 1819 2431 4178
4 2811 2953 2667 3949
4 2903 4342 2857 4788
4 2703 3840 3514 4623
4 459 4346 3445 4705
4 907 914 915 3919
4 2674 2611 3125 4396
4 2950 3464 3073 3618
4 2694 3610 3219 4203
4 239 3150 70 3292
4 83 3531 3376 3774
4 2619 3176 3651 3913
4 132 3801 235 4448
4 2919 3606 3454 4538
4 2587 3563 3398 3791
4 2681 2794 3326 4491
4 3161 3529 2592 4002
4 3661 4258 3324 4386
4 684 3137 698 4288
4 2760 3233 3092 3666
4 1655 1663 1656 3614
4 2228 3533 2230 4846
4 3426 4352 4174 4620
4 2783 2650 2952 4175
4 3161 4001 3489 4680
4 1673 3701 3009 4235
4 2916 3360 3930 4008
4 2877 3399 2767 4321
4 2504 3046 2505 3662
4 2619 3535 2967 4519
4 2594 2851 2638 4316
4 1388 675 676 3424
4 1104 3534 3354 4016
4 2656 3491 2622 3721
4 2963 4052 3485 4611
4 2428 2413 2410 4010
4 2385 2384 2402 3896
4 615 3763 623 3871
4 70 3292 3150 3968
4 2847 3279 3067 3286
4 3139 4212 2584 4282
4 3413 4222 2978 4237
4 2715 3214 2909 3679
4 3056 2832 3481 4377
4 3285 3738 2934 4446
4 1475 3076 1474 4101
4 3059 3290 957 4080
4 886 870 871 4061
4 2626 3902 3335 4737
4 821 822 3581 3848
4 542 3208 536 4189
4 2897 3401 3248 3415
4 3449 3700 2913 3735
4 406 3449 504 4398
4 2644 3266 3389 4651
4 3531 3774 2917 4474
4 1011 1028 1029 3965
4 843 835 844 3838
4 2750 3565 3253 3779
4 3107 3660 2590 3718
4 2810 3343 3992 4384
4 2345 3165 2346 4118
4 2125 2142 2123 4436
4 957 975 956 3059
4 3646 3887 3301 4385
4 779 773 780 4196
4 2608 4092 2848 4450
4 870 869 861 4061
4 3375 3491 2801 4487
4 3411 4031 1610 4388
4 3154 3155 2793 4079
4 3119 2827 3415 4256
4 358 371 359 4703
4 599 3157 598 3799
4 4220 4605 2995 4619
4 2864 3668 3394 4755
4 2826 3973 3462 4661
4 2608 3428 4092 4450
4 2485 2492 3156 4552
4 2768 3494 2767 4361
4 1092 868 3972 4625
4 2035 3248 2034 4424
4 3285 4102 3513 4623
4 2694 3524 3219 3610
4 3324 4041 3511 4742
4 262 125 242 3440
4 2843 3136 2815 4523
4 2900 2923 2814 3569
4 872 871 863 4061
4 2636 3996 3413 4237
4 2950 3073 2796 3618
4 2599 3493 3055 3668
4 3105 3608 2918 3937
4 484 483 474 3749
4 2585 3816 2639 4092
4 1091 4597 1066 4793
4 1031 1061 1032 3969
4 218 3006 230 3566
4 3092 3233 2733 3666
4 3524 3963 2916 4698
4 657 3502 658 4221
4 1392 677 1393 3846
4 2692 3046 2820 4064
4 2432 2182 2181 4724
4 2740 3550 3106 3712
4 3307 3548 3026 4375
4 2477 3278 2475 3678
4 3325 4212 2584 4561
4 2650 3296 3053 3748
4 1658 1657 1665 3841
4 1187 1189 1188 4013
4 2797 2719 3183 3505
4 3056 4402 4012 4796
4 3492 4284 1805 4830
4 2981 3155 3490 4311
4 2709 2808 3357 4725
4 2930 2752 3451 4412
4 2635 3452 2647 4516
4 2790 2846 2680 3317
4 3072 4162 2746 4262
4 1191 1265 1264 4013
4 1073 1074 1082 3227
4 2503 3662 3074 4018
4 1012 1011 1029 3965
4 3281 3841 3009 4235
4 881 880 3422 3443
4 3492 3556 1824 4284
4 565 564 3068 3932
4 558 557 3431 3640
4 3072 3231 3661 4643
4 2703 3738 3285 4422
4 2572 3158 2617 3794
4 2622 3491 2724 3721
4 2641 3485 3823 4611
4 3017 2919 3811 4538
4 3175 3915 3336 4364
4 1850 1851 4411 4477
4 2563 3526 2917 4474
4 2711 3861 3392 4083
4 2840 3933 3493 4510
4 3601 3676 3375 4844
4 973 3959 3303 4218
4 2806 3230 2939 4544
4 2842 3452 2658 4094
4 2703 3513 3476 4102
4 2856 3098 2732 4228
4 2924 3476 4102 4676
4 3409 3609 3169 3793
4 1663 1664 1656 3614
4 2811 2894 2667 4588
4 2708 3804 4426 4428
4 2021 2031 4011 4231
4 2650 4198 3082 4788
4 2573 3789 3968 4006
4 443 4067 3313 4599
4 3044 3197 2720 4191
4 634 3332 670 4419
4 3402 3638 3122 4566
4 1039 1040 1048 4344
4 2987 2907 3607 3931
4 432 420 3075 4067
4 2621 4255 4377 4380
4 2595 3539 3307 3813
4 2642 3669 2741 4361
4 3005 3796 2835 4775
4 1116 3775 4463 4464
4 3174 2614 3579 3944
4 3396 3702 2751 4267
4 711 3689 3239 4014
4 2967 4068 2610 4124
4 650 626 627 4161
4 514 510 513 3429
4 1474 2985 3287 3687
4 307 306 304 3549
4 1534 1644 3497 4428
4 2824 3675 3445 3876
4 2450 2443 2444 4236
4 2594 2678 2851 4316
4 3184 4462 2746 4763
4 2835 3711 2908 4759
4 1190 3341 1264 4845
4 225 3917 234 4254
4 3861 3960 3392 3988
4 1676 3837 3395 4133
4 1443 3074 3699 3892
4 3211 4770 3117 4795
4 2893 3384 3565 3779
4 2712 3007 2872 3254
4 2610 3301 3242 3392
4 3220 3913 3219 4687
4 3389 3703 2591 4077
4 459 3975 3445 4346
4 2641 3522 3381 4090
4 1661 1662 1654 3614
4 2727 3878 2625 4120
4 3634 4630 3527 4799
4 704 619 613 3752
4 3312 3354 3100 4344
4 3196 3446 2770 4030
4 2738 3743 3420 4164
4 186 3112 172 4324
4 4055 4207 682 4288
4 2762 3584 2794 3651
4 419 3075 420 4067
4 2754 3177 3060 3178
4 1806 3556 3210 4141
4 3108 4064 2935 4365
4 2791 2956 4181 4339
4 531 524 4189 4209
4 2856 3410 3278 3905
4 787 3123 788 4195
4 1053 1028 1027 3965
4 2197 1210 3914 4219
4 3996 4197 3243 4237
4 2576 3706 3320 4590
4 2601 3469 3260 3966
4 2855 3682 2968 4137
4 3298 3971 4135 4725
4 3309 4098 2956 4477
4 3247 3246 3921 4526
4 2587 3745 3307 3791
4 2681 2977 3605 4103
4 1096 3354 3100 4016
4 1683 4167 1682 4672
4 591 589 4154 4389
4 3117 3211 2828 3722
4 618 626 617 4762
4 2567 3539 3020 4656
4 642 643 641 3332
4 2164 3746 3203 4490
4 2573 3789 3325 4117
4 726 728 3095 4368
4 3274 3680 3605 4482
4 613 696 704 3752
4 3614 4416 1661 4428
4 747 746 3602 3942
4 2731 3557 2868 4078
4 2715 3214 2906 4119
4 3119 3422 4392 4818
4 2635 2769 2842 3257
4 3009 4372 3812 4403
4 902 3382 446 3928
4 767 3262 4031 4034
4 3045 1827 3770 4178
4 1464 1478 1477 3559
4 1727 3775 2057 4764
4 2619 3535 3220 4473
4 3355 2888 4014 4422
4 792 785 784 4792
4 2303 2331 2329 3466
4 2732 3600 3192 3623
4 3640 4295 3845 4695
4 2711 3392 3988 4083
4 719 3993 3689 4034
4 2802 3786 3315 4143
4 2665 2600 3344 4575
4 2770 2901 3590 4069
4 2657 3122 3402 3638
4 1307 1290 1291 4512
4 1486 662 3427 3464
4 3114 4111 3690 4600
4 1666 1658 1665 3841
4 3103 4258 3324 4742
4 2743 2848 2604 3496
4 1461 1453 1463 4290
4 1913 1893 1891 4515
4 3030 3597 3454 4797
4 3103 3324 3511 4742
4 3060 3177 2875 3178
4 2094 2064 2096 3499
4 2894 3144 2972 3888
4 3053 3296 2595 3748
4 3312 3354 1078 4148
4 146 3247 2986 4045
4 2136 2135 3490 4618
4 2259 3153 2253 4553
4 3056 3393 4380 4387
4 272 273 274 4533
4 2496 2498 2499 3191
4 1860 1850 3126 3866
4 246 86 73 2837
4 1726 1768 1767 4027
4 2094 2062 2064 3499
4 2862 3102 2989 3539
4 3235 4212 3725 4278
4 241 3683 139 4659
4 2614 3579 3381 4488
4 3219 3503 2777 3524
4 324 339 337 3954
4 2649 3230 2860 4374
4 3324 3511 2934 4271
4 2619 4267 4111 4519
4 3004 3879 2673 4085
4 2715 2906 3527 4119
4 2715 3527 2906 4009
4 698 699 4603 4738
4 3026 2595 3296 3748
4 2744 3027 3401 4778
4 165 3008 152 3657
4 3690 3963 3114 4581
4 619 3752 3072 4161
4 2568 3249 3234 4397
4 3076 3287 3223 3687
4 217 223 3438 3765
4 2394 2392 2393 4245
4 2633 2980 3034 3771
4 2202 2218 2313 3716
4 2158 4435 3920 4679
4 2314 2315 2296 3716
4 1594 3507 3076 3929
4 392 413 383 3622
4 3159 3977 991 4554
4 2614 3579 4513 4514
4 2216 3149 2200 4502
4 2957 2990 2725 4475
4 1705 1731 1706 3842
4 3890 4530 2600 4740
4 3697 3879 2882 4528
4 2608 4212 2675 4278
4 1474 1472 1811 2985
4 1031 1014 1013 3969
4 3458 4153 2819 4455
4 248 3150 239 3292
4 2608 2848 4278 4450
4 3574 3736 2612 4364
4 461 472 462 3300
4 2505 3046 3185 3662
4 1988 1987 3007 3342
4 1057 1030 1029 3969
4 3194 4392 2910 4818
4 3573 3812 2626 4736
4 4116 4429 3071 4624
4 3068 3708 2826 3796
4 2706 3109 3272 4293
4 2888 3360 3261 3963
4 3546 4144 2593 4596
4 2629 2730 2858 2914
4 2906 3214 3679 4354
4 1134 1133 1128 4373
4 4009 4049 3122 4217
4 2832 3243 2576 4445
4 2607 3015 3555 4237
4 248 3789 3292 3883
4 2756 2668 3645 4342
4 1791 1784 1785 4180
4 2744 3027 2863 3097
4 2994 3993 3810 4617
4 3070 3529 3705 4291
4 2647 3469 3468 4147
4 3265 3517 3516 4692
4 2702 3538 3832 3833
4 3100 3354 1096 4344
4 3049 3750 3268 3859
4 3513 4102 3285 4103
4 94 3951 3545 4474
4 2587 3146 3398 3546
4 320 308 3474 4270
4 3010 4505 3343 4796
4 2812 3331 3263 4533
4 3236 4277 2708 4465
4 1775 1774 3209 3314
4 1523 2551 1528 4214
4 3230 3238 2806 3533
4 3127 3682 2621 4249
4 2902 2832 3413 4377
4 3109 3552 3272 4293
4 1388 1383 1382 3871
4 2649 2806 3768 3936
4 872 3698 871 4061
4 764 748 749 4388
4 2784 3216 3009 4167
4 2746 3283 2964 4123
4 432 3075 420 3737
4 2631 3898 3669 3899
4 1689 882 881 4392
4 2137 3155 2136 3490
4 2597 2594 3291 4605
4 1007 3227 3959 4554
4 1707 3119 1706 3842
4 233 3188 3765 4701
4 3146 3546 2587 3847
4 2899 3535 3088 4405
4 2158 2139 4435 4679
4 2768 3669 2767 3771
4 118 130 3506 3941
4 2153 3490 3362 4210
4 3971 4135 2910 4800
4 2243 2242 3251 3621
4 3070 3705 3591 4291
4 461 471 472 3300
4 3709 4395 3110 4455
4 2592 3592 3489 4259
4 2903 3148 2739 4788
4 405 398 3279 4398
4 1436 3043 1430 3740
4 3633 3846 2896 4221
4 3517 4292 3516 4692
4 2445 2192 2193 3636
4 3189 4277 3691 4452
4 204 3537 211 4500
4 3467 4033 3095 4594
4 1013 1030 1031 3969
4 2476 2468 2467 4093
4 1513 1516 1517 3699
4 3038 3347 2984 3917
4 1064 1062 1090 3874
4 1063 1061 1062 3221
4 2081 1740 2106 3842
4 3017 3457 3327 3622
4 1097 4016 1096 4344
4 2569 3776 3578 3916
4 1864 1875 1865 3751
4 2993 3863 3391 4080
4 2824 3445 3975 4587
4 184 186 3642 3654
4 3010 3902 3335 4505
4 2656 3720 2807 3857
4 2898 3047 3046 3912
4 2619 2967 4267 4519
4 3557 3815 2871 4488
4 406 504 405 4398
4 2944 3601 3453 4680
4 747 762 746 3942
4 2664 3263 3089 4152
4 2895 2943 2695 4483
4 2683 3815 3816 4536
4 1023 1039 3312 4344
4 3493 3933 3668 4569
4 3356 2888 4102 4581
4 750 741 742 4034
4 2035 1110 3415 4204
4 2623 4365 3108 4366
4 1913 1914 1893 3891
4 2774 3262 3261 4034
4 2680 2874 3316 3318
4 271 242 107 3249
4 1217 1201 1202 4149
4 3134 3536 2816 3580
4 2940 3499 3120 4787
4 1027 3163 1051 3965
4 2783 2952 3303 3959
4 3557 3717 2868 4078
4 2994 3602 3066 4617
4 2679 2864 2805 4755
4 199 2886 188 3707
4 1062 1089 1090 3874
4 3036 4039 3526 4229
4 2748 3835 2954 4351
4 2531 3214 2533 3552
4 2605 4360 3340 4848
4 2591 3343 3344 3703
4 1885 1873 1876 3564
4 2723 2870 2600 4575
4 3454 3606 2919 4816
4 2633 3652 2892 4717
4 3021 4027 3302 4085
4 846 3972 847 4625
4 2860 2931 2649 4374
4 2564 3688 3459 4045
4 1693 3696 886 4629
4 2992 3263 3089 3331
4 2909 3679 3552 4214
4 2613 3235 4334 4350
4 3037 3875 4012 4574
4 1638 3372 1640 4672
4 2909 3837 3272 4164
4 109 204 211 4500
4 2833 4116 3515 4345
4 3075 3382 432 4067
4 2574 3469 2966 3966
4 3037 3389 2591 4077
4 109 103 204 4500
4 3294 4396 2907 4813
4 2934 4041 3810 4603
4 2922 3789 4006 4037
4 2614 3717 3557 3815
4 2698 4184 3677 4695
4 1160 3664 1150 3790
4 3380 3707 3706 4699
4 2379 2380 2372 3323
4 1851 4098 3309 4477
4 2865 3048 3013 3928
4 3440 4160 2574 4758
4 3116 3514 2871 3840
4 2722 3392 3861 3960
4 2503 2502 3662 4018
4 2890 3988 4291 4757
4 715 4226 716 4617
4 2660 4382 3296 4687
4 743 861 869 4034
4 2075 2051 4424 4838
4 2800 3070 3529 3794
4 696 4511 3752 4809
4 3304 3864 984 4146
4 767 3411 766 4034
4 2656 3491 2724 3824
4 2745 3819 3601 4022
4 3153 4439 2793 4495
4 3131 3478 2845 3976
4 1133 1162 1136 3264
4 2832 3413 3243 4456
4 2903 2857 3419 4788
4 2824 3160 3949 4616
4 251 2593 3881 3882
4 3209 3492 3210 4180
4 2648 2672 2955 3002
4 3176 3913 2651 4138
4 2863 3863 2696 4335
4 2791 2956 3309 4098
4 3156 3191 2494 4356
4 2847 3067 2835 3286
4 1127 3169 1137 3609
4 2837 3182 4125 4484
4 1460 1471 1462 3475
4 2657 3402 3367 3997
4 2591 3343 3389 4505
4 1588 1594 1595 3507
4 698 3585 4288 4603
4 2513 2509 2512 3207
4 3061 3656 3236 4062
4 3284 4541 2869 4575
4 714 3231 713 4319
4 3327 3457 2681 4662
4 2944 4259 4001 4680
4 2922 3379 3849 4037
4 2801 3375 2745 4844
4 1393 677 679 3846
4 2634 3498 3134 4524
4 1790 1783 1781 3569
4 1594 3000 3076 3507
4 3239 3738 3285 4446
4 4345 4624 3071 4779
4 1093 1094 1102 4463
4 3603 4558 4351 4676
4 1128 3609 3111 3836
4 2722 3392 3242 4485
4 2254 2248 4439 4495
4 262 125 3440 4160
4 223 231 3438 3952
4 2647 3254 2712 4507
4 2901 3590 3092 3666
4 2963 3489 3485 4052
4 3310 3749 2924 4100
4 1012 3965 3727 4790
4 3453 3834 3553 4712
4 3356 4581 4102 4676
4 3439 3710 265 4595
4 793 3643 792 4792
4 163 3683 3506 4431
4 2651 3669 3898 3899
4 3931 4060 2776 4247
4 2827 3119 2753 3226
4 1770 3314 1782 4665
4 2832 3145 3367 4449
4 1096 1097 1105 4016
4 148 3921 3578 4527
4 1141 1181 1182 3409
4 171 179 3321 3368
4 213 3188 2984 3368
4 3413 4442 2607 4456
4 3151 3855 3133 4285
4 2798 3303 3695 4306
4 3328 3451 581 4154
4 3214 3576 2531 4097
4 2252 2253 4439 4553
4 2903 3016 2739 3148
4 2912 3237 4652 4688
4 216 3762 2588 4635
4 2748 3129 4056 4627
4 3501 4170 3003 4334
4 2859 3048 2690 3049
4 596 3157 599 4055
4 2606 2904 4087 4418
4 2916 3360 3261 4061
4 1362 4088 3430 4642
4 2598 3788 3541 4522
4 2577 3006 3340 4360
4 3079 3471 114 3943
4 2901 3092 2733 3666
4 2614 3717 3815 3816
4 948 3391 933 4684
4 1462 3687 1593 3734
4 2781 2836 3202 3299
4 3292 3789 2573 4751
4 182 184 3642 4546
4 2827 3401 3027 4778
4 2700 3619 3658 3868
4 129 2886 188 3978
4 286 3549 3495 3631
4 2590 3294 4156 4401
4 3294 3931 2776 4813
4 3236 2830 3656 4710
4 3023 3395 3069 3837
4 564 3141 566 3641
4 3358 3535 3176 4609
4 473 3675 470 4591
4 2708 3061 4428 4827
4 2274 2226 2228 4129
4 374 4046 3608 4140
4 2590 3498 3294 4401
4 3605 3680 4386 4482
4 1828 3045 1827 3770
4 3353 3865 2105 4490
4 2326 2348 2349 3671
4 3626 3704 2627 4081
4 1045 1070 1069 4206
4 118 2578 116 3483
4 2714 4151 3767 4442
4 2651 2877 2865 3013
4 2768 2676 2992 3089
4 3187 3646 3036 3887
4 2811 2894 3554 4021
4 1638 1609 1610 3372
4 637 639 638 3900
4 2485 2492 2494 3156
4 2984 3368 2565 4254
4 1780 3302 1787 4177
4 1343 2384 2385 4128
4 3329 3330 3068 3932
4 3553 3694 2944 3834
4 1467 1468 1479 4043
4 2830 3758 3062 4062
4 457 3628 445 4447
4 2889 3823 4386 4482
4 2564 3106 2596 3237
4 2695 2943 4421 4483
4 3015 3243 4237 4456
4 3113 3069 4320 4851
4 2128 2105 3865 4490
4 2632 3077 2785 4326
4 232 143 138 4298
4 2598 3753 3174 4522
4 2630 3469 3468 3830
4 2228 2275 2274 4129
4 370 3030 358 4348
4 762 1606 1605 3715
4 3175 3233 4239 4240
4 3425 3721 2960 4504
4 1098 1099 1107 4016
4 2910 4135 3971 4725
4 354 347 352 3714
4 629 639 665 2950
4 2810 3403 3336 4051
4 846 867 866 3374
4 1945 3288 1930 4294
4 846 3374 845 3838
4 1940 3600 1926 3908
4 505 504 406 3449
4 218 2577 3006 4298
4 2102 2070 2072 4129
4 3527 4354 3634 4799
4 1554 1443 1438 3699
4 2946 3411 3066 3602
4 92 4126 198 4324
4 2658 3099 2842 4094
4 3023 3837 3069 4164
4 3220 3503 3219 4473
4 2618 2933 2790 4015
4 2788 3381 3265 4090
4 866 845 846 3374
4 2888 3285 4102 4581
4 3578 3776 2569 4230
4 2788 3041 3629 3630
4 3500 3359 4198 4334
4 2651 2762 2877 4138
4 2656 3601 3375 4844
4 3185 3662 3046 4064
4 2573 3003 3501 4117
4 3116 4109 3514 4623
4 3274 3834 2641 4674
4 2905 3369 2853 3939
4 3184 3593 3242 4462
4 3233 3336 3335 4240
4 2693 4137 3682 4675
4 2755 2856 3278 4733
4 3219 2809 4243 4814
4 2070 2069 3172 4275
4 2714 4066 3333 4804
4 3717 3815 2683 4078
4 1600 1599 3650 4058
4 1902 3564 3092 4427
4 2595 3296 3053 4382
4 3367 3638 2637 3997
4 1605 761 762 3715
4 2313 2295 2202 3716
4 2315 2297 2296 3716
4 3155 3362 2981 3490
4 1438 3699 3074 4551
4 2597 2737 2594 4605
4 3668 3933 3394 4569
4 3501 3528 3500 4801
4 1562 3272 1526 3837
4 3950 4268 3005 4461
4 2577 2740 2605 4715
4 3944 4174 3174 4562
4 233 3368 223 3765
4 2717 3555 3532 4222
4 2746 2930 3462 4721
4 218 3006 2577 4391
4 2750 2820 4064 4626
4 3519 4277 3350 4426
4 3008 4230 3504 4489
4 3009 3655 2962 4167
4 3188 3561 2984 3890
4 3601 4022 3453 4680
4 2899 3702 3348 4267
4 681 683 4055 4207
4 3336 3915 2735 4364
4 2787 2988 2905 3862
4 1486 3190 1484 3953
4 2641 3381 3522 4481
4 1822 3492 1824 4284
4 3375 3676 2745 4844
4 2678 2594 2921 4605
4 3300 2894 4587 4705
4 2599 3723 3051 3990
4 139 3683 3379 4659
4 2192 2178 2193 4773
4 2639 3496 2743 4469
4 2137 2292 3155 4210
4 2631 3089 2768 3744
4 2824 3269 4582 4616
4 1978 1957 1972 3254
4 2970 3382 3075 3628
4 3455 2850 3869 4742
4 2672 2625 2929 3878
4 231 217 3438 4244
4 676 3424 654 3871
4 2797 3803 4272 4493
4 2774 3261 3066 4034
4 174 200 3952 4126
4 3655 3803 3024 4272
4 2880 3656 2830 3812
4 2613 4170 4198 4334
4 2753 3357 3521 4131
4 2143 2142 2125 3353
4 3030 2836 3337 4099
4 2658 3692 3452 4749
4 3069 3837 2909 4164
4 2774 3524 2916 3724
4 2593 3710 4108 4379
4 2805 3354 3100 3695
4 2017 1908 3935 4159
4 3525 4044 3042 4045
4 3269 4521 3514 4616
4 499 3286 4024 4276
4 2611 3125 4396 4813
4 2964 3283 2746 4721
4 3499 4275 2941 4787
4 2834 4022 3453 4717
4 2829 3684 3111 3957
4 2845 3259 2713 4837
4 2582 3244 4408 4516
4 78 2969 3657 4622
4 1905 1890 1906 3623
4 2653 2960 3425 3426
4 2308 2338 2336 3755
4 1294 1310 1293 4127
4 1276 3747 1274 4280
4 465 455 457 3628
4 2916 3524 2694 4831
4 3242 3567 2746 4123
4 3236 4062 3062 4465
4 2233 3238 2234 3533
4 2640 2778 2853 4834
4 2696 3235 3472 3750
4 2856 2931 3410 3905
4 2830 3062 3573 4710
4 3161 3489 3764 4680
4 1774 3209 3314 4329
4 674 1386 1363 4088
4 1435 1426 1427 3983
4 2680 3512 2817 3983
4 2566 2969 3657 3922
4 2946 3066 3396 4451
4 2807 3676 3473 3720
4 3034 2745 3167 4140
4 2497 3191 3623 4356
4 3272 3897 2706 4164
4 4144 4596 3546 4628
4 2749 3934 2974 4145
4 3160 3835 2824 4627
4 2608 2675 3761 4683
4 2569 2922 3653 3776
4 144 3042 143 3566
4 2689 3980 3058 4106
4 1860 3126 3414 3866
4 2870 3142 3035 3215
4 3329 3708 2938 4786
4 111 3917 3867 4650
4 1265 1191 1295 3862
4 1759 1756 1758 4177
4 3405 3667 2640 3979
4 209 237 3951 3952
4 1579 1583 1570 4668
4 955 936 3290 3663
4 515 514 504 4173
4 3072 4319 3231 4643
4 1903 4192 1904 4501
4 2966 3660 3107 4758
4 3182 3984 261 4794
4 437 425 423 4346
4 673 563 672 4088
4 3580 3718 3536 4086
4 2685 3000 3691 4277
4 1775 3209 1784 3314
4 545 553 546 4007
4 3692 3936 3055 4260
4 2833 3738 3840 4345
4 290 291 288 3473
4 2207 2231 2206 3397
4 1074 3227 1049 4673
4 773 3603 772 4269
4 955 936 3663 4218
4 2934 3511 3137 4032
4 3605 3680 2967 4386
4 3070 3764 4291 4757
4 3161 3529 3764 4291
4 2718 2956 3551 4076
4 2796 3517 3434 4055
4 3763 3871 622 4653
4 3393 3742 4150 4171
4 2643 3060 2875 3178
4 2618 2735 4364 4828
4 2680 2846 2790 4015
4 3661 4258 3386 4262
4 2762 3913 3176 4138
4 2721 3553 3091 3937
4 1647 1655 3366 4542
4 3137 4032 4468 4738
4 4384 4564 2669 4807
4 797 799 801 4720
4 2979 4282 3961 4285
4 863 842 843 3930
4 2977 3274 3823 4674
4 3514 4521 3269 4582
4 3129 3445 2824 4587
4 1669 1677 3395 4133
4 473 3310 474 3749
4 771 3129 489 3876
4 2904 3107 2606 3440
4 1783 1781 3569 3843
4 3503 3974 2777 4755
4 2873 3860 3315 3866
4 1508 1533 1500 3599
4 3235 3750 2675 4155
4 2679 2756 3645 4122
4 2876 2778 3369 3818
4 3634 3424 4455 4799
4 2772 3660 2672 3998
4 2672 3660 3718 3760
4 2582 3244 4516 4699
4 2977 3116 4109 4674
4 3261 3689 3066 4034
4 4362 4383 2685 4384
4 2719 2923 2797 3183
4 2590 3054 3498 4401
4 864 863 843 3930
4 2964 3973 2746 4123
4 515 3449 506 3735
4 1450 1444 3892 4004
4 2514 2510 2511 4201
4 3459 3921 3042 4045
4 3144 3554 2811 3888
4 1605 3423 761 3715
4 2306 2334 2332 3755
4 2599 3055 3051 3853
4 933 3391 948 4080
4 125 107 3440 4160
4 1513 1517 1514 3699
4 2662 3333 2911 3743
4 1062 1089 3874 3969
4 2709 2796 3618 4513
4 1757 4177 3209 4182
4 3129 3876 771 4056
4 2691 3147 2795 3886
4 2756 2940 3172 3820
4 2986 3483 4454 4719
4 2848 3496 2743 4092
4 1768 1767 4027 4182
4 2525 2551 3552 4214
4 2741 2877 2767 3669
4 2837 3081 3994 4484
4 573 3458 582 4189
4 1125 3836 1017 4146
4 3047 3430 3178 3431
4 3536 3776 3580 3849
4 2716 2940 3933 4787
4 573 566 3141 3735
4 2700 3868 3658 4076
4 2268 3856 2258 4553
4 3244 3345 2886 4408
4 1128 1129 3111 3609
4 2645 3760 2590 3998
4 3601 3676 2656 3720
4 2667 3949 2953 4404
4 1069 1043 1045 4206
4 2635 4408 3723 4516
4 698 4603 3137 4738
4 3325 3713 2584 4212
4 710 3239 711 3993
4 2840 3410 3305 4236
4 2595 4112 3899 4382
4 2685 4277 3236 4465
4 2571 3706 3562 4308
4 2896 2819 3518 4123
4 2994 3993 3066 4446
4 601 681 4055 4631
4 108 134 3917 4254
4 3567 3702 2751 4434
4 2142 4436 3353 4773
4 4187 4612 3170 4831
4 2882 3004 4085 4748
4 3129 4021 3028 4057
4 2947 3467 3096 3982
4 861 862 870 4061
4 3144 3554 2894 3598
4 3212 3573 4380 4736
4 633 670 3900 4419
4 239 70 86 3292
4 4019 4036 2625 4087
4 2909 2818 3674 4309
4 2243 2242 2245 3251
4 2913 3110 2841 3648
4 2687 3527 3135 4216
4 3511 4033 3522 4692
4 3680 4482 3274 4717
4 1343 2385 1344 4128
4 2079 2086 2087 4618
4 998 984 3864 4146
4 838 3123 830 4486
4 2710 2848 2743 3797
4 2682 3788 3364 4671
4 2288 2267 2266 3865
4 1850 3126 3866 4477
4 2507 3185 2508 3662
4 2833 3160 4404 4624
4 2672 3878 3760 4086
4 2816 3580 3536 3776
4 2887 3202 3080 4114
4 2944 3453 3601 4712
4 407 3067 3279 3286
4 2704 3396 3386 4111
4 1847 1836 3866 4632
4 2356 2355 2363 4305
4 2739 3084 3016 4438
4 2571 3562 3853 4308
4 2704 3661 3324 4386
4 2655 3455 3516 3946
4 1200 1192 4149 4238
4 2977 4271 3116 4674
4 1042 1026 1126 3264
4 94 3376 3951 4474
4 1470 3318 1472 3475
4 2586 3970 3270 4053
4 2720 3197 2908 3364
4 2779 4538 4521 4582
4 2940 3120 3499 4464
4 2576 3562 3706 4590
4 1383 676 654 3871
4 2946 2883 3411 4388
4 1102 1094 1103 3354
4 3116 4271 2977 4623
4 1429 3043 3677 3740
4 2693 2844 3031 4216
4 1413 3228 4332 4341
4 3359 4175 3684 4350
4 1522 3552 1524 4647
4 2725 2849 3323 3417
4 3036 3535 3358 4068
4 3405 3667 2678 4286
4 2924 3749 3675 4676
4 3665 2645 4311 4723
4 1749 1748 3803 4329
4 2855 3404 3199 4666
4 3738 3840 2703 4623
4 3463 3950 3005 4461
4 863 864 872 4061
4 2767 2741 3669 4361
4 3114 3963 3690 4111
4 794 787 788 4195
4 2977 3823 4271 4674
4 401 402 3279 4073
4 345 335 329 3785
4 398 3279 3893 4072
4 3065 3483 2579 4454
4 3537 3801 3106 4716
4 287 3549 3631 4726
4 2455 2441 2440 3277
4 3150 3653 3504 4006
4 2578 2609 3442 3704
4 2746 4162 3567 4262
4 3425 3720 2656 3721
4 2708 3199 3523 4465
4 2704 4111 3386 4386
4 2747 2866 2972 3300
4 970 952 960 4637
4 696 4288 4511 4809
4 1179 1180 1140 3583
4 2879 3627 3380 4641
4 3758 3897 3062 4062
4 3247 4017 3498 4525
4 2500 2501 2502 4018
4 2609 2712 2670 2771
4 2575 3378 2639 3461
4 2324 2346 2347 3671
4 3489 4001 4259 4680
4 348 335 345 3130
4 2622 3491 2656 4002
4 1155 1163 3615 4373
4 2684 3079 113 4649
4 2800 3741 3375 3764
4 1668 1553 1563 3837
4 1993 2005 1994 3773
4 1469 2985 1471 3475
4 267 3398 250 4125
4 637 2950 639 3900
4 3177 2754 3208 4088
4 3567 4123 2896 4162
4 346 362 357 3080
4 435 424 436 3454
4 2586 4053 3081 4199
4 1013 995 994 3727
4 1711 1737 1712 4665
4 2783 3159 3959 4554
4 2570 3143 2912 3703
4 3536 3849 3580 4086
4 749 741 4034 4617
4 2709 3357 2948 4725
4 1462 1593 1454 3734
4 3651 4138 3652 4662
4 588 607 609 3451
4 3529 4002 2622 4620
4 3660 3966 2701 4758
4 1421 3677 1420 3740
4 4111 4267 2967 4519
4 2072 2104 2102 4129
4 2001 1994 2005 4071
4 3265 2963 4090 4268
4 713 3231 714 4580
4 2612 3736 3688 4363
4 1816 3757 1810 4048
4 2576 3706 3345 4769
4 2793 2973 3787 4495
4 2911 4026 3372 4166
4 3515 3810 3239 4696
4 188 2886 173 3707
4 2663 4253 3591 4352
4 2474 3678 2475 3833
4 3375 3529 2800 3764
4 2089 1769 2091 3302
4 1128 1124 1125 3836
4 2564 3065 3106 4281
4 1777 1779 1775 3209
4 3766 3879 2882 4748
4 2722 3973 2932 4485
4 2814 2923 2900 4145
4 2911 2738 3743 4026
4 1768 1758 1767 4182
4 2713 4054 2642 4337
4 2893 3565 3031 4675
4 3118 4239 3233 4240
4 2962 3803 3551 4548
4 2722 3141 3973 4780
4 3660 3966 2966 4349
4 2197 1210 1209 3914
4 2575 3293 2639 3378
4 2820 3046 3677 4018
4 495 3289 3124 4269
4 2675 3750 3267 4155
4 598 597 3798 4412
4 3067 3286 3068 3796
4 2747 3436 4353 4608
4 2670 2758 3385 4330
4 584 579 578 3850
4 3718 4086 3107 4418
4 2911 3821 3113 4851
4 1023 3227 1039 4344
4 2783 3159 2952 3959
4 2582 3469 3452 3830
4 3055 2658 3990 4749
4 3829 4134 2925 4218
4 2035 2051 3248 4424
4 3235 3713 2613 4334
4 3129 2824 3949 4587
4 2767 2892 3771 4138
4 162 3653 3776 4230
4 2943 3836 3609 4146
4 2191 3280 3920 4236
4 3493 3668 2716 3936
4 1176 1167 1168 4584
4 843 835 3838 4409
4 3250 3884 2958 4242
4 2887 3676 3201 4494
4 182 3642 184 4252
4 908 3782 913 4104
4 3015 4445 3723 4456
4 3069 3821 1628 4320
4 1013 994 1012 3727
4 3404 3523 3199 4666
4 2981 3490 2998 4311
4 3184 2889 3869 4258
4 3014 3752 3455 4511
4 2717 3126 2956 3868
4 2604 3090 2575 3444
4 3504 4230 137 4489
4 2934 3515 3239 3738
4 1552 3804 4470 4647
4 2838 3608 3105 3819
4 2509 3565 3207 4394
4 2721 3819 3553 3937
4 2660 3808 3296 4382
4 2586 4053 3270 4691
4 2851 4120 2638 4316
4 2488 2487 2479 4356
4 3499 4275 2096 4436
4 3386 2751 3661 4262
4 2582 2647 2758 3385
4 2700 2962 4076 4403
4 2687 2657 2915 3638
4 2982 4463 3806 4612
4 2819 3634 3424 4455
4 3459 4045 3688 4560
4 2579 3688 3872 4241
4 2871 3381 3091 4481
4 2718 2882 4085 4748
4 624 614 616 3283
4 1643 1714 4167 4756
4 1082 3227 1074 4673
4 3314 4329 3183 4441
4 3869 4258 3103 4742
4 2609 2872 2771 3626
4 3087 3570 2974 3726
4 698 4288 3137 4603
4 2891 3178 2643 3640
4 2840 3989 3099 4510
4 793 4195 3643 4792
4 3137 4468 3909 4738
4 2190 3920 3280 4113
4 2622 3491 3529 3530
4 2878 4351 3603 4558
4 3385 3704 2670 4330
4 3523 4470 3804 4647
4 991 3059 982 3977
4 1039 3227 1040 4344
4 230 3817 2961 4622
4 2578 2609 3626 4508
4 893 3259 3198 3928
4 738 714 3231 4580
4 2590 3294 3498 3594
4 3678 3832 2475 3833
4 3023 3758 3897 4164
4 2694 3610 4203 4814
4 2566 2961 3817 4622
4 1175 1197 1196 3814
4 1191 1215 1295 3862
4 487 3289 927 4637
4 1457 1458 3253 3559
4 1196 1174 1175 3814
4 2722 3960 3796 4730
4 1838 1837 3889 4178
4 2732 3098 2856 3156
4 2260 3787 3153 3856
4 1033 1016 3864 4793
4 879 1686 3422 4135
4 2566 4225 2969 4572
4 1760 1769 2089 3302
4 2678 4169 2920 4286
4 3206 3555 2791 4339
4 2786 3162 4169 4393
4 1440 1446 3938 3983
4 2958 3693 2759 4501
4 2601 3768 3692 4475
4 3392 3861 2711 4485
4 2604 3444 4213 4691
4 3212 3658 3619 4222
4 2726 2995 2789 4619
4 3038 3346 3347 3958
4 2474 2484 3678 4552
4 1663 3281 1664 3614
4 2757 3346 3924 4077
4 3811 4537 3017 4538
4 2658 3452 3990 4749
4 2071 2203 2225 3820
4 2445 2446 2457 3410
4 564 3641 3068 3932
4 3738 4116 3515 4696
4 329 319 315 3784
4 2747 2868 3083 3300
4 2635 2842 2769 3830
4 1924 3256 1938 4501
4 2684 3079 2766 3704
4 2094 2062 3499 4764
4 4282 4285 2979 4817
4 2811 3163 3144 3888
4 449 4346 459 4577
4 2751 3567 3386 3702
4 2591 3389 3121 4505
4 3307 3539 2989 3813
4 2498 2499 3191 3908
4 2503 3565 3074 3662
4 974 3959 955 4331
4 1873 3414 1876 3564
4 2878 4008 3360 4558
4 2655 3516 3455 3869
4 2784 3658 3212 3742
4 106 3801 132 4448
4 629 598 640 3799
4 3353 4129 2860 4370
4 2722 3593 3960 4730
4 2731 3091 3553 3937
4 2069 3172 2067 3822
4 225 122 134 3917
4 1756 1758 4177 4182
4 2607 3555 4222 4237
4 2570 3038 3346 3347
4 2007 3432 2016 4233
4 2653 4504 2960 4562
4 3219 3610 3524 4831
4 3606 3975 3454 4538
4 70 239 260 3150
4 2529 2536 2537 3565
4 2716 4260 3936 4370
4 2637 3644 4035 4310
4 3062 4465 4383 4710
4 2902 4172 4299 4378
4 157 167 153 3683
4 3239 3515 2934 3810
4 815 4429 824 4696
4 2106 4040 2107 4424
4 2678 3667 3405 3713
4 321 3494 323 3802
4 2775 3270 3090 4358
4 3212 3792 3812 4403
4 1201 1200 1192 4149
4 248 3150 3789 4037
4 2649 2931 3936 4260
4 1514 1517 1555 3699
4 3021 3210 3209 4548
4 3041 4253 3629 4543
4 3161 4001 3425 4002
4 771 3876 489 4056
4 2924 3476 3675 4466
4 1925 3256 1905 3623
4 501 3067 498 3286
4 2648 2955 2672 4086
4 562 3430 3178 4088
4 1958 1945 1957 3288
4 2617 2720 3416 4706
4 3110 2913 3709 4455
4 2356 2363 2364 4305
4 3051 4516 3723 4699
4 470 3445 460 3975
4 2739 4342 2903 4788
4 2868 3717 2747 4078
4 136 4431 3506 4633
4 2716 3493 2840 3933
4 2679 3813 3582 4122
4 2856 2755 3278 3678
4 2691 3634 2819 4455
4 3023 4062 2830 4133
4 2639 3293 3104 3378
4 2753 3226 3119 3422
4 2782 3878 3093 4834
4 643 602 641 3332
4 1661 1662 3614 4133
4 3493 3668 2599 4569
4 2790 3317 3228 3938
4 164 104 130 3506
4 3386 2967 4124 4386
4 2242 2241 2244 3621
4 2833 3840 3738 4032
4 2635 2759 3257 4197
4 1203 1202 1194 4149
4 2122 2101 2124 4436
4 144 138 143 4298
4 335 345 3130 4677
4 3775 3806 1116 4463
4 3578 3776 2816 3916
4 2777 3503 3219 3974
4 3059 3159 2695 4421
4 2576 3345 2832 4769
4 515 505 506 3449
4 864 3930 872 4061
4 2082 2107 3572 4424
4 2916 3930 3374 4008
4 2091 3302 1769 4764
4 2639 3115 3104 3293
4 2192 3305 2445 4236
4 673 674 563 4088
4 1096 4016 3100 4344
4 3200 3633 2818 4084
4 3482 3497 3061 4827
4 3013 3259 2713 3478
4 3156 3623 3191 4356
4 2601 3260 4517 4791
4 2604 2575 3293 3496
4 301 3299 313 4289
4 2940 3172 3499 4787
4 2625 2884 2955 3012
4 2918 2919 3937 4302
4 2635 2813 2769 3257
4 3619 3812 3212 4736
4 3413 4237 2978 4387
4 792 3643 4720 4792
4 2569 3504 3961 4230
4 2599 3217 4456 4569
4 2443 3280 2191 4236
4 2563 2917 3171 3545
4 2627 2728 3025 3924
4 3164 3786 2873 3860
4 3114 3651 3584 4698
4 1045 3312 1070 4206
4 2207 3397 2206 3925
4 246 239 86 3292
4 3280 3920 2823 4113
4 1580 3199 3404 4614
4 880 3443 859 3967
4 2622 3721 2724 3858
4 246 3292 2837 4125
4 3231 3602 2994 4226
4 2745 2633 3167 4022
4 2888 3239 3285 3690
4 2059 2057 4464 4764
4 3553 3819 3453 4712
4 3051 3562 3853 4699
4 2956 3556 3551 4478
4 4051 4384 3010 4505
4 3223 3287 2985 3687
4 3651 3652 2681 4662
4 2467 2468 2457 4093
4 3386 3396 2751 4267
4 2753 3521 3357 4802
4 3741 4022 3680 4717
4 2910 4392 3422 4818
4 3546 3948 2587 4379
4 2234 3238 2233 4686
4 2863 2696 3391 4608
4 2977 3823 3324 4271
4 2795 2997 2659 3649
4 2611 3125 2966 3468
4 181 186 3255 3642
4 760 3200 679 4580
4 103 204 2984 3917
4 1177 1169 1256 3831
4 1457 1467 1464 3559
4 2457 2468 2458 4093
4 3411 3602 749 4617
4 3325 2678 3713 4170
4 2976 3695 3100 4535
4 150 3578 3008 4230
4 2654 3459 2581 4158
4 2225 4129 3820 4257
4 3099 3989 2791 4510
4 3242 3392 3301 4485
4 2746 3973 2964 4661
4 3381 2614 3815 3944
4 2826 3796 2722 4780
4 678 657 658 4221
4 3161 3764 3489 4291
4 2648 2625 2955 4086
4 2841 3060 2754 3700
4 2837 95 3984 4840
4 3614 3656 2880 4610
4 847 3972 868 4625
4 3272 3804 3023 3837
4 1538 1545 3350 4251
4 2956 3309 3126 4339
4 2192 2444 2191 4236
4 2845 4313 3259 4837
4 2654 3574 3357 3736
4 3136 2815 3572 4089
4 163 153 3506 3683
4 1588 3000 3507 4615
4 3295 3433 2586 4801
4 1234 1232 3747 4121
4 402 407 3279 3286
4 2932 2722 3861 4780
4 2487 4347 2478 4356
4 3061 3656 3614 4610
4 946 3391 948 4684
4 3335 3121 3902 4579
4 1809 1811 1472 2985
4 1772 1783 1773 3842
4 3207 4201 2512 4420
4 2208 3925 1221 3926
4 2750 3108 2869 3559
4 650 627 651 4161
4 2891 3845 2643 4573
4 3692 3768 3055 3936
4 1984 3181 1986 4443
4 3348 4049 2899 4432
4 1142 3409 1140 3583
4 2702 3538 3277 3832
4 2604 2710 2664 4152
4 2447 3094 2441 3905
4 3394 4264 3503 4755
4 2646 3994 3528 4619
4 2721 4303 3834 4646
4 3016 3448 3148 3926
4 2054 2038 2037 3632
4 2722 3242 3973 4485
4 430 418 419 4067
4 255 2837 245 3984
4 1157 1156 1143 3111
4 2988 3138 2929 3903
4 2585 2639 3461 4092
4 2759 3256 4197 4520
4 1900 3250 1886 4192
4 2596 3106 2564 4715
4 3231 3602 738 3942
4 502 509 3068 4276
4 2695 2780 2993 4350
4 2846 2874 2680 3317
4 718 4034 742 4617
4 1092 3972 1076 4148
4 234 225 134 3917
4 3225 3526 2589 4585
4 3480 3682 2621 4042
4 1946 1945 1958 3288
4 2054 2037 2053 3632
4 3088 3535 3036 4405
4 73 2837 95 3984
4 535 536 537 4209
4 3074 3699 2522 4551
4 524 3735 573 4189
4 3092 3250 2733 3564
4 2873 3860 3866 4477
4 2605 2740 2874 3550
4 2576 2832 3402 4769
4 121 109 3801 4500
4 3092 3800 1916 4427
4 565 3330 3068 4276
4 3021 4113 3302 4177
4 521 514 515 3700
4 2970 3310 2794 3584
4 2717 3658 3206 4222
4 3379 2922 3776 4037
4 3371 2924 3749 4100
4 2818 3633 3200 4049
4 3272 2706 3897 4666
4 3000 3199 2855 4615
4 2563 3112 3171 4039
4 2902 3402 2832 4378
4 2967 4068 3535 4267
4 1477 1478 1812 4570
4 3645 3813 3026 4375
4 1781 1788 1790 3569
4 3680 4124 2967 4386
4 459 460 3975 4346
4 502 3286 500 4276
4 3113 3792 2738 4026
4 3899 4382 3913 4687
4 3304 3863 984 3864
4 2744 4353 3027 4778
4 1948 4069 1949 4770
4 452 448 3606 4591
4 2717 3532 3250 4242
4 3392 3988 2890 4757
4 2681 3605 3274 3680
4 3274 3520 3834 4674
4 3860 3866 1836 4632
4 3169 3221 3097 4793
4 3062 3236 4465 4710
4 3046 3662 2502 4018
4 3055 3668 3645 4264
4 3234 3718 3107 4156
4 2782 3149 2876 4834
4 2658 2842 3099 3989
4 440 3313 452 3606
4 3327 4302 2918 4645
4 2604 4213 3295 4691
4 2268 4553 2266 4846
4 3023 3897 3272 4164
4 2899 2603 4432 4566
4 397 380 381 3259
4 2834 3764 4124 4757
4 2354 2353 2361 4215
4 2706 3272 3109 4666
4 2153 2136 2152 3490
4 1081 4016 1097 4344
4 414 411 416 4390
4 844 835 836 3838
4 3336 3852 2612 4364
4 3386 4111 3605 4386
4 2793 2973 2957 3787
4 2784 3333 4026 4066
4 2582 4682 3943 4699
4 1225 1264 1266 3341
4 2096 2064 2066 4275
4 1148 1150 1160 3664
4 2639 3299 3115 3377
4 255 261 3182 3984
4 1666 3655 1667 3841
4 2971 3421 3180 3833
4 2066 2098 2096 4275
4 3402 4193 3644 4263
4 1591 1581 1582 3384
4 3014 3517 3516 3946
4 1901 1921 1916 4571
4 2617 3364 2720 4706
4 437 425 4346 4390
4 2866 3750 2675 3761
4 3051 3723 2599 3853
4 3024 4272 2719 4430
4 3212 3393 2978 4380
4 566 3641 3141 3735
4 2582 3452 2647 3830
4 144 145 3525 4045
4 3137 2934 4032 4738
4 2856 3692 2630 4094
4 2888 3356 3355 4558
4 3090 3271 3270 3970
4 2917 3171 3089 4229
4 112 3079 114 3943
4 258 157 139 3683
4 3356 3371 2888 4581
4 2251 2224 2223 4139
4 2478 4356 4347 4563
4 2940 3172 3820 3822
4 2957 2990 2927 3907
4 2880 3915 3656 4833
4 2607 4222 3413 4237
4 2918 3608 3105 3635
4 1150 3162 1151 4845
4 2593 3710 3439 4108
4 2899 3887 3702 4267
4 3019 3280 2823 4113
4 1784 3209 1785 4180
4 2359 2352 2351 4215
4 2572 4142 3376 4529
4 2700 3812 4372 4403
4 2229 2230 2227 4257
4 2100 2068 2070 4275
4 715 707 716 4226
4 1394 3424 1395 3709
4 2962 3733 3216 4167
4 2800 3187 3070 3646
4 3113 3701 2784 4026
4 2359 4028 3907 4215
4 1130 1127 1139 3609
4 719 718 710 3993
4 2190 2443 2442 3280
4 3158 3529 2622 4620
4 3072 3752 3502 4161
4 2727 2905 2787 2988
4 3357 3521 3152 4802
4 819 817 818 3275
4 2975 3417 2725 4211
4 1047 1071 1046 4344
4 3152 3246 2580 4158
4 3648 3886 3301 4485
4 2570 4281 2773 4728
4 3511 4271 3324 4376
4 2669 3223 3076 3287
4 2962 3655 3803 4167
4 2640 3151 3133 3625
4 2585 2854 3955 4174
4 2877 3737 3382 3928
4 3041 4253 3711 4706
4 2954 3835 3356 4351
4 3129 4056 771 4057
4 3421 1859 3607 3889
4 295 293 294 3377
4 2836 3337 3032 4092
4 3359 4592 4175 4657
4 3664 3957 2852 4584
4 3051 4749 3452 4750
4 2895 3609 3169 4146
4 726 3910 727 4368
4 3146 3791 3398 4425
4 2581 4060 3498 4401
4 3021 2718 3210 4548
4 3211 3590 3117 4770
4 2711 2932 3648 4485
4 1417 3431 1418 3677
4 464 465 467 3991
4 573 568 574 3141
4 3305 3410 2840 4260
4 2683 2731 2836 4078
4 2752 3708 3329 4786
4 2582 3244 3943 4408
4 26 71 3376 3951
4 978 963 977 3728
4 818 820 819 3275
4 2877 2767 3669 3771
4 2610 3754 3386 4124
4 3476 3835 2954 4627
4 575 4336 567 4604
4 2725 2991 2849 4301
4 1706 4256 1690 4392
4 3847 3853 3052 4375
4 200 72 101 4126
4 2476 2477 3678 4093
4 3174 3753 3540 4522
4 2815 4029 3119 4247
4 2609 3442 3385 4147
4 2959 2733 3233 4143
4 2795 3648 2691 3886
4 3037 3870 3389 4077
4 2940 2716 3172 4787
4 3011 2974 3366 4549
4 3214 4293 4097 4675
4 1216 1200 1201 4238
4 2662 2883 3333 4417
4 2978 3588 3666 3902
4 182 3320 3140 4252
4 1729 4392 1730 4665
4 3394 4151 3503 4264
4 2924 4491 4103 4669
4 2604 2664 3270 4152
4 1758 1756 1767 4182
4 170 197 192 3627
4 1289 1280 1290 3448
4 2589 3036 4774 4820
4 3137 4032 3909 4468
4 2022 3923 3510 4231
4 3037 3346 3958 4326
4 751 767 766 4034
4 415 416 429 4313
4 1989 3211 1994 4070
4 3371 4581 3356 4676
4 2624 3618 2796 4513
4 2038 1113 4204 4480
4 2711 3392 3416 3988
4 2591 4505 3121 4796
4 3040 3025 4011 4231
4 3358 3171 4039 4229
4 1122 1106 1107 4238
4 2361 2362 2354 4215
4 106 3941 3801 4448
4 1164 1165 1173 3615
4 2614 3540 3174 3753
4 2101 2099 2098 4275
4 1760 1769 3302 4027
4 1763 3733 1762 4756
4 2577 2605 3316 4360
4 747 763 762 3942
4 1089 1088 3874 3969
4 1160 1159 1148 3664
4 2568 3580 2904 3718
4 1051 3163 1052 3965
4 2934 3738 3285 4271
4 964 963 978 3728
4 2612 3688 3237 4241
4 3019 4085 2823 4510
4 2745 3167 3819 4022
4 2065 2066 3499 4275
4 3402 3644 3088 4263
4 3348 3396 2946 4567
4 2487 1867 4347 4356
4 4049 4132 2946 4707
4 3656 3915 3175 4833
4 2968 3779 2693 4248
4 3546 3847 3146 4379
4 3391 3859 2993 4080
4 3152 4457 3246 4802
4 2824 3975 3269 4587
4 2098 2100 2101 4275
4 223 177 3952 4035
4 495 3124 3289 4637
4 2194 2193 2179 3636
4 3296 4382 2595 4687
4 2623 2698 2692 2891
4 2610 3887 3187 4068
4 3234 3249 2568 4711
4 2336 3755 2338 4318
4 2583 3220 3176 3535
4 2683 3816 2836 4536
4 1657 1650 1649 3781
4 1974 3211 1989 4070
4 2863 3097 3863 4335
4 1782 1775 1784 3314
4 1925 1926 3600 3623
4 3089 2775 3774 4358
4 2667 2953 2811 3521
4 2634 3594 4060 4602
4 2743 3032 2848 4092
4 2575 3496 2604 4213
4 2683 3428 2763 4092
4 2580 3152 3540 4479
4 2611 2764 4396 4741
4 2651 3176 3899 3913
4 1567 1568 1545 3350
4 2581 3686 3498 4060
4 2359 2360 2352 4215
4 2987 3904 2959 4239
4 2563 3171 3112 3545
4 2802 3435 3045 4808
4 3051 3723 3562 4699
4 1872 3421 3607 4232
4 2842 3257 2759 4197
4 2651 2865 2762 4243
4 3116 4032 3840 4033
4 478 3289 485 3991
4 2896 2819 4123 4434
4 1087 3401 1088 3969
4 2797 3551 3164 4272
4 711 703 832 4014
4 2575 3378 3461 3922
4 2726 2852 4169 4198
4 872 871 3698 4629
4 3438 4244 2949 4585
4 1530 1529 3837 4214
4 2595 4382 3899 4687
4 624 3283 616 4762
4 3055 3051 4371 4749
4 832 703 824 4014
4 2437 2433 2432 4724
4 3056 3413 3393 4387
4 3340 3459 2596 4847
4 2987 3607 3435 3931
4 2958 3126 2717 4242
4 2685 3236 4383 4465
4 2491 3191 2492 3363
4 636 633 670 3900
4 3242 3593 3184 3754
4 2783 2650 4175 4550
4 316 3201 330 4114
4 2433 2437 2438 4724
4 3345 3867 2886 4408
4 956 957 3059 3290
4 2193 2178 2179 3636
4 3533 4129 2228 4257
4 3523 3804 2708 3897
4 1725 4027 1726 4777
4 3675 3749 2954 4676
4 2694 3524 2916 4698
4 3321 4254 3978 4752
4 2920 4169 2678 4170
4 2834 4482 3680 4717
4 3468 3469 2966 4508
4 649 3502 657 3518
4 1137 3169 1127 4793
4 2758 3385 3078 4408
4 3398 3882 2597 4596
4 2685 3000 3223 3691
4 3580 3683 161 4431
4 2920 3033 2787 4169
4 2798 3354 3312 4148
4 3574 3736 2749 4367
4 2621 4171 3758 4255
4 695 816 815 4116
4 3463 3629 3005 3708
4 1078 3354 1094 4148
4 1561 3272 1562 4647
4 2879 4108 3710 4379
4 2690 2865 2859 3981
4 725 723 754 3910
4 3137 4292 3511 4742
4 2733 2873 3885 4143
4 3217 4193 3402 4690
4 2808 3096 3467 3982
4 473 464 474 3310
4 2777 3524 3503 4772
4 3150 4006 3504 4713
4 1964 1958 3254 4223
4 1129 1134 1128 4373
4 3161 3375 3601 4022
4 1594 3076 1476 3929
4 197 187 3627 3707
4 2065 3499 2063 3822
4 2711 2932 3441 3648
4 1142 1181 1141 3409
4 1895 1897 1898 4234
4 2622 3529 3158 3530
4 1522 1521 1524 3552
4 1858 1848 3435 3889
4 2633 4022 3741 4717
4 2070 2102 2100 4275
4 3176 3535 3220 3913
4 2873 4038 3315 4143
4 3047 2754 3826 3894
4 3899 4382 4112 4440
4 3056 3719 4402 4796
4 3327 3622 3457 4576
4 3684 4175 2829 4421
4 2199 3149 2200 3369
4 2940 3120 2864 3933
4 1209 2196 2197 3914
4 3550 3852 3237 3992
4 3274 3485 3453 4482
4 2747 3428 3083 4078
4 3592 4253 3041 4352
4 2896 2819 3634 4826
4 3163 3911 798 4414
4 2748 3949 3160 4624
4 2954 3876 3129 4056
4 2782 2876 2645 3732
4 2686 2969 3104 4328
4 3154 3094 3362 4415
4 689 3095 728 4368
4 2889 4258 3386 4386
4 968 969 3863 4080
4 599 601 600 4055
4 3503 4264 2679 4755
4 2865 3193 3048 3487
4 2637 3321 3644 4769
4 3026 3296 2595 3582
4 1460 1469 1471 3475
4 2978 3666 3588 4168
4 258 139 241 3683
4 3050 3369 2778 3818
4 2806 3016 3397 4194
4 2621 3127 3719 4255
4 3070 3591 3705 3988
4 573 566 568 3141
4 186 3112 198 4126
4 2657 3402 3122 4378
4 218 2961 3006 4391
4 2742 2709 2948 3073
4 2635 3996 2759 4197
4 3038 4287 3958 4449
4 101 237 200 3951
4 1850 4411 3126 4477
4 1094 1095 1103 3354
4 3393 4171 4150 4172
4 2967 3680 3741 4124
4 2223 2222 2250 4495
4 2913 2932 3735 4153
4 2649 3768 2806 4544
4 3243 2635 3996 4408
4 2359 2351 4028 4215
4 808 822 860 4540
4 3070 3529 3158 3705
4 2956 3126 2717 4339
4 3587 4362 2869 4570
4 2971 3363 2674 3421
4 232 205 143 4298
4 3455 3462 2930 3946
4 288 290 3473 3474
4 2712 3057 2951 3432
4 2730 3563 3548 3877
4 2691 3886 4485 4639
4 3187 3070 3988 4757
4 1743 4227 3505 4329
4 2201 2217 2218 4139
4 363 375 374 4606
4 2645 2793 3665 4311
4 1137 1127 1034 4793
4 2334 2332 3755 4318
4 2476 2477 2475 3678
4 3515 4032 2934 4738
4 2715 3743 3420 4150
4 3093 3878 2727 4834
4 3176 3358 2631 4654
4 2835 3005 3629 3708
4 935 926 4218 4467
4 2977 3513 3285 4103
4 255 3398 267 4125
4 1386 3208 673 4423
4 2753 4778 2827 4802
4 2778 3732 3625 4524
4 3053 2650 3500 4592
4 3303 2925 4134 4218
4 2823 2673 3933 4510
4 778 777 771 4057
4 1680 4648 4235 4851
4 2829 3082 2852 3957
4 2634 3594 3498 4060
4 2876 3050 2778 3818
4 1486 1487 3464 3624
4 1526 1562 1561 3272
4 1765 1766 1755 4182
4 863 842 3930 4061
4 1765 3412 1764 3733
4 1580 3199 1579 3404
4 3072 3661 4162 4262
4 917 3268 3859 4104
4 2810 3389 3266 4688
4 3145 4012 3056 4402
4 3272 3897 3523 4666
4 348 345 350 3130
4 3027 3097 2744 3221
4 3324 4271 3823 4376
4 2874 2661 3712 4564
4 1213 2200 3825 3939
4 3548 3748 3026 4438
4 2715 4119 3527 4216
4 2587 3548 2730 3563
4 2564 3106 3801 4716
4 2601 3966 3260 4791
4 2628 4353 3133 4778
4 1523 1524 3552 4214
4 2784 3009 3216 3701
4 1658 1650 1657 3781
4 78 3657 90 4622
4 2762 2794 3075 4662
4 2809 3222 3124 3610
4 2776 2815 2634 4602
4 3005 3796 3960 4730
4 2786 3609 3409 3793
4 3327 3457 3450 4576
4 1497 1498 1505 3953
4 2789 4589 2726 4619
4 2842 4197 3256 4520
4 2686 2969 3531 3999
4 3075 419 3604 4576
4 2748 3028 3129 3949
4 3340 4360 2605 4715
4 1188 1151 3408 4013
4 1974 3211 4070 4795
4 2662 3348 2883 4417
4 2362 2354 4215 4304
4 4045 4454 3688 4560
4 2879 3710 3439 4595
4 3816 3944 3174 4562
4 3515 3738 2934 4032
4 1457 1456 1450 3253
4 2614 3753 3174 4514
4 505 3441 506 3449
4 2636 3588 3121 3870
4 2673 3933 3493 4569
4 1599 3910 3575 4058
4 2686 3115 2812 3293
4 1763 1762 3733 4167
4 2716 3936 3172 4370
4 2746 3462 3455 4462
4 2692 2698 2623 4064
4 2481 2476 3678 4093
4 134 175 202 4254
4 3473 3201 3676 4708
4 2864 3120 2940 3373
4 509 565 512 3068
4 436 3975 448 4346
4 3089 3263 2812 3331
4 3173 3720 2887 3807
4 2883 3262 2999 3724
4 3044 3893 3279 4072
4 2606 3440 3107 4758
4 2799 3845 2817 3918
4 1977 1983 1982 3586
4 418 419 4067 4576
4 136 153 123 3506
4 2777 3974 3219 4831
4 3179 3572 2815 4089
4 2147 4040 2166 4556
4 3849 4036 2625 4120
4 337 338 336 3714
4 3718 3760 3134 3878
4 3346 3347 2684 4499
4 2545 1410 2546 2560
4 2822 2921 2638 4605
4 2611 4396 3294 4813
4 2739 4342 3026 4438
4 3189 3199 1577 4251
4 3565 4097 2537 4583
4 3169 3097 4146 4793
4 3296 4535 2857 4550
4 2358 2357 2365 4305
4 3455 2746 4462 4763
4 2684 2766 3258 3704
4 839 3972 838 4486
4 3109 3523 3272 4647
4 3389 3870 3121 3906
4 591 616 614 3283
4 2655 3946 3462 4462
4 1825 3647 4098 4141
4 2082 3572 2083 4424
4 2118 4435 2095 4436
4 1543 1510 1509 4734
4 1002 4165 4206 4486
4 3394 2679 4264 4755
4 1936 1937 1949 4005
4 2626 3666 3902 4736
4 3424 4189 3709 4423
4 2668 3948 4301 4517
4 2696 2895 2993 3472
4 2289 2288 2266 3865
4 2690 3808 4657 4849
4 695 815 694 4116
4 2851 2625 2929 3012
4 1139 3583 3409 3609
4 3140 3320 4115 4308
4 662 636 663 3427
4 3058 4142 3376 4343
4 593 542 4189 4423
4 3339 3460 2688 4663
4 2748 3275 3028 3949
4 2148 4040 2147 4556
4 3117 3722 2828 4767
4 3116 4271 3511 4376
4 2658 3990 3452 4197
4 1532 3497 1534 4812
4 2122 2099 2101 4436
4 2670 3704 4081 4330
4 1876 3414 1874 3884
4 2722 3242 3593 3973
4 3403 3852 3336 4828
4 232 138 3525 4298
4 2580 3753 3152 4158
4 2867 2674 3192 3363
4 2708 4465 3523 4666
4 2096 3499 2064 4275
4 1092 3972 4148 4625
4 2632 3243 3345 3875
4 3676 3720 3601 4494
4 3394 2599 3668 4569
4 2774 3724 3262 4567
4 1867 4347 4183 4555
4 2590 2645 3594 3760
4 2899 4049 3702 4432
4 1062 1061 1060 3969
4 2611 3468 2966 4507
4 503 511 497 3168
4 2655 3455 3946 4462
4 180 199 3320 3321
4 2694 3963 3371 4581
4 2786 4169 3684 4483
4 3117 4406 4023 4795
4 836 828 3643 4409
4 3462 2826 4697 4730
4 3594 4723 3125 4813
4 2895 3793 3609 4483
4 3103 4611 3637 4761
4 2277 3230 2269 4846
4 754 723 753 3910
4 1052 1054 1053 3965
4 2940 3120 3933 4787
4 2599 3723 3015 4445
4 3211 3383 2770 3772
4 2806 2668 2903 3016
4 1259 1260 1283 4714
4 2959 3118 3800 4239
4 2781 3202 2836 4504
4 3035 3142 2870 4807
4 3791 4059 3994 4484
4 1729 3842 1705 4392
4 2586 3081 3528 4199
4 2932 3441 3641 3861
4 3601 3819 3453 4022
4 2715 3679 2909 3743
4 523 521 3700 4300
4 763 3715 3602 4388
4 2854 3041 4327 4593
4 2761 3872 3229 4063
4 3838 3930 843 4409
4 3075 2794 3628 4067
4 417 3622 4576 4598
4 2706 3682 4157 4694
4 972 4134 973 4821
4 3169 3583 1137 3609
4 3468 3469 2630 4349
4 2626 3573 3902 4710
4 3527 4119 2906 4354
4 265 3439 263 3710
4 3219 3974 3610 4831
4 2163 2164 3203 4490
4 2779 4537 3811 4538
4 3260 3469 2601 3470
4 2873 3860 4477 4478
4 2708 4062 3061 4827
4 3210 3492 3209 4548
4 2826 3708 3463 3796
4 2476 2467 2477 4093
4 1308 1307 1291 4512
4 1678 1679 4235 4320
4 3108 3759 2869 4575
4 2587 2730 3546 3563
4 2714 4417 4151 4442
4 2923 3314 3843 4830
4 2733 3250 2901 4168
4 2963 3489 3592 4259
4 1777 3209 1757 4177
4 2612 3934 3175 4364
4 2525 3674 2526 4214
4 1521 1519 2549 3576
4 2879 3470 3380 4682
4 3183 3505 4145 4227
4 1192 1193 1201 4149
4 1147 1184 1186 3408
4 3375 2745 3601 4022
4 1860 3126 1850 4411
4 2948 3073 2709 4075
4 394 3604 419 4576
4 3855 4335 3793 4766
4 3189 3691 3223 4452
4 626 650 649 3502
4 3275 4429 4116 4624
4 3171 2583 4039 4656
4 3095 3558 3096 4368
4 502 509 512 3068
4 3146 3140 3791 4425
4 2727 2929 2625 3878
4 2580 3541 3540 3753
4 2583 3358 3171 4039
4 2878 3643 3355 4409
4 1754 3412 1765 4182
4 1538 3350 1546 4426
4 2834 3680 4022 4717
4 3812 4736 3885 4833
4 2704 3324 4271 4600
4 2919 3017 3811 4302
4 2779 3811 3520 4521
4 3381 3522 3265 4090
4 1129 1128 3111 4373
4 146 144 3921 4045
4 3454 3606 436 3975
4 2909 3837 3674 4214
4 2700 3885 3407 4833
4 3798 3799 3157 4786
4 2649 3936 3692 4260
4 3261 2888 3689 4565
4 2609 2670 3704 4081
4 3014 3516 3455 3946
4 2877 2741 3399 4054
4 70 86 3292 3968
4 662 3427 2950 3900
4 2745 2980 3474 3802
4 2224 2321 2313 4139
4 1046 3312 1038 4344
4 197 3707 3627 4115
4 2661 2846 2985 4564
4 3367 3402 2637 3638
4 2222 2223 2217 4139
4 857 3848 856 4492
4 357 4099 3608 4348
4 1450 1444 1443 3892
4 3441 3449 2996 3648
4 1530 1525 1529 4214
4 3488 3624 2790 4251
4 3709 4189 3208 4423
4 3044 3940 2908 4073
4 1412 3228 1413 4341
4 483 3675 473 4667
4 2635 2813 2759 3996
4 1774 1745 4329 4441
4 2899 3887 4405 4566
4 654 3424 646 3871
4 1901 3564 3250 4571
4 312 314 300 4289
4 2897 2827 3401 3415
4 2456 3308 3647 4539
4 1394 3424 3709 4423
4 2528 2536 2529 3565
4 2918 2919 3635 3937
4 2582 4147 3385 4682
4 1594 1595 3507 3929
4 2922 3849 3536 4120
4 2635 3452 3723 3990
4 2157 3302 2138 4679
4 3366 3781 2880 3841
4 1676 3837 1629 4320
4 256 243 265 3627
4 2982 3354 4148 4463
4 4295 4332 3845 4695
4 3212 3742 3393 4171
4 2945 3225 2711 3649
4 693 4116 692 4468
4 2634 3498 4524 4525
4 2715 3420 2909 4841
4 1817 3284 1818 4747
4 181 3642 3255 4252
4 273 278 4110 4784
4 2603 4432 3101 4473
4 1904 3751 3256 4192
4 758 4368 3096 4369
4 2583 4263 4020 4656
4 2663 3005 3591 4253
4 2645 2843 3155 4311
4 218 2961 230 3006
4 2640 2905 2853 4393
4 2707 4033 3467 4594
4 2663 3005 4253 4775
4 2573 3325 3003 4117
4 2943 3304 3836 4146
4 2947 3434 2707 4594
4 2455 3277 2440 3538
4 4426 4428 3497 4827
4 171 179 3368 4254
4 2660 3296 3582 4687
4 2895 2993 3304 3863
4 2619 4111 4267 4437
4 1474 2985 1811 3287
4 679 3200 760 3423
4 1657 3781 3366 3841
4 3127 4255 3062 4383
4 2650 3748 3500 4589
4 2982 4612 4187 4831
4 2529 3565 2537 4583
4 1783 3240 1773 3842
4 838 3972 3123 4486
4 3425 4001 3601 4712
4 927 3289 4447 4731
4 2949 217 3765 4701
4 361 3478 351 4677
4 1729 3842 4392 4665
4 2591 3343 4505 4796
4 2707 3517 3434 4513
4 3053 2602 3500 3528
4 3684 4421 2943 4483
4 2048 1123 1216 4238
4 1216 2203 2048 4238
4 977 3728 4743 4790
4 2959 3800 2987 4239
4 2878 3018 3603 4351
4 2564 3688 4045 4454
4 2596 3237 2612 3688
4 2456 2442 3280 3647
4 3504 4006 3139 4713
4 3123 4195 830 4486
4 574 3141 569 4559
4 2632 2785 2758 3996
4 1408 4354 3527 4799
4 2697 4374 4185 4475
4 727 756 729 3910
4 1194 1195 1203 4149
4 1056 1058 1057 3969
4 2619 3176 3535 3652
4 2873 3407 3885 4143
4 2909 3743 2818 4309
4 3265 4090 4692 4761
4 1969 4023 1954 4795
4 2570 4500 4281 4728
4 3174 3630 3579 4514
4 927 918 4467 4731
4 152 165 137 3008
4 2942 3316 2874 3318
4 3554 3598 3144 4743
4 2791 4181 3206 4339
4 2709 3096 2947 3467
4 3243 3723 3015 4197
4 2591 3344 3343 4402
4 2607 3393 3742 4442
4 116 3442 2578 4711
4 215 2588 3762 4453
4 1587 1590 1577 3199
4 3308 4098 3019 4181
4 3177 3178 2754 4088
4 1219 3419 2206 4257
4 2685 4383 4051 4384
4 3476 4102 3513 4466
4 2931 4260 3305 4370
4 3017 3811 4302 4303
4 3272 3552 2909 4841
4 3320 3644 3321 4769
4 624 616 625 4762
4 2999 4031 3262 4066
4 3036 3187 3887 4068
4 2642 3433 3295 4337
4 1765 3733 1764 4765
4 1039 1038 3312 4344
4 1206 1221 1205 3926
4 2719 3407 3164 3786
4 2875 2643 3640 3845
4 3301 3392 3187 3646
4 3274 4433 3520 4674
4 2613 4169 2726 4170
4 2576 3243 2832 3345
4 2632 3078 2758 4330
4 2569 3961 3578 4230
4 1207 1289 1223 3926
4 2593 4107 2666 4108
4 818 3297 816 4492
4 2962 3009 2784 4403
4 2609 2670 3385 3704
4 2657 3122 4216 4299
4 2623 2698 3204 4064
4 3010 3719 3343 4806
4 2895 3097 3169 4335
4 3285 3738 3239 4422
4 2601 4349 3966 4475
4 2595 3748 3307 4112
4 3021 4085 2823 4113
4 2225 2071 3820 4129
4 2658 3387 3099 4094
4 2626 3812 3656 4833
4 2125 3353 2142 4436
4 1386 3208 1363 4088
4 2832 3345 3243 3875
4 2672 3718 3660 4418
4 2724 3721 2656 3857
4 3184 2746 4262 4763
4 1760 2089 2090 3302
4 1784 1791 1789 3314
4 3032 3337 2848 4092
4 2593 2705 2666 4107
4 2572 3376 3531 4529
4 3740 4018 1431 4551
4 514 515 3700 4173
4 2565 4254 3321 4752
4 1725 1727 1728 4027
4 2753 3686 3311 4802
4 2218 2202 2201 4139
4 2008 1991 2004 3007
4 2119 2118 4435 4679
4 3791 3994 3563 4484
4 1144 1158 1157 3664
4 2745 3034 2980 3802
4 2756 2716 3668 3936
4 2572 4224 3999 4225
4 3124 4165 3123 4315
4 3498 3594 3294 4060
4 3493 3933 2673 4510
4 2794 3313 3326 4669
4 1281 1257 1258 4760
4 223 171 177 4035
4 1398 3633 1404 4826
4 3244 4408 2886 4650
4 2858 3084 2789 3548
4 973 3303 3959 4821
4 1148 3408 3162 3664
4 2962 3412 3803 4548
4 3439 3710 2593 3881
4 1521 2550 3552 3576
4 2647 2758 2712 3057
4 2746 3462 3973 4661
4 2847 3044 2720 4083
4 2121 2118 2120 4435
4 649 625 626 3502
4 1544 1537 1535 4251
4 2878 3838 3360 4008
4 2890 3754 3392 4757
4 3035 3344 2870 4575
4 1258 1282 1281 4760
4 2603 4473 4263 4566
4 921 922 911 3782
4 2910 3087 2749 3357
4 2209 1222 1223 3926
4 1223 2210 2209 3926
4 2736 3254 2647 4507
4 502 3068 3286 4276
4 2869 3779 2968 4248
4 1088 1112 3874 4204
4 2651 3898 3669 4054
4 3041 2788 3426 4174
4 3292 2573 4444 4751
4 1760 2090 1761 3302
4 519 575 567 4604
4 2654 3736 3357 4634
4 2624 3579 3517 3629
4 515 522 3700 3735
4 3536 3134 3878 4086
4 2883 3262 4031 4066
4 2977 4386 3605 4600
4 3167 4646 3453 4717
4 3072 4643 3661 4763
4 2611 2674 3468 4507
4 1218 1217 3419 4257
4 3511 3522 3116 4376
4 3124 3610 2694 4814
4 2823 4027 3302 4764
4 2618 3574 2742 4015
4 1777 1775 1776 3209
4 3047 3430 3046 3912
4 255 3182 267 3398
4 3752 4319 3072 4511
4 351 3130 345 4677
4 3333 4417 2714 4442
4 79 4328 3090 4713
4 2631 3171 3089 3744
4 3867 3978 2886 4650
4 2830 3023 3758 4062
4 2533 3552 3214 3679
4 311 2965 317 3400
4 2783 3959 3227 4554
4 3644 4252 2862 4590
4 2683 4092 3816 4718
4 2863 3097 3027 3727
4 2595 3053 4112 4382
4 2228 2227 2230 4257
4 2602 3359 3500 4334
4 2603 2899 4473 4566
4 3201 3474 3473 4270
4 3312 4344 3303 4821
4 3212 4380 2978 4736
4 3161 3764 2834 4680
4 767 3262 885 4031
4 181 184 3642 4252
4 1128 1125 3609 3836
4 2755 4722 4228 4723
4 2579 3065 4281 4499
4 3011 3650 2974 4549
4 1893 1914 1894 3891
4 112 3079 3943 4650
4 3145 3875 3056 4012
4 2618 2846 2661 3550
4 3562 4308 3706 4590
4 2598 3788 4522 4735
4 2587 3307 3563 3791
4 2624 3517 2796 4786
4 3010 3902 3121 4796
4 2777 3219 3524 4831
4 2646 3528 3994 4112
4 269 142 168 3653
4 2829 2852 3684 3957
4 490 942 482 4186
4 1155 3264 1133 4373
4 2878 4195 3123 4196
4 2676 2800 3491 4229
4 3680 3741 2834 4022
4 3212 3619 2978 4222
4 2725 3323 2991 3417
4 172 4324 3654 4840
4 3382 3628 2970 4447
4 3504 4006 3653 4230
4 1924 1905 1925 3256
4 2862 4252 4308 4590
4 2796 3157 3517 4055
4 642 3332 641 3361
4 1280 1281 1290 3448
4 2595 3539 3220 3899
4 1574 1573 1556 4074
4 2971 3098 3678 4722
4 146 3921 3247 4045
4 2603 3402 3122 4566
4 2642 2741 3669 4054
4 2703 3285 4102 4422
4 4062 4133 3804 4428
4 2514 2511 3232 4201
4 3234 4156 3626 4401
4 459 3300 4346 4705
4 2878 3371 4008 4558
4 3199 3350 1577 4251
4 3261 3690 2888 3963
4 242 107 3249 3440
4 2694 3610 3124 4008
4 854 856 818 3848
4 2838 2887 3720 4504
4 2801 2745 4708 4844
4 3308 3387 3280 4539
4 3674 3837 1529 4214
4 1458 1456 3253 4626
4 2895 3863 3097 4335
4 333 317 318 3400
4 2711 3988 3416 4083
4 306 307 317 2965
4 2610 4068 3187 4124
4 3052 3853 2571 4699
4 3156 2481 4093 4356
4 1664 3281 1663 4235
4 2163 4415 2180 4783
4 968 3863 3059 4080
4 2727 2905 2988 3093
4 2835 4253 3005 4775
4 846 3374 3972 4625
4 2634 3686 2815 4247
4 2566 4297 3541 4357
4 1219 1203 1204 3925
4 423 424 435 3454
4 2950 2821 3464 3618
4 1201 4149 1217 4238
4 305 300 314 4289
4 2188 2186 2187 3956
4 2726 4198 4170 4334
4 2603 3217 4151 4690
4 3274 3834 3520 4303
4 2503 2506 2528 3565
4 2611 4156 3294 4401
4 886 885 3262 4031
4 2944 3553 3834 4712
4 2598 3340 3006 4848
4 2593 3546 3710 4379
4 686 684 3909 4738
4 2090 1780 1761 3302
4 2661 2669 3223 4384
4 2869 4541 3108 4575
4 2924 4102 3476 4466
4 842 3360 843 3930
4 1478 1477 3559 4570
4 2829 4175 3684 4198
4 2951 2758 3681 4233
4 2837 4059 3994 4199
4 464 3310 456 3628
4 3035 3344 2665 4807
4 2868 3717 3557 4588
4 3139 2575 3504 4713
4 3153 3306 3856 4374
4 639 664 665 2950
4 206 3376 4142 4343
4 1523 1524 1521 3552
4 2585 2854 3104 3955
4 526 518 3429 3844
4 2715 2909 3214 4841
4 2689 3364 4391 4670
4 2910 3357 2620 4818
4 242 125 107 3440
4 2671 3195 2995 3877
4 2811 3226 3521 4131
4 3487 4381 3193 4731
4 2702 3613 3538 3833
4 3810 4041 2934 4446
4 139 161 3379 3580
4 2934 3810 3515 4738
4 2577 4360 3340 4715
4 2287 4439 2284 4553
4 3134 3718 3580 4017
4 2207 1220 1221 3925
4 1221 2208 2207 3925
4 1308 3084 1309 3755
4 1484 3190 1486 3427
4 2738 3420 3758 4164
4 3089 2917 4229 4399
4 2641 4090 3485 4611
4 2871 3514 3116 4481
4 1860 3414 1861 3866
4 448 3975 3606 4591
4 1072 1047 1048 4344
4 3103 4090 4611 4761
4 3046 3047 2692 3430
4 3775 3806 3170 4824
4 3110 3709 2754 4534
4 1153 1190 1264 4845
4 2687 2915 2844 3543
4 2733 3564 3414 4038
4 2833 3160 3982 4404
4 2594 4036 3883 4751
4 2708 3236 4062 4827
4 1706 3119 1707 4256
4 3562 3706 2571 4699
4 1119 4463 1103 4810
4 3660 3998 2772 4211
4 2602 3528 3433 4801
4 2602 3500 3501 4334
4 2598 3753 3541 4158
4 2667 3949 3160 4616
4 2346 2324 2323 4118
4 2637 3644 3321 4035
4 3208 4189 542 4423
4 1867 4183 4347 4356
4 799 3581 801 4720
4 497 3168 511 3218
4 2896 3518 2819 4826
4 3455 3869 3516 4742
4 2788 2963 3592 4259
4 3023 3272 3837 4164
4 2809 4381 4243 4731
4 2883 3262 3724 4567
4 2690 4592 3359 4657
4 2885 3002 2672 4418
4 2932 2691 3648 4485
4 1449 3317 3983 4290
4 2790 2933 2792 3624
4 136 123 104 3506
4 2715 3031 4119 4216
4 2700 4372 3812 4833
4 2693 3480 2844 4216
4 2769 2813 2758 3057
4 2034 3248 2035 3415
4 2847 3441 3279 3778
4 764 749 765 4388
4 2574 3966 2966 4758
4 2118 3370 2095 4435
4 3498 3718 3134 4017
4 1372 3322 3110 4395
4 622 3763 615 3871
4 2003 1999 2002 4640
4 1824 1830 1831 3556
4 2924 4466 3675 4667
4 2731 3105 3030 4091
4 2662 4009 3122 4299
4 437 423 435 4346
4 1052 3163 1051 4414
4 2844 2693 3207 3759
4 748 3602 3411 4388
4 3274 4303 3520 4433
4 2716 2940 3668 3933
4 3004 4027 3021 4085
4 391 373 389 3976
4 820 819 3275 3848
4 3282 3379 257 3849
4 1774 4329 3314 4441
4 2890 3593 3950 3960
4 2691 3567 3242 4123
4 2704 4271 3285 4600
4 639 3798 638 3900
4 2843 4523 2815 4602
4 2814 3240 3119 4247
4 2019 3923 2020 4159
4 3127 4384 4362 4806
4 3124 4100 3289 4814
4 2618 2742 2861 2933
4 898 904 3479 4577
4 3434 3477 2796 4055
4 2911 3715 2946 4132
4 3381 3579 2614 3944
4 2644 3389 3870 4077
4 3182 2837 3984 4059
4 3285 4271 3738 4623
4 1764 1765 1754 3412
4 324 311 317 4702
4 3088 3402 2637 3644
4 3169 4335 3221 4766
4 1431 4018 1420 4551
4 2896 3846 3200 4162
4 2941 3920 3305 4773
4 724 726 685 4207
4 3157 3451 2752 4412
4 3235 3472 2613 3979
4 2862 3102 3539 4263
4 3164 3407 2873 3786
4 301 300 3377 4289
4 3457 4598 3622 4599
4 2906 3679 2715 3743
4 2809 4731 4243 4732
4 1657 3781 1649 4549
4 3027 3727 3097 3969
4 93 3029 82 3970
4 2569 3776 3653 4230
4 607 609 3451 3798
4 1002 788 4165 4486
4 2648 2606 4087 4418
4 2806 3016 2903 3397
4 3172 4129 3353 4370
4 2002 1999 3181 3947
4 2981 3665 3155 4311
4 3089 3171 2917 3774
4 2735 3915 3656 4610
4 3037 2591 3870 4012
4 2594 2638 2921 4605
4 3584 4491 2924 4669
4 1219 1218 3419 4257
4 2874 2661 3550 3712
4 1450 3253 1456 4004
4 477 3289 476 4447
4 1747 1746 3803 4493
4 2798 3222 2881 4134
4 2573 4117 3081 4444
4 2731 3091 2919 3269
4 2511 2510 3185 4201
4 3063 3476 3675 4582
4 3308 3387 4539 4563
4 2837 3984 4059 4840
4 2400 1359 1356 3616
4 2780 3750 2993 4350
4 2701 3966 3660 4211
4 1139 1140 3409 3583
4 2642 3669 4361 4568
4 2570 3344 3038 4728
4 2834 3764 3489 4680
4 2108 3572 2107 4040
4 2694 4100 3124 4814
4 2338 3205 2340 4400
4 2118 2095 3370 4679
4 2717 2958 3532 3555
4 2967 3680 3652 3741
4 2719 3786 3164 4284
4 2824 2667 3949 4587
4 2108 2132 3572 4040
4 975 957 968 3059
4 2619 3219 3913 4203
4 1486 3464 3190 3953
4 2759 2958 3532 3693
4 3489 2834 4052 4757
4 2888 3371 3356 4558
4 2617 4593 3364 4706
4 3343 3010 4383 4384
4 2894 3554 3144 3888
4 924 933 3859 4684
4 1708 1709 1701 3570
4 3371 3749 2924 4676
4 2749 3575 3087 3650
4 755 756 727 3910
4 598 3798 3157 4412
4 331 3201 322 3802
4 2797 3803 3551 4272
4 3473 3676 2887 3720
4 3520 4481 4109 4521
4 3282 3882 4019 4036
4 2752 3629 3463 3708
4 2639 3032 2836 3377
4 3576 4074 3699 4583
4 2762 3075 2970 3382
4 4027 4182 1767 4777
4 3373 3775 3120 4464
4 198 172 92 4324
4 3457 3622 3017 4599
4 3005 3960 3950 4730
4 2577 3340 4298 4715
4 452 443 453 3313
4 2760 3233 3666 4579
4 535 4205 3177 4209
4 255 2837 3182 4125
4 946 947 3391 3728
4 2453 2454 3613 3833
4 1062 1064 1063 3221
4 3017 4302 3327 4303
4 1790 1783 3569 4040
4 2826 3641 3141 3932
4 2910 3087 3971 4800
4 2610 3386 3702 4267
4 424 436 3454 4816
4 1529 1629 1530 3837
4 2658 3099 2840 3989
4 1146 1158 1144 3664
4 2595 3053 3748 4112
4 569 3850 3141 4681
4 2727 2929 2988 3138
4 2540 1404 3679 4354
4 2967 4267 3535 4473
4 2708 3523 3897 4666
4 1655 3614 3366 4542
4 2957 4211 4185 4475
4 2651 4382 3899 4440
4 1860 1865 1874 3884
4 3045 3860 3786 4284
4 2802 3315 3904 4239
4 70 260 91 3150
4 1169 1248 1256 3831
4 2336 2307 2308 3755
4 4053 4213 3444 4691
4 955 953 936 4218
4 2587 3052 3948 4375
4 2044 2063 4464 4810
4 3037 4012 3875 4287
4 1229 3341 1227 4771
4 319 3783 315 3784
4 295 300 303 3377
4 823 3581 800 3643
4 1924 1904 1905 3256
4 2825 2908 2682 4759
4 2730 3546 3563 4628
4 678 658 677 4221
4 3664 3684 2852 3957
4 228 206 3376 4142
4 2896 3634 2819 4434
4 2683 3815 3717 3816
4 2744 3221 2983 3874
4 2694 3114 3963 4581
4 97 3444 3271 3968
4 3133 4353 3855 4778
4 1587 1590 3199 4615
4 3766 3767 2714 3879
4 2788 4105 3694 4259
4 3239 3689 711 3993
4 1454 1452 3475 3734
4 3069 3113 2911 3821
4 2854 3041 2682 4327
4 2456 3308 1834 3647
4 2100 2102 3353 4275
4 3282 4019 3881 4087
4 2635 3257 2842 4197
4 2659 2841 3110 3648
4 2265 2268 2258 2266
4 2613 2695 3684 4483
4 1508 3519 1533 3599
4 209 193 200 3952
4 2731 3937 3553 4536
4 2789 2995 2726 3252
4 2936 3681 2785 4233
4 1862 3315 1857 3866
4 3075 3628 3382 4067
4 2478 2479 3387 4563
4 2889 3754 3637 4052
4 1508 1539 1533 3519
4 3551 3803 2797 4548
4 2758 4408 2635 4516
4 2738 2911 3743 4309
4 149 154 3247 4633
4 2683 3337 2763 4078
4 2677 4163 4009 4630
4 2742 2709 3073 3618
4 208 4448 3801 4716
4 3265 3579 2788 3629
4 3375 3491 2800 3529
4 1530 3837 1526 4214
4 3718 3878 3134 4086
4 2993 3472 2895 4483
4 2922 3776 3536 3849
4 2508 2504 2507 3662
4 1984 1985 3181 3854
4 2700 4076 3551 4478
4 3086 3232 2898 3437
4 2959 3233 3118 4239
4 2860 3230 2939 4846
4 2780 3750 3049 3859
4 2481 3156 2488 4356
4 218 2577 3762 4391
4 3293 3378 2575 4328
4 2628 2827 4778 4802
4 2797 3209 3492 4548
4 712 627 619 4161
4 2912 3703 3389 4077
4 3034 3167 2892 3450
4 2608 4450 2675 4683
4 2316 2297 2315 4118
4 1524 3552 3272 4647
4 2680 3550 2846 4015
4 2995 3195 2789 3877
4 2316 4118 2317 4314
4 2604 3496 2848 4278
4 279 288 2561 3001
4 188 2886 199 3978
4 2873 3786 3315 3860
4 2756 2939 2903 3418
4 650 3502 626 4161
4 2223 3670 2222 4495
4 3149 3716 2973 4139
4 2571 3052 3847 3853
4 1150 1152 1161 3790
4 778 771 4056 4057
4 209 200 237 3952
4 123 3249 128 3506
4 1362 3430 2501 4642
4 2711 3225 2945 3416
4 3877 2995 4605 4619
4 341 356 358 4099
4 2704 2994 3661 4451
4 1930 3288 1945 4789
4 2758 2670 2951 4330
4 2989 3853 3847 4375
4 1742 4329 3505 4493
4 2982 3806 4187 4612
4 3209 3210 3021 4177
4 2724 3491 3331 3824
4 3582 3974 3503 4755
4 3471 3385 4147 4682
4 3477 3799 3157 4055
4 2613 4170 2726 4198
4 2679 3974 3582 4755
4 1680 1681 1673 4235
4 161 3580 139 3683
4 1129 1135 1134 4373
4 1360 3208 3709 4534
4 2788 3265 3381 3579
4 1907 1910 2005 4071
4 726 3910 3095 4207
4 2332 2305 2306 3755
4 2729 3460 4663 4701
4 2702 2971 4722 4723
4 2887 3807 3202 4114
4 1831 3556 1830 4477
4 1621 3482 1613 4812
4 2774 3262 3411 4567
4 2965 3783 2848 3797
4 2380 3323 2381 4815
4 348 349 334 4283
4 2585 3461 3540 3816
4 1081 3227 4016 4344
4 1047 1072 1071 4344
4 331 336 338 3802
4 1604 3674 3423 3821
4 1546 1545 1568 3350
4 2657 4299 4172 4378
4 3065 3537 4281 4500
4 3924 4077 3346 4651
4 1376 1372 1377 3322
4 2050 2034 2033 4424
4 3294 4060 3594 4602
4 2679 3645 2756 3668
4 3003 3713 3325 4212
4 2575 3961 3504 4489
4 3675 4591 473 4667
4 3296 2783 4306 4535
4 3133 3855 2744 4778
4 3036 4229 3526 4498
4 2978 4168 3532 4222
4 1642 1713 1714 4756
4 872 887 871 4629
4 2225 2226 2071 4129
4 2958 3250 2717 3532
4 2714 3767 3766 4804
4 2585 3174 3955 4562
4 2802 3934 3175 4239
4 3210 4141 3021 4177
4 788 4195 3123 4486
4 3493 3989 2840 4510
4 614 3763 615 4389
4 2571 3380 4641 4699
4 3643 3838 2878 4195
4 3014 4412 3752 4809
4 3026 4375 3548 4438
4 2285 4079 2293 4553
4 4021 4057 3129 4503
4 501 512 506 3641
4 2934 4271 3285 4446
4 501 3068 3067 3286
4 2696 2863 4335 4608
4 1458 1456 4626 4836
4 695 693 3558 4116
4 2203 3820 2048 4238
4 2668 3768 4371 4517
4 567 570 3932 4336
4 2847 3279 3044 3778
4 151 3379 161 3776
4 114 3079 3442 3471
4 2597 3291 2594 4751
4 2774 3963 3524 4698
4 1860 1874 3414 3884
4 452 3606 3313 4591
4 3455 4511 3752 4763
4 2694 3584 3114 4581
4 947 949 3391 4025
4 3174 3540 2614 3816
4 3127 4383 4362 4384
4 3063 3675 3476 4466
4 2989 3847 3853 4308
4 2665 3839 3481 4704
4 3091 3815 3553 4105
4 2747 3717 3428 4078
4 2080 2056 2055 3620
4 2636 3875 3413 3996
4 2782 3732 2645 3760
4 3227 3303 3100 4344
4 1480 4043 3929 4101
4 3140 4115 195 4425
4 3026 2668 4375 4438
4 440 3606 428 4598
4 834 3360 842 4565
4 600 596 599 4055
4 2695 3059 2993 3290
4 3309 3099 4347 4555
4 2470 2471 2479 3387
4 3024 3781 2880 4430
4 3742 4026 2784 4804
4 2633 3375 2801 4644
4 3121 3588 2636 4387
4 2627 3704 3258 4081
4 2631 3176 3771 4609
4 2642 4361 2768 4568
4 2871 3815 3381 4488
4 2798 3312 3303 4821
4 2774 3690 3261 3963
4 2698 3316 2942 3318
4 2589 3526 3225 4820
4 1794 3302 2157 4113
4 2033 2049 2050 4424
4 3371 3963 2888 4581
4 1507 3519 1508 3624
4 1600 3650 1616 4798
4 443 3313 440 4599
4 2055 2079 2080 3620
4 3031 3565 2893 4097
4 2706 3272 4164 4841
4 843 3838 844 3930
4 622 615 623 3871
4 136 104 164 3506
4 3010 3902 3573 4710
4 2909 3069 3674 3837
4 2582 3469 3470 4750
4 2802 4143 3315 4239
4 1659 1741 3781 4493
4 2803 3527 2906 3634
4 208 3525 4448 4716
4 333 318 332 3400
4 3175 2612 3336 4240
4 411 390 388 3597
4 2759 3256 2842 4197
4 2692 2623 2898 4064
4 3364 3788 2961 4671
4 2685 3691 3236 4277
4 3159 4175 2829 4550
4 2840 3280 3308 3387
4 3234 3626 3054 4401
4 1678 1679 1671 4235
4 2896 2803 3633 4434
4 562 4088 3178 4823
4 1431 3740 1420 4018
4 2614 3717 3540 3753
4 362 357 3080 3608
4 2981 3154 3094 3362
4 562 561 3430 4088
4 3175 4239 2612 4240
4 2261 3787 2260 3856
4 2101 3353 2124 4436
4 1886 1885 1876 3564
4 156 3653 162 4230
4 3542 3543 2844 4202
4 2953 3028 2811 3443
4 121 3065 110 4500
4 3174 3816 2614 3944
4 741 717 718 4617
4 3037 2591 3703 4077
4 2762 2651 3913 4138
4 2750 3207 3565 3779
4 2797 3314 2923 3492
4 3272 3552 1524 4214
4 2916 3930 3360 4061
4 2580 4457 3152 4479
4 2973 4028 3787 4495
4 1101 1116 1100 4463
4 1245 4121 3945 4714
4 718 742 741 4617
4 591 4389 4154 4762
4 1380 2519 1378 3543
4 2317 2324 2325 4118
4 131 3380 120 3627
4 1161 1160 1150 3790
4 1103 1118 1102 4463
4 103 122 204 3917
4 44 109 211 3801
4 3179 3180 2998 4602
4 2865 3013 2859 3981
4 2650 3808 4175 4592
4 3434 3517 3014 4055
4 1790 2146 1783 4040
4 3082 4589 3831 4788
4 3545 4126 84 4324
4 1805 1800 3492 4830
4 1174 3814 1173 3957
4 3619 3658 2717 4222
4 1086 3401 1087 3965
4 2590 3718 3660 3760
4 3078 3079 2684 4649
4 320 3201 316 4270
4 156 137 3504 4230
4 2979 3961 3916 4285
4 3440 4160 3249 4397
4 975 968 982 3059
4 2642 2741 3400 4361
4 2456 3280 2442 4539
4 3207 3759 2693 3779
4 2578 3626 2609 3704
4 2878 3355 4351 4558
4 3056 3413 2832 4377
4 2094 2095 2092 3370
4 3110 3709 1369 4395
4 164 154 2986 3941
4 1944 1945 4294 4296
4 2604 3270 3090 3444
4 2294 2288 2285 4553
4 87 3531 2969 4622
4 1484 3427 1485 4359
4 1724 4027 1767 4777
4 3494 3549 311 4702
4 2873 3786 3407 4143
4 1449 3317 1446 3983
4 2832 3145 3056 3481
4 3493 3055 3936 4260
4 2930 3328 3451 4697
4 3448 3831 3039 4589
4 2719 4272 3407 4430
4 683 685 684 4207
4 2826 3973 3141 4780
4 632 3799 631 4176
4 3100 3227 2783 3303
4 1534 3497 1541 4428
4 1048 1073 1072 4344
4 2640 3133 2778 3625
4 2627 3872 2579 4000
4 1626 1650 3726 4549
4 2894 2811 3554 3888
4 146 154 2986 3247
4 3127 3343 4383 4384
4 3249 3440 2904 3683
4 3153 4439 2253 4553
4 110 2684 3347 4500
4 3502 3846 658 4221
4 3360 3930 842 4061
4 2806 3016 3166 4301
4 2650 3053 3500 3748
4 2663 3416 3705 3988
4 955 3959 4218 4331
4 2726 2920 2678 4170
4 966 3863 969 4080
4 2710 3631 3549 3797
4 239 248 260 3150
4 2969 4224 3104 4572
4 2655 3869 3637 4761
4 1773 2106 1740 3842
4 3207 3565 2509 3662
4 231 3952 3951 4244
4 638 3798 635 3900
4 2683 2763 3337 4092
4 3302 4027 2823 4085
4 198 186 172 4324
4 2726 4169 3033 4170
4 3590 3117 4770 4795
4 95 86 82 2837
4 679 1531 2527 3423
4 2968 2869 4248 4362
4 2583 3358 3036 3535
4 3280 3647 2189 4113
4 3345 3367 2832 4769
4 960 3222 971 4637
4 3004 3170 2864 4528
4 2650 2952 3808 4306
4 170 4115 3146 4425
4 2745 3375 2633 4022
4 2786 3684 2943 4483
4 2512 3207 2935 4201
4 1816 3757 4048 4747
4 2650 4198 3500 4592
4 419 431 430 4067
4 1915 1912 3800 4294
4 3281 3792 3009 3812
4 3584 3651 3114 4491
4 1449 3983 3043 4290
4 2260 2270 2261 3856
4 2697 3094 2981 3154
4 4185 4211 2957 4835
4 3605 4103 2977 4600
4 3020 4112 2567 4199
4 714 4226 3231 4319
4 3169 3793 2895 4335
4 596 4412 4055 4809
4 2596 2564 4044 4715
4 3309 3751 4520 4555
4 3916 3961 2569 4561
4 3147 3110 4395 4455
4 2583 3088 4020 4263
4 3961 4282 3139 4561
4 3072 4262 2746 4763
4 2322 2323 2315 4118
4 174 72 200 4126
4 2752 3463 3329 3708
4 2192 2445 2444 4236
4 2699 2987 2802 3931
4 2956 2791 3309 4339
4 2695 4175 3159 4331
4 3261 3689 840 4565
4 2925 3193 4381 4731
4 2204 2203 1217 3418
4 1217 2203 1216 3418
4 2798 3695 2660 4306
4 2194 2172 2188 3094
4 2967 3741 3652 4068
4 2621 4377 3393 4380
4 1575 1576 3488 3734
4 2700 3551 4272 4478
4 3280 3308 3019 4510
4 332 3400 334 3571
4 2503 2506 3565 3662
4 2924 3310 3584 4669
4 1575 3488 1564 3938
4 613 696 3752 4809
4 3270 3271 3090 3444
4 248 3789 3883 4037
4 3335 3121 3906 4505
4 632 3477 630 3799
4 1670 3395 1678 4235
4 2613 3359 3684 4350
4 2770 3590 3211 4770
4 3015 3723 3243 4456
4 2922 3325 4316 4561
4 2855 3199 4465 4666
4 2853 2983 2778 4766
4 2922 2569 4006 4561
4 2743 3496 2604 4469
4 3090 3271 80 3444
4 2687 3122 2657 3638
4 2750 3565 3207 3662
4 1485 3427 671 4359
4 2646 3877 4484 4619
4 2964 2746 4661 4721
4 3242 4485 3301 4639
4 3247 2986 4045 4560
4 1526 3837 3272 4214
4 3270 3271 3444 4053
4 2860 2939 4129 4846
4 2678 3405 4286 4316
4 3580 3849 2904 4086
4 941 935 961 3829
4 2802 3315 3045 4632
4 1935 3092 3118 3800
4 3506 3683 2568 4431
4 1086 1110 1111 3401
4 3676 4708 2745 4844
4 877 853 735 3298
4 2445 3305 2192 3636
4 2944 3485 3453 3834
4 3139 4282 2584 4561
4 2829 3684 2852 4198
4 3219 4203 3610 4814
4 3061 2830 4062 4133
4 2571 3320 3706 4308
4 2664 2743 2604 4469
4 2901 3532 3250 3693
4 3735 4189 524 4209
4 2292 4079 3155 4210
4 3255 3952 189 4035
4 2789 2726 3039 3252
4 384 370 382 4797
4 1728 1726 1725 4027
4 367 350 351 3478
4 3049 3267 3750 4155
4 3115 3377 3299 3388
4 2718 2962 3766 4076
4 2708 4426 4277 4827
4 2810 3852 3266 4240
4 3255 4020 4039 4310
4 3566 3817 155 4357
4 662 664 2950 3464
4 3330 3932 3329 4336
4 599 630 601 3799
4 708 716 707 4226
4 2605 3340 4015 4848
4 3023 3837 3804 4133
4 2042 2059 2057 4464
4 3062 4157 3758 4255
4 2095 2093 2092 3370
4 3255 3644 3321 4252
4 710 711 719 3993
4 3016 3148 2903 3925
4 2487 2478 2479 4356
4 2833 4033 3982 4266
4 3588 3666 2901 4168
4 2568 3506 3249 3683
4 2719 2923 3045 4284
4 2682 3041 2854 4735
4 567 3330 565 4276
4 2847 3067 3441 3861
4 2616 4349 3998 4723
4 2713 3130 2848 4279
4 2044 2063 2061 4464
4 2811 3888 2894 4588
4 2081 2073 1740 3842
4 657 3518 3502 4221
4 2595 3220 3503 4687
4 2525 1527 1528 4214
4 3097 3221 3027 3969
4 1459 1457 3892 4043
4 1783 3569 3842 3843
4 2636 3588 4030 4387
4 2691 2932 4153 4485
4 3398 3791 3182 4425
4 2868 3300 4587 4705
4 3106 3712 3550 3992
4 2913 2841 3449 3648
4 2819 3458 2964 4153
4 1404 3633 1399 3679
4 2101 2099 4275 4436
4 2446 2459 3636 3905
4 2984 4500 3347 4728
4 3338 2935 4201 4365
4 161 151 3776 4527
4 907 3048 906 3568
4 2064 3499 2066 4275
4 2830 3395 3281 3792
4 782 3554 791 4790
4 717 708 709 3993
4 2650 4175 3359 4592
4 3149 3369 2876 4834
4 2816 3133 3151 3625
4 284 286 3495 3631
4 1111 1087 1086 3401
4 1363 3208 1360 4534
4 3024 4272 3803 4493
4 2851 2929 3138 3560
4 240 3182 261 4794
4 2963 3694 3485 4259
4 749 4034 3411 4617
4 2754 4088 3047 4534
4 2243 3818 3251 4502
4 2650 3359 4198 4592
4 3355 4558 4409 4565
4 2834 3764 3741 4124
4 2852 3684 3790 4169
4 124 109 44 3801
4 2623 2891 2692 3437
4 2096 4275 2098 4436
4 3885 4736 2626 4833
4 3684 4175 3359 4198
4 2875 3177 3060 4300
4 2478 3387 2479 4356
4 2749 3011 3575 3650
4 3355 4014 4558 4565
4 3054 3506 2568 4633
4 3950 3960 3593 4730
4 2779 4109 3520 4433
4 3004 3729 4182 4777
4 2913 3709 3424 4189
4 3470 4641 3380 4699
4 584 3850 578 4389
4 3398 3710 3146 4425
4 2675 2866 3761 4683
4 2600 3344 3145 4402
4 3552 3576 3214 4293
4 290 3473 3474 4270
4 1266 1227 1225 3341
4 2584 3436 3761 3855
4 2681 3680 3652 4519
4 2674 2736 2732 3468
4 1678 1670 1677 3395
4 2497 4183 2493 4356
4 2872 3288 2764 4741
4 3401 3874 1088 3969
4 2745 3676 3601 4494
4 3250 3532 2958 3693
4 3389 4651 3266 4688
4 3199 4277 3189 4452
4 2574 3471 3442 4147
4 537 534 535 4205
4 1781 3842 1772 3843
4 430 440 428 4598
4 684 682 683 4207
4 2780 2690 3049 4660
4 338 3714 347 4140
4 3219 3524 2694 4203
4 305 3377 300 4289
4 2757 2728 3923 4768
4 734 852 695 3297
4 1470 1472 2985 3475
4 3084 3548 2858 4438
4 2984 3188 213 3561
4 2731 3553 3091 3815
4 2882 3879 3004 4748
4 2805 3582 2679 3974
4 4351 4558 3356 4676
4 2994 4226 3602 4617
4 978 977 3727 3728
4 1399 3679 3633 4084
4 961 935 954 3829
4 3160 4345 3840 4616
4 3112 3171 2775 3545
4 2203 2071 2048 3820
4 2130 1783 2146 4040
4 3021 3302 2823 4085
4 2840 2716 3305 4260
4 3261 841 4061 4565
4 2945 4191 3416 4355
4 3100 3695 2783 4535
4 26 3376 206 3951
4 3853 4264 2989 4590
4 3360 843 3930 4409
4 3950 4461 3463 4730
4 3471 4147 2574 4682
4 2697 3153 3306 3746
4 826 3355 827 4409
4 2078 2086 2079 4618
4 1538 3519 1507 3624
4 641 3332 602 3361
4 3140 4546 3182 4794
4 1188 3408 1186 4013
4 514 520 510 3429
4 3320 3706 3321 4752
4 3492 4180 3314 4830
4 2949 4635 217 4701
4 1037 3312 1045 4206
4 2778 2983 2853 3369
4 2718 3551 3210 4548
4 3163 3965 3027 4658
4 1395 3709 3424 4395
4 1860 3414 3126 3884
4 2928 3093 2929 3547
4 2604 4278 2848 4279
4 363 374 3450 4606
4 1818 1817 1813 3284
4 2765 2938 4786 4822
4 2131 2148 2132 4040
4 842 3360 4061 4565
4 2587 3745 3791 3847
4 3538 3613 2439 3832
4 3434 3517 2796 4513
4 4049 4217 3702 4432
4 3759 4248 2869 4575
4 2883 2999 3262 4066
4 3738 4422 3071 4696
4 2707 3522 3381 4488
4 2971 3180 2702 3833
4 3079 3442 2609 3704
4 536 3208 537 4209
4 286 299 3495 3549
4 374 3450 375 4046
4 824 4429 4014 4696
4 2871 3522 3381 4481
4 1901 3250 3693 4571
4 2851 3560 3138 4128
4 2829 2650 4175 4198
4 2805 2798 3695 3974
4 716 740 739 4617
4 1925 1926 1939 3600
4 4383 4465 3236 4710
4 2572 4142 4529 4557
4 3216 3733 3696 4756
4 143 205 3566 4298
4 2928 2929 2782 3878
4 817 3275 819 4429
4 2147 2148 2131 4040
4 2622 3530 3158 4224
4 2775 3090 3270 3970
4 2866 3268 3267 3750
4 2960 3955 4174 4562
4 3159 2783 3264 4554
4 3717 4413 3557 4588
4 1419 3430 562 4642
4 718 3993 4034 4617
4 2585 4174 3174 4735
4 2723 3108 4365 4366
4 297 4784 283 4785
4 2714 3394 3767 4151
4 2661 3691 3403 4384
4 2533 3214 2540 3679
4 1404 3634 1403 4826
4 622 595 3763 4653
4 739 715 716 4617
4 1141 1130 1139 3409
4 3125 4723 2971 4813
4 682 4207 3909 4288
4 2780 2695 3290 4657
4 999 3304 1000 3977
4 1007 3959 990 4554
4 2355 4304 2363 4305
4 954 960 3829 4134
4 2971 3125 2674 4228
4 2598 3340 4158 4297
4 3553 4536 2838 4712
4 2902 4442 3217 4690
4 2847 3778 3044 4083
4 2281 2375 2367 4317
4 2839 3218 3168 4024
4 3376 3058 4244 4529
4 2943 2895 3304 4146
4 3175 3934 3915 4364
4 3335 3906 3121 4579
4 2651 3913 3899 4382
4 3231 3942 738 4580
4 3331 3456 3064 3824
4 2964 3458 2819 3763
4 179 199 3321 4752
4 1146 3408 3664 3964
4 3199 3404 2855 4615
4 2695 4175 3684 4421
4 86 95 73 2837
4 3305 4260 2716 4370
4 2748 2954 3835 4627
4 3588 3906 3722 4579
4 2725 3768 4301 4517
4 2865 4381 4731 4732
4 2646 3548 3563 3877
4 2777 2916 3524 3724
4 2838 3553 3819 3937
4 1750 1745 1749 4329
4 2662 3348 2946 4567
4 3727 3728 977 4790
4 1232 3484 1233 3747
4 962 4186 943 4743
4 2866 3083 2747 3428
4 2838 3105 3553 3937
4 2724 3331 3064 3824
4 923 924 913 3268
4 3119 3240 2815 4247
4 2772 2885 2672 4418
4 3122 4217 4049 4432
4 2446 2459 3410 3636
4 2613 3472 2695 4483
4 2770 3196 2901 4069
4 1307 1308 2306 4512
4 1084 851 1108 4658
4 1306 2210 1223 4512
4 2305 2210 1306 4512
4 2700 3407 4372 4833
4 2774 4111 3963 4698
4 1192 1099 1170 4673
4 3159 3264 2783 4550
4 213 3368 2984 4254
4 2083 2084 2076 3572
4 132 235 169 4448
4 1773 3240 1783 4040
4 2844 2915 2657 3997
4 2744 3097 2863 4335
4 2706 4042 3682 4675
4 3485 3694 2944 4259
4 884 1108 851 4658
4 3246 3686 4634 4802
4 3563 3791 3307 3994
4 2836 4536 3816 4562
4 2892 3327 3167 4717
4 3157 3014 3517 4055
4 3275 3297 818 4492
4 1410 3351 1409 4799
4 1784 1791 3314 4180
4 1994 4070 3211 4071
4 2635 3243 3996 4197
4 1085 1109 1110 4658
4 3189 3488 2790 4251
4 2832 3367 3345 4449
4 1099 3319 1192 4238
4 2359 3907 2367 4317
4 1909 3349 2020 4011
4 2809 3610 3124 4814
4 797 4540 790 4720
4 2580 2979 3916 4457
4 1477 1465 3559 4626
4 2124 3353 2125 4436
4 1106 4016 1107 4238
4 136 164 154 3506
4 2922 4006 3325 4561
4 3072 4511 4643 4763
4 148 3247 3921 4527
4 2946 3066 3411 4567
4 2587 3548 3307 4375
4 2918 3937 2721 4302
4 2800 3187 3646 4498
4 2899 4068 3887 4267
4 3327 3450 4046 4576
4 2700 3868 4076 4478
4 2585 3104 2639 3955
4 3570 4145 3505 4227
4 2627 3872 4000 4063
4 136 149 4431 4633
4 2826 2722 3796 4730
4 2687 2844 2657 4216
4 3425 3721 2656 4002
4 1366 3110 1370 3826
4 2706 3682 4137 4675
4 2269 3230 2277 4261
4 2596 3574 2618 4015
4 3321 3706 3320 4769
4 3526 4039 3171 4229
4 3320 4252 3644 4590
4 2620 3736 3934 4363
4 534 3177 4205 4678
4 3627 3710 2879 4595
4 486 495 3289 4637
4 484 3749 474 3991
4 407 498 3067 3286
4 3531 3999 2572 4529
4 3310 2924 3584 4100
4 3134 3760 2782 3878
4 1734 1742 1735 4227
4 2848 2713 4278 4450
4 629 2950 666 3799
4 711 832 3689 4014
4 2693 3682 3480 4042
4 2929 3128 2928 3547
4 2206 3419 3397 4257
4 3614 4133 3061 4428
4 134 202 234 4254
4 2573 3139 3444 4213
4 902 3487 3382 3928
4 3231 3072 4161 4319
4 2668 3026 4342 4438
4 105 115 3380 4650
4 2678 2921 2920 4220
4 2704 3605 4111 4386
4 2447 2194 3094 4783
4 1879 1867 2487 4356
4 2704 4386 3324 4600
4 2641 3694 3485 4090
4 3505 3183 4329 4441
4 2328 2320 2327 4307
4 225 2984 204 3917
4 2824 3835 3476 4627
4 2662 4049 3348 4432
4 2943 3609 2786 4483
4 1511 3699 1438 4551
4 294 3299 301 3377
4 3178 3430 562 3431
4 1110 1086 1085 4658
4 1099 1083 1170 4673
4 2869 2693 3779 4248
4 3005 3629 3463 4461
4 3326 3327 2681 4303
4 2680 3316 2817 3512
4 2609 2712 2771 2872
4 2861 4364 3011 4367
4 1061 3221 1032 3969
4 3019 2823 4085 4113
4 769 491 3598 4743
4 1756 1759 1757 4177
4 227 132 124 3801
4 2704 3386 3661 4386
4 3038 3347 2570 4728
4 453 3313 463 4591
4 2984 3038 2565 4740
4 1869 3904 1862 4038
4 207 223 3368 4035
4 2578 3442 2609 4508
4 1862 1861 1869 4038
4 1903 1904 1923 4501
4 2571 4115 3320 4308
4 2602 3981 4440 4592
4 3883 4036 3789 4751
4 75 156 76 3504
4 2886 3978 3867 4752
4 2564 3941 3483 4454
4 2785 2936 3996 4613
4 3004 4182 4027 4777
4 2624 3629 3517 4786
4 2564 3106 3237 4281
4 1398 1399 1404 3633
4 2592 3426 3592 4259
4 1088 1112 1113 3874
4 3758 4157 3897 4164
4 2893 3565 3384 3699
4 2502 3046 2504 3662
4 2776 3276 3180 3889
4 1806 1824 1822 3492
4 2912 3346 4077 4651
4 1607 1606 3821 4851
4 2608 3761 3428 4683
4 2798 3610 2982 4315
4 3013 3048 2859 3198
4 2946 3396 3066 4567
4 189 3952 3255 4126
4 923 932 933 4684
4 3307 3548 2646 3748
4 1497 3624 1486 3953
4 3150 4006 3789 4037
4 3303 3959 2952 4218
4 2768 3771 2980 4644
4 3056 3393 3413 4377
4 278 3895 4110 4784
4 1534 1644 3482 3497
4 1099 3319 4016 4673
4 2888 3689 3239 3690
4 211 227 44 3801
4 999 983 984 3304
4 482 3598 4186 4705
4 3208 4205 537 4209
4 2907 3889 3435 3931
4 3582 3813 3026 4122
4 2182 4179 2181 4724
4 477 476 468 4447
4 3172 4129 2070 4275
4 1904 1905 3256 4183
4 735 759 877 3298
4 2982 3610 2798 3974
4 2609 3704 3626 4081
4 225 204 122 3917
4 2460 2456 2449 4539
4 2704 3690 3285 4446
4 1369 3110 1366 3826
4 2680 2698 3316 3512
4 584 3850 4389 4559
4 2575 3444 3090 4713
4 2313 2218 2224 4139
4 2636 4237 3413 4387
4 2838 3819 3105 3937
4 2217 2216 2222 4139
4 2585 3540 3461 4522
4 1113 1089 1088 3874
4 1572 1573 3384 3699
4 1858 3435 3607 3889
4 2810 3336 3852 4240
4 2602 3433 3295 4801
4 2590 3125 3594 3998
4 2701 4107 3260 4791
4 3048 2865 3487 3928
4 2692 2643 3178 3894
4 2658 2842 3989 4197
4 3424 4189 3458 4455
4 1900 3250 1901 3564
4 2110 2085 2084 4618
4 2268 3856 4553 4846
4 3384 3699 1573 4074
4 2703 4102 3285 4623
4 3079 3385 2609 3442
4 3336 4364 2735 4828
4 854 3848 818 4492
4 1110 1109 3415 4658
4 2663 4083 3861 4775
4 1357 1355 1353 3616
4 3386 2751 3702 4267
4 1264 3341 1190 4013
4 3372 3411 2883 4388
4 2094 2092 2062 4764
4 3325 4117 2678 4170
4 213 2984 225 4254
4 3160 2824 3949 4627
4 2915 3638 2657 3997
4 1103 4463 3354 4810
4 288 3001 279 4784
4 2582 3385 3943 4682
4 2092 2060 2062 4764
4 898 439 904 4577
4 1012 1011 3965 4790
4 571 3328 578 3850
4 1155 1162 1133 3264
4 3260 3470 2601 4750
4 886 3696 3262 4629
4 2664 3263 2710 3631
4 2675 3750 3235 3761
4 3531 4474 2917 4529
4 1811 3076 3287 4101
4 3331 3491 2801 3824
4 3666 4168 2978 4736
4 1584 1589 1592 4615
4 2800 3529 3491 3530
4 3271 4053 3970 4199
4 1145 1147 3964 4621
4 632 4075 752 4631
4 880 859 857 3967
4 2941 3172 2716 4787
4 3355 3356 4351 4558
4 3137 4288 3585 4603
4 1641 1639 1638 4648
4 1012 3727 994 4790
4 3605 4103 3114 4491
4 3102 2989 4264 4590
4 3767 3879 3766 4748
4 2577 3340 3006 4298
4 2693 3759 2869 3779
4 748 747 739 3602
4 3250 3884 1886 4192
4 2601 3470 3469 4750
4 3367 3402 2832 4769
4 2505 3185 3046 4509
4 828 804 803 3643
4 2190 2442 2189 3280
4 381 391 397 3259
4 3081 2586 3528 4053
4 483 3749 3675 4667
4 2901 3196 3532 3693
4 2880 3812 3281 3841
4 2957 4028 3165 4215
4 1742 1743 1735 4227
4 3220 3899 3176 3913
4 106 132 169 4448
4 3078 3385 3943 4408
4 3378 3922 2969 4572
4 2863 3027 2744 4353
4 2565 3367 3345 4769
4 3674 3679 2909 4214
4 2249 2250 2222 4495
4 3407 3885 3175 4833
4 514 521 520 3429
4 215 3561 2588 4453
4 2853 3369 2905 4834
4 3001 3456 288 3474
4 2005 3772 1994 3773
4 2601 3469 3966 4349
4 171 3368 207 4254
4 2645 3732 3594 3760
4 106 124 132 3801
4 2732 2842 3600 3623
4 3350 4251 3199 4277
4 2592 4001 3426 4259
4 2744 3401 2897 4778
4 707 708 4226 4603
4 3353 3795 2162 4773
4 3593 3973 3462 4730
4 687 689 688 4468
4 3137 3909 684 4738
4 2136 3490 3620 4618
4 857 879 880 3967
4 2638 2822 3022 4458
4 269 244 142 3653
4 3901 2616 4349 4475
4 2768 4361 3669 4568
4 2579 3872 3688 4000
4 1479 1814 1813 4570
4 650 651 3846 4161
4 2685 3000 4277 4465
4 2678 3405 3325 3713
4 1705 3842 1706 4392
4 3867 4649 111 4650
4 121 3801 106 3941
4 2090 2114 1780 3302
4 1913 1911 1917 3611
4 2873 2733 4038 4143
4 2148 4089 4040 4556
4 588 581 3451 4154
4 2639 2585 3955 4562
4 1524 3272 1561 4647
4 3121 4505 3010 4796
4 1214 1189 1187 3939
4 3175 3885 3407 4143
4 3271 3970 3029 4199
4 3033 3252 2726 3390
4 3861 4083 2847 4775
4 129 119 2886 3978
4 2930 2752 3946 4697
4 2761 3229 2699 4063
4 3363 3421 2971 4552
4 799 3643 3581 4720
4 2660 3582 3296 3695
4 2620 3931 2900 4247
4 3070 3646 3392 3988
4 3140 3320 182 4115
4 2197 3369 2198 4219
4 691 693 692 4468
4 2911 3113 4166 4851
4 2599 3217 4445 4456
4 2735 3915 3011 4364
4 2887 3201 3080 4494
4 2681 2794 4491 4662
4 3321 3644 3255 4035
4 2864 2679 3668 4755
4 2632 3958 4287 4449
4 3072 4511 4319 4643
4 2922 4006 3653 4037
4 1861 1862 3866 4038
4 2601 3768 2725 4517
4 1926 3600 3623 3908
4 2850 3324 4258 4742
4 2661 2985 3287 4564
4 1742 3505 1743 4227
4 1119 1103 1104 4810
4 2486 2485 3678 4552
4 2610 3242 3301 4639
4 2873 3315 3786 4143
4 3709 3826 1364 4534
4 2263 3787 3907 4028
4 1495 1496 1501 4812
4 2045 2065 2063 4810
4 2805 4463 2982 4612
4 1156 1135 3111 4373
4 2842 3989 4197 4520
4 2749 2620 3934 4145
4 2681 4103 3605 4491
4 3652 3741 3680 4717
4 1122 1106 4238 4811
4 2909 4164 3272 4841
4 2619 2967 3535 4473
4 726 3095 3910 4368
4 1027 3965 1028 4790
4 1886 3250 3564 3884
4 1526 1561 1524 3272
4 2621 4255 3719 4377
4 1088 3401 1087 4204
4 2506 2536 2528 3565
4 1021 1004 1005 4821
4 3806 4463 3373 4612
4 2843 3050 2876 3621
4 950 957 3290 4080
4 2646 3994 3307 4112
4 977 3728 963 4743
4 1032 3221 3864 3969
4 1850 3866 1839 4477
4 3200 3846 679 4580
4 3058 2949 4343 4585
4 970 3222 971 4134
4 3247 4526 3921 4527
4 2686 3104 3293 4328
4 151 3653 3379 3776
4 1643 4167 1683 4672
4 2748 3356 3835 4351
4 3553 3815 2731 4536
4 1609 3372 1638 4648
4 917 3268 924 3859
4 1689 4256 882 4392
4 1661 1653 1660 4428
4 2786 3162 3684 4169
4 2514 3232 2518 4201
4 2714 3879 3394 4528
4 2832 2576 3402 4193
4 2681 4303 3327 4646
4 2614 3467 3753 4514
4 2910 4131 4135 4725
4 1743 1735 4227 4441
4 1404 3634 3633 4354
4 2843 2876 3155 3621
4 3099 2842 3623 4520
4 3089 3263 2768 4152
4 2994 4041 3810 4446
4 1851 3309 1854 4411
4 2838 3080 2887 3202
4 1925 1938 3257 3600
4 2691 3147 3886 4434
4 3081 4117 3291 4444
4 2585 3461 3816 4092
4 2794 3584 3310 4669
4 2191 2190 2176 3920
4 373 3478 361 4677
4 2709 3753 3467 4514
4 3442 3471 2574 4160
4 2786 3664 3111 3684
4 2810 4384 4051 4505
4 4185 4374 2927 4475
4 1507 1500 1499 3624
4 207 3368 171 4035
4 2609 2670 2647 3385
4 207 171 223 4035
4 599 3799 601 4055
4 2577 2740 4715 4805
4 2693 4042 3031 4675
4 1723 1725 1726 4777
4 3527 4119 2542 4394
4 2043 4464 1118 4810
4 875 874 866 4832
4 1201 1217 1216 4238
4 2675 3267 2866 4683
4 2595 3307 3539 4112
4 2911 3113 2738 4026
4 2967 3652 3535 4068
4 2931 3410 3305 4260
4 1519 1520 1516 3576
4 3061 4416 3482 4610
4 2642 4279 2713 4337
4 3099 2791 3309 4347
4 3176 3652 3651 4138
4 1123 1122 1107 4238
4 401 4072 400 4073
4 2692 2898 3046 4064
4 1755 1754 1765 4182
4 2641 3485 3694 3834
4 2806 3166 3016 4194
4 2754 3178 3047 4088
4 3535 3358 4068 4609
4 2932 3449 3441 3648
4 3075 3604 419 3737
4 2682 3364 3788 4327
4 2770 3588 2901 4030
4 514 3700 3060 4173
4 999 1000 1009 3977
4 3606 4598 440 4599
4 3520 3091 4481 4521
4 3675 3749 2924 4667
4 955 4218 3663 4331
4 2834 3453 3485 4482
4 2718 4085 3019 4181
4 3262 3696 886 4031
4 1637 1634 1636 4851
4 1642 1714 1643 4756
4 2201 1214 1213 3825
4 1861 3414 1873 4038
4 518 3844 526 4130
4 3774 4328 2686 4358
4 1470 1461 3318 3475
4 579 3850 584 4559
4 1962 1963 1977 3987
4 2650 3082 4550 4788
4 1213 2200 2201 3825
4 258 241 264 4659
4 3272 3523 3109 4666
4 1719 1721 1722 4777
4 4120 4316 3405 4561
4 2071 2226 2072 4129
4 970 971 3222 4637
4 1261 1262 4545 4819
4 3462 3946 3455 4462
4 2612 3175 3336 4364
4 2863 3863 3756 4025
4 3119 3415 3248 4424
4 3000 3076 2685 3223
4 2595 3582 3296 4687
4 2573 3325 3139 4213
4 2120 4435 2118 4436
4 2132 2133 2108 3572
4 2807 2656 3676 3720
4 2791 4098 3308 4181
4 3107 4086 2904 4418
4 2850 4643 4511 4763
4 1215 2202 2295 3825
4 2295 1295 1215 3825
4 1596 3575 1597 4075
4 472 4186 3300 4705
4 3105 4091 3635 4348
4 1286 1285 1262 4545
4 3031 2844 3207 3995
4 574 573 3141 4559
4 2791 3309 3308 4098
4 977 993 3727 4790
4 3078 3385 2758 4330
4 491 492 490 3598
4 3066 3689 3690 3993
4 3064 3456 3331 4533
4 2778 2640 3625 4834
4 2599 3055 3853 4264
4 3297 4116 2833 4624
4 2781 3955 3721 4504
4 2574 3260 3469 3966
4 3167 3453 3819 4022
4 2707 3517 3265 4692
4 432 3382 3075 3737
4 256 3146 3710 4425
4 69 76 165 4489
4 3062 4062 3236 4710
4 1762 4167 1714 4756
4 2935 3108 2723 3759
4 3505 4329 4227 4441
4 3603 4100 3749 4269
4 3433 3528 2586 4801
4 3234 3506 2578 4711
4 2760 3722 3117 4767
4 3106 4715 2740 4805
4 1186 1149 1147 3408
4 2592 3591 3592 4352
4 1715 1718 1716 4756
4 2622 3721 2960 4002
4 108 3917 111 3978
4 2871 3116 3840 4033
4 2158 2139 2140 4435
4 1144 3664 1157 3964
4 3219 3582 3503 4687
4 2428 2804 2425 3777
4 2843 3490 3155 4311
4 688 686 687 4468
4 3196 2759 3693 4501
4 2582 3470 4516 4750
4 2484 3421 2483 4552
4 2575 2604 3444 4213
4 4347 4356 3387 4563
4 4086 4087 2904 4418
4 2641 4481 4376 4674
4 1869 1861 1873 4038
4 4112 4382 3053 4440
4 2108 2133 2109 3572
4 1476 3076 1594 3687
4 1729 1704 1730 4392
4 915 920 919 4467
4 1605 3423 3715 3821
4 4263 4473 3088 4566
4 3371 3584 2924 4100
4 946 945 947 3728
4 110 3347 103 4500
4 2591 4012 4287 4402
4 2034 3415 2033 4424
4 2747 3300 2894 4587
4 2714 3333 4442 4804
4 3229 4063 3872 4685
4 3886 4434 2803 4639
4 2403 2406 2388 4323
4 2178 2179 3636 3795
4 2638 4120 4036 4316
4 2824 2667 4587 4616
4 1040 3227 1048 4344
4 3095 3909 726 4207
4 2653 3816 4536 4562
4 692 690 691 4468
4 1542 1509 1428 4734
4 2578 3442 3079 3704
4 2842 3452 2635 4197
4 3303 4218 2952 4849
4 2919 3017 3622 4816
4 1803 1796 3770 4179
4 695 3297 816 4116
4 554 1413 1412 4007
4 1007 991 1008 4554
4 1402 1396 3634 4799
4 2507 3185 2505 4509
4 3003 3725 3235 4212
4 1583 3404 4074 4668
4 2876 3149 2973 3670
4 2935 3662 3185 4064
4 262 3440 3439 4160
4 3513 3514 2779 4109
4 311 3400 317 4702
4 3702 2803 4434 4639
4 1534 3482 1644 4812
4 3812 2626 4736 4833
4 2795 3301 3886 4385
4 1048 1040 1049 3227
4 2651 3433 3898 4054
4 2605 2874 2680 3550
4 2714 3767 3394 3879
4 2612 4239 3934 4363
4 1459 1467 1457 4043
4 2828 3349 3854 4768
4 2573 3444 3271 4053
4 3428 3761 2866 4683
4 2327 2326 3671 4307
4 2938 3329 2765 3708
4 2815 3119 3248 4424
4 3973 4153 2932 4485
4 1538 3519 3350 4426
4 3112 4126 3545 4324
4 3433 4568 2642 4691
4 3107 3440 3249 4397
4 1005 1022 1021 4821
4 1399 1398 1404 2540
4 4090 4268 3637 4761
4 2571 3853 3847 4308
4 322 3201 320 3802
4 2140 2159 2158 4435
4 2708 4277 3236 4827
4 3378 3657 2969 3922
4 3308 3309 2791 4347
4 3060 3168 513 4173
4 3018 4720 3643 4792
4 2818 2662 4049 4132
4 2579 3258 3065 4499
4 137 152 3008 4230
4 110 121 113 2684
4 3883 4019 3882 4036
4 2580 3540 2979 4479
4 3024 3505 3781 4430
4 3123 4165 788 4486
4 2645 3732 2843 4311
4 822 3581 3848 4540
4 2909 3552 3272 4214
4 4248 4249 3127 4806
4 2711 3648 3301 4485
4 2695 2993 3472 4350
4 2740 3762 3316 4573
4 2566 3817 3566 4357
4 836 3838 835 4409
4 1538 3350 3519 4251
4 872 3930 3698 4061
4 2868 4587 2747 4588
4 2584 3855 3761 3979
4 2602 3500 3359 4592
4 2654 2742 2709 4367
4 3151 4120 3405 4561
4 2528 3565 2529 4583
4 2573 3789 3292 3968
4 2441 2446 2447 3905
4 2691 2819 3634 4434
4 3346 4077 2757 4326
4 80 3090 81 3271
4 2826 3641 3932 4780
4 479 470 480 3445
4 2725 2849 2975 4211
4 2200 3149 2216 4139
4 3848 4404 3275 4492
4 2106 3240 1773 4040
4 1429 3677 3043 4184
4 354 3714 352 3954
4 2621 3480 4172 4249
4 2611 3294 3125 4813
4 1728 2058 1769 4764
4 2620 3736 2749 3934
4 2660 3974 3219 4687
4 2636 2926 3870 4574
4 3274 4303 2681 4646
4 1008 991 3977 4554
4 230 226 3566 3817
4 3182 4425 3140 4794
4 2655 3462 3946 4730
4 1046 1070 1045 3312
4 1750 1749 3209 4329
4 2810 3992 3143 4688
4 2320 2328 2401 3896
4 3315 3786 3045 3860
4 3173 3388 277 4110
4 3036 3887 3646 4385
4 3203 3795 2931 4783
4 3357 3736 3574 4367
4 1805 4284 3770 4830
4 2968 3779 3559 4043
4 430 441 440 4598
4 1161 4065 1169 4584
4 2163 3203 2164 4415
4 3071 4422 4014 4696
4 1806 1822 1805 3492
4 3212 3812 3573 4736
4 3026 3645 2668 4342
4 3725 4334 3235 4350
4 2261 2271 3907 4261
4 2791 2956 4098 4181
4 2548 1516 2524 3576
4 2983 3221 3169 3583
4 3285 4103 4102 4581
4 2648 3002 2804 4107
4 1594 3076 3000 3687
4 3038 3958 3867 4449
4 2901 3666 2733 4168
4 636 3427 662 3900
4 2813 3996 2936 4613
4 3859 4104 3049 4265
4 2713 4337 4278 4837
4 2631 2768 3669 4568
4 2817 3316 2680 3918
4 2445 2457 2458 3410
4 3066 2774 3411 4567
4 2530 2531 3576 4097
4 818 3848 3275 4492
4 3101 3348 2899 4432
4 3214 3552 2909 3679
4 334 335 3130 3985
4 815 694 4116 4696
4 2635 2758 2769 2813
4 3516 4292 3014 4742
4 147 3578 148 3921
4 2923 3183 2719 4145
4 3244 3706 3562 4699
4 2872 3342 3007 4640
4 2755 3098 2856 4228
4 1356 2396 2400 3616
4 3332 3361 642 4007
4 2679 3026 3813 4122
4 3459 4044 2564 4045
4 2609 3385 3079 3704
4 2781 3720 3807 4504
4 2954 4056 3129 4627
4 2473 3421 3833 3889
4 3312 2881 4206 4821
4 2925 4218 3303 4849
4 2626 3656 4710 4737
4 2588 2942 2623 4573
4 1969 1975 3854 4795
4 771 4057 770 4503
4 2854 4593 3158 4620
4 2639 2743 3496 4092
4 3468 4507 4147 4508
4 2580 3540 3152 3753
4 2602 3295 3433 4337
4 2243 3621 3251 3818
4 1668 1660 1553 4133
4 313 3202 326 4289
4 1449 1446 3043 3983
4 2635 2769 2647 3830
4 3160 4345 3835 4624
4 3888 4353 2747 4479
4 908 905 913 3782
4 1568 2559 1571 4614
4 711 3689 719 3993
4 3141 2932 3973 4153
4 2625 2884 2648 2955
4 2583 3176 3220 3899
4 3209 4177 3021 4182
4 3675 4466 3063 4667
4 2930 3451 2752 4697
4 2568 3107 3234 3718
4 132 227 235 3801
4 3211 3722 2926 4071
4 189 3255 186 4126
4 1352 1337 1351 3780
4 2868 2747 3717 4588
4 3771 2631 4609 4644
4 4134 4206 2881 4821
4 884 851 850 4414
4 289 292 3388 3807
4 260 3150 248 4037
4 1725 1699 1727 4824
4 227 124 44 3801
4 2811 2667 3521 4588
4 2685 4051 3403 4384
4 1467 4043 1479 4570
4 1407 1408 3527 4799
4 2520 2519 1380 3543
4 1754 1753 1764 3412
4 809 3911 810 4540
4 3420 4157 3758 4164
4 3101 4151 3503 4772
4 1516 1520 1517 3576
4 2800 3491 3375 4487
4 3420 3480 2621 4042
4 4243 4731 4381 4732
4 291 289 3473 3807
4 1773 3240 2106 3842
4 2917 3774 3545 4474
4 3603 3749 3371 4676
4 2694 3371 3584 4581
4 1660 1653 1652 4428
4 2750 3108 3559 4626
4 1129 3111 1135 4373
4 569 568 3932 4681
4 3119 4247 4029 4818
4 1213 1214 1187 3939
4 2801 3491 3375 4844
4 3333 2784 4026 4804
4 2943 3365 3111 3836
4 2708 3350 4277 4426
4 2660 3582 3695 3974
4 1669 1662 1661 4133
4 2922 3325 4006 4316
4 2690 4381 3981 4592
4 3711 4253 3041 4543
4 538 3361 602 4604
4 2625 2851 2638 3012
4 2794 3651 3584 4491
4 2874 2985 2846 4564
4 593 620 542 4423
4 1701 1700 1708 3570
4 2610 3386 3567 3702
4 2492 2490 2491 3363
4 1549 1553 1660 4133
4 2878 3838 3643 4409
4 3068 3932 3641 4780
4 1435 1427 3043 3983
4 2904 3849 3580 4659
4 4235 4320 1679 4851
4 2695 3472 2993 4483
4 2441 3094 2188 3956
4 2756 3418 2976 3820
4 299 310 3495 3549
4 2761 4241 3872 4363
4 2984 2565 3917 4254
4 2856 3410 2931 4260
4 2853 2778 3369 4834
4 2262 2261 2271 3907
4 2894 3300 3598 4705
4 2715 3527 4009 4216
4 358 3030 370 4703
4 2899 4405 3088 4566
4 2767 3669 2768 4361
4 3106 3550 3237 3992
4 2606 3439 3440 4758
4 3177 3208 2754 4209
4 2089 3302 2091 4679
4 3188 2600 3890 4530
4 1670 1662 1669 4133
4 1392 677 3846 4221
4 2290 2258 2252 4553
4 2137 3155 3490 4210
4 2585 3955 3174 4174
4 3495 3549 2710 3631
4 2190 2175 2176 3920
4 76 156 137 3504
4 2262 2271 2272 3907
4 2924 4103 3513 4466
4 3026 2668 3645 4375
4 483 3675 3749 4744
4 3644 4263 4193 4590
4 2640 3667 3793 3979
4 1453 3317 1449 3318
4 2849 2991 2629 4301
4 2706 3420 4042 4841
4 573 3735 3458 4189
4 3453 3485 3274 3834
4 2919 2731 3454 4091
4 3164 3556 3492 4284
4 2781 3299 3202 3807
4 1692 1642 1611 4031
4 178 3255 3321 4252
4 2404 2401 2328 3896
4 2711 3441 2996 3648
4 2947 3096 2948 3910
4 1849 1838 1837 3889
4 1687 3422 1686 4472
4 1417 3677 1418 4184
4 1416 4332 3983 4341
4 2892 3167 3327 3450
4 1643 4167 4672 4756
4 3023 3804 3897 4062
4 2629 2666 2849 4108
4 2702 4311 3594 4723
4 1597 3575 1598 4075
4 2629 2991 2858 4301
4 1431 1432 1433 4551
4 3867 3917 2565 3978
4 266 160 142 3653
4 3394 3668 2599 4264
4 2338 2340 2341 4400
4 3343 3010 4384 4505
4 684 3909 3137 4288
4 2359 2273 2367 3907
4 3024 3803 3655 4493
4 2690 3808 4381 4592
4 2625 2851 2727 4120
4 3157 4055 596 4412
4 879 3422 880 3967
4 2707 3579 3517 4513
4 2532 2530 2531 3576
4 2633 3375 3741 4022
4 2678 2920 2726 4220
4 1452 3317 1453 3475
4 1207 1199 3448 3926
4 3520 3811 2779 4433
4 1594 3687 3000 4452
4 2709 2808 3467 4413
4 3615 4149 1171 4673
4 2359 2263 2273 3907
4 2949 3058 3980 4106
4 2091 1769 2058 4764
4 3056 3145 2832 3875
4 85 3150 75 3504
4 2628 3521 3152 4588
4 2834 3485 3489 4052
4 3010 4255 4380 4796
4 2640 3793 3855 3979
4 3080 3201 2887 4114
4 1207 3448 1289 3926
4 1427 1429 3043 4184
4 1904 3256 3751 4183
4 2585 2854 4174 4735
4 297 308 290 3474
4 3059 2695 4331 4657
4 3746 3865 3203 4490
4 3051 3853 4371 4750
4 2564 4044 3525 4045
4 1860 1865 3884 4411
4 265 3710 3627 4595
4 3229 3342 2872 4685
4 1726 4027 1724 4777
4 1901 3250 1900 3693
4 223 231 217 3438
4 2257 2256 3787 4495
4 1783 3569 3240 3842
4 2876 3050 2843 3732
4 1860 1861 1862 3866
4 3637 4611 4090 4761
4 3321 179 3978 4254
4 884 850 883 4414
4 2254 3787 2255 4495
4 3226 3443 3422 4131
4 2565 3368 3321 4254
4 742 4034 741 4617
4 2818 3679 3674 4084
4 3562 4445 3853 4590
4 3089 3171 2676 4229
4 1930 3288 3891 4294
4 2501 3430 4018 4642
4 873 872 864 3930
4 2744 2983 2897 3874
4 3354 3534 1103 4810
4 566 516 3641 3735
4 761 3715 3423 3942
4 2703 3514 3513 4623
4 3411 4031 3262 4034
4 2633 3741 3652 4717
4 1907 1910 4071 4159
4 461 459 471 4705
4 2052 2036 3248 4838
4 921 3479 3300 4186
4 572 570 4336 4681
4 3553 3937 3105 4536
4 3697 3729 3004 4777
4 291 3473 290 4270
4 2783 3303 3227 3959
4 2703 4345 3738 4422
4 2994 3066 3993 4617
4 3123 2878 3838 4195
4 2323 2345 2346 4118
4 2567 3994 3791 4059
4 1809 1818 1813 2558
4 1192 3319 1099 4673
4 3420 2715 4150 4172
4 599 628 630 3799
4 2198 3369 2197 3818
4 3093 2988 3903 4082
4 2823 3120 4027 4764
4 1597 753 752 4075
4 2619 3524 4437 4473
4 2610 4124 3187 4757
4 111 3867 3917 4649
4 2788 3381 3694 4105
4 1381 1376 1377 3880
4 2892 3450 3327 3457
4 880 1688 881 3422
4 288 297 290 3474
4 3808 4382 4381 4592
4 2386 2388 2387 4246
4 3189 3223 2846 3734
4 3027 3144 2863 3727
4 573 3141 3458 3735
4 1597 1613 1614 3575
4 2636 3056 3413 3875
4 1837 1848 1849 3889
4 1780 1786 1778 4177
4 3049 3859 3268 4104
4 891 875 876 4625
4 1394 3709 1395 4395
4 1886 3884 1876 4192
4 2692 2643 2891 3178
4 2855 3000 2685 4465
4 1042 4554 3264 4673
4 854 855 856 4492
4 2777 3524 2916 4831
4 4109 4481 3514 4521
4 369 357 3608 4348
4 72 3545 3951 4126
4 1729 1705 1704 4392
4 1487 664 662 3464
4 2051 2052 3248 4838
4 2636 4012 3121 4387
4 2582 3943 3244 4699
4 2579 3065 3258 3483
4 1118 2042 1117 4464
4 2043 2042 1118 4464
4 1083 1082 1074 4673
4 69 165 3657 4489
4 2201 3149 2200 4139
4 600 596 4055 4809
4 2985 1471 3475 3687
4 752 1596 1597 4075
4 2244 2241 3620 3621
4 1071 3312 1046 4344
4 3014 3517 3434 4292
4 2994 4226 3810 4603
4 2567 3020 3539 4112
4 1221 1206 1222 3926
4 1000 1018 3365 3836
4 3075 3382 2877 3737
4 2886 3380 3943 4650
4 2568 2904 3580 3683
4 3112 3171 4039 4656
4 112 3078 3079 4650
4 2852 3033 2726 4169
4 2742 3073 2948 4367
4 2887 3080 2838 4494
4 3689 3993 3066 4034
4 3660 3760 2672 3998
4 2732 2630 3830 4094
4 2663 3705 3416 4706
4 1858 3435 1856 4095
4 3666 3902 3588 4579
4 236 99 3817 4622
4 2673 3493 4510 4754
4 1673 1672 1680 4235
4 950 937 933 4080
4 2625 3536 3849 4120
4 2654 3574 2742 4367
4 3861 4775 3067 4780
4 2691 4123 3242 4153
4 2888 3355 4014 4558
4 3686 4060 3931 4247
4 2848 3130 2710 4279
4 2727 3536 3151 3625
4 2632 3875 3037 4574
4 2047 2069 2067 4811
4 1302 2302 2384 3560
4 138 144 145 3525
4 1923 1904 1924 4501
4 2759 2958 3256 4520
4 2332 2305 3755 4194
4 1681 3701 4235 4648
4 2775 3270 3089 3744
4 1569 1579 1570 4668
4 370 384 371 4703
4 1264 1225 1153 4845
4 2759 3996 2813 4613
4 2593 3546 3398 3710
4 3060 3700 521 4300
4 3124 3123 4008 4315
4 3122 3638 2687 4009
4 1105 1106 1121 4811
4 994 3727 993 4790
4 2596 4015 3340 4847
4 3255 4035 3644 4310
4 1398 1404 1397 4826
4 2714 4066 2882 4528
4 3121 3722 3588 3906
4 2817 3316 2891 3512
4 3320 2571 3706 3707
4 1302 2384 1343 3560
4 2632 3867 3345 4408
4 2998 3490 2843 4311
4 3445 4346 2868 4705
4 799 800 3581 3643
4 3041 3705 4253 4706
4 534 3177 535 4205
4 2931 2856 3901 4733
4 1340 1339 1336 3612
4 925 3663 926 3919
4 884 851 4414 4658
4 2693 3759 3839 4248
4 3070 3187 3392 3646
4 2773 4728 4281 4805
4 2943 3111 2786 3609
4 2939 3172 2756 3936
4 915 919 3487 4467
4 489 4056 3876 4744
4 2613 3684 3359 4198
4 2583 3899 3539 4656
4 2840 2856 2658 4260
4 3605 2967 3680 4519
4 1361 3430 3047 3912
4 464 3628 465 3991
4 2231 3397 2233 3533
4 2826 3141 3973 4661
4 3261 4034 3262 4061
4 684 682 3909 4288
4 3282 3882 3881 4019
4 2121 2119 2118 4435
4 2746 3462 4661 4721
4 2732 2630 2856 4228
4 1606 1605 3715 3821
4 144 3566 143 4700
4 119 105 129 2886
4 2712 2951 2670 3432
4 3062 3758 3573 4255
4 1533 3519 1532 3599
4 3122 4009 2715 4299
4 2717 3126 2958 4339
4 2978 3619 3212 4736
4 911 462 3479 4577
4 2599 3055 3493 3990
4 3406 3923 3025 4231
4 412 413 4598 4816
4 4174 4352 3041 4620
4 2570 3038 3344 3703
4 2597 3398 250 3882
4 2840 3308 3280 4510
4 3239 3690 3689 3993
4 79 3774 3090 4328
4 3005 3463 3796 4730
4 3285 4103 4581 4600
4 1538 1537 1545 4251
4 2435 3538 2185 4556
4 474 3749 3310 3991
4 2480 3387 2471 4093
4 163 3506 136 4431
4 2715 2906 3214 3679
4 2514 2515 2510 4201
4 2651 3013 2865 3981
4 2682 3041 3630 4543
4 834 4409 3360 4565
4 2782 3165 2973 3716
4 2686 3089 2812 3331
4 2987 3435 2802 3931
4 584 4389 3763 4559
4 3874 4597 1090 4793
4 1576 3189 1577 4251
4 2403 2386 2385 4246
4 850 848 3226 4414
4 244 266 3653 4037
4 2673 3879 3767 4748
4 2789 2858 2730 3085
4 3444 3968 97 4713
4 2776 3276 3889 3931
4 2316 2324 2317 4118
4 2807 3676 2656 4844
4 1642 4672 4031 4756
4 2806 2668 3016 4301
4 1597 3575 1596 4812
4 2132 2148 2149 4089
4 2823 3933 2673 4085
4 3541 3788 2598 4297
4 1432 1437 1433 4551
4 3126 2956 3868 4477
4 2793 3787 2957 4185
4 1116 3775 2041 4824
4 2106 2131 2107 4040
4 896 895 429 3739
4 3337 4099 358 4348
4 1671 1670 1678 4235
4 3133 2628 3311 4457
4 2171 2172 2173 3956
4 2567 3642 3539 4656
4 115 3943 3380 4650
4 2630 2856 2755 3901
4 2966 3966 3469 4349
4 591 3283 4389 4762
4 3141 3850 569 4559
4 3141 3458 2964 4559
4 377 376 364 4606
4 3101 3503 3524 4772
4 3441 2932 3641 3735
4 3291 4484 4444 4751
4 2883 3724 2999 4066
4 1833 1825 3647 4098
4 1396 3424 1388 3871
4 2805 2940 3534 4810
4 256 3710 3398 4425
4 3072 3661 4262 4763
4 2640 3405 3151 3625
4 1572 3699 3384 3892
4 2794 3310 2970 3628
4 2904 3718 3580 4086
4 2639 2743 3032 3377
4 3167 3450 3034 4140
4 3649 3873 2659 4106
4 2680 3316 2698 3318
4 2690 3048 3193 3919
4 2570 3143 2773 4281
4 3242 4123 3973 4153
4 3356 4351 2748 4779
4 3719 4377 4255 4380
4 2745 3676 3201 4708
4 3209 2797 4329 4548
4 1204 1220 1219 3925
4 2158 2159 2175 3920
4 3253 3892 1457 4043
4 3311 3686 3246 4802
4 2911 3113 4026 4166
4 51 138 158 3525
4 3088 3639 4405 4774
4 3535 4068 2899 4267
4 2692 3178 2891 4695
4 2807 3064 2724 3857
4 2880 3614 3366 3841
4 2222 3670 2223 4139
4 2829 3264 3159 4550
4 2611 4156 3626 4508
4 2764 3891 3607 4232
4 3153 2793 3787 4495
4 2673 4748 3767 4754
4 3010 4380 3902 4796
4 2666 2629 2849 2914
4 3528 3898 2586 4199
4 2322 2315 2314 4118
4 2668 4342 2903 4438
4 331 3802 346 4140
4 3326 3313 4537 4669
4 2815 2776 3179 4602
4 3439 3710 2879 4108
4 3239 3689 2888 4014
4 2601 2725 3768 4475
4 1644 4416 3482 4428
4 2332 2239 2305 4194
4 1936 1949 3196 4005
4 3369 3818 2199 4502
4 822 858 860 3848
4 2929 3093 2988 3903
4 2650 3808 3296 4306
4 2934 3239 3810 4446
4 2911 4166 3821 4851
4 2664 2604 3270 4358
4 3653 3776 2922 4037
4 2926 2770 3383 4613
4 2330 2329 2380 3465
4 2707 4292 3517 4692
4 3879 4085 3004 4748
4 3016 3084 2739 3448
4 2149 2133 2132 4089
4 3460 3639 2688 3765
4 286 284 285 3631
4 1525 1530 1526 4214
4 2963 3485 4090 4611
4 3222 4165 970 4637
4 137 165 76 4489
4 2662 2818 3743 4132
4 2245 2246 2243 3251
4 863 3930 864 4061
4 2957 2725 3417 4211
4 2519 2518 3544 4201
4 2717 3619 4168 4242
4 2699 3294 3931 4060
4 2130 2131 2106 4040
4 3573 3010 4255 4380
4 3209 2797 3492 4180
4 2683 2836 3337 4078
4 3452 3990 2635 4197
4 1789 1782 1784 3314
4 2730 3548 2789 3877
4 2442 2189 3280 3647
4 2277 3533 3230 4846
4 1687 1688 880 3422
4 3450 3457 2892 4576
4 2999 3170 3697 4528
4 3482 3497 1644 4428
4 842 4061 841 4565
4 2888 4102 3285 4422
4 1073 3227 1081 4344
4 3285 3690 3239 4446
4 3372 4031 3411 4388
4 3311 4457 2628 4802
4 2603 4193 3217 4690
4 3134 3580 2816 4017
4 850 3226 883 4414
4 82 3271 81 3970
4 739 740 748 3602
4 3540 3717 2979 4479
4 3014 4055 4412 4809
4 2803 2906 3633 3634
4 2699 4396 3294 4401
4 3219 4243 4203 4814
4 911 922 912 3782
4 2870 3344 3035 4807
4 2903 2806 3397 3533
4 2563 3171 3526 4039
4 784 787 793 4792
4 1625 1626 1618 4798
4 2666 4107 2849 4108
4 3584 3651 2762 4814
4 2527 3423 1531 3674
4 3332 4007 642 4359
4 2636 3056 3875 4012
4 1587 4452 1586 4615
4 3175 4143 3786 4239
4 2277 3230 3533 4261
4 392 3622 383 4046
4 1859 3421 2482 3889
4 2145 2288 2294 3865
4 2635 3723 3243 4197
4 1911 1912 3611 4515
4 133 107 123 3249
4 3275 3848 3028 4404
4 2642 3400 2710 4361
4 3083 3428 2866 4683
4 2595 3539 3899 4112
4 2646 2739 2789 4589
4 331 3201 3802 4140
4 171 3321 178 4035
4 2095 4435 3370 4436
4 1375 1374 2511 3232
4 1416 3983 1426 4341
4 2636 3870 3121 4012
4 855 853 878 4492
4 1462 3475 3687 3734
4 2877 3013 2651 4054
4 413 4091 3622 4598
4 3541 3753 2598 4522
4 2722 3973 2826 4780
4 3424 3458 4189 4653
4 502 498 500 3286
4 342 3202 3080 4099
4 1638 4648 3372 4672
4 2594 2638 4036 4316
4 3110 3147 2795 3648
4 3260 3966 2701 4791
4 2729 2659 3339 3460
4 256 252 3398 3710
4 732 730 731 4369
4 3113 3792 3009 4235
4 490 482 481 3598
4 2788 3579 3381 3944
4 2850 4258 3661 4763
4 3036 3646 3187 4498
4 3059 3977 991 4331
4 734 735 852 4369
4 3483 3941 2986 4454
4 545 554 553 4007
4 2878 3603 3371 4558
4 1164 1165 3615 4373
4 2581 3246 3686 4634
4 3522 4033 3116 4481
4 3503 3582 3219 3974
4 2888 3360 4558 4565
4 1831 3860 3556 4477
4 1436 1441 3043 3740
4 4319 4511 3585 4643
4 2779 3520 4109 4521
4 2566 3566 4297 4357
4 476 3289 3991 4447
4 2094 3499 3370 4764
4 2162 3353 2143 4490
4 2645 2876 2843 3732
4 2703 4102 3356 4422
4 3472 3793 3667 3979
4 228 2961 219 4142
4 2655 3869 3455 4462
4 2727 3405 3151 4120
4 1592 1582 1584 4250
4 2691 2819 4153 4455
4 3091 3381 3815 4105
4 3767 3879 2673 4569
4 2585 3816 3174 4562
4 2888 3356 4102 4422
4 2935 2750 3662 4064
4 2037 2053 3632 4838
4 152 3008 150 4497
4 1462 1454 3475 3734
4 753 3910 723 4631
4 2978 3902 3666 4736
4 2385 3560 2384 3896
4 2913 3648 3449 3735
4 2892 3457 3327 4662
4 212 3537 2984 4728
4 2798 3303 4134 4821
4 1024 3227 1007 4554
4 2221 2249 2222 3670
4 2282 3251 3155 4079
4 2956 3551 4076 4478
4 3371 3749 3603 4100
4 2759 3555 4197 4237
4 2153 2152 3362 3490
4 2691 4123 2819 4434
4 2503 2502 2504 3662
4 2582 3469 2647 4147
4 2900 3435 3276 3931
4 1726 1724 1723 4777
4 2229 2231 2232 3533
4 2648 4087 4086 4418
4 2607 3767 3015 4456
4 1066 3583 1138 4793
4 2478 3387 4356 4563
4 2645 2793 2973 4835
4 1805 1822 3770 4284
4 3513 3514 3476 4582
4 1678 4235 3395 4320
4 1079 3312 1071 4344
4 51 232 138 3525
4 3403 3691 2685 4384
4 1755 1756 1757 4182
4 483 473 3749 4667
4 1599 3575 1615 3650
4 2136 3490 3155 3620
4 690 692 702 3515
4 2629 2858 2730 3948
4 3453 3485 2944 4680
4 875 866 867 4832
4 1421 1429 1418 3677
4 2648 4086 2672 4418
4 2694 4008 2916 4831
4 2140 4435 2139 4679
4 3234 2568 3506 4711
4 1784 3314 3209 4180
4 2083 3572 2075 4424
4 3072 3231 4161 4162
4 2456 3647 3280 4539
4 2620 3357 2749 4634
4 2154 2155 2153 3362
4 2748 3835 3356 4779
4 2166 2146 2165 4040
4 2989 3102 2862 4590
4 2587 3546 3398 3563
4 3083 3428 2763 4078
4 2032 2028 2557 2951
4 2924 3584 3371 4581
4 3052 4699 3470 4750
4 2002 1999 1997 3181
4 721 720 632 4631
4 25 96 228 3376
4 1626 1625 1650 4549
4 2960 3426 4174 4620
4 2619 4437 4267 4473
4 580 3850 3328 4389
4 2673 2823 4085 4510
4 3522 4090 2641 4376
4 3066 3602 2994 4451
4 3557 4266 2667 4413
4 2776 3180 2907 3889
4 3575 3650 1599 4058
4 3343 4384 2669 4807
4 3155 3251 2244 3621
4 2563 3438 4039 4774
4 2837 3029 4059 4199
4 2638 2851 2625 4120
4 490 3598 492 4186
4 2580 2979 4457 4479
4 2997 2659 3649 3873
4 145 4045 3941 4448
4 3573 3902 3010 4380
4 3102 3503 3220 4263
4 1870 1882 1883 3607
4 562 3430 1419 3431
4 856 820 818 3848
4 3386 2967 3605 4111
4 131 105 120 3380
4 3009 3792 3281 4235
4 1800 4180 3492 4830
4 240 4425 3182 4794
4 1369 3709 3110 3826
4 3164 3860 3556 4284
4 1388 3424 676 3871
4 4044 4298 3340 4715
4 2781 3720 3173 3807
4 2275 2274 4129 4846
4 2924 3326 4466 4669
4 2701 2885 2772 4418
4 2897 4524 2778 4778
4 2497 3623 1890 4183
4 3314 3843 1782 4665
4 1011 1028 3965 4790
4 2994 3810 4041 4603
4 1579 3404 1583 4668
4 630 632 720 4631
4 2294 3746 3306 4553
4 3438 4310 4039 4774
4 430 4598 3457 4599
4 1677 1670 1669 3395
4 3090 3774 2775 4358
4 2880 3281 3614 3841
4 2635 2758 2647 2769
4 2732 2856 2630 4094
4 2695 4350 4175 4657
4 762 3715 761 3942
4 3505 3570 2974 4145
4 2883 3411 3262 4567
4 1591 3384 1592 4250
4 2206 2231 2229 4257
4 2159 2176 2175 3920
4 3224 3241 3085 4506
4 2658 2856 3387 4094
4 2624 2765 4786 4822
4 3214 4097 4042 4675
4 2227 2225 2204 4257
4 2345 2353 4215 4531
4 365 364 3954 4321
4 3036 4068 3358 4498
4 105 2886 119 4650
4 87 96 3531 4622
4 3565 3699 2893 4583
4 3010 4255 3127 4383
4 2622 4620 2960 4709
4 2838 3080 3608 3819
4 849 860 859 3443
4 96 3376 71 3531
4 2709 2808 3096 3467
4 2367 2273 2281 4317
4 3939 4013 3408 4393
4 2770 4030 3446 4613
4 3119 3842 1707 4424
4 3121 3902 4387 4796
4 425 4346 3597 4797
4 3453 3819 3601 4712
4 4004 4626 1456 4836
4 692 3515 690 4468
4 3107 3718 2904 4086
4 658 3502 650 3846
4 2146 2166 2147 4040
4 1906 1890 2497 3623
4 2672 4086 3718 4418
4 2833 3297 3558 4116
4 619 704 712 4161
4 3160 3840 2833 4266
4 3784 3797 305 4289
4 921 922 3782 4684
4 3310 3584 2970 4100
4 2628 3133 3311 4778
4 2604 2848 2710 4279
4 2690 3981 2859 4660
4 1869 1868 1862 4095
4 829 828 803 3643
4 3513 3476 4466 4582
4 3106 4281 3537 4805
4 2158 2159 3920 4435
4 26 88 71 3951
4 2213 3818 2243 4502
4 3510 3923 2937 4768
4 805 830 4195 4486
4 2775 81 3090 3970
4 3259 3928 422 4410
4 603 602 643 4419
4 3130 351 3478 4677
4 3376 4142 3058 4529
4 211 45 204 109
4 2068 2065 2067 4275
4 3239 4014 2888 4422
4 921 3479 4186 4684
4 2564 2579 3688 4454
4 45 103 204 109
4 136 31 123 153
4 1192 4149 3319 4673
4 3328 577 3451 4336
4 2754 3208 4088 4534
4 1652 1645 1644 4416
4 2805 3373 2940 4810
4 2719 2974 3934 4145
4 326 3202 325 4289
4 2894 3129 3949 4587
4 1635 1634 1637 4851
4 1722 1720 1719 4777
4 3702 3886 2803 4639
4 2349 2327 3671 3672
4 2574 4160 3440 4397
4 2775 3171 3112 4655
4 3041 4174 3426 4352
4 2727 3151 3536 4120
4 3139 3444 2575 4713
4 1682 4167 3701 4672
4 928 3829 940 4637
4 457 465 3628 4447
4 2276 2277 2269 4846
4 1021 3312 1037 4206
4 2800 3070 3187 3764
4 3812 3841 2880 4372
4 136 154 149 4633
4 702 701 690 3515
4 2762 3651 2794 4662
4 2913 3735 3700 4209
4 1822 1805 3492 4284
4 1370 3110 1372 3927
4 3065 3258 2684 4499
4 3516 3946 3517 4461
4 2611 3294 4396 4401
4 515 504 505 3449
4 3603 3371 4558 4676
4 2944 3426 4001 4259
4 169 141 106 4448
4 3333 4026 3743 4150
4 787 4195 793 4792
4 2838 3202 2887 4504
4 1046 1071 1070 3312
4 2638 2737 2822 4605
4 4001 4002 2592 4620
4 2179 2163 2180 3795
4 2574 2966 3107 4758
4 324 323 3494 3954
4 2631 3899 3176 4654
4 2693 3682 4042 4675
4 2672 3760 3718 4086
4 3041 4253 3705 4352
4 2911 4132 3743 4309
4 3526 4039 3036 4774
4 2992 3089 2676 3331
4 406 3441 3449 4398
4 1905 1890 3623 4183
4 2237 2239 2240 4686
4 3239 4422 3738 4696
4 1879 4183 1867 4356
4 1656 1649 1648 4549
4 1439 1440 3938 4341
4 2642 3295 4279 4337
4 2840 3493 2716 4260
4 844 3838 845 4832
4 3202 3299 313 3807
4 1103 1102 3354 4463
4 2233 2235 2236 4686
4 1912 1915 3800 4427
4 1895 1884 1883 4232
4 3206 4076 2956 4181
4 3282 3849 257 4037
4 2624 2796 3517 4513
4 3389 3906 3121 4505
4 2326 2318 3671 4307
4 2614 3540 3717 3816
4 2578 3054 3234 3626
4 2602 4440 3053 4592
4 2708 3897 3804 4062
4 760 3942 3423 4580
4 2351 2344 2343 4531
4 3823 3103 4376 4611
4 2919 3606 3017 4816
4 510 3218 511 3429
4 3026 4122 3645 4342
4 2720 4191 3197 4355
4 2782 2929 3093 3878
4 299 286 287 3549
4 199 188 173 3707
4 2845 3478 3259 4313
4 418 3457 430 4598
4 218 3566 205 4298
4 2821 3918 3618 4822
4 1687 4392 4472 4782
4 1997 1999 1984 3181
4 374 3450 4046 4140
4 1580 1578 3199 4614
4 2019 3510 2022 3923
4 916 925 926 3919
4 726 727 728 4368
4 3319 3615 3264 4673
4 866 3374 867 4832
4 2797 4329 3803 4493
4 2033 884 1691 4256
4 2571 3853 3562 4699
4 2762 4243 2865 4732
4 2145 3306 3746 3865
4 2891 3316 2698 3512
4 2083 2109 2084 3572
4 3435 3607 2907 3931
4 2941 3499 3370 4436
4 3157 3798 598 3799
4 3065 3801 3537 4500
4 2731 2919 3091 3937
4 3367 2657 3997 4704
4 2989 3539 3307 3745
4 1093 4148 1094 4463
4 2593 2606 3439 3881
4 2694 4008 3124 4100
4 3909 4468 4032 4594
4 119 2886 3978 4650
4 1013 995 3727 3756
4 3103 3637 3869 4761
4 738 3942 746 4580
4 2974 3011 3366 3915
4 3136 3490 2998 4089
4 3497 3519 2792 3599
4 2950 2938 3900 4822
4 3975 4538 3063 4582
4 2897 2983 2778 3050
4 2707 3265 3522 4692
4 2796 3434 2947 3477
4 3313 3606 3063 4591
4 1860 3884 3126 4411
4 2910 3971 3087 4725
4 2707 4033 3522 4488
4 884 2033 1108 4256
4 562 3430 561 4642
4 2424 2425 2409 3673
4 580 3328 4154 4389
4 3536 3718 3134 4086
4 2761 3118 3685 4240
4 2995 3877 2789 4619
4 2636 2926 4574 4613
4 1582 3384 1573 4074
4 722 723 724 4207
4 2912 3237 4281 4652
4 2631 3358 3176 4609
4 2667 3557 4413 4588
4 2759 3532 3196 3693
4 2760 3117 3118 3685
4 2672 2885 2772 2928
4 358 3337 343 4099
4 1935 4406 3092 4571
4 2697 3901 4374 4475
4 960 971 3222 4134
4 2352 4215 2353 4531
4 3528 4053 2586 4801
4 713 4319 3231 4580
4 3066 3993 3690 4446
4 662 1486 1487 3464
4 2241 2056 2080 4638
4 816 852 854 4492
4 2065 3822 2063 4810
4 3370 4435 2118 4679
4 2690 2780 3663 4657
4 1963 1957 1978 3254
4 2877 3771 3669 4138
4 2567 4112 3994 4199
4 255 246 2837 4125
4 2496 2499 2497 3191
4 2610 3301 3887 4639
4 3315 3866 3860 4632
4 2295 1295 3825 4312
4 478 485 475 3991
4 2630 3692 2856 3901
4 416 4096 429 4313
4 2817 4332 3512 4695
4 2926 4071 2937 4159
4 3061 4062 3236 4827
4 3182 3791 3140 4425
4 2611 3125 3294 4156
4 3786 4143 2802 4239
4 3244 3723 3562 4532
4 2938 3330 3329 4336
4 2603 4151 3102 4263
4 1883 1871 1870 3607
4 2563 2917 3545 4474
4 3609 3793 2786 4483
4 3428 3717 4479 4718
4 1614 1598 1597 3575
4 3052 4371 3853 4750
4 2714 4528 3394 4772
4 2833 3095 3558 3982
4 3760 3878 3718 4086
4 1088 3874 3401 4204
4 2209 2237 2235 4686
4 2863 3144 2972 3728
4 2345 2323 2322 4531
4 2978 3588 3902 4387
4 2343 2321 2224 4531
4 2693 4042 3480 4216
4 3004 3775 2864 4190
4 853 877 878 4492
4 1078 1094 1093 4148
4 2033 3415 4256 4424
4 1796 3569 1788 4830
4 3391 3859 933 4684
4 3298 4135 4131 4725
4 2570 4499 4281 4500
4 3119 2814 4247 4818
4 3015 4456 3767 4569
4 179 3321 3978 4752
4 3966 4349 2616 4475
4 915 3487 3919 4467
4 3069 3837 3395 4320
4 3187 3764 3070 4757
4 2644 2828 3722 4767
4 2834 3489 3485 4680
4 2567 3020 4200 4656
4 1511 1554 1438 3699
4 2663 4253 3711 4775
4 643 3332 634 4419
4 3307 3813 2989 4375
4 2762 4203 3913 4243
4 233 3188 3368 3765
4 382 368 383 4091
4 906 910 903 3048
4 3576 4097 3214 4293
4 2663 3711 2847 4775
4 2594 4036 3789 4316
4 708 3810 709 3993
4 3454 3597 3083 4346
4 3175 4430 3407 4833
4 2944 3694 3553 4105
4 3705 2663 4253 4706
4 3074 3253 3892 4004
4 3055 3668 3493 3936
4 2627 2728 3924 4652
4 802 799 793 3643
4 92 84 4126 4324
4 1032 3864 3221 4793
4 4014 4429 3071 4696
4 3998 4349 3125 4723
4 3274 3823 3485 4482
4 337 339 352 3954
4 288 291 289 3473
4 3145 2832 3875 4449
4 2368 2361 2360 3417
4 2368 2369 2361 3417
4 3394 3879 2864 4755
4 2803 3633 2906 4049
4 2713 3478 3130 4283
4 3458 3735 3141 4153
4 2346 3671 3165 4215
4 3098 3363 2971 4552
4 882 3422 881 4392
4 3479 3739 898 4096
4 3051 3723 3452 3990
4 3324 2889 3823 4386
4 2824 3876 3445 4627
4 2677 2795 3886 4385
4 2781 3115 3299 3388
4 1613 3575 1597 4812
4 2777 3974 4612 4755
4 3532 4030 2901 4168
4 2790 2680 3228 3317
4 1791 1785 1792 4180
4 2766 3258 3704 4081
4 3343 4384 2810 4505
4 124 106 121 3801
4 3557 3717 2614 4413
4 1998 2001 3349 4070
4 2647 3452 2582 4516
4 2683 3717 3428 4718
4 1930 3891 3611 4294
4 1657 1649 1656 4549
4 2883 4066 3333 4417
4 3143 3992 3712 4281
4 2644 2937 2926 3722
4 3005 3592 3591 4253
4 3540 3753 3541 4522
4 1762 3733 4167 4756
4 1062 3221 1061 3969
4 3184 3869 3455 4763
4 872 888 887 4629
4 136 163 153 3506
4 2825 3197 2908 4024
4 2729 2659 3460 3980
4 2352 2344 2351 4531
4 493 3603 4056 4744
4 1456 4004 3253 4626
4 3645 3853 3055 4264
4 2683 3816 3540 4718
4 3164 3860 2873 4478
4 574 583 582 4653
4 758 3096 3971 4369
4 2722 3973 3593 4730
4 2832 3367 3145 4704
4 2001 1910 3349 4071
4 1549 3804 1553 4133
4 2672 3660 2772 4418
4 2719 3505 3024 4430
4 2495 1899 2496 4234
4 1775 1782 1770 3314
4 3051 3853 3055 4371
4 775 769 776 4503
4 238 3439 265 4595
4 2632 3078 3867 4408
4 3059 3304 2993 3863
4 147 3578 3921 4497
4 2756 3172 2939 3820
4 3622 3635 2919 4091
4 3414 3564 2733 4242
4 2881 2798 4148 4315
4 3655 3803 1746 4493
4 3867 3978 2565 4752
4 3139 4212 3325 4561
4 766 1610 1609 4388
4 766 1609 765 4388
4 150 3776 151 4527
4 3294 3594 3125 4813
4 3222 4134 970 4165
4 2724 3064 3331 3508
4 2642 3130 2713 4279
4 2568 3718 3498 4017
4 306 2965 311 3549
4 2620 3931 3686 4060
4 1291 1282 1292 4047
4 2666 3245 2849 4107
4 2816 3133 3625 4525
4 1592 3384 1582 4250
4 362 374 3608 4140
4 3164 3551 3556 4478
4 2721 3834 3453 4646
4 845 3374 866 4832
4 3741 4068 2967 4124
4 956 974 955 4331
4 2492 3156 3098 3191
4 496 402 403 4073
4 2923 4284 3492 4830
4 3225 3646 2711 3649
4 2667 2953 3982 4404
4 3455 3869 3184 4462
4 402 496 498 3286
4 1593 3734 3687 4452
4 3051 3562 3723 3853
4 2646 4484 3994 4619
4 1894 1883 3891 4232
4 3059 3977 3159 4421
4 3094 3154 2697 4415
4 4380 4387 3902 4796
4 1000 3365 1009 3977
4 2695 4421 3684 4483
4 816 695 852 3297
4 2802 3045 3435 4632
4 3445 3975 2868 4346
4 2660 3582 3974 4687
4 154 146 2986 4045
4 3656 3812 2880 4833
4 2827 2897 3401 4778
4 599 3157 3799 4055
4 206 3951 3376 4244
4 2833 4032 4468 4594
4 612 4412 596 4809
4 2652 2615 2825 3845
4 799 800 801 3581
4 1999 1986 1984 3181
4 1138 1066 1178 4597
4 2924 3326 4103 4466
4 3227 4016 3319 4673
4 1516 2548 1519 3576
4 3387 3410 2840 4236
4 3216 2882 3696 3733
4 2598 3618 4322 4514
4 152 3657 3008 4357
4 3766 4076 2962 4403
4 515 3700 3449 3735
4 1116 1101 1117 4463
4 1173 1172 3615 3814
4 2807 2656 3824 4844
4 2644 3266 4651 4768
4 1119 1118 1103 4463
4 622 621 595 4653
4 3422 3443 880 3967
4 2850 3869 4258 4763
4 2667 3982 2953 4413
4 2578 3704 3483 4719
4 2542 2538 2537 4119
4 2727 3536 3878 4120
4 3442 4160 2574 4397
4 2960 4001 3426 4620
4 155 3566 159 3817
4 3667 4169 2786 4483
4 2604 2710 4152 4279
4 1125 1127 1128 3609
4 3722 3870 2644 3906
4 1963 1958 1957 3254
4 3355 2748 4351 4779
4 2261 3907 3856 4261
4 76 3504 137 4489
4 1082 1097 1081 4016
4 2717 3868 3619 4242
4 2762 3382 2970 4732
4 1200 4149 1201 4238
4 2819 2964 4123 4153
4 3801 3941 2564 4448
4 1853 3309 1852 4347
4 2542 4119 2537 4394
4 3066 3396 2774 4567
4 1214 1189 3939 4013
4 301 302 313 4114
4 2119 4435 2140 4679
4 1734 1709 1708 4664
4 2974 3650 3726 4549
4 2842 3257 2769 3600
4 2993 3750 3472 4350
4 2107 4040 3572 4424
4 1647 4542 3366 4549
4 104 136 31 123
4 687 3909 689 4468
4 3345 4449 3367 4740
4 756 729 3910 4368
4 1741 1659 1667 4493
4 296 3549 287 4726
4 3216 3372 4031 4066
4 2719 3934 2974 4430
4 2871 3116 4033 4481
4 580 578 3328 3850
4 3569 4179 4040 4247
4 873 864 865 3930
4 445 3382 446 4447
4 1227 3341 1229 3484
4 2654 3357 3574 4367
4 1174 3082 1175 3814
4 255 246 245 2837
4 2789 3548 3084 4438
4 2628 2827 4353 4778
4 2098 4275 2099 4436
4 3849 2625 4036 4087
4 1871 3607 1858 4095
4 1799 1805 1800 3492
4 1082 1098 1097 4016
4 1651 1627 1626 4664
4 2842 3623 2732 4094
4 2747 2868 3300 4587
4 3020 3898 3744 4654
4 2650 3808 2952 4175
4 3550 4015 2605 4715
4 1573 3699 1555 4074
4 3902 4387 3588 4579
4 3597 4346 425 4390
4 2586 3433 3898 4440
4 3296 3808 3053 4382
4 3006 4671 2598 4848
4 2653 3944 3816 4562
4 2629 2914 2858 2991
4 692 4116 3515 4468
4 3364 2961 4391 4671
4 2898 3047 3827 3894
4 3463 4697 2826 4730
4 281 280 275 3596
4 1105 3534 1104 4016
4 2711 3301 3648 3649
4 4195 4196 3643 4792
4 2689 3364 4142 4391
4 927 4637 3289 4731
4 3302 4027 1769 4764
4 3392 3646 3416 3988
4 3528 3994 3081 4619
4 2842 3600 2769 3830
4 3125 4228 2971 4723
4 2926 2770 3211 3383
4 1004 1021 1020 4206
4 3439 4160 3440 4758
4 3752 4511 3072 4763
4 2611 4396 4063 4401
4 2544 2543 3527 4119
4 2361 2369 2362 4518
4 3107 3440 4397 4758
4 2567 3539 3642 3745
4 3160 2824 3835 4616
4 3143 3712 2773 4281
4 3670 2793 4439 4495
4 2792 3519 3497 4426
4 2909 3420 2715 3743
4 3194 4227 3570 4782
4 1942 1935 3118 4023
4 3236 3656 3061 4827
4 2793 3154 3153 4185
4 2369 2370 2362 4518
4 680 4055 4288 4809
4 2997 3460 2659 3873
4 2669 4362 4384 4806
4 3633 3634 1404 4826
4 2890 3960 3591 3988
4 2803 3886 3702 4217
4 2179 2194 3636 4783
4 1972 1978 3254 3809
4 3999 4224 2969 4225
4 820 3275 818 3848
4 473 3310 3749 4667
4 2197 3914 3818 4219
4 2790 3734 3317 3938
4 1180 1142 3583 4219
4 2034 1108 2033 3415
4 3217 4193 3102 4445
4 3528 3898 3020 4112
4 1779 3209 1777 4177
4 3047 2692 3430 3431
4 3386 3605 2967 4386
4 2274 2275 2265 4846
4 118 130 104 3506
4 463 4591 3313 4667
4 791 3554 782 4021
4 2238 2240 2280 4727
4 1785 3209 1779 4177
4 2779 3514 3513 4582
4 2281 2280 2240 4727
4 207 221 191 4254
4 117 3249 4160 4397
4 1108 2034 1109 3415
4 2931 3795 3636 4783
4 2855 3199 3000 4465
4 2679 3668 3394 4264
4 2900 3045 3770 4178
4 1787 1780 2114 3302
4 2876 2793 3251 3670
4 465 3991 3628 4447
4 367 3478 379 4283
4 2826 3796 3463 4730
4 505 406 3441 3449
4 1003 1004 1020 4206
4 2954 3749 3675 4744
4 2798 2881 3312 4821
4 1742 1747 1743 4329
4 3167 3453 4022 4717
4 2693 3682 2968 4248
4 2593 2705 2606 3881
4 1199 3448 3148 3831
4 2976 3100 3534 4016
4 4198 4589 3082 4788
4 1609 1638 1636 4648
4 3389 4077 2644 4651
4 3651 4203 3584 4698
4 3123 3838 2878 4008
4 3527 3634 2803 4630
4 3540 3717 3152 3753
4 1939 1951 1938 3987
4 558 3640 3431 4695
4 2185 2169 2168 4850
4 1137 1138 3583 4793
4 2800 3491 4229 4399
4 3329 3451 3328 4697
4 2878 3603 3018 4196
4 612 3752 4412 4809
4 1969 2831 1984 4443
4 2726 3501 3500 4334
4 2618 3691 2792 4828
4 2680 3317 3318 3983
4 2611 3626 2872 4507
4 2890 3489 4052 4757
4 2631 3171 3744 4654
4 3457 4576 3622 4598
4 1765 3412 3729 4182
4 3135 3995 3542 4216
4 1693 1715 1713 4756
4 2602 3981 3433 4440
4 226 159 3566 3817
4 2735 3482 3061 4827
4 2668 3948 2858 4301
4 2596 3237 3106 3550
4 2679 3645 3026 4122
4 2057 2041 2042 4464
4 793 792 784 4792
4 3137 3585 4041 4603
4 235 3801 208 4448
4 2658 3692 2856 4094
4 172 68 92 4324
4 2853 2786 3408 3409
4 2707 3381 3579 4488
4 2061 2043 2044 4464
4 1131 3111 1129 3964
4 2852 3831 3082 4589
4 3033 3341 3162 4845
4 2875 3845 3640 4295
4 1048 3227 1073 4344
4 3249 4397 117 4711
4 2902 3393 3742 4150
4 2625 3849 3536 4086
4 3235 3750 2696 3761
4 3309 3126 4339 4411
4 2564 4045 3941 4454
4 4014 4422 3239 4696
4 2181 4179 2431 4724
4 3272 3552 3109 4647
4 2020 3923 3349 4159
4 1667 1746 1741 4493
4 2614 4266 3557 4413
4 3240 3569 1783 4040
4 2564 3483 3065 4454
4 2859 3981 4337 4660
4 1830 3556 1824 4098
4 3371 3356 4558 4676
4 2771 2872 2712 3007
4 2566 3657 3817 4357
4 2969 3378 78 3657
4 581 580 3328 4154
4 2882 3412 3729 3733
4 178 3321 3255 4035
4 2690 3193 3663 3919
4 3695 4306 2783 4535
4 2359 3417 2360 4215
4 2713 3013 4054 4337
4 1155 3615 3264 4373
4 2852 3790 3664 4584
4 2109 2133 2134 4089
4 3834 4303 3274 4646
4 854 856 3848 4492
4 3264 3615 3319 4550
4 2228 2230 3533 4257
4 2890 4291 3489 4757
4 1083 1074 1075 4673
4 3297 3275 4404 4492
4 144 3921 3042 4700
4 2599 3394 3217 4569
4 3111 3684 2829 4421
4 2632 2758 3078 4408
4 1589 1586 1588 4452
4 3438 2563 3952 4244
4 3107 4418 2606 4758
4 3006 3340 4360 4848
4 2573 3444 4053 4213
4 1936 3196 1949 4069
4 3308 3309 1841 4098
4 2061 2063 2064 3499
4 2742 2948 2709 4367
4 3321 3368 2637 4035
4 3335 4051 3336 4737
4 2627 3626 2872 4063
4 2753 3119 2827 4029
4 2566 2969 4225 4622
4 3103 4090 3522 4376
4 3850 4661 3141 4681
4 3170 4187 3806 4612
4 3691 4827 2792 4828
4 3163 3965 1027 4790
4 3380 115 3471 3943
4 3775 3806 3373 4612
4 2053 2037 2036 4838
4 2886 3706 3380 3707
4 3293 3496 2639 4469
4 2850 3455 3869 4763
4 3631 3797 2743 4726
4 3036 3646 4498 4820
4 1130 1139 3409 3609
4 2627 4000 3626 4063
4 3319 4016 3100 4535
4 1733 1651 1659 4664
4 3489 3764 2834 4757
4 2958 3884 3751 4411
4 2573 4053 3271 4444
4 3146 4379 3847 4641
4 742 718 719 4034
4 2691 3147 3634 4455
4 3395 3792 3113 4235
4 2881 4134 3222 4165
4 3622 3635 383 4046
4 2196 3621 2212 3818
4 2631 3358 3171 4654
4 2462 4236 2471 4539
4 2800 4229 2676 4487
4 743 742 719 4034
4 2833 3982 3297 4404
4 2902 3742 3393 4442
4 1833 3308 1841 4098
4 3416 3988 2663 4083
4 1786 1780 1787 4177
4 3372 3701 3216 4672
4 3088 3644 4020 4263
4 3629 3630 3041 4543
4 3256 3623 2842 4520
4 1590 1579 3199 4615
4 2759 3555 2958 4520
4 2750 3759 3207 3779
4 3148 3448 1199 3926
4 2134 2110 2109 4089
4 3062 4062 3897 4465
4 2783 3303 2952 4306
4 3234 4397 3249 4711
4 1626 3726 1625 4549
4 2632 3037 3875 4287
4 141 3941 106 4448
4 2457 2458 3410 4093
4 3767 4456 3217 4569
4 1620 1621 1613 4812
4 1393 3423 2527 4084
4 2820 3074 3740 4004
4 3328 2930 4661 4697
4 2648 2672 3002 4418
4 3143 3344 3343 3703
4 2663 3705 4253 4352
4 1608 1607 764 4388
4 72 3545 94 3951
4 2600 2870 2723 4366
4 764 1607 763 4388
4 2713 4450 2845 4837
4 1526 3272 1524 4214
4 3588 3121 3906 4579
4 257 3379 3282 4659
4 2069 3822 2067 4811
4 2583 3088 3036 4039
4 2725 2601 3966 4475
4 3516 3517 3014 4292
4 1000 3304 1001 3836
4 177 189 3952 4035
4 1872 3607 1871 4232
4 3095 3096 3558 3982
4 2454 3832 3613 3833
4 2896 3633 3634 4434
4 3345 4752 2565 4769
4 3062 3897 3758 4157
4 3909 4032 3137 4594
4 3565 4097 3031 4394
4 3279 3893 3441 4398
4 2431 2181 1802 4178
4 3343 3344 3143 4807
4 414 2845 3597 4390
4 2738 3758 3420 4171
4 703 824 4014 4696
4 2764 2867 3891 4232
4 2751 3231 3661 4162
4 3206 3658 2607 4222
4 2387 2389 1348 2884
4 2783 3264 3227 4673
4 2052 2053 2036 4838
4 177 59 223 3952
4 1218 2204 1217 4257
4 2205 2204 1218 4257
4 184 3654 3642 4546
4 3170 3806 3775 4612
4 3706 4752 3345 4769
4 2359 2360 3417 4317
4 1615 3575 1614 3650
4 2865 4381 3487 4731
4 3309 4520 3099 4555
4 3061 3482 4416 4428
4 3149 3369 2199 4502
4 3426 2788 3944 4174
4 1370 1372 1376 3927
4 2613 4334 3359 4350
4 2596 3237 3550 3852
4 2959 3092 2733 3564
4 2802 4239 2987 4363
4 2165 2181 2182 4179
4 218 2577 215 3762
4 2229 2232 2230 3533
4 2752 3517 3946 4461
4 3105 3608 3080 4099
4 3103 3511 4376 4692
4 3884 4339 3126 4411
4 3008 3961 3504 4230
4 3056 3481 3145 4402
4 2638 2625 2884 4019
4 257 3849 3379 4037
4 3121 3588 4387 4579
4 3485 3694 2963 4090
4 885 1692 1611 4031
4 1611 767 885 4031
4 2417 2430 2415 4460
4 2732 3623 3156 4094
4 2182 2166 2165 4179
4 1706 3842 3119 4392
4 2289 2266 3306 3865
4 3296 3582 3026 4122
4 1313 1315 1318 4338
4 3725 4212 3003 4278
4 1396 1397 3634 4826
4 2858 3948 2629 4301
4 2680 3317 2874 3318
4 323 311 324 3494
4 3720 3721 3425 4504
4 1319 1335 1336 3780
4 698 3585 697 4288
4 1677 1678 3395 4320
4 3583 4597 3221 4793
4 2321 2322 2314 4531
4 276 289 292 3388
4 2212 3621 2196 4638
4 2505 3046 3912 4509
4 907 3048 3568 4104
4 373 381 380 3478
4 3096 3558 3982 4369
4 122 103 204 46
4 4117 4444 2573 4751
4 1725 1727 4190 4824
4 3327 4046 3450 4645
4 2708 3897 4465 4666
4 3052 4379 4517 4750
4 1461 1453 3318 3475
4 3127 2621 3719 4249
4 3816 4092 2836 4562
4 193 59 177 3952
4 1747 1748 1743 4329
4 1421 1419 1420 3677
4 2621 4249 4172 4377
4 2569 3961 3139 4561
4 1987 3342 2000 4640
4 2920 2787 3033 3484
4 1851 1854 1863 4411
4 3080 3105 2838 3608
4 2317 2325 3671 4118
4 2697 3154 3153 3746
4 2251 2224 4139 4531
4 2101 4275 3353 4436
4 1374 3232 4003 4333
4 3095 689 3909 4468
4 2587 3847 3052 4375
4 1496 1489 1501 3599
4 2493 4183 1879 4356
4 2198 2214 2215 4502
4 1392 1391 678 4221
4 2333 3166 2332 4318
4 465 466 3991 4447
4 2880 4430 3915 4833
4 2100 3353 2101 4275
4 3761 3855 2696 3979
4 3086 3437 2898 3894
4 942 930 482 4186
4 3087 3650 3575 4058
4 3017 4598 3622 4816
4 2649 4475 3768 4544
4 1679 4320 1678 4851
4 760 3423 3200 4580
4 3225 4529 3794 4820
4 3642 4020 3255 4252
4 2770 2926 3211 3722
4 2713 3131 2845 4450
4 351 361 367 3478
4 1746 1667 3655 4493
4 966 951 949 4025
4 950 3290 937 4080
4 2950 3799 3798 4786
4 2850 3661 4643 4763
4 365 349 366 3571
4 2627 3924 3025 4081
4 2718 3766 2882 4748
4 3087 3357 2910 4725
4 2962 2784 3766 4403
4 1291 1292 3084 4047
4 2633 3167 4022 4717
4 2862 4020 3642 4252
4 3572 4040 2132 4089
4 3281 3792 3395 4235
4 2881 2798 3312 4148
4 2417 2427 2430 3777
4 2779 3513 4466 4582
4 2319 2327 2320 4307
4 2997 3649 2795 3873
4 2566 3541 3788 4522
4 2236 4261 2234 4686
4 2706 4137 3682 4694
4 3049 3268 3267 4104
4 2359 3907 3417 4215
4 1377 1372 1411 3322
4 3313 3606 440 4599
4 2632 3243 3875 3996
4 1645 1652 1653 4416
4 3656 3915 2880 4610
4 4281 4499 2912 4652
4 2956 4076 3868 4478
4 2880 3781 3366 4430
4 2639 3496 3461 4092
4 3394 3767 3217 4569
4 339 333 340 3954
4 735 733 759 4369
4 3285 2977 4271 4623
4 4277 4426 3497 4827
4 2812 3293 3115 4469
4 1214 3825 1215 4013
4 2863 3097 3756 3863
4 2727 3405 4120 4286
4 3989 4510 3493 4754
4 2686 3104 3115 3293
4 3485 4482 3823 4611
4 2739 3831 3448 4589
4 2603 3402 4193 4690
4 1659 1741 1733 4664
4 2757 3924 3346 4326
4 148 3247 146 3921
4 2833 3558 3297 3982
4 3027 3965 3401 4658
4 289 3388 3173 3807
4 2567 3642 4200 4546
4 2851 3012 3560 4128
4 86 15 70 239
4 2491 2496 2497 3191
4 1949 1961 3446 4005
4 1832 3045 1828 4284
4 1687 1703 4392 4782
4 2758 3996 2635 4408
4 2212 3621 2243 3818
4 1998 3349 1985 4070
4 4052 4482 3485 4611
4 233 3765 217 4701
4 2674 3421 3363 4396
4 1966 1979 1976 4729
4 2649 3692 2931 4260
4 2236 2279 4261 4686
4 152 4357 3008 4497
4 1209 1179 3583 4219
4 1325 1329 1316 4781
4 297 3474 3456 3986
4 2639 3104 3115 3955
4 3383 4071 2926 4159
4 3115 3293 2639 4469
4 3175 3786 3407 4430
4 2957 3787 2973 4028
4 2807 2724 3064 3824
4 904 911 3479 4577
4 1026 1126 3264 3365
4 1905 1889 1890 4183
4 3063 3606 4538 4591
4 2328 2327 3128 4307
4 2819 3458 3424 4653
4 1094 3354 1102 4463
4 906 3048 903 3568
4 1029 3965 1055 3969
4 2684 3347 3346 3958
4 2192 3305 2193 3636
4 3154 3362 3155 4210
4 2241 2211 2056 4638
4 1112 2038 1113 4204
4 1091 1178 1066 4597
4 1974 4070 1975 4795
4 3011 4364 2749 4367
4 2853 3939 3408 4393
4 2857 3296 4342 4535
4 2614 3152 3753 4413
4 2789 3039 2726 4589
4 2583 3176 3358 3535
4 1573 1582 1581 3384
4 3723 4445 3243 4456
4 2647 3468 2736 4507
4 2894 2972 2747 3888
4 2734 3085 3241 4506
4 1185 1183 1212 4621
4 561 560 552 4088
4 2979 4479 3717 4718
4 2810 3336 3403 3852
4 792 3643 799 4720
4 2065 2068 2066 4275
4 3443 3967 3422 4131
4 3282 4036 3849 4037
4 1150 3664 3162 3790
4 2999 3696 3262 4031
4 3184 3455 4462 4763
4 2998 3180 2702 4602
4 3236 4737 3656 4828
4 2037 2038 1112 4204
4 2633 2801 2980 4644
4 2792 2861 3497 3599
4 2256 2255 2261 3787
4 3472 3667 2613 3979
4 2608 3428 4450 4683
4 918 4447 3487 4731
4 2644 2937 2828 4768
4 3060 3700 2841 4173
4 3618 4847 4514 4848
4 1841 1833 1834 3308
4 648 656 647 3871
4 2017 2023 2018 3935
4 94 3376 71 3951
4 1869 1862 3904 4095
4 2517 2555 2547 3542
4 375 3450 374 4606
4 2586 3744 3970 4199
4 2598 3618 4514 4848
4 3008 3961 2575 4489
4 3295 3433 2642 4691
4 3626 4000 3054 4401
4 2215 2199 2198 4502
4 2882 3696 2999 4066
4 2646 4589 2789 4619
4 2377 2337 2339 4318
4 2653 3815 3553 4536
4 459 469 471 4705
4 1539 1538 1546 4426
4 2768 2980 2992 4644
4 1624 1625 1617 4549
4 2767 3604 4321 4606
4 2644 2926 2937 4601
4 2294 3306 2288 4553
4 3743 4132 2818 4309
4 2844 3480 2693 3839
4 2240 2238 2237 4686
4 2537 4119 4097 4394
4 2834 3453 4022 4680
4 1573 1581 1572 3384
4 1382 3871 1384 4826
4 1834 3308 1833 3647
4 2924 4102 3513 4103
4 2869 3559 2968 3779
4 2371 2372 2364 4304
4 2658 2840 3493 3989
4 1041 1049 1040 3227
4 2696 3472 3235 3979
4 2976 2805 3695 4122
4 471 472 3300 4705
4 3803 4329 2797 4548
4 213 233 3188 3368
4 530 3177 523 3700
4 1595 1591 3507 4043
4 3302 3920 3370 4679
4 2863 3391 2972 4608
4 2030 2016 2013 3432
4 2577 3316 2740 3762
4 2194 2447 2446 3636
4 2608 3496 4213 4278
4 927 4467 928 4637
4 3144 3598 2972 4743
4 1480 1468 3929 4043
4 2573 3968 3292 4444
4 2787 3162 3033 3341
4 198 92 72 4126
4 171 207 191 4254
4 3047 4088 3430 4534
4 475 467 466 3991
4 628 629 666 3799
4 759 758 3971 4369
4 222 208 3801 4716
4 2677 3887 4217 4405
4 3291 4444 4117 4751
4 383 3635 2562 4046
4 1574 1570 1583 4668
4 1099 4016 3319 4238
4 2701 3660 2772 4211
4 2762 3075 2877 4138
4 3315 3866 1862 4038
4 2036 1111 1110 4204
4 2910 2814 3194 4818
4 3100 3319 3227 4016
4 3263 3495 2710 3631
4 2236 2234 2233 4686
4 901 3479 3267 3739
4 461 3300 462 4577
4 3024 2880 3841 4372
4 4000 4401 2581 4560
4 3253 4004 2820 4626
4 2584 4285 3151 4561
4 2710 2743 2664 3631
4 2718 2956 4076 4181
4 1670 1669 3395 4133
4 1110 2035 2036 4204
4 2964 3763 3283 4389
4 2942 2698 3318 3509
4 2655 3946 3516 4461
4 3136 3248 2897 3632
4 3157 3014 4055 4412
4 2801 3456 3001 3474
4 1463 1466 3318 4636
4 3541 4357 4297 4700
4 1369 3709 1364 4395
4 2151 3490 2135 4089
4 3124 3289 2809 4814
4 2847 3861 3778 4083
4 2566 4225 2961 4622
4 348 334 3130 4283
4 3379 3776 3653 4037
4 3923 4011 3025 4231
4 3090 2604 3293 4358
4 2637 3638 3088 3639
4 2730 3195 2671 3877
4 430 3457 418 4067
4 3305 3410 2445 4236
4 3485 2944 3694 3834
4 3321 3644 3320 4252
4 2699 3229 2764 4063
4 1539 3519 1538 4426
4 3151 3916 2569 4561
4 2711 3225 3416 3646
4 2683 3337 2836 4092
4 3207 3759 2935 4202
4 461 471 3300 4705
4 2847 3711 2720 3940
4 3882 3883 2737 4019
4 2799 3844 3218 4130
4 1550 1569 1558 4668
4 695 3558 693 4369
4 3637 4090 2963 4268
4 2792 4277 3519 4426
4 348 3130 350 4283
4 533 4300 534 4678
4 2859 3049 2690 4660
4 2699 4063 4396 4401
4 2696 3761 3436 3855
4 2834 3485 3453 4680
4 162 3776 151 4230
4 215 2588 216 3762
4 2007 2008 3057 3773
4 2816 3776 3578 4527
4 3665 3998 2645 4723
4 2941 3172 4275 4370
4 917 3859 924 4265
4 3499 4464 2063 4810
4 169 235 158 4448
4 2968 4248 3682 4362
4 240 194 4425 4794
4 2575 3378 4489 4713
4 2948 3575 3073 4075
4 2339 2378 2377 4318
4 3260 4107 2701 4758
4 871 4061 3698 4629
4 1921 1922 1933 3693
4 3061 4133 4062 4428
4 2815 3240 3119 4424
4 3038 3347 3867 3958
4 593 594 4423 4653
4 2677 3873 3638 4163
4 2594 2638 2737 4036
4 2833 3840 3160 4345
4 2716 3172 2941 4370
4 2620 2900 2814 4247
4 650 3846 3502 4161
4 2802 3904 3315 4095
4 2985 3475 1472 3757
4 670 3332 669 3427
4 2879 4160 3471 4595
4 2950 3900 3427 4822
4 1946 1945 3288 4789
4 2090 3302 2089 4679
4 1937 1950 1949 4005
4 2771 3432 3132 3947
4 2790 2846 3317 3734
4 2256 2261 2262 3787
4 3141 3641 2826 4780
4 2714 4442 3767 4804
4 3306 3746 3153 4553
4 2747 3888 2972 4608
4 2335 2375 2333 4318
4 1292 1282 1283 4047
4 104 164 130 30
4 266 142 244 3653
4 893 3198 897 3928
4 2376 2375 2335 4318
4 2221 2222 2216 4502
4 3225 4106 2945 4355
4 3026 3582 2595 3813
4 2814 2900 2620 4145
4 1648 1624 1623 4542
4 1600 756 755 4058
4 493 3603 772 4056
4 2677 3638 4405 4566
4 2883 3724 3348 4567
4 4381 4382 3981 4592
4 1707 4256 3119 4424
4 2248 2221 2220 4502
4 755 1599 1600 4058
4 1104 1120 1119 4810
4 2044 2045 2063 4810
4 2986 3941 154 4045
4 2434 3613 2435 4556
4 2094 3370 2092 4764
4 2580 3540 3541 4496
4 2185 2187 2186 3538
4 341 343 3784 4099
4 3265 4692 3516 4761
4 4183 4520 3751 4555
4 616 3283 591 4762
4 2778 4524 3133 4778
4 1129 3609 1130 3964
4 3667 3793 3472 4483
4 1162 1171 1170 4673
4 2663 2847 3711 4083
4 757 1601 1602 4058
4 1602 758 757 4058
4 2938 3330 4336 4604
4 1411 1372 1409 3322
4 3179 4040 3572 4089
4 3079 3385 3078 4330
4 3249 3506 2568 4711
4 2686 3089 2917 3774
4 3702 3887 3886 4639
4 2114 2138 1787 3302
4 2692 3046 2898 3047
4 2659 2841 3086 3110
4 493 4056 489 4744
4 629 639 2950 3799
4 776 782 775 3554
4 3187 4124 3764 4757
4 3330 3332 2799 4604
4 1399 3633 1398 4221
4 3516 3517 3265 4461
4 1732 1740 2073 3842
4 3513 4109 2779 4433
4 934 936 953 4218
4 1883 1871 3607 4232
4 1781 1788 3569 3843
4 677 1392 678 4221
4 3897 4062 2708 4465
4 998 981 997 3864
4 2030 2013 2027 3432
4 2725 2849 2629 4301
4 3503 3582 2679 3813
4 2950 3798 639 3900
4 1403 1408 1402 4799
4 2339 4318 2338 4400
4 2246 2219 3251 4439
4 2091 4679 3302 4764
4 713 712 4319 4580
4 2293 4079 3746 4553
4 931 944 946 4684
4 151 160 3379 3653
4 1857 3315 1847 3866
4 717 3993 718 4617
4 3513 4103 3326 4466
4 3461 3540 4496 4522
4 2802 3934 4239 4363
4 2631 2768 2676 4644
4 2924 4102 4581 4676
4 2662 3333 3743 4150
4 3061 4416 3614 4428
4 2570 2912 3346 3703
4 338 3802 3714 4140
4 3266 4767 3685 4768
4 2567 3539 3307 4112
4 3422 4135 1686 4472
4 380 3259 397 4410
4 2913 2932 3648 3735
4 2688 3638 2915 3997
4 3073 3575 2948 4367
4 757 731 729 4368
4 2651 2762 3913 4243
4 3030 3337 358 4348
4 3061 3497 3482 4428
4 693 3558 4116 4468
4 3721 3955 2960 4504
4 2119 2116 2118 4679
4 2730 4144 3546 4628
4 2888 4558 4014 4565
4 2668 4371 3948 4517
4 2613 3684 2695 4350
4 115 114 3471 3943
4 503 3168 497 4476
4 2835 3796 3067 4775
4 4193 4263 3102 4590
4 51 158 208 3525
4 1695 1719 1717 4765
4 2832 4377 2902 4378
4 842 862 841 4061
4 2889 3324 4258 4386
4 2628 4479 3888 4588
4 1013 1014 995 3756
4 2581 4060 3736 4634
4 15 86 246 239
4 3587 4248 2869 4362
4 2192 2193 3305 4773
4 1610 3372 1609 4388
4 305 3797 3377 4289
4 3250 3564 3414 4242
4 3003 4170 3713 4334
4 3093 3862 2988 4082
4 3767 4151 3217 4442
4 93 3970 2775 4324
4 3881 3882 2705 4019
4 3114 4519 3651 4698
4 1123 2048 3820 4238
4 3076 3223 3000 3687
4 2589 3225 3646 4820
4 2780 4350 4657 4660
4 857 856 855 4492
4 2727 3093 2929 3878
4 3151 4285 3916 4561
4 2847 3067 3861 4775
4 3171 4654 2583 4656
4 3005 3950 3463 4730
4 3087 2948 4367 4725
4 3082 4198 2852 4589
4 3141 2826 3932 4681
4 2811 3521 2953 4131
4 4521 4538 3269 4582
4 3520 3811 3091 4521
4 862 842 863 4061
4 485 3991 3289 4269
4 2706 4157 3420 4164
4 2759 4197 3555 4520
4 3175 3407 3786 4143
4 1833 3647 3308 4098
4 1173 3814 3615 3957
4 2569 3916 3578 3961
4 3811 3937 2919 4302
4 2841 3894 3060 4325
4 2054 2078 4618 4838
4 2971 3421 2674 4396
4 2854 2960 3955 4174
4 3821 4320 3069 4851
4 3083 3597 3454 4078
4 3119 3422 3226 4256
4 3789 4117 2594 4316
4 2890 3392 3960 3988
4 2076 2075 2083 3572
4 3723 4408 3243 4532
4 3071 3738 4345 4422
4 84 3545 72 4126
4 2701 2975 2885 4305
4 921 911 3479 3782
4 2624 3517 3579 4513
4 3153 3154 2793 4079
4 3020 3898 3528 4199
4 2817 3845 4332 4695
4 4120 4286 3405 4316
4 3788 4322 2598 4671
4 3541 3753 2580 4158
4 3360 3838 2878 4409
4 3247 4560 3498 4633
4 3110 2754 3826 4534
4 2837 3994 4059 4484
4 2721 3937 3811 4302
4 2634 4060 2776 4602
4 3315 3860 3045 4632
4 2650 3500 4198 4589
4 2917 2686 3999 4399
4 198 92 172 20
4 3351 4395 1409 4799
4 2799 3218 3213 4130
4 240 255 261 3182
4 2953 3028 3848 4404
4 2277 2278 2270 4261
4 903 3048 3198 3568
4 4261 4544 3238 4727
4 223 177 171 60
4 3454 4091 3030 4797
4 3025 3406 3040 4081
4 2001 2005 1910 4071
4 2764 4063 2872 4741
4 3044 3279 2847 3940
4 2861 3574 2618 4364
4 3146 4115 3140 4425
4 3391 3728 2972 4684
4 3097 2744 3221 4335
4 232 143 50 138
4 3402 4378 2657 4704
4 1191 1215 3862 4013
4 3804 4062 3023 4133
4 2858 3085 3084 3205
4 3526 4529 3225 4820
4 1592 3507 4250 4615
4 2688 2637 3997 4530
4 1618 1617 1625 4798
4 2650 3359 4175 4198
4 893 415 391 422
4 1617 1616 4549 4798
4 2979 3961 4282 4718
4 3051 3055 3990 4749
4 2923 3843 3569 4830
4 3320 4308 4252 4590
4 2999 3696 2882 3697
4 2518 3232 1379 3339
4 3576 4074 3109 4668
4 981 969 3756 3863
4 3265 4090 3522 4692
4 2623 3204 3108 4064
4 3664 3790 1160 4584
4 3206 3767 3766 4748
4 2856 3692 2931 3901
4 2778 3369 3050 3914
4 522 521 515 3700
4 1420 3740 3677 4018
4 2696 4353 3436 4608
4 150 3008 152 4230
4 1156 3111 1157 4373
4 2711 3416 3392 3646
4 1830 1824 1825 4098
4 2711 3301 3392 4485
4 3031 4216 3995 4394
4 529 533 525 4300
4 2745 3201 3474 4708
4 3333 4026 3742 4804
4 2793 4079 3251 4439
4 97 80 3271 3444
4 2261 3787 3856 3907
4 1951 1939 1952 3987
4 2697 3306 3203 3746
4 2887 3720 3676 4494
4 2446 3410 2445 3636
4 1335 1330 1337 3780
4 1900 1886 3250 3564
4 1839 3866 3860 4477
4 916 925 3919 4265
4 2268 2269 3856 4846
4 179 3978 199 4752
4 3340 4297 3006 4298
4 1770 1782 3843 4665
4 289 291 302 3807
4 3106 2564 4715 4716
4 2721 3811 3520 4303
4 3265 4268 4090 4761
4 882 1689 1690 4256
4 1123 3820 2048 4811
4 1907 1909 1910 4159
4 2604 3496 3293 4469
4 2350 2349 2357 3672
4 3010 3335 4051 4505
4 3019 4181 4085 4510
4 758 759 733 4369
4 3846 4162 4161 4580
4 2918 3635 3622 4046
4 2832 3413 3056 3875
4 264 253 3440 4659
4 1958 1957 3254 3288
4 2574 4397 3234 4508
4 1584 4250 3404 4615
4 4161 4162 3231 4580
4 2595 3503 3582 4687
4 3297 3298 3982 4369
4 2778 2897 4523 4524
4 291 3807 3473 4270
4 2863 3391 3863 4025
4 810 850 812 4414
4 1270 1268 1269 4771
4 1574 1583 4074 4668
4 712 4161 704 4319
4 554 1413 4007 4332
4 3767 4748 3206 4754
4 2683 3540 3717 4718
4 1209 3583 1179 4597
4 2682 2854 4327 4735
4 714 713 705 4319
4 204 225 122 46
4 2950 3618 2796 4786
4 3380 3470 2879 4641
4 3669 4054 3898 4568
4 2699 2802 2987 4363
4 1022 3312 1021 4821
4 2598 4322 3618 4848
4 578 3850 580 4389
4 3355 4351 3356 4779
4 2938 4336 3332 4604
4 3414 3564 3250 3884
4 2736 3600 2732 3830
4 51 208 232 3525
4 2930 3451 3328 4154
4 2872 3626 2611 4063
4 180 3321 3320 4252
4 1203 1219 1218 3419
4 4151 4442 4417 4690
4 1873 3564 1885 4038
4 597 640 629 598
4 2974 3934 3915 4430
4 3588 3722 3121 3870
4 2941 4275 3499 4436
4 3129 3876 2954 4627
4 2879 3380 3471 4682
4 1964 3254 3987 4223
4 946 3728 3391 4684
4 2731 3105 3937 4536
4 128 3506 3249 4711
4 2935 3185 2510 4201
4 1264 1265 1266 4771
4 1087 3401 1111 4204
4 907 3919 3048 4104
4 731 733 732 4369
4 1661 1660 4133 4428
4 3235 4155 3725 4350
4 3590 4406 3117 4795
4 2805 3373 4463 4612
4 2079 3620 2055 3632
4 2526 2535 1392 4084
4 2873 3414 3866 4038
4 2720 3711 2847 4083
4 1186 1184 1185 4621
4 2684 3065 4499 4500
4 2725 4211 2957 4475
4 1770 4441 3314 4665
4 2620 2749 3736 4634
4 853 852 735 4369
4 867 3374 846 4625
4 222 3537 3805 4716
4 1501 1502 1495 4812
4 1652 1653 4416 4428
4 3054 3498 4560 4633
4 2687 4009 3527 4216
4 2577 2605 4360 4715
4 3394 3668 2679 4755
4 2659 3110 2795 3648
4 3226 2753 3521 4131
4 512 564 566 3641
4 2951 3057 2758 4233
4 1690 883 882 4256
4 3180 3613 2702 3833
4 810 848 850 4414
4 3171 3545 2917 3774
4 2913 3208 3709 4189
4 2348 2326 2325 3671
4 2719 3786 3934 4430
4 3562 3723 3244 4699
4 610 609 3798 4412
4 3297 3982 3558 4369
4 1583 4074 3404 4250
4 2844 3338 2915 3997
4 2844 3759 3338 3997
4 3686 2620 4060 4634
4 2885 4107 3002 4418
4 3506 4431 2568 4633
4 2824 3557 3269 4616
4 2643 2825 2615 3845
4 2999 3724 2777 4528
4 3400 311 3549 4702
4 2917 2686 3774 3999
4 489 3876 2552 4744
4 3243 2632 3345 4408
4 1034 1065 1137 4793
4 2590 3294 3125 4156
4 283 280 3631 4785
4 2707 4594 4292 4692
4 2016 3432 2030 4233
4 190 3654 3984 4840
4 2855 3682 4137 4694
4 2720 3416 4191 4355
4 2788 3629 3579 3630
4 992 782 1010 4790
4 574 4559 583 4653
4 2764 3607 2907 4232
4 2587 3546 2730 3948
4 1589 4452 1588 4615
4 3056 3719 3481 4402
4 3016 2739 3148 3448
4 85 3968 3150 4713
4 2833 3982 3160 4266
4 635 638 608 3798
4 2736 3288 3254 4741
4 2073 2049 1707 4424
4 608 3798 607 4578
4 732 734 693 4369
4 2828 3685 3117 4767
4 1585 1454 1593 3734
4 2868 3975 3445 4587
4 1707 1732 2073 4424
4 3973 4123 2964 4153
4 1422 4551 1420 4642
4 4217 4405 3887 4566
4 884 4256 1108 4658
4 882 4256 3422 4392
4 1515 2523 1518 4583
4 2853 2983 3583 4219
4 2927 4261 3907 4727
4 2567 4199 4059 4200
4 160 266 55 3379
4 238 263 265 3439
4 3328 4661 2930 4721
4 515 504 3449 4173
4 2875 3178 3177 4823
4 490 482 3598 4186
4 1930 3891 3288 4789
4 2758 3077 2951 3681
4 2800 3187 3741 3764
4 3262 4061 886 4629
4 222 3801 3537 4716
4 2603 3102 4151 4193
4 2613 3684 4169 4483
4 2958 2759 3256 4501
4 2787 3341 3033 3484
4 3153 4079 2793 4439
4 3201 3676 2745 4494
4 1626 3726 1650 4664
4 4516 4699 3051 4750
4 233 214 3188 4701
4 3395 3837 3023 4133
4 3151 3405 2727 3625
4 964 3728 978 4025
4 2701 2885 3245 4305
4 1717 1715 1694 3696
4 2935 2750 3207 3662
4 3061 3482 2735 4610
4 2372 3323 2380 4815
4 695 3558 3297 4116
4 3231 2994 3602 4451
4 3353 4129 3172 4275
4 3154 3746 2697 4415
4 1697 1723 1721 4777
4 996 995 1014 3756
4 253 3881 3282 3882
4 3258 3346 2912 3924
4 1646 1654 1647 4542
4 3285 3690 2704 4600
4 2944 4001 3426 4105
4 3070 3646 3416 3794
4 2605 4015 3340 4715
4 3439 4160 2879 4595
4 2885 2928 2672 3128
4 2721 3453 3819 4646
4 241 139 3379 4659
4 3208 4088 551 4205
4 2707 4033 4594 4692
4 3059 3290 2695 4657
4 2738 3420 3743 4150
4 2084 2109 2110 4618
4 2913 3208 4189 4209
4 3104 3955 2854 4709
4 1598 3575 3910 4075
4 1969 1984 2831 3854
4 303 3377 305 3797
4 2613 3713 4170 4334
4 1412 553 554 4007
4 346 362 3080 4140
4 918 909 3487 4447
4 3606 3017 4537 4538
4 702 3515 692 4696
4 2064 2062 2061 3499
4 2894 3445 3129 4587
4 2159 2160 2176 4435
4 3380 3244 3943 4699
4 3101 4437 3524 4473
4 3075 3457 4067 4576
4 3594 4602 2702 4813
4 963 3728 962 4743
4 3414 3884 3250 4242
4 1994 3211 1990 3772
4 1898 1884 1895 1899
4 2908 3364 2682 3711
4 2183 2167 2166 4556
4 3215 3142 3757 4564
4 2622 3529 3491 4002
4 307 2965 306 3549
4 1105 4016 1106 4811
4 1492 1498 1484 3953
4 955 3663 3290 4331
4 1363 4088 3208 4534
4 797 796 4021 4540
4 636 670 663 3427
4 2989 2862 3539 3745
4 706 705 697 3585
4 648 3518 656 3871
4 2866 2696 3750 3761
4 77 3378 4328 4713
4 2636 3588 2770 4030
4 1699 1725 1698 4824
4 2803 3702 4049 4217
4 2721 2918 4302 4645
4 3004 2864 3170 4190
4 2602 4337 3981 4660
4 2276 2269 2268 4846
4 3545 3951 2563 4474
4 1828 3045 1832 4632
4 2035 3248 2036 4204
4 2838 3553 3105 4536
4 3010 3719 3127 4255
4 2882 3004 3697 3729
4 3605 2681 4491 4519
4 2206 3397 3419 3925
4 2861 3011 2735 3482
4 2688 3339 2997 3873
4 2960 2854 3955 4709
4 1076 3972 1077 4148
4 255 245 261 3984
4 2634 2815 4029 4523
4 3222 2925 3829 4134
4 697 698 706 3585
4 3625 3732 3134 4524
4 2912 4281 3237 4688
4 2647 2736 3468 3830
4 2526 2527 1531 3674
4 3508 4110 3064 4533
4 2460 1843 1845 4563
4 112 3079 3078 4649
4 1603 1684 759 4135
4 1684 877 759 4135
4 1233 1272 1274 3747
4 1131 1143 3111 3964
4 2584 3405 3713 4561
4 2694 4203 3524 4698
4 1064 3221 3874 4793
4 2259 2258 3856 4553
4 2642 4152 2768 4361
4 1457 3253 1450 3892
4 184 172 186 3654
4 1655 4416 3614 4542
4 2988 3862 3341 4771
4 2968 4043 3507 4250
4 960 958 959 4637
4 3513 4103 2977 4433
4 3031 4042 4097 4675
4 848 3443 3226 3911
4 2795 3301 3648 3886
4 2924 3513 4102 4466
4 1247 1321 1255 4819
4 2681 3652 3651 4519
4 1633 1630 1632 4320
4 2511 1374 2514 3232
4 3134 4524 3498 4525
4 3300 4346 3083 4577
4 848 3911 3226 4414
4 287 3631 285 4726
4 915 3919 920 4467
4 1150 3790 3162 4845
4 3020 3528 4112 4199
4 110 2684 113 4649
4 2601 3692 3768 4749
4 2631 3669 3898 4568
4 2897 3415 3248 4029
4 2166 2182 2183 4556
4 1419 562 561 4642
4 956 975 974 4331
4 3302 3370 2823 4764
4 131 187 41 105
4 309 320 308 3986
4 1589 3507 1592 4615
4 217 233 223 3765
4 3543 3880 4163 4333
4 4281 4728 3537 4805
4 2833 3515 4116 4468
4 3159 4175 2952 4331
4 3719 3127 4249 4806
4 2931 4374 3203 4733
4 3951 3952 2563 4244
4 3177 2754 3700 4209
4 1475 3076 1480 3929
4 926 3663 3193 3919
4 771 3129 4057 4503
4 1822 1828 3770 4284
4 2679 3582 3503 4755
4 3698 4061 3262 4629
4 567 519 3330 4276
4 2703 3513 4102 4623
4 3786 3175 3934 4430
4 783 782 776 3554
4 2341 2339 2338 4400
4 2345 4118 2323 4531
4 924 3268 923 4684
4 2923 3492 3314 4830
4 2363 2371 2364 4304
4 521 3429 3060 4300
4 3063 4591 3675 4667
4 26 224 88 3951
4 557 562 3178 4823
4 2570 2912 3143 4281
4 2930 4661 3462 4721
4 3294 2776 3931 4060
4 582 4189 3458 4653
4 2982 4148 2798 4315
4 2947 3467 2707 4513
4 2953 3967 3443 4131
4 2572 3999 3531 4225
4 25 71 96 3376
4 3758 4157 3420 4171
4 2288 3306 2294 3865
4 2641 3522 4376 4481
4 656 655 647 3871
4 193 174 200 3952
4 1182 1181 1180 4621
4 1308 1291 3084 4512
4 1627 1708 1700 4664
4 3922 4496 3541 4522
4 3775 4027 1727 4190
4 2640 3855 3793 4766
4 3468 4147 3469 4508
4 2050 2074 2075 4424
4 307 315 317 2965
4 2186 3538 2187 3956
4 2678 4220 2594 4605
4 2866 3428 2747 4608
4 2730 2789 3085 3195
4 3515 3810 701 4738
4 3995 4216 3135 4394
4 2918 3635 3105 3937
4 3424 3871 3763 4653
4 2695 3159 4175 4421
4 2897 3050 2778 4523
4 2868 4587 3445 4705
4 729 756 757 4368
4 2710 3495 3263 4361
4 2065 3499 3822 4275
4 3464 3624 3190 3953
4 2836 3816 2683 4092
4 2649 4374 2931 4733
4 2163 2180 3795 4783
4 557 3178 562 3431
4 3815 3816 2653 3944
4 2778 2983 3369 3914
4 534 4205 540 4678
4 3001 3064 2807 3895
4 2733 3250 4168 4242
4 2615 3762 3316 4360
4 2941 3920 3370 4787
4 2824 3269 3975 4582
4 2864 3120 3373 3775
4 1649 3781 1650 4549
4 2778 3050 2876 3732
4 2699 4063 2764 4396
4 822 3848 860 4540
4 3471 3943 3385 4682
4 2239 2210 2305 4194
4 729 728 727 4368
4 1537 3488 1535 4251
4 1531 3423 1604 3674
4 3569 3843 1788 4830
4 2774 4437 3724 4567
4 2927 4544 4261 4727
4 2629 4301 3948 4517
4 2598 4158 3541 4297
4 2193 2446 2445 3636
4 2986 3506 3054 4633
4 4016 4238 1106 4811
4 2075 2051 2050 4424
4 3147 4434 3634 4630
4 2820 3253 3074 4004
4 2795 3086 2997 3110
4 1990 3211 1973 3772
4 3696 4031 2999 4066
4 2781 3807 3202 4504
4 2120 2121 4435 4436
4 3816 4092 3461 4718
4 3886 3322 4163 4630
4 1293 1284 1294 3577
4 1151 3162 4013 4845
4 2635 3452 2842 3830
4 2447 3636 2194 4783
4 2581 4401 3498 4560
4 2441 3277 2455 3905
4 3515 4468 4032 4738
4 3801 4448 2564 4716
4 3082 1175 3814 3831
4 797 796 790 4021
4 209 3951 231 3952
4 1756 4177 1757 4182
4 1613 1612 1620 4812
4 2289 3306 2266 4553
4 1615 3650 1614 4542
4 2766 4081 3704 4330
4 2843 3732 3594 4311
4 2221 2248 2249 3670
4 3071 4014 4422 4779
4 3058 4343 4244 4585
4 1765 3729 3412 3733
4 2750 3559 2869 3779
4 2488 2481 2485 3156
4 2576 3243 3345 4532
4 2961 3788 3364 4327
4 3590 4770 4406 4795
4 2655 3516 3869 4761
4 2067 2046 2047 4811
4 2778 2876 3369 4834
4 2881 4148 3312 4206
4 3138 2929 3903 4280
4 2625 3878 3536 4120
4 1122 1121 1106 4811
4 2761 3872 2699 4363
4 1910 2011 2001 3349
4 2708 4277 3199 4465
4 3658 3742 2784 4804
4 2655 3950 3593 4730
4 3328 4336 3329 4681
4 414 4096 2845 4390
4 150 151 3776 4230
4 2177 2178 2192 4773
4 2951 3432 3057 4233
4 3374 3838 3123 4008
4 2857 3419 4149 4238
4 3004 2864 3879 4528
4 380 381 3259 3478
4 2602 3725 3295 4337
4 725 723 3910 4631
4 2588 2623 2942 4366
4 3513 4433 2779 4466
4 81 2775 3090 3774
4 3165 3671 2346 4118
4 3099 3623 2842 4094
4 2646 2789 2739 3548
4 1841 3309 3308 4347
4 1846 1856 3435 4095
4 2864 3775 3170 4190
4 26 71 206 3376
4 2445 3410 3305 3636
4 2716 3668 3493 3933
4 2767 4321 3954 4606
4 3484 4273 1227 4845
4 2912 3924 3346 4651
4 117 114 3442 3471
4 1420 4551 4018 4642
4 2358 2350 2357 3672
4 2597 2594 3883 4751
4 2795 3649 3301 4385
4 1687 1703 1704 4392
4 1765 3729 1766 4182
4 3398 3563 3546 4628
4 3082 3615 2829 4550
4 3064 3456 3001 3824
4 568 564 565 3932
4 1232 1234 1245 4121
4 3403 4051 2810 4384
4 1009 1008 3977 4554
4 2599 3015 3723 3990
4 4523 4524 2897 4778
4 2736 2674 3192 4741
4 2600 3839 2665 4704
4 2724 3064 3508 4471
4 2697 3306 3153 4374
4 2589 3639 4585 4774
4 2947 3434 2796 4513
4 1647 1654 1655 4542
4 2791 3555 3206 4754
4 486 939 495 4637
4 2901 3250 3092 4571
4 3248 3415 2034 4424
4 1625 1649 1650 4549
4 2202 2218 3716 4139
4 876 892 891 4625
4 2798 4134 2881 4821
4 689 728 730 4368
4 2830 3792 3281 3812
4 725 724 723 4207
4 2743 2639 3032 4092
4 1196 3814 1197 3925
4 2616 4693 2755 4723
4 3030 3454 2731 4091
4 2958 3126 3884 4339
4 2583 3358 3176 4654
4 2259 3856 3153 4553
4 3581 3643 3018 4720
4 3413 3996 3243 4237
4 1577 1590 1579 3199
4 183 182 3320 4115
4 2873 3866 3315 4038
4 3236 3691 3403 4828
4 2607 3015 4237 4456
4 1704 1688 1687 4392
4 1747 3803 1748 4329
4 2701 3966 3260 4758
4 2728 2627 3025 4685
4 3494 3714 323 3802
4 594 595 621 4653
4 1016 4146 3864 4793
4 1925 3600 3256 3623
4 3452 3830 2630 4094
4 3743 4026 2738 4150
4 223 59 209 3952
4 3037 3703 3346 4077
4 3090 3270 2604 4358
4 2700 3407 4272 4372
4 3156 4094 3623 4356
4 3326 4103 3513 4433
4 3981 4381 2865 4382
4 2866 3436 3428 4608
4 1928 3800 1935 4023
4 2963 4090 3637 4611
4 3983 4332 3228 4341
4 2732 3830 2842 4094
4 2263 3787 2262 3907
4 2596 4015 3550 4715
4 1988 3342 3007 4296
4 3171 3358 2676 4229
4 3652 4068 3741 4609
4 2923 3314 3183 3843
4 1085 1086 1054 3965
4 3746 4079 3154 4553
4 2627 3872 2728 4652
4 1861 3866 3414 4038
4 3227 3264 2783 4554
4 1077 4148 3972 4206
4 2803 3886 4217 4630
4 1088 1060 1058 3969
4 3516 2655 4461 4761
4 3994 4112 3528 4199
4 1230 1243 1228 4273
4 2725 2991 2990 3417
4 2833 4032 3515 4468
4 365 377 364 4321
4 3231 4226 2994 4643
4 615 3763 590 4389
4 1310 2309 2308 4127
4 2635 3723 3452 4516
4 1476 3076 1475 3929
4 2666 2734 3352 4596
4 2711 3392 3301 3646
4 288 3456 3001 4784
4 3018 3643 2878 4196
4 1549 1548 3804 4426
4 790 4540 4021 4720
4 2835 4543 3711 4759
4 2240 3166 2333 4727
4 662 2950 3427 3464
4 879 878 1686 4135
4 1685 1686 878 4135
4 681 4207 4055 4631
4 3374 2916 4008 4831
4 2723 3108 2935 4365
4 2777 3170 2999 4528
4 2755 3901 2856 4733
4 1086 1056 1054 3965
4 71 3376 83 3531
4 1058 1087 1088 3969
4 2696 3472 2993 3750
4 207 223 233 3368
4 3332 3900 670 4419
4 1224 1226 1241 4273
4 2730 3948 3546 4144
4 1972 3254 1957 4296
4 3723 4516 3244 4699
4 1800 1799 3492 4180
4 782 992 4743 4790
4 2871 3522 4033 4488
4 1903 3693 4192 4501
4 3898 4112 3528 4440
4 3004 3120 2864 3775
4 2998 3136 2843 3490
4 2575 3139 3961 4282
4 2979 3717 3540 4718
4 2868 3454 3083 4346
4 2208 2235 2233 3397
4 2642 4054 3433 4337
4 2663 3591 3960 3988
4 3490 3956 3538 4850
4 3047 3178 3430 4088
4 2645 3594 3732 4311
4 1576 3488 3189 4251
4 3112 4039 4020 4656
4 2639 2836 4092 4562
4 3033 2852 3790 4169
4 3176 3771 3652 4138
4 2653 3426 3425 4105
4 2579 3483 3258 4719
4 3139 4006 2569 4561
4 2498 3191 2496 4234
4 1371 3826 1370 4003
4 3179 2815 3572 4040
4 3003 3713 3235 4334
4 2603 4151 3217 4193
4 3373 4463 3775 4464
4 2646 2789 3548 3877
4 1588 4452 3000 4615
4 2765 3329 2938 3330
4 3275 4116 3297 4624
4 2735 3236 3656 4828
4 2594 2737 2597 3883
4 2284 2246 2245 3251
4 536 4189 3208 4209
4 2806 3238 3230 4544
4 1392 2535 1399 4084
4 1245 1244 1232 4121
4 3578 3916 2580 4496
4 49 226 159 3566
4 2956 3868 4477 4478
4 3449 3648 2932 3735
4 2739 3026 3748 4438
4 255 267 250 4125
4 2958 4339 3884 4411
4 1940 3600 3192 4223
4 2355 2975 3671 4215
4 2795 3648 3301 3649
4 1093 1077 1078 4148
4 3578 3961 3008 4230
4 1487 3624 1499 4407
4 3913 4203 3219 4243
4 523 530 529 3177
4 1790 2146 4040 4179
4 414 3597 411 4390
4 2861 3575 3073 4367
4 2600 3038 3145 3344
4 2321 2313 4139 4531
4 3743 4150 2715 4299
4 3483 3704 3258 4719
4 2713 2848 4278 4279
4 337 352 347 3714
4 35 125 262 4160
4 3226 3422 2753 4131
4 2767 4361 3494 4702
4 1537 1538 3624 4251
4 1043 1068 1044 4206
4 2598 3174 3753 4514
4 2706 4164 3420 4841
4 908 3267 3782 4104
4 3333 2662 4417 4690
4 2742 2618 2861 3574
4 2727 3536 3625 3878
4 2608 3496 2848 4092
4 2860 3865 3306 4846
4 3670 4439 2248 4495
4 1064 3221 1062 3874
4 3501 3528 3081 4619
4 50 205 143 232
4 2713 3259 3013 4337
4 538 602 532 4604
4 2087 2088 2080 3620
4 2663 3416 4083 4706
4 1194 1193 1172 4149
4 4371 4749 3051 4750
4 3640 3845 2891 4695
4 1312 1311 1304 4545
4 3322 3886 3147 4630
4 519 567 3330 4604
4 2308 3205 2338 3755
4 3088 4405 3638 4566
4 2868 3454 2731 4078
4 1543 1535 1536 3488
4 3580 3776 3379 3849
4 2843 3155 3620 3621
4 2747 2972 2894 3300
4 2783 3227 3100 3319
4 2836 4504 3202 4536
4 827 3643 828 4409
4 2970 3289 4100 4814
4 2787 3341 2988 3862
4 1413 3228 4007 4332
4 2761 3118 3800 4023
4 3715 3821 3423 4309
4 612 4412 3752 4762
4 103 3347 111 3917
4 3005 3960 3796 4775
4 2719 3505 2974 4145
4 1274 1272 1273 4753
4 194 240 176 4794
4 602 3332 643 4419
4 2915 2844 3543 4202
4 2313 2314 2295 3716
4 2877 3013 3737 3928
4 2753 3422 3119 4818
4 3082 3814 3615 4550
4 402 496 3286 4073
4 2567 3994 4059 4199
4 3451 3798 609 4412
4 473 483 480 3675
4 2436 2431 1823 4178
4 2953 3028 3443 3848
4 3305 3636 2931 3795
4 2879 3380 3627 4595
4 3033 3162 3790 4845
4 2703 3840 3738 4345
4 2829 3159 3264 3365
4 2863 2972 3391 3728
4 4278 4337 3725 4837
4 3353 3865 2860 4129
4 2082 2074 2081 4424
4 266 241 55 3379
4 3462 4661 2930 4697
4 3341 3484 1227 4845
4 3629 4253 2835 4543
4 2801 2992 2980 4644
4 523 520 521 4300
4 3045 3770 1828 4284
4 358 4099 356 4348
4 1228 1243 1242 4273
4 1901 3693 1921 4571
4 3193 4467 3487 4731
4 2632 3958 3078 4330
4 2922 3789 4036 4316
4 181 182 184 4252
4 3260 4517 3470 4750
4 983 3304 999 3977
4 4205 4678 3177 4823
4 2563 3545 3112 4126
4 3480 2621 3682 4249
4 402 407 406 3279
4 3379 3580 3849 4659
4 3398 2597 3563 4628
4 193 209 59 3952
4 3107 3234 2574 4397
4 2676 2801 3491 4487
4 2735 3011 3915 4610
4 452 3313 453 4591
4 1190 1188 1189 4013
4 497 4024 403 4476
4 1939 1938 3600 3987
4 117 4397 3442 4711
4 2656 3491 3824 4844
4 1037 1022 1038 3312
4 2943 3111 3609 3836
4 977 4743 976 4790
4 2831 3025 2728 3349
4 2655 3637 3950 4268
4 2740 3805 3762 4453
4 2811 3521 3888 4588
4 2737 2705 3882 4019
4 3424 2913 4189 4455
4 2737 4019 3883 4036
4 2322 2344 2345 4531
4 2251 2343 2224 4531
4 545 546 3361 4007
4 573 524 566 3735
4 1241 1240 1224 4273
4 2589 4585 3526 4774
4 3434 4207 4055 4288
4 1012 993 1011 4790
4 534 4300 3177 4678
4 2644 2937 2757 4601
4 3279 3940 3044 4072
4 262 254 3439 3440
4 3239 3690 3993 4446
4 2266 4553 3306 4846
4 2248 2247 4439 4502
4 425 410 408 4797
4 3150 3653 4006 4037
4 2979 2580 3916 4496
4 2672 2929 2928 3878
4 190 3984 3654 4794
4 2075 4424 3572 4838
4 2890 3988 3591 4291
4 1138 3583 1066 4597
4 2331 2383 2382 3466
4 270 135 127 3627
4 2588 3188 214 4701
4 933 3859 3391 4080
4 2720 4083 3416 4706
4 879 3422 3967 4135
4 3121 4387 3902 4579
4 2979 3916 3961 4496
4 3729 3733 1765 4765
4 2828 3854 3685 4768
4 2580 3246 3152 4457
4 1410 1406 3527 4799
4 147 150 3578 4497
4 1012 994 993 4790
4 260 239 70 14
4 3932 4336 570 4681
4 2903 4342 2739 4438
4 2739 3548 2789 4438
4 2506 2503 2504 3662
4 3876 4056 2954 4744
4 2348 3671 2356 3672
4 1715 3696 1717 4765
4 3015 4197 3555 4237
4 1949 4069 3446 4770
4 1234 3747 1235 4136
4 2919 3454 3269 4538
4 3619 2978 4168 4736
4 2807 3720 3173 3857
4 124 121 109 3801
4 3540 3541 4496 4522
4 3532 4222 3555 4237
4 2963 3950 3637 4268
4 3209 4177 1785 4180
4 2572 3999 3530 4529
4 2063 3822 3499 4810
4 187 41 105 173
4 3028 4057 4021 4720
4 2722 3960 3861 4775
4 757 756 4058 4368
4 2751 3396 4451 4707
4 2202 3825 2201 4139
4 1728 1769 4027 4764
4 1229 1231 1230 3484
4 3394 2673 3879 4569
4 297 3456 4784 4785
4 3162 3408 1151 4013
4 2930 3946 3462 4697
4 2872 3007 2771 4640
4 1711 4665 1712 4782
4 2481 3678 3156 4093
4 1904 4192 3256 4501
4 3000 4452 3199 4615
4 2611 2764 4063 4396
4 2205 2206 2229 4257
4 1858 3607 3435 4095
4 1790 2165 2146 4179
4 2719 3045 3786 4284
4 914 3919 907 4104
4 2203 2204 2225 4257
4 977 963 962 4743
4 145 158 3525 4448
4 854 818 816 4492
4 78 90 74 4622
4 2889 4482 4052 4611
4 873 874 889 4832
4 2764 2611 4063 4741
4 2717 4168 3619 4222
4 3421 4396 2971 4813
4 3184 4258 3869 4763
4 898 3479 4096 4577
4 104 123 128 3506
4 474 3310 464 3991
4 977 962 976 4743
4 3954 4321 364 4606
4 2794 3313 4067 4599
4 3271 4053 3081 4444
4 408 423 425 4797
4 2364 2372 2365 4815
4 1297 1269 1267 4771
4 146 149 154 3247
4 3114 4103 3605 4600
4 2869 2968 3559 4570
4 3082 2852 3957 4584
4 3590 2770 4069 4770
4 1183 1211 1212 4621
4 2568 3498 3054 4633
4 3579 3630 3174 3944
4 888 872 873 3698
4 3041 4593 2854 4620
4 2780 4657 2690 4660
4 3356 2954 4351 4676
4 1378 2518 1379 3544
4 2714 2882 3879 4528
4 2573 3271 3444 4444
4 2707 3434 2947 4513
4 690 3515 701 4738
4 3297 3298 2953 3982
4 3096 4368 3558 4369
4 2910 3357 2753 4131
4 398 3893 3279 4398
4 3121 3870 3722 3906
4 2627 3258 3704 4719
4 3404 4074 3109 4137
4 2749 3011 3915 4364
4 2936 3383 2770 4613
4 4116 4345 2833 4624
4 3360 3930 3838 4409
4 2753 3422 2910 4131
4 2750 3559 3253 4626
4 3081 4444 3291 4484
4 143 49 159 3566
4 2598 4522 3174 4735
4 2492 3191 3098 4552
4 270 127 259 3627
4 3124 4165 3222 4637
4 2442 1834 1826 3647
4 83 3531 3774 4328
4 2629 2849 2914 2991
4 2966 3469 3468 4349
4 3423 3674 2527 4084
4 3190 3918 2790 4015
4 2628 4353 3888 4479
4 3450 4140 363 4606
4 4040 4179 3179 4247
4 2872 3229 2764 3288
4 1748 1747 1752 3803
4 162 3653 151 3776
4 1552 4470 1551 4647
4 2567 3307 3539 3745
4 3307 3994 2567 4112
4 2801 3456 3331 3824
4 533 529 534 4300
4 2471 3387 2470 4539
4 2632 2785 3996 4574
4 2576 4445 3243 4532
4 3156 3678 2485 4552
4 2200 3149 2201 3825
4 2549 1519 2548 3576
4 3886 3887 3301 4639
4 1752 1753 1748 3803
4 2056 2055 3620 4638
4 2973 3165 2772 4028
4 2252 2287 2290 4553
4 3270 3970 3271 4053
4 2990 4475 2927 4544
4 2054 3632 2053 4838
4 884 883 4256 4414
4 2124 2103 2126 3353
4 2589 3639 3460 4585
4 440 452 448 3606
4 2741 4361 2767 4702
4 3151 2922 4120 4561
4 3024 3841 3655 4372
4 3419 3814 3148 4788
4 158 208 3525 4448
4 3158 4224 2854 4620
4 145 154 3941 4045
4 90 3657 140 3817
4 2610 3887 3702 4639
4 2093 3370 2095 4679
4 2923 3045 2900 4808
4 1625 3726 1626 4798
4 3796 3067 4775 4780
4 1408 2544 2543 3527
4 1642 1643 4672 4756
4 3374 4315 3972 4625
4 1796 3770 3569 4830
4 916 926 914 3919
4 2530 2538 2531 4097
4 736 712 713 4580
4 3451 3798 3157 4786
4 3316 3762 2615 4573
4 258 56 139 157
4 3458 4189 2913 4455
4 2994 3810 3993 4446
4 2942 4453 2740 4573
4 706 3585 698 4603
4 705 3585 706 4319
4 2184 2185 2168 4556
4 1917 1918 1913 3611
4 145 3525 4045 4448
4 1607 1606 3715 3821
4 749 3411 765 4388
4 598 3798 640 3799
4 4172 4377 3480 4378
4 2029 2557 2028 2951
4 3096 3982 3298 4369
4 4258 4262 3661 4763
4 2614 3815 3557 4488
4 2585 3174 4522 4735
4 2727 2851 2929 3138
4 1002 788 985 4165
4 1261 3252 1253 4819
4 781 985 788 4165
4 2760 3722 3906 4579
4 2608 4092 3428 4718
4 3236 4277 3691 4827
4 2763 3428 3083 4683
4 2813 3446 3196 4030
4 1571 1569 3523 4614
4 2960 4620 4224 4709
4 2719 3045 2923 4808
4 1900 3693 3250 4192
4 2810 3343 3143 3992
4 2959 3800 3092 4427
4 3033 3484 3341 4845
4 2862 4020 3644 4263
4 243 170 66 192
4 3578 3961 3916 4496
4 3347 3917 3867 4649
4 3088 3639 3638 4405
4 3326 2924 4103 4669
4 1608 4166 1607 4388
4 1811 1814 1474 4101
4 3102 2989 3813 4264
4 3234 3054 4156 4401
4 2659 2795 3649 4803
4 3060 3177 2754 3700
4 802 3643 793 4195
4 1996 1991 2008 3586
4 3522 4376 3511 4692
4 2692 2891 2698 4695
4 1741 1734 1733 3505
4 734 852 3297 4369
4 2663 2847 4083 4775
4 652 653 644 4423
4 2865 4381 4243 4382
4 1596 4075 752 4689
4 3200 3231 4162 4580
4 3321 4752 3706 4769
4 3387 4093 3410 4236
4 533 3361 532 4604
4 2170 3956 2171 4850
4 2835 4253 3711 4543
4 2775 3171 3089 3774
4 117 3471 3442 4160
4 1985 1989 2001 4070
4 3295 2586 4053 4801
4 2846 3550 2618 4015
4 2966 3468 3125 4228
4 2719 3183 3505 4145
4 4409 4558 3360 4565
4 2067 3822 3172 4275
4 2674 3468 2732 4228
4 2850 3585 4511 4643
4 3580 3776 2816 4527
4 1110 3401 1086 4658
4 1549 4133 1660 4428
4 2842 2732 3600 3830
4 937 3859 933 4080
4 3067 3796 3068 4780
4 206 4142 219 4343
4 2762 4203 4243 4814
4 117 3249 107 4160
4 2679 3582 2805 4122
4 1309 1310 2308 4127
4 2616 4185 4211 4475
4 1523 3552 2551 4214
4 2854 2960 4174 4620
4 3500 4198 3359 4592
4 2314 2313 2321 4531
4 1230 1228 1229 3484
4 2692 2891 2643 3437
4 2579 3237 3688 4241
4 353 354 352 3954
4 2772 3660 2701 4418
4 273 4110 4533 4784
4 3239 3738 3515 4696
4 2720 2617 3416 4355
4 358 359 3337 4703
4 3215 2874 3757 4048
4 2815 3686 4029 4247
4 308 290 3474 4270
4 2676 4229 3491 4399
4 2899 3348 3101 4473
4 323 310 311 3494
4 2782 2876 3732 4834
4 1626 1650 1651 4664
4 3711 4253 2835 4775
4 93 81 2775 3970
4 2875 3844 3429 3845
4 3269 3975 2868 4587
4 3068 3329 3708 4739
4 2594 4220 3291 4605
4 3064 3173 2807 3895
4 364 354 3954 4606
4 3277 3538 2455 3832
4 2698 3043 3677 4184
4 2597 2671 2737 4605
4 3652 3680 2681 4717
4 2683 3428 3717 4078
4 1544 1535 3488 4251
4 2725 4517 4301 4791
4 3513 4109 2977 4623
4 2690 3193 2865 4381
4 2654 4158 3753 4847
4 3645 4371 3853 4375
4 3460 3765 2688 4663
4 3289 3991 2970 4100
4 1437 3740 1433 4551
4 2342 3465 2340 4127
4 2574 3260 3966 4758
4 1733 1734 1708 4664
4 158 235 208 4448
4 2618 2742 2933 4015
4 4021 4057 786 4720
4 686 3909 687 4468
4 3059 4331 3290 4657
4 2634 2815 3686 4029
4 1068 1076 3972 4206
4 778 4057 4056 4792
4 1790 1795 2165 4179
4 3473 3474 3201 4708
4 2959 3564 2733 4038
4 2781 3857 3721 4471
4 1481 1489 1496 4407
4 2441 3277 3094 3956
4 2005 2014 1908 3383
4 2489 3421 1872 4232
4 181 184 186 3642
4 2865 3981 2690 4381
4 3031 4097 2893 4675
4 2747 2972 2866 4608
4 1573 1555 1556 4074
4 685 3909 684 4207
4 3153 3856 2927 4374
4 2296 2295 2314 3716
4 763 3715 762 3942
4 2749 3087 4367 4725
4 2641 4376 4090 4611
4 2570 3344 3143 3703
4 3148 3814 3419 3925
4 771 777 770 4057
4 3366 4416 3614 4610
4 2827 3119 3415 4029
4 2917 3999 3531 4529
4 3341 4013 1264 4771
4 2701 2849 4107 4791
4 2682 4322 3788 4671
4 121 118 3483 3941
4 2690 4657 3359 4660
4 2912 3143 4281 4688
4 2853 3409 3169 3793
4 3353 4370 3795 4773
4 2733 4168 3619 4242
4 4154 4389 3283 4762
4 3375 3741 2800 4487
4 1442 1444 1441 3740
4 3153 3746 3154 4553
4 2776 3889 2907 3931
4 1833 1830 1825 4098
4 2819 3424 3763 4653
4 3515 4116 692 4696
4 2196 3818 2197 3914
4 2567 3307 3791 3994
4 156 168 142 3653
4 1398 1399 2533 2540
4 1725 4190 4027 4777
4 1009 3977 3365 4554
4 2579 3258 2627 4719
4 2922 3849 4036 4037
4 2611 3626 4507 4508
4 684 3909 682 4207
4 2092 3370 2093 4679
4 2621 4171 3393 4377
4 2646 3877 3563 4484
4 251 252 3710 3882
4 3420 4150 2738 4171
4 3480 3682 2693 4249
4 2966 4228 3125 4349
4 635 3798 608 3900
4 1706 1690 1689 4392
4 220 2577 218 4298
4 218 230 205 3566
4 3345 3875 2832 4449
4 2575 3961 3461 4282
4 3386 4258 3661 4386
4 380 379 3478 4410
4 3920 4435 3370 4679
4 729 727 3910 4368
4 2702 3833 3832 4722
4 3129 3445 2894 4839
4 78 3657 3378 4489
4 1209 1210 1179 4219
4 2654 2742 3574 4847
4 3644 4020 2862 4252
4 3719 4380 4255 4796
4 3020 3744 4199 4655
4 3081 3528 3501 4801
4 2938 3708 2765 4786
4 1136 3264 1162 4673
4 3139 3325 4006 4561
4 3367 3402 2657 4704
4 3112 3545 2775 4324
4 2297 3716 2315 4118
4 3540 3816 3461 4718
4 3992 4281 3143 4688
4 2820 3740 3074 4018
4 4051 4737 3236 4828
4 3124 4008 3610 4315
4 2637 2688 3639 3765
4 3424 3709 2913 4455
4 2867 2674 3363 4396
4 3254 3288 2872 4741
4 2816 3151 3133 3916
4 3585 4226 706 4319
4 2829 3365 3264 4373
4 3424 3458 2819 4455
4 2114 3302 2090 4679
4 1145 1182 1184 4621
4 3063 3606 3313 4537
4 3043 3983 3318 4290
4 2589 4774 3526 4820
4 3070 3705 3158 3794
4 2166 4040 2165 4179
4 3768 4475 2725 4544
4 3168 3218 2643 3429
4 2875 3429 2643 3845
4 2880 4372 3407 4833
4 2700 4076 3658 4403
4 2361 2362 4215 4304
4 577 581 580 3328
4 3313 3063 4537 4669
4 3219 3974 3582 4687
4 2910 3570 3087 4800
4 75 156 11 76
4 2601 4517 2725 4791
4 3535 4068 3652 4609
4 2794 3313 3310 3628
4 3449 3700 515 4173
4 1413 3228 1412 4007
4 2646 3748 2739 4589
4 3380 120 3627 4595
4 3044 3197 4191 4476
4 2447 3094 3905 4783
4 1742 1734 1741 3505
4 2031 2021 2024 4231
4 1488 1500 1489 4407
4 2160 2177 2176 4773
4 2730 2789 3195 3877
4 2426 2427 2424 3777
4 185 3140 195 4425
4 2900 3045 2923 3770
4 3276 3179 4179 4247
4 2800 3529 3530 3794
4 2701 2975 2849 4211
4 3097 3864 3221 3969
4 3225 3416 2617 4355
4 2945 4106 2689 4355
4 3172 3822 3499 4275
4 1854 1864 1863 4411
4 2783 3264 3319 4550
4 3189 3199 4251 4277
4 1132 3409 1141 3964
4 3189 3488 1576 3734
4 2759 3532 2958 3555
4 2324 3671 2325 4118
4 2877 3669 2741 4054
4 2889 4052 3637 4611
4 2866 3761 3436 4608
4 3840 4266 3160 4616
4 909 910 918 3487
4 3041 3630 2788 4174
4 2849 4108 4107 4791
4 3562 3706 3244 4532
4 3775 4464 2057 4764
4 2570 2773 3143 3344
4 2725 2849 4211 4791
4 3468 4228 2966 4349
4 3033 4273 3484 4845
4 369 3608 3635 4348
4 2571 3707 3320 4115
4 1021 1022 1037 3312
4 3192 3623 3600 3908
4 3505 3781 1741 4493
4 3886 3887 3702 4217
4 2051 3248 4424 4838
4 2586 3433 3295 4691
4 1131 1132 1143 3964
4 3341 3862 2905 4013
4 1210 1209 3914 4219
4 2063 3499 2061 4464
4 962 943 492 4743
4 2912 3346 3703 4077
4 2886 3380 3244 3943
4 3319 4149 1192 4238
4 3353 4275 3172 4370
4 3029 3654 4200 4324
4 366 4283 378 4321
4 2727 4120 2851 4286
4 2747 4353 3436 4479
4 26 206 224 3951
4 2607 3206 3767 4804
4 2000 1986 1999 3342
4 93 3029 3970 4324
4 1617 1616 1624 4549
4 246 245 73 16
4 3401 3415 1110 4204
4 1486 3427 3190 3464
4 2802 3904 2987 4239
4 3573 4255 3010 4710
4 2633 3771 3652 4609
4 1150 1152 3790 4845
4 2573 3081 3501 4053
4 2616 4211 4185 4835
4 109 110 103 4500
4 172 68 4324 4840
4 689 3095 4368 4468
4 695 694 693 4116
4 1010 782 791 4790
4 2659 3086 2795 3110
4 295 303 293 3377
4 1137 3583 3169 4793
4 2698 3043 3512 3983
4 2776 4602 3294 4813
4 2757 3923 3510 4768
4 79 3090 80 4713
4 3638 3873 2688 4163
4 2974 3011 2749 3650
4 2458 2468 2471 4093
4 2597 4125 3563 4484
4 1579 1590 1589 4615
4 3546 3948 2629 4144
4 1412 3228 1490 4359
4 2668 3768 3055 4371
4 887 1693 886 4629
4 887 1694 1693 4629
4 2758 2951 3077 4330
4 3353 4436 2941 4773
4 1799 1806 1805 3492
4 3496 4213 3139 4282
4 1918 1914 1913 3891
4 2628 3152 4479 4588
4 3831 4589 2739 4788
4 170 195 4115 4425
4 1470 2985 1469 3475
4 2788 3944 3381 4105
4 2707 3434 3517 4292
4 2024 2032 2031 4231
4 3316 3918 3845 4360
4 2706 4675 4293 4841
4 3068 3330 3329 4739
4 1605 1604 3423 3821
4 1591 1592 3507 4250
4 3395 4235 3113 4320
4 2061 3499 2062 4464
4 2650 4589 4198 4788
4 706 4226 714 4319
4 2538 2542 2543 4119
4 2151 4089 2150 4850
4 3101 4432 2899 4473
4 1161 1240 1248 4065
4 1297 1267 1296 4771
4 3008 3504 3961 4489
4 3216 3696 2882 4066
4 2833 4468 3095 4594
4 1871 1870 3607 4095
4 2931 3305 3795 4370
4 2862 3642 3539 3745
4 590 3763 584 4389
4 2862 4263 3644 4590
4 9 90 69 3657
4 2641 3823 4376 4611
4 2826 3141 4661 4681
4 3182 3140 3791 4546
4 1248 1169 1161 4065
4 2780 2993 3750 3859
4 2975 2849 3323 4305
4 2149 4089 2148 4556
4 845 3838 3374 4832
4 3470 4517 4379 4750
4 3767 4569 2673 4754
4 2877 3604 3075 3737
4 2065 3822 2067 4275
4 1630 1632 4320 4851
4 2857 2976 3418 4238
4 2891 3316 2817 3845
4 2810 3992 3403 4384
4 2666 4144 2734 4596
4 3916 4457 3133 4525
4 3920 4435 2176 4773
4 2168 2148 2167 4556
4 3325 4117 3789 4316
4 276 3173 289 3388
4 2686 3774 3531 4328
4 1231 1233 3484 3747
4 267 3398 3182 4425
4 3091 2871 4481 4521
4 3416 4083 2720 4191
4 2256 2251 2250 4495
4 164 104 136 30
4 4371 3768 4749 4750
4 265 3627 259 4595
4 2842 3830 3452 4094
4 2007 3057 2008 3432
4 744 659 4161 4580
4 2612 4241 2761 4363
4 119 108 111 3978
4 2652 4322 4671 4848
4 2697 3153 3154 4185
4 190 3654 196 4794
4 2563 3952 3951 4126
4 2289 3306 2288 3865
4 611 4412 612 4762
4 2730 2858 2789 3548
4 3041 4352 4593 4620
4 2563 3951 3545 4126
4 1900 1901 1902 3564
4 3046 2898 3912 4509
4 2847 3711 2835 4775
4 1118 4464 4463 4810
4 3217 4151 3102 4193
4 2883 3262 3411 4031
4 2858 3016 2668 4301
4 2600 4366 2723 4663
4 3033 3039 2726 3252
4 3123 3972 2881 4486
4 1447 1449 1446 3043
4 455 454 444 3628
4 3608 4046 3450 4140
4 1622 1623 1615 4542
4 3370 3920 2941 4435
4 2829 4175 3159 4421
4 2721 3819 4645 4646
4 2655 3637 4268 4761
4 1301 2301 2302 4188
4 2509 3207 2513 3995
4 2628 3133 4285 4457
4 2760 3117 3685 4767
4 4017 4525 3247 4526
4 3420 4164 2909 4841
4 176 240 261 4794
4 567 4336 3330 4604
4 2480 2468 2476 4093
4 3114 3605 4491 4519
4 2359 3417 3907 4317
4 2302 1302 1301 4188
4 1607 3715 763 4388
4 2087 2080 2079 3620
4 3123 2881 4165 4486
4 2433 2434 2183 4556
4 2710 3130 2642 4279
4 3207 3995 2509 4394
4 3927 4163 3880 4333
4 4044 4715 2564 4716
4 3094 2697 3203 4415
4 1472 3757 3475 4048
4 3117 4023 3854 4795
4 2272 2271 2279 4261
4 341 343 327 3784
4 1062 3874 3221 3969
4 2866 2972 3479 4684
4 3175 3915 4430 4833
4 3203 3746 3306 3865
4 3259 3198 4274 4313
4 3136 3490 4089 4618
4 2216 2215 2221 4502
4 3340 4044 3042 4298
4 128 104 3506 4711
4 114 3079 116 3442
4 2765 2799 3330 3332
4 3725 4350 4155 4660
4 2081 2073 3842 4424
4 2696 3761 2866 4608
4 2686 3089 3774 4358
4 2187 2440 3277 3538
4 3706 4308 3320 4590
4 686 4468 688 4738
4 3275 3581 3028 3848
4 1659 3781 1741 4664
4 960 3222 3829 4134
4 2573 4053 3501 4801
4 535 3177 530 4209
4 2584 4282 4212 4817
4 1041 3227 1025 4554
4 2881 4206 4165 4486
4 2765 3330 2938 3332
4 921 3782 3479 4684
4 471 482 472 4705
4 3007 3254 2712 3586
4 2657 3481 3480 3839
4 3073 3575 2861 3731
4 2269 2277 2270 4261
4 1812 1478 1813 4570
4 2249 2248 2254 4495
4 1493 2522 3699 4551
4 2350 3672 2421 3896
4 950 933 948 4080
4 2726 4170 3501 4334
4 2322 4118 2314 4531
4 3036 4498 3526 4820
4 185 3140 4425 4794
4 3842 3843 3194 4665
4 2563 4039 3438 4310
4 2472 3421 2473 3889
4 2755 2856 2630 4228
4 399 398 3893 4072
4 3426 4001 3425 4105
4 926 3193 3663 4218
4 2658 3493 2840 4260
4 1024 1025 3227 4554
4 489 3876 3129 4839
4 2607 3658 3206 4804
4 2453 3833 3180 4724
4 1016 1034 1017 4793
4 1227 1266 1268 4771
4 2909 3674 3069 4309
4 1922 1936 1933 3693
4 3941 4045 2986 4454
4 152 4357 4497 4700
4 3207 3565 3031 4394
4 2697 4185 2616 4475
4 2739 3748 3548 4438
4 90 166 99 3817
4 2898 3185 3046 4064
4 3127 3343 4384 4806
4 815 824 694 4696
4 2717 4168 3532 4242
4 1087 3965 3401 3969
4 2312 2330 2342 3465
4 4107 4108 3260 4791
4 1084 1085 1052 4658
4 2594 2678 4117 4220
4 3435 3889 1837 4178
4 691 3558 693 4468
4 1231 1233 3747 4753
4 2109 2083 2108 3572
4 3201 4114 316 4270
4 384 382 385 4797
4 3058 3526 3225 4585
4 1085 1054 1052 4658
4 1513 1512 1515 3699
4 3162 2787 4169 4393
4 1578 1566 1577 4251
4 2623 2692 2898 3437
4 4150 4172 2715 4299
4 2761 2612 4239 4240
4 3160 4266 3982 4404
4 2652 3845 2799 3918
4 2957 2973 2793 4835
4 2783 3319 3264 4673
4 2632 3243 3996 4408
4 786 4021 783 4057
4 1157 3664 3111 3964
4 1909 2011 3349 4011
4 693 694 692 4116
4 112 114 115 3943
4 3688 4000 2581 4560
4 2573 3501 3003 4801
4 2954 4056 3603 4744
4 2871 3840 3514 4616
4 479 3445 480 3876
4 262 3439 238 4160
4 1296 1267 1265 3862
4 3217 3767 3394 4151
4 3266 3685 2728 4768
4 1347 1348 2389 2884
4 214 213 3188 3561
4 3328 4681 3329 4697
4 3539 3642 2862 4656
4 2666 2914 2849 3466
4 2893 3699 3384 4074
4 241 258 56 139
4 1742 1747 4329 4493
4 1918 3611 1930 3891
4 937 3290 936 4265
4 3218 4130 508 4276
4 2513 3207 2512 3995
4 1316 1329 1315 3769
4 873 3698 872 4832
4 2766 3346 3258 3924
4 2757 2937 3510 4601
4 2171 2173 3362 3956
4 2585 3461 3922 4522
4 2313 3716 2218 4139
4 3633 3679 1404 4354
4 191 234 202 4254
4 2563 3526 4585 4774
4 2675 4313 2845 4837
4 1525 1526 1523 4214
4 3244 3706 3345 4532
4 3187 4068 3036 4498
4 2179 3636 3795 4783
4 2785 4574 2926 4613
4 467 474 464 3991
4 359 372 360 4703
4 2725 2849 2991 3323
4 2244 3620 3155 3621
4 198 72 174 4126
4 682 684 698 4288
4 2806 3768 4301 4544
4 2575 3922 3008 4489
4 216 4391 3762 4635
4 2748 3949 3129 4627
4 2689 3364 4355 4557
4 760 761 3423 3942
4 3158 3705 3529 4620
4 2530 2529 2537 4097
4 3991 4100 3289 4269
4 1084 1052 814 4414
4 2585 3461 3378 3922
4 3457 3604 2892 4576
4 2974 3781 3505 4430
4 3157 2796 3477 4055
4 4417 4442 3333 4690
4 2686 3531 2969 4328
4 2900 3931 2620 4808
4 2257 2251 2256 4495
4 3362 3490 3155 4210
4 1803 1804 3770 4830
4 2254 2255 2249 4495
4 3459 3688 2581 4560
4 2570 3347 4499 4500
4 1623 1624 1616 3650
4 2928 3165 2782 3716
4 2575 3461 3496 4282
4 612 613 3752 4809
4 2966 3125 2611 4156
4 3386 4111 3396 4267
4 1063 3221 1064 4793
4 2486 2474 2484 3678
4 3525 4044 2564 4716
4 2149 2148 2168 4556
4 3652 3680 2967 4519
4 3147 4630 3634 4799
4 3789 4006 3325 4316
4 2702 3832 3277 4722
4 3150 3968 3789 4006
4 3451 4336 577 4578
4 2730 2914 2629 4144
4 2489 2490 2482 3421
4 3643 4196 3018 4792
4 131 135 201 3627
4 2947 3095 3434 4594
4 2662 4150 3743 4299
4 698 697 682 4288
4 2983 3169 3221 4766
4 2210 3926 1223 4512
4 2037 3632 2038 4204
4 390 388 3597 4703
4 2159 2176 3920 4435
4 230 210 3817 4622
4 4244 4343 2949 4585
4 2525 2526 1527 4214
4 60 171 223 207
4 2596 2618 3550 4015
4 1313 1318 1317 4338
4 1593 3687 1594 4452
4 2805 3695 3582 3974
4 2696 4335 3855 4353
4 2000 3342 1999 4640
4 1269 1271 1270 4771
4 3118 2761 4239 4240
4 1084 814 851 4414
4 1384 656 3518 3871
4 78 3378 2969 4328
4 2874 3215 3757 4564
4 2772 3165 2928 3671
4 3120 3775 3004 4027
4 197 173 187 3707
4 2750 2869 3759 3779
4 2789 3039 3448 4047
4 3543 4163 3544 4333
4 2522 2523 3699 4583
4 745 761 760 4580
4 2699 4000 3872 4063
4 3230 3856 3306 4374
4 2431 1819 1823 4178
4 2713 4279 4278 4337
4 1055 3965 1056 3969
4 2931 3692 2856 4260
4 3522 4090 3103 4692
4 311 2965 3400 3549
4 3498 4060 3294 4401
4 557 560 562 4823
4 334 3400 3985 4283
4 3338 3339 2723 4365
4 3503 4151 3102 4264
4 608 3900 3798 4578
4 3197 2945 4191 4476
4 3059 3159 3977 4331
4 1234 4121 3747 4136
4 2756 2939 3418 3820
4 2981 2998 2702 4311
4 2786 4169 3667 4393
4 251 3710 263 3881
4 2761 3872 4241 4745
4 2756 4122 2976 4342
4 3445 3876 3129 4627
4 2886 3943 3244 4650
4 2565 3038 3867 4449
4 3448 3831 1256 4760
4 1176 3831 1175 4584
4 1593 1585 3734 4452
4 1001 3304 998 4146
4 575 585 586 4604
4 329 315 328 3784
4 2658 3989 3990 4197
4 2567 4200 3654 4546
4 110 3347 2684 4649
4 1266 1265 1267 4771
4 1636 1608 1609 4648
4 2596 3340 4015 4715
4 2718 4181 4076 4748
4 2722 3796 3960 4775
4 9 69 165 3657
4 518 508 3218 4130
4 824 703 694 4696
4 1484 1485 1491 3953
4 3026 3645 2679 3813
4 3055 3768 3692 4749
4 2857 3615 3319 4149
4 2711 3646 3301 3649
4 1299 1273 1271 4753
4 2574 3469 3260 4682
4 2957 2973 2772 4028
4 2492 3363 3191 4552
4 3028 3949 3275 4404
4 3383 3935 1908 4159
4 129 173 105 40
4 2666 2593 4144 4596
4 3109 3576 2893 4074
4 2697 3154 2981 3665
4 1954 1942 1947 4795
4 3409 3583 1142 4219
4 2602 3528 3053 4440
4 3727 3965 3027 4790
4 262 34 242 125
4 2740 3712 3106 4805
4 1623 1647 1648 4542
4 748 740 749 4617
4 3075 3604 2877 4138
4 2794 4491 3584 4669
4 691 730 732 3558
4 898 4096 439 4577
4 1706 1689 1705 4392
4 2325 2347 2348 3671
4 2124 2101 2103 3353
4 2037 4204 2036 4838
4 2595 3582 3503 3813
4 2586 3528 3433 4440
4 2135 4089 3490 4618
4 2605 2874 2740 3316
4 2691 2819 4123 4153
4 236 3817 210 4622
4 3899 4112 3898 4440
4 593 4423 4189 4653
4 3013 3198 2859 3259
4 1854 4411 3309 4555
4 2681 3274 4646 4717
4 1261 1285 1284 3577
4 1921 1901 1900 3693
4 2583 4654 3899 4656
4 2941 4275 3353 4370
4 2977 4103 3285 4600
4 1185 1187 1186 4621
4 2625 2955 2929 3560
4 3125 3294 2590 3594
4 1706 3119 4256 4392
4 2023 3510 3935 4231
4 285 282 293 4726
4 2854 4174 3041 4620
4 172 3654 190 4840
4 3050 2876 3621 3818
4 362 374 369 3608
4 588 607 3451 4578
4 3396 4437 2774 4567
4 3279 3286 2847 3940
4 3487 4467 918 4731
4 3413 4237 3243 4456
4 2570 2773 3344 4728
4 2596 3459 3340 4044
4 424 3454 423 4797
4 2142 2141 4436 4773
4 2881 4148 3972 4315
4 3800 4294 1912 4515
4 191 221 234 4254
4 2624 3708 3629 4786
4 1160 3790 1161 4584
4 1963 3254 1978 3987
4 120 3380 115 3471
4 3766 3767 3206 4804
4 3062 4383 4255 4710
4 3532 4168 3250 4242
4 3840 4033 2833 4266
4 2544 4119 3527 4354
4 201 187 131 3627
4 2696 4335 4353 4608
4 2791 4339 3555 4520
4 3788 4322 2682 4735
4 2128 3865 2129 4490
4 2662 4432 4417 4690
4 237 101 224 3951
4 3373 3806 3775 4463
4 178 3321 180 4252
4 2133 3572 2132 4089
4 2760 3588 3722 4579
4 3898 4054 3433 4568
4 3323 4304 2975 4305
4 3445 4587 2894 4705
4 1583 3404 1582 4250
4 2694 3371 4008 4100
4 881 3422 1688 4392
4 77 3378 78 4328
4 2609 2712 2872 4507
4 3591 4253 3592 4352
4 1253 3945 1254 4819
4 228 219 206 4142
4 3353 2941 4370 4773
4 85 3150 3504 4713
4 2609 4147 4507 4508
4 3410 3636 2459 3905
4 2530 2532 2524 3576
4 2079 2087 3620 4618
4 2023 3681 2024 4231
4 3614 4416 3366 4542
4 137 11 156 76
4 968 957 950 4080
4 171 191 179 4254
4 3555 4197 3989 4520
4 3158 3529 3070 3794
4 2488 2485 2494 3156
4 3015 4569 3767 4754
4 69 10 165 76
4 3897 4157 2706 4164
4 2750 3253 3559 3779
4 2614 3557 4266 4488
4 196 3654 4546 4794
4 2220 2247 2248 4502
4 918 910 919 3487
4 1235 1233 1274 3747
4 2617 3794 3225 4557
4 2850 4511 3455 4763
4 586 576 575 4336
4 1857 3315 1862 4095
4 3368 3765 3188 4530
4 2821 3427 4007 4822
4 2586 3295 4053 4691
4 2637 3765 3368 4530
4 1435 1436 1440 3043
4 2957 3417 2975 4211
4 4343 4391 219 4635
4 336 3714 338 3802
4 3403 4051 3236 4828
4 1657 1656 3366 4549
4 2758 2785 3681 4233
4 4051 4383 3236 4710
4 2282 2283 3251 4079
4 402 401 400 4073
4 2858 2914 3085 3205
4 2838 3819 3601 4494
4 2865 4731 3487 4732
4 944 4186 946 4684
4 1582 3404 1584 4250
4 3333 4299 2662 4690
4 2976 4122 3695 4535
4 3071 4345 4116 4624
4 2470 3387 2479 4563
4 3133 3916 3151 4285
4 2709 2948 3096 4725
4 3248 2035 3415 4204
4 3520 4303 3811 4433
4 470 460 463 4591
4 1465 1477 3509 4626
4 3060 3178 2643 3894
4 274 277 276 3388
4 2602 3433 3528 4440
4 1028 1053 1055 3965
4 95 82 93 3029
4 1126 1018 1124 3365
4 2590 3760 3660 3998
4 3134 2816 3536 3625
4 2695 3472 2613 4350
4 1018 1124 3365 3836
4 3317 3938 1446 3983
4 1295 2295 2296 4312
4 1295 2296 1296 4312
4 3630 2682 4322 4735
4 2653 4536 3553 4712
4 2838 3105 3080 3202
4 2691 3634 3147 4434
4 2612 3736 3934 4364
4 2188 3094 2172 3956
4 2788 3630 3579 3944
4 1771 4441 1770 4665
4 2662 3333 4150 4299
4 4074 4137 3404 4250
4 571 579 569 3850
4 3570 3726 3087 4800
4 2735 3061 3656 4827
4 2715 4042 3031 4216
4 3111 2786 3609 3964
4 1450 3892 3253 4004
4 228 206 25 3376
4 705 706 714 4319
4 112 3943 115 4650
4 2681 3680 3274 4717
4 2993 2780 3290 3859
4 2792 3497 4277 4426
4 772 3603 493 4269
4 1403 3634 1397 4826
4 2638 2594 2737 4605
4 3897 2855 4666 4694
4 3024 4372 3407 4430
4 418 4067 3457 4576
4 1853 1864 1854 4555
4 1574 1559 1570 4668
4 3203 3746 2164 4415
4 3514 4109 3513 4623
4 2636 3875 3996 4574
4 2976 3100 4016 4535
4 2763 4450 3428 4683
4 2589 3036 4385 4774
4 2722 4775 3861 4780
4 85 70 3150 3968
4 779 4056 4196 4792
4 2994 4451 3231 4643
4 2723 3997 3839 4575
4 3313 3628 2794 4067
4 3024 2880 4372 4430
4 2618 3403 3691 4828
4 3030 370 4091 4348
4 3025 3924 3406 4081
4 4175 4331 2695 4657
4 1542 1428 1434 4734
4 2643 2615 2825 2839
4 91 75 85 3150
4 3175 3786 2802 4239
4 740 3602 739 4617
4 671 670 669 3427
4 1485 1491 3953 4359
4 3525 3042 4044 4298
4 1400 1364 3709 4395
4 1000 3836 3365 3977
4 1178 1209 1179 4597
4 2001 3349 4070 4071
4 3874 4204 1113 4480
4 2213 2219 2214 4502
4 3043 3740 1441 4004
4 2590 3660 3125 3998
4 283 3631 284 4785
4 3164 4272 3551 4478
4 1571 2559 1569 4614
4 224 101 88 3951
4 2662 3743 2911 4132
4 3146 3710 3546 4379
4 3393 4150 2902 4172
4 1817 4541 3284 4747
4 3497 3519 1532 4426
4 1225 1227 1226 4845
4 3051 3990 3452 4749
4 3194 4392 3842 4665
4 752 753 721 4631
4 3441 3778 2847 3861
4 2872 3254 3007 3809
4 2575 3444 3139 4213
4 140 155 3817 4357
4 2145 2156 2164 3746
4 1151 1153 1152 4845
4 1637 1636 4648 4851
4 2293 3746 4079 4210
4 1936 1933 3693 4069
4 2894 3949 2667 4587
4 2790 3190 3624 3953
4 2631 3898 3744 4568
4 473 480 470 3675
4 1443 1451 1450 3892
4 621 4423 594 4653
4 1265 1295 1296 3862
4 2802 3786 3175 3934
4 3251 4439 2219 4502
4 3104 3858 3115 3955
4 1011 1010 1028 4790
4 993 977 976 4790
4 2853 2786 3409 3793
4 2289 2288 3306 4553
4 2777 3170 4612 4831
4 3414 3564 1873 4038
4 1451 1457 1450 3892
4 113 118 116 3483
4 2986 3054 4000 4560
4 2651 3013 3981 4054
4 3044 3778 2720 4083
4 810 3911 848 4414
4 3153 3154 4079 4553
4 3121 4012 2591 4796
4 2172 3094 2194 4783
4 519 527 575 4604
4 976 992 993 4790
4 1978 3586 1977 3987
4 3024 4272 3407 4372
4 97 80 3444 4713
4 3559 2968 4043 4570
4 1903 3693 1900 4192
4 3108 4064 3204 4626
4 2642 4568 4152 4691
4 2628 4457 4285 4479
4 337 352 3714 3954
4 2780 3049 3750 4155
4 3525 2564 4045 4448
4 3779 3892 3253 4043
4 2809 4732 4243 4814
4 3199 3523 3404 4614
4 3380 3471 120 4595
4 2189 3647 1808 4113
4 3316 3845 2891 4573
4 2730 3085 2914 3241
4 476 3991 466 4447
4 2783 3227 3319 4673
4 2810 4051 3335 4505
4 1026 3264 1042 4554
4 2698 3043 2820 3677
4 2517 2521 2555 3542
4 1700 1619 1627 4664
4 3963 4111 3114 4698
4 2475 3678 3278 3832
4 4009 4217 2677 4630
4 3225 3794 4529 4557
4 4235 4648 3113 4851
4 362 3608 3080 4140
4 2601 4749 3768 4750
4 3136 3620 3490 4618
4 2672 2625 3878 4086
4 3349 2728 3854 4768
4 3306 4553 3856 4846
4 2763 3597 3083 4078
4 3230 3856 2269 4846
4 3749 3991 484 4269
4 2615 2643 3845 4573
4 2529 2537 4097 4583
4 3149 2216 4139 4502
4 2834 3741 3680 4124
4 1146 3664 1144 3964
4 2900 3435 3931 4808
4 981 984 3863 3864
4 2694 3610 4008 4831
4 3458 3763 2964 4559
4 1956 4294 1955 4443
4 2199 3369 2198 3818
4 3250 3564 3092 4571
4 3663 4218 2952 4331
4 1388 1387 675 3424
4 904 905 3479 3782
4 1059 1030 1057 3969
4 3160 2833 4345 4624
4 3526 4774 3036 4820
4 3358 4498 4068 4609
4 607 3798 3451 4578
4 2960 2854 4224 4620
4 3301 4485 3886 4639
4 2623 3437 2588 4573
4 904 439 451 4577
4 3457 3604 3075 4662
4 787 4196 4195 4792
4 2665 3719 4249 4806
4 2829 3111 3365 4373
4 2709 3096 2808 4725
4 2966 2611 4507 4508
4 2594 4117 3789 4751
4 2585 4522 4572 4735
4 83 71 94 3376
4 2899 4267 3348 4437
4 3555 4339 2958 4520
4 1398 4221 3633 4826
4 700 701 3810 4738
4 2268 2266 2265 4846
4 2808 2953 3982 4413
4 81 3090 79 3774
4 1432 1438 1437 4551
4 424 3454 4797 4816
4 2682 3630 3041 4735
4 91 260 70 14
4 1998 3181 1985 3349
4 347 3714 354 4606
4 2800 3530 3491 4399
4 995 979 978 3727
4 347 338 337 3714
4 2707 3522 4033 4692
4 3425 3426 2960 4001
4 3357 4131 2910 4725
4 294 293 292 3377
4 350 3478 367 4283
4 2879 3471 3380 4595
4 321 309 3494 3986
4 1532 3599 3497 4812
4 1675 1751 1746 3655
4 1746 1667 1675 3655
4 617 625 616 4762
4 1186 3408 1184 4621
4 2614 3467 4266 4413
4 3176 3899 2583 4654
4 2850 4258 3869 4742
4 3017 4598 3606 4599
4 1549 1541 1548 4426
4 2678 3325 3405 4316
4 3349 3923 2937 4159
4 1703 1686 1702 4782
4 206 231 3951 4244
4 1164 1156 1165 4373
4 3428 3436 2866 3761
4 1010 1027 1028 4790
4 908 3568 3267 4104
4 3315 1862 3904 4038
4 2814 3842 3194 4392
4 270 201 135 3627
4 256 243 170 66
4 2773 4281 3712 4805
4 2839 3197 2945 4355
4 584 590 595 3763
4 860 3848 3443 4540
4 3201 2887 4114 4270
4 2844 3839 3759 3997
4 3101 4417 3348 4432
4 2522 2523 1515 3699
4 2642 2768 4152 4568
4 3764 3489 4291 4757
4 665 667 666 4176
4 706 4226 3585 4603
4 2792 3691 4277 4827
4 910 3487 3048 3919
4 2045 1120 1121 4810
4 1121 2046 2045 4810
4 2602 4334 3501 4801
4 873 872 3930 4832
4 422 3928 421 4410
4 2044 2043 1119 4810
4 1119 2043 1118 4810
4 3535 4267 2899 4473
4 223 209 231 3952
4 1428 1503 1424 4734
4 3426 2653 3944 4105
4 4118 4312 3093 4314
4 3575 3731 1596 4812
4 3387 4347 3099 4356
4 1193 1171 1172 4149
4 2991 3417 3323 4518
4 2901 3196 2770 4030
4 2669 2661 3287 4564
4 3384 4074 1582 4250
4 3214 4097 2531 4119
4 2631 3744 2768 4568
4 2487 2493 1879 4356
4 2759 3257 3256 4501
4 2812 3263 2664 3596
4 2242 2211 2241 3621
4 2683 3717 3540 3816
4 3354 3534 3100 4016
4 2791 3206 4181 4754
4 2757 3510 2937 4768
4 3326 4103 4491 4669
4 3398 3563 3182 3791
4 3328 3451 3329 4336
4 994 995 978 3727
4 1975 1985 3854 4070
4 992 976 775 4743
4 2900 3435 3045 4178
4 695 693 734 4369
4 2834 3485 4052 4482
4 1607 3821 3715 4851
4 1226 1224 1225 4845
4 3886 4434 3147 4630
4 1940 3192 3600 3908
4 2800 3529 3070 3764
4 3975 4538 3606 4591
4 3242 3567 2691 4639
4 2844 2693 3759 3839
4 2284 2245 2283 3251
4 2730 2734 3085 3241
4 2022 4011 3923 4231
4 2668 2858 3548 4438
4 763 1607 1606 3715
4 2817 3845 4295 4332
4 3184 4262 4258 4763
4 2196 3621 3818 4638
4 2941 4435 3920 4773
4 3611 1912 4294 4515
4 2631 3669 2768 3771
4 3103 4376 3522 4692
4 1152 1150 1151 4845
4 3300 2868 4346 4705
4 1583 1582 4074 4250
4 3409 3583 3169 3609
4 3583 1209 4219 4597
4 2157 2174 1801 4113
4 1536 1510 1543 4734
4 2317 2318 3547 3671
4 3049 4155 2780 4660
4 2592 4002 3529 4620
4 1589 1586 4452 4615
4 2715 3480 3420 4042
4 3367 4449 3145 4740
4 3531 3774 2686 3999
4 1606 762 763 3715
4 1600 4058 3650 4798
4 1847 1836 1839 3866
4 3344 3890 3038 4728
4 2530 4097 3576 4583
4 1938 3256 3257 4501
4 3675 3876 2954 4744
4 3498 4017 3247 4633
4 1113 2039 1114 4480
4 1911 3611 1913 4515
4 2659 3980 2729 4325
4 2843 3620 3050 3621
4 1607 3715 4166 4851
4 853 735 3298 4369
4 2964 4389 3850 4559
4 1817 1812 1813 3284
4 1271 1298 1299 4753
4 1422 1423 4551 4642
4 1708 1709 3570 4664
4 2806 3166 2990 4301
4 3025 3181 2831 4685
4 2258 2290 2289 4553
4 3099 2791 3989 4520
4 3658 3766 3206 4804
4 3055 3645 2668 4371
4 61 191 207 221
4 3340 3042 4297 4298
4 877 3967 878 4492
4 2112 3620 2087 4618
4 3182 3791 3563 4484
4 2992 3263 4533 4785
4 2951 2030 3432 4233
4 3151 3536 2816 3625
4 1824 1806 1807 4141
4 2584 3761 3436 4817
4 2321 4139 2224 4531
4 1145 1184 1147 4621
4 630 3477 632 4631
4 2960 4002 4001 4620
4 2681 4646 3327 4717
4 2826 3932 3068 4780
4 2057 2059 2060 4764
4 660 632 631 4176
4 2038 2039 1113 4480
4 3068 3641 3067 4780
4 889 1696 1695 4825
4 1695 888 889 4825
4 423 3454 4346 4797
4 561 3430 4088 4642
4 2815 3179 2776 4247
4 2846 2874 3317 3475
4 1697 890 891 4825
4 891 1698 1697 4825
4 3553 3815 2653 4105
4 2575 3496 3139 4282
4 1781 1770 1782 3843
4 170 195 197 4115
4 2314 2315 3716 4118
4 2584 3436 3855 4285
4 2577 3762 2740 3805
4 3630 4322 2624 4514
4 577 580 578 3328
4 3136 2843 3490 3620
4 640 598 597 3798
4 2922 4006 3789 4316
4 3162 3341 2787 4013
4 2588 3561 3188 4366
4 2727 3878 3625 4834
4 2786 3408 3162 4393
4 2776 3180 3179 4602
4 1853 1854 3309 4555
4 2577 3316 3762 4360
4 2709 2947 2796 4513
4 3071 4429 4014 4779
4 1491 1504 1492 4734
4 3063 3313 4667 4669
4 3006 4297 3566 4298
4 758 3971 3096 4058
4 3437 3980 2588 4050
4 3138 3560 2929 4280
4 414 3597 2845 3976
4 753 723 721 4631
4 2582 4516 3470 4699
4 2445 3410 2458 4236
4 2681 3326 4103 4491
4 208 235 227 3801
4 2577 220 3805 4716
4 2589 4385 4405 4774
4 1905 3623 3256 4183
4 884 4414 4256 4658
4 1084 1052 4414 4658
4 3174 2598 3630 4514
4 3178 3431 557 3640
4 2585 4522 3922 4572
4 138 145 158 3525
4 2195 1208 1115 4480
4 3113 4320 4235 4851
4 1189 1191 1190 4013
4 1436 1441 1440 3043
4 2648 2804 2705 4107
4 3321 2565 4752 4769
4 883 3226 882 4256
4 2903 3016 2668 4438
4 2994 4226 4603 4643
4 304 303 305 3797
4 2015 2029 2028 4233
4 1118 1117 4463 4464
4 3428 3761 2608 4817
4 3020 3539 3899 4656
4 3158 3705 2617 3794
4 2698 3512 4184 4695
4 2792 3624 3519 4251
4 3090 4328 3774 4358
4 121 110 109 4500
4 320 3474 308 3986
4 3396 3348 4267 4437
4 1275 1301 1277 4280
4 2761 2987 4239 4363
4 2597 3883 250 4125
4 299 287 296 3549
4 2172 2173 3956 4415
4 1158 1159 1167 4584
4 3317 3475 1452 3734
4 2634 4029 3311 4523
4 1579 3404 3199 4615
4 2567 4059 3791 4546
4 3110 3826 3709 4534
4 2474 3678 3833 4552
4 2538 4097 2537 4119
4 3555 3989 2791 4520
4 2694 3114 3584 4698
4 2853 3939 3369 4219
4 1709 1710 1702 4782
4 2982 4148 3972 4625
4 2788 3592 3426 4259
4 4297 4357 3566 4700
4 1949 4005 3446 4069
4 2717 3532 4168 4222
4 1167 1166 1158 4584
4 2899 4437 3348 4473
4 3003 4213 3295 4278
4 2710 2743 3631 3797
4 3269 3454 3975 4538
4 1549 3804 4133 4428
4 2621 3420 4157 4171
4 3407 4372 2880 4430
4 3070 3764 3529 4291
4 956 955 3290 4331
4 2677 4405 4217 4566
4 2731 3269 2919 3454
4 3143 3992 3343 4384
4 1231 1270 1272 4753
4 2062 4464 3499 4764
4 1115 2040 2195 4480
4 2673 4085 3879 4748
4 2635 3990 3723 4197
4 128 3249 117 4711
4 2862 3102 4263 4590
4 2953 3521 2667 4413
4 2992 2980 3495 3986
4 4090 4376 3103 4611
4 2665 4249 4248 4806
4 140 3817 3657 4357
4 192 201 243 3627
4 2893 4097 3565 4583
4 1273 1275 1274 4753
4 2855 4465 3897 4666
4 2567 4059 3654 4200
4 3308 3647 3019 4098
4 3336 4737 4051 4828
4 1169 1168 1160 4584
4 428 4598 3606 4816
4 2753 3357 2910 4818
4 471 481 482 4705
4 3282 3883 3882 4036
4 2960 4504 3955 4562
4 557 3178 3640 4823
4 2907 3180 2776 4813
4 1567 1578 3350 4251
4 73 86 246 16
4 1564 3488 1565 4734
4 2491 2496 3191 3363
4 84 3545 2775 3774
4 2697 3746 3203 4415
4 1766 1767 4182 4777
4 2739 3084 2789 3448
4 1160 1161 1169 4584
4 1299 2299 2300 4314
4 2379 2380 3323 4400
4 2711 3649 3648 4803
4 3216 4167 3733 4756
4 1264 1266 3341 4771
4 1634 4166 1636 4851
4 1801 4113 1808 4141
4 2702 2998 3538 3613
4 2916 3698 3930 4061
4 1116 2041 1699 4824
4 1699 892 1116 4824
4 2324 2346 3671 4118
4 1717 1694 1695 4765
4 1467 3559 4043 4570
4 3513 2977 4109 4433
4 2300 1300 1299 4314
4 2875 3177 4678 4823
4 2923 3770 3045 4284
4 3027 3965 3727 3969
4 3603 493 4269 4744
4 2662 4299 4432 4690
4 3754 4052 2889 4124
4 402 405 401 3279
4 2709 3618 2742 4847
4 3310 2970 3991 4100
4 2857 3419 3418 4342
4 1675 1751 3655 4167
4 2571 4115 3847 4641
4 3098 3156 2492 4552
4 1065 1063 1064 4793
4 2769 2712 3254 3586
4 349 3571 334 4283
4 2794 3310 3313 4669
4 1596 752 660 4689
4 2698 3318 3043 3983
4 2843 3136 3050 3620
4 1157 3664 1158 3957
4 180 179 199 3321
4 3297 3982 2953 4404
4 1630 1633 1631 4320
4 1297 2298 1298 4314
4 2872 4063 2611 4741
4 2565 3345 3367 4740
4 1536 3488 1535 3953
4 2774 4437 4111 4698
4 3086 3110 2754 3826
4 2117 2116 2119 4679
4 243 201 270 3627
4 2583 4020 3088 4039
4 1145 1147 1146 3964
4 2723 2870 3108 4366
4 1379 3339 3232 4333
4 2589 4385 3639 4405
4 3033 3790 3162 4169
4 2488 2494 2493 4356
4 2857 3319 2976 4238
4 1458 4626 4636 4836
4 2773 3215 2740 3712
4 2197 3818 3369 4219
4 1294 1284 1285 3577
4 1936 1937 4005 4501
4 2863 4353 4335 4608
4 2482 2490 2483 3421
4 904 911 912 3782
4 2828 3211 3117 4070
4 178 171 179 3321
4 2728 3266 4651 4652
4 2717 3126 3868 4242
4 2019 3510 3923 4159
4 3394 3879 3767 4569
4 2777 3724 3524 4772
4 3751 4339 3309 4520
4 3033 3790 4273 4845
4 92 84 72 4126
4 552 551 4088 4205
4 196 3654 184 4546
4 2944 4105 3426 4259
4 3099 4520 4183 4555
4 3260 4379 3470 4517
4 1687 4392 3422 4472
4 2662 4299 3122 4432
4 1311 1310 1294 4127
4 3604 4138 3075 4662
4 2817 3512 2891 4695
4 2853 3408 2786 4393
4 2575 3378 3922 4489
4 775 782 992 4743
4 2596 3550 3106 4715
4 2752 3946 3463 4461
4 1919 1914 1918 3891
4 2631 3898 3899 4654
4 2829 3615 3264 4550
4 3143 4564 4384 4807
4 853 3298 877 4492
4 3083 2866 3479 4683
4 2816 3625 3134 4525
4 940 959 958 4637
4 470 463 473 4591
4 2725 4301 3768 4544
4 2753 2910 3422 4818
4 2577 4715 3106 4805
4 1736 4665 1711 4782
4 1071 1072 1080 4344
4 766 765 3411 4388
4 2372 2373 2365 4815
4 3269 3557 2824 4587
4 3340 4847 4015 4848
4 294 292 3299 3377
4 1384 656 1385 3518
4 2961 2566 3788 4225
4 708 700 3810 4603
4 2835 2847 3286 3940
4 2690 4592 3981 4660
4 2874 2942 3318 4048
4 2624 3708 2765 4543
4 2806 4301 2990 4544
4 3110 3322 3147 4395
4 1407 3527 1406 4799
4 1903 1923 3693 4501
4 3120 2823 3370 4764
4 2688 4530 3997 4663
4 2627 2579 3872 4652
4 2841 2659 3851 4803
4 3009 3701 3113 4235
4 691 689 730 4368
4 2845 4450 2675 4837
4 2984 3890 3038 4740
4 3608 3635 2918 4046
4 1532 3519 3497 3599
4 49 205 226 3566
4 2141 2142 2160 4773
4 1171 3615 1172 4149
4 2749 3915 2974 3934
4 2401 3896 2384 4307
4 3778 3861 2711 4083
4 2487 1867 2478 4347
4 370 368 4091 4348
4 2893 3109 4074 4137
4 559 1415 4332 4695
4 3078 2632 3867 3958
4 1511 1438 1432 4551
4 2578 3626 3234 4508
4 2719 2974 3505 4430
4 220 2577 4298 4716
4 2539 4119 2544 4354
4 350 3130 3478 4283
4 2674 2732 3098 4228
4 1715 1693 1694 3696
4 2937 3935 3510 4601
4 2987 3800 2761 4239
4 4441 4665 1736 4782
4 3116 4376 3522 4481
4 137 165 10 76
4 2638 4019 2737 4036
4 365 349 3571 3954
4 2526 2527 3674 4084
4 2773 3142 2870 3215
4 2695 2780 4350 4657
4 129 188 173 40
4 2655 3593 4462 4730
4 648 649 657 3518
4 2871 3381 3522 4488
4 1000 3304 3836 3977
4 691 689 4368 4468
4 292 293 282 4726
4 2696 3855 3436 4353
4 1735 1736 4227 4441
4 2818 3674 3423 4084
4 1948 1936 1949 4069
4 2495 2489 1872 4232
4 3180 3613 2453 4724
4 3845 3918 2652 4360
4 2604 3295 4213 4278
4 960 959 3829 4637
4 3657 3922 3008 4357
4 9 140 90 3657
4 2619 3524 3219 4203
4 1545 1567 3350 4251
4 166 90 140 3817
4 2587 2730 3548 3948
4 1476 1475 3076 3687
4 19 72 198 92
4 1650 3781 3726 4549
4 2464 2463 3889 4724
4 142 160 266 54
4 1987 1991 1988 3007
4 3144 2972 3728 4743
4 3647 4113 3019 4141
4 1591 1588 1595 3507
4 2651 2865 4243 4382
4 1600 1616 1617 4798
4 3200 3231 2751 4162
4 2673 4085 4181 4510
4 2862 3745 2989 4308
4 1294 1293 3577 4127
4 3723 4408 3244 4516
4 3189 3734 1576 4452
4 3147 3322 2795 3886
4 2157 1801 1794 4113
4 746 3942 745 4580
4 1950 1951 1962 4005
4 2761 2699 3872 4063
4 2017 2024 2023 3681
4 1596 3731 3575 4075
4 2510 2507 2553 4829
4 4161 4319 712 4580
4 2624 2765 3708 4786
4 3193 4218 926 4467
4 2660 3695 3296 4306
4 695 3297 3558 4369
4 418 417 4576 4598
4 2900 3276 3435 4178
4 1696 1721 1719 3697
4 143 205 49 3566
4 4466 4537 3063 4669
4 3018 4056 3603 4351
4 2759 2813 4030 4613
4 2742 3618 2821 4848
4 2352 2360 2353 4215
4 214 2588 215 3561
4 2600 2665 3839 4575
4 984 998 999 3304
4 2750 4064 3108 4626
4 558 3431 1417 4695
4 2989 2862 4308 4590
4 559 556 3640 4295
4 2677 3639 3638 3873
4 2727 2988 2929 3093
4 2807 4708 3676 4844
4 784 785 786 4057
4 3645 3813 2989 4264
4 2682 2908 2825 4670
4 2778 3625 3133 4524
4 2617 3416 3225 3794
4 2841 2996 3449 3648
4 2876 3369 3149 3818
4 2785 2936 3383 3681
4 2730 2629 3948 4144
4 1703 1704 4392 4782
4 2735 3656 3061 4610
4 1575 3734 3488 3938
4 3049 3267 4155 4274
4 3111 3609 1129 3964
4 2751 4162 3661 4262
4 2643 2692 3437 3894
4 3058 4529 3526 4585
4 2747 3428 3717 4479
4 2662 3348 4417 4432
4 1054 3965 1052 4658
4 1721 1696 1697 4777
4 2791 4181 4510 4754
4 2019 3923 2022 4011
4 3245 3673 2885 4107
4 4142 4343 2689 4391
4 3141 3641 2932 3735
4 3461 4282 3961 4718
4 4227 4441 1736 4782
4 2656 3721 3720 3857
4 3052 3470 4379 4750
4 410 388 386 4797
4 1319 1315 1320 3769
4 1440 3043 1446 3983
4 3519 3624 1538 4251
4 1050 1136 1075 4673
4 585 602 4419 4604
4 3310 3628 464 3991
4 3428 3436 2979 4479
4 2893 3576 3109 4293
4 1907 1908 1909 4159
4 2007 2016 2015 3773
4 3200 2818 4049 4132
4 1734 3505 1742 4227
4 3106 3712 3992 4281
4 1389 1382 1384 4826
4 1241 1242 1250 4208
4 2772 2928 2885 3671
4 1090 1114 1115 4597
4 238 4160 3439 4595
4 211 3537 222 3801
4 4212 4213 2608 4282
4 3309 4339 3751 4411
4 1537 1544 1545 4251
4 1216 3418 2203 4238
4 1419 3431 3430 3677
4 1250 1249 1241 4208
4 2345 4215 3165 4531
4 3243 3413 2832 3875
4 2233 2207 2208 3397
4 2908 3197 3044 4073
4 378 3737 395 4321
4 775 768 769 4743
4 1681 1641 1682 3701
4 155 143 3566 4700
4 1480 3076 1475 4101
4 2800 4229 4498 4820
4 2989 3813 3645 4375
4 382 370 368 4091
4 2754 3178 3060 3894
4 3099 3309 2791 4520
4 1572 1555 1573 3699
4 108 134 122 3917
4 3632 2038 4204 4480
4 2661 2985 2846 3223
4 450 437 449 4577
4 1843 1842 3308 4347
4 1639 1641 1681 3701
4 3494 3495 2980 3986
4 3275 4404 3949 4624
4 3093 4082 3903 4314
4 2648 2884 2625 4019
4 2756 2976 3418 4342
4 966 951 4025 4080
4 4152 4279 2642 4691
4 3603 4056 2954 4351
4 2897 2827 3415 4029
4 3250 2733 3564 4242
4 145 3941 141 4448
4 2819 3763 3424 3871
4 3285 4271 2977 4600
4 2812 3115 3858 4471
4 55 139 160 3379
4 3339 3460 2997 3873
4 756 3910 755 4058
4 1112 1113 3874 4204
4 2594 4117 3291 4220
4 3083 3454 2868 4078
4 3010 3719 4255 4796
4 3875 4012 3145 4287
4 2586 3898 3433 4568
4 2758 2936 2785 4233
4 2768 2992 2676 4644
4 634 633 605 4419
4 2726 4220 2995 4619
4 2649 2931 3692 3901
4 2047 1123 2048 4811
4 1123 2047 1122 4811
4 913 3782 3268 4104
4 2605 2680 3316 3918
4 1080 1079 1071 4344
4 3067 2835 3286 3796
4 3230 3533 2939 4846
4 3765 4663 3460 4701
4 3794 4529 3530 4820
4 3333 4066 2714 4417
4 2608 4213 4212 4278
4 379 3399 378 4283
4 3406 3510 2757 3923
4 2735 3656 3236 4827
4 2297 2296 3716 4312
4 368 3635 383 4091
4 1115 1091 1090 4597
4 966 4025 3863 4080
4 1654 1662 1655 3614
4 3177 4205 3208 4209
4 1987 3007 3342 4640
4 429 416 427 4096
4 92 172 20 68
4 2353 2360 2361 4215
4 2179 2178 2162 3795
4 2860 3203 3865 4490
4 1762 1751 1683 4167
4 2634 2815 4523 4602
4 713 737 736 4580
4 1839 3860 1831 4477
4 301 3377 3299 4289
4 2719 3407 3786 4430
4 3375 4487 2801 4644
4 2666 2593 4108 4144
4 2666 2629 2914 4144
4 778 777 4057 4792
4 1085 1086 3965 4658
4 2982 3974 2805 4612
4 1657 3366 3781 4549
4 2646 3548 2739 3748
4 735 759 3298 4369
4 3225 3649 2945 4106
4 2284 4439 4079 4553
4 3556 4477 3860 4478
4 3209 3314 2797 4180
4 1856 1846 1847 4095
4 2567 3020 4199 4200
4 2938 2950 3798 4786
4 3007 2872 3809 4296
4 513 3168 3060 3429
4 1630 3821 1632 4851
4 3803 4329 1747 4493
4 665 666 2950 4176
4 2672 2782 3760 3878
4 2788 3426 4105 4259
4 2603 4417 3101 4432
4 2708 3804 3523 4470
4 3360 4409 2878 4558
4 3013 3259 2859 4837
4 423 3454 435 4346
4 2749 3011 2974 3915
4 2702 2981 4693 4722
4 1159 3664 1160 4584
4 1431 1433 3740 4551
4 3645 2989 3853 4264
4 2631 3744 3898 4654
4 2303 2329 3465 3466
4 1991 1983 1977 3586
4 2694 3963 3114 4698
4 2040 2039 2056 4638
4 1636 4166 1608 4648
4 1843 1853 1844 4347
4 3741 3764 3187 4124
4 83 79 3531 4328
4 2174 2189 1808 4113
4 805 4195 794 4486
4 1458 3253 3559 4626
4 2586 4568 3433 4691
4 3102 4445 4193 4590
4 3422 2910 4131 4135
4 3180 3421 2971 4813
4 927 4467 4637 4731
4 2876 2778 3732 4834
4 760 1531 679 3423
4 3526 4529 4474 4585
4 908 905 3267 3568
4 3011 3366 4416 4542
4 175 3978 179 4254
4 3063 4466 3476 4582
4 3846 4161 659 4580
4 2670 3040 2951 4330
4 2668 2806 3768 4301
4 2584 3713 3325 4561
4 3047 3178 2692 3431
4 252 250 3398 3882
4 3327 3450 3167 4645
4 3029 3654 4324 4840
4 1487 3464 3624 4407
4 2707 3467 4033 4488
4 1230 3484 1232 4121
4 3453 3834 3274 4646
4 2981 3094 2697 4693
4 1116 3806 1100 4463
4 1910 1909 2011 3349
4 2287 2252 4439 4553
4 2843 3732 3050 4523
4 2945 4106 3649 4803
4 188 39 129 3978
4 284 286 298 3495
4 1145 1141 1182 3409
4 3450 4576 2892 4606
4 4444 4484 4125 4751
4 3133 3311 3246 4457
4 2356 2364 2357 4305
4 3477 4075 632 4631
4 658 3846 677 4221
4 3505 4227 3183 4441
4 1465 1464 3559 4626
4 3058 4529 4142 4557
4 3235 2613 3713 3979
4 2931 3636 3410 3905
4 2960 3425 4001 4002
4 2855 3507 3404 4250
4 2916 4187 3374 4832
4 2679 3645 3668 4264
4 2084 3572 2109 4618
4 3081 4053 3528 4801
4 433 434 3382 3928
4 3343 4402 3344 4807
4 1615 1614 1622 4542
4 1217 3418 1216 4238
4 2629 4108 2849 4791
4 2625 3012 2955 3560
4 3358 4609 2631 4644
4 2736 2732 3468 3830
4 3084 1309 3755 4127
4 2691 4153 3242 4485
4 2518 3339 1379 3544
4 2055 2056 2039 4638
4 2011 2010 3349 4607
4 3711 4253 2663 4706
4 2613 3472 3235 4350
4 1720 4765 1719 4777
4 3428 3436 2747 4608
4 3029 4324 93 4840
4 2673 4181 4085 4748
4 3311 4778 2753 4802
4 635 606 633 3900
4 438 437 450 4577
4 875 867 4625 4832
4 2696 3436 3761 4608
4 457 466 465 4447
4 2591 4012 3037 4287
4 2994 4603 4041 4643
4 2624 3579 3629 3630
4 3064 3331 3508 4533
4 1275 1300 1301 4280
4 2532 2549 2548 3576
4 2761 3118 2831 3685
4 3130 335 3783 3985
4 2930 3752 4412 4762
4 2795 3886 3322 4163
4 2908 3197 2825 4670
4 2138 3302 2114 4679
4 2958 4192 3693 4501
4 2914 3241 2666 4144
4 938 487 927 4637
4 507 508 517 4276
4 3066 3602 3411 4617
4 2895 3863 3304 4146
4 3221 4335 2744 4766
4 3370 3920 2823 4787
4 1359 1358 1342 4506
4 277 3895 3173 4110
4 504 3449 4173 4398
4 236 210 99 4622
4 263 3710 3439 3881
4 3225 4355 2617 4557
4 3314 3492 2797 4180
4 3185 3232 2511 4201
4 3037 4077 3346 4326
4 1008 999 1009 3977
4 3438 3460 2949 3765
4 2607 3742 3658 4804
4 2841 3851 3060 4173
4 2800 3646 3070 4820
4 402 3286 3279 4073
4 2957 3417 2990 3907
4 790 4021 786 4720
4 2402 2405 2403 4323
4 3034 3450 2892 4606
4 2906 3527 2803 4009
4 3226 3422 882 4256
4 3437 3980 2729 4701
4 1209 1178 1208 4597
4 2786 3793 3667 4483
4 1073 1081 1072 4344
4 934 3663 936 4218
4 1662 1663 1655 3614
4 3405 3713 3667 3979
4 108 129 39 3978
4 327 343 328 3784
4 2302 2320 2401 4307
4 2578 3234 3442 4508
4 2896 4123 3567 4434
4 3085 3224 2914 3241
4 1571 4470 3523 4647
4 2974 3650 3087 3726
4 2871 4033 3522 4481
4 2661 2874 2846 4564
4 2952 4306 3303 4849
4 2973 4139 3716 4531
4 3823 4482 2889 4611
4 3233 4143 3175 4239
4 2769 3600 2736 3830
4 1179 1140 1138 3583
4 2920 3138 2988 3747
4 3000 2855 3507 4615
4 3124 3289 4100 4269
4 2654 2709 3357 4367
4 3423 4132 3715 4309
4 2568 4017 3498 4633
4 2875 3060 2643 3429
4 2575 3139 3496 4213
4 487 486 3289 4637
4 1987 1986 2000 3342
4 3065 4281 4499 4500
4 2563 3526 4474 4585
4 241 139 55 3379
4 2705 2804 2666 4107
4 3042 4044 3459 4045
4 2689 4106 3058 4355
4 2716 2941 3305 4370
4 2134 4089 2135 4618
4 2629 4517 4379 4791
4 3094 3277 2441 3905
4 2783 3319 3100 4535
4 4281 4500 3537 4728
4 951 966 967 4080
4 3791 3182 4059 4484
4 749 740 741 4617
4 148 3578 150 4527
4 3140 185 4546 4794
4 1385 1390 1384 4221
4 2944 4105 3553 4712
4 112 113 3079 4649
4 1080 1072 1081 4344
4 2982 3972 4315 4625
4 3120 2823 3933 4787
4 2833 4116 3558 4468
4 1803 3770 1796 4830
4 220 3525 208 4716
4 2646 3563 3994 4484
4 1077 1093 1092 4148
4 1410 2545 1409 2560
4 3682 4248 3127 4362
4 3580 4431 161 4527
4 3525 2564 4448 4716
4 219 2961 228 4622
4 437 4390 4346 4577
4 2672 2928 2782 3878
4 1565 3488 1543 4734
4 895 899 897 3198
4 2891 3640 2643 3845
4 2647 2769 2758 3057
4 2602 3725 4337 4660
4 2576 3706 3562 4532
4 262 238 35 4160
4 2987 3607 2764 3611
4 2633 4487 3375 4644
4 178 3255 189 4035
4 2828 3349 2937 4071
4 2585 3816 3540 4522
4 2682 4327 3788 4735
4 2765 3329 3330 3708
4 935 4218 3829 4467
4 2860 3306 3230 4846
4 1707 3842 1732 4424
4 2766 2684 3258 3346
4 2057 3775 2041 4464
4 1602 1618 1619 4800
4 2802 2699 3931 4363
4 2959 4038 2733 4143
4 3049 2780 3859 4265
4 3049 3919 3663 4265
4 2857 4149 3319 4238
4 9 165 140 3657
4 1684 1700 1701 4800
4 2626 3902 3573 4736
4 1915 1896 1902 4427
4 732 3558 730 4369
4 2889 4124 4052 4482
4 2497 3623 4183 4356
4 2694 3584 3371 4100
4 3348 4437 3101 4473
4 3030 3454 3597 4078
4 2995 2726 3252 3390
4 3793 4335 3169 4766
4 3014 3752 4511 4809
4 3725 4337 2859 4837
4 1541 1540 1548 4426
4 1617 1601 1600 4798
4 3556 3860 3164 4478
4 844 3930 3838 4832
4 3194 3570 4472 4782
4 3863 3864 3304 4146
4 2952 3959 3159 4331
4 3300 3479 462 4577
4 2614 3717 3152 4413
4 378 3399 379 4410
4 2242 2212 2211 3621
4 2453 3613 3180 3833
4 2395 2398 2416 3828
4 987 4134 972 4821
4 2713 3131 3130 3478
4 2164 2156 2155 3746
4 3915 3934 3175 4430
4 2037 3632 4204 4838
4 3270 4152 2664 4358
4 2729 4663 4366 4701
4 2959 3118 3092 3800
4 1808 1801 2174 4113
4 2938 3332 3330 4604
4 1830 1831 1832 1824
4 2517 2547 2545 3995
4 3345 3867 2632 4449
4 3259 4313 4274 4837
4 2741 2767 3571 4702
4 783 782 3554 4021
4 3157 3477 2796 3799
4 268 245 73 3984
4 1477 1812 3284 4570
4 1279 1343 1324 4776
4 2529 4097 2530 4583
4 2573 3444 3968 4444
4 3416 2711 4083 4191
4 532 602 585 4604
4 111 3347 110 4649
4 2871 4266 3840 4616
4 3163 3226 4414 4658
4 2160 2176 4435 4773
4 3618 2709 4513 4514
4 1588 3507 1589 4615
4 313 3299 3202 4289
4 2323 4118 2322 4531
4 1191 3862 1265 4013
4 2982 4148 3806 4463
4 2886 3345 3244 3706
4 3770 4284 2923 4830
4 3265 3516 4461 4761
4 2106 3240 4040 4424
4 2589 3873 3639 4385
4 2858 3166 3016 4301
4 3357 3736 2749 4634
4 947 3391 3728 4025
4 3698 3930 872 4832
4 2729 3232 3086 3437
4 3326 4433 3513 4466
4 2899 3702 4217 4432
4 166 159 226 3817
4 2262 3787 2261 3907
4 1616 1615 1623 3650
4 2522 2528 2523 4583
4 916 3919 4104 4265
4 2364 2365 2357 4305
4 3125 3660 2590 4156
4 1865 3751 1875 4411
4 833 832 4014 4565
4 3719 3056 4377 4380
4 3111 3365 2943 4421
4 3433 3981 2602 4337
4 2608 4718 3428 4817
4 1568 1571 4470 4614
4 2996 3778 2711 4191
4 2661 2669 4384 4564
4 3248 4029 2815 4523
4 2269 3856 3230 4261
4 3437 3894 3086 4325
4 3533 4129 2939 4846
4 93 82 81 3970
4 3396 4111 2774 4437
4 3660 3718 3107 4418
4 82 80 81 3271
4 3633 3679 2818 4084
4 2621 4172 4171 4377
4 3236 4710 3656 4737
4 2971 3098 2674 3363
4 3290 3859 937 4080
4 2792 2933 2861 3599
4 2857 3418 3419 4238
4 1385 1384 3518 4221
4 1973 3772 3211 4795
4 3053 4440 3981 4592
4 2162 3795 3353 4490
4 2912 4651 3389 4688
4 3682 4248 2693 4249
4 3136 3248 2815 4523
4 3137 3909 3434 4288
4 2823 3370 3302 3920
4 2857 3814 3615 4149
4 2659 3460 3980 4106
4 2879 4379 3710 4641
4 396 421 3737 4410
4 2841 3851 2996 4803
4 3163 3554 3144 4790
4 3553 2838 3819 4712
4 2571 4641 3052 4699
4 2585 3174 3816 4522
4 3723 3990 3015 4197
4 3535 3652 3176 4609
4 345 329 344 3785
4 635 608 606 3900
4 3200 3423 2818 4132
4 947 965 949 4025
4 3559 3779 3253 4043
4 3478 4283 3399 4410
4 286 299 298 3495
4 3107 4397 2574 4758
4 2060 2058 2057 4764
4 435 3454 436 4346
4 2861 3011 3575 4367
4 3303 4306 2925 4849
4 1512 1493 1515 3699
4 3278 3410 2856 4093
4 3745 3847 2989 4308
4 3899 4654 3020 4656
4 2835 3711 2847 3940
4 2637 4035 3438 4310
4 3137 4288 3434 4292
4 2888 4014 3689 4565
4 2790 3918 2680 4015
4 2976 4016 3319 4535
4 3872 4063 2627 4685
4 3063 4537 4466 4582
4 888 873 889 3698
4 2858 3548 2730 3948
4 2865 4243 4381 4732
4 3042 4297 3566 4700
4 1094 4148 3354 4463
4 2759 3196 3257 4501
4 2736 2769 2647 3254
4 2800 3070 3794 4820
4 88 94 71 3951
4 2843 2998 4311 4602
4 3974 4612 2982 4831
4 2667 3160 4266 4616
4 2498 3908 3191 4234
4 64 176 194 240
4 520 3429 521 4300
4 773 772 494 4269
4 2612 4240 2761 4241
4 358 3337 359 3785
4 3110 3322 1372 3927
4 61 191 171 207
4 601 681 680 4055
4 2246 2247 2219 4439
4 1176 1168 3831 4584
4 1360 3709 1364 4534
4 2723 3759 3108 4575
4 2954 3603 4676 4744
4 1903 1923 1922 3693
4 3104 3378 3293 4328
4 530 523 522 3700
4 2706 4137 3109 4293
4 3259 380 3478 4410
4 958 960 952 4637
4 3052 4641 3470 4699
4 2903 3533 3397 4257
4 2776 2900 3931 4247
4 2389 2387 2388 3659
4 2883 4031 3372 4066
4 2484 2486 3678 4552
4 1864 1877 1875 3751
4 1381 2521 2520 3543
4 2814 3119 3842 4392
4 2880 3366 3614 4610
4 2726 4589 3500 4619
4 2616 2697 3901 4693
4 2952 4218 3959 4331
4 2759 4030 3532 4237
4 3357 4367 2948 4725
4 377 3604 376 4606
4 2864 3775 3373 4612
4 2660 3296 3808 4306
4 748 3602 740 4617
4 1496 3599 1501 4812
4 1300 1275 1273 3903
4 756 3910 4058 4368
4 1144 1145 1146 3964
4 1362 4088 1363 4534
4 947 945 964 3728
4 1749 1745 1744 4329
4 2054 4618 3632 4838
4 3503 3813 2679 4264
4 3187 4068 3741 4124
4 2199 3818 2198 4502
4 3638 3639 2677 4405
4 2169 4089 2168 4850
4 248 3292 247 3883
4 3626 4156 3234 4508
4 494 772 493 4269
4 2925 2809 3222 4731
4 2466 3832 2454 3833
4 3193 2925 4467 4731
4 2381 3466 2382 4815
4 2682 3630 4322 4543
4 3596 3631 280 4785
4 268 73 100 3984
4 2707 3467 4488 4513
4 3206 4748 4181 4754
4 1595 3507 3929 4043
4 3879 4528 2864 4755
4 319 2965 3783 3985
4 3425 2653 4105 4712
4 394 393 3604 4576
4 3013 2859 3981 4337
4 2877 2651 3669 4054
4 3658 3766 2784 4403
4 2355 3671 2975 4305
4 1739 3843 3842 4665
4 3493 3990 3989 4569
4 1964 1963 1952 3987
4 2894 4503 3129 4839
4 3376 4244 4474 4529
4 873 3930 865 4832
4 2084 4618 2085 4838
4 434 446 3382 3928
4 2779 4521 3514 4582
4 1904 3256 1924 4501
4 2844 2687 3542 4216
4 3242 4153 3973 4485
4 3158 3530 3529 3794
4 790 796 789 4021
4 3602 3715 2946 4388
4 2069 3820 3172 3822
4 2208 3397 2207 3925
4 214 3188 2588 3561
4 1915 1916 1927 3800
4 2655 4462 3462 4730
4 463 473 4591 4667
4 2871 4033 3840 4266
4 3028 4540 3581 4720
4 2771 4011 3025 4607
4 1654 3614 1655 4416
4 3070 3416 3646 3988
4 2749 3357 3087 4725
4 3062 4255 3573 4710
4 2024 3681 2032 4231
4 3353 2860 3865 4490
4 924 3859 3268 4684
4 3336 4051 3403 4828
4 875 890 874 4187
4 127 259 3627 4595
4 2565 4449 3345 4740
4 931 946 932 4684
4 3527 4630 3351 4799
4 2632 3958 3077 4326
4 2730 3241 2914 4144
4 1338 1342 1341 3730
4 2877 3604 3737 4321
4 1092 1076 1077 4148
4 2334 2336 2337 4318
4 3235 3725 3003 4334
4 2665 4249 3719 4402
4 3279 3778 3441 3893
4 744 4161 736 4580
4 2673 4510 4181 4754
4 2730 2671 3589 4628
4 2659 2945 3980 4325
4 3442 4147 2609 4508
4 3204 2820 4004 4626
4 3080 3202 3105 4099
4 2613 4169 3667 4483
4 2823 3920 3302 4113
4 2673 4181 4748 4754
4 2744 4335 3855 4766
4 2926 3383 3211 4071
4 3081 3501 4053 4801
4 297 3986 3456 4785
4 2829 3365 3111 4421
4 3225 3526 3058 4529
4 2831 3342 3229 4685
4 2739 3016 2903 4438
4 874 890 889 4832
4 2566 3788 3541 4297
4 487 939 486 4637
4 962 3728 4186 4743
4 3319 4149 3615 4673
4 1353 1355 1340 3612
4 2818 3423 3200 4084
4 3006 2961 3788 4671
4 1690 4256 1689 4392
4 3248 3401 2897 4204
4 2945 3197 2839 4476
4 3263 3495 2768 4361
4 1261 1262 1285 4545
4 469 470 479 3445
4 2814 2910 3194 4145
4 2266 3865 2265 4846
4 2713 3259 4337 4837
4 2867 3192 2674 4741
4 2266 3306 3865 4846
4 2602 3359 4334 4660
4 3438 3639 4310 4774
4 3329 4681 2826 4697
4 2677 3886 2795 4163
4 257 3379 266 4037
4 657 656 648 3518
4 2902 3393 4172 4377
4 3086 3826 2754 3894
4 3294 4060 2699 4401
4 1921 3693 1933 4571
4 377 364 4321 4606
4 3556 4098 1830 4477
4 760 744 745 4580
4 2664 3089 2812 4358
4 921 4186 922 4684
4 3362 3490 2171 3956
4 2668 3548 2858 3948
4 2056 3620 2080 4638
4 1116 3806 3775 4824
4 219 4343 4142 4391
4 2832 3481 4378 4704
4 288 3473 3001 3474
4 2372 2364 4304 4305
4 492 768 962 4743
4 240 267 255 3182
4 3469 3470 3260 4682
4 636 670 3427 3900
4 2957 2772 3165 4028
4 1963 1964 3254 3987
4 2964 3763 4389 4559
4 1268 1229 1227 4771
4 3701 4167 3216 4672
4 776 783 3554 4503
4 2644 4077 3870 4601
4 3493 4569 3989 4754
4 2606 3440 3439 3881
4 376 3604 393 4576
4 2835 3708 3068 3796
4 1941 3800 1928 4023
4 1445 3734 1575 3938
4 2761 3800 3118 4239
4 2280 2281 2273 4727
4 3037 3703 2591 4287
4 3033 3162 2787 4169
4 2793 4185 2957 4835
4 1589 1584 1579 4615
4 1703 1687 1686 4782
4 1289 1290 1306 4512
4 3404 3523 3109 4668
4 639 3798 2950 3799
4 3608 4099 3105 4348
4 3228 4007 3190 4359
4 1119 1118 4463 4810
4 3374 4625 867 4832
4 2433 2438 3613 4724
4 3702 4434 3567 4639
4 2568 3580 3718 4017
4 2367 3907 2273 4317
4 3345 4408 3244 4532
4 3115 3858 2781 3955
4 2609 2872 3626 4507
4 3408 4013 3162 4393
4 1607 4166 1634 4851
4 3514 4481 2871 4521
4 3133 2816 3916 4525
4 4008 4315 3374 4831
4 3141 3850 2964 4661
4 3386 2967 4111 4267
4 2425 2410 4323 4340
4 2612 3934 3736 4363
4 3651 4491 2681 4519
4 1609 4388 3372 4648
4 1772 3842 1739 3843
4 3292 3789 3150 3968
4 1156 1157 1165 4373
4 1264 3341 1225 4845
4 1836 3860 1839 3866
4 2054 2055 2038 3632
4 3042 4158 3340 4297
4 334 3985 3130 4283
4 2760 3666 3588 4579
4 877 3298 759 4135
4 2566 3922 3541 4522
4 816 3297 852 4492
4 2648 2804 3002 4340
4 2661 3403 3992 4384
4 2571 3847 4115 4308
4 2997 3110 3086 3927
4 1936 3693 3196 4069
4 2779 4109 3514 4521
4 2203 3820 3418 4257
4 3052 4371 3948 4375
4 2634 3594 2843 3732
4 2039 2038 2055 3632
4 528 526 520 3429
4 2604 3295 4278 4279
4 3033 3390 2920 4121
4 2948 2947 3910 4075
4 3111 3664 1157 3957
4 215 3762 3805 4453
4 1508 3599 1500 3624
4 1111 3401 1110 4204
4 2401 2384 2302 4307
4 3584 4203 3651 4814
4 2314 3716 2313 4531
4 257 241 3379 4659
4 2008 3007 2004 4640
4 3387 4236 3280 4539
4 2831 2728 3685 3854
4 2709 2742 2654 4847
4 2202 3716 2295 3825
4 2969 4225 4224 4572
4 2808 2953 3521 4131
4 2651 3981 2865 4382
4 2971 3833 3678 4552
4 2565 3978 3917 4254
4 2631 3771 2768 4644
4 3413 3875 3243 3996
4 2958 3884 3250 4192
4 1478 1464 1467 3559
4 4172 4249 3480 4377
4 3114 4491 3651 4519
4 602 3361 3332 4604
4 1172 1163 1164 3615
4 3119 3422 4256 4392
4 3219 4243 2660 4687
4 1954 1947 1959 4795
4 2983 3583 3169 4766
4 1856 1847 1857 4095
4 618 612 3752 4762
4 2753 3686 4634 4818
4 775 776 3554 4503
4 2857 3814 3419 4788
4 3408 3964 1147 4621
4 2272 3907 2271 4261
4 2704 4111 3605 4600
4 2196 3818 3914 4638
4 1925 3257 3256 3600
4 3218 3844 2799 3845
4 2400 3241 1359 3616
4 1934 1935 1933 4571
4 2800 4498 3646 4820
4 3269 4538 3975 4582
4 3155 3490 2843 3620
4 3514 4521 2871 4616
4 3035 2665 4806 4807
4 1539 1546 1547 4426
4 1999 3947 2002 4640
4 1701 3570 1709 4227
4 476 466 468 4447
4 1704 3194 1712 4665
4 2585 3378 3104 4572
4 2755 4349 2616 4723
4 2864 3170 3775 4612
4 1923 1936 1922 4501
4 1052 3965 3163 4658
4 1892 4427 1912 4515
4 1619 1603 1602 4800
4 36 259 127 4595
4 2740 2577 3805 4805
4 2922 4036 3849 4120
4 2279 4686 2280 4727
4 2054 2053 2078 4838
4 3682 3127 4248 4249
4 1400 3709 1394 4395
4 2661 3992 3712 4564
4 3296 4306 3695 4535
4 1865 1875 3884 4411
4 3330 3708 3329 4739
4 2598 4847 3340 4848
4 2972 3598 4186 4743
4 2846 2985 2874 3475
4 3200 3942 3423 4132
4 1701 1685 1684 4800
4 3079 3704 3385 4330
4 2932 3141 3735 4153
4 2684 4499 3347 4500
4 261 268 203 3984
4 2538 2530 2537 4097
4 1795 3569 1796 4179
4 2023 2021 2022 4231
4 3553 4105 2653 4712
4 928 4467 3829 4637
4 2981 3538 3490 3956
4 376 393 392 4576
4 1512 1511 1493 3699
4 657 1385 656 3518
4 276 292 282 3388
4 3376 4474 3531 4529
4 660 1483 1596 4689
4 2768 2980 3494 3495
4 4014 4429 3355 4779
4 3452 3723 3051 4516
4 4029 4247 3686 4818
4 2714 3394 4151 4772
4 2743 3377 3115 3962
4 3902 4380 3573 4736
4 3075 3604 3457 4576
4 379 4283 3478 4410
4 3422 4131 3967 4135
4 518 517 508 4130
4 2677 4217 3638 4566
4 3044 3778 3279 3893
4 2892 3604 3457 4662
4 2567 4200 3642 4656
4 2758 2813 2635 3996
4 936 937 955 3290
4 2988 3341 2787 3484
4 2858 2914 2730 3085
4 333 340 3954 4702
4 1364 3826 1365 4534
4 2617 3705 3158 4593
4 1567 1566 1578 4251
4 2471 4236 4093 4539
4 1536 1504 1510 4734
4 3040 3406 2766 4081
4 3699 4074 2893 4583
4 148 146 147 3921
4 301 313 3807 4114
4 1850 1847 1839 3866
4 1554 1555 1572 3699
4 3689 4014 832 4565
4 2598 4514 3753 4847
4 2872 2611 4507 4741
4 183 3320 199 3707
4 3158 4224 2572 4593
4 3089 2768 3744 4152
4 2829 3615 3082 3957
4 2548 2524 2532 3576
4 411 427 416 4390
4 3914 4219 1209 4597
4 3190 3228 3918 4007
4 1723 4190 1725 4777
4 2946 4451 3396 4707
4 2790 3938 3228 4734
4 2585 4572 2854 4735
4 87 96 71 3531
4 362 369 357 3608
4 2463 1838 3889 4724
4 3144 3727 3027 4790
4 1451 1459 1457 3892
4 3090 3444 80 4713
4 1571 3523 4470 4614
4 2629 3948 4379 4517
4 2044 4464 2043 4810
4 3182 4059 3984 4794
4 2332 3166 2239 4194
4 2668 3016 2858 4438
4 3077 2785 4326 4601
4 2937 4071 3349 4159
4 1422 1431 1420 4551
4 2728 3266 4652 4745
4 2600 3344 2870 3890
4 2589 3873 3649 4106
4 2637 3644 3402 4769
4 493 772 771 4056
4 2599 3015 3990 4569
4 2608 4213 3496 4282
4 3092 3564 2959 4427
4 204 2984 212 3537
4 2697 3901 4693 4733
4 2920 2988 2787 3484
4 4175 4350 3359 4657
4 2486 2484 2485 4552
4 149 4431 3247 4527
4 3070 3705 3416 3988
4 3384 3892 3779 4043
4 2110 2109 4089 4618
4 2972 4186 3728 4743
4 1625 1617 4549 4798
4 314 327 328 3784
4 2600 3890 2870 4366
4 571 3328 3850 4681
4 2698 3043 3318 4290
4 2652 2825 2799 3845
4 111 103 110 3347
4 2604 4213 3496 4278
4 2770 2936 3446 3772
4 2922 4316 4120 4561
4 117 107 125 4160
4 1977 3586 1978 3809
4 3157 3517 2752 4786
4 2651 3899 3898 4440
4 663 670 671 3427
4 2859 4337 3725 4660
4 1261 1260 1252 4714
4 590 584 578 4389
4 3805 4453 2740 4805
4 2033 3415 1108 4256
4 1187 3939 1189 4013
4 1428 1509 1503 4734
4 1511 1512 1514 3699
4 3031 2844 3995 4216
4 2051 2075 2076 4838
4 2637 3368 3765 4035
4 2405 2402 2404 3896
4 3423 3942 3200 4580
4 2300 2318 2319 4307
4 230 210 226 3817
4 900 899 901 3739
4 3585 4603 4226 4643
4 2623 2942 2698 4573
4 2770 3446 2936 4613
4 250 2597 3882 3883
4 2081 2074 2073 4424
4 2633 3741 3375 4487
4 2078 2053 2077 4838
4 2051 2076 2052 4838
4 2637 3367 3997 4530
4 2772 2975 3165 3671
4 1947 1934 4069 4406
4 2160 2142 2161 4773
4 2596 4044 3340 4715
4 3941 4045 2564 4448
4 493 771 489 4056
4 1449 3318 3317 4290
4 1549 1548 1552 3804
4 2922 4036 3789 4037
4 1993 2006 2005 3773
4 3772 4770 3211 4795
4 2988 3138 2920 4286
4 3066 4034 3993 4617
4 2857 3615 3814 4550
4 904 912 905 3782
4 3381 3944 3815 4105
4 2772 2957 4211 4835
4 352 339 353 3954
4 2827 3163 3027 4658
4 761 3942 760 4580
4 679 677 659 3846
4 2155 3362 2154 4415
4 2781 3721 3720 4504
4 2924 4581 3371 4676
4 3582 3695 2805 4122
4 1531 760 1604 3423
4 3540 3816 3174 4522
4 2803 3634 4434 4630
4 2991 2858 3166 3755
4 2912 4077 3389 4651
4 2689 4355 3058 4557
4 782 4743 3554 4790
4 2803 3634 3633 4434
4 3585 4041 4603 4643
4 370 358 356 4348
4 360 373 361 4677
4 2904 4086 3849 4087
4 825 833 824 4014
4 1881 3904 1869 4427
4 2706 3109 4137 4666
4 1834 1833 1826 3647
4 824 833 832 4014
4 2909 3552 3214 4841
4 3541 4496 3922 4497
4 1110 3415 3401 4658
4 2538 2531 4097 4119
4 732 693 691 3558
4 2598 3006 3340 4297
4 3610 3974 2982 4831
4 3016 3166 2858 3755
4 3126 3884 3414 4242
4 1215 3825 1295 3862
4 256 252 267 3398
4 2990 3417 2991 4317
4 2990 2927 3907 4727
4 1226 4273 1224 4845
4 1956 1944 4294 4296
4 413 3622 417 4598
4 1693 3696 1715 4756
4 2777 3503 4755 4772
4 2489 3363 2490 3421
4 3731 4075 1596 4689
4 2686 2812 3858 4547
4 3050 3732 2778 4523
4 2472 2482 3421 3889
4 2519 2520 2516 4420
4 2979 4496 3961 4718
4 236 166 226 3817
4 2908 3711 2682 4759
4 2627 3704 3626 4719
4 1123 1122 4238 4811
4 954 960 959 3829
4 3341 3484 2988 4771
4 3256 3751 2958 4192
4 2974 3570 3505 4664
4 2627 3258 2579 4652
4 2675 4155 3267 4274
4 1299 1300 1273 3903
4 3200 4162 3846 4580
4 128 116 104 4711
4 2944 3694 4105 4259
4 2691 4434 3886 4639
4 2620 3686 4247 4818
4 2766 3040 3077 3406
4 388 410 411 3597
4 3778 4083 2711 4191
4 2352 2351 4028 4531
4 3155 4079 3154 4210
4 960 3829 3222 4637
4 2754 3047 3178 3894
4 2170 2171 2151 4850
4 3095 2833 3558 4468
4 530 522 524 4209
4 176 261 3984 4794
4 315 314 328 3784
4 189 174 3952 4126
4 1549 1552 1553 3804
4 2724 3491 2622 4547
4 1371 1370 1373 4003
4 2697 2616 3901 4475
4 2376 2377 2369 4518
4 447 436 448 4346
4 2616 4185 3665 4835
4 2779 4466 4537 4582
4 430 441 4598 4599
4 3364 4327 2682 4593
4 2926 2644 3722 3870
4 2849 2701 4211 4791
4 2678 2594 4117 4316
4 3498 4401 3054 4560
4 1549 4426 3804 4428
4 775 769 4503 4743
4 553 1412 1490 4359
4 3042 3459 3340 4158
4 3603 4056 3018 4196
4 3498 4017 3134 4525
4 2572 3530 3794 4529
4 3130 3478 3131 4677
4 2338 4318 3755 4400
4 2574 3442 4397 4508
4 3457 4067 430 4599
4 249 253 3282 3882
4 3278 2856 3678 4093
4 2770 3211 3772 4770
4 2307 2336 2334 3755
4 1840 1830 4098 4477
4 2857 3418 2976 4342
4 857 3967 3848 4492
4 2620 4145 2900 4808
4 2964 3458 3141 4153
4 916 3919 914 4104
4 2438 2453 3613 4724
4 2637 3402 3367 4769
4 2872 2771 3342 4640
4 1513 1514 1512 3699
4 2945 3416 3225 4355
4 2508 2509 2506 3662
4 3355 2878 4409 4558
4 638 610 608 3798
4 147 3921 144 4700
4 2905 2787 3341 4013
4 2989 3645 3853 4375
4 2356 3672 3671 4305
4 1978 3254 3809 3987
4 2651 3898 3433 4440
4 3454 3975 436 4346
4 4183 4347 3099 4555
4 3017 3606 4598 4816
4 575 586 4336 4604
4 3400 3549 2965 4361
4 3204 3318 2698 3509
4 1591 3507 4043 4250
4 3338 3759 2723 3997
4 908 3267 905 3782
4 2702 4311 2998 4602
4 945 963 964 3728
4 3369 3825 2200 3939
4 3663 4657 2952 4849
4 2659 3649 4106 4803
4 3063 4667 4466 4669
4 2901 3532 3196 4030
4 1342 1338 1339 3730
4 680 600 601 4055
4 3420 3480 2715 4172
4 2863 2744 4335 4353
4 2616 3665 4693 4723
4 1343 1279 1302 4776
4 2802 3931 3435 4808
4 2565 3978 4254 4752
4 3630 3944 2788 4174
4 2974 2749 3087 3650
4 2613 3667 3472 4483
4 2852 3039 3033 4065
4 4528 4755 3394 4772
4 1409 3351 3322 4395
4 1534 3497 3482 4812
4 2614 4266 3467 4488
4 1408 1407 1402 4799
4 2632 3875 3345 4449
4 3163 4414 1052 4658
4 709 700 701 3810
4 2893 4137 4074 4250
4 709 708 700 3810
4 2782 3716 3149 3825
4 1913 1893 3611 3891
4 2690 4657 3663 4849
4 841 840 832 4565
4 2752 3451 3157 4786
4 3365 3836 2943 3977
4 437 4346 449 4577
4 2348 2349 3671 3672
4 576 570 567 4336
4 3407 4430 2880 4833
4 2799 3332 3427 4007
4 3310 3991 3749 4100
4 3310 2924 3749 4667
4 3183 4227 3194 4782
4 1607 4166 3715 4388
4 3117 4070 3211 4795
4 2524 2530 3576 4583
4 3050 3620 3136 3632
4 3292 4125 3883 4751
4 2835 2908 3711 3940
4 3569 3770 2923 4830
4 2984 3347 3038 4728
4 301 3807 302 4114
4 3292 4444 4125 4751
4 1384 3871 3518 4826
4 2940 3499 3172 3822
4 2802 2987 3904 4095
4 2897 4029 3248 4523
4 1833 1825 1826 3647
4 2616 3665 2697 4693
4 2639 3115 2743 3377
4 901 3267 905 3568
4 3638 4217 3122 4566
4 1790 4040 3569 4179
4 3123 3374 4008 4315
4 2583 3171 3358 4654
4 2204 3418 1217 4257
4 1978 3809 3586 3987
4 3059 3863 2993 4080
4 2953 3298 3297 4492
4 1359 3612 3616 4506
4 484 483 3749 4744
4 1797 4180 1800 4830
4 3189 2792 3691 4277
4 2691 3567 4123 4434
4 3408 2786 3664 3964
4 2648 3186 2804 4340
4 2763 3030 3597 4078
4 1682 1641 1643 4672
4 1190 4013 3341 4845
4 2203 3418 2204 4257
4 3329 3932 2826 4681
4 2813 3196 2759 4030
4 736 4161 712 4580
4 1253 3252 1261 4714
4 2958 3751 4339 4411
4 1643 1683 1682 4672
4 2835 3708 3629 4543
4 2632 3996 2758 4408
4 2787 2905 3341 3862
4 1902 1896 3564 4427
4 3063 4538 3975 4591
4 3940 4072 3279 4073
4 2883 3348 3724 4417
4 2515 2519 2516 4420
4 1290 3448 1281 4047
4 3250 3532 2901 4168
4 84 2775 81 3774
4 2616 3901 2755 4693
4 4255 4383 3010 4710
4 1231 1272 1233 4753
4 2687 3351 3135 3527
4 3108 2869 3559 4541
4 2756 3418 2903 4342
4 3157 3799 2796 4786
4 3143 4384 3343 4807
4 3048 3049 2859 3568
4 3038 3344 2600 3890
4 2183 2434 2184 4556
4 450 461 462 4577
4 3615 3814 1172 4149
4 2544 2539 2543 4119
4 155 3566 4357 4700
4 2642 4054 3669 4568
4 3020 3899 3539 4112
4 2869 3284 3587 4570
4 1972 3809 3254 4296
4 2757 2644 4077 4651
4 2615 3316 3845 4360
4 3081 3994 3528 4199
4 3141 2964 3973 4661
4 2637 3765 3438 4035
4 3053 3528 4112 4440
4 1712 3194 1704 4782
4 1179 1180 3583 4219
4 2933 3073 2861 3731
4 3254 4507 2736 4741
4 87 3531 79 4328
4 3162 3408 2786 3664
4 2617 2572 4327 4593
4 450 462 451 4577
4 3423 3942 3715 4132
4 3101 2603 4151 4417
4 2629 4144 4108 4379
4 2766 3924 3258 4081
4 3915 3934 2749 4364
4 2670 3132 2771 3432
4 2875 3844 3845 4295
4 2526 3674 1527 4214
4 1066 4597 3583 4793
4 3158 4352 3705 4620
4 579 571 578 3850
4 2864 4528 3170 4612
4 1821 3770 1827 4178
4 2360 2368 3417 4317
4 1702 1701 1709 4782
4 1036 1021 1037 4206
4 2797 3314 3209 4329
4 1515 3699 2523 4583
4 2793 3670 2973 4495
4 2611 4063 3626 4401
4 2938 3798 3451 4786
4 1935 1934 4406 4571
4 376 392 375 4576
4 77 4328 79 4713
4 3121 4387 4012 4796
4 3013 4337 3259 4837
4 2901 3693 3250 4571
4 4371 4517 3768 4750
4 695 734 3297 4369
4 2907 4232 3421 4396
4 2644 2828 4767 4768
4 1930 3611 1929 4294
4 3039 3831 2852 4589
4 291 302 3807 4270
4 64 176 240 261
4 2837 4125 3292 4444
4 2757 4077 2644 4601
4 2657 3480 3481 4378
4 3015 3989 4569 4754
4 180 3320 182 4252
4 948 3391 949 4080
4 152 4497 147 4700
4 1885 3564 1896 4427
4 1885 4038 3564 4427
4 2580 3541 4158 4497
4 3601 3819 2838 4712
4 3118 4023 3117 4406
4 2935 3338 2723 4365
4 3135 3542 2687 4216
4 2860 4129 3865 4846
4 1347 2389 2390 2884
4 1741 3505 1733 4664
4 1865 1875 1874 3884
4 2959 4143 3233 4239
4 335 3130 3783 4677
4 4036 4120 2922 4316
4 2737 3882 2705 4596
4 3481 4377 2832 4378
4 4091 4598 413 4816
4 2901 4069 3693 4571
4 2629 3948 3546 4379
4 2231 3533 2229 4257
4 3411 4034 3066 4617
4 365 3571 366 4321
4 3003 4212 4213 4278
4 2598 4322 3788 4735
4 111 3917 3347 4649
4 3457 4067 2794 4662
4 3109 4137 2893 4293
4 2214 2219 2220 4502
4 2826 3068 3796 4780
4 1374 3232 1375 4003
4 2983 3914 3583 4219
4 2528 2529 2523 4583
4 577 572 570 4336
4 2609 2647 2712 4507
4 2782 2973 3149 3716
4 2721 4302 4303 4645
4 1718 3733 1716 4756
4 2319 2301 2300 4307
4 2016 2030 2029 4233
4 2693 4248 3839 4249
4 2669 4384 3343 4806
4 3417 2991 4317 4518
4 2775 3545 3171 3774
4 2880 3915 3366 4610
4 4435 4436 2141 4773
4 1408 2544 3527 4354
4 2753 4634 3357 4818
4 2776 4060 3294 4602
4 2696 3235 3761 3979
4 3543 3544 1378 4333
4 1213 3825 1214 3939
4 2734 2666 3241 4144
4 1877 1878 1888 3751
4 2588 3437 2729 4701
4 2801 2992 3331 3456
4 2968 3076 3929 4101
4 3232 3339 2997 4333
4 3424 4395 3709 4455
4 896 3739 429 4096
4 1219 3419 1203 3925
4 2682 3711 3041 4543
4 3270 3744 2775 3970
4 2894 3445 4705 4839
4 3607 3891 1883 4232
4 3547 4118 3093 4314
4 3839 4248 3759 4575
4 3215 3757 3142 4747
4 2892 4138 3604 4662
4 39 175 108 3978
4 1608 4388 1609 4648
4 1179 1210 1180 4219
4 3394 4528 3879 4755
4 3109 3576 3552 4293
4 348 366 349 4283
4 530 524 531 4209
4 1938 3257 1951 4005
4 2725 4301 2629 4791
4 2919 4091 3454 4816
4 840 3689 832 4565
4 3300 4186 3598 4705
4 970 985 781 4165
4 2200 3369 3149 3825
4 2837 4059 3182 4484
4 2257 3787 4028 4495
4 2598 4514 4847 4848
4 2634 4523 2843 4602
4 2767 3954 3714 4606
4 3230 3306 2860 4374
4 2567 3745 3642 4546
4 3291 4484 3877 4619
4 2757 4651 2728 4768
4 2678 4170 4117 4220
4 196 190 172 3654
4 1338 1288 1321 4819
4 2855 3404 4137 4250
4 589 580 4154 4389
4 2730 3589 2734 4628
4 267 256 3398 4425
4 1927 1916 1928 3800
4 276 2561 289 3173
4 135 131 127 3627
4 2150 4089 2169 4850
4 2982 3972 4148 4315
4 1969 3854 4023 4795
4 2624 3618 4513 4514
4 2649 2931 3901 4733
4 2196 1209 1208 3914
4 2877 3399 3737 4410
4 2799 2825 3213 3218
4 2589 3649 3225 4106
4 1790 3569 1795 4179
4 3319 3615 2857 4550
4 2567 3307 3745 3791
4 1915 1902 1916 4427
4 2709 2948 2947 3096
4 2624 3579 3630 4514
4 54 266 142 244
4 2999 3698 3262 4629
4 3146 3847 3140 4115
4 2953 4404 3848 4492
4 1988 3809 1971 4296
4 3049 4104 3919 4265
4 140 155 159 3817
4 215 3762 2577 3805
4 2807 3173 3064 3857
4 2233 3397 3238 3533
4 2567 3654 4059 4546
4 3383 3681 2936 4233
4 3749 4100 3991 4269
4 2337 2335 2334 4318
4 1847 3866 3315 4632
4 2658 2856 3692 4260
4 1441 3740 1444 4004
4 2674 4507 2611 4741
4 1837 3435 1848 3889
4 2221 3670 2222 4502
4 1641 3701 1639 4648
4 1584 3404 1579 4615
4 2017 3935 2018 4159
4 3142 2669 4564 4807
4 3481 3480 4249 4377
4 3083 3300 2868 4346
4 783 4057 4021 4503
4 2258 2289 2266 4553
4 2203 3418 3820 4238
4 2776 2900 3276 3931
4 3019 3647 3280 4113
4 99 210 74 4622
4 3106 3992 3237 4281
4 3462 4462 3593 4730
4 2899 3702 3887 4217
4 2714 4417 3724 4772
4 3197 4072 3044 4073
4 531 582 536 4189
4 3623 4094 3099 4356
4 2728 2757 3923 3924
4 1511 1493 3699 4551
4 931 922 921 4186
4 2667 4266 3160 4404
4 2008 3447 3057 3773
4 71 25 206 3376
4 2591 4287 3344 4402
4 3651 4519 4203 4698
4 2585 3922 3378 4572
4 174 19 72 198
4 568 570 569 3932
4 117 4160 3442 4397
4 1808 4113 3647 4141
4 2624 4322 3618 4514
4 1865 1864 3751 4411
4 799 792 793 3643
4 3441 3449 2932 3735
4 2650 2829 4175 4550
4 2896 3633 4221 4826
4 2871 4266 3557 4488
4 686 3909 4468 4738
4 2910 4135 3422 4472
4 1717 3696 1694 4765
4 2979 3436 3428 4817
4 340 3571 355 3954
4 156 162 137 4230
4 2600 3367 3997 4704
4 2827 3226 3163 4658
4 2678 4117 3325 4316
4 2730 2734 3241 4144
4 117 126 114 3471
4 39 188 175 3978
4 3329 3451 2938 4336
4 1701 4227 1709 4782
4 2983 3050 2897 4480
4 1146 1148 1159 3664
4 2810 3266 3852 4688
4 769 3598 4503 4743
4 3171 4655 4654 4656
4 2740 3316 2942 4573
4 3099 4347 4183 4356
4 720 722 681 4631
4 3840 4032 2833 4033
4 3246 4525 4457 4526
4 3566 4297 3042 4298
4 2579 2627 4000 4719
4 2701 2849 3245 4107
4 797 4021 790 4540
4 2990 4544 2927 4727
4 1977 1992 1991 3586
4 3994 4484 3081 4619
4 1208 2195 2196 3914
4 1055 1053 1054 3965
4 1912 4427 3800 4515
4 2625 3849 4086 4087
4 34 107 242 125
4 3229 2831 4023 4443
4 785 4720 4057 4792
4 3499 2940 4464 4810
4 2859 4155 3049 4660
4 21 172 190 4840
4 582 593 536 4189
4 2875 3640 3178 4823
4 1182 3409 1181 4621
4 825 4014 824 4429
4 2751 3567 4162 4262
4 2844 3759 3207 4202
4 1458 3559 1464 4626
4 1177 1176 1168 3831
4 3193 3487 2865 4381
4 1867 1855 2478 4347
4 2757 2937 2644 4768
4 2629 2666 4108 4144
4 2273 2281 4317 4727
4 2584 3713 3405 3979
4 2914 2991 3323 3465
4 3909 4207 3434 4288
4 3144 4743 3728 4790
4 3114 4581 4103 4600
4 4346 4390 3083 4577
4 2752 3451 3329 4697
4 2629 4379 4108 4791
4 1675 1683 1751 4167
4 1145 3964 3409 4621
4 659 3846 651 4161
4 2859 4274 4155 4837
4 2623 2698 2891 4573
4 3569 3770 1796 4179
4 3064 3895 3001 4110
4 2708 4426 3804 4470
4 559 557 558 3640
4 2187 3538 3277 3956
4 978 3728 3727 4025
4 2799 3844 3361 4295
4 2986 4000 4454 4560
4 3203 2860 3306 4374
4 292 3377 282 3388
4 956 3059 975 4331
4 2839 3980 2945 4325
4 424 409 412 4816
4 3288 4294 1945 4296
4 3989 3990 3015 4569
4 2803 4434 3886 4630
4 1065 1064 1066 4793
4 3820 4129 2939 4257
4 249 3282 257 4036
4 3405 4316 3325 4561
4 237 224 209 3951
4 3561 3537 4728 4805
4 2601 2725 3966 4791
4 1001 3836 3304 4146
4 872 3698 888 4629
4 282 3631 281 3962
4 2249 2222 3670 4495
4 4018 4551 1423 4642
4 4020 4039 2583 4656
4 2751 3661 3231 4451
4 2010 3181 1998 3349
4 1626 1627 1619 3726
4 1033 1034 1016 4793
4 1975 4070 3854 4795
4 2109 3572 2133 4089
4 3124 3222 2809 3289
4 2736 3468 2674 4741
4 2819 3763 3458 4653
4 183 3320 3707 4115
4 3311 3686 2753 4029
4 1059 1057 1058 3969
4 3451 4154 2930 4412
4 3473 3807 2887 4270
4 3714 3954 354 4606
4 1002 4206 1019 4486
4 831 830 806 4486
4 2423 2426 2424 3777
4 485 484 3991 4269
4 1973 4770 3772 4795
4 3123 3972 3374 4315
4 1174 1196 1195 3814
4 3762 4050 2615 4573
4 1195 1173 1174 3814
4 3238 3397 2233 4686
4 2722 3796 4775 4780
4 3315 3904 1862 4095
4 147 152 150 4497
4 2602 3981 4592 4660
4 2773 2870 3142 4807
4 2738 4150 3742 4171
4 1493 2522 1515 3699
4 3251 3670 2793 4439
4 2002 2012 2013 3947
4 3231 4451 3661 4643
4 3461 4496 3922 4522
4 634 605 603 4419
4 3685 3854 2728 4768
4 3145 4287 4012 4402
4 2707 4488 3579 4513
4 3434 4288 3014 4292
4 2898 3437 3232 4365
4 2957 2927 3787 3907
4 3049 3663 2780 4265
4 2572 3530 3158 3794
4 875 4187 874 4832
4 3256 4183 3623 4520
4 1159 1158 1146 3664
4 152 140 3657 4357
4 2876 3251 3155 3621
4 1225 3341 1227 4845
4 1504 1536 3953 4734
4 1161 3790 4065 4584
4 2640 3793 2853 4766
4 378 3737 4321 4410
4 1983 3447 1982 3586
4 3317 3228 3938 3983
4 3248 3415 3119 4029
4 147 150 148 3578
4 3298 3967 4131 4135
4 2836 2781 4504 4562
4 3460 3639 2589 3873
4 3501 4170 2726 4220
4 2911 3821 3715 4309
4 2281 2375 4317 4727
4 3141 2964 3850 4559
4 272 280 279 4784
4 3217 4442 4151 4690
4 3088 4020 3644 4310
4 146 145 144 4045
4 189 181 186 3255
4 2820 3677 3043 3740
4 216 217 4635 4701
4 3025 4607 3181 4685
4 3093 4118 3716 4312
4 2863 3097 3727 3756
4 584 4559 3763 4653
4 2773 3142 3215 3712
4 2970 2809 3289 4814
4 2709 3753 4514 4847
4 3261 4061 3360 4565
4 2792 2933 3519 3624
4 1537 3624 3488 4251
4 3200 3942 3231 4580
4 813 811 812 4414
4 2793 3665 3154 4185
4 3205 3755 2308 4127
4 1895 1899 4232 4234
4 2868 3557 3269 4587
4 1688 3422 1687 4392
4 440 428 3606 4816
4 3319 4016 2976 4238
4 130 29 164 3941
4 1361 2556 2502 3912
4 2651 4243 3913 4382
4 3130 3400 2741 4283
4 2674 2971 4396 4813
4 2145 2129 3865 4490
4 2951 3132 2670 3432
4 1491 1492 3953 4734
4 147 146 144 3921
4 847 868 867 4625
4 418 4576 3457 4598
4 2628 3152 3521 4802
4 3425 4504 2653 4712
4 190 203 89 3984
4 373 3976 3478 4677
4 1708 3570 1700 4664
4 265 259 238 4595
4 2624 2796 3618 4786
4 2826 4661 3462 4697
4 635 633 636 3900
4 3623 4183 3099 4520
4 1123 4238 3820 4811
4 2621 3480 3420 4172
4 128 107 117 3249
4 2923 3569 2900 3770
4 2684 3347 3958 4649
4 35 102 125 4160
4 3111 3664 2786 3964
4 2831 3349 2728 3854
4 1229 3484 3341 4771
4 2015 2028 2014 4233
4 2760 3906 3722 4767
4 3418 3419 1217 4257
4 1440 1435 3983 4341
4 840 719 711 3689
4 524 516 566 3735
4 2547 2560 2545 3135
4 216 215 214 2588
4 2893 4074 3384 4250
4 100 89 203 3984
4 2666 3352 2705 4596
4 2886 3867 3345 4752
4 3283 4721 4154 4762
4 1781 1772 1770 3843
4 3291 4125 4484 4751
4 2726 3033 2852 3039
4 2742 2821 4015 4848
4 2579 4000 4454 4719
4 2935 4201 3207 4202
4 1184 3408 1147 4621
4 1867 4183 1879 4555
4 810 812 3911 4414
4 2689 4391 4343 4635
4 3194 3183 4145 4227
4 2229 3533 2230 4257
4 3532 3555 2759 4237
4 3380 3943 3471 4682
4 1949 3196 4005 4069
4 603 585 602 4419
4 2645 3665 2793 4835
4 3123 4165 2881 4315
4 2603 3102 4193 4263
4 2872 3254 3809 4296
4 230 2961 210 4622
4 213 225 221 4254
4 3708 4543 2835 4739
4 579 569 3850 4559
4 89 3984 73 4840
4 249 4036 257 4037
4 2825 2908 3213 4024
4 2667 3160 3949 4404
4 3056 3393 4377 4380
4 2980 2767 3494 3714
4 1259 1258 1250 4760
4 2718 4076 3766 4748
4 2732 3156 2856 4094
4 3058 4244 4529 4585
4 2935 3207 2750 3759
4 3524 3724 2774 4437
4 2644 3722 3906 4767
4 2850 4041 3585 4643
4 1895 1898 1899 4234
4 2970 3382 4447 4732
4 3471 4160 126 4595
4 1857 1862 1868 4095
4 3820 4238 2976 4811
4 2929 3093 3903 4314
4 2512 3995 3207 4420
4 2630 3901 2755 4349
4 2704 3605 4386 4600
4 694 692 4116 4696
4 632 4075 3477 4176
4 1526 1524 1523 4214
4 3493 2673 4569 4754
4 2749 3575 3011 4367
4 2008 3007 3432 3586
4 3880 3927 3322 4163
4 3897 4465 2855 4694
4 3642 4020 2862 4656
4 2447 3905 3636 4783
4 3080 3819 2838 4494
4 455 456 454 3628
4 267 3182 240 4425
4 2936 2770 3383 3772
4 3089 3171 2775 3744
4 930 931 921 4186
4 2747 3436 3428 4479
4 690 4468 3515 4738
4 511 3218 3168 3429
4 2439 2434 2438 3613
4 2827 3027 3401 4658
4 3260 3470 2879 4682
4 2897 3401 3874 4204
4 2641 4376 3823 4674
4 2711 3778 3441 3861
4 4301 4517 2629 4791
4 195 3140 182 4115
4 1372 3322 1376 3927
4 867 846 847 4625
4 1541 4426 1549 4428
4 394 3604 377 4321
4 3239 3993 3810 4446
4 688 690 701 4738
4 2579 4454 3483 4719
4 669 3427 3332 4359
4 2946 3411 2883 4567
4 3434 4055 3014 4288
4 2065 2046 2067 3822
4 3622 4598 4091 4816
4 2851 2920 2678 2921
4 2686 4399 3331 4547
4 1399 1398 1390 4221
4 2678 2726 4170 4220
4 1248 1257 1256 4760
4 3194 4472 4392 4782
4 2145 2129 2288 3865
4 533 539 538 3361
4 1357 1353 1352 4245
4 3366 3011 4416 4610
4 129 108 119 3978
4 3366 3915 2880 4430
4 2677 3873 4385 4405
4 2876 3670 3251 4502
4 161 3683 163 4431
4 2729 3980 3437 4325
4 2699 2987 2761 4363
4 3048 2859 3198 3568
4 2761 2831 3118 4023
4 3042 3541 4158 4297
4 2917 3774 3531 3999
4 1552 3804 1548 4470
4 2975 4304 2355 4305
4 1227 3341 1266 4771
4 2702 4602 3180 4813
4 1055 1029 1028 3965
4 2580 4457 3916 4526
4 2875 4295 3640 4678
4 3909 3095 4468 4594
4 2705 3882 2593 4596
4 3348 3724 4437 4567
4 3478 3976 3131 4677
4 481 3598 482 4705
4 2939 4129 3533 4257
4 1942 4406 1947 4795
4 610 3798 597 4412
4 2165 4040 2146 4179
4 3481 3480 3839 4249
4 3461 3961 3008 4496
4 221 225 234 4254
4 3867 3958 2632 4449
4 3114 4491 4103 4581
4 105 115 120 3380
4 2793 3153 3787 4185
4 1490 668 553 4359
4 3468 2966 4507 4508
4 3163 2811 3911 4414
4 3284 3559 2869 4541
4 3423 3821 3674 4309
4 2995 2789 3195 3252
4 2171 3362 2152 3490
4 2658 3989 3493 3990
4 3063 4538 4537 4582
4 2808 3521 2953 4413
4 3042 4158 3541 4700
4 2790 3190 2933 3624
4 4360 4671 3006 4848
4 3502 2896 3846 4221
4 3309 4339 2791 4520
4 3229 2872 4063 4685
4 544 3361 539 4678
4 3078 112 4649 4650
4 1418 3431 1419 3677
4 1467 1459 1468 4043
4 3282 257 4036 4037
4 2902 3333 4150 4442
4 1490 4359 3228 4734
4 2783 3319 4535 4550
4 611 609 4412 4762
4 2869 3587 3035 4248
4 3240 3842 3569 3843
4 1172 1171 1163 3615
4 2762 4243 4732 4814
4 558 559 3640 4695
4 2916 3374 3930 4832
4 2624 4786 3618 4822
4 3519 3599 1508 3624
4 785 4057 784 4792
4 2623 4064 3108 4365
4 212 2984 3561 4728
4 191 175 179 4254
4 3744 3898 2586 4568
4 2647 3385 2582 4147
4 805 806 830 4486
4 3028 3911 3443 4540
4 3484 4753 2988 4771
4 3146 3710 4379 4641
4 313 326 325 4289
4 3140 3791 3745 3847
4 2646 3500 4589 4619
4 2799 4007 3427 4822
4 2970 4447 3289 4732
4 2713 4278 4450 4837
4 2609 3385 2647 4147
4 2286 2284 2283 4079
4 3667 3713 2613 3979
4 384 3030 370 4797
4 2634 3686 3311 4029
4 115 105 119 4650
4 3605 4111 3114 4600
4 1936 1923 1937 4501
4 2928 2782 3093 3716
4 2589 3646 3225 3649
4 2684 3958 3078 4649
4 251 252 263 3710
4 507 499 508 4276
4 2610 3567 3242 4639
4 2971 3678 3098 4552
4 3095 3096 2947 3910
4 2867 4223 3192 4741
4 1651 3781 1659 4664
4 2692 2898 3437 3894
4 2675 4274 4313 4837
4 3179 2815 4040 4247
4 3246 3311 3133 4525
4 2708 4470 3523 4614
4 2615 4391 4360 4671
4 3173 3064 3857 4471
4 2666 3241 2914 3466
4 2791 3989 3555 4754
4 3207 4202 4201 4420
4 3569 4040 3240 4247
4 2998 3179 4089 4556
4 2238 4686 2240 4727
4 2273 2272 2280 4727
4 2749 3934 3736 4364
4 2839 2689 3197 4355
4 3103 3869 4742 4761
4 2683 2763 3428 4078
4 2994 3661 4451 4643
4 406 405 402 3279
4 701 700 688 4738
4 3202 3299 2836 4289
4 4021 4540 3028 4720
4 2795 3147 3110 3322
4 3497 3599 2861 4812
4 3484 3747 1232 4121
4 2305 4194 2210 4512
4 3055 4371 3768 4749
4 1031 1030 1059 3969
4 2916 3374 4187 4831
4 683 681 722 4631
4 3301 3887 3886 4385
4 2491 2490 2489 3363
4 4154 4389 3328 4721
4 2643 3429 3218 3845
4 725 3910 4207 4631
4 3323 3465 2991 4400
4 3327 4646 3167 4717
4 1979 1995 1993 3772
4 3494 3495 310 3549
4 3674 3821 3069 4309
4 3481 3480 4377 4378
4 2598 3630 4322 4735
4 571 3850 569 4681
4 1719 1695 1696 3697
4 2568 3683 3580 4431
4 1869 3904 1881 4515
4 1505 1506 1497 3953
4 1741 3781 3505 4664
4 3083 4346 3597 4390
4 3140 3847 3745 4308
4 101 72 88 3951
4 3206 3766 3658 4076
4 3742 4442 3333 4804
4 895 3198 894 4313
4 3003 3501 4334 4801
4 3438 3639 3460 3765
4 1897 4234 3891 4789
4 2610 3702 3567 4639
4 2676 2801 3331 3491
4 1645 3482 1644 4416
4 946 4186 3728 4684
4 204 225 213 2984
4 1084 4414 851 4658
4 1169 4065 3831 4584
4 3982 4033 3467 4266
4 2615 3845 2652 4360
4 1165 3957 3615 4373
4 3267 3739 3479 4096
4 2993 3290 3059 4080
4 781 774 970 4165
4 4447 4731 3289 4732
4 2356 2357 3672 4305
4 2602 3295 3725 4801
4 2942 3215 2740 4453
4 3153 3787 2927 3856
4 279 3001 2561 3895
4 3250 3693 2958 4192
4 127 131 120 3627
4 2702 2998 2981 3538
4 3597 4346 3454 4797
4 2780 4155 3750 4350
4 2096 2098 2099 4436
4 853 852 4369 4492
4 3166 4317 2990 4318
4 2637 3088 3644 4310
4 3011 2735 3482 4610
4 3008 3961 3578 4496
4 2688 3638 3639 3873
4 3113 4235 3701 4648
4 1620 3482 1621 4812
4 2913 4189 3735 4209
4 2799 3918 2817 4007
4 141 145 154 3941
4 1715 4756 3696 4765
4 3302 4679 3370 4764
4 776 4057 783 4503
4 2715 3214 4042 4841
4 2820 3740 3043 4004
4 412 4091 413 4816
4 4109 4433 2977 4674
4 93 95 3029 4840
4 1984 2831 3181 4443
4 3438 3639 2637 4310
4 2752 3463 3946 4697
4 1466 1473 3318 3509
4 3473 3676 2807 4708
4 1832 1828 1822 4284
4 1632 1633 4320 4851
4 810 811 807 3911
4 3128 3547 2929 4307
4 3643 4195 2878 4196
4 1362 1360 1361 4534
4 1681 1680 1639 4648
4 3152 4479 4457 4802
4 3398 3546 3146 3710
4 2702 3180 2971 4813
4 3111 3957 1157 4373
4 1435 3043 1440 3983
4 1900 1903 1922 3693
4 2692 3047 2898 3894
4 520 518 510 3429
4 2773 2740 3215 4453
4 2807 3064 3001 3824
4 126 120 115 3471
4 2471 4093 3387 4539
4 3396 4267 4111 4437
4 2163 3203 3795 4490
4 1175 3831 3082 4584
4 2821 3918 3190 4015
4 2819 3518 3871 4826
4 127 3627 120 4595
4 1589 1587 1586 4615
4 2630 3468 2732 3830
4 2586 3898 3528 4440
4 2829 3264 3615 4373
4 628 598 629 3799
4 437 438 4390 4577
4 1946 3288 1958 4223
4 1815 2558 1809 4746
4 3382 3487 2865 3928
4 3744 4152 2768 4568
4 1762 1714 1716 4756
4 4267 4437 2899 4473
4 1362 1363 1360 4534
4 1178 1179 1138 3583
4 3359 4657 4350 4660
4 236 99 166 3817
4 3349 3854 1985 4070
4 2625 4086 2648 4087
4 2580 3916 3578 4526
4 3167 3819 3453 4646
4 3353 4275 2941 4436
4 1716 1763 1762 4756
4 3179 4040 4089 4556
4 1433 1436 1430 3740
4 2591 3703 3344 4287
4 2933 3599 3519 3624
4 2723 3839 3759 4575
4 2892 4576 3604 4606
4 2601 3768 4517 4750
4 2785 2926 3383 4613
4 3762 4360 2615 4391
4 3056 4380 3719 4796
4 3749 4269 484 4744
4 203 176 261 3984
4 2615 2652 2825 4360
4 1591 4043 3384 4250
4 2719 4145 3934 4808
4 2702 2981 3277 3538
4 2787 2727 2988 4286
4 2955 3128 2929 3560
4 1421 1418 1419 3677
4 2566 3922 3657 4357
4 3000 3687 3223 4452
4 538 532 3361 4604
4 2665 4402 3719 4806
4 2965 3400 3130 3985
4 2751 3200 4049 4707
4 3761 3979 3235 4212
4 2781 3173 3720 3857
4 727 725 755 3910
4 2550 1523 1521 3552
4 657 1385 3518 4221
4 215 2577 220 3805
4 2995 4220 2921 4605
4 873 889 3698 4832
4 2279 2238 2280 4686
4 1763 1716 1718 3733
4 2974 3915 3366 4430
4 2839 2825 3218 4024
4 2541 2542 2537 4394
4 3035 4248 3587 4362
4 2937 3923 3349 4768
4 2854 4572 3788 4735
4 2546 2545 2560 3135
4 2670 2771 2712 3432
4 2749 4367 3357 4725
4 77 4489 3378 4713
4 2644 4651 2757 4768
4 3742 4150 3333 4442
4 2238 2279 2236 4686
4 2881 3972 4148 4206
4 1718 1764 1763 3733
4 1154 1164 1163 4373
4 2983 2897 3874 4480
4 1479 1474 1814 4101
4 1439 3938 1434 4341
4 2352 4028 2351 4215
4 3456 3474 2992 3986
4 2384 3560 2385 4128
4 878 3967 877 4135
4 3886 2677 4217 4630
4 1152 1224 1240 3790
4 1936 4005 3196 4501
4 2358 3672 2357 4305
4 3223 3687 3475 3734
4 3041 4593 3705 4706
4 73 3984 95 4840
4 3068 3286 2835 3796
4 3810 4603 700 4738
4 1725 4190 1698 4824
4 2970 4100 3584 4814
4 2194 2179 2172 4783
4 2775 3112 4324 4655
4 3658 4076 3766 4403
4 2761 4239 2612 4363
4 191 202 175 4254
4 3406 3924 2766 4081
4 2916 3698 4187 4832
4 2602 3725 4334 4801
4 2646 3500 3748 4589
4 3788 4225 2566 4572
4 3040 3077 2951 4330
4 1613 3482 3575 4812
4 3296 3695 3582 4122
4 876 1100 892 3806
4 2084 2085 2077 4838
4 2999 3697 3170 4825
4 251 3881 253 3882
4 343 358 359 3785
4 2724 4471 3508 4547
4 2651 3981 3433 4054
4 2020 3349 3923 4011
4 2462 2450 2444 4236
4 3576 2893 4074 4583
4 3759 3839 2723 3997
4 1993 3772 1995 3773
4 2898 3232 3086 3827
4 334 3571 3400 4283
4 2097 2096 2099 4436
4 3050 3632 2897 4480
4 2706 4137 4293 4675
4 3401 3965 1086 4658
4 3109 4074 3404 4668
4 3438 2563 4585 4774
4 3058 4106 3225 4355
4 2632 4287 3875 4449
4 2369 2368 2376 4518
4 2141 2160 4435 4773
4 3409 3609 2786 3964
4 219 4142 2961 4391
4 1637 1639 1680 4648
4 196 4546 185 4794
4 2495 4232 1899 4234
4 2223 4139 3670 4495
4 403 497 496 4024
4 2675 4278 3725 4837
4 2608 4282 3496 4718
4 2405 2422 2424 2409
4 2575 4489 3504 4713
4 279 3895 278 4784
4 2898 3827 3086 3894
4 320 3802 3474 3986
4 2156 3746 2293 4210
4 497 3168 4024 4476
4 891 4187 875 4625
4 2630 2732 3468 4228
4 632 3477 3799 4176
4 4171 4172 3393 4377
4 2825 3218 2799 3845
4 947 964 965 4025
4 1252 1253 1261 4714
4 1126 1026 1018 3365
4 1765 1720 1722 3729
4 2945 3197 4191 4355
4 3244 4408 3723 4532
4 1722 3729 1720 4777
4 3500 3501 2726 4619
4 3929 4043 2968 4101
4 3451 2938 4336 4578
4 2594 2737 3883 4036
4 1990 1973 1980 3772
4 2584 3151 3405 4561
4 2921 3138 2920 4136
4 3173 3895 3064 4110
4 3167 4645 3819 4646
4 2572 3794 2617 4557
4 2511 3232 3185 4829
4 2151 2171 2152 3490
4 1009 3365 1026 4554
4 2870 2773 3344 4807
4 3911 4021 796 4540
4 2964 3141 3973 4153
4 3344 4287 3145 4402
4 4150 4171 3420 4172
4 2170 2172 2171 3956
4 3277 3905 3094 4693
4 87 2969 3531 4328
4 3234 4397 3442 4508
4 1287 1288 1341 4506
4 2829 3159 3365 4421
4 2599 3990 3493 4569
4 1678 1633 1635 4851
4 85 70 91 3150
4 3062 4465 3897 4694
4 3060 3168 2643 3429
4 2706 4157 3897 4694
4 197 187 192 3627
4 4457 4525 3916 4526
4 2817 2891 3845 4695
4 2958 3256 4192 4501
4 2986 4560 3247 4633
4 4268 4461 2655 4761
4 3654 4200 3642 4546
4 1376 3322 1377 3880
4 1240 1161 1152 3790
4 2935 3759 3338 4202
4 3140 4115 3847 4308
4 2572 3158 3530 4224
4 1979 1995 3772 4729
4 1765 1722 1766 3729
4 366 3571 349 4283
4 215 3805 3561 4453
4 2576 4445 3562 4590
4 2632 3996 3875 4574
4 2649 3901 4374 4733
4 2036 4204 3248 4838
4 3106 4716 2577 4805
4 683 4207 681 4631
4 1966 1976 3446 4729
4 3411 3602 2946 4388
4 411 416 415 414
4 2749 3736 3574 4364
4 2982 3374 4187 4625
4 2938 3798 2950 3900
4 976 4743 992 4790
4 2833 4033 4032 4594
4 3130 3131 2848 3783
4 1733 3505 1734 4664
4 3084 3755 1308 4512
4 3491 3530 2622 4399
4 1695 3697 1719 4765
4 3178 4205 3177 4823
4 829 805 830 4195
4 3291 4117 3501 4220
4 2687 3351 3527 4009
4 2620 4247 2814 4818
4 2982 4315 3374 4625
4 2185 2168 4556 4850
4 3301 3649 3646 4385
4 2854 2585 3104 4572
4 2950 3427 2821 4822
4 3240 3572 2815 4040
4 3497 4428 3061 4827
4 1016 1017 4146 4793
4 2701 4418 3660 4758
4 3222 3289 3124 4637
4 2664 3596 3962 4469
4 4055 4207 3434 4631
4 3418 3419 2903 4342
4 3098 3156 2732 3191
4 2778 3050 2983 3914
4 36 238 259 4595
4 3357 4634 2620 4818
4 585 4419 586 4604
4 3696 4031 3216 4756
4 2758 2785 2936 3996
4 321 3494 3802 3986
4 2938 3332 3900 4822
4 3432 3947 2771 4640
4 813 812 814 4414
4 2476 2474 2486 3678
4 1913 3611 1893 4515
4 2622 3999 3530 4224
4 1248 3831 1169 4065
4 155 143 159 3566
4 3203 2931 4733 4783
4 2936 3446 3773 4729
4 1734 4227 1709 4664
4 2857 2903 3419 4342
4 2973 3716 3165 4531
4 2769 3257 2813 3447
4 385 386 384 4797
4 2936 3773 3447 4729
4 2390 2389 2408 3659
4 3048 3487 3193 3919
4 3247 4431 149 4633
4 2580 3246 4457 4526
4 2720 3197 3364 4355
4 1307 1306 1290 4512
4 2574 4147 3442 4508
4 1359 3612 1356 3616
4 2600 3188 3890 4366
4 2284 3251 2283 4079
4 1235 3747 1237 4136
4 1391 1399 1390 4221
4 2151 3490 4089 4850
4 3749 4676 3603 4744
4 3216 4031 3372 4672
4 1887 1900 1886 4192
4 2390 1349 1347 2884
4 2153 3362 2155 4210
4 3563 3877 2730 4628
4 375 4046 3450 4606
4 3584 2694 4203 4814
4 2709 4514 3618 4847
4 1489 3599 1496 4407
4 2946 3715 3602 3942
4 2694 3584 4203 4698
4 3888 4479 2747 4588
4 2816 4525 4017 4526
4 1936 3196 3693 4501
4 3255 4020 3644 4252
4 3530 3999 2917 4529
4 2724 2622 3858 4547
4 1378 3544 1379 4333
4 3295 3725 3003 4278
4 1141 1143 1132 3964
4 2697 3203 3306 4374
4 3216 4672 4167 4756
4 785 786 4057 4720
4 212 2984 213 3561
4 1996 1983 3586 4729
4 3246 4457 3311 4802
4 2800 4229 4487 4498
4 3328 4389 3850 4721
4 585 603 586 4419
4 2883 3411 3372 4031
4 1694 3696 1693 4629
4 3434 3909 3137 4594
4 3477 4075 3073 4176
4 151 139 161 3379
4 549 4295 544 4678
4 1996 1983 1991 3586
4 2966 3660 3125 4156
4 3064 4110 3508 4471
4 2041 2057 1727 3775
4 3428 4092 2683 4718
4 926 3919 3193 4467
4 178 189 177 4035
4 1942 4023 3118 4406
4 1764 1718 1720 4765
4 3028 3848 3581 4540
4 2859 4155 3725 4837
4 1265 4013 3862 4771
4 1806 1799 1798 4141
4 2621 3719 4249 4377
4 3132 4011 2031 4231
4 2980 3771 2633 4644
4 3416 3705 2617 4706
4 1742 3505 1741 4493
4 106 28 169 132
4 2338 3755 3205 4400
4 1728 1768 1726 4027
4 3268 3859 3391 4684
4 1568 1546 3350 4470
4 3213 4024 3286 4276
4 2628 4457 4479 4802
4 2853 3793 2640 4393
4 2949 3765 3460 4701
4 3075 2794 4067 4662
4 504 4173 503 4398
4 3428 4479 2979 4718
4 2779 4537 4538 4582
4 1959 4770 1973 4795
4 664 665 2950 3464
4 832 833 841 4565
4 3226 3911 2811 4414
4 2851 3012 3273 3595
4 3264 4554 3227 4673
4 447 3975 448 4591
4 2605 3550 2680 4015
4 1720 1765 1764 4765
4 441 430 4067 4599
4 3502 3518 2896 4221
4 1826 2189 2442 3647
4 155 144 143 4700
4 745 3942 761 4580
4 2586 3744 3270 3970
4 373 360 372 4677
4 1651 1650 1658 3781
4 890 4187 891 4825
4 304 305 307 3797
4 1807 1825 1824 4141
4 1807 1808 1825 3647
4 2928 3165 3716 4118
4 2714 3724 4528 4772
4 3030 4099 3337 4348
4 754 755 725 3910
4 70 97 86 3968
4 3002 2885 3673 4107
4 2907 4396 3421 4813
4 2267 2291 2264 3865
4 78 2969 87 4328
4 3052 4379 3948 4517
4 3008 4357 3922 4497
4 3240 4040 2815 4247
4 3606 4537 3063 4538
4 3697 3004 4190 4777
4 835 834 826 4409
4 2364 4305 2372 4815
4 1550 4470 1571 4647
4 2607 4442 3767 4456
4 826 827 835 4409
4 3103 4742 3516 4761
4 3972 4206 2881 4486
4 2761 4241 4240 4745
4 2561 3001 288 3895
4 3523 4647 3109 4668
4 3243 4408 3345 4532
4 3266 4240 3852 4241
4 2753 3119 4029 4818
4 2896 3634 3633 4826
4 2666 2705 2593 4596
4 2686 3858 3104 4547
4 3280 3647 3308 4539
4 2172 4415 3094 4783
4 2801 2992 3456 3474
4 2686 4328 3293 4358
4 875 891 890 4187
4 2803 4217 4009 4630
4 3470 4699 4516 4750
4 1736 1737 1711 4665
4 1995 3773 3772 4729
4 3011 3482 4416 4610
4 3461 3008 3922 4496
4 3905 4693 3278 4733
4 2961 3364 4142 4327
4 1721 3697 1696 4777
4 3221 4597 3874 4793
4 318 2965 319 3985
4 825 815 817 4429
4 2680 2817 3228 3983
4 3549 4361 3400 4702
4 3025 3923 3406 3924
4 2642 3433 4054 4568
4 126 3471 117 4160
4 1403 1402 3634 4799
4 408 410 386 4797
4 3194 3842 2814 3843
4 2521 2520 3543 4420
4 2763 3131 2845 3976
4 2969 3378 3104 4328
4 3142 4564 3712 4807
4 3055 3853 3645 4371
4 2869 3284 3035 3587
4 2652 4671 4360 4848
4 2788 3426 3944 4105
4 2759 3196 2813 3257
4 1361 3912 3047 4534
4 233 217 214 4701
4 2588 4050 3980 4635
4 2960 3721 3425 4002
4 2930 4154 4721 4762
4 2758 2936 2813 3996
4 3082 3814 1174 3957
4 538 532 533 3361
4 2970 3289 2809 4732
4 1463 1453 1455 4636
4 227 132 43 124
4 775 3554 782 4743
4 3199 2708 3523 4614
4 2636 4574 3996 4613
4 2248 4439 3670 4502
4 2815 3248 3119 4029
4 3006 4391 2961 4671
4 2933 2792 3519 3599
4 3221 3583 2983 4597
4 2751 3231 3200 4707
4 2772 2957 3165 4215
4 3436 3761 3428 4817
4 3049 4155 2859 4274
4 2893 4097 3576 4293
4 3203 3306 2860 3865
4 1390 1389 1384 4826
4 4091 4797 3454 4816
4 1348 2884 1347 4586
4 1541 3497 4426 4428
4 343 3337 358 3785
4 3043 3204 2820 4836
4 3198 3259 3013 3928
4 2576 3345 3706 4532
4 2014 2028 2017 3681
4 1514 1554 1511 3699
4 2608 3496 4092 4718
4 2942 3509 3318 4048
4 2629 2849 2725 4791
4 2636 3870 4012 4574
4 708 699 700 4603
4 2729 3980 3460 4701
4 2671 2822 2737 4605
4 707 699 708 4603
4 1886 1876 1875 4192
4 1732 3842 2073 4424
4 3003 3725 3295 4801
4 4076 4181 3206 4748
4 3325 3713 3405 4561
4 1650 3726 3781 4664
4 178 181 3255 4252
4 954 3829 935 4218
4 149 3247 148 4527
4 2980 3714 3494 3802
4 2743 2848 3032 3797
4 947 3728 964 4025
4 1239 1314 4136 4776
4 1158 3664 1159 4584
4 2582 3470 3469 4682
4 2579 4000 3688 4454
4 2728 3872 2627 4685
4 3726 4549 3650 4798
4 2577 3106 4715 4716
4 2952 4218 3663 4849
4 2627 3258 3924 4081
4 3351 3880 3322 4630
4 3524 3724 3101 4772
4 2677 3873 2795 4385
4 3144 3728 3727 4790
4 85 97 3968 4713
4 3087 3575 2948 4058
4 1289 3448 1290 4512
4 2110 4089 2134 4618
4 4059 4199 3029 4200
4 206 219 229 4343
4 2941 3370 3499 4787
4 3183 3314 4441 4665
4 996 3756 1014 3864
4 2978 4380 3902 4736
4 1817 1812 3284 4541
4 3644 4193 3402 4769
4 2901 3196 3693 4069
4 2702 2981 4311 4723
4 2602 4334 3725 4660
4 361 351 345 4677
4 289 288 3473 3895
4 2264 2128 2105 3865
4 2690 3663 3193 4849
4 3165 4118 2345 4531
4 2055 2039 3632 4638
4 3194 4145 3570 4227
4 2874 3318 3317 3475
4 232 3525 220 4298
4 3103 3511 4692 4742
4 3479 2972 4186 4684
4 509 502 500 4276
4 809 810 807 4540
4 2458 3410 4093 4236
4 1593 1476 1594 3687
4 2114 2090 2089 4679
4 1323 1314 1239 4776
4 1658 1659 1651 3781
4 2982 4187 3374 4831
4 2938 3332 4336 4419
4 2616 4211 3966 4475
4 2818 3633 2906 3679
4 586 4419 4336 4604
4 552 560 547 4823
4 3338 4201 3339 4365
4 2709 3467 2947 4513
4 2799 3213 2765 3330
4 2907 3421 3180 4813
4 1169 1177 1168 3831
4 2571 3847 3052 4641
4 2814 2900 3569 4247
4 358 3337 3030 4703
4 815 825 824 4429
4 1214 2201 2202 3825
4 2202 1215 1214 3825
4 3204 4004 2820 4836
4 939 952 495 4637
4 2502 2503 2500 4018
4 1635 1679 1678 4851
4 3761 4212 2608 4817
4 247 3292 246 4125
4 3557 4587 2667 4616
4 3907 4028 2957 4215
4 3584 4491 3114 4581
4 2620 4145 2910 4818
4 289 3173 2561 3895
4 2832 3145 3481 4704
4 2782 3093 3716 3825
4 1630 4320 3821 4851
4 730 4368 731 4369
4 2600 3145 3038 4740
4 2701 4107 2885 4418
4 2667 2894 4587 4588
4 541 550 547 4205
4 2841 3700 3449 4173
4 2435 3613 3538 4556
4 1473 1472 3318 4048
4 84 2775 3545 4324
4 1963 1962 1951 3987
4 2431 2181 4178 4179
4 3527 4009 3351 4630
4 304 307 3549 3797
4 533 3844 3361 4604
4 2895 3097 3863 4146
4 3460 2659 3873 4106
4 3844 4300 533 4678
4 2942 3316 2698 4573
4 3216 4031 3696 4066
4 3044 4072 3940 4073
4 2773 3215 2870 4453
4 194 185 4425 4794
4 1506 1507 1499 3624
4 2424 2409 2422 3673
4 3304 2943 3836 3977
4 3807 4114 2887 4270
4 3552 4293 3214 4841
4 2600 3188 4366 4663
4 1180 1183 1182 4621
4 1531 1527 2526 3674
4 3480 2693 3839 4249
4 163 161 139 3683
4 3981 4054 3013 4337
4 2676 4487 3358 4644
4 183 182 180 3320
4 447 435 436 4346
4 3788 4225 2854 4327
4 3340 3459 3042 4044
4 3783 3784 3032 3797
4 2589 3646 3649 4385
4 1389 3871 1382 4826
4 254 238 262 3439
4 3715 4132 2911 4309
4 3100 4016 3227 4344
4 1991 3007 2008 3586
4 3344 3703 3038 4287
4 205 230 226 3566
4 2988 3484 2920 3747
4 375 4576 4046 4606
4 2334 2306 2307 3755
4 256 265 252 3710
4 545 546 543 3361
4 1108 3415 1109 4658
4 3332 3427 670 3900
4 603 643 634 4419
4 2597 4125 3291 4751
4 2725 2990 4301 4544
4 3951 4244 2563 4474
4 1654 4416 1655 4542
4 2387 1348 1345 4246
4 421 3928 3737 4410
4 190 3984 89 4840
4 4189 4423 3424 4653
4 2149 2168 4089 4556
4 4135 4472 2910 4800
4 2436 2431 4178 4724
4 608 4419 3900 4578
4 2476 2475 2474 3678
4 3149 3670 2876 4502
4 2990 3166 2991 4301
4 2702 3277 2981 4722
4 254 3440 253 3881
4 3045 3315 2802 3786
4 2518 3232 3339 4201
4 126 115 114 3471
4 2409 3673 2425 4323
4 2710 3549 3495 4361
4 1731 1732 1706 3842
4 2632 3037 3958 4326
4 2163 3203 4415 4783
4 3226 4256 883 4414
4 2478 2470 2479 4563
4 94 72 84 3545
4 3136 3632 2897 4523
4 2628 4778 3311 4802
4 2172 3956 3094 4415
4 3913 4382 4243 4687
4 507 500 499 4276
4 2566 4572 4522 4735
4 2908 3364 3197 4670
4 2320 2328 3896 4307
4 876 3806 892 4625
4 3578 4496 2580 4497
4 3397 3925 2208 4194
4 3347 4500 2570 4728
4 3305 3795 4370 4773
4 2023 3510 2018 3935
4 2817 3845 2799 4295
4 795 805 794 4486
4 3089 2664 4152 4358
4 4117 4170 3501 4220
4 69 3657 78 4489
4 1802 4178 2181 4179
4 2617 2720 3364 4355
4 2306 2305 1307 4512
4 1307 2305 1306 4512
4 268 100 203 3984
4 4256 4414 3226 4658
4 905 912 913 3782
4 2875 3177 4300 4678
4 341 3784 327 4289
4 341 325 342 4289
4 3970 4199 3744 4655
4 123 107 128 3249
4 2898 3047 3912 4509
4 2799 3845 3844 4295
4 2789 3877 2646 4619
4 2724 3331 3491 4547
4 3322 3147 4395 4799
4 3004 4027 3775 4190
4 1428 4341 1434 4734
4 3011 3366 3915 4610
4 1214 3939 3825 4013
4 1626 1619 1618 3726
4 912 922 923 3782
4 1927 1915 3800 4294
4 183 195 182 4115
4 3477 4055 3434 4631
4 3715 3942 2946 4132
4 4031 4672 3216 4756
4 1350 1333 1334 4459
4 2853 2786 3793 4393
4 1352 1351 1337 1331
4 3104 2854 4224 4709
4 2214 2198 2197 3818
4 2013 2012 2027 3947
4 3018 4196 4056 4792
4 1700 3570 1701 4800
4 4152 4568 3270 4691
4 788 1002 795 4486
4 1211 4219 1212 4621
4 2576 3402 4193 4769
4 1768 1728 1769 4027
4 3804 4426 1548 4470
4 2665 4248 3839 4575
4 3010 4383 4051 4710
4 3003 4334 3725 4801
4 956 3290 3059 4331
4 215 218 220 2577
4 3376 4244 3951 4474
4 2999 3170 3698 4825
4 376 4576 375 4606
4 2634 3732 2843 4523
4 2858 2991 2914 3205
4 2986 4454 4045 4560
4 3898 3899 3020 4112
4 216 219 4391 4635
4 425 3597 410 4797
4 1699 3775 1727 4824
4 2870 3215 2942 4453
4 227 222 208 3801
4 3105 4099 3202 4536
4 589 580 581 4154
4 3603 4269 3749 4744
4 2171 3956 3490 4850
4 2048 2071 2069 3820
4 3160 3949 4404 4624
4 2836 3032 2639 4092
4 877 4135 3967 4492
4 3020 4654 3744 4655
4 3001 3473 288 3895
4 1826 1808 2189 3647
4 1379 3544 3339 4333
4 2677 3887 3886 4217
4 440 448 436 3606
4 3165 3671 2975 4215
4 329 3783 319 3784
4 88 72 94 3951
4 3654 4059 3984 4840
4 2813 3446 4030 4613
4 3299 3388 292 3807
4 591 4154 592 4762
4 2991 2990 4317 4318
4 266 257 241 3379
4 2677 2795 3873 4163
4 220 4298 3525 4716
4 944 942 943 4186
4 2104 2072 2226 4129
4 3348 4437 3396 4567
4 2947 2948 2709 4075
4 333 324 317 4702
4 2952 4331 4175 4657
4 1278 1323 1239 4776
4 2538 2539 2531 4119
4 2966 4156 2611 4508
4 2796 3517 3157 4786
4 2877 3737 3013 4410
4 2637 3639 3438 3765
4 2422 2421 2423 3673
4 1250 1251 1259 4760
4 1803 4178 1802 4179
4 2597 3291 4125 4484
4 3955 4504 2781 4562
4 3531 3999 2969 4225
4 3202 4099 2836 4536
4 2588 3980 3437 4701
4 3231 4319 4226 4643
4 899 3198 895 3739
4 3167 3327 4645 4646
4 117 3442 116 4711
4 3451 3798 2938 4578
4 2728 4651 3266 4768
4 3652 3771 3176 4609
4 2765 3213 2652 4759
4 3112 4655 3171 4656
4 78 3378 77 4489
4 164 29 141 3941
4 3258 3346 2684 4499
4 3014 4511 4288 4809
4 2251 2257 2343 4028
4 2844 3480 2657 4216
4 2771 2872 3342 4685
4 3236 4827 3691 4828
4 2155 2164 3746 4415
4 1328 1346 1327 4781
4 1248 1249 1257 4760
4 2961 4142 3364 4391
4 206 231 224 3951
4 2957 3787 2927 4185
4 3228 3983 2817 4332
4 1695 4629 888 4825
4 126 120 3471 4595
4 4102 4103 2924 4581
4 2954 3603 4351 4676
4 2092 2093 2091 4679
4 1230 1228 3484 4273
4 3024 3781 3505 4493
4 2226 2274 2104 4129
4 2300 3547 2318 4307
4 2687 3638 2915 4163
4 539 3844 533 4678
4 2725 3966 4211 4475
4 2209 3926 2210 4194
4 3283 2964 4389 4721
4 2030 2951 2029 4233
4 2764 3229 2872 4063
4 3123 2881 3972 4315
4 2431 4179 4178 4724
4 2915 3638 2688 4163
4 3864 4146 3097 4793
4 2330 3465 2380 4400
4 3056 4387 4380 4796
4 3541 4158 3921 4700
4 2636 4012 3875 4574
4 3961 4496 3461 4718
4 2905 4013 3939 4393
4 3667 3793 2786 4393
4 3626 4000 2627 4719
4 370 3030 384 4703
4 2691 4485 3242 4639
4 2902 4150 3742 4442
4 874 4187 890 4832
4 723 4207 722 4631
4 371 372 359 4703
4 3775 4190 1727 4824
4 1197 3814 3148 3925
4 4097 4293 2893 4675
4 1986 3181 1999 3342
4 2820 3677 3740 4018
4 3016 2903 3397 3925
4 2609 4507 3626 4508
4 2092 3370 4679 4764
4 1441 1444 1447 4004
4 2622 2960 3721 4709
4 2616 3998 3665 4723
4 3237 4281 3992 4688
4 3028 2811 3911 4021
4 1393 2527 2526 4084
4 2968 4101 4043 4570
4 3039 3033 4065 4208
4 218 3762 216 4391
4 839 1076 847 3972
4 222 220 208 4716
4 2848 3783 3032 3797
4 2723 3108 2870 4575
4 459 447 460 4346
4 319 3783 329 3985
4 1145 3409 1182 4621
4 4155 4350 2780 4660
4 4379 4517 3260 4791
4 2794 3326 4491 4669
4 1002 1019 795 4486
4 2711 3648 2996 4803
4 1766 1722 1724 4777
4 3370 3499 3120 4764
4 3863 4025 3391 4080
4 2950 2796 3799 4786
4 1355 3612 1353 3616
4 2566 4522 3788 4735
4 732 693 3558 4369
4 2519 2518 1378 3544
4 3200 3942 4132 4707
4 2267 2288 2291 3865
4 2804 3673 3245 4107
4 2580 4158 3921 4497
4 3821 4166 3715 4851
4 2628 4479 3152 4802
4 2708 3350 4470 4614
4 3040 4011 3132 4231
4 2616 3998 4211 4835
4 180 178 179 3321
4 711 832 840 3689
4 299 3495 310 3986
4 132 227 43 235
4 4028 4139 2251 4495
4 1869 1868 3904 4515
4 707 4226 706 4603
4 2572 4529 3794 4557
4 2621 3420 4171 4172
4 2645 3998 3665 4835
4 3322 4395 3351 4799
4 308 320 316 4270
4 3867 3958 3347 4649
4 2981 2702 4693 4723
4 3203 3094 4415 4783
4 2659 3648 2795 4803
4 2637 2688 3638 3639
4 1809 2985 1472 3757
4 845 866 865 4832
4 3541 2580 4496 4497
4 3109 3523 3404 4666
4 567 575 576 4336
4 185 196 184 4546
4 3806 4148 2982 4625
4 2844 3542 3995 4216
4 2045 3822 2065 4810
4 2634 2843 3594 4602
4 1694 4629 1695 4765
4 3231 4319 4161 4580
4 1962 1977 3586 3987
4 211 222 227 3801
4 2774 3524 4437 4698
4 531 4189 536 4209
4 2697 3154 3665 4185
4 459 449 447 4346
4 353 340 355 3954
4 2702 3594 4311 4602
4 3574 4364 2861 4367
4 2492 2490 3363 4552
4 2863 3727 3144 3728
4 3235 3713 3003 4212
4 2343 2257 2351 4028
4 339 3954 324 4702
4 2710 3549 2965 3797
4 1164 3615 1163 4373
4 2302 3560 1302 4188
4 2195 3914 1208 4480
4 3173 3299 2781 3807
4 3266 4651 4652 4688
4 2803 4009 3527 4630
4 1614 3650 3575 4542
4 1591 1581 3384 3892
4 325 341 327 4289
4 3173 3473 289 3807
4 1935 3800 3118 4023
4 193 189 174 3952
4 229 231 206 4244
4 707 706 698 4603
4 3536 3878 2625 4086
4 249 3882 3282 3883
4 130 106 29 3941
4 2659 2841 3648 4803
4 2689 3058 4142 4557
4 84 93 2775 4324
4 3132 4011 3040 4081
4 3117 3685 2828 3854
4 3115 2781 3858 4471
4 1560 1524 1561 4647
4 2360 3417 2361 4215
4 1106 1105 1097 4016
4 1946 4223 1931 4789
4 1766 1724 1767 4777
4 865 844 845 4832
4 1259 1282 1258 4047
4 3246 3133 4457 4525
4 3025 3040 4011 4081
4 2593 2705 3881 3882
4 2678 2921 4220 4605
4 707 698 699 4603
4 2657 4172 3480 4378
4 1465 1473 1466 3509
4 3373 4464 2940 4810
4 770 4057 777 4503
4 1283 1282 1259 4047
4 3238 4261 3230 4544
4 2859 3725 4155 4660
4 1536 1543 3488 4734
4 879 857 855 3967
4 1381 3543 1380 3880
4 3238 3397 2806 3533
4 2687 3880 3351 4630
4 3190 3464 2933 3624
4 888 3698 889 4825
4 855 878 3967 4492
4 3516 4692 3103 4761
4 2600 3038 3890 4740
4 1370 3826 3110 3927
4 344 328 343 3785
4 3458 3735 2913 4189
4 2630 4228 3468 4349
4 1542 3938 1564 4734
4 2697 4374 3901 4733
4 3268 3782 3267 4104
4 2789 3448 3084 4047
4 2715 4042 3420 4841
4 2813 3057 2769 3447
4 4122 4342 3296 4535
4 292 282 3377 4726
4 2795 3110 2997 3927
4 2249 3670 2248 4495
4 151 148 150 4527
4 1624 3650 1623 4542
4 2908 3213 3286 4739
4 853 4369 3298 4492
4 339 324 333 4702
4 2980 3034 3714 3802
4 2772 2885 2975 3671
4 3180 3833 3421 3889
4 4015 4847 2742 4848
4 1601 1602 4058 4798
4 2834 4052 4124 4482
4 3377 3388 3115 3962
4 3494 4361 3549 4702
4 3311 4524 4523 4778
4 2935 3338 4201 4202
4 2870 4366 3890 4453
4 2627 3924 3258 4652
4 1472 3475 3318 4048
4 3657 3922 3378 4489
4 1535 1543 1544 3488
4 2009 1998 2010 3181
4 2438 2434 2433 3613
4 2692 3178 3047 3894
4 1001 1017 3836 4146
4 2858 3205 3084 3755
4 2334 3755 2336 4318
4 3350 4426 2708 4470
4 3665 4311 2981 4723
4 2660 4381 3808 4382
4 3163 3226 2811 4414
4 2843 4311 3594 4602
4 2870 3108 4541 4575
4 2837 4125 4444 4484
4 2721 4302 3811 4303
4 380 379 373 3478
4 892 891 4625 4824
4 3618 3918 2821 4848
4 661 666 667 4176
4 923 3268 913 3782
4 3548 4375 2668 4438
4 233 214 213 3188
4 329 328 344 3785
4 2629 3546 4144 4379
4 2706 4042 4675 4841
4 1016 998 3864 4146
4 3427 3900 3332 4822
4 3575 3731 3073 4075
4 3646 3794 3070 4820
4 2235 2233 3397 4686
4 3006 3788 2598 4671
4 3540 4496 2979 4718
4 2812 3089 2686 4358
4 2897 2827 4029 4778
4 2808 4131 3357 4725
4 2676 3491 3331 4399
4 1085 3965 1054 4658
4 3283 4389 4154 4721
4 2504 2508 2506 3662
4 891 4824 1698 4825
4 2710 3263 4152 4361
4 1431 1433 1430 3740
4 2955 3012 2884 4246
4 898 427 439 4096
4 2317 4118 3547 4314
4 2403 2405 2406 4323
4 1838 1849 2472 3889
4 2076 3572 2084 4838
4 2677 3886 4163 4630
4 2925 3829 4467 4731
4 1522 1524 1560 4647
4 553 4007 1412 4359
4 4248 4362 3035 4806
4 2256 2255 3787 4495
4 2588 4453 2942 4573
4 3152 4413 3717 4588
4 2787 3162 4013 4393
4 281 3631 3596 3962
4 691 730 3558 4368
4 1410 3527 3351 4799
4 2897 3248 3136 4523
4 2580 4497 3921 4526
4 2758 2785 3077 3681
4 1627 3726 1626 4664
4 3183 3843 3314 4665
4 817 819 826 4429
4 3002 3128 2955 3896
4 2817 3983 3512 4332
4 3502 3846 2896 4162
4 2915 3338 2688 3997
4 2930 4412 4154 4762
4 3280 4236 2443 4539
4 2402 2401 2404 3896
4 558 1417 1415 4695
4 4166 4648 1636 4851
4 4166 4388 1608 4648
4 1696 3697 1695 4825
4 3602 3942 3231 4707
4 190 89 21 4840
4 1546 1547 4426 4470
4 200 18 101 72
4 2681 4491 3651 4662
4 2472 2463 1838 3889
4 1554 1514 1555 3699
4 236 23 99 210
4 269 53 168 142
4 271 107 33 133
4 912 923 913 3782
4 2701 2772 2885 2975
4 1982 3447 1983 4729
4 3654 3029 4059 4840
4 2649 3230 4374 4544
4 4292 4692 3511 4742
4 2872 4507 3254 4741
4 2795 3873 3649 4385
4 3120 3370 2823 4787
4 1490 1491 4359 4734
4 2581 3686 4060 4634
4 523 3700 3177 4300
4 192 187 201 3627
4 1878 1867 1879 4555
4 3546 4108 2593 4144
4 2495 1872 1884 4232
4 2711 2996 3441 3778
4 3434 3137 4292 4594
4 2894 3598 4503 4839
4 2644 3870 2926 4601
4 2775 4324 3970 4655
4 2915 3338 2844 4202
4 404 3851 503 4476
4 3602 4451 2946 4707
4 3596 3631 2664 3962
4 3215 3712 3142 4564
4 2791 4510 3989 4754
4 2092 4679 2091 4764
4 4150 4299 3333 4690
4 1368 2505 2556 3912
4 412 383 413 4091
4 2500 4018 1423 4642
4 2926 2937 3935 4159
4 3230 2927 3856 4374
4 102 35 238 4160
4 3075 4067 3457 4662
4 1625 4549 3726 4798
4 2773 3561 4728 4805
4 2667 4587 3557 4588
4 1732 1707 1706 3842
4 2241 3621 2211 4638
4 879 3967 878 4135
4 1026 3365 3264 4554
4 2679 3813 3645 4264
4 1221 3925 1205 3926
4 3342 3947 1999 4640
4 3078 3958 3867 4649
4 855 878 879 3967
4 2688 3460 3339 3873
4 3826 3927 1370 4003
4 2584 3436 4285 4817
4 3232 3339 4201 4365
4 2570 3346 2912 4499
4 3166 3755 2332 4318
4 2874 2942 2740 3316
4 2971 3833 2702 4722
4 2927 3787 3153 4185
4 2622 3530 3999 4399
4 21 68 172 4840
4 2753 4029 3686 4818
4 3052 4379 3470 4641
4 2513 2545 2541 4394
4 2494 2488 3156 4356
4 3200 4132 4049 4707
4 981 980 997 3756
4 3742 2738 4026 4150
4 2747 4587 2894 4588
4 79 77 78 4328
4 1213 1187 1185 3939
4 3128 2929 3560 4307
4 2808 2953 3298 3982
4 1036 1020 1021 4206
4 561 1420 1419 4642
4 2853 3408 3939 4621
4 2358 3672 4305 4815
4 2728 2831 3872 4685
4 2834 4124 4052 4757
4 2816 3134 4017 4525
4 3248 3572 2815 4424
4 826 825 817 4429
4 3041 3630 4174 4735
4 2812 3508 3115 4471
4 2773 2870 3890 4453
4 1316 1329 3769 4781
4 309 310 3494 3986
4 2937 3923 3510 4159
4 3134 3625 3536 3878
4 1836 1832 1831 3860
4 1375 3232 2511 4829
4 795 806 805 4486
4 3705 4352 3158 4593
4 141 106 28 169
4 3300 3479 2972 4186
4 3610 4315 4008 4831
4 967 950 951 4080
4 159 48 166 226
4 2976 4238 4016 4811
4 3158 4593 4352 4620
4 1984 3181 2831 3854
4 289 3473 3173 3895
4 595 584 3763 4653
4 231 209 224 3951
4 3046 3185 2898 4509
4 1398 1390 4221 4826
4 163 157 153 3683
4 1437 1436 1433 3740
4 2269 2270 2260 3856
4 896 898 3739 4096
4 2652 3213 2825 4759
4 1647 1648 4542 4549
4 2260 2259 2269 3856
4 2712 2647 2769 3254
4 3189 3223 3734 4452
4 2055 3632 3620 4638
4 3417 4304 3323 4518
4 2983 3221 2744 4766
4 1743 1736 1735 4441
4 2734 3241 3486 3828
4 3278 3905 3277 4693
4 3011 3482 2861 3575
4 606 3900 608 4419
4 3262 3696 2999 4629
4 1089 1113 1114 3874
4 2248 3670 2221 4502
4 82 97 80 3271
4 1969 1968 4023 4443
4 2606 3002 4107 4418
4 3094 3203 4733 4783
4 2902 4150 3333 4690
4 3038 3890 2984 4728
4 24 228 96 4622
4 3290 4331 3663 4657
4 365 3954 3571 4321
4 3007 3342 2872 4296
4 2835 3068 3708 4739
4 776 770 777 4503
4 1114 1090 1089 3874
4 1646 4416 1654 4542
4 2951 3040 2032 4231
4 2768 2992 2980 3495
4 1697 4190 1723 4777
4 725 4207 723 4631
4 174 186 198 4126
4 3229 3342 2831 4443
4 3635 4091 368 4348
4 150 162 151 4230
4 2790 3953 3488 4734
4 1440 3983 3938 4341
4 2214 2197 2213 3818
4 3050 3818 3621 3914
4 2067 3822 2046 4811
4 2839 3168 3197 4024
4 3041 4352 3705 4593
4 1682 3701 1641 4672
4 556 549 548 3640
4 392 4046 375 4576
4 210 2961 219 4622
4 3584 4100 2694 4814
4 3663 4331 2952 4657
4 3561 3805 3537 4805
4 2743 2664 3631 3962
4 2667 3982 4266 4404
4 3685 4240 3266 4745
4 533 4130 3844 4604
4 2861 2742 3574 4367
4 778 4056 779 4792
4 83 3774 79 4328
4 1648 1624 4542 4549
4 361 379 367 3478
4 1566 1544 3488 4251
4 2257 4028 2251 4495
4 997 980 996 3756
4 3922 4357 3541 4497
4 2790 3624 3488 3953
4 3181 3342 1986 4443
4 424 423 409 4797
4 2500 1423 4018 4551
4 1506 3624 1497 3953
4 3798 3900 2938 4578
4 3276 3889 3435 4178
4 3916 4285 3133 4457
4 3153 3856 3306 4553
4 3241 3466 2666 3486
4 3291 3501 3081 4619
4 3875 4287 3145 4449
4 3516 4742 3869 4761
4 1809 1811 2985 3287
4 2898 4064 2623 4365
4 2709 2654 3753 4847
4 189 186 174 4126
4 121 118 113 3483
4 2668 4371 3645 4375
4 2721 4645 4303 4646
4 2674 3098 2971 4228
4 3970 4324 3029 4655
4 3288 3891 2867 4789
4 225 47 134 122
4 285 3631 282 3962
4 3791 4059 3182 4546
4 628 599 598 3799
4 1297 1296 4082 4771
4 646 647 655 3871
4 2800 3741 3187 4498
4 4012 4387 3056 4796
4 3605 4111 2967 4519
4 2146 2147 2130 4040
4 2762 3075 4138 4662
4 1591 3892 3384 4043
4 1936 3693 1922 4501
4 2045 2046 2065 3822
4 3695 4122 3296 4535
4 1138 1178 3583 4597
4 680 4288 696 4809
4 2875 3060 3429 4300
4 2905 3939 2853 4393
4 2075 3572 2076 4838
4 2836 3032 4099 4289
4 3737 3928 3013 4410
4 329 3783 335 3985
4 2697 3665 2981 4693
4 2688 3639 3460 3873
4 3499 3822 2940 4810
4 3169 3409 2853 3583
4 2742 2933 2821 3464
4 2664 4358 2812 4469
4 1737 1730 1712 4665
4 2799 2825 2652 3213
4 3719 4249 3481 4402
4 4336 4419 3332 4604
4 2876 3251 3818 4502
4 1222 1206 1207 3926
4 2914 2991 2849 3323
4 2927 3230 4261 4544
4 3001 2807 3473 3895
4 1362 1363 4088 4642
4 1352 3780 1351 4245
4 2380 3465 3323 4400
4 1644 3482 1620 4812
4 842 841 833 4565
4 1019 1002 1003 4206
4 3416 3705 3070 3794
4 745 746 761 3942
4 2765 3708 4739 4759
4 229 217 231 4244
4 3359 4592 2690 4660
4 1090 3874 1114 4597
4 1807 1808 3647 4141
4 2907 3421 3607 3889
4 1869 3904 1868 4095
4 2007 2015 2006 3773
4 2742 3073 2933 3464
4 4466 4667 2924 4669
4 691 4368 3558 4468
4 2147 2131 2130 4040
4 2675 3725 4155 4837
4 2584 3979 3761 4212
4 3651 4203 2762 4814
4 260 248 244 4037
4 2845 2763 3083 4683
4 276 282 275 3388
4 2223 2224 2218 4139
4 2773 3890 3344 4728
4 2976 3820 3418 4238
4 3808 3053 4382 4592
4 1387 675 3424 4423
4 1415 559 558 4695
4 3008 3922 3657 4489
4 2831 3685 3118 3854
4 151 142 160 3653
4 3310 2924 4667 4669
4 273 278 277 4110
4 1981 1982 1983 4729
4 121 106 118 3941
4 567 568 565 3932
4 3825 3862 1215 4013
4 3948 4371 3052 4517
4 1000 1001 1018 3836
4 2608 4278 2675 4450
4 1240 3790 1224 4273
4 3526 4498 4229 4820
4 2676 4229 3358 4487
4 694 703 692 4696
4 1687 4472 1686 4782
4 2027 3432 2013 3947
4 3042 3921 3459 4158
4 2580 2979 3540 4496
4 3996 4574 2785 4613
4 3138 4128 3560 4280
4 2018 3935 3510 4159
4 3088 2637 3639 4310
4 2576 3562 4445 4532
4 1817 3215 1812 4541
4 2202 3716 3825 4139
4 2624 3629 3708 4543
4 1686 4135 1685 4472
4 3921 4158 3541 4497
4 3922 4522 2566 4572
4 3337 3784 343 4099
4 2949 3460 3438 4585
4 1311 4127 1294 4545
4 213 207 233 3368
4 2395 3616 2398 3828
4 3043 2820 4004 4836
4 3240 2814 3842 3843
4 2773 3142 3712 4807
4 2665 3481 4249 4402
4 2619 4519 4111 4698
4 4111 4519 3114 4698
4 2772 4211 3998 4835
4 2543 1407 1408 3527
4 1606 1632 3821 4851
4 265 243 259 3627
4 3104 3999 4547 4709
4 523 3177 529 4300
4 1185 1212 1213 3939
4 2607 4237 3413 4456
4 1696 1697 4777 4825
4 440 3606 436 4816
4 359 360 4677 4703
4 3984 4059 3654 4794
4 2008 3432 3057 3586
4 3235 3979 3713 4212
4 2988 4082 3862 4771
4 3297 4369 852 4492
4 2519 2515 2518 4201
4 3530 4229 2800 4820
4 2594 3291 4117 4751
4 2726 4198 3500 4589
4 2444 2445 2458 4236
4 2885 2928 3128 3671
4 3149 3818 3369 4502
4 1220 1204 1205 3925
4 877 3298 4135 4492
4 2776 3180 4602 4813
4 3650 4549 1616 4798
4 975 3959 974 4331
4 149 161 4431 4527
4 2772 2973 2957 4835
4 1371 1367 3826 3827
4 1157 3957 1165 4373
4 2446 2193 2194 3636
4 1974 1985 1975 4070
4 2396 2400 3616 3828
4 2663 4083 3711 4706
4 1108 1109 1084 4658
4 2792 4277 3497 4827
4 447 448 3975 4346
4 3213 3330 2799 4130
4 2361 3417 2369 4518
4 1807 3647 1825 4141
4 990 3959 975 4331
4 929 3829 928 4467
4 316 4114 302 4270
4 332 334 3400 3985
4 2877 3399 3013 4054
4 3580 4017 2568 4431
4 659 677 658 3846
4 1854 1864 4411 4555
4 205 220 218 4298
4 2761 4240 3685 4745
4 2839 3197 2825 4024
4 1343 1302 3560 4280
4 2638 2822 2737 3022
4 512 566 516 3641
4 3118 3685 3117 3854
4 3502 3072 4161 4162
4 1937 1924 1938 4501
4 2811 3443 3028 3911
4 1166 3957 1158 4584
4 2980 2992 2801 3474
4 3060 3851 2841 4325
4 75 98 12 156
4 1054 1056 1055 3965
4 890 4825 889 4832
4 1434 1428 1426 4341
4 2790 3228 3190 4734
4 1084 1109 1085 4658
4 209 193 58 200
4 84 83 3545 3774
4 3654 4059 3029 4200
4 2908 3286 2835 4739
4 2784 3766 3658 4804
4 3013 3928 3259 4410
4 398 399 400 4072
4 2898 3185 4064 4365
4 1574 1582 1573 4074
4 373 372 389 3976
4 3050 2983 3914 4480
4 1650 3781 1651 4664
4 2697 3665 2616 4185
4 635 636 637 3900
4 2306 3755 2305 4512
4 915 914 920 3919
4 302 4114 3807 4270
4 2154 2153 2152 3362
4 2659 4106 2945 4803
4 1698 4190 1697 4825
4 1766 4182 3729 4777
4 703 702 692 4696
4 2790 3190 3953 4734
4 3362 3956 2173 4415
4 431 441 430 4067
4 2947 3434 3095 4207
4 89 73 95 4840
4 2647 2769 2736 3830
4 3468 4507 2674 4741
4 2742 2861 3073 4367
4 3436 4285 2979 4479
4 3218 3429 3844 3845
4 2816 3578 4526 4527
4 84 93 81 2775
4 1461 3318 1453 4290
4 3096 3910 3095 4368
4 1105 3534 4016 4811
4 2957 3907 3787 4028
4 1916 3800 1915 4427
4 3329 4336 3932 4681
4 219 210 230 2961
4 440 436 428 4816
4 1236 3390 1234 4136
4 1999 3342 3181 3947
4 2800 4229 3530 4399
4 3572 4040 3240 4424
4 519 4130 527 4604
4 1743 1744 1736 4441
4 3118 3854 3117 4023
4 3330 2799 4130 4604
4 1060 1059 1058 3969
4 2185 4556 3538 4850
4 3775 4027 3120 4764
4 582 593 4189 4653
4 1097 1098 1106 4016
4 3365 3977 2943 4421
4 2860 3795 3203 4490
4 3060 3851 3168 4173
4 2624 3630 3629 4543
4 812 811 810 3911
4 2728 3025 2831 4685
4 2390 3659 2408 4843
4 3270 4568 2586 4691
4 4079 4439 3153 4553
4 3429 3844 518 4130
4 2272 2263 2262 3907
4 2273 2263 2272 3907
4 13 91 260 269
4 2381 3465 2329 3466
4 2926 3935 3383 4159
4 2818 3423 3674 4309
4 216 214 217 4701
4 3332 3427 4007 4359
4 1933 1936 1948 4069
4 325 312 313 4289
4 3042 3921 4158 4700
4 1274 3747 1272 4753
4 2019 2020 3923 4011
4 3418 3820 2939 4257
4 3270 4152 3744 4568
4 759 3971 3298 4369
4 1803 3770 4178 4179
4 2852 3033 3790 4065
4 3725 4278 3295 4337
4 2912 4499 3258 4652
4 2981 3490 3362 3956
4 48 236 166 226
4 98 168 12 156
4 3701 4648 1641 4672
4 1681 1639 3701 4648
4 3693 4069 1933 4571
4 2718 4085 4181 4748
4 235 169 158 52
4 8 166 99 90
4 3106 3712 4281 4805
4 1244 4208 4121 4714
4 2824 4587 3557 4616
4 3240 2815 3572 4424
4 3808 4306 2952 4849
4 2542 2545 2546 4394
4 249 3883 3282 4036
4 2573 3081 4053 4444
4 1684 4135 1603 4800
4 3472 3750 3235 4350
4 3711 4083 2720 4706
4 116 114 113 3079
4 751 750 742 4034
4 1826 1825 1808 3647
4 2769 3254 2736 3987
4 979 3727 995 3756
4 3104 3378 2969 4572
4 810 3911 807 4540
4 3238 3533 3230 4261
4 3179 4556 3613 4724
4 3953 4359 1491 4734
4 3317 3318 1453 3475
4 1461 1463 3318 4290
4 2821 3427 2950 3464
4 3028 4021 3911 4540
4 1918 1913 3611 3891
4 106 141 29 3941
4 3576 4097 2893 4583
4 3893 4072 3044 4476
4 783 4021 3554 4503
4 3119 3240 2814 3842
4 1340 1336 1335 3780
4 3170 4528 2777 4612
4 1477 4541 3559 4570
4 2580 3578 4497 4526
4 1145 1141 3409 3964
4 3177 3700 3060 4300
4 390 3597 3976 4703
4 2731 3454 3030 4078
4 1100 1116 892 3806
4 183 180 199 3320
4 1473 3757 1472 4048
4 2179 2162 2163 3795
4 2974 3366 3781 4430
4 2894 4705 3598 4839
4 3520 4433 4109 4674
4 2900 2776 3276 4247
4 1953 4023 1968 4443
4 2882 3729 3697 4765
4 666 3799 2950 4176
4 2978 3902 4380 4387
4 640 597 610 3798
4 1016 998 997 3864
4 2648 2606 3002 4107
4 2576 4193 4445 4590
4 4088 4205 3178 4823
4 2600 4530 3188 4663
4 2742 2821 2933 4015
4 2659 2997 2795 3086
4 3651 4491 2794 4662
4 1504 3953 1492 4734
4 376 3604 4576 4606
4 134 234 47 225
4 3765 4530 2688 4663
4 165 152 140 3657
4 1121 2046 4810 4811
4 1603 759 3971 4135
4 1709 4227 1710 4782
4 152 155 4357 4700
4 373 379 361 3478
4 2667 4266 3982 4413
4 2874 3475 2985 3757
4 2686 3104 3999 4547
4 1840 1833 1841 4098
4 3177 3700 530 4209
4 85 97 70 3968
4 1465 3509 1466 4636
4 1745 1744 4329 4441
4 3720 3721 2781 3857
4 3034 4140 3450 4606
4 2981 4693 3665 4723
4 2877 3013 3399 4410
4 606 605 633 4419
4 3243 4445 3723 4532
4 216 4343 219 4635
4 2867 4234 3192 4789
4 2608 4282 4718 4817
4 1426 3983 1435 4341
4 2935 3232 3185 4201
4 3277 4693 2981 4722
4 3112 4020 3642 4656
4 2615 4050 4391 4670
4 3383 3772 2005 3773
4 2919 3622 4091 4816
4 2546 1407 1406 2542
4 2667 4266 3557 4616
4 2501 4018 2500 4642
4 1323 1314 4776 4781
4 3856 3907 2927 4261
4 2498 2496 1899 4234
4 3183 4665 4441 4782
4 277 3173 276 3388
4 4089 4556 2168 4850
4 3062 3897 4157 4694
4 2818 4132 3423 4309
4 776 777 4057 4503
4 170 185 195 4425
4 949 965 966 4025
4 2470 4539 3387 4563
4 3294 4602 3594 4813
4 3282 4036 4019 4087
4 4097 4119 3031 4394
4 3102 3813 3503 4264
4 2740 3215 2874 3712
4 3104 4547 3858 4709
4 275 274 276 3388
4 3762 4050 2588 4635
4 938 939 487 4637
4 3416 3646 3225 3794
4 177 189 193 3952
4 302 316 313 4114
4 2269 2270 3856 4261
4 559 556 4295 4332
4 2648 3002 2606 4418
4 1492 1504 1505 3953
4 3298 3967 2953 4131
4 2953 3297 4404 4492
4 247 248 239 3292
4 3204 4626 4004 4836
4 2619 4111 4437 4698
4 3524 4203 2619 4698
4 3147 4455 4395 4799
4 3030 3337 2763 4703
4 3169 3583 2853 4766
4 4212 4282 2608 4817
4 218 219 2961 4391
4 429 3739 895 4313
4 1602 3971 758 4058
4 3119 4256 3415 4424
4 544 545 543 3361
4 2579 3237 4241 4652
4 3036 4405 4385 4774
4 3618 4822 3918 4848
4 2985 3475 3223 3687
4 3981 4382 3053 4592
4 2937 3349 2828 4768
4 1298 4082 1299 4753
4 3236 2735 4827 4828
4 3922 4496 3008 4497
4 2369 3417 2368 4518
4 3014 4288 4055 4809
4 1016 1017 998 4146
4 2765 2799 2652 3213
4 62 234 202 191
4 2810 3852 3403 3992
4 1291 4047 3084 4512
4 3648 3649 2795 4803
4 1483 3731 1596 4689
4 90 78 69 3657
4 931 4186 944 4684
4 2982 4315 3610 4831
4 1518 2523 2524 4583
4 409 4091 412 4816
4 3271 3968 3444 4444
4 3183 4441 4227 4782
4 2834 4124 3680 4482
4 2519 4201 3544 4202
4 3248 3632 3136 4838
4 4068 4498 3741 4609
4 3490 3538 2998 4850
4 2992 3474 2980 3986
4 3043 4004 1441 4836
4 3305 4370 2941 4773
4 2705 2804 2648 3186
4 3077 2766 3406 4326
4 3716 4139 2313 4531
4 1468 1476 1480 3929
4 2588 4050 3762 4573
4 1846 4095 3435 4632
4 3913 4243 3219 4687
4 610 638 640 3798
4 425 437 438 4390
4 2938 4419 4336 4578
4 137 150 152 4230
4 2799 4007 2817 4295
4 3751 3884 1875 4411
4 3948 4371 2668 4375
4 3147 3634 4455 4799
4 335 3783 329 3785
4 2945 3980 2689 4106
4 232 220 205 4298
4 690 688 4468 4738
4 1246 3390 1236 4338
4 245 17 268 73
4 344 343 359 3785
4 3103 4692 3516 4742
4 1234 3390 4121 4136
4 2882 3696 3733 4765
4 2965 3130 3783 3985
4 1444 1450 1447 4004
4 268 261 245 3984
4 1429 1418 3677 4184
4 2734 3241 2666 3486
4 2675 4155 4274 4837
4 3286 3213 4276 4739
4 3488 3953 1536 4734
4 1698 1725 1723 4190
4 3248 3415 3401 4204
4 1231 3747 3484 4753
4 3049 3048 3919 4104
4 349 355 3571 3954
4 156 142 162 3653
4 2363 4304 2364 4305
4 74 99 23 210
4 269 53 142 244
4 2927 4475 4374 4544
4 1463 3318 4290 4636
4 3526 3530 4529 4820
4 497 3168 3218 4024
4 2926 3935 2937 4601
4 2777 4528 3724 4772
4 1727 1699 2041 3775
4 2714 4151 4417 4772
4 1847 4095 1846 4632
4 3109 3404 4137 4666
4 3298 3971 3096 4369
4 4017 4431 3580 4527
4 2929 4188 3903 4280
4 2358 3673 3672 4815
4 839 1068 1076 3972
4 3033 2920 3484 4121
4 1359 1342 3612 4506
4 979 978 3727 4025
4 3232 4201 2935 4365
4 1709 4227 3570 4664
4 404 503 3851 4398
4 1833 1840 1830 4098
4 533 525 3844 4130
4 2781 3388 3173 3857
4 3196 4005 3257 4501
4 2198 3818 2214 4502
4 147 4497 3921 4700
4 1428 1424 4341 4734
4 1929 3611 1917 4294
4 3267 4096 3479 4683
4 333 317 3400 4702
4 2857 4535 3319 4550
4 18 200 174 72
4 2378 2339 2341 4400
4 2831 3872 2761 4745
4 62 234 191 221
4 3006 2598 3788 4297
4 1108 4256 3415 4658
4 3714 4140 3034 4606
4 2910 4145 2814 4818
4 2027 3132 3432 3947
4 2769 2736 3600 3987
4 2885 2701 3245 4107
4 3814 4550 3082 4788
4 2248 2247 2253 4439
4 2617 3705 3416 3794
4 2817 3918 3228 4007
4 2991 3205 2858 3755
4 2616 2755 3901 4349
4 1343 3560 2384 4128
4 3143 3344 2773 4807
4 3572 4618 2084 4838
4 2666 2849 3245 3466
4 3667 4169 2787 4393
4 2903 3397 3419 4257
4 2920 3138 3747 4136
4 1202 1201 1193 4149
4 2946 4132 3942 4707
4 899 895 896 3739
4 201 243 67 192
4 2341 2379 2378 4400
4 2234 4261 3238 4686
4 1951 3257 1938 3987
4 3918 4015 2821 4848
4 2607 4442 3742 4804
4 425 438 426 4390
4 2652 3618 4322 4848
4 163 139 157 3683
4 2770 2636 4030 4613
4 1735 4227 1736 4782
4 3349 4011 2011 4607
4 3788 4327 2854 4735
4 2914 3205 2991 3465
4 2384 3896 3560 4307
4 3322 3880 1376 3927
4 856 858 820 3848
4 2495 2496 3363 4234
4 2939 3820 3172 4129
4 2448 2460 2449 4539
4 2951 2032 3681 4231
4 3578 3916 2816 4526
4 2874 3757 2985 4564
4 243 201 67 270
4 100 268 17 73
4 2565 3345 3867 4752
4 2765 3332 2938 4822
4 2041 3775 1699 4824
4 3289 4731 2809 4732
4 918 3487 919 4467
4 1822 1828 1832 1824
4 2688 3765 2637 4530
4 2376 4317 2375 4318
4 3557 4266 2871 4616
4 2677 3639 3873 4405
4 2588 4366 3188 4701
4 2566 3541 3922 4357
4 2038 3632 2039 4480
4 237 209 58 200
4 3723 4445 3562 4532
4 892 3806 1116 4824
4 3733 4756 1718 4765
4 2652 2765 4322 4822
4 3469 2574 4147 4682
4 1791 4180 1792 4830
4 1499 1497 1506 3624
4 1465 1477 1473 3509
4 2649 4374 3901 4475
4 1282 4047 1281 4760
4 3790 2852 4065 4584
4 1161 3790 1240 4065
4 190 203 22 89
4 224 27 88 101
4 3839 3997 2600 4575
4 3117 3854 2828 4070
4 2141 2121 2123 4436
4 2807 3824 4708 4844
4 4226 4319 3585 4643
4 57 157 258 271
4 3644 4020 3255 4310
4 535 531 536 4209
4 4654 4655 3020 4656
4 2911 3069 3821 4309
4 3615 3814 3082 3957
4 269 13 91 98
4 2433 3613 2434 4556
4 3818 3914 3369 4219
4 2927 3856 3787 3907
4 1352 1353 1337 3780
4 713 712 704 4319
4 3313 4591 3063 4667
4 2578 3626 3704 4719
4 123 133 153 32
4 1295 3862 3825 4312
4 871 870 862 4061
4 2351 2343 4028 4531
4 2163 3795 3203 4783
4 1564 3938 3488 4734
4 203 22 89 100
4 27 224 237 101
4 512 516 506 3641
4 133 167 153 32
4 2799 3427 3332 4822
4 3567 4434 2691 4639
4 685 687 686 3909
4 57 167 157 271
4 2201 3825 3149 4139
4 646 655 654 3871
4 2929 3547 3093 4314
4 3251 3621 2876 3818
4 2047 3820 2069 4811
4 2518 3339 3544 4201
4 2912 3346 3258 4499
4 2339 2378 4318 4400
4 1065 1033 1063 4793
4 2588 3561 4366 4453
4 4241 4652 3266 4745
4 2295 3825 3716 4312
4 1123 1107 1200 4238
4 2972 3598 3300 4186
4 2143 3353 2125 4490
4 3094 4693 3905 4733
4 1411 2555 1377 3880
4 3575 3910 2948 4058
4 2563 4039 3526 4774
4 857 855 3967 4492
4 1484 3190 3427 4359
4 2462 2471 2470 4539
4 2836 4504 4536 4562
4 2211 3621 2212 4638
4 1312 3224 2311 4127
4 2077 2076 2084 4838
4 1626 3726 1618 4798
4 447 3975 460 4346
4 2295 3716 2296 4312
4 2723 4366 4365 4663
4 2999 3698 3697 4825
4 3221 3864 3097 4793
4 259 243 270 3627
4 1459 3892 1591 4043
4 2772 3165 2975 4215
4 377 4321 3604 4606
4 493 484 4269 4744
4 2983 2853 3583 4766
4 3327 4303 4302 4645
4 1895 1899 1884 4232
4 753 4075 3910 4631
4 3196 3532 2759 4030
4 2854 4225 3788 4572
4 3938 3983 3228 4341
4 2671 3877 2597 4628
4 2813 3257 3196 4005
4 2612 3852 3336 4240
4 1956 1972 1957 4296
4 2728 3872 2831 4745
4 267 252 250 3398
4 2689 2839 3197 4670
4 324 3954 3494 4702
4 2804 3002 3673 4107
4 1712 4665 3194 4782
4 3847 4115 3146 4641
4 1616 3650 1624 4549
4 1580 1569 2559 4614
4 2870 3344 2773 3890
4 1885 1896 1881 4427
4 758 1602 1603 3971
4 1603 759 758 3971
4 3434 3909 3095 4207
4 2820 3043 2698 3204
4 2324 2316 2323 4118
4 2956 4477 3556 4478
4 149 146 148 3247
4 1969 4023 2831 4443
4 3081 4484 3291 4619
4 549 548 3640 4678
4 2384 3560 2302 4307
4 2976 3319 2857 4535
4 1878 1879 4183 4555
4 1860 1862 1857 3866
4 1391 1399 1392 2535
4 3189 2790 3488 3734
4 2689 2945 2839 3980
4 3120 3499 3370 4787
4 2857 4342 2976 4535
4 3270 3744 2586 4568
4 3173 3473 2807 3895
4 1947 1934 1933 4069
4 8 166 90 140
4 158 208 235 52
4 2725 4475 2990 4544
4 2801 3001 3456 3824
4 2603 4151 4417 4690
4 2495 3363 2489 4232
4 2098 2066 2068 4275
4 2251 4139 4028 4531
4 3572 4089 2109 4618
4 981 3863 3756 3864
4 378 4321 3399 4410
4 3482 3497 2861 4812
4 1887 1903 1900 4192
4 3095 3910 2947 4207
4 3188 4663 3765 4701
4 2615 3845 3316 4573
4 3193 2925 3829 4467
4 2699 4000 4063 4401
4 1937 1923 1924 4501
4 3015 3990 3989 4197
4 2372 4304 3323 4815
4 1209 1208 3914 4597
4 2068 2100 2098 4275
4 2127 3353 2126 4490
4 2706 4666 4137 4694
4 2046 3822 2045 4810
4 1737 1771 1770 4665
4 3094 3203 2697 4733
4 2490 2483 3421 4552
4 2816 4017 3580 4527
4 2854 4224 3158 4593
4 686 684 685 3909
4 2446 3636 2447 3905
4 1785 1779 1778 4177
4 3572 4424 3248 4838
4 2069 2047 2048 3820
4 3370 4435 2941 4436
4 3247 4431 4017 4527
4 3766 4076 3206 4748
4 2675 4450 4278 4837
4 1946 3288 4223 4789
4 2117 2139 2138 4679
4 3626 4063 4000 4401
4 2624 2765 4322 4543
4 2238 2280 4686 4727
4 2305 3755 4194 4512
4 3081 2837 4444 4484
4 1985 3349 3181 3854
4 2799 3918 4007 4822
4 3685 4767 2828 4768
4 2874 3215 2942 4048
4 2898 2623 3437 4365
4 665 3464 667 4176
4 429 427 896 4096
4 2728 3685 3266 4745
4 3820 3822 2069 4811
4 1546 4426 3350 4470
4 844 865 864 3930
4 537 540 534 4205
4 1381 2520 1380 3543
4 160 139 151 3379
4 2882 3697 3696 4765
4 864 843 844 3930
4 2375 2376 2368 4317
4 1831 1839 1836 3860
4 179 188 199 3978
4 3139 4213 4212 4282
4 3240 3569 2814 3843
4 1265 3862 1267 4771
4 2563 4244 3438 4585
4 2642 4279 3295 4691
4 2785 3383 2936 4613
4 3639 4385 3873 4405
4 3094 4733 3905 4783
4 2007 2006 1995 3773
4 3265 4461 4268 4761
4 247 239 246 3292
4 3191 3363 2496 4234
4 2314 4118 3716 4531
4 1866 1867 1878 4555
4 3310 4667 3313 4669
4 2890 4052 3754 4757
4 1816 4048 3215 4747
4 3050 3632 3136 4523
4 1957 3288 1945 4296
4 3687 3734 3223 4452
4 1477 3559 4541 4626
4 2653 3815 3944 4105
4 2777 4612 3974 4831
4 2793 3665 4185 4835
4 3663 4218 3193 4849
4 2954 4676 3749 4744
4 2665 3481 3839 4249
4 2794 4067 3457 4599
4 1962 3987 3586 4005
4 2123 2142 2141 4436
4 1015 1016 997 3864
4 2669 3035 3587 4362
4 3844 4295 2875 4678
4 2701 2772 2975 4211
4 1923 1922 3693 4501
4 2927 3230 3856 4261
4 2976 4342 4122 4535
4 3487 4447 3382 4732
4 3615 3957 2829 4373
4 1019 1003 1020 4206
4 3061 3614 4416 4610
4 2858 3084 3016 3755
4 2240 4686 3166 4727
4 2706 3897 4666 4694
4 410 3597 388 4797
4 2976 4016 3534 4811
4 2406 2409 2410 4323
4 2723 2600 3997 4575
4 2332 3755 3166 4194
4 2831 3854 3118 4023
4 1817 3215 4541 4747
4 2417 3777 2430 4460
4 2698 3512 3043 4184
4 3156 3678 2856 4093
4 2771 3181 3947 4607
4 2956 4098 3556 4477
4 2633 3652 3741 4609
4 2619 4203 3651 4519
4 2998 3490 2981 3538
4 2761 3685 2831 4745
4 36 127 102 4595
4 2253 2254 2248 4439
4 3082 3814 3148 3831
4 212 3561 3537 4728
4 316 330 326 4114
4 3042 3541 4297 4700
4 3663 3919 925 4265
4 469 3445 479 4839
4 2809 2970 4732 4814
4 937 3859 3290 4265
4 1044 4206 1068 4486
4 742 743 751 4034
4 3031 3995 3207 4394
4 3280 3387 2840 4236
4 460 3975 447 4591
4 3525 4298 4044 4716
4 3579 2624 4513 4514
4 523 521 522 3700
4 570 569 3932 4681
4 2127 2125 3353 4490
4 2905 3825 3369 3939
4 1166 1157 1158 3957
4 400 4073 4072 4476
4 1295 1296 3862 4312
4 2736 3192 4223 4741
4 2975 3417 2957 4215
4 3716 4118 2297 4312
4 2684 3346 2766 3958
4 2835 3286 2908 3940
4 3433 3981 2651 4440
4 3421 3833 2971 4552
4 1466 3509 3318 4636
4 3311 4524 3133 4525
4 2085 2086 2078 4618
4 943 945 944 4186
4 3728 4186 2972 4684
4 2904 4087 3849 4659
4 2903 3419 3418 4257
4 4278 4279 3295 4337
4 3838 3930 3374 4832
4 3105 3202 2838 4536
4 2836 4099 3202 4289
4 3547 3671 2318 4307
4 3083 4096 2845 4683
4 1136 1162 1075 4673
4 2616 3665 3998 4835
4 2973 3670 3149 4139
4 3104 4224 2854 4572
4 526 518 520 3429
4 2664 2710 3263 4152
4 1178 1179 3583 4597
4 372 4677 360 4703
4 3092 3590 2901 4571
4 2845 4450 2763 4683
4 3254 3586 3007 3809
4 680 600 4055 4809
4 249 251 253 3882
4 254 264 253 3440
4 3826 1368 3912 4509
4 83 81 79 3774
4 1344 4128 2385 4246
4 87 83 79 3531
4 3333 3742 4026 4150
4 3221 2983 3874 4597
4 1716 3733 1763 4756
4 2902 4377 4172 4378
4 489 770 488 4839
4 76 3504 4489 4713
4 177 171 178 4035
4 3365 3977 3159 4554
4 2589 4405 3639 4774
4 3323 3465 2381 3466
4 2708 3350 3199 4277
4 2455 3277 3832 3905
4 4474 4529 4244 4585
4 2680 3228 2817 3918
4 107 271 33 242
4 2218 2217 2223 4139
4 3831 4065 2852 4584
4 2844 3338 3759 4202
4 775 4503 3554 4743
4 940 958 938 4637
4 2764 3611 3607 3891
4 2698 3318 3204 4290
4 3461 4496 3540 4718
4 2600 3997 3367 4530
4 3248 4204 3632 4838
4 3190 3918 2821 4007
4 1969 3854 2831 4023
4 2719 3786 3045 4808
4 590 578 580 4389
4 2689 4142 3364 4557
4 3372 4648 3701 4672
4 2900 3276 4178 4179
4 3049 3568 3048 4104
4 378 4283 3399 4321
4 3744 4654 3171 4655
4 2634 4523 3311 4524
4 2303 3224 2399 3241
4 2868 3269 3454 3975
4 2320 3896 2401 4307
4 3886 3887 2677 4385
4 904 3479 911 3782
4 2844 3995 3542 4420
4 3404 4250 3507 4615
4 2781 3858 3721 3955
4 2719 3934 3786 4808
4 3855 4335 2744 4353
4 3323 3466 2381 4815
4 2763 3597 3030 4703
4 833 834 842 4565
4 3331 3456 2992 4533
4 3179 3276 2776 4247
4 379 3399 4283 4410
4 3362 2155 4210 4415
4 1581 1451 1572 3892
4 1473 1810 3757 4048
4 1572 1451 1443 3892
4 298 3495 299 3986
4 2173 2154 3362 4415
4 2093 2089 2091 4679
4 582 583 593 4653
4 2678 2920 2851 4286
4 1571 1546 1568 4470
4 752 4075 753 4631
4 3358 4487 4229 4498
4 784 786 783 4057
4 2916 3930 3698 4832
4 2882 3733 3729 4765
4 3101 3724 3524 4437
4 1450 1456 1447 4004
4 2133 2149 2150 4089
4 112 110 113 4649
4 1345 1344 2386 4246
4 1311 2310 2309 4127
4 2845 4096 3739 4683
4 2879 3470 3260 4379
4 85 75 76 3504
4 1267 3862 1296 4771
4 4528 4612 2864 4755
4 1113 1114 3874 4480
4 940 3829 959 4637
4 2606 2648 2705 4107
4 893 897 434 3928
4 128 117 116 4711
4 2702 4722 4693 4723
4 3108 4541 3559 4626
4 3501 4220 2726 4619
4 102 4160 238 4595
4 3481 3839 2657 4704
4 38 175 202 134
4 2762 4732 2970 4814
4 2808 3298 4131 4725
4 2317 3671 3547 4118
4 2815 3248 3136 3572
4 3619 4168 2978 4222
4 78 87 79 4328
4 3366 2974 3781 4549
4 2747 2894 3888 4588
4 3670 4439 3251 4502
4 2902 4172 4150 4299
4 37 135 127 270
4 374 368 369 2562
4 1581 1572 3384 3892
4 262 242 254 3440
4 197 183 3707 4115
4 322 320 321 3802
4 2638 3022 3595 4458
4 2565 3867 3345 4449
4 204 212 211 3537
4 3438 4585 3639 4774
4 2597 3883 4125 4751
4 2799 3332 2765 4822
4 1691 883 1690 4256
4 2361 2362 4304 4518
4 345 335 3785 4677
4 3248 2897 3632 4204
4 2982 4187 3806 4625
4 1193 1194 1202 4149
4 2633 3771 4609 4644
4 2659 2841 3851 4325
4 400 403 402 4073
4 2150 2134 2133 4089
4 3185 2935 4064 4365
4 481 469 479 4839
4 103 111 122 3917
4 1701 4472 1685 4800
4 3084 3205 3085 4127
4 3621 3914 3818 4638
4 2790 3488 3938 4734
4 3309 4411 3751 4555
4 163 136 149 4431
4 1183 4219 1211 4621
4 2664 2812 3596 4469
4 3154 3362 3746 4415
4 2925 3222 3829 4731
4 883 1691 884 4256
4 270 127 37 259
4 2762 4138 3651 4662
4 2800 3794 3530 4820
4 4463 4464 3373 4810
4 746 762 761 3942
4 2801 2676 2992 4644
4 2352 4028 4215 4531
4 1447 1441 4004 4836
4 1568 4470 3350 4614
4 257 3282 253 4659
4 1505 1498 1492 3953
4 1434 1426 1435 4341
4 236 226 210 3817
4 2186 3956 2170 4850
4 3698 4629 3697 4825
4 2385 3560 3896 4246
4 2293 4079 2292 4210
4 152 155 140 4357
4 1955 4294 1943 4443
4 2370 4304 2362 4518
4 1958 3288 3254 4223
4 2141 4435 2121 4436
4 3152 3717 4479 4588
4 712 736 651 4161
4 2751 4451 3231 4707
4 169 158 141 4448
4 359 3785 3337 4703
4 3456 4533 4110 4784
4 2615 2839 2643 4050
4 3712 3992 3143 4564
4 3786 3934 2802 4808
4 1339 1338 1322 3730
4 2705 2666 2804 3352
4 2950 2821 3618 4822
4 3332 4419 602 4604
4 479 480 2552 3876
4 154 145 146 4045
4 2622 3721 3858 4709
4 3346 2766 3958 4326
4 2002 3947 3181 4607
4 2712 2769 3057 3586
4 3404 3507 2855 4615
4 63 268 203 261
4 341 4099 3784 4289
4 3980 2689 4343 4635
4 3259 4274 3198 4837
4 4046 4576 3450 4606
4 3850 4389 2964 4721
4 3331 3508 2812 4547
4 1591 1459 1581 3892
4 1764 3733 1718 4765
4 3129 3876 3445 4839
4 3729 4765 1720 4777
4 3570 2910 4472 4800
4 1296 1297 4082 4312
4 2597 3882 2737 4596
4 1778 1779 1777 4177
4 2925 4306 4381 4849
4 2615 4050 3762 4391
4 3767 4442 3217 4456
4 2831 3685 2728 4745
4 1542 1434 3938 4734
4 2424 2422 2423 3673
4 71 83 87 3531
4 519 3330 4130 4604
4 2572 4224 4225 4327
4 3231 4451 3602 4707
4 862 863 871 4061
4 302 291 290 4270
4 2907 3180 3421 3889
4 1166 1165 1157 3957
4 3726 3781 2974 4549
4 2394 4245 2393 4843
4 534 529 3177 4300
4 1336 3612 1339 3730
4 3326 4537 4466 4669
4 2572 4225 4142 4327
4 1736 4441 1737 4665
4 1993 1995 2006 3773
4 3650 4058 3087 4798
4 570 568 567 3932
4 3194 3843 3183 4665
4 2660 4243 4381 4382
4 2974 3505 3781 4664
4 2998 3613 3179 4556
4 2196 3914 2195 4638
4 3908 3192 4234 4789
4 108 175 38 134
4 2475 3832 2466 3833
4 114 116 117 3442
4 606 633 3900 4419
4 2630 2755 4228 4349
4 1812 3509 1477 4541
4 3406 3923 2757 3924
4 2606 2701 4107 4758
4 504 514 513 4173
4 210 219 228 4622
4 1275 3903 1300 4280
4 1951 3987 1962 4005
4 2572 4327 4142 4557
4 3544 4163 2997 4333
4 2859 3259 3198 4837
4 3205 3465 2340 4400
4 2648 3002 3659 4340
4 3149 2876 3818 4502
4 3182 4546 4059 4794
4 145 141 158 4448
4 2725 2990 2991 4301
4 777 784 4057 4792
4 3011 3366 4542 4549
4 3290 3663 936 4265
4 1740 1739 1773 3842
4 1388 1382 1389 3871
4 1230 4121 1243 4273
4 3571 4283 366 4321
4 2659 3980 2945 4106
4 718 717 709 3993
4 2773 4453 3561 4805
4 2848 3783 3337 3784
4 3636 4733 2931 4783
4 2682 3364 4670 4671
4 151 162 142 3653
4 2728 3349 3923 4768
4 1207 1223 1222 3926
4 2584 4212 3761 4817
4 327 3784 314 4289
4 2996 3648 2841 4803
4 627 712 651 4161
4 2417 2415 3828 4460
4 2792 3189 4251 4277
4 1300 3903 1299 4314
4 3904 4038 1869 4427
4 2898 3232 3185 4365
4 4108 4379 3260 4791
4 3605 3114 4111 4519
4 1316 3273 1314 4781
4 1411 3322 1409 3351
4 2946 3942 3602 4707
4 77 79 80 4713
4 2787 4013 2905 4393
4 196 172 184 3654
4 2836 3032 3337 4099
4 2886 3345 3706 4752
4 1720 3729 1765 4765
4 2246 3251 2284 4439
4 2273 3907 2272 4727
4 332 3400 318 3985
4 2179 3795 2180 4783
4 2854 4225 4224 4327
4 1115 4480 1208 4597
4 1967 1982 1981 4729
4 2880 3812 4372 4833
4 2450 4236 2462 4539
4 85 3504 76 4713
4 2860 3795 3353 4370
4 2563 4474 4244 4585
4 2237 2210 2239 4194
4 2598 4322 3630 4514
4 3013 2859 4337 4837
4 3088 4039 4020 4310
4 2767 3571 3954 4321
4 908 907 3568 4104
4 2813 2936 2758 3057
4 1686 4472 1702 4782
4 1500 1501 1489 3599
4 3739 4096 3267 4683
4 1623 3650 1615 4542
4 2027 2012 2026 3947
4 2603 4417 4432 4690
4 178 180 181 4252
4 2519 1378 3543 3544
4 3019 3308 3280 3647
4 2778 4523 3732 4524
4 164 141 154 3941
4 1678 4320 1633 4851
4 2757 4326 4077 4601
4 3328 4661 3850 4681
4 3089 3744 3270 4152
4 3746 4210 2155 4415
4 2782 3825 3149 4834
4 4137 4666 2855 4694
4 1904 1903 1888 4192
4 2671 2730 3877 4628
4 3751 3884 2958 4192
4 2311 1312 1303 3224
4 2607 3767 4442 4804
4 3318 3983 3317 4290
4 2659 3851 2945 4325
4 2874 3712 3215 4564
4 2853 3793 3169 4766
4 3231 3942 3200 4707
4 700 4603 699 4738
4 2598 3174 3630 4735
4 3921 4497 3578 4526
4 2960 4224 2854 4709
4 1710 4227 1735 4782
4 2648 3659 3186 4340
4 1412 4007 3228 4359
4 901 3267 3568 3739
4 2787 2988 2920 4286
4 2754 3047 3826 4534
4 2893 4293 4137 4675
4 2195 4480 2040 4638
4 3905 4733 3636 4783
4 2604 4279 4152 4691
4 3460 3639 3438 4585
4 1390 1385 1391 4221
4 2657 3480 2844 3839
4 2625 2648 4019 4087
4 2981 3362 3094 3956
4 189 178 181 3255
4 3001 3456 4110 4784
4 2908 2682 3364 4670
4 2991 3166 2858 4301
4 2726 2852 4198 4589
4 2687 3351 4009 4630
4 2615 4670 4391 4671
4 2617 4355 3364 4557
4 3934 4145 2620 4808
4 3461 3496 4282 4718
4 283 279 280 4784
4 307 2965 3549 3797
4 3305 3410 2931 3636
4 2984 3890 3561 4728
4 2958 3751 3256 4520
4 1169 3831 1168 4584
4 1220 1205 1221 3925
4 3077 2766 4326 4330
4 1920 1932 3908 4789
4 3098 3678 3156 4552
4 2436 2437 2432 4724
4 1465 4626 3509 4636
4 2725 4211 3966 4791
4 1875 1876 1874 3884
4 2825 4671 2652 4759
4 84 81 83 3774
4 3508 4110 3388 4471
4 2812 3508 3331 4533
4 1994 1990 1993 3772
4 549 3640 4295 4678
4 1938 3257 4005 4501
4 519 4130 3330 4276
4 1496 1495 3731 4812
4 36 102 238 4595
4 2669 3035 4362 4806
4 2490 3421 3363 4552
4 3074 4018 3740 4551
4 3516 4692 4292 4742
4 3057 3447 2008 3586
4 400 401 398 4072
4 2920 2921 2851 3138
4 3482 3575 3011 4542
4 3127 4362 4248 4806
4 996 1014 1015 3864
4 3199 3350 2708 4614
4 503 504 513 4173
4 2821 4007 3918 4822
4 1803 3770 1820 4178
4 2920 3747 3484 4121
4 3505 4227 1734 4664
4 3101 3348 3724 4437
4 222 3805 220 4716
4 208 220 232 3525
4 1700 1619 4664 4800
4 2273 4317 3907 4727
4 1144 1143 1141 3964
4 1993 1994 3772 3773
4 2845 3083 2763 3597
4 3548 3948 2668 4375
4 3502 4161 3846 4162
4 2813 3196 3446 4005
4 875 4625 4187 4832
4 2620 2814 4145 4818
4 1371 2553 1367 3827
4 2461 2448 2450 4539
4 2570 2912 4281 4499
4 4051 4710 3236 4737
4 822 820 858 3848
4 3083 3479 4096 4683
4 2665 3839 4248 4249
4 2566 3788 4572 4735
4 2117 2138 2114 4679
4 2500 1493 1423 4551
4 2115 2114 2089 4679
4 3750 4155 3235 4350
4 2279 4261 4686 4727
4 2808 3982 3467 4413
4 2771 4607 3025 4685
4 1619 3726 1627 4664
4 2026 2025 2557 3132
4 1756 1755 1766 4182
4 4108 4144 3546 4379
4 1376 1373 1370 3927
4 1299 4082 1298 4314
4 3907 4261 2272 4727
4 3039 2789 3252 4047
4 4187 4824 891 4825
4 3521 2667 4413 4588
4 2389 2407 2408 3659
4 3711 4543 2682 4759
4 1371 3827 3826 4003
4 3194 3570 2910 4472
4 3145 4704 3367 4740
4 3583 4219 3914 4597
4 2997 4163 3927 4333
4 2980 3802 3494 3986
4 2907 3607 3421 4232
4 3696 4629 1694 4765
4 1900 1922 1921 3693
4 3025 4081 2771 4685
4 1271 1269 1298 4082
4 1645 4416 1646 4542
4 2970 3991 3289 4447
4 2808 3298 2953 4131
4 2698 3316 2891 4573
4 3180 3179 3613 4724
4 2686 3331 2812 4547
4 1377 3322 1411 3880
4 3526 4229 3530 4820
4 3047 3912 3826 4534
4 1511 1494 1493 4551
4 3437 4050 2588 4573
4 2839 2945 3851 4325
4 3257 3600 1938 3987
4 2979 4285 3916 4457
4 2171 3490 2151 4850
4 356 342 357 4099
4 2737 3882 2597 3883
4 3446 2770 3772 4770
4 1261 4545 3577 4819
4 2936 2758 3057 4233
4 278 3895 277 4110
4 2814 3569 3240 4247
4 1043 1044 1035 4206
4 45 211 44 109
4 3337 3784 3783 3785
4 3306 3856 3230 4846
4 667 1482 1481 4689
4 3234 2578 3442 4711
4 525 518 526 4130
4 2624 4322 3630 4543
4 2604 4152 3270 4691
4 2902 3333 4442 4690
4 255 247 246 4125
4 2480 2471 2468 4093
4 2682 4671 2825 4759
4 3417 3907 2957 4215
4 3409 3964 3408 4621
4 1271 4753 1270 4771
4 1766 1767 1756 4182
4 3101 3724 4417 4772
4 2839 2945 2689 4355
4 213 212 204 2984
4 4241 4652 3237 4688
4 1259 1283 4047 4714
4 2846 3223 2985 3475
4 289 2561 288 3895
4 2799 3361 3332 4007
4 3130 3985 3400 4283
4 3275 3297 4404 4624
4 247 3883 3292 4125
4 1603 3971 1602 4800
4 2825 3213 2908 4759
4 2907 3607 3435 3889
4 2816 4526 4017 4527
4 2851 2920 3138 4286
4 715 714 706 4226
4 3218 3429 518 4130
4 3484 3747 2988 4753
4 3251 4079 2284 4439
4 1240 1241 4065 4273
4 1602 4798 1618 4800
4 2315 2323 2316 4118
4 214 212 213 3561
4 3408 3409 2786 3964
4 3016 3448 3926 4512
4 3050 3136 2843 4523
4 2577 4716 3805 4805
4 466 476 475 3991
4 2078 2077 4618 4838
4 2863 3756 3727 4025
4 3120 4464 3775 4764
4 2649 4374 4475 4544
4 277 274 273 4110
4 2422 2421 3673 4323
4 3763 4559 3458 4653
4 2461 2450 2462 4539
4 1349 1347 2884 3595
4 2029 2951 2028 4233
4 3364 4355 3197 4670
4 3589 3616 3612 4506
4 1766 3729 1722 4777
4 3035 3284 2869 4575
4 400 403 4073 4476
4 481 3598 4705 4839
4 3096 2808 3298 3982
4 2835 2908 4739 4759
4 4303 4645 3327 4646
4 24 96 74 4622
4 353 339 340 3954
4 3872 2728 4652 4745
4 2755 3278 4693 4733
4 2394 2393 2391 4843
4 2871 4033 4266 4488
4 4056 4057 3018 4792
4 1933 1935 1928 4571
4 2867 3192 4223 4789
4 1974 1989 1985 4070
4 2707 3434 4292 4594
4 2925 4306 2660 4381
4 3145 3344 3038 4287
4 3372 4388 4166 4648
4 3128 3671 2327 3672
4 899 896 898 3739
4 3966 4211 2701 4791
4 3775 3170 4190 4824
4 3751 4183 3256 4520
4 2720 3778 3044 4191
4 2461 2462 2470 4539
4 3232 1375 4003 4829
4 474 467 475 3991
4 1595 3929 1468 4043
4 2643 3168 3060 4325
4 2368 2367 2375 4317
4 2653 4536 4504 4562
4 1417 4184 1415 4695
4 2032 2024 2028 3681
4 3558 4368 730 4369
4 3296 4122 3026 4342
4 1500 3599 1489 4407
4 31 136 104 30
4 811 3911 812 4414
4 481 471 469 4705
4 68 93 4324 4840
4 3575 3650 3011 4542
4 3673 3777 2425 4340
4 24 210 228 4622
4 3226 3443 2811 3911
4 689 691 690 4468
4 181 180 182 4252
4 1156 1164 1154 4373
4 1432 1431 1422 4551
4 3254 3288 2736 4223
4 2606 4107 2701 4418
4 2623 2891 3437 4573
4 2465 2475 2466 3833
4 2622 4399 3999 4547
4 149 148 161 4527
4 2772 2975 2957 4215
4 2422 2409 2405 4323
4 1303 1286 1287 4545
4 503 3168 3851 4173
4 2801 3824 3491 4844
4 1185 1212 3939 4621
4 3205 3465 2914 4127
4 2565 3038 4449 4740
4 190 176 3984 4794
4 2711 2996 2945 4803
4 2605 3918 3316 4360
4 893 434 422 3928
4 1368 1366 1367 3826
4 3225 4529 3058 4557
4 3481 3719 3056 4377
4 1115 1114 4480 4597
4 1183 1180 1211 4219
4 2825 4360 2652 4671
4 2993 3859 3290 4080
4 2724 3857 3064 4471
4 3180 3276 3179 4724
4 1258 4047 1282 4760
4 3291 4220 3501 4619
4 431 442 441 4067
4 1618 3726 1619 4800
4 182 195 185 3140
4 3083 4096 3479 4577
4 1920 1932 1940 3908
4 3446 4005 3196 4069
4 2047 2048 3820 4811
4 704 705 713 4319
4 1272 3747 1233 4753
4 3288 2867 4223 4789
4 2368 4317 2376 4518
4 2800 4487 3741 4498
4 3110 3927 3826 4003
4 2723 3339 3338 4663
4 3286 3940 3279 4073
4 3149 4139 3670 4502
4 3008 4496 3578 4497
4 3068 3286 4276 4739
4 1269 1297 1298 4082
4 1661 1668 1669 4133
4 2987 4427 3904 4515
4 1601 4058 1600 4798
4 292 3299 3377 3388
4 1916 1921 1928 4571
4 1661 1660 1668 4133
4 2710 3400 2965 4361
4 2008 3432 3007 4640
4 302 301 292 3807
4 2372 4305 4304 4815
4 152 147 155 4700
4 3570 4227 3505 4664
4 3054 4401 4000 4560
4 3654 4059 4546 4794
4 1685 4135 1684 4800
4 917 916 4104 4265
4 2945 3851 2659 4803
4 108 122 111 3917
4 2567 3791 3745 4546
4 479 3445 3876 4839
4 2891 2643 3437 4573
4 2929 3903 4188 4314
4 2828 4070 3349 4071
4 2282 2285 2283 4079
4 2765 4543 3708 4759
4 2251 4028 2343 4531
4 1358 1341 1342 4506
4 1601 757 756 4058
4 756 1600 1601 4058
4 2710 2965 3549 4361
4 399 3893 398 4398
4 3041 4174 2854 4735
4 2589 3460 4106 4585
4 544 543 539 3361
4 1253 3945 3252 4714
4 2680 3228 3317 3983
4 3918 4822 2652 4848
4 3441 3893 2996 4398
4 2957 2975 2772 4211
4 690 688 689 4468
4 1956 4296 4294 4443
4 2945 2996 2711 4191
4 311 324 3494 4702
4 3916 4525 2816 4526
4 2040 4480 2039 4638
4 3829 4637 4467 4731
4 3854 4070 3117 4795
4 2513 2512 2516 4420
4 3133 4524 3311 4778
4 1242 4208 1241 4273
4 218 215 216 3762
4 2163 2154 2180 4415
4 3353 3795 2860 4490
4 3628 3991 2970 4447
4 114 112 113 3079
4 1723 1697 1698 4190
4 1941 3800 4023 4294
4 3194 4392 1704 4782
4 2790 3488 3734 3938
4 523 528 520 4300
4 2996 3449 3441 4398
4 1043 1069 1068 4206
4 3337 3783 3131 3785
4 2804 3245 2666 4107
4 2638 2884 3022 4019
4 3170 3697 4190 4825
4 901 906 900 3568
4 3188 4366 4663 4701
4 2899 4432 4217 4566
4 900 901 3568 3739
4 539 543 538 3361
4 1451 1581 1459 3892
4 583 594 593 4653
4 3015 3989 3555 4197
4 528 526 3429 4300
4 2210 4194 3926 4512
4 81 80 79 3090
4 3266 4652 4241 4688
4 423 408 409 4797
4 1701 4472 4227 4782
4 2407 2406 2410 4340
4 218 216 219 4391
4 3282 3849 4036 4087
4 888 4629 3698 4825
4 3095 3909 3434 4594
4 683 722 4207 4631
4 2009 1997 1998 3181
4 530 3700 522 4209
4 292 3377 293 4726
4 2515 2514 2518 4201
4 1743 4329 1744 4441
4 2905 3825 3093 4834
4 2968 3076 4101 4362
4 3173 3388 3299 3807
4 1242 1243 4208 4273
4 1695 4629 3697 4765
4 2186 2185 3538 4850
4 3211 4070 2828 4071
4 1015 997 996 3864
4 3276 4179 3179 4724
4 3443 3848 3028 4540
4 2898 3827 3047 4509
4 3369 3939 1212 4219
4 2588 4635 3980 4701
4 3660 4418 3107 4758
4 1932 4223 3908 4789
4 248 249 257 4037
4 2857 4550 3814 4788
4 176 63 203 261
4 1875 3884 3751 4192
4 2906 3679 3633 4354
4 2647 2712 2769 3057
4 3800 4427 2987 4515
4 3168 3851 3060 4325
4 2861 2933 2742 3073
4 410 3597 425 4390
4 979 964 978 4025
4 2728 3349 3025 3923
4 3487 4731 4447 4732
4 3113 4648 4166 4851
4 3428 4718 2979 4817
4 3388 3508 3115 3596
4 2697 3203 4374 4733
4 2968 3929 3507 4043
4 112 111 4649 4650
4 1273 3903 1275 4753
4 2007 2016 3773 4233
4 1815 3757 1816 4747
4 1350 1334 1349 4459
4 1807 1801 1808 4141
4 3739 4274 3198 4313
4 1480 3929 3076 4101
4 1551 1552 1548 4470
4 3020 4199 4200 4655
4 3772 3773 3446 4729
4 519 517 527 4130
4 2723 3338 2935 3759
4 889 4825 3698 4832
4 4203 4519 2619 4698
4 1367 1368 3826 4509
4 865 3930 844 4832
4 3001 4110 3895 4784
4 254 242 264 3440
4 1990 1980 1993 3772
4 1200 1216 1123 4238
4 3618 2742 4847 4848
4 2775 3744 3171 4655
4 3068 4276 3330 4739
4 1972 1971 3809 4296
4 201 42 131 187
4 2037 1112 1111 4204
4 3697 4629 1695 4825
4 1679 1680 1672 4235
4 1111 2036 2037 4204
4 2715 3480 4042 4216
4 1144 1141 1145 3964
4 1354 4245 1351 4459
4 2669 3287 3076 4101
4 399 4398 404 4476
4 3717 2747 4479 4588
4 1299 3903 1273 4753
4 368 369 2562 3635
4 1345 2386 2387 4246
4 556 549 3640 4295
4 1344 2385 2386 4246
4 2914 3465 3224 4127
4 2859 3568 3049 4274
4 2620 4634 3686 4818
4 194 65 240 4425
4 2929 3547 4188 4307
4 3193 3919 3487 4467
4 143 49 205 50
4 786 789 783 4021
4 2689 4142 3058 4343
4 1547 1551 1548 4470
4 2927 4374 3230 4544
4 555 544 549 4295
4 3298 3971 759 4135
4 4027 4190 3004 4777
4 496 403 4024 4073
4 570 572 571 4681
4 3087 3726 3650 4798
4 1468 1459 1591 4043
4 2428 2804 3777 4010
4 100 73 89 3984
4 1211 1180 1210 4219
4 3337 4677 3976 4703
4 3185 3232 2935 4365
4 42 131 135 201
4 809 807 808 4540
4 2371 2363 2370 4304
4 3093 3825 2782 4834
4 1328 1345 1346 4586
4 937 933 3859 4265
4 922 4186 931 4684
4 4093 4236 3387 4539
4 304 303 3797 4726
4 2617 4327 3364 4593
4 3020 4655 4200 4656
4 2362 2370 2363 4304
4 2991 3166 2990 4318
4 3404 2855 4137 4666
4 2991 4318 4317 4518
4 3001 3473 2807 4708
4 508 4130 517 4276
4 2665 4248 3035 4806
4 2535 1392 2525 2526
4 481 4705 469 4839
4 2525 1391 1392 2535
4 776 777 783 4057
4 4224 4225 2854 4572
4 3570 4227 1701 4472
4 2868 3975 3454 4346
4 2877 3737 3399 4321
4 1463 4290 1453 4636
4 2781 3299 3173 3388
4 439 4096 427 4390
4 2689 4391 4050 4670
4 3587 4746 1818 4747
4 3495 3549 3494 4361
4 2848 3337 3032 3784
4 1321 1288 1255 4819
4 2902 4299 4150 4690
4 965 964 979 4025
4 3073 3464 2950 4176
4 3105 3635 3608 4348
4 981 3756 997 3864
4 2237 4194 2239 4686
4 2377 4318 2378 4518
4 2953 3848 3967 4492
4 1243 4121 1244 4208
4 74 96 87 4622
4 1261 3577 3252 4819
4 3152 3521 4413 4588
4 2465 2474 2475 3833
4 540 4678 4205 4823
4 308 3474 297 3986
4 3806 4187 3170 4824
4 2600 3997 4530 4663
4 4017 4431 3247 4633
4 2970 3628 3310 3991
4 2600 4704 3145 4740
4 4057 4720 3018 4792
4 2589 3460 3873 4106
4 1312 4127 1311 4545
4 2728 3923 3025 3924
4 2361 4215 3417 4304
4 2894 3598 3554 4503
4 2757 3924 2728 4651
4 3697 1696 4777 4825
4 557 3640 548 4823
4 3901 2755 4693 4733
4 2584 3713 3979 4212
4 1297 1298 4082 4314
4 3193 3829 2925 4218
4 3039 2852 3831 4065
4 285 3962 282 4726
4 2487 2488 2493 4356
4 2729 4365 4366 4663
4 1482 3464 1488 4407
4 2485 2484 2483 4552
4 1403 2544 1408 4354
4 1547 1548 4426 4470
4 263 238 254 3439
4 1941 4023 1953 4443
4 1158 3957 3664 4584
4 59 177 223 60
4 306 311 304 3549
4 2690 4381 3808 4849
4 2615 4360 2825 4671
4 3053 4382 3981 4440
4 2781 3721 3858 4471
4 710 718 709 3993
4 2638 3022 2737 4019
4 2931 3636 3905 4733
4 3035 3215 3142 4747
4 3039 3831 3448 4760
4 1262 1254 1263 4819
4 1374 1375 1373 4003
4 118 106 130 3941
4 183 199 173 3707
4 1903 1887 1888 4192
4 2388 2407 2389 3659
4 2676 2801 4487 4644
4 3045 3786 2802 4808
4 1035 1067 831 4486
4 3264 3365 3159 4554
4 2689 3197 4355 4670
4 556 548 557 3640
4 3267 3268 2866 3782
4 3298 4369 3297 4492
4 1652 1541 1549 4428
4 3050 2897 3632 4523
4 1971 1972 1956 4296
4 1312 1304 1303 4545
4 4285 4457 2979 4479
4 2005 2006 2014 3773
4 556 557 559 3640
4 197 183 173 3707
4 4543 4739 3708 4759
4 787 794 793 4195
4 1965 1961 1967 4005
4 3981 4382 2651 4440
4 1772 1773 1739 3842
4 2155 3746 2156 4210
4 2723 4365 3339 4663
4 1357 2397 2395 3616
4 1797 1792 4180 4830
4 4187 4825 890 4832
4 3309 4347 1853 4555
4 2642 2710 4152 4361
4 891 4187 4625 4824
4 2958 4339 3751 4520
4 179 175 188 3978
4 2327 3671 3128 4307
4 1365 1366 1368 3826
4 2851 2638 3012 3595
4 644 673 672 4423
4 2687 2915 3543 4163
4 3104 4224 3999 4709
4 3084 3448 3016 4512
4 1568 1569 1571 2559
4 230 218 219 2961
4 3096 3971 3298 4725
4 2825 2839 2615 4670
4 3181 3342 2771 3947
4 3510 3935 2937 4159
4 3900 4419 2938 4578
4 1354 2393 4245 4842
4 1297 4082 1269 4771
4 3560 3896 3128 4307
4 3561 3890 2773 4728
4 1812 1477 3284 4541
4 2186 3538 3956 4850
4 1224 4273 3790 4845
4 1744 1743 1748 4329
4 3741 4068 3187 4498
4 1453 1449 1448 4290
4 2914 3465 3323 3466
4 1230 1232 1244 4121
4 790 789 786 4021
4 2875 4300 3844 4678
4 2600 3367 4704 4740
4 3537 3561 212 3805
4 1596 3731 1483 4812
4 2726 3039 2852 4589
4 3085 3205 2914 4127
4 2949 3980 3460 4106
4 1940 1926 1920 3908
4 2688 3338 2915 3339
4 2925 4381 3193 4849
4 2424 2425 3673 3777
4 3481 2657 4378 4704
4 21 89 68 4840
4 1660 1652 1549 4428
4 1744 1748 1749 4329
4 3032 3797 3784 4289
4 1311 2309 1310 4127
4 549 547 548 4678
4 3266 4241 3852 4688
4 2024 2021 2023 4231
4 3157 3798 3451 4412
4 2669 4806 3343 4807
4 2432 2431 2436 4724
4 1359 3616 3241 4506
4 1226 1228 1242 4273
4 1830 1832 1828 1824
4 94 84 83 3545
4 2768 3495 3494 4361
4 1185 3939 1187 4621
4 2749 4364 3574 4367
4 579 584 583 4559
4 3044 4191 3893 4476
4 3258 3924 2912 4652
4 2015 2014 3773 4233
4 3558 4368 3095 4468
4 3328 3850 4661 4721
4 2936 3446 2813 4613
4 1289 3926 3448 4512
4 3361 3844 539 4678
4 517 519 507 4276
4 3181 3349 2010 4607
4 2765 4322 4543 4759
4 1033 1065 1034 4793
4 3910 2947 4207 4631
4 2478 2469 2470 4563
4 2640 3793 3667 4393
4 161 148 151 4527
4 4052 4124 3754 4757
4 368 2562 383 3635
4 97 85 80 4713
4 2835 4739 4543 4759
4 469 4705 3445 4839
4 250 3883 247 4125
4 2859 3198 3568 4274
4 1035 4206 1044 4486
4 65 170 256 4425
4 3293 4328 3090 4358
4 944 930 942 4186
4 580 589 590 4389
4 399 400 4072 4476
4 3323 4305 3245 4815
4 102 126 4160 4595
4 545 3361 544 4295
4 399 4072 3893 4476
4 3921 4497 3541 4700
4 3688 4454 4000 4560
4 3179 3180 2776 3276
4 777 784 783 4057
4 166 140 159 3817
4 2127 2143 2125 4490
4 2674 2611 4396 4741
4 877 1684 1685 4135
4 878 877 1685 4135
4 570 571 569 4681
4 1244 1243 1230 4121
4 2997 3873 2795 4163
4 1357 3616 1353 4245
4 1987 1986 3342 4443
4 1698 4824 4190 4825
4 185 170 194 4425
4 3191 3363 3098 4552
4 2812 3596 3508 4533
4 1340 3612 1336 3780
4 2799 3361 4007 4295
4 3256 3600 2842 3623
4 1242 1241 1226 4273
4 3697 3698 2999 4629
4 2237 2209 2210 4194
4 1249 4065 1241 4208
4 3467 3982 4266 4413
4 1249 1248 1240 4065
4 1240 1241 1249 4065
4 2028 3681 2014 4233
4 2686 3999 4399 4547
4 1495 1483 3731 4812
4 2734 4144 2730 4628
4 2016 2029 2015 4233
4 2340 3465 3205 4127
4 2568 4431 4017 4633
4 2664 3596 3263 3631
4 1296 4312 4082 4771
4 3058 4355 3225 4557
4 2617 4327 2572 4557
4 923 3782 922 4684
4 3377 3797 3032 4289
4 3618 2652 4822 4848
4 424 428 436 4816
4 2429 2374 4460 4815
4 1877 1878 3751 4555
4 3223 3475 2846 3734
4 2376 4318 2377 4518
4 2771 3181 4607 4685
4 2606 4418 2701 4758
4 341 342 4099 4289
4 1892 1881 1896 4427
4 2771 3947 3342 4640
4 539 3361 533 3844
4 3870 4077 3037 4601
4 3240 3842 3119 4424
4 1795 1802 2181 4179
4 3111 2829 3957 4373
4 3554 4503 3598 4743
4 2378 4400 2379 4518
4 2603 3122 4432 4566
4 1653 1646 1645 4416
4 2736 4507 3468 4741
4 2085 2078 2077 4618
4 1735 1710 1709 4227
4 3078 4649 3867 4650
4 924 934 936 933
4 2617 3705 4593 4706
4 3025 3923 3349 4011
4 4190 4777 1697 4825
4 3254 3288 1957 4296
4 227 44 124 43
4 3829 4218 3193 4467
4 250 252 251 3882
4 1068 3972 839 4486
4 3204 4636 4626 4836
4 715 706 707 4226
4 479 2552 489 3876
4 4023 4294 3229 4443
4 2213 2214 3818 4502
4 255 250 247 4125
4 1571 1550 1546 4470
4 3590 4069 2901 4571
4 3083 3479 3300 4577
4 1608 765 1609 4388
4 765 1608 764 4388
4 1737 4441 1771 4665
4 2300 4188 1300 4314
4 373 372 3976 4677
4 2812 2686 3293 4358
4 3094 3277 2981 3956
4 936 3663 934 4265
4 3499 4464 3120 4764
4 2049 2073 2074 4424
4 2724 3508 3331 4547
4 3783 3785 335 4677
4 3263 2768 4152 4361
4 1422 1420 563 4642
4 2773 3712 2740 4805
4 544 4295 3361 4678
4 3084 3016 3755 4512
4 3052 4517 4371 4750
4 589 581 588 4154
4 2519 3544 3543 4202
4 3011 4542 3650 4549
4 2652 4322 3618 4822
4 1301 4188 1302 4280
4 276 2561 3173 3895
4 2777 4612 4528 4755
4 41 105 173 40
4 29 141 106 28
4 46 103 204 45
4 2074 2050 2049 4424
4 892 4625 3806 4824
4 1798 1801 1807 4141
4 210 24 74 4622
4 3526 3530 2917 4529
4 3202 4504 2838 4536
4 2005 2014 3383 3773
4 3037 4012 3870 4574
4 2634 3732 4523 4524
4 2602 4592 3359 4660
4 2812 3115 3508 3596
4 1850 1857 1847 3866
4 254 3439 3440 3881
4 1977 1992 3586 3809
4 2910 3570 3194 4145
4 3252 3945 1253 4819
4 240 65 256 4425
4 3101 3724 3348 4417
4 2817 4007 3228 4332
4 3980 4343 2949 4635
4 2145 2163 2144 4490
4 2915 3339 3338 3544
4 3337 3976 2763 4703
4 2398 3828 3616 4010
4 2926 2785 3383 3935
4 631 661 660 4689
4 2303 3465 3224 3466
4 1933 1928 1921 4571
4 1947 1948 1959 4770
4 203 190 176 3984
4 1117 1101 1102 4463
4 2604 3295 4279 4691
4 3555 3989 3015 4754
4 4224 4327 2572 4593
4 3115 3388 2781 4471
4 2734 4596 4144 4628
4 424 412 428 4816
4 2766 3077 3040 4330
4 1271 4082 1298 4753
4 257 253 241 4659
4 2600 4530 3367 4740
4 2920 3390 3747 4121
4 69 78 77 4489
4 3747 4121 3390 4136
4 2458 2462 2444 4236
4 2687 3543 3880 4163
4 2605 4015 3918 4848
4 15 70 239 14
4 3401 3415 2827 4658
4 2120 2122 2123 4436
4 3570 4472 1701 4800
4 302 292 289 3807
4 2014 3383 3773 4233
4 1795 2181 2165 4179
4 2405 2409 2406 4323
4 631 660 4176 4689
4 2945 2839 3851 4476
4 3192 3191 3908 4234
4 2964 4661 3850 4721
4 3433 4054 3981 4337
4 2615 2839 4050 4670
4 410 425 426 4390
4 2582 3469 4147 4682
4 1877 3751 1864 4555
4 509 507 519 4276
4 1288 1341 4506 4819
4 2612 3852 4240 4241
4 3267 3568 3049 4104
4 2915 3544 3543 4163
4 2863 3727 3728 4025
4 2517 3542 2547 3995
4 3571 3954 340 4702
4 2162 2163 3795 4490
4 2026 2012 2011 4607
4 244 257 266 4037
4 374 375 2562 4046
4 1774 1771 1745 4441
4 2697 4693 3094 4733
4 2982 3374 4315 4831
4 2615 4050 2643 4573
4 1404 2540 2539 4354
4 3077 4326 3958 4330
4 2015 2014 2006 3773
4 3086 3827 3232 4003
4 3029 4199 3970 4655
4 2765 3708 3330 4739
4 997 3756 996 3864
4 1654 1646 1653 4416
4 3363 3421 2489 4232
4 2393 1354 1350 4842
4 2863 3728 3391 4025
4 899 898 901 3739
4 778 772 779 4056
4 3714 3802 3034 4140
4 341 342 356 4099
4 2741 3400 4361 4702
4 2043 2061 2059 4464
4 3057 3447 2936 3773
4 384 4703 3030 4797
4 3828 4010 2417 4460
4 2587 3948 3548 4375
4 3076 2669 4101 4362
4 3889 4178 3276 4724
4 2186 2169 2185 4850
4 3456 3986 2992 4785
4 2495 1884 1899 4232
4 1951 1952 1963 3987
4 3640 4678 548 4823
4 2986 3054 4560 4633
4 1300 2300 2301 4188
4 1300 2301 1301 4188
4 2953 3848 3443 3967
4 1224 3790 1152 4845
4 1570 1559 1558 4668
4 1672 1671 1679 4235
4 2879 3470 4379 4641
4 1705 1688 1704 4392
4 2929 4188 3547 4314
4 686 688 700 4738
4 3136 3572 3248 4838
4 2111 2086 2085 4618
4 2734 2666 3352 3486
4 3256 3257 2842 3600
4 2867 3288 2764 3891
4 3924 4651 2912 4652
4 2209 4194 2237 4686
4 3110 3826 3086 4003
4 3029 4324 4200 4655
4 2795 3322 3110 3927
4 2513 3995 2512 4420
4 197 195 183 4115
4 592 591 588 4154
4 90 9 8 140
4 2588 4366 2942 4453
4 208 158 51 52
4 552 547 4205 4823
4 39 108 175 38
4 2981 3277 3094 4693
4 2195 3914 4480 4638
4 2853 3409 3408 4621
4 2173 2180 2154 4415
4 2780 3290 3663 4657
4 241 253 264 4659
4 1742 1741 1746 4493
4 3193 4381 2690 4849
4 2870 3108 2942 4541
4 1208 4480 3914 4597
4 3631 3962 285 4726
4 2666 3466 3245 3486
4 1496 3731 3599 4812
4 2286 4079 2285 4553
4 191 61 62 221
4 25 26 71 206
4 55 241 56 139
4 172 20 68 21
4 2884 3186 3022 4019
4 3570 1700 4664 4800
4 3112 4200 4655 4656
4 3097 3864 3863 4146
4 923 3268 3782 4684
4 1898 1920 3908 4234
4 3267 2866 3479 3782
4 526 3844 3429 4300
4 3170 4187 3698 4825
4 2159 2140 2141 4435
4 248 247 249 3883
4 122 225 47 46
4 1344 1326 1324 4128
4 1878 4183 3751 4555
4 700 699 686 4738
4 2159 2141 2160 4435
4 2809 3289 3222 4731
4 14 91 260 13
4 2996 4173 3449 4398
4 1249 4208 1250 4760
4 2039 4480 3632 4638
4 517 525 527 4130
4 3715 3821 2911 4166
4 2948 3910 3575 4075
4 3561 3890 3188 4366
4 2865 3487 3382 4732
4 2961 4225 3788 4327
4 429 4096 3739 4313
4 3089 4152 3270 4358
4 411 410 426 4390
4 2917 4474 3526 4529
4 3460 3980 2949 4701
4 1920 1897 1919 4789
4 1540 1539 1547 4426
4 2822 2921 3617 3769
4 2643 2839 3168 4325
4 3149 3825 3369 4834
4 101 237 3 200
4 99 1 236 166
4 132 169 235 5
4 133 167 4 271
4 234 202 134 7
4 268 203 100 2
4 168 0 269 98
4 1746 1747 1742 4493
4 3101 4417 4151 4772
4 2942 4366 2870 4453
4 2801 2992 2676 3331
4 3213 4130 3218 4276
4 2804 3245 3673 3777
4 3077 3935 2785 4601
4 2600 2723 3997 4663
4 270 6 135 201
4 1269 4082 1271 4771
4 3006 4360 4391 4671
4 3642 4200 3112 4656
4 3166 4686 3238 4727
4 24 74 23 210
4 54 142 53 244
4 263 3439 254 3881
4 3001 3474 3473 4708
4 1864 3751 4411 4555
4 683 722 724 4207
4 2926 2785 3935 4601
4 2605 2680 3918 4015
4 2841 3449 2996 4173
4 2529 2524 2523 4583
4 1702 4472 1701 4782
4 216 217 229 4343
4 2845 2675 4450 4683
4 2547 3135 2545 3995
4 563 561 4088 4642
4 1868 4095 3904 4515
4 3543 3544 2915 4202
4 1860 1857 1850 3866
4 18 174 19 72
4 2588 2729 4366 4701
4 1737 1745 1771 4441
4 503 4173 3851 4398
4 2845 3131 2763 4450
4 2917 3530 3526 4229
4 137 10 11 76
4 2524 2529 2530 4583
4 3862 4013 3341 4771
4 3530 3999 2572 4224
4 3263 3596 4533 4785
4 3741 4498 4487 4609
4 2417 4010 3777 4460
4 1370 3927 1373 4003
4 2736 4223 3288 4741
4 4017 4526 3247 4527
4 170 65 256 66
4 780 4196 787 4792
4 2499 2498 1906 3908
4 2998 4089 3490 4850
4 925 934 3663 4265
4 665 2950 3464 4176
4 2648 2705 3186 4019
4 1261 1285 3577 4545
4 671 3427 669 4359
4 2398 2392 4010 4245
4 2933 3190 2821 3464
4 222 3537 212 3805
4 427 4096 416 4390
4 895 3739 3198 4313
4 2929 3560 4188 4280
4 3671 3672 2975 4305
4 1300 4188 1301 4280
4 2283 2285 2286 4079
4 3289 4637 3222 4731
4 2169 2170 2150 4850
4 2936 2813 3446 4729
4 2839 2643 4050 4325
4 3068 2835 3286 4739
4 3599 3731 2861 4812
4 3650 4542 1624 4549
4 3084 3755 3205 4127
4 4142 4327 3364 4557
4 1303 2304 2311 3224
4 2302 4188 2301 4307
4 2996 3893 3851 4398
4 1354 1351 1350 4459
4 190 196 176 4794
4 2861 3731 3575 4812
4 3278 4693 3277 4722
4 3341 4013 3162 4845
4 339 333 3954 4702
4 1585 1588 1586 4452
4 924 3859 933 4265
4 2633 3741 4487 4609
4 2764 2867 4396 4741
4 2170 2151 2150 4850
4 3096 4058 3910 4368
4 1821 1820 3770 4178
4 1876 3884 1875 4192
4 1180 4219 1183 4621
4 3467 4266 4033 4488
4 2921 3390 2995 4338
4 2227 2205 2229 4257
4 16 86 246 15
4 3131 3337 2848 3783
4 2804 3486 3245 3777
4 2657 3839 2844 3997
4 2990 3907 3417 4317
4 3020 3899 3898 4654
4 2526 1392 1393 4084
4 1434 4341 3938 4734
4 584 583 4559 4653
4 3047 3826 3912 4509
4 3094 3956 3362 4415
4 2975 3671 2885 3672
4 249 253 257 3282
4 370 356 368 4348
4 1287 1305 1303 4545
4 65 194 170 4425
4 1889 1878 1879 4183
4 2007 3773 3057 4233
4 2737 2822 2671 3334
4 3696 4756 3733 4765
4 2979 4285 3436 4817
4 2844 3542 4202 4420
4 808 807 801 4540
4 1701 1702 1685 4472
4 1338 1321 1322 3730
4 1509 1510 1504 4734
4 397 396 380 4410
4 215 212 3561 3805
4 540 4205 547 4823
4 1414 559 1415 4332
4 1879 1890 1889 4183
4 1068 4206 3972 4486
4 2854 4327 4224 4593
4 500 507 509 4276
4 854 852 853 4492
4 2908 3213 4739 4759
4 3154 4079 3746 4210
4 547 549 544 4678
4 3631 2743 3962 4726
4 3388 3596 3115 3962
4 3712 4564 3143 4807
4 1212 4219 3939 4621
4 1966 1965 1979 4729
4 4243 4382 2660 4687
4 2387 2884 1348 4246
4 312 327 314 4289
4 1296 2297 1297 4312
4 1296 2296 2297 4312
4 3245 3323 2849 4305
4 3266 4240 4241 4745
4 2848 3032 3783 3784
4 437 435 449 4346
4 2648 3186 2884 4019
4 2402 2403 3896 4323
4 2666 3245 2804 3486
4 1327 3595 1330 4781
4 428 412 4598 4816
4 2007 3057 3432 4233
4 2996 3851 2945 4803
4 1511 1432 1494 4551
4 1367 2553 2507 4829
4 3369 3825 2905 4834
4 155 147 144 4700
4 1875 3751 1877 4192
4 1926 1898 1920 3908
4 4200 4324 3112 4655
4 2933 2861 3599 3731
4 3060 3894 2643 4325
4 282 3388 3377 3962
4 2807 3824 3001 4708
4 785 790 786 4720
4 2884 1349 4459 4842
4 2845 3597 2763 3976
4 2921 2920 3390 4136
4 1251 1250 1242 4208
4 1025 1009 1026 4554
4 557 1417 562 1418
4 276 3173 277 3895
4 411 3597 410 4390
4 1286 1304 1285 4545
4 1242 1243 1251 4208
4 156 12 75 11
4 2364 2365 4305 4815
4 3159 3977 3365 4421
4 541 540 537 4205
4 2376 2335 2337 4318
4 3727 3756 979 4025
4 2376 2337 2377 4318
4 76 4489 77 4713
4 2619 4437 3524 4698
4 3029 4200 4199 4655
4 366 350 367 4283
4 2775 3970 3744 4655
4 2513 2517 2545 3995
4 2930 4154 3328 4721
4 3844 4130 3361 4604
4 2789 3577 3252 4047
4 33 34 107 242
4 779 4196 780 4792
4 439 426 438 4390
4 3284 3587 1818 4747
4 2998 4556 4089 4850
4 2929 4188 3560 4307
4 3399 4321 3737 4410
4 3441 3778 2996 3893
4 3822 4810 2046 4811
4 3197 3044 4072 4476
4 2875 4678 3640 4823
4 2031 3132 2025 4011
4 3980 4635 2949 4701
4 3225 3794 3646 4820
4 2003 2000 1999 4640
4 212 222 211 3537
4 2520 2521 2517 4420
4 3632 4618 3136 4838
4 84 92 68 4324
4 1318 3617 1317 4338
4 282 3962 3377 4726
4 2857 3419 3814 4149
4 1705 1689 1688 4392
4 535 530 531 4209
4 2660 4306 3808 4381
4 2804 2425 3777 4340
4 2670 3132 3040 4081
4 2773 2740 4453 4805
4 2617 3364 4327 4557
4 925 916 917 4265
4 2771 3132 2670 4081
4 3417 4317 2368 4518
4 3547 4188 2300 4314
4 1410 2560 1409 3351
4 2755 4693 4722 4723
4 1350 2391 2393 4842
4 359 4677 3785 4703
4 159 49 48 226
4 1367 3827 2553 4829
4 3131 3783 3130 4677
4 1920 3908 4234 4789
4 589 588 591 4154
4 1702 1686 1685 4472
4 717 741 740 4617
4 2652 4671 4322 4759
4 2801 3474 3001 4708
4 1255 1263 1254 4819
4 2500 2522 1493 4551
4 2936 3447 2813 4729
4 740 716 717 4617
4 2874 3475 3757 4048
4 2344 2322 2321 4531
4 3229 2872 3342 4296
4 2677 4385 3887 4405
4 3388 3857 2781 4471
4 2058 2060 2091 4764
4 3334 3352 3186 4842
4 2388 3659 2387 4246
4 2162 2143 2144 4490
4 2278 2279 2271 4261
4 2597 2737 2671 4628
4 3541 4497 4357 4700
4 2120 2123 2121 4436
4 3173 3857 3388 4471
4 3190 3228 4359 4734
4 3887 4385 3036 4405
4 2728 4651 3924 4652
4 2785 3681 3383 3935
4 222 215 220 3805
4 3967 4135 3298 4492
4 674 4088 1363 4642
4 1580 2559 1578 4614
4 3128 3896 2328 4307
4 1877 3751 1888 4192
4 3464 2933 3624 4407
4 1740 1732 1739 3842
4 1296 3862 4312 4771
4 1298 2298 2299 4314
4 2299 1299 1298 4314
4 176 64 63 261
4 2025 3132 2026 4607
4 2092 2091 2060 4764
4 2828 3854 3349 4070
4 503 3851 3168 4476
4 556 1416 555 4332
4 439 4096 4390 4577
4 2765 2652 4322 4759
4 2764 3288 3229 4294
4 2810 3852 3992 4688
4 3971 4058 1602 4798
4 1709 1734 1735 4227
4 1343 1302 4280 4776
4 2773 3890 3561 4453
4 2026 2011 2025 4607
4 901 905 906 3568
4 439 427 426 4390
4 3510 3923 3406 4231
4 1877 1866 1878 4555
4 3037 4574 3870 4601
4 214 215 212 3561
4 2011 4011 2025 4607
4 930 944 931 4186
4 2162 2144 2163 4490
4 2736 3987 3254 4223
4 2521 3543 3542 4420
4 77 85 76 4713
4 3337 3785 4677 4703
4 2605 3918 4360 4848
4 3180 3889 3276 4724
4 3234 3442 4397 4711
4 1314 4136 3273 4338
4 540 547 4678 4823
4 1812 1813 3284 4570
4 2780 3663 3290 4265
4 3762 4391 4050 4635
4 2454 2554 2455 3832
4 3377 3797 303 4726
4 2921 3273 3138 4136
4 517 4130 519 4276
4 3085 2914 3224 4127
4 312 325 327 4289
4 2589 3649 3873 4385
4 396 379 380 4410
4 1813 1818 3284 3587
4 1281 4047 3448 4760
4 1279 4280 1302 4776
4 3756 3863 3097 3864
4 2579 4241 3872 4652
4 2597 3877 3563 4628
4 3874 4480 1114 4597
4 2627 4081 3025 4685
4 1279 1277 1302 4280
4 2016 2015 3773 4233
4 3477 2947 4075 4631
4 2846 3475 3317 3734
4 2301 4188 2300 4307
4 3092 4406 3590 4571
4 2235 2237 2238 4686
4 2951 3077 3040 3681
4 3849 4087 3282 4659
4 3910 4075 2947 4631
4 61 171 60 207
4 73 245 17 16
4 2221 2215 2220 4502
4 3401 3965 3027 3969
4 2023 3935 3681 4231
4 2361 4304 3417 4518
4 674 1423 1422 4642
4 549 556 555 4295
4 2764 3288 2867 4741
4 2156 2293 2292 4210
4 3872 4652 4241 4745
4 1855 1867 1866 4555
4 3058 4106 2949 4585
4 88 26 27 224
4 21 190 22 89
4 2648 2884 3186 3659
4 258 56 157 57
4 2991 3465 3205 4400
4 3007 2712 3432 3586
4 310 3495 3494 3986
4 1230 3484 4121 4273
4 2780 3290 3859 4265
4 1603 4135 3971 4800
4 2027 2026 3132 3947
4 3277 3538 2981 3956
4 153 31 123 32
4 3186 3352 3334 4596
4 3446 3772 2936 3773
4 1933 4069 1934 4571
4 3518 2896 4221 4826
4 1818 2558 1815 4746
4 2682 4670 2825 4671
4 308 316 302 4270
4 1843 4347 3308 4563
4 3039 4065 3831 4760
4 2948 3087 4058 4725
4 366 348 350 4283
4 3204 4290 3509 4636
4 1259 4047 1258 4760
4 3077 3406 3040 4231
4 1324 1343 1344 4128
4 209 193 59 58
4 1540 1547 1548 4426
4 2825 3197 2839 4670
4 2884 2638 3022 3595
4 3332 3361 2799 4604
4 1238 1236 4136 4338
4 3267 3479 2866 4683
4 2615 2825 4670 4671
4 3597 4703 388 4797
4 3554 4743 3144 4790
4 399 403 400 4476
4 2941 4436 4435 4773
4 2250 2249 2255 4495
4 1965 4005 1967 4729
4 3257 3987 1951 4005
4 1877 1864 1866 4555
4 84 68 93 4324
4 797 801 807 4540
4 1625 1624 1649 4549
4 528 3429 520 4300
4 3047 3827 3826 4509
4 575 527 585 4604
4 576 587 577 4578
4 3361 4130 2799 4604
4 2852 3082 3831 4584
4 876 875 867 4625
4 1640 1642 1643 4672
4 2085 4618 2077 4838
4 3197 4024 3168 4476
4 3400 3571 2741 4283
4 1456 1447 4004 4836
4 1117 1102 1118 4463
4 2729 3339 4365 4663
4 2912 4652 4651 4688
4 1770 1738 1737 4665
4 3215 4048 3757 4747
4 3586 3809 3254 3987
4 112 119 111 4650
4 284 3495 3263 3631
4 2513 3995 2545 4394
4 449 435 447 4346
4 3437 4050 2643 4325
4 387 371 384 4703
4 1299 4082 3903 4753
4 102 126 117 4160
4 724 685 683 4207
4 3318 3509 3204 4290
4 2689 4050 4391 4635
4 563 4088 674 4642
4 2255 2256 2250 4495
4 1855 1866 1853 4555
4 2724 3858 4471 4547
4 2743 3962 3115 4469
4 4065 4208 3033 4273
4 1420 561 563 4642
4 267 240 256 4425
4 1288 4506 1287 4819
4 3958 4326 2766 4330
4 3481 4249 3719 4377
4 2395 1355 1357 3616
4 3560 1302 4188 4280
4 2059 2042 2043 4464
4 2777 4755 4528 4772
4 2996 3893 3778 4191
4 150 137 162 4230
4 2513 2516 2517 4420
4 1965 1967 1981 4729
4 1168 1167 1159 4584
4 3600 3987 2736 4223
4 1159 1160 1168 4584
4 2014 3681 3383 4233
4 2600 3997 3839 4704
4 2460 2469 1843 4563
4 1261 3252 3577 4714
4 644 653 673 4423
4 343 3784 3337 3785
4 67 243 66 192
4 1453 4290 1455 4636
4 1477 3284 4541 4570
4 851 814 812 4414
4 3245 3466 3323 4815
4 3138 3273 2851 4128
4 2991 3755 3166 4318
4 667 4176 3464 4689
4 1422 1494 1432 4551
4 3188 4530 3765 4663
4 3186 3334 3022 4596
4 2921 2995 3617 4338
4 1487 1488 3464 4407
4 3745 3791 3140 4546
4 3093 3825 2905 3862
4 812 850 851 4414
4 976 962 768 4743
4 2849 2914 3323 3466
4 532 585 527 4604
4 2545 3135 2546 4394
4 2040 1115 1114 4480
4 3174 3944 3630 4174
4 734 732 733 4369
4 251 254 253 3881
4 2495 3363 4232 4234
4 4217 4432 3122 4566
4 768 775 976 4743
4 3136 3632 3620 4618
4 244 248 257 4037
4 127 36 37 259
4 1277 1301 1302 4280
4 1114 2039 2040 4480
4 2872 3288 3254 4296
4 284 3631 3263 4785
4 1476 1593 1462 3687
4 3198 3739 3568 4274
4 2769 3600 3257 3987
4 3561 4453 3805 4805
4 855 854 853 4492
4 409 382 412 4091
4 3022 3334 3186 4842
4 194 176 185 4794
4 920 929 928 4467
4 3166 3755 3016 4194
4 2853 3583 3409 4219
4 2740 2942 2874 3215
4 2539 2538 2543 4119
4 3890 4366 3561 4453
4 272 273 4533 4784
4 3337 3131 3976 4677
4 2933 3073 3731 4407
4 2689 4050 2839 4670
4 3739 4096 2845 4313
4 2421 3672 3673 3896
4 2238 2236 2235 4686
4 1400 1401 1406 1405
4 3491 4399 2622 4547
4 2741 3571 3400 4702
4 3192 3600 2736 4223
4 3697 4765 3729 4777
4 2813 3447 3257 4005
4 250 3882 249 3883
4 293 3377 303 4726
4 2884 3012 2638 3595
4 661 4176 667 4689
4 2903 3419 3397 3925
4 584 590 578 595
4 1170 1083 1075 4673
4 3049 3568 3267 4274
4 2452 2437 2436 4724
4 1305 2303 2304 3224
4 1246 1247 3945 4338
4 3190 3427 2821 3464
4 1550 1551 4470 4647
4 404 399 398 4398
4 2983 3583 3914 4597
4 1401 1405 1400 4395
4 514 515 504 505
4 3224 3241 2303 3466
4 1347 3595 1346 4586
4 730 728 729 4368
4 2652 4360 3918 4848
4 1733 1708 1627 4664
4 3002 3672 3128 3896
4 3697 4629 3696 4765
4 1371 1373 1375 4003
4 2469 2478 1855 4563
4 4336 4419 586 4578
4 2951 3040 2670 3132
4 2085 2110 2111 4618
4 1855 1843 2469 4563
4 541 547 540 4205
4 232 50 51 138
4 9 69 10 165
4 2859 3198 4274 4837
4 3564 4038 2959 4427
4 2720 4083 3778 4191
4 3339 3544 2997 4333
4 2127 2144 2143 4490
4 1947 4069 1948 4770
4 2300 4188 3547 4307
4 2688 3997 3338 4663
4 2271 2270 2278 4261
4 1942 1935 1934 4406
4 1843 1855 1853 4347
4 1685 4472 4135 4800
4 3538 4556 2998 4850
4 117 125 102 4160
4 2365 2373 2366 4815
4 310 304 311 3549
4 3183 3194 4665 4782
4 112 111 110 4649
4 3971 4798 1602 4800
4 2973 3165 4028 4531
4 3099 4183 3623 4356
4 1694 888 1695 4629
4 888 1694 887 4629
4 357 369 368 4348
4 2205 2227 2204 4257
4 76 69 77 4489
4 1959 1948 1960 4770
4 778 771 772 4056
4 867 868 876 4625
4 920 928 919 4467
4 2698 2891 3512 4695
4 1815 1809 3757 4746
4 1153 1225 1224 4845
4 3190 4359 3953 4734
4 2302 3560 4188 4307
4 2948 3910 3096 4058
4 2988 4753 4082 4771
4 3904 4095 2987 4515
4 1251 4714 1259 4760
4 1892 1881 4427 4515
4 2734 3616 3241 3828
4 1294 3577 1285 4545
4 2998 3538 3613 4556
4 2669 3035 4806 4807
4 316 326 313 4114
4 1458 4626 1464 4636
4 418 417 393 4576
4 58 3 237 200
4 13 269 0 98
4 235 43 132 5
4 1 48 236 166
4 270 67 6 201
4 17 268 100 2
4 7 234 202 62
4 57 4 167 271
4 47 234 134 7
4 3 27 237 101
4 133 167 32 4
4 203 22 100 2
4 168 12 0 98
4 1640 1643 1641 4672
4 1744 1745 1737 4441
4 1509 1542 1543 4734
4 2951 3681 3040 4231
4 3277 3832 3278 4722
4 1877 1888 1887 4192
4 1340 1335 1353 3780
4 93 68 95 4840
4 3057 3432 2712 3586
4 3755 4318 2991 4400
4 2013 3947 3432 4640
4 3241 3616 2400 3828
4 215 222 212 3805
4 187 42 131 41
4 2115 2089 2093 4679
4 2024 2017 2028 3681
4 251 263 254 3881
4 80 85 77 4713
4 1303 1305 2304 3224
4 1636 1638 1639 4648
4 1240 4065 3790 4273
4 3808 4381 4306 4849
4 135 6 42 201
4 37 6 135 270
4 417 412 413 4598
4 1403 2539 2544 4354
4 2542 2541 2545 4394
4 2017 2018 2019 4159
4 2301 2319 2320 4307
4 3586 3987 3447 4005
4 2117 2114 2115 4679
4 1224 1152 1153 4845
4 2643 3894 3437 4325
4 2321 2343 2344 4531
4 3288 4223 2867 4741
4 2012 3947 2002 4607
4 1481 661 667 4689
4 1342 1339 3612 3730
4 3032 3377 2743 3797
4 1353 3616 3612 3780
4 3165 4215 4028 4531
4 3278 3832 3277 3905
4 250 249 247 3883
4 2622 3858 4547 4709
4 3698 4825 4187 4832
4 2743 3115 2639 4469
4 2674 4396 2867 4741
4 2870 2942 3215 4541
4 1018 1001 1017 3836
4 2648 2955 2884 3659
4 1875 1877 1887 4192
4 427 411 426 4390
4 3334 4596 2734 4628
4 329 3784 328 3785
4 2743 2664 3962 4469
4 3181 3349 2831 3854
4 1371 2553 3827 4829
4 2408 2411 2412 4340
4 3037 4077 4326 4601
4 1373 3927 1376 4333
4 484 2552 483 4744
4 2547 3542 3135 3995
4 2420 2400 2396 3828
4 2917 3999 3530 4399
4 1898 1906 2498 3908
4 1453 1448 1455 4290
4 2741 3571 3399 4283
4 2773 3712 3143 4807
4 2004 2000 2003 4640
4 2812 4358 3293 4469
4 1465 1464 4626 4636
4 3697 4777 4190 4825
4 1778 1786 1785 4177
4 3607 2987 4095 4515
4 1715 1716 1713 4756
4 1266 1267 1268 4771
4 1294 4127 3577 4545
4 802 793 794 4195
4 2510 2511 3185 4829
4 2920 3747 3390 4136
4 4178 4179 3276 4724
4 387 372 371 4703
4 1899 1898 2498 4234
4 1178 1091 1208 4597
4 2214 2220 2215 4502
4 1875 1887 1886 4192
4 240 194 64 65
4 1091 1115 1208 4597
4 279 3001 3895 4784
4 2839 4050 3980 4325
4 2116 2115 2093 4679
4 1855 4347 1867 4555
4 280 283 4784 4785
4 1998 2001 1985 1989
4 2861 3575 3482 4812
4 249 250 251 3882
4 776 769 770 4503
4 328 3784 343 3785
4 3406 3935 3077 4326
4 3461 4092 3496 4718
4 2373 2374 2366 4815
4 1328 4586 1346 4781
4 3096 3298 2808 4725
4 3980 4050 2689 4635
4 588 577 587 4578
4 1248 4065 1249 4760
4 2116 2117 2115 4679
4 2643 4050 3437 4573
4 385 408 386 4797
4 1356 1340 1355 3612
4 3193 4218 2925 4849
4 2996 2945 3851 3893
4 252 265 263 3710
4 3273 4136 1314 4776
4 417 392 393 4576
4 399 3893 4398 4476
4 2633 4609 4487 4644
4 1353 3780 1352 4245
4 35 36 102 238
4 2040 2056 2211 4638
4 2320 2302 2301 4307
4 3509 4290 3318 4636
4 1618 4798 3726 4800
4 1731 1739 1732 3842
4 1981 1983 1996 4729
4 3218 3844 3429 4130
4 1120 2045 2044 4810
4 2044 1119 1120 4810
4 1647 1623 1622 4542
4 3903 4082 1299 4314
4 2211 2195 2040 4638
4 1812 4048 3509 4541
4 2885 2975 3672 4305
4 2418 3466 3241 4460
4 3229 4294 3288 4296
4 360 361 345 4677
4 1371 1375 2553 4829
4 1025 1008 1009 4554
4 1035 1020 1036 4206
4 3110 3086 3927 4003
4 412 382 383 4091
4 2933 3464 3073 4407
4 2763 3337 3131 3976
4 1648 1649 1624 4549
4 2853 3939 4219 4621
4 1933 1948 1947 4069
4 802 794 805 4195
4 922 931 932 4684
4 1717 1719 1720 4765
4 439 4390 438 4577
4 3361 4295 3844 4678
4 2723 3338 3997 4663
4 3050 3914 3621 4638
4 2908 3940 3286 4073
4 577 570 576 4336
4 1932 1920 1919 4789
4 2983 4480 3874 4597
4 1075 1162 1170 4673
4 996 979 995 3756
4 3142 3757 3287 4747
4 1502 1620 1612 4812
4 595 594 584 4653
4 2953 3967 3298 4492
4 3747 4136 3138 4776
4 2385 4128 3560 4246
4 2 268 203 63
4 271 4 133 33
4 40 129 188 39
4 2032 2028 2951 3681
4 3825 3862 3093 4312
4 733 735 734 4369
4 2771 3342 3181 4685
4 3447 3586 1983 4729
4 126 102 120 4595
4 2688 3338 3339 4663
4 996 980 979 3756
4 3145 4449 3038 4740
4 2478 4347 1855 4563
4 2974 3726 3570 4664
4 3148 3814 3082 4788
4 2430 3777 2429 4460
4 176 196 185 4794
4 785 792 790 4720
4 3726 4664 1619 4800
4 1 236 23 99
4 166 99 1 8
4 18 101 3 200
4 52 235 169 5
4 269 53 0 168
4 28 169 132 5
4 202 38 134 7
4 917 924 925 4265
4 3033 4208 4121 4273
4 2979 4718 4282 4817
4 439 438 451 4577
4 3149 3825 3716 4139
4 3228 3938 4341 4734
4 652 644 645 4423
4 1416 556 1414 4332
4 3716 4118 3165 4531
4 450 451 438 4577
4 4024 4073 403 4476
4 3851 4398 3893 4476
4 1639 1637 1636 4648
4 3696 3697 2999 4629
4 525 526 3844 4130
4 356 4099 357 4348
4 3716 3825 3093 4312
4 1250 4208 1251 4760
4 3474 3802 2980 3986
4 3136 4089 3572 4618
4 1272 1270 1271 4753
4 1798 1807 1806 4141
4 1897 3891 1919 4789
4 1612 1495 1502 4812
4 3851 3893 2945 4476
4 923 922 932 4684
4 324 339 333 317
4 3073 4075 3731 4689
4 408 385 409 4797
4 1550 1551 1547 4470
4 2425 4323 3673 4340
4 779 777 778 4792
4 1122 2047 2046 4811
4 2046 1121 1122 4811
4 2789 3084 3577 4047
4 2403 2386 2388 2406
4 1491 669 668 4359
4 729 731 730 4368
4 3145 4287 3038 4449
4 2669 3142 3035 4807
4 1617 1618 1601 4798
4 3361 3844 2799 4130
4 3204 3043 4290 4836
4 2960 3955 3721 4709
4 3755 3016 4194 4512
4 1721 1723 1724 4777
4 2652 2799 2765 4822
4 1696 889 890 4825
4 890 1697 1696 4825
4 2423 2424 3673 3777
4 1287 1341 1305 4506
4 2012 2026 3947 4607
4 604 587 586 4419
4 119 112 115 4650
4 2399 3241 3224 4506
4 1714 1713 1716 4756
4 2769 3447 3057 3586
4 1547 1546 1550 4470
4 1809 3287 2985 3757
4 2768 3263 2992 3495
4 1303 1304 1286 4545
4 2402 3896 2405 4323
4 3599 3731 1496 4407
4 3673 4305 3672 4815
4 2949 4106 3460 4585
4 3050 3620 3632 4638
4 2461 2470 2469 4539
4 3331 4399 3491 4547
4 3806 4625 4187 4824
4 2973 4139 4028 4495
4 1356 1339 1340 3612
4 892 1699 1698 4824
4 1698 891 892 4824
4 518 525 517 4130
4 3839 3997 2657 4704
4 3035 2870 3215 4541
4 547 548 4678 4823
4 2389 2884 2387 3659
4 2376 4317 4318 4518
4 3362 4210 3746 4415
4 1855 1853 4347 4555
4 1627 1651 1733 4664
4 2992 3986 3495 4785
4 1340 1353 3612 3780
4 2729 3232 3437 4365
4 3494 3714 2767 3954
4 3138 3903 3747 4280
4 2831 3342 3181 4443
4 3115 3508 3388 4471
4 1035 1036 1043 4206
4 3406 3935 3510 4231
4 2938 3900 3332 4419
4 3334 4245 3352 4842
4 3390 4136 1236 4338
4 1035 1019 1020 4206
4 1931 4223 1932 4789
4 1422 563 674 4642
4 1811 1813 1814 2558
4 1942 1934 1947 4406
4 3195 3617 3945 4819
4 1634 1635 1632 4851
4 127 120 102 4595
4 2983 3914 4480 4597
4 3204 3509 3108 4626
4 1744 1737 1736 4441
4 3205 3755 2991 4400
4 1603 1619 1700 4800
4 2921 3617 2995 4605
4 1618 1602 1601 4798
4 2841 2996 3851 4173
4 2831 3181 3342 4685
4 1898 3908 2498 4234
4 1491 668 1490 4359
4 2460 2461 2469 4539
4 4187 4625 3374 4832
4 1971 1988 1992 3809
4 3087 4798 3971 4800
4 216 229 219 4343
4 2407 2410 2411 4340
4 2974 3781 3726 4664
4 3077 4326 3935 4601
4 3232 4003 3827 4829
4 3976 4677 372 4703
4 2990 4317 3166 4727
4 1477 4541 3509 4626
4 95 68 89 4840
4 1717 1720 1718 4765
4 2161 2178 2177 4773
4 1855 4347 1843 4563
4 2052 2077 2053 4838
4 1267 1269 1268 4771
4 2160 2161 2177 4773
4 2076 2077 2052 4838
4 3237 3992 3852 4688
4 3174 4174 3630 4735
4 3165 2928 3671 4118
4 2145 2144 2129 4490
4 3195 3730 3617 4819
4 2422 3673 2409 4323
4 4318 4400 2378 4518
4 447 448 452 4591
4 3530 4229 2917 4399
4 1479 1813 1478 4570
4 3237 3852 4241 4688
4 3229 3288 2872 4296
4 1300 4188 3903 4314
4 873 865 874 4832
4 2127 2129 2144 4490
4 3721 3955 3858 4709
4 528 523 529 4300
4 2627 2771 4081 4685
4 2689 3980 2839 4050
4 329 3783 3784 3785
4 1482 4407 1481 4689
4 631 4176 661 4689
4 2436 2451 2452 4724
4 3559 4541 3284 4570
4 1035 1019 4206 4486
4 1326 4586 1328 4781
4 721 722 720 4631
4 2853 4219 3409 4621
4 3891 4234 2867 4789
4 2009 3181 2010 4607
4 3980 4050 3437 4325
4 3482 3011 4416 4542
4 2973 3670 4139 4495
4 3790 4065 3033 4273
4 3263 3495 284 4785
4 2765 4739 3213 4759
4 1684 1603 1700 4800
4 4121 4208 1243 4273
4 2921 2851 3138 3273
4 3084 4047 3448 4512
4 1335 1337 1353 3780
4 3050 3621 3620 4638
4 3222 4637 3829 4731
4 399 404 403 4476
4 3358 4487 4498 4609
4 3486 3828 3241 4460
4 3399 4283 3571 4321
4 1853 1866 1864 4555
4 2955 3560 3012 4246
4 479 489 488 4839
4 587 586 4419 4578
4 1724 1722 1721 4777
4 1333 1350 1351 4459
4 2995 3390 3945 4338
4 280 4533 3596 4785
4 2839 3197 3168 4476
4 576 577 4336 4578
4 3904 4427 1881 4515
4 4072 4073 3197 4476
4 1622 1646 1647 4542
4 2698 3204 3043 4290
4 2669 3587 4101 4362
4 3096 4058 3971 4725
4 2961 4142 4225 4327
4 3132 2025 4011 4607
4 3851 4173 2996 4398
4 1241 4208 4065 4273
4 1246 3945 3390 4338
4 3352 3486 2804 4010
4 2874 3318 3475 4048
4 1356 3612 1355 3616
4 3322 3351 1411 3880
4 3195 3252 2789 3577
4 3891 4232 2867 4234
4 3893 4191 2945 4476
4 2370 2377 2378 4518
4 1422 1423 1494 4551
4 916 913 917 4104
4 1345 1344 4246 4586
4 4187 3170 4824 4825
4 1319 3617 3769 3780
4 1271 1273 1272 4753
4 1632 1635 1633 4851
4 1300 3903 4188 4280
4 2988 3747 3138 3903
4 2682 4322 4671 4759
4 587 604 607 4578
4 910 919 915 906
4 2398 4010 3616 4245
4 303 300 304 305
4 1358 1305 1341 4506
4 1297 4082 4312 4314
4 368 375 383 2562
4 479 3876 489 4839
4 3568 3739 3267 4274
4 2995 3617 2671 4605
4 1260 1259 1251 4714
4 3263 3631 3596 4785
4 2921 2822 3617 4605
4 3050 4480 3914 4638
4 2973 4028 4139 4531
4 2480 2476 2479 2481
4 3908 4223 3192 4789
4 2885 3128 3002 3672
4 2169 2186 2170 4850
4 3673 3777 3245 4815
4 1473 3318 3509 4048
4 2734 3352 3334 4245
4 2885 3671 3128 3672
4 1981 1996 1995 4729
4 1403 1404 2539 4354
4 1336 3612 3730 3780
4 3073 4176 4075 4689
4 2936 3057 2813 3447
4 1570 1558 1569 4668
4 2652 3918 2799 4822
4 2017 3681 2023 3935
4 2669 3287 3142 4564
4 874 865 866 4832
4 2397 1357 1352 4245
4 2448 2461 2460 4539
4 2390 2884 2389 3659
4 2767 3954 3571 4702
4 2839 3168 3851 4476
4 1257 1249 1258 4760
4 2517 1411 2547 2555
4 2936 3772 3383 3773
4 721 723 722 4631
4 3338 2915 3544 4202
4 1967 1961 1962 4005
4 3778 3893 3044 4191
4 1703 1710 1711 4782
4 452 453 447 4591
4 3337 3785 3131 4677
4 2884 3595 1347 4586
4 2505 3912 1368 4509
4 795 1019 806 4486
4 2521 3542 2517 4420
4 3632 4480 3050 4638
4 3012 2851 3273 4128
4 1345 4246 1348 4586
4 1324 1323 4776 4781
4 3087 3726 4798 4800
4 308 302 290 4270
4 784 780 787 4792
4 125 262 34 35
4 2734 3616 3589 4506
4 3825 3939 2905 4013
4 583 584 594 4653
4 1815 1816 1817 4747
4 2839 3851 3168 4325
4 369 3635 368 4348
4 3287 3757 3142 4564
4 3599 3624 2933 4407
4 2985 3757 3287 4564
4 1324 4128 1326 4781
4 2991 3323 4400 4518
4 2763 3976 3597 4703
4 603 604 586 4419
4 1367 3826 3827 4509
4 3447 3987 3257 4005
4 1455 1458 1463 4636
4 1343 4128 1324 4776
4 2252 2247 2246 4439
4 3238 4686 4261 4727
4 4304 4305 3323 4815
4 4304 4400 3323 4518
4 2992 4533 3456 4785
4 4082 4753 1271 4771
4 2995 3195 2671 3617
4 2997 3927 3086 4003
4 2734 3241 3616 4506
4 2500 1362 2501 4642
4 653 672 644 673
4 1349 2884 2390 4842
4 2429 4460 3777 4815
4 1343 3560 4128 4280
4 2933 3731 3599 4407
4 2948 4058 3096 4725
4 556 555 4295 4332
4 3673 3245 4305 4815
4 2869 3559 3284 4570
4 3245 3486 3466 4460
4 2942 3108 3509 4541
4 2769 3586 3254 3987
4 3547 3671 2928 4118
4 1423 1493 1494 4551
4 3429 3844 2875 4300
4 559 1414 556 4332
4 1919 1931 1932 4789
4 3334 3352 2734 4596
4 2370 2369 2377 4518
4 1327 1330 3595 4458
4 3195 2671 3617 3730
4 3826 3827 3086 4003
4 2995 3390 3252 3945
4 3358 4487 4609 4644
4 3543 4202 3542 4420
4 3135 2687 3542 3880
4 1316 3769 3273 4781
4 3040 3681 3077 4231
4 1979 1981 1995 4729
4 2390 4842 3659 4843
4 587 4419 604 4578
4 4190 4824 3170 4825
4 366 348 349 365
4 1926 1906 1898 3908
4 1251 1252 1260 4714
4 334 332 329 3985
4 2689 4355 3364 4670
4 2755 4693 3278 4722
4 1338 1321 3730 4819
4 606 604 605 4419
4 3128 3560 2955 3896
4 1348 4246 2884 4586
4 4065 4208 1249 4760
4 3607 3611 2987 4515
4 3033 4121 3484 4273
4 481 479 488 4839
4 3466 3486 3241 4460
4 2510 3185 2507 4829
4 895 899 902 897
4 1479 4101 1814 4570
4 55 266 160 54
4 96 228 24 25
4 92 198 19 20
4 3971 4058 3087 4725
4 1949 1950 1961 4005
4 1332 3595 1334 4458
4 1815 4746 3757 4747
4 2470 2469 4539 4563
4 2849 3323 3245 3466
4 2867 4232 3363 4234
4 3154 3746 3362 4210
4 3093 4312 4082 4314
4 3087 4058 3971 4798
4 1312 1303 3224 4545
4 3039 3252 4208 4714
4 914 913 916 4104
4 1813 1814 3587 4570
4 1249 1250 1258 4760
4 1312 3224 4127 4545
4 1374 4003 1373 4333
4 3509 4626 3204 4636
4 3417 4215 2975 4304
4 2765 3330 3213 4739
4 404 4398 3851 4476
4 4227 4472 3570 4782
4 1326 4128 1344 4586
4 2822 2671 3617 4605
4 2391 1350 1349 4842
4 2455 2457 2459 2554
4 1455 4290 1448 4836
4 1035 806 1019 4486
4 2945 3893 2996 4191
4 3907 4317 2990 4727
4 3257 3447 2769 3987
4 2421 3896 3673 4323
4 3587 4101 1814 4746
4 2817 4295 4007 4332
4 149 161 163 4431
4 605 604 603 4419
4 164 130 30 29
4 588 587 607 4578
4 1971 1992 1977 3809
4 941 929 926 935
4 3030 4703 3597 4797
4 1373 1371 1376 1370
4 2995 3945 3617 4338
4 2396 3616 2395 3828
4 1481 1483 661 4689
4 2545 3995 3135 4394
4 2959 4038 3904 4427
4 1702 1710 1703 4782
4 4082 4312 3862 4771
4 3383 2936 3773 4233
4 2992 3495 3263 4785
4 3186 4842 3352 4843
4 2905 3862 3825 4013
4 2597 4596 2737 4628
4 2390 2884 3659 4842
4 2137 2156 2292 4210
4 2513 2517 3995 4420
4 1453 1455 1461 1463
4 2460 4539 2469 4563
4 1817 1818 1815 4747
4 3338 3544 3339 4201
4 2406 4323 2410 4340
4 2951 3681 2028 4233
4 3390 2921 4136 4338
4 3926 4194 3016 4512
4 2804 3352 2666 3486
4 3142 4746 3587 4747
4 1812 3215 4048 4541
4 1354 2393 2392 4245
4 3136 4618 3572 4838
4 2825 3213 3218 4024
4 1509 1504 1503 4734
4 2822 3022 4458 4459
4 3035 3587 3284 4747
4 777 780 784 4792
4 3330 4130 3213 4276
4 3035 3142 2669 3587
4 1305 3224 1303 4545
4 3001 3824 2801 4708
4 3083 4390 4096 4577
4 3077 3935 3406 4231
4 2252 2253 2247 4439
4 3135 3351 2687 3880
4 1961 1950 1962 4005
4 3195 3945 3252 4819
4 1429 1427 1418 4184
4 2914 3224 3465 3466
4 3232 3827 2898 4829
4 2407 2411 2408 4340
4 2420 2396 2415 3828
4 3616 3780 1353 4245
4 2995 3195 3617 3945
4 3132 3947 2026 4607
4 1349 2390 2391 4842
4 2822 3334 3022 4459
4 368 374 375 2562
4 3077 3681 2785 3935
4 3185 3232 2898 4829
4 2767 3494 3954 4702
4 3544 4201 3338 4202
4 1287 4506 1305 4545
4 404 398 405 4398
4 2737 3022 3334 4596
4 3560 4128 3012 4246
4 278 273 272 4784
4 2505 1368 1367 4509
4 2729 3339 3232 4365
4 3447 3586 2769 3987
4 2928 3547 3128 3671
4 2392 2397 1352 4245
4 3273 4776 1314 4781
4 2520 2517 2516 4420
4 2705 3352 3186 4596
4 1569 1568 1567 2559
4 660 661 1483 4689
4 1466 1464 1465 4636
4 335 334 329 3985
4 3195 3589 2671 3730
4 3352 4842 4245 4843
4 2682 4543 4322 4759
4 1327 3595 1332 4458
4 1896 1892 1885 1881
4 1417 1414 1415 4184
4 2393 4842 2391 4843
4 2017 2019 2020 4159
4 3128 3671 3547 4307
4 1809 1813 1811 2558
4 3085 3195 2789 3577
4 4294 4296 3229 4443
4 2671 3617 3589 3780
4 1259 4714 4047 4760
4 2392 1352 1354 4245
4 3612 3616 3589 3780
4 1035 831 806 4486
4 3448 4047 3039 4760
4 3589 3617 3730 3780
4 3730 4506 1341 4819
4 4245 4842 2393 4843
4 412 418 428 4598
4 2921 3595 3273 3769
4 1346 3595 1327 4781
4 2801 4708 3824 4844
4 317 324 306 311
4 2914 3241 3224 3466
4 3035 3142 3587 4747
4 3084 3085 2789 3577
4 3085 3577 3084 4127
4 2408 4340 2412 4843
4 3747 3903 2988 4753
4 3039 4047 3252 4714
4 1979 1965 1981 4729
4 1330 3780 3769 4458
4 3862 4082 3093 4312
4 2936 3057 3773 4233
4 3186 2804 4340 4843
4 1464 1463 1458 4636
4 3022 3186 2884 4842
4 2408 3659 4340 4843
4 1363 1423 674 4642
4 356 357 368 4348
4 428 418 430 4598
4 2412 4340 2411 4843
4 509 512 565 564
4 2884 3659 2955 4246
4 4506 4545 1287 4819
4 3570 4664 3726 4800
4 1909 1908 2020 4159
4 3002 2885 3672 3673
4 2995 3252 3195 3945
4 3777 4010 3486 4460
4 1354 4245 4459 4842
4 3142 3287 4746 4747
4 3138 4136 3273 4776
4 1354 4459 1350 4842
4 1373 4003 3927 4333
4 3002 3673 3672 3896
4 3589 3617 2671 3730
4 3509 4541 3108 4626
4 3252 3577 3195 4819
4 3273 4128 3138 4776
4 1455 4636 4290 4836
4 2547 1409 2545 2560
4 4208 4714 1251 4760
4 1377 1376 1370 1372
4 3542 3995 2517 4420
4 2942 3509 3215 4541
4 3039 4714 4208 4760
4 1343 4280 4128 4776
4 3577 4545 3195 4819
4 3858 3955 3104 4709
4 2908 4024 3197 4073
4 1367 2507 2505 4509
4 1813 3587 3284 4570
4 3330 4276 3213 4739
4 900 906 910 903
4 2955 3896 3560 4246
4 3186 3352 2804 4843
4 1814 4101 3587 4570
4 3903 4082 2988 4753
4 777 779 780 4792
4 2687 3543 3542 3880
4 1908 2017 2020 4159
4 3334 3022 4459 4842
4 2705 2804 3186 3352
4 3334 4459 4245 4842
4 567 570 569 568
4 3486 4010 3828 4460
4 3927 4003 2997 4333
4 522 529 523 530
4 975 990 982 968
4 2407 2408 3659 4340
4 2822 3617 2671 3780
4 1363 2500 1423 4642
4 3215 3509 2942 4048
4 1441 1442 1443 1444
4 3131 3785 3783 4677
4 3185 4509 2507 4829
4 3486 3777 2804 4010
4 4128 4246 1344 4586
4 417 418 412 4598
4 3681 3935 3077 4231
4 2397 3616 1357 4245
4 3229 4296 3342 4443
4 1982 1981 1983 1977
4 3245 3777 3486 4460
4 1333 4458 1334 4459
4 2991 4400 4318 4518
4 2457 2455 2454 2554
4 4290 4636 3204 4836
4 3287 3757 1809 4746
4 2669 3142 3287 4746
4 365 377 376 364
4 3039 4208 4065 4760
4 3039 4047 4714 4760
4 2884 2387 3659 4246
4 2804 3777 3673 4340
4 3617 3769 2921 4338
4 1417 1418 1414 4184
4 1969 1954 1959 4795
4 3073 3464 4176 4689
4 2671 3589 3334 3780
4 2921 3273 4136 4338
4 2669 3587 3142 4746
4 566 568 564 573
4 427 429 896 895
4 1466 1463 1464 4636
4 1418 1427 1414 4184
4 1969 1959 1973 4795
4 3073 4407 3464 4689
4 1411 2517 1377 2555
4 3509 4048 3215 4541
4 2737 3022 2822 3334
4 3377 3962 2743 4726
4 3245 4460 3466 4815
4 3085 3195 3577 4545
4 1367 4509 3827 4829
4 483 479 480 2552
4 1367 2507 4509 4829
4 1362 2500 1363 4642
4 2671 3334 2822 3780
4 2648 3002 2955 3659
4 4128 4280 3138 4776
4 2390 2391 4842 4843
4 3012 3595 2884 4586
4 3002 3673 4323 4340
4 1324 4776 4128 4781
4 1326 4128 4586 4781
4 3073 3731 4407 4689
4 1818 4746 1815 4747
4 2884 4459 3022 4842
4 3085 4506 3195 4545
4 3612 3730 3589 4506
4 3334 3589 2734 3616
4 3827 4509 2898 4829
4 3252 4047 3577 4714
4 3197 4073 4024 4476
4 3616 4010 3352 4245
4 2955 3659 3002 3896
4 3186 3659 4842 4843
4 1350 4459 1349 4842
4 3186 3659 2884 4842
4 3245 3777 4460 4815
4 1346 4586 3595 4781
4 1351 3780 3334 4245
4 2394 3352 4245 4843
4 3002 2804 3673 4340
4 3334 3589 3616 3780
4 3012 2884 4246 4586
4 3185 2898 4509 4829
4 278 272 279 4784
4 2921 3769 3273 4338
4 2734 3616 3352 4245
4 3659 3896 2955 4246
4 516 501 512 506
4 3377 2743 3797 4726
4 1305 4506 3224 4545
4 3334 3780 1351 4459
4 2504 1368 2505 2556
4 3577 4127 3085 4545
4 1990 1989 1994 1993
4 3186 4340 3659 4843
4 3195 3589 3730 4506
4 3012 4586 4128 4781
4 2734 3334 3616 4245
4 1351 4245 3334 4459
4 3002 3896 3659 4323
4 4533 4784 3456 4785
4 304 306 307 305
4 3757 4746 3287 4747
4 3273 3012 4128 4781
4 1875 1874 1876 1873
4 3085 3224 4506 4545
4 500 502 501 498
4 4010 4340 2804 4843
4 3589 3730 3612 3780
4 901 900 898 899
4 3334 3780 3616 4245
4 3085 4127 3224 4545
4 3195 4506 3730 4819
4 3195 4545 4506 4819
4 2822 3769 3617 3780
4 2494 2493 2491 2492
4 3595 4586 3012 4781
4 3273 3769 3595 4781
4 3273 3595 3012 4781
4 3002 4323 3659 4340
4 2822 4458 3780 4459
4 3673 3896 3002 4323
4 3352 4010 2804 4843
4 3769 3780 2822 4458
4 479 483 484 2552
4 2025 2032 2028 2557
4 4128 4776 3273 4781
4 1371 1375 2510 2553
4 1368 2504 1365 2556
4 2822 3780 3334 4459
4 3012 4246 4128 4586
4 1458 1455 1457 1456
4 442 453 443 454
4 1365 2502 1361 2556
4 2026 2028 2029 2557
4 2246 2243 2219 2213
4 289 279 288 2561
4 289 276 279 2561
4 2454 2467 2457 2554
4 1818 1809 1815 2558
4 2028 2026 2025 2557
4 1580 1567 1578 2559
4 1501 1488 1500 1489
4 1365 2504 2502 2556
4 1505 1491 1504 1492
4 1834 1842 1841 3308
4 1592 1591 1582 3384
4 981 969 966 3756
4 1979 1993 1980 3772
4 4773 2191 3305 2192
4 4773 3305 2191 3920
4 2493 3191 2491 2497
4 2491 3191 2493 2494
4 514 3060 3429 513
4 3429 3060 514 521
4 1309 1293 3084 1292
4 1309 3084 1293 4127
4 3577 1293 3084 4127
4 484 489 4744 493
4 484 4744 489 2552
4 3067 498 505 506
4 1928 3092 4571 1935
4 4571 3092 1928 1916
4 1330 4781 1325 1327
4 1325 4781 1330 1329
4 496 3286 4024 499
4 496 4024 3286 4073
4 4363 4060 2581 2699
4 4363 2581 4060 3736
4 849 808 4540 809
4 4540 808 849 860
4 849 3443 4540 860
4 4042 4119 4097 3214
4 4097 4119 4042 3031
4 3565 3892 3699 3074
4 3699 3892 3565 3384
4 4021 3949 2811 2894
4 4021 2811 3949 3028
4 1614 1621 3482 1613
4 3482 1621 1614 4542
4 3482 3575 1614 1613
4 1614 3575 3482 4542
4 4719 3054 3626 4000
4 4719 3626 3054 2578
4 1871 1884 4232 1883
4 1871 4232 1884 1872
4 3846 1393 3200 679
4 3846 3200 1393 4084
4 3423 3200 1393 679
4 3423 1393 3200 4084
4 498 499 3286 496
4 498 3286 499 500
4 4284 2797 2719 2923
4 4284 2719 2797 3164
4 283 281 3631 280
4 4021 798 3163 3911
4 4021 3163 798 791
4 3832 2554 3905 3278
4 325 330 3080 326
4 3802 2745 4140 3201
4 3802 4140 2745 3034
4 3201 330 4140 331
4 3201 4140 330 3080
4 346 4140 330 331
4 346 330 4140 3080
4 881 859 3443 849
4 881 3443 859 880
4 4281 2579 2564 3065
4 4281 2564 2579 3237
4 3565 3892 3779 3384
4 3779 3892 3565 3253
4 1442 1444 3074 1443
4 1442 3074 1444 3740
4 899 902 3198 903
4 899 3198 902 897
4 4142 4622 3376 228
4 3376 4622 4142 4225
4 2385 2403 3896 2402
4 2385 3896 2403 4246
4 4787 3305 2840 2716
4 4787 2840 3305 3920
4 4811 2940 4810 3534
4 4811 4810 2940 3822
4 3943 4408 4650 3078
4 4650 4408 3943 3244
4 2008 1996 3773 2007
4 2008 3773 1996 4729
4 1995 3773 1996 2007
4 1995 1996 3773 4729
4 2374 4460 3466 2383
4 3466 4460 2374 4815
4 3466 2382 2374 2383
4 2374 2382 3466 4815
4 3067 407 505 498
4 3067 505 407 406
4 3259 422 391 397
4 3259 391 422 893
4 288 4784 283 297
4 283 4784 288 279
4 840 4034 3261 861
4 3261 4034 840 3689
4 4396 3931 2764 2699
4 4396 2764 3931 2907
4 2987 2764 3931 2699
4 2987 3931 2764 2907
4 2980 3714 3771 2767
4 2980 3771 3714 3034
4 2892 3771 3714 2767
4 2892 3714 3771 3034
4 3410 3905 2554 3278
4 3046 3912 4018 2502
4 3046 4018 3912 3430
4 2501 4018 3912 2502
4 2501 3912 4018 3430
4 3841 1659 3024 1667
4 3841 3024 1659 3781
4 4493 3024 1659 1667
4 4493 1659 3024 3781
4 4156 3054 2568 2590
4 2568 3054 4156 3234
4 2568 3718 4156 2590
4 4156 3718 2568 3234
4 2425 2410 2804 2428
4 2425 2804 2410 4340
4 4010 2804 2410 2428
4 4010 2410 2804 4340
4 3679 2533 4214 2535
4 3679 4214 2533 3552
4 2525 4214 2533 2535
4 2525 2533 4214 3552
4 3430 2501 1361 1362
4 3430 1361 2501 3912
4 1229 3484 4753 1231
4 4753 3484 1229 4771
4 4753 1270 1229 1231
4 1229 1270 4753 4771
4 3804 1562 4647 1552
4 3804 4647 1562 3272
4 518 510 3218 508
4 3218 510 518 3429
4 3287 3223 2661 2669
4 3287 2661 3223 2985
4 3919 907 906 915
4 906 907 3919 3048
4 906 910 3919 915
4 3919 910 906 3048
4 3339 3232 3086 2729
4 3086 3232 3339 2997
4 3086 2659 3339 2729
4 3339 2659 3086 2997
4 4769 4590 4193 2576
4 4769 4193 4590 3644
4 3447 1967 4729 1982
4 3447 4729 1967 4005
4 3586 1962 3447 1982
4 3586 3447 1962 4005
4 1962 1967 3447 1982
4 1962 3447 1967 4005
4 4085 3120 4027 2823
4 4085 4027 3120 3004
4 388 389 4703 390
4 388 4703 389 387
4 3976 4703 389 390
4 3837 1553 1562 3804
4 3837 1562 1553 1563
4 3792 3023 2738 3758
4 3792 2738 3023 3395
4 4359 642 669 668
4 4359 669 642 3332
4 3364 4706 2682 3711
4 3364 2682 4706 4593
4 3041 2682 4706 3711
4 3041 4706 2682 4593
4 4583 1516 2524 1518
4 4583 2524 1516 3576
4 4695 4295 559 3640
4 4695 559 4295 4332
4 2554 3278 4093 3410
4 2554 2457 4093 2467
4 4093 2457 2554 3410
4 3357 4413 3521 2808
4 3521 4413 3357 3152
4 3318 1470 1463 1461
4 3318 1463 1470 1472
4 2094 4436 3499 2096
4 3499 4436 2094 3370
4 3626 4081 2771 2609
4 2771 4081 3626 2627
4 4235 1672 1665 1673
4 1665 3841 4235 1673
4 4235 3841 1665 3281
4 4015 3574 4847 2596
4 4015 4847 3574 2742
4 3631 282 284 285
4 4268 3592 3950 3005
4 4268 3950 3592 2963
4 1968 1954 4023 1953
4 4023 1954 1968 1969
4 1911 3611 4294 1917
4 4294 3611 1911 1912
4 4294 1915 1911 1917
4 1911 1915 4294 1912
4 3808 4657 4592 2690
4 4592 4657 3808 4175
4 982 990 3059 991
4 982 3059 990 975
4 4331 3059 990 991
4 4331 990 3059 975
4 4811 2940 3820 3822
4 4811 3820 2940 2976
4 4011 2019 2021 2022
4 4011 2021 2019 2020
4 4668 1520 1556 1557
4 4668 1556 1520 3576
4 3488 3953 1537 1535
4 1505 3953 1537 1506
4 1505 1537 3953 1535
4 4742 4511 4288 3014
4 4742 4288 4511 2850
4 2435 2439 3613 2434
4 2435 3613 2439 3538
4 4667 473 464 463
4 464 473 4667 3310
4 464 456 4667 463
4 4667 456 464 3310
4 4305 2849 2701 2975
4 4305 2701 2849 3245
4 3683 242 271 3249
4 3683 271 242 258
4 3916 3776 3151 2569
4 3916 3151 3776 2816
4 4688 3389 3143 2810
4 4688 3143 3389 2912
4 1812 1477 4048 1810
4 1812 4048 1477 3509
4 1473 4048 1477 1810
4 1473 1477 4048 3509
4 2637 4769 3368 3321
4 3043 1430 1435 1436
4 3043 1435 1430 1429
4 3446 3772 1976 4770
4 4413 2654 3753 2709
4 4413 3753 2654 3152
4 3233 4737 3175 2626
4 3175 4737 3233 3336
4 4616 3835 3476 2824
4 3476 3835 4616 3514
4 3476 4582 4616 2824
4 4616 4582 3476 3514
4 3977 3304 4421 3059
4 3977 4421 3304 2943
4 2695 4421 3304 3059
4 2695 3304 4421 2943
4 773 495 4269 494
4 773 4269 495 774
4 3440 4659 3683 264
4 3683 4659 3440 2904
4 4673 1042 1041 1050
4 4673 1041 1042 4554
4 4226 739 4617 715
4 4226 4617 739 3602
4 3595 1349 1332 1334
4 3595 1332 1349 1347
4 4222 3393 3413 2978
4 4222 3413 3393 2607
4 3653 260 4037 3150
4 3653 4037 260 244
4 3777 2425 2427 2424
4 3777 2427 2425 2428
4 4326 4601 2632 3037
4 4326 2632 4601 2785
4 4574 2632 4601 3037
4 4574 4601 2632 2785
4 696 4319 705 704
4 705 4319 696 3585
4 3557 4521 4616 2871
4 4616 4521 3557 3269
4 588 4154 4412 592
4 4412 4154 588 3451
4 4412 609 588 592
4 588 609 4412 3451
4 4127 2340 2310 2309
4 4127 2310 2340 2342
4 3094 2447 2188 2194
4 3094 2188 2447 2441
4 4392 2814 4818 3194
4 4392 4818 2814 3119
4 1916 1901 3092 1902
4 1916 3092 1901 4571
4 3564 3092 1901 1902
4 3564 1901 3092 4571
4 3622 383 4091 413
4 3622 4091 383 3635
4 1987 3007 2004 1991
4 601 4631 3477 630
4 3477 4631 601 4055
4 3477 3799 601 630
4 601 3799 3477 4055
4 4353 3144 4608 2863
4 4353 4608 3144 3888
4 1764 3733 1753 1763
4 1764 1753 3733 3412
4 1752 1753 3733 1763
4 1752 3733 1753 3412
4 4370 4129 2939 3172
4 4370 2939 4129 2860
4 2827 4353 3888 2628
4 3888 4353 2827 3027
4 709 3993 701 710
4 709 701 3993 3810
4 702 701 3993 710
4 702 3993 701 3810
4 4158 2581 3921 3459
4 4158 3921 2581 3246
4 3247 3921 2581 3459
4 3247 2581 3921 3246
4 1816 1812 4048 1810
4 4048 1812 1816 3215
4 1661 4416 1654 1653
4 1654 4416 1661 3614
4 3917 3038 3867 2565
4 3917 3867 3038 3347
4 4329 1774 1750 1745
4 4329 1750 1774 3209
4 4673 1041 3227 1049
4 4673 3227 1041 4554
4 3710 3882 3398 2593
4 3398 3882 3710 252
4 4081 4330 3040 2670
4 3040 4330 4081 2766
4 2836 2781 2639 3299
4 2639 2781 2836 4562
4 2542 3527 1407 2543
4 1407 3527 2542 2546
4 3678 4722 2755 3278
4 2755 4722 3678 3098
4 763 3602 3942 747
4 763 3942 3602 3715
4 3740 1429 1421 3677
4 3740 1421 1429 1430
4 4080 949 950 951
4 4080 950 949 948
4 823 822 3581 821
4 1444 3074 4004 3740
4 1444 4004 3074 3892
4 4577 459 3300 4346
4 4577 3300 459 461
4 2790 4251 2792 3189
4 2792 4251 2790 3624
4 4212 2675 3761 2608
4 4212 3761 2675 3235
4 4388 748 763 764
4 4388 763 748 3602
4 4835 2672 3998 2772
4 4835 3998 2672 3760
4 987 4821 986 4134
4 1003 986 4821 4134
4 4170 3667 2613 4169
4 4170 2613 3667 3713
4 3952 4310 4035 3255
4 4035 4310 3952 3438
4 1324 1325 4781 1326
4 1324 4781 1325 1323
4 4836 1458 1455 4636
4 4836 1455 1458 1456
4 1141 1140 3409 1139
4 3409 1140 1141 1142
4 4433 4103 2681 3326
4 4433 2681 4103 2977
4 3260 4107 2606 4108
4 2606 4107 3260 4758
4 2606 3439 3260 4108
4 3260 3439 2606 4758
4 2475 2466 3278 2477
4 2475 3278 2466 3832
4 4729 2008 3586 1996
4 4729 3586 2008 3447
4 4559 573 4653 574
4 4559 4653 573 3458
4 582 4653 573 574
4 582 573 4653 3458
4 3535 4263 2583 3220
4 2583 4263 3535 3088
4 4347 1841 1842 3308
4 4373 1126 3264 1133
4 4373 3264 1126 3365
4 2546 4394 3527 2542
4 3527 4394 2546 3135
4 2505 2556 3046 2504
4 2505 3046 2556 3912
4 2502 3046 2556 2504
4 2502 2556 3046 3912
4 4014 826 4429 825
4 4014 4429 826 3355
4 4672 1638 1641 1640
4 4672 1641 1638 4648
4 4662 4717 3327 2892
4 3327 4717 4662 2681
4 4730 4461 3946 2655
4 4730 3946 4461 3463
4 4177 1798 4113 1793
4 4177 4113 1798 4141
4 1801 1798 4113 4141
4 3730 1318 1339 1336
4 3730 1339 1318 1322
4 98 156 3653 168
4 3653 156 98 75
4 4182 1750 1754 3209
4 4182 1754 1750 1755
4 3169 4146 1127 4793
4 1017 4146 1127 1125
4 1017 1127 4146 4793
4 4380 2621 4171 3393
4 4380 4171 2621 4255
4 4347 1841 1852 1844
4 4347 1852 1841 3309
4 4525 2581 3686 3498
4 4525 3686 2581 3246
4 3430 1361 4534 1362
4 3430 4534 1361 3047
4 4389 591 614 3283
4 4389 614 591 589
4 4721 4762 3752 2930
4 3752 4762 4721 3283
4 3752 2746 4721 2930
4 4721 2746 3752 3283
4 2242 3251 2244 2245
4 2242 2244 3251 3621
4 3774 4474 83 3545
4 3774 83 4474 3376
4 94 83 4474 3545
4 94 4474 83 3376
4 4353 3133 4285 2628
4 4353 4285 3133 3855
4 4349 3660 3125 2966
4 4349 3125 3660 3998
4 3831 1199 1256 1177
4 3831 1256 1199 3448
4 3525 144 4298 138
4 3525 4298 144 3042
4 4788 4342 3026 2739
4 3026 4342 4788 3296
4 3026 3748 4788 2739
4 4788 3748 3026 3296
4 4043 1479 4101 1480
4 4043 4101 1479 4570
4 4513 2614 4488 3579
4 4513 4488 2614 3467
4 4668 1556 1574 1559
4 4668 1574 1556 4074
4 3253 3662 3565 2750
4 3565 3662 3253 3074
4 2440 2459 2441 2455
4 2440 2441 2459 2446
4 3905 2441 2459 2455
4 3905 2459 2441 2446
4 4264 4151 3217 3394
4 4264 3217 4151 3102
4 4495 3153 2254 3787
4 4495 2254 3153 4439
4 1810 1815 3757 1816
4 1810 3757 1815 1809
4 2020 2031 4011 2021
4 4011 2031 2020 2025
4 1952 4223 1931 1946
4 4049 4434 3702 2803
4 3702 4434 4049 2751
4 1543 1566 3488 1565
4 1543 3488 1566 1544
4 2390 2412 4843 2408
4 2390 4843 2412 2391
4 1429 1435 1426 1427
4 1429 1426 1435 1430
4 4009 4163 3638 2687
4 3638 4163 4009 2677
4 4257 2231 3397 2206
4 4257 3397 2231 3533
4 4272 4493 3505 2797
4 3505 4493 4272 3024
4 4196 772 4056 779
4 4196 4056 772 3603
4 3559 1457 4043 3253
4 3559 4043 1457 1467
4 3159 4554 4331 3959
4 3159 4331 4554 991
4 990 4331 4554 3959
4 990 4554 4331 991
4 4445 4264 3217 2599
4 4445 3217 4264 3102
4 4764 1727 4027 1728
4 4764 4027 1727 3775
4 3977 982 3304 3059
4 3977 3304 982 983
4 3936 3645 3668 2756
4 3936 3668 3645 3055
4 4140 4494 3201 2745
4 3201 4494 4140 3080
4 3589 3085 2730 2734
4 3589 2730 3085 3195
4 588 577 3451 581
4 3451 577 588 4578
4 1361 2556 4534 1365
4 1361 4534 2556 3912
4 4534 2556 3826 1365
4 4534 3826 2556 3912
4 3826 2556 1368 1365
4 3826 1368 2556 3912
4 3383 4071 3772 3211
4 3383 3772 4071 2005
4 1994 3772 4071 3211
4 1994 4071 3772 2005
4 4423 1394 3208 3709
4 4423 3208 1394 1386
4 1360 3208 1394 3709
4 4502 2222 4139 3670
4 4502 4139 2222 2216
4 4309 2738 2909 3743
4 4309 2909 2738 3069
4 1411 3351 2555 3880
4 3351 3135 2555 3880
4 3135 2555 3542 2547
4 3135 3542 2555 3880
4 4147 4507 2647 2609
4 2647 4507 4147 3468
4 211 4500 3801 109
4 3801 4500 211 3537
4 3272 4293 4841 2706
4 4841 4293 3272 3552
4 1175 1197 3831 1176
4 1198 1197 3831 3148
4 1198 3831 1197 1176
4 3954 323 3714 337
4 3954 3714 323 3494
4 4673 1162 3615 3264
4 1155 1162 3615 1163
4 1155 3615 1162 3264
4 4088 673 1386 3208
4 4088 1386 673 674
4 4254 108 175 3978
4 4254 175 108 134
4 3756 966 3863 969
4 3756 3863 966 4025
4 4799 1403 4354 3634
4 4799 4354 1403 1408
4 4409 843 834 3360
4 4409 834 843 835
4 525 4300 3844 526
4 3844 4300 525 533
4 4174 2653 3426 2960
4 4174 3426 2653 3944
4 4098 1852 1851 3309
4 4622 3657 2566 2969
4 4622 2566 3657 3817
4 2278 3533 4261 2277
4 940 929 3829 928
4 940 3829 929 941
4 4318 2375 3166 4317
4 4318 3166 2375 2333
4 4727 3166 2375 4317
4 4727 2375 3166 2333
4 4320 1676 3395 1677
4 4320 3395 1676 3837
4 154 3506 4633 136
4 4633 3506 154 2986
4 3905 2856 4733 3278
4 3905 4733 2856 2931
4 4696 711 702 3239
4 4696 702 711 703
4 4215 2355 4304 2354
4 4215 4304 2355 2975
4 1466 3318 1472 1463
4 1472 3318 1466 1473
4 446 897 3928 434
4 3928 897 446 902
4 4362 4570 4101 2968
4 4101 4570 4362 3587
4 3860 3045 1832 4284
4 320 3201 3474 3802
4 3474 3201 320 4270
4 3629 3592 4268 3005
4 3629 4268 3592 2788
4 708 4617 717 716
4 717 4617 708 3993
4 4021 3163 2811 3911
4 4021 2811 3163 3554
4 619 618 4161 627
4 626 618 4161 3502
4 626 4161 618 627
4 4313 415 3259 894
4 4313 3259 415 391
4 893 3259 415 894
4 893 415 3259 391
4 1339 1359 3612 1356
4 3612 1359 1339 1342
4 837 828 3643 836
4 3643 828 837 829
4 3643 3838 837 836
4 3803 1752 1751 1747
4 1751 1746 3803 1747
4 3803 1746 1751 3655
4 2459 3410 2554 2457
4 2459 2554 3410 3905
4 4330 2684 3958 3078
4 4330 3958 2684 2766
4 689 3909 728 3095
4 689 728 3909 687
4 726 728 3909 3095
4 726 3909 728 687
4 4052 3754 3593 2890
4 3593 3754 4052 3637
4 3593 3950 4052 2890
4 4052 3950 3593 3637
4 4551 2503 4018 2500
4 4551 4018 2503 3074
4 4580 659 679 744
4 4580 679 659 3846
4 4414 798 1051 813
4 4414 1051 798 3163
4 4551 1437 3074 1438
4 4551 3074 1437 3740
4 1442 3074 1437 1438
4 1442 1437 3074 3740
4 4423 652 654 645
4 654 646 4423 645
4 4423 646 654 3424
4 3783 3784 2965 315
4 3783 2965 3784 3797
4 307 2965 3784 315
4 307 3784 2965 3797
4 1376 4333 3880 1380
4 3880 4333 1376 3927
4 4674 3116 4481 4376
4 4674 4481 3116 4109
4 4392 2910 4472 3194
4 4392 4472 2910 3422
4 2965 318 315 317
4 2965 315 318 319
4 3719 4402 3343 4806
4 3677 4695 1417 3431
4 1417 4695 3677 4184
4 4816 409 4797 424
4 4816 4797 409 4091
4 3377 2836 4289 3032
4 3377 4289 2836 3299
4 1532 4426 1539 1540
4 1539 4426 1532 3519
4 3608 369 4046 374
4 3608 4046 369 3635
4 2562 4046 369 374
4 2562 369 4046 3635
4 3682 4362 2855 2968
4 2855 4362 3682 3127
4 4545 1311 1285 1294
4 4545 1285 1311 1304
4 640 3799 639 629
4 639 3799 640 3798
4 1227 4273 1228 1226
4 1228 4273 1227 3484
4 4206 4134 4165 1003
4 4206 4165 4134 2881
4 4119 2531 2533 2539
4 2533 2531 4119 3214
4 2533 2540 4119 2539
4 4119 2540 2533 3214
4 4778 2753 4029 3311
4 4778 4029 2753 2827
4 4178 1838 4724 3889
4 4178 4724 1838 1829
4 4381 2809 2660 2925
4 4381 2660 2809 4243
4 4208 3390 4714 3252
4 4208 4714 3390 4121
4 3945 4714 3390 3252
4 3945 3390 4714 4121
4 2639 2781 3955 3115
4 3955 2781 2639 4562
4 3911 848 809 810
4 2729 4325 3086 2659
4 3086 4325 2729 3437
4 4605 3877 2597 2671
4 4605 2597 3877 3291
4 1130 1131 3964 1132
4 3964 1131 1130 1129
4 4071 3722 2937 2828
4 4071 2937 3722 2926
4 4730 3973 2826 2722
4 4730 2826 3973 3462
4 4096 414 4313 416
4 4096 4313 414 2845
4 4259 4680 3485 3489
4 3485 4680 4259 2944
4 4290 1448 3043 1449
4 4290 3043 1448 4836
4 1447 3043 1448 1449
4 1447 1448 3043 4836
4 3662 2512 2509 3207
4 3662 2509 2512 2508
4 3853 4308 4590 2989
4 4590 4308 3853 3562
4 3076 4384 4362 2685
4 4362 4384 3076 2669
4 801 4720 4540 797
4 4540 4720 801 3581
4 2477 4093 3278 3678
4 3939 2200 1212 1213
4 3939 1212 2200 3369
4 4159 1907 3383 4071
4 4159 3383 1907 1908
4 3198 894 3259 893
4 3198 3259 894 4313
4 1647 4549 1655 1648
4 1647 1655 4549 3366
4 1656 1655 4549 1648
4 1656 4549 1655 3366
4 4140 374 363 362
4 4140 363 374 3450
4 4810 4463 2805 3373
4 1791 3314 4830 1789
4 4830 3314 1791 4180
4 3737 394 4321 3604
4 3737 4321 394 395
4 1487 1500 4407 1499
4 4407 1500 1487 1488
4 4682 4699 3380 3943
4 3380 4699 4682 3470
4 4810 3354 2805 4463
4 4810 2805 3354 3534
4 3632 4618 2079 3620
4 1779 1784 3209 1785
4 1779 3209 1784 1775
4 111 3978 4650 119
4 4650 3978 111 3917
4 4207 725 726 3910
4 4207 726 725 724
4 4395 1409 1372 3322
4 462 3479 921 911
4 921 3479 462 3300
4 4608 3268 2696 3391
4 4608 2696 3268 2866
4 4795 1942 4023 1954
4 4795 4023 1942 4406
4 4650 4408 3867 3078
4 4650 3867 4408 2886
4 3481 4402 4704 3145
4 3481 4704 4402 2665
4 2600 4704 4402 3145
4 2600 4402 4704 2665
4 4235 1664 1665 1672
4 4235 1665 1664 3281
4 1320 3769 3780 1319
4 3780 3769 1320 1330
4 3780 1335 1320 1319
4 1320 1335 3780 1330
4 4235 1663 1670 3281
4 4235 1670 1663 1671
4 4452 1576 1587 1586
4 4452 1587 1576 3189
4 3372 1640 4031 1610
4 3372 4031 1640 4672
4 1611 4031 1640 1610
4 2069 3172 4129 2070
4 4129 3172 2069 3820
4 4129 2072 2069 2070
4 4712 4001 4105 3425
4 4712 4105 4001 2944
4 2533 1399 3679 2540
4 2533 3679 1399 2535
4 3459 4847 4158 2654
4 4158 4847 3459 3340
4 4624 4429 4779 3275
4 4624 4779 4429 3071
4 3909 726 685 687
4 3909 685 726 4207
4 3108 3509 2623 2942
4 3108 2623 3509 3204
4 2698 2623 3509 2942
4 2698 3509 2623 3204
4 4300 528 525 529
4 4300 525 528 526
4 4250 2855 2968 4137
4 4250 2968 2855 3507
4 4599 4537 3606 3017
4 4599 3606 4537 3313
4 3325 4213 4212 3139
4 4212 4213 3325 3003
4 3527 1406 2546 1407
4 3527 2546 1406 1410
4 3883 4037 249 248
4 249 4037 3883 4036
4 3908 1940 4223 1932
4 3908 4223 1940 3192
4 4129 2071 2069 2072
4 4129 2069 2071 3820
4 797 792 4720 790
4 797 4720 792 799
4 1809 3287 2558 1811
4 1809 2558 3287 4746
4 4618 2054 2079 2078
4 4618 2079 2054 3632
4 2284 4553 2286 2287
4 2286 4553 2284 4079
4 443 4067 441 442
4 443 441 4067 4599
4 2550 2525 3552 2534
4 2550 3552 2525 2551
4 1770 4665 1772 1738
4 1770 1772 4665 3843
4 1739 1772 4665 1738
4 1739 4665 1772 3843
4 3581 821 3643 823
4 3581 3643 821 827
4 828 3643 821 823
4 828 821 3643 827
4 3511 4594 3137 4032
4 3137 4594 3511 4292
4 3879 3933 3004 2673
4 3004 3933 3879 2864
4 2277 4846 2232 3533
4 2277 2232 4846 2276
4 2230 2232 4846 3533
4 2230 4846 2232 2276
4 4795 1947 4770 4406
4 4795 4770 1947 1959
4 4314 4312 2316 4118
4 2297 2316 4312 4118
4 3735 522 4209 524
4 3735 4209 522 3700
4 4831 3170 2916 2777
4 4831 2916 3170 4187
4 3465 2303 2304 2329
4 3465 2304 2303 3224
4 3199 1578 1579 1577
4 3199 1579 1578 1580
4 4629 871 886 887
4 4629 886 871 4061
4 4673 1042 1136 3264
4 4673 1136 1042 1050
4 4329 4548 1749 3209
4 1749 4548 4329 3803
4 4548 1754 1749 3209
4 1749 1754 4548 3803
4 1754 3412 4548 3803
4 4225 3376 2572 4142
4 4225 2572 3376 3531
4 4232 4396 3363 3421
4 3363 4396 4232 2867
4 319 332 3985 329
4 319 3985 332 318
4 1523 1527 4214 1528
4 1523 4214 1527 1525
4 3769 4458 2921 3595
4 3769 2921 4458 2822
4 2638 2921 4458 3595
4 2638 4458 2921 2822
4 3928 2877 2865 3382
4 3928 2865 2877 3013
4 4632 1832 3860 3045
4 4632 3860 1832 1836
4 4621 1187 3408 3939
4 4621 3408 1187 1186
4 4013 3408 1187 3939
4 4013 1187 3408 1186
4 1909 2025 4011 2020
4 4011 2025 1909 2011
4 4632 2802 4095 3435
4 4632 4095 2802 3315
4 3571 355 332 340
4 3571 332 355 349
4 2010 3349 2001 2011
4 2001 3349 2010 1998
4 3290 956 937 955
4 950 937 956 955
4 1212 4219 2199 3369
4 1212 2199 4219 1211
4 2198 2199 4219 3369
4 2198 4219 2199 1211
4 2805 4755 3974 2679
4 3974 4755 2805 4612
4 1818 2558 3587 1813
4 1818 3587 2558 4746
4 1814 3587 2558 1813
4 1814 2558 3587 4746
4 4539 2450 2443 2448
4 4539 2443 2450 4236
4 3198 900 3739 899
4 3198 3739 900 3568
4 4802 2827 3521 2628
4 4802 3521 2827 2753
4 4845 1190 1151 1153
4 4845 1151 1190 4013
4 3734 1575 4452 1585
4 3734 4452 1575 1576
4 1586 4452 1575 1585
4 1586 1575 4452 1576
4 4839 4503 489 770
4 4839 489 4503 3129
4 771 489 4503 770
4 771 4503 489 3129
4 4471 2812 4547 3858
4 4471 4547 2812 3508
4 4690 3122 4432 2603
4 4690 4432 3122 4299
4 3271 97 86 82
4 3271 86 97 3968
4 3190 4015 2933 2821
4 2933 4015 3190 2790
4 4412 592 4762 609
4 4412 4762 592 4154
4 2919 2731 3105 3937
4 3105 2731 2919 4091
4 3105 3635 2919 3937
4 2919 3635 3105 4091
4 3108 4366 2942 2623
4 2942 4366 3108 2870
4 4607 3132 2771 4011
4 4607 2771 3132 3947
4 945 4186 963 3728
4 945 963 4186 943
4 962 963 4186 3728
4 962 4186 963 943
4 2059 4764 2062 2060
4 2062 4764 2059 4464
4 4234 4232 1897 3891
4 4234 1897 4232 1895
4 1894 1897 4232 3891
4 1894 4232 1897 1895
4 3843 4145 3194 3183
4 3194 4145 3843 2814
4 2554 2455 3905 2459
4 2554 3905 2455 3832
4 4546 182 185 3140
4 4546 185 182 184
4 3899 4687 3220 2595
4 3220 4687 3899 3913
4 2647 4516 2758 2635
4 2758 4516 2647 2582
4 4584 1166 1175 1167
4 2259 2268 3856 2258
4 3856 2268 2259 2269
4 4046 4645 3608 3450
4 3608 4645 4046 2918
4 4219 1142 4621 1180
4 4219 4621 1142 3409
4 1181 4621 1142 1180
4 1181 1142 4621 3409
4 4033 3982 3095 2833
4 4033 3095 3982 3467
4 3353 2126 2105 2103
4 3353 2105 2126 4490
4 1066 1137 4793 1138
4 1066 4793 1137 1065
4 4295 545 4007 554
4 4295 4007 545 3361
4 4247 4060 2634 3686
4 4247 2634 4060 2776
4 3656 4828 3336 2735
4 3336 4828 3656 4737
4 1821 1819 4178 1823
4 1821 4178 1819 1820
4 375 364 4606 363
4 375 4606 364 376
4 3246 3921 2580 4158
4 2580 3921 3246 4526
4 3737 433 3928 421
4 3737 3928 433 3382
4 392 3622 4576 417
4 392 4576 3622 4046
4 4304 4518 2379 4400
4 2379 3323 4304 4400
4 2213 2196 3818 2197
4 3818 2196 2213 2212
4 597 612 4412 596
4 4412 612 597 611
4 4424 2106 3842 2081
4 4424 3842 2106 3240
4 4206 1077 1076 3972
4 3503 4473 4263 3101
4 4263 4473 3503 3220
4 794 4486 788 795
4 788 4486 794 4195
4 2997 4163 2688 3873
4 4356 4094 2856 3156
4 2856 4094 4356 3387
4 2856 4093 4356 3156
4 4356 4093 2856 3387
4 4756 4031 1693 3696
4 4630 3880 4163 2687
4 4630 4163 3880 3322
4 905 3479 3267 901
4 905 3267 3479 3782
4 1157 3964 1143 1144
4 1143 3964 1157 3111
4 3853 4445 3723 2599
4 3723 4445 3853 3562
4 1100 4463 1092 1101
4 1093 1092 4463 1101
4 1093 4463 1092 4148
4 2923 4808 4145 2719
4 4145 4808 2923 2900
4 4765 1715 1718 1717
4 4765 1718 1715 4756
4 749 4034 765 3411
4 749 765 4034 750
4 766 765 4034 3411
4 766 4034 765 750
4 534 530 3177 529
4 534 3177 530 535
4 4058 4368 758 757
4 758 4368 4058 3096
4 949 4080 4025 951
4 4025 4080 949 3391
4 1541 4426 1534 1540
4 1541 1534 4426 3497
4 1532 1534 4426 1540
4 1532 4426 1534 3497
4 3924 4326 2766 3346
4 2766 4326 3924 3406
4 4724 2433 4556 3613
4 4724 4556 2433 2432
4 4286 4316 2851 2678
4 2851 4316 4286 4120
4 3926 2208 4194 2209
4 3926 4194 2208 3925
4 4433 4537 4466 3326
4 4466 4537 4433 2779
4 2792 4827 2861 2735
4 2792 2861 4827 3497
4 3482 2861 4827 2735
4 3482 4827 2861 3497
4 4605 4619 3291 3877
4 3291 4619 4605 4220
4 665 3464 1482 667
4 1820 1804 3770 1803
4 3770 1804 1820 1821
4 4552 2474 3421 3833
4 4552 3421 2474 2484
4 2473 3421 2474 3833
4 2473 2474 3421 2484
4 4254 207 213 3368
4 4254 213 207 221
4 4528 4066 3724 2714
4 4528 3724 4066 2999
4 4821 1021 4206 3312
4 4821 4206 1021 1004
4 1642 4031 1640 1611
4 1642 1640 4031 4672
4 3391 4684 4608 3268
4 3391 4608 4684 2972
4 2866 4608 4684 3268
4 2866 4684 4608 2972
4 3896 2350 3128 2328
4 3896 3128 2350 3672
4 2327 3128 2350 2328
4 2327 2350 3128 3672
4 4740 3368 3367 2565
4 4740 3367 3368 4530
4 1822 1827 3770 1828
4 3770 1827 1822 1821
4 4674 4481 3520 2641
4 4674 3520 4481 4109
4 3795 4773 3636 2178
4 3795 3636 4773 3305
4 2193 3636 4773 2178
4 2193 4773 3636 3305
4 4186 492 4743 3598
4 4186 4743 492 943
4 4539 2442 2443 3280
4 897 894 3198 893
4 897 3198 894 895
4 4627 3160 2748 3949
4 4627 2748 3160 3835
4 869 4061 885 3262
4 869 885 4061 870
4 886 885 4061 3262
4 886 4061 885 870
4 4286 2727 2640 2787
4 2640 2727 4286 3405
4 2640 3667 4286 2787
4 4286 3667 2640 3405
4 3387 4356 2481 2479
4 2481 4356 3387 4093
4 2481 2480 3387 2479
4 3387 2480 2481 4093
4 1312 4127 2310 1311
4 2310 4127 1312 2311
4 4417 4066 3724 2883
4 4417 3724 4066 2714
4 4515 1870 3607 1882
4 4515 3607 1870 4095
4 1130 3964 3409 1132
4 3409 3964 1130 3609
4 4127 2308 2338 2309
4 2338 2308 4127 3205
4 2338 2340 4127 2309
4 4127 2340 2338 3205
4 4743 491 492 768
4 4743 492 491 3598
4 4256 2827 4658 3226
4 4256 4658 2827 3415
4 4261 2261 2270 3856
4 4261 2270 2261 2271
4 1032 4793 1063 1033
4 1063 4793 1032 3221
4 799 805 3643 802
4 799 3643 805 803
4 4195 3643 805 802
4 2241 3620 4638 2080
4 4638 3620 2241 3621
4 1355 2396 3616 2395
4 1355 3616 2396 1356
4 3986 321 320 3802
4 3986 320 321 309
4 4712 4536 4504 2653
4 4712 4504 4536 2838
4 1774 1770 3314 1775
4 3329 4786 3451 2752
4 3451 4786 3329 2938
4 4702 340 3400 333
4 4702 3400 340 3571
4 332 3400 340 333
4 332 340 3400 3571
4 4834 3732 3134 3625
4 3134 3732 4834 2782
4 3134 3878 4834 3625
4 4834 3878 3134 2782
4 4606 347 4140 363
4 4606 4140 347 3714
4 2300 4314 2318 3547
4 2300 2318 4314 2299
4 2317 2318 4314 3547
4 2317 4314 2318 2299
4 2559 1578 3350 1567
4 3350 1578 2559 4614
4 3350 1568 2559 1567
4 2559 1568 3350 4614
4 3877 4484 2597 3563
4 2597 4484 3877 3291
4 1254 1245 3945 1253
4 3945 1245 1254 1246
4 4523 4778 4029 3311
4 4029 4778 4523 2897
4 1937 4005 1938 1950
4 1937 1938 4005 4501
4 4697 4730 3946 3462
4 3946 4730 4697 3463
4 4238 3419 1217 3418
4 4238 1217 3419 4149
4 4542 1645 3482 1621
4 4542 3482 1645 4416
4 4620 4224 2622 3158
4 4620 2622 4224 4709
4 4261 2234 3533 2278
4 4261 3533 2234 3238
4 274 272 3596 275
4 274 3596 272 4533
4 280 3596 272 275
4 280 272 3596 4533
4 3308 4181 4510 2791
4 4510 4181 3308 3019
4 4236 2471 2458 2462
4 4236 2458 2471 4093
4 4277 3519 4251 2792
4 4277 4251 3519 3350
4 4359 1484 3953 1485
4 4359 3953 1484 3190
4 3437 4365 4366 2729
4 4366 4365 3437 2623
4 4366 2588 3437 2729
4 3437 2588 4366 2623
4 4686 2239 3166 4194
4 4686 3166 2239 2240
4 2162 4773 2178 2161
4 2178 4773 2162 3795
4 301 292 3299 294
4 301 3299 292 3807
4 4668 1560 1550 4647
4 4785 298 3495 284
4 4785 3495 298 3986
4 4394 3031 3527 4119
4 4216 3527 3031 4119
4 1197 3148 3926 3925
4 1197 1205 3926 1206
4 3926 1205 1197 3925
4 4760 1248 3831 1256
4 4760 3831 1248 4065
4 2862 4656 4263 3539
4 4263 4656 2862 4020
4 4179 4556 4040 3179
4 4040 4556 4179 2166
4 4179 4556 4724 2182
4 4724 4556 4179 3179
4 4471 4110 3173 3064
4 4471 3173 4110 3388
4 4777 1719 3697 4765
4 4777 3697 1719 1721
4 4622 99 90 74
4 4622 90 99 3817
4 1387 1396 3424 1388
4 3424 1396 1387 1395
4 4812 1501 1532 3599
4 4228 4723 4349 2755
4 4349 4723 4228 3125
4 1550 1569 4647 1571
4 1550 4647 1569 4668
4 3523 4647 1569 1571
4 3523 1569 4647 4668
4 3833 4724 3889 3180
4 3889 4724 3833 2464
4 1044 1067 4486 1068
4 1044 4486 1067 1035
4 4815 2358 2365 4305
4 4815 2365 2358 2366
4 4394 4216 3527 3031
4 4394 3527 4216 3135
4 1155 1134 4373 1133
4 4373 1134 1155 1154
4 318 2965 3400 317
4 318 3400 2965 3985
4 4374 4185 3153 2697
4 4374 3153 4185 2927
4 4332 554 4295 4007
4 4332 4295 554 555
4 1888 4183 1878 1889
4 1878 4183 1888 3751
4 1172 4149 1173 1194
4 1172 1173 4149 3814
4 1195 1173 4149 1194
4 1195 4149 1173 3814
4 309 299 3986 298
4 3986 299 309 310
4 4632 1827 1828 3045
4 4159 1910 3349 1909
4 4159 3349 1910 4071
4 4343 206 4244 229
4 4343 4244 206 3376
4 2104 2264 4129 2274
4 2104 4129 2264 2105
4 3865 2264 4129 2105
4 3935 3681 2014 2017
4 2014 3681 3935 3383
4 2014 1908 3935 2017
4 3935 1908 2014 3383
4 4495 2223 2251 2250
4 4495 2251 2223 4139
4 4047 1290 4512 1291
4 4047 4512 1290 3448
4 4515 1870 1868 4095
4 2588 216 4701 214
4 2588 4701 216 4635
4 3895 276 278 277
4 4774 3088 3036 4405
4 4774 3036 3088 4039
4 1256 4760 1280 3448
4 1256 1280 4760 1257
4 1281 1280 4760 3448
4 1281 4760 1280 1257
4 4581 4491 2924 3584
4 4581 2924 4491 4103
4 4354 3214 2540 4119
4 4354 2540 3214 3679
4 4807 4402 2665 4806
4 4807 2665 4402 3344
4 4402 4796 3343 2591
4 3343 4796 4402 3719
4 3826 3894 3827 3047
4 3827 3894 3826 3086
4 4067 454 444 442
4 4067 444 454 3628
4 3027 4790 3163 3144
4 3163 4790 3027 3965
4 4179 3770 2900 3569
4 4179 2900 3770 4178
4 770 4839 769 488
4 770 769 4839 4503
4 491 769 4839 488
4 2481 3678 2485 3156
4 4839 481 490 488
4 490 481 4839 3598
4 490 491 4839 488
4 4839 491 490 3598
4 3564 1900 1896 1902
4 4427 1912 1896 1892
4 4427 1896 1912 1915
4 4785 298 297 3986
4 4573 4453 3762 2588
4 4573 3762 4453 2740
4 642 4359 546 668
4 642 546 4359 4007
4 553 546 4359 668
4 553 4359 546 4007
4 484 475 3991 474
4 484 3991 475 485
4 4502 2247 2219 2220
4 4502 2219 2247 4439
4 3638 4217 4009 3122
4 4009 4217 3638 2677
4 3432 3007 2771 2712
4 3432 2771 3007 4640
4 4504 4712 3720 2838
4 3720 4712 4504 3425
4 3218 4276 4024 3213
4 4024 4276 3218 508
4 2509 4394 2513 2541
4 2513 4394 2509 3995
4 3625 4525 4524 3134
4 4524 4525 3625 3133
4 4575 4248 3035 2665
4 4575 3035 4248 2869
4 3832 4722 3678 3278
4 4570 1467 1478 1479
4 4570 1478 1467 3559
4 4722 4228 3098 2755
4 4722 3098 4228 2971
4 4711 104 118 116
4 4711 118 104 3506
4 3225 4585 4106 3058
4 4106 4585 3225 2589
4 2246 2287 4439 2284
4 2246 4439 2287 2252
4 3980 4343 3058 2949
4 3058 4343 3980 2689
4 3464 664 1488 1487
4 4689 752 4176 4075
4 4689 4176 752 660
4 632 4176 752 4075
4 632 752 4176 660
4 3969 1056 1087 3965
4 3969 1087 1056 1058
4 4298 4715 4716 2577
4 4716 4715 4298 4044
4 4186 945 946 3728
4 4186 946 945 944
4 3464 2742 3618 2821
4 3464 3618 2742 3073
4 4194 2806 4686 3397
4 4194 4686 2806 3166
4 3238 4686 2806 3397
4 3238 2806 4686 3166
4 4334 4660 4350 3725
4 4350 4660 4334 3359
4 2293 2145 3746 2156
4 2293 3746 2145 2294
4 1121 1105 4810 1120
4 1104 1105 4810 3534
4 1104 4810 1105 1120
4 1253 1244 4714 1252
4 4714 1244 1253 1245
4 1985 1997 3181 1998
4 1985 3181 1997 1984
4 4727 2279 2272 2280
4 4727 2272 2279 4261
4 4508 3469 2574 4147
4 4508 2574 3469 2966
4 421 397 4410 396
4 4410 397 421 422
4 4665 1704 4392 1730
4 4665 4392 1704 3194
4 3166 4727 2806 2990
4 3166 2806 4727 3238
4 4544 2806 4727 2990
4 4544 4727 2806 3238
4 497 4024 510 496
4 497 510 4024 3218
4 508 510 4024 496
4 508 4024 510 3218
4 1915 1929 4294 1927
4 1915 4294 1929 1917
4 527 4604 525 532
4 527 525 4604 4130
4 533 525 4604 532
4 533 4604 525 4130
4 4024 3286 2908 3213
4 4024 2908 3286 4073
4 4564 3992 4384 2661
4 4564 4384 3992 3143
4 4396 4232 2764 2907
4 4396 2764 4232 2867
4 3448 4589 2789 2739
4 2789 4589 3448 3039
4 4574 2926 4601 2785
4 4574 4601 2926 3870
4 4811 1105 4810 1121
4 4811 4810 1105 3534
4 4786 4822 2950 3618
4 2950 4822 4786 2938
4 4313 2675 3739 4274
4 4313 3739 2675 2845
4 4683 2675 3739 2845
4 4265 933 936 937
4 4265 936 933 924
4 420 431 4067 432
4 420 4067 431 419
4 4622 78 87 74
4 4622 87 78 2969
4 4823 552 4088 4205
4 4823 4088 552 560
4 929 3829 935 941
4 935 3829 929 4467
4 217 4635 4343 216
4 4343 4635 217 2949
4 1860 1864 4411 1863
4 1860 4411 1864 1865
4 4294 1941 4443 4023
4 4294 4443 1941 1943
4 753 3910 1598 754
4 753 1598 3910 4075
4 1255 1287 4819 1288
4 1255 4819 1287 1263
4 1485 669 4359 671
4 1485 4359 669 1491
4 934 954 4218 953
4 4218 954 934 935
4 4391 2577 4360 3006
4 4391 4360 2577 3762
4 3755 1308 2306 2307
4 3755 2306 1308 4512
4 4118 3093 2928 3547
4 4118 2928 3093 3716
4 1038 1047 4344 1039
4 1038 4344 1047 1046
4 3434 4631 2947 3477
4 2947 4631 3434 4207
4 4369 731 758 4368
4 4369 758 731 733
4 623 646 3871 647
4 623 3871 646 622
4 1405 4799 1401 1406
4 1401 4799 1405 4395
4 2483 2492 4552 2490
4 2483 4552 2492 2485
4 619 612 3752 618
4 619 3752 612 613
4 3087 4367 3575 2749
4 3575 4367 3087 2948
4 554 544 4295 545
4 554 4295 544 555
4 3589 4628 3334 2734
4 3334 4628 3589 2671
4 4607 3025 3349 4011
4 4607 3349 3025 3181
4 4099 3784 3032 3337
4 4099 3032 3784 4289
4 522 516 3735 515
4 522 3735 516 524
4 3595 2851 2921 3273
4 3595 2921 2851 2638
4 3895 279 276 2561
4 3895 276 279 278
4 3190 3427 4007 2821
4 4007 3427 3190 4359
4 789 798 4021 796
4 4021 798 789 791
4 4469 4358 2604 2664
4 4469 2604 4358 3293
4 1490 1504 4734 1503
4 4734 1504 1490 1491
4 3747 4776 4280 1276
4 4280 4776 3747 3138
4 4479 4353 4285 2628
4 4479 4285 4353 3436
4 1737 1729 4665 1738
4 1737 4665 1729 1730
4 4469 3596 3115 2812
4 4469 3115 3596 3962
4 4830 1791 1788 1792
4 4830 1788 1791 1789
4 4641 3710 3627 3146
4 4641 3627 3710 2879
4 1384 4826 4221 1390
4 4221 4826 1384 3518
4 4776 1276 1237 1278
4 1237 1239 4776 1278
4 4776 1239 1237 4136
4 4541 3035 4575 3284
4 4541 4575 3035 2870
4 4310 4774 3088 4039
4 3088 4774 4310 3639
4 4127 2312 2342 3465
4 4127 2342 2312 2310
4 3043 1441 1447 4836
4 4822 2624 4322 3618
4 4822 4322 2624 2765
4 1897 4234 1920 1898
4 1897 1920 4234 4789
4 4343 217 4244 2949
4 4343 4244 217 229
4 4797 370 4091 3030
4 4797 4091 370 382
4 1859 2489 3421 1872
4 1859 3421 2489 2482
4 1736 1710 4782 1711
4 4782 1710 1736 1735
4 592 4762 616 591
4 616 4762 592 609
4 4506 2399 1359 1358
4 4506 1359 2399 3241
4 4601 4326 3406 2757
4 3406 4326 4601 3935
4 3406 3510 4601 2757
4 4601 3510 3406 3935
4 409 382 4797 385
4 409 4797 382 4091
4 1361 1364 4534 1360
4 4534 1364 1361 1365
4 4675 4841 3214 4293
4 3214 4841 4675 4042
4 4204 4480 2897 3632
4 2897 4480 4204 3874
4 2009 2011 4607 2010
4 4607 2011 2009 2012
4 4265 934 924 925
4 4265 924 934 936
4 2012 1997 4607 2002
4 2012 4607 1997 2009
4 3181 4607 1997 2002
4 3181 1997 4607 2009
4 4628 3334 2737 2671
4 4628 2737 3334 4596
4 3086 4325 2841 2659
4 2841 4325 3086 3894
4 4047 1292 1293 1283
4 1293 1284 4047 1283
4 4047 1284 1293 3577
4 4069 4406 4571 3590
4 4571 4406 4069 1934
4 4011 4081 2771 3025
4 2771 4081 4011 3132
4 4722 3833 3678 2971
4 4722 3678 3833 3832
4 1305 4506 2303 3224
4 1305 2303 4506 1358
4 2399 2303 4506 3224
4 2399 4506 2303 1358
4 4003 4829 1371 3827
4 1371 4829 4003 1375
4 4176 2796 3799 2950
4 4176 3799 2796 3477
4 1917 1930 3611 1929
4 3611 1930 1917 1918
4 2288 2286 4553 2289
4 2288 4553 2286 2285
4 4179 2900 4247 3569
4 4179 4247 2900 3276
4 557 1417 3431 562
4 557 3431 1417 558
4 738 747 3602 739
4 738 3602 747 746
4 2253 2258 4553 2252
4 4553 2258 2253 2259
4 987 1003 4821 1004
4 4821 1003 987 986
4 3871 1388 4826 1389
4 3871 4826 1388 1396
4 1397 4826 1388 1389
4 1397 1388 4826 1396
4 4420 2519 3543 4202
4 4420 3543 2519 2520
4 3624 1500 4407 3599
4 3624 4407 1500 1499
4 4784 280 4533 272
4 4784 4533 280 4785
4 562 1418 3431 1419
4 3431 1418 562 1417
4 1847 4095 3315 1857
4 3315 4095 1847 4632
4 2002 4640 2013 2003
4 2013 4640 2002 3947
4 3397 2235 4194 2208
4 3397 4194 2235 4686
4 2209 4194 2235 2208
4 2209 2235 4194 4686
4 1800 1804 4830 1805
4 1800 4830 1804 1797
4 975 989 3959 990
4 975 3959 989 974
4 4010 3486 2734 3352
4 2734 3486 4010 3828
4 2734 3616 4010 3352
4 4010 3616 2734 3828
4 1473 1809 3757 1810
4 3757 1809 1473 1472
4 1946 1930 4789 1931
4 1946 4789 1930 1945
4 2405 4323 2404 2422
4 2405 2404 4323 3896
4 2421 2404 4323 2422
4 2421 4323 2404 3896
4 4819 1338 1341 3730
4 4819 1341 1338 1288
4 4338 3617 1315 1318
4 4338 1315 3617 3769
4 1319 1315 3617 1318
4 1319 3617 1315 3769
4 1381 2555 1377 2521
4 1377 2555 1381 3880
4 3543 3542 2555 2521
4 2555 3542 3543 3880
4 1381 3543 2555 2521
4 2555 3543 1381 3880
4 4323 3896 4246 2403
4 4246 3896 4323 3659
4 4246 2388 4323 2403
4 4323 2388 4246 3659
4 2688 4163 3339 2915
4 2688 3339 4163 2997
4 3544 3339 4163 2915
4 3544 4163 3339 2997
4 1223 4512 1289 1306
4 1289 4512 1223 3926
4 4289 342 3202 325
4 4289 3202 342 4099
4 4640 1987 2004 2000
4 4640 2004 1987 3007
4 4471 3721 2724 3857
4 4471 2724 3721 3858
4 1800 4180 1798 1799
4 1798 4180 1800 1797
4 3782 2866 4684 3268
4 3782 4684 2866 3479
4 4704 3402 2832 3367
4 4704 2832 3402 4378
4 3673 4305 2885 3672
4 2885 4305 3673 3245
4 1251 4714 1243 1252
4 1251 1243 4714 4208
4 1244 1243 4714 1252
4 1244 4714 1243 4208
4 3138 4286 2727 2851
4 2727 4286 3138 2988
4 1327 1331 4458 1332
4 4458 1331 1327 1330
4 4427 2987 2959 3800
4 4427 2959 2987 3904
4 1482 3464 4689 667
4 1482 4689 3464 4407
4 4726 304 3549 3797
4 4726 3549 304 296
4 3673 2358 2421 2423
4 3673 2421 2358 3672
4 4799 3322 4630 3351
4 4799 4630 3322 3147
4 1370 1367 3826 1371
4 3826 1367 1370 1366
4 968 966 4080 967
4 4080 966 968 969
4 3730 1342 4506 3612
4 3730 4506 1342 1341
4 3769 1330 4781 1329
4 4194 3925 3016 3397
4 4194 3016 3925 3926
4 4390 2845 3083 4096
4 4390 3083 2845 3597
4 919 927 4467 928
4 919 4467 927 918
4 4163 3927 2795 2997
4 4163 2795 3927 3322
4 4296 4443 1988 3342
4 1987 1988 4443 3342
4 1987 4443 1988 1970
4 569 583 4559 579
4 569 4559 583 574
4 1262 4545 1263 1286
4 1262 1263 4545 4819
4 1287 1263 4545 1286
4 1287 4545 1263 4819
4 4709 3999 2622 4224
4 4709 2622 3999 4547
4 737 746 4580 738
4 737 4580 746 745
4 1836 1846 4632 1847
4 1836 4632 1846 1835
4 2088 2282 3620 2113
4 2088 3620 2282 2244
4 3155 3620 2282 2113
4 3155 2282 3620 2244
4 375 383 4046 392
4 375 4046 383 2562
4 3756 979 965 980
4 965 979 3756 4025
4 965 966 3756 980
4 3756 966 965 4025
4 4069 4406 4770 1947
4 4770 4406 4069 3590
4 661 4176 3799 666
4 3799 4176 661 631
4 3799 628 661 666
4 661 628 3799 631
4 4729 1976 3772 1979
4 4729 3772 1976 3446
4 1558 1556 4668 1559
4 4668 1556 1558 1557
4 1529 1604 3674 1531
4 1529 3674 1604 1628
4 2102 2105 3353 2104
4 3353 2105 2102 2103
4 4458 1333 1332 1331
4 4458 1332 1333 1334
4 929 914 3919 920
4 3919 914 929 926
4 3919 4467 929 920
4 929 4467 3919 926
4 3487 902 4447 909
4 458 4447 902 909
4 458 902 4447 446
4 609 617 4762 611
4 609 4762 617 616
4 1803 1797 4830 1796
4 4830 1797 1803 1804
4 1127 1129 3609 1130
4 1127 3609 1129 1128
4 1070 1079 3312 1071
4 3312 1079 1070 1078
4 4805 4716 3537 3106
4 4805 3537 4716 3805
4 2103 2100 3353 2101
4 3353 2100 2103 2102
4 655 1384 3871 656
4 655 3871 1384 1382
4 1154 1135 4373 1134
4 4373 1135 1154 1156
4 1942 1953 4023 1954
4 4023 1953 1942 1941
4 615 589 4389 590
4 4389 589 615 614
4 2163 2155 4415 2164
4 2163 4415 2155 2154
4 1731 3842 4665 1739
4 4665 3842 1731 1729
4 4665 1738 1731 1739
4 1731 1738 4665 1729
4 827 836 4409 828
4 4409 836 827 835
4 4206 4148 1078 1077
4 4206 1069 1078 1070
4 1078 1069 4206 1077
4 1776 1757 3209 1750
4 3209 1757 1776 1777
4 1460 1453 3475 1452
4 1460 3475 1453 1461
4 2282 2293 4079 2292
4 2282 4079 2293 2285
4 1612 1483 4812 1596
4 4812 1483 1612 1495
4 2155 2137 4210 2156
4 4210 2137 2155 2153
4 2244 2283 3251 2282
4 2244 3251 2283 2245
4 1677 1633 4320 1631
4 4320 1633 1677 1678
4 4420 2844 3207 4202
4 4420 3207 2844 3995
4 378 367 4283 366
4 378 4283 367 379
4 1613 1596 4812 1597
4 4812 1596 1613 1612
4 4201 4420 2519 2515
4 2519 4420 4201 4202
4 3155 2137 3620 2113
4 3155 3620 2137 2136
4 2112 3620 2137 2113
4 2112 2137 3620 2136
4 2139 2157 4679 2158
4 4679 2157 2139 2138
4 4294 2764 2987 3229
4 4294 2987 2764 3611
4 540 544 4678 547
4 4678 544 540 539
4 1468 1594 3929 1595
4 3929 1594 1468 1476
4 1046 1037 3312 1045
4 1046 3312 1037 1038
4 4541 3035 4747 3215
4 4541 4747 3035 3284
4 1435 1439 4341 1440
4 1435 4341 1439 1434
4 2391 2411 4843 2412
4 2391 4843 2411 2394
4 1828 1837 4632 1835
4 4632 1837 1828 1827
4 829 838 4195 830
4 829 4195 838 837
4 1254 4819 1246 1255
4 1254 1246 4819 3945
4 1247 1246 4819 1255
4 1247 4819 1246 3945
4 883 848 3226 850
4 3226 848 883 882
4 493 485 4269 484
4 4269 485 493 494
4 405 503 4398 504
4 405 4398 503 404
4 1631 1676 4320 1677
4 1631 4320 1676 1629
4 4729 2813 4005 3447
4 4729 4005 2813 3446
4 1551 1560 4647 1550
4 4647 1560 1551 1561
4 611 610 4412 609
4 611 4412 610 597
4 1363 1394 3208 1386
4 3208 1394 1363 1360
4 4578 576 586 4336
4 4578 586 576 587
4 4069 3446 2770 3196
4 4069 2770 3446 4770
4 321 310 3494 309
4 3494 310 321 323
4 1006 990 3959 989
4 3959 990 1006 1007
4 1446 1441 3043 1440
4 1446 3043 1441 1447
4 1011 992 4790 993
4 1011 4790 992 1010
4 2212 2195 4638 2196
4 2212 4638 2195 2211
4 2472 2483 3421 2482
4 3421 2483 2472 2473
4 622 590 3763 595
4 622 3763 590 615
4 354 363 4606 364
4 4606 363 354 347
4 1365 1369 3826 1364
4 3826 1369 1365 1366
4 1821 1805 3770 1804
4 3770 1805 1821 1822
4 1891 1881 4515 1880
4 4515 1881 1891 1892
4 2437 2453 4724 2452
4 4724 2453 2437 2438
4 531 573 4189 524
4 531 4189 573 582
4 3512 4695 1415 4184
4 1415 4695 3512 4332
4 1415 1414 3512 4184
4 3512 1414 1415 4332
4 1184 1183 4621 1182
4 1184 4621 1183 1185
4 298 308 3986 309
4 298 3986 308 297
4 3891 1918 4789 1930
4 3891 4789 1918 1919
4 1931 4789 1918 1930
4 1931 1918 4789 1919
4 838 847 3972 839
4 838 3972 847 846
4 1445 1585 3734 1454
4 3734 1585 1445 1575
4 1434 1564 3938 1439
4 3938 1564 1434 1542
4 2454 2438 3613 2439
4 3613 2438 2454 2453
4 1857 1870 4095 1868
4 1857 4095 1870 1856
4 377 393 3604 394
4 3604 393 377 376
4 600 696 4809 680
4 4809 696 600 613
4 1792 4180 4177 1793
4 4177 4180 1792 1785
4 4177 1786 1792 1793
4 1792 1786 4177 1785
4 1475 1462 3687 1476
4 1475 3687 1462 1471
4 596 613 4809 600
4 4809 613 596 612
4 1928 1943 3800 1941
4 1928 3800 1943 1927
4 4294 3800 1943 1941
4 4294 1943 3800 1927
4 1398 1389 4826 1397
4 4826 1389 1398 1390
4 1045 1036 4206 1043
4 4206 1036 1045 1037
4 1026 1041 4554 1042
4 4554 1041 1026 1025
4 1563 1629 3837 1530
4 3837 1629 1563 1676
4 2111 2136 4618 2135
4 4618 2136 2111 2112
4 1542 1565 4734 1564
4 4734 1565 1542 1543
4 1452 1462 3475 1460
4 1452 3475 1462 1454
4 1369 1409 4395 1405
4 4395 1409 1369 1372
4 1893 1880 4515 1882
4 4515 1880 1893 1891
4 2110 2135 4618 2134
4 4618 2135 2110 2111
4 1017 1124 3836 1125
4 1017 3836 1124 1018
4 736 745 4580 737
4 4580 745 736 744
4 494 486 4269 485
4 4269 486 494 495
4 433 422 3928 421
4 3928 422 433 434
4 650 659 3846 651
4 650 3846 659 658
4 2179 4783 4415 2172
4 4415 4783 2179 2180
4 4415 2173 2179 2172
4 2179 2173 4415 2180
4 1538 1506 3624 1507
4 3624 1506 1538 1537
4 1236 1235 4136 1234
4 4136 1235 1236 1237
4 1975 4795 1973 1974
4 1973 4795 1975 1969
4 3911 811 4540 796
4 3911 4540 811 807
4 797 4540 811 796
4 797 811 4540 807
4 800 803 3643 799
4 800 3643 803 804
4 4341 1412 4734 1424
4 1503 4734 1412 1424
4 1503 1412 4734 1490
4 1403 1396 3634 1402
4 3634 1396 1403 1397
4 821 820 3848 819
4 821 3848 820 822
4 2474 2464 3833 2465
4 3833 2464 2474 2473
4 1969 1986 4443 1984
4 4443 1986 1969 1968
4 395 419 3737 420
4 3737 419 395 394
4 973 955 4218 953
4 973 4218 955 974
4 697 680 4288 696
4 4288 680 697 682
4 986 972 4134 971
4 4134 972 986 987
4 837 846 3838 838
4 3838 846 837 845
4 2134 2151 4089 2150
4 4089 2151 2134 2135
4 609 608 3798 607
4 3798 608 609 610
4 1987 1968 4443 1970
4 1987 4443 1968 1986
4 1945 1929 4294 1930
4 1945 4294 1929 1944
4 379 395 4410 396
4 379 4410 395 378
4 3737 4410 395 396
4 3737 395 4410 378
4 1234 1246 3390 1236
4 432 442 4067 444
4 4067 442 432 431
4 3659 4340 2388 2407
4 3659 2388 4340 4323
4 2406 2388 4340 2407
4 2406 4340 2388 4323
4 1138 1139 3583 1140
4 3583 1139 1138 1137
4 2452 2465 4724 2464
4 4724 2465 2452 2453
4 2138 1794 3302 2157
4 2138 3302 1794 1787
4 1469 1461 3475 1460
4 1469 3475 1461 1470
4 1380 1373 4333 1378
4 4333 1373 1380 1376
4 4214 1525 3674 1527
4 4214 3674 1525 1529
4 1531 3674 1525 1527
4 1531 1525 3674 1529
4 928 938 4637 940
4 4637 938 928 927
4 624 647 3871 648
4 3871 647 624 623
4 3871 3518 624 648
4 624 3518 3871 623
4 1846 1858 3435 1856
4 3435 1858 1846 1848
4 444 433 3382 432
4 3382 433 444 445
4 1050 1074 4673 1075
4 4673 1074 1050 1049
4 1446 1454 3734 1452
4 3734 1454 1446 1445
4 3734 3317 1446 1452
4 1544 1567 4251 1566
4 1544 4251 1567 1545
4 2330 2379 4400 2380
4 4400 2379 2330 2341
4 1026 1000 3365 1009
4 3365 1000 1026 1018
4 761 1604 3423 1605
4 761 3423 1604 760
4 2473 2463 3889 2464
4 3889 2463 2473 2472
4 1562 1530 3837 1526
4 3837 1530 1562 1563
4 2149 2169 4089 2168
4 4089 2169 2149 2150
4 935 4218 3663 934
4 3663 4218 935 926
4 3663 925 935 934
4 935 925 3663 926
4 1238 1317 4338 1313
4 4338 1317 1238 1247
4 2289 2287 4553 2290
4 4553 2287 2289 2286
4 1236 1247 4338 1238
4 4338 1247 1236 1246
4 2453 2466 3833 2465
4 3833 2466 2453 2454
4 4038 1873 4427 1885
4 4038 4427 1873 1869
4 1881 4427 1873 1885
4 1881 1873 4427 1869
4 2116 2095 4679 2093
4 2116 4679 2095 2118
4 1000 998 3304 999
4 3304 998 1000 1001
4 1374 1378 4333 1373
4 4333 1378 1374 1379
4 1970 1953 4443 1955
4 4443 1953 1970 1968
4 1008 1024 4554 1025
4 1008 4554 1024 1007
4 4819 4338 3617 3945
4 1575 1439 3938 1564
4 1575 3938 1439 1445
4 1869 1880 4515 1881
4 1869 4515 1880 1868
4 1577 1565 4251 1566
4 1577 4251 1565 1576
4 3488 4251 1565 1566
4 3488 1565 4251 1576
4 2167 2184 4556 2183
4 2167 4556 2184 2168
4 1276 1275 4280 1274
4 4280 1275 1276 1277
4 988 1004 4821 1005
4 4821 1004 988 987
4 1564 1576 3488 1575
4 3488 1576 1564 1565
4 1237 1238 4136 1239
4 4136 1238 1237 1236
4 1008 983 3977 991
4 1008 3977 983 999
4 1040 1025 3227 1024
4 3227 1025 1040 1041
4 1550 1557 4668 1558
4 4668 1557 1550 1560
4 1943 1956 4294 1955
4 1943 4294 1956 1944
4 1401 1407 4799 1402
4 1401 4799 1407 1406
4 2463 1829 4724 2451
4 4724 1829 2463 1838
4 2135 2152 3490 2151
4 2135 3490 2152 2136
4 1594 1585 4452 1588
4 4452 1585 1594 1593
4 1955 1971 4443 1970
4 1955 4443 1971 1956
4 4296 1971 4443 1956
4 839 830 4486 838
4 4486 830 839 831
4 1941 1955 4443 1953
4 1941 4443 1955 1943
4 1499 1486 3624 1487
4 3624 1486 1499 1497
4 2259 2254 3153 2260
4 2259 3153 2254 2253
4 1561 1552 4647 1562
4 1561 4647 1552 1551
4 2482 1849 3889 2472
4 2482 3889 1849 1859
4 366 377 4321 378
4 4321 377 366 365
4 620 594 4423 593
4 4423 594 620 621
4 2464 2451 4724 2452
4 4724 2451 2464 2463
4 827 819 3581 826
4 3581 819 827 821
4 349 364 3954 365
4 3954 364 349 354
4 1944 1957 4296 1956
4 4296 1957 1944 1945
4 1835 1848 4632 1846
4 1835 4632 1848 1837
4 3435 4632 1848 1846
4 3435 1848 4632 1837
4 1395 1402 4799 1396
4 4799 1402 1395 1401
4 4799 4395 1395 1396
4 1395 4395 4799 1401
4 1856 1871 4095 1870
4 4095 1871 1856 1858
4 2119 2139 4679 2140
4 4679 2139 2119 2117
4 1277 1278 4280 1279
4 1277 4280 1278 1276
4 4776 4280 1278 1279
4 4776 1278 4280 1276
4 2121 2140 4435 2141
4 4435 2140 2121 2119
4 2275 2268 4846 2276
4 4846 2268 2275 2265
4 974 3959 4821 973
4 4821 3959 974 989
4 4821 988 974 973
4 974 988 4821 989
4 1882 1868 4515 1870
4 1882 4515 1868 1880
4 1646 1621 4542 1622
4 4542 1621 1646 1645
4 396 420 3737 421
4 3737 420 396 395
4 845 836 3838 844
4 845 3838 836 837
4 421 432 3737 433
4 3737 432 421 420
4 987 973 4821 972
4 4821 973 987 988
4 1023 1007 3227 1006
4 3227 1007 1023 1024
4 989 1005 4821 1006
4 989 4821 1005 988
4 1827 1838 4178 1837
4 4178 1838 1827 1829
4 1006 1022 4821 1023
4 1006 4821 1022 1005
4 2097 2118 4436 2120
4 4436 2118 2097 2095
4 1366 1372 3110 1369
4 3110 1372 1366 1370
4 2099 2120 4436 2122
4 2099 4436 2120 2097
4 1777 1759 4177 1757
4 4177 1759 1777 1778
4 651 744 4161 736
4 651 4161 744 659
4 1039 1024 3227 1023
4 3227 1024 1039 1040
4 1073 1049 3227 1048
4 1073 3227 1049 1074
4 1944 1927 4294 1929
4 1944 4294 1927 1943
4 4136 1239 4338 1314
4 4136 4338 1239 1238
4 1313 4338 1239 1314
4 1313 1239 4338 1238
4 445 434 3382 433
4 3382 434 445 446
4 1605 1628 3821 1630
4 3821 1628 1605 1604
4 618 611 4762 617
4 4762 611 618 612
4 2124 2127 3353 2126
4 2124 3353 2127 2125
4 457 446 4447 445
4 4447 446 457 458
4 1645 1620 3482 1621
4 1645 3482 1620 1644
4 1886 1896 3564 1900
4 3564 1896 1886 1885
4 1793 1797 4180 1798
4 1793 4180 1797 1792
4 1793 1787 4177 1786
4 4177 1787 1793 1794
4 1323 1279 4776 1278
4 1323 4776 1279 1324
4 909 468 4447 918
4 909 4447 468 458
4 378 394 4321 395
4 378 4321 394 377
4 1400 1360 3709 1364
4 3709 1360 1400 1394
4 972 953 4218 954
4 4218 953 972 973
4 1502 1644 4812 1534
4 4812 1644 1502 1620
4 607 606 4419 604
4 4419 606 607 608
4 4419 4578 607 604
4 607 4578 4419 608
4 1364 1405 4395 1400
4 4395 1405 1364 1369
4 1401 1394 4395 1400
4 1401 4395 1394 1395
4 2086 2112 4618 2111
4 4618 2112 2086 2087
4 2004 2007 4640 2003
4 2004 4640 2007 2008
4 3432 2007 4640 2008
4 2129 2126 4490 2127
4 2129 4490 2126 2128
4 1792 1796 4830 1797
4 4830 1796 1792 1788
4 905 907 3568 908
4 905 3568 907 906
4 1634 1608 4166 1607
4 4166 1608 1634 1636
4 1375 2510 4829 2511
4 4829 2510 1375 2553
4 1479 1475 4101 1480
4 4101 1475 1479 1474
4 625 648 3518 649
4 625 3518 648 624
4 2122 2125 4436 2124
4 2122 4436 2125 2123
4 1606 1630 3821 1632
4 3821 1630 1606 1605
4 2087 2113 3620 2112
4 3620 2113 2087 2088
4 981 983 3863 984
4 981 3863 983 982
4 3304 3863 983 984
4 3304 983 3863 982
4 4746 2669 4101 3287
4 4746 4101 2669 3587
4 310 296 3549 299
4 310 3549 296 304
4 1632 1607 4851 1606
4 4851 1607 1632 1634
4 293 304 4726 303
4 293 4726 304 296
4 563 644 4088 551
4 563 4088 644 672
4 4088 644 3208 551
4 4088 3208 644 672
4 3208 4423 644 672
4 4681 3328 572 571
4 578 3328 572 577
4 578 572 3328 571
4 557 547 4823 548
4 557 4823 547 560
4 547 551 4205 550
4 547 4205 551 552
4 418 394 4576 393
4 418 4576 394 419
4 466 458 4447 457
4 466 4447 458 468
4 645 622 4423 621
4 645 4423 622 646
4 3424 622 4423 646
4 460 453 4591 447
4 460 4591 453 463
4 644 621 4423 620
4 644 4423 621 645
4 486 477 3289 478
4 486 3289 477 487
4 455 445 3628 444
4 455 3628 445 457
4 464 455 3628 456
4 464 3628 455 465
4 389 415 4313 414
4 389 4313 415 391
4 2845 389 4313 414
4 2845 4313 389 391
4 3976 389 2845 414
4 3976 2845 389 391
4 4797 386 4703 388
4 4797 4703 386 384
4 387 4703 386 388
4 387 386 4703 384
4 349 353 3954 354
4 349 3954 353 355
4 362 347 4140 346
4 362 4140 347 363
4 3080 342 330 325
4 3080 330 342 346
4 331 330 342 325
4 331 342 330 346
4 4205 541 3208 537
4 536 3208 541 537
4 536 541 3208 542
4 882 849 3443 848
4 3443 849 882 881
4 3443 3226 882 848
4 831 1068 4486 1067
4 831 4486 1068 839
4 780 774 4196 773
4 780 4196 774 781
4 4165 774 4196 781
4 1539 1507 3519 1508
4 3519 1507 1539 1538
4 1314 1325 4781 1323
4 1314 4781 1325 1316
4 1347 1345 4586 1346
4 4586 1345 1347 1348
4 1315 1330 3769 1329
4 1315 3769 1330 1320
4 1326 1345 4586 1344
4 1326 4586 1345 1328
4 1327 1347 3595 1346
4 3595 1347 1327 1332
4 2381 2331 3466 2329
4 2381 3466 2331 2382
4 1314 4338 1315 1313
4 2374 2419 4460 2383
4 2374 4460 2419 2429
4 1068 1077 4206 1069
4 1068 4206 1077 1076
4 415 895 4313 429
4 415 4313 895 894
4 477 918 4447 468
4 477 4447 918 927
4 908 914 4104 913
4 908 4104 914 907
4 959 941 3829 940
4 959 3829 941 961
4 4165 4637 774 970
4 952 4637 774 495
4 952 774 4637 970
4 2489 2496 3363 2495
4 2489 3363 2496 2491
4 1704 1711 4782 1703
4 1704 4782 1711 1712
4 2442 2448 4539 2443
4 2442 4539 2448 2449
4 2185 2440 3538 2435
4 2185 3538 2440 2187
4 2170 2188 3956 2186
4 2170 3956 2188 2172
4 2152 2173 3362 2171
4 2152 3362 2173 2154
4 2264 2266 3865 2265
4 3865 2266 2264 2267
4 2128 2288 3865 2291
4 2128 3865 2288 2129
4 2374 2381 4815 2373
4 2374 4815 2381 2382
4 3466 2331 4460 2418
4 3466 4460 2331 2383
4 2419 4460 2331 2418
4 2419 2331 4460 2383
4 2331 3466 3241 2418
4 3241 3466 2331 2303
4 3241 2399 2331 2418
4 2331 2399 3241 2303
4 2429 2415 4460 2419
4 2429 4460 2415 2430
4 2427 2429 3777 2426
4 2427 3777 2429 2430
4 2411 2413 4340 2410
4 2411 4340 2413 2414
4 4010 4340 2413 2410
4 4010 2413 4340 2414
4 2392 2395 4245 2398
4 2392 4245 2395 2397
4 3616 4245 2395 2398
4 3616 2395 4245 2397
4 2413 2392 4010 2398
4 4010 2392 2413 2414
4 2415 2413 3828 2416
4 2415 3828 2413 2417
4 4010 2413 3828 2417
4 2413 2427 3777 2428
4 3777 2427 2413 2417
4 3777 4010 2413 2428
4 2413 4010 3777 2417
4 654 1382 3871 655
4 654 3871 1382 1383
4 673 1387 4423 675
4 673 4423 1387 1386
4 657 1391 4221 678
4 657 4221 1391 1385
4 1973 1960 4770 1959
4 1973 4770 1960 1976
4 3446 4729 1965 1966
4 1960 1965 3446 1961
4 1960 3446 1965 1966
4 1892 1911 4515 1912
4 1892 4515 1911 1891
4 1894 1919 3891 1914
4 1894 3891 1919 1897
4 1796 1802 4179 1803
4 1796 4179 1802 1795
4 1841 1843 4347 1842
4 1841 4347 1843 1844
4 1851 1841 4098 1840
4 1851 4098 1841 1852
4 1860 1851 4411 1850
4 1860 4411 1851 1863
4 1850 1840 4477 1839
4 1850 4477 1840 1851
4 3607 3891 1882 1883
4 1894 3891 1882 1893
4 1894 1882 3891 1883
4 1873 1860 3414 1861
4 1873 3414 1860 1874
4 1778 1761 4177 1759
4 1778 4177 1761 1780
4 3302 4177 1761 1759
4 3302 1761 4177 1780
4 1788 1795 3569 1796
4 1788 3569 1795 1790
4 1798 1794 4113 1793
4 1798 4113 1794 1801
4 1504 1535 3953 1536
4 1504 3953 1535 1505
4 1501 1534 4812 1532
4 1501 4812 1534 1502
4 1481 4689 1495 1483
4 3731 1495 4689 1483
4 1484 1497 3953 1498
4 1484 3953 1497 1486
4 673 652 4423 653
4 673 4423 652 675
4 1426 1424 4341 1428
4 4341 1424 1426 1425
4 1441 1437 3740 1436
4 1441 3740 1437 1442
4 1426 3983 1414 1427
4 1426 1414 3983 1416
4 1500 1532 3599 1533
4 1500 3599 1532 1501
4 1481 1488 4407 1482
4 1481 4407 1488 1489
4 783 791 4021 789
4 783 4021 791 782
4 1989 1973 3211 1974
4 1989 3211 1973 1990
4 1326 1327 4781 1328
4 1326 4781 1327 1325
4 1823 2451 4178 1829
4 1823 4178 2451 2436
4 4724 4178 2451 1829
4 4724 2451 4178 2436
4 539 534 4678 533
4 539 4678 534 540
4 2304 2330 3465 2329
4 2304 3465 2330 2312
4 1413 1424 4341 1425
4 1413 4341 1424 1412
4 285 296 4726 293
4 285 4726 296 287
4 1782 1788 3843 1789
4 1782 3843 1788 1781
4 2415 2395 3828 2396
4 2415 3828 2395 2416
4 2415 2418 4460 2419
4 2485 2476 3678 2481
4 2485 3678 2476 2486
4 1821 1829 4178 1827
4 1821 4178 1829 1823
4 971 954 4134 960
4 971 4134 954 972
4 561 551 4088 552
4 561 4088 551 563
4 331 321 3802 322
4 331 3802 321 336
4 2330 3465 2340 2342
4 3777 2426 4815 2366
4 3777 4815 2426 2429
4 2374 4815 2426 2366
4 2374 2426 4815 2429
4 1851 1853 3309 1852
4 1851 3309 1853 1854
4 1972 1977 3809 1971
4 1972 3809 1977 1978
4 1131 1156 3111 1143
4 1131 3111 1156 1135
4 3365 4373 1124 1126
4 1133 4373 1124 1128
4 1133 1124 4373 1126
4 1579 1582 3404 1584
4 1579 3404 1582 1583
4 1455 1447 4836 1448
4 1455 4836 1447 1456
4 1803 1819 4178 1820
4 1803 4178 1819 1802
4 952 938 4637 939
4 952 4637 938 958
4 1839 1830 4477 1831
4 1839 4477 1830 1840
4 1589 1591 3507 1588
4 1589 3507 1591 1592
4 1430 1420 3740 1421
4 1430 3740 1420 1431
4 3969 1012 3727 1013
4 3969 3727 1012 3965
4 3600 1939 4223 1940
4 1932 4223 1939 1940
4 2726 3390 4220 2920
4 2726 4220 3390 2995
4 2921 4220 3390 2920
4 2921 3390 4220 2995
4 3387 2791 4347 3308
4 3387 4347 2791 3099
4 1318 3730 3780 1336
4 3780 3730 1318 3617
4 3780 1319 1318 1336
4 1318 1319 3780 3617
4 2366 4815 3673 2358
4 3673 4815 2366 3777
4 3673 2423 2366 2358
4 2366 2423 3673 3777
4 3662 2820 4064 2750
4 3662 4064 2820 3046
4 284 297 4785 298
4 284 4785 297 283
4 3581 823 808 822
4 3581 4540 808 801
4 808 4540 3581 822
4 1387 4423 1395 1386
4 1387 1395 4423 3424
4 1394 1395 4423 1386
4 1394 4423 1395 3424
4 3871 3283 2819 3763
4 3871 2819 3283 3518
4 3903 4280 4753 3747
4 3903 4753 4280 1275
4 1274 4753 4280 3747
4 1274 4280 4753 1275
4 3045 4178 4632 1827
4 3045 4632 4178 3435
4 1837 4632 4178 1827
4 1837 4178 4632 3435
4 2560 3135 3527 2546
4 3527 3135 2560 3351
4 3527 1410 2560 2546
4 2560 1410 3527 3351
4 2026 2027 2557 2029
4 2026 2557 2027 3132
4 4584 3957 1175 1166
4 4584 1175 3957 3082
4 1174 1175 3957 1166
4 1174 3957 1175 3082
4 3926 1198 1197 1206
4 3926 1197 1198 3148
4 4441 1770 1774 1771
4 4441 1774 1770 3314
4 1569 1579 3404 1580
4 3404 1579 1569 4668
4 3404 4614 1569 1580
4 4018 4642 3677 1420
4 4018 3677 4642 3430
4 1419 3677 4642 1420
4 1419 4642 3677 3430
4 1331 1330 3780 1337
4 3780 1330 1331 4458
4 3780 1351 1331 1337
4 808 800 3581 801
4 808 3581 800 823
4 4121 1234 1246 3390
4 1246 1234 4121 1245
4 1246 3945 4121 3390
4 4121 3945 1246 1245
4 1488 665 3464 1482
4 1488 3464 665 664
4 1203 3925 1195 1204
4 1196 1195 3925 1204
4 1196 3925 1195 3814
4 4332 3983 1414 1416
4 4332 1414 3983 3512
4 3891 4294 2764 3611
4 2764 4294 3891 3288
4 3876 2552 3675 480
4 3876 3675 2552 4744
4 483 3675 2552 480
4 483 2552 3675 4744
4 3987 1939 4223 3600
4 3987 4223 1939 1952
4 4110 4533 3596 274
4 3596 4533 4110 3508
4 3596 3388 4110 274
4 4110 3388 3596 3508
4 2007 4640 2016 3432
4 2007 2016 4640 2003
4 2013 2016 4640 3432
4 2013 4640 2016 2003
4 4400 2330 2340 2341
4 4400 2340 2330 3465
4 4294 4515 2987 3611
4 2987 4515 4294 3800
4 4596 3022 2705 2737
4 4596 2705 3022 3186
4 4019 2705 3022 2737
4 4019 3022 2705 3186
4 359 3785 360 344
4 359 360 3785 4677
4 345 360 3785 344
4 345 3785 360 4677
4 3224 4127 2304 2311
4 2310 4127 2304 2312
4 2310 2304 4127 2311
4 849 848 3911 3443
4 3911 848 849 809
4 3911 4540 849 3443
4 849 4540 3911 809
4 3631 283 282 281
4 282 283 3631 284
4 4703 389 372 3976
4 4703 372 389 387
4 3953 1537 3624 3488
4 3953 3624 1537 1506
4 4769 3368 2565 3367
4 4769 2565 3368 3321
4 3367 3368 2637 4769
4 2637 3368 3367 4530
4 3772 1973 1976 4770
4 2951 3040 2557 2032
4 2951 2557 3040 3132
4 4231 2031 3040 2032
4 4231 3040 2031 3132
4 2031 2025 2557 2032
4 2031 2557 2025 3132
4 3040 2031 2557 2032
4 3040 2557 2031 3132
4 3278 2554 2466 3832
4 2454 2554 2466 2467
4 2454 2466 2554 3832
4 4146 1127 3609 3169
4 4146 3609 1127 1125
4 2555 2560 3135 3351
4 3135 2560 2555 2547
4 1411 1409 2560 3351
4 2560 1409 1411 2547
4 2555 1411 2560 3351
4 2560 1411 2555 2547
4 1197 3831 3814 1175
4 1197 3814 3831 3148
4 1162 3615 1171 4673
4 1162 1171 3615 1163
4 618 4161 3752 619
4 618 3752 4161 3502
4 837 3643 4195 3838
4 4195 3643 837 829
4 1751 3803 4167 1752
4 4167 3803 1751 3655
4 654 4423 675 652
4 675 4423 654 3424
4 1334 4459 3595 1349
4 1334 3595 4459 4458
4 2884 3595 4459 1349
4 2558 1811 4746 1814
4 2558 4746 1811 3287
4 4101 4746 1811 1814
4 4101 1811 4746 3287
4 4548 1754 4182 3412
4 4182 1754 4548 3209
4 3290 956 950 937
4 950 956 3290 957
4 4304 2370 2378 4518
4 2378 2370 4304 2371
4 2378 2379 4304 4518
4 4304 2379 2378 2371
4 4304 2379 2372 3323
4 2372 2379 4304 2371
4 1992 3586 3007 1991
4 3007 3586 1992 3809
4 3007 1988 1992 1991
4 1992 1988 3007 3809
4 4463 1092 3806 1100
4 4463 3806 1092 4148
4 4625 1092 3806 4148
4 1713 1693 4031 1692
4 4031 1693 1713 4756
4 4031 1642 1713 1692
4 1713 1642 4031 4756
4 3643 805 829 4195
4 3643 829 805 803
4 2265 2264 4846 3865
4 2265 4846 2264 2274
4 4129 4846 2264 3865
4 4129 2264 4846 2274
4 281 3596 3388 3962
4 3388 3596 281 275
4 3388 282 281 3962
4 281 282 3388 275
4 769 4839 3598 491
4 769 3598 4839 4503
4 2675 3739 3267 4683
4 2675 3267 3739 4274
4 1202 1217 3419 1218
4 3419 1217 1202 4149
4 3419 1203 1202 1218
4 1202 1203 3419 4149
4 1237 4776 3747 1276
4 3747 4776 1237 4136
4 1293 4047 3084 1292
4 3084 4047 1293 3577
4 1330 3595 3769 4781
4 3769 3595 1330 4458
4 1261 1260 3577 1284
4 3577 1260 1261 4714
4 1260 4047 3577 1284
4 3577 4047 1260 4714
4 1260 1283 4047 1284
4 4047 1283 1260 4714
4 1318 1322 3617 3730
4 3617 1322 1318 1317
4 3617 4338 1321 1317
4 1322 1321 3617 3730
4 3617 1321 1322 1317
4 4443 1988 1971 4296
4 4443 1971 1988 1970
4 2298 1297 4312 4314
4 4312 1297 2298 2297
4 4312 2316 2298 4314
4 2298 2316 4312 2297
4 902 4447 3382 3487
4 902 3382 4447 446
4 1078 4206 3312 4148
4 3312 4206 1078 1070
4 4340 2414 4843 4010
4 4340 4843 2414 2411
4 2394 2414 4843 2411
4 3576 2550 2534 2549
4 2534 2550 3576 3552
4 2534 2532 3576 2549
4 1412 4734 3228 4341
4 1412 3228 4734 1490
4 1446 3734 3938 3317
4 3938 3734 1446 1445
4 1321 4338 1247 1317
4 1331 3780 4459 1351
4 4459 3780 1331 4458
4 4459 1333 1331 1351
4 1331 1333 4459 4458
4 644 3208 542 4423
4 542 3208 644 551
4 542 620 644 4423
4 644 620 542 551
4 3328 572 4336 4681
4 3328 4336 572 577
4 622 4423 4653 3424
4 622 4653 4423 621
4 541 3208 550 4205
4 541 550 3208 542
4 551 550 3208 4205
4 551 3208 550 542
4 882 3443 3422 3226
4 3422 3443 882 881
4 774 4196 3124 4165
4 774 3124 4196 773
4 1314 3273 3769 4338
4 3769 3273 1314 1316
4 3769 1315 1314 4338
4 1314 1315 3769 1316
4 4637 774 3124 4165
4 4637 3124 774 495
4 2413 3828 2398 4010
4 2413 2398 3828 2416
4 1965 3446 4005 4729
4 4005 3446 1965 1961
4 3446 1960 1949 4770
4 3446 1949 1960 1961
4 1960 3446 1976 4770
4 1960 1976 3446 1966
4 3891 1882 3611 3607
4 3891 3611 1882 1893
4 4515 3611 1882 3607
4 4515 1882 3611 1893
4 1481 4407 3731 4689
4 3731 4407 1481 1496
4 3731 1495 1481 4689
4 1481 1495 3731 1496
4 3043 3983 4184 3512
4 3043 4184 3983 1427
4 1414 4184 3983 3512
4 1414 3983 4184 1427
4 3308 1834 2460 2456
4 3308 4539 2460 4563
4 2460 4539 3308 2456
4 1842 1845 3308 1834
4 2460 3308 1845 1834
4 2460 1845 3308 4563
4 3111 4373 3836 3365
4 3111 3836 4373 1128
4 1124 3836 4373 3365
4 1124 4373 3836 1128
4 970 4165 971 985
4 970 971 4165 4134
4 986 971 4165 985
4 986 4165 971 4134
4 1973 1979 3772 1976
4 1973 3772 1979 1980
4 4697 4681 4661 3328
4 4697 4661 4681 2826
4 3523 1569 3404 4614
4 3404 1569 3523 4668
4 4819 1247 4338 3945
4 4819 4338 1247 1321
4 2400 3241 2418 2399
4 798 3911 813 4414
4 798 813 3911 796
4 811 813 3911 4414
4 811 3911 813 796
4 2420 2400 3241 2418
4 2420 3241 2400 3828
4 4460 2420 3241 2418
4 4460 3241 2420 3828
4 2415 2420 4460 2418
4 2415 4460 2420 3828
4 4223 1939 1931 1932
4 4223 1931 1939 1952
4 2557 3432 3132 2951
4 2557 3132 3432 2027
4 2029 2030 2557 2951
4 2029 2557 2030 2027
4 2030 3432 2557 2951
4 2030 2557 3432 2027
4 858 860 3443 859
4 858 3443 860 3848
4 3967 858 3443 859
4 3967 3443 858 3848
4 857 858 3967 859
4 857 3967 858 3848
4 3419 3925 4149 1203
4 3419 4149 3925 3814
4 1195 4149 3925 1203
4 1195 3925 4149 3814
4 4127 2304 3465 3224
4 4127 3465 2304 2312
4 4093 2554 2477 3278
4 4093 2477 2554 2467
4 2466 2477 2554 3278
4 2466 2554 2477 2467
4 3595 4459 3022 2884
4 3595 3022 4459 4458
4 1092 3806 868 4625
4 1092 868 3806 1100
4 876 868 3806 4625
4 876 3806 868 1100
4 1321 3617 4819 4338
4 4819 3617 1321 3730
4 2414 4843 3352 2394
4 2414 3352 4843 4010
4 4245 2392 3352 2394
4 4245 3352 2392 4010
4 2392 2414 3352 2394
4 2392 3352 2414 4010
4 3576 2534 2531 2532
4 2531 2534 3576 3552
4 3308 1843 1845 1842
4 3308 1845 1843 4563

CELL_TYPES 27333
5
5
5
5
5
5
5
5
5
5
5
5
5
5
5
5
5
5
5
5
5
5
5
5
5
5
5
5
5
5
5
5
5
5
5
5
5
5
5
5
5
5
5
5
5
5
5
5
5
5
5
5
5
5
5
5
5
5
5
5
5
5
5
5
5
5
5
5
5
5
5
5
5
5
5
5
5
5
5
5
5
5
5
5
5
5
5
5
5
5
5
5
5
5
5
5
5
5
5
5
5
5
5
5
5
5
5
5
5
5
5
5
5
5
5
5
5
5
5
5
5
5
5
5
5
5
5
5
5
5
5
5
5
5
5
5
5
5
5
5
5
5
5
5
5
5
5
5
5
5
5
5
5
5
5
5
5
5
5
5
5
5
5
5
5
5
5
5
5
5
5
5
5
5
5
5
5
5
5
5
5
5
5
5
5
5
5
5
5
5
5
5
5
5
5
5
5
5
5
5
5
5
5
5
5
5
5
5
5
5
5
5
5
5
5
5
5
5
5
5
5
5
5
5
5
5
5
5
5
5
5
5
5
5
5
5
5
5
5
5
5
5
5
5
5
5
5
5
5
5
5
5
5
5
5
5
5
5
5
5
5
5
5
5
5
5
5
5
5
5
5
5
5
5
5
5
5
5
5
5
5
5
5
5
5
5
5
5
5
5
5
5
5
5
5
5
5
5
5
5
5
5
5
5
5
5
5
5
5
5
5
5
5
5
5
5
5
5
5
5
5
5
5
5
5
5
5
5
5
5
5
5
5
5
5
5
5
5
5
5
5
5
5
5
5
5
5
5
5
5
5
5
5
5
5
5
5
5
5
5
5
5
5
5
5
5
5
5
5
5
5
5
5
5
5
5
5
5
5
5
5
5
5
5
5
5
5
5
5
5
5
5
5
5
5
5
5
5
5
5
5
5
5
5
5
5
5
5
5
5
5
5
5
5
5
5
5
5
5
5
5
5
5
5
5
5
5
5
5
5
5
5
5
5
5
5
5
5
5
5
5
5
5
5
5
5
5
5
5
5
5
5
5
5
5
5
5
5
5
5
5
5
5
5
5
5
5
5
5
5
5
5
5
5
5
5
5
5
5
5
5
5
5
5
5
5
5
5
5
5
5
5
5
5
5
5
5
5
5
5
5
5
5
5
5
5
5
5
5
5
5
5
5
5
5
5
5
5
5
5
5
5
5
5
5
5
5
5
5
5
5
5
5
5
5
5
5
5
5
5
5
5
5
5
5
5
5
5
5
5
5
5
5
5
5
5
5
5
5
5
5
5
5
5
5
5
5
5
5
5
5
5
5
5
5
5
5
5
5
5
5
5
5
5
5
5
5
5
5
5
5
5
5
5
5
5
5
5
5
5
5
5
5
5
5
5
5
5
5
5
5
5
5
5
5
5
5
5
5
5
5
5
5
5
5
5
5
5
5
5
5
5
5
5
5
5
5
5
5
5
5
5
5
5
5
5
5
5
5
5
5
5
5
5
5
5
5
5
5
5
5
5
5
5
5
5
5
5
5
5
5
5
5
5
5
5
5
5
5
5
5
5
5
5
5
5
5
5
5
5
5
5
5
5
5
5
5
5
5
5
5
5
5
5
5
5
5
5
5
5
5
5
5
5
5
5
5
5
5
5
5
5
5
5
5
5
5
5
5
5
5
5
5
5
5
5
5
5
5
5
5
5
5
5
5
5
5
5
5
5
5
5
5
5
5
5
5
5
5
5
5
5
5
5
5
5
5
5
5
5
5
5
5
5
5
5
5
5
5
5
5
5
5
5
5
5
5
5
5
5
5
5
5
5
5
5
5
5
5
5
5
5
5
5
5
5
5
5
5
5
5
5
5
5
5
5
5
5
5
5
5
5
5
5
5
5
5
5
5
5
5
5
5
5
5
5
5
5
5
5
5
5
5
5
5
5
5
5
5
5
5
5
5
5
5
5
5
5
5
5
5
5
5
5
5
5
5
5
5
5
5
5
5
5
5
5
5
5
5
5
5
5
5
5
5
5
5
5
5
5
5
5
5
5
5
5
5
5
5
5
5
5
5
5
5
5
5
5
5
5
5
5
5
5
5
5
5
5
5
5
5
5
5
5
5
5
5
5
5
5
5
5
5
5
5
5
5
5
5
5
5
5
5
5
5
5
5
5
5
5
5
5
5
5
5
5
5
5
5
5
5
5
5
5
5
5
5
5
5
5
5
5
5
5
5
5
5
5
5
5
5
5
5
5
5
5
5
5
5
5
5
5
5
5
5
5
5
5
5
5
5
5
5
5
5
5
5
5
5
5
5
5
5
5
5
5
5
5
5
5
5
5
5
5
5
5
5
5
5
5
5
5
5
5
5
5
5
5
5
5
5
5
5
5
5
5
5
5
5
5
5
5
5
5
5
5
5
5
5
5
5
5
5
5
5
5
5
5
5
5
5
5
5
5
5
5
5
5
5
5
5
5
5
5
5
5
5
5
5
5
5
5
5
5
5
5
5
5
5
5
5
5
5
5
5
5
5
5
5
5
5
5
5
5
5
5
5
5
5
5
5
5
5
5
5
5
5
5
5
5
5
5
5
5
5
5
5
5
5
5
5
5
5
5
5
5
5
5
5
5
5
5
5
5
5
5
5
5
5
5
5
5
5
5
5
5
5
5
5
5
5
5
5
5
5
5
5
5
5
5
5
5
5
5
5
5
5
5
5
5
5
5
5
5
5
5
5
5
5
5
5
5
5
5
5
5
5
5
5
5
5
5
5
5
5
5
5
5
5
5
5
5
5
5
5
5
5
5
5
5
5
5
5
5
5
5
5
5
5
5
5
5
5
5
5
5
5
5
5
5
5
5
5
5
5
5
5
5
5
5
5
5
5
5
5
5
5
5
5
5
5
5
5
5
5
5
5
5
5
5
5
5
5
5
5
5
5
5
5
5
5
5
5
5
5
5
5
5
5
5
5
5
5
5
5
5
5
5
5
5
5
5
5
5
5
5
5
5
5
5
5
5
5
5
5
5
5
5
5
5
5
5
5
5
5
5
5
5
5
5
5
5
5
5
5
5
5
5
5
5
5
5
5
5
5
5
5
5
5
5
5
5
5
5
5
5
5
5
5
5
5
5
5
5
5
5
5
5
5
5
5
5
5
5
5
5
5
5
5
5
5
5
5
5
5
5
5
5
5
5
5
5
5
5
5
5
5
5
5
5
5
5
5
5
5
5
5
5
5
5
5
5
5
5
5
5
5
5
5
5
5
5
5
5
5
5
5
5
5
5
5
5
5
5
5
5
5
5
5
5
5
5
5
5
5
5
5
5
5
5
5
5
5
5
5
5
5
5
5
5
5
5
5
5
5
5
5
5
5
5
5
5
5
5
5
5
5
5
5
5
5
5
5
5
5
5
5
5
5
5
5
5
5
5
5
5
5
5
5
5
5
5
5
5
5
5
5
5
5
5
5
5
5
5
5
5
5
5
5
5
5
5
5
5
5
5
5
5
5
5
5
5
5
5
5
5
5
5
5
5
5
5
5
5
5
5
5
5
5
5
5
5
5
5
5
5
5
5
5
5
5
5
5
5
5
5
5
5
5
5
5
5
5
5
5
5
5
5
5
5
5
5
5
5
5
5
5
5
5
5
5
5
5
5
5
5
5
5
5
5
5
5
5
5
5
5
5
5
5
5
5
5
5
5
5
5
5
5
5
5
5
5
5
5
5
5
5
5
5
5
5
5
5
5
5
5
5
5
5
5
5
5
5
5
5
5
5
5
5
5
5
5
5
5
5
5
5
5
5
5
5
5
5
5
5
5
5
5
5
5
5
5
5
5
5
5
5
5
5
5
5
5
5
5
5
5
5
5
5
5
5
5
5
5
5
5
5
5
5
5
5
5
5
5
5
5
5
5
5
5
5
5
5
5
5
5
5
5
5
5
5
5
5
5
5
5
5
5
5
5
5
5
5
5
5
5
5
5
5
5
5
5
5
5
5
5
5
5
5
5
5
5
5
5
5
5
5
5
5
5
5
5
5
5
5
5
5
5
5
5
5
5
5
5
5
5
5
5
5
5
5
5
5
5
5
5
5
5
5
5
5
5
5
5
5
5
5
5
5
5
5
5
5
5
5
5
5
5
5
5
5
5
5
5
5
5
5
5
5
5
5
5
5
5
5
5
5
5
5
5
5
5
5
5
5
5
5
5
5
5
5
5
5
5
5
5
5
5
5
5
5
5
5
5
5
5
5
5
5
5
5
5
5
5
5
5
5
5
5
5
5
5
5
5
5
5
5
5
5
5
5
5
5
5
5
5
5
5
5
5
5
5
5
5
5
5
5
5
5
5
5
5
5
5
5
5
5
5
5
5
5
5
5
5
5
5
5
5
5
5
5
5
5
5
5
5
5
5
5
5
5
5
5
5
5
5
5
5
5
5
5
5
5
5
5
5
5
5
5
5
5
5
5
5
5
5
5
5
5
5
5
5
5
5
5
5
5
5
5
5
5
5
5
5
5
5
5
5
5
5
5
5
5
5
5
5
5
5
5
5
5
5
5
5
5
5
5
5
5
5
5
5
5
5
5
5
5
5
5
5
5
5
5
5
5
5
5
5
5
5
5
5
5
5
5
5
5
5
5
5
5
5
5
5
5
5
5
5
5
5
5
5
5
5
5
5
5
5
5
5
5
5
5
5
5
5
5
5
5
5
5
5
5
5
5
5
5
5
5
5
5
5
5
5
5
5
5
5
5
5
5
5
5
5
5
5
5
5
5
5
5
5
5
5
5
5
5
5
5
5
5
5
5
5
5
5
5
5
5
5
5
5
5
5
5
5
5
5
5
5
5
5
5
5
5
5
5
5
5
5
5
5
5
5
5
5
5
5
5
5
5
5
5
5
5
5
5
5
5
5
5
5
5
5
5
5
5
5
5
5
5
5
5
5
5
5
5
5
5
5
5
5
5
5
5
5
5
5
5
5
5
5
5
5
5
5
5
5
5
5
5
5
5
5
5
5
5
5
5
5
5
5
5
5
5
5
5
5
5
5
5
5
5
5
5
5
5
5
5
5
5
5
5
5
5
5
5
5
5
5
5
5
5
5
5
5
5
5
5
5
5
5
5
5
5
5
5
5
5
5
5
5
5
5
5
5
5
5
5
5
5
5
5
5
5
5
5
5
5
5
5
5
5
5
5
5
5
5
5
5
5
5
5
5
5
5
5
5
5
5
5
5
5
5
5
5
5
5
5
5
5
5
5
5
5
5
5
5
5
5
5
5
5
5
5
5
5
5
5
5
5
5
5
5
5
5
5
5
5
5
5
5
5
5
5
5
5
5
5
5
5
5
5
5
5
5
5
5
5
5
5
5
5
5
5
5
5
5
5
5
5
5
5
5
5
5
5
5
5
5
5
5
5
5
5
5
5
5
5
5
5
5
5
5
5
5
5
5
5
5
5
5
5
5
5
5
5
5
5
5
5
5
5
5
5
5
5
5
5
5
5
5
5
5
5
5
5
5
5
5
5
5
5
5
5
5
5
5
5
5
5
5
5
5
5
5
5
5
5
5
5
5
5
5
5
5
5
5
5
5
5
5
5
5
5
5
5
5
5
5
5
5
5
5
5
5
5
5
5
5
5
5
5
5
5
5
5
5
5
5
5
5
5
5
5
5
5
5
5
5
5
5
5
5
5
5
5
5
5
5
5
5
5
5
5
5
5
5
5
5
5
5
5
5
5
5
5
5
5
5
5
5
5
5
5
5
5
5
5
5
5
5
5
5
5
5
5
5
5
5
5
5
5
5
5
5
5
5
5
5
5
5
5
5
5
5
5
5
5
5
5
5
5
5
5
5
5
5
5
5
5
5
5
5
5
5
5
5
5
5
5
5
5
5
5
5
5
5
5
5
5
5
5
5
5
5
5
5
5
5
5
5
5
5
5
5
5
5
5
5
5
5
5
5
5
5
5
5
5
5
5
5
5
5
5
5
5
5
5
5
5
5
5
5
5
5
5
5
5
5
5
5
5
5
5
5
5
5
5
5
5
5
5
5
5
5
5
5
5
5
5
5
5
5
5
5
5
5
5
5
5
5
5
5
5
5
5
5
5
5
5
5
5
5
5
5
5
5
5
5
5
5
5
5
5
5
5
5
5
5
5
5
5
5
5
5
5
5
5
5
5
5
5
5
5
5
5
5
5
5
5
5
5
5
5
5
5
5
5
5
5
5
5
5
5
5
5
5
5
5
5
5
5
5
5
5
5
5
5
5
5
5
5
5
5
5
5
5
5
5
5
5
5
5
5
5
5
5
5
5
5
5
5
5
5
5
5
5
5
5
5
5
5
5
5
5
5
5
5
5
5
5
5
5
5
5
5
5
5
5
5
5
5
5
5
5
5
5
5
5
5
5
5
5
5
5
5
5
5
5
5
5
5
5
5
5
5
5
5
5
5
5
5
5
5
5
5
5
5
5
5
5
5
5
5
5
5
5
5
5
5
5
5
5
5
5
5
5
5
5
5
5
5
5
5
5
5
5
5
5
5
5
5
5
5
5
5
5
5
5
5
5
5
5
5
5
5
5
5
5
5
5
5
5
5
5
5
5
5
5
5
5
5
5
5
5
5
5
5
5
5
5
5
5
5
5
5
5
5
5
5
5
5
5
5
5
5
5
5
5
5
5
5
5
5
5
5
5
5
5
5
5
5
5
5
5
5
5
5
5
5
5
5
5
5
5
5
5
5
5
5
5
5
5
5
5
5
5
5
5
5
5
5
5
5
5
5
5
5
5
5
5
5
5
5
5
5
5
5
5
5
5
5
5
5
5
5
5
5
5
5
5
5
5
5
5
5
5
5
5
5
5
5
5
5
5
5
5
5
5
5
5
5
5
5
5
5
5
5
5
5
5
5
5
5
5
5
5
5
5
5
5
5
5
5
5
5
5
5
5
5
5
5
5
5
5
5
5
5
5
5
5
5
5
5
5
5
5
5
5
5
5
5
5
5
5
5
5
5
5
5
5
5
5
5
5
5
5
5
5
5
5
5
5
5
5
5
5
5
5
5
5
5
5
5
5
5
5
5
5
5
5
5
5
5
5
5
5
5
5
5
5
5
5
5
5
5
5
5
5
5
5
5
5
5
5
5
5
5
5
5
5
5
5
5
5
5
5
5
5
5
5
5
5
5
5
5
5
5
5
5
5
5
5
5
5
5
5
5
5
5
5
5
5
5
5
5
5
5
5
5
5
5
5
5
5
5
5
5
5
5
5
5
5
5
5
5
5
5
5
5
5
5
5
5
5
5
5
5
5
5
5
5
5
5
5
5
5
5
5
5
5
5
5
5
5
5
5
5
5
5
5
5
5
5
5
5
5
5
5
5
5
5
5
5
5
5
5
5
5
5
5
5
5
5
5
5
5
5
5
5
5
5
5
5
5
5
5
5
5
5
5
5
5
5
5
5
5
5
5
5
5
5
5
5
5
5
5
5
5
5
5
5
5
5
5
5
5
5
5
5
5
5
5
5
5
5
5
5
5
5
5
5
5
5
5
5
5
5
5
5
5
5
5
5
5
5
5
5
5
5
5
5
5
5
5
5
5
5
5
5
5
5
5
5
5
5
5
5
5
5
5
5
5
5
5
5
5
5
5
5
5
5
5
5
5
5
5
5
5
5
5
5
5
5
5
5
5
5
5
5
5
5
5
5
5
5
5
5
5
5
5
5
5
5
5
5
5
5
5
5
5
5
5
5
5
5
5
5
5
5
5
5
5
5
5
5
5
5
5
5
5
5
5
5
5
5
5
5
5
5
5
5
5
5
5
5
5
5
5
5
5
5
5
5
5
5
5
5
5
5
5
5
5
5
5
5
5
5
5
5
5
5
5
5
5
5
5
5
5
5
5
5
5
5
5
5
5
5
5
5
5
5
5
5
5
5
5
5
5
5
5
5
5
5
5
5
5
5
5
5
5
5
5
5
5
5
5
5
5
5
5
5
5
5
5
5
5
5
5
5
5
5
5
5
5
5
5
5
5
5
5
5
5
5
5
5
5
5
5
5
5
5
5
5
5
5
5
5
5
5
5
5
5
5
5
5
5
5
5
5
5
5
5
5
5
5
5
5
5
5
5
5
5
5
5
5
5
5
5
5
5
5
5
5
5
5
5
5
5
5
5
5
5
5
5
5
5
5
5
5
5
5
5
5
5
5
5
5
5
5
5
5
5
5
5
5
5
5
5
5
5
5
5
5
5
5
5
5
5
5
5
5
5
5
5
5
5
5
5
5
5
5
5
5
5
5
5
5
5
5
5
5
5
5
5
5
5
5
5
5
5
5
5
5
5
5
5
5
5
5
5
5
5
5
5
5
5
5
5
5
5
5
5
5
5
5
5
5
5
5
5
5
5
5
5
5
5
5
5
5
5
5
5
5
5
5
5
5
5
5
5
5
5
5
5
5
5
5
5
5
5
5
5
5
5
5
5
5
5
5
5
5
5
5
5
5
5
5
5
5
5
5
5
5
5
5
5
5
5
5
5
5
5
5
5
5
5
5
5
5
5
5
5
5
5
5
5
5
5
5
5
5
5
5
5
5
5
5
5
5
5
5
5
5
5
5
5
5
5
5
5
5
5
5
5
5
5
5
5
5
5
5
5
5
5
5
5
5
5
5
5
5
5
5
5
5
5
5
5
5
5
5
5
5
5
5
5
5
5
5
5
5
5
5
5
5
5
5
5
5
5
5
5
5
5
5
5
5
5
5
5
5
5
5
5
5
5
5
5
5
5
5
5
5
5
5
5
5
5
5
5
5
5
5
5
5
5
5
5
5
5
5
5
5
5
5
5
5
5
5
5
5
5
5
5
5
5
5
5
5
5
5
5
5
5
5
5
5
5
5
5
5
5
5
5
5
5
5
5
5
5
5
5
5
5
5
5
5
5
5
5
5
5
5
5
5
5
5
5
5
5
5
5
5
5
5
5
5
5
5
5
5
5
5
5
5
5
5
5
5
5
5
5
5
5
5
5
5
5
5
5
5
5
5
5
5
5
5
5
5
5
5
5
5
5
5
5
5
5
5
5
5
5
5
5
5
5
5
5
5
5
5
5
5
5
5
5
5
5
5
5
5
5
5
5
5
5
5
5
5
5
5
5
5
5
5
5
5
5
5
5
5
5
5
5
5
5
5
5
5
5
5
5
5
5
5
5
5
5
5
5
5
5
5
5
5
5
5
5
5
5
5
5
5
5
5
5
5
5
5
5
5
5
5
5
5
5
5
5
5
5
5
5
5
5
5
5
5
5
5
5
5
5
5
5
5
5
5
5
5
5
5
5
5
5
5
5
5
5
5
5
5
5
5
5
5
5
5
5
5
5
5
5
5
5
5
5
5
5
5
5
5
5
5
5
5
5
5
5
5
5
5
5
5
5
5
5
5
5
5
5
5
5
5
5
5
5
5
5
5
5
5
5
5
5
5
5
5
5
5
5
5
5
5
5
5
5
5
5
5
5
5
5
5
5
5
5
5
5
5
5
5
5
5
5
5
5
5
5
5
5
5
5
5
5
5
5
5
5
5
5
5
5
5
5
5
5
5
5
5
5
5
5
5
5
5
5
5
5
5
5
5
5
5
5
5
5
5
5
5
5
5
5
5
5
5
5
5
5
5
5
5
5
5
5
5
5
5
5
5
5
5
5
5
5
5
5
5
5
5
5
5
5
5
5
5
5
5
5
5
5
5
5
5
5
5
5
5
5
5
5
5
5
5
5
5
5
5
5
5
5
5
5
5
5
5
5
5
5
5
5
5
5
5
5
5
5
5
5
5
5
5
5
5
5
5
5
5
5
5
5
5
5
5
5
5
5
5
5
5
5
5
5
5
5
5
5
5
5
5
5
5
5
5
5
5
5
5
5
5
5
5
5
5
5
5
5
5
5
5
5
5
5
5
5
5
5
5
5
5
5
5
5
5
5
5
5
5
5
5
5
5
5
5
5
5
5
5
5
5
5
5
5
5
5
5
5
5
5
5
5
5
5
5
5
5
5
5
5
5
5
5
5
5
5
5
5
5
5
5
5
5
5
5
5
5
5
5
5
5
5
5
5
5
5
5
5
5
5
5
5
5
5
5
5
5
5
5
5
5
5
5
5
5
5
5
5
5
5
5
5
5
5
5
5
5
5
5
5
5
5
5
5
5
5
5
5
5
5
5
5
5
5
5
5
5
5
5
5
5
5
5
5
5
5
5
5
5
5
5
5
5
5
5
5
5
5
5
5
5
5
5
5
5
5
5
5
5
5
5
5
5
5
5
5
5
5
5
5
5
5
5
5
5
5
5
5
5
5
5
5
5
5
5
5
5
5
5
5
5
5
5
5
5
5
5
5
5
5
5
5
5
5
5
5
5
5
5
5
5
5
5
5
5
5
5
5
5
5
5
5
5
5
5
5
5
5
5
5
5
5
5
5
5
5
5
5
5
5
5
5
5
5
5
5
5
5
5
5
5
5
5
5
5
5
5
5
5
5
5
5
5
5
5
5
5
5
5
5
5
5
5
5
5
5
5
5
5
5
5
5
5
5
5
5
5
5
5
5
5
5
5
5
5
5
5
5
5
5
5
5
5
5
5
5
5
5
5
5
5
5
5
5
5
5
5
5
5
5
5
5
5
5
5
5
5
5
5
5
5
5
5
5
5
5
5
5
5
5
5
5
5
5
5
5
5
5
5
5
5
5
5
5
5
5
5
5
5
5
5
5
5
5
5
5
5
5
5
5
5
5
5
5
5
5
5
5
5
5
5
5
5
5
5
5
5
5
5
5
5
5
5
5
5
5
5
5
5
5
5
5
5
5
5
5
5
5
5
5
5
5
5
5
5
5
5
5
5
5
5
5
5
5
5
5
5
5
5
5
5
5
5
5
5
5
5
5
5
5
5
5
5
5
5
5
5
5
5
5
5
5
5
5
5
5
5
5
5
5
5
5
5
5
5
5
5
5
5
5
5
5
5
5
5
5
5
5
5
5
5
5
5
5
5
5
5
5
5
5
5
5
5
5
5
5
5
5
5
5
5
5
5
5
5
5
5
5
5
5
5
5
5
5
5
5
5
5
5
5
5
5
5
5
5
5
5
5
5
5
5
5
5
5
5
5
5
5
5
5
5
5
5
5
5
5
5
5
5
5
5
5
5
5
5
5
5
5
5
5
5
5
5
5
5
5
5
5
5
5
5
5
5
5
5
5
5
5
5
5
5
5
5
5
5
5
5
5
5
5
5
5
5
5
5
5
5
5
5
5
5
5
5
5
5
5
5
5
5
5
5
5
5
5
5
5
5
5
5
5
5
5
5
5
5
5
5
5
5
5
5
5
5
5
5
5
5
5
5
5
5
5
5
5
5
5
5
5
5
5
5
5
5
5
5
5
5
5
5
5
5
5
5
5
5
5
5
5
5
5
5
5
5
5
5
5
5
5
5
5
5
5
5
5
5
5
5
5
5
5
5
5
5
5
5
5
5
5
5
5
5
5
5
5
5
5
5
5
5
5
5
5
5
5
5
5
10
10
10
10
10
10
10
10
10
10
10
10
10
10
10
10
10
10
10
10
10
10
10
10
10
10
10
10
10
10
10
10
10
10
10
10
10
10
10
10
10
10
10
10
10
10
10
10
10
10
10
10
10
10
10
10
10
10
10
10
10
10
10
10
10
10
10
10
10
10
10
10
10
10
10
10
10
10
10
10
10
10
10
10
10
10
10
10
10
10
10
10
10
10
10
10
10
10
10
10
10
10
10
10
10
10
10
10
10
10
10
10
10
10
10
10
10
10
10
10
10
10
10
10
10
10
10
10
10
10
10
10
10
10
10
10
10
10
10
10
10
10
10
10
10
10
10
10
10
10
10
10
10
10
10
10
10
10
10
10
10
10
10
10
10
10
10
10
10
10
10
10
10
10
10
10
10
10
10
10
10
10
10
10
10
10
10
10
10
10
10
10
10
10
10
10
10
10
10
10
10
10
10
10
10
10
10
10
10
10
10
10
10
10
10
10
10
10
10
10
10
10
10
10
10
10
10
10
10
10
10
10
10
10
10
10
10
10
10
10
10
10
10
10
10
10
10
10
10
10
10
10
10
10
10
10
10
10
10
10
10
10
10
10
10
10
10
10
10
10
10
10
10
10
10
10
10
10
10
10
10
10
10
10
10
10
10
10
10
10
10
10
10
10
10
10
10
10
10
10
10
10
10
10
10
10
10
10
10
10
10
10
10
10
10
10
10
10
10
10
10
10
10
10
10
10
10
10
10
10
10
10
10
10
10
10
10
10
10
10
10
10
10
10
10
10
10
10
10
10
10
10
10
10
10
10
10
10
10
10
10
10
10
10
10
10
10
10
10
10
10
10
10
10
10
10
10
10
10
10
10
10
10
10
10
10
10
10
10
10
10
10
10
10
10
10
10
10
10
10
10
10
10
10
10
10
10
10
10
10
10
10
10
10
10
10
10
10
10
10
10
10
10
10
10
10
10
10
10
10
10
10
10
10
10
10
10
10
10
10
10
10
10
10
10
10
10
10
10
10
10
10
10
10
10
10
10
10
10
10
10
10
10
10
10
10
10
10
10
10
10
10
10
10
10
10
10
10
10
10
10
10
10
10
10
10
10
10
10
10
10
10
10
10
10
10
10
10
10
10
10
10
10
10
10
10
10
10
10
10
10
10
10
10
10
10
10
10
10
10
10
10
10
10
10
10
10
10
10
10
10
10
10
10
10
10
10
10
10
10
10
10
10
10
10
10
10
10
10
10
10
10
10
10
10
10
10
10
10
10
10
10
10
10
10
10
10
10
10
10
10
10
10
10
10
10
10
10
10
10
10
10
10
10
10
10
10
10
10
10
10
10
10
10
10
10
10
10
10
10
10
10
10
10
10
10
10
10
10
10
10
10
10
10
10
10
10
10
10
10
10
10
10
10
10
10
10
10
10
10
10
10
10
10
10
10
10
10
10
10
10
10
10
10
10
10
10
10
10
10
10
10
10
10
10
10
10
10
10
10
10
10
10
10
10
10
10
10
10
10
10
10
10
10
10
10
10
10
10
10
10
10
10
10
10
10
10
10
10
10
10
10
10
10
10
10
10
10
10
10
10
10
10
10
10
10
10
10
10
10
10
10
10
10
10
10
10
10
10
10
10
10
10
10
10
10
10
10
10
10
10
10
10
10
10
10
10
10
10
10
10
10
10
10
10
10
10
10
10
10
10
10
10
10
10
10
10
10
10
10
10
10
10
10
10
10
10
10
10
10
10
10
10
10
10
10
10
10
10
10
10
10
10
10
10
10
10
10
10
10
10
10
10
10
10
10
10
10
10
10
10
10
10
10
10
10
10
10
10
10
10
10
10
10
10
10
10
10
10
10
10
10
10
10
10
10
10
10
10
10
10
10
10
10
10
10
10
10
10
10
10
10
10
10
10
10
10
10
10
10
10
10
10
10
10
10
10
10
10
10
10
10
10
10
10
10
10
10
10
10
10
10
10
10
10
10
10
10
10
10
10
10
10
10
10
10
10
10
10
10
10
10
10
10
10
10
10
10
10
10
10
10
10
10
10
10
10
10
10
10
10
10
10
10
10
10
10
10
10
10
10
10
10
10
10
10
10
10
10
10
10
10
10
10
10
10
10
10
10
10
10
10
10
10
10
10
10
10
10
10
10
10
10
10
10
10
10
10
10
10
10
10
10
10
10
10
10
10
10
10
10
10
10
10
10
10
10
10
10
10
10
10
10
10
10
10
10
10
10
10
10
10
10
10
10
10
10
10
10
10
10
10
10
10
10
10
10
10
10
10
10
10
10
10
10
10
10
10
10
10
10
10
10
10
10
10
10
10
10
10
10
10
10
10
10
10
10
10
10
10
10
10
10
10
10
10
10
10
10
10
10
10
10
10
10
10
10
10
10
10
10
10
10
10
10
10
10
10
10
10
10
10
10
10
10
10
10
10
10
10
10
10
10
10
10
10
10
10
10
10
10
10
10
10
10
10
10
10
10
10
10
10
10
10
10
10
10
10
10
10
10
10
10
10
10
10
10
10
10
10
10
10
10
10
10
10
10
10
10
10
10
10
10
10
10
10
10
10
10
10
10
10
10
10
10
10
10
10
10
10
10
10
10
10
10
10
10
10
10
10
10
10
10
10
10
10
10
10
10
10
10
10
10
10
10
10
10
10
10
10
10
10
10
10
10
10
10
10
10
10
10
10
10
10
10
10
10
10
10
10
10
10
10
10
10
10
10
10
10
10
10
10
10
10
10
10
10
10
10
10
10
10
10
10
10
10
10
10
10
10
10
10
10
10
10
10
10
10
10
10
10
10
10
10
10
10
10
10
10
10
10
10
10
10
10
10
10
10
10
10
10
10
10
10
10
10
10
10
10
10
10
10
10
10
10
10
10
10
10
10
10
10
10
10
10
10
10
10
10
10
10
10
10
10
10
10
10
10
10
10
10
10
10
10
10
10
10
10
10
10
10
10
10
10
10
10
10
10
10
10
10
10
10
10
10
10
10
10
10
10
10
10
10
10
10
10
10
10
10
10
10
10
10
10
10
10
10
10
10
10
10
10
10
10
10
10
10
10
10
10
10
10
10
10
10
10
10
10
10
10
10
10
10
10
10
10
10
10
10
10
10
10
10
10
10
10
10
10
10
10
10
10
10
10
10
10
10
10
10
10
10
10
10
10
10
10
10
10
10
10
10
10
10
10
10
10
10
10
10
10
10
10
10
10
10
10
10
10
10
10
10
10
10
10
10
10
10
10
10
10
10
10
10
10
10
10
10
10
10
10
10
10
10
10
10
10
10
10
10
10
10
10
10
10
10
10
10
10
10
10
10
10
10
10
10
10
10
10
10
10
10
10
10
10
10
10
10
10
10
10
10
10
10
10
10
10
10
10
10
10
10
10
10
10
10
10
10
10
10
10
10
10
10
10
10
10
10
10
10
10
10
10
10
10
10
10
10
10
10
10
10
10
10
10
10
10
10
10
10
10
10
10
10
10
10
10
10
10
10
10
10
10
10
10
10
10
10
10
10
10
10
10
10
10
10
10
10
10
10
10
10
10
10
10
10
10
10
10
10
10
10
10
10
10
10
10
10
10
10
10
10
10
10
10
10
10
10
10
10
10
10
10
10
10
10
10
10
10
10
10
10
10
10
10
10
10
10
10
10
10
10
10
10
10
10
10
10
10
10
10
10
10
10
10
10
10
10
10
10
10
10
10
10
10
10
10
10
10
10
10
10
10
10
10
10
10
10
10
10
10
10
10
10
10
10
10
10
10
10
10
10
10
10
10
10
10
10
10
10
10
10
10
10
10
10
10
10
10
10
10
10
10
10
10
10
10
10
10
10
10
10
10
10
10
10
10
10
10
10
10
10
10
10
10
10
10
10
10
10
10
10
10
10
10
10
10
10
10
10
10
10
10
10
10
10
10
10
10
10
10
10
10
10
10
10
10
10
10
10
10
10
10
10
10
10
10
10
10
10
10
10
10
10
10
10
10
10
10
10
10
10
10
10
10
10
10
10
10
10
10
10
10
10
10
10
10
10
10
10
10
10
10
10
10
10
10
10
10
10
10
10
10
10
10
10
10
10
10
10
10
10
10
10
10
10
10
10
10
10
10
10
10
10
10
10
10
10
10
10
10
10
10
10
10
10
10
10
10
10
10
10
10
10
10
10
10
10
10
10
10
10
10
10
10
10
10
10
10
10
10
10
10
10
10
10
10
10
10
10
10
10
10
10
10
10
10
10
10
10
10
10
10
10
10
10
10
10
10
10
10
10
10
10
10
10
10
10
10
10
10
10
10
10
10
10
10
10
10
10
10
10
10
10
10
10
10
10
10
10
10
10
10
10
10
10
10
10
10
10
10
10
10
10
10
10
10
10
10
10
10
10
10
10
10
10
10
10
10
10
10
10
10
10
10
10
10
10
10
10
10
10
10
10
10
10
10
10
10
10
10
10
10
10
10
10
10
10
10
10
10
10
10
10
10
10
10
10
10
10
10
10
10
10
10
10
10
10
10
10
10
10
10
10
10
10
10
10
10
10
10
10
10
10
10
10
10
10
10
10
10
10
10
10
10
10
10
10
10
10
10
10
10
10
10
10
10
10
10
10
10
10
10
10
10
10
10
10
10
10
10
10
10
10
10
10
10
10
10
10
10
10
10
10
10
10
10
10
10
10
10
10
10
10
10
10
10
10
10
10
10
10
10
10
10
10
10
10
10
10
10
10
10
10
10
10
10
10
10
10
10
10
10
10
10
10
10
10
10
10
10
10
10
10
10
10
10
10
10
10
10
10
10
10
10
10
10
10
10
10
10
10
10
10
10
10
10
10
10
10
10
10
10
10
10
10
10
10
10
10
10
10
10
10
10
10
10
10
10
10
10
10
10
10
10
10
10
10
10
10
10
10
10
10
10
10
10
10
10
10
10
10
10
10
10
10
10
10
10
10
10
10
10
10
10
10
10
10
10
10
10
10
10
10
10
10
10
10
10
10
10
10
10
10
10
10
10
10
10
10
10
10
10
10
10
10
10
10
10
10
10
10
10
10
10
10
10
10
10
10
10
10
10
10
10
10
10
10
10
10
10
10
10
10
10
10
10
10
10
10
10
10
10
10
10
10
10
10
10
10
10
10
10
10
10
10
10
10
10
10
10
10
10
10
10
10
10
10
10
10
10
10
10
10
10
10
10
10
10
10
10
10
10
10
10
10
10
10
10
10
10
10
10
10
10
10
10
10
10
10
10
10
10
10
10
10
10
10
10
10
10
10
10
10
10
10
10
10
10
10
10
10
10
10
10
10
10
10
10
10
10
10
10
10
10
10
10
10
10
10
10
10
10
10
10
10
10
10
10
10
10
10
10
10
10
10
10
10
10
10
10
10
10
10
10
10
10
10
10
10
10
10
10
10
10
10
10
10
10
10
10
10
10
10
10
10
10
10
10
10
10
10
10
10
10
10
10
10
10
10
10
10
10
10
10
10
10
10
10
10
10
10
10
10
10
10
10
10
10
10
10
10
10
10
10
10
10
10
10
10
10
10
10
10
10
10
10
10
10
10
10
10
10
10
10
10
10
10
10
10
10
10
10
10
10
10
10
10
10
10
10
10
10
10
10
10
10
10
10
10
10
10
10
10
10
10
10
10
10
10
10
10
10
10
10
10
10
10
10
10
10
10
10
10
10
10
10
10
10
10
10
10
10
10
10
10
10
10
10
10
10
10
10
10
10
10
10
10
10
10
10
10
10
10
10
10
10
10
10
10
10
10
10
10
10
10
10
10
10
10
10
10
10
10
10
10
10
10
10
10
10
10
10
10
10
10
10
10
10
10
10
10
10
10
10
10
10
10
10
10
10
10
10
10
10
10
10
10
10
10
10
10
10
10
10
10
10
10
10
10
10
10
10
10
10
10
10
10
10
10
10
10
10
10
10
10
10
10
10
10
10
10
10
10
10
10
10
10
10
10
10
10
10
10
10
10
10
10
10
10
10
10
10
10
10
10
10
10
10
10
10
10
10
10
10
10
10
10
10
10
10
10
10
10
10
10
10
10
10
10
10
10
10
10
10
10
10
10
10
10
10
10
10
10
10
10
10
10
10
10
10
10
10
10
10
10
10
10
10
10
10
10
10
10
10
10
10
10
10
10
10
10
10
10
10
10
10
10
10
10
10
10
10
10
10
10
10
10
10
10
10
10
10
10
10
10
10
10
10
10
10
10
10
10
10
10
10
10
10
10
10
10
10
10
10
10
10
10
10
10
10
10
10
10
10
10
10
10
10
10
10
10
10
10
10
10
10
10
10
10
10
10
10
10
10
10
10
10
10
10
10
10
10
10
10
10
10
10
10
10
10
10
10
10
10
10
10
10
10
10
10
10
10
10
10
10
10
10
10
10
10
10
10
10
10
10
10
10
10
10
10
10
10
10
10
10
10
10
10
10
10
10
10
10
10
10
10
10
10
10
10
10
10
10
10
10
10
10
10
10
10
10
10
10
10
10
10
10
10
10
10
10
10
10
10
10
10
10
10
10
10
10
10
10
10
10
10
10
10
10
10
10
10
10
10
10
10
10
10
10
10
10
10
10
10
10
10
10
10
10
10
10
10
10
10
10
10
10
10
10
10
10
10
10
10
10
10
10
10
10
10
10
10
10
10
10
10
10
10
10
10
10
10
10
10
10
10
10
10
10
10
10
10
10
10
10
10
10
10
10
10
10
10
10
10
10
10
10
10
10
10
10
10
10
10
10
10
10
10
10
10
10
10
10
10
10
10
10
10
10
10
10
10
10
10
10
10
10
10
10
10
10
10
10
10
10
10
10
10
10
10
10
10
10
10
10
10
10
10
10
10
10
10
10
10
10
10
10
10
10
10
10
10
10
10
10
10
10
10
10
10
10
10
10
10
10
10
10
10
10
10
10
10
10
10
10
10
10
10
10
10
10
10
10
10
10
10
10
10
10
10
10
10
10
10
10
10
10
10
10
10
10
10
10
10
10
10
10
10
10
10
10
10
10
10
10
10
10
10
10
10
10
10
10
10
10
10
10
10
10
10
10
10
10
10
10
10
10
10
10
10
10
10
10
10
10
10
10
10
10
10
10
10
10
10
10
10
10
10
10
10
10
10
10
10
10
10
10
10
10
10
10
10
10
10
10
10
10
10
10
10
10
10
10
10
10
10
10
10
10
10
10
10
10
10
10
10
10
10
10
10
10
10
10
10
10
10
10
10
10
10
10
10
10
10
10
10
10
10
10
10
10
10
10
10
10
10
10
10
10
10
10
10
10
10
10
10
10
10
10
10
10
10
10
10
10
10
10
10
10
10
10
10
10
10
10
10
10
10
10
10
10
10
10
10
10
10
10
10
10
10
10
10
10
10
10
10
10
10
10
10
10
10
10
10
10
10
10
10
10
10
10
10
10
10
10
10
10
10
10
10
10
10
10
10
10
10
10
10
10
10
10
10
10
10
10
10
10
10
10
10
10
10
10
10
10
10
10
10
10
10
10
10
10
10
10
10
10
10
10
10
10
10
10
10
10
10
10
10
10
10
10
10
10
10
10
10
10
10
10
10
10
10
10
10
10
10
10
10
10
10
10
10
10
10
10
10
10
10
10
10
10
10
10
10
10
10
10
10
10
10
10
10
10
10
10
10
10
10
10
10
10
10
10
10
10
10
10
10
10
10
10
10
10
10
10
10
10
10
10
10
10
10
10
10
10
10
10
10
10
10
10
10
10
10
10
10
10
10
10
10
10
10
10
10
10
10
10
10
10
10
10
10
10
10
10
10
10
10
10
10
10
10
10
10
10
10
10
10
10
10
10
10
10
10
10
10
10
10
10
10
10
10
10
10
10
10
10
10
10
10
10
10
10
10
10
10
10
10
10
10
10
10
10
10
10
10
10
10
10
10
10
10
10
10
10
10
10
10
10
10
10
10
10
10
10
10
10
10
10
10
10
10
10
10
10
10
10
10
10
10
10
10
10
10
10
10
10
10
10
10
10
10
10
10
10
10
10
10
10
10
10
10
10
10
10
10
10
10
10
10
10
10
10
10
10
10
10
10
10
10
10
10
10
10
10
10
10
10
10
10
10
10
10
10
10
10
10
10
10
10
10
10
10
10
10
10
10
10
10
10
10
10
10
10
10
10
10
10
10
10
10
10
10
10
10
10
10
10
10
10
10
10
10
10
10
10
10
10
10
10
10
10
10
10
10
10
10
10
10
10
10
10
10
10
10
10
10
10
10
10
10
10
10
10
10
10
10
10
10
10
10
10
10
10
10
10
10
10
10
10
10
10
10
10
10
10
10
10
10
10
10
10
10
10
10
10
10
10
10
10
10
10
10
10
10
10
10
10
10
10
10
10
10
10
10
10
10
10
10
10
10
10
10
10
10
10
10
10
10
10
10
10
10
10
10
10
10
10
10
10
10
10
10
10
10
10
10
10
10
10
10
10
10
10
10
10
10
10
10
10
10
10
10
10
10
10
10
10
10
10
10
10
10
10
10
10
10
10
10
10
10
10
10
10
10
10
10
10
10
10
10
10
10
10
10
10
10
10
10
10
10
10
10
10
10
10
10
10
10
10
10
10
10
10
10
10
10
10
10
10
10
10
10
10
10
10
10
10
10
10
10
10
10
10
10
10
10
10
10
10
10
10
10
10
10
10
10
10
10
10
10
10
10
10
10
10
10
10
10
10
10
10
10
10
10
10
10
10
10
10
10
10
10
10
10
10
10
10
10
10
10
10
10
10
10
10
10
10
10
10
10
10
10
10
10
10
10
10
10
10
10
10
10
10
10
10
10
10
10
10
10
10
10
10
10
10
10
10
10
10
10
10
10
10
10
10
10
10
10
10
10
10
10
10
10
10
10
10
10
10
10
10
10
10
10
10
10
10
10
10
10
10
10
10
10
10
10
10
10
10
10
10
10
10
10
10
10
10
10
10
10
10
10
10
10
10
10
10
10
10
10
10
10
10
10
10
10
10
10
10
10
10
10
10
10
10
10
10
10
10
10
10
10
10
10
10
10
10
10
10
10
10
10
10
10
10
10
10
10
10
10
10
10
10
10
10
10
10
10
10
10
10
10
10
10
10
10
10
10
10
10
10
10
10
10
10
10
10
10
10
10
10
10
10
10
10
10
10
10
10
10
10
10
10
10
10
10
10
10
10
10
10
10
10
10
10
10
10
10
10
10
10
10
10
10
10
10
10
10
10
10
10
10
10
10
10
10
10
10
10
10
10
10
10
10
10
10
10
10
10
10
10
10
10
10
10
10
10
10
10
10
10
10
10
10
10
10
10
10
10
10
10
10
10
10
10
10
10
10
10
10
10
10
10
10
10
10
10
10
10
10
10
10
10
10
10
10
10
10
10
10
10
10
10
10
10
10
10
10
10
10
10
10
10
10
10
10
10
10
10
10
10
10
10
10
10
10
10
10
10
10
10
10
10
10
10
10
10
10
10
10
10
10
10
10
10
10
10
10
10
10
10
10
10
10
10
10
10
10
10
10
10
10
10
10
10
10
10
10
10
10
10
10
10
10
10
10
10
10
10
10
10
10
10
10
10
10
10
10
10
10
10
10
10
10
10
10
10
10
10
10
10
10
10
10
10
10
10
10
10
10
10
10
10
10
10
10
10
10
10
10
10
10
10
10
10
10
10
10
10
10
10
10
10
10
10
10
10
10
10
10
10
10
10
10
10
10
10
10
10
10
10
10
10
10
10
10
10
10
10
10
10
10
10
10
10
10
10
10
10
10
10
10
10
10
10
10
10
10
10
10
10
10
10
10
10
10
10
10
10
10
10
10
10
10
10
10
10
10
10
10
10
10
10
10
10
10
10
10
10
10
10
10
10
10
10
10
10
10
10
10
10
10
10
10
10
10
10
10
10
10
10
10
10
10
10
10
10
10
10
10
10
10
10
10
10
10
10
10
10
10
10
10
10
10
10
10
10
10
10
10
10
10
10
10
10
10
10
10
10
10
10
10
10
10
10
10
10
10
10
10
10
10
10
10
10
10
10
10
10
10
10
10
10
10
10
10
10
10
10
10
10
10
10
10
10
10
10
10
10
10
10
10
10
10
10
10
10
10
10
10
10
10
10
10
10
10
10
10
10
10
10
10
10
10
10
10
10
10
10
10
10
10
10
10
10
10
10
10
10
10
10
10
10
10
10
10
10
10
10
10
10
10
10
10
10
10
10
10
10
10
10
10
10
10
10
10
10
10
10
10
10
10
10
10
10
10
10
10
10
10
10
10
10
10
10
10
10
10
10
10
10
10
10
10
10
10
10
10
10
10
10
10
10
10
10
10
10
10
10
10
10
10
10
10
10
10
10
10
10
10
10
10
10
10
10
10
10
10
10
10
10
10
10
10
10
10
10
10
10
10
10
10
10
10
10
10
10
10
10
10
10
10
10
10
10
10
10
10
10
10
10
10
10
10
10
10
10
10
10
10
10
10
10
10
10
10
10
10
10
10
10
10
10
10
10
10
10
10
10
10
10
10
10
10
10
10
10
10
10
10
10
10
10
10
10
10
10
10
10
10
10
10
10
10
10
10
10
10
10
10
10
10
10
10
10
10
10
10
10
10
10
10
10
10
10
10
10
10
10
10
10
10
10
10
10
10
10
10
10
10
10
10
10
10
10
10
10
10
10
10
10
10
10
10
10
10
10
10
10
10
10
10
10
10
10
10
10
10
10
10
10
10
10
10
10
10
10
10
10
10
10
10
10
10
10
10
10
10
10
10
10
10
10
10
10
10
10
10
10
10
10
10
10
10
10
10
10
10
10
10
10
10
10
10
10
10
10
10
10
10
10
10
10
10
10
10
10
10
10
10
10
10
10
10
10
10
10
10
10
10
10
10
10
10
10
10
10
10
10
10
10
10
10
10
10
10
10
10
10
10
10
10
10
10
10
10
10
10
10
10
10
10
10
10
10
10
10
10
10
10
10
10
10
10
10
10
10
10
10
10
10
10
10
10
10
10
10
10
10
10
10
10
10
10
10
10
10
10
10
10
10
10
10
10
10
10
10
10
10
10
10
10
10
10
10
10
10
10
10
10
10
10
10
10
10
10
10
10
10
10
10
10
10
10
10
10
10
10
10
10
10
10
10
10
10
10
10
10
10
10
10
10
10
10
10
10
10
10
10
10
10
10
10
10
10
10
10
10
10
10
10
10
10
10
10
10
10
10
10
10
10
10
10
10
10
10
10
10
10
10
10
10
10
10
10
10
10
10
10
10
10
10
10
10
10
10
10
10
10
10
10
10
10
10
10
10
10
10
10
10
10
10
10
10
10
10
10
10
10
10
10
10
10
10
10
10
10
10
10
10
10
10
10
10
10
10
10
10
10
10
10
10
10
10
10
10
10
10
10
10
10
10
10
10
10
10
10
10
10
10
10
10
10
10
10
10
10
10
10
10
10
10
10
10
10
10
10
10
10
10
10
10
10
10
10
10
10
10
10
10
10
10
10
10
10
10
10
10
10
10
10
10
10
10
10
10
10
10
10
10
10
10
10
10
10
10
10
10
10
10
10
10
10
10
10
10
10
10
10
10
10
10
10
10
10
10
10
10
10
10
10
10
10
10
10
10
10
10
10
10
10
10
10
10
10
10
10
10
10
10
10
10
10
10
10
10
10
10
10
10
10
10
10
10
10
10
10
10
10
10
10
10
10
10
10
10
10
10
10
10
10
10
10
10
10
10
10
10
10
10
10
10
10
10
10
10
10
10
10
10
10
10
10
10
10
10
10
10
10
10
10
10
10
10
10
10
10
10
10
10
10
10
10
10
10
10
10
10
10
10
10
10
10
10
10
10
10
10
10
10
10
10
10
10
10
10
10
10
10
10
10
10
10
10
10
10
10
10
10
10
10
10
10
10
10
10
10
10
10
10
10
10
10
10
10
10
10
10
10
10
10
10
10
10
10
10
10
10
10
10
10
10
10
10
10
10
10
10
10
10
10
10
10
10
10
10
10
10
10
10
10
10
10
10
10
10
10
10
10
10
10
10
10
10
10
10
10
10
10
10
10
10
10
10
10
10
10
10
10
10
10
10
10
10
10
10
10
10
10
10
10
10
10
10
10
10
10
10
10
10
10
10
10
10
10
10
10
10
10
10
10
10
10
10
10
10
10
10
10
10
10
10
10
10
10
10
10
10
10
10
10
10
10
10
10
10
10
10
10
10
10
10
10
10
10
10
10
10
10
10
10
10
10
10
10
10
10
10
10
10
10
10
10
10
10
10
10
10
10
10
10
10
10
10
10
10
10
10
10
10
10
10
10
10
10
10
10
10
10
10
10
10
10
10
10
10
10
10
10
10
10
10
10
10
10
10
10
10
10
10
10
10
10
10
10
10
10
10
10
10
10
10
10
10
10
10
10
10
10
10
10
10
10
10
10
10
10
10
10
10
10
10
10
10
10
10
10
10
10
10
10
10
10
10
10
10
10
10
10
10
10
10
10
10
10
10
10
10
10
10
10
10
10
10
10
10
10
10
10
10
10
10
10
10
10
10
10
10
10
10
10
10
10
10
10
10
10
10
10
10
10
10
10
10
10
10
10
10
10
10
10
10
10
10
10
10
10
10
10
10
10
10
10
10
10
10
10
10
10
10
10
10
10
10
10
10
10
10
10
10
10
10
10
10
10
10
10
10
10
10
10
10
10
10
10
10
10
10
10
10
10
10
10
10
10
10
10
10
10
10
10
10
10
10
10
10
10
10
10
10
10
10
10
10
10
10
10
10
10
10
10
10
10
10
10
10
10
10
10
10
10
10
10
10
10
10
10
10
10
10
10
10
10
10
10
10
10
10
10
10
10
10
10
10
10
10
10
10
10
10
10
10
10
10
10
10
10
10
10
10
10
10
10
10
10
10
10
10
10
10
10
10
10
10
10
10
10
10
10
10
10
10
10
10
10
10
10
10
10
10
10
10
10
10
10
10
10
10
10
10
10
10
10
10
10
10
10
10
10
10
10
10
10
10
10
10
10
10
10
10
10
10
10
10
10
10
10
10
10
10
10
10
10
10
10
10
10
10
10
10
10
10
10
10
10
10
10
10
10
10
10
10
10
10
10
10
10
10
10
10
10
10
10
10
10
10
10
10
10
10
10
10
10
10
10
10
10
10
10
10
10
10
10
10
10
10
10
10
10
10
10
10
10
10
10
10
10
10
10
10
10
10
10
10
10
10
10
10
10
10
10
10
10
10
10
10
10
10
10
10
10
10
10
10
10
10
10
10
10
10
10
10
10
10
10
10
10
10
10
10
10
10
10
10
10
10
10
10
10
10
10
10
10
10
10
10
10
10
10
10
10
10
10
10
10
10
10
10
10
10
10
10
10
10
10
10
10
10
10
10
10
10
10
10
10
10
10
10
10
10
10
10
10
10
10
10
10
10
10
10
10
10
10
10
10
10
10
10
10
10
10
10
10
10
10
10
10
10
10
10
10
10
10
10
10
10
10
10
10
10
10
10
10
10
10
10
10
10
10
10
10
10
10
10
10
10
10
10
10
10
10
10
10
10
10
10
10
10
10
10
10
10
10
10
10
10
10
10
10
10
10
10
10
10
10
10
10
10
10
10
10
10
10
10
10
10
10
10
10
10
10
10
10
10
10
10
10
10
10
10
10
10
10
10
10
10
10
10
10
10
10
10
10
10
10
10
10
10
10
10
10
10
10
10
10
10
10
10
10
10
10
10
10
10
10
10
10
10
10
10
10
10
10
10
10
10
10
10
10
10
10
10
10
10
10
10
10
10
10
10
10
10
10
10
10
10
10
10
10
10
10
10
10
10
10
10
10
10
10
10
10
10
10
10
10
10
10
10
10
10
10
10
10
10
10
10
10
10
10
10
10
10
10
10
10
10
10
10
10
10
10
10
10
10
10
10
10
10
10
10
10
10
10
10
10
10
10
10
10
10
10
10
10
10
10
10
10
10
10
10
10
10
10
10
10
10
10
10
10
10
10
10
10
10
10
10
10
10
10
10
10
10
10
10
10
10
10
10
10
10
10
10
10
10
10
10
10
10
10
10
10
10
10
10
10
10
10
10
10
10
10
10
10
10
10
10
10
10
10
10
10
10
10
10
10
10
10
10
10
10
10
10
10
10
10
10
10
10
10
10
10
10
10
10
10
10
10
10
10
10
10
10
10
10
10
10
10
10
10
10
10
10
10
10
10
10
10
10
10
10
10
10
10
10
10
10
10
10
10
10
10
10
10
10
10
10
10
10
10
10
10
10
10
10
10
10
10
10
10
10
10
10
10
10
10
10
10
10
10
10
10
10
10
10
10
10
10
10
10
10
10
10
10
10
10
10
10
10
10
10
10
10
10
10
10
10
10
10
10
10
10
10
10
10
10
10
10
10
10
10
10
10
10
10
10
10
10
10
10
10
10
10
10
10
10
10
10
10
10
10
10
10
10
10
10
10
10
10
10
10
10
10
10
10
10
10
10
10
10
10
10
10
10
10
10
10
10
10
10
10
10
10
10
10
10
10
10
10
10
10
10
10
10
10
10
10
10
10
10
10
10
10
10
10
10
10
10
10
10
10
10
10
10
10
10
10
10
10
10
10
10
10
10
10
10
10
10
10
10
10
10
10
10
10
10
10
10
10
10
10
10
10
10
10
10
10
10
10
10
10
10
10
10
10
10
10
10
10
10
10
10
10
10
10
10
10
10
10
10
10
10
10
10
10
10
10
10
10
10
10
10
10
10
10
10
10
10
10
10
10
10
10
10
10
10
10
10
10
10
10
10
10
10
10
10
10
10
10
10
10
10
10
10
10
10
10
10
10
10
10
10
10
10
10
10
10
10
10
10
10
10
10
10
10
10
10
10
10
10
10
10
10
10
10
10
10
10
10
10
10
10
10
10
10
10
10
10
10
10
10
10
10
10
10
10
10
10
10
10
10
10
10
10
10
10
10
10
10
10
10
10
10
10
10
10
10
10
10
10
10
10
10
10
10
10
10
10
10
10
10
10
10
10
10
10
10
10
10
10
10
10
10
10
10
10
10
10
10
10
10
10
10
10
10
10
10
10
10
10
10
10
10
10
10
10
10
10
10
10
10
10
10
10
10
10
10
10
10
10
10
10
10
10
10
10
10
10
10
10
10
10
10
10
10
10
10
10
10
10
10
10
10
10
10
10
10
10
10
10
10
10
10
10
10
10
10
10
10
10
10
10
10
10
10
10
10
10
10
10
10
10
10
10
10
10
10
10
10
10
10
10
10
10
10
10
10
10
10
10
10
10
10
10
10
10
10
10
10
10
10
10
10
10
10
10
10
10
10
10
10
10
10
10
10
10
10
10
10
10
10
10
10
10
10
10
10
10
10
10
10
10
10
10
10
10
10
10
10
10
10
10
10
10
10
10
10
10
10
10
10
10
10
10
10
10
10
10
10
10
10
10
10
10
10
10
10
10
10
10
10
10
10
10
10
10
10
10
10
10
10
10
10
10
10
10
10
10
10
10
10
10
10
10
10
10
10
10
10
10
10
10
10
10
10
10
10
10
10
10
10
10
10
10
10
10
10
10
10
10
10
10
10
10
10
10
10
10
10
10
10
10
10
10
10
10
10
10
10
10
10
10
10
10
10
10
10
10
10
10
10
10
10
10
10
10
10
10
10
10
10
10
10
10
10
10
10
10
10
10
10
10
10
10
10
10
10
10
10
10
10
10
10
10
10
10
10
10
10
10
10
10
10
10
10
10
10
10
10
10
10
10
10
10
10
10
10
10
10
10
10
10
10
10
10
10
10
10
10
10
10
10
10
10
10
10
10
10
10
10
10
10
10
10
10
10
10
10
10
10
10
10
10
10
10
10
10
10
10
10
10
10
10
10
10
10
10
10
10
10
10
10
10
10
10
10
10
10
10
10
10
10
10
10
10
10
10
10
10
10
10
10
10
10
10
10
10
10
10
10
10
10
10
10
10
10
10
10
10
10
10
10
10
10
10
10
10
10
10
10
10
10
10
10
10
10
10
10
10
10
10
10
10
10
10
10
10
10
10
10
10
10
10
10
10
10
10
10
10
10
10
10
10
10
10
10
10
10
10
10
10
10
10
10
10
10
10
10
10
10
10
10
10
10
10
10
10
10
10
10
10
10
10
10
10
10
10
10
10
10
10
10
10
10
10
10
10
10
10
10
10
10
10
10
10
10
10
10
10
10
10
10
10
10
10
10
10
10
10
10
10
10
10
10
10
10
10
10
10
10
10
10
10
10
10
10
10
10
10
10
10
10
10
10
10
10
10
10
10
10
10
10
10
10
10
10
10
10
10
10
10
10
10
10
10
10
10
10
10
10
10
10
10
10
10
10
10
10
10
10
10
10
10
10
10
10
10
10
10
10
10
10
10
10
10
10
10
10
10
10
10
10
10
10
10
10
10
10
10
10
10
10
10
10
10
10
10
10
10
10
10
10
10
10
10
10
10
10
10
10
10
10
10
10
10
10
10
10
10
10
10
10
10
10
10
10
10
10
10
10
10
10
10
10
10
10
10
10
10
10
10
10
10
10
10
10
10
10
10
10
10
10
10
10
10
10
10
10
10
10
10
10
10
10
10
10
10
10
10
10
10
10
10
10
10
10
10
10
10
10
10
10
10
10
10
10
10
10
10
10
10
10
10
10
10
10
10
10
10
10
10
10
10
10
10
10
10
10
10
10
10
10
10
10
10
10
10
10
10
10
10
10
10
10
10
10
10
10
10
10
10
10
10
10
10
10
10
10
10
10
10
10
10
10
10
10
10
10
10
10
10
10
10
10
10
10
10
10
10
10
10
10
10
10
10
10
10
10
10
10
10
10
10
10
10
10
10
10
10
10
10
10
10
10
10
10
10
10
10
10
10
10
10
10
10
10
10
10
10
10
10
10
10
10
10
10
10
10
10
10
10
10
10
10
10
10
10
10
10
10
10
10
10
10
10
10
10
10
10
10
10
10
10
10
10
10
10
10
10
10
10
10
10
10
10
10
10
10
10
10
10
10
10
10
10
10
10
10
10
10
10
10
10
10
10
10
10
10
10
10
10
10
10
10
10
10
10
10
10
10
10
10
10
10
10
10
10
10
10
10
10
10
10
10
10
10
10
10
10
10
10
10
10
10
10
10
10
10
10
10
10
10
10
10
10
10
10
10
10
10
10
10
10
10
10
10
10
10
10
10
10
10
10
10
10
10
10
10
10
10
10
10
10
10
10
10
10
10
10
10
10
10
10
10
10
10
10
10
10
10
10
10
10
10
10
10
10
10
10
10
10
10
10
10
10
10
10
10
10
10
10
10
10
10
10
10
10
10
10
10
10
10
10
10
10
10
10
10
10
10
10
10
10
10
10
10
10
10
10
10
10
10
10
10
10
10
10
10
10
10
10
10
10
10
10
10
10
10
10
10
10
10
10
10
10
10
10
10
10
10
10
10
10
10
10
10
10
10
10
10
10
10
10
10
10
10
10
10
10
10
10
10
10
10
10
10
10
10
10
10
10
10
10
10
10
10
10
10
10
10
10
10
10
10
10
10
10
10
10
10
10
10
10
10
10
10
10
10
10
10
10
10
10
10
10
10
10
10
10
10
10
10
10
10
10
10
10
10
10
10
10
10
10
10
10
10
10
10
10
10
10
10
10
10
10
10
10
10
10
10
10
10
10
10
10
10
10
10
10
10
10
10
10
10
10
10
10
10
10
10
10
10
10
10
10
10
10
10
10
10
10
10
10
10
10
10
10
10
10
10
10
10
10
10
10
10
10
10
10
10
10
10
10
10
10
10
10
10
10
10
10
10
10
10
10
10
10
10
10
10
10
10
10
10
10
10
10
10
10
10
10
10
10
10
10
10
10
10
10
10
10
10
10
10
10
10
10
10
10
10
10
10
10
10
10
10
10
10
10
10
10
10
10
10
10
10
10
10
10
10
10
10
10
10
10
10
10
10
10
10
10
10
10
10
10
10
10
10
10
10
10
10
10
10
10
10
10
10
10
10
10
10
10
10
10
10
10
10
10
10
10
10
10
10
10
10
10
10
10
10
10
10
10
10
10
10
10
10
10
10
10
10
10
10
10
10
10
10
10
10
10
10
10
10
10
10
10
10
10
10
10
10
10
10
10
10
10
10
10
10
10
10
10
10
10
10
10
10
10
10
10
10
10
10
10
10
10
10
10
10
10
10
10
10
10
10
10
10
10
10
10
10
10
10
10
10
10
10
10
10
10
10
10
10
10
10
10
10
10
10
10
10
10
10
10
10
10
10
10
10
10
10
10
10
10
10
10
10
10
10
10
10
10
10
10
10
10
10
10
10
10
10
10
10
10
10
10
10
10
10
10
10
10
10
10
10
10
10
10
10
10
10
10
10
10
10
10
10
10
10
10
10
10
10
10
10
10
10
10
10
10
10
10
10
10
10
10
10
10
10
10
10
10
10
10
10
10
10
10
10
10
10
10
10
10
10
10
10
10
10
10
10
10
10
10
10
10
10
10
10
10
10
10
10
10
10
10
10
10
10
10
10
10
10
10
10
10
10
10
10
10
10
10
10
10
10
10
10
10
10
10
10
10
10
10
10
10
10
10
10
10
10
10
10
10
10
10
10
10
10
10
10
10
10
10
10
10
10
10
10
10
10
10
10
10
10
10
10
10
10
10
10
10
10
10
10
10
10
10
10
10
10
10
10
10
10
10
10
10
10
10
10
10
10
10
10
10
10
10
10
10
10
10
10
10
10
10
10
10
10
10
10
10
10
10
10
10
10
10
10
10
10
10
10
10
10
10
10
10
10
10
10
10
10
10
10
10
10
10
10
10
10
10
10
10
10
10
10
10
10
10
10
10
10
10
10
10
10
10
10
10
10
10
10
10
10
10
10
10
10
10
10
10
10
10
10
10
10
10
10
10
10
10
10
10
10
10
10
10
10
10
10
10
10
10
10
10
10
10
10
10
10
10
10
10
10
10
10
10
10
10
10
10
10
10
10
10
10
10
10
10
10
10
10
10
10
10
10
10
10
10
10
10
10
10
10
10
10
10
10
10
10
10
10
10
10
10
10
10
10
10
10
10
10
10
10
10
10
10
10
10
10
10
10
10
10
10
10
10
10
10
10
10
10
10
10
10
10
10
10
10
10
10
10
10
10
10
10
10
10
10
10
10
10
10
10
10
10
10
10
10
10
10
10
10
10
10
10
10
10
10
10
10
10
10
10
10
10
10
10
10
10
10
10
10
10
10
10
10
10
10
10
10
10
10
10
10
10
10
10
10
10
10
10
10
10
10
10
10
10
10
10
10
10
10
10
10
10
10
10
10
10
10
10
10
10
10
10
10
10
10
10
10
10
10
10
10
10
10
10
10
10
10
10
10
10
10
10
10
10
10
10
10
10
10
10
10
10
10
10
10
10
10
10
10
10
10
10
10
10
10
10
10
10
10
10
10
10
10
10
10
10
10
10
10
10
10
10
10
10
10
10
10
10
10
10
10
10
10
10
10
10
10
10
10
10
10
10
10
10
10
10
10
10
10
10
10
10
10
10
10
10
10
10
10
10
10
10
10
10
10
10
10
10
10
10
10
10
10
10
10
10
10
10
10
10
10
10
10
10
10
10
10
10
10
10
10
10
10
10
10
10
10
10
10
10
10
10
10
10
10
10
10
10
10
10
10
10
10
10
10
10
10
10
10
10
10
10
10
10
10
10
10
10
10
10
10
10
10
10
10
10
10
10
10
10
10
10
10
10
10
10
10
10
10
10
10
10
10
10
10
10
10
10
10
10
10
10
10
10
10
10
10
10
10
10
10
10
10
10
10
10
10
10
10
10
10
10
10
10
10
10
10
10
10
10
10
10
10
10
10
10
10
10
10
10
10
10
10
10
10
10
10
10
10
10
10
10
10
10
10
10
10
10
10
10
10
10
10
10
10
10
10
10
10
10
10
10
10
10
10
10
10
10
10
10
10
10
10
10
10
10
10
10
10
10
10
10
10
10
10
10
10
10
10
10
10
10
10
10
10
10
10
10
10
10
10
10
10
10
10
10
10
10
10
10
10
10
10
10
10
10
10
10
10
10
10
10
10
10
10
10
10
10
10
10
10
10
10
10
10
10
10
10
10
10
10
10
10
10
10
10
10
10
10
10
10
10
10
10
10
10
10
10
10
10
10
10
10
10
10
10
10
10
10
10
10
10
10
10
10
10
10
10
10
10
10
10
10
10
10
10
10
10
10
10
10
10
10
10
10
10
10
10
10
10
10
10
10
10
10
10
10
10
10
10
10
10
10
10
10
10
10
10
10
10
10
10
10
10
10
10
10
10
10
10
10
10
10
10
10
10
10
10
10
10
10
10
10
10
10
10
10
10
10
10
10
10
10
10
10
10
10
10
10
10
10
10
10
10
10
10
10
10
10
10
10
10
10
10
10
10
10
10
10
10
10
10
10
10
10
10
10
10
10
10
10
10
10
10
10
10
10
10
10
10
10
10
10
10
10
10
10
10
10
10
10
10
10
10
10
10
10
10
10
10
10
10
10
10
10
10
10
10
10
10
10
10
10
10
10
10
10
10
10
10
10
10
10
10
10
10
10
10
10
10
10
10
10
10
10
10
10
10
10
10
10
10
10
10
10
10
10
10
10
10
10
10
10
10
10
10
10
10
10
10
10
10
10
10
10
10
10
10
10
10
10
10
10
10
10
10
10
10
10
10
10
10
10
10
10
10
10
10
10
10
10
10
10
10
10
10
10
10
10
10
10
10
10
10
10
10
10
10
10
10
10
10
10
10
10
10
10
10
10
10
10
10
10
10
10
10
10
10
10
10
10
10
10
10
10
10
10
10
10
10
10
10
10
10
10
10
10
10
10
10
10
10
10
10
10
10
10
10
10
10
10
10
10
10
10
10
10
10
10
10
10
10
10
10
10
10
10
10
10
10
10
10
10
10
10
10
10
10
10
10
10
10
10
10
10
10
10
10
10
10
10
10
10
10
10
10
10
10
10
10
10
10
10
10
10
10
10
10
10
10
10
10
10
10
10
10
10
10
10
10
10
10
10
10
10
10
10
10
10
10
10
10
10
10
10
10
10
10
10
10
10
10
10
10
10
10
10
10
10
10
10
10
10
10
10
10
10
10
10
10
10
10
10
10
10
10
10
10
10
10
10
10
10
10
10
10
10
10
10
10
10
10
10
10
10
10
10
10
10
10
10
10
10
10
10
10
10
10
10
10
10
10
10
10
10
10
10
10
10
10
10
10
10
10
10
10
10
10
10
10
10
10
10
10
10
10
10
10
10
10
10
10
10
10
10
10
10
10
10
10
10
10
10
10
10
10
10
10
10
10
10
10
10
10
10
10
10
10
10
10
10
10
10
10
10
10
10
10
10
10
10
10
10
10
10
10
10
10
10
10
10
10
10
10
10
10
10
10
10
10
10
10
10
10
10
10
10
10
10
10
10
10
10
10
10
10
10
10
10
10
10
10
10
10
10
10
10
10
10
10
10
10
10
10
10
10
10
10
10
10
10
10
10
10
10
10
10
10
10
10
10
10
10
10
10
10
10
10
10
10
10
10
10
10
10
10
10
10
10
10
10
10
10
10
10
10
10
10
10
10
10
10
10
10
10
10
10
10
10
10
10
10
10
10
10
10
10
10
10
10
10
10
10
10
10
10
10
10
10
10
10
10
10
10
10
10
10
10
10
10
10
10
10
10
10
10
10
10
10
10
10
10
10
10
10
10
10
10
10
10
10
10
10
10
10
10
10
10
10
10
10
10
10
10
10
10
10
10
10
10
10
10
10
10
10
10
10
10
10
10
10
10
10
10
10
10
10
10
10
10
10
10
10
10
10
10
10
10
10
10
10
10
10
10
10
10
10
10
10
10
10
10
10
10
10
10
10
10
10
10
10
10
10
10
10
10
10
10
10
10
10
10
10
10
10
10
10
10
10
10
10
10
10
10
10
10
10
10
10
10
10
10
10
10
10
10
10
10
10
10
10
10
10
10
10
10
10
10
10
10
10
10
10
10
10
10
10
10
10
10
10
10
10
10
10
10
10
10
10
10
10
10
10
10
10
10
10
10
10
10
10
10
10
10
10
10
10
10
10
10
10
10
10
10
10
10
10
10
10
10
10
10
10
10
10
10
10
10
10
10
10
10
10
10
10
10
10
10
10
10
10
10
10
10
10
10
10
10
10
10
10
10
10
10
10
10
10
10
10
10
10
10
10
10
10
10
10
10
10
10
10
10
10
10
10
10
10
10
10
10
10
10
10
10
10
10
10
10
10
10
10
10
10
10
10
10
10
10
10
10
10
10
10
10
10
10
10
10
10
10
10
10
10
10
10
10
10
10
10
10
10
10
10
10
10
10
10
10
10
10
10
10
10
10
10
10
10
10
10
10
10
10
10
10
10
10
10
10
10
10
10
10
10
10
10
10
10
10
10
10
10
10
10
10
10
10
10
10
10
10
10
10
10
10
10
10
10
10
10
10
10
10
10
10
10
10
10
10
10
10
10
10
10
10
10
10
10
10
10
10
10
10
10
10
10
10
10
10
10
10
10
10
10
10
10
10
10
10
10
10
10
10
10
10
10
10
10
10
10
10
10
10
10
10
10
10
10
10
10
10
10
10
10
10
10
10
10
10
10
10
10
10
10
10
10
10
10
10
10
10
10
10
10
10
10
10
10
10
10
10
10
10
10
10
10
10
10
10
10
10
10
10
10
10
10
10
10
10
10
10
10
10
10
10
10
10
10
10
10
10
10
10
10
10
10
10
10
10
10
10
10
10
10
10
10
10
10
10
10
10
10
10
10
10
10
10
10
10
10
10
10
10
10
10
10
10
10
10
10
10
10
10
10
10
10
10
10
10
10
10
10
10
10
10
10
10
10
10
10
10
10
10
10
10
10
10
10
10
10
10
10
10
10
10
10
10
10
10
10
10
10
10
10
10
10
10
10
10
10
10
10
10
10
10
10
10
10
10
10
10
10
10
10
10
10
10
10
10
10
10
10
10
10
10
10
10
10
10
10
10
10
10
10
10
10
10
10
10
10
10
10
10
10
10
10
10
10
10
10
10
10
10
10
10
10
10
10
10
10
10
10
10
10
10
10
10
10
10
10
10
10
10
10
10
10
10
10
10
10
10
10
10
10
10
10
10
10
10
10
10
10
10
10
10
10
10
10
10
10
10
10
10
10
10
10
10
10
10
10
10
10
10
10
10
10
10
10
10
10
10
10
10
10
10
10
10
10
10
10
10
10
10
10
10
10
10
10
10
10
10
10
10
10
10
10
10
10
10
10
10
10
10
10
10
10
10
10
10
10
10
10
10
10
10
10
10
10
10
10
10
10
10
10
10
10
10
10
10
10
10
10
10
10
10
10
10
10
10
10
10
10
10
10
10
10
10
10
10
10
10
10
10
10
10
10
10
10
10
10
10
10
10
10
10
10
10
10
10
10
10
10
10
10
10
10
10
10
10
10
10
10
10
10
10
10
10
10
10
10
10
10
10
10
10
10
10
10
10
10
10
10
10
10
10
10
10
10
10
10
10
10
10
10
10
10
10
10
10
10
10
10
10
10
10
10
10
10
10
10
10
10
10
10
10
10
10
10
10
10
10
10
10
10
10
10
10
10
10
10
10
10
10
10
10
10
10
10
10
10
10
10
10
10
10
10
10
10
10
10
10
10
10
10
10
10
10
10
10
10
10
10
10
10
10
10
10
10
10
10
10
10
10
10
10
10
10
10
10
10
10
10
10
10
10
10
10
10
10
10
10
10
10
10
10
10
10
10
10
10
10
10
10
10
10
10
10
10
10
10
10
10
10
10
10
10
10
10
10
10
10
10
10
10
10
10
10
10
10
10
10
10
10
10
10
10
10
10
10
10
10
10
10
10
10
10
10
10
10
10
10
10
10
10
10
10
10
10
10
10
10
10
10
10
10
10
10
10
10
10
10
10
10
10
10
10
10
10
10
10
10
10
10
10
10
10
10
10
10
10
10
10
10
10
10
10
10
10
10
10
10
10
10
10
10
10
10
10
10
10
10
10
10
10
10
10
10
10
10
10
10
10
10
10
10
10
10
10
10
10
10
10
10
10
10
10
10
10
10
10
10
10
10
10
10
10
10
10
10
10
10
10
10
10
10
10
10
10
10
10
10
10
10
10
10
10
10
10
10
10
10
10
10
10
10
10
10
10
10
10
10
10
10
10
10
10
10
10
10
10
10
10
10
10
10
10
10
10
10
10
10
10
10
10
10
10
10
10
10
10
10
10
10
10
10
10
10
10
10
10
10
10
10
10
10
10
10
10
10
10
10
10
10
10
10
10
10
10
10
10
10
10
10
10
10
10
10
10
10
10
10
10
10
10
10
10
10
10
10
10
10
10
10
10
10
10
10
10
10
10
10
10
10
10
10
10
10
10
10
10
10
10
10
10
10
10
10
10
10
10
10
10
10
10
10
10
10
10
10
10
10
10
10
10
10
10
10
10
10
10
10
10
10
10
10
10
10
10
10
10
10
10
10
10
10
10
10
10
10
10
10
10
10
10
10
10
10
10
10
10
10
10
10
10
10
10
10
10
10
10
10
10
10
10
10
10
10
10
10
10
10
10
10
10
10
10
10
10
10
10
10
10
10
10
10
10
10
10
10
10
10
10
10
10
10
10
10
10
10
10
10
10
10
10
10
10
10
10
10
10
10
10
10
10
10
10
10
10
10
10
10
10
10
10
10
10
10
10
10
10
10
10
10
10
10
10
10
10
10
10
10
10
10
10
10
10
10
10
10
10
10
10
10
10
10
10
10
10
10
10
10
10
10
10
10
10
10
10
10
10
10
10
10
10
10
10
10
10
10
10
10
10
10
10
10
10
10
10
10
10
10
10
10
10
10
10
10
10
10
10
10
10
10
10
10
10
10
10
10
10
10
10
10
10
10
10
10
10
10
10
10
10
10
10
10
10
10
10
10
10
10
10
10
10
10
10
10
10
10
10
10
10
10
10
10
10
10
10
10
10
10
10
10
10
10
10
10
10
10
10
10
10
10
10
10
10
10
10
10
10
10
10
10
10
10
10
10
10
10
10
10
10
10
10
10
10
10
10
10
10
10
10
10
10
10
10
10
10
10
10
10
10
10
10
10
10
10
10
10
10
10
10
10
10
10
10
10
10
10
10
10
10
10
10
10
10
10
10
10
10
10
10
10
10
10
10
10
10
10
10
10
10
10
10
10
10
10
10
10
10
10
10
10
10
10
10
10
10
10
10
10
10
10
10
10
10
10
10
10
10
10
10
10
10
10
10
10
10
10
10
10
10
10
10
10
10
10
10
10
10
10
10
10
10
10
10
10
10
10
10
10
10
10
10
10
10
10
10
10
10
10
10
10
10
10
10
10
10
10
10
10
10
10
10
10
10
10
10
10
10
10
10
10
10
10
10
10
10
10
10
10
10
10
10
10
10
10
10
10
10
10
10
10
10
10
10
10
10
10
10
10
10
10
10
10
10
10
10
10
10
10
10
10
10
10
10
10
10
10
10
10
10
10
10
10
10
10
10
10
10
10
10
10
10
10
10
10
10
10
10
10
10
10
10
10
10
10
10
10
10
10
10
10
10
10
10
10
10
10
10
10
10
10
10
10
10
10
10
10
10
10
10
10
10
10
10
10
10
10
10
10
10
10
10
10
10
10
10
10
10
10
10
10
10
10
10
10
10
10
10
10
10
10
10
10
10
10
10
10
10
10
10
10
10
10
10
10
10
10
10
10
10
10
10
10
10
10
10
10
10
10
10
10
10
10
10
10
10
10
10
10
10
10
10
10
10
10
10
10
10
10
10
10
10
10
10
10
10
10
10
10
10
10
10
10
10
10
10
10
10
10
10
10
10
10
10
10
10
10
10
10
10
10
10
10
10
10
10
10
10
10
10
10
10
10
10
10
10
10
10
10
10
10
10
10
10
10
10
10
10
10
10
10
10
10
10
10
10
10
10
10
10
10
10
10
10
10
10
10
10
10
10
10
10
10
10
10
10
10
10
10
10
10
10
10
10
10
10
10
10
10
10
10
10
10
10
10
10
10
10
10
10
10
10
10
10
10
10
10
10
10
10
10
10
10
10
10
10
10
10
10
10
10
10
10
10
10
10
10
10
10
10
10
10
10
10
10
10
10
10
10
10
10
10
10
10
10
10
10
10
10
10
10
10
10
10
10
10
10
10
10
10
10
10
10
10
10
10
10
10
10
10
10
10
10
10
10
10
10
10
10
10
10
10
10
10
10
10
10
10
10
10
10
10
10
10
10
10
10
10
10
10
10
10
10
10
10
10
10
10
10
10
10
10
10
10
10
10
10
10
10
10
10
10
10
10
10
10
10
10
10
10
10
10
10
10
10
10
10
10
10
10
10
10
10
10
10
10
10
10
10
10
10
10
10
10
10
10
10
10
10
10
10
10
10
10
10
10
10
10
10
10
10
10
10
10
10
10
10
10
10
10
10
10
10
10
10
10
10
10
10
10
10
10
10
10
10
10
10
10
10
10
10
10
10
10
10
10
10
10
10
10
10
10
10
10
10
10
10
10
10
10
10
10
10
10
10
10
10
10
10
10
10
10
10
10
10
10
10
10
10
10
10
10
10
10
10
10
10
10
10
10
10
10
10
10
10
10
10
10
10
10
10
10
10
10
10
10
10
10
10
10
10
10
10
10
10
10
10
10
10
10
10
10
10
10
10
10
10
10
10
10
10
10
10
10
10
10
10
10
10
10
10
10
10
10
10
10
10
10
10
10
10
10
10
10
10
10
10
10
10
10
10
10
10
10
10
10
10
10
10
10
10
10
10
10
10
10
10
10
10
10
10
10
10
10
10
10
10
10
10
10
10
10
10
10
10
10
10
10
10
10
10
10
10
10
10
10
10
10
10
10
10
10
10
10
10
10
10
10
10
10
10
10
10
10
10
10
10
10
10
10
10
10
10
10
10
10
10
10
10
10
10
10
10
10
10
10
10
10
10
10
10
10
10
10
10
10
10
10
10
10
10
10
10
10
10
10
10
10
10
10
10
10
10
10
10
10
10
10
10
10
10
10
10
10
10
10
10
10
10
10
10
10
10
10
10
10
10
10
10
10
10
10
10
10
10
10
10
10
10
10
10
10
10
10
10
10
10
10
10
10
10
10
10
10
10
10
10
10
10
10
10
10
10
10
10
10
10
10
10
10
10
10
10
10
10
10
10
10
10
10
10
10
10
10
10
10
10
10
10
10
10
10
10
10
10
10
10
10
10
10
10
10
10
10
10
10
10
10
10
10
10
10
10
10
10
10
10
10
10
10
10
10
10
10
10
10
10
10
10
10
10
10
10
10
10
10
10
10
10
10
10
10
10
10
10
10
10
10
10
10
10
10
10
10
10
10
10
10
10
10
10
10
10
10
10
10
10
10
10
10
10
10
10
10
10
10
10
10
10
10
10
10
10
10
10
10
10
10
10
10
10
10
10
10
10
10
10
10
10
10
10
10
10
10
10
10
10
10
10
10
10
10
10
10
10
10
10
10
10
10
10
10
10
10
10
10
10
10
10
10
10
10
10
10
10
10
10
10
10
10
10
10
10
10
10
10
10
10
10
10
10
10
10
10
10
10
10
10
10
10
10
10
10
10
10
10
10
10
10
10
10
10
10
10
10
10
10
10
10
10
10
10
10
10
10
10
10
10
10
10
10
10
10
10
10
10
10
10
10
10
10
10
10
10
10
10
10
10
10
10
10
10
10
10
10
10
10
10
10
10
10
10
10
10
10
10
10
10
10
10
10
10
10
10
10
10
10
10
10
10
10
10
10
10
10
10
10
10
10
10
10
10
10
10
10
10
10
10
10
10
10
10
10
10
10
10
10
10
10
10
10
10
10
10
10
10
10
10
10
10
10
10
10
10
10
10
10
10
10
10
10
10
10
10
10
10
10
10
10
10
10
10
10
10
10
10
10
10
10
10
10
10
10
10
10
10
10
10
10
10
10
10
10
10
10
10
10
10
10
10
10
10
10
10
10
10
10
10
10
10
10
10
10
10
10
10
10
10
10
10
10
10
10
10
10
10
10
10
10
10
10
10
10
10
10
10
10
10
10
10
10
10
10
10
10
10
10
10
10
10
10
10
10
10
10
10
10
10
10
10
10
10
10
10
10
10
10
10
10
10
10
10
10
10
10
10
10
10
10
10
10
10
10
10
10
10
10
10
10
10
10
10
10
10
10
10
10
10
10
10
10
10
10
10
10
10
10
10
10
10
10
10
10
10
10
10
10
10
10
10
10
10
10
10
10
10
10
10
10
10
10
10
10
10
10
10
10
10
10
10
10
10
10
10
10
10
10
10
10
10
10
10
10
10
10
10
10
10
10
10
10
10
10
10
10
10
10
10
10
10
10
10
10
10
10
10
10
10
10
10
10
10
10
10
10
10
10
10
10
10
10
10
10
10
10
10
10
10
10
10
10
10
10
10
10
10
10
10
10
10
10
10
10
10
10
10
10
10
10
10
10
10
10
10
10
10
10
10
10
10
10
10
10
10
10
10
10
10
10
10
10
10
10
10
10
10
10
10
10
10
10
10
10
10
10
10
10
10
10
10
10
10
10
10
10
10
10
10
10
10
10
10
10
10
10
10
10
10
10
10
10
10
10
10
10
10
10
10
10
10
10
10
10
10
10
10
10
10
10
10
10
10
10
10
10
10
10
10
10
10
10
10
10
10
10
10
10
10
10
10
10
10
10
10
10
10
10
10
10
10
10
10
10
10
10
10
10
10
10
10
10
10
10
10
10
10
10
10
10
10
10
10
10
10
10
10
10
10
10
10
10
10
10
10
10
10
10
10
10
10
10
10
10
10
10
10
10
10
10
10
10
10
10
10
10
10
10
10
10
10
10
10
10
10
10
10
10
10
10
10
10
10
10
10
10
10
10
10
10
10
10
10
10
10
10
10
10
10
10
10
10
10
10
10
10
10
10
10
10
10
10
10
10
10
10
10
10
10
10
10
10
10
10
10
10
10
10
10
10
10
10
10
10
10
10
10
10
10
10
10
10
10
10
10
10
10
10
10
10
10
10
10
10
10
10
10
10
10
10
10
10
10
10
10
10
10
10
10
10
10
10
10
10
10
10
10
10
10
10
10
10
10
10
10
10
10
10
10
10
10
10
10
10
10
10
10
10
10
10
10
10
10
10
10
10
10
10
10
10
10
10
10
10
10
10
10
10
10
10
10
10
10
10
10
10
10
10
10
10
10
10
10
10
10
10
10
10
10
10
10
10
10
10
10
10
10
10
10
10
10
10
10
10
10
10
10
10
10
10
10
10
10
10
10
10
10
10
10
10
10
10
10
10
10
10
10
10
10
10
10
10
10
10
10
10
10
10
10
10
10
10
10
10
10
10
10
10
10
10
10
10
10
10
10
10
10
10
10
10
10
10
10
10
10
10
10
10
10
10
10
10
10
10
10
10
10
10
10
10
10
10
10
10
10
10
10
10
10
10
10
10
10
10
10
10
10
10
10
10
10
10
10
10
10
10
10
10
10
10
10
10
10
10
10
10
10
10
10
10
10
10
10
10
10
10
10
10
10
10
10
10
10
10
10
10
10
10
10
10
10
10
10
10
10
10
10
10
10
10
10
10
10
10
10
10
10
10
10
10
10
10
10
10
10
10
10
10
10
10
10
10
10
10
10
10
10
10
10
10
10
10
10
10
10
10
10
10
10
10
10
10
10
10
10
10
10
10
10
10
10
10
10
10
10
10
10
10
10
10
10
10
10
10
10
10
10
10
10
10
10
10
10
10
10
10
10
10
10
10
10
10
10
10
10
10
10
10
10
10
10
10
10
10
10
10
10
10
10
10
10
10
10
10
10
10
10
10
10
10
10
10
10
10
10
10
10
10
10
10
10
10
10
10
10
10
10
10
10
10
10
10
10
10
10
10
10
10
10
10
10
10
10
10
10
10
10
10
10
10
10
10
10
10
10
10
10
10
10
10
10
10
10
10
10
10
10
10
10
10
10
10
10
10
10
10
10
10
10
10
10
10
10
10
10
10
10
10
10
10
10
10
10
10
10
10
10
10
10
10
10
10
10
10
10
10
10
10
10
10
10
10
10
10
10
10
10
10
10
10
10
10
10
10
10
10
10
10
10
10
10
10
10
10
10
10
10
10
10
10
10
10
10
10
10
10
10
10
10
10
10
10
10
10
10
10
10
10
10
10
10
10
10
10
10
10
10
10
10
10
10
10
10
10
10
10
10
10
10
10
10
10
10
10
10
10
10
10
10
10
10
10
10
10
10
10
10
10
10
10
10
10
10
10
10
10
10
10
10
10
10
10
10
10
10
10
10
10
10
10
10
10
10
10
10
10
10
10
10
10
10
10
10
10
10
10
10
10
10
10
10
10
10
10
10
10
10
10
10
10
10
10
10
10
10
10
10
10
10
10
10
10
10
10
10
10
10
10
10
10
10
10
10
10
10
10
10
10
10
10
10
10
10
10
10
10
10
10
10
10
10
10
10
10
10
10
10
10
10
10
10
10
10
10
10
10
10
10
10
10
10
10
10
10
10
10
10
10
10
10
10
10
10
10
10
10
10
10
10
10
10
10
10
10
10
10
10
10
10
10
10
10
10
10
10
10
10
10
10
10
10
10
10
10
10
10
10
10
10
10
10
10
10
10
10
10
10
10
10
10
10
10
10
10
10
10
10
10
10
10
10
10
10
10
10
10
10
10
10
10
10
10
10
10
10
10
10
10
10
10
10
10
10
10
10
10
10
10
10
10
10
10
10
10
10
10
10
10
10
10
10
10
10
10
10
10
10
10
10
10
10
10
10
10
10
10
10
10
10
10
10
10
10
10
10
10
10
10
10
10
10
10
10
10
10
10
10
10
10
10
10
10
10
10
10
10
10
10
10
10
10
10
10
10
10
10
10
10
10
10
10
10
10
10
10
10
10
10
10
10
10
10
10
10
10
10
10
10
10
10
10
10
10
10
10
10
10
10
10
10
10
10
10
10
10
10
10
10
10
10
10
10
10
10
10
10
10
10
10
10
10
10
10
10
10
10
10
10
10
10
10
10
10
10
10
10
10
10
10
10
10
10
10
10
10
10
10
10
10
10
10
10
10
10
10
10
10
10
10
10
10
10
10
10
10
10
10
10
10
10
10
10
10
10
10
10
10
10
10
10
10
10
10
10
10
10
10
10
10
10
10
10
10
10
10
10
10
10
10
10
10
10
10
10
10
10
10
10
10
10
10
10
10
10
10
10
10
10
10
10
10
10
10
10
10
10
10
10
10
10
10
10
10
10
10
10
10
10
10
10
10
10
10
10
10
10
10
10
10
10
10
10
10
10
10
10
10
10
10
10
10
10
10
10
10
10
10
10
10
10
10
10
10
10
10
10
10
10
10
10
10
10
10
10
10
10
10
10
10
10
10
10
10
10
10
10
10
10
10
10
10
10
10
10
10
10
10
10
10
10
10
10
10
10
10
10
10
10
10
10
10
10
10
10
10
10
10
10
10
10
10
10
10
10
10
10
10
10
10
10
10
10
10
10
10
10
10
10
10
10
10
10
10
10
10
10
10
10
10
10
10
10
10
10
10
10
10
10
10
10
10
10
10
10
10
10
10
10
10
10
10
10
10
10
10
10
10
10
10
10
10
10
10
10
10
10
10
10
10
10
10
10
10
10
10
10
10
10
10
10
10
10
10
10
10
10
10
10
10
10
10
10
10
10
10
10
10
10
10
10
10
10
10
10
10
10
10
10
10
10
10
10
10
10
10
10
10
10
10
10
10
10
10
10
10
10
10
10
10
10
10
10
10
10
10
10
10
10
10
10
10
10
10
10
10
10
10
10
10
10
10
10
10
10
10
10
10
10
10
10
10
10
10
10
10
10
10
10
10
10
10
10
10
10
10
10
10
10
10
10
10
10
10
10
10
10
10
10
10
10
10
10
10
10
10
10
10
10
10
10
10
10
10
10
10
10
10
10
10
10
10
10
10
10
10
10
10
10
10
10
10
10
10
10
10
10
10
10
10
10
10
10
10
10
10
10
10
10
10
10
10
10
10
10
10
10
10
10
10
10
10
10
10
10
10
10
10
10
10
10
10
10
10
10
10
10
10
10
10
10
10
10
10
10
10
10
10
10
10
10
10
10
10
10
10
10
10
10
10
10
10
10
10
10
10
10
10
10
10
10
10
10
10
10
10
10
10
10
10
10
10
10
10
10
10
10
10
10
10
10
10
10
10
10
10
10
10
10
10
10
10
10
10
10
10
10
10
10
10
10
10
10
10
10
10
10
10
10
10
10
10
10
10
10
10
10
10
10
10
10
10
10
10
10
10
10
10
10
10
10
10
10
10
10
10
10
10
10
10
10
10
10
10
10
10
10
10
10
10
10
10
10
10
10
10
10
10
10
10
10
10
10
10
10
10
10
10
10
10
10
10
10
10
10
10
10
10
10
10
10
10
10
10
10
10
10
10
10
10
10
10
10
10
10
10
10
10
10
10
10
10
10
10
10
10
10
10
10
10
10
10
10
10
10
10
10
10
10
10
10
10
10
10
10
10
10
10
10
10
10
10
10
10
10
10
10
10
10
10
10
10
10
10
10
10
10
10
10
10
10
10
10
10
10
10
10
10
10
10
10
10
10
10
10
10
10
10
10
10
10
10
10
10
10
10
10
10
10
10
10
10
10
10
10
10
10
10
10
10
10
10
10
10
10
10
10
10
10
10
10
10
10
10
10
10
10
10
10
10
10
10
10
10
10
10
10
10
10
10
10
10
10
10
10
10
10
10
10
10
10
10
10
10
10
10
10
10
10
10
10
10
10
10
10
10
10
10
10
10
10
10
10
10
10
10
10
10
10
10
10
10
10
10
10
10
10
10
10
10
10
10
10
10
10
10
10
10
10
10
10
10
10
10
10
10
10
10
10
10
10
10
10
10
10
10
10
10
10
10
10
10
10
10
10
10
10
10
10
10
10
10
10
10
10
10
10
10
10
10
10
10
10
10
10
10
10
10
10
10
10
10
10
10
10
10
10
10
10
10
10
10
10
10
10
10
10
10
10
10
10
10
10
10
10
10
10
10
10
10
10
10
10
10
10
10
10
10
10
10
10
10
10
10
10
10
10
10
10
10
10
10
10
10
10
10
10
10
10
10
10
10
10
10
10
10
10
10
10
10
10
10
10
10
10
10
10
10
10
10
10
10
10
10
10
10
10
10
10
10
10
10
10
10
10
10
10
10
10
10
10
10
10
10
10
10
10
10
10
10
10
10
10
10
10
10
10
10
10
10
10
10
10
10
10
10
10
10
10
10
10
10
10
10
10
10
10
10
10
10
10
10
10
10
10
10
10
10
10
10
10
10
10
10
10
10
10
10
10
10
10
10
10
10
10
10
10
10
10
10
10
10
10
10
10
10
10
10
10
10
10
10
10
10
10
10
10
10
10
10
10
10
10
10
10
10
10
10
10
10
10
10
10
10
10
10
10
10
10
10
10
10
10
10
10
10
10
10
10
10
10
10
10
10
10
10
10
10
10
10
10
10
10
10
10
10
10
10
10
10
10
10
10
10
10
10
10
10
10
10
10
10
10
10
10
10
10
10
10
10
10
10
10
10
10
10
10
10
10
10
10
10
10
10
10
10
10
10
10
10
10
10
10
10
10
10
10
10
10
10
10
10
10
10
10
10
10
10
10
10
10
10
10
10
10
10
10
10
10
10
10
10
10
10
10
10
10
10
10
10
10
10
10
10
10
10
10
10
10
10
10
10
10
10
10
10
10
10
10
10
10
10
10
10
10
10
10
10
10
10
10
10
10
10
10
10
10
10
10
10
10
10
10
10
10
10
10
10
10
10
10
10
10
10
10
10
10
10
10
10
10
10
10
10
10
10
10
10
10
10
10
10
10
10
10
10
10
10
10
10
10
10
10
10
10
10
10
10
10
10
10
10
10
10
10
10
10
10
10
10
10
10
10
10
10
10
10
10
10
10
10
10
10
10
10
10
10
10
10
10
10
10
10
10
10
10
10
10
10
10
10
10
10
10
10
10
10
10
10
10
10
10
10
10
10
10
10
10
10
10
10
10
10
10
10
10
10
10
10
10
10
10
10
10
10
10
10
10
10
10
10
10
10
10
10
10
10
10
10
10
10
10
10
10
10
10
10
10
10
10
10
10
10
10
10
10
10
10
10
10
10
10
10
10
10
10
10
10
10
10
10
10
10
10
10
10
10
10
10
10
10
10
10
10
10
10
10
10
10
10
10
10
10
10
10
10
10
10
10
10
10
10
10
10
10
10
10
10
10
10
10
10
10
10
10
10
10
10
10
10
10
10
10
10
10
10
10
10
10
10
10
10
10
10
10
10
10
10
10
10
10
10
10
10
10
10
10
10
10
10
10
10
10
10
10
10
10
10
10
10
10
10
10
10
10
10
10
10
10
10
10
10
10
10
10
10
10
10
10
10
10
10
10
10
10
10
10
10
10
10
10
10
10
10
10
10
10
10
10
10
10
10
10
10
10
10
10
10
10
10
10
10
10
10
10
10
10
10
10
10
10
10
10
10
10
10
10
10
10
10
10
10
10
10
10
10
10
10
10
10
10
10
10
10
10
10
10
10
10
10
10
10
10
10
10
10
10
10
10
10
10
10
10
10
10
10
10
10
10
10
10
10
10
10
10
10
10
10
10
10
10
10
10
10
10
10
10
10
10
10
10
10
10
10
10
10
10
10
10
10
10
10
10
10
10
10
10
10
10
10
10
10
10
10
10
10
10
10
10
10
10
10
10
10
10
10
10
10
10
10
10
10
10
10
10
10
10
10
10
10
10
10
10
10
10
10
10
10
10
10
10
10
10
10
10
10
10
10
10
10
10
10
10
10
10
10
10
10
10
10
10
10
10
10
10
10
10
10
10
10
10
10
10
10
10
10
10
10
10
10
10
10
10
10
10
10
10
10
10
10
10
10
10
10
10
10
10
10
10
10
10
10
10
10
10
10
10
10
10
10
10
10
10
10
10
10
10
10
10
10
10
10
10
10
10
10
10
10
10
10
10
10
10
10
10
10
10
10
10
10
10
10
10
10
10
10
10
10
10
10
10
10
10
10
10
10
10
10
10
10
10
10
10
10
10
10
10
10
10
10
10
10
10
10
10
10
10
10
10
10
10
10
10
10
10
10
10
10
10
10
10
10
10
10
10
10
10
10
10
10
10
10
10
10
10
10
10
10
10
10
10
10
10
10
10
10
10
10
10
10
10
10
10
10
10
10
10
10
10
10
10
10
10
10
10
10
10
10
10
10
10
10
10
10
10
10
10
10
10
10
10
10
10
10
10
10
10
10
10
10
10
10
10
10
10
10
10
10
10
10
10
10
10
10
10
10
10
10
10
10
10
10
10
10
10
10
10
10
10
10
10
10
10
10
10
10
10
10
10
10
10
10
10
10
10
10
10
10
10
10
10
10
10
10
10
10
10
10
10
10
10
10
10
10
10
10
10
10
10
10
10
10
10
10
10
10
10
10
10
10
10
10
10
10
10
10
10
10
10
10
10
10
10
10
10
10
10
10
10
10
10
10
10
10
10
10
10
10
10
10
10
10
10
10
10
10
10
10
10
10
10
10
10
10
10
10
10
10
10
10
10
10
10
10
10
10
10
10
10
10
10
10
10
10
10
10
10
10
10
10
10
10
10
10
10
10
10
10
10
10
10
10
10
10
10
10
10
10
10
10
10
10
10
10
10
10
10
10
10
10
10
10
10
10
10
10
10
10
10
10
10
10
10
10
10
10
10
10
10
10
10
10
10
10
10
10
10
10
10
10
10
10
10
10
10
10
10
10
10
10
10
10
10
10
10
10
10
10
10
10
10
10
10
10
10
10
10
10
10
10
10
10
10
10
10
10
10
10
10
10
10
10
10
10
10
10
10
10
10
10
10
10
10
10
10
10
10
10
10
10
10
10
10
10
10
10
10
10
10
10
10
10
10
10
10
10
10
10
10
10
10
10
10
10
10
10
10
10
10
10
10
10
10
10
10
10
10
10
10
10
10
10
10
10
10
10
10
10
10
10
10
10
10
10
10
10
10
10
10
10
10
10
10
10
10
10
10
10
10
10
10
10
10
10
10
10
10
10
10
10
10
10
10
10
10
10
10
10
10
10
10
10
10
10
10
10
10
10
10
10
10
10
10
10
10
10
10
10
10
10
10
10
10
10
10
10
10
10
10
10
10
10
10
10
10
10
10
10
10
10
10
10
10
10
10
10
10
10
10
10
10
10
10
10
10
10
10
10
10
10
10
10
10
10
10
10
10
10
10
10
10
10
10
10
10
10
10
10
10
10
10
10
10
10
10
10
10
10
10
10
10
10
10
10
10
10
10
10
10
10
10
10
10
10
10
10
10
10
10
10
10
10
10
10
10
10
10
10
10
10
10
10
10
10
10
10
10
10
10
10
10
10
10
10
10
10
10
10
10
10
10
10
10
10
10
10
10
10
10
10
10
10
10
10
10
10
10
10
10
10
10
10
10
10
10
10
10
10
10
10
10
10
10
10
10
10
10
10
10
10
10
10
10
10
10
10
10
10
10
10
10
10
10
10
10
10
10
10
10
10
10
10
10
10
10
10
10
10
10
10
10
10
10
10
10
10
10
10
10
10
10
10
10
10
10
10
10
10
10
10
10
10
10
10
10
10
10
10
10
10
10
10
10
10
10
10
10
10
10
10
10
10
10
10
10
10
10
10
10
10
10
10
10
10
10
10
10
10
10
10
10
10
10
10
10
10
10
10
10
10
10
10
10
10
10
10
10
10
10
10
10
10
10
10
10
10
10
10
10
10
10
10
10
10
10
10
10
10
10
10
10
10
10
10
10
10
10
10
10
10
10
10
10
10
10
10
10
10
10
10
10
10
10
10
10
10
10
10
10
10
10
10
10
10
10
10
10
10
10
10
10
10
10
10
10
10
10
10
10
10
10
10
10
10
10
10
10
10
10
10
10
10
10
10
10
10
10
10
10
10
10
10
10
10
10
10
10
10
10
10
10
10
10
10
10
10
10
10
10
10
10
10
10
10
10
10
10
10
10
10
10
10
10
10
10
10
10
10
10
10
10
10
10
10
10
10
10
10
10
10
10
10
10
10
10
10
10
10
10
10
10
10
10
10
10
10
10
10
10
10
10
10
10
10
10
10
10
10
10
10
10
10
10
10
10
10
10
10
10
10
10
10
10
10
10
10
10
10
10
10
10
10
10
10
10
10
10
10
10
10
10
10
10
10
10
10
10
10
10
10
10
10
10
10
10
10
10
10
10
10
10
10
10
10
10
10
10
10
10
10
10
10
10
10
10
10
10
10
10
10
10
10
10
10
10
10
10
10
10
10
10
10
10
10
10
10
10
10
10
10
10
10
10
10
10
10
10
10
10
10
10
10
10
10
10
10
10
10
10
10
10
10
10
10
10
10
10
10
10
10
10
10
10
10
10
10
10
10
10
10
10
10
10
10
10
10
10
10
10
10
10
10
10
10
10
10
10
10
10
10
10
10
10
10
10
10
10
10
10
10
10
10
10
10
10
10
10
10
10
10
10
10
10
10
10
10
10
10
10
10
10
10
10
10
10
10
10
10
10
10
10
10
10
10
10
10
10
10
10
10
10
10
10
10
10
10
10
10
10
10
10
10
10
10
10
10
10
10
10
10
10
10
10
10
10
10
10
10
10
10
10
10
10
10
10
10
10
10
10
10
10
10
10
10
10
10
10
10
10
10
10
10
10
10
10
10
10
10
10
10
10
10
10
10
10
10
10
10
10
10
10
10
10
10
10
10
10
10
10
10
10
10
10
10
10
10
10
10
10
10
10
10
10
10
10
10
10
10
10
10
10
10
10
10
10
10
10
10
10
10
10
10
10
10
10
10
10
10
10
10
10
10
10
10
10
10
10
10
10
10
10
10
10
10
10
10
10
10
10
10
10
10
10
10
10
10
10
10
10
10
10
10
10
10
10
10
10
10
10
10
10
10
10
10
10
10
10
10
10
10
10
10
10
10
10
10
10
10
10
10
10
10
10
10
10
10
10
10
10
10
10
10
10
10
10
10
10
10
10
10
10
10
10
10
10
10
10
10
10
10
10
10
10
10
10
10
10
10
10
10
10
10
10
10
10
10
10
10
10
10
10
10
10
10
10
10
10
10
10
10
10
10
10
10
10
10
10
10
10
10
10
10
10
10
10
10
10
10
10
10
10
10
10
10
10
10
10
10
10
10
10
10
10
10
10
10
10
10
10
10
10
10
10
10
10
10
10
10
10
10
10
10
10
10
10
10
10
10
10
10
10
10
10
10
10
10
10
10
10
10
10
10
10
10
10
10
10
10
10
10
10
10
10
10
10
10
10
10
10
10
10
10
10
10
10
10
10
10
10
10
10
10
10
10
10
10
10
10
10
10
10
10
10
10
10
10
10
10
10
10
10
10
10
10
10
10
10
10
10
10
10
10
10
10
10
10
10
10
10
10
10
10
10
10
10
10
10
10
10
10
10
10
10
10
10
10
10
10
10
10
10
10
10
10
10
10
10
10
10
10
10
10
10
10
10
10
10
10
10
10
10
10
10
10
10
10
10
10
10
10
10
10
10
10
10
10
10
10
10
10
10
10
10
10
10
10
10
10
10
10
10
10
10
10
10
10
10
10
10
10
10
10
10
10
10
10
10
10
10
10
10
10
10
10
10
10
10
10
10
10
10
10
10
10
10
10
10
10
10
10
10
10
10
10
10
10
10
10
10
10
10
10
10
10
10
10
10
10
10
10
10
10
10
10
10
10
10
10
10
10
10
10
10
10
10
10
10
10
10
10
10
10
10
10
10
10
10
10
10
10
10
10
10
10
10
10
10
10
10
10
10
10
10
10
10
10
10
10
10
10
10
10
10
10
10
10
10
10
10
10
10
10
10
10
10
10
10
10
10
10
10
10
10
10
10
10
10
10
10
10
10
10
10
10
10
10
10
10
10
10
10
10
10
10
10
10
10
10
10
10
10
10
10
10
10
10
10
10
10
10
10
10
10
10
10
10
10
10
10
10
10
10
10
10
10
10
10
10
10
10
10
10
10
10
10
10
10
10
10
10
10
10
10
10
10
10
10
10
10
10
10
10
10
10
10
10
10
10
10
10
10
10
10
10
10
10
10
10
10
10
10
10
10
10
10
10
10
10
10
10
10
10
10
10
10
10
10
10
10
10
10
10
10
10
10
10
10
10
10
10
10
10
10
10
10
10
10
10
10
10
10
10
10
10
10
10
10
10
10
10
10
10
10
10
10
10
10
10
10
10
10
10
10
10
10
10
10
10
10
10
10
10
10
10
10
10
10
10
10
10
10
10
10
10
10
10
10
10
10
10
10
10
10
10
10
10
10
10
10
10
10
10
10
10
10
10
10
10
10
10
10
10
10
10
10
10
10
10
10
10
10
10
10
10
10
10
10
10
10
10
10
10
10
10
10
10
10
10
10
10
10
10
10
10
10
10
10
10
10
10
10
10
10
10
10
10
10
10
10
10
10
10
10
10
10
10
10
10
10
10
10
10
10
10
10
10
10
10
10
10
10
10
10
10
10
10
10
10
10
10
10
10
10
10
10
10
10
10
10
10
10
10
10
10
10
10
10
10
10
10
10
10
10
10
10
10
10
10
10
10
10
10
10
10
10
10
10
10
10
10
10
10
10
10
10
10
10
10
10
10
10
10
10
10
10
10
10
10
10
10
10
10
10
10
10
10
10
10
10
10
10
10
10
10
10
10
10
10
10
10
10
10
10
10
10
10
10
10
10
10
10
10
10
10
10
10
10
10
10
10
10
10
10
10
10
10
10
10
10
10
10
10
10
10
10
10
10
10
10
10
10
10
10
10
10
10
10
10
10
10
10
10
10
10
10
10
10
10
10
10
10
10
10
10
10
10
10
10
10
10
10
10
10
10
10
10
10
10
10
10
10
10
10
10
10
10
10
10
10
10
10
10
10
10
10
10
10
10
10
10
10
10
10
10
10
10
10
10
10
10
10
10
10
10
10
10
10
10
10
10
10
10
10
10
10
10
10
10
10
10
10
10
10
10
10
10
10
10
10
10
10
10
10
10
10
10
10
10
10
10
10
10
10
10
10
10
10
10
10
10
10
10
10
10
10
10
10
10
10
10
10
10
10
10
10
10
10
10
10
10
10
10
10
10
10
10
10
10
10
10
10
10
10
10
10
10
10
10
10
10
10
10
10
10
10
10
10
10
10
10
10
10
10
10
10
10
10
10
10
10
10
10
10
10
10
10
10
10
10
10
10
10
10
10
10
10
10
10
10
10
10
10
10
10
10
10
10
10
10
10
10
10
10
10
10
10
10
10
10
10
10
10
10
10
10
10
10
10
10
10
10
10
10
10
10
10
10
10
10
10
10
10
10
10
10
10
10
10
10
10
10
10
10
10
10
10
10
10
10
10
10
10
10
10
10
10
10
10
10
10
10
10
10
10
10
10
10
10
10
10
10
10
10
10
10
10
10
10
10
10
10
10
10
10
10
10
10
10
10
10
10
10
10
10
10
10
10
10
10
10
10
10
10
10
10
10
10
10
10
10
10
10
10
10
10
10
10
10
10
10
10
10
10
10
10
10
10
10
10
10
10
10
10
10
10
10
10
10
10
10
10
10
10
10
10
10
10
10
10
10
10
10
10
10
10
10
10
10
10
10
10
10
10
10
10
10
10
10
10
10
10
10
10
10
10
10
10
10
10
10
10
10
10
10
10
10
10
10
10
10
10
10
10
10
10
10
10
10
10
10
10
10
10
10
10
10
10
10
10
10
10
10
10
10
10
10
10
10
10
10
10
10
10
10
10
10
10
10
10
10
10
10
10
10
10
10
10
10
10
10
10
10
10
10
10
10
10
10
10
10
10
10
10
10
10
10
10
10
10
10
10
10
10
10
10
10
10
10
10
10
10
10
10
10
10
10
10
10
10
10
10
10
10
10
10
10
10
10
10
10
10
10
10
10
10
10
10
10
10
10
10
10
10
10
10
10
10
10
10
10
10
10
10
10
10
10
10
10
10
10
10
10
10
10
10
10
10
10
10
10
10
10
10
10
10
10
10
10
10
10
10
10
10
10
10
10
10
10
10
10
10
10
10
10
10
10
10
10
10
10
10
10
10
10
10
10
10
10
10
10
10
10
10
10
10
10
10
10
10
10
10
10
10
10
10
10
10
10
10
10
10
10
10
10
10
10
10
10
10
10
10
10
10
10
10
10
10
10
10
10
10
10
10
10
10
10
10
10
10
10
10
10
10
10
10
10
10
10
10
10
10
10
10
10
10
10
10
10
10
10
10
10
10
10
10
10
10
10
10
10
10
10
10
10
10
10
10
10
10
10
10
10
10
10
10
10
10
10
10
10
10
10
10
10
10
10
10
10
10
10
10
10
10
10
10
10
10
10
10
10
10
10
10
10
10
10
10
10
10
10
10
10
10
10
10
10
10
10
10
10
10
10
10
10
10
10
10
10
10
10
10
10
10
10
10
10
10
10
10
10
10
10
10
10
10
10
10
10
10
10
10
10
10
10
10
10
10
10
10
10
10
10
10
10
10
10
10
10
10
10
10
10
10
10
10
10
10
10
10
10
10
10
10
10
10
10
10
10
10
10
10
10
10
10
10
10
10
10
10
10
10
10
10
10
10
10
10
10
10
10
10
10
10
10
10
10
10
10
10
10
10
10
10
10
10
10
10
10
10
10
10
10
10
10
10
10
10
10
10
10
10
10
10
10
10
10
10
10
10
10
10
10
10
10
10
10
10
10
10
10
10
10
10
10
10
10
10
10
10
10
10
10
10
10
10
10
10
10
10
10
10
10
10
10
10
10
10
10
10
10
10
10
10
10
10
10
10
10
10
10
10
10
10
10
10
10
10
10
10
10
10
10
10
10
10
10
10
10
10
10
10
10
10
10
10
10
10
10
10
10
10
10
10
10
10
10
10
10
10
10
10
10
10
10
10
10
10
10
10
10
10
10
10
10
10
10
10
10
10
10
10
10
10
10
10
10
10
10
10
10
10
10
10
10
10
10
10
10
10
10
10
10
10
10
10
10
10
10
10
10
10
10
10
10
10
10
10
10
10
10
10
10
10
10
10
10
10
10
10
10
10
10
10
10
10
10
10
10
10
10
10
10
10
10
10
10
10
10
10
10
10
10
10
10
10
10
10
10
10
10
10
10
10
10
10
10
10
10
10
10
10
10
10
10
10
10
10
10
10
10
10
10
10
10
10
10
10
10
10
10
10
10
10
10
10
10
10
10
10
10
10
10
10
10
10
10
10
10
10
10
10
10
10
10
10
10
10
10
10
10
10
10
10
10
10
10
10
10
10
10
10
10
10
10
10
10
10
10
10
10
10
10
10
10
10
10
10
10
10
10
10
10
10
10
10
10
10
10
10
10
10
10
10
10
10
10
10
10
10
10
10
10
10
10
10
10
10
10
10
10
10
10
10
10
10
10
10
10
10
10
10
10
10
10
10
10
10
10
10
10
10
10
10
10
10
10
10
10
10
10
10
10
10
10
10
10
10
10
10
10
10
10
10
10
10
10
10
10
10
10
10
10
10
10
10
10
10
10
10
10
10
10
10
10
10
10
10
10
10
10
10
10
10
10
10
10
10
10
10
10
10
10
10
10
10
10
10
10
10
10
10
10
10
10
10
10
10
10
10
10
10
10
10
10
10
10
10
10
10
10
10
10
10
10
10
10
10
10
10
10
10
10
10
10
10
10
10
10
10
10
10
10
10
10
10
10
10
10
10
10
10
10
10
10
10
10
10
10
10
10
10
10
10
10
10
10
10
10
10
10
10
10
10
10
10
10
10
10
10
10
10
10
10
10
10
10
10
10
10
10
10
10
10
10
10
10
10
10
10
10
10
10
10
10
10
10
10
10
10
10
10
10
10
10
10
10
10
10
10
10
10
10
10
10
10
10
10
10
10
10
10
10
10
10
10
10
10
10
10
10
10
10
10
10
10
10
10
10
10
10
10
10
10
10
10
10
10
10
10
10
10
10
10
10
10
10
10
10
10
10
10
10
10
10
10
10
10
10
10
10
10
10
10
10
10
10
10
10
10
10
10
10
10
10
10
10
10
10
10
10
10
10
10
10
10
10
10
10
10
10
10
10
10
10
10
10
10
10
10
10
10
10
10
10
10
10
10
10
10
10
10
10
10
10
10
10
10
10
10
10
10
10
10
10
10
10
10
10
10
10
10
10
10
10
10
10
10
10
10
10
10
10
10
10
10
10
10
10
10
10
10
10
10
10
10
10
10
10
10
10
10
10
10
10
10
10
10
10
10
10
10
10
10
10
10
10
10
10
10
10
10
10
10
10
10
10
10
10
10
10
10
10
10
10
10
10
10
10
10
10
10
10
10
10
10
10
10
10
10
10
10
10
10
10
10
10
10
10
10
10
10
10
10
10
10
10
10
10
10
10
10
10
10
10
10
10
10
10
10
10
10
10
10
10
10
10
10
10
10
10
10
10
10
10
10
10
10
10
10
10
10
10
10
10
10
10
10
10
10
10
10
10
10
10
10
10
10
10
10
10
10
10
10
10
10
10
10
10
10
10
10
10
10
10
10
10
10
10
10
10
10
10
10
10
10
10
10
10
10
10
10
10
10
10
10
10
10
10
10
10
10
10
10
10
10
10
10
10
10
10
10
10
10
10
10
10
10
10
10
10
10
10
10
10
10
10
10
10
10
10
10
10
10
10
10
10
10
10
10
10
10
10
10
10
10
10
10
10
10
10
10
10
10
10
10
10
10
10
10
10
10
10
10
10
10
10
10
10
10
10
10
10
10
10
10
10
10
10
10
10
10
10
10
10
10
10
10
10
10
10
10
10
10
10
10
10
10
10
10
10
10
10
10
10
10
10
10
10
10
10
10
10
10
10
10
10
10
10
10
10
10
10
10
10
10
10
10
10
10
10
10
10
10
10
10
10
10
10
10
10
10
10
10
10
10
10
10
10
10
10
10
10
10
10
10
10
10
10
10
10
10
10
10
10
10
10
10
10
10
10
10
10
10
10
10
10
10
10
10
10
10
10
10
10
10
10
10
10
10
10
10
10
10
10
10
10
10
10
10
10
10
10
10
10
10
10
10
10
10
10
10
10
10
10
10
10
10
10
10
10
10
10
10
10
10
10
10
10
10
10
10
10
10
10
10
10
10
10
10
10
10
10
10
10
10
10
10
10
10
10
10
10
10
10
10
10
10
10
10
10
10
10
10
10
10
10
10
10
10
10
10
10
10
10
10
10
10
10
10
10
10
10
10
10
10
10
10
10
10
10
10
10
10
10
10
10
10
10
10
10
10
10
10
10
10
10
10
10
10
10
10
10
10
10
10
10
10
10
10
10
10
10
10
10
10
10
10
10
10
10
10
10
10
10
10
10
10
10
10
10
10
10
10
10
10
10
10
10
10
10
10
10
10
10
10
10
10
10
10
10
10
10
10
10
10
10
10
10
10
10
10
10
10
10
10
10
10
10
10
10
10
10
10
10
10
10
10
10
10
10
10
10
10
10
10
10
10
10
10
10
10
10
10
10
10
10
10
10
10
10
10
10
10
10
10
10
10
10
10
10
10
10
10
10
10
10
10
10
10
10
10
10
10
10
10
10
10
10
10
10
10
10
10
10
10
10
10
10
10
10
10
10
10
10
10
10
10
10
10
10
10
10
10
10
10
10
10
10
10
10
10
10
10
10
10
10
10
10
10
10
10
10
10
10
10
10
10
10
10
10
10
10
10
10
10
10
10
10
10
10
10
10
10
10
10
10
10
10
10
10
10
10
10
10
10
10
10
10
10
10
10
10
10
10
10
10
10
10
10
10
10
10
10
10
10
10
10
10
10
10
10
10
10
10
10
10
10
10
10
10
10
10
10
10
10
10
10
10
10
10
10
10
10
10
10
10
10
10
10
10
10
10
10
10
10
10
10
10
10
10
10
10
10
10
10
10
10
10
10
10
10
10
10
10
10
10
10
10
10
10
10
10
10
10
10
10
10
10
10
10
10
10
10
10
10
10
10
10
10
10
10
10
10
10
10
10
10
10
10
10
10
10
10
10
10
10
10
10
10
10
10
10
10
10
10
10
10
10
10
10
10
10
10
10
10
10
10
10
10
10
10
10
10
10
10
10
10
10
10
10
10
10
10
10
10
10
10
10
10
10
10
10
10
10
10
10
10
10
10
10
10
10
10
10
10
10
10
10
10
10
10
10
10
10
10
10
10
10
10
10
10
10
10
10
10
10
10
10
10
10
10
10
10
10
10
10
10
10
10
10
10
10
10
10
10
10
10
10
10
10
10
10
10
10
10
10
10
10
10
10
10
10
10
10
10
10
10
10
10
10
10
10
10
10
10
10
10
10
10
10
10
10
10
10
10
10
10
10
10
10
10
10
10
10
10
10
10
10
10
10
10
10
10
10
10
10
10
10
10
10
10
10
10
10
10
10
10
10
10
10
10
10
10
10
10
10
10
10
10
10
10
10
10
10
10
10
10
10
10
10
10
10
10
10
10
10
10
10
10
10
10
10
10
10
10
10
10
10
10
10
10
10
10
10
10
10
10
10
10
10
10
10
10
10
10
10
10
10
10
10
10
10
10
10
10
10
10
10
10
10
10
10
10
10
10
10
10
10
10
10
10
10
10
10
10
10
10
10
10
10
10
10
10
10
10
10
10
10
10
10
10
10
10
10
10
10
10
10
10
10
10
10
10
10
10
10
10
10
10
10
10
10
10
10
10
10
10
10
10
10
10
10
10
10
10
10
10
10
10
10
10
10
10
10
10
10
10
10
10
10
10
10
10
10
10
10
10
10
10
10
10
10
10
10
10
10
10
10
10
10
10
10
10
10
10
10
10
10
10
10
10
10
10
10
10
10
10
10
10
10
10
10
10
10
10
10
10
10
10
10
10
10
10
10
10
10
10
10
10
10
10
10
10
10
10
10
10
10
10
10
10
10
10
10
10
10
10
10
10
10
10
10
10
10
10
10
10
10
10
10
10
10
10
10
10
10
10
10
10
10
10
10
10
10
10
10
10
10
10
10
10
10
10
10
10
10
10
10
10
10
10
10
10
10
10
10
10
10
10
10
10
10
10
10
10
10
10
10
10
10
10
10
10
10
10
10
10
10
10
10
10
10
10
10
10
10
10
10
10
10
10
10
10
10
10
10
10
10
10
10
10
10
10
10
10
10
10
10
10
10
10
10
10
10
10
10
10
10
10
10
10
10
10
10
10
10
10
10
10
10
10
10
10
10
10
10
10
10
10
10
10
10
10
10
10
10
10
10
10
10
10
10
10
10
10
10
10
10
10
10
10
10
10
10
10
10
10
10
10
10
10
10
10
10
10
10
10
10
10
10
10
10
10
10
10
10
10
10
10
10
10
10
10
10
10
10
10
10
10
10
10
10
10
10
10
10
10
10
10
10
10
10
10
10
10
10
10
10
10
10
10
10
10
10
10
10
10
10
10
10
10
10
10
10
10
10
10
10
10
10
10
10
10
10
10
10
10
10
10
10
10
10
10
10
10
10
10
10
10
10
10
10
10
10
10
10
10
10
10
10
10
10
10
10
10
10
10
10
10
10
10
10
10
10
10
10
10
10
10
10
10
10
10
10
10
10
10
10
10
10
10
10
10
10
10
10
10
10
10
10
10
10
10
10
10
10
10
10
10
10
10
10
10
10
10
10
10
10
10
10
10
10
10
10
10
10
10
10
10
10
10
10
10
10
10
10
10
10
10
10
10
10
10
10
10
10
10
10
10
10
10
10
10
10
10
10
10
10
10
10
10
10
10
10
10
10
10
10
10
10
10
10
10
10
10
10
10
10
10
10
10
10
10
10
10
10
10
10
10
10
10
10
10
10
10
10
10
10
10
10
10
10
10
10
10
10
10
10
10
10
10
10
10
10
10
10
10
10
10
10
10
10
10
10
10
10
10
10
10
10
10
10
10
10
10
10
10
10
10
10
10
10
10
10
10
10
10
10
10
10
10
10
10
10
10
10
10
10
10
10
10
10
10
10
10
10
10
10
10
10
10
10
10
10
10
10
10
10
10
10
10
10
10
10
10
10
10
10
10
10
10
10
10
10
10
10
10
10
10
10
10
10
10
10
10
10
10
10
10
10
10
10
10
10
10
10
10
10
10
10
10
10
10
10
10
10
10
10
10
10
10
10
10
10
10
10
10
10
10
10
10
10
10
10
10
10
10
10
10
10
10
10
10
10
10
10
10
10
10
10
10
10
10
10
10
10
10
10
10
10
10
10
10
10
10
10
10
10
10
10
10
10
10
10
10
10
10
10
10
10
10
10
10
10
10
10
10
10
10
10
10
10
10
10
10
10
10
10
10
10
10
10
10
10
10
10
10
10
10
10
10
10
10
10
10
10
10
10
10
10
10
10
10
10
10
10
10
10
10
10
10
10
10
10
10
10
10
10
10
10
10
10
10
10
10
10
10
10
10
10
10
10
10
10
10
10
10
10
10
10
10
10
10
10
10
10
10
10
10
10
10
10
10
10
10
10
10
10
10
10
10
10
10
10
10
10
10
10
10
10
10
10
10
10
10
10
10
10
10
10
10
10
10
10
10
10
10
10
10
10
10
10
10
10
10
10
10
10
10
10
10
10
10
10
10
10
10
10
10
10
10
10
10
10
10
10
10
10
10
10
10
10
10
10
10
10
10
10
10
10
10
10
10
10
10
10
10
10
10
10
10
10
10
10
10
10
10
10
10
10
10
10
10
10
10
10
10
10
10
10
10
10
10
10
10
10
10
10
10
10
10
10
10
10
10
10
10
10
10
10
10
10
10
10
10
10
10
10
10
10
10
10
10
10
10
10
10
10
10
10
10
10
10
10
10
10
10
10
10
10
10
10
10
10
10
10
10
10
10
10
10
10
10
10
10
10
10
10
10
10
10
10
10
10
10
10
10
10
10
10
10
10
10
10
10
10
10
10
10
10
10
10
10
10
10
10
10
10
10
10
10
10
10
10
10
10
10
10
10
10
10
10
10
10
10
10
10
10
10
10
10
10
10
10
10
10
10
10
10
10
10
10
10
10
10
10
10
10
10
10
10
10
10
10
10
10
10
10
10
10
10
10
10
10
10
10
10
10
10
10
10
10
10
10
10
10
10
10
10
10
10
10
10
10
10
10
10
10
10
10
10
10
10
10
10
10
10
10
10
10
10
10
10
10
10
10
10
10
10
10
10
10
10
10
10
10
10
10
10
10
10
10
10
10
10
10
10
10
10
10
10
10
10
10
10
10
10
10
10
10
10
10
10
10
10
10
10
10
10
10
10
10
10
10
10
10
10
10
10
10
10
10
10
10
10
10
10
10
10
10
10
10
10
10
10
10
10
10
10
10
10
10
10
10
10
10
10
10
10
10
10
10
10
10
10
10
10
10
10
10
10
10
10
10
10
10
10
10
10
10
10
10
10
10
10
10
10
10
10
10
10
10
10
10
10
10
10
10
10
10
10
10
10
10
10
10
10
10
10
10
10
10
10
10
10
10
10
10
10
10
10
10
10
10
10
10
10
10
10
10
10
10
10
10
10
10
10
10
10
10
10
10
10
10
10
10
10
10
10
10
10
10
10
10
10
10
10
10
10
10
10
10
10
10
10
10
10
10
10
10
10
10
10
10
10
10
10
10
10
10
10
10
10
10
10
10
10
10
10
10
10
10
10
10
10
10
10
10
10
10
10
10
10
10
10
10
10
10
10
10
10
10
10
10
10
10
10
10
10
10
10
10
10
10
10
10
10
10
10
10
10
10
10
10
10
10
10
10
10
10
10
10
10
10
10
10
10
10
10
10
10
10
10
10
10
10
10
10
10
10
10
10
10
10
10
10
10
10
10
10
10
10
10
10
10
10
10
10
10
10
10
10
10
10
10
10
10
10
10
10
10
10
10
10
10
10
10
10
10
10
10
10
10
10
10
10
10
10
10
10
10
10
10
10
10
10
10
10
10
10
10
10
10
10
10
10
10
10
10
10
10
10
10
10
10
10
10
10
10
10
10
10
10
10
10
10
10
10
10
10
10
10
10
10
10
10
10
10
10
10
10
10
10
10
10
10
10
10
10
10
10
10
10
10
10
10
10
10
10
10
10
10
10
10
10
10
10
10
10
10
10
10
10
10
10
10
10
10
10
10
10
10
10
10
10
10
10
10
10
10
10
10
10
10
10
10
10
10
10
10
10
10
10
10
10
10
10
10
10
10
10
10
10
10
10
10
10
10
10
10
10
10
10
10
10
10
10
10
10
10
10
10
10
10
10
10
10
10
10
10
10
10
10
10
10
10
10
10
10
10
10
10
10
10
10
10
10
10
10
10
10
10
10
10
10
10
10
10
10
10
10
10
10
10
10
10
10
10
10
10
10
10
10
10
10
10
10
10
10
10
10
10
10
10
10
10
10
10
10
10
10
10
10
10
10
10
10
10
10
10
10
10
10
10
10
10
10
10
10
10
10
10
10
10
10
10
10
10
10
10
10
10
10
10
10
10
10
10
10
10
10
10
10
10
10
10
10
10
10
10
10
10
10
10
10
10
10
10
10
10
10
10
10
10
10
10
10
10
10
10
10
10
10
10
10
10
10
10
10
10
10
10
10
10
10
10
10
10
10
10
10
10
10
10
10
10
10
10
10
10
10
10
10
10
10
10
10
10
10
10
10
10
10
10
10
10
10
10
10
10
10
10
10
10
10
10
10
10
10
10
10
10
10
10
10
10
10
10
10
10
10
10
10
10
10
10
10
10
10
10
10
10
10
10
10
10
10
10
10
10
10
10
10
10
10
10
10
10
10
10
10
10
10
10
10
10
10
10
10
10
10
10
10
10
10
10
10
10
10
10
10
10
10
10
10
10
10
10
10
10
10
10
10
10
10
10
10
10
10
10
10
10
10
10
10
10
10
10
10
10
10
10
10
10
10
10
10
10
10
10
10
10
10
10
10
10
10
10
10
10
10
10
10
10
10
10
10
10
10
10
10
10
10
10
10
10
10
10
10
10
10
10
10
10
10
10
10
10
10
10
10
10
10
10
10
10
10
10
10
10
10
10
10
10
10
10
10
10
10
10
10
10
10
10
10
10
10
10
10
10
10
10

CELL_DATA 27333
SCALARS CellEntityIds int 1
LOOKUP_TABLE default
3
3
3
3
3
3
3
3
3
3
3
3
3
3
3
3
3
3
3
3
3
3
3
3
3
3
3
3
3
3
3
3
3
3
3
3
3
3
3
3
3
3
3
3
3
3
3
3
3
3
3
3
3
3
3
3
3
3
3
3
3
3
3
3
3
3
3
3
3
3
3
3
3
3
3
3
3
3
3
3
3
3
3
3
3
3
3
3
3
3
3
3
3
3
3
3
3
3
3
3
3
3
3
3
3
3
3
3
3
3
3
3
3
3
3
3
3
3
3
3
3
3
3
3
3
3
3
3
3
3
3
3
3
3
3
3
3
3
3
3
3
3
3
3
3
3
3
3
3
3
3
3
3
3
3
3
3
3
3
3
3
3
3
3
3
3
3
3
3
3
3
3
3
3
3
3
3
3
3
3
3
3
3
3
3
3
3
3
3
3
3
3
3
3
3
3
3
3
3
3
3
3
3
3
3
3
3
3
3
3
3
3
3
3
3
3
3
3
3
3
3
3
3
3
3
3
3
3
3
3
3
3
3
3
3
3
3
3
3
3
3
3
3
3
3
3
3
3
3
3
3
3
3
3
3
3
3
3
3
3
3
3
3
3
3
3
3
3
3
3
3
3
3
3
3
3
3
3
3
3
3
3
3
3
3
3
3
3
3
3
3
3
3
3
3
3
3
3
3
3
3
3
3
3
3
3
3
3
3
3
3
3
3
3
3
3
3
3
3
3
3
3
3
3
3
3
3
3
3
3
3
3
3
3
3
3
3
3
3
3
3
3
3
3
3
3
3
3
3
3
3
3
3
3
3
3
3
3
3
3
2
2
2
2
2
2
2
2
2
2
2
2
2
2
2
2
2
2
2
2
2
2
2
2
2
2
2
2
2
2
2
2
2
2
2
2
2
2
2
2
2
2
2
2
2
2
2
2
2
2
2
2
2
2
2
2
2
2
2
2
2
2
2
2
2
2
2
2
2
2
2
2
2
2
2
2
2
2
2
2
2
2
2
2
2
2
2
2
2
2
1
1
1
1
1
1
1
1
1
1
1
1
1
1
1
1
1
1
1
1
1
1
1
1
1
1
1
1
1
1
1
1
1
1
1
1
1
1
1
1
1
1
1
1
1
1
1
1
1
1
1
1
1
1
1
1
1
1
1
1
1
1
1
1
1
1
1
1
1
1
1
1
1
1
1
1
1
1
1
1
1
1
1
1
1
1
1
1
1
1
4
4
4
4
4
4
4
4
4
4
4
4
4
4
4
4
4
4
4
4
4
4
4
4
4
4
4
4
4
4
4
4
4
4
4
4
4
4
4
4
4
4
4
4
4
4
4
4
4
4
4
4
4
4
4
4
4
4
4
4
4
4
4
4
4
4
4
4
4
4
4
4
4
4
4
4
4
4
4
4
4
4
4
4
4
4
4
4
4
4
4
4
4
4
4
4
4
4
4
4
4
4
4
4
4
4
4
4
4
4
4
4
4
4
4
4
4
4
4
4
4
4
4
4
4
4
4
4
4
4
4
4
4
4
4
4
4
4
4
4
4
4
4
4
4
4
4
4
4
4
4
4
4
4
4
4
4
4
4
4
4
4
4
4
4
4
4
4
4
4
4
4
4
4
4
4
4
4
4
4
4
4
4
4
4
4
4
4
4
4
4
4
4
4
4
4
4
4
4
4
4
4
4
4
4
4
4
4
4
4
4
4
4
4
4
4
4
4
4
4
4
4
4
4
4
4
4
4
4
4
4
4
4
4
4
4
4
4
4
4
4
4
4
4
4
4
4
4
4
4
4
4
4
4
4
4
4
4
4
4
4
4
4
4
4
4
4
4
4
4
4
4
4
4
4
4
4
4
4
4
4
4
4
4
4
4
4
4
4
4
4
4
4
4
4
4
4
4
4
4
4
4
4
4
4
4
4
4
4
4
4
4
4
4
4
4
4
4
4
4
4
4
4
4
4
4
4
4
4
4
4
4
4
4
4
4
4
4
4
4
4
4
4
4
4
4
4
4
4
4
4
4
4
4
4
4
4
4
4
4
4
4
4
4
4
4
4
4
4
4
4
4
4
4
4
4
4
4
4
4
4
4
4
4
4
4
4
4
4
4
4
4
4
4
4
4
4
4
4
4
4
4
4
4
4
4
4
4
4
4
4
4
4
4
4
4
4
4
4
4
4
4
4
4
4
4
4
4
4
4
4
4
4
4
4
4
4
4
4
4
4
4
4
4
4
4
4
4
4
4
4
4
4
4
4
4
4
4
4
4
4
4
4
4
4
4
4
4
4
4
4
4
4
4
4
4
4
4
4
4
4
4
4
4
4
4
4
4
4
4
4
4
4
4
4
4
4
4
4
4
4
4
4
4
4
4
4
4
4
4
4
4
4
4
4
4
4
4
4
4
4
4
4
4
4
4
4
4
4
4
4
4
4
4
4
4
4
4
4
4
4
4
4
4
4
4
4
4
4
4
4
4
4
4
4
4
4
4
4
4
4
4
4
4
4
4
4
4
4
4
4
4
4
4
4
4
4
4
4
4
4
4
4
4
4
4
4
4
4
4
4
4
4
4
4
4
4
4
4
4
4
4
4
4
4
4
4
4
4
4
4
4
4
4
4
4
4
4
4
4
4
4
4
4
4
4
4
4
4
4
4
4
4
4
4
4
4
4
4
4
4
4
4
4
4
4
4
4
4
4
4
4
4
4
4
4
4
4
4
4
4
4
4
4
4
4
4
4
4
4
4
4
4
4
4
4
4
4
4
4
4
4
4
4
4
4
4
4
4
4
4
4
4
4
4
4
4
4
4
4
4
4
4
4
4
4
4
4
4
4
4
4
4
4
4
4
4
4
4
4
4
4
4
4
4
4
4
4
4
4
4
4
4
4
4
4
4
4
4
4
4
4
4
4
4
4
4
4
4
4
4
4
4
4
4
4
4
4
4
4
4
4
4
4
4
4
4
4
4
4
4
4
4
4
4
4
4
4
4
4
4
4
4
4
4
4
4
4
4
4
4
4
4
4
4
4
4
4
4
4
4
4
4
4
4
4
4
4
4
4
4
4
4
4
4
4
4
4
4
4
4
4
4
4
4
4
4
4
4
4
4
4
4
4
4
4
4
4
4
4
4
4
4
4
4
4
4
4
4
4
4
4
4
4
4
4
4
4
4
4
4
4
4
4
4
4
4
4
4
4
4
4
4
4
4
4
4
4
4
4
4
4
4
4
4
4
4
4
4
4
4
4
4
4
4
4
4
4
4
4
4
4
4
4
4
4
4
4
4
4
4
4
4
4
4
4
4
4
4
4
4
4
4
4
4
4
4
4
4
4
4
4
4
4
4
4
4
4
4
4
4
4
4
4
4
4
4
4
4
4
4
4
4
4
4
4
4
4
4
4
4
4
4
4
4
4
4
4
4
4
4
4
4
4
4
4
4
4
4
4
4
4
4
4
4
4
4
4
4
4
4
4
4
4
4
4
4
4
4
4
4
4
4
4
4
4
4
4
4
4
4
4
4
4
4
4
4
4
4
4
4
4
4
4
4
4
4
4
4
4
4
4
4
4
4
4
4
4
4
4
4
4
4
4
4
4
4
4
4
4
4
4
4
4
4
4
4
4
4
4
4
4
4
4
4
4
4
4
4
4
4
4
4
4
4
4
4
4
4
4
4
4
4
4
4
4
4
4
4
4
4
4
4
4
4
4
4
4
4
4
4
4
4
4
4
4
4
4
4
4
4
4
4
4
4
4
4
4
4
4
4
4
4
4
4
4
4
4
4
4
4
4
4
4
4
4
4
4
4
4
4
4
4
4
4
4
4
4
4
4
4
4
4
4
4
4
4
4
4
4
4
4
4
4
4
4
4
4
4
4
4
4
4
4
4
4
4
4
4
4
4
4
4
4
4
4
4
4
4
4
4
4
4
4
4
4
4
4
4
4
4
4
4
4
4
4
4
4
4
4
4
4
4
4
4
4
4
4
4
4
4
4
4
4
4
4
4
4
4
4
4
4
4
4
4
4
4
4
4
4
4
4
4
4
4
4
4
4
4
4
4
4
4
4
4
4
4
4
4
4
4
4
4
4
4
4
4
4
4
4
4
4
4
4
4
4
4
4
4
4
4
4
4
4
4
4
4
4
4
4
4
4
4
4
4
4
4
4
4
4
4
4
4
4
4
4
4
4
4
4
4
4
4
4
4
4
4
4
4
4
4
4
4
4
4
4
4
4
4
4
4
4
4
4
4
4
4
4
4
4
4
4
4
4
4
4
4
4
4
4
4
4
4
4
4
4
4
4
4
4
4
4
4
4
4
4
4
4
4
4
4
4
4
4
4
4
4
4
4
4
4
4
4
4
4
4
4
4
4
4
4
4
4
4
4
4
4
4
4
4
4
4
4
4
4
4
4
4
4
4
4
4
4
4
4
4
4
4
4
4
4
4
4
4
4
4
4
4
4
4
4
4
4
4
4
4
4
4
4
4
4
4
4
4
4
4
4
4
4
4
4
4
4
4
4
4
4
4
4
4
4
4
4
4
4
4
4
4
4
4
4
4
4
4
4
4
4
4
4
4
4
4
4
4
4
4
4
4
4
4
4
4
4
4
4
4
4
4
4
4
4
4
4
4
4
4
4
4
4
4
4
4
4
4
4
4
4
4
4
4
4
4
4
4
4
4
4
4
4
4
4
4
4
4
4
4
4
4
4
4
4
4
4
4
4
4
4
4
4
4
4
4
4
4
4
4
4
4
4
4
4
4
4
4
4
4
4
4
4
4
4
4
4
4
4
4
4
4
4
4
4
4
4
4
4
4
4
4
4
4
4
4
4
4
4
4
4
4
4
4
4
4
4
4
4
4
4
4
4
4
4
4
4
4
4
4
4
4
4
4
4
4
4
4
4
4
4
4
4
4
4
4
4
4
4
4
4
4
4
4
4
4
4
4
4
4
4
4
4
4
4
4
4
4
4
4
4
4
4
4
4
4
4
4
4
4
4
4
4
4
4
4
4
4
4
4
4
4
4
4
4
4
4
4
4
4
4
4
4
4
4
4
4
4
4
4
4
4
4
4
4
4
4
4
4
4
4
4
4
4
4
4
4
4
4
4
4
4
4
4
4
4
4
4
4
4
4
4
4
4
4
4
4
4
4
4
4
4
4
4
4
4
4
4
4
4
4
4
4
4
4
4
4
4
4
4
4
4
4
4
4
4
4
4
4
4
4
4
4
4
4
4
4
4
4
4
4
4
4
4
4
4
4
4
4
4
4
4
4
4
4
4
4
4
4
4
4
4
4
4
4
4
4
4
4
4
4
4
4
4
4
4
4
4
4
4
4
4
4
4
4
4
4
4
4
4
4
4
4
4
4
4
4
4
4
4
4
4
4
4
4
4
4
4
4
4
4
4
4
4
4
4
4
4
4
4
4
4
4
4
4
4
4
4
4
4
4
4
4
4
4
4
4
4
4
4
4
4
4
4
4
4
4
4
4
4
4
4
4
4
4
4
4
4
4
4
4
4
4
4
4
4
4
4
4
4
4
4
4
4
4
4
4
4
4
4
4
4
4
4
4
4
4
4
4
4
4
4
4
4
4
4
4
4
4
4
4
4
4
4
4
4
4
4
4
4
4
4
4
4
4
4
4
4
4
4
4
4
4
4
4
4
4
4
4
4
4
4
4
4
4
4
4
4
4
4
4
4
4
4
4
4
4
4
4
4
4
4
4
4
4
4
4
4
4
4
4
4
4
4
4
4
4
4
4
4
4
4
4
4
4
4
4
4
4
4
4
4
4
4
4
4
4
4
4
4
4
4
4
4
4
4
4
4
4
4
4
4
4
4
4
4
4
4
4
4
4
4
4
4
4
4
4
4
4
4
4
4
4
4
4
4
4
4
4
4
4
4
4
4
4
4
4
4
4
4
4
4
4
4
4
4
4
4
4
4
4
4
4
4
4
4
4
4
4
4
4
4
4
4
4
4
4
4
4
4
4
4
4
4
4
4
4
4
4
4
4
4
4
4
4
4
4
4
4
4
4
4
4
4
4
4
4
4
4
4
4
4
4
4
4
4
4
4
4
4
4
4
4
4
4
4
4
4
4
4
4
4
4
4
4
4
4
4
4
4
4
4
4
4
4
4
4
4
4
4
4
4
4
4
4
4
4
4
4
4
4
4
4
4
4
4
4
4
4
4
4
4
4
4
4
4
4
4
4
4
4
4
4
4
4
4
4
4
4
4
4
4
4
4
4
4
4
4
4
4
4
4
4
4
4
4
4
4
4
4
4
4
4
4
4
4
4
4
4
4
4
4
4
4
4
4
4
4
4
4
4
4
4
4
4
4
4
4
4
4
4
4
4
4
4
4
4
4
4
4
4
4
4
4
4
4
4
4
4
4
4
4
4
4
4
4
4
4
4
4
4
4
4
4
4
4
4
4
4
4
4
4
4
4
4
4
4
4
4
4
4
4
4
4
4
4
4
4
4
4
4
4
4
4
4
4
4
4
4
4
4
4
4
4
4
4
4
4
4
4
4
4
4
4
4
4
4
4
4
4
4
4
4
4
4
4
4
4
4
4
4
4
4
4
4
4
4
4
4
4
4
4
4
4
4
4
4
4
4
4
4
4
4
4
4
4
4
4
4
4
4
4
4
4
4
4
4
4
4
4
4
4
4
4
4
4
4
4
4
4
4
4
4
4
4
4
4
4
4
4
4
4
4
4
4
4
4
4
4
4
4
4
4
4
4
4
4
4
4
4
4
4
4
4
4
4
4
4
4
4
4
4
4
4
4
4
4
4
4
4
4
4
4
4
4
4
4
4
4
4
4
4
4
4
4
4
4
4
4
4
4
4
4
4
4
4
4
4
4
4
4
4
4
4
4
4
4
4
4
4
4
4
4
4
4
4
4
4
4
4
4
4
4
4
4
4
4
4
4
4
4
4
4
4
4
4
4
4
4
4
4
4
4
4
4
4
4
4
4
4
4
4
4
4
4
4
4
4
4
4
4
4
4
4
4
4
4
4
4
4
4
4
4
4
4
4
4
4
4
4
4
4
4
4
4
4
4
4
4
4
4
4
4
4
4
4
4
4
4
4
4
4
4
4
4
4
4
4
4
4
4
4
4
4
4
4
4
4
4
4
4
4
4
4
4
4
4
4
4
4
4
4
4
4
4
4
4
4
4
4
4
4
4
4
4
4
4
4
4
4
4
4
4
4
4
4
4
4
4
4
4
4
4
4
4
4
4
4
4
4
4
4
4
4
4
4
4
4
4
4
4
4
4
4
4
4
4
4
4
4
4
4
4
4
4
4
4
4
4
4
4
4
4
4
4
4
4
4
4
4
4
4
4
4
4
4
4
4
4
4
4
4
4
4
4
4
4
4
4
4
4
4
4
4
4
4
4
4
4
4
4
4
4
4
4
4
4
4
4
4
4
4
4
4
4
4
4
4
4
4
4
4
4
4
4
4
4
4
4
4
4
4
4
4
4
4
4
4
4
4
4
4
4
4
4
4
4
4
4
4
4
4
4
4
4
4
4
4
4
4
4
4
4
4
4
4
4
4
4
4
4
4
4
4
4
4
4
4
4
4
4
4
4
4
4
4
4
4
4
4
4
4
4
4
4
4
4
4
4
4
4
4
4
4
4
4
4
4
4
4
4
4
4
4
4
4
4
4
4
4
4
4
4
4
4
4
4
4
4
4
4
4
4
4
4
4
4
4
4
4
4
4
4
4
4
4
4
4
4
4
4
4
4
4
4
4
4
4
4
4
4
4
4
4
4
4
4
4
4
4
4
4
4
4
4
4
4
4
4
4
4
4
4
4
4
4
4
4
4
4
4
4
4
4
4
4
4
4
4
4
4
4
4
4
4
4
4
4
4
4
4
4
4
4
4
4
4
4
4
4
4
4
4
4
4
4
4
4
4
4
4
4
4
4
4
4
4
4
4
4
4
4
4
4
4
4
4
4
4
4
4
4
4
4
4
4
4
4
4
4
4
4
4
4
4
4
4
4
4
4
4
4
4
4
4
4
4
4
4
4
4
4
4
4
4
4
4
4
4
4
4
4
4
4
4
4
4
4
4
4
4
4
4
4
4
4
4
4
4
4
4
4
4
4
4
4
4
4
4
4
4
4
4
4
4
4
4
4
4
4
4
4
4
4
4
4
4
4
4
4
4
4
4
4
4
4
4
4
4
4
4
4
4
4
4
4
4
4
4
4
4
4
4
4
4
4
4
4
4
4
4
4
4
4
4
4
4
4
4
4
4
4
4
4
4
4
4
4
4
4
4
4
4
4
4
4
4
4
4
4
4
4
4
4
4
4
4
4
4
4
4
4
4
4
4
4
4
4
4
4
4
4
4
4
4
4
4
4
4
4
4
4
4
4
4
4
4
4
4
4
4
4
4
4
4
4
4
4
4
4
4
4
4
4
4
4
4
4
4
4
4
4
4
4
4
4
4
4
4
4
4
4
4
4
4
4
4
4
4
4
4
4
4
4
4
4
4
4
4
4
4
4
4
4
4
4
4
4
4
4
4
4
4
4
4
4
4
4
4
4
4
4
4
4
4
4
4
4
4
4
4
4
4
4
4
4
4
4
4
4
4
4
4
4
4
4
4
4
4
4
4
4
4
4
4
4
4
4
4
4
4
4
4
4
4
4
4
4
4
4
4
4
4
4
4
4
4
4
4
4
4
4
4
4
4
4
4
4
4
4
4
4
4
4
4
4
4
4
4
4
4
4
4
4
4
4
4
4
4
4
4
4
4
4
4
4
4
4
4
4
4
4
4
4
4
4
4
4
4
4
4
4
4
4
4
4
4
4
4
4
4
4
4
4
4
4
4
4
4
4
4
4
4
4
4
4
4
4
4
4
4
4
4
4
4
4
4
4
4
4
4
4
4
4
4
4
4
4
4
4
4
4
4
4
4
4
4
4
4
4
4
4
4
4
4
4
4
4
4
4
4
4
4
4
4
4
4
4
4
4
4
4
4
4
4
4
4
4
4
4
4
4
4
4
4
4
4
4
4
4
4
4
4
4
4
4
4
4
4
4
4
4
4
4
4
4
4
4
4
4
4
4
4
4
4
4
4
4
4
4
4
4
4
4
4
4
4
4
4
4
4
4
4
4
4
4
4
4
4
4
4
4
4
4
4
4
4
4
4
4
4
4
4
4
4
4
4
4
4
4
4
4
4
4
4
4
4
4
4
4
4
4
4
4
4
4
4
4
4
4
4
4
4
4
4
4
4
4
4
4
4
4
4
4
4
4
4
4
4
4
4
4
4
4
4
4
4
4
4
4
4
4
4
4
4
4
4
4
4
4
4
4
4
4
4
4
4
4
4
4
4
4
4
4
4
4
4
4
4
4
4
4
4
4
4
4
4
4
4
4
4
4
4
4
4
4
4
4
4
4
4
4
4
4
4
4
4
4
4
4
4
4
4
4
4
4
4
4
4
4
4
4
4
4
4
4
4
4
4
4
4
4
4
4
4
4
4
4
4
4
4
4
4
4
4
4
4
4
4
4
4
4
4
4
4
4
4
4
4
4
4
4
4
4
4
4
4
4
4
4
4
4
4
4
4
4
4
4
4
4
4
4
4
4
4
4
4
4
4
4
4
4
4
4
4
4
4
4
4
4
4
4
4
4
4
4
4
4
4
4
4
4
4
4
4
4
4
4
4
4
4
4
4
4
4
4
4
4
4
4
4
4
4
4
4
4
4
4
4
4
4
4
4
4
4
4
4
4
4
4
4
4
4
4
4
4
4
4
4
4
4
4
4
4
4
4
4
4
4
4
4
4
4
4
4
4
4
4
4
4
4
4
4
4
4
4
4
4
4
4
4
4
4
4
4
4
4
4
4
4
4
4
4
4
4
4
4
4
4
4
4
4
4
4
4
4
4
4
4
4
4
4
4
4
4
4
4
4
4
4
4
4
4
4
4
4
4
4
4
4
4
4
4
4
4
4
4
4
4
4
4
4
4
4
4
4
4
4
4
4
4
4
4
4
4
4
4
4
4
4
4
4
4
4
4
4
4
4
4
4
4
4
4
4
4
4
4
4
4
4
4
4
4
4
4
4
4
4
4
4
4
4
4
4
4
4
4
4
4
4
4
4
4
4
4
4
4
4
4
4
4
4
4
4
4
4
4
4
4
4
4
4
4
4
4
4
4
4
4
4
4
4
4
4
4
4
4
4
4
4
4
4
4
4
4
4
4
4
4
4
4
4
4
4
4
4
4
4
4
4
4
4
4
4
4
4
4
4
4
4
4
4
4
4
4
4
4
4
4
4
4
4
4
4
4
4
4
4
4
4
4
4
4
4
4
4
4
4
4
4
4
4
4
4
4
4
4
4
4
4
4
4
4
4
4
4
4
4
4
4
4
4
4
4
4
4
4
4
4
4
4
4
4
4
4
4
4
4
4
4
4
4
4
4
4
4
4
4
4
4
4
4
4
4
4
4
4
4
4
4
4
4
4
4
4
4
4
4
4
4
4
4
4
4
4
4
4
4
4
4
4
4
4
4
4
4
4
4
4
4
4
4
4
4
4
4
4
4
4
4
4
4
4
4
4
4
4
4
4
4
4
4
4
4
4
4
4
4
4
4
4
4
4
4
4
4
4
4
4
4
4
4
4
4
4
4
4
4
4
4
4
4
4
4
4
4
4
4
4
4
4
4
4
4
4
4
4
4
4
4
4
4
4
4
4
4
4
4
4
4
4
4
4
4
4
4
4
4
4
4
4
4
4
4
4
4
4
4
4
4
4
4
4
4
4
4
4
4
4
4
4
4
4
4
4
4
4
4
4
4
4
4
4
4
4
4
4
4
4
4
4
4
4
4
4
4
4
4
4
4
4
4
4
4
4
4
4
4
4
4
4
4
4
4
4
4
4
4
4
4
4
4
4
4
4
4
4
4
4
4
4
4
4
4
4
4
4
4
4
4
4
4
4
4
4
4
4
4
4
4
4
4
4
4
4
4
4
4
4
4
4
4
4
4
4
4
4
4
4
4
4
4
4
4
4
4
4
4
4
4
4
4
4
4
4
4
4
4
4
4
4
4
4
4
4
4
4
4
4
4
4
4
4
4
4
4
4
4
4
4
4
4
4
4
4
4
4
4
4
4
4
4
4
4
4
4
4
4
4
4
4
4
4
4
4
4
4
4
4
4
4
4
4
4
4
4
4
4
4
4
4
4
4
4
4
4
4
4
4
4
4
4
4
4
4
4
4
4
4
4
4
4
4
4
4
4
4
4
4
4
4
4
4
4
4
4
4
4
4
4
4
4
4
4
4
4
4
4
4
4
4
4
4
4
4
4
4
4
4
4
4
4
4
4
4
4
4
4
4
4
4
4
4
4
4
4
4
4
4
4
4
4
4
4
4
4
4
4
4
4
4
4
4
4
4
4
4
4
4
4
4
4
4
4
4
4
4
4
4
4
4
4
4
4
4
4
4
4
4
4
4
4
4
4
4
4
4
4
4
4
4
4
4
4
4
4
4
4
4
4
0
0
0
0
0
0
0
0
0
0
0
0
0
0
0
0
0
0
0
0
0
0
0
0
0
0
0
0
0
0
0
0
0
0
0
0
0
0
0
0
0
0
0
0
0
0
0
0
0
0
0
0
0
0
0
0
0
0
0
0
0
0
0
0
0
0
0
0
0
0
0
0
0
0
0
0
0
0
0
0
0
0
0
0
0
0
0
0
0
0
0
0
0
0
0
0
0
0
0
0
0
0
0
0
0
0
0
0
0
0
0
0
0
0
0
0
0
0
0
0
0
0
0
0
0
0
0
0
0
0
0
0
0
0
0
0
0
0
0
0
0
0
0
0
0
0
0
0
0
0
0
0
0
0
0
0
0
0
0
0
0
0
0
0
0
0
0
0
0
0
0
0
0
0
0
0
0
0
0
0
0
0
0
0
0
0
0
0
0
0
0
0
0
0
0
0
0
0
0
0
0
0
0
0
0
0
0
0
0
0
0
0
0
0
0
0
0
0
0
0
0
0
0
0
0
0
0
0
0
0
0
0
0
0
0
0
0
0
0
0
0
0
0
0
0
0
0
0
0
0
0
0
0
0
0
0
0
0
0
0
0
0
0
0
0
0
0
0
0
0
0
0
0
0
0
0
0
0
0
0
0
0
0
0
0
0
0
0
0
0
0
0
0
0
0
0
0
0
0
0
0
0
0
0
0
0
0
0
0
0
0
0
0
0
0
0
0
0
0
0
0
0
0
0
0
0
0
0
0
0
0
0
0
0
0
0
0
0
0
0
0
0
0
0
0
0
0
0
0
0
0
0
0
0
0
0
0
0
0
0
0
0
0
0
0
0
0
0
0
0
0
0
0
0
0
0
0
0
0
0
0
0
0
0
0
0
0
0
0
0
0
0
0
0
0
0
0
0
0
0
0
0
0
0
0
0
0
0
0
0
0
0
0
0
0
0
0
0
0
0
0
0
0
0
0
0
0
0
0
0
0
0
0
0
0
0
0
0
0
0
0
0
0
0
0
0
0
0
0
0
0
0
0
0
0
0
0
0
0
0
0
0
0
0
0
0
0
0
0
0
0
0
0
0
0
0
0
0
0
0
0
0
0
0
0
0
0
0
0
0
0
0
0
0
0
0
0
0
0
0
0
0
0
0
0
0
0
0
0
0
0
0
0
0
0
0
0
0
0
0
0
0
0
0
0
0
0
0
0
0
0
0
0
0
0
0
0
0
0
0
0
0
0
0
0
0
0
0
0
0
0
0
0
0
0
0
0
0
0
0
0
0
0
0
0
0
0
0
0
0
0
0
0
0
0
0
0
0
0
0
0
0
0
0
0
0
0
0
0
0
0
0
0
0
0
0
0
0
0
0
0
0
0
0
0
0
0
0
0
0
0
0
0
0
0
0
0
0
0
0
0
0
0
0
0
0
0
0
0
0
0
0
0
0
0
0
0
0
0
0
0
0
0
0
0
0
0
0
0
0
0
0
0
0
0
0
0
0
0
0
0
0
0
0
0
0
0
0
0
0
0
0
0
0
0
0
0
0
0
0
0
0
0
0
0
0
0
0
0
0
0
0
0
0
0
0
0
0
0
0
0
0
0
0
0
0
0
0
0
0
0
0
0
0
0
0
0
0
0
0
0
0
0
0
0
0
0
0
0
0
0
0
0
0
0
0
0
0
0
0
0
0
0
0
0
0
0
0
0
0
0
0
0
0
0
0
0
0
0
0
0
0
0
0
0
0
0
0
0
0
0
0
0
0
0
0
0
0
0
0
0
0
0
0
0
0
0
0
0
0
0
0
0
0
0
0
0
0
0
0
0
0
0
0
0
0
0
0
0
0
0
0
0
0
0
0
0
0
0
0
0
0
0
0
0
0
0
0
0
0
0
0
0
0
0
0
0
0
0
0
0
0
0
0
0
0
0
0
0
0
0
0
0
0
0
0
0
0
0
0
0
0
0
0
0
0
0
0
0
0
0
0
0
0
0
0
0
0
0
0
0
0
0
0
0
0
0
0
0
0
0
0
0
0
0
0
0
0
0
0
0
0
0
0
0
0
0
0
0
0
0
0
0
0
0
0
0
0
0
0
0
0
0
0
0
0
0
0
0
0
0
0
0
0
0
0
0
0
0
0
0
0
0
0
0
0
0
0
0
0
0
0
0
0
0
0
0
0
0
0
0
0
0
0
0
0
0
0
0
0
0
0
0
0
0
0
0
0
0
0
0
0
0
0
0
0
0
0
0
0
0
0
0
0
0
0
0
0
0
0
0
0
0
0
0
0
0
0
0
0
0
0
0
0
0
0
0
0
0
0
0
0
0
0
0
0
0
0
0
0
0
0
0
0
0
0
0
0
0
0
0
0
0
0
0
0
0
0
0
0
0
0
0
0
0
0
0
0
0
0
0
0
0
0
0
0
0
0
0
0
0
0
0
0
0
0
0
0
0
0
0
0
0
0
0
0
0
0
0
0
0
0
0
0
0
0
0
0
0
0
0
0
0
0
0
0
0
0
0
0
0
0
0
0
0
0
0
0
0
0
0
0
0
0
0
0
0
0
0
0
0
0
0
0
0
0
0
0
0
0
0
0
0
0
0
0
0
0
0
0
0
0
0
0
0
0
0
0
0
0
0
0
0
0
0
0
0
0
0
0
0
0
0
0
0
0
0
0
0
0
0
0
0
0
0
0
0
0
0
0
0
0
0
0
0
0
0
0
0
0
0
0
0
0
0
0
0
0
0
0
0
0
0
0
0
0
0
0
0
0
0
0
0
0
0
0
0
0
0
0
0
0
0
0
0
0
0
0
0
0
0
0
0
0
0
0
0
0
0
0
0
0
0
0
0
0
0
0
0
0
0
0
0
0
0
0
0
0
0
0
0
0
0
0
0
0
0
0
0
0
0
0
0
0
0
0
0
0
0
0
0
0
0
0
0
0
0
0
0
0
0
0
0
0
0
0
0
0
0
0
0
0
0
0
0
0
0
0
0
0
0
0
0
0
0
0
0
0
0
0
0
0
0
0
0
0
0
0
0
0
0
0
0
0
0
0
0
0
0
0
0
0
0
0
0
0
0
0
0
0
0
0
0
0
0
0
0
0
0
0
0
0
0
0
0
0
0
0
0
0
0
0
0
0
0
0
0
0
0
0
0
0
0
0
0
0
0
0
0
0
0
0
0
0
0
0
0
0
0
0
0
0
0
0
0
0
0
0
0
0
0
0
0
0
0
0
0
0
0
0
0
0
0
0
0
0
0
0
0
0
0
0
0
0
0
0
0
0
0
0
0
0
0
0
0
0
0
0
0
0
0
0
0
0
0
0
0
0
0
0
0
0
0
0
0
0
0
0
0
0
0
0
0
0
0
0
0
0
0
0
0
0
0
0
0
0
0
0
0
0
0
0
0
0
0
0
0
0
0
0
0
0
0
0
0
0
0
0
0
0
0
0
0
0
0
0
0
0
0
0
0
0
0
0
0
0
0
0
0
0
0
0
0
0
0
0
0
0
0
0
0
0
0
0
0
0
0
0
0
0
0
0
0
0
0
0
0
0
0
0
0
0
0
0
0
0
0
0
0
0
0
0
0
0
0
0
0
0
0
0
0
0
0
0
0
0
0
0
0
0
0
0
0
0
0
0
0
0
0
0
0
0
0
0
0
0
0
0
0
0
0
0
0
0
0
0
0
0
0
0
0
0
0
0
0
0
0
0
0
0
0
0
0
0
0
0
0
0
0
0
0
0
0
0
0
0
0
0
0
0
0
0
0
0
0
0
0
0
0
0
0
0
0
0
0
0
0
0
0
0
0
0
0
0
0
0
0
0
0
0
0
0
0
0
0
0
0
0
0
0
0
0
0
0
0
0
0
0
0
0
0
0
0
0
0
0
0
0
0
0
0
0
0
0
0
0
0
0
0
0
0
0
0
0
0
0
0
0
0
0
0
0
0
0
0
0
0
0
0
0
0
0
0
0
0
0
0
0
0
0
0
0
0
0
0
0
0
0
0
0
0
0
0
0
0
0
0
0
0
0
0
0
0
0
0
0
0
0
0
0
0
0
0
0
0
0
0
0
0
0
0
0
0
0
0
0
0
0
0
0
0
0
0
0
0
0
0
0
0
0
0
0
0
0
0
0
0
0
0
0
0
0
0
0
0
0
0
0
0
0
0
0
0
0
0
0
0
0
0
0
0
0
0
0
0
0
0
0
0
0
0
0
0
0
0
0
0
0
0
0
0
0
0
0
0
0
0
0
0
0
0
0
0
0
0
0
0
0
0
0
0
0
0
0
0
0
0
0
0
0
0
0
0
0
0
0
0
0
0
0
0
0
0
0
0
0
0
0
0
0
0
0
0
0
0
0
0
0
0
0
0
0
0
0
0
0
0
0
0
0
0
0
0
0
0
0
0
0
0
0
0
0
0
0
0
0
0
0
0
0
0
0
0
0
0
0
0
0
0
0
0
0
0
0
0
0
0
0
0
0
0
0
0
0
0
0
0
0
0
0
0
0
0
0
0
0
0
0
0
0
0
0
0
0
0
0
0
0
0
0
0
0
0
0
0
0
0
0
0
0
0
0
0
0
0
0
0
0
0
0
0
0
0
0
0
0
0
0
0
0
0
0
0
0
0
0
0
0
0
0
0
0
0
0
0
0
0
0
0
0
0
0
0
0
0
0
0
0
0
0
0
0
0
0
0
0
0
0
0
0
0
0
0
0
0
0
0
0
0
0
0
0
0
0
0
0
0
0
0
0
0
0
0
0
0
0
0
0
0
0
0
0
0
0
0
0
0
0
0
0
0
0
0
0
0
0
0
0
0
0
0
0
0
0
0
0
0
0
0
0
0
0
0
0
0
0
0
0
0
0
0
0
0
0
0
0
0
0
0
0
0
0
0
0
0
0
0
0
0
0
0
0
0
0
0
0
0
0
0
0
0
0
0
0
0
0
0
0
0
0
0
0
0
0
0
0
0
0
0
0
0
0
0
0
0
0
0
0
0
0
0
0
0
0
0
0
0
0
0
0
0
0
0
0
0
0
0
0
0
0
0
0
0
0
0
0
0
0
0
0
0
0
0
0
0
0
0
0
0
0
0
0
0
0
0
0
0
0
0
0
0
0
0
0
0
0
0
0
0
0
0
0
0
0
0
0
0
0
0
0
0
0
0
0
0
0
0
0
0
0
0
0
0
0
0
0
0
0
0
0
0
0
0
0
0
0
0
0
0
0
0
0
0
0
0
0
0
0
0
0
0
0
0
0
0
0
0
0
0
0
0
0
0
0
0
0
0
0
0
0
0
0
0
0
0
0
0
0
0
0
0
0
0
0
0
0
0
0
0
0
0
0
0
0
0
0
0
0
0
0
0
0
0
0
0
0
0
0
0
0
0
0
0
0
0
0
0
0
0
0
0
0
0
0
0
0
0
0
0
0
0
0
0
0
0
0
0
0
0
0
0
0
0
0
0
0
0
0
0
0
0
0
0
0
0
0
0
0
0
0
0
0
0
0
0
0
0
0
0
0
0
0
0
0
0
0
0
0
0
0
0
0
0
0
0
0
0
0
0
0
0
0
0
0
0
0
0
0
0
0
0
0
0
0
0
0
0
0
0
0
0
0
0
0
0
0
0
0
0
0
0
0
0
0
0
0
0
0
0
0
0
0
0
0
0
0
0
0
0
0
0
0
0
0
0
0
0
0
0
0
0
0
0
0
0
0
0
0
0
0
0
0
0
0
0
0
0
0
0
0
0
0
0
0
0
0
0
0
0
0
0
0
0
0
0
0
0
0
0
0
0
0
0
0
0
0
0
0
0
0
0
0
0
0
0
0
0
0
0
0
0
0
0
0
0
0
0
0
0
0
0
0
0
0
0
0
0
0
0
0
0
0
0
0
0
0
0
0
0
0
0
0
0
0
0
0
0
0
0
0
0
0
0
0
0
0
0
0
0
0
0
0
0
0
0
0
0
0
0
0
0
0
0
0
0
0
0
0
0
0
0
0
0
0
0
0
0
0
0
0
0
0
0
0
0
0
0
0
0
0
0
0
0
0
0
0
0
0
0
0
0
0
0
0
0
0
0
0
0
0
0
0
0
0
0
0
0
0
0
0
0
0
0
0
0
0
0
0
0
0
0
0
0
0
0
0
0
0
0
0
0
0
0
0
0
0
0
0
0
0
0
0
0
0
0
0
0
0
0
0
0
0
0
0
0
0
0
0
0
0
0
0
0
0
0
0
0
0
0
0
0
0
0
0
0
0
0
0
0
0
0
0
0
0
0
0
0
0
0
0
0
0
0
0
0
0
0
0
0
0
0
0
0
0
0
0
0
0
0
0
0
0
0
0
0
0
0
0
0
0
0
0
0
0
0
0
0
0
0
0
0
0
0
0
0
0
0
0
0
0
0
0
0
0
0
0
0
0
0
0
0
0
0
0
0
0
0
0
0
0
0
0
0
0
0
0
0
0
0
0
0
0
0
0
0
0
0
0
0
0
0
0
0
0
0
0
0
0
0
0
0
0
0
0
0
0
0
0
0
0
0
0
0
0
0
0
0
0
0
0
0
0
0
0
0
0
0
0
0
0
0
0
0
0
0
0
0
0
0
0
0
0
0
0
0
0
0
0
0
0
0
0
0
0
0
0
0
0
0
0
0
0
0
0
0
0
0
0
0
0
0
0
0
0
0
0
0
0
0
0
0
0
0
0
0
0
0
0
0
0
0
0
0
0
0
0
0
0
0
0
0
0
0
0
0
0
0
0
0
0
0
0
0
0
0
0
0
0
0
0
0
0
0
0
0
0
0
0
0
0
0
0
0
0
0
0
0
0
0
0
0
0
0
0
0
0
0
0
0
0
0
0
0
0
0
0
0
0
0
0
0
0
0
0
0
0
0
0
0
0
0
0
0
0
0
0
0
0
0
0
0
0
0
0
0
0
0
0
0
0
0
0
0
0
0
0
0
0
0
0
0
0
0
0
0
0
0
0
0
0
0
0
0
0
0
0
0
0
0
0
0
0
0
0
0
0
0
0
0
0
0
0
0
0
0
0
0
0
0
0
0
0
0
0
0
0
0
0
0
0
0
0
0
0
0
0
0
0
0
0
0
0
0
0
0
0
0
0
0
0
0
0
0
0
0
0
0
0
0
0
0
0
0
0
0
0
0
0
0
0
0
0
0
0
0
0
0
0
0
0
0
0
0
0
0
0
0
0
0
0
0
0
0
0
0
0
0
0
0
0
0
0
0
0
0
0
0
0
0
0
0
0
0
0
0
0
0
0
0
0
0
0
0
0
0
0
0
0
0
0
0
0
0
0
0
0
0
0
0
0
0
0
0
0
0
0
0
0
0
0
0
0
0
0
0
0
0
0
0
0
0
0
0
0
0
0
0
0
0
0
0
0
0
0
0
0
0
0
0
0
0
0
0
0
0
0
0
0
0
0
0
0
0
0
0
0
0
0
0
0
0
0
0
0
0
0
0
0
0
0
0
0
0
0
0
0
0
0
0
0
0
0
0
0
0
0
0
0
0
0
0
0
0
0
0
0
0
0
0
0
0
0
0
0
0
0
0
0
0
0
0
0
0
0
0
0
0
0
0
0
0
0
0
0
0
0
0
0
0
0
0
0
0
0
0
0
0
0
0
0
0
0
0
0
0
0
0
0
0
0
0
0
0
0
0
0
0
0
0
0
0
0
0
0
0
0
0
0
0
0
0
0
0
0
0
0
0
0
0
0
0
0
0
0
0
0
0
0
0
0
0
0
0
0
0
0
0
0
0
0
0
0
0
0
0
0
0
0
0
0
0
0
0
0
0
0
0
0
0
0
0
0
0
0
0
0
0
0
0
0
0
0
0
0
0
0
0
0
0
0
0
0
0
0
0
0
0
0
0
0
0
0
0
0
0
0
0
0
0
0
0
0
0
0
0
0
0
0
0
0
0
0
0
0
0
0
0
0
0
0
0
0
0
0
0
0
0
0
0
0
0
0
0
0
0
0
0
0
0
0
0
0
0
0
0
0
0
0
0
0
0
0
0
0
0
0
0
0
0
0
0
0
0
0
0
0
0
0
0
0
0
0
0
0
0
0
0
0
0
0
0
0
0
0
0
0
0
0
0
0
0
0
0
0
0
0
0
0
0
0
0
0
0
0
0
0
0
0
0
0
0
0
0
0
0
0
0
0
0
0
0
0
0
0
0
0
0
0
0
0
0
0
0
0
0
0
0
0
0
0
0
0
0
0
0
0
0
0
0
0
0
0
0
0
0
0
0
0
0
0
0
0
0
0
0
0
0
0
0
0
0
0
0
0
0
0
0
0
0
0
0
0
0
0
0
0
0
0
0
0
0
0
0
0
0
0
0
0
0
0
0
0
0
0
0
0
0
0
0
0
0
0
0
0
0
0
0
0
0
0
0
0
0
0
0
0
0
0
0
0
0
0
0
0
0
0
0
0
0
0
0
0
0
0
0
0
0
0
0
0
0
0
0
0
0
0
0
0
0
0
0
0
0
0
0
0
0
0
0
0
0
0
0
0
0
0
0
0
0
0
0
0
0
0
0
0
0
0
0
0
0
0
0
0
0
0
0
0
0
0
0
0
0
0
0
0
0
0
0
0
0
0
0
0
0
0
0
0
0
0
0
0
0
0
0
0
0
0
0
0
0
0
0
0
0
0
0
0
0
0
0
0
0
0
0
0
0
0
0
0
0
0
0
0
0
0
0
0
0
0
0
0
0
0
0
0
0
0
0
0
0
0
0
0
0
0
0
0
0
0
0
0
0
0
0
0
0
0
0
0
0
0
0
0
0
0
0
0
0
0
0
0
0
0
0
0
0
0
0
0
0
0
0
0
0
0
0
0
0
0
0
0
0
0
0
0
0
0
0
0
0
0
0
0
0
0
0
0
0
0
0
0
0
0
0
0
0
0
0
0
0
0
0
0
0
0
0
0
0
0
0
0
0
0
0
0
0
0
0
0
0
0
0
0
0
0
0
0
0
0
0
0
0
0
0
0
0
0
0
0
0
0
0
0
0
0
0
0
0
0
0
0
0
0
0
0
0
0
0
0
0
0
0
0
0
0
0
0
0
0
0
0
0
0
0
0
0
0
0
0
0
0
0
0
0
0
0
0
0
0
0
0
0
0
0
0
0
0
0
0
0
0
0
0
0
0
0
0
0
0
0
0
0
0
0
0
0
0
0
0
0
0
0
0
0
0
0
0
0
0
0
0
0
0
0
0
0
0
0
0
0
0
0
0
0
0
0
0
0
0
0
0
0
0
0
0
0
0
0
0
0
0
0
0
0
0
0
0
0
0
0
0
0
0
0
0
0
0
0
0
0
0
0
0
0
0
0
0
0
0
0
0
0
0
0
0
0
0
0
0
0
0
0
0
0
0
0
0
0
0
0
0
0
0
0
0
0
0
0
0
0
0
0
0
0
0
0
0
0
0
0
0
0
0
0
0
0
0
0
0
0
0
0
0
0
0
0
0
0
0
0
0
0
0
0
0
0
0
0
0
0
0
0
0
0
0
0
0
0
0
0
0
0
0
0
0
0
0
0
0
0
0
0
0
0
0
0
0
0
0
0
0
0
0
0
0
0
0
0
0
0
0
0
0
0
0
0
0
0
0
0
0
0
0
0
0
0
0
0
0
0
0
0
0
0
0
0
0
0
0
0
0
0
0
0
0
0
0
0
0
0
0
0
0
0
0
0
0
0
0
0
0
0
0
0
0
0
0
0
0
0
0
0
0
0
0
0
0
0
0
0
0
0
0
0
0
0
0
0
0
0
0
0
0
0
0
0
0
0
0
0
0
0
0
0
0
0
0
0
0
0
0
0
0
0
0
0
0
0
0
0
0
0
0
0
0
0
0
0
0
0
0
0
0
0
0
0
0
0
0
0
0
0
0
0
0
0
0
0
0
0
0
0
0
0
0
0
0
0
0
0
0
0
0
0
0
0
0
0
0
0
0
0
0
0
0
0
0
0
0
0
0
0
0
0
0
0
0
0
0
0
0
0
0
0
0
0
0
0
0
0
0
0
0
0
0
0
0
0
0
0
0
0
0
0
0
0
0
0
0
0
0
0
0
0
0
0
0
0
0
0
0
0
0
0
0
0
0
0
0
0
0
0
0
0
0
0
0
0
0
0
0
0
0
0
0
0
0
0
0
0
0
0
0
0
0
0
0
0
0
0
0
0
0
0
0
0
0
0
0
0
0
0
0
0
0
0
0
0
0
0
0
0
0
0
0
0
0
0
0
0
0
0
0
0
0
0
0
0
0
0
0
0
0
0
0
0
0
0
0
0
0
0
0
0
0
0
0
0
0
0
0
0
0
0
0
0
0
0
0
0
0
0
0
0
0
0
0
0
0
0
0
0
0
0
0
0
0
0
0
0
0
0
0
0
0
0
0
0
0
0
0
0
0
0
0
0
0
0
0
0
0
0
0
0
0
0
0
0
0
0
0
0
0
0
0
0
0
0
0
0
0
0
0
0
0
0
0
0
0
0
0
0
0
0
0
0
0
0
0
0
0
0
0
0
0
0
0
0
0
0
0
0
0
0
0
0
0
0
0
0
0
0
0
0
0
0
0
0
0
0
0
0
0
0
0
0
0
0
0
0
0
0
0
0
0
0
0
0
0
0
0
0
0
0
0
0
0
0
0
0
0
0
0
0
0
0
0
0
0
0
0
0
0
0
0
0
0
0
0
0
0
0
0
0
0
0
0
0
0
0
0
0
0
0
0
0
0
0
0
0
0
0
0
0
0
0
0
0
0
0
0
0
0
0
0
0
0
0
0
0
0
0
0
0
0
0
0
0
0
0
0
0
0
0
0
0
0
0
0
0
0
0
0
0
0
0
0
0
0
0
0
0
0
0
0
0
0
0
0
0
0
0
0
0
0
0
0
0
0
0
0
0
0
0
0
0
0
0
0
0
0
0
0
0
0
0
0
0
0
0
0
0
0
0
0
0
0
0
0
0
0
0
0
0
0
0
0
0
0
0
0
0
0
0
0
0
0
0
0
0
0
0
0
0
0
0
0
0
0
0
0
0
0
0
0
0
0
0
0
0
0
0
0
0
0
0
0
0
0
0
0
0
0
0
0
0
0
0
0
0
0
0
0
0
0
0
0
0
0
0
0
0
0
0
0
0
0
0
0
0
0
0
0
0
0
0
0
0
0
0
0
0
0
0
0
0
0
0
0
0
0
0
0
0
0
0
0
0
0
0
0
0
0
0
0
0
0
0
0
0
0
0
0
0
0
0
0
0
0
0
0
0
0
0
0
0
0
0
0
0
0
0
0
0
0
0
0
0
0
0
0
0
0
0
0
0
0
0
0
0
0
0
0
0
0
0
0
0
0
0
0
0
0
0
0
0
0
0
0
0
0
0
0
0
0
0
0
0
0
0
0
0
0
0
0
0
0
0
0
0
0
0
0
0
0
0
0
0
0
0
0
0
0
0
0
0
0
0
0
0
0
0
0
0
0
0
0
0
0
0
0
0
0
0
0
0
0
0
0
0
0
0
0
0
0
0
0
0
0
0
0
0
0
0
0
0
0
0
0
0
0
0
0
0
0
0
0
0
0
0
0
0
0
0
0
0
0
0
0
0
0
0
0
0
0
0
0
0
0
0
0
0
0
0
0
0
0
0
0
0
0
0
0
0
0
0
0
0
0
0
0
0
0
0
0
0
0
0
0
0
0
0
0
0
0
0
0
0
0
0
0
0
0
0
0
0
0
0
0
0
0
0
0
0
0
0
0
0
0
0
0
0
0
0
0
0
0
0
0
0
0
0
0
0
0
0
0
0
0
0
0
0
0
0
0
0
0
0
0
0
0
0
0
0
0
0
0
0
0
0
0
0
0
0
0
0
0
0
0
0
0
0
0
0
0
0
0
0
0
0
0
0
0
0
0
0
0
0
0
0
0
0
0
0
0
0
0
0
0
0
0
0
0
0
0
0
0
0
0
0
0
0
0
0
0
0
0
0
0
0
0
0
0
0
0
0
0
0
0
0
0
0
0
0
0
0
0
0
0
0
0
0
0
0
0
0
0
0
0
0
0
0
0
0
0
0
0
0
0
0
0
0
0
0
0
0
0
0
0
0
0
0
0
0
0
0
0
0
0
0
0
0
0
0
0
0
0
0
0
0
0
0
0
0
0
0
0
0
0
0
0
0
0
0
0
0
0
0
0
0
0
0
0
0
0
0
0
0
0
0
0
0
0
0
0
0
0
0
0
0
0
0
0
0
0
0
0
0
0
0
0
0
0
0
0
0
0
0
0
0
0
0
0
0
0
0
0
0
0
0
0
0
0
0
0
0
0
0
0
0
0
0
0
0
0
0
0
0
0
0
0
0
0
0
0
0
0
0
0
0
0
0
0
0
0
0
0
0
0
0
0
0
0
0
0
0
0
0
0
0
0
0
0
0
0
0
0
0
0
0
0
0
0
0
0
0
0
0
0
0
0
0
0
0
0
0
0
0
0
0
0
0
0
0
0
0
0
0
0
0
0
0
0
0
0
0
0
0
0
0
0
0
0
0
0
0
0
0
0
0
0
0
0
0
0
0
0
0
0
0
0
0
0
0
0
0
0
0
0
0
0
0
0
0
0
0
0
0
0
0
0
0
0
0
0
0
0
0
0
0
0
0
0
0
0
0
0
0
0
0
0
0
0
0
0
0
0
0
0
0
0
0
0
0
0
0
0
0
0
0
0
0
0
0
0
0
0
0
0
0
0
0
0
0
0
0
0
0
0
0
0
0
0
0
0
0
0
0
0
0
0
0
0
0
0
0
0
0
0
0
0
0
0
0
0
0
0
0
0
0
0
0
0
0
0
0
0
0
0
0
0
0
0
0
0
0
0
0
0
0
0
0
0
0
0
0
0
0
0
0
0
0
0
0
0
0
0
0
0
0
0
0
0
0
0
0
0
0
0
0
0
0
0
0
0
0
0
0
0
0
0
0
0
0
0
0
0
0
0
0
0
0
0
0
0
0
0
0
0
0
0
0
0
0
0
0
0
0
0
0
0
0
0
0
0
0
0
0
0
0
0
0
0
0
0
0
0
0
0
0
0
0
0
0
0
0
0
0
0
0
0
0
0
0
0
0
0
0
0
0
0
0
0
0
0
0
0
0
0
0
0
0
0
0
0
0
0
0
0
0
0
0
0
0
0
0
0
0
0
0
0
0
0
0
0
0
0
0
0
0
0
0
0
0
0
0
0
0
0
0
0
0
0
0
0
0
0
0
0
0
0
0
0
0
0
0
0
0
0
0
0
0
0
0
0
0
0
0
0
0
0
0
0
0
0
0
0
0
0
0
0
0
0
0
0
0
0
0
0
0
0
0
0
0
0
0
0
0
0
0
0
0
0
0
0
0
0
0
0
0
0
0
0
0
0
0
0
0
0
0
0
0
0
0
0
0
0
0
0
0
0
0
0
0
0
0
0
0
0
0
0
0
0
0
0
0
0
0
0
0
0
0
0
0
0
0
0
0
0
0
0
0
0
0
0
0
0
0
0
0
0
0
0
0
0
0
0
0
0
0
0
0
0
0
0
0
0
0
0
0
0
0
0
0
0
0
0
0
0
0
0
0
0
0
0
0
0
0
0
0
0
0
0
0
0
0
0
0
0
0
0
0
0
0
0
0
0
0
0
0
0
0
0
0
0
0
0
0
0
0
0
0
0
0
0
0
0
0
0
0
0
0
0
0
0
0
0
0
0
0
0
0
0
0
0
0
0
0
0
0
0
0
0
0
0
0
0
0
0
0
0
0
0
0
0
0
0
0
0
0
0
0
0
0
0
0
0
0
0
0
0
0
0
0
0
0
0
0
0
0
0
0
0
0
0
0
0
0
0
0
0
0
0
0
0
0
0
0
0
0
0
0
0
0
0
0
0
0
0
0
0
0
0
0
0
0
0
0
0
0
0
0
0
0
0
0
0
0
0
0
0
0
0
0
0
0
0
0
0
0
0
0
0
0
0
0
0
0
0
0
0
0
0
0
0
0
0
0
0
0
0
0
0
0
0
0
0
0
0
0
0
0
0
0
0
0
0
0
0
0
0
0
0
0
0
0
0
0
0
0
0
0
0
0
0
0
0
0
0
0
0
0
0
0
0
0
0
0
0
0
0
0
0
0
0
0
0
0
0
0
0
0
0
0
0
0
0
0
0
0
0
0
0
0
0
0
0
0
0
0
0
0
0
0
0
0
0
0
0
0
0
0
0
0
0
0
0
0
0
0
0
0
0
0
0
0
0
0
0
0
0
0
0
0
0
0
0
0
0
0
0
0
0
0
0
0
0
0
0
0
0
0
0
0
0
0
0
0
0
0
0
0
0
0
0
0
0
0
0
0
0
0
0
0
0
0
0
0
0
0
0
0
0
0
0
0
0
0
0
0
0
0
0
0
0
0
0
0
0
0
0
0
0
0
0
0
0
0
0
0
0
0
0
0
0
0
0
0
0
0
0
0
0
0
0
0
0
0
0
0
0
0
0
0
0
0
0
0
0
0
0
0
0
0
0
0
0
0
0
0
0
0
0
0
0
0
0
0
0
0
0
0
0
0
0
0
0
0
0
0
0
0
0
0
0
0
0
0
0
0
0
0
0
0
0
0
0
0
0
0
0
0
0
0
0
0
0
0
0
0
0
0
0
0
0
0
0
0
0
0
0
0
0
0
0
0
0
0
0
0
0
0
0
0
0
0
0
0
0
0
0
0
0
0
0
0
0
0
0
0
0
0
0
0
0
0
0
0
0
0
0
0
0
0
0
0
0
0
0
0
0
0
0
0
0
0
0
0
0
0
0
0
0
0
0
0
0
0
0
0
0
0
0
0
0
0
0
0
0
0
0
0
0
0
0
0
0
0
0
0
0
0
0
0
0
0
0
0
0
0
0
0
0
0
0
0
0
0
0
0
0
0
0
0
0
0
0
0
0
0
0
0
0
0
0
0
0
0
0
0
0
0
0
0
0
0
0
0
0
0
0
0
0
0
0
0
0
0
0
0
0
0
0
0
0
0
0
0
0
0
0
0
0
0
0
0
0
0
0
0
0
0
0
0
0
0
0
0
0
0
0
0
0
0
0
0
0
0
0
0
0
0
0
0
0
0
0
0
0
0
0
0
0
0
0
0
0
0
0
0
0
0
0
0
0
0
0
0
0
0
0
0
0
0
0
0
0
0
0
0
0
0
0
0
0
0
0
0
0
0
0
0
0
0
0
0
0
0
0
0
0
0
0
0
0
0
0
0
0
0
0
0
0
0
0
0
0
0
0
0
0
0
0
0
0
0
0
0
0
0
0
0
0
0
0
0
0
0
0
0
0
0
0
0
0
0
0
0
0
0
0
0
0
0
0
0
0
0
0
0
0
0
0
0
0
0
0
0
0
0
0
0
0
0
0
0
0
0
0
0
0
0
0
0
0
0
0
0
0
0
0
0
0
0
0
0
0
0
0
0
0
0
0
0
0
0
0
0
0
0
0
0
0
0
0
0
0
0
0
0
0
0
0
0
0
0
0
0
0
0
0
0
0
0
0
0
0
0
0
0
0
0
0
0
0
0
0
0
0
0
0
0
0
0
0
0
0
0
0
0
0
0
0
0
0
0
0
0
0
0
0
0
0
0
0
0
0
0
0
0
0
0
0
0
0
0
0
0
0
0
0
0
0
0
0
0
0
0
0
0
0
0
0
0
0
0
0
0
0
0
0
0
0
0
0
0
0
0
0
0
0
0
0
0
0
0
0
0
0
0
0
0
0
0
0
0
0
0
0
0
0
0
0
0
0
0
0
0
0
0
0
0
0
0
0
0
0
0
0
0
0
0
0
0
0
0
0
0
0
0
0
0
0
0
0
0
0
0
0
0
0
0
0
0
0
0
0
0
0
0
0
0
0
0
0
0
0
0
0
0
0
0
0
0
0
0
0
0
0
0
0
0
0
0
0
0
0
0
0
0
0
0
0
0
0
0
0
0
0
0
0
0
0
0
0
0
0
0
0
0
0
0
0
0
0
0
0
0
0
0
0
0
0
0
0
0
0
0
0
0
0
0
0
0
0
0
0
0
0
0
0
0
0
0
0
0
0
0
0
0
0
0
0
0
0
0
0
0
0
0
0
0
0
0
0
0
0
0
0
0
0
0
0
0
0
0
0
0
0
0
0
0
0
0
0
0
0
0
0
0
0
0
0
0
0
0
0
0
0
0
0
0
0
0
0
0
0
0
0
0
0
0
0
0
0
0
0
0
0
0
0
0
0
0
0
0
0
0
0
0
0
0
0
0
0
0
0
0
0
0
0
0
0
0
0
0
0
0
0
0
0
0
0
0
0
0
0
0
0
0
0
0
0
0
0
0
0
0
0
0
0
0
0
0
0
0
0
0
0
0
0
0
0
0
0
0
0
0
0
0
0
0
0
0
0
0
0
0
0
0
0
0
0
0
0
0
0
0
0
0
0
0
0
0
0
0
0
0
0
0
0
0
0
0
0
0
0
0
0
0
0
0
0
0
0
0
0
0
0
0
0
0
0
0
0
0
0
0
0
0
0
0
0
0
0
0
0
0
0
0
0
0
0
0
0
0
0
0
0
0
0
0
0
0
0
0
0
0
0
0
0
0
0
0
0
0
0
0
0
0
0
0
0
0
0
0
0
0
0
0
0
0
0
0
0
0
0
0
0
0
0
0
0
0
0
0
0
0
0
0
0
0
0
0
0
0
0
0
0
0
0
0
0
0
0
0
0
0
0
0
0
0
0
0
0
0
0
0
0
0
0
0
0
0
0
0
0
0
0
0
0
0
0
0
0
0
0
0
0
0
0
0
0
0
0
0
0
0
0
0
0
0
0
0
0
0
0
0
0
0
0
0
0
0
0
0
0
0
0
0
0
0
0
0
0
0
0
0
0
0
0
0
0
0
0
0
0
0
0
0
0
0
0
0
0
0
0
0
0
0
0
0
0
0
0
0
0
0
0
0
0
0
0
0
0
0
0
0
0
0
0
0
0
0
0
0
0
0
0
0
0
0
0
0
0
0
0
0
0
0
0
0
0
0
0
0
0
0
0
0
0
0
0
0
0
0
0
0
0
0
0
0
0
0
0
0
0
0
0
0
0
0
0
0
0
0
0
0
0
0
0
0
0
0
0
0
0
0
0
0
0
0
0
0
0
0
0
0
0
0
0
0
0
0
0
0
0
0
0
0
0
0
0
0
0
0
0
0
0
0
0
0
0
0
0
0
0
0
0
0
0
0
0
0
0
0
0
0
0
0
0
0
0
0
0
0
0
0
0
0
0
0
0
0
0
0
0
0
0
0
0
0
0
0
0
0
0
0
0
0
0
0
0
0
0
0
0
0
0
0
0
0
0
0
0
0
0
0
0
0
0
0
0
0
0
0
0
0
0
0
0
0
0
0
0
0
0
0
0
0
0
0
0
0
0
0
0
0
0
0
0
0
0
0
0
0
0
0
0
0
0
0
0
0
0
0
0
0
0
0
0
0
0
0
0
0
0
0
0
0
0
0
0
0
0
0
0
0
0
0
0
0
0
0
0
0
0
0
0
0
0
0
0
0
0
0
0
0
0
0
0
0
0
0
0
0
0
0
0
0
0
0
0
0
0
0
0
0
0
0
0
0
0
0
0
0
0
0
0
0
0
0
0
0
0
0
0
0
0
0
0
0
0
0
0
0
0
0
0
0
0
0
0
0
0
0
0
0
0
0
0
0
0
0
0
0
0
0
0
0
0
0
0
0
0
0
0
0
0
0
0
0
0
0
0
0
0
0
0
0
0
0
0
0
0
0
0
0
0
0
0
0
0
0
0
0
0
0
0
0
0
0
0
0
0
0
0
0
0
0
0
0
0
0
0
0
0
0
0
0
0
0
0
0
0
0
0
0
0
0
0
0
0
0
0
0
0
0
0
0
0
0
0
0
0
0
0
0
0
0
0
0
0
0
0
0
0
0
0
0
0
0
0
0
0
0
0
0
0
0
0
0
0
0
0
0
0
0
0
0
0
0
0
0
0
0
0
0
0
0
0
0
0
0
0
0
0
0
0
0
0
0
0
0
0
0
0
0
0
0
0
0
0
0
0
0
0
0
0
0
0
0
0
0
0
0
0
0
0
0
0
0
0
0
0
0
0
0
0
0
0
0
0
0
0
0
0
0
0
0
0
0
0
0
0
0
0
0
0
0
0
0
0
0
0
0
0
0
0
0
0
0
0
0
0
0
0
0
0
0
0
0
0
0
0
0
0
0
0
0
0
0
0
0
0
0
0
0
0
0
0
0
0
0
0
0
0
0
0
0
0
0
0
0
0
0
0
0
0
0
0
0
0
0
0
0
0
0
0
0
0
0
0
0
0
0
0
0
0
0
0
0
0
0
0
0
0
0
0
0
0
0
0
0
0
0
0
0
0
0
0
0
0
0
0
0
0
0
0
0
0
0
0
0
0
0
0
0
0
0
0
0
0
0
0
0
0
0
0
0
0
0
0
0
0
0
0
0
0
0
0
0
0
0
0
0
0
0
0
0
0
0
0
0
0
0
0
0
0
0
0
0
0
0
0
0
0
0
0
0
0
0
0
0
0
0
0
0
0
0
0
0
0
0
0
0
0
0
0
0
0
0
0
0
0
0
0
0
0
0
0
0
0
0
0
0
0
0
0
0
0
0
0
0
0
0
0
0
0
0
0
0
0
0
0
0
0
0
0
0
0
0
0
0
0
0
0
0
0
0
0
0
0
0
0
0
0
0
0
0
0
0
0
0
0
0
0
0
0
0
0
0
0
0
0
0
0
0
0
0
0
0
0
0
0
0
0
0
0
0
0
0
0
0
0
0
0
0
0
0
0
0
0
0
0
0
0
0
0
0
0
0
0
0
0
0
0
0
0
0
0
0
0
0
0
0
0
0
0
0
0
0
0
0
0
0
0
0
0
0
0
0
0
0
0
0
0
0
0
0
0
0
0
0
0
0
0
0
0
0
0
0
0
0
0
0
0
0
0
0
0
0
0
0
0
0
0
0
0
0
0
0
0
0
0
0
0
0
0
0
0
0
0
0
0
0
0
0
0
0
0
0
0
0
0
0
0
0
0
0
0
0
0
0
0
0
0
0
0
0
0
0
0
0
0
0
0
0
0
0
0
0
0
0
0
0
0
0
0
0
0
0
0
0
0
0
0
0
0
0
0
0
0
0
0
0
0
0
0
0
0
0
0
0
0
0
0
0
0
0
0
0
0
0
0
0
0
0
0
0
0
0
0
0
0
0
0
0
0
0
0
0
0
0
0
0
0
0
0
0
0
0
0
0
0
0
0
0
0
0
0
0
0
0
0
0
0
0
0
0
0
0
0
0
0
0
0
0
0
0
0
0
0
0
0
0
0
0
0
0
0
0
0
0
0
0
0
0
0
0
0
0
0
0
0
0
0
0
0
0
0
0
0
0
0
0
0
0
0
0
0
0
0
0
0
0
0
0
0
0
0
0
0
0
0
0
0
0
0
0
0
0
0
0
0
0
0
0
0
0
0
0
0
0
0
0
0
0
0
0
0
0
0
0
0
0
0
0
0
0
0
0
0
0
0
0
0
0
0
0
0
0
0
0
0
0
0
0
0
0
0
0
0
0
0
0
0
0
0
0
0
0
0
0
0
0
0
0
0
0
0
0
0
0
0
0
0
0
0
0
0
0
0
0
0
0
0
0
0
0
0
0
0
0
0
0
0
0
0
0
0
0
0
0
0
0
0
0
0
0
0
0
0
0
0
0
0
0
0
0
0
0
0
0
0
0
0
0
0
0
0
0
0
0
0
0
0
0
0
0
0
0
0
0
0
0
0
0
0
0
0
0
0
0
0
0
0
0
0
0
0
0
0
0
0
0
0
0
0
0
0
0
0
0
0
0
0
0
0
0
0
0
0
0
0
0
0
0
0
0
0
0
0
0
0
0
0
0
0
0
0
0
0
0
0
0
0
0
0
0
0
0
0
0
0
0
0
0
0
0
0
0
0
0
0
0
0
0
0
0
0
0
0
0
0
0
0
0
0
0
0
0
0
0
0
0
0
0
0
0
0
0
0
0
0
0
0
0
0
0
0
0
0
0
0
0
0
0
0
0
0
0
0
0
0
0
0
0
0
0
0
0
0
0
0
0
0
0
0
0
0
0
0
0
0
0
0
0
0
0
0
0
0
0
0
0
0
0
0
0
0
0
0
0
0
0
0
0
0
0
0
0
0
0
0
0
0
0
0
0
0
0
0
0
0
0
0
0
0
0
0
0
0
0
0
0
0
0
0
0
0
0
0
0
0
0
0
0
0
0
0
0
0
0
0
0
0
0
0
0
0
0
0
0
0
0
0
0
0
0
0
0
0
0
0
0
0
0
0
0
0
0
0
0
0
0
0
0
0
0
0
0
0
0
0
0
0
0
0
0
0
0
0
0
0
0
0
0
0
0
0
0
0
0
0
0
0
0
0
0
0
0
0
0
0
0
0
0
0
0
0
0
0
0
0
0
0
0
0
0
0
0
0
0
0
0
0
0
0
0
0
0
0
0
0
0
0
0
0
0
0
0
0
0
0
0
0
0
0
0
0
0
0
0
0
0
0
0
0
0
0
0
0
0
0
0
0
0
0
0
0
0
0
0
0
0
0
0
0
0
0
0
0
0
0
0
0
0
0
0
0
0
0
0
0
0
0
0
0
0
0
0
0
0
0
0
0
0
0
0
0
0
0
0
0
0
0
0
0
0
0
0
0
0
0
0
0
0
0
0
0
0
0
0
0
0
0
0
0
0
0
0
0
0
0
0
0
0
0
0
0
0
0
0
0
0
0
0
0
0
0
0
0
0
0
0
0
0
0
0
0
0
0
0
0
0
0
0
0
0
0
0
0
0
0
0
0
0
0
0
0
0
0
0
0
0
0
0
0
0
0
0
0
0
0
0
0
0
0
0
0
0
0
0
0
0
0
0
0
0
0
0
0
0
0
0
0
0
0
0
0
0
0
0
0
0
0
0
0
0
0
0
0
0
0
0
0
0
0
0
0
0
0
0
0
0
0
0
0
0
0
0
0
0
0
0
0
0
0
0
0
0
0
0
0
0
0
0
0
0
0
0
0
0
0
0
0
0
0
0
0
0
0
0
0
0
0
0
0
0
0
0
0
0
0
0
0
0
0
0
0
0
0
0
0
0
0
0
0
0
0
0
0
0
0
0
0
0
0
0
0
0
0
0
0
0
0
0
0
0
0
0
0
0
0
0
0
0
0
0
0
0
0
0
0
0
0
0
0
0
0
0
0
0
0
0
0
0
0
0
0
0
0
0
0
0
0
0
0
0
0
0
0
0
0
0
0
0
0
0
0
0
0
0
0
0
0
0
0
0
0
0
0
0
0
0
0
0
0
0
0
0
0
0
0
0
0
0
0
0
0
0
0
0
0
0
0
0
0
0
0
0
0
0
0
0
0
0
0
0
0
0
0
0
0
0
0
0
0
0
0
0
0
0
0
0
0
0
0
0
0
0
0
0
0
0
0
0
0
0
0
0
0
0
0
0
0
0
0
0
0
0
0
0
0
0
0
0
0
0
0
0
0
0
0
0
0
0
0
0
0
0
0
0
0
0
0
0
0
0
0
0
0
0
0
0
0
0
0
0
0
0
0
0
0
0
0
0
0
0
0
0
0
0
0
0
0
0
0
0
0
0
0
0
0
0
0
0
0
0
0
0
0
0
0
0
0
0
0
0
0
0
0
0
0
0
0
0
0
0
0
0
0
0
0
0
0
0
0
0
0
0
0
0
0
0
0
0
0
0
0
0
0
0
0
0
0
0
0
0
0
0
0
0
0
0
0
0
0
0
0
0
0
0
0
0
0
0
0
0
0
0
0
0
0
0
0
0
0
0
0
0
0
0
0
0
0
0
0
0
0
0
0
0
0
0
0
0
0
0
0
0
0
0
0
0
0
0
0
0
0
0
0
0
0
0
0
0
0
0
0
0
0
0
0
0
0
0
0
0
0
0
0
0
0
0
0
0
0
0
0
0
0
0
0
0
0
0
0
0
0
0
0
0
0
0
0
0
0
0
0
0
0
0
0
0
0
0
0
0
0
0
0
0
0
0
0
0
0
0
0
0
0
0
0
0
0
0
0
0
0
0
0
0
0
0
0
0
0
0
0
0
0
0
0
0
0
0
0
0
0
0
0
0
0
0
0
0
0
0
0
0
0
0
0
0
0
0
0
0
0
0
0
0
0
0
0
0
0
0
0
0
0
0
0
0
0
0
0
0
0
0
0
0
0
0
0
0
0
0
0
0
0
0
0
0
0
0
0
0
0
0
0
0
0
0
0
0
0
0
0
0
0
0
0
0
0
0
0
0
0
0
0
0
0
0
0
0
0
0
0
0
0
0
0
0
0
0
0
0
0
0
0
0
0
0
0
0
0
0
0
0
0
0
0
0
0
0
0
0
0
0
0
0
0
0
0
0
0
0
0
0
0
0
0
0
0
0
0
0
0
0
0
0
0
0
0
0
0
0
0
0
0
0
0
0
0
0
0
0
0
0
0
0
0
0
0
0
0
0
0
0
0
0
0
0
0
0
0
0
0
0
0
0
0
0
0
0
0
0
0
0
0
0
0
0
0
0
0
0
0
0
0
0
0
0
0
0
0
0
0
0
0
0
0
0
0
0
0
0
0
0
0
0
0
0
0
0
0
0
0
0
0
0
0
0
0
0
0
0
0
0
0
0
0
0
0
0
0
0
0
0
0
0
0
0
0
0
0
0
0
0
0
0
0
0
0
0
0
0
0
0
0
0
0
0
0
0
0
0
0
0
0
0
0
0
0
0
0
0
0
0
0
0
0
0
0
0
0
0
0
0
0
0
0
0
0
0
0
0
0
0
0
0
0
0
0
0
0
0
0
0
0
0
0
0
0
0
0
0
0
0
0
0
0
0
0
0
0
0
0
0
0
0
0
0
0
0
0
0
0
0
0
0
0
0
0
0
0
0
0
0
0
0
0
0
0
0
0
0
0
0
0
0
0
0
0
0
0
0
0
0
0
0
0
0
0
0
0
0
0
0
0
0
0
0
0
0
0
0
0
0
0
0
0
0
0
0
0
0
0
0
0
0
0
0
0
0
0
0
0
0
0
0
0
0
0
0
0
0
0
0
0
0
0
0
0
0
0
0
0
0
0
0
0
0
0
0
0
0
0
0
0
0
0
0
0
0
0
0
0
0
0
0
0
0
0
0
0
0
0
0
0
0
0
0
0
0
0
0
0
0
0
0
0
0
0
0
0
0
0
0
0
0
0
0
0
0
0
0
0
0
0
0
0
0
0
0
0
0
0
0
0
0
0
0
0
0
0
0
0
0
0
0
0
0
0
0
0
0
0
0
0
0
0
0
0
0
0
0
0
0
0
0
0
0
0
0
0
0
0
0
0
0
0
0
0
0
0
0
0
0
0
0
0
0
0
0
0
0
0
0
0
0
0
0
0
0
0
0
0
0
0
0
0
0
0
0
0
0
0
0
0
0
0
0
0
0
0
0
0
0
0
0
0
0
0
0
0
0
0
0
0
0
0
0
0
0
0
0
0
0
0
0
0
0
0
0
0
0
0
0
0
0
0
0
0
0
0
0
0
0
0
0
0
0
0
0
0
0
0
0
0
0
0
0
0
0
0
0
0
0
0
0
0
0
0
0
0
0
0
0
0
0
0
0
0
0
0
0
0
0
0
0
0
0
0
0
0
0
0
0
0
0
0
0
0
0
0
0
0
0
0
0
0
0
0
0
0
0
0
0
0
0
0
0
0
0
0
0
0
0
0
0
0
0
0
0
0
0
0
0
0
0
0
0
0
0
0
0
0
0
0
0
0
0
0
0
0
0
0
0
0
0
0
0
0
0
0
0
0
0
0
0
0
0
0
0
0
0
0
0
0
0
0
0
0
0
0
0
0
0
0
0
0
0
0
0
0
0
0
0
0
0
0
0
0
0
0
0
0
0
0
0
0
0
0
0
0
0
0
0
0
0
0
0
0
0
0
0
0
0
0
0
0
0
0
0
0
0
0
0
0
0
0
0
0
0
0
0
0
0
0
0
0
0
0
0
0
0
0
0
0
0
0
0
0
0
0
0
0
0
0
0
0
0
0
0
0
0
0
0
0
0
0
0
0
0
0
0
0
0
0
0
0
0
0
0
0
0
0
0
0
0
0
0
0
0
0
0
0
0
0
0
0
0
0
0
0
0
0
0
0
0
0
0
0
0
0
0
0
0
0
0
0
0
0
0
0
0
0
0
0
0
0
0
0
0
0
0
0
0
0
0
0
0
0
0
0
0
0
0
0
0
0
0
0
0
0
0
0
0
0
0
0
0
0
0
0
0
0
0
0
0
0
0
0
0
0
0
0
0
0
0
0
0
0
0
0
0
0
0
0
0
0
0
0
0
0
0
0
0
0
0
0
0
0
0
0
0
0
0
0
0
0
0
0
0
0
0
0
0
0
0
0
0
0
0
0
0
0
0
0
0
0
0
0
0
0
0
0
0
0
0
0
0
0
0
0
0
0
0
0
0
0
0
0
0
0
0
0
0
0
0
0
0
0
0
0
0
0
0
0
0
0
0
0
0
0
0
0
0
0
0
0
0
0
0
0
0
0
0
0
0
0
0
0
0
0
0
0
0
0
0
0
0
0
0
0
0
0
0
0
0
0
0
0
0
0
0
0
0
0
0
0
0
0
0
0
0
0
0
0
0
0
0
0
0
0
0
0
0
0
0
0
0
0
0
0
0
0
0
0
0
0
0
0
0
0
0
0
0
0
0
0
0
0
0
0
0
0
0
0
0
0
0
0
0
0
0
0
0
0
0
0
0
0
0
0
0
0
0
0
0
0
0
0
0
0
0
0
0
0
0
0
0
0
0
0
0
0
0
0
0
0
0
0
0
0
0
0
0
0
0
0
0
0
0
0
0
0
0
0
0
0
0
0
0
0
0
0
0
0
0
0
0
0
0
0
0
0
0
0
0
0
0
0
0
0
0
0
0
0
0
0
0
0
0
0
0
0
0
0
0
0
0
0
0
0
0
0
0
0
0
0
0
0
0
0
0
0
0
0
0
0
0
0
0
0
0
0
0
0
0
0
0
0
0
0
0
0
0
0
0
0
0
0
0
0
0
0
0
0
0
0
0
0
0
0
0
0
0
0
0
0
0
0
0
0
0
0
0
0
0
0
0
0
0
0
0
0
0
0
0
0
0
0
0
0
0
0
0
0
0
0
0
0
0
0
0
0
0
0
0
0
0
0
0
0
0
0
0
0
0
0
0
0
0
0
0
0
0
0
0
0
0
0
0
0
0
0
0
0
0
0
0
0
0
0
0
0
0
0
0
0
0
0
0
0
0
0
0
0
0
0
0
0
0
0
0
0
0
0
0
0
0
0
0
0
0
0
0
0
0
0
0
0
0
0
0
0
0
0
0
0
0
0
0
0
0
0
0
0
0
0
0
0
0
0
0
0
0
0
0
0
0
0
0
0
0
0
0
0
0
0
0
0
0
0
0
0
0
0
0
0
0
0
0
0
0
0
0
0
0
0
0
0
0
0
0
0
0
0
0
0
0
0
0
0
0
0
0
0
0
0
0
0
0
0
0
0
0
0
0
0
0
0
0
0
0
0
0
0
0
0
0
0
0
0
0
0
0
0
0
0
0
0
0
0
0
0
0
0
0
0
0
0
0
0
0
0
0
0
0
0
0
0
0
0
0
0
0
0
0
0
0
0
0
0
0
0
0
0
0
0
0
0
0
0
0
0
0
0
0
0
0
0
0
0
0
0
0
0
0
0
0
0
0
0
0
0
0
0
0
0
0
0
0
0
0
0
0
0
0
0
0
0
0
0
0
0
0
0
0
0
0
0
0
0
0
0
0
0
0
0
0
0
0
0
0
0
0
0
0
0
0
0
0
0
0
0
0
0
0
0
0
0
0
0
0
0
0
0
0
0
0
0
0
0
0
0
0
0
0
0
0
0
0
0
0
0
0
0
0
0
0
0
0
0
0
0
0
0
0
0
0
0
0
0
0
0
0
0
0
0
0
0
0
0
0
0
0
0
0
0
0
0
0
0
0
0
0
0
0
0
0
0
0
0
0
0
0
0
0
0
0
0
0
0
0
0
0
0
0
0
0
0
0
0
0
0
0
0
0
0
0
0
0
0
0
0
0
0
0
0
0
0
0
0
0
0
0
0
0
0
0
0
0
0
0
0
0
0
0
0
0
0
0
0
0
0
0
0
0
0
0
0
0
0
0
0
0
0
0
0
0
0
0
0
0
0
0
0
0
0
0
0
0
0
0
0
0
0
0
0
0
0
0
0
0
0
0
0
0
0
0
0
0
0
0
0
0
0
0
0
0
0
0
0
0
0
0
0
0
0
0
0
0
0
0
0
0
0
0
0
0
0
0
0
0
0
0
0
0
0
0
0
0
0
0
0
0
0
0
0
0
0
0
0
0
0
0
0
0
0
0
0
0
0
0
0
0
0
0
0
0
0
0
0
0
0
0
0
0
0
0
0
0
0
0
0
0
0
0
0
0
0
0
0
0
0
0
0
0
0
0
0
0
0
0
0
0
0
0
0
0
0
0
0
0
0
0
0
0
0
0
0
0
0
0
0
0
0
0
0
0
0
0
0
0
0
0
0
0
0
0
0
0
0
0
0
0
0
0
0
0
0
0
0
0
0
0
0
0
0
0
0
0
0
0
0
0
0
0
0
0
0
0
0
0
0
0
0
0
0
0
0
0
0
0
0
0
0
0
0
0
0
0
0
0
0
0
0
0
0
0
0
0
0
0
0
0
0
0
0
0
0
0
0
0
0
0
0
0
0
0
0
0
0
0
0
0
0
0
0
0
0
0
0
0
0
0
0
0
0
0
0
0
0
0
0
0
0
0
0
0
0
0
0
0
0
0
0
0
0
0
0
0
0
0
0
0
0
0
0
0
0
0
0
0
0
0
0
0
0
0
0
0
0
0
0
0
0
0
0
0
0
0
0
0
0
0
0
0
0
0
0
0
0
0
0
0
0
0
0
0
0
0
0
0
0
0
0
0
0
0
0
0
0
0
0
0
0
0
0
0
0
0
0
0
0
0
0
0
0
0
0
0
0
0
0
0
0
0
0
0
0
0
0
0
0
0
0
0
0
0
0
0
0
0
0
0
0
0
0
0
0
0
0
0
0
0
0
0
0
0
0
0
0
0
0
0
0
0
0
0
0
0
0
0
0
0
0
0
0
0
0
0
0
0
0
0
0
0
0
0
0
0
0
0
0
0
0
0
0
0
0
0
0
0
0
0
0
0
0
0
0
0
0
0
0
0
0
0
0
0
0
0
0
0
0
0
0
0
0
0
0
0
0
0
0
0
0
0
0
0
0
0
0
0
0
0
0
0
0
0
0
0
0
0
0
0
0
0
0
0
0
0
0
0
0
0
0
0
0
0
0
0
0
0
0
0
0
0
0
0
0
0
0
0
0
0
0
0
0
0
0
0
0
0
0
0
0
0
0
0
0
0
0
0
0
0
0
0
0
0
0
0
0
0
0
0
0
0
0
0
0
0
0
0
0
0
0
0
0
0
0
0
0
0
0
0
0
0
0
0
0
0
0
0
0
0
0
0
0
0
0
0
0
0
0
0
0
0
0
0
0
0
0
0
0
0
0
0
0
0
0
0
0
0
0
0
0
0
0
0
0
0
0
0
0
0
0
0
0
0
0
0
0
0
0
0
0
0
0
0
0
0
0
0
0
0
0
0
0
0
0
0
0
0
0
0
0
0
0
0
0
0
0
0
0
0
0
0
0
0
0
0
0
0
0
0
0
0
0
0
0
0
0
0
0
0
0
0
0
0
0
0
0
0
0
0
0
0
0
0
0
0
0
0
0
0
0
0
0
0
0
0
0
0
0
0
0
0
0
0
0
0
0
0
0
0
0
0
0
0
0
0
0
0
0
0
0
0
0
0
0
0
0
0
0
0
0
0
0
0
0
0
0
0
0
0
0
0
0
0
0
0
0
0
0
0
0
0
0
0
0
0
0
0
0
0
0
0
0
0
0
0
0
0
0
0
0
0
0
0
0
0
0
0
0
0
0
0
0
0
0
0
0
0
0
0
0
0
0
0
0
0
0
0
0
0
0
0
0
0
0
0
0
0
0
0
0
0
0
0
0
0
0
0
0
0
0
0
0
0
0
0
0
0
0
0
0
0
0
0
0
0
0
0
0
0
0
0
0
0
0
0
0
0
0
0
0
0
0
0
0
0
0
0
0
0
0
0
0
0
0
0
0
0
0
0
0
0
0
0
0
0
0
0
0
0
0
0
0
0
0
0
0
0
0
0
0
0
0
0
0
0
0
0
0
0
0
0
0
0
0
0
0
0
0
0
0
0
0
0
0
0
0
0
0
0
0
0
0
0
0
0
0
0
0
0
0
0
0
0
0
0
0
0
0
0
0
0
0
0
0
0
0
0
0
0
0
0
0
0
0
0
0
0
0
0
0
0
0
0
0
0
0
0
0
0
0
0
0
0
0
0
0
0
0
0
0
0
0
0
0
0
0
0
0
0
0
0
0
0
0
0
0
0
0
0
0
0
0
0
0
0
0
0
0
0
0
0
0
0
0
0
0
0
0
0
0
0
0
0
0
0
0
0
0
0
0
0
0
0
0
0
0
0
0
0
0
0
0
0
0
0
0
0
0
0
0
0
0
0
0
0
0
0
0
0
0
0
0
0
0
0
0
0
0
0
0
0
0
0
0
0
0
0
0
0
0
0
0
0
0
0
0
0
0
0
0
0
0
0
0
0
0
0
0
0
0
0
0
0
0
0
0
0
0
0
0
0
0
0
0
0
0
0
0
0
0
0
0
0
0
0
0
0
0
0
0
0
0
0
0
0
0
0
0
0
0
0
0
0
0
0
0
0
0
0
0
0
0
0
0
0
0
0
0
0
0
0
0
0
0
0
0
0
0
0
0
0
0
0
0
0
0
0
0
0
0
0
0
0
0
0
0
0
0
0
0
0
0
0
0
0
0
0
0
0
0
0
0
0
0
0
0
0
0
0
0
0
0
0
0
0
0
0
0
0
0
0
0
0
0
0
0
0
0
0
0
0
0
0
0
0
0
0
0
0
0
0
0
0
0
0
0
0
0
0
0
0
0
0
0
0
0
0
0
0
0
0
0
0
0
0
0
0
0
0
0
0
0
0
0
0
0
0
0
0
0
0
0
0
0
0
0
0
0
0
0
0
0
0
0
0
0
0
0
0
0
0
0
0
0
0
0
0
0
0
0
0
0
0
0
0
0
0
0
0
0
0
0
0
0
0
0
0
0
0
0
0
0
0
0
0
0
0
0
0
0
0
0
0
0
0
0
0
0
0
0
0
0
0
0
0
0
0
0
0
0
0
0
0
0
0
0
0
0
0
0
0
0
0
0
0
0
0
0
0
0
0
0
0
0
0
0
0
0
0
0
0
0
0
0
0
0
0
0
0
0
0
0
0
0
0
0
0
0
0
0
0
0
0
0
0
0
0
0
0
0
0
0
0
0
0
0
0
0
0
0
0
0
0
0
0
0
0
0
0
0
0
0
0
0
0
0
0
0
0
0
0
0
0
0
0
0
0
0
0
0
0
0
0
0
0
0
0
0
0
0
0
0
0
0
0
0
0
0
0
0
0
0
0
0
0
0
0
0
0
0
0
0
0
0
0
0
0
0
0
0
0
0
0
0
0
0
0
0
0
0
0
0
0
0
0
0
0
0
0
0
0
0
0
0
0
0
0
0
0
0
0
0
0
0
0
0
0
0
0
0
0
0
0
0
0
0
0
0
0
0
0
0
0
0
0
0
0
0
0
0
0
0
0
0
0
0
0
0
0
0
0
0
0
0
0
0
0
0
0
0
0
0
0
0
0
0
0
0
0
0
0
0
0
0
0
0
0
0
0
0
0
0
0
0
0
0
0
0
0
0
0
0
0
0
0
0
0
0
0
0
0
0
0
0
0
0
0
0
0
0
0
0
0
0
0
0
0
0
0
0
0
0
0
0
0
0
0
0
0
0
0
0
0
0
0
0
0
0
0
0
0
0
0
0
0
0
0
0
0
0
0
0
0
0
0
0
0
0
0
0
0
0
0
0
0
0
0
0
0
0
0
0
0
0
0
0
0
0
0
0
0
0
0
0
0
0
0
0
0
0
0
0
0
0
0
0
0
0
0
0
0
0
0
0
0
0
0
0
0
0
0
0
0
0
0
0
0
0
0
0
0
0
0
0
0
0
0
0
0
0
0
0
0
0
0
0
0
0
0
0
0
0
0
0
0
0
0
0
0
0
0
0
0
0
0
0
0
0
0
0
0
0
0
0
0
0
0
0
0
0
0
0
0
0
0
0
0
0
0
0
0
0
0
0
0
0
0
0
0
0
0
0
0
0
0
0
0
0
0
0
0
0
0
0
0
0
0
0
0
0
0
0
0
0
0
0
0
0
0
0
0
0
0
0
0
0
0
0
0
0
0
0
0
0
0
0
0
0
0
0
0
0
0
0
0
0
0
0
0
0
0
0
0
0
0
0
0
0
0
0
0
0
0
0
0
0
0
0
0
0
0
0
0
0
0
0
0
0
0
0
0
0
0
0
0
0
0
0
0
0
0
0
0
0
0
0
0
0
0
0
0
0
0
0
0
0
0
0
0
0
0
0
0
0
0
0
0
0
0
0
0
0
0
0
0
0
0
0
0
0
0
0
0
0
0
0
0
0
0
0
0
0
0
0
0
0
0
0
0
0
0
0
0
0
0
0
0
0
0
0
0
0
0
0
0
0
0
0
0
0
0
0
0
0
0
0
0
0
0
0
0
0
0
0
0
0
0
0
0
0
0
0
0
0
0
0
0
0
0
0
0
0
0
0
0
0
0
0
0
0
0
0
0
0
0
0
0
0
0
0
0
0
0
0
0
0
0
0
0
0
0
0
0
0
0
0
0
0
0
0
0
0
0
0
0
0
0
0
0
0
0
0
0
0
0
0
0
0
0
0
0
0
0
0
0
0
0
0
0
0
0
0
0
0
0
0
0
0
0
0
0
0
0
0
0
0
0
0
0
0
0
0
0
0
0
0
0
0
0
0
0
0
0
0
0
0
0
0
0
0
0
0
0
0
0
0
0
0
0
0
0
0
0
0
0
0
0
0
0
0
0
0
0
0
0
0
0
0
0
0
0
0
0
0
0
0
0
0
0
0
0
0
0
0
0
0
0
0
0
0
0
0
0
0
0
0
0
0
0
0
0
0
0
0
0
0
0
0
0
0
0
0
0
0
0
0
0
0
0
0
0
0
0
0
0
0
0
0
0
0
0
0
0
0
0
0
0
0
0
0
0
0
0
0
0
0
0
0
0
0
0
0
0
0
0
0
0
0
0
0
0
0
0
0
0
0
0
0
0
0
0
0
0
0
0
0
0
0
0
0
0
0
0
0
0
0
0
0
0
0
0
0
0
0
0
0
0
0
0
0
0
0
0
0
0
0
0
0
0
0
0
0
0
0
0
0
0
0
0
0
0
0
0
0
0
0
0
0
0
0
0
0
0
0
0
0
0
0
0
0
0
0
0
0
0
0
0
0
0
0
0
0
0
0
0
0
0
0
0
0
0
0
0
0
0
0
0
0
0
0
0
0
0
0
0
0
0
0
0
0
0
0
0
0
0
0
0
0
0
0
0
0
0
0
0
0
0
0
0
0
0
0
0
0
0
0
0
0
0
0
0
0
0
0
0
0
0
0
0
0
0
0
0
0
0
0
0
0
0
0
0
0
0
0
0
0
0
0
0
0
0
0
0
0
0
0
0
0
0
0
0
0
0
0
0
0
0
0
0
0
0
0
0
0
0
0
0
0
0
0
0
0
0
0
0
0
0
0
0
0
0
0
0
0
0
0
0
0
0
0
0
0
0
0
0
0
0
0
0
0
0
0
0
0
0
0
0
0
0
0
0
0
0
0
0
0
0
0
0
0
0
0
0
0
0
0
0
0
0
0
0
0
0
0
0
0
0
0
0
0
0
0
0
0
0
0
0
0
0
0
0
0
0
0
0
0
0
0
0
0
0
0
0
0
0
0
0
0
0
0
0
0
0
0
0
0
0
0
0
0
0
0
0
0
0
0
0
0
0
0
0
0
0
0
0
0
0
0
0
0
0
0
0
0
0
0
0
0
0
0
0
0
0
0
0
0
0
0
0
0
0
0
0
0
0
0
0
0
0
0
0
0
0
0
0
0
0
0
0
0
0
0
0
0
0
0
0
0
0
0
0
0
0
0
0
0
0
0
0
0
0
0
0
0
0
0
0
0
0
0
0
0
0
0
0
0
0
0
0
0
0
0
0
0
0
0
0
0
0
0
0
0
0
0
0
0
0
0
0
0
0
0
0
0
0
0
0
0
0
0
0
0
0
0
0
0
0
0
0
0
0
0
0
0
0
0
0
0
0
0
0
0
0
0
0
0
0
0
0
0
0
0
0
0
0
0
0
0
0
0
0
0
0
0
0
0
0
0
0
0
0
0
0
0
0
0
0
0
0
0
0
0
0
0
0
0
0
0
0
0
0
0
0
0
0
0
0
0
0
0
0
0
0
0
0
0
0
0
0
0
0
0
0
0
0
0
0
0
0
0
0
0
0
0
0
0
0
0
0
0
0
0
0
0
0
0
0
0
0
0
0
0
0
0
0
0
0
0
0
0
0
0
0
0
0
0
0
0
0
0
0
0
0
0
0
0
0
0
0
0
0
0
0
0
0
0
0
0
0
0
0
0
0
0
0
0
0
0
0
0
0
0
0
0
0
0
0
0
0
0
0
0
0
0
0
0
0
0
0
0
0
0
0
0
0
0
0
0
0
0
0
0
0
0
0
0
0
0
0
0
0
0
0
0
0
0
0
0
0
0
0
0
0
0
0
0
0
0
0
0
0
0
0
0
0
0
0
0
0
0
0
0
0
0
0
0
0
0
0
0
0
0
0
0
0
0
0
0
0
0
0
0
0
0
0
0
0
0
0
0
0
0
0
0
0
0
0
0
0
0
0
0
0
0
0
0
0
0
0
0
0
0
0
0
0
0
0
0
0
0
0
0
0
0
0
0
0
0
0
0
0
0
0
0
0
0
0
0
0
0
0
0
0
0
0
0
0
0
0
0
0
0
0
0
0
0
0
0
0
0
0
0
0
0
0
0
0
0
0
0
0
0
0
0
0
0
0
0
0
0
0
0
0
0
0
0
0
0
0
0
0
0
0
0
0
0
0
0
0
0
0
0
0
0
0
0
0
0
0
0
0
0
0
0
0
0
0
0
0
0
0
0
0
0
0
0
0
0
0
0
0
0
0
0
0
0
0
0
0
0
0
0
0
0
0
0
0
0
0
0
0
0
0
0
0
0
0
0
0
0
0
0
0
0
0
0
0
0
0
0
0
0
0
0
0
0
0
0
0
0
0
0
0
0
0
0
0
0
0
0
0
0
0
0
0
0
0
0
0
0
0
0
0
0
0
0
0
0
0
0
0
0
0
0
0
0
0
0
0
0
0
0
0
0
0
0
0
0
0
0
0
0
0
0
0
0
0
0
0
0
0
0
0
0
0
0
0
0
0
0
0
0
0
0
0
0
0
0
0
0
0
0
0
0
0
0
0
0
0
0
0
0
0
0
0
0
0
0
0
0
0
0
0
0
0
0
0
0
0
0
0
0
0
0
0
0
0
0
0
0
0
0
0
0
0
0
0
0
0
0
0
0
0
0
0
0
0
0
0
0
0
0
0
0
0
0
0
0
0
0
0
0
0
0
0
0
0
0
0
0
0
0
0
0
0
0
0
0
0
0
0
0
0
0
0
0
0
0
0
0
0
0
0
0
0
0
0
0
0
0
0
0
0
0
0
0
0
0
0
0
0
0
0
0
0
0
0
0
0
0
0
0
0
0
0
0
0
0
0
0
0
0
0
0
0
0
0
0
0
0
0
0
0
0
0
0
0
0
0
0
0
0
0
0
0
0
0
0
0
0
0
0
0
0
0
0
0
0
0
0
0
0
0
0
0
0
0
0
0
0
0
0
0
0
0
0
0
0
0
0
0
0
0
0
0
0
0
0
0
0
0
0
0
0
0
0
0
0
0
0
0
0
0
0
0
0
0
0
0
0
0
0
0
0
0
0
0
0
0
0
0
0
0
0
0
0
0
0
0
0
0
0
0
0
0
0
0
0
0
0
0
0
0
0
0
0
0
0
0
0
0
0
0
0
0
0
0
0
0
0
0
0
0
0
0
0
0
0
0
0
0
0
0
0
0
0
0
0
0
0
0
0
0
0
0
0
0
0
0
0
0
0
0
0
0
0
0
0
0
0
0
0
0
0
0
0
0
0
0
0
0
0
0
0
0
0
0
0
0
0
0
0
0
0
0
0
0
0
0
0
0
0
0
0
0
0
0
0
0
0
0
0
0
0
0
0
0
0
0
0
0
0
0
0
0
0
0
0
0
0
0
0
0
0
0
0
0
0
0
0
0
0
0
0
0
0
0
0
0
0
0
0
0
0
0
0
0
0
0
0
0
0
0
0
0
0
0
0
0
0
0
0
0
0
0
0
0
0
0
0
0
0
0
0
0
0
0
0
0
0
0
0
0
0
0
0
0
0
0
0
0
0
0
0
0
0
0
0
0
0
0
0
0
0
0
0
0
0
0
0
0
0
0
0
0
0
0
0
0
0
0
0
0
0
0
0
0
0
0
0
0
0
0
0
0
0
0
0
0
0
0
0
0
0
0
0
0
0
0
0
0
0
0
0
0
0
0
0
0
0
0
0
0
0
0
0
0
0
0
0
0
0
0
0
0
0
0
0
0
0
0
0
0
0
0
0
0
0
0
0
0
0
0
0
0
0
0
0
0
0
0
0
0
0
0
0
0
0
0
0
0
0
0
0
0
0
0
0
0
0
0
0
0
0
0
0
0
0
0
0
0
0
0
0
0
0
0
0
0
0
0
0
0
0
0
0
0
0
0
0
0
0
0
0
0
0
0
0
0
0
0
0
0
0
0
0
0
0
0
0
0
0
0
0
0
0
0
0
0
0
0
0
0
0
0
0
0
0
0
0
0
0
0
0
0
0
0
0
0
0
0
0
0
0
0
0
0
0
0
0
0
0
0
0
0
0
0
0
0
0
0
0
0
0
0
0
0
0
0
0
0
0
0
0
0
0
0
0
0
0
0
0
0
0
0
0
0
0
0
0
0
0
0
0
0
0
0
0
0
0
0
0
0
0
0
0
0
0
0
0
0
0
0
0
0
0
0
0
0
0
0
0
0
0
0
0
0
0
0
0
0
0
0
0
0
0
0
0
0
0
0
0
0
0
0
0
0
0
0
0
0
0
0
0
0
0
0
0
0
0
0
0
0
0
0
0
0
0
0
0
0
0
0
0
0
0
0
0
0
0
0
0
0
0
0
0
0
0
0
0
0
0
0
0
0
0
0
0
0
0
0
0
0
0
0
0
0
0
0
0
0
0
0
0
0
0
0
0
0
0
0
0
0
0
0
0
0
0
0
0
0
0
0
0
0
0
0
0
0
0
0
0
0
0
0
0
0
0
0
0
0
0
0
0
0
0
0
0
0
0
0
0
0
0
0
0
0
0
0
0
0
0
0
0
0
0
0
0
0
0
0
0
0
0
0
0
0
0
0
0
0
0
0
0
0
0
0
0
0
0
0
0
0
0
0
0
0
0
0
0
0
0
0
0
0
0
0
0
0
0
0
0
0
0
0
0
0
0
0
0
0
0
0
0
0
0
0
0
0
0
0
0
0
0
0
0
0
0
0
0
0
0
0
0
0
0
0
0
0
0
0
0
0
0
0
0
0
0
0
0
0
0
0
0
0
0
0
0
0
0
0
0
0
0
0
0
0
0
0
0
0
0
0
0
0
0
0
0
0
0
0
0
0
0
0
0
0
0
0
0
0
0
0
0
0
0
0
0
0
0
0
0
0
0
0
0
0
0
0
0
0
0
0
0
0
0
0
0
0
0
0
0
0
0
0
0
0
0
0
0
0
0
0
0
0
0
0
0
0
0
0
0
0
0
0
0
0
0
0
0
0
0
0
0
0
0
0
0
0
0
0
0
0
0
0
0
0
0
0
0
0
0
0
0
0
0
0
0
0
0
0
0
0
0
0
0
0
0
0
0
0
0
0
0
0
0
0
0
0
0
0
0
0
0
0
0
0
0
0
0
0
0
0
0
0
0
0
0
0
0
0
0
0
0
0
0
0
0
0
0
0
0
0
0
0
0
0
0
0
0
0
0
0
0
0
0
0
0
0
0
0
0
0
0
0
0
0
0
0
0
0
0
0
0
0
0
0
0
0
0
0
0
0
0
0
0
0
0
0
0
0
0
0
0
0
0
0
0
0
0
0
0
0
0
0
0
0
0
0
0
0
0
0
0
0
0
0
0
0
0
0
0
0
0
0
0
0
0
0
0
0
0
0
0
0
0
0
0
0
0
0
0
0
0
0
0
0
0
0
0
0
0
0
0
0
0
0
0
0
0
0
0
0
0
0
0
0
0
0
0
0
0
0
0
0
0
0
0
0
0
0
0
0
0
0
0
0
0
0
0
0
0
0
0
0
0
0
0
0
0
0
0
0
0
0
0
0
0
0
0
0
0
0
0
0
0
0
0
0
0
0
0
0
0
0
0
0
0
0
0
0
0
0
0
0
0
0
0
0
0
0
0
0
0
0
0
0
0
0
0
0
0
0
0
0
0
0
0
0
0
0
0
0
0
0
0
0
0
0
0
0
0
0
0
0
0
0
0
0
0
0
0
0
0
0
0
0
0
0
0
0
0
0
0
0
0
0
0
0
0
0
0
0
0
0
0
0
0
0
0
0
0
0
0
0
0
0
0
0
0
0
0
0
0
0
0
0
0
0
0
0
0
0
0
0
0
0
0
0
0
0
0
0
0
0
0
0
0
0
0
0
0
0
0
0
0
0
0
0
0
0
0
0
0
0
0
0
0
0
0
0
0
0
0
0
0
0
0
0
0
0
0
0
0
0
0
0
0
0
0
0
0
0
0
0
0
0
0
0
0
0
0
0
0
0
0
0
0
0
0
0
0
0
0
0
0
0
0
0
0
0
0
0
0
0
0
0
0
0
0
0
0
0
0
0
0
0
0
0
0
0
0
0
0
0
0
0
0
0
0
0
0
0
0
0
0
0
0
0
0
0
0
0
0
0
0
0
0
0
0
0
0
0
0
0
0
0
0
0
0
0
0
0
0
0
0
0
0
0
0
0
0
0
0
0
0
0
0
0
0
0
0
0
0
0
0
0
0
0
0
0
0
0
0
0
0
0
0
0
0
0
0
0
0
0
0
0
0
0
0
0
0
0
0
0
0
0
0
0
0
0
0
0
0
0
0
0
0
0
0
0
0
0
0
0
0
0
0
0
0
0
0
0
0
0
0
0
0
0
0
0
0
0
0
0
0
0
0
0
0
0
0
0
0
0
0
0
0
0
0
0
0
0
0
0
0
0
0
0
0
0
0
0
0
0
0
0
0
0
0
0
0
0
0
0
0
0
0
0
0
0
0
0
0
0
0
0
0
0
0
0
0
0
0
0
0
0
0
0
0
0
0
0
0
0
0
0
0
0
0
0
0
0
0
0
0
0
0
0
0
0
0
0
0
0
0
0
0
0
0
0
0
0
0
0
0
0
0
0
0
0
0
0
0
0
0
0
0
0
0
0
0
0
0
0
0
0
0
0
0
0
0
0
0
0
0
0
0
0
0
0
0
0
0
0
0
0
0
0
0
0
0
0
0
0
0
0
0
0
0
0
0
0
0
0
0
0
0
0
0
0
0
0
0
0
0
0
0
0
0
0
0
0
0
0
0
0
0
0
0
0
0
0
0
0
0
0
0
0
0
0
0
0
0
0
0
0
0
0
0
0
0
0
0
0
0
0
0
0
0
0
0
0
0
0
0
0
0
0
0
0
0
0
0
0
0
0
0
0
0
0
0
0
0
0
0
0
0
0
0
0
0
0
0
0
0
0
0
0
0
0
0
0
0
0
0
0
0
0
0
0
0
0
0
0
0
0
0
0
0
0
0
0
0
0
0
0
0
0
0
0
0
0
0
0
0
0
0
0
0
0
0
0
0
0
0
0
0
0
0
0
0
0
0
0
0
0
0
0
0
0
0
0
0
0
0
0
0
0
0
0
0
0
0
0
0
0
0
0
0
0
0
0
0
0
0
0
0
0
0
0
0
0
0
0
0
0
0
0
0
0
0
0
0
0
0
0
0
0
0
0
0
0
0
0
0
0
0
0
0
0
0
0
0
0
0
0
0
0
0
0
0
0
0
0
0
0
0
0
0
0
0
0
0
0
0
0
0
0
0
0
0
0
0
0
0
0
0
0
0
0
0
0
0
0
0
0
0
0
0
0
0
0
0
0
0
0
0
0
0
0
0
0
0
0
0
0
0
0
0
0
0
0
0
0
0
0
0
0
0
0
0
0
0
0
0
0
0
0
0
0
0
0
0
0
0
0
0
0
0
0
0
0
0
0
0
0
0
0
0
0
0
0
0
0
0
0
0
0
0
0
0
0
0
0
0
0
0
0
0
0
0
0
0
0
0
0
0
0
0
0
0
0
0
0
0
0
0
0
0
0
0
0
0
0
0
0
0
0
0
0
0
0
0
0
0
0
0
0
0
0
0
0
0
0
0
0
0
0
0
0
0
0
0
0
0
0
0
0
0
0
0
0
0
0
0
0
0
0
0
0
0
0
0
0
0
0
0
0
0
0
0
0
0
0
0
0
0
0
0
0
0
0
0
0
0
0
0
0
0
0
0
0
0
0
0
0
0
0
0
0
0
0
0
0
0
0
0
0
0
0
0
0
0
0
0
0
0
0
0
0
0
0
0
0
0
0
0
0
0
0
0
0
0
0
0
0
0
0
0
0
0
0
0
0
0
0
0
0
0
0
0
0
0
0
0
0
0
0
0
0
0
0
0
0
0
0
0
0
0
0
0
0
0
0
0
0
0
0
0
0
0
0
0
0
0
0
0
0
0
0
0
0
0
0
0
0
0
0
0
0
0
0
0
0
0
0
0
0
0
0
0
0
0
0
0
0
0
0
0
0
0
0
0
0
0
0
0
0
0
0
0
0
0
0
0
0
0
0
0
0
0
0
0
0
0
0
0
0
0
0
0
0
0
0
0
0
0
0
0
0
0
0
0
0
0
0
0
0
0
0
0
0
0
0
0
0
0
0
0
0
0
0
0
0
0
0
0
0
0
0
0
0
0
0
0
0
0
0
0
0
0
0
0
0
0
0
0
0
0
0
0
0
0
0
0
0
0
0
0
0
0
0
0
0
0
0
0
0
0
0
0
0
0
0
0
0
0
0
0
0
0
0
0
0
0
0
0
0
0
0
0
0
0
0
0
0
0
0
0
0
0
0
0
0
0
0
0
0
0
0
0
0
0
0
0
0
0
0
0
0
0
0
0
0
0
0
0
0
0
0
0
0
0
0
0
0
0
0
0
0
0
0
0
0
0
0
0
0
0
0
0
0
0
0
0
0
0
0
0
0
0
0
0
0
0
0
0
0
0
0
0
0
0
0
0
0
0
0
0
0
0
0
0
0
0
0
0
0
0
0
0
0
0
0
0
0
0
0
0
0
0
0
0
0
0
0
0
0
0
0
0
0
0
0
0
0
0
0
0
0
0
0
0
0
0
0
0
0
0
0
0
0
0
0
0
0
0
0
0
0
0
0
0
0
0
0
0
0
0
0
0
0
0
0
0
0
0
0
0
0
0
0
0
0
0
0
0
0
0
0
0
0
0
0
0
0
0
0
0
0
0
0
0
0
0
0
0
0
0
0
0
0
0
0
0
0
0
0
0
0
0
0
0
0
0
0
0
0
0
0
0
0
0
0
0
0
0
0
0
0
0
0
0
0
0
0
0
0
0
0
0
0
0
0
0
0
0
0
0
0
0
0
0
0
0
0
0
0
0
0
0
0
0
0
0
0
0
0
0
0
0
0
0
0
0
0
0
0
0
0
0
0
0
0
0
0
0
0
0
0
0
0
0
0
0
0
0
0
0
0
0
0
0
0
0
0
0
0
0
0
0
0
0
0
0
0
0
0
0
0
0
0
0
0
0
0
0
0
0
0
0
0
0
0
0
0
0
0
0
0
0
0
0
0
0
0
0
0
0
0
0
0
0
0
0
0
0
0
0
0
0
0
0
0
0
0
0
0
0
0
0
0
0
0
0
0
0
0
0
0
0
0
0
0
0
0
0
0
0
0
0
0
0
0
0
0
0
0
0
0
0
0
0
0
0
0
0
0
0
0
0
0
0
0
0
0
0
0
0
0
0
0
0
0
0
0
0
0
0
0
0
0
0
0
0
0
0
0
0
0
0
0
0
0
0
0
0
0
0
0
0
0
0
0
0
0
0
0
0
0
0
0
0
0
0
0
0
0
0
0
0
0
0
0
0
0
0
0
0
0
0
0
0
0
0
0
0
0
0
0
0
0
0
0
0
0
0
0
0
0
0
0
0
0
0
0
0
0
0
0
0
0
0
0
0
0
0
0
0
0
0
0
0
0
0
0
0
0
0
0
0
0
0
0
0
0
0
0
0
0
0
0
0
0
0
0
0
0
0
0
0
0
0
0
0
0
0
0
0
0
0
0
0
0
0
0
0
0
0
0
0
0
0
0
0
0
0
0
0
0
0
0
0
0
0
0
0
0
0
0
0
0
0
0
0
0
0
0
0
0
0
0
0
0
0
0
0
0
0
0
0
0
0
0
0
0
0
0
0
0
0
0
0
0
0
0
0
0
0
0
0
0
0
0
0
0
0
0
0
0
0
0
0
0
0
0
0
0
0
0
0
0
0
0
0
0
0
0
0
0
0
0
0
0
0
0
0
0
0
0
0
0
0
0
0
0
0
0
0
0
0
0
0
0
0
0
0
0
0
0
0
0
0
0
0
0
0
0
0
0
0
0
0
0
0
0
0
0
0
0
0
0
0
0
0
0
0
0
0
0
0
0
0
0
0
0
0
0
0
0
0
0
0
0
0
0
0
0
0
0
0
0
0
0
0
0
0
0
0
0
0
0
0
0
0
0
0
0
0
0
0
0
0
0
0
0
0
0
0
0
0
0
0
0
0
0
0
0
0
0
0
0
0
0
0
0
0
0
0
0
0
0
0
0
0
0
0
0
0
0
0
0
0
0
0
0
0
0
0
0
0
0
0
0
0
0
0
0
0
0
0
0
0
0
0
0
0
0
0
0
0
0
0
0
0
0
0
0
0
0
0
0
0
0
0
0
0
0
0
0
0
0
0
0
0
0
0
0
0
0
0
0
0
0
0
0
0
0
0
0
0
0
0
0
0
0
0
0
0
0
0
0
0
0
0
0
0
0
0
0
0
0
0
0
0
0
0
0
0
0
0
0
0
0
0
0
0
0
0
0
0
0
0
0
0
0
0
0
0
0
0
0
0
0
0
0
0
0
0
0
0
0
0
0
0
0
0
0
0
0
0
0
0
0
0
0
0
0
0
0
0
0
0
0
0
0
0
0
0
0
0
0
0
0
0
0
0
0
0
0
0
0
0
0
0
0
0
0
0
0
0
0
0
0
0
0
0
0
0
0
0
0
0
0
0
0
0
0
0
0
0
0
0
0
0
0
0
0
0
0
0
0
0
0
0
0
0
0
0
0
0
0
0
0
0
0
0
0
0
0
0
0
0
0
0
0
0
0
0
0
0
0
0
0
0
0
0
0
0
0
0
0
0
0
0
0
0
0
0
0
0
0
0
0
0
0
0
0
0
0
0
0
0
0
0
0
0
0
0
0
0
0
0
0
0
0
0
0
0
0
0
0
0
0
0
0
0
0
0
0
0
0
0
0
0
0
0
0
0
0
0
0
0
0
0
0
0
0
0
0
0
0
0
0
0
0
0
0
0
0
0
0
0
0
0
0
0
0
0
0
0
0
0
0
0
0
0
0
0
0
0
0
0
0
0
0
0
0
0
0
0
0
0
0
0
0
0
0
0
0
0
0
0
0
0
0
0
0
0
0
0
0
0
0
0
0
0
0
0
0
0
0
0
0
0
0
0
0
0
0
0
0
0
0
0
0
0
0
0
0
0
0
0
0
0
0
0
0
0
0
0
0
0
0
0
0
0
0
0
0
0
0
0
0
0
0
0
0
0
0
0
0
0
0
0
0
0
0
0
0
0
0
0
0
0
0
0
0
0
0
0
0
0
0
0
0
0
0
0
0
0
0
0
0
0
0
0
0
0
0
0
0
0
0
0
0
0
0
0
0
0
0
0
0
0
0
0
0
0
0
0
0
0
0
0
0
0
0
0
0
0
0
0
0
0
0
0
0
0
0
0
0
0
0
0
0
0
0
0
0
0
0
0
0
0
0
0
0
0
0
0
0
0
0
0
0
0
0
0
0
0
0
0
0
0
0
0
0
0
0
0
0
0
0
0
0
0
0
0
0
0
0
0
0
0
0
0
0
0
0
0
0
0
0
0
0
0
0
0
0
0
0
0
0
0
0
0
0
0
0
0
0
0
0
0
0
0
0
0
0
0
0
0
0
0
0
0
0
0
0
0
0
0
0
0
0
0
0
0
0
0
0
0
0
0
0
0
0
0
0
0
0
0
0
0
0
0
0
0
0
0
0
0
0
0
0
0
0
0
0
0
0
0
0
0
0
0
0
0
0
0
0
0
0
0
0
0
0
0
0
0
0
0
0
0
0
0
0
0
0
0
0
0
0
0
0
0
0
0
0
0
0
0
0
0
0
0
0
0
0
0
0
0
0
0
0
0
0
0
0
0
0
0
0
0
0
0
0
0
0
0
0
0
0
0
0
0
0
0
0
0
0
0
0
0
0
0
0
0
0
0
0
0
0
0
0
0
0
0
0
0
0
0
0
0
0
0
0
0
0
0
0
0
0
0
0
0
0
0
0
0
0
0
0
0
0
0
0
0
0
0
0
0
0
0
0
0
0
0
0
0
0
0
0
0
0
0
0
0
0
0
0
0
0
0
0
0
0
0
0
0
0
0
0
0
0
0
0
0
0
0
0
0
0
0
0
0
0
0
0
0
0
0
0
0
0
0
0
0
0
0
0
0
0
0
0
0
0
0
0
0
0
0
0
0
0
0
0
0
0
0
0
0
0
0
0
0
0
0
0
0
0
0
0
0
0
0
0
0
0
0
0
0
0
0
0
0
0
0
0
0
0
0
0
0
0
0
0
0
0
0
0
0
0
0
0
0
0
0
0
0
0
0
0
0
0
0
0
0
0
0
0
0
0
0
0
0
0
0
0
0
0
0
0
0
0
0
0
0
0
0
0
0
0
0
0
0
0
0
0
0
0
0
0
0
0
0
0
0
0
0
0
0
0
0
0
0
0
0
0
0
0
0
0
0
0
0
0
0
0
0
0
0
0
0
0
0
0
0
0
0
0
0
0
0
0
0
0
0
0
0
0
0
0
0
0
0
0
0
0
0
0
0
0
0
0
0
0
0
0
0
0
0
0
0
0
0
0
0
0
0
0
0
0
0
0
0
0
0
0
0
0
0
0
0
0
0
0
0
0
0
0
0
0
0
0
0
0
0
0
0
0
0
0
0
0
0
0
0
0
0
0
0
0
0
0
0
0
0
0
0
0
0
0
0
0
0
0
0
0
0
0
0
0
0
0
0
0
0
0
0
0
0
0
0
0
0
0
0
0
0
0
0
0
0
0
0
0
0
0
0
0
0
0
0
0
0
0
0
0
0
0
0
0
0
0
0
0
0
0
0
0
0
0
0
0
0
0
0
0
0
0
0
0
0
0
0
0
0
0
0
0
0
0
0
0
0
0
0
0
0
0
0
0
0
0
0
0
0
0
0
0
0
0
0
0
0
0
0
0
0
0
0
0
0
0
0
0
0
0
0
0
0
0
0
0
0
0
0
0
0
0
0
0
0
0
0
0
0
0
0
0
0
0
0
0
0
0
0
0
0
0
0
0
0
0
0
0
0
0
0
0
0
0
0
0
0
0
0
0
0
0
0
0
0
0
0
0
0
0
0
0
0
0
0
0
0
0
0
0
0
0
0
0
0
0
0
0
0
0
0
0
0
0
0
0
0
0
0
0
0
0
0
0
0
0
0
0
0
0
0
0
0
0
0
0
0
0
0
0
0
0
0
0
0
0
0
0
0
0
0
0
0
0
0
0
0
0
0
0
0
0
0
0
0
0
0
0
0
0
0
0
0
0
0
0
0
0
0
0
0
0
0
0
0
0
0
0
0
0
0
0
0
0
0
0
0
0
0
0
0
0
0
0
0
0
0
0
0
0
0
0
0
0
0
0
0
0
0
0
0
0
0
0
0
0
0
0
0
0
0
0
0
0
0
0
0
0
0
0
0
0
0
0
0
0
0
0
0
0
0
0
0
0
0
0
0
0
0
0
0
0
0
0
0
0
0
0
0
0
0
0
0
0
0
0
0
0
0
0
0
0
0
0
0
0
0
0
0
0
0
0
0
0
0
0
0
0
0
0
0
0
0
0
0
0
0
0
0
0
0
0
0
0
0
0
0
0
0
0
0
0
0
0
0
0
0
0
0
0
0
0
0
0
0
0
0
0
0
0
0
0
0
0
0
0
0
0
0
0
0
0
0
0
0
0
0
0
0
0
0
0
0
0
0
0
0
0
0
0
0
0
0
0
0
0
0
0
0
0
0
0
0
0
0
0
0
0
0
0
0
0
0
0
0
0
0
0
0
0
0
0
0
0
0
0
0
0
0
0
0
0
0
0
0
0
0
0
0
0
0
0
0
0
0
0
0
0
0
0
0
0
0
0
0
0
0
0
0
0
0
0
0
0
0
0
0
0
0
0
0
0
0
0
0
0
0
0
0
0
0
0
0
0
0
0
0
0
0
0
0
0
0
0
0
0
0
0
0
0
0
0
0
0
0
0
0
0
0
0
0
0
0
0
0
0
0
0
0
0
0
0
0
0
0
0
0
0
0
0
0
0
0
0
0
0
0
0
0
0
0
0
0
0
0
0
0
0
0
0
0
0
0
0
0
0
0
0
0
0
0
0
0
0
0
0
0
0
0
0
0
0
0
0
0
0
0
0
0
0
0
0
0
0
0
0
0
0
0
0
0
0
0
0
0
0
0
0
0
0
0
0
0
0
0
0
0
0
0
0
0
0
0
0
0
0
0
0
0
0
0
0
0
0
0
0
0
0
0
0
0
0
0
0
0
0
0
0
0
0
0
0
0
0
0
0
0
0
0
0
0
0
0
0
0
0
0
0
0
0
0
0
0
0
0
0
0
0
0
0
0
0
0
0
0
0
0
0
0
0
0
0
0
0
0
0
0
0
0
0
0
0
0
0
0
0
0
0
0
0
0
0
0
0
0
0
0
0
0
0
0
0
0
0
0
0
0
0
0
0
0
0
0
0
0
0
0
0
0
0
0
0
0
0
0
0
0
0
0
0
0
0
0
0
0
0
0
0
0
0
0
0
0
0
0
0
0
0
0
0
0
0
0
0
0
0
0
0
0
0
0
0
0
0
0
0
0
0
0
0
0
0
0
0
0
0
0
0
0
0
0
0
0
0
0
0
0
0
0
0
0
0
0
0
0
0
0
0
0
0
0
0
0
0
0
0
0
0
0
0
0
0
0
0
0
0
0
0
0
0
0
0
0
0
0
0
0
0
0
0
0
0
0
0
0
0
0
0
0
0
0
0
0
0
0
0
0
0
0
0
0
0
0
0
0
0
0
0
0
0
0
0
0
0
0
0
0
0
0
0
0
0
0
0
0
0
0
0
0
0
0
0
0
0
0
0
0
0
0
0
0
0
0
0
0
0
0
0
0
0
0
0
0
0
0
0
0
0
0
0
0
0
0
0
0
0
0
0
0
0
0
0
0
0
0
0
0
0
0
0
0
0
0
0
0
0
0
0
0
0
0
0
0
0
0
0
0
0
0
0
0
0
0
0
0
0
0
0
0
0
0
0
0
0
0
0
0
0
0
0
0
0
0
0
0
0
0
0
0
0
0
0
0
0
0
0
0
0
0
0
0
0
0
0
0
0
0
0
0
0
0
0
0
0
0
0
0
0
0
0
0
0
0
0
0
0
0
0
0
0
0
0
0
0
0
0
0
0
0
0
0
0
0
0
0
0
0
0
0
0
0
0
0
0
0
0
0
0
0
0
0
0
0
0
0
0
0
0
0
0
0
0
0
0
0
0
0
0
0
0
0
0
0
0
0
0
0
0
0
0
0
0
0
0
0
0
0
0
0
0
0
0
0
0
0
0
0
0
0
0
0
0
0
0
0
0
0
0
0
0
0
0
0
0
0
0
0
0
0
0
0
0
0
0
0
0
0
0
0
0
0
0
0
0
0
0
0
0
0
0
0
0
0
0
0
0
0
0
0
0
0
0
0
0
0
0
0
0
0
0
0
0
0
0
0
0
0
0
0
0
0
0
0
0
0
0
0
0
0
0
0
0
0
0
0
0
0
0
0
0
0
0
0
0
0
0
0
0
0
0
0
0
0
0
0
0
0
0
0
0
0
0
0
0
0
0
0
0
0
0
0
0
0
0
0
0
0
0
0
0
0
0
0
0
0
0
0
0
0
0
0
0
0
0
0
0
0
0
0
0
0
0
0
0
0
0
0
0
0
0
0
0
0
0
0
0
0
0
0
0
0
0
0
0
0
0
0
0
0
0
0
0
0
0
0
0
0
0
0
0
0
0
0
0
0
0
0
0
0
0
0
0
0
0
0
0
0
0
0
0
0
0
0
0
0
0
0
0
0
0
0
0
0
0
0
0
0
0
0
0
0
0
0
0
0
0
0
0
0
0
0
0
0
0
0
0
0
0
0
0
0
0
0
0
0
0
0
0
0
0
0
0
0
0
0
0
0
0
0
0
0
0
0
0
0
0
0
0
0
0
0
0
0
0
0
0
0
0
0
0
0
0
0
0
0
0
0
0
0
0
0
0
0
0
0
0
0
0
0
0
0
0
0
0
0
0
0
0
0
0
0
0
0
0
0
0
0
0
0
0
0
0
0
0
0
0
0
0
0
0
0
0
0
0
0
0
0
0
0
0
0
0
0
0
0
0
0
0
0
0
0
0
0
0
0
0
0
0
0
0
0
0
0
0
0
0
0
0
0
0
0
0
0
0
0
0
0
0
0
0
0
0
0
0
0
0
0
0
0
0
0
0
0
0
0
0
0
0
0
0
0
0
0
0
0
0
0
0
0
0
0
0
0
0
0
0
0
0
0
0
0
0
0
0
0
0
0
0
0
0
0
0
0
0
0
0
0
0
0
0
0
0
0
0
0
0
0
0
0
0
0
0
0
0
0
0
0
0
0
0
0
0
0
0
0
0
0
0
0
0
0
0
0
0
0
0
0
0
0
0
0
0
0
0
0
0
0
0
0
0
0
0
0
0
0
0
0
0
0
0
0
0
0
0
0
0
0
0
0
0
0
0
0
0
0
0
0
0
0
0
0
0
0
0
0
0
0
0
0
0
0
0
0
0
0
0
0
0
0
0
0
0
0
0
0
0
0
0
0
0
0
0
0
0
0
0
0
0
0
0
0
0
0
0
0
0
0
0
0
0
0
0
0
0
0
0
0
0
0
0
0
0
0
0
0
0
0
0
0
0
0
0
0
0
0
0
0
0
0
0
0
0
0
0
0
0
0
0
0
0
0
0
0
0
0
0
0
0
0
0
0
0
0
0
0
0
0
0
0
0
0
0
0
0
0
0
0
0
0
0
0
0
0
0
0
0
0
0
0
0
0
0
0
0
0
0
0
0
0
0
0
0
0
0
0
0
0
0
0
0
0
0
0
0
0
0
0
0
0
0
0
0
0
0
0
0
0
0
0
0
0
0
0
0
0
0
0
0
0
0
0
0
0
0
0
0
0
0
0
0
0
0
0
0
0
0
0
0
0
0
0
0
0
0
0
0
0
0
0
0
0
0
0
0
0
0
0
0
0
0
0
0
0
0
0
0
0
0
0
0
0
0
0
0
0
0
0
0
0
0
0
0
0
0
0
0
0
0
0
0
0
0
0
0
0
0
0
0
0
0
0
0
0
0
0
0
0
0
0
0
0
0
0
0
0
0
0
0
0
0
0
0
0
0
0
0
0
0
0
0
0
0
0
0
0
0
0
0
0
0
0
0
0
0
0
0
0
0
0
0
0
0
0
0
0
0
0
0
0
0
0
0
0
0
0
0
0
0
0
0
0
0
0
0
0
0
0
0
0
0
0
0
0
0
0
0
0
0
0
0
0
0
0
0
0
0
0
0
0
0
0
0
0
0
0
0
0
0
0
0
0
0
0
0
0
0
0
0
0
0
0
0
0
0
0
0
0
0
0
0
0
0
0
0
0
0
0
0
0
0
0
0
0
0
0
0
0
0
0
0
0
0
0
0
0
0
0
0
0
0
0
0
0
0
0
0
0
0
0
0
0
0
0
0
0
0
0
0
0
0
0
0
0
0
0
0
0
0
0
0
0
0
0
0
0
0
0
0
0
0
0
0
0
0
0
0
0
0
0
0
0
0
0
0
0
0
0
0
0
0
0
0
0
0
0
0
0
0
0
0
0
0
0
0
0
0
0
0
0
0
0
0
0
0
0
0
0
0
0
0
0
0
0
0
0
0
0
0
0
0
0
0
0
0
0
0
0
0
0
0
0
0
0
0
0
0
0
0
0
0
0
0
0
0
0
0
0
0
0
0
0
0
0
0
0
0
0
0
0
0
0
0
0
0
0
0
0
0
0
0
0
0
0
0
0
0
0
0
0
0
0
0
0
0
0
0
0
0
0
0
0
0
0
0
0
0
0
0
0
0
0
0
0
0
0
0
0
0
0
0
0
0
0
0
0
0
0
0
0
0
0
0
0
0
0
0
0
0
0
0
0
0
0
0
0
0
0
0
0
0
0
0
0
0
0
0
0
0
0
0
0
0
0
0
0
0
0
0
0
0
0
0
0
0
0
0
0
0
0
0
0
0
0
0
0
0
0
0
0
0
0
0
0
0
0
0
0
0
0
0
0
0
0
0
0
0
0
0
0
0
0
0
0
0
0
0
0
0
0
0
0
0
0
0
0
0
0
0
0
0
0
0
0
0
0
0
0
0
0
0
0
0
0
0
0
0
0
0
0
0
0
0
0
0
0
0
0
0
0
0
0
0
0
0
0
0
0
0
0
0
0
0
0
0
0
0
0
0
0
0
0
0
0
0
0
0
0
0
0
0
0
0
0
0
0
0
0
0
0
0
0
0
0
0
0
0
0
0
0
0
0
0
0
0
0
0
0
0
0
0
0
0
0
0
0
0
0
0
0
0
0
0
0
0
0
0
0
0
0
0
0
0
0
0
0
0
0
0
0
0
0
0
0
0
0
0
0
0
0
0
0
0
0
0
0
0
0
0
0
0
0
0
0
0
0
0
0
0
0
0
0
0
0
0
0
0
0
0
0
0
0
0
0
0
0
0
0
0
0
0
0
0
0
0
0
0
0
0
0
0
0
0
0
0
0
0
0
0
0
0
0
0
0
0
0
0
0
0
0
0
0
0
0
0
0
0
0
0
0
0
0
0
0
0
0
0
0
0
0
0
0
0
0
0
0
0
0
0
0
0
0
0
0
0
0
0
0
0
0
0
0
0
0
0
0
0
0
0
0
0
0
0
0
0
0
0
0
0
0
0
0
0
0
0
0
0
0
0
0
0
0
0
0
0
0
0
0
0
0
0
0
0
0
0
0
0
0
0
0
0
0
0
0
0
0
0
0
0
0
0
0
0
0
0
0
0
0
0
0
0
0
0
0
0
0
0
0
0
0
0
0
0
0
0
0
0
0
0
0
0
0
0
0
0
0
0
0
0
0
0
0
0
0
0
0
0
0
0
0
0
0
0
0
0
0
0
0
0
0
0
0
0
0
0
0
0
0
0
0
0
0
0
0
0
0
0
0
0
0
0
0
0
0
0
0
0
0
0
0
0
0
0
0
0
0
0
0
0
0
0
0
0
0
0
0
0
0
0
0
0
0
0
0
0
0
0
0
0
0
0
0
0
