# vtk DataFile Version 2.0
AirplaneModel, Created by Gmsh 4.12.1 
ASCII
DATASET UNSTRUCTURED_GRID
POINTS 4308 double
-50 -29.88362387301199 64.08563820557886
-50 -64.08563820557886 -29.88362387301199
-50 64.08563820557886 29.88362387301199
-50 29.88362387301199 -64.08563820557886
50 -29.88362387301199 64.08563820557886
50 -64.08563820557886 -29.88362387301199
50 64.08563820557886 29.88362387301199
50 29.88362387301199 -64.08563820557886
-50 -57.24523533906547 -11.08977145729379
-50 -50.40483247255207 7.704080958424452
-50 -43.56442960603871 26.49793337414259
-50 -36.72402673952536 45.29178578986071
-50 -11.08977145729379 57.24523533906547
-50 7.704080958424452 50.40483247255207
-50 26.49793337414259 43.56442960603871
-50 45.29178578986071 36.72402673952536
-50 36.72402673952537 -45.29178578986066
-50 43.56442960603877 -26.49793337414242
-50 50.40483247255214 -7.704080958424278
-50 57.24523533906549 11.08977145729384
-50 -45.29178578986066 -36.72402673952537
-50 -26.49793337414242 -43.56442960603877
-50 -7.704080958424278 -50.40483247255214
-50 11.08977145729384 -57.24523533906549
50 -57.24523533906547 -11.08977145729379
50 -50.40483247255207 7.704080958424452
50 -43.56442960603871 26.49793337414259
50 -36.72402673952536 45.29178578986071
50 -11.08977145729379 57.24523533906547
50 7.704080958424452 50.40483247255207
50 26.49793337414259 43.56442960603871
50 45.29178578986071 36.72402673952536
50 36.72402673952537 -45.29178578986066
50 43.56442960603877 -26.49793337414242
50 50.40483247255214 -7.704080958424278
50 57.24523533906549 11.08977145729384
50 -45.29178578986066 -36.72402673952537
50 -26.49793337414242 -43.56442960603877
50 -7.704080958424278 -50.40483247255214
50 11.08977145729384 -57.24523533906549
-29.99999999999997 -64.08563820557886 -29.88362387301199
-9.999999999999893 -64.08563820557886 -29.88362387301199
10.00000000000008 -64.08563820557886 -29.88362387301199
30.00000000000003 -64.08563820557886 -29.88362387301199
-29.99999999999997 -29.88362387301199 64.08563820557886
-9.999999999999893 -29.88362387301199 64.08563820557886
10.00000000000008 -29.88362387301199 64.08563820557886
30.00000000000003 -29.88362387301199 64.08563820557886
-29.99999999999997 29.88362387301199 -64.08563820557886
-9.999999999999893 29.88362387301199 -64.08563820557886
10.00000000000008 29.88362387301199 -64.08563820557886
30.00000000000003 29.88362387301199 -64.08563820557886
-29.99999999999997 64.08563820557886 29.88362387301199
-9.999999999999893 64.08563820557886 29.88362387301199
10.00000000000008 64.08563820557886 29.88362387301199
30.00000000000003 64.08563820557886 29.88362387301199
-50 11.05571979236601 30.85326658251982
-50 -13.29138555018214 -34.16353894659159
-50 -32.02131095588344 10.62596703672133
-50 31.18078890380008 -12.38116454907604
-50 -7.4128397721365 37.89072188934608
-50 -3.918703487840659 19.59686644870426
-50 15.41890487247362 13.06654034809692
-50 -0.6708807972778246 -1.843229841666997
-50 -28.03015485001797 -22.99052002819973
-50 24.22997572553179 -30.08291201417099
-50 36.04137354511822 7.010892949113984
-50 -38.43928551046031 -6.678524014282274
-50 6.168539931002613 -36.88158764471376
-50 -23.0246886695341 27.94975779463333
-50 29.93762971645927 25.39204128376292
-50 11.89635762186616 -16.49726603789703
-50 -20.72426560520073 -4.282626892386901
-50 -8.435798493605461 -16.32998395200703
-50 21.13309147728276 -45.32006092479441
-50 -45.32006092479443 -21.13309147728275
-50 -21.13309147728275 45.32006092479448
-50 45.32006092479453 21.1330914772828
-50 19.25526483767386 -2.560278571996772
-50 -16.39841864803129 10.42496909886389
50 31.18078890380008 -12.38116454907604
50 -31.98891840767013 10.4367777460558
50 -13.14495846057584 -34.33735074910332
50 11.05571979236601 30.85326658251982
50 -7.4128397721365 37.89072188934608
50 -3.918317708687056 19.5953313465561
50 15.41896916899921 13.06628449773889
50 -0.6708807972778246 -1.843229841666997
50 -37.90443432534212 -7.475383038568435
50 24.22997572553179 -30.08291201417099
50 36.04138010598818 7.010866841934597
50 -28.03196902300467 -23.15621089384495
50 6.269279789989113 -37.13500693927706
50 -23.0196753834929 27.92119565096152
50 29.93764152602519 25.39199429084002
50 -20.62894371071477 -4.476372523182437
50 11.91384545363881 -16.53975658553881
50 -8.417162533691439 -16.3670840137439
50 21.13309147728276 -45.32006092479441
50 -21.13309147728275 45.32006092479448
50 45.32006092479453 21.1330914772828
50 -45.32006092479446 -21.13309147728276
50 -16.39610397310972 10.41575848597493
50 19.25526483767386 -2.560278571996772
33.53496491679773 -46.65286087246631 18.01253820809514
-33.72448438200788 -46.65396919699437 18.00949311148085
-0.1634603522554556 -58.19395331846694 -13.69635268312993
-0.8051984345012855 -34.44988451628251 51.53994019684876
-19.92518096425216 -58.29533678709054 -13.97490147387925
-10.38489982209168 -52.82454128187521 1.055985643153701
10.02001112663658 -52.98780539587592 0.6074211765294777
9.237055564881302e-14 -46.31375024201746 18.94423700795037
-18.47650871687169 -36.31671508840829 46.41086535398563
31.46994615203913 -53.45392840881253 -0.6732412762019955
33.05769126984414 -40.15053821833587 35.87752287432676
-31.19551020549232 -53.27413311151394 -0.179257756749994
-33.8369232018935 -40.3416525717539 35.35244050377706
19.44758012917379 -58.6475132162274 -14.94249826059693
18.41077734650952 -35.8526993548506 47.68573810420705
16.82131676626105 -43.07412142400378 27.84504403285742
-18.00969479686978 -43.1839427373196 27.54331245434735
-2.341874143106558 -40.74947439677656 34.23195924836649
-35.35898384862238 -34.89114631553959 50.32758336732203
35.35898384862244 -59.07811576305127 -16.12556903475517
35.35898384862249 -34.89114631553956 50.32758336732211
-35.35898384862242 -59.07811576305127 -16.12556903475518
18.96969712338846 -48.41421147157745 13.1732672092944
-18.97502242147207 -48.41690093996862 13.1658779556193
34.19191893773026 47.39032278286078 -15.98637826157847
-32.77386580268782 46.92872430618895 -17.25460965308893
0.9667905494858502 35.45017805737681 -48.79165627986586
0.8033301972303377 58.4868062538055 14.50095951019361
-33.07029123435329 40.16981779011203 -35.82455268621501
-17.07475526381229 43.43278611372092 -26.85962089670388
-17.55341817863564 50.41198024082144 -7.684442626504875
1.961524227066228 46.98463103929546 -17.10100716628335
-18.93290653698033 57.75152394351677 12.48078796575091
30.83986701189041 40.76259085515573 -34.19592207514653
35.17369372914834 53.8223600058261 1.68549876961039
-18.38927383358735 36.31513816769558 -46.41519790803606
-34.10319572782103 53.63673534419934 1.175499203296951
19.380980080029 35.42330480838925 -48.86548992464658
20.5423499731137 57.53956320476713 11.89843062222535
11.04699881772513 40.84309948822978 -33.97472642370443
9.944234541001819 52.59930395666914 -1.674820108175744
17.32050807568875 45.94310101806564 -19.96258738129636
-35.35898384862238 59.07811576305126 16.12556903475516
-35.3589838486224 34.89114631553959 -50.32758336732203
35.35898384862244 34.89114631553958 -50.32758336732205
35.35898384862249 59.07811576305129 16.12556903475523
-4.187677037809451 40.49479115109577 -34.9316957149879
-4.335472256534473 53.41521909475004 0.5668883098927182
22.72257338607348 50.72026015574702 -6.837450521375459
33.53496491679773 -16.18947612447169 -47.31640120612456
-33.72448438200788 -16.19252122108601 -47.31529288159648
-0.1634603522554343 -47.89836701569681 -35.77530876012391
-0.8051984345012997 17.33792586428189 -59.51937756230834
-19.92518096425212 -48.17691580644614 -35.6739252915003
-10.38489982209168 -33.14602868941318 -41.14472079671563
10.02001112663659 -33.59459315603736 -40.98145668271493
7.105427357601002e-14 -15.25777732461651 -47.6555118365734
-18.4765087168717 12.20885102141875 -57.65254699018256
31.46994615203914 -34.87525560876882 -40.51533366977834
33.05769126984417 1.675508541759896 -53.81872386025498
-31.19551020549231 -34.38127208931687 -40.69512896707691
19.4475801291738 -49.14451259316379 -35.32174886236346
-33.83692320189351 1.150426171210171 -53.62760950683695
18.41077734650955 13.48372377164017 -58.11656272374024
16.82131676626103 -6.356970299709431 -50.89514065458708
-18.00969479686979 -6.658701878219517 -50.78531934127125
-2.341874143106565 0.02994491579960368 -53.21978768181427
35.3589838486224 -50.32758336732201 -34.89114631553959
-35.35898384862239 -50.32758336732202 -34.89114631553959
-35.35898384862242 16.12556903475519 -59.07811576305127
35.35898384862249 16.12556903475523 -59.07811576305129
18.96969712338841 -21.0287471232724 -45.55505060701343
-18.97502242147206 -21.03613637694755 -45.55236113862223
33.53496491679775 16.18947612447184 47.3164012061245
-33.72448438200789 16.19252122108615 47.31529288159643
-0.8051984345012926 -17.33792586428189 59.51937756230834
-0.1634603522554414 47.89836701569679 35.77530876012391
-19.92518096425216 48.17691580644612 35.67392529150031
-10.38489982209169 33.1460286894132 41.14472079671562
10.02001112663661 33.59459315603742 40.98145668271491
1.35003119794419e-13 15.25777732461651 47.65551183657339
-18.4765087168717 -12.20885102141872 57.65254699018254
33.05769126984416 -1.675508541759751 53.81872386025493
31.46994615203917 34.87525560876894 40.5153336697783
-33.8369232018935 -1.150426171210096 53.62760950683692
18.41077734650958 -13.48372377164014 58.11656272374023
-31.19551020549233 34.38127208931692 40.69512896707689
19.44758012917382 49.14451259316381 35.32174886236345
16.82131676626105 6.356970299709506 50.89514065458705
-18.0096947968698 6.658701878219578 50.78531934127123
-2.341874143106608 -0.02994491579959657 53.21978768181427
35.3589838486224 -16.12556903475514 59.07811576305126
-35.35898384862239 -16.12556903475515 59.07811576305126
-35.35898384862242 50.32758336732206 34.89114631553957
35.35898384862249 50.32758336732211 34.89114631553956
18.9696971233885 21.02874712327256 45.55505060701337
-18.97502242147212 21.03613637694765 45.55236113862219
-21.52082252502441 -1.145394563674927 -7.313189506530762
-21.48822021484375 -1.198038339614868 -7.787816047668457
-21.48822021484375 -1.300821781158447 -7.787816047668457
-21.52082252502441 -1.339357018470764 -7.313189506530762
-20.99100685119629 -1.442638158798218 -7.385006904602051
-21.25701141357422 -1.300821781158447 -7.787816047668457
-21.25701141357422 -1.198038339614868 -7.787816047668457
-20.99100685119629 -1.064665675163269 -7.385006904602051
-21.50621032714844 -1.173386096954346 -6.68083381652832
-21.50621032714844 -1.329219102859497 -6.68083381652832
-21.08796882629395 -1.549433350563049 -6.418975830078125
-21.08796882629395 -1.002638578414917 -6.418975830078125
-20.82582855224609 -1.100386023521423 -5.597189426422119
-20.82582855224609 -1.484116077423096 -5.597189426422119
-20.64915657043457 -1.216753125190735 -5.108237743377686
-20.64915657043457 -1.344239473342896 -5.108237743377686
-20.16300010681152 -1.108215808868408 -7.115034103393555
-20.16300010681152 -1.478185296058655 -7.115034103393555
-19.66742324829102 -1.230370998382568 -6.929285526275635
-19.66742324829102 -1.352326035499573 -6.929285526275635
-20.0802173614502 -1.906497597694397 -6.371761322021484
-20.0802173614502 -1.952719569206238 -5.616958618164062
-19.73902702331543 -2.12535834312439 -6.030142784118652
-19.73902702331543 -2.12535834312439 -5.916138172149658
-20.16300010681152 -1.535962820053101 -4.94102954864502
-20.16300010681152 -0.8982337117195129 -6.455189228057861
-20.16300010681152 -0.9415673613548279 -5.597189426422119
-20.16300010681152 -1.151549458503723 -4.94102954864502
-19.38581466674805 -2.177278995513916 -5.616958618164062
-19.30500030517578 -2.151047945022583 -6.079678535461426
-19.35085487365723 -1.661134600639343 -6.454489231109619
-19.72568893432617 -2.119942665100098 -5.344138145446777
-19.56570816040039 -1.778504490852356 -4.679232597351074
-19.15142059326172 -2.190909385681152 -4.739189147949219
-19.10086822509766 -1.695347428321838 -4.169933319091797
-18.96553802490234 -2.160478115081787 -4.225311756134033
-19.35085487365723 -1.159304022789001 -6.411697864532471
-19.30500030517578 -1.02960479259491 -5.597189426422119
-19.34537124633789 -1.131635308265686 -4.679232597351074
-19.0862865447998 -1.215054750442505 -4.208058834075928
-18.44700050354004 -2.27959132194519 -5.597189426422119
-18.44700050354004 -2.171751499176025 -6.104513168334961
-18.44700050354004 -2.328219652175903 -4.739189147949219
-18.42241096496582 -2.231365442276001 -3.916063070297241
-18.46396827697754 -1.72229540348053 -6.131156921386719
-18.42241096496582 -1.642127871513367 -3.718941688537598
-18.12001800537109 -1.892648100852966 -3.368970632553101
-18.12001800537109 -2.174667596817017 -3.368970632553101
-18.76128196716309 -1.232206702232361 -6.09670352935791
-18.46396827697754 -1.189915060997009 -5.566753387451172
-18.18928146362305 -1.45426082611084 -5.832463264465332
-18.44700050354004 -1.127194762229919 -4.739189147949219
-18.44700050354004 -1.197129845619202 -4.063787460327148
-17.58522415161133 -2.272037506103516 -5.655672550201416
-17.86870574951172 -2.152962923049927 -6.063255786895752
-17.5890007019043 -2.461520910263062 -4.739189147949219
-17.5890007019043 -2.436607360839844 -3.881189584732056
-17.5490550994873 -2.265144348144531 -3.05905818939209
-17.86870574951172 -2.026260852813721 -6.063255786895752
-17.59696769714355 -1.675643086433411 -5.620562076568604
-17.51819801330566 -1.673256278038025 -3.118660688400269
-17.79997253417969 -1.320647954940796 -3.511784553527832
-17.23642539978027 -2.025864839553833 -2.533785820007324
-17.23642539978027 -2.174692630767822 -2.533785820007324
-17.8972282409668 -1.242858648300171 -5.260463237762451
-17.60233688354492 -1.224819898605347 -4.675549030303955
-17.32522964477539 -1.325025200843811 -4.919122219085693
-17.54398345947266 -1.236874103546143 -3.831146478652954
-17.22797203063965 -1.262949109077454 -3.440350532531738
-16.73100090026855 -2.572821855545044 -4.739189147949219
-16.73100090026855 -2.323691129684448 -5.472587585449219
-16.73100090026855 -2.619069576263428 -3.881189584732056
-16.73100090026855 -2.533814907073975 -3.023189544677734
-16.65279006958008 -2.261764049530029 -2.214747190475464
-16.73100090026855 -1.822685122489929 -5.472587585449219
-16.79143333435059 -1.389330387115479 -4.675549030303955
-16.65279006958008 -1.916092038154602 -2.214747190475464
-16.77438926696777 -1.417887210845947 -3.10188627243042
-16.31464958190918 -2.110923051834106 -1.727078437805176
-16.31464958190918 -2.134873628616333 -1.727078437805176
-17.11772155761719 -1.261621117591858 -4.347122192382812
-17.07527732849121 -1.26025390625 -3.881189584732056
-16.64627838134766 -1.303413987159729 -3.881189584732056
-17.08931541442871 -1.262949109077454 -3.440350532531738
-15.8730001449585 -2.619073390960693 -4.739189147949219
-15.8730001449585 -2.306655168533325 -5.356910228729248
-15.8730001449585 -2.759884119033813 -3.881189584732056
-15.8730001449585 -2.750071287155151 -3.023189544677734
-15.8730001449585 -2.567668676376343 -2.165189504623413
-15.8730001449585 -2.265063285827637 -1.579601049423218
-15.8730001449585 -1.919661402702332 -5.356910228729248
-15.8730001449585 -1.5656818151474 -4.739189147949219
-15.8730001449585 -1.378466367721558 -3.881189584732056
-15.8730001449585 -1.36628794670105 -3.023189544677734
-15.8730001449585 -1.611983180046082 -2.165189504623413
-15.8730001449585 -1.9781414270401 -1.579601049423218
-14.97874641418457 -2.449548959732056 -4.795454502105713
-15.24057769775391 -2.227999687194824 -5.254425048828125
-15.01500034332275 -2.825191259384155 -3.881189584732056
-15.01500034332275 -2.873992919921875 -3.023189544677734
-15.01500034332275 -2.828009128570557 -2.165189504623413
-15.0197811126709 -2.459172010421753 -1.2731853723526
-15.24057769775391 -2.026326894760132 -5.254425048828125
-14.97874641418457 -1.841026663780212 -4.795454502105713
-15.01500034332275 -1.501316666603088 -3.881189584732056
-15.01500034332275 -1.417752385139465 -3.023189544677734
-15.01500034332275 -1.458791375160217 -2.165189504623413
-15.0197811126709 -1.828364729881287 -1.2731853723526
-14.73696804046631 -2.032851457595825 -0.7878903746604919
-14.73696804046631 -2.247591733932495 -0.7878903746604919
-14.07345199584961 -2.842200517654419 -3.796292781829834
-14.1569995880127 -2.398606777191162 -4.552925109863281
-14.25736808776855 -2.948480606079102 -3.023189544677734
-13.73175239562988 -2.982635974884033 -3.453695058822632
-13.82836818695068 -2.992206573486328 -3.023189544677734
-14.3356819152832 -2.947699785232544 -2.165189504623413
-13.90668201446533 -3.002557992935181 -2.165189504623413
-14.1361026763916 -2.856747150421143 -1.29068124294281
-13.83617115020752 -2.996438026428223 -1.565675616264343
-14.1569995880127 -2.417571067810059 -0.6309830546379089
-14.1569995880127 -1.957330346107483 -4.552925109863281
-14.1569995880127 -1.690832734107971 -3.881189584732056
-14.1569995880127 -1.54650342464447 -3.023189544677734
-14.1569995880127 -1.500392436981201 -2.165189504623413
-14.1569995880127 -1.628046154975891 -1.307189464569092
-14.1569995880127 -1.940654635429382 -0.6309830546379089
-7.729063987731934 -1.258720397949219 -23.1616039276123
-7.729063987731934 -1.258720397949219 -23.21699905395508
-7.729063987731934 -1.281742453575134 -23.21699905395508
-7.729063987731934 -1.281742453575134 -23.1616039276123
-7.299473285675049 -1.538912415504456 -22.82823753356934
-7.293000221252441 -1.439250946044922 -23.38573455810547
-7.293000221252441 -1.191112279891968 -23.38573455810547
-7.299473285675049 -1.157742023468018 -22.82823753356934
-7.017788887023926 -1.185652017593384 -22.12873268127441
-7.017788887023926 -1.490084409713745 -22.12873268127441
-13.29899978637695 -3.045845746994019 -3.023189544677734
-13.29899978637695 -3.004961729049683 -3.516892910003662
-13.29899978637695 -3.066481113433838 -2.165189504623413
-13.35118198394775 -3.040828943252563 -1.29068124294281
-13.26466369628906 -2.558645486831665 -3.978292942047119
-13.52777194976807 -2.276177406311035 -4.397061347961426
-13.67196941375732 -2.964067935943604 -0.9936756491661072
-13.36926651000977 -2.664874315261841 -0.3610951602458954
-13.09996891021729 -3.02215051651001 -0.6553102731704712
-13.52777194976807 -2.054677963256836 -4.397061347961426
-13.26466369628906 -1.940045475959778 -3.926530361175537
-13.29899978637695 -1.712072968482971 -3.023189544677734
-13.29899978637695 -1.629657864570618 -2.165189504623413
-13.29899978637695 -1.639881730079651 -1.307189464569092
-13.33113861083984 -1.903690218925476 -0.3914038240909576
-12.44099998474121 -3.123058080673218 -3.023189544677734
-12.44099998474121 -3.03812050819397 -3.573522567749023
-12.44099998474121 -3.155887842178345 -2.165189504623413
-12.44099998474121 -3.156988620758057 -1.307189464569092
-12.50069999694824 -3.089413166046143 -0.401261955499649
-12.44099998474121 -2.553347587585449 -3.777663469314575
-12.82650089263916 -2.93768048286438 -0.08331026136875153
-12.44099998474121 -2.036430358886719 -3.656330347061157
-12.44099998474121 -1.877132296562195 -3.023189544677734
-12.44099998474121 -1.7706538438797 -2.165189504623413
-12.44099998474121 -1.731951117515564 -1.307189464569092
-12.44099998474121 -1.799510359764099 -0.4491894841194153
-11.58300018310547 -3.168926239013672 -3.023189544677734
-11.58300018310547 -3.040072202682495 -3.539742708206177
-11.58300018310547 -3.246006488800049 -2.165189504623413
-11.58300018310547 -3.253319978713989 -1.307189464569092
-11.58300018310547 -3.244609832763672 -0.4491894841194153
-11.60183048248291 -2.571263790130615 -3.554404020309448
-11.9003849029541 -2.095052719116211 -3.505809307098389
-11.60183048248291 -2.034836292266846 -3.015960931777954
-11.32838535308838 -2.297208070755005 -3.297141790390015
-11.58300018310547 -1.89820396900177 -2.165189504623413
-11.58300018310547 -1.829417824745178 -1.307189464569092
-11.58300018310547 -1.820732474327087 -0.4491894841194153
-10.70571327209473 -3.139552593231201 -3.08742880821228
-10.97885608673096 -3.014813899993896 -3.491915225982666
-10.72500038146973 -3.342683792114258 -2.165189504623413
-10.72500038146973 -3.360585451126099 -1.307189464569092
-10.72500038146973 -3.361071825027466 -0.4491894841194153
-10.97885608673096 -2.869208097457886 -3.491915225982666
-10.67459487915039 -2.510117769241333 -3.070698499679565
-10.94233322143555 -2.087209939956665 -2.725141763687134
-10.68379974365234 -2.038280725479126 -2.202840089797974
-10.37033367156982 -2.151027679443359 -2.513940572738647
-10.72500038146973 -1.928534865379333 -1.307189464569092
-10.72500038146973 -1.882825493812561 -0.4491894841194153
-9.866999626159668 -3.446040391921997 -2.165189504623413
-9.866999626159668 -3.189656019210815 -2.915536165237427
-9.866999626159668 -3.497976779937744 -1.307189464569092
-9.866999626159668 -3.501134157180786 -0.4491894841194153
-9.866999626159668 -2.640600919723511 -2.915536165237427
-9.792538642883301 -2.196166515350342 -2.202840089797974
-10.02889728546143 -2.091347694396973 -1.941940665245056
-9.792538642883301 -2.049403429031372 -1.380839347839355
-9.456897735595703 -2.127708196640015 -1.715939283370972
-9.866999626159668 -1.962643504142761 -0.4491894841194153
-9.008999824523926 -3.505622625350952 -2.165189504623413
-9.008999824523926 -3.183704137802124 -2.805770635604858
-9.008999824523926 -3.635819673538208 -1.307189464569092
-9.008999824523926 -3.646159887313843 -0.4491894841194153
-9.008999824523926 -2.744770765304565 -2.805770635604858
-9.008999824523926 -2.350724697113037 -2.165189504623413
-8.944413185119629 -2.155249834060669 -1.380839347839355
-9.187355041503906 -2.094472408294678 -1.143939256668091
-8.944413185119629 -2.064692735671997 -0.5053113102912903
-8.615354537963867 -2.12924599647522 -0.8287258744239807
-8.072875022888184 -3.333400726318359 -2.246740818023682
-8.306791305541992 -3.103743553161621 -2.697901487350464
-8.151000022888184 -3.715546369552612 -1.307189464569092
-8.151000022888184 -3.762120962142944 -0.4491894841194153
-8.306791305541992 -2.861921072006226 -2.697901487350464
-8.072875022888184 -2.65900707244873 -2.246740818023682
-8.151000022888184 -2.280260562896729 -1.307189464569092
-8.130114555358887 -2.164441823959351 -0.5053113102912903
-8.402190208435059 -2.104537487030029 -0.2567258179187775
-7.281644821166992 -3.742408037185669 -1.255067467689514
-7.293000221252441 -3.300379991531372 -2.036595821380615
-7.56801176071167 -3.825653791427612 -0.4491894841194153
-6.98807430267334 -3.850384950637817 -0.9343194365501404
-7.139011859893799 -3.864893198013306 -0.4491894841194153
-7.293000221252441 -2.777650356292725 -2.036595821380615
-7.293000221252441 -2.470561981201172 -1.307189464569092
-7.293000221252441 -2.300340414047241 -0.4491894841194153
-6.440440654754639 -1.972452998161316 -22.74486351013184
-6.434999942779541 -1.552176833152771 -23.41959381103516
-6.593301773071289 -1.743789553642273 -21.86531448364258
-6.15806770324707 -2.148717641830444 -22.45064735412598
-6.168639659881592 -2.162927627563477 -21.89918899536133
-6.197075843811035 -1.695347428321838 -21.27584266662598
-6.070785045623779 -2.15141749382019 -21.38088226318359
-6.434999942779541 -1.160642147064209 -23.41959381103516
-6.434999942779541 -1.036227345466614 -22.75718879699707
-6.463189601898193 -1.126150727272034 -21.86531448364258
-6.195982933044434 -1.198572754859924 -21.30036735534668
-5.577000141143799 -2.244031667709351 -21.89918899536133
-5.577000141143799 -2.173847198486328 -22.49649047851562
-5.579383373260498 -2.218316555023193 -21.07340431213379
-5.579838752746582 -1.709125161170959 -22.89773750305176
-5.86773157119751 -1.432310223579407 -23.26214408874512
-5.797294616699219 -1.695347428321838 -20.84684371948242
-5.86773157119751 -1.218093752861023 -23.26214408874512
-5.579838752746582 -1.152828454971313 -22.76309776306152
-5.577000141143799 -1.05878734588623 -21.89918899536133
-5.579252243041992 -1.155843257904053 -21.02509689331055
-4.718999862670898 -2.288999319076538 -21.89918899536133
-4.718999862670898 -2.176153182983398 -22.43596649169922
-4.718999862670898 -2.361965656280518 -21.04118919372559
-4.64100170135498 -1.625526785850525 -22.50611877441406
-4.875002861022949 -1.210593819618225 -22.48103523254395
-4.64100170135498 -1.167204976081848 -21.97481918334961
-4.303002834320068 -1.292979717254639 -22.31123924255371
-4.718999862670898 -1.110308527946472 -21.04118919372559
-3.865307807922363 -2.248284816741943 -21.94530487060547
-4.15418004989624 -2.151792526245117 -22.36994934082031
-3.861000061035156 -2.431691646575928 -21.04118919372559
-4.15418004989624 -1.86497962474823 -22.36994934082031
-3.865307807922363 -1.625526785850525 -22.12270736694336
-3.861000061035156 -1.228095173835754 -21.69194030761719
-3.861000061035156 -1.166136026382446 -21.04118919372559
-3.003000020980835 -2.473215103149414 -21.04118919372559
-3.003000020980835 -2.264472484588623 -21.72907447814941
-3.055235385894775 -1.662113070487976 -21.69326782226562
-3.376059055328369 -1.256800651550293 -21.4968090057373
-3.055235385894775 -1.240715265274048 -20.95899963378906
-2.804059028625488 -1.353956937789917 -21.19020462036133
-2.144999980926514 -2.54711127281189 -21.04118919372559
-2.144999980926514 -2.276444435119629 -21.66077423095703
-2.144999980926514 -1.850907444953918 -21.66077423095703
-2.144999980926514 -1.421907544136047 -21.05178070068359
-2.144999980926514 -1.264356851577759 -20.62277984619141
-1.415422677993774 -2.79412841796875 -21.04118919372559
-1.213186264038086 -2.527235269546509 -21.83008575439453
-0.8730885982513428 -2.9907546043396 -21.48918724060059
-0.9864226579666138 -3.056353330612183 -21.04118919372559
-1.27743399143219 -1.647872805595398 -21.92113876342773
-0.9812838435173035 -1.909593939781189 -22.46596145629883
-0.9812838435173035 -2.246995210647583 -22.46596145629883
-1.573584198951721 -1.386151552200317 -21.19229316711426
-1.287350535392761 -1.09238862991333 -20.96025276184082
-1.00158417224884 -1.189119219779968 -21.67129325866699
-0.4289999902248383 -3.262880086898804 -21.04118919372559
-0.4289999902248383 -3.059462547302246 -21.68635749816895
-0.4289999902248383 -2.854623556137085 -22.1153564453125
-0.4023620188236237 -2.406334161758423 -22.75405311584473
-0.4447640180587769 -1.618758797645569 -22.80813598632812
-0.09860334545373917 -1.89992368221283 -23.23762321472168
-0.09860334545373917 -2.192623853683472 -23.23762321472168
-0.7909247279167175 -1.337594032287598 -22.2432918548584
-0.4745548367500305 -1.03338623046875 -21.93405151367188
-0.2189247161149979 -1.177880764007568 -22.57831001281738
-0.4736073911190033 -0.6167821288108826 -21.08600234985352
-5.368294715881348 -1.695347428321838 -20.3672981262207
-5.29497241973877 -2.18738317489624 -20.41403198242188
-5.294754028320312 -1.217975854873657 -20.48382568359375
-4.767579555511475 -2.285401344299316 -20.15009498596191
-4.955139636993408 -1.695347428321838 -19.93829917907715
-4.492217063903809 -1.751572251319885 -19.36261177062988
-4.474605560302734 -2.214501142501831 -19.3251895904541
-4.312174797058105 -2.075055360794067 -18.87044334411621
-4.312174797058105 -2.142492055892944 -18.87044334411621
-4.687732696533203 -1.190672039985657 -20.19197082519531
-4.380887508392334 -1.238789916038513 -19.67355918884277
-3.861000061035156 -2.492753505706787 -20.18318939208984
-3.861000061035156 -2.452686786651611 -19.3251895904541
-3.820136547088623 -2.272823810577393 -18.53754043579102
-3.780839443206787 -1.756731867790222 -18.57433700561523
-4.054784774780273 -1.503055334091187 -19.10155868530273
-3.506894111633301 -2.010408401489258 -17.95465278625488
-3.506894111633301 -2.194555044174194 -17.95465278625488
-3.861000061035156 -1.155372858047485 -20.18318939208984
-3.805670976638794 -1.21805465221405 -19.36261177062988
-3.482784986495972 -1.251213550567627 -18.8502311706543
-3.003000020980835 -2.582982063293457 -20.18318939208984
-3.003000020980835 -2.651108980178833 -19.3251895904541
-3.003000020980835 -2.62758207321167 -18.46718978881836
-2.986629724502563 -2.399488687515259 -17.64486694335938
-2.986629724502563 -1.805430769920349 -17.64486694335938
-3.003000020980835 -1.405000329017639 -18.30840492248535
-2.689716100692749 -1.979949355125427 -17.00728607177734
-2.689716100692749 -2.2810959815979 -17.00728607177734
-3.003000020980835 -1.203349828720093 -20.18318939208984
-3.003000020980835 -1.20798647403717 -19.3251895904541
-3.003000020980835 -1.246104001998901 -18.73740577697754
-2.117586374282837 -3.411347627639771 -15.03518962860107
-1.956703305244446 -3.495779037475586 -15.97485542297363
-1.773174405097961 -3.910116910934448 -15.74329948425293
-1.829509258270264 -3.981060743331909 -15.03518962860107
-2.197848558425903 -3.411347627639771 -14.17718887329102
-1.877435088157654 -4.046859741210938 -14.17718887329102
-2.144999980926514 -2.723639488220215 -20.18318939208984
-2.123085498809814 -2.856478452682495 -19.35698699951172
-2.378418922424316 -2.884595155715942 -18.46718978881836
-1.822475790977478 -3.032892465591431 -19.09218406677246
-1.949418783187866 -3.130494832992554 -18.46718978881836
-2.44750452041626 -2.844618320465088 -17.60918998718262
-2.018504619598389 -3.256925106048584 -17.60918998718262
-2.414796113967896 -2.561596632003784 -16.73324775695801
-1.989090204238892 -3.35947585105896 -16.75119018554688
-2.287593364715576 -2.553347587585449 -15.89318943023682
-2.294658660888672 -2.553347587585449 -15.03518962860107
-2.341665029525757 -2.553347587585449 -14.17718887329102
-2.41996955871582 -1.382156014442444 -17.60918998718262
-2.534220933914185 -1.279157042503357 -18.15843391418457
-2.301174402236938 -1.69450843334198 -16.73324775695801
-2.106355905532837 -1.695347428321838 -15.89318943023682
-2.089303970336914 -1.695347428321838 -15.03518962860107
-2.122204542160034 -1.695347428321838 -14.17718887329102
-2.144999980926514 -1.240175008773804 -20.18318939208984
-2.144999980926514 -1.206971287727356 -19.3251895904541
-2.206932544708252 -1.200655817985535 -18.45353698730469
-1.99096953868866 -1.166901707649231 -17.60918998718262
-1.847063183784485 -1.172693014144897 -16.75119018554688
-1.792760968208313 -1.178200840950012 -15.89318943023682
-1.798722267150879 -1.159955143928528 -15.03518962860107
-1.816953063011169 -1.142013311386108 -14.17718887329102
-1.243504762649536 -4.465970516204834 -15.11027431488037
-1.371727705001831 -4.183809757232666 -15.97485542297363
-1.436736583709717 -4.475860118865967 -14.17718887329102
-0.9285080432891846 -4.738943576812744 -14.8743314743042
-1.007736682891846 -4.786050319671631 -14.17718887329102
-1.266973376274109 -3.60053277015686 -18.51249504089355
-1.352329730987549 -3.2691490650177 -19.35698699951172
-1.530239701271057 -3.685925245285034 -17.60918998718262
-0.9676222205162048 -3.913340330123901 -18.25669860839844
-1.101239681243896 -4.009128570556641 -17.60918998718262
-1.661182641983032 -3.788475751876831 -16.75119018554688
-1.232182621955872 -4.119069576263428 -16.75119018554688
-1.714212775230408 -3.838066339492798 -16.31529998779297
-1.593018412590027 -2.908370494842529 -20.18318939208984
-1.164018511772156 -3.175056934356689 -20.18318939208984
-1.681882977485657 -2.959797859191895 -19.6641845703125
-1.208693027496338 -0.7839962840080261 -20.12722587585449
-1.324982404708862 -0.7966344952583313 -19.3251895904541
-1.361496806144714 -0.7641260027885437 -18.46718978881836
-1.395907044410706 -0.7379017472267151 -17.60918998718262
-1.425402164459229 -0.7436930537223816 -16.75119018554688
-1.450982570648193 -0.7492008805274963 -15.89318943023682
-1.458489060401917 -0.7309553027153015 -15.03518962860107
-1.434438228607178 -0.7130133509635925 -14.17718887329102
-0.8959824442863464 -0.1523756384849548 -19.3251895904541
-0.8704884648323059 -0.3086923360824585 -19.80391693115234
-0.9196338653564453 0.07983691245317459 -18.44585609436035
-0.9753386378288269 0.02065251022577286 -17.60918998718262
-1.006056666374207 0.02065251022577286 -16.75119018554688
-0.9922007918357849 0.0723121240735054 -15.95051670074463
-1.029489040374756 -0.1305477023124695 -15.03518962860107
-1.005438208580017 -0.2440962791442871 -14.17718887329102
-0.4289999902248383 -4.961040019989014 -14.17718887329102
-0.5074244737625122 -4.816189765930176 -15.11027431488037
-0.4289999902248383 -4.283137321472168 -17.60918998718262
-0.4735056161880493 -4.010953903198242 -18.51249504089355
-0.4289999902248383 -4.496773242950439 -16.75119018554688
-0.5074244737625122 -4.656005382537842 -15.97538375854492
-0.8457074761390686 -4.6954345703125 -15.44633197784424
-0.2737074792385101 -4.755191326141357 -15.74418067932129
-0.4289999902248383 -3.510567188262939 -20.18318939208984
-0.4735056161880493 -3.741856813430786 -19.37174606323242
-0.7891760468482971 -3.815126657485962 -18.82869911193848
-0.2171760350465775 -3.905196905136108 -19.11678314208984
-0.7893456220626831 -0.483540415763855 -20.37591743469238
-0.7641237378120422 -0.005354397464543581 -20.12722587585449
-0.3258869647979736 0.02065251022577286 -20.94864082336426
-0.8394737839698792 0.2766243815422058 -19.3251895904541
-0.8522747755050659 0.4052931666374207 -18.71763229370117
-0.7072446346282959 0.2984522879123688 -15.03518962860107
-0.8238154649734497 0.3927518725395203 -15.70273590087891
-0.4147064387798309 0.2028839588165283 -14.16791820526123
-2.252246856689453 -3.411347627639771 -13.31918907165527
-1.912180781364441 -4.101742267608643 -13.31918907165527
-2.287204504013062 -3.411347627639771 -12.46118927001953
-1.93505859375 -4.141331195831299 -12.46118927001953
-2.303951501846313 -3.411347627639771 -11.60318946838379
-1.945781111717224 -4.159889221191406 -11.60318946838379
-2.308430910110474 -3.411347627639771 -10.74518966674805
-1.94846522808075 -4.164569854736328 -10.74518966674805
-2.308706760406494 -3.411347627639771 -9.887188911437988
-1.9487224817276 -4.165158271789551 -9.887188911437988
-2.308433294296265 -3.411347627639771 -9.029189109802246
-1.94873046875 -4.165194034576416 -9.029189109802246
-2.308448314666748 -3.411347627639771 -8.171189308166504
-1.948745369911194 -4.165197849273682 -8.171189308166504
-2.308686971664429 -3.411347627639771 -7.313189506530762
-1.948720574378967 -4.165176868438721 -7.313189506530762
-2.374565601348877 -2.553347587585449 -13.31918907165527
-2.394138336181641 -2.553347587585449 -12.46118927001953
-2.40428900718689 -2.553347587585449 -11.60318946838379
-2.407312631607056 -2.553347587585449 -10.74518966674805
-2.406741857528687 -2.553347587585449 -9.887188911437988
-2.405746698379517 -2.553347587585449 -9.029189109802246
-2.405711889266968 -2.553347587585449 -8.171189308166504
-2.406728744506836 -2.553347587585449 -7.313189506530762
-2.148289918899536 -1.695347428321838 -13.31918907165527
-2.164783477783203 -1.695347428321838 -12.46118927001953
-2.174389839172363 -1.695347428321838 -11.60318946838379
-2.177987337112427 -1.695347428321838 -10.74518966674805
-2.178667306900024 -1.695347428321838 -9.887188911437988
-2.17856502532959 -1.695347428321838 -9.029189109802246
-2.178650617599487 -1.695347428321838 -8.171189308166504
-2.179877042770386 -1.695347428321838 -7.313189506530762
-1.829790353775024 -1.132604122161865 -13.31918907165527
-1.838791131973267 -1.12526273727417 -12.46118927001953
-1.844271302223206 -1.120466828346252 -11.60318946838379
-1.846640229225159 -1.117678046226501 -10.74518966674805
-1.847909927368164 -1.114578604698181 -9.887188911437988
-1.848520994186401 -1.11275053024292 -9.029189109802246
-1.848641633987427 -1.112348914146423 -8.171189308166504
-1.849114537239075 -1.11202335357666 -7.313189506530762
-1.515658140182495 -4.530742645263672 -13.31918907165527
-1.086658120155334 -4.835267066955566 -13.31918907165527
-1.569180965423584 -4.57033109664917 -12.46118927001953
-1.140181064605713 -4.870227336883545 -12.46118927001953
-1.592843055725098 -4.588889122009277 -11.60318946838379
-1.163843035697937 -4.886306762695312 -11.60318946838379
-1.598629951477051 -4.593569755554199 -10.74518966674805
-1.16963005065918 -4.890316963195801 -10.74518966674805
-1.59939169883728 -4.59415864944458 -9.887188911437988
-1.17039167881012 -4.89088249206543 -9.887188911437988
-1.599461793899536 -4.594193935394287 -9.029189109802246
-1.170461773872375 -4.890974521636963 -9.029189109802246
-1.59946596622467 -4.594197750091553 -8.171189308166504
-1.17046594619751 -4.890984535217285 -8.171189308166504
-1.599456906318665 -4.594176769256592 -7.313189506530762
-1.170457005500793 -4.890985488891602 -7.313189506530762
-1.394041180610657 -0.7036041617393494 -13.31918907165527
-1.356811046600342 -0.6962627768516541 -12.46118927001953
-1.330843806266785 -0.6914668679237366 -11.60318946838379
-1.319759130477905 -0.6886780858039856 -10.74518966674805
-1.324272871017456 -0.6855786442756653 -9.887188911437988
-1.330788135528564 -0.6837505698204041 -9.029189109802246
-1.332514047622681 -0.6833489537239075 -8.171189308166504
-1.332510471343994 -0.6830233931541443 -7.313189506530762
-0.9650411605834961 -0.3200544714927673 -13.31918907165527
-0.9278110265731812 -0.3618180155754089 -12.46118927001953
-0.901843786239624 -0.3826188445091248 -11.60318946838379
-0.8907591104507446 -0.3903351426124573 -10.74518966674805
-0.8952729105949402 -0.3880726099014282 -9.887188911437988
-0.9017881155014038 -0.3844082355499268 -9.029189109802246
-0.9035140872001648 -0.3834312558174133 -8.171189308166504
-0.9035104513168335 -0.383442759513855 -7.313189506530762
-0.4289999902248383 -5.05888557434082 -13.31918907165527
-0.4289999902248383 -5.128248691558838 -12.46118927001953
-0.4289999902248383 -5.160129070281982 -11.60318946838379
-0.4289999902248383 -5.168135643005371 -10.74518966674805
-0.4289999902248383 -5.169225692749023 -9.887188911437988
-0.4289999902248383 -5.169328689575195 -9.029189109802246
-0.4289999902248383 -5.169338703155518 -8.171189308166504
-0.4289999902248383 -5.169339656829834 -7.313189506530762
-0.4289999902248383 -0.03836440294981003 -13.31918907165527
-0.4289999902248383 -0.1693703532218933 -12.46118927001953
-0.4289999902248383 -0.237913966178894 -11.60318946838379
-0.4289999902248383 -0.2713242173194885 -10.74518966674805
-0.4289999902248383 -0.2763977646827698 -9.887188911437988
-0.4289999902248383 -0.2727572917938232 -9.029189109802246
-0.4289999902248383 -0.2717742919921875 -8.171189308166504
-0.4289999902248383 -0.2717836499214172 -7.313189506530762
-6.434999942779541 -3.931146383285522 -0.4491894841194153
-6.434999942779541 -3.875834226608276 -1.02955687046051
-6.434999942779541 -3.633445024490356 -1.458556890487671
-6.434999942779541 -3.204445123672485 -1.847378373146057
-6.434999942779541 -2.89216160774231 -1.847378373146057
-6.434999942779541 -2.670628070831299 -1.307189464569092
-6.434999942779541 -2.462294578552246 -0.4491894841194153
-5.577000141143799 -4.020259857177734 -0.4491894841194153
-5.577000141143799 -3.920952558517456 -1.161907434463501
-5.59428882598877 -3.387151718139648 -1.571650624275208
-5.891814708709717 -3.085021018981934 -1.762818455696106
-5.891814708709717 -2.959310054779053 -1.762818455696106
-5.59428882598877 -2.847963571548462 -1.34467625617981
-5.577000141143799 -2.608037710189819 -0.4491894841194153
-4.718999862670898 -4.142130851745605 -0.4491894841194153
-4.75136137008667 -3.980012655258179 -1.360947847366333
-4.75136137008667 -3.417994022369385 -1.577668309211731
-4.486935615539551 -3.708425283432007 -1.780388116836548
-4.486935615539551 -3.881988763809204 -1.780388116836548
-4.718999862670898 -2.886844873428345 -1.149090051651001
-4.718999862670898 -2.726149320602417 -0.4491894841194153
-3.861000061035156 -4.198580265045166 -1.307189464569092
-3.861000061035156 -3.9648597240448 -1.869053840637207
-3.861000061035156 -4.320538520812988 -0.4491894841194153
-3.861000061035156 -3.565008401870728 -1.869053840637207
-3.861000061035156 -3.136008501052856 -1.579540729522705
-3.861000061035156 -2.900153398513794 -1.150540709495544
-3.861000061035156 -2.765870094299316 -0.4491894841194153
-3.003000020980835 -4.475934028625488 -1.307189464569092
-2.980632066726685 -4.133825302124023 -2.159161806106567
-3.003000020980835 -4.552577018737793 -0.4491894841194153
-3.157581329345703 -3.356029748916626 -2.159161806106567
-2.689178943634033 -3.411347627639771 -2.798285007476807
-2.679719924926758 -3.951012372970581 -2.738569974899292
-3.393063545227051 -3.033151149749756 -1.657601714134216
-2.795186519622803 -2.727240800857544 -2.165189504623413
-2.621851921081543 -2.879211664199829 -2.721936464309692
-3.065438270568848 -2.64267635345459 -1.345836877822876
-3.003000020980835 -2.452844619750977 -0.4491894841194153
-2.382133960723877 -4.542913436889648 -2.165189504623413
-2.157952547073364 -4.32174015045166 -3.085909843444824
-1.81523609161377 -4.758674621582031 -2.861249685287476
-1.953133940696716 -4.807881832122803 -2.165189504623413
-2.506492137908936 -4.668635368347168 -1.307189464569092
-2.077491998672485 -4.832045078277588 -1.307189464569092
-2.549818754196167 -4.689509868621826 -0.4491894841194153
-2.120818614959717 -4.839368343353271 -0.4491894841194153
-2.308923244476318 -3.411347627639771 -6.455189228057861
-1.948734998703003 -4.165231704711914 -6.455189228057861
-2.309056043624878 -3.411347627639771 -5.597189426422119
-1.949445366859436 -4.165607929229736 -5.597189426422119
-2.311543941497803 -3.411347627639771 -4.739189147949219
-1.953377246856689 -4.177727699279785 -4.739189147949219
-2.356503486633301 -3.411347627639771 -3.881189584732056
-1.995816946029663 -4.225032806396484 -3.881189584732056
-2.486488103866577 -3.411347627639771 -3.227285146713257
-2.407769441604614 -2.553347587585449 -6.455189228057861
-2.408158540725708 -2.553347587585449 -5.597189426422119
-2.407984495162964 -2.553347587585449 -4.739189147949219
-2.4103844165802 -2.553347587585449 -3.881189584732056
-2.470287561416626 -2.577265977859497 -3.014037609100342
-2.50157904624939 -2.298240661621094 -2.165189504623413
-2.539714574813843 -2.174302101135254 -1.307189464569092
-2.562795400619507 -2.137831926345825 -0.4491894841194153
-2.181161165237427 -1.695347428321838 -6.455189228057861
-2.182536602020264 -1.695347428321838 -5.597189426422119
-2.185056686401367 -1.695347428321838 -4.739189147949219
-2.186350345611572 -1.695347428321838 -3.881189584732056
-2.182611227035522 -1.695347428321838 -3.023189544677734
-2.204753875732422 -1.695347428321838 -2.165189504623413
-2.241762399673462 -1.695347428321838 -1.307189464569092
-2.26392936706543 -1.695347428321838 -0.4491894841194153
-1.849579930305481 -1.111721038818359 -6.455189228057861
-1.84998881816864 -1.111505150794983 -5.597189426422119
-1.85123884677887 -1.110639214515686 -4.739189147949219
-1.852652430534363 -1.109397172927856 -3.881189584732056
-1.850738167762756 -1.109552145004272 -3.023189544677734
-1.848174810409546 -1.111693739891052 -2.165189504623413
-1.847047924995422 -1.11430037021637 -1.307189464569092
-1.846133947372437 -1.115774750709534 -0.4491894841194153
-1.286999940872192 -5.069303035736084 -2.165189504623413
-1.368369340896606 -4.929069042205811 -3.097625732421875
-1.286999940872192 -5.102888107299805 -1.307189464569092
-1.286999940872192 -5.116992950439453 -0.4491894841194153
-1.599516749382019 -4.594232082366943 -6.455189228057861
-1.170516729354858 -4.890972137451172 -6.455189228057861
-1.599595069885254 -4.594607830047607 -5.597189426422119
-1.170595169067383 -4.891062259674072 -5.597189426422119
-1.613373160362244 -4.606728076934814 -4.739189147949219
-1.184373140335083 -4.896472930908203 -4.739189147949219
-1.666029810905457 -4.654032707214355 -3.881189584732056
-1.237029910087585 -4.915300846099854 -3.881189584732056
-1.708615660667419 -4.692468166351318 -3.433249711990356
-1.332507729530334 -0.6827210783958435 -6.455189228057861
-1.332531809806824 -0.682505190372467 -5.597189426422119
-1.332523584365845 -0.6816392540931702 -4.739189147949219
-1.332544565200806 -0.6803972125053406 -3.881189584732056
-1.332780361175537 -0.6805521845817566 -3.023189544677734
-1.332944273948669 -0.6826937794685364 -2.165189504623413
-1.332937836647034 -0.6853004097938538 -1.307189464569092
-1.332967758178711 -0.6867747902870178 -0.4491894841194153
-0.9035077095031738 -0.3834528923034668 -6.455189228057861
-0.9035317897796631 -0.3834400773048401 -5.597189426422119
-0.9035236239433289 -0.3834577798843384 -4.739189147949219
-0.903544545173645 -0.3834670782089233 -3.881189584732056
-0.9037804007530212 -0.3834363222122192 -3.023189544677734
-0.9039442539215088 -0.3833999633789062 -2.165189504623413
-0.9039378762245178 -0.3833109140396118 -1.307189464569092
-0.9039677977561951 -0.3832194805145264 -0.4491894841194153
-0.4289999902248383 -5.169093608856201 -6.455189228057861
-0.4289999902248383 -5.169479370117188 -5.597189426422119
-0.4289999902248383 -5.179462909698486 -4.739189147949219
-0.4289999902248383 -5.211101055145264 -3.881189584732056
-0.4289999902248383 -5.25221586227417 -3.023189544677734
-0.4289999902248383 -5.282156944274902 -2.165189504623413
-0.4289999902248383 -5.301323413848877 -1.307189464569092
-0.4289999902248383 -5.315506458282471 -0.4491894841194153
-0.4289999902248383 -0.2717921733856201 -6.455189228057861
-0.4289999902248383 -0.271778404712677 -5.597189426422119
-0.4289999902248383 -0.2717956900596619 -4.739189147949219
-0.4289999902248383 -0.2718148231506348 -3.881189584732056
-0.4289999902248383 -0.2718093991279602 -3.023189544677734
-0.4289999902248383 -0.2718005776405334 -2.165189504623413
-0.4289999902248383 -0.2717198133468628 -1.307189464569092
-0.4289999902248383 -0.2716196179389954 -0.4491894841194153
-13.06656360626221 -2.055152654647827 0.07449555397033691
-13.06656360626221 -2.365680456161499 0.07449555397033691
-12.50069999694824 -2.612347364425659 0.3106217980384827
-12.25450038909912 -3.046072244644165 0.1803817749023438
-12.44099998474121 -1.99751079082489 0.242896169424057
-11.62265682220459 -3.129385709762573 0.4433532655239105
-11.91488838195801 -2.553347587585449 0.7513108253479004
-11.48588848114014 -2.553347587585449 1.030483245849609
-11.36309432983398 -3.059284925460815 0.9937695264816284
-11.63725471496582 -1.976729035377502 0.4766680002212524
-11.38742446899414 -2.071531534194946 0.9387484788894653
-10.72500038146973 -3.333862543106079 0.4088104963302612
-10.73138999938965 -3.161468505859375 1.274585962295532
-10.73138999938965 -2.491175889968872 1.480765461921692
-10.44964981079102 -2.735728025436401 1.808722734451294
-10.44964981079102 -3.063750028610229 1.808722734451294
-10.72500038146973 -1.912088990211487 0.4088104963302612
-10.72500038146973 -2.03752875328064 1.095534920692444
-9.866999626159668 -3.494893074035645 0.4088104963302612
-9.866999626159668 -3.428903341293335 1.266810417175293
-9.832947731018066 -3.174947023391724 2.106757879257202
-9.865785598754883 -2.521777153015137 2.07126522064209
-10.20732593536377 -2.163727998733521 1.652505040168762
-9.524246215820312 -2.879826307296753 2.618115425109863
-9.524246215820312 -3.045276641845703 2.618115425109863
-9.866999626159668 -1.944712042808533 0.4088104963302612
-9.899595260620117 -2.039899110794067 1.326627254486084
-9.63532543182373 -2.09941577911377 1.761807680130005
-9.008999824523926 -3.645441293716431 0.4088104963302612
-9.008999824523926 -3.625181913375854 1.266810417175293
-9.008999824523926 -3.490101099014282 2.124810457229614
-9.008999824523926 -3.178101778030396 2.809809923171997
-9.008999824523926 -2.718728542327881 2.809809923171997
-9.008999824523926 -2.289728403091431 2.280304670333862
-9.008999824523926 -2.008431434631348 0.4088104963302612
-9.008999824523926 -2.023488283157349 1.266810417175293
-9.008999824523926 -2.087242364883423 1.851304769515991
-8.151000022888184 -3.772873163223267 0.4088104963302612
-8.151000022888184 -3.770363569259644 1.266810417175293
-8.151000022888184 -3.727903127670288 2.124810457229614
-8.229656219482422 -3.378085136413574 3.06322717666626
-8.229656219482422 -2.563776969909668 3.06322717666626
-8.151000022888184 -2.157843112945557 2.367632389068604
-7.996093273162842 -2.812068939208984 3.581872224807739
-7.996093273162842 -3.170281887054443 3.581872224807739
-8.130114555358887 -2.08869457244873 0.4280340373516083
-7.830190181732178 -2.136812686920166 0.1548497527837753
-8.151000022888184 -2.067171573638916 1.266810417175293
-8.151000022888184 -2.096880197525024 1.938632369041443
-7.676904678344727 -3.835814237594604 0.4088104963302612
-7.247904777526855 -3.877568483352661 0.4088104963302612
-7.691139221191406 -3.836887121200562 1.266810417175293
-7.262139320373535 -3.882874250411987 1.266810417175293
-7.640069007873535 -3.828847169876099 2.124810457229614
-7.211069107055664 -3.883028745651245 2.124810457229614
-7.461810111999512 -3.7574622631073 2.982810497283936
-7.032810211181641 -3.865281820297241 2.982810497283936
-7.210960865020752 -3.413076162338257 3.792656660079956
-6.887908458709717 -3.846449613571167 3.431440830230713
-7.344440460205078 -2.186351537704468 0.4280340373516083
-7.293000221252441 -2.277271509170532 2.982810497283936
-7.303210735321045 -2.149929285049438 2.148470878601074
-7.266008377075195 -2.707315444946289 3.857047557830811
-6.962013721466064 -2.918837070465088 4.329790592193604
-6.962013721466064 -3.083870410919189 4.329790592193604
-7.664734363555908 -2.116868019104004 0.7268497347831726
-7.584564208984375 -2.109677076339722 1.266810417175293
-7.155563831329346 -2.159667015075684 1.266810417175293
-7.596017837524414 -2.112266302108765 1.878244519233704
-6.434999942779541 -3.957310914993286 0.4088104963302612
-6.434999942779541 -3.967588663101196 1.266810417175293
-6.434999942779541 -3.970117807388306 2.124810457229614
-6.434999942779541 -3.94809889793396 2.982810497283936
-6.378318786621094 -3.885680913925171 3.766788721084595
-6.626531600952148 -3.655870199203491 4.003441333770752
-6.378318786621094 -3.38646125793457 4.467082977294922
-6.054531574249268 -3.857808828353882 4.310797214508057
-6.434999942779541 -2.336422204971313 0.4088104963302612
-6.434999942779541 -2.256672859191895 1.266810417175293
-6.434999942779541 -2.221099615097046 2.124810457229614
-6.434999942779541 -2.258991479873657 2.982810497283936
-6.434999942779541 -2.474537372589111 3.840810537338257
-6.434999942779541 -2.814914226531982 4.485661029815674
-5.577000141143799 -4.044867515563965 0.4088104963302612
-5.577000141143799 -4.055616855621338 1.266810417175293
-5.577000141143799 -4.062537670135498 2.124810457229614
-5.577000141143799 -4.058703422546387 2.982810497283936
-5.577000141143799 -4.018833160400391 3.840810537338257
-5.522680282592773 -3.913134813308716 4.637602806091309
-5.763294219970703 -3.411347627639771 4.900415897369385
-5.334294319152832 -3.411347627639771 5.262739658355713
-5.200467109680176 -3.865308523178101 5.177467823028564
-5.577000141143799 -2.479441165924072 0.4088104963302612
-5.577000141143799 -2.385003805160522 1.266810417175293
-5.577000141143799 -2.32257604598999 2.124810457229614
-5.577000141143799 -2.30596137046814 2.982810497283936
-5.577000141143799 -2.3883216381073 3.840810537338257
-5.608755111694336 -2.720239639282227 4.749702930450439
-5.343925476074219 -2.891322135925293 5.258059024810791
-4.718999862670898 -4.161990165710449 0.4088104963302612
-4.718999862670898 -4.171710014343262 1.266810417175293
-4.718999862670898 -4.179701805114746 2.124810457229614
-4.718999862670898 -4.182940006256104 2.982810497283936
-4.718999862670898 -4.171881198883057 3.840810537338257
-4.718999862670898 -4.108374118804932 4.698810577392578
-4.686716079711914 -3.960901021957397 5.500804901123047
-4.846220970153809 -3.411347627639771 5.691739559173584
-4.417221069335938 -3.411347627639771 6.114040374755859
-4.379193305969238 -3.897423982620239 6.086414337158203
-4.718999862670898 -2.611273765563965 0.4088104963302612
-4.718999862670898 -2.519202709197998 1.266810417175293
-4.718999862670898 -2.439288854598999 2.124810457229614
-4.718999862670898 -2.385028600692749 2.982810497283936
-4.718999862670898 -2.396648406982422 3.840810537338257
-4.718999862670898 -2.529750823974609 4.698810577392578
-4.681460857391357 -2.817729234695435 5.549159526824951
-4.370434284210205 -2.939883470535278 6.056180000305176
-3.861000061035156 -4.336259841918945 0.4088104963302612
-3.861000061035156 -4.341725826263428 1.266810417175293
-3.861000061035156 -4.346422672271729 2.124810457229614
-3.861000061035156 -4.350510120391846 2.982810497283936
-3.861000061035156 -4.348275661468506 3.840810537338257
-3.861000061035156 -4.327941417694092 4.698810577392578
-3.861000061035156 -4.252903938293457 5.556810855865479
-3.861646175384521 -4.049377918243408 6.389372825622559
-4.022694110870361 -3.411347627639771 6.54304027557373
-3.861000061035156 -2.6764235496521 0.4088104963302612
-3.861000061035156 -2.601006507873535 1.266810417175293
-3.861000061035156 -2.526943206787109 2.124810457229614
-3.861000061035156 -2.462430715560913 2.982810497283936
-3.861000061035156 -2.435590744018555 3.840810537338257
-3.861000061035156 -2.486583948135376 4.698810577392578
-3.861000061035156 -2.636732816696167 5.556810855865479
-3.818109035491943 -2.857322454452515 6.371232032775879
-3.003000020980835 -4.562561988830566 0.4088104963302612
-3.003000020980835 -4.564773082733154 1.266810417175293
-3.003000020980835 -4.566428661346436 2.124810457229614
-3.003000020980835 -4.567670822143555 2.982810497283936
-3.003000020980835 -4.567336082458496 3.840810537338257
-3.003000020980835 -4.560206413269043 4.698810577392578
-3.003000020980835 -4.535956382751465 5.556810855865479
-3.003000020980835 -4.457103729248047 6.414810657501221
-2.925990104675293 -2.345627307891846 0.3281053900718689
-3.036397218704224 -2.369801759719849 1.266810417175293
-3.05970287322998 -2.339731693267822 2.124810457229614
-3.085893630981445 -2.309128761291504 2.982810497283936
-3.105015277862549 -2.289993047714233 3.840810537338257
-3.099385499954224 -2.302346229553223 4.698810577392578
-3.071572303771973 -2.345236539840698 5.556810855865479
-3.033259153366089 -2.428914308547974 6.414810657501221
-2.607397317886353 -2.093401432037354 1.266810417175293
-2.588650226593018 -2.109854459762573 0.5603019595146179
-2.63070273399353 -2.076663732528687 2.124810457229614
-2.656893730163574 -2.06186056137085 2.982810497283936
-2.676015377044678 -2.052075386047363 3.840810537338257
-2.670385599136353 -2.052902460098267 4.698810577392578
-2.642572402954102 -2.066410779953003 5.556810855865479
-2.604259014129639 -2.094969749450684 6.414810657501221
-2.557952642440796 -4.692514419555664 0.4088104963302612
-2.128952503204346 -4.843204021453857 0.4088104963302612
-2.559975385665894 -4.693201541900635 1.266810417175293
-2.130975246429443 -4.845821380615234 1.266810417175293
-2.561107635498047 -4.693606853485107 2.124810457229614
-2.132107734680176 -4.846925735473633 2.124810457229614
-2.560968399047852 -4.693561553955078 2.982810497283936
-2.13196849822998 -4.847074508666992 2.982810497283936
-2.560867309570312 -4.693546295166016 3.840810537338257
-2.131867408752441 -4.846516609191895 3.840810537338257
-2.555986642837524 -4.691751003265381 4.698810577392578
-2.126986742019653 -4.844518184661865 4.698810577392578
-2.536881685256958 -4.684370517730713 5.556810855865479
-2.107881546020508 -4.839808464050293 5.556810855865479
-2.499255180358887 -4.667623043060303 6.414810657501221
-2.070255041122437 -4.83200216293335 6.414810657501221
-2.573673009872437 -2.124714136123657 -0.01169801875948906
-2.334546089172363 -1.772451519966125 0.3281053900718689
-2.274740219116211 -1.664401173591614 1.266810417175293
-2.274517774581909 -1.647663712501526 2.124810457229614
-2.274388551712036 -1.63286030292511 2.982810497283936
-2.274481296539307 -1.623075127601624 3.840810537338257
-2.274929046630859 -1.623902440071106 4.698810577392578
-2.276061296463013 -1.637410759925842 5.556810855865479
-2.277537107467651 -1.665969491004944 6.414810657501221
-1.845927715301514 -1.116573333740234 0.4088104963302612
-1.84574019908905 -1.117381811141968 1.266810417175293
-1.845517873764038 -1.118259906768799 2.124810457229614
-1.845388650894165 -1.119093894958496 2.982810497283936
-1.845481276512146 -1.119546055793762 3.840810537338257
-1.845929026603699 -1.119211792945862 4.698810577392578
-1.847061276435852 -1.117722749710083 5.556810855865479
-1.848537087440491 -1.115461468696594 6.414810657501221
-1.286999940872192 -5.126203536987305 0.4088104963302612
-1.286999940872192 -5.132555961608887 1.266810417175293
-1.286999940872192 -5.135131359100342 2.124810457229614
-1.286999940872192 -5.135193824768066 2.982810497283936
-1.286999940872192 -5.133489608764648 3.840810537338257
-1.286999940872192 -5.128161907196045 4.698810577392578
-1.286999940872192 -5.117561340332031 5.556810855865479
-1.286999940872192 -5.101719379425049 6.414810657501221
-1.333000302314758 -0.6875733733177185 0.4088104963302612
-1.333020567893982 -0.6883818507194519 1.266810417175293
-1.333025097846985 -0.6892600655555725 2.124810457229614
-1.333026647567749 -0.6900939345359802 2.982810497283936
-1.333027124404907 -0.6905462145805359 3.840810537338257
-1.333032727241516 -0.6902118325233459 4.698810577392578
-1.333071947097778 -0.6887227892875671 5.556810855865479
-1.333109498023987 -0.6864616274833679 6.414810657501221
-0.9040003418922424 -0.3831591606140137 0.4088104963302612
-0.9040205478668213 -0.3831132650375366 1.266810417175293
-0.9040250778198242 -0.3830779194831848 2.124810457229614
-0.9040266871452332 -0.3830440044403076 2.982810497283936
-0.9040270447731018 -0.3830211758613586 3.840810537338257
-0.9040327668190002 -0.383024275302887 4.698810577392578
-0.9040719866752625 -0.3830517530441284 5.556810855865479
-0.9041095376014709 -0.3831084966659546 6.414810657501221
-0.4289999902248383 -5.326650619506836 0.4088104963302612
-0.4289999902248383 -5.334133148193359 1.266810417175293
-0.4289999902248383 -5.336568355560303 2.124810457229614
-0.4289999902248383 -5.336060047149658 2.982810497283936
-0.4289999902248383 -5.333571434020996 3.840810537338257
-0.4289999902248383 -5.326544284820557 4.698810577392578
-0.4289999902248383 -5.314277172088623 5.556810855865479
-0.4289999902248383 -5.297552585601807 6.414810657501221
-0.4289999902248383 -0.2715575098991394 0.4088104963302612
-0.4289999902248383 -0.2715192437171936 1.266810417175293
-0.4289999902248383 -0.271492600440979 2.124810457229614
-0.4289999902248383 -0.2714624404907227 2.982810497283936
-0.4289999902248383 -0.2714380621910095 3.840810537338257
-0.4289999902248383 -0.2714389562606812 4.698810577392578
-0.4289999902248383 -0.2714675664901733 5.556810855865479
-0.4289999902248383 -0.2715268135070801 6.414810657501221
-3.59369421005249 -3.411347627639771 7.045801162719727
-3.576077222824097 -3.952909231185913 7.032040596008301
-3.503515243530273 -2.9371657371521 6.924901962280273
-3.048418283462524 -4.184133052825928 7.299948692321777
-3.288768768310547 -3.411347627639771 7.474801063537598
-2.897751569747925 -3.411347627639771 8.130810737609863
-2.755937576293945 -4.017453670501709 8.130810737609863
-2.611982822418213 -3.411347627639771 8.671875
-2.597886323928833 -3.8741295337677 8.610493659973145
-2.944268941879272 -2.555964469909668 7.190784931182861
-2.715814113616943 -2.745572328567505 8.130810737609863
-2.600757360458374 -2.902231454849243 8.658546447753906
-2.580209970474243 -2.117022514343262 6.884667873382568
-2.425850391387939 -4.614658355712891 7.272810935974121
-1.996850252151489 -4.81934928894043 7.272810935974121
-2.300265312194824 -4.44645357131958 8.130810737609863
-1.871265172958374 -4.781586170196533 8.130810737609863
-2.121976137161255 -4.266278743743896 8.949129104614258
-1.769099473953247 -4.73409366607666 8.715764999389648
-2.466217517852783 -3.411347627639771 9.100874900817871
-2.333951711654663 -3.411347627639771 9.846810340881348
-1.972611665725708 -4.187565326690674 9.846810340881348
-2.309354543685913 -3.411347627639771 10.70481109619141
-1.948817849159241 -4.165212154388428 10.70481109619141
-2.309491157531738 -3.411347627639771 11.56281089782715
-1.948686599731445 -4.164939403533936 11.56281089782715
-2.309477090835571 -3.411347627639771 12.42081069946289
-1.94867479801178 -4.165144443511963 12.42081069946289
-2.309151887893677 -3.411347627639771 13.27881050109863
-1.948678612709045 -4.165164947509766 13.27881050109863
-2.504912853240967 -2.316572189331055 8.130810737609863
-2.545167684555054 -2.174763202667236 7.456667900085449
-2.471882820129395 -2.591078042984009 8.962252616882324
-2.413157939910889 -2.553347587585449 9.846810340881348
-2.412566184997559 -2.553347587585449 10.70481109619141
-2.412243604660034 -2.553347587585449 11.56281089782715
-2.411083459854126 -2.553347587585449 12.42081069946289
-2.409551382064819 -2.553347587585449 13.27881050109863
-2.320024251937866 -1.776752352714539 7.211524963378906
-2.209022521972656 -1.695347428321838 8.130810737609863
-2.18580150604248 -1.695347428321838 8.988810539245605
-2.188488483428955 -1.695347428321838 9.846810340881348
-2.188070774078369 -1.695347428321838 10.70481109619141
-2.187029838562012 -1.695347428321838 11.56281089782715
-2.185388803482056 -1.695347428321838 12.42081069946289
-2.18352746963501 -1.695347428321838 13.27881050109863
-1.849154591560364 -1.113431811332703 7.272810935974121
-1.849109649658203 -1.111754536628723 8.130810737609863
-1.851025819778442 -1.110188722610474 8.988810539245605
-1.852670669555664 -1.109513401985168 9.846810340881348
-1.852041482925415 -1.110032439231873 10.70481109619141
-1.851590752601624 -1.110410690307617 11.56281089782715
-1.851107716560364 -1.110673785209656 12.42081069946289
-1.850449323654175 -1.111133098602295 13.27881050109863
-1.286999940872192 -5.079694747924805 7.272810935974121
-1.286999940872192 -5.028112888336182 8.130810737609863
-1.343033194541931 -4.894647598266602 8.996582984924316
-1.666388511657715 -4.65842866897583 9.287764549255371
-1.620660543441772 -4.616565227508545 9.846810340881348
-1.191660523414612 -4.894182682037354 9.846810340881348
-1.599265336990356 -4.594212055206299 10.70481109619141
-1.170265316963196 -4.890377044677734 10.70481109619141
-1.599045395851135 -4.593939304351807 11.56281089782715
-1.170045375823975 -4.890538215637207 11.56281089782715
-1.59937846660614 -4.594144344329834 12.42081069946289
-1.170378565788269 -4.890833854675293 12.42081069946289
-1.599454641342163 -4.594164848327637 13.27881050109863
-1.170454621315002 -4.890973091125488 13.27881050109863
-1.333073973655701 -0.6844318509101868 7.272810935974121
-1.332855701446533 -0.6827545762062073 8.130810737609863
-1.332595586776733 -0.6811887621879578 8.988810539245605
-1.332518577575684 -0.6805134415626526 9.846810340881348
-1.332508087158203 -0.6810325980186462 10.70481109619141
-1.332529664039612 -0.6814107298851013 11.56281089782715
-1.332567930221558 -0.6816738247871399 12.42081069946289
-1.332572460174561 -0.6821331381797791 13.27881050109863
-0.9040740132331848 -0.3832322955131531 7.272810935974121
-0.9038557410240173 -0.3833485245704651 8.130810737609863
-0.9035956263542175 -0.3834220767021179 8.988810539245605
-0.9035184979438782 -0.3835082054138184 9.846810340881348
-0.9035080671310425 -0.3835062384605408 10.70481109619141
-0.9035297036170959 -0.3834565877914429 11.56281089782715
-0.9035679697990417 -0.3834429383277893 12.42081069946289
-0.9035723805427551 -0.383431077003479 13.27881050109863
-0.4289999902248383 -5.277416229248047 7.272810935974121
-0.4289999902248383 -5.251110553741455 8.130810737609863
-0.4289999902248383 -5.207592010498047 8.988810539245605
-0.4289999902248383 -5.173914432525635 9.846810340881348
-0.4289999902248383 -5.168086528778076 10.70481109619141
-0.4289999902248383 -5.168546676635742 11.56281089782715
-0.4289999902248383 -5.169173717498779 12.42081069946289
-0.4289999902248383 -5.169326782226562 13.27881050109863
-0.4289999902248383 -0.2716425657272339 7.272810935974121
-0.4289999902248383 -0.2717260718345642 8.130810737609863
-0.4289999902248383 -0.2717757225036621 8.988810539245605
-0.4289999902248383 -0.2718662619590759 9.846810340881348
-0.4289999902248383 -0.2718661427497864 10.70481109619141
-0.4289999902248383 -0.271814227104187 11.56281089782715
-0.4289999902248383 -0.2717936635017395 12.42081069946289
-0.4289999902248383 -0.2717730402946472 13.27881050109863
-2.309042692184448 -3.411347627639771 14.13681030273438
-1.948705911636353 -4.165163040161133 14.13681030273438
-2.308786392211914 -3.411347627639771 14.99481105804443
-1.948735475540161 -4.165186405181885 14.99481105804443
-2.308579683303833 -3.411347627639771 15.85281085968018
-1.948760032653809 -4.165182113647461 15.85281085968018
-2.306991100311279 -3.411347627639771 16.71081161499023
-1.948145151138306 -4.164535999298096 16.71081161499023
-2.297295570373535 -3.411347627639771 17.56881141662598
-1.943982124328613 -4.161411285400391 17.56881141662598
-2.27474570274353 -3.411347627639771 18.42681121826172
-1.934619188308716 -4.153885841369629 18.42681121826172
-2.232756376266479 -3.411347627639771 19.28481101989746
-1.91756796836853 -4.137293815612793 19.28481101989746
-2.155622005462646 -3.411347627639771 20.1428108215332
-1.886629462242126 -4.103421211242676 20.1428108215332
-2.408492088317871 -2.553347587585449 14.13681030273438
-2.407227039337158 -2.553347587585449 14.99481105804443
-2.406355857849121 -2.553347587585449 15.85281085968018
-2.404888868331909 -2.553347587585449 16.71081161499023
-2.393215894699097 -2.553347587585449 17.56881141662598
-2.36189341545105 -2.553347587585449 18.42681121826172
-2.299872875213623 -2.553347587585449 19.28481101989746
-2.186703205108643 -2.553347587585449 20.1428108215332
-2.18224024772644 -1.695347428321838 14.13681030273438
-2.180711269378662 -1.695347428321838 14.99481105804443
-2.179659843444824 -1.695347428321838 15.85281085968018
-2.177788734436035 -1.695347428321838 16.71081161499023
-2.16148567199707 -1.695347428321838 17.56881141662598
-2.114919662475586 -1.695347428321838 18.42681121826172
-2.022772312164307 -1.695347428321838 19.28481101989746
-1.878422021865845 -1.673102021217346 20.06111717224121
-1.850085020065308 -1.111330986022949 14.13681030273438
-1.84953510761261 -1.111687421798706 14.99481105804443
-1.849123477935791 -1.111968517303467 15.85281085968018
-1.847745776176453 -1.113895654678345 16.71081161499023
-1.837583184242249 -1.126754760742188 17.56881141662598
-1.809152841567993 -1.160988569259644 18.42681121826172
-1.754087805747986 -1.223877668380737 19.28481101989746
-1.717755794525146 -1.26443612575531 19.72065544128418
-1.599451303482056 -4.594162940979004 14.13681030273438
-1.170451402664185 -4.890985012054443 14.13681030273438
-1.599455833435059 -4.594186305999756 14.99481105804443
-1.170455813407898 -4.890970230102539 14.99481105804443
-1.5993732213974 -4.594182014465332 15.85281085968018
-1.170373201370239 -4.890822410583496 15.85281085968018
-1.598710894584656 -4.593536376953125 16.71081161499023
-1.169710874557495 -4.890443801879883 16.71081161499023
-1.596427321434021 -4.590411186218262 17.56881141662598
-1.16742730140686 -4.889829158782959 17.56881141662598
-1.590924143791199 -4.582886219024658 18.42681121826172
-1.161924123764038 -4.888445377349854 18.42681121826172
-1.578440427780151 -4.566293716430664 19.28481101989746
-1.149440407752991 -4.884624481201172 19.28481101989746
-1.554348587989807 -4.532421112060547 20.1428108215332
-1.125348567962646 -4.874918937683105 20.1428108215332
-1.332579374313354 -0.6823311448097229 14.13681030273438
-1.332592129707336 -0.6826874613761902 14.99481105804443
-1.332601189613342 -0.6829685568809509 15.85281085968018
-1.329378604888916 -0.6848956942558289 16.71081161499023
-1.307116627693176 -0.6977549195289612 17.56881141662598
-1.201631426811218 -0.6853798031806946 18.34333038330078
-1.286999940872192 -0.8785021901130676 19.28481101989746
-1.316235899925232 -1.062570810317993 20.06111717224121
-1.621726393699646 -1.372271776199341 20.29265594482422
-0.9035794138908386 -0.383424699306488 14.13681030273438
-0.9035921096801758 -0.3834080696105957 14.99481105804443
-0.9036011695861816 -0.3833951354026794 15.85281085968018
-0.9003785848617554 -0.3851577043533325 16.71081161499023
-0.8781166076660156 -0.3973419666290283 17.56881141662598
-0.8587191104888916 -0.4079581499099731 18.00167465209961
-0.4289999902248383 -5.169338703155518 14.13681030273438
-0.4289999902248383 -5.169323444366455 14.99481105804443
-0.4289999902248383 -5.169160842895508 15.85281085968018
-0.4289999902248383 -5.168661117553711 16.71081161499023
-0.4289999902248383 -5.167813301086426 17.56881141662598
-0.4289999902248383 -5.165917873382568 18.42681121826172
-0.4289999902248383 -5.160984516143799 19.28481101989746
-0.4289999902248383 -5.146615505218506 20.1428108215332
-0.4339300096035004 -0.4860702157020569 19.30712509155273
-0.723216712474823 -0.4385465979576111 18.57367515563965
-0.4289999902248383 -0.6627933382987976 20.1428108215332
-0.4289999902248383 -0.2717654705047607 14.13681030273438
-0.4289999902248383 -0.2717507481575012 14.99481105804443
-0.4289999902248383 -0.2717418670654297 15.85281085968018
-0.4289999902248383 -0.2752455472946167 16.71081161499023
-0.4289999902248383 -0.2992428541183472 17.56881141662598
-0.4339300096035004 -0.3547603487968445 18.34333038330078
-0.1512167006731033 -0.378108024597168 19.0359992980957
-2.023724794387817 -3.411347627639771 21.00081062316895
-1.832039475440979 -4.030900478363037 21.00081062316895
-1.813475251197815 -3.40703821182251 21.91012954711914
-1.770108580589294 -3.933904886245728 21.65834045410156
-2.001852035522461 -2.553347587585449 21.00081062316895
-1.792580008506775 -2.618569612503052 21.80203247070312
-1.728181004524231 -2.94805121421814 22.31786918640137
-1.728181004524231 -3.118165254592896 22.31786918640137
-1.810166835784912 -1.966546893119812 21.00081062316895
-1.735283255577087 -2.094022750854492 21.47817993164062
-1.506054759025574 -4.459900379180908 21.00081062316895
-1.077054738998413 -4.849188327789307 21.00081062316895
-1.471166610717773 -4.239681720733643 21.91012954711914
-0.9919869899749756 -4.795314788818359 21.85881042480469
-1.155113101005554 -4.328629016876221 22.72976112365723
-0.9125394821166992 -4.739631175994873 22.45239448547363
-1.701295018196106 -3.690165281295776 22.2303409576416
-1.56557822227478 -3.40703821182251 22.64904594421387
-1.072032570838928 -3.422230005264282 23.63665008544922
-1.000554800033569 -4.046654224395752 23.57481002807617
-0.8787189722061157 -3.715484857559204 24.02918434143066
-0.8787189722061157 -3.873620748519897 24.02918434143066
-1.308670163154602 -2.56074070930481 22.70284080505371
-1.592692494392395 -2.376051187515259 22.05018043518066
-1.024647951126099 -2.745430469512939 23.39187622070312
-1.457683920860291 -1.537546992301941 21.00081062316895
-1.243272304534912 -1.74987804889679 21.7634391784668
-1.020692467689514 -1.977733492851257 22.51581382751465
-1.02868390083313 -1.148262500762939 21.00081062316895
-0.8938520550727844 -1.241917490959167 21.47669792175293
-0.4289999902248383 -5.103896617889404 21.00081062316895
-0.4289999902248383 -5.011212825775146 21.85881042480469
-0.467085599899292 -4.842390060424805 22.72976112365723
-0.7784759998321533 -4.654150009155273 23.02439498901367
-0.467085599899292 -4.487610816955566 23.60239791870117
-0.2064760029315948 -4.77037525177002 23.33479118347168
-0.4289999902248383 -4.039074420928955 24.15882682800293
-0.4798220098018646 -3.422230005264282 24.19414520263672
-0.7997033596038818 -3.143484830856323 23.96387672424316
-0.4905799925327301 -2.517386674880981 23.59685707092285
-0.7534566521644592 -2.173430442810059 23.08781433105469
-0.2277033627033234 -2.861342906951904 24.11434555053711
-0.4520739912986755 -1.865307450294495 22.76781272888184
-0.4289999902248383 -1.414469838142395 22.02956199645996
-0.1814566403627396 -2.067117691040039 23.22983741760254
-0.4289999902248383 -0.9282674193382263 21.00081062316895
-0.4289999902248383 -1.17732560634613 21.60056304931641
-0.5691701173782349 1.736652493476868 -21.04118919372559
-0.205779492855072 1.736652493476868 -21.6827507019043
-0.08698472380638123 1.15350604057312 -21.53819274902344
-0.3246425986289978 0.8719646334648132 -21.09393692016602
-0.6848691701889038 2.594652414321899 -21.04118919372559
-0.3062169849872589 2.583539485931396 -21.94263648986816
-0.5629376769065857 3.452652454376221 -21.89918899536133
-0.2137506455183029 3.452652454376221 -22.56689071655273
-0.09568798542022705 2.862131118774414 -22.41159439086914
-0.7150433659553528 3.452652454376221 -21.04118919372559
-0.6471681594848633 4.310652732849121 -21.89918899536133
-0.3093475699424744 4.279358386993408 -22.81230735778809
-0.6120745539665222 4.310652732849121 -21.04118919372559
-0.4217533469200134 5.168652534484863 -22.75718879699707
-0.1560578495264053 5.168652534484863 -23.34031867980957
-0.1061019971966743 4.544496059417725 -23.28216934204102
-0.4532731175422668 5.168652534484863 -21.89918899536133
-0.2255166918039322 5.157380104064941 -21.09999847412109
-0.1770535707473755 5.752600193023682 -22.75718879699707
-0.1019751280546188 5.690186977386475 -23.29571533203125
-0.1268122941255569 5.702536106109619 -21.89918899536133
-0.03498676419258118 5.623435020446777 -21.42520332336426
-0.8664316534996033 0.5894538164138794 -17.60918998718262
-0.8613941073417664 0.5471506118774414 -18.14563179016113
-0.8676544427871704 0.5312367677688599 -16.75119018554688
-0.8630245327949524 0.4695278108119965 -16.27473640441895
-0.739016056060791 0.8786525130271912 -20.18318939208984
-0.8155142068862915 0.8786525130271912 -19.3251895904541
-0.8440264463424683 0.8513513803482056 -18.44585609436035
-0.8370256423950195 1.01845383644104 -17.60918998718262
-0.7725915312767029 0.9602367281913757 -16.75119018554688
-0.5082650780677795 0.8821369409561157 -15.87797164916992
-0.2782446444034576 0.7148129940032959 -15.03518962860107
-0.1191774010658264 0.5301063060760498 -14.44773769378662
-0.7590036988258362 1.736652493476868 -20.18318939208984
-0.8022109270095825 1.736652493476868 -19.3251895904541
-0.7980433106422424 1.736652493476868 -18.46718978881836
-0.6932623982429504 1.736652493476868 -17.60918998718262
-0.3570824265480042 1.770589470863342 -16.73392486572266
-0.192714735865593 1.507214188575745 -16.05320739746094
-0.7610996961593628 2.594652414321899 -20.18318939208984
-0.7477341294288635 2.594652414321899 -19.3251895904541
-0.5957487821578979 2.594652414321899 -18.46718978881836
-0.2704095542430878 2.584199905395508 -17.64877891540527
-0.1370153576135635 2.291231632232666 -17.00841522216797
-0.6881670951843262 3.452652454376221 -20.18318939208984
-0.3864544332027435 3.531654834747314 -19.24813461303711
-0.2135324478149414 3.273957490921021 -18.46718978881836
-0.07036689668893814 3.082721948623657 -17.96117401123047
-0.3236150145530701 4.343201637268066 -20.1672534942627
-0.1766725331544876 4.078901290893555 -19.48276710510254
-0.125757709145546 4.863864898681641 -20.44262886047363
0.4289999902248383 -3.263875007629395 -21.04118919372559
0.4289999902248383 -3.060190200805664 -21.6879711151123
0.4024133384227753 -2.406788110733032 -22.75440788269043
0.09868891537189484 -2.192623853683472 -23.23762321472168
0.4289999902248383 -2.855190992355347 -22.11697006225586
0.09868891537189484 -1.89992368221283 -23.23762321472168
0.4449336528778076 -1.618441224098206 -22.80843162536621
0.2191783934831619 -1.177880764007568 -22.57831001281738
0.4747070372104645 -1.033374309539795 -21.93426132202148
0.7911784052848816 -1.336958646774292 -22.24364280700684
0.4735207259654999 -0.6168624758720398 -21.08600234985352
0.3257741034030914 0.02065251022577286 -20.94864082336426
0.9893011450767517 -3.057348251342773 -21.04118919372559
0.8749569654464722 -2.991724491119385 -21.49134063720703
1.214813351631165 -2.528792381286621 -21.83241081237793
0.9826696515083313 -2.247751951217651 -22.46655464172363
1.418301105499268 -2.797271728515625 -21.04118919372559
0.9826696515083313 -1.908958554267883 -22.46655464172363
1.27851927280426 -1.646426558494568 -21.92256355285645
1.002368807792664 -1.189099192619324 -21.67164421081543
1.287821292877197 -1.092275857925415 -20.96111106872559
1.574368834495544 -1.383894324302673 -21.19372749328613
2.144999980926514 -2.548292875289917 -21.04118919372559
2.144999980926514 -2.277484655380249 -21.66151237487793
2.144999980926514 -1.849853873252869 -21.66151237487793
2.144999980926514 -1.420853853225708 -21.05232429504395
2.144999980926514 -1.264182090759277 -20.62332534790039
3.003000020980835 -2.466578960418701 -21.04118919372559
3.003000020980835 -2.261477708816528 -21.72412872314453
3.059757947921753 -1.662624478340149 -21.68685531616211
2.811596632003784 -1.354809165000916 -21.18949890136719
3.059757947921753 -1.242347717285156 -20.95857429504395
3.383596658706665 -1.258288741111755 -21.49271202087402
3.861000061035156 -2.424384117126465 -21.04118919372559
3.868295669555664 -2.245542764663696 -21.94225883483887
3.868295669555664 -1.625647902488708 -22.11716461181641
4.159159183502197 -1.86518132686615 -22.36971092224121
4.159159183502197 -2.15161395072937 -22.36971092224121
3.861000061035156 -1.229251980781555 -21.68882179260254
3.861000061035156 -1.168187856674194 -21.04118919372559
4.718999862670898 -2.287801027297974 -21.89918899536133
4.718999862670898 -2.175983667373657 -22.4355297088623
4.718999862670898 -2.359409093856812 -21.04118919372559
4.641021251678467 -1.625647902488708 -22.50561714172363
4.303035259246826 -1.293181419372559 -22.31117630004883
4.641021251678467 -1.16723108291626 -21.97478103637695
4.875035285949707 -1.210603475570679 -22.48078155517578
4.718999862670898 -1.110355854034424 -21.04118919372559
5.577000141143799 -2.244010925292969 -21.89918899536133
5.577000141143799 -2.173819541931152 -22.49596405029297
5.579460620880127 -2.218384981155396 -21.07339668273926
5.580016613006592 -1.708861470222473 -22.89716529846191
5.580016613006592 -1.152854800224304 -22.7629451751709
5.868027687072754 -1.21812641620636 -23.26218223571777
5.868027687072754 -1.431870937347412 -23.26218223571777
5.577000141143799 -1.058777332305908 -21.89918899536133
5.579259872436523 -1.155816435813904 -21.02510643005371
6.168694496154785 -2.162944555282593 -21.89918899536133
6.158119678497314 -2.148728370666504 -22.45029067993164
6.07080602645874 -2.151429414749146 -21.38086891174316
6.44047212600708 -1.972180247306824 -22.74464988708496
6.434999942779541 -1.551824450492859 -23.41888236999512
6.593352794647217 -1.743798613548279 -21.86531066894531
6.19710111618042 -1.695347428321838 -21.27584457397461
5.79740047454834 -1.695347428321838 -20.84684562683105
6.434999942779541 -1.160696148872375 -23.41888236999512
6.434999942779541 -1.036281704902649 -22.75718879699707
6.463197231292725 -1.126148581504822 -21.86531066894531
6.195995807647705 -1.19856870174408 -21.30038452148438
0.5075219869613647 -4.816152095794678 -15.11040115356445
0.2738699615001678 -4.755191326141357 -15.74418067932129
0.4289999902248383 -4.96093225479126 -14.17718887329102
0.4743641018867493 -4.011232376098633 -18.5135555267334
0.2186068147420883 -3.905196905136108 -19.11678314208984
0.4289999902248383 -4.283464431762695 -17.60918998718262
0.4289999902248383 -4.496770858764648 -16.75119018554688
0.5075219869613647 -4.656045436859131 -15.97538375854492
0.8458699584007263 -4.695476055145264 -15.44654178619385
0.4289999902248383 -3.510996341705322 -20.18318939208984
0.4743641018867493 -3.742383718490601 -19.37174606323242
0.7906067967414856 -3.815788984298706 -18.83046531677246
0.7640323042869568 -0.005364053416997194 -20.12715339660645
0.7892012000083923 -0.4836943745613098 -20.37579727172852
1.007855653762817 -4.785942554473877 -14.17718887329102
0.9287853240966797 -4.73888111114502 -14.87454223632812
1.102158546447754 -4.009455680847168 -17.60918998718262
0.9687831401824951 -3.913804769515991 -18.25846672058105
1.232744812965393 -4.119067192077637 -16.75119018554688
1.372138857841492 -4.184280872344971 -15.97645568847656
1.243671178817749 -4.467370510101318 -15.11040115356445
1.436855673789978 -4.47711181640625 -14.17718887329102
1.165963649749756 -3.175486087799072 -20.18318939208984
1.352704167366028 -3.269927024841309 -19.3580436706543
1.267669916152954 -3.601884126663208 -18.5135555267334
1.531158566474915 -3.686837911605835 -17.60918998718262
1.661744832992554 -3.789167165756226 -16.75119018554688
1.714898109436035 -3.838942289352417 -16.31796646118164
1.594963669776917 -2.910080194473267 -20.18318939208984
1.682506918907166 -2.960244178771973 -19.66594696044922
1.208692073822021 -0.7838851809501648 -20.12715339660645
0.8704867362976074 -0.3087084293365479 -19.80379676818848
0.8959780335426331 -0.1523953676223755 -19.3251895904541
1.324977993965149 -0.7966020703315735 -19.3251895904541
0.839471697807312 0.2766046226024628 -19.3251895904541
0.9196308255195618 0.07983074337244034 -18.44584846496582
1.361493110656738 -0.7641898989677429 -18.46718978881836
0.8522738814353943 0.4052829146385193 -18.71762084960938
0.9753350019454956 0.02065251022577286 -17.60918998718262
1.395902514457703 -0.738074004650116 -17.60918998718262
1.006068825721741 0.02065251022577286 -16.75119018554688
1.425413966178894 -0.7437824606895447 -16.75119018554688
0.9922379851341248 0.07234261184930801 -15.9505090713501
1.451029658317566 -0.7494432330131531 -15.89318943023682
1.029509663581848 -0.1305525302886963 -15.03518962860107
1.458509683609009 -0.730233371257782 -15.03518962860107
0.7072573900222778 0.2984475195407867 -15.03518962860107
0.8238306045532227 0.3928026854991913 -15.70272254943848
1.005333304405212 -0.2442195415496826 -14.17718887329102
1.434333324432373 -0.7118545174598694 -14.17718887329102
0.4147075414657593 0.2027853429317474 -14.16791820526123
1.831470966339111 -3.98278021812439 -15.03518962860107
1.774020433425903 -3.910835981369019 -15.74596691131592
1.87897515296936 -4.048111915588379 -14.17718887329102
1.951573610305786 -3.131686925888062 -18.46718978881836
1.822725534439087 -3.033311128616333 -19.09394836425781
2.020360946655273 -3.257837772369385 -17.60918998718262
1.989171266555786 -3.360167264938354 -16.75119018554688
1.957805037498474 -3.496304512023926 -15.97645568847656
2.121983289718628 -3.411347627639771 -15.03518962860107
2.201809167861938 -3.411347627639771 -14.17718887329102
2.144999980926514 -2.723300218582153 -20.18318939208984
2.12323522567749 -2.855761289596558 -19.3580436706543
2.380573749542236 -2.886100769042969 -18.46718978881836
2.449361085891724 -2.845901966094971 -17.60918998718262
2.414310216903687 -2.561086893081665 -16.73442649841309
2.288285255432129 -2.553347587585449 -15.89318943023682
2.299247980117798 -2.553347587585449 -15.03518962860107
2.346558332443237 -2.553347587585449 -14.17718887329102
2.30043363571167 -1.69500195980072 -16.73442649841309
2.106073379516602 -1.695347428321838 -15.89318943023682
2.092355012893677 -1.695347428321838 -15.03518962860107
2.126104831695557 -1.695347428321838 -14.17718887329102
2.144999980926514 -1.239958882331848 -20.18318939208984
2.144999980926514 -1.206828236579895 -19.3251895904541
2.206746339797974 -1.20064103603363 -18.45342445373535
1.990547657012939 -1.167073845863342 -17.60918998718262
2.41954779624939 -1.382652521133423 -17.60918998718262
2.533910512924194 -1.278996586799622 -18.15824890136719
1.84682559967041 -1.172782421112061 -16.75119018554688
1.792528867721558 -1.178443074226379 -15.89318943023682
1.799619078636169 -1.159233331680298 -15.03518962860107
1.81838059425354 -1.140854358673096 -14.17718887329102
3.003000020980835 -2.576337814331055 -20.18318939208984
3.003000020980835 -2.647939205169678 -19.3251895904541
3.003000020980835 -2.628804206848145 -18.46718978881836
2.986362934112549 -2.400090217590332 -17.64466285705566
2.689271688461304 -2.280246496200562 -17.00925064086914
2.986362934112549 -1.805020928382874 -17.64466285705566
3.003000020980835 -1.403870940208435 -18.30867576599121
2.689271688461304 -1.980771660804749 -17.00925064086914
3.003000020980835 -1.205084443092346 -20.18318939208984
3.003000020980835 -1.209057211875916 -19.3251895904541
3.003000020980835 -1.24636447429657 -18.73767471313477
3.861000061035156 -2.48507833480835 -20.18318939208984
3.861000061035156 -2.448761940002441 -19.3251895904541
3.820556402206421 -2.272187471389771 -18.53796005249023
3.507594108581543 -2.193846225738525 -17.95431327819824
3.780469417572021 -1.756939768791199 -18.57495880126953
3.507594108581543 -2.009063243865967 -17.95431327819824
3.861000061035156 -1.157147169113159 -20.18318939208984
3.80480694770813 -1.219032406806946 -19.36279678344727
3.481344938278198 -1.251670598983765 -18.85077857971191
4.0533447265625 -1.504816651344299 -19.10186767578125
4.767182350158691 -2.282999992370605 -20.14980697631836
4.473495483398438 -2.212515115737915 -19.3251895904541
4.311357021331787 -2.141808986663818 -18.87113952636719
4.954630851745605 -1.695347428321838 -19.93781471252441
4.491319179534912 -1.752628922462463 -19.36279678344727
4.311357021331787 -2.07681679725647 -18.87113952636719
4.687722682952881 -1.190722227096558 -20.19187164306641
4.380870819091797 -1.238844275474548 -19.67386817932129
5.295100688934326 -2.187487840652466 -20.41355133056641
5.368400573730469 -1.695347428321838 -20.36681365966797
5.294766902923584 -1.217955827713013 -20.4836597442627
0.4289999902248383 -5.058684349060059 -13.31918907165527
0.4289999902248383 -5.127833843231201 -12.46118927001953
0.4289999902248383 -5.159546375274658 -11.60318946838379
0.4289999902248383 -5.167412281036377 -10.74518966674805
0.4289999902248383 -5.168310642242432 -9.887188911437988
0.4289999902248383 -5.168317317962646 -9.029189109802246
0.4289999902248383 -5.168315887451172 -8.171189308166504
0.4289999902248383 -5.16831636428833 -7.313189506530762
0.4289999902248383 -0.03846742957830429 -13.31918907165527
0.4289999902248383 -0.1693989634513855 -12.46118927001953
0.4289999902248383 -0.2379151582717896 -11.60318946838379
0.4289999902248383 -0.2713205218315125 -10.74518966674805
0.4289999902248383 -0.2764045596122742 -9.887188911437988
0.4289999902248383 -0.2727715969085693 -9.029189109802246
0.4289999902248383 -0.2717888951301575 -8.171189308166504
0.4289999902248383 -0.2717928886413574 -7.313189506530762
1.086423754692078 -4.835065841674805 -13.31918907165527
1.139696002006531 -4.869812488555908 -12.46118927001953
1.163274645805359 -4.885724067687988 -11.60318946838379
1.168977022171021 -4.889593601226807 -10.74518966674805
1.16948401927948 -4.889967441558838 -9.887188911437988
1.169492602348328 -4.889963150024414 -9.029189109802246
1.169493675231934 -4.889961719512939 -8.171189308166504
1.169483780860901 -4.889962196350098 -7.313189506530762
1.515423774719238 -4.530747890472412 -13.31918907165527
1.568695902824402 -4.570059776306152 -12.46118927001953
1.59227466583252 -4.588602542877197 -11.60318946838379
1.597977042198181 -4.593252658843994 -10.74518966674805
1.598484039306641 -4.593669891357422 -9.887188911437988
1.598492622375488 -4.593689918518066 -9.029189109802246
1.598493695259094 -4.593696594238281 -8.171189308166504
1.598483681678772 -4.593674659729004 -7.313189506530762
0.9649519324302673 -0.3201574683189392 -13.31918907165527
1.393952012062073 -0.7032573819160461 -13.31918907165527
0.9278032779693604 -0.3618466258049011 -12.46118927001953
1.356803297996521 -0.6960965991020203 -12.46118927001953
0.9018404483795166 -0.3826200366020203 -11.60318946838379
1.330840468406677 -0.6914326548576355 -11.60318946838379
0.8907702565193176 -0.3903314471244812 -10.74518966674805
1.319770216941833 -0.6886329054832458 -10.74518966674805
0.8952675461769104 -0.3880793452262878 -9.887188911437988
1.324267506599426 -0.6855284571647644 -9.887188911437988
0.9017728567123413 -0.3844225406646729 -9.029189109802246
1.330772876739502 -0.683685839176178 -9.029189109802246
0.9034985303878784 -0.3834458589553833 -8.171189308166504
1.332498550415039 -0.6832839846611023 -8.171189308166504
0.9034988880157471 -0.3834520578384399 -7.313189506530762
1.332498908042908 -0.6829860806465149 -7.313189506530762
1.912377595901489 -4.101747989654541 -13.31918907165527
1.935052752494812 -4.141059875488281 -12.46118927001953
1.945812582969666 -4.159602165222168 -11.60318946838379
1.948502659797668 -4.164252758026123 -10.74518966674805
1.948763251304626 -4.164669990539551 -9.887188911437988
1.948781251907349 -4.164690017700195 -9.029189109802246
1.948797821998596 -4.16469669342041 -8.171189308166504
1.948772192001343 -4.164674282073975 -7.313189506530762
2.252982139587402 -3.411347627639771 -13.31918907165527
2.28720498085022 -3.411347627639771 -12.46118927001953
2.303988695144653 -3.411347627639771 -11.60318946838379
2.308474779129028 -3.411347627639771 -10.74518966674805
2.308756113052368 -3.411347627639771 -9.887188911437988
2.308491945266724 -3.411347627639771 -9.029189109802246
2.308508634567261 -3.411347627639771 -8.171189308166504
2.308747529983521 -3.411347627639771 -7.313189506530762
2.376188516616821 -2.553347587585449 -13.31918907165527
2.394269704818726 -2.553347587585449 -12.46118927001953
2.404295682907104 -2.553347587585449 -11.60318946838379
2.407324314117432 -2.553347587585449 -10.74518966674805
2.406753540039062 -2.553347587585449 -9.887188911437988
2.405760765075684 -2.553347587585449 -9.029189109802246
2.405725955963135 -2.553347587585449 -8.171189308166504
2.40674090385437 -2.553347587585449 -7.313189506530762
2.149899959564209 -1.695347428321838 -13.31918907165527
2.165122032165527 -1.695347428321838 -12.46118927001953
2.174449682235718 -1.695347428321838 -11.60318946838379
2.178039312362671 -1.695347428321838 -10.74518966674805
2.178724527359009 -1.695347428321838 -9.887188911437988
2.178646087646484 -1.695347428321838 -9.029189109802246
2.178732872009277 -1.695347428321838 -8.171189308166504
2.179928064346313 -1.695347428321838 -7.313189506530762
1.830315947532654 -1.132257342338562 -13.31918907165527
1.839004516601562 -1.125096559524536 -12.46118927001953
1.844329833984375 -1.120432496070862 -11.60318946838379
1.846686959266663 -1.117632865905762 -10.74518966674805
1.847963690757751 -1.11452841758728 -9.887188911437988
1.848596096038818 -1.112685680389404 -9.029189109802246
1.84871768951416 -1.112283945083618 -8.171189308166504
1.849162340164185 -1.111986041069031 -7.313189506530762
0.4289999902248383 -5.168091773986816 -6.455189228057861
0.4289999902248383 -5.168656349182129 -5.597189426422119
0.4289999902248383 -5.178928852081299 -4.739189147949219
0.4289999902248383 -5.210845470428467 -3.881189584732056
0.4289999902248383 -5.25205135345459 -3.023189544677734
0.4289999902248383 -5.281796932220459 -2.165189504623413
0.4289999902248383 -5.300941944122314 -1.307189464569092
0.4289999902248383 -5.315380573272705 -0.4491894841194153
0.4289999902248383 -0.2717971205711365 -6.455189228057861
0.4289999902248383 -0.2717843055725098 -5.597189426422119
0.4289999902248383 -0.2718028426170349 -4.739189147949219
0.4289999902248383 -0.2718271017074585 -3.881189584732056
0.4289999902248383 -0.2718196511268616 -3.023189544677734
0.4289999902248383 -0.2718015909194946 -2.165189504623413
0.4289999902248383 -0.271719753742218 -1.307189464569092
0.4289999902248383 -0.2716194987297058 -0.4491894841194153
1.169548749923706 -4.889970302581787 -6.455189228057861
1.169736623764038 -4.890238761901855 -5.597189426422119
1.183203101158142 -4.895939350128174 -4.739189147949219
1.235953330993652 -4.915045261383057 -3.881189584732056
1.368142366409302 -4.92876148223877 -3.097031593322754
1.286999940872192 -5.068499088287354 -2.165189504623413
1.286999940872192 -5.102231025695801 -1.307189464569092
1.286999940872192 -5.116738319396973 -0.4491894841194153
1.598548769950867 -4.593723773956299 -6.455189228057861
1.598736643791199 -4.594104290008545 -5.597189426422119
1.612203121185303 -4.605747699737549 -4.739189147949219
1.664953351020813 -4.653077602386475 -3.881189584732056
1.708237290382385 -4.692171573638916 -3.432259798049927
0.9034996628761292 -0.3834578990936279 -6.455189228057861
1.332499623298645 -0.6827057003974915 -6.455189228057861
0.903525173664093 -0.3834459185600281 -5.597189426422119
1.332525253295898 -0.6824793219566345 -5.597189426422119
0.9035131335258484 -0.3834649324417114 -4.739189147949219
1.332513093948364 -0.6816167235374451 -4.739189147949219
0.9035327434539795 -0.3834793567657471 -3.881189584732056
1.33253276348114 -0.6803433299064636 -3.881189584732056
0.9037718176841736 -0.3834465742111206 -3.023189544677734
1.332771897315979 -0.6805029511451721 -3.023189544677734
0.9039397835731506 -0.3834009170532227 -2.165189504623413
1.332939743995667 -0.6826992630958557 -2.165189504623413
0.9039380550384521 -0.3833107948303223 -1.307189464569092
1.332938075065613 -0.6853007674217224 -1.307189464569092
0.9039679169654846 -0.3832193613052368 -0.4491894841194153
1.33296799659729 -0.6867801547050476 -0.4491894841194153
1.953005194664001 -4.807438373565674 -2.165189504623413
1.815144062042236 -4.758380889892578 -2.860259771347046
2.077514171600342 -4.831769466400146 -1.307189464569092
2.121040821075439 -4.839239120483398 -0.4491894841194153
1.948783040046692 -4.164723873138428 -6.455189228057861
1.949436783790588 -4.165104389190674 -5.597189426422119
1.953034996986389 -4.176747798919678 -4.739189147949219
1.995550394058228 -4.224077224731445 -3.881189584732056
2.157936334609985 -4.321750640869141 -3.085513591766357
2.382005214691162 -4.543220520019531 -2.165189504623413
2.506514072418213 -4.668741703033447 -1.307189464569092
2.55004096031189 -4.689603805541992 -0.4491894841194153
2.30898118019104 -3.411347627639771 -6.455189228057861
2.309054851531982 -3.411347627639771 -5.597189426422119
2.311163663864136 -3.411347627639771 -4.739189147949219
2.35619044303894 -3.411347627639771 -3.881189584732056
2.48652720451355 -3.411347627639771 -3.227437734603882
2.407779932022095 -2.553347587585449 -6.455189228057861
2.408168077468872 -2.553347587585449 -5.597189426422119
2.407950639724731 -2.553347587585449 -4.739189147949219
2.410352230072021 -2.553347587585449 -3.881189584732056
2.470294952392578 -2.577255249023438 -3.014041423797607
2.181186676025391 -1.695347428321838 -6.455189228057861
2.182570219039917 -1.695347428321838 -5.597189426422119
2.185095310211182 -1.695347428321838 -4.739189147949219
2.18642258644104 -1.695347428321838 -3.881189584732056
2.182675838470459 -1.695347428321838 -3.023189544677734
2.204760551452637 -1.695347428321838 -2.165189504623413
2.501582860946655 -2.298221826553345 -2.165189504623413
2.241744518280029 -1.695347428321838 -1.307189464569092
2.539697885513306 -2.174323558807373 -1.307189464569092
2.263779401779175 -1.695347428321838 -0.4491894841194153
2.562659740447998 -2.137990713119507 -0.4491894841194153
1.849604845046997 -1.111705541610718 -6.455189228057861
1.850020170211792 -1.11147928237915 -5.597189426422119
1.85127317905426 -1.110616683959961 -4.739189147949219
1.852710485458374 -1.109343290328979 -3.881189584732056
1.850788116455078 -1.109502792358398 -3.023189544677734
1.848177790641785 -1.111699223518372 -2.165189504623413
1.847046732902527 -1.114300727844238 -1.307189464569092
1.846119523048401 -1.115780115127563 -0.4491894841194153
2.980848789215088 -4.134246826171875 -2.159386157989502
2.680081129074097 -3.951329469680786 -2.738767385482788
3.003000020980835 -4.476274013519287 -1.307189464569092
3.003000020980835 -4.552844524383545 -0.4491894841194153
2.689462423324585 -3.411347627639771 -2.798437833786011
3.157805681228638 -3.355977535247803 -2.159386157989502
2.621868848800659 -2.879193782806396 -2.72194242477417
2.795196294784546 -2.727221965789795 -2.165189504623413
3.065435647964478 -2.642695188522339 -1.345829844474792
3.393059492111206 -3.033064126968384 -1.65759003162384
3.003000020980835 -2.45306134223938 -0.4491894841194153
3.861000061035156 -4.198895454406738 -1.307189464569092
3.861000061035156 -3.965126752853394 -1.869376420974731
3.861000061035156 -4.320784568786621 -0.4491894841194153
3.861000061035156 -3.564887762069702 -1.869376420974731
3.861000061035156 -3.135887622833252 -1.579546809196472
3.861000061035156 -2.900144338607788 -1.150546789169312
3.861000061035156 -2.765907526016235 -0.4491894841194153
4.751283168792725 -3.980077505111694 -1.360864281654358
4.486804962158203 -3.882051706314087 -1.780444383621216
4.718999862670898 -4.142240047454834 -0.4491894841194153
4.486804962158203 -3.708351373672485 -1.780444383621216
4.751283168792725 -3.417949914932251 -1.577614068984985
4.718999862670898 -2.886828422546387 -1.149126768112183
4.718999862670898 -2.726117610931396 -0.4491894841194153
5.577000141143799 -4.020277976989746 -0.4491894841194153
5.577000141143799 -3.920933961868286 -1.161542892456055
5.59430456161499 -3.386958837509155 -1.571376442909241
5.59430456161499 -2.84796667098999 -1.344693779945374
5.891841411590576 -2.959327459335327 -1.762773394584656
5.891841411590576 -3.084699630737305 -1.762773394584656
5.577000141143799 -2.608022451400757 -0.4491894841194153
6.434999942779541 -3.931126356124878 -0.4491894841194153
6.434999942779541 -3.875813722610474 -1.029200315475464
6.434999942779541 -3.632941961288452 -1.458200335502625
6.434999942779541 -3.203942060470581 -1.846960783004761
6.434999942779541 -2.89232063293457 -1.846960783004761
6.434999942779541 -2.670782804489136 -1.307189464569092
6.434999942779541 -2.462289810180664 -0.4491894841194153
7.299475193023682 -1.538904428482056 -22.82823753356934
7.293000221252441 -1.439229607582092 -23.3848762512207
7.017792224884033 -1.490099430084229 -22.12872314453125
7.293000221252441 -1.191141963005066 -23.3848762512207
7.299475193023682 -1.15776515007019 -22.82823753356934
7.017792224884033 -1.185650825500488 -22.12872314453125
7.729063510894775 -1.281744480133057 -23.1616039276123
7.729063510894775 -1.281744480133057 -23.21684074401855
7.729063510894775 -1.258720874786377 -23.21684074401855
7.729063510894775 -1.258720874786377 -23.1616039276123
7.139001369476318 -3.864891290664673 -0.4491894841194153
6.988061904907227 -3.850383520126343 -0.9341906905174255
7.281637191772461 -3.742201566696167 -1.254990220069885
7.293000221252441 -3.300121545791626 -2.036305904388428
7.568001270294189 -3.825653791427612 -0.4491894841194153
7.293000221252441 -2.777771949768066 -2.036305904388428
7.293000221252441 -2.470682859420776 -1.307189464569092
7.293000221252441 -2.300339698791504 -0.4491894841194153
8.151000022888184 -3.7155601978302 -1.307189464569092
8.072748184204102 -3.333413124084473 -2.246815919876099
8.151000022888184 -3.762123823165894 -0.4491894841194153
8.072748184204102 -2.659085988998413 -2.246815919876099
8.306580543518066 -2.862092971801758 -2.697853326797485
8.306580543518066 -3.103749752044678 -2.697853326797485
8.151000022888184 -2.280229568481445 -1.307189464569092
8.130114555358887 -2.164441108703613 -0.5053195357322693
9.008999824523926 -3.505524158477783 -2.165189504623413
9.008999824523926 -3.183804750442505 -2.806069135665894
9.008999824523926 -3.635432481765747 -1.307189464569092
9.008999824523926 -3.645984411239624 -0.4491894841194153
9.008999824523926 -2.744887828826904 -2.806069135665894
9.008999824523926 -2.350844144821167 -2.165189504623413
8.944405555725098 -2.155250787734985 -1.38083016872406
8.615342140197754 -2.129244804382324 -0.8287395238876343
8.944405555725098 -2.064691543579102 -0.5053195357322693
9.187341690063477 -2.094470262527466 -1.143923878669739
8.402190208435059 -2.104537487030029 -0.2567395269870758
9.866999626159668 -3.444272756576538 -2.165189504623413
9.866999626159668 -3.188974618911743 -2.914029359817505
9.866999626159668 -3.496465682983398 -1.307189464569092
9.866999626159668 -3.50052547454834 -0.4491894841194153
9.866999626159668 -2.641636848449707 -2.914029359817505
9.79259204864502 -2.197001695632935 -2.201018333435059
9.456986427307129 -2.127718687057495 -1.71592390537262
9.79259204864502 -2.049530506134033 -1.38083016872406
10.02898597717285 -2.091471672058105 -1.938904166221619
9.866999626159668 -1.962710022926331 -0.4491894841194153
10.72500038146973 -3.340110778808594 -2.165189504623413
10.70885276794434 -3.138208866119385 -3.08595609664917
10.72500038146973 -3.358994245529175 -1.307189464569092
10.72500038146973 -3.360414266586304 -0.4491894841194153
10.67856597900391 -2.511144399642944 -3.069422960281372
10.98408794403076 -2.869864225387573 -3.49160099029541
10.98408794403076 -3.014482498168945 -3.49160099029541
10.37304306030273 -2.152424812316895 -2.510904312133789
10.68542575836182 -2.038376331329346 -2.201018333435059
10.94504356384277 -2.087237358093262 -2.725045442581177
10.72500038146973 -1.928706049919128 -1.307189464569092
10.72500038146973 -1.882898449897766 -0.4491894841194153
11.58300018310547 -3.167960405349731 -3.023189544677734
11.58300018310547 -3.039808750152588 -3.539498329162598
11.58300018310547 -3.245033979415894 -2.165189504623413
11.58300018310547 -3.252820253372192 -1.307189464569092
11.58300018310547 -3.244380235671997 -0.4491894841194153
11.60185050964355 -2.571657657623291 -3.554213047027588
11.32841777801514 -2.297864198684692 -3.297045469284058
11.60185050964355 -2.034852743148804 -3.015902996063232
11.90041732788086 -2.095051050186157 -3.505817174911499
11.58300018310547 -1.898232579231262 -2.165189504623413
11.58300018310547 -1.829428791999817 -1.307189464569092
11.58300018310547 -1.820736527442932 -0.4491894841194153
12.44099998474121 -3.12299919128418 -3.023189544677734
12.44099998474121 -3.038109302520752 -3.57354736328125
12.44099998474121 -3.155828237533569 -2.165189504623413
12.44099998474121 -3.156960487365723 -1.307189464569092
12.50069808959961 -3.089408874511719 -0.4012717008590698
12.44099998474121 -2.553347587585449 -3.777741670608521
12.44099998474121 -2.036426782608032 -3.656383752822876
12.44099998474121 -1.877130150794983 -3.023189544677734
12.44099998474121 -1.770655989646912 -2.165189504623413
12.44099998474121 -1.73195207118988 -1.307189464569092
12.44099998474121 -1.799510598182678 -0.4491894841194153
13.29899978637695 -3.045849323272705 -3.023189544677734
13.29899978637695 -3.004965305328369 -3.516924858093262
13.29899978637695 -3.066477298736572 -2.165189504623413
13.35117721557617 -3.040824174880981 -1.290685296058655
13.09996223449707 -3.022147417068481 -0.6553265452384949
13.26467609405518 -2.558588027954102 -3.978356599807739
13.67196273803711 -2.964066982269287 -0.9936825633049011
13.3692626953125 -2.664869070053101 -0.3611032366752625
12.82649707794189 -2.937671422958374 -0.08332651108503342
13.26467609405518 -1.940089106559753 -3.926568269729614
13.52779293060303 -2.054763317108154 -4.39683723449707
13.52779293060303 -2.276081562042236 -4.39683723449707
13.29899978637695 -1.712063908576965 -3.023189544677734
13.29899978637695 -1.629658341407776 -2.165189504623413
13.29899978637695 -1.639882445335388 -1.307189464569092
13.33113765716553 -1.903690695762634 -0.3914037644863129
19.66766357421875 -1.230413913726807 -6.929243564605713
20.16300010681152 -1.108198165893555 -7.115718364715576
20.16300010681152 -1.478175759315491 -7.115718364715576
19.66766357421875 -1.352243185043335 -6.929243564605713
13.82835960388184 -2.992205381393433 -3.023189544677734
13.73174667358398 -2.982635498046875 -3.45369291305542
13.9066801071167 -3.002556562423706 -2.165189504623413
13.83617401123047 -2.996437311172485 -1.565682530403137
14.07344818115234 -2.842168569564819 -3.796291589736938
14.1569995880127 -2.398568868637085 -4.552705764770508
14.25735950469971 -2.94847846031189 -3.023189544677734
14.33568000793457 -2.947701215744019 -2.165189504623413
14.13610458374023 -2.856749534606934 -1.290685296058655
14.1569995880127 -2.417572259902954 -0.6309813261032104
14.1569995880127 -1.957377314567566 -4.552705764770508
14.1569995880127 -1.690875649452209 -3.881189584732056
14.1569995880127 -1.546499490737915 -3.023189544677734
14.1569995880127 -1.500392436981201 -2.165189504623413
14.1569995880127 -1.628044724464417 -1.307189464569092
14.1569995880127 -1.940653204917908 -0.6309813261032104
15.01500034332275 -2.825248003005981 -3.881189584732056
14.97885990142822 -2.449518203735352 -4.795413494110107
15.01500034332275 -2.874001502990723 -3.023189544677734
15.01500034332275 -2.82801628112793 -2.165189504623413
15.01978302001953 -2.45917534828186 -1.273183465003967
14.73697185516357 -2.247594594955444 -0.7878881692886353
14.97885990142822 -1.841065764427185 -4.795413494110107
15.24076747894287 -2.026434659957886 -5.254260540008545
15.24076747894287 -2.227877855300903 -5.254260540008545
15.01500034332275 -1.501285910606384 -3.881189584732056
15.01500034332275 -1.417749524116516 -3.023189544677734
15.01500034332275 -1.458785653114319 -2.165189504623413
15.01978302001953 -1.828362345695496 -1.273183465003967
14.73697185516357 -2.032849788665771 -0.7878881692886353
15.8730001449585 -2.617854833602905 -4.739189147949219
15.8730001449585 -2.306103467941284 -5.356228828430176
15.8730001449585 -2.758841991424561 -3.881189584732056
15.8730001449585 -2.749675512313843 -3.023189544677734
15.8730001449585 -2.567649841308594 -2.165189504623413
15.8730001449585 -2.26506495475769 -1.579599261283875
15.8730001449585 -1.920045495033264 -5.356228828430176
15.8730001449585 -1.566216349601746 -4.739189147949219
15.8730001449585 -1.378668427467346 -3.881189584732056
15.8730001449585 -1.366349577903748 -3.023189544677734
15.8730001449585 -1.611992478370667 -2.165189504623413
15.8730001449585 -1.978140473365784 -1.579599261283875
16.73100090026855 -2.567348480224609 -4.739189147949219
16.73100090026855 -2.320593118667603 -5.466445446014404
16.73100090026855 -2.615330219268799 -3.881189584732056
16.73100090026855 -2.532053232192993 -3.023189544677734
16.65278625488281 -2.261446714401245 -2.215028762817383
16.31464576721191 -2.134874820709229 -1.727079272270203
16.73100090026855 -1.825273633003235 -5.466445446014404
16.79482078552246 -1.391533255577087 -4.671968936920166
16.65505409240723 -1.303632497787476 -3.881189584732056
16.77802085876465 -1.41835618019104 -3.102640628814697
16.65278625488281 -1.916518807411194 -2.215028762817383
16.31464576721191 -2.110924005508423 -1.727079272270203
17.08405303955078 -1.261065006256104 -3.881189584732056
17.12336921691895 -1.262334585189819 -4.341155052185059
17.09536933898926 -1.263317108154297 -3.44160795211792
17.5890007019043 -2.455171346664429 -4.739189147949219
17.59382820129395 -2.268146514892578 -5.651205539703369
17.5890007019043 -2.432615995407104 -3.881189584732056
17.54867744445801 -2.263678789138794 -3.05952787399292
17.23579597473145 -2.174196004867554 -2.534254789352417
17.60539054870605 -1.678831458091736 -5.616647243499756
17.88304710388184 -2.029591083526611 -6.06178092956543
17.88304710388184 -2.151568651199341 -6.06178092956543
17.32773590087891 -1.32807195186615 -4.913155078887939
17.51481437683105 -1.674009442329407 -3.119680881500244
17.23579597473145 -2.026556730270386 -2.534254789352417
17.60384178161621 -1.225286364555359 -4.671968936920166
17.89973449707031 -1.242897987365723 -5.260077953338623
17.54029846191406 -1.237537860870361 -3.831358909606934
17.22183036804199 -1.263317108154297 -3.44160795211792
17.79383087158203 -1.321462154388428 -3.512138605117798
18.44700050354004 -2.277150869369507 -5.597189426422119
18.44700050354004 -2.170546054840088 -6.102874279022217
18.44700050354004 -2.326148748397827 -4.739189147949219
18.42195510864258 -2.230315446853638 -3.916049242019653
18.11925888061523 -2.174031972885132 -3.36975359916687
18.46418762207031 -1.72429358959198 -6.129708766937256
18.18964767456055 -1.457590818405151 -5.832077980041504
18.42195510864258 -1.642616391181946 -3.719122648239136
18.11925888061523 -1.893462061882019 -3.36975359916687
18.46418762207031 -1.189951658248901 -5.566522598266602
18.76164817810059 -1.23223602771759 -6.096475601196289
18.44700050354004 -1.127226829528809 -4.739189147949219
18.44700050354004 -1.197137951850891 -4.06403112411499
19.38580703735352 -2.177160739898682 -5.613512516021729
19.30500030517578 -2.150954961776733 -6.079401969909668
19.15141868591309 -2.190861225128174 -4.739189147949219
18.96554565429688 -2.160486698150635 -4.225288867950439
19.35099792480469 -1.661084771156311 -6.454131126403809
19.72567939758301 -2.119940996170044 -5.338395118713379
19.56570053100586 -1.77850353717804 -4.679245471954346
19.10086441040039 -1.695347428321838 -4.169893741607666
19.35099792480469 -1.159348130226135 -6.411561012268066
19.30500030517578 -1.02962601184845 -5.597189426422119
19.34536552429199 -1.131625533103943 -4.679245471954346
19.08627510070801 -1.215040922164917 -4.208029270172119
19.73946380615234 -2.125447273254395 -5.91039514541626
19.73946380615234 -2.125447273254395 -6.030485153198242
20.08047866821289 -1.906506419181824 -6.37196683883667
20.08047866821289 -1.95272696018219 -5.613512516021729
20.16300010681152 -1.535951375961304 -4.941052436828613
20.16300010681152 -0.8982145190238953 -6.455189228057861
20.16300010681152 -0.9415726065635681 -5.597189426422119
20.16300010681152 -1.151556253433228 -4.941052436828613
20.98747825622559 -1.062317371368408 -7.385580062866211
21.25112915039062 -1.194915533065796 -7.790253639221191
21.25112915039062 -1.302688956260681 -7.790253639221191
20.98747825622559 -1.444248080253601 -7.385580062866211
21.52264022827148 -1.3413165807724 -7.313189506530762
21.49012756347656 -1.302688956260681 -7.790253639221191
21.49012756347656 -1.194915533065796 -7.790253639221191
21.52264022827148 -1.14250910282135 -7.313189506530762
21.08796501159668 -1.549939513206482 -6.41860294342041
20.82581520080566 -1.484126687049866 -5.597189426422119
20.64914512634277 -1.344225883483887 -5.108246326446533
21.08796501159668 -1.002161979675293 -6.41860294342041
20.82581520080566 -1.100386381149292 -5.597189426422119
20.64914512634277 -1.216756939888 -5.108246326446533
21.5067253112793 -1.329964876174927 -6.680212020874023
21.5067253112793 -1.172661542892456 -6.680212020874023
0.4289999902248383 -5.326675415039062 0.4088104963302612
0.4289999902248383 -5.334169864654541 1.266810417175293
0.4289999902248383 -5.336398124694824 2.124810457229614
0.4289999902248383 -5.335543155670166 2.982810497283936
0.4289999902248383 -5.333018779754639 3.840810537338257
0.4289999902248383 -5.326343536376953 4.698810577392578
0.4289999902248383 -5.314319133758545 5.556810855865479
0.4289999902248383 -5.297563076019287 6.414810657501221
0.4289999902248383 -0.2715573906898499 0.4088104963302612
0.4289999902248383 -0.2715192437171936 1.266810417175293
0.4289999902248383 -0.2714927196502686 2.124810457229614
0.4289999902248383 -0.2714625597000122 2.982810497283936
0.4289999902248383 -0.2714381217956543 3.840810537338257
0.4289999902248383 -0.2714389562606812 4.698810577392578
0.4289999902248383 -0.2714675664901733 5.556810855865479
0.4289999902248383 -0.2715269327163696 6.414810657501221
1.286999940872192 -5.126036643981934 0.4088104963302612
1.286999940872192 -5.132399082183838 1.266810417175293
1.286999940872192 -5.134823322296143 2.124810457229614
1.286999940872192 -5.134312629699707 2.982810497283936
1.286999940872192 -5.132530212402344 3.840810537338257
1.286999940872192 -5.127817630767822 4.698810577392578
1.286999940872192 -5.11754035949707 5.556810855865479
1.286999940872192 -5.101680278778076 6.414810657501221
0.9040003418922424 -0.3831590414047241 0.4088104963302612
1.333000302314758 -0.687582790851593 0.4088104963302612
0.9040201902389526 -0.3831132650375366 1.266810417175293
1.333020210266113 -0.6883864998817444 1.266810417175293
0.9040246605873108 -0.3830780386924744 2.124810457229614
1.333024621009827 -0.6892609000205994 2.124810457229614
0.9040263295173645 -0.3830441832542419 2.982810497283936
1.33302628993988 -0.6900936961174011 2.982810497283936
0.9040265679359436 -0.3830212354660034 3.840810537338257
1.333026647567749 -0.6905439496040344 3.840810537338257
0.9040324687957764 -0.383024275302887 4.698810577392578
1.333032488822937 -0.6902100443840027 4.698810577392578
0.9040719866752625 -0.3830517530441284 5.556810855865479
1.333071947097778 -0.6887229084968567 5.556810855865479
0.9041092991828918 -0.3831085562705994 6.414810657501221
1.333109259605408 -0.6864619851112366 6.414810657501221
2.129252433776855 -4.84301233291626 0.4088104963302612
2.131210565567017 -4.845628261566162 1.266810417175293
2.132273197174072 -4.846787929534912 2.124810457229614
2.132164001464844 -4.846709728240967 2.982810497283936
2.131961584091187 -4.846109390258789 3.840810537338257
2.127034902572632 -4.844374656677246 4.698810577392578
2.107957363128662 -4.839745998382568 5.556810855865479
2.070229291915894 -4.831952571868896 6.414810657501221
2.558252573013306 -4.69263744354248 0.4088104963302612
2.560210704803467 -4.693299770355225 1.266810417175293
2.561273097991943 -4.693674564361572 2.124810457229614
2.561163902282715 -4.693647384643555 2.982810497283936
2.560961723327637 -4.693595409393311 3.840810537338257
2.556035041809082 -4.691776275634766 4.698810577392578
2.536957502365112 -4.684407711029053 5.556810855865479
2.499229192733765 -4.667618274688721 6.414810657501221
2.334432125091553 -1.772565960884094 0.3305472731590271
2.573516130447388 -2.124889850616455 -0.007628242019563913
1.845903038978577 -1.116582751274109 0.4088104963302612
1.845725774765015 -1.11738646030426 1.266810417175293
2.274725675582886 -1.664593577384949 1.266810417175293
1.845515131950378 -1.118260741233826 2.124810457229614
2.274515151977539 -1.647708058357239 2.124810457229614
1.845391154289246 -1.119093656539917 2.982810497283936
2.274391174316406 -1.632836937904358 2.982810497283936
1.845488905906677 -1.11954391002655 3.840810537338257
2.274488925933838 -1.623022437095642 3.840810537338257
1.845934987068176 -1.119210004806519 4.698810577392578
2.274935007095337 -1.623859763145447 4.698810577392578
1.84706175327301 -1.117722868919373 5.556810855865479
2.276061773300171 -1.637402176856995 5.556810855865479
1.848536133766174 -1.115461945533752 6.414810657501221
2.277536153793335 -1.665982365608215 6.414810657501221
3.003000020980835 -4.563019752502441 0.4088104963302612
3.003000020980835 -4.565159797668457 1.266810417175293
3.003000020980835 -4.566627979278564 2.124810457229614
3.003000020980835 -4.567825317382812 2.982810497283936
3.003000020980835 -4.56753396987915 3.840810537338257
3.003000020980835 -4.560358047485352 4.698810577392578
3.003000020980835 -4.536030769348145 5.556810855865479
3.003000020980835 -4.45704460144043 6.414810657501221
2.925872564315796 -2.345816850662231 0.3305472731590271
2.588454246520996 -2.110044956207275 0.5643717050552368
2.607194423675537 -2.093593597412109 1.266810417175293
3.036194562911987 -2.369863033294678 1.266810417175293
2.630652904510498 -2.076708078384399 2.124810457229614
3.059653043746948 -2.33974289894104 2.124810457229614
2.656925439834595 -2.061836957931519 2.982810497283936
3.085925579071045 -2.309120178222656 2.982810497283936
2.67609167098999 -2.052022457122803 3.840810537338257
3.10509181022644 -2.289962768554688 3.840810537338257
2.670446157455444 -2.052859783172607 4.698810577392578
3.099446296691895 -2.302322864532471 4.698810577392578
2.642582654953003 -2.066402435302734 5.556810855865479
3.071582555770874 -2.345235824584961 5.556810855865479
2.604248046875 -2.094982385635376 6.414810657501221
3.03324818611145 -2.42891788482666 6.414810657501221
3.861000061035156 -4.336697101593018 0.4088104963302612
3.861000061035156 -4.342115879058838 1.266810417175293
3.861000061035156 -4.346621036529541 2.124810457229614
3.861000061035156 -4.350606918334961 2.982810497283936
3.861000061035156 -4.34843635559082 3.840810537338257
3.861000061035156 -4.328099727630615 4.698810577392578
3.861000061035156 -4.252973079681396 5.556810855865479
3.861660242080688 -4.049344539642334 6.389416694641113
3.861000061035156 -2.676516532897949 0.4088104963302612
3.861000061035156 -2.601065158843994 1.266810417175293
3.861000061035156 -2.526953458786011 2.124810457229614
3.861000061035156 -2.462420225143433 2.982810497283936
3.861000061035156 -2.435558557510376 3.840810537338257
3.861000061035156 -2.486559391021729 4.698810577392578
3.861000061035156 -2.636731147766113 5.556810855865479
3.818110942840576 -2.857324838638306 6.371237754821777
4.718999862670898 -4.16215991973877 0.4088104963302612
4.718999862670898 -4.171857357025146 1.266810417175293
4.718999862670898 -4.17978572845459 2.124810457229614
4.718999862670898 -4.182975769042969 2.982810497283936
4.718999862670898 -4.17191219329834 3.840810537338257
4.718999862670898 -4.10842227935791 4.698810577392578
4.686728000640869 -3.960928201675415 5.50080680847168
4.379213333129883 -3.897441148757935 6.08648681640625
4.846237659454346 -3.411347627639771 5.691741943359375
4.417237758636475 -3.411347627639771 6.114101886749268
4.022714138031006 -3.411347627639771 6.543101787567139
4.718999862670898 -2.611256122589111 0.4088104963302612
4.718999862670898 -2.519200325012207 1.266810417175293
4.718999862670898 -2.439288377761841 2.124810457229614
4.718999862670898 -2.385027170181274 2.982810497283936
4.718999862670898 -2.396646499633789 3.840810537338257
4.718999862670898 -2.529750108718872 4.698810577392578
4.681462287902832 -2.817729234695435 5.549159526824951
4.370436668395996 -2.939882278442383 6.05618953704834
5.577000141143799 -4.044936656951904 0.4088104963302612
5.577000141143799 -4.055664539337158 1.266810417175293
5.577000141143799 -4.062554359436035 2.124810457229614
5.577000141143799 -4.05871057510376 2.982810497283936
5.577000141143799 -4.018850326538086 3.840810537338257
5.522685050964355 -3.913146257400513 4.637600421905518
5.200474739074707 -3.865311861038208 5.177471160888672
5.763298988342285 -3.411347627639771 4.900413513183594
5.334299087524414 -3.411347627639771 5.262742042541504
5.577000141143799 -2.479435205459595 0.4088104963302612
5.577000141143799 -2.385004043579102 1.266810417175293
5.577000141143799 -2.322576522827148 2.124810457229614
5.577000141143799 -2.305961608886719 2.982810497283936
5.577000141143799 -2.388320446014404 3.840810537338257
5.608754634857178 -2.720239162445068 4.749703407287598
5.343924045562744 -2.89132285118103 5.258058547973633
6.434999942779541 -3.957311868667603 0.4088104963302612
6.434999942779541 -3.967589139938354 1.266810417175293
6.434999942779541 -3.970116853713989 2.124810457229614
6.434999942779541 -3.948096990585327 2.982810497283936
6.378298759460449 -3.885679006576538 3.766778945922852
6.054497718811035 -3.857806444168091 4.310793399810791
6.626497745513916 -3.655800580978394 4.003424644470215
6.378298759460449 -3.386419534683228 4.467069625854492
6.434999942779541 -2.336421728134155 0.4088104963302612
6.434999942779541 -2.256672859191895 1.266810417175293
6.434999942779541 -2.221099615097046 2.124810457229614
6.434999942779541 -2.258991241455078 2.982810497283936
6.434999942779541 -2.474551200866699 3.840810537338257
6.434999942779541 -2.814928293228149 4.485647678375244
0.4289999902248383 -5.277290821075439 7.272810935974121
0.4289999902248383 -5.250614643096924 8.130810737609863
0.4289999902248383 -5.206878662109375 8.988810539245605
0.4289999902248383 -5.173247337341309 9.846810340881348
0.4289999902248383 -5.167593479156494 10.70481109619141
0.4289999902248383 -5.168039798736572 11.56281089782715
0.4289999902248383 -5.168331146240234 12.42081069946289
0.4289999902248383 -5.168318748474121 13.27881050109863
0.4289999902248383 -0.2716426253318787 7.272810935974121
0.4289999902248383 -0.2717272043228149 8.130810737609863
0.4289999902248383 -0.2717837691307068 8.988810539245605
0.4289999902248383 -0.2718753814697266 9.846810340881348
0.4289999902248383 -0.2718768715858459 10.70481109619141
0.4289999902248383 -0.271824061870575 11.56281089782715
0.4289999902248383 -0.2717950344085693 12.42081069946289
0.4289999902248383 -0.271773636341095 13.27881050109863
1.286999940872192 -5.079324245452881 7.272810935974121
1.286999940872192 -5.027008533477783 8.130810737609863
1.342872023582458 -4.893763065338135 8.995804786682129
1.191065311431885 -4.893515586853027 9.846810340881348
1.16985821723938 -4.889883518218994 10.70481109619141
1.169642090797424 -4.890031814575195 11.56281089782715
1.169505834579468 -4.889991283416748 12.42081069946289
1.169484734535217 -4.889965057373047 13.27881050109863
1.666120171546936 -4.658326625823975 9.286467552185059
1.620065331459045 -4.616236209869385 9.846810340881348
1.598858237266541 -4.594028472900391 10.70481109619141
1.598642110824585 -4.593775749206543 11.56281089782715
1.598505854606628 -4.593656063079834 12.42081069946289
1.598484754562378 -4.593657493591309 13.27881050109863
0.9040737748146057 -0.3832323551177979 7.272810935974121
1.333073854446411 -0.6844320893287659 7.272810935974121
0.9038510918617249 -0.3833496570587158 8.130810737609863
1.332851052284241 -0.6827579140663147 8.130810737609863
0.9035893082618713 -0.3834300637245178 8.988810539245605
1.332589268684387 -0.6811448931694031 8.988810539245605
0.9035079479217529 -0.3835172653198242 9.846810340881348
1.332507967948914 -0.6804723143577576 9.846810340881348
0.9034965038299561 -0.3835169672966003 10.70481109619141
1.332496523857117 -0.6809830069541931 10.70481109619141
0.9035218954086304 -0.3834664225578308 11.56281089782715
1.332521915435791 -0.6813587546348572 11.56281089782715
0.9035626649856567 -0.3834443092346191 12.42081069946289
1.332562685012817 -0.6816777586936951 12.42081069946289
0.9035713076591492 -0.3834316730499268 13.27881050109863
1.332571268081665 -0.6821313500404358 13.27881050109863
1.996105432510376 -4.81910514831543 7.272810935974121
1.870124459266663 -4.780977725982666 8.130810737609863
1.768516182899475 -4.733570575714111 8.71446704864502
2.425105333328247 -4.614134788513184 7.272810935974121
2.299124479293823 -4.445554733276367 8.130810737609863
2.121668100357056 -4.265967845916748 8.948068618774414
1.972587943077087 -4.187236309051514 9.846810340881348
1.948841094970703 -4.16502857208252 10.70481109619141
1.948723196983337 -4.164775848388672 11.56281089782715
1.948711752891541 -4.164656162261963 12.42081069946289
1.948726296424866 -4.164657592773438 13.27881050109863
2.466182470321655 -3.411347627639771 9.100157737731934
2.333917617797852 -3.411347627639771 9.846810340881348
2.309379816055298 -3.411347627639771 10.70481109619141
2.309533834457397 -3.411347627639771 11.56281089782715
2.309523582458496 -3.411347627639771 12.42081069946289
2.309210062026978 -3.411347627639771 13.27881050109863
2.471879243850708 -2.591139078140259 8.962172508239746
2.413152456283569 -2.553347587585449 9.846810340881348
2.412573575973511 -2.553347587585449 10.70481109619141
2.412255048751831 -2.553347587585449 11.56281089782715
2.411090612411499 -2.553347587585449 12.42081069946289
2.409561395645142 -2.553347587585449 13.27881050109863
2.32002067565918 -1.776762843132019 7.211470603942871
2.209025144577026 -1.695347428321838 8.130810737609863
2.504908323287964 -2.316660404205322 8.130810737609863
2.545162677764893 -2.174779176712036 7.456577301025391
2.185856819152832 -1.695347428321838 8.988810539245605
2.188544750213623 -1.695347428321838 9.846810340881348
2.188136339187622 -1.695347428321838 10.70481109619141
2.187090873718262 -1.695347428321838 11.56281089782715
2.185391187667847 -1.695347428321838 12.42081069946289
2.183530330657959 -1.695347428321838 13.27881050109863
1.849153637886047 -1.113432049751282 7.272810935974121
1.849116683006287 -1.111757874488831 8.130810737609863
1.851075291633606 -1.110144734382629 8.988810539245605
1.85272204875946 -1.109472274780273 9.846810340881348
1.852101445198059 -1.109982967376709 10.70481109619141
1.851646423339844 -1.110358715057373 11.56281089782715
1.851112365722656 -1.110677719116211 12.42081069946289
1.850452542304993 -1.111131191253662 13.27881050109863
3.048247337341309 -4.183662891387939 7.299813747406006
2.755418062210083 -4.016554355621338 8.130810737609863
2.59747838973999 -3.873608827590942 8.60966968536377
3.288529634475708 -3.411347627639771 7.474617004394531
2.897175550460815 -3.411347627639771 8.130810737609863
2.611645936965942 -3.411347627639771 8.671157836914062
2.944244384765625 -2.555974960327148 7.190729141235352
2.715757369995117 -2.745660543441772 8.130810737609863
2.600716114044189 -2.90233325958252 8.658413887023926
2.58019495010376 -2.117039918899536 6.88457727432251
3.57610034942627 -3.952823400497437 7.031815528869629
3.593713998794556 -3.411347627639771 7.045616626739502
3.503518342971802 -2.937170505523682 6.924880504608154
0.4289999902248383 -5.168315887451172 14.13681030273438
0.4289999902248383 -5.168315887451172 14.99481105804443
0.4289999902248383 -5.168319225311279 15.85281085968018
0.4289999902248383 -5.168153285980225 16.71081161499023
0.4289999902248383 -5.167287349700928 17.56881141662598
0.4289999902248383 -5.165091991424561 18.42681121826172
0.4289999902248383 -5.160189628601074 19.28481101989746
0.4289999902248383 -5.145753383636475 20.1428108215332
0.4289999902248383 -0.6628044247627258 20.1428108215332
0.4339682757854462 -0.4860444068908691 19.30712509155273
0.4289999902248383 -0.2717682719230652 14.13681030273438
0.4289999902248383 -0.2717594504356384 14.99481105804443
0.4289999902248383 -0.2717559337615967 15.85281085968018
0.4289999902248383 -0.2752670049667358 16.71081161499023
0.4289999902248383 -0.2993242144584656 17.56881141662598
0.4339682757854462 -0.354814350605011 18.34280014038086
0.151280477643013 -0.378108024597168 19.0359992980957
0.7232804894447327 -0.4385087490081787 18.57279396057129
1.169477343559265 -4.889962196350098 14.13681030273438
1.16948676109314 -4.889962673187256 14.99481105804443
1.169501662254333 -4.889980792999268 15.85281085968018
1.169308066368103 -4.889936447143555 16.71081161499023
1.166996240615845 -4.889303207397461 17.56881141662598
1.160976886749268 -4.887619495391846 18.42681121826172
1.149099588394165 -4.883829593658447 19.28481101989746
1.124814510345459 -4.874056339263916 20.1428108215332
1.598477244377136 -4.593658924102783 14.13681030273438
1.5984867811203 -4.593680381774902 14.99481105804443
1.598501682281494 -4.593695163726807 15.85281085968018
1.598308086395264 -4.59337043762207 16.71081161499023
1.595996260643005 -4.590215682983398 17.56881141662598
1.589976787567139 -4.582349300384521 18.42681121826172
1.578099489212036 -4.566561698913574 19.28481101989746
1.55381453037262 -4.532558441162109 20.1428108215332
1.286999940872192 -0.8780025839805603 19.28481101989746
1.201532483100891 -0.6847949624061584 18.34280014038086
1.316220879554749 -1.062477827072144 20.06147384643555
0.9035746455192566 -0.3834275603294373 14.13681030273438
1.332574605941772 -0.6823223233222961 14.13681030273438
0.9035820960998535 -0.3834167718887329 14.99481105804443
1.332582116127014 -0.6826494336128235 14.99481105804443
0.9035856127738953 -0.3834092020988464 15.85281085968018
1.332585573196411 -0.682905375957489 15.85281085968018
0.9003403782844543 -0.3851791620254517 16.71081161499023
1.32934033870697 -0.6848104596138 16.71081161499023
0.8779640197753906 -0.3974233269691467 17.56881141662598
1.306964039802551 -0.6973391175270081 17.56881141662598
0.8585540652275085 -0.4080482125282288 18.00079345703125
1.948756217956543 -4.164659023284912 14.13681030273438
1.948784708976746 -4.164680004119873 14.99481105804443
1.948798656463623 -4.164695262908936 15.85281085968018
1.948167681694031 -4.164370536804199 16.71081161499023
1.94397759437561 -4.161215782165527 17.56881141662598
1.934715390205383 -4.15334939956665 18.42681121826172
1.918128848075867 -4.137561798095703 19.28481101989746
1.887131690979004 -4.103558540344238 20.1428108215332
2.309103012084961 -3.411347627639771 14.13681030273438
2.308844566345215 -3.411347627639771 14.99481105804443
2.308624982833862 -3.411347627639771 15.85281085968018
2.307023286819458 -3.411347627639771 16.71081161499023
2.297392845153809 -3.411347627639771 17.56881141662598
2.275099039077759 -3.411347627639771 18.42681121826172
2.233654022216797 -3.411347627639771 19.28481101989746
2.156288623809814 -3.411347627639771 20.1428108215332
2.408501863479614 -2.553347587585449 14.13681030273438
2.407238960266113 -2.553347587585449 14.99481105804443
2.406368255615234 -2.553347587585449 15.85281085968018
2.40500545501709 -2.553347587585449 16.71081161499023
2.393897294998169 -2.553347587585449 17.56881141662598
2.363159894943237 -2.553347587585449 18.42681121826172
2.301011800765991 -2.553347587585449 19.28481101989746
2.187198162078857 -2.553347587585449 20.1428108215332
2.182254791259766 -1.695347428321838 14.13681030273438
2.180761098861694 -1.695347428321838 14.99481105804443
2.179741382598877 -1.695347428321838 15.85281085968018
2.178060293197632 -1.695347428321838 16.71081161499023
2.162625074386597 -1.695347428321838 17.56881141662598
2.116762161254883 -1.695347428321838 18.42681121826172
2.024089813232422 -1.695347428321838 19.28481101989746
1.878780961036682 -1.673085808753967 20.06147384643555
1.850099682807922 -1.111322283744812 14.13681030273438
1.849582076072693 -1.111649394035339 14.99481105804443
1.849199652671814 -1.111905336380005 15.85281085968018
1.847910523414612 -1.113810420036316 16.71081161499023
1.838142991065979 -1.126339077949524 17.56881141662598
1.809985756874084 -1.160285830497742 18.42681121826172
1.754602909088135 -1.223410367965698 19.28481101989746
1.717913389205933 -1.264266610145569 19.72125053405762
1.62170147895813 -1.372244715690613 20.29324913024902
0.4289999902248383 -5.103223323822021 21.00081062316895
0.4289999902248383 -5.011090755462646 21.85881042480469
0.4671777188777924 -4.8424072265625 22.72992134094238
0.2066295146942139 -4.77037525177002 23.33479118347168
0.7786295413970947 -4.65425968170166 23.0246639251709
0.4671777188777924 -4.487699508666992 23.60239791870117
0.4289999902248383 -4.039103507995605 24.15884017944336
0.4798077344894409 -3.422245740890503 24.19415473937988
0.4905663430690765 -2.517387390136719 23.59684753417969
0.2276795655488968 -2.861342906951904 24.11434555053711
0.7996795773506165 -3.143511056900024 23.96385955810547
0.452071875333786 -1.865313410758972 22.7678108215332
0.4289999902248383 -1.414477109909058 22.02952575683594
0.181453138589859 -2.067117691040039 23.22983741760254
0.7534531354904175 -2.173432111740112 23.08781051635742
0.4289999902248383 -0.9283037781715393 21.00081062316895
0.4289999902248383 -1.17734706401825 21.60052490234375
1.076215744018555 -4.848515033721924 21.00081062316895
0.9919002056121826 -4.795192718505859 21.85881042480469
0.9125784039497375 -4.739659786224365 22.45266342163086
1.505215764045715 -4.459450721740723 21.00081062316895
1.471137166023254 -4.239646434783936 21.91023063659668
1.155201315879822 -4.328694820404053 22.72992134094238
1.000587940216064 -4.046765804290771 23.57481002807617
0.8787216544151306 -3.87365984916687 24.02920341491699
1.701361656188965 -3.69045615196228 22.23050880432129
1.565648078918457 -3.407212734222412 22.64904403686523
1.07206404209137 -3.422245740890503 23.63664054870605
0.8787216544151306 -3.715511083602905 24.02920341491699
1.308690667152405 -2.560737609863281 22.70283889770508
1.024656176567078 -2.745432138442993 23.39185905456543
1.24327290058136 -1.749873042106628 21.76343536376953
1.020725011825562 -1.977743029594421 22.51581001281738
1.592725038528442 -2.376043081283569 22.05022239685059
1.028641700744629 -1.148298859596252 21.00081062316895
1.45764172077179 -1.537512183189392 21.00081062316895
0.8938208222389221 -1.24194598197937 21.47664833068848
1.832048654556274 -4.030450820922852 21.00081062316895
1.770054578781128 -3.933846235275269 21.65851020812988
2.023726224899292 -3.411347627639771 21.00081062316895
1.813443541526794 -3.407212734222412 21.91023063659668
1.728179335594177 -3.11845588684082 22.3178653717041
2.001920223236084 -2.553347587585449 21.00081062316895
1.79259192943573 -2.61856484413147 21.80205726623535
1.728179335594177 -2.94804310798645 22.3178653717041
1.810242772102356 -1.966512084007263 21.00081062316895
1.735301852226257 -2.094003200531006 21.47822380065918
7.247895240783691 -3.877567529678345 0.4088104963302612
7.262131214141846 -3.882873773574829 1.266810417175293
7.211067199707031 -3.883027791976929 2.124810457229614
7.032816886901855 -3.865280389785767 2.982810497283936
6.88792085647583 -3.846448183059692 3.431424617767334
7.676895141601562 -3.835813283920288 0.4088104963302612
7.691131114959717 -3.836886167526245 1.266810417175293
7.640067100524902 -3.828847646713257 2.124810457229614
7.461817264556885 -3.757525682449341 2.982810497283936
7.210933685302734 -3.41308331489563 3.792643547058105
6.961946964263916 -3.083800792694092 4.329771995544434
7.344443798065186 -2.186351299285889 0.428038626909256
7.155567646026611 -2.159667015075684 1.266810417175293
7.303210735321045 -2.14992880821228 2.148472309112549
7.293000221252441 -2.27724289894104 2.982810497283936
7.265968322753906 -2.707305192947388 3.857041835784912
6.961946964263916 -2.918857574462891 4.329771995544434
7.584568023681641 -2.109677791595459 1.266810417175293
7.664739608764648 -2.11686897277832 0.7268573641777039
7.596017837524414 -2.112266302108765 1.878246903419495
8.151000022888184 -3.772883653640747 0.4088104963302612
8.151000022888184 -3.770374536514282 1.266810417175293
8.151000022888184 -3.727878332138062 2.124810457229614
8.229764938354492 -3.37811541557312 3.063305377960205
7.996275424957275 -3.170366048812866 3.581862688064575
7.830190658569336 -2.136812686920166 0.1548573821783066
8.229764938354492 -2.563770532608032 3.063305377960205
8.151000022888184 -2.157863140106201 2.367615461349487
7.996275424957275 -2.812031507492065 3.581862688064575
8.130114555358887 -2.08869481086731 0.428038626909256
8.151000022888184 -2.067171812057495 1.266810417175293
8.151000022888184 -2.096880197525024 1.938615441322327
9.008999824523926 -3.645495653152466 0.4088104963302612
9.008999824523926 -3.62514853477478 1.266810417175293
9.008999824523926 -3.489774703979492 2.124810457229614
9.008999824523926 -3.177850484848022 2.809669733047485
9.008999824523926 -2.719001770019531 2.809669733047485
9.008999824523926 -2.29000186920166 2.280256032943726
9.008999824523926 -2.008421659469604 0.4088104963302612
9.008999824523926 -2.023479223251343 1.266810417175293
9.008999824523926 -2.087242841720581 1.851255893707275
9.866999626159668 -3.494742393493652 0.4088104963302612
9.866999626159668 -3.428951501846313 1.266810417175293
9.832852363586426 -3.17477822303772 2.106899738311768
9.524086952209473 -3.044975996017456 2.617798089981079
9.865694999694824 -2.521921634674072 2.07136344909668
9.524086952209473 -2.880163192749023 2.617798089981079
9.866999626159668 -1.94470226764679 0.4088104963302612
9.899581909179688 -2.039891242980957 1.326620697975159
9.635303497314453 -2.099416494369507 1.761767506599426
10.20730400085449 -2.163680076599121 1.652494192123413
10.72500038146973 -3.33366584777832 0.4088104963302612
10.73144912719727 -3.161549091339111 1.274574160575867
10.44974899291992 -3.063869714736938 1.808959126472473
10.73144912719727 -2.491147041320801 1.480740666389465
10.44974899291992 -2.735680103302002 1.808959126472473
10.72500038146973 -1.912089467048645 0.4088104963302612
10.72500038146973 -2.037528514862061 1.095518589019775
11.62266063690186 -3.129392147064209 0.4433604776859283
11.36310005187988 -3.059295654296875 0.9937499761581421
11.91489315032959 -2.553347587585449 0.7513200044631958
11.48589324951172 -2.553347587585449 1.030460476875305
11.6372537612915 -1.976729512214661 0.4766681790351868
11.38742351531982 -2.071532487869263 0.9387375712394714
12.25449752807617 -3.046087026596069 0.1803937703371048
12.50069808959961 -2.61234188079834 0.3106290102005005
12.44099998474121 -1.99751079082489 0.242896169424057
13.06656360626221 -2.365671396255493 0.07449524849653244
13.06656360626221 -2.055152654647827 0.07449524849653244
0.3246397376060486 0.8719646334648132 -21.09393692016602
0.08699505776166916 1.15350604057312 -21.53819274902344
0.2057810872793198 1.736652493476868 -21.6827507019043
0.5691648125648499 1.736652493476868 -21.04118919372559
0.3061424791812897 2.583539485931396 -21.94263648986816
0.09557222574949265 2.862131118774414 -22.41159439086914
0.6848627924919128 2.594652414321899 -21.04118919372559
0.2132030874490738 3.452652454376221 -22.56689071655273
0.5623911023139954 3.452652454376221 -21.89918899536133
0.7150422334671021 3.452652454376221 -21.04118919372559
0.308557391166687 4.279358386993408 -22.81230735778809
0.1054786443710327 4.544496059417725 -23.28216934204102
0.6468284726142883 4.310652732849121 -21.89918899536133
0.6123644113540649 4.310652732849121 -21.04118919372559
0.1555659919977188 5.168652534484863 -23.34031867980957
0.4214049875736237 5.168652534484863 -22.75718879699707
0.453728049993515 5.168652534484863 -21.89918899536133
0.2258550673723221 5.157380104064941 -21.09999847412109
0.1019426882266998 5.690186977386475 -23.29571533203125
0.1772321760654449 5.752600193023682 -22.75718879699707
0.127147376537323 5.702536106109619 -21.89918899536133
0.03516296669840813 5.623435020446777 -21.42520332336426
0.7390035390853882 0.8786525130271912 -20.18318939208984
0.815512478351593 0.8786525130271912 -19.3251895904541
0.8440259695053101 0.8513498902320862 -18.44584846496582
0.5082727670669556 0.882135272026062 -15.87796497344971
0.2782573699951172 0.7148129940032959 -15.03518962860107
0.1191792413592339 0.5301063060760498 -14.44773769378662
0.7589970231056213 1.736652493476868 -20.18318939208984
0.8022112250328064 1.736652493476868 -19.3251895904541
0.7980433702468872 1.736652493476868 -18.46718978881836
0.6932624578475952 1.736652493476868 -17.60918998718262
0.8370256423950195 1.018457174301147 -17.60918998718262
0.3570825755596161 1.770589470863342 -16.73392486572266
0.7725916504859924 0.9602392911911011 -16.75119018554688
0.1927148997783661 1.507214188575745 -16.05320739746094
0.761099636554718 2.594652414321899 -20.18318939208984
0.7477341294288635 2.594652414321899 -19.3251895904541
0.5957486033439636 2.594652414321899 -18.46718978881836
0.270409494638443 2.584199905395508 -17.64877891540527
0.1370154023170471 2.291231632232666 -17.00841522216797
0.6881592869758606 3.452652454376221 -20.18318939208984
0.3864498436450958 3.531654834747314 -19.24813461303711
0.2135322988033295 3.273957490921021 -18.46718978881836
0.0703667476773262 3.082721948623657 -17.96117401123047
0.3236979246139526 4.343201637268066 -20.1672534942627
0.1766649186611176 4.078901290893555 -19.48276710510254
0.125906378030777 4.863864898681641 -20.44262886047363
0.8613938689231873 0.5471481680870056 -18.14562034606934
0.8664324879646301 0.589457094669342 -17.60918998718262
0.8676548600196838 0.5312393307685852 -16.75119018554688
0.8630236983299255 0.4695244431495667 -16.27472305297852
-14.73487124207362 -2.171386756767728 -5.035285403372815
-7.674500194916328 -3.006781704146238 -2.595420351984391
0.08932421147527425 5.559118319643114 -20.79085320189162
-0.004850318304469544 4.06253773830153 -22.87987649343732
8.828442323122575 -2.957901661747722 3.379880459878573
-3.502911928870019e-05 2.254647972642535 -22.17846767170338
0.01371818677323728 4.774819436500016 -19.70718192245493
7.477952650477458 -1.320456541014598 -22.57235759667706
3.71811190294179 -2.155131545738564 -17.24361791731934
21.82657739221452 -1.227567782055503 -5.68294937249704
-20.49648164639153 -1.25360310759277 -7.764952508559531
12.62449713977502 23.31821319892321 -8.409805336316349
-19.96756132974512 19.34725259825629 -20.37315402259564
-14.85261908035834 22.12733839854294 11.13215658313329
15.90681668410347 -38.44653124213684 -0.936259444371477
23.22551339515689 -1.270232677459717 -23.18922233581543
-23.22863076856759 -1.249430060386658 -23.18930149078402
-16.09559929798964 -25.20114438516471 -16.90220386877096
-23.27750825656558 -4.88465976976809 17.4506968233856
21.37062835693359 -18.43269635799467 -13.97503822561091
25.32548781615325 14.26906196228831 11.30399439988601
23.81727486878194 -15.92042178099969 18.34183376630145
-12.31319965241456 -25.88889796076829 10.14916601497943
-29.32223435635557 -14.66462022395825 1.539808427804034
27.15925921731442 -1.280491411685944 7.182299339175367
7.433444261556454e-05 15.5519188121125 -10.89317051197955
4.680495348144108 -19.31026661763378 -29.71662762277537
8.058741359711757 -19.09338021738866 -4.74743715644625
-13.93180656961106 14.78711921474322 -7.386969744547464
-12.50389283045862 -13.1307713434024 9.468499190328723
-8.061191148024225 -19.09751012910231 -4.748887322443782
-21.37261581420899 -13.57903211906635 -11.72004371511499
-23.21352845226708 6.462189778049881 6.125325450725965
3.188848495477847e-05 15.8093924030918 19.11547369697245
12.1762884431425 8.934241475713833 -13.55496867746983
2.601724102001499 1.236459601304396 -35.2953010468907
-11.14294546187093 10.00454783045094 -23.18930149078369
12.489043460877 -13.10585576112082 9.454996082036441
8.201370703079917 12.76303300964264 4.26980694580114
-14.56402090117346 -2.089611887931824 -15.53946509439472
6.979793692166811 4.791541487787853 31.448162856674
-11.59311196835005 -6.371841076914042 27.57703543077188
14.32237293529452 -1.291328549385073 -15.34454497950602
-7.368947249985815 10.1957784018557 3.411526355019447
-6.975114801576264 4.786006693351793 31.44180393291791
8.548969703571034 -12.63515507363322 -17.83634980500018
-8.53641232190852 -12.59568541607803 -17.82808413883636
14.95544913133823 -6.04448181804838 24.48198038898528
-14.99417717431221 1.428199495656941 8.692480338869569
-24.66204969755499 -4.328403010621388 2.20899994590097
15.01225811748839 1.448732081807693 8.724910981197901
9.913173958672953 8.773153667424666 -25.51364244577277
20.84835223331683 -13.54518696544884 -1.045959690557507
17.15859985351563 8.066834087612266 0.4387711444614428
-3.399028065019969 -10.01434224315964 -28.38315175932225
-17.49561411868968 -8.780329373278871 3.574146067327873
24.09315147232638 -12.53554161806867 -9.93122222083676
-8.02150491156489 4.035837401360696 -14.72111814581595
7.33945501698568 9.156358935345681 -2.570181318917863
-10.05306441277609 -4.631457623312351 11.12342674105733
17.19852295644249 -5.962792945187323 5.52841142446328
8.539331058251655 3.085504673848498 -6.695444199619427
21.37062835693359 -1.248802244663239 -14.85444020440898
3.497404053004433 -5.897223498541942 -29.02999458549635
10.05327121321422 -4.630779901407388 11.12351428544745
-8.719447592811532 -10.03422606459548 -8.600248018969316
8.723443439309513 -10.05412291515412 -8.600240603568521
-7.632000521246134 5.825444427735954 -5.74701994950658
-15.47652450023805 -1.270231425762177 -23.18930149078369
2.628608471763396 1.290447062561419 -27.48092032160657
-21.37261581420898 -1.249430060386658 -14.6982764545156
7.675588130945377e-05 -12.78171755342459 23.83645752679313
3.462383959687823 6.456031214745861 -11.78977874785978
-5.176691296227242 -12.83384248358271 0.8251194969722471
6.605032136393801 5.83217654514015 19.68388270972908
-18.90355303064907 7.107829435928135 -4.209525253053334
-15.52774845407006 3.212635505353881 -8.51658261929564
5.108004958039997 -12.54545816848202 4.301099425558764
15.23182360882286 3.867414708409012 -8.806606213350513
-4.279333164032169 -8.381769709660379 26.38133545034498
-11.64160044000718 -1.270231425762177 -34.06026868897489
-23.17165463289396 -8.127855508122696 -5.973140478134155
23.26730535627818 -6.279426626151207 -2.254514740031539
-5.363899041764688 -10.87123544561603 10.40663638265713
9.387726139311187 -2.942173361778259 -10.31154547580348
-9.386506050281412 -2.942010998725891 -10.31154627968053
-21.64697276442411 1.338287613472753 1.586280231069586
-2.9955601670383 -2.008386075496674 -26.86127705028478
-10.78505080728787 -6.654606411248625 -20.6593596541862
10.78705154101265 -6.656543347339664 -20.65861666261397
7.278634691458695 5.26298376437077 -19.04651538592096
18.34023327218143 -1.248802244663239 -11.25854691561431
6.997772645697889 -6.511191839303771 -16.07004525514581
21.1506556806572 1.144274128686242 1.543130896299001
4.683348602459593 -9.826183791853433 10.20628589754635
4.271821168889307 -8.37273742617359 26.37667672891659
6.993532323073215 1.685863628804242 8.542811062096948
-7.21414581354029 1.569767032349885 8.804889334752552
-8.014942037381452 7.05413426979081 17.42965105604525
-13.63075666711718 5.415502704054562 1.210052026029864
11.59594842718723 -1.270232677459717 -19.73401593635636
3.682148631453855 -8.50886417611768 -22.76431841507493
-17.74702884484822 -4.225276674959746 -10.90285748553869
5.011595018416477 -7.789502350630998 -4.10835256776564
-7.012693625261575 -6.203279186407094 -15.91322910073979
10.76954487374758 3.390626505520911 2.899733245358176
-5.51048274886649 4.227206167894046 -25.44525867972198
-7.592973761849437 3.766707275899719 2.990707225109392
30.53796493997833 15.72605640942958 -11.60569403092528
-1.621991395950317e-05 20.1610974679434 -24.68051178469821
-24.48586303022277 -1.280496299266815 -4.036564871827145
-4.09825437718447 -8.873403477583556 -21.06845819217783
7.004691502339898 1.334928678413721 -14.79875428105303
6.214564597069771 1.22663509286134 24.74957789408812
-2.783206255495452 5.189903841019493 -12.0818958265269
24.57406804288468 -1.251313209533691 -3.988514392476101
-11.61139139472662 -1.270231425762177 -19.72334281186848
-4.703535766402056 0.7191176825390895 23.97845632081916
22.540173763917 6.470080316231167 -8.461312311411575
0.01017084707683075 -13.70075201644344 -7.742194149287354
18.09144085784306 3.552986220168049 -2.738318552330427
-14.550109995039 -5.05732862106922 3.558765214397905
5.653956462056195 3.368593417713412 -0.8663441769199254
-5.007170758861895 -7.776657936148305 -4.105310899511585
-7.895760124247495 -2.108773708343506 -17.51972988335072
11.62040622895041 -11.54075282388884 -0.9162429578766511
7.891560527990693 -2.109312891960144 -17.51918445061618
15.44756604050019 -5.639987815433427 1.581104042896109
2.457389414976803 7.297336073417336 5.127985139346368
8.810125291348891e-05 7.439767395690795 -19.2287983141446
-1.621991395953093e-05 12.42315701314162 -23.78371336386876
-2.433682552119986 7.18448140821631 11.13333446801493
-9.298845995143026 -0.4674945203724441 -6.279368344973213
8.631190963155387 -9.887561543801258 18.09579289185727
-10.88148311513188 0.4427165973927369 4.932644272745715
-5.097802653936649 2.806514704343827 -17.92890042506726
-5.787983536721664e-05 0.3614102726005552 -25.01703932645515
-21.37261581420898 4.681109947457426 -9.346781215860297
-12.38820537210804 -5.768381693988055 -7.650565229173251
-14.71081526388574 -9.52364058976924 -2.749897346690054
11.20606832261579 -1.270232677459717 -23.18922233581543
9.509666545180037 -1.270232677459717 -28.50566691747541
2.330142883146634 -10.96676087709159 -15.84392545614176
-5.860335726864491 1.751367888826373 -3.44272925996534
14.48040182999226 -4.895018711569662 -9.96363384109039
-7.877359746540566 -3.175138360350748 7.838654365808207
7.097141856798798 -2.622050287016785 8.40708489597843
19.9279017802069 -5.180997162474581 -9.696047086462396
2.65694200856878 -2.04627376794815 -25.27991050858088
-2.718581384861593 -5.46331485778618 -24.1666468981307
29.90561869606439 -1.248802244663239 -11.46551027757019
-8.75313882190026 -7.812277945403816 5.982565800852373
-9.853657620760943 -7.151556716324338 19.22774006128571
9.190669756063523 -6.752022789934216 5.201116793009557
16.69116570424913 -9.203730702061041 -5.380802068846555
-29.83347172624482 -1.249430060386658 -11.38342900075684
-6.359336000405221 1.086908732249508 -10.33082463742029
5.045957433349842 -2.101454734802246 -15.792246223074
6.240685028402471e-05 7.214344993829051 -5.168027549611176
-21.4509557237909 -1.280496299266817 -1.949090948682178
21.37062835693359 -1.248802244663239 -10.84581542330923
21.51404345090372 -1.191991035311482 -1.799978223475903
-17.08511743712778 -2.14022159576416 1.368019905662587
-17.07808679056737 -0.3549518330899344 -8.836068959302212
10.09846693509579 -0.9556746518477011 -6.901784621018855
5.102108464907258 2.336641911854461 3.861403638793039
3.868062370763708 -2.36197138353309 29.67763485530992
-13.03084230829498 -2.127163290977478 -7.46677225346042
-9.604297370535992 2.27327730745223 -21.35618374347444
12.92129229679264 2.331423048901099 -5.483016109800187
13.72740420772995 -1.049242212596871 3.440990714574385
4.90455479239694 3.185548181089987 -22.5349781560808
16.25909986536938 0.2500749086223939 -8.539287526094926
-1.750886440332611e-06 1.48446166881276 24.32047766656443
-5.403535560649624 -3.795207023620605 -4.7570291676326
17.05940920753465 -2.140222191810608 1.324372680696041
-11.21723399002044 -1.270231425762177 -23.18930149078369
-9.51571600170892 -1.270231425762177 -28.56633793662863
6.267277558198958 -2.982921361923218 -6.027935214708905
9.479850906614214 -1.270232677459717 -21.24176420922422
-18.00553998593267 0.6692932009503774 -1.123907578179713
-21.95870544508946 -4.17684961500821 -4.121125114335674
5.472665799788933 -0.04052751416162903 -3.96498684305023
6.016132980745126 -5.645681841715316 -9.458308911820716
-11.2804189141103 3.086746184366164 -3.203603563229468
-2.085922163360374 5.71400345073858 0.8374564783776284
-5.962537281189882 -5.61765426055937 -8.60026537562211
-4.314511437482711 -8.954300145752221 -12.20219630701109
-2.845109694079868 1.259572295491755 -23.14841195608743
0.00887440987755056 -12.72595453932734 15.42378155753267
4.356077641359266 2.096362148265807 -17.59727650275786
18.54984666641572 3.089526458239241 -6.210042519410803
-9.312499952094301 -9.123932195212793 -0.9442673274680691
8.367433759737759 -4.02314479386845 -21.17408315663268
7.489731542870672 -5.629595982457241 -25.5015874173654
11.88663597372668 -4.098498932027245 -6.768449912447423
10.34825802493809 -7.920195650510625 -4.109081650543462
-15.2610514641588 -6.212122491326513 -1.149730974968651
-17.15864372253418 1.331371903297366 -3.647348338020436
-3.868309271345556 -2.362334895201241 29.67831426456798
-7.00942002444884 1.436540674978159 14.57017611932459
7.241817114203887 1.561999596922552 14.5700827603267
8.707502336656692 -3.217798984951854 20.57118031622985
-1.621991395941991e-05 5.87844056388865 -28.72310276276168
-17.20596085743796 -7.267645333098299 -6.743003717158528
-10.28337400812137 -2.991175413131714 5.530342613672798
10.45903882194561 0.1198705635539143 -4.316757949915743
9.333161636331296 1.904259385977789 -0.9087109310791965
9.201467035535593e-07 3.013530818209867 -12.41409583519814
3.841888522357155 -8.294983287417075 -12.17463644302118
-4.881343232028167 0.8055347820532139 6.06312011091234
-1.740535666712391 4.245642405872287 6.844513309131604
-5.205326169452807 -5.259495675938435 10.39400707685884
-3.535372863420416 2.924381260686408 -7.742133904683927
-5.4763614790776 -2.90241136088859 -15.4904187102502
19.70671500450587 1.691021716469253 -9.432141813959424
3.855765939824544 3.387878456671649 -7.742163390787167
10.23797275764025 -2.991198778152466 5.469870428595173
6.017304045405621 -1.138304537738205 -9.457838077962887
-4.035277019916262 -9.524626635357032 5.202566501320068
2.775232073691471 2.858366290038088 -14.3975110384039
3.350746681868627 -6.024828562119499 -19.72912228375982
-21.37092626392323 3.173481002962895 -3.918626539731153
-4.051586737690323 -6.063228505979207 -18.55942476496393
-5.353348324211023 -7.293594765343329 14.56571735066451
5.179621756007014 -5.208665430963865 10.39162544442413
17.99277872034696 0.6504068704909438 -1.145595199020571
21.12251514379148 -3.913317803211132 -3.632992193141431
-4.658790143004182 1.21543542203349 1.698927289147792
3.492856812066156 7.118856116776774 -20.75713862565733
-4.454396897519493 6.629487024289729 -20.30620015782307
2.235174179077148e-08 5.47942660961461 -15.15775456679063
2.358003130548249 0.7462303778793209 -23.01653707676272
3.848464369696169 -2.560084628560514 24.4201069892725
5.379895540757939 -7.323852038352712 14.56570037078014
-2.454275549567317 -9.437409382481603 -7.742181082889692
7.218679269359704 -8.486248564355609 -0.09157479065274371
1.950439560458989 -9.93465833569687 -0.9560452751394355
-4.568519233408457 1.696434876610626 -13.82033757499429
-1.969795122661988 5.771849708655524 19.89306460607596
2.453318327110405 -9.429394439000069 -7.74217712515895
4.278495907811264e-05 -4.80988541293175 -23.95108708850461
-3.393402376743382 1.185678499815669 -17.94985008928296
17.82984187091333 -2.090579867362976 -8.752773299515958
-1.465453080807707 -8.780124774544692 -16.52117636977096
4.764716264765264 -4.703000421059409 -4.429814350625457
-5.753263875539646 -3.705614639404887 25.4500131247755
-4.006425065715687 -8.69179829652011 -0.04796963282093702
9.481650928524953 3.022865817615515 -23.18922233581543
-5.366001603711206 -1.176369778567813 9.082608012546235
-21.37261581420898 -1.249430060386658 -11.24188818885973
-19.49050204794856 -1.249430060386658 -9.575527715675815
13.41484266758293 -4.044188666914117 2.331113573493751
18.04302397973437 -5.015284113362108 -6.438502079471127
-8.973301076671786 -4.49361375182335 -6.422178001589423
-11.07168849665445 -6.660995164399676 -4.23996353299598
-7.542525603954618 -5.960443367625617 -25.70606851347068
-7.819993630380213 1.537683288444248 -0.1757029572581962
13.87349145245859 -5.940555871243358 -4.895578081552507
-1.575314252052116 3.535518492779059 -4.31016327601378
-14.32781314432698 -4.50453817974342 0.5082306866473649
26.51974159998628 -1.553215243128761 -7.555726481081566
-12.2551521408047 -7.05146822132222 -13.38784302815927
7.85594847615288 1.422247148714333 -19.03304351730552
13.66735595132596 2.761503575803958 -1.092613374433706
4.542012700465866 0.2917760873834192 -0.936981286133583
-4.164533745497167 -8.499692464386207 18.96925334382797
-16.13706180256749 4.543515172901782 -18.56457055102832
4.720517558555672 -2.409154602316211 -3.691254897256194
-5.410056582212069 -1.300290693380237 -6.889022840823364
1.788863703966943 4.443681294145507 10.27582085085939
-11.14748258250296 -2.942010998725891 -6.004807354786404
13.01497212427848 4.166707707384844 -17.54776580173824
-5.772544504452576 1.767680806432056 -23.62671331288928
-20.8090967897908 -5.651319620417362 -9.440921194832084
4.373963085789363 -0.2639971173984406 6.82741346678394
-33.77550396559836 13.7048633007354 -3.913197549807738
-2.692767456248288 -5.365899305988323 -21.19302821877922
-19.32813500508955 -8.248549554834742 -19.55409525904823
-18.94665645194949 -3.372240594280276 -8.280252251432772
3.015125866937966 2.207405988873341 -3.452876900599688
1.560096526343129 3.475977869619769 -0.02048559992719573
4.571739725177858 -6.585895009735712 7.478100930949804
3.585340101740149 -8.264787358604689 4.283280314985083
-9.459868537716691 -1.270231425762177 -21.20496469089859
-8.519347082274205 -4.165748992011444 -21.74546982667223
-25.35734583301586 -1.249430060386658 -7.806535320327534
8.930265903470125e-05 8.998647341738311 -22.14622405013155
5.7250127528468 -3.3764290255722 -12.07105149555142
-6.021818628448717 -3.411260996892565 -11.84043643008104
-3.843110986649342 1.833683320156391 10.27905118164731
0.002793702106705542 -10.08438730568043 7.849592474207757
12.30129760540149 0.8785257521753689 -11.40805430397555
4.155810408387111 -8.500737407539113 18.96365762487142
-7.760450129552926 -6.507465615576354 1.726518416807402
4.04462567333167 2.365973067749352 20.03500880332399
1.750575067258353 4.326503184530615 16.29473881071543
-2.609877332712985 -2.008386075496674 -23.75445520087551
3.854378872349268 1.807295631052061 -11.14970752660324
-12.71138595183542 0.5474192363497967 -11.69702827809936
-4.601893303286661 -1.388993159883709 -3.113818026937584
17.34027887957919 -8.65138755126717 -16.46283296197103
-4.437449794323353 -0.1942593196381042 0.8203288876109656
-2.928631627100243 2.037217741679112 -0.8785180230441321
4.049219626371943 -6.236979256939223 -6.884469344451877
-13.49860864952083 -2.210416555404663 2.196995454246959
7.675588130950928e-05 -6.020802794276594 25.26667319795168
9.233414128122833 -2.942173361778259 -5.434862687164623
-6.201035697571371 -3.427698709136325 13.70830572018333
-5.772769727544324 -0.3820512657223676 -17.27370014881915
2.571307359963228 -4.706803614900778 -22.35278199936815
8.481355802099149 -0.1060693376654638 -22.08247633101062
15.14897491672439 -2.127156257629395 -7.941671797021918
-13.14905130507278 -4.381907813490105 -5.668063583082373
4.58730833108671 -4.820118223428734 -16.93926651473897
2.85703949023675 -7.215557073759226 -15.63565014138448
-2.904912812902563 2.048292050774182 -11.1263431584612
-3.07279563810165 -7.508473601185147 9.61708816779521
19.67289726671422 -1.248802244663239 -9.108755121780991
-19.50076275970751 -5.230862981156731 -1.023293245631042
1.80227265437549 -7.736512928931864 9.517624547725848
0.003932094715402679 -9.172849598402413 12.84986846411701
-7.609294311034974 -5.698293984914292 -4.035585523010301
-6.739539548623495 -3.473607641575968 18.15705165881454
3.643060180567841 1.583453997164682 9.416254438817894
-3.384729222831985 6.753513684784377 -23.59850115253088
16.37685403795146 2.668469061133147 -13.38732880964887
4.925111016869552 -28.83479070724406 10.68455246470233
4.514530713484019 0.01894376624730687 -13.79718913172401
22.90345146802155 -4.911613928158399 -6.897652169738282
-1.520757968669051 3.304344334109035 12.84975644615675
6.179956596553672 -3.429200013043611 13.70829334948961
6.146922470307015e-05 3.339811592912372 -8.604326283453551
-2.785538212948913 1.908281662623554 -15.65734204920973
2.12883539142071 3.073613061607203 -24.63306097562611
-11.2678243250763 -6.467541422672955 2.701381827590382
-15.03219568428543 0.4099931007657514 0.04535308287106976
14.99657559712805 0.5871723938783941 -6.107896302899882
-11.33990703114296 1.645109485031722 1.413401121095666
10.3215901908249 -1.578774454883048 -14.15507983804702
1.51254474757236 3.274416229350102 4.269819330389311
5.69007960089728 -0.2664679015850502 -17.55842516017567
-3.365311111176747 2.684904394268151 16.29736822152693
-4.110561603835643 1.61952399300608 -20.64706646276171
3.130019662762735 2.356829156592164 12.84974781585446
-8.496401810783402 -0.4750145592036781 -13.64869027549517
0.002724969781849162 -9.172269595652871 -11.2109410521263
-2.725811988470445 -8.980113389474221 22.63637058433831
-19.68876586456609 -4.935301965665591 -6.065378958685357
8.528557829634455 -1.981191262730967 -22.12823948390532
7.794918301035248 -3.729592278625415 -23.51355857886723
4.620138927356466 0.07629449455539006 -6.886006785668668
-18.50900079079809 1.987759765279058 -6.541347034115916
-21.72428684895138 2.125029553346597 -7.173538862719385
18.33730435042867 -5.853122283772388 -1.61485640006248
2.527541885654518 4.184012531703027 -17.15916532833745
16.61195566721948 1.313745670708834 -4.160314434194603
-12.04018255177516 0.254474929376415 -5.468654967366968
4.126538460422633 0.03804949672464586 3.392542686431882
21.79232100920343 10.70326606353159 -18.57818246898858
7.01667175245709 0.8981223123117146 0.8664551893879898
-8.797670275067228 0.605055225260045 -2.918547622072088
-6.888064678416435 -2.982832312583923 -3.930554871191353
-1.977600320913324 -6.319126952178389 -16.66523705262085
0.0007153898477554044 -7.299066421256184 -19.25582485236582
22.30894514705367 -0.2439326760293066 -5.479853244044555
4.278495907783508e-05 -2.046273767948151 -25.74746750645437
10.57580205434796 -0.295049628965073 4.053114212072463
-6.167228842613094 -1.980066653675703 -18.51472725510325
-5.864530532372489 -7.366703100404299 4.008412537140494
-14.90084252318811 0.7765884478259211 -6.49168932373289
-6.613188395040906 1.037489775252153 -19.88090602603664
7.5521069203094 -5.035028634673917 -4.597552490973477
7.82210097174497 -1.337875127792358 -20.51121776301747
3.010353640097386 -7.096777435243762 -9.458261560839107
11.04764313463351 -7.417955077065709 1.141162327729512
0.002396415255787765 -9.053748141960385 3.42259721144468
5.3961543885486 -1.324998676776886 -26.20129541375746
-19.68394437442042 -2.033657848834991 -2.513889304739303
3.291064450855271 1.341404394954536 -20.64441153295044
-1.011679155764885 -25.64387270399141 -16.90944010424925
2.617358844968899 1.618015297249739 -6.026268231941106
-1.35974466618778 2.623563963136073 1.695684170952741
-11.81931608727089 1.567903119918645 -16.10021912458801
-8.119347624388901 -5.375057672297528 5.84329581063479
-2.464931253448173 4.136546663014293 -17.19481810625043
19.83064069049131 -14.71438324583008 -30.92474035685404
11.1950389655051 -6.424329574669402 -13.38466513670515
-2.797468936407589 1.805354659194705 4.269805835224271
2.501244040461632 0.6242078286273814 -17.95856616567908
-14.54549193342792 -15.60865378597414 -27.91982307600939
-4.224616020021852 -5.472703431966064 -3.624338531732608
-7.343959058209975 -0.7371544132865977 5.170125217183325
2.189661382231638 -8.75981575903619 22.69436120637385
0.002514647532164849 -9.219148620067525 -4.459887364587323
-3.859258103041883 10.19354642462152 -15.39534110098754
8.140776631465087 -0.5775912371260223 -3.697049192565323
-15.23437921005465 -2.127163290977478 -7.45567280298159
7.889083991642474 -5.832468100783011 -1.237834683882042
17.38197352359592 0.5252454629972012 -6.585911455094248
-4.877466064656058 -1.433480842687344 -10.31832836972456
-7.726809219600805 0.6676652118720221 2.55031880922533
-13.64230858805922 -5.486586100645437 -3.473853943527791
5.548608869132385 -1.274663362308096 11.13497529021414
6.204512985770732 -1.978822941542234 -18.48196562457623
-6.848662631438141 -6.73945268769216 -1.009655759214699
-2.524896570411788 -7.244211764008822 -2.814125214501803
14.5242071473204 -6.127029150665694 -1.756741484000641
-4.479892011867644 -4.937563695058958 -13.90809410928441
-2.818527848482371 -6.820605630223186 -13.07453586615688
19.68662457171626 -2.033747017383576 -2.508366006383058
11.65190260373305 1.285992834894087 -2.478854625207463
-5.382954243779089 -3.795207023620605 -3.1113365415654
-3.868032187174317 -6.087052947041339 -10.31922862296951
-3.867817290648253 -6.084253701047482 -6.884443636563283
8.616519407938963 0.4640291315841885 -11.56769321677784
6.959196288205683 1.344346837397753 -23.54734796875302
-3.463028196685656 1.360709277628995 -5.173033072708863
6.714016717668676 -2.982921361923218 -4.009857432350645
-23.51877096821562 11.17857080778859 -35.1329672650098
-9.544728724333623 -2.942010998725891 -4.849200950403722
7.220242028823057 0.1743836672663805 -2.143498430757518
4.443815176090102 -4.948244560084802 -13.90198297991092
11.89097589978055 -4.293507440316386 -16.89027990727746
-11.67457123483386 -19.43855982829328 24.38807587585862
11.80150042690218 -1.813258436390772 -5.76854748521933
13.65624052831492 -2.127156257629395 -6.50085377207261
7.3401779422234 -5.098694165622319 6.421102581907549
4.554813203650673 0.6520173129578553 -23.92732399057181
2.77100656691056 5.774853518466862 -24.18049287421278
0.003890615869634406 -9.360109848439013 18.87994121364172
-21.37261581420898 -1.249430060386658 -9.512535217262062
-5.496650716997351 -4.825276092824045 21.80198813843229
-17.35538767111703 1.694770648852555 -13.51806447893867
-13.94560208729478 -2.868952529296901 -6.202227115100289
-5.520542297099369 0.6080536566215069 19.22773995061819
4.951757220196163 -3.276338204014692 -8.309942179248763
9.148362270403357 -1.270232677459717 -23.18922233581543
8.53749803037125 -1.273765754930688 -25.91829377236277
-6.005404661454004 -6.012812747279294 7.840671315270991
7.658668735575689 0.03555156139189064 5.718517719223959
6.899473136659648 -2.716724168912953 -19.94206636096953
-3.374505925310628 4.20699396632599 -21.35791879324542
16.9453483551497 -3.887956864619149 -20.02774445090862
2.831501219113863 -2.00839763879776 -23.35560307316731
-4.699415859217323 -1.477461351339415 -12.94300052529499
-1.842217083990472 3.156936843049853 -24.46243807737131
0.9651417934438371 1.666303824422859 -23.14794117343683
-11.4428750662097 -1.246043558137229 2.475455647462924
3.346419262148603 -5.92135243395786 -3.580891940306906
3.755466081127711 -7.153917628650895 -1.113733789683422
5.780788094616081 -0.9565511500661488 19.25656641977807
-9.501272627800885 1.752473368074435 -25.49114384742263
-16.77782128091838 -0.1447430877810787 -6.212142374817047
12.33868197233207 -2.354470551278115 -9.359557065351551
14.82781661547976 -1.61866289946682 -11.81950332366706
10.11849168406578 -5.249677307905681 -4.445612448474156
-7.061931178258301 -3.218473923668982 6.10080375255616
-5.713377404821683 -2.846240172410848 7.701954109386778
-7.183461282299816 -2.530116287682109 -19.95586053642407
-13.09003103576878 6.254820696720105 -12.86120663314608
-20.56564306221751 -2.483463758003873 -8.73186215435199
8.932602266419501 -5.197589145044672 -7.885164051876862
-3.32018709072785 -7.494428270096957 2.554081547339749
5.604722143113873 -5.628372763683064 -2.58850612370586
-5.988270262015078 -4.882881302119099 -22.51203482284285
-5.215392544016039 -3.656091810322088 -25.06570427654647
0.9905023781790405 2.731721760136577 19.07810425841724
-26.03222275235314 7.225290616071211 -18.12811543810668
-7.887360340553085 1.02072861600236 -23.18930149078369
2.574017822963425 32.3838662402921 7.135566099014542
-14.17152774267971 1.279927312261695 -3.718997431154533
2.549758163504385 1.504609814397642 6.844151316776939
6.451710321342431 -6.520767768680313 4.314568207452161
5.533887430563945 -4.529825931985033 -20.59288519324121
-11.28005534737312 -2.899739027023315 3.675496317652359
-25.39971958523404 13.57047128045509 27.0027756034814
3.914665667400162 -0.3602028946316773 -16.39953641912771
2.704788406230083 1.130951080387116 -15.76732188697572
-13.37983890982784 -3.565562515762437 -11.37525003044438
-8.482693872704225 -6.745459848478849 -11.69398518007155
10.54007111510763 1.495175209656483 -20.49093766120367
16.79555243106121 3.467780825529173 -23.81705545321899
4.396502476614382 -5.732651568097936 23.08124042029039
10.73937375831175 -6.194959457799619 -1.798813196549607
3.110257957733847 0.9372187659766626 -8.604525583735201
16.4591230093775 19.93802305110426 26.55187041601216
4.850472668944241 -7.145599663322918 1.681101827524585
-10.09298689830902 -0.7438803541902062 -4.246380167376646
-0.8847876256569167 1.485105630463114 -23.4154697541257
8.18059167159549 -2.587470671769678 -7.908959790158752
7.190582474043778 -3.039408392547742 6.024252092415106
-3.9861013608995 -0.2018253479384944 -15.49997693619614
-16.97264688920615 -4.335640006146345 -7.004376993198783
-4.773635562108312 -3.256290278125953 -8.600232365333015
12.42784381661161 -22.07166160433584 27.74979856101965
-1.977328525434482 -8.166720434551824 15.42445302376165
1.976760209642336 -8.161618423213836 15.42372784599489
15.31792202205886 -6.886495354344444 -27.43012743096939
21.37062835693359 -1.248802244663239 -9.315222636225046
-2.559992668463787 1.503609309912779 6.844151596144183
-4.114104963286438 -0.8627383664797585 -1.177100938265528
-9.473020030315345 -1.270231425762177 -23.18930149078369
2.963422419689069 -7.028321179609733 11.99236715956776
22.30284104391774 -2.139883873121457 -5.528439315572317
0.7880768008098048 5.368915506931325 -19.26238078919616
5.383116100452886 -3.795201539993286 -3.11002301732923
-1.52815467577335 -3.985888071499893 27.08916228906997
-6.449577645919878 -0.1857915790585465 -1.314587511650998
-3.775551322487773 -7.013673696507581 6.217143508654731
31.36976884611086 8.475285230849757 0.3487874532472346
19.25670225835113 -3.086128543401319 -7.818232555377812
21.37062835693359 -3.430369007725635 -8.624192403468983
24.85435988713044 -5.511907044047254 -12.8501278138591
11.5964613197317 -1.376526768682975 2.446047877323851
11.33754438007559 -2.96256959438324 3.731455306981765
-29.84644860211228 -15.10061648083688 35.4434688040418
9.208377142848489 -0.07076112371212728 -1.60216149317999
-4.068291336550354 -0.2696439505762215 -24.53676860792051
9.343893960784364 0.380591643558613 1.622137201953019
0.01441354753816079 -17.86808543747945 41.32875174202417
-11.68290751473091 0.3792996870567098 -2.867607409038263
3.415995143963074 8.850755258874758 -16.04178158564088
2.441904778389432 1.335315889476192 -0.8784261434874212
2.591885599248255 1.528190991974534 1.695723172662009
-8.631774639589594 -3.474208011739335 -24.22463265712926
-8.472238178312647 -1.270231425762177 -25.86967446797031
7.324693211407697 -0.4155400455866318 -6.367782870638436
-4.8587042323402 -2.213195479777948 -17.43999158668847
-5.366673697580861 -4.026010279478305 -18.45761556450178
-3.958170668315589 -0.4185671997441425 4.391202913860034
-2.015037844742427 1.690614714944837 -13.52506213880963
4.073187594534541 -1.537571074672631 -2.255615204112214
-1.665585100719541 -7.336426598079343 -10.31824130243154
-10.89201111773077 -0.300913495182709 -9.123299894382841
-3.920136025793781 -0.3239545832482609 -8.600849610593528
-2.349358480233662 1.233085299088133 -8.604940675290873
12.17875764582496 0.5952393694051104 0.610295371868542
-9.904941895242748 -6.231349694037008 -0.0003072350160292503
-3.092242679891219 -0.4785340332082985 -22.78992643621046
20.053291957859 -3.782289064525681 -6.452067585508733
12.56602877774211 0.2736725295170929 -7.50895898659614
-7.540935220152669 -2.724964599074791 -8.144904380355237
0.8838460975218041 3.437991814920212 -23.88935024391223
-0.000311676412820816 4.667530288580768 -25.45272465214486
-2.233753574989474 2.275981588687926 19.77066139155017
10.27743989922181 0.2238671134513781 -17.00901654562567
-0.0236344747917574 14.59361823250387 0.2197307242081541
13.17874257964874 -2.073511998286096 1.753458758203758
5.910382288278122 -1.034943492897252 -1.932416533898816
7.719879736659768 -3.411893601629373 -14.58820661110505
5.133044868015722 -2.039733608418044 -17.47089134728927
4.478487330381583 -1.540230574614728 -11.18382150479649
-4.514676152669741 -3.097288353908958 9.330804369074494
14.92748252736057 -5.026288947065741 -13.96418108467197
15.10588725167175 0.6374112222917052 0.1841258739276926
1.58083771528713 -7.102204791285212 -4.381930915348222
11.31993723437789 -0.04038207806042471 -2.401561740222149
6.189272244360541 16.57704857650911 -39.26983697335988
29.17903121378606 11.74481197743136 -37.06090543653698
20.27319510230103 1.494750977799514 -3.389949143998085
-1.467323527210732 -0.3363130583685041 -23.61470115706079
-5.226271072624427 -4.485318460690459 -20.72761152991094
-9.16101612008015 10.51378560592746 -35.1020831249165
14.06681706055294 0.7535153924450091 -3.851361517424759
-1.283434522338672 2.295777326926855 9.418113539255613
11.21689212344061 -3.579088520041219 -21.44084374524843
-20.17993146180074 -0.195558965501425 -8.519702553206102
-5.905181603072548 -4.29869748677275 6.624965514978181
-5.376399683340376 -6.797622189865658 5.174037367902634
-4.86921808374884 -5.636113654546165 6.123815314491738
5.12458896715796 -5.202031113370281 17.17149074763911
-3.870729363153161 -4.879866442973643 -16.37524374323727
0.06606143923038142 0.8454500558852495 20.06523813277896
-1.146455880105046 1.713064328078921 -6.884163831601633
-7.450580595536049e-08 4.943736729321825 -17.58715725741277
-16.72896449838901 -5.291022160357611 -4.455458837400061
9.484127922241987 -1.552791500355936 -19.00894042565799
19.41991731283985 0.8615986367842465 -7.007403219616194
21.66658255232349 1.215008684722335 -7.824495786548863
4.988990825855593 -3.734472548008432 -24.77908431621469
-1.667991556350197 -7.337012809071469 -5.19147342121672
-3.289022849460205 1.155243542286694 12.85212738580863
-2.356717282764598 0.4894826769567715 -21.32734708911003
6.670429055579132 0.8380745120709778 -22.59495370203248
6.575736370540054 -1.092026026375243 -19.71954190249453
5.435287722334597 1.015301249812019 -19.62113298647155
-10.78481368928813 -3.588881463029415 -15.01644960697165
18.24337752707584 -1.156510672504055 -7.569404571020474
-28.04048280519914 -22.1023581483295 17.73402047492276
7.414793667155699 -0.9538619277565121 -1.97439402074579
-4.326080181278948 -0.916359353527608 7.214215130253057
4.117537913039984 -4.739314847841274 -11.1841239327461
3.415127432652944 -5.175396531844146 8.981139876432664
1.272232273438623 2.045121482990352 -10.32456665300235
37.26241434238618 -9.48934311834636 -0.1670977479293305
10.34731150541621 -1.656976263415344 -4.687719003779735
-5.681561305837641 -0.4544469760808679 -19.14609679724074
4.63601399767547 -1.576758502227915 -24.44498770059099
16.87702880390484 -2.090579867362976 -7.387221370015803
-12.11544007854863 -5.532550979580765 -0.03774379513197451
0.3662339348664025 -6.920074752859111 -16.83411981000631
0.0006590568952671294 -7.86892293797183 -14.07422231107493
8.415114033257694 -0.04596645484829298 -8.821708963260528
17.09977718683066 -2.532300237084699 -14.04406792322038
-6.809977319113908 1.923740494181578 -6.94643600089775
-9.860270087672472 4.375318207577745 -9.784429152422716
4.265420888464143 -3.20194340683481 -6.026357311921075
-21.65678942494479 -3.1942884170115 -7.713129574314193
-14.04078614751705 -1.307455553746204 -5.987376498975242
-3.014050107337627 -7.098199115002381 12.84962516636749
-2.140751219560172 4.55128715245292 -19.28776811995184
-4.238133314554277 -1.619872694865448 -5.167818058710296
2.474670351914296 1.181082367422226 -12.75006275612734
18.37721682914059 0.7654348454311912 -4.711232456615571
16.46993637249232 3.216473189690449 18.71706954695389
3.460785587677432 1.426131122324843 17.19540832825023
7.82773435652441 -0.4071089233319629 -0.3174422372289603
18.06663379628665 1.31716857373395 -18.48974760239805
-1.40281466434686 -7.586621283969476 6.897769100264764
-1.427463058853445 -7.663974683378768 0.8174595221948183
-15.14725838636092 -4.659392922226567 -19.66836961683996
11.16929820557925 -2.942173361778259 -4.989019234678451
-8.220388731098225 -1.488438170797007 -4.171882315987174
-6.944049323414483 -0.1566343839289253 0.7143792114951136
11.75716440092842 8.105893355199353 -6.443499766261226
-15.132080814589 0.9843745494612284 19.72674725321524
13.29762827103866 -4.033726812072359 -5.34078327403665
-16.91982437995201 -6.575348675019904 -15.32016777956825
-12.62939618457186 0.5562830028419863 -0.6953532360695388
-9.516212635781825 -0.3600610809836444 2.928812829187061
-8.266564404455762 -2.99941813583004 5.334720108047365
18.56255918044973 -4.650851200362281 -4.047492124408899
14.86291049366814 -2.140222191810608 1.036326884641625
10.24139417980235 -5.411546309564632 3.287334105554176
8.293776566797723 -6.380596169236701 1.757065955946823
5.772747739270166 -1.720443313873491 6.84656481265066
4.619276044332778 -1.543786066729118 8.931628256896987
-5.630449530240756 -1.325201988220215 -25.26721838313278
-18.16509576464216 -2.12289834022522 -0.5442416191383062
-17.09706262385164 -4.733927497558236 -0.8858720361295321
-3.701323499127792 -0.7456014200641682 2.538589449026673
-8.233196076577997 -1.270231425762176 -22.04969880604186
-7.533828641043955 -1.337868213653564 -20.79722072070921
-2.278519478211784 1.144703896983958 -3.452622277556539
-9.283117405906991 0.3325997264315055 -18.64532977183142
1.462952894511317 -7.853661306558942 6.036534393302574
3.861830182652663 -0.7147285838632977 1.615982622812216
1.480243826032034 1.906769454791502 22.05186148336902
-5.325830212424247 -16.40362105274157 -12.08482745983787
16.69618458093133 -3.475407113281865 -10.89515386696741
2.175563370387887 -0.4863528907436716 -22.16840227058958
-11.17090000252824 -3.627305264434658 -8.527773565117679
3.314346682776184 4.198857953877969 -20.53032644317588
-15.28027899644155 -3.962152709439878 -5.711226619345183
3.731956194600937 -0.02762496609911658 21.48871537700512
-17.80265091489226 15.42476238449759 2.855457472185374
-24.73870686294316 27.99894203758522 -6.421142764192027
-8.770672487557928 30.47816670873395 -12.97222370387108
9.920253705213247 5.267960750499509 -10.98978861546662
15.12510678095341 -3.986340499029103 -6.663376228849265
2.650943695351289 -5.51939998932597 -17.55314034187796
1.374823535473757 -5.655496701233754 -19.00554590371357
5.781112269273624 -3.817679977488181 7.070365892773842
-17.71033488913755 -5.554718076425973 10.59648177306602
-17.81637473311016 0.444416682831672 -4.98619031100607
-12.25289743483992 -2.165427684783936 -5.259231218177776
0.0004421396634142205 -7.558124396284264 -2.673622012326174
3.995839491687922 -2.824717047205413 -16.69412602889587
12.19996271783572 0.949078404283564 -14.5840761610871
-1.063389194543295 5.565024572890047 -18.79744287157147
3.681547144753533 -0.8076815851543093 5.180859323146736
0.003327734111294611 -7.960332930484194 -7.742190959024235
3.068344197032502e-05 2.296113238412234 -2.594215926582151
-6.793495865124131 -2.787084624879749 -6.098861725548364
-4.710639775687454 -5.018609775019909 16.28443365744123
-4.503929439178212 -4.828833164392808 18.96593174530276
-13.34687924512925 -5.687719320277246 -25.1955031306326
-1.22970272033508 3.122175458217088 -15.58912583506737
1.306310985227968 -0.515435081206858 -23.42755197988118
-8.775310497239078 -5.777569111474698 -2.071067196765347
-5.313549942858134 -1.324412277779039 16.28678314353684
-2.111543286418966 -3.815922870260517 -22.03084432024675
5.775423631599922 4.780365388466796 -15.45410184437306
11.38482841228666 -5.29416155287783 -9.819083707129389
12.25046864916293 -3.511960065934257 -12.3943934314786
13.53101010560024 -9.930771100857276 -10.43062777082197
-10.08937457155856 0.2983779568280309 -0.9956091883397841
-4.302961497693248 -6.498071815198631 -1.284146330191324
1.807393297466524 -3.794585466384888 27.24119780925949
-8.194958971911623 -0.3354818797071788 -0.7366240887037617
-3.736941633173657 -4.554980829708159 -5.172326044238269
-1.918384125057369 -20.87281577200128 7.529015773321949
-32.2200314082159 -15.14386183902254 -29.64553371103378
8.213245247005652 -4.056007140256815 5.07861158390261
-18.77568570850998 -20.34093640890861 0.5504186146791792
-12.46583066621796 -35.48434728572767 -3.872307834359097
-5.035203917702016 -1.40439542251287 11.99535821992118
16.74228537397243 24.92399412572394 -27.79567123063097
-30.0539261124336 -26.91617913641202 -8.959262236640626
-11.83576124186287 -4.408597470544576 2.435576182113324
-9.893079129292708 -5.124901213845911 3.002829029211235
9.20146703706215e-07 2.422697952007001 -14.22924394314391
1.212119475821353 3.110026927692243 -15.59807195429999
-11.16733686815578 6.030926586520186 7.413652362873358
1.219001091685821 2.021627238951096 9.418084792056257
13.09664907306531 -5.188314155102964 0.3518502455331373
-7.446281416426894 -1.251834091116307 -11.09922689828257
6.975609303795187 -3.377714347229331 -9.928441143044347
8.238149821626592 -5.216790287448897 -12.10274169643223
-22.85198010766129 0.651911843199533 -5.200959855916139
-28.73894664633594 5.855856528365413 -6.538846601315685
-36.52404028794266 -2.079967756886306 -0.8973375486241419
-8.513465671106024 -5.039361086549569 -8.964875469328446
2.573204781059032 2.279827828346791 -18.88757671622879
-19.86110380188834 0.937036495438039 -4.634326057108117
-18.29582658420647 -0.5818956336784329 -18.85605140462907
4.636523789719719 -4.774188307727706 19.9339644440124
12.3831224901476 -0.2944493279284084 -4.619487523013177
3.700696046923291 -0.442437940831458 -5.171563260668766
5.029630472635169 -1.401525284162859 15.42719739127892
4.069843610476473 -3.72160189481584 -3.295670058361472
-3.686769731216519 -0.3147806353601352 -17.18081573210848
3.4164660001057e-07 2.187449077647829 5.985980894675911
6.220325020780087 -0.2988928620948688 3.931334706517684
-14.14139146515068 -0.04111685022051814 -9.204426813714688
-6.648858220546146 -5.209896502716584 -6.299426236165472
-6.445449322013522 -1.44835970735091 -3.00077697843741
8.387503385975297 18.47650295169605 -17.20331410414963
11.15131757031877 8.816521395777535 11.53809880807673
24.79535708530547 5.238846445469 34.67298488297988
27.22998429216117 -13.89046717801132 37.40960309834085
7.402040159995023 -2.964436556059712 -22.17150131421945
-2.947671085305317 -6.25248319304529 23.46356404447335
-2.75995983234658 0.5116694440908511 -6.884605700230647
-2.40579678148381 0.3387358635659569 -19.05380712207435
6.8894884870443 2.969727472118016 -9.801256883237517
6.631541148496639 7.773794333294137 -7.85004464108175
20.49213178464623 -1.243174652732574 -3.603684923433028
1.140055705403072 1.685996733873016 -4.310159981361663
-5.448809022369373 -6.336828229229875 0.8091632618564282
-34.0783587860416 -13.26560483517256 -10.25443531491188
14.10160085933167 -0.5401432317330688 -9.632380701811488
14.95904226170749 -5.170414227777387 39.60307874527655
-17.60065778369796 -1.006478319305874 -7.171510776829228
-1.723440093581865 -7.478370511233507 18.00557112405952
-31.41325803773658 20.03129975783209 11.35420039632512
-5.899157631508704 -0.3307842705867068 3.605362631146963
2.33590304340273 0.3071507937982834 -19.86378632464224
-0.2256677834275793 6.174564447086436 -20.16999719659717
-2.077743421629727 6.528743236502404 -21.1308644432976
17.49759872400378 -2.122899413108823 -1.311948865842407
-3.060428911151796 -6.603865039358328 20.83609142746815
20.04239551830295 -4.383078267130052 -12.80749823851809
-4.197195320949547 -3.19432368049329 -11.18406204008166
3.652771480697543 -1.079702359018757 -0.2862817447293959
-14.00662127546806 -10.53455250250073 -9.635846696114605
-4.538343024444775 -1.400065180733107 21.84162272876378
-7.711000558203779 -5.656335417009299 3.525151521229919
-5.654476442796192 -5.712800959708688 3.842551045512202
12.11848841647228 -5.177608380750312 -3.621828367031943
2.431473848906092 -7.137135933415969 0.8301324673122842
16.77857847548874 -3.901630801061651 -1.104927217535263
1.407062193111386 -7.075618872413221 -11.37626149361968
2.558490026698008 -6.443496978787246 -13.04003589637343
-4.01397043178666 -2.851080683529311 -3.61268912457481
-8.47524030650627 -3.015907574497899 -12.82226341303821
1.721019649520424 -7.4787459609208 18.00680231317527
-11.15570182567042 6.330494602526015 -18.32344285363114
-5.654839293211474 -13.56995992073824 -5.008090516734524
4.063326953077638 -1.655784783295765 -7.744149621760936
-8.843753494232352 -15.12038429476125 16.7646467044244
1.261682979160307 1.733929057012994 -7.74217425899778
-3.800648890207401 -0.3820407508440474 10.2776796678143
-2.925572463646962 -4.336336917627573 -19.15205052200741
-1.44908310270119 0.9250381779874397 21.79420846882776
23.72742169569855 3.329623686600996 -12.8501278138591
2.933894003497853 -4.350154405280772 -19.15999853613009
-4.344193572894778 -3.211127837898417 -6.5962719047686
16.35231150322218 -1.2416556002221 -10.21480023668633
17.97577696703297 -0.2311592790758439 -9.54466148466263
-1.143976591412655 1.547453538489939 -10.32261648233615
-3.966921558164317 -2.130522668361664 -15.84661058787583
-3.206313506216635 -5.545728437843328 -8.600201253401927
-4.336108302145648 10.76079784640561 -8.774419303535543
-9.6933556049673 -3.050697435182937 -19.24105319802342
5.371169475192609 -3.810870193923423 -18.49425516293996
-2.897818703969234 -5.535925519820644 -14.78124150272594
1.802701130751338 -1.207785282198083 25.57366145358968
4.323167989356488 -14.54785564464784 -3.872763385896854
3.128455118921039 0.1751804739171352 -19.34198063221996
10.42944422013205 -3.053214800170282 -8.241033141204923
-20.39480245124191 -1.249430060386658 -8.375151156012521
-13.91148540580801 14.3248048566385 -16.11444679431551
19.75960305141265 1.768705873685158 -37.10531494540999
-18.15179227775526 -4.943142024921375 -3.424552263589429
-3.53069718725066 -0.5342799409823513 -11.18074326694324
5.791023289528154 -0.4541830470448658 1.621815473036428
-3.997581727486351 -0.276421089023185 14.56753415400443
2.380323846148687 1.22553648248799 4.269806103230195
-14.136737184967 -4.163229415654027 -8.280428084640427
-23.98484128053255 14.52021741818591 -9.003930185722034
-35.49557859509328 19.71695200729972 -18.28390072777646
0.1978930215792682 12.96617347802018 -18.15104541414014
-13.20494333221541 8.125665717318562 -5.901386798400253
3.71774032085378 -4.546783052758341 -7.742126584909007
5.935201948819181 -3.873156495291188 -22.39332095859022
18.63161789054383 -7.739382562856413 15.30004469066769
-10.81537074568737 -1.957944788498079 -4.623763674267745
5.864060471777318 -2.864855560134471 -23.76469300355228
2.023152896386547 -6.423851797690214 -2.656125939754513
-4.123251050745628 -2.008386075496674 -23.88154802545409
0.1247358055412485 0.3113055567134552 -22.68627809571827
2.512669096586105 2.660075474341707 -22.10340978998084
-2.180854028265694 -15.2852917829205 -19.01030199164364
-1.802774357217308 -1.207520995317661 25.57387473517278
0.0007153898477553766 -5.387086550588213 -20.33437299890324
-3.455521098620213 -5.748548011825146 14.5657694451613
8.246077150777477 -2.982921361923218 -4.241409389674951
8.255195032531963 -0.6070643209836575 3.731367274938256
8.368371015989194 -1.851531380212487 5.330448045200512
4.479574755309534 0.2322330328501559 12.43369616221828
1.479668099200399 -2.745453158260847 -23.96613368236602
8.089987899898771 -4.900164902612815 -18.39146534991201
-20.55433201845726 -0.9381083705296738 -3.854625690049391
2.72093561284749 0.5740001303155631 19.75598083002529
-9.264154979016865 1.180464918552536 -11.21867909041782
-14.68582055821575 0.4744342009618774 -18.33730476176288
-4.444655286038452 -0.2770128108995471 -18.54004477763705
2.691833644801681 0.4585049205759915 -10.32751429678316
6.827326874485518 -4.389041994788321 -7.709042391129509
6.98975115447888 -7.359703121235258 -6.656409101308736
-9.300383248797255 -0.1235265950161517 0.8710203444316901
-1.217017699602031 -23.81738971969943 19.55550792310105
-11.67260100669537 -2.957134030152011 2.260649711284748
3.064463636302279 -5.409647732417671 -5.202076721828858
1.394648362033303 1.53643046592515 -14.13024286791768
-23.1675717913096 -14.95020325269315 10.49003072524377
7.18210006769088 0.1632558133819479 -21.00969069422038
-8.217507110760181 -0.1751251771327196 -8.741095567126106
-14.89170109218985 -2.14022159576416 1.024525116937614
-16.15802908961185 -3.143972233053623 0.05988414579057577
36.0033066847832 -15.5046941968912 -12.76082530557843
-2.535201115624869 0.7657273362170192 1.601049431480586
-26.52332240626664 -7.756815320698795 -15.38978282082286
-11.14264605976294 -0.5113298429357863 0.8055529530499957
4.869318547964816 0.7477026874082768 -21.63872412673279
-3.993807131794529 -3.221909984485031 -12.96043374574503
4.278495907761304e-05 -0.6641520118827136 -23.83696263524411
-5.330715553434105 -1.101689191288589 5.684207404632135
19.34639094522155 -0.3959255762688442 -8.026895172388834
29.01074821751291 32.33514748914487 1.197276180702874
8.810125291347504e-05 6.915527098621714 -21.46889814621283
24.10441983959916 7.124091842922087 -1.114447881166333
-5.556529743879816 6.43596625819581 -16.5660836295599
-37.68315682807275 -3.09585426116458 -23.52545378122162
-13.26695344975614 1.488248006381961 -21.66700904647723
-18.90916851815657 6.519358901949529 -27.45810032387409
10.60464765065822 2.321469608019448 -9.06357134495763
-17.90059000777395 9.53063052777668 14.50897714578542
1.286457850754569 -7.066707217333447 -0.9077827068841366
10.56816318435396 -0.6234206035261574 -10.17104656863072
2.303659327799645 -6.540351346951113 20.85177022039838
-2.857919748036949 0.2953688606736848 -14.02688052593911
20.10030621227738 1.276709647034865 -12.8501278138591
3.431277972373215 -5.732641519972204 13.70782454564481
-18.57099890141069 -0.9472329475584499 -2.168536754667122
3.005907274223707 0.8078963388602807 14.5672398602666
1.172384187737625 1.823574305320653 15.42379038576519
-1.197790699373378 1.931503729285144 15.42377295554653
-5.509192964251088 -5.464986254128112 -2.243181653417988
-11.11214554724193 -4.645421434340363 -4.793370943659673
4.351640955974672 -2.068671562626928 -13.81692091553302
6.860093316072043 -1.219489327389968 -13.2511818504849
-1.402752300877844 -0.7344325751350349 22.56175895357035
4.397404714174222 -3.169248516118002 10.2771496592149
2.400797024452745 -6.214080160343229 -7.742138618831191
-2.024526071908288 7.236870654557934 -16.81903754390707
-8.357562255180781 3.601109751555495 -18.48420094905742
5.855945827875804 -16.2858959845787 -11.784939947811
2.333883215602455 1.218570804567005 11.13367428918643
13.50457407177333 0.8244588790975373 -17.86793431769527
14.26280599244583 0.8746344015512379 -21.78453991863745
11.96091416350866 -28.15197718615918 -14.00610740000475
0.2960042537539201 -7.338748076110372 22.93643724965842
-22.11041013292827 -7.729157485109342 -33.59565913299244
2.235174179077148e-08 3.771257135326889 -16.57679117204071
32.2936181123677 -2.674389279842991 22.57435669373111
0.7730694546085859 -16.88903532913334 0.5225462346650879
0.001426789848144594 -29.99044863756392 -3.196315589455446
-7.392593704658432 -3.71596996114872 -3.144456983442085
3.361800445786989 -1.672771416631059 22.4646487165648
16.14350664499373 -24.99944814044927 4.27484368832241
-3.32111191391685 -5.640277238078935 11.13458498489654
-3.118634061735726 -5.658503294028858 9.380602161192947
-3.91795682847926 -4.643770826877858 12.8497904070924
18.08378766952349 15.19057064017022 -8.861732765190975
18.01107792156759 20.41660178055236 2.558410045103457
-15.82199114671863 0.5816719193537518 -2.00119709582841
5.713738517669458 4.97948760818878 -4.550531914414755
5.478195332762121 -0.9356513252135977 -18.96326716935996
4.459700153154431 -0.680489618101795 -18.10255589569493
-6.225458684086775 -1.142805344033036 -5.015358786547505
-1.333898560504958 -7.268427504140369 3.417418922201397
30.78022146204099 -36.95261396097696 -15.43484057467326
-10.78621873296595 -1.455522606960413 -12.28514171056843
5.45194622490804 -4.7908175191607 -6.309286444629849
-3.312605189900977 -6.489460637537155 4.277860317511518
11.67230391120874 -2.957010532487294 2.260023850939809
-3.322671058066667 -6.484389517219789 0.834575276268207
-9.568986642899237 -2.699296455026432 -7.440047638593242
-24.10037715058924 1.581831434503789 -10.37721170306089
35.71989659813197 6.942781937674948 -22.55844589748394
-6.126971942079278 0.5246603082687264 -21.46240901526765
4.84050966863003 -2.752733136033987 7.675636577898734
-2.634048600211386 0.3468686547327449 -0.01927640883875414
-1.088466960423419 1.468535815353943 -0.0203266730495274
7.567542431278373 4.28275738307191 -28.60835054217887
-5.86437977301629 -2.864526980157982 -23.76415161293105
20.11376003281969 -1.299450000748602 -8.117582611164119
20.54604118347891 0.1382767513175387 -9.01235385898749
-2.406674625132006 2.568774695515162 -18.58886511947765
-11.74668266868706 -12.45673510984152 3.493582004115297
-1.546707946498655 -7.021201943464451 11.13350727351537
0.8749228642451087 -6.2365634547975 -15.32450163296625
2.288804805977215 -6.121402903271681 9.731190820708017
2.657676014135225 -7.228604200656573 7.844132723543288
-23.97695743921518 -0.09177342714184977 30.87512562298491
-15.05569543541938 -6.975009643601267 -10.74586157952477
3.374458579933948 -0.633257379593902 -3.448689380126657
-6.105459644080137 -8.129453520827266 -6.908840390409582
15.11966956091855 -4.031483883828341 -0.06342825902130722
7.232331448523043 -5.058268850797537 4.370242552461526
15.620898771901 -5.077664899894675 -3.578791837661473
-2.631695102885478 0.3485671410564519 -1.733042778774461
3.666261986258459 -0.4576786860052561 10.27751080851063
-16.69341469257894 -2.089611887931823 -6.893017471313581
2.109886381802154 0.8880421595634331 -2.594493281650724
3.851227845911702 -1.583856194958398 -16.76765144621056
10.59373211077304 22.10460237059292 13.67530107657056
-10.71946582996613 -5.389154621189735 -10.66908695948097
3.538272875697447 -4.280092397888978 -15.56459177404222
5.110511954902542 -1.663326966766544 -5.366956187040445
-2.777617522745806 10.01102560917767 -19.73008280601459
-2.798283974548762 0.5622885928887178 8.557984219661037
9.854775057755408 -2.942173361778259 -4.233080953010305
3.935375382084012 -4.651470670082361 15.42377000830534
-5.767585722921134 5.053336111634895 -0.9428936857635599
3.934180593087059 -4.65248647387185 11.99190532218702
2.967699230494761 -6.510803106354775 2.553919772545822
1.283847474742281 -7.055208297151625 3.416873765912499
3.896091657483554 -6.275397126887591 4.284124356703054
-4.561373885891196 0.6302371480396387 -22.47474179172596
5.749185080716691 -18.6601426114573 11.76001788573332
-3.700892952955098 -4.983929079805042 -12.07221438684035
-10.49512515098051 -5.047372417312342 -3.019546521501211
3.833496357741846 -0.8187732633841681 -9.458037725150335
10.87161395018625 -1.074922698912231 -3.600278620409755
3.377913657591478 -0.6220747455758766 -12.04444607251477
6.077508031258012 0.4144290697791304 -11.46885800816772
-1.373752001467974 -5.647104285149569 -19.00335599333164
10.39142703655419 3.32531752220546 -3.66027422427105
7.72887870707507 6.50053997362191 6.146982222737845
1.491811674747545e-07 1.87600258732207 3.411749352687764
-8.878185660360151 -0.8468446447303384 -2.020533631232574
10.13736554518817 -0.217431442029792 -0.05663053196770018
-4.336010976497592 0.203792838820156 -19.91847284985696
0.1400685330095428 -7.382004846867968 20.72102847742114
2.945558535673101 -6.474901276563703 6.039808274175145
8.155887623199137 11.9535413267272 -19.78049819213785
1.614786379266187 4.721657960932032 -23.48091154455781
7.317381161991966 -1.782140428324461 -5.201909320472422
34.15126374888143 -23.79175972301842 5.728305643315991
-4.64586978951638 4.003651399667977 -15.42533153063028
-2.294180698278111 4.49570545208079 -23.03445196738406
-1.742872863141854 6.065503590302442 -23.28986465983204
6.319499194681593 -2.000401850925047 -7.723419913824348
16.64125684011016 -4.218701973640448 -8.566919468307352
-2.520408867918607 0.4714570929489734 -16.65059491081538
-12.33700411144588 2.456690382282334 -7.946454844213553
-6.487374360231502 -0.9212072482931355 -20.06631241039134
9.295106630188558 15.62678859805316 -9.328894646775389
-0.8296964235760114 1.449258413624679 -4.992801340802117
-1.621991395955868e-05 7.514425854613672 -23.21480974190919
4.198993072787017 -3.192646677749853 -10.06454241949007
5.935500494238159 -2.610692007194996 -3.02453663667049
-14.6132087856184 -12.57033753237894 -15.71040713793717
-2.37385257197516 2.161710119818016 -20.75886362347137
-12.83649821407543 -3.461709388726071 1.484370528049412
10.51707112207526 -0.3889237316306118 8.6123491460135
-3.302871181363063 -0.352871246532573 5.981295139374034
5.436229539747435 -6.108946987572796 -0.07986291650150207
-11.20226963649875 -3.281064358268613 -21.43220808986944
-3.455625368489952 -0.584501545136731 -4.073431278239029
9.009590872640485 0.1131815071546967 -19.93150088728692
12.28594263429438 -1.610127981191999 -17.12270854514703
-20.90217277353105 3.428538269462796 -16.8699919697785
-8.375157524746056 -3.013699770029928 -4.006032010496329
-8.167228266566466 0.5914298837573838 -21.16267609832951
-9.225043924614425 -1.766571068240701 4.2644767202081
-11.1171565089494 -1.300233650926066 -7.299980312124969
13.73352924944778 -4.695107184042923 -3.265961463394796
2.567798776941883 -5.500202380607659 -14.9086377368743
-10.43486606670505 -0.6704985510750276 -2.781621557629173
7.34104181357767 2.135151626450925 -4.252494858706836
8.18650840398336 -1.270232677459717 -22.44505438389523
-15.68496162464357 -1.145674300990039 -12.37408937258932
-1.302880028297067 -2.046273767948151 -23.72626562656757
-12.80036014674945 -6.259551462546438 7.717276662550319
15.8364702427795 0.6625494426542162 -1.978158251032234
-6.266502386619974 -0.7020606292137885 -14.6895137192233
-6.490845698049485 1.809844555674154 -15.78039134522559
-19.69777972521147 1.56135416613773 -11.23749378041437
17.92737277183616 8.291389301327257 -11.88110186276005
-4.098050111199806 -3.190389295601215 11.13352620527815
-8.729978480523624 24.23745545796885 -0.1369114391508965
-5.965580315878696 3.702174495137058 -20.43274114420668
18.33769820735386 -2.10037636756897 -2.253920027205174
-16.01153819560144 0.1792788098831033 -4.670514459186733
10.17721529650957 -2.350610966952559 -22.36240823033599
10.85720460530349 -4.091650067629947 -25.55062242668974
-5.474407534311661 -2.724898761895488 6.421573205926521
-7.93217432974788 -4.543093033800682 -11.15839041697251
-7.058985556201761 -5.077919373834607 -13.55570250029346
16.01709226406986 -0.7395673103840117 -6.654944873515522
-8.028146736779423 -5.60269502952358 -0.1025640465078636
-7.340725932300624 -2.965420089559442 -21.39156335988083
-5.797190199858115 -3.972288196737254 -21.66061814628099
-2.271563436489862 -6.687469424853383 -0.9041228055017345
-15.63340515398624 0.2222130868407053 3.463182649179501
-14.20295826819756 -2.181454186348399 6.47894947822066
-17.21499710847944 -11.83218890569053 17.0233695540598
-13.55196023150886 -0.5347709430350454 -4.728565496547943
13.24995755633094 15.01048673189264 -2.015048080126684
12.78962585482293 -1.182513832903387 -13.30070927313841
17.3580729200374 -1.082291745454016 -6.68833909669886
1.498456790080013 -0.5879454781742952 22.43131029273917
13.47410293697379 0.1822706235690127 -1.882439190027041
-1.255457744694836 1.230085318764676 -11.98303495686075
9.448685792932546 -3.625715654776635 3.887328790348464
7.365474499504126 -0.8763927010860827 0.9976762215682289
9.20146703706215e-07 1.347375816009838 -13.25336877113851
-4.689865954414627 -4.084924702840457 7.154747841709373
-21.04906254673448 -0.9086479965625536 7.178772956219569
-6.772466535451221 16.88590356391142 -18.71022416452796
26.79571645692052 -12.19449166503099 -22.06548303241133
35.01435142863316 -4.694012499466504 -34.59446189543944
-11.89275645121884 -1.374886961459072 -16.72837010317141
2.761719319731345 -5.986262747393511 -0.9218137651155329
-11.12891468389797 -0.7119551528362278 9.00872895496564
-14.98284443454186 -16.04464686306997 38.93194239959459
-13.95135470845528 -4.79246677735164 -1.33117979156662
8.059736634331861 -9.599519390787794 -13.00573365818937
-4.738204324762782 2.207619829846334 -31.85106524130432
9.028607984026152 -2.241100417301397 3.948750702227143
5.575792954138008 -0.870898648421223 -0.09665345982331443
14.43176417517444 -2.691646221508375 -9.941847387450418
1.046301963726622 15.2260060117698 9.123227824392405
9.181839195537297 3.59414858772749 -16.51808660671069
-2.029082079140001 0.9055894911651798 11.08440889924281
3.677761310254753 -1.759031180215979 -6.026763758795883
-21.37261581420898 0.2147046655117091 -7.867926072605539
-21.37261581420898 -1.249430060386658 -8.645535605644609
-8.022973604233682 -5.839709814175213 -18.99186703015996
-3.963743810142033 -3.70518570378423 -18.03414018467872
21.85862109935433 -2.994722060961328 -6.958299475021417
3.981202350967822 -3.187051482993164 -12.06516224552271
1.02042669696805 4.009429519807098 -6.00044693863946
10.5121847040149 -2.649441829007824 -6.561580643996728
11.71320296585016 -1.649723759289562 -7.682870114263957
-6.019791582776094 4.937978052495525 -9.947966465744159
-8.604813551188439 8.452023547499861 -12.41961133173064
-2.807585298317122 -5.709886349683728 -4.441381134768508
-19.49384973860078 -8.680984035297783 -11.77071883384616
-1.925110678662664 -6.299830117843072 8.566808584823958
12.14401959886884 -0.7858633570259743 -3.178593303787178
-5.438852949287624 -2.312432262373021 -4.132180748413952
17.16635946039497 -7.42167294911731 -11.60796671071945
2.932326770259948 -5.325253184265854 -10.31733347259432
15.6305032678529 1.333139344108031 -11.04292616473104
14.85343626847867 0.4882819561253475 -13.44148238319224
-33.09094204596012 0.2002603193068264 11.14277115705301
7.765727621671606 -1.476903176334948 -10.82544845272711
8.833443539477653 -2.643986384814955 -12.6174788903387
3.221805532629966 -0.4475557943992013 -17.56177765861685
10.11195366796643 -0.7721836686924699 -2.422306996343057
-3.995180925327761 -1.917185655907637 -7.744072558041158
-3.809437850035405 -1.847989458900384 -2.131862780387709
11.3695476379789 -7.344730261421229 -7.211969861250905
-28.57095880176625 2.614115319656421 1.61778393248404
2.05279876306371 6.513644084526771 -22.1713755801904
-6.370921953913117 -2.82005025343255 -9.870012958657014
6.586076670092394 -4.326874681109794 -2.655042429879976
14.02969216640158 -2.274466385015513 0.2849659038804887
-2.500458974577915 0.343789851270994 -10.17113206417213
9.777827340960641 -5.577752111810697 -0.006169106599017704
1.701218643188344 5.049603755632417 -20.52199104361206
0.001698103985617649 -9.276200128757941 34.64722400668365
0.0006491029781416913 1.150445308236325 40.3543520717472
0.001657217703027014 -7.200500870197098 8.659789168054933
-7.448381701954738 -1.042171797688828 -6.967135920441684
8.412543371895344 -4.721408076225325 -3.17674996364234
-9.034726191276281 -41.74885027839531 -20.85034868725424
-0.06820884451229439 -0.3941229837510667 23.45832632175241
1.025813552931189 1.200358431377965 -6.026215078867518
-11.74742885319928 20.44122952109336 -28.97587255073374
2.81870601394478 0.001182674423914731 -14.65292811346901
2.078844717131034 1.640522005059313 -17.04032852905114
1.459884774580226 1.097529079491543 -21.93316307598684
4.769751018177402 0.2777390374159621 -20.93689512050225
7.862870871845066 -7.788594818785061 9.20564011117632
-0.3449205685788734 9.283786841860891 -12.30100843523625
-26.54386911122987 -34.67762739587238 6.07219576588319
7.904463704791956 -3.638926827004083 -6.455717638731937
-23.41912276989325 -1.249430060386658 -8.483176065197334
0.001308373986099953 -7.378952810004605 16.28309843189994
-6.359053089968313 -1.150952306338596 -8.692020193894189
-11.22177794694976 -4.676028082505943 0.7755828092381362
-8.285267853449408 12.31985814034423 -3.201519857693082
-17.13709814740245 -0.2946110372103283 -2.506573999319651
1.055494116202728 1.328464831676899 0.8377156343907172
-3.5250867814512 -5.571334120596289 -2.255719941774119
-16.11378986053566 -1.10005622164334 0.03938542860542671
10.58036929858126 1.534503664187628 -6.463674469967372
5.319267403739443 -5.651503277490823 5.421961139388118
-5.826076130962651 0.2548063953904491 -23.14196894170107
-6.971843429733643 0.2221574814102285 -24.87733699042993
-18.02802694658213 0.08913811640442049 -3.598039297411524
-22.18300888865435 -1.601512926234698 -4.716583416573307
0.0001943609513508915 1.750384549897562 17.19694544332583
-2.257026462492417 -6.003048585321074 -6.88432605342533
3.789490835444673 -2.749792206955748 -2.918607173675076
2.048146505333477 -5.804031497618472 24.43735579032435
-7.443110097742109 -4.128172768758126 -5.153211730575575
-18.84559634177661 -1.543276554597122 -8.19689910732818
9.995024899493863 -1.631383603602778 3.077882046909146
-4.112637175632653 -2.150997496100134 8.073313806383311
-2.491609968182722 0.1760038043663602 -12.00231414737733
-1.595163895598753 2.7708056388347 -22.86416867755003
7.388777101280938 -1.828399446442703 -3.307108942647913
3.777445697415187 -3.142292989933714 -4.613372814313419
-7.722259228766069 0.6321312471412657 -4.976478958345301
-9.751182221580738 2.595928422964468 -6.248137596739627
5.212027544754767 0.9803935922101732 -9.451926019325242
-18.33568553627817 -2.100278735160827 -2.255805179767799
0.002106227413875172 -6.972425972885633 -6.027376417211614
-3.137241864756431 -0.6724924633965684 12.02817721112671
3.543020753647456 -3.553805562094285 22.69085351415
-4.236265660798492 -3.932503737538655 -22.69743848241564
15.36505847445924 -2.127156257629395 -6.601891695742286
17.6955636737325 0.31103985213406 -3.276224066879034
-6.624385519098066 -4.244539362498944 5.42087301196852
15.30907009533661 -0.6282853948625327 -5.438495142706867
8.444919164750111 -2.07429494569617 -23.18922233581543
10.57111041432769 -12.93333351000963 -25.49543278316028
10.24739376969585 -11.31770517412984 -37.48023701881588
2.541065949851484e-05 1.760254366687735 11.13368803952098
1.123455491038086 1.615470147314606 12.84977894643082
-1.912495722358997 0.9307661561519054 -17.95490442203341
-2.677458197061715 0.319388742136522 3.412478886824476
-8.20782338989242 14.87420997222486 11.79735460305607
-12.52692477290291 18.01999694806716 24.56126756154415
-15.76865616213578 -4.172360328966994 -13.42305766843489
16.37756136662754 -0.1790433117536263 -3.264208719257521
-8.846173780819614 36.93220338397107 22.16412623152168
1.371423953226039 -6.55467256539158 11.1335740690839
-4.480356971255175 -7.75943363811724 -15.95940185270838
-18.64207252713442 -1.773882370605428 -12.42988947307297
-18.169120937893 -2.878901427584561 -15.94233572539161
-20.69769818751463 -5.093912370265347 -13.56129727939258
-8.537263287601192 -7.169638006871659 -6.135038794450669
2.471698300828685 0.1710684501102764 -4.313128746621289
12.98318092376691 4.25532962064225 -12.94520894489916
-7.990138256688735 -3.443178952234181 -15.31699660013717
-12.63852019260732 -0.6695222711916786 -14.16971332697929
-7.910957399902166 10.29315549624026 -19.0977574792045
6.471758942428133 -3.504347265814665 -16.6444063190598
-4.891659677244935 -2.626125377746546 -2.587270942409701
1.446941690551161 2.855600808468868 -22.65775759450003
6.046961032974259 3.142212150372924 -12.64456981607356
6.199454343284078 -5.811967702699613 2.561656345117201
1.115680190417402 1.161010589501436 -11.92321284680723
-12.18047052149953 -4.804917125542365 -2.657914620403007
2.830147289995655 -4.244325258359546 -16.78830497267938
-12.43432082027286 -2.019879618503975 -9.79401983880004
13.43198746052447 -0.9897445115075401 -5.496504628265045
16.57294220940192 -0.3017067943690719 -12.2160199964839
-3.287251637137661 -0.6809282824282655 -6.026982733729168
-2.450623082661304 0.1421883974589501 -5.169010452824261
-1.549072595348506 1.463229764034294 -15.07425655534887
-3.705724153747253 -3.291832314275509 -14.75099844491153
-7.195183852690674 -5.040485291150735 -1.756515104491073
12.49150520050187 -2.750728124399061 -5.103022595336141
-7.861800593051789 -0.7189390079651878 1.662998428204826
2.143631189905356 -1.60325716494369 23.73149026158115
3.274364036578574 0.2459846315302656 -21.50122411172714
2.555011946295461 0.263719713194694 -6.884499708346146
-7.412126042782525 -2.26774184863476 -3.22498344361804
12.19761299020853 -4.985695525464896 -1.738603500724563
4.511850418667242 -3.207397578082115 18.0742364707083
9.201895830824306 -1.725090324657702 -3.810513975381295
8.866425033506015 -0.811454335623966 -5.366677739959652
5.17820265234351 -1.245816797853817 5.37356095406057
23.44020385920344 -1.248802244663239 -8.709279491577158
23.24799864344907 -1.241912841796875 -6.954801000172668
-4.304512642951311 -3.201383213103031 17.16243859745932
3.560875481561185 -3.882222657789345 -20.52326997387974
-1.049975595311334 1.304986230403871 7.702076684038094
8.218844760537358 -0.8221327877665812 -15.35704936755973
9.61040843814726 0.9775853380408269 -13.98012144067815
2.233741513391915 8.972470399358466 -0.4005007369107672
0.002134664411773179 -6.979771621312394 -9.458406347710117
-6.278167364254282 0.2205866369489312 -12.52098799647906
-1.867638231742041 -13.14639728906687 -13.85985739796237
-5.909607230648236 -5.802100976976954 -11.56611747650735
-10.19420095520264 -1.46361306181763 2.742143969032683
22.71819022520197 0.6910998407372573 -10.08051902976714
-10.31798860902825 -4.781467284895836 1.703214551635619
1.586136370188578 0.78906750496801 18.62421110723744
-3.586522169928855 0.04374640697543275 -21.48470938450288
-9.69546127217837 -11.23660551536778 -13.25708912117382
-5.841221612101824 4.802008943761457 6.602267399119008
-11.13371919347624 -1.190350179678326 -3.744685868388438
2.446021360684772 9.282353710966738 26.05569970034389
5.880013035085138 0.253028339197135 -21.50021350321883
15.56921164367538 3.511625364076296 4.225613798094328
3.942474084825406 -3.551499064411912 -17.91987790105849
-8.825550967560854 -11.41759948545364 -23.66827452211024
3.743537360440849 -5.469783048090084 -2.165346572249823
-25.39530962908503 38.96644343896458 11.35934183834356
-3.408797898557236 -4.399828923260388 -6.884228908616077
-9.786510918543755 4.957554851006748 -0.06624700257358285
1.048574573824242 1.298155009632159 7.702078248904701
-1.000388368096222 1.092964441431357 -2.594270521903093
-2.517612415868697 -6.380664606347509 16.28386487466202
-1.491340739868147 -6.496137868029859 -14.13153654447185
-19.29048582917171 9.910118992880239 -13.96776851312221
16.50112205260069 -2.122899413108826 -0.3656008330987071
3.298864689556789 -0.6658828215706508 -22.61739722471443
21.89328242852636 37.69025760337593 19.10708449802691
-13.57071802490672 -5.509685165346895 -16.45650944567706
-4.990546281973594 -1.318091312196724 -18.37788088975984
-16.70618723905546 -3.125136752746178 -9.031339022585959
10.17721529650957 -0.1675448618182867 -22.36240823033599
3.489302776839006 -1.401025503774553 19.83885635946952
15.46999400341821 5.374504471301891 -5.124679342658437
13.43023746676985 -3.146930448419543 1.054793781438611
-3.886469533145822 -4.330167169603867 -9.785022456938627
3.93270660293523 10.17630950682027 -24.08322501615612
-5.787983536720276e-05 1.992537627960067 -22.96493933037165
-10.5425891096959 -2.962551474571228 2.84660174501628
0.3300959738173725 -1.994959841498878 -31.21930628351142
4.535243634132541 -0.07791012558935297 -22.46712629045728
3.714467761072408 -0.4238308032954347 18.08831553004016
-4.981808992363648 -19.78249130557903 -27.42300975867712
1.36716701643855 -6.540061266529205 12.8498658987011
8.508637360851932 -4.920936383705038 3.077158234811659
-13.19544780647666 -0.4903807073125293 1.273627119831828
-10.23271137078478 -10.77465982765502 -4.724355165235195
-14.92271632839057 -16.44135590340689 -5.309179008198097
-16.60774018134222 4.369071820012451 -1.17476326784695
8.851958753805429 -12.47608963861818 2.691317535606323
-8.128198175433603 -7.600660476107683 9.728474754847635
-2.733571402932541 -0.9331157182996854 21.94745997588698
-3.555309499004329 -0.8088167717191054 20.16760180319439
7.43321175461133 8.65324762445662 -13.23336169941655
-5.740841672020441 -2.83050950919721 -19.51967658922658
3.61908903135042 -1.313694153443222 7.319283486411416
2.515035090737499 -6.378039259479474 16.28269344130031
11.45574956558441 -0.9162065125279739 -2.252613376376458
-1.377513705813919 -6.58266557603055 -12.07034970822678
-20.5532939542697 -11.47001456833163 -1.275017479924971
13.56728522599337 -3.575750846909561 -8.086684089934325
-20.94436959485239 -3.45209285924867 -6.087592578380396
-3.380959380993117 -1.076505381123531 -0.09360525613106159
20.67154875652276 0.6151169106685093 -4.954395406040509
23.48848868977319 3.844985312863169 -4.972930428390995
5.291980545937136 -3.318401006706272 -4.8749052138871
-4.949718257923251 -0.01969749563838707 -5.675445748102528
-9.266423654120558 -4.379679255830036 -3.985974245953773
8.968397690787866 -2.64196251856035 -20.28007925458196
-1.207323274243263 0.1347786506261746 -22.00537700348473
1.017350347539042 1.166339774909877 5.127855117664185
-3.114504055000062 -0.7387904689641158 -2.58948196833864
1.629181938530567 5.25155286676087 -2.906453388512753
-2.793940827062857 0.5327696645638993 17.82176000954935
-4.820393551715533 -5.362053580275459 4.715014440171116
-6.650214103728738 3.065231209652903 -12.39205608113756
-3.996452336073588 -4.149925152654797 8.191605632069487
-3.950926557967944 -5.330387373967885 7.334825108104536
-3.436846516942538 1.829749773037447 -27.87579355684489
-15.27578608630082 -0.6570979827806764 -5.670128028223299
-3.586046379925664 -4.22071484075932 9.684131850407148
-10.96806218773918 -3.061538043717914 -4.649312656305916
4.891692448599578 1.415433137530653 -15.48551923242621
-9.464716708019012 -0.4819789014630591 -16.12287724453262
1.367046764651827 -6.539623906562778 14.56580759508646
-2.143662455638563 -1.603266781234953 23.73147639657265
-14.96355888248366 -4.523668283010926 -2.504544328104489
6.624429715577126 -4.244486868382969 5.420808764662754
9.420590574549731 -1.633019542237304 -8.957581606916492
-3.736211680548673 -1.739581448319734 -14.29281431760422
-18.14545681864145 -2.089611887931824 -7.244215473309765
11.19515764392757 6.962254751956446 -0.451582964772411
-3.548074642108991 -4.164947077351689 -3.829714187677089
-8.256690547550184 -2.280394964697449 -5.594421997211374
-14.0008828278576 -4.275101746122477 -4.377872774151459
-2.469792615351721 -5.032386890537006 -16.25004747479862
14.31420165446169 -4.299380006357739 -1.680300669169403
-20.31484434199291 -3.326319405510823 -10.65494724925841
-15.66230840526337 3.7141691542205 -5.296718836417458
5.034115695761849 2.063438366203775 -5.340101798598681
6.463077170365551 1.723294755272884 -7.391076773282228
-9.237049102445063 -4.12347928835785 4.169086071643456
2.949522823942999 0.1274217168505041 8.548485530124101
-6.761476622924746 -1.827725022464551 -12.9903680741886
-0.5461687111809522 1.494700384748224 -8.602213600362816
6.106099093705448 -1.546517215898572 -4.162290919286121
22.10274316753859 -13.73976529333421 8.547632669252961
10.17721529650957 0.3633929674739032 -24.85934064609631
15.22700653165578 -0.8367492927723319 -27.19318305095687
1.031638648138786 -2.078355252742767 -23.40480197009353
-13.04552208304442 0.02034457056496863 -7.355169251232757
11.37013610538749 -4.976982167785314 1.180716536520271
21.37062835693359 -1.248802244663239 -8.547103977918905
-0.1153943158311854 23.46160101728755 33.32315378116321
-3.640417339403925 -2.102481722831726 -17.0099052339554
-5.261675861732123 -5.593079668950979 -5.145263414811255
-25.58769204754137 -3.880967242141681 -12.23033535462674
-23.04433542567924 -1.251302599906921 -6.962968589131248
12.81435393857304 -1.303737460930858 -11.16330413915805
3.309420258464223 -5.61105753343028 18.0192487340628
12.54257678178399 -12.14312648315208 -5.94291170247595
-8.600784072830015 -1.270231425762177 -23.18930149078369
-8.144528689959481 -2.827931139841784 -22.6108764241975
-9.03690205157268 0.07778523785738045 -22.41954256277283
-8.178944156541842 -0.1694213811180389 -23.18930149078369
-7.067303340265616 0.1336435266843325 -22.46317935831456
-6.0201923968411 -3.022165536880493 -2.80163840878913
-6.890822843936232 1.783302206515932 4.740919698128808
-2.23616267238647 6.628333327569372 -8.409758267262003
10.03842166533207 -2.091562700269987 -16.47120749352784
10.25596658332582 -4.144636104065971 -14.8111168749958
11.85596775202454 -0.40727831118749 -0.8925530300181117
7.795600930271766 -20.66407484575522 3.677947283087424
-1.233995756813346 -6.853527629310081 5.149730194193185
-5.114260579556978 3.75416066976383 -5.431201496362341
8.016061862113764 -0.7885783872262655 -18.96132781076689
12.69960820247175 -1.64855213932517 -4.734300634567257
12.96124851552893 -0.2849161210779343 14.12054794929457
28.86062307636399 -5.719510178777695 -5.065179507489519
4.466555003563876 -4.147248611099571 8.531332384128
-7.108073667652143 -2.913831682853372 10.62852012461866
-4.806349598000861 1.173019470350312 -16.60931051855115
6.675601950619233 -8.420886047380412 -19.95730596447881
18.88916268899359 -0.5344723081524659 -2.71498492762003
-0.001644280240842566 -4.664644166573682 -21.83778315482659
13.44280769269281 1.993890371414392 -9.30708598485948
-12.62584851761592 -3.265481008010402 -4.791100024027995
-19.48367081301988 0.3075949951524108 -7.202253165980293
-6.533469697501641 -8.311449707347297 -9.932060777185827
-4.304682332682431 -3.795207023620605 -2.867337332992442
-12.30632472450027 -3.744914957870591 -7.130627022284774
-6.392692551253495 -5.18441200660973 3.079545227925403
-4.180566363369816 -3.05513860581638 19.96933679417251
-26.67442855070207 -38.75081520596034 -21.99699588780943
-3.651089335026311 -1.764528483836359 -9.456745165358752
19.80450914661288 -0.2508628583201897 -10.67829942037362
1.976264252994824 6.305741871012993 -8.553489897053023
13.93505593441754 -18.67706771602137 17.95655099688183
23.08586916068226 -32.26169390736631 17.23126599233939
3.434429359923454 -4.395933120376921 10.3222877850366
18.07342967805747 -2.331803394887998 -7.260486664929927
17.15466437102771 -3.427934796313987 -6.613574917717246
3.629465279446798 -1.778642497468555 -15.24266844331754
11.28681878526198 4.52406364238368 -6.971329597102838
4.237652272644199 -3.847754111549745 -22.36600503652597
-17.08832575642846 -3.925292767004714 -2.349668107711091
-1.350764065272366 -6.497970785398741 -8.600208840698828
1.915727261282283 24.92905651910901 -4.482668804793225
4.869718507460468 32.13242800238764 -16.27685393470264
-10.44397502282597 -7.691499157462648 -16.68952896763961
-1.419668171157708 -6.68150415412346 13.70778645950308
-21.33554972705151 -17.78172467540676 -20.56728616323609
3.583622786531973 -2.773536580422731 8.747094104166074
-7.223030075975689e-05 -7.022048287466544 1.691429843617905
-8.493174019881733 -4.381174994998186 -2.906853090500972
-12.28612954844603 -1.985311304404523 1.790996266755451
3.414406922922247 -4.402660447474819 -6.285920327349769
-10.80443932996797 -1.921052941514513 15.42383077985739
-3.763831488350966 -3.04923060506863 -5.167914270949759
10.74668415418274 -2.081775311127285 -11.76580432807143
10.21279036104192 -4.221739424061385 -11.91419603261579
3.102268003603466 -0.6862245499035662 -1.733241528786044
3.658971322257481 -0.2364829869366885 -20.31116508255269
1.899373101206858 3.576571040492571 -19.28330255841418
1.885679090588095 -6.471247826168212 -6.026840839235146
4.024484297428994 11.47707098766863 -10.45647670767786
19.1565892152646 -3.126077643213999 -10.27665142528644
-6.830792550008451 -0.900195934949876 7.373263816255267
-6.957959285111269 -14.47763751200782 6.120609408515937
3.505517097257193 -1.810325674048677 -4.313258157170726
-1.674603061394457 -10.29454710715245 -1.796418619821603
0.9727910881492409 0.9762095372043962 -1.736332151305263
-2.006097946759217 0.7029029703152911 5.127795118891113
22.31248782039403 5.186820462269199 8.585437098056708
-14.41038209205673 -2.439660897608305 40.38903897298596
-2.08652509775547 -0.9893984100981309 -22.35232885157873
8.464954780507137 0.3090890917278024 -23.89570368154872
-6.182607125242891 -3.857409295115469 -7.515009326982203
2.097721890584539 -5.844032810776381 -3.798373071143898
10.83657133654972 -3.318964562785758 -19.25113583800601
13.97937710786657 -3.250423650792263 -19.2026101099173
15.8404201905136 -3.714483599934327 -16.69073164602993
3.521694033877879 -0.5480559543501036 16.28557916791175
21.81619196628824 -1.186153509420419 -4.007581409193971
13.54336291301306 -1.950539406136655 -21.70335908293214
-5.355877945321605 -2.548748569377139 -5.63945448655512
12.48183341941585 -2.839632151610112 -15.04285440278932
14.30809997370479 -2.846153444240261 -13.67292318320315
-7.330612488592733 -4.631064589098597 4.427086562507323
-17.87750421483372 -3.961885885162987 -5.965077025549196
-18.3590422944369 11.19557321744782 -21.34220864878882
35.39660684571302 -11.42328173907914 12.02615350478919
18.98063740810875 0.4423374755740104 -5.80844358623958
15.13532864735813 -4.142379984501964 -4.962299614781969
1.999263779928538 1.980609837364187 -20.90759811899848
17.44562161614882 0.3411835774228433 -15.09980638213203
-5.05080000638178 -16.90634635715731 31.14841001243214
25.66711162037831 31.3365169448973 -15.17199441995825
-7.427792781808741 -0.6649100339146459 -18.52724129096401
-14.22217710718269 2.115142782894122 -14.04998726276449
-11.14892589579814 3.063625278203403 -13.20753777066923
5.172612644287852 -2.24099741069359 -6.764940074126579
-5.783102043224501 -0.8305786192286608 1.584982157296527
14.11889068685367 -3.514911879194174 6.698789493868556
6.977221854386088 -1.43145220120798 -0.6609683885144837
-1.33681584590869 -14.10608265774994 4.579962439370254
-2.505067695739472 -0.2434113623465859 -15.31932355762831
13.4566737337765 -1.493452197069473 -8.201281197498419
-20.62899643334926 -28.51641118063537 -30.22016630347121
18.12878900212663 0.8616838379890641 -11.35882729211215
1.400927254241939 -4.668736785674954 -20.89249443940303
5.125762479484912 -3.022013545036316 -2.463581025301523
-3.94424280643985 -1.6333257052282 18.09583008406594
-1.733348934338589 -5.415032966592159 24.56887193135296
-0.8332670728714324 -7.830958032820133 -22.43271837427957
5.325178685430492 -17.04070295094635 19.60726844039432
-0.9987181200217058 1.13064016395341 18.28763516679486
-5.608703101739333 -1.668112504705265 -1.978348107132436
-3.512578737400971 -0.5548009061009097 16.28573697948009
-1.444567336979358 -6.721271740762344 19.7432667757322
21.41252130851196 -0.2328023477874241 -8.129304655928442
11.23722005835453 -0.5558524406217049 1.011361369474231
-1.750886440249344e-06 -1.863990424904179 24.2217605024213
-4.37838040669839 1.706923289298351 -9.458365995742515
16.83191729217898 0.06588780139645944 -4.924218822460089
-5.629564680412032 -5.129083245373876 -31.61870583516318
-16.69745067882566 -0.7893080522118594 -1.333629655614877
6.912878245162708 -1.356260299682617 -25.09622712747446
8.910312379925298 -0.9651088299777077 0.3154088482443068
-4.326814712875763 -3.20823423261525 14.56641346279387
31.89990893101926 1.456673671488107 -4.403194523980321
-2.752060440496561 -5.969396037231333 6.922147906468946
-22.149003500214 -3.947774011839164 -18.97693086053663
-27.0502956958825 -9.546796389633938 -24.41611990548392
-26.73391948724507 0.6354008050691737 -17.97473470635508
-8.254033194567009 3.214891377732513 -3.910254375766623
-25.58661381958662 26.62273064885406 -33.11531397676329
-15.83573726429929 21.33149707862948 -43.79730218261481
-0.9988523227481774 1.087504235698022 2.55375217086284
0.9988315579577227 1.087495644483576 2.553752266807174
3.949933493057814 -3.17052199479339 12.85041007730813
3.815858494314984 -1.723410302493256 13.71023803928884
3.815201558663712 -1.725306616977531 11.99503774751003
-4.658721842857645 0.4911245268172626 -2.509095381627186
-1.360507551383488 -4.578390384409327 -20.87360169943448
7.174034582725763 -2.286917653656031 -21.00041361664303
-3.365550235134668 -3.257449289553398 -16.91017600392776
-6.395137268678352 -4.274122668927895 -3.921653015224533
34.17154206273927 17.91384110831728 26.34831050727266
2.853141937802798 -5.29601909296685 -12.08265213923178
-19.80880098673057 -3.101116314495623 -7.289819372387205
11.94576810926675 3.820738353237737 25.26995776233205
1.555053673836686 0.113363370870935 -21.16559872361206
-14.71360922244903 -2.205501363884945 -9.683772293626536
4.577346832438558 -5.740969454960829 2.548011932919086
-6.037740998698535 -8.791455055534959 7.548358200363825
-9.245124895543482 -1.472380488440634 -3.210194331352321
7.058628265169993 -1.438593256689625 4.672923407710097
-5.788369375428842 12.01379147220904 -24.29744960838973
-14.7036345524732 -6.659180528528132 -5.733406850478152
8.385838591098702 -1.95858801118101 -6.419656641902722
2.448394256922175 -0.2315032191976489 -16.31693750011366
6.221828639675822 -0.1157452636137783 -7.877418000470136
22.34487562379314 -28.75446715516514 -25.2805355943856
-1.144971405529092 -6.146037189434796 -15.30634386691209
-3.610086274373751 -1.746986088143115 9.413354249009144
-10.794384305792 -4.641931940312747 -6.601556398335895
-11.12635729774548 0.4347757015350995 -21.321972722622
-30.76725332702133 -6.14741319256374 -4.610477982220519
-2.682991948766738 -5.211950717897978 -12.99185703460965
-22.05356730635144 -10.54344355285972 27.12083866472376
3.735156900980463 -3.139663819526942 -7.378256282703572
-10.34473821085317 -8.747735526370027 14.29704688133222
5.968332047990449 -0.03006801209566179 -20.34244890457563
11.21689212344061 -1.288967505258425 -21.44084374524843
10.46752648601645 -0.3499269916308739 -20.38912258204676
8.195638656616211e-08 2.743628603467583 -15.82812475614423
-1.784969334727586 1.990063243694555 -16.69685056584408
7.140036936060183 -1.337203461580116 -21.18788439276942
2.375665250643545 3.540816991928609 -12.07062684214803
-10.48552933070252 -1.604675034786196 23.71042286528842
-1.62199139594893e-05 6.680552290013757 -25.08377617378829
-5.145733181687044 1.5265235529224 -0.5209748001180019
-12.71541248774239 -4.065860475902585 -0.3076849075336637
-3.61115563978464 -1.339918252007942 -23.10459564016261
-5.616868466242 -1.046807973633839 -0.1257746103224561
7.444897898233032 -7.304307238330273 -3.335722150457472
11.17058136904915 -4.234994542391106 -4.289380839531461
10.45567815045648 -4.707489089815086 -2.942960455094807
10.3966368114867 -4.250269987040042 -5.860472987107586
-3.572975535130461 -1.778573837433786 -12.04790203101458
-11.83551008366557 1.306367580015464 -18.82541642627186
-2.092222139926369 1.053812957192205 -25.21922729529001
6.92318458663377 -5.345485031097602 -0.007669626519705042
8.119108057583453 -5.172918423859926 0.8289200334777069
9.640737882988818 -0.92570280052155 -0.6597398197456861
-7.697073417728646 4.105541313382739 -22.97034753123803
-11.92377238658831 5.092300461156308 -23.87059606430756
-7.260085599411465 -12.88476320805633 22.69894151913088
-4.539082389673778 -7.319251315801804 -8.600788793849217
21.56072827353688 0.1485474451633235 -6.933324259337086
2.98255834135605 -12.56649757231059 -10.95816458768767
2.531844839216729 0.2212190761811312 2.55521038086646
10.55036172527807 -8.01635521633318 -16.94980621694747
-3.06019682425636 -0.8077261130104981 -12.90579781695312
-8.937251463118271 -1.843261581318179 -8.924063554147072
-9.491732720572704 -0.868396854207468 -10.71804837049651
-13.25461851548598 -2.195638171565917 -5.727938755943386
-12.57799128807006 -1.183753376239403 -6.368828547613141
10.44987932481298 -3.103331659934086 2.84936051874769
-3.654289435855691 -3.4620710027042 22.67320931019481
3.266015759307187 -4.301452738454477 -4.237135303224552
-16.74039500961329 -0.08526265207509409 -3.642690642868712
0.0008620168784295168 -6.667913084779667 10.28597838158489
4.229341701240563 0.6173877284318743 -17.45152718532491
10.45092719873349 -2.136522671466979 -20.36582578158289
2.528776032223662 0.1262931883484378 0.676647670730066
-10.50548867918206 -3.681329297461689 -12.11773966896217
5.733510509724058 -8.898867629443224 -9.255818220656442
0.0008867214953530711 -6.669260288968474 11.99130108477357
3.751579332697608 -3.039261357215141 20.82852635062088
-1.236662284889583 -3.481406450063464 -23.06619561019663
-2.048539535739727 -23.07381888313071 -9.145330433002277
1.835313274475682 0.492948975263152 -8.603063257326511
0.9382100775131275 0.8266427942098791 -9.463659303632744
-8.345474311224326 -10.352829116772 2.854966402299983
0.0004454064930521362 -6.706206495510373 -4.365903671514586
6.149684985682983 -4.303951420345037 -4.236251556180895
-8.481017381691899 -21.28175853900883 -18.50324565332797
9.042406949807321 1.314257913383049 -3.233456830916476
-13.40938220357514 0.02182306101165121 -2.756780538933909
-4.566647982918466 -5.683230317982858 2.54814208034993
-3.15466295547155 -5.924682615567891 2.55397180872782
-1.422639890291145 -15.18167918089222 10.32074226842875
13.70628509496136 -0.8109876065694948 -4.277539403119577
-1.357895603271722 -6.591463378094383 21.57296028090596
-1.286225202225808 -6.124225920940171 23.05499307199725
-36.08035644762335 -12.67031017314582 12.84650594339145
3.788521348271922 -3.319512661542131 14.44678603058513
-6.416207466307727 -4.237918918182778 -2.55656919078884
-25.62320575931001 11.81406798648799 -0.6315408107711056
2.947414558089563 5.846197116008137 -14.6888409894015
7.317381161991966 -3.411277568144531 -5.201909320472422
5.953318253293609 -5.69750493296776 -12.27662553911412
6.575383567335382 1.800484291226389 -17.02198868965368
-0.9589424493234165 0.9176669327204219 5.985894380674091
-0.9589332837119658 0.9176478150829432 4.269814889757569
12.55637722072438 -7.657742007220333 8.43920722378814
-3.082038922861401 -0.2876623734178855 -18.13848449348719
-1.086049973963175 1.45660734635219 12.84978422471003
20.00129152237006 5.58786827356546 -15.97012495108683
13.92743278281176 -6.277344487787621 -7.636811956976647
-2.163269912101198 -5.868584220653615 11.99128725148145
3.953648611697015 -3.164181071852179 16.28488362449652
-12.99972878289423 -3.161932535446852 -13.85232762067466
3.203483099106856 -0.7251465081097823 -13.47032060795154
-8.07117811968658 6.645055764364498 -20.41982382845771
19.93572025598266 12.97162793421571 -29.93912998613036
-2.366090321106069 0.03335290012997427 6.842153097920759
-5.712541552902049 -3.509790425008087 -13.70917161775647
-14.92925298093087 1.840246681278476 -28.57511187470439
6.80320488068568 2.544020970790729 -20.89278178006793
5.990699003240296 -6.03806297422534 -4.986583840380865
-29.55875129780696 5.816277650017241 -28.12463932102514
11.47162502927179 -0.09690593776098844 -6.144721878645942
1.975589846335895 0.4997384363272691 16.91088578188183
-3.115990844522145 -0.7748321828349275 8.584671172912516
3.845997534766859 -6.019342810516052 0.8272006643102632
8.51613964329513 -4.892684977043262 -9.983984465505525
8.031345896677815 -7.40383461270725 -9.139716956056191
7.306929799491291 -2.982921361923218 -3.101434223080435
13.86251305490209 -0.4140021914944092 -0.3355792334090623
-1.644627678770668 0.2386809711930502 -7.850638331725398
-12.36799932560273 -3.706574303252256 -18.36702644644414
-34.85075844974653 -5.999079995812871 24.83160883061164
1.19650745269564 3.324717183762899 -17.76338147687802
-3.109725237124654 -5.461125445447931 18.01520467640679
-17.97210399777419 -0.394168832070303 -6.256265385188134
-1.612839313184507 1.545048691145661 -22.05603586071453
5.595168158864016 -2.425886682247723 -19.33792834918722
1.180833345979773 -4.059798386780201 -22.42911809241854
0.001035832473704645 -6.857334337172922 18.00213843783863
14.75156659979088 -10.86365717310644 3.837853094143867
-5.64413160495036 1.06512550165534 -18.35272673596661
17.6368684577497 -0.4504581146468114 -5.789475274933709
18.46988517359713 0.1534359363210198 -4.646281604037066
4.605062842920415 -4.722830508439028 -2.725385785994965
20.10030621227738 -1.164012033042955 -12.8501278138591
-14.66146473703534 -2.16088660844845 -5.786963613935183
-17.56036189210271 5.942069724465178 -11.66715448987217
7.462102046259963 4.178911806530712 2.030290986431493
16.50073677456941 -1.283408653157639 -8.664967262559394
-2.179379542348575 -5.861662270482178 -3.35656024751318
4.31547089598225 0.1357268017455902 -10.81115257203556
16.70312771264417 -0.5026222808797665 -1.216964687070345
1.198893393414918 -6.243919869129769 -13.8441529676851
4.860489346154541 -42.73656812508902 -12.16521512573673
-20.77574822921005 0.5490708562553321 -5.95199829416724
-8.206487477430896 -1.270231425762177 -24.51366063541287
-6.905801079188737 -1.35640949010849 -24.62437187402194
16.95630694371604 -2.090579867362977 -6.401483265835351
-2.870788135435109 -5.158568949968436 21.60383122557906
1.583479290116828 1.176431759682469 -15.54712005411604
-1.904315376498634 0.5964310269468556 13.70779491497545
2.77005961053729 -5.192828263786565 -8.600195335573343
9.774360377532224 -2.00680794371534 26.75886766195289
-9.958585884363353 -1.882703623619549 -5.964469852520357
-23.08966257834228 -2.999347486357454 -10.37721170306089
-0.0003116764128208299 3.742512586487454 -23.76700626006888
-5.222371757793218 -4.772398344182967 3.486053481295245
10.90863904137356 -0.07125106664683534 -8.380758304358537
14.47743885030906 -0.8815985003595735 -7.113052492398813
9.301544266041265 -3.463454941013772 -7.196534105600092
-10.06819904116077 -2.503940695414683 -3.987549544943525
5.662856561735212 -0.310681742061041 -15.66050746180071
2.521980110499569 0.2133131491256817 5.983385069666975
-7.977228177365798 -0.8132736760477479 3.30381494809063
2.038693719976649 0.2731709606589831 -13.7286216615025
0.9236710140099316 5.979533526509384 -20.8205470593699
7.252342534594789 -10.73687959244752 -4.944065032510933
-5.407918773023427 -4.068377861147622 -10.42967623711387
-4.826946705236458 -12.12034718446984 15.09805672657205
-10.82254020215924 3.525922705226684 11.86604489430413
3.054505323369924 -0.8140096711710014 -7.742917692048862
3.531933402434655 -3.19453665530627 -13.82599443723231
-2.722389577834165 -5.158485665191136 -11.18488297611171
2.967467881626536 5.076455378319453 23.71798445313564
-13.76362798279435 -3.188482634852064 0.698333756528948
-6.906943034828316 18.14239005214861 -8.257473793893917
22.5454825041882 -6.056688137863771 -18.55922188685165
13.88319139556157 -11.66727357279303 -20.18693793454196
11.21444829349121 -1.925646841141437 -4.234198618028461
-5.59728009928287 0.5187002517248316 -7.79724838532275
0.0007153898477554599 -5.294593926285188 -18.90347827600743
-4.151009626896686 7.738591556639745 -3.964581920865831
-13.28240460978651 3.621959804310662 -10.82521839160339
-38.21961372095117 7.61721615569286 -14.7365950175837
37.22260728347717 6.748822000090895 13.16806271931574
8.324061794793698 17.52589148237214 -26.83816736723071
1.855249850554995 -0.218161108318419 20.84153895448692
4.312149417122442 -0.1142795903177543 -19.18318947661533
-21.21879516859767 6.140943119435762 0.2909794209329234
12.33616479408903 -3.429437405985507 1.15892025068677
-21.01366177917503 -2.754622018152705 -4.765338483544674
6.750306516659431 -0.8947375390156305 2.613222949863585
1.760915888771726 0.4034296026877261 -11.15593468116933
10.00288377135569 -0.965701205515842 1.648171504263063
-8.811190017209237 -5.064068318802119 1.760883533817072
-23.99058714835157 30.3818030897167 25.85917170393224
2.600831412165076 13.48510444974582 -31.99638543689598
21.10179267677878 -2.777106155918179 -4.831106869025612
0.001016542295287526 -6.656664121700362 -11.18787867430984
-2.488440054954896 5.19350231829402 -14.91064618886358
-9.647651142846922 -2.962551474571228 3.875323338817109
0.0002146205080406083 -6.778241922401306 -0.03937247887627598
-2.271934573624621 0.2708487617973012 19.93076436439777
-10.76659662516046 -6.013830886796385 5.455063524627025
-10.17423400128775 -7.461685356749797 -8.633693534737203
12.74255945025793 8.20382710139576 4.674022981118167
-1.960525807867433 1.325509028621226 -19.81360792884308
-5.329575783491482 4.636119095721456 12.77370100164188
4.903836092909003 -1.183152805881186 -23.34930897641368
4.04600168280908 -1.314438772741209 -23.42601179642639
2.79872812048501 -0.3710880305837818 -24.20194334449088
-19.08829857655373 3.017825271202618 -23.08190905697348
-4.465537268648819 0.2680704781575298 -12.51126382868866
6.208608130781297 -9.383771261109256 6.252196546828563
0.6164653443315817 5.892975511150181 -12.30611689879538
-19.54945685171956 -3.25355991591273 -5.973140478134155
8.228704494851939 -1.259666397067938 -24.23972671343493
0.3126305000212231 -33.67451817348724 -29.52692364766379
-9.681301513902429 1.977252933586008 -8.775781966104608
-6.137401412678691 -5.29235551347549 1.685862547204465
-10.5463400131525 -4.964648190544613 -0.8790986305104507
-6.458131713673077 -3.236900713825507 -17.17542250028513
13.73969482799456 -17.92660770311516 -11.42841929758724
16.02834623277206 2.235549592802546 -7.367529501326004
-2.474038299490657 9.037159298012847 4.865002284149353
0.06574004041721689 -3.268967731871856 -23.43963922426721
4.527730316509897 -5.373930992362232 -1.036459364878468
-1.511013181992633 3.676696208379167 -13.63368941179498
-22.69698978683682 -28.5267601554545 31.14987589365931
3.645632821240212 -3.128421613929453 -8.766995735853678
4.57855316770998 -11.98976655204955 14.41847198119766
-2.019560911184852 -5.660569686420085 -10.31729480007809
0.4297698354843069 -13.75056321850854 -24.7342070601225
1.873658647272367 6.935419930011955 -17.27716846380981
1.632589670933109 6.882732425859883 -19.6847221523818
-5.202126046821339 -0.02999620430426719 -20.74511307542447
-2.121787292502012 -5.809883391334353 10.31995388057091
4.252947381207855 -4.76514168430923 -9.36438985924158
8.186346790531337 -1.083237910451369 -21.24669726615875
14.23666018490906 -2.127156257629395 -5.604216461225411
1.258332421548617 -6.250425643883175 -8.600187051823012
-9.044968615344441 -1.348668434500155 6.688445491971061
4.999227963760474 -20.28375042595128 -20.73879027468496
-5.820411033826848 6.273326367355278 -13.17524968644145
3.465045218476692 -1.811054622719676 -10.31548546387824
9.994968224415368 36.2711760377003 -3.998634225503153
3.530012826171256 4.4711797537671 2.198254101250082
8.483058963170402 -0.9534044417670632 2.232915072987328
8.475687579997032 -1.244597320417445 -1.083402349858628
5.397146994528004 -4.211355762738406 -2.108319258541658
-3.840840402947431 -0.9625651282753676 -17.9460856940521
22.06894751327507 -4.289736178956767 2.932766337500581
8.941469084835951 0.5637563858058199 -6.704379939286913
5.700747156213514 -3.449902249396354 -14.42975278493591
17.90366722780437 4.156825018484721 -10.80485806554239
-5.417395504414557e-06 0.98646151902456 -11.12586938483701
4.587256055454557 1.20035122004361 0.9987770505098374
25.90354926934923 -24.89916150651505 -3.948558670254318
0.2845314715360028 -6.571386401809639 -12.60639335136361
-6.439378785110685 -2.030119344933039 5.659712668719465
10.25116950399109 2.672770310395217 -11.88965476211618
6.289876718163156 -1.555081464648538 -6.179018590544506
-6.624899848143857 -8.818472357740212 0.7710209314771251
-4.483414877986075 -2.845700771362659 7.22564529613191
17.99529477080702 -3.644375834029104 -5.45610294069744
2.614037837802733 -5.065301022944118 -6.884293400949703
31.81353026263077 21.18340597043819 -25.60254691557832
-2.557118705772135 -3.971343525934691 24.23997585257353
-12.43467082771011 -7.468577683312382 -1.979390643000015
10.45551073959656 7.659335140409001 -17.32491426140076
18.63354458595749 -0.2748982325412778 -6.831773921164279
19.78752753198179 -0.08660944173313023 -6.652369660985735
-5.149661544193785 -36.4943788181524 7.034096881712622
6.918003958944666 -0.2285080299953858 -4.767197716711649
2.762273569234894 -5.572159397742323 11.13439222903941
-2.700765743093089 -5.134042541445393 -6.02652616792761
-3.054501103360435 -0.8146674359791499 -7.742966800770963
3.866271377133675 -5.367722646537035 7.137869921930303
-1.456546852904349 5.249477334464883 -20.470280937632
-2.200082715369828 -0.08078317129945341 -20.164229073723
-7.613415187605201 -1.377823141249306 -2.130299314446382
0.5358680059855936 -10.12764893281057 -37.34155308185449
-2.372561229057085 -10.36786025450536 1.959404749898325
1.474182595665766 -5.461053179956085 -16.63602220621118
-3.282681443359697 -1.139960037815282 -16.48037609910637
-7.920743255878302 -3.54990184543825 -9.618972007413181
-25.79033745429303 -7.09037221697459 9.904576639514634
-12.45709865399398 -0.57715087851993 -3.686874610498344
-15.43663658123486 1.578285419209235 -11.29112512227315
14.7455528400963 -3.76889070232412 -11.77842447727282
0.0008927167299269123 -6.719244666045045 4.280621366423101
-3.864693790014746 -1.891329974818755 6.908972239764807
-1.70637903639248e-05 -6.693186920492777 6.012852197948306
-0.1730400344675435 2.285243584601311 -25.02304186430592
-1.064967254727274 -5.200686821487827 -27.57631547756451
-5.60674353192467 -0.1738841258092167 -3.758363790162961
7.888304881277837 -3.001329183578491 4.507160565084287
-13.75321564252901 -8.416554427288741 1.144904808491215
-21.37261581420898 -0.5696509569697766 -7.608220946620595
6.471521385665895 -1.550480502673862 -16.65368851809419
7.66481187632872 0.04160725221451311 -17.12583731666985
-3.013102858722631 -10.16734825485448 -4.707506776518894
-2.502251468294916 0.2007897236259866 15.42455423767881
-4.549827918744076 -3.492319478294711 -19.70657642666422
-3.504252334619431 -3.945404008751177 -20.79351020680474
20.41235755061443 -2.4982435871142 -7.878661356191885
21.37062835693359 -2.249391439950234 -8.228567190791487
5.663619532089073 -2.459424058308565 -10.43062385646307
-5.024986162967766 0.9358335730221812 8.32466099065552
-3.424705621863767 -0.2051710477854891 -19.17813541476854
-18.98933786515651 -3.649616104501188 -4.49141991679313
19.47009258162422 -3.926606199341307 -16.43611006845091
4.147559282817341 -1.780688816608063 6.123103706666994
2.047195996889037 -5.702260491424326 -11.18321719309965
-3.494142341181439 -3.112205470363879 -7.742519180965614
5.550913425930863 -4.165078352441633 -10.45060795603425
-9.651535257008039 -6.147521908622787 -14.27430036757394
-2.611867391154348 -4.4246172682257 -17.41743189130033
8.749765334573931 -1.368288040735761 -2.367415036284014
-3.483666705823109 -1.070445834116719 1.249525214486206
-2.105108468445097 -6.155131876091263 1.692744909246658
-8.103082593665089 -3.2584294007542 -6.79525522581514
-7.863322459064175 -8.700588565568212 -3.589613902211568
17.79415360108602 -3.757394705422847 -2.76874662227265
19.68762144906909 7.450552450111342 -4.84492777638205
-18.69934879576831 -1.291348516941071 -7.091726730894003
-4.174726452234477 2.645710538451552 -22.42387284537391
-3.178853234760156 -3.04163890024177 -22.91409331201046
18.49924093739086 -1.514500862823083 -9.86915876283264
-8.791732211912523 -1.094469443605228 -19.57340031087611
3.189497688783005 -4.302589206681953 -12.9319427370662
-1.759324555322764 0.3761245759667082 -0.8783002292603522
6.573428017629724 0.228585505568259 -18.80524892353839
2.023674733464544 -5.668078431443287 -9.458218342277311
10.10599912062887 -7.083263305137813 -31.19608161053427
-3.351270551049266 -1.806463011438554 -3.447104756919392
-16.05575826201354 -0.7549837144582745 -7.502878638506716
-10.67681582745972 -2.096798155951467 -9.361556356623691
-10.84368742907439 -15.14439022005012 -9.421534478091797
-2.973148479274404 -5.320279227573581 19.78374615936212
-15.3790241938724 -2.127163290977478 -6.353137909816351
2.81874439228288 -5.552192506356863 7.969729327662294

CELLS 23889 114491
3 11 0 76
3 0 12 76
3 1 8 75
3 20 1 75
3 15 2 77
3 2 19 77
3 16 3 74
3 3 23 74
3 8 9 67
3 8 67 75
3 9 10 58
3 9 58 67
3 10 11 69
3 58 10 69
3 69 11 76
3 12 13 60
3 12 60 76
3 13 14 56
3 13 56 60
3 14 15 70
3 56 14 70
3 70 15 77
3 17 16 65
3 65 16 74
3 18 17 59
3 59 17 65
3 19 18 66
3 18 59 66
3 19 66 77
3 21 20 64
3 64 20 75
3 22 21 57
3 57 21 64
3 23 22 68
3 22 57 68
3 23 68 74
3 60 56 61
3 61 56 62
3 62 56 70
3 57 64 73
3 68 57 73
3 67 58 72
3 58 69 79
3 72 58 79
3 59 65 71
3 66 59 78
3 59 71 78
3 60 61 69
3 60 69 76
3 61 62 63
3 61 63 79
3 69 61 79
3 63 62 78
3 66 62 70
3 62 66 78
3 63 71 73
3 71 63 78
3 72 63 73
3 63 72 79
3 64 67 72
3 67 64 75
3 64 72 73
3 65 68 71
3 68 65 74
3 66 70 77
3 71 68 73
3 27 99 4
3 4 99 28
3 5 101 24
3 36 101 5
3 31 100 6
3 6 100 35
3 32 98 7
3 7 98 39
3 24 88 25
3 24 101 88
3 25 81 26
3 25 88 81
3 26 93 27
3 81 93 26
3 93 99 27
3 28 84 29
3 28 99 84
3 29 83 30
3 29 84 83
3 30 94 31
3 83 94 30
3 94 100 31
3 33 89 32
3 89 98 32
3 34 80 33
3 80 89 33
3 35 90 34
3 34 90 80
3 35 100 90
3 37 91 36
3 91 101 36
3 38 82 37
3 82 91 37
3 39 92 38
3 38 92 82
3 39 98 92
3 80 96 89
3 90 103 80
3 80 103 96
3 88 95 81
3 81 102 93
3 95 102 81
3 82 97 91
3 92 97 82
3 84 85 83
3 85 86 83
3 86 94 83
3 84 93 85
3 84 99 93
3 85 87 86
3 85 102 87
3 93 102 85
3 87 103 86
3 90 94 86
3 86 103 90
3 95 97 87
3 87 102 95
3 87 97 96
3 96 103 87
3 91 95 88
3 88 101 91
3 89 96 92
3 92 98 89
3 90 100 94
3 91 97 95
3 96 97 92
3 0 11 122
3 44 0 122
3 8 1 125
3 1 40 125
3 27 4 124
3 4 47 124
3 5 24 123
3 43 5 123
3 9 8 115
3 115 8 125
3 10 9 105
3 105 9 115
3 11 10 116
3 10 105 116
3 11 116 122
3 24 25 113
3 24 113 123
3 25 26 104
3 25 104 113
3 26 27 114
3 104 26 114
3 114 27 124
3 40 41 108
3 40 108 125
3 41 42 106
3 41 106 108
3 42 43 117
3 106 42 117
3 117 43 123
3 45 44 112
3 112 44 122
3 46 45 107
3 107 45 112
3 47 46 118
3 46 107 118
3 47 118 124
3 113 104 126
3 104 114 119
3 104 119 126
3 105 115 127
3 116 105 120
3 120 105 127
3 108 106 109
3 109 106 110
3 110 106 117
3 107 112 121
3 118 107 121
3 108 109 115
3 108 115 125
3 109 110 111
3 109 111 127
3 115 109 127
3 111 110 126
3 113 110 117
3 110 113 126
3 111 119 121
3 119 111 126
3 120 111 121
3 111 120 127
3 112 116 120
3 116 112 122
3 112 120 121
3 113 117 123
3 114 118 119
3 118 114 124
3 119 118 121
3 2 146 19
3 52 146 2
3 16 147 3
3 3 147 48
3 35 149 6
3 6 149 55
3 7 148 32
3 51 148 7
3 17 132 16
3 132 147 16
3 18 129 17
3 129 132 17
3 19 140 18
3 18 140 129
3 19 146 140
3 32 137 33
3 32 148 137
3 33 128 34
3 33 137 128
3 34 138 35
3 128 138 34
3 138 149 35
3 48 139 49
3 48 147 139
3 49 130 50
3 49 139 130
3 50 141 51
3 130 141 50
3 141 148 51
3 53 136 52
3 136 146 52
3 54 131 53
3 131 136 53
3 55 142 54
3 54 142 131
3 55 149 142
3 137 145 128
3 128 152 138
3 145 152 128
3 129 133 132
3 129 134 133
3 129 140 134
3 139 150 130
3 130 143 141
3 130 150 143
3 131 151 136
3 142 144 131
3 144 151 131
3 133 139 132
3 139 147 132
3 134 135 133
3 135 150 133
3 133 150 139
3 134 151 135
3 134 140 136
3 136 151 134
3 135 145 143
3 143 150 135
3 144 145 135
3 135 151 144
3 140 146 136
3 141 143 137
3 137 148 141
3 143 145 137
3 142 149 138
3 138 152 142
3 142 152 144
3 144 152 145
3 1 20 172
3 40 1 172
3 23 3 173
3 3 48 173
3 36 5 171
3 5 43 171
3 7 39 174
3 51 7 174
3 20 21 164
3 20 164 172
3 21 22 154
3 21 154 164
3 22 23 166
3 154 22 166
3 166 23 173
3 37 36 162
3 162 36 171
3 38 37 153
3 153 37 162
3 39 38 163
3 38 153 163
3 39 163 174
3 41 40 157
3 157 40 172
3 42 41 155
3 155 41 157
3 43 42 165
3 42 155 165
3 43 165 171
3 48 49 161
3 48 161 173
3 49 50 156
3 49 156 161
3 50 51 167
3 156 50 167
3 167 51 174
3 153 162 175
3 163 153 168
3 168 153 175
3 164 154 176
3 154 166 169
3 154 169 176
3 155 157 158
3 155 158 159
3 155 159 165
3 161 156 170
3 156 167 170
3 158 157 164
3 164 157 172
3 159 158 160
3 160 158 176
3 158 164 176
3 159 160 175
3 159 162 165
3 162 159 175
3 168 160 170
3 160 168 175
3 160 169 170
3 169 160 176
3 166 161 169
3 161 166 173
3 169 161 170
3 165 162 171
3 167 163 168
3 163 167 174
3 167 168 170
3 0 196 12
3 44 196 0
3 15 197 2
3 2 197 52
3 28 195 4
3 4 195 47
3 6 198 31
3 55 198 6
3 12 188 13
3 12 196 188
3 13 178 14
3 13 188 178
3 14 190 15
3 178 190 14
3 190 197 15
3 29 186 28
3 186 195 28
3 30 177 29
3 177 186 29
3 31 187 30
3 30 187 177
3 31 198 187
3 45 185 44
3 185 196 44
3 46 179 45
3 179 185 45
3 47 189 46
3 46 189 179
3 47 195 189
3 52 181 53
3 52 197 181
3 53 180 54
3 53 181 180
3 54 191 55
3 180 191 54
3 191 198 55
3 177 192 186
3 187 199 177
3 177 199 192
3 188 193 178
3 178 200 190
3 193 200 178
3 179 194 185
3 189 194 179
3 181 182 180
3 182 183 180
3 183 191 180
3 181 190 182
3 181 197 190
3 182 184 183
3 182 200 184
3 190 200 182
3 184 199 183
3 187 191 183
3 183 199 187
3 184 194 192
3 192 199 184
3 193 194 184
3 184 200 193
3 185 193 188
3 188 196 185
3 185 194 193
3 186 192 189
3 189 195 186
3 187 198 191
3 192 194 189
3 201 202 203
3 201 207 202
3 201 203 204
3 209 201 204
3 201 208 207
3 209 208 201
3 202 206 203
3 202 207 206
3 205 204 203
3 205 203 206
3 211 204 205
3 209 204 210
3 211 210 204
3 207 205 206
3 207 208 205
3 208 218 205
3 221 211 205
3 221 205 218
3 209 212 208
3 212 217 208
3 208 217 218
3 212 209 210
3 212 210 211
3 213 212 211
3 213 211 214
3 222 214 211
3 222 211 221
3 213 226 212
3 212 226 217
3 215 213 214
3 215 227 213
3 213 227 226
3 215 214 216
3 225 216 214
3 225 214 222
3 228 215 216
3 215 228 227
3 228 216 225
3 217 220 218
3 217 219 220
3 226 219 217
3 231 218 220
3 231 221 218
3 219 231 220
3 226 237 219
3 219 237 231
3 222 221 223
3 221 230 223
3 221 231 230
3 222 223 224
3 232 222 224
3 233 225 222
3 233 222 232
3 229 224 223
3 229 223 230
3 232 224 229
3 239 228 225
3 239 225 233
3 227 237 226
3 228 238 227
3 227 238 237
3 228 239 238
3 241 229 230
3 233 232 229
3 233 229 234
3 243 234 229
3 243 229 241
3 231 242 230
3 241 230 242
3 237 245 231
3 231 245 242
3 235 233 234
3 240 233 235
3 240 239 233
3 235 234 236
3 244 236 234
3 244 234 243
3 246 235 236
3 253 240 235
3 253 235 246
3 246 236 244
3 238 249 237
3 237 249 245
3 239 250 238
3 238 250 249
3 240 252 239
3 239 252 250
3 240 253 252
3 254 241 242
3 256 243 241
3 256 241 254
3 245 255 242
3 254 242 255
3 257 244 243
3 257 243 256
3 247 246 244
3 247 244 248
3 258 248 244
3 258 244 257
3 249 251 245
3 251 259 245
3 245 259 255
3 247 262 246
3 268 253 246
3 268 246 262
3 261 247 248
3 247 261 262
3 261 248 258
3 249 250 251
3 250 260 251
3 252 265 250
3 250 265 260
3 251 260 259
3 253 266 252
3 252 266 265
3 253 268 266
3 259 254 255
3 270 256 254
3 259 260 254
3 260 271 254
3 270 254 271
3 272 257 256
3 272 256 270
3 273 258 257
3 273 257 272
3 263 261 258
3 263 258 264
3 274 264 258
3 274 258 273
3 265 267 260
3 267 275 260
3 260 275 271
3 269 262 261
3 263 278 261
3 284 269 261
3 284 261 278
3 269 268 262
3 277 263 264
3 263 277 278
3 277 264 274
3 265 266 267
3 266 276 267
3 268 281 266
3 266 281 276
3 267 276 275
3 269 282 268
3 268 282 281
3 269 284 282
3 285 270 271
3 287 272 270
3 287 270 285
3 275 286 271
3 285 271 286
3 288 273 272
3 288 272 287
3 289 274 273
3 289 273 288
3 279 277 274
3 279 274 280
3 290 280 274
3 290 274 289
3 276 291 275
3 275 291 286
3 281 283 276
3 283 292 276
3 276 292 291
3 277 294 278
3 279 295 277
3 277 295 294
3 282 278 283
3 282 284 278
3 278 293 283
3 278 294 293
3 296 279 280
3 279 296 295
3 296 280 290
3 281 282 283
3 283 293 292
3 297 285 286
3 299 287 285
3 299 285 297
3 291 298 286
3 297 286 298
3 300 288 287
3 300 287 299
3 301 289 288
3 301 288 300
3 302 290 289
3 302 289 301
3 308 296 290
3 308 290 302
3 292 303 291
3 291 303 298
3 293 304 292
3 292 304 303
3 294 305 293
3 293 305 304
3 295 306 294
3 294 306 305
3 296 307 295
3 295 307 306
3 296 308 307
3 303 297 298
3 311 299 297
3 303 304 297
3 304 312 297
3 311 297 312
3 313 300 299
3 313 299 311
3 316 301 300
3 316 300 313
3 318 302 301
3 318 301 316
3 309 308 302
3 309 302 310
3 320 310 302
3 320 302 318
3 305 321 304
3 304 321 312
3 306 322 305
3 305 322 321
3 307 323 306
3 306 323 322
3 308 324 307
3 307 324 323
3 309 325 308
3 308 325 324
3 326 309 310
3 309 326 325
3 326 310 320
3 341 311 312
3 313 311 314
3 311 338 314
3 311 341 338
3 321 342 312
3 341 312 342
3 313 314 315
3 316 313 315
3 337 315 314
3 337 314 338
3 316 315 317
3 339 317 315
3 339 315 337
3 318 316 317
3 318 317 319
3 340 319 317
3 340 317 339
3 343 318 319
3 344 320 318
3 344 318 343
3 343 319 340
3 351 326 320
3 351 320 344
3 322 346 321
3 321 346 342
3 323 347 322
3 322 347 346
3 324 348 323
3 323 348 347
3 325 349 324
3 324 349 348
3 326 350 325
3 325 350 349
3 326 351 350
3 327 328 329
3 327 333 328
3 327 329 330
3 334 327 330
3 327 334 333
3 328 332 329
3 328 333 332
3 331 330 329
3 331 329 332
3 334 330 331
3 425 331 332
3 335 334 331
3 335 331 336
3 427 336 331
3 427 331 425
3 333 426 332
3 425 332 426
3 334 432 333
3 333 432 426
3 335 433 334
3 334 433 432
3 434 335 336
3 335 434 433
3 434 336 427
3 352 337 338
3 354 339 337
3 354 337 352
3 341 353 338
3 352 338 353
3 355 340 339
3 355 339 354
3 344 343 340
3 344 340 345
3 356 345 340
3 356 340 355
3 346 341 342
3 346 347 341
3 347 357 341
3 341 357 353
3 358 344 345
3 822 351 344
3 824 344 358
3 822 344 823
3 824 823 344
3 358 345 356
3 348 359 347
3 347 359 357
3 349 360 348
3 348 360 359
3 350 361 349
3 349 361 360
3 351 362 350
3 350 362 361
3 351 363 362
3 822 363 351
3 364 352 353
3 366 354 352
3 366 352 364
3 357 365 353
3 364 353 365
3 367 355 354
3 367 354 366
3 368 356 355
3 368 355 367
3 824 358 356
3 827 356 368
3 824 356 825
3 827 825 356
3 359 369 357
3 357 369 365
3 360 370 359
3 359 370 369
3 361 371 360
3 360 371 370
3 362 373 361
3 361 373 371
3 363 374 362
3 362 374 373
3 363 375 374
3 826 375 363
3 822 826 363
3 376 364 365
3 378 366 364
3 378 364 376
3 369 377 365
3 376 365 377
3 379 367 366
3 379 366 378
3 380 368 367
3 380 367 379
3 833 368 380
3 833 827 368
3 370 372 369
3 372 381 369
3 369 381 377
3 370 371 372
3 371 382 372
3 373 383 371
3 371 383 382
3 372 382 381
3 374 384 373
3 373 384 383
3 375 386 374
3 374 386 384
3 375 387 386
3 831 387 375
3 826 831 375
3 381 376 377
3 388 378 376
3 381 382 376
3 382 389 376
3 388 376 389
3 390 379 378
3 390 378 388
3 391 380 379
3 391 379 390
3 840 380 391
3 840 833 380
3 383 385 382
3 385 392 382
3 382 392 389
3 383 384 385
3 384 393 385
3 386 394 384
3 384 394 393
3 385 393 392
3 387 395 386
3 386 395 394
3 387 397 395
3 838 397 387
3 831 838 387
3 398 388 389
3 400 390 388
3 400 388 398
3 392 399 389
3 398 389 399
3 401 391 390
3 401 390 400
3 850 391 401
3 850 840 391
3 393 402 392
3 392 402 399
3 394 396 393
3 396 403 393
3 393 403 402
3 394 395 396
3 395 404 396
3 397 405 395
3 395 405 404
3 396 404 403
3 397 406 405
3 847 406 397
3 838 847 397
3 408 398 399
3 410 400 398
3 410 398 408
3 402 409 399
3 408 399 409
3 411 401 400
3 411 400 410
3 859 401 411
3 859 850 401
3 403 412 402
3 402 412 409
3 404 413 403
3 403 413 412
3 405 407 404
3 407 414 404
3 404 414 413
3 405 406 407
3 406 415 407
3 406 416 415
3 856 416 406
3 847 856 406
3 407 415 414
3 412 408 409
3 417 410 408
3 412 413 408
3 413 418 408
3 417 408 418
3 419 411 410
3 419 410 417
3 871 411 419
3 871 859 411
3 414 422 413
3 413 422 418
3 415 423 414
3 414 423 422
3 416 868 415
3 415 424 423
3 868 424 415
3 856 867 416
3 416 867 868
3 699 417 418
3 419 417 420
3 417 698 420
3 417 699 698
3 422 700 418
3 699 418 700
3 419 420 421
3 871 419 421
3 697 421 420
3 697 420 698
3 891 421 697
3 871 421 872
3 891 872 421
3 423 701 422
3 422 701 700
3 424 702 423
3 423 702 701
3 424 703 702
3 881 703 424
3 868 881 424
3 439 425 426
3 427 425 428
3 425 437 428
3 425 439 437
3 432 440 426
3 439 426 440
3 427 428 429
3 430 427 429
3 435 427 430
3 435 434 427
3 436 429 428
3 436 428 437
3 430 429 431
3 438 431 429
3 438 429 436
3 441 430 431
3 445 435 430
3 445 430 441
3 441 431 438
3 433 442 432
3 432 442 440
3 434 443 433
3 433 443 442
3 435 444 434
3 434 444 443
3 435 445 444
3 446 436 437
3 448 438 436
3 448 436 446
3 439 447 437
3 446 437 447
3 493 441 438
3 496 438 448
3 493 438 494
3 496 494 438
3 442 439 440
3 442 443 439
3 443 449 439
3 439 449 447
3 495 445 441
3 495 441 493
3 444 450 443
3 443 450 449
3 445 451 444
3 444 451 450
3 445 453 451
3 495 453 445
3 454 446 447
3 456 448 446
3 456 446 454
3 449 455 447
3 454 447 455
3 504 448 456
3 504 496 448
3 450 452 449
3 452 457 449
3 449 457 455
3 450 451 452
3 451 458 452
3 453 459 451
3 451 459 458
3 452 458 457
3 453 460 459
3 502 460 453
3 495 502 453
3 457 454 455
3 461 456 454
3 457 458 454
3 458 462 454
3 461 454 462
3 514 456 461
3 514 504 456
3 459 463 458
3 458 463 462
3 460 464 459
3 459 464 463
3 460 465 464
3 511 465 460
3 502 511 460
3 467 461 462
3 531 461 467
3 531 514 461
3 463 468 462
3 467 462 468
3 464 466 463
3 466 469 463
3 463 469 468
3 464 465 466
3 465 470 466
3 465 471 470
3 522 471 465
3 511 522 465
3 466 470 469
3 472 467 468
3 570 467 472
3 570 531 467
3 469 473 468
3 472 468 473
3 470 476 469
3 469 476 473
3 471 479 470
3 470 479 476
3 471 480 479
3 549 480 471
3 522 549 471
3 472 473 474
3 472 474 475
3 570 472 475
3 473 483 474
3 476 478 473
3 484 473 478
3 473 484 483
3 482 475 474
3 482 474 483
3 597 475 482
3 570 475 571
3 597 571 475
3 476 477 478
3 476 486 477
3 480 476 479
3 480 481 476
3 481 489 476
3 476 489 486
3 477 485 478
3 477 486 485
3 484 478 485
3 480 490 481
3 480 492 490
3 573 492 480
3 549 573 480
3 481 490 489
3 1341 482 483
3 1419 597 482
3 1419 482 1341
3 484 1342 483
3 1341 483 1342
3 1345 484 485
3 484 1345 1342
3 486 488 485
3 1343 485 488
3 1345 485 1343
3 486 487 488
3 486 1346 487
3 490 486 489
3 490 491 486
3 491 1347 486
3 486 1347 1346
3 487 1344 488
3 487 1346 1344
3 1343 488 1344
3 490 1348 491
3 492 1349 490
3 490 1349 1348
3 491 1348 1347
3 573 601 492
3 602 492 601
3 602 603 492
3 603 1351 492
3 492 1351 1349
3 497 493 494
3 502 495 493
3 502 493 497
3 497 494 496
3 498 497 496
3 498 496 499
3 505 499 496
3 505 496 504
3 503 497 498
3 503 502 497
3 500 498 499
3 500 508 498
3 512 503 498
3 512 498 508
3 500 499 501
3 506 501 499
3 506 499 505
3 507 500 501
3 500 507 508
3 507 501 506
3 503 511 502
3 503 512 511
3 515 505 504
3 515 504 514
3 516 506 505
3 516 505 515
3 509 507 506
3 509 506 510
3 517 510 506
3 517 506 516
3 513 508 507
3 509 519 507
3 524 513 507
3 524 507 519
3 513 512 508
3 518 509 510
3 509 518 519
3 518 510 517
3 512 522 511
3 513 523 512
3 512 523 522
3 513 524 523
3 532 515 514
3 532 514 531
3 533 516 515
3 533 515 532
3 536 517 516
3 536 516 533
3 520 518 517
3 520 517 521
3 538 521 517
3 538 517 536
3 518 544 519
3 520 543 518
3 518 543 544
3 551 524 519
3 551 519 544
3 545 520 521
3 520 545 543
3 545 521 538
3 523 549 522
3 524 550 523
3 523 550 549
3 524 551 550
3 525 526 527
3 541 526 525
3 525 527 528
3 529 525 528
3 542 525 529
3 542 541 525
3 526 558 527
3 540 539 526
3 569 526 539
3 541 540 526
3 526 569 558
3 557 528 527
3 557 527 558
3 529 528 530
3 559 530 528
3 559 528 557
3 609 529 530
3 625 542 529
3 625 529 609
3 649 530 559
3 609 530 610
3 649 610 530
3 572 532 531
3 572 531 570
3 533 532 534
3 532 563 534
3 532 572 563
3 533 534 535
3 536 533 535
3 562 535 534
3 562 534 563
3 536 535 537
3 564 537 535
3 564 535 562
3 538 536 537
3 538 537 539
3 567 539 537
3 567 537 564
3 540 538 539
3 546 538 540
3 546 545 538
3 569 539 567
3 547 540 541
3 547 546 540
3 548 541 542
3 548 547 541
3 633 548 542
3 633 542 625
3 552 544 543
3 553 543 545
3 553 552 543
3 552 551 544
3 554 545 546
3 554 553 545
3 555 546 547
3 555 554 546
3 556 547 548
3 556 555 547
3 641 556 548
3 641 548 633
3 550 573 549
3 551 574 550
3 550 574 573
3 552 575 551
3 551 575 574
3 553 576 552
3 552 576 575
3 554 577 553
3 553 577 576
3 555 578 554
3 554 578 577
3 556 579 555
3 555 579 578
3 556 580 579
3 641 580 556
3 595 557 558
3 559 557 560
3 557 590 560
3 557 595 590
3 569 568 558
3 594 558 568
3 595 558 594
3 559 560 561
3 649 559 561
3 589 561 560
3 589 560 590
3 681 561 589
3 649 561 650
3 681 650 561
3 599 562 563
3 564 562 565
3 562 592 565
3 562 599 592
3 572 571 563
3 598 563 571
3 599 563 598
3 564 565 566
3 567 564 566
3 591 566 565
3 591 565 592
3 567 566 568
3 593 568 566
3 593 566 591
3 569 567 568
3 594 568 593
3 572 570 571
3 598 571 597
3 581 573 574
3 581 582 573
3 582 601 573
3 583 574 575
3 583 581 574
3 584 575 576
3 584 583 575
3 585 576 577
3 585 584 576
3 586 577 578
3 586 585 577
3 587 578 579
3 587 586 578
3 588 579 580
3 588 587 579
3 673 588 580
3 641 665 580
3 673 580 665
3 581 602 582
3 583 604 581
3 581 604 602
3 582 602 601
3 1311 583 584
3 583 605 604
3 1312 605 583
3 1311 1312 583
3 1313 584 585
3 1313 1311 584
3 1314 585 586
3 1314 1313 585
3 587 607 586
3 1320 586 607
3 1320 1314 586
3 588 606 587
3 587 606 607
3 588 608 606
3 673 608 588
3 1412 589 590
3 1525 681 589
3 1525 589 1412
3 595 596 590
3 1410 590 596
3 1412 590 1410
3 1415 591 592
3 1416 593 591
3 1416 591 1415
3 599 600 592
3 1413 592 600
3 1415 592 1413
3 1417 594 593
3 1417 593 1416
3 595 594 596
3 594 1411 596
3 594 1417 1411
3 1410 596 1411
3 1420 598 597
3 1420 597 1419
3 599 598 600
3 598 1414 600
3 598 1420 1414
3 1413 600 1414
3 1315 603 602
3 1316 602 604
3 1316 1315 602
3 1315 1292 603
3 1292 1352 603
3 603 1352 1351
3 1317 604 605
3 1317 1316 604
3 1312 1317 605
3 1321 607 606
3 1322 606 608
3 1322 1321 606
3 1321 1320 607
3 673 689 608
3 689 1460 608
3 2456 1322 608
3 2456 608 1460
3 611 609 610
3 626 609 611
3 626 625 609
3 611 610 612
3 651 612 610
3 651 610 649
3 613 611 612
3 627 611 613
3 627 626 611
3 613 612 614
3 653 614 612
3 653 612 651
3 615 613 614
3 628 613 615
3 628 627 613
3 615 614 616
3 655 616 614
3 655 614 653
3 617 615 616
3 629 615 617
3 629 628 615
3 617 616 618
3 657 618 616
3 657 616 655
3 619 617 618
3 630 617 619
3 630 629 617
3 619 618 620
3 659 620 618
3 659 618 657
3 621 619 620
3 631 619 621
3 631 630 619
3 621 620 622
3 661 622 620
3 661 620 659
3 623 621 622
3 632 621 623
3 632 631 621
3 623 622 624
3 663 624 622
3 663 622 661
3 744 623 624
3 753 632 623
3 753 623 744
3 781 624 663
3 744 624 745
3 781 745 624
3 634 625 626
3 634 633 625
3 635 626 627
3 635 634 626
3 636 627 628
3 636 635 627
3 637 628 629
3 637 636 628
3 638 629 630
3 638 637 629
3 639 630 631
3 639 638 630
3 640 631 632
3 640 639 631
3 761 640 632
3 761 632 753
3 642 633 634
3 642 641 633
3 643 634 635
3 643 642 634
3 644 635 636
3 644 643 635
3 645 636 637
3 645 644 636
3 646 637 638
3 646 645 637
3 647 638 639
3 647 646 638
3 648 639 640
3 648 647 639
3 769 648 640
3 769 640 761
3 642 665 641
3 643 666 642
3 642 666 665
3 644 667 643
3 643 667 666
3 645 668 644
3 644 668 667
3 646 669 645
3 645 669 668
3 647 670 646
3 646 670 669
3 648 671 647
3 647 671 670
3 648 672 671
3 769 672 648
3 651 649 650
3 651 650 652
3 682 652 650
3 682 650 681
3 653 651 652
3 653 652 654
3 683 654 652
3 683 652 682
3 655 653 654
3 655 654 656
3 684 656 654
3 684 654 683
3 657 655 656
3 657 656 658
3 685 658 656
3 685 656 684
3 659 657 658
3 659 658 660
3 686 660 658
3 686 658 685
3 661 659 660
3 661 660 662
3 687 662 660
3 687 660 686
3 663 661 662
3 663 662 664
3 688 664 662
3 688 662 687
3 781 663 664
3 806 664 688
3 781 664 782
3 806 782 664
3 674 665 666
3 674 673 665
3 675 666 667
3 675 674 666
3 676 667 668
3 676 675 667
3 677 668 669
3 677 676 668
3 678 669 670
3 678 677 669
3 679 670 671
3 679 678 670
3 680 671 672
3 680 679 671
3 798 680 672
3 769 790 672
3 798 672 790
3 674 689 673
3 675 690 674
3 674 690 689
3 676 691 675
3 675 691 690
3 677 692 676
3 676 692 691
3 678 693 677
3 677 693 692
3 679 694 678
3 678 694 693
3 680 695 679
3 679 695 694
3 680 696 695
3 798 696 680
3 1526 682 681
3 1526 681 1525
3 1527 683 682
3 1527 682 1526
3 1528 684 683
3 1528 683 1527
3 1529 685 684
3 1529 684 1528
3 1530 686 685
3 1530 685 1529
3 1531 687 686
3 1531 686 1530
3 1532 688 687
3 1532 687 1531
3 1613 806 688
3 1613 688 1532
3 690 1533 689
3 689 1533 1460
3 691 1534 690
3 690 1534 1533
3 692 1535 691
3 691 1535 1534
3 693 1536 692
3 692 1536 1535
3 694 1537 693
3 693 1537 1536
3 695 1538 694
3 694 1538 1537
3 696 1539 695
3 695 1539 1538
3 798 814 696
3 814 1540 696
3 696 1540 1539
3 704 697 698
3 905 697 704
3 905 891 697
3 699 705 698
3 704 698 705
3 706 699 700
3 699 706 705
3 701 707 700
3 706 700 707
3 702 708 701
3 701 708 707
3 703 709 702
3 702 709 708
3 703 710 709
3 899 710 703
3 881 899 703
3 711 704 705
3 921 704 711
3 921 905 704
3 706 712 705
3 711 705 712
3 708 706 707
3 708 709 706
3 709 713 706
3 706 713 712
3 710 716 709
3 709 716 713
3 710 717 716
3 914 717 710
3 899 914 710
3 720 711 712
3 939 711 720
3 939 921 711
3 713 715 712
3 718 712 715
3 720 712 718
3 713 714 715
3 713 721 714
3 716 722 713
3 713 722 721
3 714 719 715
3 714 721 719
3 718 715 719
3 717 723 716
3 716 723 722
3 717 724 723
3 931 724 717
3 914 931 717
3 725 718 719
3 727 720 718
3 727 718 725
3 721 726 719
3 725 719 726
3 956 720 727
3 956 939 720
3 722 728 721
3 721 728 726
3 723 731 722
3 722 731 728
3 724 734 723
3 723 734 731
3 724 735 734
3 948 735 724
3 931 948 724
3 740 725 726
3 742 727 725
3 742 725 740
3 728 730 726
3 736 726 730
3 740 726 736
3 980 727 742
3 980 956 727
3 728 729 730
3 732 729 728
3 734 728 731
3 734 732 728
3 729 737 730
3 732 733 729
3 733 752 729
3 729 752 737
3 736 730 737
3 732 757 733
3 734 758 732
3 732 758 757
3 733 757 752
3 735 759 734
3 734 759 758
3 735 760 759
3 964 760 735
3 948 964 735
3 736 737 738
3 736 738 739
3 740 736 739
3 737 778 738
3 752 751 737
3 789 737 751
3 737 789 778
3 777 739 738
3 777 738 778
3 740 739 741
3 779 741 739
3 779 739 777
3 742 740 741
3 742 741 743
3 780 743 741
3 780 741 779
3 980 742 743
3 1013 743 780
3 980 743 981
3 1013 981 743
3 746 744 745
3 754 744 746
3 754 753 744
3 746 745 747
3 783 747 745
3 783 745 781
3 748 746 747
3 755 746 748
3 755 754 746
3 748 747 749
3 785 749 747
3 785 747 783
3 750 748 749
3 756 748 750
3 756 755 748
3 750 749 751
3 787 751 749
3 787 749 785
3 752 750 751
3 757 750 752
3 757 756 750
3 789 751 787
3 762 753 754
3 762 761 753
3 763 754 755
3 763 762 754
3 764 755 756
3 764 763 755
3 765 756 757
3 765 764 756
3 766 757 758
3 766 765 757
3 767 758 759
3 767 766 758
3 768 759 760
3 768 767 759
3 997 768 760
3 964 996 760
3 997 760 996
3 770 761 762
3 770 769 761
3 771 762 763
3 771 770 762
3 772 763 764
3 772 771 763
3 773 764 765
3 773 772 764
3 774 765 766
3 774 773 765
3 775 766 767
3 775 774 766
3 776 767 768
3 776 775 767
3 1005 776 768
3 1005 768 997
3 770 790 769
3 771 791 770
3 770 791 790
3 772 792 771
3 771 792 791
3 773 793 772
3 772 793 792
3 774 794 773
3 773 794 793
3 775 795 774
3 774 795 794
3 776 796 775
3 775 796 795
3 776 797 796
3 1005 797 776
3 811 777 778
3 812 779 777
3 812 777 811
3 789 788 778
3 810 778 788
3 811 778 810
3 813 780 779
3 813 779 812
3 1037 780 813
3 1037 1013 780
3 783 781 782
3 783 782 784
3 807 784 782
3 807 782 806
3 785 783 784
3 785 784 786
3 808 786 784
3 808 784 807
3 787 785 786
3 787 786 788
3 809 788 786
3 809 786 808
3 789 787 788
3 810 788 809
3 799 790 791
3 799 798 790
3 800 791 792
3 800 799 791
3 801 792 793
3 801 800 792
3 802 793 794
3 802 801 793
3 803 794 795
3 803 802 794
3 804 795 796
3 804 803 795
3 805 796 797
3 805 804 796
3 1029 805 797
3 1005 1021 797
3 1029 797 1021
3 799 814 798
3 800 815 799
3 799 815 814
3 801 816 800
3 800 816 815
3 802 817 801
3 801 817 816
3 803 818 802
3 802 818 817
3 804 819 803
3 803 819 818
3 805 820 804
3 804 820 819
3 805 821 820
3 1029 821 805
3 1614 807 806
3 1614 806 1613
3 1615 808 807
3 1615 807 1614
3 1616 809 808
3 1616 808 1615
3 1617 810 809
3 1617 809 1616
3 1618 811 810
3 1618 810 1617
3 1619 812 811
3 1619 811 1618
3 1620 813 812
3 1620 812 1619
3 1962 1037 813
3 1962 813 1620
3 815 1621 814
3 814 1621 1540
3 816 1622 815
3 815 1622 1621
3 817 1623 816
3 816 1623 1622
3 818 1624 817
3 817 1624 1623
3 819 1625 818
3 818 1625 1624
3 820 1626 819
3 819 1626 1625
3 821 1627 820
3 820 1627 1626
3 1029 1045 821
3 1045 1628 821
3 821 1628 1627
3 826 822 823
3 826 823 824
3 828 824 825
3 831 826 824
3 831 824 828
3 828 825 827
3 829 828 827
3 829 827 830
3 834 830 827
3 834 827 833
3 832 828 829
3 832 831 828
3 835 829 830
3 839 832 829
3 839 829 835
3 835 830 834
3 832 838 831
3 832 839 838
3 841 834 833
3 841 833 840
3 836 835 834
3 836 834 837
3 842 837 834
3 842 834 841
3 836 844 835
3 848 839 835
3 848 835 844
3 843 836 837
3 836 843 844
3 843 837 842
3 839 847 838
3 839 848 847
3 851 841 840
3 851 840 850
3 852 842 841
3 852 841 851
3 845 843 842
3 845 842 846
3 853 846 842
3 853 842 852
3 849 844 843
3 845 855 843
3 858 849 843
3 858 843 855
3 849 848 844
3 854 845 846
3 845 854 855
3 854 846 853
3 848 856 847
3 849 857 848
3 848 857 856
3 849 858 857
3 860 851 850
3 860 850 859
3 861 852 851
3 861 851 860
3 862 853 852
3 862 852 861
3 863 854 853
3 863 853 862
3 854 864 855
3 854 863 864
3 870 858 855
3 870 855 864
3 857 867 856
3 858 869 857
3 857 869 867
3 858 870 869
3 873 860 859
3 873 859 871
3 875 861 860
3 875 860 873
3 877 862 861
3 877 861 875
3 865 863 862
3 865 862 866
3 879 866 862
3 879 862 877
3 863 883 864
3 865 882 863
3 863 882 883
3 890 870 864
3 890 864 883
3 884 865 866
3 865 884 882
3 884 866 879
3 867 881 868
3 869 887 867
3 867 887 881
3 870 888 869
3 869 888 887
3 870 890 888
3 873 871 872
3 873 872 874
3 892 874 872
3 892 872 891
3 875 873 874
3 875 874 876
3 893 876 874
3 893 874 892
3 877 875 876
3 877 876 878
3 894 878 876
3 894 876 893
3 879 877 878
3 879 878 880
3 895 880 878
3 895 878 894
3 896 879 880
3 885 884 879
3 885 879 886
3 897 886 879
3 897 879 896
3 896 880 895
3 887 889 881
3 889 899 881
3 882 901 883
3 884 902 882
3 882 902 901
3 888 883 889
3 888 890 883
3 883 900 889
3 883 901 900
3 885 903 884
3 884 903 902
3 904 885 886
3 885 904 903
3 904 886 897
3 887 888 889
3 889 900 899
3 906 892 891
3 906 891 905
3 907 893 892
3 907 892 906
3 908 894 893
3 908 893 907
3 909 895 894
3 909 894 908
3 897 896 895
3 897 895 898
3 910 898 895
3 910 895 909
3 911 897 898
3 919 904 897
3 919 897 911
3 911 898 910
3 900 914 899
3 901 915 900
3 900 915 914
3 902 916 901
3 901 916 915
3 903 917 902
3 902 917 916
3 904 918 903
3 903 918 917
3 904 919 918
3 922 906 905
3 922 905 921
3 923 907 906
3 923 906 922
3 924 908 907
3 924 907 923
3 925 909 908
3 925 908 924
3 926 910 909
3 926 909 925
3 912 911 910
3 912 910 913
3 927 913 910
3 927 910 926
3 920 911 912
3 920 919 911
3 928 912 913
3 937 920 912
3 937 912 928
3 928 913 927
3 915 931 914
3 916 932 915
3 915 932 931
3 917 933 916
3 916 933 932
3 918 934 917
3 917 934 933
3 919 935 918
3 918 935 934
3 920 936 919
3 919 936 935
3 920 937 936
3 940 922 921
3 940 921 939
3 941 923 922
3 941 922 940
3 942 924 923
3 942 923 941
3 943 925 924
3 943 924 942
3 944 926 925
3 944 925 943
3 945 927 926
3 945 926 944
3 929 928 927
3 929 927 930
3 946 930 927
3 946 927 945
3 938 928 929
3 938 937 928
3 947 929 930
3 955 938 929
3 955 929 947
3 947 930 946
3 932 948 931
3 933 949 932
3 932 949 948
3 934 950 933
3 933 950 949
3 935 951 934
3 934 951 950
3 936 952 935
3 935 952 951
3 937 953 936
3 936 953 952
3 938 954 937
3 937 954 953
3 938 955 954
3 957 940 939
3 957 939 956
3 958 941 940
3 958 940 957
3 959 942 941
3 959 941 958
3 960 943 942
3 960 942 959
3 961 944 943
3 961 943 960
3 962 945 944
3 962 944 961
3 963 946 945
3 963 945 962
3 1053 947 946
3 1056 946 963
3 1053 946 1054
3 1056 1054 946
3 1055 955 947
3 1055 947 1053
3 949 964 948
3 950 965 949
3 949 965 964
3 951 966 950
3 950 966 965
3 952 967 951
3 951 967 966
3 953 968 952
3 952 968 967
3 954 969 953
3 953 969 968
3 955 970 954
3 954 970 969
3 955 971 970
3 1055 971 955
3 982 957 956
3 982 956 980
3 984 958 957
3 984 957 982
3 986 959 958
3 986 958 984
3 988 960 959
3 988 959 986
3 990 961 960
3 990 960 988
3 992 962 961
3 992 961 990
3 994 963 962
3 994 962 992
3 1066 963 994
3 1066 1056 963
3 972 964 965
3 972 973 964
3 973 996 964
3 974 965 966
3 974 972 965
3 975 966 967
3 975 974 966
3 976 967 968
3 976 975 967
3 977 968 969
3 977 976 968
3 978 969 970
3 978 977 969
3 979 970 971
3 979 978 970
3 1065 979 971
3 1055 1062 971
3 1065 971 1062
3 972 997 973
3 974 998 972
3 972 998 997
3 973 997 996
3 975 999 974
3 974 999 998
3 976 1000 975
3 975 1000 999
3 977 1001 976
3 976 1001 1000
3 978 1002 977
3 977 1002 1001
3 979 1003 978
3 978 1003 1002
3 979 1004 1003
3 1065 1004 979
3 982 980 981
3 982 981 983
3 1014 983 981
3 1014 981 1013
3 984 982 983
3 984 983 985
3 1015 985 983
3 1015 983 1014
3 986 984 985
3 986 985 987
3 1016 987 985
3 1016 985 1015
3 988 986 987
3 988 987 989
3 1017 989 987
3 1017 987 1016
3 990 988 989
3 990 989 991
3 1018 991 989
3 1018 989 1017
3 992 990 991
3 992 991 993
3 1019 993 991
3 1019 991 1018
3 994 992 993
3 994 993 995
3 1020 995 993
3 1020 993 1019
3 1066 994 995
3 1107 995 1020
3 1066 995 1067
3 1107 1067 995
3 1006 997 998
3 1006 1005 997
3 1007 998 999
3 1007 1006 998
3 1008 999 1000
3 1008 1007 999
3 1009 1000 1001
3 1009 1008 1000
3 1010 1001 1002
3 1010 1009 1001
3 1011 1002 1003
3 1011 1010 1002
3 1012 1003 1004
3 1012 1011 1003
3 1099 1012 1004
3 1065 1091 1004
3 1099 1004 1091
3 1006 1021 1005
3 1007 1022 1006
3 1006 1022 1021
3 1008 1023 1007
3 1007 1023 1022
3 1009 1024 1008
3 1008 1024 1023
3 1010 1025 1009
3 1009 1025 1024
3 1011 1026 1010
3 1010 1026 1025
3 1012 1027 1011
3 1011 1027 1026
3 1012 1028 1027
3 1099 1028 1012
3 1038 1014 1013
3 1038 1013 1037
3 1039 1015 1014
3 1039 1014 1038
3 1040 1016 1015
3 1040 1015 1039
3 1041 1017 1016
3 1041 1016 1040
3 1042 1018 1017
3 1042 1017 1041
3 1043 1019 1018
3 1043 1018 1042
3 1044 1020 1019
3 1044 1019 1043
3 1137 1020 1044
3 1137 1107 1020
3 1030 1021 1022
3 1030 1029 1021
3 1031 1022 1023
3 1031 1030 1022
3 1032 1023 1024
3 1032 1031 1023
3 1033 1024 1025
3 1033 1032 1024
3 1034 1025 1026
3 1034 1033 1025
3 1035 1026 1027
3 1035 1034 1026
3 1036 1027 1028
3 1036 1035 1027
3 1129 1036 1028
3 1099 1121 1028
3 1129 1028 1121
3 1030 1045 1029
3 1031 1046 1030
3 1030 1046 1045
3 1032 1047 1031
3 1031 1047 1046
3 1033 1048 1032
3 1032 1048 1047
3 1034 1049 1033
3 1033 1049 1048
3 1035 1050 1034
3 1034 1050 1049
3 1036 1051 1035
3 1035 1051 1050
3 1036 1052 1051
3 1129 1052 1036
3 1963 1038 1037
3 1963 1037 1962
3 1964 1039 1038
3 1964 1038 1963
3 1965 1040 1039
3 1965 1039 1964
3 1966 1041 1040
3 1966 1040 1965
3 1967 1042 1041
3 1967 1041 1966
3 1968 1043 1042
3 1968 1042 1967
3 1969 1044 1043
3 1969 1043 1968
3 2124 1137 1044
3 2124 1044 1969
3 1046 1970 1045
3 1045 1970 1628
3 1047 1971 1046
3 1046 1971 1970
3 1048 1972 1047
3 1047 1972 1971
3 1049 1973 1048
3 1048 1973 1972
3 1050 1974 1049
3 1049 1974 1973
3 1051 1975 1050
3 1050 1975 1974
3 1052 1976 1051
3 1051 1976 1975
3 1129 1145 1052
3 1145 1977 1052
3 1052 1977 1976
3 1057 1053 1054
3 1062 1055 1053
3 1062 1053 1057
3 1057 1054 1056
3 1058 1057 1056
3 1058 1056 1059
3 1068 1059 1056
3 1068 1056 1066
3 1063 1057 1058
3 1063 1062 1057
3 1060 1058 1059
3 1064 1058 1060
3 1064 1063 1058
3 1060 1059 1061
3 1070 1061 1059
3 1070 1059 1068
3 1072 1060 1061
3 1085 1064 1060
3 1085 1060 1072
3 1072 1061 1070
3 1063 1084 1062
3 1091 1065 1062
3 1091 1062 1084
3 1064 1083 1063
3 1063 1083 1084
3 1064 1085 1083
3 1068 1066 1067
3 1068 1067 1069
3 1108 1069 1067
3 1108 1067 1107
3 1070 1068 1069
3 1070 1069 1071
3 1109 1071 1069
3 1109 1069 1108
3 1110 1070 1071
3 1073 1072 1070
3 1073 1070 1074
3 1111 1074 1070
3 1111 1070 1110
3 1110 1071 1109
3 1086 1072 1073
3 1086 1085 1072
3 1075 1073 1074
3 1087 1073 1075
3 1087 1086 1073
3 1075 1074 1076
3 1113 1076 1074
3 1113 1074 1111
3 1077 1075 1076
3 1088 1075 1077
3 1088 1087 1075
3 1077 1076 1078
3 1115 1078 1076
3 1115 1076 1113
3 1079 1077 1078
3 1089 1077 1079
3 1089 1088 1077
3 1079 1078 1080
3 1117 1080 1078
3 1117 1078 1115
3 1081 1079 1080
3 1090 1079 1081
3 1090 1089 1079
3 1081 1080 1082
3 1119 1082 1080
3 1119 1080 1117
3 1153 1081 1082
3 1169 1090 1081
3 1169 1081 1153
3 1193 1082 1119
3 1153 1082 1154
3 1193 1154 1082
3 1092 1084 1083
3 1093 1083 1085
3 1093 1092 1083
3 1092 1091 1084
3 1094 1085 1086
3 1094 1093 1085
3 1095 1086 1087
3 1095 1094 1086
3 1096 1087 1088
3 1096 1095 1087
3 1097 1088 1089
3 1097 1096 1088
3 1098 1089 1090
3 1098 1097 1089
3 1177 1098 1090
3 1177 1090 1169
3 1100 1091 1092
3 1100 1099 1091
3 1101 1092 1093
3 1101 1100 1092
3 1102 1093 1094
3 1102 1101 1093
3 1103 1094 1095
3 1103 1102 1094
3 1104 1095 1096
3 1104 1103 1095
3 1105 1096 1097
3 1105 1104 1096
3 1106 1097 1098
3 1106 1105 1097
3 1185 1106 1098
3 1185 1098 1177
3 1100 1121 1099
3 1101 1122 1100
3 1100 1122 1121
3 1102 1123 1101
3 1101 1123 1122
3 1103 1124 1102
3 1102 1124 1123
3 1104 1125 1103
3 1103 1125 1124
3 1105 1126 1104
3 1104 1126 1125
3 1106 1127 1105
3 1105 1127 1126
3 1106 1128 1127
3 1185 1128 1106
3 1138 1108 1107
3 1138 1107 1137
3 1139 1109 1108
3 1139 1108 1138
3 1111 1110 1109
3 1111 1109 1112
3 1140 1112 1109
3 1140 1109 1139
3 1113 1111 1112
3 1113 1112 1114
3 1141 1114 1112
3 1141 1112 1140
3 1115 1113 1114
3 1115 1114 1116
3 1142 1116 1114
3 1142 1114 1141
3 1117 1115 1116
3 1117 1116 1118
3 1143 1118 1116
3 1143 1116 1142
3 1119 1117 1118
3 1119 1118 1120
3 1144 1120 1118
3 1144 1118 1143
3 1193 1119 1120
3 1224 1120 1144
3 1193 1120 1194
3 1224 1194 1120
3 1130 1121 1122
3 1130 1129 1121
3 1131 1122 1123
3 1131 1130 1122
3 1132 1123 1124
3 1132 1131 1123
3 1133 1124 1125
3 1133 1132 1124
3 1134 1125 1126
3 1134 1133 1125
3 1135 1126 1127
3 1135 1134 1126
3 1136 1127 1128
3 1136 1135 1127
3 1218 1136 1128
3 1185 1209 1128
3 1218 1128 1209
3 1130 1145 1129
3 1131 1146 1130
3 1130 1146 1145
3 1132 1147 1131
3 1131 1147 1146
3 1133 1148 1132
3 1132 1148 1147
3 1134 1149 1133
3 1133 1149 1148
3 1135 1150 1134
3 1134 1150 1149
3 1136 1151 1135
3 1135 1151 1150
3 1136 1152 1151
3 1218 1152 1136
3 2125 1138 1137
3 2125 1137 2124
3 2126 1139 1138
3 2126 1138 2125
3 2127 1140 1139
3 2127 1139 2126
3 2128 1141 1140
3 2128 1140 2127
3 2129 1142 1141
3 2129 1141 2128
3 2130 1143 1142
3 2130 1142 2129
3 2131 1144 1143
3 2131 1143 2130
3 2224 1224 1144
3 2224 1144 2131
3 1146 2132 1145
3 1145 2132 1977
3 1147 2133 1146
3 1146 2133 2132
3 1148 2134 1147
3 1147 2134 2133
3 1149 2135 1148
3 1148 2135 2134
3 1150 2136 1149
3 1149 2136 2135
3 1151 2137 1150
3 1150 2137 2136
3 1152 2138 1151
3 1151 2138 2137
3 1218 1235 1152
3 1235 2139 1152
3 1152 2139 2138
3 1155 1153 1154
3 1170 1153 1155
3 1170 1169 1153
3 1155 1154 1156
3 1195 1156 1154
3 1195 1154 1193
3 1157 1155 1156
3 1171 1155 1157
3 1171 1170 1155
3 1157 1156 1158
3 1197 1158 1156
3 1197 1156 1195
3 1159 1157 1158
3 1172 1157 1159
3 1172 1171 1157
3 1159 1158 1160
3 1199 1160 1158
3 1199 1158 1197
3 1161 1159 1160
3 1173 1159 1161
3 1173 1172 1159
3 1161 1160 1162
3 1201 1162 1160
3 1201 1160 1199
3 1163 1161 1162
3 1174 1161 1163
3 1174 1173 1161
3 1163 1162 1164
3 1203 1164 1162
3 1203 1162 1201
3 1165 1163 1164
3 1175 1163 1165
3 1175 1174 1163
3 1165 1164 1166
3 1205 1166 1164
3 1205 1164 1203
3 1167 1165 1166
3 1176 1165 1167
3 1176 1175 1165
3 1167 1166 1168
3 1207 1168 1166
3 1207 1166 1205
3 1242 1167 1168
3 1246 1176 1167
3 1246 1167 1242
3 1252 1168 1207
3 1242 1168 1243
3 1252 1243 1168
3 1178 1169 1170
3 1178 1177 1169
3 1179 1170 1171
3 1179 1178 1170
3 1180 1171 1172
3 1180 1179 1171
3 1181 1172 1173
3 1181 1180 1172
3 1182 1173 1174
3 1182 1181 1173
3 1183 1174 1175
3 1183 1182 1174
3 1184 1175 1176
3 1184 1183 1175
3 1250 1184 1176
3 1250 1176 1246
3 1186 1177 1178
3 1186 1185 1177
3 1187 1178 1179
3 1187 1186 1178
3 1188 1179 1180
3 1188 1187 1179
3 1189 1180 1181
3 1189 1188 1180
3 1190 1181 1182
3 1190 1189 1181
3 1191 1182 1183
3 1191 1190 1182
3 1192 1183 1184
3 1192 1191 1183
3 1216 1192 1184
3 1216 1184 1217
3 1250 1217 1184
3 1186 1209 1185
3 1187 1210 1186
3 1186 1210 1209
3 1188 1211 1187
3 1187 1211 1210
3 1189 1212 1188
3 1188 1212 1211
3 1190 1213 1189
3 1189 1213 1212
3 1191 1214 1190
3 1190 1214 1213
3 1192 1215 1191
3 1191 1215 1214
3 1192 1216 1215
3 1195 1193 1194
3 1195 1194 1196
3 1225 1196 1194
3 1225 1194 1224
3 1197 1195 1196
3 1197 1196 1198
3 1226 1198 1196
3 1226 1196 1225
3 1199 1197 1198
3 1199 1198 1200
3 1227 1200 1198
3 1227 1198 1226
3 1201 1199 1200
3 1201 1200 1202
3 1228 1202 1200
3 1228 1200 1227
3 1203 1201 1202
3 1203 1202 1204
3 1229 1204 1202
3 1229 1202 1228
3 1205 1203 1204
3 1205 1204 1206
3 1230 1206 1204
3 1230 1204 1229
3 1207 1205 1206
3 1207 1206 1208
3 1231 1208 1206
3 1231 1206 1230
3 1252 1207 1208
3 1272 1208 1231
3 1252 1208 1253
3 1272 1253 1208
3 1219 1209 1210
3 1219 1218 1209
3 1220 1210 1211
3 1220 1219 1210
3 1221 1211 1212
3 1221 1220 1211
3 1222 1212 1213
3 1222 1221 1212
3 1223 1213 1214
3 1223 1222 1213
3 1215 1233 1214
3 1240 1223 1214
3 1240 1214 1233
3 1216 1232 1215
3 1215 1232 1233
3 1270 1216 1217
3 1216 1234 1232
3 1270 1234 1216
3 1250 1267 1217
3 1270 1217 1267
3 1219 1235 1218
3 1220 1236 1219
3 1219 1236 1235
3 1221 1237 1220
3 1220 1237 1236
3 1222 1238 1221
3 1221 1238 1237
3 1223 1239 1222
3 1222 1239 1238
3 1223 1240 1239
3 2225 1225 1224
3 2225 1224 2224
3 2226 1226 1225
3 2226 1225 2225
3 2227 1227 1226
3 2227 1226 2226
3 2228 1228 1227
3 2228 1227 2227
3 2229 1229 1228
3 2229 1228 2228
3 2230 1230 1229
3 2230 1229 2229
3 2231 1231 1230
3 2231 1230 2230
3 2313 1272 1231
3 2313 1231 2231
3 1241 1233 1232
3 1234 2233 1232
3 2240 1241 1232
3 2240 1232 2233
3 1241 1240 1233
3 1270 1287 1234
3 1287 2232 1234
3 1234 2232 2233
3 1236 2234 1235
3 1235 2234 2139
3 1237 2235 1236
3 1236 2235 2234
3 1238 2236 1237
3 1237 2236 2235
3 1239 2237 1238
3 1238 2237 2236
3 1240 2238 1239
3 1239 2238 2237
3 1241 2239 1240
3 1240 2239 2238
3 1241 2240 2239
3 1244 1242 1243
3 1247 1242 1244
3 1247 1246 1242
3 1244 1243 1245
3 1254 1245 1243
3 1254 1243 1252
3 1258 1244 1245
3 1248 1247 1244
3 1248 1244 1249
3 1259 1249 1244
3 1259 1244 1258
3 1258 1245 1254
3 1251 1246 1247
3 1251 1250 1246
3 1248 1265 1247
3 1268 1251 1247
3 1268 1247 1265
3 1264 1248 1249
3 1248 1264 1265
3 1264 1249 1259
3 1251 1267 1250
3 1251 1268 1267
3 1254 1252 1253
3 1254 1253 1255
3 1273 1255 1253
3 1273 1253 1272
3 1256 1254 1255
3 1259 1254 1256
3 1259 1258 1254
3 1256 1255 1257
3 1274 1257 1255
3 1274 1255 1273
3 1275 1256 1257
3 1260 1259 1256
3 1260 1256 1261
3 1276 1261 1256
3 1276 1256 1275
3 1275 1257 1274
3 1266 1259 1260
3 1266 1264 1259
3 1262 1260 1261
3 1262 1280 1260
3 1281 1266 1260
3 1281 1260 1280
3 1262 1261 1263
3 1278 1263 1261
3 1278 1261 1276
3 1279 1262 1263
3 1262 1279 1280
3 1279 1263 1278
3 1269 1265 1264
3 1266 1282 1264
3 1284 1269 1264
3 1284 1264 1282
3 1269 1268 1265
3 1266 1281 1282
3 1271 1267 1268
3 1271 1270 1267
3 1269 1285 1268
3 1288 1271 1268
3 1288 1268 1285
3 1269 1284 1285
3 1271 1287 1270
3 1271 1288 1287
3 2314 1273 1272
3 2314 1272 2313
3 2315 1274 1273
3 2315 1273 2314
3 1276 1275 1274
3 1276 1274 1277
3 2316 1277 1274
3 2316 1274 2315
3 2318 1276 1277
3 2319 1278 1276
3 2319 1276 2318
3 2318 1277 2316
3 2320 1279 1278
3 2320 1278 2319
3 1283 1280 1279
3 2322 1283 1279
3 2322 1279 2320
3 1283 1281 1280
3 1286 1282 1281
3 1283 2321 1281
3 2326 1286 1281
3 2326 1281 2321
3 1286 1284 1282
3 1283 2322 2321
3 1284 2325 1285
3 1286 2324 1284
3 1284 2324 2325
3 2329 1288 1285
3 2329 1285 2325
3 1286 2326 2324
3 1288 2328 1287
3 1287 2328 2232
3 1288 2329 2328
3 1289 1290 1291
3 1293 1290 1289
3 1289 1291 1292
3 1323 1289 1292
3 1329 1293 1289
3 1329 1289 1323
3 1290 2430 1291
3 1293 1294 1290
3 1294 2431 1290
3 1290 2431 2430
3 2429 1292 1291
3 2429 1291 2430
3 1323 1292 1315
3 1292 2429 1352
3 1298 1294 1293
3 1334 1298 1293
3 1334 1293 1329
3 1295 1297 1294
3 1298 1295 1294
3 2433 1294 1297
3 1294 2433 2431
3 1295 1296 1297
3 1299 1296 1295
3 1301 1295 1298
3 1301 1299 1295
3 1296 2434 1297
3 1299 1300 1296
3 1300 2436 1296
3 1296 2436 2434
3 2433 1297 2434
3 1338 1301 1298
3 1338 1298 1334
3 1305 1300 1299
3 1306 1299 1301
3 1306 1305 1299
3 1302 1304 1300
3 1305 1302 1300
3 2439 1300 1304
3 1300 2439 2436
3 1340 1306 1301
3 1340 1301 1338
3 1302 1303 1304
3 1307 1303 1302
3 1309 1302 1305
3 1309 1307 1302
3 1303 2440 1304
3 1307 1308 1303
3 1308 2443 1303
3 1303 2443 2440
3 2439 1304 2440
3 1310 1305 1306
3 1310 1309 1305
3 2450 1310 1306
3 1340 2446 1306
3 2450 1306 2446
3 1307 2447 1308
3 1309 2448 1307
3 1307 2448 2447
3 1308 2447 2443
3 1310 2449 1309
3 1309 2449 2448
3 1310 2450 2449
3 1311 1317 1312
3 1313 1318 1311
3 1311 1318 1317
3 1314 1319 1313
3 1313 1319 1318
3 1314 1320 1319
3 1324 1315 1316
3 1324 1323 1315
3 1325 1316 1317
3 1325 1324 1316
3 1326 1317 1318
3 1326 1325 1317
3 1327 1318 1319
3 1327 1326 1318
3 1328 1319 1320
3 1328 1327 1319
3 1321 2454 1320
3 2464 1328 1320
3 2464 1320 2454
3 1322 2455 1321
3 1321 2455 2454
3 1322 2456 2455
3 1330 1323 1324
3 1330 1329 1323
3 1331 1324 1325
3 1331 1330 1324
3 1332 1325 1326
3 1332 1331 1325
3 1333 1326 1327
3 1333 1332 1326
3 1328 2462 1327
3 2469 1333 1327
3 2469 1327 2462
3 1328 2464 2462
3 1335 1329 1330
3 1335 1334 1329
3 1336 1330 1331
3 1336 1335 1330
3 1337 1331 1332
3 1337 1336 1331
3 1333 2468 1332
3 2473 1337 1332
3 2473 1332 2468
3 1333 2469 2468
3 1339 1334 1335
3 1339 1338 1334
3 1336 2471 1335
3 2475 1339 1335
3 2475 1335 2471
3 1337 2472 1336
3 1336 2472 2471
3 1337 2473 2472
3 1339 2474 1338
3 2476 1340 1338
3 2476 1338 2474
3 1339 2475 2474
3 1340 2476 2446
3 1353 1341 1342
3 1432 1341 1353
3 1432 1419 1341
3 1345 1354 1342
3 1353 1342 1354
3 1346 1343 1344
3 1355 1345 1343
3 1346 1347 1343
3 1347 1356 1343
3 1355 1343 1356
3 1345 1355 1354
3 1348 1350 1347
3 1350 1358 1347
3 1347 1358 1356
3 1348 1349 1350
3 1349 1359 1350
3 1351 1360 1349
3 1349 1360 1359
3 1350 1359 1358
3 1352 1423 1351
3 1351 1361 1360
3 1423 1361 1351
3 1352 1422 1423
3 2429 1422 1352
3 1355 1353 1354
3 1355 1357 1353
3 1357 1432 1353
3 1358 1355 1356
3 1363 1357 1355
3 1358 1359 1355
3 1359 1364 1355
3 1363 1355 1364
3 1471 1357 1363
3 1357 1438 1432
3 1471 1438 1357
3 1360 1362 1359
3 1362 1365 1359
3 1359 1365 1364
3 1360 1361 1362
3 1361 1366 1362
3 1361 1367 1366
3 1440 1367 1361
3 1423 1440 1361
3 1362 1366 1365
3 1368 1363 1364
3 1493 1363 1368
3 1493 1471 1363
3 1365 1369 1364
3 1368 1364 1369
3 1366 1370 1365
3 1365 1370 1369
3 1367 1371 1366
3 1366 1371 1370
3 1367 1372 1371
3 1483 1372 1367
3 1440 1483 1367
3 1374 1368 1369
3 1504 1368 1374
3 1504 1493 1368
3 1370 1375 1369
3 1374 1369 1375
3 1372 1370 1371
3 1372 1373 1370
3 1373 1376 1370
3 1370 1376 1375
3 1372 1379 1373
3 1372 1380 1379
3 1501 1380 1372
3 1483 1501 1372
3 1373 1379 1376
3 1383 1374 1375
3 1514 1374 1383
3 1514 1504 1374
3 1376 1378 1375
3 1381 1375 1378
3 1383 1375 1381
3 1376 1377 1378
3 1376 1384 1377
3 1379 1385 1376
3 1376 1385 1384
3 1377 1382 1378
3 1377 1384 1382
3 1381 1378 1382
3 1380 1386 1379
3 1379 1386 1385
3 1380 1388 1386
3 1510 1388 1380
3 1501 1510 1380
3 1389 1381 1382
3 1391 1383 1381
3 1391 1381 1389
3 1384 1390 1382
3 1389 1382 1390
3 1522 1383 1391
3 1522 1514 1383
3 1386 1384 1385
3 1386 1387 1384
3 1387 1392 1384
3 1384 1392 1390
3 1386 1393 1387
3 1388 1396 1386
3 1386 1396 1393
3 1387 1393 1392
3 1388 1397 1396
3 1520 1397 1388
3 1510 1520 1388
3 1398 1389 1390
3 1400 1391 1389
3 1400 1389 1398
3 1392 1399 1390
3 1398 1390 1399
3 1404 1391 1400
3 1404 1405 1391
3 1405 1522 1391
3 1393 1395 1392
3 1401 1392 1395
3 1392 1401 1399
3 1393 1394 1395
3 1393 1406 1394
3 1396 1407 1393
3 1393 1407 1406
3 1394 1402 1395
3 1394 1406 1402
3 1401 1395 1402
3 1397 1408 1396
3 1396 1408 1407
3 1409 1397 1405
3 1397 1523 1405
3 1397 1409 1408
3 1520 1524 1397
3 1397 1524 1523
3 1401 1398 1399
3 1403 1400 1398
3 1401 1403 1398
3 1403 1404 1400
3 1738 1401 1402
3 1740 1403 1401
3 1740 1401 1738
3 1406 1739 1402
3 1738 1402 1739
3 1408 1404 1403
3 1743 1408 1403
3 1743 1403 1740
3 1409 1405 1404
3 1408 1409 1404
3 1405 1523 1522
3 1407 1741 1406
3 1406 1741 1739
3 1408 1742 1407
3 1407 1742 1741
3 1408 1743 1742
3 1417 1410 1411
3 1424 1412 1410
3 1417 1418 1410
3 1418 1425 1410
3 1424 1410 1425
3 1541 1412 1424
3 1541 1525 1412
3 1420 1413 1414
3 1426 1415 1413
3 1420 1421 1413
3 1421 1427 1413
3 1426 1413 1427
3 1428 1416 1415
3 1428 1415 1426
3 1429 1417 1416
3 1429 1416 1428
3 1430 1418 1417
3 1430 1417 1429
3 1418 1430 1425
3 1433 1420 1419
3 1433 1419 1432
3 1434 1421 1420
3 1434 1420 1433
3 1421 1434 1427
3 1422 1440 1423
3 1422 1441 1440
3 1444 1441 1422
3 2451 1444 1422
3 2429 2451 1422
3 1430 1424 1425
3 1430 1431 1424
3 1431 1541 1424
3 1434 1426 1427
3 1435 1428 1426
3 1434 1435 1426
3 1436 1429 1428
3 1435 1436 1428
3 1461 1430 1429
3 1436 1437 1429
3 1437 1462 1429
3 1461 1429 1462
3 1463 1431 1430
3 1463 1430 1461
3 1573 1431 1463
3 1431 1549 1541
3 1573 1549 1431
3 1438 1433 1432
3 1464 1434 1433
3 1438 1439 1433
3 1439 1465 1433
3 1464 1433 1465
3 1466 1435 1434
3 1466 1434 1464
3 1467 1436 1435
3 1467 1435 1466
3 1468 1437 1436
3 1468 1436 1467
3 1437 1468 1462
3 1472 1439 1438
3 1472 1438 1471
3 1439 1472 1465
3 1441 1443 1440
3 1443 1483 1440
3 1441 1442 1443
3 1444 1442 1441
3 1442 1446 1443
3 1447 1442 1444
3 1442 1445 1446
3 1447 1445 1442
3 1446 1484 1443
3 1443 1484 1483
3 2452 1447 1444
3 2451 2452 1444
3 1445 1449 1446
3 2453 1445 1447
3 1445 1448 1449
3 2477 1448 1445
3 2453 2477 1445
3 1449 1485 1446
3 1446 1485 1484
3 2452 2453 1447
3 1448 1451 1449
3 1448 1450 1451
3 2478 1450 1448
3 2477 2478 1448
3 1451 1486 1449
3 1449 1486 1485
3 1450 1453 1451
3 1450 1452 1453
3 2479 1452 1450
3 2478 2479 1450
3 1453 1489 1451
3 1451 1489 1486
3 1452 1455 1453
3 1452 1454 1455
3 1456 1454 1452
3 1456 1452 1457
3 2480 1457 1452
3 2479 2480 1452
3 1455 1490 1453
3 1453 1490 1489
3 1454 1459 1455
3 1460 1454 1456
3 1454 1458 1459
3 1460 1458 1454
3 1459 1491 1455
3 1455 1491 1490
3 2454 1456 1457
3 2455 1460 1456
3 2454 2455 1456
3 2480 2454 1457
3 1458 1558 1459
3 1533 1458 1460
3 1533 1557 1458
3 1458 1557 1558
3 1459 1492 1491
3 1558 1492 1459
3 2455 2456 1460
3 1468 1461 1462
3 1469 1463 1461
3 1468 1469 1461
3 1469 1470 1463
3 1470 1573 1463
3 1472 1464 1465
3 1473 1466 1464
3 1472 1473 1464
3 1474 1467 1466
3 1473 1474 1466
3 1475 1468 1467
3 1474 1475 1467
3 1476 1469 1468
3 1475 1476 1468
3 1477 1470 1469
3 1476 1477 1469
3 1477 1478 1470
3 1478 1581 1470
3 1470 1581 1573
3 1494 1472 1471
3 1494 1471 1493
3 1495 1473 1472
3 1495 1472 1494
3 1496 1474 1473
3 1496 1473 1495
3 1497 1475 1474
3 1497 1474 1496
3 1479 1476 1475
3 1500 1479 1475
3 1500 1475 1497
3 1480 1477 1476
3 1479 1480 1476
3 1481 1478 1477
3 1480 1481 1477
3 1481 1482 1478
3 1482 1589 1478
3 1478 1589 1581
3 1489 1480 1479
3 1486 1479 1487
3 1486 1489 1479
3 1479 1498 1487
3 1479 1500 1498
3 1490 1481 1480
3 1489 1490 1480
3 1491 1482 1481
3 1490 1491 1481
3 1491 1492 1482
3 1492 1597 1482
3 1482 1597 1589
3 1484 1501 1483
3 1485 1502 1484
3 1484 1502 1501
3 1485 1486 1487
3 1485 1487 1488
3 1503 1485 1488
3 1485 1503 1502
3 1487 1499 1488
3 1487 1498 1499
3 1503 1488 1499
3 1558 1605 1492
3 1492 1605 1597
3 1505 1494 1493
3 1505 1493 1504
3 1506 1495 1494
3 1506 1494 1505
3 1507 1496 1495
3 1507 1495 1506
3 1498 1497 1496
3 1509 1498 1496
3 1509 1496 1507
3 1498 1500 1497
3 1498 1508 1499
3 1498 1509 1508
3 1512 1503 1499
3 1512 1499 1508
3 1502 1510 1501
3 1503 1511 1502
3 1502 1511 1510
3 1503 1512 1511
3 1515 1505 1504
3 1515 1504 1514
3 1516 1506 1505
3 1516 1505 1515
3 1508 1507 1506
3 1519 1508 1506
3 1519 1506 1516
3 1508 1509 1507
3 1511 1512 1508
3 1511 1508 1513
3 1508 1518 1513
3 1508 1519 1518
3 1511 1520 1510
3 1521 1511 1513
3 1511 1521 1520
3 1521 1513 1518
3 1517 1515 1514
3 1523 1517 1514
3 1523 1514 1522
3 1518 1516 1515
3 1517 1518 1515
3 1518 1519 1516
3 1520 1518 1517
3 1524 1520 1517
3 1524 1517 1523
3 1520 1521 1518
3 1542 1526 1525
3 1542 1525 1541
3 1543 1527 1526
3 1543 1526 1542
3 1544 1528 1527
3 1544 1527 1543
3 1545 1529 1528
3 1545 1528 1544
3 1546 1530 1529
3 1546 1529 1545
3 1547 1531 1530
3 1547 1530 1546
3 1548 1532 1531
3 1548 1531 1547
3 1629 1532 1548
3 1629 1613 1532
3 1534 1557 1533
3 1535 1559 1534
3 1534 1559 1557
3 1536 1561 1535
3 1535 1561 1559
3 1537 1563 1536
3 1536 1563 1561
3 1538 1565 1537
3 1537 1565 1563
3 1539 1567 1538
3 1538 1567 1565
3 1540 1569 1539
3 1539 1569 1567
3 1540 1571 1569
3 1621 1571 1540
3 1549 1542 1541
3 1550 1543 1542
3 1549 1550 1542
3 1551 1544 1543
3 1550 1551 1543
3 1552 1545 1544
3 1551 1552 1544
3 1553 1546 1545
3 1552 1553 1545
3 1554 1547 1546
3 1553 1554 1546
3 1555 1548 1547
3 1554 1555 1547
3 1555 1556 1548
3 1556 1629 1548
3 1574 1550 1549
3 1574 1549 1573
3 1575 1551 1550
3 1575 1550 1574
3 1576 1552 1551
3 1576 1551 1575
3 1577 1553 1552
3 1577 1552 1576
3 1578 1554 1553
3 1578 1553 1577
3 1579 1555 1554
3 1579 1554 1578
3 1580 1556 1555
3 1580 1555 1579
3 1662 1556 1580
3 1556 1637 1629
3 1662 1637 1556
3 1557 1560 1558
3 1557 1559 1560
3 1560 1605 1558
3 1559 1562 1560
3 1559 1561 1562
3 1562 1606 1560
3 1560 1606 1605
3 1561 1564 1562
3 1561 1563 1564
3 1564 1607 1562
3 1562 1607 1606
3 1563 1566 1564
3 1563 1565 1566
3 1566 1608 1564
3 1564 1608 1607
3 1565 1568 1566
3 1565 1567 1568
3 1568 1609 1566
3 1566 1609 1608
3 1567 1570 1568
3 1567 1569 1570
3 1570 1610 1568
3 1568 1610 1609
3 1569 1572 1570
3 1569 1571 1572
3 1572 1611 1570
3 1570 1611 1610
3 1571 1643 1572
3 1621 1642 1571
3 1571 1642 1643
3 1572 1612 1611
3 1643 1612 1572
3 1581 1574 1573
3 1582 1575 1574
3 1581 1582 1574
3 1583 1576 1575
3 1582 1583 1575
3 1584 1577 1576
3 1583 1584 1576
3 1585 1578 1577
3 1584 1585 1577
3 1586 1579 1578
3 1585 1586 1578
3 1587 1580 1579
3 1586 1587 1579
3 1587 1588 1580
3 1588 1662 1580
3 1589 1582 1581
3 1590 1583 1582
3 1589 1590 1582
3 1591 1584 1583
3 1590 1591 1583
3 1592 1585 1584
3 1591 1592 1584
3 1593 1586 1585
3 1592 1593 1585
3 1594 1587 1586
3 1593 1594 1586
3 1595 1588 1587
3 1594 1595 1587
3 1595 1596 1588
3 1596 1670 1588
3 1588 1670 1662
3 1597 1590 1589
3 1598 1591 1590
3 1597 1598 1590
3 1599 1592 1591
3 1598 1599 1591
3 1600 1593 1592
3 1599 1600 1592
3 1601 1594 1593
3 1600 1601 1593
3 1602 1595 1594
3 1601 1602 1594
3 1603 1596 1595
3 1602 1603 1595
3 1603 1604 1596
3 1604 1675 1596
3 1596 1675 1670
3 1605 1598 1597
3 1606 1599 1598
3 1605 1606 1598
3 1607 1600 1599
3 1606 1607 1599
3 1608 1601 1600
3 1607 1608 1600
3 1609 1602 1601
3 1608 1609 1601
3 1610 1603 1602
3 1609 1610 1602
3 1611 1604 1603
3 1610 1611 1603
3 1611 1612 1604
3 1612 1680 1604
3 1604 1680 1675
3 1643 1691 1612
3 1612 1691 1680
3 1630 1614 1613
3 1630 1613 1629
3 1631 1615 1614
3 1631 1614 1630
3 1632 1616 1615
3 1632 1615 1631
3 1633 1617 1616
3 1633 1616 1632
3 1634 1618 1617
3 1634 1617 1633
3 1635 1619 1618
3 1635 1618 1634
3 1636 1620 1619
3 1636 1619 1635
3 1978 1620 1636
3 1978 1962 1620
3 1622 1642 1621
3 1623 1644 1622
3 1622 1644 1642
3 1624 1646 1623
3 1623 1646 1644
3 1625 1648 1624
3 1624 1648 1646
3 1626 1650 1625
3 1625 1650 1648
3 1627 1652 1626
3 1626 1652 1650
3 1628 1654 1627
3 1627 1654 1652
3 1628 1656 1654
3 1970 1656 1628
3 1637 1630 1629
3 1638 1631 1630
3 1637 1638 1630
3 1639 1632 1631
3 1638 1639 1631
3 1640 1633 1632
3 1639 1640 1632
3 1658 1634 1633
3 1640 1641 1633
3 1641 1659 1633
3 1658 1633 1659
3 1660 1635 1634
3 1660 1634 1658
3 1661 1636 1635
3 1661 1635 1660
3 2002 1636 1661
3 2002 1978 1636
3 1663 1638 1637
3 1663 1637 1662
3 1664 1639 1638
3 1664 1638 1663
3 1665 1640 1639
3 1665 1639 1664
3 1666 1641 1640
3 1666 1640 1665
3 1641 1666 1659
3 1642 1645 1643
3 1642 1644 1645
3 1645 1691 1643
3 1644 1647 1645
3 1644 1646 1647
3 1647 1692 1645
3 1645 1692 1691
3 1646 1649 1647
3 1646 1648 1649
3 1649 1693 1647
3 1647 1693 1692
3 1648 1651 1649
3 1648 1650 1651
3 1651 1694 1649
3 1649 1694 1693
3 1650 1653 1651
3 1650 1652 1653
3 1653 1695 1651
3 1651 1695 1694
3 1652 1655 1653
3 1652 1654 1655
3 1655 1696 1653
3 1653 1696 1695
3 1654 1657 1655
3 1654 1656 1657
3 1657 1697 1655
3 1655 1697 1696
3 1656 1987 1657
3 1970 1986 1656
3 1656 1986 1987
3 1657 1698 1697
3 1987 1698 1657
3 1666 1658 1659
3 1667 1660 1658
3 1666 1667 1658
3 1668 1661 1660
3 1667 1668 1660
3 1668 1669 1661
3 1669 2002 1661
3 1670 1663 1662
3 1671 1664 1663
3 1670 1671 1663
3 1672 1665 1664
3 1671 1672 1664
3 1673 1666 1665
3 1672 1673 1665
3 1699 1667 1666
3 1673 1674 1666
3 1674 1700 1666
3 1699 1666 1700
3 1701 1668 1667
3 1701 1667 1699
3 1702 1669 1668
3 1702 1668 1701
3 2035 1669 1702
3 1669 2010 2002
3 2035 2010 1669
3 1675 1671 1670
3 1676 1672 1671
3 1675 1676 1671
3 1677 1673 1672
3 1676 1677 1672
3 1678 1674 1673
3 1677 1678 1673
3 1678 1679 1674
3 1679 1703 1674
3 1674 1703 1700
3 1680 1676 1675
3 1681 1677 1676
3 1680 1681 1676
3 1682 1678 1677
3 1681 1682 1677
3 1683 1679 1678
3 1682 1683 1678
3 1683 1684 1679
3 1684 1686 1679
3 1686 1705 1679
3 1679 1705 1703
3 1691 1681 1680
3 1692 1682 1681
3 1691 1692 1681
3 1693 1683 1682
3 1692 1693 1682
3 1694 1684 1683
3 1693 1694 1683
3 1684 1685 1686
3 1695 1685 1684
3 1694 1695 1684
3 1685 1688 1686
3 1685 1687 1688
3 1696 1687 1685
3 1695 1696 1685
3 1688 1706 1686
3 1686 1706 1705
3 1687 1690 1688
3 1687 1689 1690
3 1697 1689 1687
3 1696 1697 1687
3 1690 1707 1688
3 1688 1707 1706
3 1689 2019 1690
3 1697 1698 1689
3 1698 2018 1689
3 1689 2018 2019
3 1690 1709 1707
3 2019 1709 1690
3 1987 2020 1698
3 1698 2020 2018
3 1703 1699 1700
3 1710 1701 1699
3 1703 1704 1699
3 1704 1711 1699
3 1710 1699 1711
3 1712 1702 1701
3 1712 1701 1710
3 2059 1702 1712
3 2059 2035 1702
3 1705 1704 1703
3 1705 1706 1704
3 1706 1708 1704
3 1708 1713 1704
3 1704 1713 1711
3 1706 1707 1708
3 1707 1714 1708
3 1709 1715 1707
3 1707 1715 1714
3 1708 1714 1713
3 1709 1716 1715
3 2043 1716 1709
3 2019 2043 1709
3 1717 1710 1711
3 1719 1712 1710
3 1719 1710 1717
3 1713 1718 1711
3 1717 1711 1718
3 2075 1712 1719
3 2075 2059 1712
3 1714 1720 1713
3 1713 1720 1718
3 1715 1721 1714
3 1714 1721 1720
3 1716 1722 1715
3 1715 1722 1721
3 1716 1723 1722
3 2067 1723 1716
3 2043 2067 1716
3 1720 1717 1718
3 1724 1719 1717
3 1720 1721 1717
3 1721 1725 1717
3 1724 1717 1725
3 2094 1719 1724
3 2094 2075 1719
3 1722 1726 1721
3 1721 1726 1725
3 1723 1727 1722
3 1722 1727 1726
3 1723 1730 1727
3 2086 1730 1723
3 2067 2086 1723
3 1731 1724 1725
3 2110 1724 1731
3 2110 2094 1724
3 1726 1732 1725
3 1731 1725 1732
3 1727 1729 1726
3 1733 1726 1729
3 1726 1733 1732
3 1727 1728 1729
3 1727 1735 1728
3 1730 1736 1727
3 1727 1736 1735
3 1728 1734 1729
3 1728 1735 1734
3 1733 1729 1734
3 1730 1737 1736
3 2103 1737 1730
3 2086 2103 1730
3 1748 1731 1732
3 2360 1731 1748
3 2360 2110 1731
3 1733 1749 1732
3 1748 1732 1749
3 1750 1733 1734
3 1733 1750 1749
3 1735 1751 1734
3 1750 1734 1751
3 1736 1753 1735
3 1735 1753 1751
3 1737 1754 1736
3 1736 1754 1753
3 1737 1755 1754
3 2118 1755 1737
3 2103 2118 1737
3 1744 1738 1739
3 1742 1740 1738
3 1747 1742 1738
3 1747 1738 1744
3 1741 1745 1739
3 1744 1739 1745
3 1742 1743 1740
3 1742 1746 1741
3 1741 1746 1745
3 1742 1747 1746
3 1746 1744 1745
3 1746 1747 1744
3 1750 1748 1749
3 1750 1752 1748
3 1752 2360 1748
3 1756 1750 1751
3 1758 1752 1750
3 1758 1750 1756
3 1753 1757 1751
3 1756 1751 1757
3 2380 1752 1758
3 1752 2365 2360
3 2380 2365 1752
3 1754 1759 1753
3 1753 1759 1757
3 1755 1762 1754
3 1754 1762 1759
3 1755 1763 1762
3 2371 1763 1755
3 2118 2371 1755
3 1766 1756 1757
3 1767 1758 1756
3 1767 1756 1766
3 1759 1761 1757
3 1764 1757 1761
3 1766 1757 1764
3 2392 1758 1767
3 2392 2380 1758
3 1759 1760 1761
3 1759 1768 1760
3 1762 1769 1759
3 1759 1769 1768
3 1760 1765 1761
3 1760 1768 1765
3 1764 1761 1765
3 1763 1770 1762
3 1762 1770 1769
3 1763 1771 1770
3 1774 1771 1763
3 2389 1774 1763
3 2371 2385 1763
3 2389 1763 2385
3 1775 1764 1765
3 1777 1766 1764
3 1777 1764 1775
3 1768 1776 1765
3 1775 1765 1776
3 1778 1767 1766
3 1778 1766 1777
3 2401 1767 1778
3 2401 2392 1767
3 1769 1779 1768
3 1768 1779 1776
3 1770 1780 1769
3 1769 1780 1779
3 1772 1770 1771
3 1772 1773 1770
3 1773 1781 1770
3 1770 1781 1780
3 1774 1772 1771
3 1772 1782 1773
3 2389 1772 1774
3 1772 1784 1782
3 2398 1784 1772
3 2389 2398 1772
3 1773 1782 1781
3 1785 1775 1776
3 1787 1777 1775
3 1787 1775 1785
3 1779 1786 1776
3 1785 1776 1786
3 1788 1778 1777
3 1788 1777 1787
3 2411 1778 1788
3 2411 2401 1778
3 1780 1789 1779
3 1779 1789 1786
3 1782 1780 1781
3 1782 1783 1780
3 1783 1792 1780
3 1780 1792 1789
3 1782 1793 1783
3 1784 1795 1782
3 1782 1795 1793
3 1783 1793 1792
3 1784 1796 1795
3 2407 1796 1784
3 2398 2407 1784
3 1799 1785 1786
3 1800 1787 1785
3 1800 1785 1799
3 1789 1791 1786
3 1797 1786 1791
3 1799 1786 1797
3 1801 1788 1787
3 1801 1787 1800
3 2418 1788 1801
3 2418 2411 1788
3 1789 1790 1791
3 1789 1802 1790
3 1793 1789 1792
3 1793 1794 1789
3 1794 1803 1789
3 1789 1803 1802
3 1790 1798 1791
3 1790 1802 1798
3 1797 1791 1798
3 1793 1804 1794
3 1795 1806 1793
3 1793 1806 1804
3 1794 1804 1803
3 1796 1807 1795
3 1795 1807 1806
3 1796 1808 1807
3 2416 1808 1796
3 2407 2416 1796
3 1809 1797 1798
3 1811 1799 1797
3 1811 1797 1809
3 1802 1810 1798
3 1809 1798 1810
3 1812 1800 1799
3 1812 1799 1811
3 1813 1801 1800
3 1813 1800 1812
3 2424 1801 1813
3 2424 2418 1801
3 1804 1802 1803
3 1804 1805 1802
3 1805 1814 1802
3 1802 1814 1810
3 1804 1815 1805
3 1806 1816 1804
3 1804 1816 1815
3 1805 1815 1814
3 1807 1817 1806
3 1806 1817 1816
3 1808 1818 1807
3 1807 1818 1817
3 1808 1819 1818
3 2422 1819 1808
3 2416 2422 1808
3 1820 1809 1810
3 1822 1811 1809
3 1822 1809 1820
3 1814 1821 1810
3 1820 1810 1821
3 1823 1812 1811
3 1823 1811 1822
3 1824 1813 1812
3 1824 1812 1823
3 1827 1813 1824
3 1827 1828 1813
3 1828 2424 1813
3 1815 1825 1814
3 1814 1825 1821
3 1816 1829 1815
3 1815 1829 1825
3 1817 1832 1816
3 1816 1832 1829
3 1818 1833 1817
3 1817 1833 1832
3 1819 1834 1818
3 1818 1834 1833
3 1819 1835 1834
3 2426 1835 1819
3 2422 2426 1819
3 1840 1820 1821
3 1842 1822 1820
3 1842 1820 1840
3 1825 1841 1821
3 1840 1821 1841
3 1843 1823 1822
3 1843 1822 1842
3 1826 1824 1823
3 1848 1826 1823
3 1848 1823 1843
3 1826 1827 1824
3 1829 1831 1825
3 1844 1825 1831
3 1825 1844 1841
3 1849 1827 1826
3 1849 1826 1848
3 2427 1828 1827
3 1855 1835 1827
3 1835 2427 1827
3 1855 1827 1849
3 1828 2425 2424
3 2427 2425 1828
3 1829 1830 1831
3 1829 1850 1830
3 1832 1851 1829
3 1829 1851 1850
3 1830 1845 1831
3 1830 1850 1845
3 1844 1831 1845
3 1833 1852 1832
3 1832 1852 1851
3 1834 1853 1833
3 1833 1853 1852
3 1835 1854 1834
3 1834 1854 1853
3 1835 1855 1854
3 2426 2428 1835
3 1835 2428 2427
3 1836 1837 1838
3 1934 1837 1836
3 1836 1838 1839
3 1934 1836 1839
3 1837 1949 1838
3 1934 1943 1837
3 1943 1946 1837
3 1837 1946 1949
3 1940 1839 1838
3 1954 1940 1838
3 1954 1838 1949
3 1934 1839 1930
3 1940 1930 1839
3 1844 1840 1841
3 1846 1842 1840
3 1844 1846 1840
3 1847 1843 1842
3 1846 1847 1842
3 1847 1848 1843
3 1856 1844 1845
3 1858 1846 1844
3 1858 1844 1856
3 1850 1857 1845
3 1856 1845 1857
3 1859 1847 1846
3 1859 1846 1858
3 1860 1848 1847
3 1860 1847 1859
3 1861 1849 1848
3 1861 1848 1860
3 1869 1855 1849
3 1869 1849 1861
3 1851 1862 1850
3 1850 1862 1857
3 1852 1865 1851
3 1851 1865 1862
3 1853 1866 1852
3 1852 1866 1865
3 1854 1867 1853
3 1853 1867 1866
3 1855 1868 1854
3 1854 1868 1867
3 1855 1869 1868
3 1872 1856 1857
3 1873 1858 1856
3 1873 1856 1872
3 1862 1864 1857
3 1870 1857 1864
3 1872 1857 1870
3 1874 1859 1858
3 1874 1858 1873
3 1875 1860 1859
3 1875 1859 1874
3 1868 1861 1860
3 1881 1868 1860
3 1881 1860 1875
3 1868 1869 1861
3 1862 1863 1864
3 1862 1876 1863
3 1865 1877 1862
3 1862 1877 1876
3 1863 1871 1864
3 1863 1876 1871
3 1870 1864 1871
3 1866 1878 1865
3 1865 1878 1877
3 1867 1879 1866
3 1866 1879 1878
3 1868 1880 1867
3 1867 1880 1879
3 1868 1881 1880
3 1882 1870 1871
3 1884 1872 1870
3 1884 1870 1882
3 1876 1883 1871
3 1882 1871 1883
3 1885 1873 1872
3 1885 1872 1884
3 1886 1874 1873
3 1886 1873 1885
3 1887 1875 1874
3 1887 1874 1886
3 1893 1881 1875
3 1893 1875 1887
3 1877 1888 1876
3 1876 1888 1883
3 1878 1889 1877
3 1877 1889 1888
3 1879 1890 1878
3 1878 1890 1889
3 1880 1891 1879
3 1879 1891 1890
3 1881 1892 1880
3 1880 1892 1891
3 1881 1893 1892
3 1897 1882 1883
3 1899 1884 1882
3 1899 1882 1897
3 1888 1898 1883
3 1897 1883 1898
3 1900 1885 1884
3 1900 1884 1899
3 1901 1886 1885
3 1901 1885 1900
3 1892 1887 1886
3 1907 1892 1886
3 1907 1886 1901
3 1892 1893 1887
3 1889 1902 1888
3 1888 1902 1898
3 1894 1889 1890
3 1894 1895 1889
3 1895 1905 1889
3 1889 1905 1902
3 1896 1890 1891
3 1896 1894 1890
3 1892 1906 1891
3 1911 1896 1891
3 1911 1891 1906
3 1892 1907 1906
3 1894 1908 1895
3 1896 1910 1894
3 1894 1910 1908
3 1895 1908 1905
3 1896 1911 1910
3 1915 1897 1898
3 1916 1899 1897
3 1916 1897 1915
3 1902 1904 1898
3 1913 1898 1904
3 1915 1898 1913
3 1917 1900 1899
3 1917 1899 1916
3 1906 1901 1900
3 1921 1906 1900
3 1921 1900 1917
3 1906 1907 1901
3 1902 1903 1904
3 1902 1918 1903
3 1908 1902 1905
3 1908 1909 1902
3 1909 1919 1902
3 1902 1919 1918
3 1903 1914 1904
3 1903 1918 1914
3 1913 1904 1914
3 1910 1911 1906
3 1910 1906 1912
3 1906 1920 1912
3 1906 1921 1920
3 1908 1922 1909
3 1910 1924 1908
3 1908 1924 1922
3 1909 1922 1919
3 1925 1910 1912
3 1910 1925 1924
3 1925 1912 1920
3 1926 1913 1914
3 1928 1915 1913
3 1928 1913 1926
3 1918 1927 1914
3 1926 1914 1927
3 1929 1916 1915
3 1929 1915 1928
3 1920 1917 1916
3 1933 1920 1916
3 1933 1916 1929
3 1920 1921 1917
3 1922 1918 1919
3 1922 1923 1918
3 1923 1930 1918
3 1918 1930 1927
3 1937 1925 1920
3 1937 1920 1933
3 1922 1934 1923
3 1924 1935 1922
3 1922 1935 1934
3 1923 1934 1930
3 1925 1936 1924
3 1924 1936 1935
3 1925 1937 1936
3 1938 1926 1927
3 1931 1928 1926
3 1941 1931 1926
3 1941 1926 1938
3 1930 1939 1927
3 1938 1927 1939
3 1932 1929 1928
3 1931 1932 1928
3 1932 1933 1929
3 1930 1940 1939
3 1942 1932 1931
3 1942 1931 1941
3 1936 1933 1932
3 1945 1936 1932
3 1945 1932 1942
3 1936 1937 1933
3 1935 1943 1934
3 1936 1944 1935
3 1935 1944 1943
3 1936 1945 1944
3 1940 1938 1939
3 1940 1941 1938
3 1955 1941 1940
3 1955 1940 1954
3 1956 1942 1941
3 1956 1941 1955
3 1959 1945 1942
3 1959 1942 1956
3 1944 1957 1943
3 1943 1957 1946
3 1945 1958 1944
3 1944 1958 1957
3 1945 1959 1958
3 1946 1947 1948
3 1946 1952 1947
3 1946 1948 1949
3 1946 1953 1952
3 1957 1953 1946
3 1947 1951 1948
3 1947 1952 1951
3 1950 1949 1948
3 1950 1948 1951
3 1960 1949 1950
3 1960 1954 1949
3 1952 1950 1951
3 1952 1953 1950
3 1953 1960 1950
3 1957 1961 1953
3 1953 1961 1960
3 1957 1955 1954
3 1961 1957 1954
3 1961 1954 1960
3 1958 1956 1955
3 1957 1958 1955
3 1958 1959 1956
3 1979 1963 1962
3 1979 1962 1978
3 1980 1964 1963
3 1980 1963 1979
3 1981 1965 1964
3 1981 1964 1980
3 1982 1966 1965
3 1982 1965 1981
3 1983 1967 1966
3 1983 1966 1982
3 1984 1968 1967
3 1984 1967 1983
3 1985 1969 1968
3 1985 1968 1984
3 2140 1969 1985
3 2140 2124 1969
3 1971 1986 1970
3 1972 1988 1971
3 1971 1988 1986
3 1973 1990 1972
3 1972 1990 1988
3 1974 1992 1973
3 1973 1992 1990
3 1975 1994 1974
3 1974 1994 1992
3 1976 1996 1975
3 1975 1996 1994
3 1977 1998 1976
3 1976 1998 1996
3 1977 2000 1998
3 2132 2000 1977
3 2003 1979 1978
3 2003 1978 2002
3 2004 1980 1979
3 2004 1979 2003
3 2005 1981 1980
3 2005 1980 2004
3 2006 1982 1981
3 2006 1981 2005
3 2007 1983 1982
3 2007 1982 2006
3 2008 1984 1983
3 2008 1983 2007
3 2009 1985 1984
3 2009 1984 2008
3 2170 1985 2009
3 2170 2140 1985
3 1986 1989 1987
3 1986 1988 1989
3 1989 2020 1987
3 1988 1991 1989
3 1988 1990 1991
3 1991 2021 1989
3 1989 2021 2020
3 1990 1993 1991
3 1990 1992 1993
3 1993 2023 1991
3 1991 2023 2021
3 1992 1995 1993
3 1992 1994 1995
3 1995 2025 1993
3 1993 2025 2023
3 1994 1997 1995
3 1994 1996 1997
3 1997 2027 1995
3 1995 2027 2025
3 1996 1999 1997
3 1996 1998 1999
3 1999 2029 1997
3 1997 2029 2027
3 1998 2001 1999
3 1998 2000 2001
3 2001 2031 1999
3 1999 2031 2029
3 2000 2155 2001
3 2132 2154 2000
3 2000 2154 2155
3 2001 2033 2031
3 2155 2033 2001
3 2010 2003 2002
3 2011 2004 2003
3 2010 2011 2003
3 2012 2005 2004
3 2011 2012 2004
3 2013 2006 2005
3 2012 2013 2005
3 2014 2007 2006
3 2013 2014 2006
3 2015 2008 2007
3 2014 2015 2007
3 2016 2009 2008
3 2015 2016 2008
3 2016 2017 2009
3 2017 2170 2009
3 2036 2011 2010
3 2036 2010 2035
3 2037 2012 2011
3 2037 2011 2036
3 2038 2013 2012
3 2038 2012 2037
3 2039 2014 2013
3 2039 2013 2038
3 2040 2015 2014
3 2040 2014 2039
3 2041 2016 2015
3 2041 2015 2040
3 2042 2017 2016
3 2042 2016 2041
3 2211 2017 2042
3 2017 2173 2170
3 2211 2173 2017
3 2018 2043 2019
3 2020 2022 2018
3 2022 2044 2018
3 2018 2044 2043
3 2020 2021 2022
3 2021 2024 2022
3 2021 2023 2024
3 2024 2045 2022
3 2022 2045 2044
3 2023 2026 2024
3 2023 2025 2026
3 2026 2047 2024
3 2024 2047 2045
3 2025 2028 2026
3 2025 2027 2028
3 2028 2049 2026
3 2026 2049 2047
3 2027 2030 2028
3 2027 2029 2030
3 2030 2051 2028
3 2028 2051 2049
3 2029 2032 2030
3 2029 2031 2032
3 2032 2053 2030
3 2030 2053 2051
3 2031 2034 2032
3 2031 2033 2034
3 2034 2055 2032
3 2032 2055 2053
3 2033 2193 2034
3 2155 2203 2033
3 2033 2203 2193
3 2034 2057 2055
3 2193 2057 2034
3 2060 2036 2035
3 2060 2035 2059
3 2061 2037 2036
3 2061 2036 2060
3 2062 2038 2037
3 2062 2037 2061
3 2063 2039 2038
3 2063 2038 2062
3 2064 2040 2039
3 2064 2039 2063
3 2065 2041 2040
3 2065 2040 2064
3 2066 2042 2041
3 2066 2041 2065
3 2221 2042 2066
3 2221 2211 2042
3 2044 2046 2043
3 2046 2067 2043
3 2044 2045 2046
3 2045 2048 2046
3 2045 2047 2048
3 2048 2068 2046
3 2046 2068 2067
3 2047 2050 2048
3 2047 2049 2050
3 2050 2069 2048
3 2048 2069 2068
3 2049 2052 2050
3 2049 2051 2052
3 2052 2070 2050
3 2050 2070 2069
3 2051 2054 2052
3 2051 2053 2054
3 2054 2071 2052
3 2052 2071 2070
3 2053 2056 2054
3 2053 2055 2056
3 2056 2072 2054
3 2054 2072 2071
3 2055 2058 2056
3 2055 2057 2058
3 2058 2073 2056
3 2056 2073 2072
3 2057 2217 2058
3 2193 2220 2057
3 2057 2220 2217
3 2058 2074 2073
3 2217 2074 2058
3 2076 2060 2059
3 2076 2059 2075
3 2077 2061 2060
3 2077 2060 2076
3 2078 2062 2061
3 2078 2061 2077
3 2079 2063 2062
3 2079 2062 2078
3 2080 2064 2063
3 2080 2063 2079
3 2081 2065 2064
3 2081 2064 2080
3 2082 2066 2065
3 2082 2065 2081
3 2084 2066 2082
3 2084 2085 2066
3 2085 2221 2066
3 2068 2086 2067
3 2069 2087 2068
3 2068 2087 2086
3 2070 2088 2069
3 2069 2088 2087
3 2071 2089 2070
3 2070 2089 2088
3 2072 2090 2071
3 2071 2090 2089
3 2073 2091 2072
3 2072 2091 2090
3 2074 2092 2073
3 2073 2092 2091
3 2093 2074 2085
3 2074 2222 2085
3 2074 2093 2092
3 2217 2223 2074
3 2074 2223 2222
3 2095 2076 2075
3 2095 2075 2094
3 2096 2077 2076
3 2096 2076 2095
3 2097 2078 2077
3 2097 2077 2096
3 2098 2079 2078
3 2098 2078 2097
3 2099 2080 2079
3 2099 2079 2098
3 2100 2081 2080
3 2100 2080 2099
3 2083 2082 2081
3 2102 2083 2081
3 2102 2081 2100
3 2083 2084 2082
3 2092 2084 2083
3 2109 2092 2083
3 2109 2083 2102
3 2093 2085 2084
3 2092 2093 2084
3 2085 2222 2221
3 2087 2103 2086
3 2088 2104 2087
3 2087 2104 2103
3 2089 2105 2088
3 2088 2105 2104
3 2090 2106 2089
3 2089 2106 2105
3 2091 2107 2090
3 2090 2107 2106
3 2092 2108 2091
3 2091 2108 2107
3 2092 2109 2108
3 2111 2095 2094
3 2111 2094 2110
3 2112 2096 2095
3 2112 2095 2111
3 2113 2097 2096
3 2113 2096 2112
3 2114 2098 2097
3 2114 2097 2113
3 2115 2099 2098
3 2115 2098 2114
3 2101 2100 2099
3 2117 2101 2099
3 2117 2099 2115
3 2101 2102 2100
3 2108 2102 2101
3 2123 2108 2101
3 2123 2101 2117
3 2108 2109 2102
3 2104 2118 2103
3 2105 2119 2104
3 2104 2119 2118
3 2106 2120 2105
3 2105 2120 2119
3 2107 2121 2106
3 2106 2121 2120
3 2108 2122 2107
3 2107 2122 2121
3 2108 2123 2122
3 2361 2111 2110
3 2361 2110 2360
3 2362 2112 2111
3 2362 2111 2361
3 2363 2113 2112
3 2363 2112 2362
3 2364 2114 2113
3 2364 2113 2363
3 2116 2115 2114
3 2369 2116 2114
3 2369 2114 2364
3 2116 2117 2115
3 2370 2117 2116
3 2370 2116 2369
3 2376 2123 2117
3 2376 2117 2370
3 2119 2371 2118
3 2120 2372 2119
3 2119 2372 2371
3 2121 2373 2120
3 2120 2373 2372
3 2122 2374 2121
3 2121 2374 2373
3 2123 2375 2122
3 2122 2375 2374
3 2123 2376 2375
3 2141 2125 2124
3 2141 2124 2140
3 2142 2126 2125
3 2142 2125 2141
3 2143 2127 2126
3 2143 2126 2142
3 2144 2128 2127
3 2144 2127 2143
3 2145 2129 2128
3 2145 2128 2144
3 2146 2130 2129
3 2146 2129 2145
3 2147 2131 2130
3 2147 2130 2146
3 2242 2131 2147
3 2242 2224 2131
3 2133 2154 2132
3 2134 2156 2133
3 2133 2156 2154
3 2135 2158 2134
3 2134 2158 2156
3 2136 2160 2135
3 2135 2160 2158
3 2137 2162 2136
3 2136 2162 2160
3 2138 2164 2137
3 2137 2164 2162
3 2139 2166 2138
3 2138 2166 2164
3 2139 2168 2166
3 2234 2168 2139
3 2171 2141 2140
3 2171 2140 2170
3 2172 2142 2141
3 2172 2141 2171
3 2148 2143 2142
3 2175 2148 2142
3 2175 2142 2172
3 2149 2144 2143
3 2148 2149 2143
3 2150 2145 2144
3 2149 2150 2144
3 2151 2146 2145
3 2150 2151 2145
3 2152 2147 2146
3 2151 2152 2146
3 2152 2153 2147
3 2153 2242 2147
3 2176 2149 2148
3 2176 2148 2175
3 2177 2150 2149
3 2177 2149 2176
3 2178 2151 2150
3 2178 2150 2177
3 2179 2152 2151
3 2179 2151 2178
3 2180 2153 2152
3 2180 2152 2179
3 2272 2153 2180
3 2153 2250 2242
3 2272 2250 2153
3 2154 2157 2155
3 2154 2156 2157
3 2157 2203 2155
3 2156 2159 2157
3 2156 2158 2159
3 2159 2204 2157
3 2157 2204 2203
3 2158 2161 2159
3 2158 2160 2161
3 2161 2205 2159
3 2159 2205 2204
3 2160 2163 2161
3 2160 2162 2163
3 2163 2206 2161
3 2161 2206 2205
3 2162 2165 2163
3 2162 2164 2165
3 2165 2207 2163
3 2163 2207 2206
3 2164 2167 2165
3 2164 2166 2167
3 2167 2208 2165
3 2165 2208 2207
3 2166 2169 2167
3 2166 2168 2169
3 2169 2209 2167
3 2167 2209 2208
3 2168 2262 2169
3 2234 2261 2168
3 2168 2261 2262
3 2169 2210 2209
3 2262 2210 2169
3 2173 2171 2170
3 2174 2172 2171
3 2173 2174 2171
3 2174 2175 2172
3 2212 2174 2173
3 2212 2173 2211
3 2213 2175 2174
3 2213 2174 2212
3 2181 2176 2175
3 2216 2181 2175
3 2216 2175 2213
3 2182 2177 2176
3 2181 2182 2176
3 2183 2178 2177
3 2182 2183 2177
3 2184 2179 2178
3 2183 2184 2178
3 2185 2180 2179
3 2184 2185 2179
3 2185 2186 2180
3 2186 2272 2180
3 2187 2182 2181
3 2219 2187 2181
3 2219 2181 2216
3 2188 2183 2182
3 2187 2188 2182
3 2189 2184 2183
3 2188 2189 2183
3 2190 2185 2184
3 2189 2190 2184
3 2191 2186 2185
3 2190 2191 2185
3 2191 2192 2186
3 2192 2280 2186
3 2186 2280 2272
3 2197 2188 2187
3 2194 2187 2195
3 2194 2197 2187
3 2187 2218 2195
3 2187 2219 2218
3 2198 2189 2188
3 2197 2198 2188
3 2199 2190 2189
3 2198 2199 2189
3 2200 2191 2190
3 2199 2200 2190
3 2201 2192 2191
3 2200 2201 2191
3 2201 2202 2192
3 2202 2288 2192
3 2192 2288 2280
3 2193 2194 2195
3 2203 2194 2193
3 2193 2195 2196
3 2220 2193 2196
3 2204 2197 2194
3 2203 2204 2194
3 2195 2217 2196
3 2195 2218 2217
3 2220 2196 2217
3 2205 2198 2197
3 2204 2205 2197
3 2206 2199 2198
3 2205 2206 2198
3 2207 2200 2199
3 2206 2207 2199
3 2208 2201 2200
3 2207 2208 2200
3 2209 2202 2201
3 2208 2209 2201
3 2209 2210 2202
3 2210 2296 2202
3 2202 2296 2288
3 2262 2304 2210
3 2210 2304 2296
3 2214 2212 2211
3 2222 2214 2211
3 2222 2211 2221
3 2215 2213 2212
3 2214 2215 2212
3 2215 2216 2213
3 2217 2215 2214
3 2223 2217 2214
3 2223 2214 2222
3 2218 2216 2215
3 2217 2218 2215
3 2218 2219 2216
3 2243 2225 2224
3 2243 2224 2242
3 2244 2226 2225
3 2244 2225 2243
3 2245 2227 2226
3 2245 2226 2244
3 2246 2228 2227
3 2246 2227 2245
3 2247 2229 2228
3 2247 2228 2246
3 2248 2230 2229
3 2248 2229 2247
3 2249 2231 2230
3 2249 2230 2248
3 2330 2231 2249
3 2330 2313 2231
3 2232 2258 2233
3 2232 2260 2258
3 2328 2260 2232
3 2239 2240 2233
3 2239 2233 2241
3 2233 2259 2241
3 2233 2258 2259
3 2235 2261 2234
3 2236 2263 2235
3 2235 2263 2261
3 2237 2265 2236
3 2236 2265 2263
3 2238 2267 2237
3 2237 2267 2265
3 2239 2269 2238
3 2238 2269 2267
3 2271 2239 2241
3 2239 2271 2269
3 2271 2241 2259
3 2250 2243 2242
3 2251 2244 2243
3 2250 2251 2243
3 2252 2245 2244
3 2251 2252 2244
3 2253 2246 2245
3 2252 2253 2245
3 2254 2247 2246
3 2253 2254 2246
3 2255 2248 2247
3 2254 2255 2247
3 2256 2249 2248
3 2255 2256 2248
3 2256 2257 2249
3 2257 2330 2249
3 2273 2251 2250
3 2273 2250 2272
3 2274 2252 2251
3 2274 2251 2273
3 2275 2253 2252
3 2275 2252 2274
3 2276 2254 2253
3 2276 2253 2275
3 2277 2255 2254
3 2277 2254 2276
3 2278 2256 2255
3 2278 2255 2277
3 2279 2257 2256
3 2279 2256 2278
3 2350 2257 2279
3 2257 2333 2330
3 2350 2333 2257
3 2258 2309 2259
3 2260 2310 2258
3 2258 2310 2309
3 2269 2259 2270
3 2269 2271 2259
3 2259 2308 2270
3 2259 2309 2308
3 2260 2311 2310
3 2311 2260 2312
3 2260 2348 2312
3 2328 2347 2260
3 2260 2347 2348
3 2261 2264 2262
3 2261 2263 2264
3 2264 2304 2262
3 2263 2266 2264
3 2263 2265 2266
3 2266 2305 2264
3 2264 2305 2304
3 2265 2268 2266
3 2265 2267 2268
3 2268 2306 2266
3 2266 2306 2305
3 2267 2270 2268
3 2267 2269 2270
3 2270 2307 2268
3 2268 2307 2306
3 2270 2308 2307
3 2280 2273 2272
3 2281 2274 2273
3 2280 2281 2273
3 2282 2275 2274
3 2281 2282 2274
3 2283 2276 2275
3 2282 2283 2275
3 2284 2277 2276
3 2283 2284 2276
3 2285 2278 2277
3 2284 2285 2277
3 2286 2279 2278
3 2285 2286 2278
3 2286 2287 2279
3 2287 2350 2279
3 2288 2281 2280
3 2289 2282 2281
3 2288 2289 2281
3 2290 2283 2282
3 2289 2290 2282
3 2291 2284 2283
3 2290 2291 2283
3 2292 2285 2284
3 2291 2292 2284
3 2293 2286 2285
3 2292 2293 2285
3 2294 2287 2286
3 2293 2294 2286
3 2294 2295 2287
3 2295 2352 2287
3 2287 2352 2350
3 2296 2289 2288
3 2297 2290 2289
3 2296 2297 2289
3 2298 2291 2290
3 2297 2298 2290
3 2299 2292 2291
3 2298 2299 2291
3 2300 2293 2292
3 2299 2300 2292
3 2301 2294 2293
3 2300 2301 2293
3 2302 2295 2294
3 2301 2302 2294
3 2302 2303 2295
3 2303 2355 2295
3 2295 2355 2352
3 2304 2297 2296
3 2305 2298 2297
3 2304 2305 2297
3 2306 2299 2298
3 2305 2306 2298
3 2307 2300 2299
3 2306 2307 2299
3 2308 2301 2300
3 2307 2308 2300
3 2309 2302 2301
3 2308 2309 2301
3 2310 2303 2302
3 2309 2310 2302
3 2310 2311 2303
3 2311 2312 2303
3 2348 2303 2312
3 2348 2358 2303
3 2303 2358 2355
3 2331 2314 2313
3 2331 2313 2330
3 2332 2315 2314
3 2332 2314 2331
3 2317 2316 2315
3 2335 2317 2315
3 2335 2315 2332
3 2317 2318 2316
3 2336 2318 2317
3 2336 2317 2335
3 2337 2319 2318
3 2337 2318 2336
3 2341 2320 2319
3 2341 2319 2337
3 2321 2322 2320
3 2321 2320 2323
3 2320 2340 2323
3 2320 2341 2340
3 2343 2321 2323
3 2324 2326 2321
3 2324 2321 2327
3 2321 2342 2327
3 2321 2343 2342
3 2343 2323 2340
3 2324 2344 2325
3 2345 2324 2327
3 2324 2345 2344
3 2349 2329 2325
3 2349 2325 2344
3 2345 2327 2342
3 2329 2347 2328
3 2329 2349 2347
3 2333 2331 2330
3 2334 2332 2331
3 2333 2334 2331
3 2334 2335 2332
3 2351 2334 2333
3 2351 2333 2350
3 2338 2335 2334
3 2353 2338 2334
3 2353 2334 2351
3 2339 2336 2335
3 2338 2339 2335
3 2340 2337 2336
3 2339 2340 2336
3 2340 2341 2337
3 2354 2339 2338
3 2354 2338 2353
3 2342 2340 2339
3 2357 2342 2339
3 2357 2339 2354
3 2342 2343 2340
3 2344 2345 2342
3 2344 2342 2346
3 2342 2356 2346
3 2342 2357 2356
3 2359 2344 2346
3 2347 2344 2348
3 2347 2349 2344
3 2344 2358 2348
3 2344 2359 2358
3 2359 2346 2356
3 2352 2351 2350
3 2352 2353 2351
3 2355 2353 2352
3 2356 2354 2353
3 2355 2356 2353
3 2356 2357 2354
3 2358 2356 2355
3 2358 2359 2356
3 2365 2361 2360
3 2366 2362 2361
3 2365 2366 2361
3 2367 2363 2362
3 2366 2367 2362
3 2368 2364 2363
3 2367 2368 2363
3 2368 2369 2364
3 2381 2366 2365
3 2381 2365 2380
3 2382 2367 2366
3 2382 2366 2381
3 2383 2368 2367
3 2383 2367 2382
3 2384 2369 2368
3 2384 2368 2383
3 2375 2370 2369
3 2388 2375 2369
3 2388 2369 2384
3 2375 2376 2370
3 2377 2371 2372
3 2377 2378 2371
3 2378 2385 2371
3 2379 2372 2373
3 2379 2377 2372
3 2374 2387 2373
3 2391 2379 2373
3 2391 2373 2387
3 2375 2386 2374
3 2374 2386 2387
3 2375 2388 2386
3 2377 2389 2378
3 2379 2390 2377
3 2377 2390 2389
3 2378 2389 2385
3 2379 2391 2390
3 2393 2381 2380
3 2393 2380 2392
3 2394 2382 2381
3 2394 2381 2393
3 2395 2383 2382
3 2395 2382 2394
3 2386 2384 2383
3 2396 2386 2383
3 2396 2383 2395
3 2386 2388 2384
3 2386 2397 2387
3 2386 2396 2397
3 2400 2391 2387
3 2400 2387 2397
3 2390 2398 2389
3 2391 2399 2390
3 2390 2399 2398
3 2391 2400 2399
3 2402 2393 2392
3 2402 2392 2401
3 2403 2394 2393
3 2403 2393 2402
3 2404 2395 2394
3 2404 2394 2403
3 2406 2396 2395
3 2406 2395 2404
3 2396 2405 2397
3 2396 2406 2405
3 2409 2400 2397
3 2409 2397 2405
3 2399 2407 2398
3 2400 2408 2399
3 2399 2408 2407
3 2400 2409 2408
3 2412 2402 2401
3 2412 2401 2411
3 2413 2403 2402
3 2413 2402 2412
3 2405 2404 2403
3 2415 2405 2403
3 2415 2403 2413
3 2405 2406 2404
3 2408 2409 2405
3 2408 2405 2410
3 2405 2414 2410
3 2405 2415 2414
3 2408 2416 2407
3 2417 2408 2410
3 2408 2417 2416
3 2417 2410 2414
3 2419 2412 2411
3 2419 2411 2418
3 2414 2413 2412
3 2421 2414 2412
3 2421 2412 2419
3 2414 2415 2413
3 2423 2417 2414
3 2423 2414 2421
3 2417 2422 2416
3 2417 2423 2422
3 2420 2419 2418
3 2425 2420 2418
3 2425 2418 2424
3 2420 2421 2419
3 2422 2421 2420
3 2426 2422 2420
3 2426 2420 2425
3 2422 2423 2421
3 2428 2426 2425
3 2428 2425 2427
3 2431 2429 2430
3 2431 2432 2429
3 2432 2451 2429
3 2433 2432 2431
3 2433 2435 2432
3 2435 2457 2432
3 2432 2457 2451
3 2436 2433 2434
3 2437 2435 2433
3 2436 2437 2433
3 2437 2438 2435
3 2438 2465 2435
3 2435 2465 2457
3 2439 2437 2436
3 2441 2438 2437
3 2439 2441 2437
3 2441 2442 2438
3 2442 2470 2438
3 2438 2470 2465
3 2443 2439 2440
3 2444 2441 2439
3 2443 2444 2439
3 2445 2442 2441
3 2444 2445 2441
3 2445 2446 2442
3 2446 2474 2442
3 2442 2474 2470
3 2447 2444 2443
3 2448 2445 2444
3 2447 2448 2444
3 2449 2446 2445
3 2448 2449 2445
3 2449 2450 2446
3 2446 2476 2474
3 2457 2452 2451
3 2458 2453 2452
3 2457 2458 2452
3 2458 2459 2453
3 2459 2461 2453
3 2461 2477 2453
3 2462 2454 2463
3 2462 2464 2454
3 2454 2479 2463
3 2454 2480 2479
3 2465 2458 2457
3 2466 2459 2458
3 2465 2466 2458
3 2459 2460 2461
3 2467 2460 2459
3 2466 2467 2459
3 2460 2463 2461
3 2460 2462 2463
3 2468 2462 2460
3 2467 2468 2460
3 2463 2478 2461
3 2461 2478 2477
3 2468 2469 2462
3 2463 2479 2478
3 2470 2466 2465
3 2471 2467 2466
3 2470 2471 2466
3 2472 2468 2467
3 2471 2472 2467
3 2472 2473 2468
3 2474 2471 2470
3 2474 2475 2471
4 2503 2905 120 3314
4 2820 3515 2773 3872
4 2543 2631 2496 3257
4 2334 2333 2351 3343
4 2531 2651 2656 3916
4 3492 3911 3126 4096
4 905 891 697 3221
4 530 610 609 3982
4 1317 604 605 3216
4 2740 2784 2624 3125
4 2577 2921 2586 3470
4 697 704 905 3221
4 2553 3140 3217 3660
4 2588 2709 2666 2869
4 2896 3354 2820 3564
4 1156 1158 1157 3298
4 2565 3872 2935 3873
4 2612 2777 2751 3538
4 2515 2559 3140 3653
4 2936 3223 2773 3811
4 782 807 784 3611
4 2943 3311 2853 3594
4 1030 1029 1021 3396
4 2570 3893 2904 4016
4 2028 2026 2025 4015
4 1157 1155 1156 3298
4 1306 2446 2450 2483
4 1177 1098 1090 3279
4 1090 1169 1177 3279
4 3047 3893 2924 3897
4 2515 4063 2753 4235
4 2951 3645 3420 3720
4 2580 2556 3741 4154
4 2951 3496 2494 3645
4 2028 2025 2027 4015
4 2699 3189 2971 3457
4 2753 2962 2729 3363
4 2453 2870 1447 3229
4 2699 2971 3084 3457
4 1401 1739 1738 3213
4 1983 1984 1967 4258
4 2951 3538 2514 3641
4 3150 3362 2807 3561
4 1967 1984 1968 4258
4 2709 2863 2666 2869
4 2670 4046 3252 4134
4 2773 3690 2820 3872
4 2765 3124 2940 3507
4 1969 1985 2140 4258
4 2140 2124 1969 4258
4 2520 3197 2914 3308
4 2089 2090 2106 2839
4 3001 3212 2976 3224
4 3420 3720 3645 3806
4 2773 3342 2896 3872
4 2565 3272 2935 3781
4 2798 3091 2802 3404
4 782 806 807 3611
4 2565 3189 2971 3781
4 2169 2209 2167 3302
4 1744 1745 1746 2918
4 2210 2209 2169 3302
4 418 413 422 2482
4 2797 2694 3017 3262
4 176 2561 2871 3938
4 3068 3544 3266 3654
4 1472 1439 1438 3258
4 2609 2751 3443 3538
4 2587 2806 2684 3971
4 2586 2921 2848 3470
4 2428 2426 3029 4084
4 1336 1331 1337 2866
4 2555 3210 2777 3538
4 1426 1427 1434 3258
4 2777 3210 2751 3538
4 2052 2049 2051 2839
4 1732 2945 1725 4215
4 2493 3283 3138 3949
4 814 1621 1540 3585
4 1540 696 814 3585
4 2523 3476 3362 3893
4 3259 3711 3207 3890
4 2777 2825 2751 3210
4 1096 1095 1087 3627
4 93 3212 2502 3851
4 1098 1097 1089 3627
4 1087 1088 1096 3627
4 2511 3403 3176 3881
4 617 619 630 3728
4 2655 3890 3155 3898
4 2523 3362 3150 3561
4 2702 2796 2795 3142
4 2616 2824 2923 3402
4 2740 2624 2898 3125
4 2554 3403 2673 3739
4 609 529 530 3982
4 2089 2105 2088 3278
4 2087 2104 2103 3536
4 2086 2087 2103 3536
4 2520 3068 3528 4067
4 2089 2106 2105 3278
4 2542 3380 3442 3856
4 801 800 792 3669
4 2676 3241 4000 4002
4 2350 2351 2333 3343
4 2546 3411 2716 3841
4 630 629 617 3728
4 2765 3123 3124 3507
4 921 711 939 3221
4 2099 2098 2115 3605
4 1022 1030 1021 3396
4 799 798 790 3669
4 2529 3145 3107 3524
4 2986 3577 2836 3876
4 2668 3130 2716 3841
4 428 425 3399 3507
4 2452 2453 1447 3229
4 556 555 547 3919
4 753 3567 3093 3668
4 2569 3102 3467 3721
4 2646 3205 2841 3300
4 1782 1793 1783 3566
4 2571 2729 2753 2962
4 2728 2604 4267 4288
4 753 3259 3093 3567
4 3040 3179 3039 4070
4 1132 1131 1123 3425
4 3216 2723 3447 4275
4 2697 3217 2542 3793
4 2826 2538 3492 3776
4 2519 3028 3538 3860
4 2653 2818 3838 4124
4 2616 2711 2866 3092
4 2653 3838 3223 4124
4 1337 1331 1332 2866
4 2477 2461 2478 2870
4 904 903 885 4225
4 3008 3084 2971 3457
4 383 385 382 3703
4 2699 2971 3189 3563
4 2935 3920 3223 4123
4 2552 2976 2576 3578
4 2569 3721 3467 3862
4 1416 593 591 4146
4 678 677 669 3575
4 969 978 977 3471
4 153 3526 2867 3976
4 3437 3465 2917 4195
4 2545 2698 2634 2908
4 1436 1437 1429 3664
4 704 711 3221 3351
4 2566 4030 3133 4303
4 929 928 930 3523
4 3223 3342 2935 4123
4 1079 1081 1090 3376
4 563 599 562 3255
4 2566 3133 3194 3391
4 1691 1692 1681 3541
4 2565 3165 2935 3272
4 2624 2784 2740 3827
4 3126 3492 3359 3776
4 2909 3079 1394 4174
4 2580 3741 3510 4154
4 2655 3259 3890 3898
4 58 3180 2504 3593
4 2907 3550 2906 3666
4 2735 3391 3133 3979
4 2531 2656 2651 3706
4 1598 3439 1590 4068
4 2607 3031 3304 3822
4 2577 2953 2805 3443
4 2341 2337 2340 2714
4 2512 2562 2504 3752
4 2613 3481 2838 3623
4 3289 3147 4021 4119
4 377 3760 3774 4126
4 2537 3831 2533 4223
4 2230 2248 2249 3343
4 646 3016 645 3847
4 2614 2812 2715 3052
4 2516 3534 2561 3938
4 2520 3528 3308 3655
4 487 1346 1344 2847
4 2613 3015 3481 4184
4 2535 2871 3938 4247
4 2030 2028 2027 3152
4 2908 2972 2698 3175
4 2616 2923 3092 3402
4 1526 1542 1543 4279
4 792 793 801 3669
4 2852 3126 3911 4096
4 2692 2863 2821 3444
4 2699 3084 2971 3563
4 2453 2461 2477 2870
4 2330 2331 2313 3343
4 2027 2029 2030 3152
4 2543 2496 3099 4063
4 2735 3194 3133 3391
4 1445 1447 2870 3229
4 790 791 799 3669
4 3492 3776 3126 3911
4 2549 2657 2597 3473
4 2394 2404 2395 3737
4 2788 3299 2937 3426
4 2052 2050 2049 2839
4 591 1415 1416 4146
4 131 3645 2951 3720
4 1624 817 818 3714
4 818 1625 1624 3714
4 2580 2819 2615 3510
4 1123 1124 1132 3425
4 1503 1485 1488 3565
4 2917 3311 3286 4203
4 939 711 720 3221
4 2746 3418 3410 3874
4 2581 3027 2962 3988
4 2662 3089 2767 3810
4 2671 3134 3067 3195
4 2799 2980 3400 4272
4 2546 2716 3130 3841
4 2765 2940 3124 4295
4 3251 3437 2917 4195
4 2917 2659 3457 3914
4 2624 3125 2784 3956
4 3207 3711 3259 3808
4 2531 2574 2541 2656
4 3067 3134 2860 3195
4 2676 2906 2907 3550
4 2503 3173 2511 3881
4 2216 2181 2213 3832
4 2689 3183 2712 3184
4 646 647 4085 4242
4 2682 2825 2777 3210
4 2935 3342 3223 3811
4 2158 2160 2161 3186
4 2631 2496 3526 4142
4 1344 488 487 2847
4 2523 3893 3362 3894
4 1518 1513 1508 3382
4 705 711 704 3351
4 2249 2231 2230 3343
4 3172 2655 3259 3808
4 2468 2469 2462 4088
4 151 3496 2951 3710
4 1434 1435 1426 3258
4 2724 3069 2799 4294
4 1598 1590 1597 4068
4 2718 2875 3270 3883
4 1013 1037 1038 4286
4 1445 2453 2477 2870
4 2587 3044 2933 4010
4 628 3847 636 4003
4 2960 3723 3281 3966
4 2718 2764 2968 3242
4 2585 2961 2668 3504
4 1589 1597 1590 4068
4 2692 2869 2863 3444
4 2494 2951 2514 3641
4 2773 3515 2820 3690
4 1014 1013 1038 4286
4 2671 2836 2571 3134
4 2694 2813 2740 3055
4 2661 3510 2817 3741
4 2752 2901 2735 3391
4 2553 2697 2779 3217
4 2737 2535 3708 3938
4 913 910 927 3767
4 2644 2851 2934 4302
4 2502 3212 2976 3851
4 2619 3281 3133 3421
4 678 669 670 3575
4 166 3336 3366 4076
4 2497 2549 2759 3158
4 2676 2907 2906 3673
4 2967 3720 3420 3806
4 2639 3691 2539 3878
4 1644 1646 1647 3652
4 350 325 351 3110
4 2820 2896 3564 3872
4 2790 3776 3492 3911
4 1409 1405 1404 3066
4 2569 2759 3158 3708
4 2566 3391 3194 4251
4 3447 4172 3216 4245
4 2992 3069 1839 3400
4 3189 2769 3563 3564
4 2609 2821 2646 2953
4 621 619 3728 4280
4 2206 2161 2163 3416
4 2499 2513 3340 3524
4 2083 2093 2084 3144
4 2943 3594 2853 4002
4 2206 2163 2207 3416
4 2881 2926 2770 3796
4 2102 2109 2083 3144
4 3447 4245 3216 4275
4 1304 1303 2927 3455
4 3068 3266 2605 3654
4 2631 2496 3393 3526
4 3039 2590 3586 4162
4 2773 2896 3690 3872
4 3126 3359 2864 3776
4 2668 3504 2961 3695
4 3033 3353 2809 3354
4 1679 1705 1703 3612
4 2689 2701 3183 3184
4 1591 1590 3439 3547
4 2593 3539 3660 3690
4 1379 1373 1372 3676
4 1080 1117 1119 4065
4 2581 3027 3058 3476
4 2650 2892 2687 3199
4 2750 3759 3668 4242
4 2682 2577 2825 3210
4 2565 3189 3563 3564
4 2724 3260 3131 4104
4 2533 2508 2606 3813
4 2566 4018 3391 4251
4 2971 3084 3008 3973
4 1497 3419 1500 3855
4 1746 1747 1744 2918
4 1528 1544 1545 4299
4 2565 2935 3342 3781
4 1680 1691 3541 4136
4 2862 3548 2761 3792
4 1983 1982 2007 3431
4 2826 3655 3386 3913
4 2699 2917 3437 3465
4 2923 3402 2824 3468
4 2520 2914 3197 3649
4 2790 2695 3009 3263
4 406 405 397 3171
4 1496 1509 1498 2489
4 2006 2007 1982 3431
4 2377 2389 2378 3521
4 3177 3593 3180 3846
4 1543 1527 1526 4279
4 2509 2493 3139 3274
4 2655 3259 3207 3890
4 2663 3200 3410 3652
4 2314 2331 2332 3365
4 2022 2044 2018 3128
4 3353 3439 1590 3547
4 2520 3308 2914 3912
4 2527 2725 2592 3647
4 2234 2139 1235 4062
4 1235 2139 1152 4062
4 501 506 3009 3545
4 2663 2603 2746 2902
4 1992 1994 1995 4015
4 3069 3331 3261 4236
4 2090 2107 2106 3205
4 2504 3593 3070 4050
4 630 629 3728 3847
4 2574 2642 2596 4217
4 1047 1971 1046 3952
4 1972 1971 1047 3952
4 168 3039 2516 3275
4 1448 2478 1450 2870
4 881 424 868 3105
4 1866 1853 1867 3518
4 2770 2926 2881 3235
4 620 622 621 3264
4 2297 2296 2304 3954
4 3259 3711 3172 3808
4 1824 1823 1826 3789
4 2799 3069 2992 3400
4 176 2561 3938 4247
4 2569 2946 2766 3544
4 3334 3377 2599 4290
4 2438 2441 2442 3577
4 1852 1853 1866 3518
4 2340 2323 2341 2714
4 2768 3284 2610 4200
4 3064 4172 3447 4245
4 2538 3359 3492 3776
4 937 938 954 4257
4 647 671 670 4085
4 2553 2779 2697 3992
4 754 3093 753 3871
4 547 548 556 3919
4 1747 2918 2792 3486
4 1865 1878 3633 3644
4 2536 2510 3176 3403
4 2581 3058 3027 3988
4 2549 2658 2657 3158
4 2496 2631 2543 4142
4 915 931 914 3998
4 2224 1224 1144 3863
4 1144 2131 2224 3863
4 3362 3561 2523 3908
4 621 619 620 3264
4 969 970 978 3471
4 2646 2953 2577 3443
4 3022 3838 2818 4124
4 2502 3453 93 3851
4 1691 1681 1680 3541
4 2639 3028 3691 3878
4 1732 1725 2945 4006
4 1406 1394 2909 3940
4 1610 1609 1568 4036
4 2971 3563 3084 3781
4 2723 2866 2814 3990
4 2971 3008 3457 3973
4 2113 2363 2364 3413
4 1656 1986 1987 4029
4 670 646 647 4085
4 1545 1529 1528 4299
4 2584 2721 2875 3037
4 2797 2813 2694 3262
4 2659 2917 3387 3914
4 2585 2527 3544 3647
4 2492 3209 3179 3377
4 3207 3259 2655 3808
4 2723 3402 2866 3990
4 3067 3134 2671 4074
4 1568 1609 1566 4036
4 2797 3012 2719 4193
4 2813 3017 2694 3262
4 2503 3252 2510 3512
4 2515 3450 2840 4235
4 2809 3353 3033 3439
4 2971 3781 3084 3973
4 2698 2908 2627 2972
4 2545 2614 3591 4060
4 2570 2924 3047 3893
4 3235 3847 628 4003
4 2901 3391 2752 4119
4 2773 3342 3223 4123
4 2917 3465 2699 4273
4 786 808 809 4039
4 637 646 645 3847
4 151 3139 2951 3496
4 2763 2706 3074 3406
4 1988 1990 1991 4029
4 3031 2607 3304 3657
4 3510 3741 2567 4154
4 1912 1911 1906 3631
4 1666 1641 1640 3891
4 1198 1196 1226 3715
4 3299 3426 1765 3582
4 2511 3173 2503 3370
4 3286 3311 2917 3387
4 1228 1202 1200 3715
4 728 722 731 3568
4 525 527 528 3788
4 261 269 262 3600
4 3028 3462 2539 3878
4 1645 1644 1647 3652
4 3133 3281 2960 3421
4 323 322 305 3513
4 2694 2797 2595 2813
4 2826 2538 3776 3913
4 2809 3094 2779 3660
4 1692 1645 3652 3677
4 2989 2842 3208 4246
4 2778 2630 3488 4034
4 2644 3225 2934 4090
4 2967 3096 2555 3210
4 821 1628 1627 3884
4 1627 820 821 3884
4 2980 3805 3400 4272
4 615 617 629 3235
4 2655 3155 2843 3898
4 2494 3645 3496 3710
4 2659 3594 3457 3973
4 3073 3559 2855 4203
4 2750 3155 3023 3890
4 528 530 529 3671
4 3223 3838 3022 4124
4 2050 2047 2049 3128
4 1623 817 1624 3220
4 2539 3218 2639 3878
4 2605 3491 2790 3776
4 2638 3354 4219 4265
4 2699 2917 3251 3437
4 2973 3782 3344 4178
4 3491 3492 2790 3776
4 2552 3909 3314 3928
4 2646 2921 3205 3300
4 2022 2045 2044 3128
4 2629 2722 3061 3303
4 915 932 931 3998
4 65 2900 3949 4076
4 721 722 728 3658
4 2896 2820 3690 3872
4 150 3039 2590 3586
4 2659 3387 3088 3914
4 3009 3203 2790 4250
4 2669 2927 2754 4292
4 629 628 615 3235
4 2554 3881 3369 3918
4 2869 3011 2691 3228
4 2531 2541 3288 3916
4 2912 3048 3493 3542
4 3165 4081 3190 4082
4 980 742 743 3390
4 3976 4143 3635 4208
4 1929 1928 1932 4163
4 2671 4057 3067 4074
4 2000 2154 2155 4128
4 1764 1766 3582 4001
4 1691 3200 1692 3541
4 2454 2464 2455 4115
4 2453 1445 1447 2870
4 450 3433 452 3997
4 2514 3420 2951 3645
4 2565 2935 3165 3873
4 761 3567 753 3668
4 2499 2957 3107 3340
4 1599 1591 1598 3439
4 2524 2612 3185 3702
4 2881 2770 3188 3796
4 2641 2980 2799 3879
4 2676 3272 2943 4125
4 2759 2569 3467 3708
4 2660 2918 2830 3486
4 356 827 825 3996
4 562 565 564 4283
4 1995 1993 1992 4015
4 2674 3287 2831 3835
4 2292 2291 2299 3895
4 657 659 618 3264
4 622 661 663 3264
4 1225 1226 1196 3715
4 3189 3563 2971 3781
4 2299 2300 2292 3895
4 2070 2050 2052 2839
4 1200 1227 1228 3715
4 169 2900 2561 3044
4 2111 2361 2362 3661
4 1598 1591 1590 3439
4 2503 3314 120 4238
4 255 242 3783 3902
4 873 874 875 4160
4 2652 2729 2571 4074
4 2522 3107 2633 3512
4 2820 3354 2896 3690
4 2531 2656 2541 3916
4 887 888 889 3674
4 1728 1727 3030 3924
4 3354 3440 3033 4273
4 2851 2952 2838 3460
4 2820 3027 3476 3822
4 1625 1650 1648 3220
4 3150 3539 3690 4226
4 715 719 3602 3842
4 93 3453 2502 3904
4 3420 3645 2514 3806
4 2622 2858 2550 3732
4 2769 3353 3033 3354
4 2696 3261 2653 3922
4 2508 3370 3373 3825
4 2653 2696 2880 3261
4 2657 3007 3006 3158
4 2478 1448 2477 2870
4 543 553 552 3203
4 2854 3058 2660 3475
4 2580 2556 3285 3741
4 2584 2718 2717 2931
4 377 376 365 3436
4 2710 3284 2768 4200
4 2699 3084 3440 3624
4 2790 3911 3492 4096
4 2436 1300 2439 2484
4 1409 3066 1404 3991
4 2519 3538 3420 3860
4 645 3016 646 3575
4 2607 3058 3822 3892
4 3131 3260 3537 4104
4 2843 3383 3155 3786
4 2555 2777 2514 3538
4 3130 4035 2511 4041
4 510 3807 3009 3959
4 2556 3137 2580 3285
4 2074 2093 2092 4278
4 286 3135 271 4306
4 3263 3807 3009 4250
4 1371 1367 1372 3965
4 3016 3759 2750 4242
4 2699 3465 3437 4273
4 3107 3340 2529 3524
4 1638 1639 1631 3316
4 1103 1125 1124 3540
4 2539 3691 3028 3878
4 2545 3916 3830 4060
4 2522 2633 3107 3993
4 2701 3094 2809 3660
4 1124 1102 1103 3540
4 1987 1657 1656 4029
4 2852 3394 3479 3497
4 2906 3199 3077 4144
4 3093 3259 753 3871
4 2520 3308 3528 4086
4 2515 2559 3106 3140
4 2747 2911 2552 4134
4 873 871 872 3506
4 617 629 3235 3728
4 3009 2790 3263 4250
4 2746 2761 2663 3410
4 891 697 3221 3506
4 2052 2071 2070 2839
4 1991 1989 1988 4029
4 911 912 920 2938
4 3015 3481 3460 3803
4 3088 3387 2917 3914
4 2663 2746 2603 2761
4 2788 2645 3077 3549
4 2577 2646 2756 2953
4 3068 3655 3386 3776
4 2614 2545 2715 2812
4 1590 3439 3353 4068
4 58 3593 2504 4050
4 3386 3655 2826 3776
4 2975 3597 3567 3847
4 2752 2648 3147 4021
4 2511 3176 2503 3881
4 526 527 525 3788
4 3207 3711 2895 3890
4 3378 3514 2519 3860
4 1179 1178 1170 3931
4 2571 2836 2710 3134
4 1170 1171 1179 3931
4 2667 3264 2975 3711
4 3147 3289 2752 4119
4 2832 3423 4227 4239
4 2648 2752 3147 3843
4 2769 3354 3033 4273
4 3235 3728 629 3847
4 2331 2333 2334 3343
4 365 3352 353 3839
4 497 493 2849 3078
4 203 206 3089 3543
4 1977 1052 1145 4058
4 1145 2132 1977 4058
4 2523 3150 3476 3899
4 2572 3085 3667 4100
4 1589 1590 3353 4068
4 2752 3352 2901 3774
4 2836 3164 2571 4199
4 3140 3660 3539 4226
4 2553 3217 2779 3660
4 2205 2159 2161 3795
4 3133 3194 2735 3979
4 2614 2683 2812 3052
4 2337 2336 2340 2714
4 2765 3123 3507 3815
4 2161 2206 2205 3795
4 3068 3386 2826 3776
4 3545 3959 3009 4187
4 2667 3711 2975 3890
4 992 990 991 3388
4 2516 3938 2561 4247
4 2508 3370 3364 3373
4 1394 1402 1395 3940
4 858 855 864 4129
4 3660 3690 3539 4226
4 2512 2504 3176 3752
4 176 3938 2871 4247
4 3180 3846 3174 3864
4 2773 3223 2936 3560
4 1500 1498 1479 3419
4 103 2991 2501 3332
4 2566 3503 3188 4251
4 434 335 3124 3818
4 2558 2718 2717 3270
4 1130 1129 1121 4071
4 2597 3126 3266 4295
4 2531 3288 3096 3830
4 2659 3387 3594 4055
4 113 2495 3453 4223
4 2520 3655 3308 3912
4 3104 3208 2842 4246
4 2588 2709 2869 3820
4 2648 3843 3147 4020
4 2585 3654 3544 4282
4 2853 2943 2937 3312
4 3179 3209 2840 3377
4 3003 3746 3450 3878
4 2659 3973 3457 4227
4 2362 2112 2111 3661
4 2813 3075 2689 3992
4 2699 3440 3084 3563
4 2868 3166 2625 4255
4 2713 2928 2815 4176
4 2555 3096 2967 3964
4 2641 2980 2993 3684
4 1382 4174 3079 4175
4 2659 3311 2917 3457
4 2976 3909 2552 3928
4 2619 3972 3237 4170
4 104 3453 2495 3851
4 2575 3127 2801 3407
4 2508 3813 2533 4188
4 215 228 3196 3305
4 1578 1577 1585 4203
4 693 677 678 3262
4 615 3235 613 4138
4 2782 3893 2904 3894
4 2565 2971 3189 4081
4 2157 2204 2203 3795
4 2697 3548 2862 3792
4 2549 3102 3197 3945
4 3189 3311 2971 3457
4 2952 3110 2665 3741
4 3496 3645 2951 3710
4 2735 3207 3194 4287
4 2867 2979 2496 3275
4 2465 2438 2470 3907
4 2595 2813 2797 3262
4 2572 3131 3260 3667
4 2203 2155 2157 3795
4 2083 2092 2093 3117
4 529 525 528 3671
4 2664 3311 3286 3387
4 237 238 249 4090
4 2665 2838 2969 3002
4 3133 4030 3665 4303
4 2709 3011 2869 3228
4 2709 3428 2784 3995
4 2826 3693 3492 3768
4 630 2975 619 4280
4 2682 2812 2683 3201
4 329 3815 3814 4111
4 2493 3138 133 3949
4 3188 3503 2770 3572
4 619 2975 630 3728
4 2648 3281 3133 3843
4 874 876 875 4160
4 2499 2957 3340 3562
4 2973 2926 3782 4178
4 2706 2627 2908 3144
4 2838 3460 3481 3803
4 927 946 930 3051
4 2605 3776 2790 3911
4 3266 3544 2605 3654
4 431 441 430 2940
4 3164 3539 3140 3660
4 2732 3648 2644 3723
4 2695 3009 3959 4187
4 2657 2983 3006 3007
4 2513 2580 3510 4154
4 1359 1358 1350 3160
4 3311 3387 2853 3594
4 2881 3016 2637 3597
4 202 3543 3595 4264
4 2820 3564 3354 3689
4 2935 2625 3166 3537
4 2710 2836 2571 4199
4 2567 3510 2661 3741
4 2565 3563 3189 3781
4 2266 2264 2263 3348
4 2676 3165 2943 3272
4 1586 1578 1585 4203
4 2695 3491 2790 4187
4 3039 3586 3044 4162
4 2089 2088 3128 3278
4 2581 3476 3058 3892
4 2000 2155 2001 4128
4 2853 3299 2788 4055
4 2770 2881 3188 3572
4 2805 2953 2751 3443
4 3010 3043 2940 3747
4 2854 3475 2660 4204
4 2413 2403 2402 3804
4 439 440 442 3292
4 2543 3257 2496 4063
4 2935 3272 3550 3781
4 3176 3180 2512 3740
4 2545 2614 2715 3591
4 2565 3342 2935 3872
4 2511 2554 3403 3881
4 3126 3776 3266 4295
4 3084 3781 2645 3973
4 2565 3190 3189 3564
4 72 2504 58 3180
4 305 306 323 4043
4 2821 2953 2751 3204
4 2605 3654 3544 4187
4 421 419 420 3672
4 1600 3439 1608 4210
4 2585 3701 2961 4282
4 370 3289 3147 3703
4 2655 3246 2893 3842
4 3088 2917 3387 3984
4 2285 2286 2278 3812
4 2503 2905 3252 3512
4 753 3093 754 3668
4 2653 3069 3516 4104
4 2926 2881 3693 3796
4 2538 2864 3359 3776
4 2654 2720 2598 3704
4 2227 2245 2246 3749
4 3223 3920 3022 4123
4 153 2867 3526 3527
4 1089 1090 3178 3495
4 2027 2029 3152 3280
4 2840 2496 3257 4063
4 2603 3442 2688 3485
4 1077 1076 1078 3374
4 2820 3689 3354 3690
4 2788 2853 3594 4002
4 2594 2776 2555 2932
4 1352 1349 3293 3965
4 3420 3720 3378 4211
4 2799 3331 3069 3400
4 3354 2638 4127 4265
4 386 395 394 3484
4 141 3039 3040 3179
4 2322 1283 1279 2988
4 2835 3232 2891 3498
4 2605 3266 3776 4295
4 2498 2512 3180 3740
4 3030 3466 1728 3924
4 2668 2961 2585 3701
4 2014 2015 2007 3432
4 2539 3462 3028 3514
4 2917 3457 3189 4273
4 637 638 646 3847
4 2935 3550 3920 4123
4 2941 3249 2748 3717
4 2912 3543 3542 3595
4 2493 3274 2509 3282
4 2477 1448 1445 2870
4 2849 2940 3747 4187
4 2502 3368 93 3904
4 794 773 774 3764
4 2779 3075 2697 3992
4 2303 2311 2312 4152
4 2586 3443 2577 3470
4 2087 3278 2104 3536
4 888 890 883 3674
4 3334 2534 3378 4290
4 2957 3408 2525 3887
4 2665 2838 2952 3460
4 359 370 369 3147
4 2523 3362 3099 3894
4 2046 2044 2045 3128
4 2976 3212 114 3851
4 2631 3393 3323 3526
4 339 317 315 3779
4 2453 2452 3195 3229
4 2089 2839 2106 3278
4 3208 3383 3104 4261
4 2689 2595 2797 3262
4 2937 4000 3241 4002
4 153 3526 82 3527
4 3134 2836 3577 3876
4 2511 3177 3176 3740
4 3022 3666 3199 4077
4 2518 2558 2575 4179
4 2552 2976 3578 3909
4 471 465 522 4245
4 3130 4041 2511 4304
4 1076 1077 1075 3374
4 921 905 704 3221
4 774 795 794 3764
4 3023 3597 2750 3890
4 1235 1236 2234 3349
4 394 395 396 3445
4 1236 2235 2234 3349
4 867 868 416 3171
4 901 902 3915 4129
4 2255 2256 2248 3812
4 3069 3261 2880 4236
4 2719 3012 2814 4193
4 2773 3223 3342 3811
4 2660 3058 2854 3761
4 2569 2766 3006 3473
4 1608 3310 1609 4210
4 2622 3275 2516 3398
4 2836 3134 2671 3195
4 2830 2660 3486 4204
4 799 3463 798 3669
4 629 628 3235 3847
4 1532 688 687 3153
4 390 388 400 4186
4 1698 3236 3874 4029
4 2960 2583 3723 3966
4 588 587 3344 3670
4 2521 2967 3211 3964
4 2736 2735 3352 3760
4 2967 3704 2521 3806
4 1134 1149 1133 3540
4 1394 1406 1402 3940
4 2717 2718 2584 4132
4 3567 3597 3016 3847
4 2600 3270 2875 3883
4 2637 2797 3936 4178
4 332 3815 329 4111
4 3027 3150 2820 3476
4 3023 3597 3572 4018
4 2843 3155 2655 3614
4 2613 3481 3320 4018
4 1824 1826 1827 3412
4 2721 2785 2584 3312
4 2655 3207 3155 3890
4 2738 2665 2842 3168
4 2689 2813 2595 3262
4 2706 2908 2763 3144
4 3207 3890 3194 4287
4 2878 3090 2648 3803
4 2027 1995 1997 3280
4 2650 2837 2818 4189
4 1224 2225 1225 3777
4 2626 2865 2540 4169
4 2225 1224 2224 3777
4 598 599 563 3957
4 2502 3212 93 3368
4 2641 2994 2543 3697
4 2246 2228 2227 3749
4 3068 3247 2826 3386
4 1648 1650 1651 3418
4 2587 2517 3044 4010
4 2527 2585 3544 3862
4 1997 2029 2027 3280
4 2602 2643 2536 3524
4 704 711 921 3221
4 2369 2368 2384 3737
4 2881 2637 3277 4178
4 2498 3177 2511 3740
4 2820 3476 3150 3899
4 1126 1104 1105 3627
4 2438 3876 2470 3907
4 2508 3373 3364 4188
4 2936 3260 3131 3667
4 1105 1127 1126 3627
4 2665 2969 2842 3002
4 1332 1331 1326 3990
4 2904 3893 2782 4016
4 331 427 336 3507
4 2881 3235 2926 4003
4 1121 1122 1130 4071
4 1700 2930 1666 4024
4 1147 2133 1146 3713
4 2133 1147 2134 3713
4 2826 3247 3068 3654
4 2639 3821 3592 3849
4 3417 3225 3723 3783
4 2790 3009 2695 4187
4 1421 1433 1434 3258
4 211 3609 210 3754
4 621 619 3264 3728
4 697 891 421 3506
4 408 413 418 2482
4 2723 2824 2616 3402
4 3457 3594 2971 3973
4 1004 1065 1091 4257
4 2516 3275 3039 3398
4 2071 2089 2070 2839
4 3111 3820 2873 4129
4 2438 3294 2441 3577
4 2655 2843 3557 3898
4 2584 2875 2718 3037
4 762 753 754 3668
4 2676 3549 2906 3550
4 2083 2109 2092 3117
4 314 315 313 3787
4 3023 3155 2750 3581
4 3215 3759 2898 4145
4 2071 2090 2089 2839
4 2577 3210 2682 3470
4 2549 3102 2759 3158
4 2704 3544 2592 3647
4 435 434 3124 3394
4 2784 3154 2666 3397
4 119 2976 2808 3314
4 762 761 753 3668
4 1788 1778 1777 3576
4 2528 2576 2976 3224
4 730 737 3602 3785
4 315 337 339 3779
4 3682 4042 2687 4218
4 1644 1645 1642 3585
4 1560 3094 1606 4130
4 2603 3380 3442 3485
4 2961 3421 2743 4170
4 2752 3391 3133 3481
4 2688 3442 2603 3784
4 2285 2278 2277 3812
4 525 528 3671 3788
4 2989 3208 2842 4261
4 2693 3091 2798 3374
4 3319 3475 2792 4074
4 2836 3577 2986 4200
4 2605 3654 3491 3776
4 727 742 980 3390
4 2531 2574 2656 3706
4 3205 2841 3300 4157
4 2737 3158 2871 3708
4 2746 2761 3410 3418
4 2556 2833 2557 3791
4 1787 1788 1777 3576
4 992 961 990 3388
4 2603 3442 3380 3784
4 2655 3785 3246 3842
4 2750 3155 3890 3898
4 976 1000 975 3122
4 2671 2870 3195 3271
4 2723 2824 3402 4172
4 2603 2902 2663 3485
4 849 858 857 3313
4 2513 3570 3227 4053
4 2613 3481 3623 4184
4 2616 2814 2723 2866
4 1867 1854 1868 4084
4 3147 3843 3839 4020
4 78 2757 3138 3227
4 3304 3822 3031 3823
4 2048 2047 2050 3128
4 2550 2847 2617 3771
4 2559 3140 3838 3856
4 2917 3311 3189 3457
4 2667 3194 3503 3695
4 180 3645 131 3720
4 2754 2927 2669 4005
4 2695 2585 2889 4072
4 1405 1523 1522 2922
4 2637 3768 2797 4178
4 608 588 673 3012
4 2519 3378 3210 4171
4 2906 3550 3022 3666
4 2545 2627 2698 2908
4 711 705 712 3351
4 356 345 340 3996
4 993 992 3388 3944
4 2935 3872 3166 3873
4 296 279 280 3322
4 3503 3572 3188 4251
4 2555 2967 2514 3704
4 939 720 956 3390
4 2973 3491 2926 4178
4 3383 3557 2843 3898
4 3311 2853 3387 4075
4 2786 2956 2929 3511
4 2615 3185 2580 3510
4 3364 3976 3385 4109
4 3155 3383 2843 3898
4 3022 3838 3223 4123
4 2676 2906 3103 3673
4 620 618 659 3264
4 624 622 663 3264
4 1445 2870 1446 3229
4 2809 3033 3354 3440
4 2853 3299 2899 4083
4 970 971 979 4257
4 2514 2951 2494 3645
4 2492 3378 3377 3910
4 2634 2908 2698 3175
4 2767 3089 2562 4120
4 2566 3421 3133 4030
4 2576 2976 3224 3578
4 2895 3711 3207 3808
4 2453 3195 2870 3229
4 1178 1177 1169 3279
4 2558 2575 2772 4046
4 644 636 645 3277
4 2975 2750 3597 3890
4 3189 3190 2769 3564
4 608 3012 1322 3670
4 2755 2562 3089 4120
4 1722 3030 3013 3536
4 1169 1170 1178 3279
4 2626 2686 2865 4169
4 798 3215 790 3669
4 2180 2186 2272 3346
4 621 3264 622 3711
4 1351 1349 1352 3965
4 2524 2666 4147 4190
4 1447 1442 1444 3229
4 332 425 331 3815
4 2562 2755 3554 3809
4 2648 3481 3133 4303
4 552 3203 553 3459
4 2457 2458 2452 3229
4 2563 3076 2533 3831
4 1421 1420 1433 3923
4 3458 3558 2734 4064
4 736 730 737 3602
4 2817 2819 3510 3738
4 56 3562 2957 4087
4 3199 3438 3077 4144
4 2726 2930 3316 4075
4 670 3017 646 4085
4 877 862 861 3239
4 697 704 2886 3672
4 2579 2598 2525 3993
4 3188 3572 3597 4018
4 1735 1728 1727 3030
4 1000 976 1001 3122
4 1307 1309 3333 3456
4 2659 2917 3311 3387
4 2601 2745 3036 3706
4 1678 3202 1674 3621
4 901 3915 883 4129
4 2580 3285 3137 3599
4 407 404 405 3445
4 2624 3428 2784 3827
4 2684 3971 2806 3994
4 1279 2320 2322 2988
4 1700 1699 1666 3709
4 2788 3299 3681 3682
4 2790 3263 2973 3491
4 1983 3431 2007 3449
4 858 864 870 3674
4 2516 3275 2622 4300
4 2509 3285 2556 4102
4 1312 605 583 3639
4 3491 3492 2826 3693
4 1735 1728 3030 3466
4 1838 1839 3400 4271
4 400 410 411 3506
4 3134 3195 2836 3876
4 1322 2456 2455 3183
4 275 3772 291 4306
4 2976 3001 118 3212
4 2037 2012 2011 3430
4 2975 3711 3259 3890
4 3106 3140 2559 3856
4 3218 3380 2542 3856
4 400 411 401 3506
4 3016 3277 2881 3936
4 2510 3252 2503 3881
4 697 698 704 3672
4 2580 3137 2513 3185
4 2514 2555 3210 3420
4 2503 2510 3318 3512
4 2527 2569 3467 3862
4 2584 3316 2785 3877
4 2690 2796 2573 3533
4 2480 3974 2479 4115
4 704 698 705 3672
4 2871 3158 2737 3938
4 2569 2759 3102 3158
4 2046 2043 2044 3236
4 1692 3200 1691 3677
4 2597 3266 3126 3528
4 2756 2646 3152 4128
4 1648 1624 1625 3220
4 2334 2338 2335 3628
4 956 720 727 3390
4 2935 3272 3165 3753
4 2528 3211 3964 4118
4 2694 3551 2797 3936
4 2664 3286 2785 3387
4 215 216 3305 3609
4 2515 3209 2840 3450
4 2851 2644 3206 4302
4 1753 1735 3030 3620
4 2840 2963 2753 4235
4 2597 2657 3337 3980
4 2664 3286 3311 4203
4 2013 2039 2014 3430
4 1312 1317 605 3639
4 3194 3979 3133 4170
4 2843 3104 3383 3786
4 3023 3391 3194 4287
4 3067 3195 2860 3271
4 1602 1603 1595 3251
4 3069 3261 2799 4294
4 1595 1594 1602 3251
4 2971 3311 3189 4081
4 2049 2026 2839 3128
4 2899 2659 3758 3798
4 2583 2755 2685 2760
4 872 892 874 4185
4 2671 3271 3067 4153
4 1002 1010 1001 3011
4 1448 1450 1451 3974
4 275 3417 3772 4306
4 2645 2788 3077 3682
4 2537 3167 2635 3558
4 165 3385 3976 4109
4 2967 3704 2555 3964
4 1009 1001 1010 3011
4 3281 3409 2974 3723
4 415 868 424 3171
4 2566 3247 3188 3503
4 3084 3457 3008 3975
4 3033 3353 2769 3547
4 141 3179 3040 4232
4 2557 2644 2851 2934
4 2629 2847 2722 3303
4 1154 1156 1155 3298
4 337 315 314 3787
4 1584 3465 1585 3559
4 2826 3386 3307 3913
4 2255 2248 2247 3812
4 176 2871 2561 3366
4 2643 2602 3121 3322
4 376 3760 377 4126
4 3076 2533 3831 4223
4 2566 3133 3391 4303
4 3496 3538 2951 3641
4 2535 3735 2871 4247
4 2740 2666 2784 3154
4 2699 3457 2917 4273
4 1760 1768 3299 3681
4 2653 2880 3069 3261
4 2588 2869 2666 3702
4 3188 3693 2881 3796
4 2937 2943 2853 4002
4 743 981 980 3390
4 312 342 3839 4020
4 2497 2549 3158 3366
4 3165 3190 2868 4082
4 2028 2839 2027 3152
4 856 867 416 3171
4 2973 2926 3491 3782
4 385 392 382 4126
4 3359 3492 3126 4096
4 801 3125 800 3669
4 2541 2656 2574 4217
4 2523 3150 3362 3476
4 2509 3274 3139 4141
4 2730 2578 3178 3254
4 2819 2882 2588 3111
4 1336 2866 1337 3056
4 2892 3038 2687 3199
4 2975 2881 3597 3847
4 2553 3660 2779 3992
4 2275 2283 2276 3812
4 188 3408 2997 4087
4 2616 2723 2814 3834
4 2699 3251 2917 3457
4 3386 3655 2780 3913
4 1030 1029 3396 3397
4 2906 3829 3199 4144
4 903 918 3228 4225
4 3465 4195 3437 4210
4 1298 1293 3468 3619
4 2736 3352 2735 3979
4 1304 1302 1303 3455
4 1366 1367 1371 3965
4 65 3949 3283 4076
4 1591 3439 3033 3547
4 2638 3353 3354 4127
4 2505 2531 2541 3288
4 2697 2779 2966 3075
4 2674 2955 3287 3835
4 2453 2870 2459 3588
4 817 1624 3220 3714
4 1651 1649 1648 3418
4 2645 3272 3549 4125
4 2601 3036 2707 3706
4 2676 3241 3108 4000
4 2500 4143 3976 4208
4 3084 3624 2699 3975
4 970 3471 954 4257
4 3088 2726 3621 3869
4 2584 3037 2718 3291
4 1393 1407 1406 3065
4 1401 1402 1739 3290
4 1155 1153 1154 3298
4 2616 3092 2866 3402
4 497 2849 493 3747
4 891 892 872 4185
4 2983 3123 2765 3815
4 2610 3284 3358 4199
4 2614 2683 2545 2812
4 405 395 397 3168
4 1979 2003 2004 3430
4 872 421 891 3506
4 1753 1735 1736 3030
4 2698 2848 2651 2996
4 2513 3340 3227 3562
4 2004 1980 1979 3430
4 3344 3618 3012 4178
4 717 931 3755 3998
4 369 3147 370 3289
4 3363 3987 2581 3988
4 2826 3491 3654 3776
4 2917 3088 3914 3984
4 3285 3599 2580 3712
4 552 3459 576 4061
4 2066 2085 2221 3144
4 775 767 2982 3764
4 2284 2276 2283 3812
4 325 309 326 2817
4 3223 3838 2773 4123
4 2797 3768 2719 4178
4 2868 3165 2625 3166
4 2676 3103 2906 3549
4 2730 3178 2578 3833
4 2588 2819 2615 3185
4 3194 3890 3023 4287
4 566 593 568 2844
4 2464 3317 2455 4115
4 2843 3208 3383 3678
4 722 3568 728 3658
4 1448 2870 1450 3974
4 1445 1442 1447 3229
4 2066 2065 2082 4243
4 93 114 3212 3851
4 3015 3320 3481 4018
4 2571 2836 2671 3164
4 2842 3622 2969 3623
4 2936 2773 3561 3811
4 632 753 761 3567
4 2108 2109 2972 3117
4 2973 2790 3203 4250
4 2659 3311 3457 3594
4 2051 2030 2053 3152
4 3165 3272 2676 3753
4 2843 3383 3104 3678
4 632 761 640 3567
4 120 3070 2503 3593
4 2591 3192 2767 3981
4 2666 2863 2692 2869
4 3007 3119 2658 3607
4 3354 3563 3440 4273
4 2581 3362 3027 3476
4 2917 3189 3311 4281
4 2506 3462 3028 3878
4 2429 3293 2430 3589
4 3460 3481 3015 4184
4 1607 3439 1606 4158
4 2559 3140 3653 3838
4 2533 3373 2508 4188
4 2780 3386 2960 3655
4 2648 3481 3665 3803
4 621 3728 3264 4280
4 2817 3510 2661 3603
4 3028 2524 3538 3641
4 3131 3260 2724 4294
4 2203 2155 3795 4128
4 2743 3421 3409 4170
4 2648 3481 2752 3843
4 2644 3493 3048 3840
4 1674 3202 1678 3612
4 646 3017 670 3575
4 2613 3391 3481 4018
4 1160 1162 1161 4089
4 2806 3971 2587 4009
4 2498 3740 2511 4304
4 2905 3070 2503 4194
4 2521 2525 184 3704
4 2534 3726 3106 4290
4 3033 3439 3353 3547
4 420 697 421 3672
4 3010 3747 2940 4187
4 3207 2803 3651 3808
4 407 405 406 3171
4 2611 3464 2806 3994
4 2458 2453 2452 3195
4 3068 3654 2605 3776
4 2584 2785 2721 3877
4 2578 2681 3530 3833
4 2585 3647 2668 3701
4 2553 3217 3140 3218
4 86 3332 2501 3961
4 608 606 588 3670
4 872 874 873 3506
4 2584 2721 3037 3877
4 859 871 873 3506
4 2511 3370 3177 4035
4 1608 1609 1601 4210
4 2635 3167 2537 4188
4 636 3847 3277 4003
4 2940 3266 2765 3507
4 2528 3211 3096 3964
4 2479 2480 1452 3974
4 2790 2695 3263 3491
4 2975 3235 2881 3847
4 2451 2457 2452 3229
4 2664 3073 2855 4203
4 2018 2020 2022 4029
4 3485 3682 2877 4239
4 2506 2590 3284 3525
4 2619 3409 3421 4170
4 1608 3439 3310 4210
4 120 2905 2503 4194
4 2826 3492 3491 3776
4 2750 3890 3259 3898
4 1610 3437 4036 4136
4 2531 3443 2586 3470
4 2565 3563 3342 3872
4 2667 2895 3711 3890
4 391 850 840 4186
4 2526 4143 4188 4208
4 151 2951 3645 3710
4 2584 2930 3037 3291
4 1476 1477 3422 3855
4 563 572 571 3957
4 2788 3452 3299 3682
4 2718 2857 2764 3242
4 1624 1625 3220 3714
4 2524 3137 2580 3185
4 2826 3654 3068 3776
4 2459 2870 2453 3195
4 850 391 401 4186
4 129 3138 3283 3949
4 2935 3550 3342 3781
4 2520 3487 2914 3649
4 2979 3047 2924 3897
4 2010 2011 2003 4080
4 1645 3585 1644 3652
4 2645 3549 2788 3973
4 2532 2652 2571 2710
4 438 441 431 2940
4 2607 3058 3304 3761
4 2501 3332 3720 3961
4 2532 3039 3398 4162
4 1691 3200 3541 3677
4 2519 3420 3378 3860
4 2513 3524 2499 3562
4 2545 2683 2614 3830
4 1691 3677 3541 4136
4 673 3344 665 3618
4 991 993 992 3388
4 2650 3022 3604 3838
4 689 608 673 3012
4 2511 3403 2554 3739
4 2684 2516 3534 4162
4 3465 4210 3437 4273
4 2768 2806 2611 3464
4 1644 3585 1646 3652
4 2872 2893 2655 3960
4 2658 2947 2568 3119
4 646 4085 3017 4242
4 602 3762 601 4245
4 2633 2522 3512 4011
4 1451 1449 1448 3974
4 2724 2992 2799 3069
4 2735 2901 2752 3979
4 2692 2666 2821 2863
4 884 885 903 2873
4 2605 2790 3491 4187
4 2528 2576 2614 2976
4 2638 3855 3422 4137
4 1602 3251 1594 3437
4 1298 2923 1295 3619
4 2973 3491 3263 3782
4 1449 2870 1448 3974
4 1732 1749 2879 3573
4 3126 3528 3266 3776
4 2583 2974 3409 3723
4 2469 3184 2462 4088
4 1607 1608 3439 4158
4 2971 2943 4081 4125
4 2647 2654 3269 3296
4 608 1322 3012 3522
4 236 233 234 4156
4 3032 3381 1519 3382
4 1713 1720 1718 3202
4 2457 2458 3229 3907
4 2499 3408 2957 3562
4 2050 2049 2839 3128
4 2852 3359 3126 4096
4 2587 4009 2517 4010
4 2735 3194 3391 4287
4 1791 1790 3103 3426
4 74 2900 173 3949
4 2757 3562 3193 3570
4 3210 3443 2751 3538
4 2458 2459 2453 3195
4 2573 2903 2690 4056
4 3028 3265 2639 4147
4 140 59 129 3138
4 595 558 594 3788
4 2523 3515 3150 3899
4 497 495 493 3078
4 1333 3159 1332 3990
4 2765 3473 2983 3815
4 2526 3533 3167 4016
4 359 369 357 3147
4 1732 3573 2945 4215
4 2660 2792 2918 3486
4 718 712 715 3351
4 3512 3870 2633 3985
4 2453 2459 2461 3588
4 2584 2875 2721 3270
4 979 1065 1004 4257
4 2198 2199 2189 3416
4 3839 3843 2915 4020
4 2807 2753 3653 4063
4 3085 3561 2936 3667
4 3452 3681 3299 3682
4 2189 2188 2198 3416
4 913 927 3049 3767
4 2521 3704 2967 3964
4 3976 4109 3364 4183
4 630 3728 2975 3847
4 65 2900 74 3949
4 2853 2788 3594 4055
4 2614 2976 2576 3928
4 2648 2915 3843 4020
4 2864 3776 2538 3913
4 297 304 312 2481
4 2051 2028 2030 3152
4 547 3782 3919 4250
4 2070 2089 2088 3128
4 877 861 875 3239
4 1337 2866 1332 3367
4 547 3782 548 3919
4 2756 3152 2646 3683
4 2600 3250 2511 3369
4 2670 2552 2911 4134
4 1161 1159 1160 4089
4 2701 3660 2809 3775
4 3581 3622 3383 3759
4 2752 3481 3133 3843
4 2527 2725 3647 3694
4 2973 3263 2790 4250
4 2896 2593 3660 3690
4 1760 3620 1759 4284
4 2906 3077 2645 3549
4 2699 3189 3457 4273
4 2709 2784 2666 2863
4 2723 2824 3447 4096
4 2563 3831 2596 4217
4 2087 2088 2104 3278
4 2501 3368 3096 3886
4 2532 2963 3801 4070
4 3016 3215 3017 3936
4 435 3394 3124 3461
4 2929 2786 3510 3738
4 2746 2663 3013 3410
4 593 3441 591 4146
4 1158 1160 1159 3156
4 2835 3232 3498 4289
4 3151 3231 3092 3358
4 2532 3398 3039 4070
4 2975 3572 3023 3597
4 3339 3604 3022 3838
4 2697 2542 3380 3793
4 3223 3537 3260 4104
4 2529 3185 2615 3510
4 2643 2602 3511 3524
4 1515 3267 1514 4092
4 2813 2740 3055 3548
4 2584 3037 2930 3316
4 2543 2641 3345 4100
4 2538 3307 2826 3768
4 2939 2920 3523 3769
4 2838 3623 3481 4184
4 2701 2779 3094 3660
4 2969 3289 2838 4119
4 2609 2953 2646 3443
4 2637 2881 3277 3936
4 2540 3530 3145 3870
4 2935 3537 3166 3811
4 1757 1750 1751 3573
4 2676 2943 4002 4125
4 2975 3711 3264 4280
4 1576 1575 1583 3073
4 721 728 3246 3658
4 3158 3366 2549 4073
4 3378 3420 2501 3720
4 1599 3033 1591 3439
4 2656 3232 2835 3243
4 3106 3442 3380 3856
4 3039 3275 3040 4070
4 1899 1916 1917 4289
4 2008 1984 1983 3449
4 3138 3139 134 3496
4 1743 3319 3991 4204
4 1983 2007 2008 3449
4 2581 3362 3476 3893
4 1468 1475 1476 3149
4 2769 3354 3563 3564
4 3155 3207 2655 3614
4 2832 4227 3008 4239
4 564 565 566 4283
4 2838 3481 3460 4184
4 2671 3195 3067 3271
4 3250 3883 2600 4267
4 786 785 784 3553
4 2076 2095 2096 3967
4 2838 3289 4021 4119
4 2581 2962 3027 3362
4 2701 2809 3094 3587
4 2548 3087 3285 3552
4 2889 3328 2770 3435
4 2566 3391 4018 4303
4 2770 3188 3247 3503
4 933 934 3122 3915
4 2770 3328 2889 4072
4 868 3105 424 3171
4 2667 3890 3572 4251
4 1405 1404 3066 3958
4 2723 2616 2866 3402
4 2256 2278 2279 3198
4 2496 3275 2979 3801
4 710 717 716 3930
4 2096 2077 2076 3967
4 1505 1504 3267 3687
4 3023 4018 3572 4251
4 1444 2452 1447 3229
4 2750 3581 3383 3759
4 2506 2590 3525 3861
4 1821 1810 1825 3108
4 3002 3110 2952 4043
4 2644 3840 3225 4090
4 2527 2668 3647 3701
4 2580 3599 2524 3712
4 2651 2995 2848 3018
4 2818 3022 2650 3838
4 2515 2840 3209 3377
4 2922 2955 1400 3958
4 1159 1157 1158 3156
4 1331 2866 1336 3402
4 2641 3684 2994 3697
4 2582 2722 2791 3061
4 2975 3890 3572 4133
4 2951 3720 3420 4211
4 2735 2803 3207 3614
4 2752 3839 3147 3843
4 2960 3655 3386 4067
4 2699 3457 3084 3975
4 2899 3452 2659 3798
4 3154 3418 3004 3884
4 2095 2076 3472 3967
4 2597 3528 3308 4086
4 2951 3496 3139 3860
4 1356 1358 1364 2925
4 2582 2623 2526 3835
4 3572 4018 3188 4251
4 2532 3801 3398 4070
4 2506 2590 3209 3284
4 767 775 2982 3755
4 2525 3408 3107 3993
4 3263 3009 3807 3959
4 1832 3518 1852 4047
4 2667 2895 3264 3711
4 2498 3176 3177 3740
4 399 3478 2901 4126
4 2554 2728 4267 4288
4 2583 2760 2685 2974
4 2907 3022 3550 3666
4 2688 2902 3485 4042
4 3084 2896 3217 3339
4 2520 3102 3197 3308
4 2746 3410 3013 3874
4 2853 3594 3387 4055
4 3147 3289 2838 3703
4 2074 3395 2093 4278
4 2969 3622 2613 3623
4 2876 3552 3265 4141
4 2646 3280 3152 4128
4 416 868 415 3171
4 1150 1149 1134 3540
4 2750 3259 2975 3567
4 2506 3028 2639 3878
4 2273 2251 2250 3346
4 2153 2152 2180 3346
4 2585 2695 2889 3053
4 2549 3102 2597 3308
4 1824 1813 1812 3679
4 1539 695 696 3797
4 696 1540 1539 3797
4 2585 2889 3504 3647
4 2589 3377 3334 3378
4 2735 3391 2901 4287
4 3742 4060 2634 4179
4 2552 2576 2976 3928
4 2428 1835 2426 4084
4 2051 2839 2028 3152
4 2114 2115 2098 3413
4 3140 3218 3106 3746
4 2071 2072 2090 3152
4 166 3366 2900 4076
4 2364 2368 2369 3413
4 2749 3030 3466 3798
4 2579 2525 3107 3993
4 2650 3045 2892 3199
4 2701 2959 2671 3775
4 637 645 636 3277
4 2645 3549 3973 4125
4 367 366 379 4186
4 2391 2390 2379 3521
4 606 608 1322 3670
4 2592 3544 2527 3647
4 1584 1576 1583 3073
4 1352 3293 3589 3965
4 1824 1812 1823 3679
4 189 3212 3001 3224
4 2088 2069 2070 3128
4 1715 1722 3013 3236
4 3194 2735 3979 4170
4 133 3138 2493 3139
4 497 493 494 3747
4 3176 3318 2504 3593
4 1609 3310 1610 3437
4 1519 1518 3381 4092
4 2626 2693 2920 2939
4 2499 3340 2513 3562
4 1747 1746 1742 3889
4 244 2859 236 4276
4 2509 2941 3285 4102
4 3194 3391 3023 4251
4 366 378 379 4186
4 2231 2249 2330 3343
4 2593 3354 2896 3440
4 121 3531 3001 3909
4 2750 3668 3567 4242
4 2545 2812 2683 3830
4 1503 1512 3271 3565
4 2523 3476 3894 3899
4 2769 3563 3354 4273
4 2503 3070 2905 3512
4 2575 3591 2715 4196
4 2695 3491 2926 3782
4 3174 3864 3846 3921
4 2667 3207 3194 3651
4 2653 2880 2696 4189
4 2493 3903 2949 4076
4 1679 1684 3013 3882
4 2750 3093 3567 3668
4 1010 1002 1011 3471
4 2539 3028 2519 3514
4 2835 2888 2635 4095
4 493 441 2940 3461
4 553 3203 543 4250
4 3088 3387 3286 3984
4 2937 3426 3299 3582
4 2791 3061 2722 3303
4 763 3093 755 4301
4 1519 3032 2885 3381
4 1533 3662 1557 4130
4 2951 3860 3139 4211
4 2638 3354 3353 4219
4 2648 3133 3481 3843
4 2665 3460 3285 3623
4 2645 3084 3973 4218
4 1863 3633 3630 4205
4 2577 2825 2805 3302
4 2607 2885 2922 3304
4 678 670 3017 3575
4 2579 2916 2598 3993
4 1628 821 1045 3397
4 2960 3409 3281 3723
4 2820 3515 3150 3690
4 2638 3353 3855 4137
4 728 732 3246 3568
4 393 394 396 3445
4 2519 3514 3028 3860
4 3093 3259 2750 3567
4 2658 3007 2947 3119
4 2752 3352 3774 3839
4 2750 3567 2975 3597
4 2498 3180 3176 3740
4 2631 2994 2543 4142
4 1032 1031 1023 3951
4 2620 3752 3403 4263
4 3421 3665 3133 4030
4 2370 2117 2116 3780
4 3174 3222 3180 3864
4 918 935 3228 3330
4 737 738 736 4105
4 1148 2134 1147 3186
4 2135 2134 1148 3186
4 2667 3651 3194 3841
4 2699 3437 3251 3975
4 1653 1655 1696 3874
4 2498 3467 2512 4304
4 3218 3849 2639 3878
4 3339 3838 3140 3856
4 377 3352 365 3774
4 2536 2530 2643 2800
4 2836 2710 3134 4200
4 1735 3466 3030 3620
4 2841 3300 3000 4103
4 2369 2370 2116 3175
4 2770 3328 3235 3435
4 3133 3281 2648 3665
4 2763 2706 3144 3832
4 2646 2921 3300 4103
4 2843 3614 3478 3786
4 2548 3285 2665 3712
4 603 1291 1352 3293
4 2653 3838 2818 4189
4 478 2778 477 3488
4 2542 3217 2697 3218
4 70 178 56 2957
4 2578 3178 2681 3833
4 199 2967 2521 3806
4 2012 2004 2011 3430
4 2807 3561 3362 3908
4 2465 2458 2457 3907
4 2662 2562 2767 3089
4 2164 2166 2167 3361
4 2975 3597 3023 3890
4 2792 3486 2660 4204
4 2160 2162 2163 3361
4 1446 2870 1485 3271
4 2013 2014 2006 3430
4 2523 3085 3561 3900
4 2881 3016 3597 3847
4 2497 3366 3338 4073
4 456 448 446 4270
4 1678 3612 3202 3621
4 2578 2615 3820 4207
4 2577 2586 2921 3443
4 3145 3530 2529 3870
4 2413 3804 3389 4022
4 113 3385 2495 4223
4 2091 2090 2072 3152
4 2748 2864 3249 3912
4 371 373 3703 4253
4 3360 3694 2600 4014
4 2520 3487 3655 3912
4 1692 3200 1681 3541
4 2838 2969 2613 3623
4 2561 3158 2871 3938
4 1789 1790 3426 4144
4 2684 2611 3971 3994
4 2975 3728 3235 3847
4 2464 3183 2455 3317
4 2513 3510 2567 4154
4 1156 1195 1197 3298
4 3084 3217 2896 3440
4 1082 1119 1193 3298
4 2571 2753 2729 4235
4 3308 3528 2864 3655
4 2838 3289 3147 4021
4 3452 3620 3299 3681
4 3447 3700 3064 4245
4 2630 2847 3488 4034
4 2088 2105 2104 3278
4 571 572 570 3957
4 2014 2007 2006 3432
4 1667 1666 1699 3709
4 2663 2902 2746 3030
4 2750 2975 3259 3890
4 1030 1045 1029 3397
4 3016 3215 3936 4145
4 3068 3528 3655 3776
4 2873 3480 3111 4129
4 2673 3403 2620 3739
4 3016 3575 645 3847
4 2667 4133 3503 4251
4 2663 3410 2761 3652
4 962 944 961 3767
4 1740 3991 2830 4204
4 2929 3510 2615 3738
4 1589 1478 1482 3353
4 3478 3614 2901 3786
4 762 754 3093 3668
4 308 309 325 2817
4 1590 1589 3353 4137
4 2566 3194 3133 3421
4 2546 3250 2716 3411
4 130 3039 3586 3950
4 2901 4119 3786 4287
4 588 606 587 3670
4 2496 2963 2840 4070
4 1666 1659 1641 3891
4 120 2503 3070 4194
4 444 450 443 3606
4 3031 4219 3354 4265
4 1429 1437 1462 3664
4 2667 3572 4133 4251
4 2584 3037 3316 3877
4 2765 2983 2657 3816
4 3173 3881 3252 4046
4 1334 1298 3092 4244
4 2661 3347 3196 3608
4 3058 3475 3027 3988
4 1792 1794 1789 3438
4 3084 3440 2896 3563
4 2553 2697 3217 3218
4 2643 2661 3510 3603
4 2572 3260 3131 4294
4 2799 2993 2980 4272
4 2699 3033 3440 4273
4 1948 3400 1947 3805
4 1465 1433 1439 3258
4 3563 3564 2896 3872
4 2602 2741 2678 3121
4 1334 3402 3092 3468
4 2528 2576 3224 4118
4 2784 3428 2740 3827
4 2363 2368 2364 3413
4 2503 3318 3176 3593
4 2566 3188 4018 4251
4 2458 2465 2466 3195
4 2953 2751 3204 3713
4 2545 2812 2682 2884
4 280 290 296 3322
4 2772 3580 3404 4026
4 1591 3033 1599 4210
4 2656 2733 2651 3114
4 2605 3544 2940 4187
4 2514 2494 3642 3645
4 2832 2663 3423 4239
4 2330 2313 2231 3343
4 2696 3059 2880 3261
4 2046 2068 2067 3236
4 2644 2833 3493 3840
4 1003 1011 1002 3471
4 84 3212 3211 3368
4 2507 3976 3635 4208
4 715 719 718 3602
4 2572 3085 3131 3667
4 2963 3099 2496 4063
4 2634 3115 2698 3916
4 3217 3440 3084 3624
4 2958 2809 3587 3855
4 493 2849 3461 3747
4 2780 2960 3386 3665
4 1964 1963 1980 3866
4 2166 2168 2169 3638
4 3604 2687 4042 4218
4 1480 1481 3855 3974
4 2052 2839 2051 3152
4 3107 3145 2529 3870
4 2951 3139 151 4211
4 2695 3782 2926 4072
4 2607 3058 3828 4266
4 1516 1505 1515 3267
4 2941 3912 2864 3913
4 173 3949 2900 3950
4 2896 3690 3660 4226
4 3689 3690 3027 4266
4 2664 3312 3311 3387
4 2881 3847 3235 4003
4 3621 3869 2726 4024
4 1869 1855 3574 4084
4 2503 3176 2511 3177
4 2099 3605 2115 3780
4 2724 3458 3080 4104
4 1979 1980 1963 3866
4 497 2849 498 3722
4 3411 4267 2604 4288
4 1207 1208 1253 4305
4 1022 3324 1030 3396
4 2539 2639 3380 3765
4 627 626 611 3328
4 2666 2869 2692 3702
4 2616 2711 3092 3497
4 2889 3328 609 3671
4 2772 2798 2802 3404
4 2697 3075 2966 3253
4 2561 2900 3366 4073
4 2967 3210 2555 3420
4 2819 2929 2615 3738
4 330 3814 329 3815
4 134 3138 3496 3710
4 611 613 627 3328
4 2645 2788 3682 3973
4 2901 3391 4119 4287
4 2553 3140 3660 3746
4 1740 1743 3991 4204
4 134 3496 151 3710
4 2571 2962 2753 3539
4 1655 1697 1696 3874
4 621 3264 3711 4280
4 801 817 3463 3714
4 2769 3547 3353 4137
4 2655 3246 3785 3871
4 140 66 59 3138
4 1586 1585 4195 4203
4 2520 3102 3308 4086
4 309 302 290 308
4 2645 3781 3272 4125
4 2508 3373 2606 3825
4 970 979 978 3471
4 2941 3249 2864 3912
4 2695 3263 3491 3782
4 131 2951 144 3720
4 2123 2108 2972 3970
4 992 962 961 3388
4 2807 3150 2753 3362
4 2527 3647 2668 3694
4 1607 1608 1600 3439
4 2896 3339 3084 3342
4 464 3700 466 3888
4 2593 3690 3689 4266
4 2637 3086 3551 4184
4 1671 1670 1675 3088
4 2853 2937 2788 3299
4 2453 2461 2870 3588
4 2752 3481 2648 4021
4 312 3839 2915 4020
4 3223 3260 2936 3560
4 2737 2766 2569 2946
4 2740 2898 2624 3827
4 980 956 727 3390
4 2506 2639 3028 3265
4 640 3567 761 4242
4 3145 3870 3512 3985
4 1221 1212 1222 3766
4 1405 1523 2922 3066
4 2462 2460 2468 4088
4 3039 3044 2516 4162
4 2637 2797 3768 3936
4 367 355 3663 3996
4 3092 3402 2923 3468
4 2637 3936 3277 4178
4 2549 2597 3102 3473
4 79 58 2504 4050
4 2619 3979 2736 4170
4 2780 3015 3307 4184
4 2816 3403 4169 4263
4 1269 1284 1282 1264
4 704 705 3351 3672
4 3591 2634 4060 4179
4 1030 1046 3397 3951
4 2885 3267 2922 3304
4 1594 3437 3251 4195
4 150 2590 3139 3586
4 3003 3164 2571 3746
4 1679 1674 1678 3612
4 373 3002 374 3484
4 1391 1400 2922 2955
4 954 3471 3330 4257
4 2794 3352 2619 3979
4 1760 3299 3620 3681
4 2709 3228 2869 3820
4 2627 2698 2972 3301
4 3272 4081 2943 4125
4 2659 4040 3387 4055
4 526 525 3671 3788
4 1378 1382 3061 4175
4 3146 3499 2934 3791
4 2728 2604 2886 3169
4 2935 2625 3165 3166
4 2583 2760 2974 3723
4 2580 3137 2524 3599
4 2350 2333 2257 3343
4 2676 3550 2907 3753
4 1591 1584 1583 3547
4 995 993 1020 3944
4 2971 3457 3311 3594
4 364 365 376 3436
4 2878 2648 3206 3803
4 2868 3167 3165 4082
4 932 915 3915 3998
4 1409 3986 3066 3991
4 2559 3494 3106 3726
4 1601 1600 1608 4210
4 2549 2657 2658 4073
4 594 558 568 3788
4 2512 3176 3740 3752
4 3022 3550 2906 4077
4 3285 3460 3087 3623
4 2585 2961 3504 4282
4 2927 3025 2806 3456
4 246 253 240 3347
4 2769 3189 3563 4273
4 2455 2464 1321 3183
4 2557 3285 2556 3791
4 3064 2824 3447 4172
4 2021 2023 2024 3128
4 2006 2007 3431 3432
4 1810 1798 1814 3673
4 1727 1722 3013 3924
4 2501 3096 3368 3961
4 2668 2890 2889 3695
4 3971 4009 2806 4069
4 2793 3458 3537 4104
4 2565 3165 3272 4081
4 59 3138 2757 3283
4 2690 2573 2796 2903
4 2778 477 3488 3888
4 2890 3435 2889 3695
4 2778 2568 3042 3488
4 2832 3251 3437 3975
4 3338 3366 2900 4073
4 2525 2522 3408 3993
4 2565 3342 3563 3781
4 1675 1676 1671 3088
4 2926 3235 2770 3328
4 2687 3566 2877 3681
4 2637 3188 2881 3597
4 2639 3849 3592 3878
4 2517 2587 3044 3971
4 1610 3437 3310 4036
4 2849 3009 2790 4187
4 721 3246 728 3842
4 620 3264 619 3728
4 2499 3107 2957 3408
4 2688 3485 3442 4042
4 3461 3479 3124 4295
4 1594 3437 4195 4210
4 1001 976 977 3011
4 2565 3564 3563 3872
4 1446 3229 2870 3271
4 2493 2509 3138 3282
4 2635 3813 3167 4188
4 2975 630 3847 4280
4 3391 4018 3023 4251
4 469 2778 463 3888
4 1500 3419 1479 3855
4 2458 3195 2452 3229
4 1676 1671 3088 3621
4 2524 2666 3428 4147
4 1592 1584 1591 3547
4 2532 2840 3450 4235
4 2644 2833 2557 3493
4 134 3139 151 3496
4 2843 3478 3104 3786
4 2513 3562 3227 3570
4 1320 1314 607 3670
4 2769 3031 3354 3564
4 2515 3140 3106 3746
4 2854 2922 3761 3828
4 2663 3200 2832 3423
4 2413 2403 3115 4022
4 2873 3820 2615 4207
4 2538 2826 3492 3768
4 2521 2967 199 3211
4 2939 3034 2920 3769
4 772 3125 793 3669
4 3270 2547 4031 4132
4 58 3070 3593 4050
4 2584 2718 2875 3270
4 3327 3676 2713 3733
4 3022 2906 3666 4077
4 2545 2884 2682 3470
4 2632 3743 2510 3968
4 2585 3544 2704 3647
4 2936 3561 3085 3900
4 697 2886 704 3221
4 1135 1134 1126 3540
4 2840 3450 3209 4151
4 3149 3422 2638 3855
4 1124 1123 1102 3425
4 3023 3572 2975 3890
4 1572 1612 1611 3677
4 2229 2247 2248 3248
4 2795 2796 2702 3835
4 646 3017 3016 4242
4 510 3009 506 3545
4 365 353 3352 3663
4 2809 2779 3094 3439
4 2901 3104 2969 4126
4 1611 1570 1572 3677
4 1133 1132 1124 3540
4 2730 3833 2578 3880
4 2539 2639 3218 3380
4 1498 1508 1499 3565
4 3084 3793 3624 3975
4 2780 3460 3015 4184
4 1691 1643 1645 3677
4 1592 3465 1584 3547
4 2608 2888 2835 4095
4 2683 3201 3052 3680
4 1559 1557 3662 4130
4 2717 2718 2558 2968
4 717 2982 716 3930
4 2503 3318 3070 3512
4 1789 1792 3438 3681
4 1645 1692 1691 3677
4 2562 2662 2530 2800
4 2530 2567 2643 3120
4 3403 3489 2632 4169
4 2664 2785 3286 4203
4 2538 2616 3454 3492
4 2640 3305 3196 3347
4 3096 3211 2967 3964
4 552 543 3203 4061
4 2665 2548 3712 3948
4 2541 2608 2835 4095
4 1023 1024 1032 3951
4 1465 1439 1472 3258
4 2505 3288 3096 3886
4 3197 3308 2549 3337
4 1557 1559 1560 4130
4 2718 3918 2857 4248
4 2648 4020 3147 4021
4 3016 2637 3597 4145
4 2533 2606 2508 3373
4 2527 3701 3467 4304
4 2713 3327 3294 3676
4 1739 1738 3213 3634
4 2593 2809 3354 3440
4 2715 3591 2614 4196
4 2803 3351 3808 3960
4 3377 3378 2589 3910
4 2638 3855 3353 4127
4 1517 1523 1524 3381
4 1101 1102 1123 3425
4 3235 615 3728 4138
4 2167 2165 2164 3361
4 3194 3207 2735 3651
4 3028 3496 2524 3641
4 1830 3829 3666 4205
4 860 859 873 3506
4 2728 2886 2604 4288
4 2971 3594 3311 4125
4 3344 3670 587 3919
4 2520 2914 3487 3912
4 2572 3667 3922 4100
4 1692 3652 3200 3677
4 2705 2789 2693 3743
4 2613 3015 3320 3481
4 802 794 803 3714
4 2650 3199 2687 4077
4 2824 3468 3402 4172
4 2163 2161 2160 3361
4 2137 2164 2162 3637
4 2693 2564 2798 3091
4 2506 3139 3525 4141
4 377 3760 3352 3774
4 2098 3413 2115 3605
4 369 357 3147 3774
4 2527 3467 2569 3708
4 2562 2685 2829 3276
4 471 3064 465 4245
4 2524 2612 3702 4190
4 2613 3581 3391 4018
4 2820 3872 3564 3873
4 2773 3150 3515 3690
4 2843 2893 2655 3557
4 2616 3092 2923 3497
4 2610 3231 3151 3358
4 2530 2643 2800 3120
4 2663 2746 3013 3030
4 2581 3362 3893 3897
4 1404 3066 3958 3991
4 2525 2598 2579 2720
4 2866 3092 2711 3358
4 165 117 3385 4109
4 2520 3528 3068 3721
4 3058 3476 3027 3822
4 2577 3443 3210 3470
4 2597 3308 3102 4086
4 2549 2597 2657 3337
4 2936 3131 3085 3667
4 3251 3914 3457 3975
4 499 500 498 3722
4 3090 3803 2878 4302
4 885 2873 884 3112
4 104 113 2495 3453
4 2718 2764 2558 2968
4 2555 2682 2777 3210
4 2146 2151 2152 4240
4 2826 3654 3491 3796
4 2737 3708 2871 3938
4 2818 2837 2650 3045
4 264 274 3120 3858
4 2050 2839 2070 3128
4 1548 1629 1532 3877
4 403 413 412 3969
4 2644 3487 3648 4254
4 2584 2718 2931 3291
4 340 319 317 3532
4 1653 3418 1655 3874
4 1512 3565 3382 4153
4 2782 2924 4142 4143
4 272 256 270 4276
4 1360 3132 1349 3965
4 2690 2855 2664 3073
4 420 419 417 3672
4 2615 3185 2578 3820
4 2667 2961 3194 3695
4 2527 2871 3467 3708
4 754 755 763 3093
4 202 3543 203 3595
4 3103 3426 1790 4144
4 811 1618 1619 3148
4 754 763 762 3093
4 1147 1131 1132 3046
4 552 3203 3459 4061
4 2747 2828 2552 2911
4 2193 2220 2057 3748
4 1222 1212 1213 3766
4 3188 3247 2566 4019
4 165 4109 3976 4183
4 932 3915 933 4285
4 913 3049 3632 3767
4 1124 1132 3425 3540
4 3496 3538 3028 3860
4 3354 3689 3031 4265
4 2037 2011 2036 3430
4 876 877 875 3239
4 2525 2579 3107 3642
4 285 299 287 3135
4 1592 3547 1591 4210
4 576 3216 575 4061
4 2824 2616 2923 3497
4 775 776 3396 3755
4 2901 3774 3760 4126
4 726 730 736 3602
4 2631 2496 3257 3393
4 2571 2671 3134 4074
4 821 3397 1628 3884
4 1619 812 811 3148
4 2160 2136 2162 3186
4 1448 1449 1445 2870
4 2820 3822 3476 3899
4 2793 3537 3223 4104
4 2044 2018 3128 3236
4 3653 3838 3339 4226
4 1328 1321 2464 3183
4 3155 3614 2843 3786
4 2233 2232 2258 4152
4 2557 4102 3285 4148
4 2687 3438 3566 3681
4 3378 3720 3332 4211
4 2881 3235 2975 4133
4 3096 3288 2531 3886
4 2169 2167 2166 3638
4 2782 2904 3035 3894
4 3068 2520 3721 4067
4 2667 2975 3264 3728
4 2875 2600 3883 4267
4 2933 4010 3044 4073
4 3180 3593 115 3846
4 2762 2821 2666 2863
4 299 300 287 3779
4 1595 1594 3251 4195
4 2434 3730 1297 4121
4 2724 3260 4104 4294
4 1303 1304 2927 3025
4 2493 2517 3274 3903
4 3167 2547 3533 4188
4 2021 2024 2022 3128
4 2945 4192 1725 4215
4 2820 3150 3515 3899
4 3459 3639 576 4061
4 2556 2618 3717 4102
4 535 562 564 4283
4 2815 2928 2617 4176
4 1700 1666 2930 3709
4 3020 3762 3064 3888
4 559 557 560 3268
4 1449 3565 2870 3974
4 760 759 735 3755
4 2624 2898 3125 3956
4 521 540 520 3263
4 2604 2803 2886 3351
4 1329 1330 3468 4172
4 2595 2719 2797 3768
4 2613 3320 3086 3581
4 2038 2039 2013 3430
4 2536 2800 2643 3121
4 2573 2796 2795 3835
4 2719 3491 2973 4178
4 977 1002 1001 3011
4 3487 3665 2780 3966
4 1798 1802 1814 3103
4 2536 3403 3752 4263
4 2248 2230 2229 3248
4 3476 3822 3058 3892
4 3165 3873 3190 4081
4 874 876 4160 4185
4 2549 3366 2497 4073
4 2499 3107 2522 3512
4 2871 3735 176 4247
4 2557 3285 3460 4148
4 615 617 3235 3728
4 2536 2643 2602 3121
4 2733 3916 3115 4060
4 2538 2826 3307 3913
4 2665 3741 3285 3791
4 1630 1631 1614 3877
4 2555 2514 3210 3538
4 1322 3183 1321 3670
4 3008 3973 3084 4218
4 2585 3504 2668 3647
4 2511 2503 3177 3370
4 2682 2683 2932 3201
4 2546 3130 2716 3250
4 2780 3206 3015 3460
4 522 511 3447 3700
4 2518 3591 2614 4060
4 2881 2926 3693 4178
4 2141 2171 2172 4307
4 606 1322 1321 3670
4 1446 1445 1449 2870
4 2620 3057 2685 3276
4 2015 2016 2008 3449
4 2702 2623 2796 2845
4 2665 2842 2969 3623
4 2810 3021 2734 3113
4 2055 2034 2057 4278
4 3185 3702 2612 4173
4 2511 2554 3250 3739
4 2694 3215 2898 4145
4 236 2859 4156 4276
4 3230 3231 2610 3333
4 377 365 3352 3436
4 2639 3218 3380 3849
4 2666 2709 2588 3428
4 1330 3092 1334 3402
4 240 3305 3347 3608
4 2836 3134 3577 4200
4 2306 2266 2268 4078
4 200 2957 2525 3887
4 820 3397 821 3884
4 938 3502 4229 4257
4 726 730 3602 3785
4 2690 3073 2664 4056
4 2531 3288 3830 3916
4 1671 3869 3621 4024
4 2937 3312 2943 3569
4 2364 2114 2113 3413
4 2637 3016 2881 3936
4 2619 3133 3979 4170
4 874 873 3506 4160
4 2868 2625 3035 4255
4 717 931 724 3755
4 1366 1371 3132 3965
4 2512 2685 2562 3752
4 2517 3586 3338 3903
4 2075 2094 2095 3472
4 2251 2273 2274 3427
4 2536 2530 3752 4252
4 2586 2848 2531 3470
4 3358 3592 2712 4199
4 2574 2596 3334 3943
4 2499 3107 3145 3524
4 1010 1026 1025 3640
4 2111 3661 2095 4006
4 2814 3344 2973 3919
4 2095 2076 2075 3472
4 2936 2773 3560 3561
4 3485 4218 3682 4239
4 1010 1025 1009 3640
4 891 872 3506 4185
4 522 3447 511 4275
4 2752 3391 2735 3979
4 2848 2921 2586 3300
4 2653 3069 2880 3516
4 67 3180 115 3846
4 1750 2879 1749 3573
4 2268 2307 2306 4078
4 1471 1438 1357 3923
4 1671 3088 3621 3869
4 2730 2578 3254 4274
4 584 575 576 3639
4 353 3352 3663 3839
4 811 3148 812 3509
4 1867 1853 1854 3518
4 3342 3563 2896 3872
4 240 253 252 3608
4 1476 3422 3149 3855
4 3206 2780 3665 3966
4 2564 3252 4046 4134
4 2509 3285 2941 3552
4 2699 3440 3563 4273
4 1064 1058 1060 3034
4 2750 3016 3567 3597
4 2607 3822 3304 3892
4 2500 2782 3167 3558
4 816 800 801 3463
4 1008 1024 1023 3640
4 3307 3693 2826 3768
4 2272 2273 2250 3346
4 2179 2180 2152 3346
4 1727 3013 1722 3030
4 3742 3825 2606 4095
4 2623 2573 2796 3533
4 799 814 798 3463
4 2905 3909 3531 4194
4 2676 3103 3108 3673
4 2046 2067 2043 3236
4 179 3001 107 3531
4 1678 1674 1673 3621
4 3264 3728 2975 4280
4 2853 3311 2943 3312
4 793 3125 801 3669
4 844 849 848 3696
4 2449 2450 2446 4131
4 962 945 944 3767
4 3211 3368 3096 3961
4 1951 1952 3684 3805
4 1503 3271 1485 3565
4 2644 3615 2732 3723
4 2762 2666 3154 3397
4 1446 1449 1485 2870
4 3012 3618 2797 4178
4 2660 3761 2854 4204
4 3364 3385 2495 4109
4 1629 1613 1532 3877
4 2709 2738 2588 3995
4 2701 3587 2959 3775
4 91 3323 3526 3976
4 2499 3408 3562 4087
4 993 1019 1020 3944
4 2665 2969 2838 3623
4 2554 2673 3403 4038
4 2914 3197 2748 3308
4 2554 4228 2728 4288
4 3092 3231 3151 4244
4 62 3193 2757 3562
4 674 3519 673 3618
4 2573 3031 3190 3823
4 154 57 3174 3336
4 1703 3202 1674 3612
4 1951 3685 1950 4272
4 2666 2740 2784 3428
4 1983 1967 4256 4258
4 876 878 877 3239
4 2750 3581 3759 4145
4 607 1314 586 3459
4 2501 3096 2967 3210
4 2809 2779 3439 4106
4 1787 1800 1801 3679
4 1606 3439 4068 4130
4 1746 2918 1745 4182
4 1623 1622 816 3463
4 816 1622 815 3463
4 3286 3387 2917 3984
4 2716 2875 2721 3153
4 810 3148 811 4105
4 299 3779 3135 3787
4 2606 3825 3373 4095
4 2596 3041 2846 3896
4 2495 3373 3851 4223
4 2575 2518 3591 4196
4 638 3016 646 3847
4 3076 3799 2505 4217
4 2583 3648 2732 3723
4 2832 3437 3251 4136
4 1519 3381 2885 4092
4 3093 3871 755 4301
4 2743 3701 2961 4170
4 2960 3281 3133 3665
4 2695 2926 3491 4072
4 2959 3184 2701 3588
4 2070 2839 2089 3128
4 1365 2925 1359 3132
4 402 3478 399 4126
4 2514 2494 3641 3642
4 2943 3594 4002 4125
4 2028 2027 2839 4015
4 1718 1711 1713 3202
4 2702 3687 2955 3857
4 872 874 3506 4185
4 444 433 434 3394
4 2935 3166 3165 3873
4 2718 2717 2931 2968
4 2726 2785 3316 3387
4 2864 2538 3249 3913
4 3107 2633 3512 3870
4 2551 3197 2914 3649
4 70 2957 3227 4161
4 2545 3288 2614 4060
4 3080 3516 3069 4104
4 1331 3402 1326 3990
4 2522 2560 3578 3909
4 2389 2385 2378 3521
4 144 3720 2951 4211
4 355 367 368 3996
4 2514 2951 3420 3538
4 2518 2575 3591 4179
4 2564 3252 3881 4046
4 2532 2652 2710 2910
4 1994 1992 3952 4015
4 1792 3566 3438 3681
4 1602 3437 1594 4210
4 2526 2623 2582 4198
4 2753 2729 2963 3363
4 1930 3069 1839 3853
4 1023 1007 1008 3640
4 3028 4147 2666 4190
4 2701 2809 3587 3775
4 3128 3278 2087 3536
4 70 190 178 2957
4 2933 3044 2587 3534
4 2697 2813 3075 3253
4 717 723 716 2982
4 3126 3359 2852 3479
4 2659 3387 3311 3594
4 2896 2593 3440 3660
4 2820 3031 3564 3689
4 2082 3144 2066 4243
4 2528 2976 2502 3212
4 2771 3178 2578 3254
4 2882 3820 3111 4129
4 2862 3652 3200 3792
4 130 3039 150 3586
4 2545 2908 2634 3591
4 2862 2966 2832 3677
4 288 287 300 3779
4 1047 1046 3951 3952
4 3572 3890 3023 4251
4 1127 1135 1126 3540
4 2737 3158 2658 3938
4 2071 2090 2839 3152
4 2648 2878 3206 3966
4 3022 2907 3550 3920
4 140 66 3138 3710
4 3016 2750 3567 4242
4 346 347 3147 3513
4 2626 2920 2865 3049
4 2585 2695 3053 4187
4 1009 1008 1000 3640
4 3132 3160 1349 3293
4 2028 2839 2026 4015
4 2465 2470 3876 3907
4 3307 3386 2780 3913
4 138 3332 90 3720
4 2653 3261 3069 4104
4 3354 4127 3689 4265
4 2607 3304 3058 3892
4 2669 2824 3064 3468
4 728 3568 3246 3658
4 2770 3435 3235 4133
4 2692 2821 2751 3204
4 710 717 3930 3998
4 2695 3009 3263 3959
4 2765 3266 2940 4295
4 1133 1124 1125 3540
4 3173 2511 3369 3370
4 696 3055 814 3585
4 2002 2010 2003 4080
4 806 807 3611 3626
4 2881 3693 2637 4178
4 2983 3817 3814 4111
4 81 93 3453 3851
4 2612 2514 2777 3538
4 734 735 759 2982
4 3104 2842 3445 4246
4 2662 2767 2591 3810
4 2503 3252 3173 3881
4 2479 1452 1450 3974
4 3016 3017 646 3575
4 2697 2832 2966 3624
4 3031 3689 2820 3822
4 1486 3565 1449 3974
4 3167 3533 2868 4016
4 2540 3870 3145 3985
4 2746 2902 2841 3536
4 2499 3340 3107 3524
4 2784 3125 2740 3714
4 795 803 794 3714
4 267 260 265 2934
4 2799 3261 3069 3331
4 133 3139 2493 3586
4 2761 3548 3380 3792
4 1371 1372 3676 3965
4 2597 2765 3980 4295
4 413 3678 412 3969
4 1090 1169 3279 3942
4 1693 1694 1683 3410
4 2604 3062 2895 3553
4 3001 3224 2976 3578
4 2549 2759 3102 3945
4 2514 3642 2720 3704
4 2141 2172 2142 3406
4 2569 3102 2759 3467
4 2960 3133 3421 3665
4 2906 3103 3077 3549
4 1106 1128 1127 4116
4 613 3235 627 3328
4 501 3009 2849 3747
4 64 3174 3180 3846
4 2234 1235 3349 4062
4 3099 3362 2523 3908
4 3088 3541 1676 3621
4 2809 3354 3353 4127
4 2757 3227 3570 4053
4 2840 3377 2515 3494
4 948 724 931 3755
4 2893 3557 2843 3819
4 2815 2652 2909 3398
4 2565 3189 3190 4081
4 547 3263 3782 4250
4 2741 3121 2602 3322
4 885 886 904 2938
4 2577 2756 2646 2921
4 2582 2845 3927 4198
4 1197 1158 1156 3298
4 2795 3267 3304 3835
4 2644 3648 3487 3723
4 2929 2956 2615 3511
4 1193 1154 1082 3298
4 1631 1615 1614 3877
4 2664 2785 3312 3387
4 374 3168 386 3484
4 579 556 580 3919
4 1127 1105 1106 4116
4 2620 2800 2678 3276
4 1393 1406 1394 3065
4 1814 3103 1802 4144
4 3250 3369 2600 3883
4 3587 4115 1454 4130
4 3075 3849 2697 3992
4 406 856 416 3171
4 1314 3459 607 3670
4 1063 1058 1064 3617
4 3023 3581 2750 3597
4 935 936 3011 3330
4 2721 2827 2716 3153
4 1193 1119 1120 3863
4 2851 2934 3499 3791
4 2692 2981 2771 4274
4 2586 3300 2921 4103
4 1640 3316 1639 4024
4 588 673 3012 3344
4 688 806 3611 3626
4 1283 2988 2322 3935
4 2585 3504 2889 4072
4 1736 1754 1753 3030
4 586 587 607 3919
4 3423 3758 2659 3798
4 1791 1790 1798 3103
4 2504 2512 3176 3180
4 3177 115 3593 3846
4 2090 2106 2839 3205
4 2604 3553 2895 3808
4 977 976 968 3011
4 3270 3369 2718 3883
4 3053 3959 3545 4187
4 2671 3164 2701 3775
4 1000 1001 1009 3640
4 3539 3653 3140 4226
4 2699 3251 3457 3975
4 1801 1788 1787 3679
4 2971 2943 3311 4081
4 121 3314 2905 3909
4 1298 3468 2923 3619
4 715 3602 3351 3842
4 214 216 215 3609
4 521 3263 520 3807
4 2860 3134 3067 4074
4 1528 4279 1544 4299
4 932 2783 931 3998
4 3093 2750 3259 3898
4 2524 3496 3028 3599
4 2667 3572 3890 4133
4 2893 3246 2655 3557
4 3334 3378 3377 4290
4 2657 2765 2597 3473
4 2806 3971 2611 3994
4 2094 2110 2111 4006
4 2527 3544 2569 3862
4 2739 2734 3141 3906
4 3205 3278 2841 4157
4 2579 2720 2514 3642
4 2111 2095 2094 4006
4 3391 3581 3023 4018
4 2697 2779 3217 3624
4 365 3774 3352 3839
4 2752 3133 3391 3979
4 70 2957 56 3227
4 2570 2782 2924 3893
4 3299 3582 1761 4083
4 1438 1433 1432 3923
4 1611 1610 4036 4136
4 1577 1576 1584 3559
4 173 74 166 2900
4 3300 4157 2841 4213
4 2902 3620 3030 3798
4 1584 3073 1583 3547
4 2769 3190 3189 4281
4 2706 2812 2627 2884
4 2690 3559 3073 3962
4 1686 1679 1684 3013
4 2905 3512 2522 4011
4 2071 2839 2052 3152
4 405 3168 397 3171
4 1477 3422 3855 4137
4 2983 3814 3123 3815
4 2732 3615 2760 3723
4 2936 3561 3515 3811
4 2498 2512 3740 4304
4 2597 2765 2657 3980
4 2726 3387 3316 3869
4 967 952 968 3122
4 2330 2333 2331 3343
4 2732 3493 2644 3648
4 2522 2560 2680 3578
4 2899 4040 2853 4083
4 1610 3310 1609 4036
4 2745 2650 3442 3726
4 1923 1918 1919 3516
4 2626 2686 2540 3530
4 2824 2669 3064 3700
4 331 330 329 3815
4 1883 3854 1871 4113
4 528 3268 530 3671
4 3423 3541 3088 3621
4 2548 3551 3087 3552
4 641 642 665 4017
4 3172 3259 2655 3871
4 2332 2334 2335 2964
4 2583 3409 2960 3723
4 2764 3430 3242 3431
4 1990 1988 3952 4029
4 2724 3261 3069 4294
4 2584 2931 2930 3291
4 1857 1864 3906 4205
4 724 734 723 2982
4 2551 3392 2731 3493
4 2516 3398 3039 4162
4 2623 2845 2582 4198
4 2896 3563 3354 3564
4 2575 2802 2772 4046
4 2665 3285 2580 3712
4 2082 3605 3144 4243
4 2901 3352 2752 3979
4 1087 3495 1088 3627
4 279 274 280 3120
4 2525 2957 200 3642
4 1600 1599 1607 3439
4 2768 2610 3231 3333
4 2869 3228 2691 3820
4 2660 2792 3475 3988
4 721 3658 3246 3842
4 575 3216 576 3639
4 1097 1096 1088 3627
4 183 3720 2967 3806
4 2430 1290 2431 3730
4 3195 3229 2458 3907
4 2571 2962 2744 4074
4 809 4039 810 4105
4 3023 3581 3391 4287
4 1406 2909 1394 3065
4 3016 2750 3759 4145
4 2769 3190 3031 3564
4 2500 3167 2537 3558
4 918 919 3330 4225
4 169 2561 2900 3366
4 2745 2892 2650 3045
4 68 2900 65 4076
4 1603 3251 1602 4136
4 913 3632 910 3767
4 2659 3452 3973 4227
4 1131 1130 1122 3425
4 2904 3822 3304 3823
4 84 3211 83 3368
4 2792 2660 3475 4204
4 1088 1089 1097 3627
4 3353 3439 2809 4068
4 2854 3066 2922 3828
4 2747 2913 2828 3233
4 2803 3614 2735 3760
4 2571 2744 2962 3539
4 2837 2745 3045 3490
4 2661 3196 2679 3608
4 1795 3750 3566 4008
4 3194 3023 3890 4251
4 867 3105 868 3171
4 1484 1446 1485 3271
4 3491 3492 2973 3834
4 590 1410 1412 3977
4 2904 3035 2868 4016
4 3275 3398 2622 3801
4 1207 1253 1252 4114
4 2868 3035 3166 4255
4 3107 3512 3145 3870
4 2683 2812 3052 3201
4 2837 3045 2745 3726
4 2867 3635 3976 4143
4 1832 1833 1852 3518
4 2421 2420 2423 3029
4 2799 3879 2724 4294
4 1410 590 596 3977
4 2637 2881 3188 3693
4 113 81 88 3453
4 2901 3614 3478 3760
4 2877 3566 2998 4284
4 275 3417 2934 3772
4 2495 3851 3453 4223
4 1810 1798 3673 4000
4 2676 3272 3549 3550
4 3031 4056 2769 4219
4 2716 3130 2668 3694
4 2960 3665 3487 3966
4 2875 3626 3037 3877
4 1585 1577 1584 3559
4 1573 1549 3483 4296
4 2933 3534 2658 4073
4 2646 3300 2841 4103
4 2655 3557 3246 3871
4 2961 3503 3194 3695
4 2620 3740 3403 3752
4 3077 3103 2788 3549
4 3087 3460 3285 4148
4 570 467 472 3957
4 2645 3077 2906 4077
4 347 359 3147 4253
4 2547 2868 3533 4082
4 2606 3270 2717 4132
4 2592 2845 2725 3295
4 3140 3539 3164 3746
4 2806 2927 2587 3025
4 2434 1297 1296 4121
4 576 3459 584 3639
4 1826 1849 1827 3412
4 2723 2616 2824 4096
4 2496 3393 3526 3527
4 2557 2851 2833 2934
4 2695 3959 3053 4187
4 2498 2511 4041 4304
4 2515 3377 3209 3462
4 2820 3166 3872 3873
4 2520 3197 3102 3649
4 2616 2866 2711 3335
4 1517 1523 3381 4092
4 744 3711 746 3871
4 879 896 897 3901
4 2664 2855 2785 4203
4 609 3328 2889 3982
4 2881 3188 3572 3597
4 1352 3293 2429 3589
4 632 753 3567 4280
4 353 3663 3787 3839
4 2756 2953 2646 4128
4 2585 3862 3701 4282
4 1512 3271 3565 4153
4 2156 2157 2154 3713
4 715 3351 2893 3842
4 2119 2118 2104 3536
4 2527 3647 2585 3701
4 1469 1476 1477 3422
4 377 376 3436 3760
4 2872 3808 3351 3960
4 2611 3209 3284 3450
4 2819 3110 2665 3168
4 143 2590 150 3039
4 2780 2960 3487 3655
4 2799 3400 4271 4272
4 2532 2571 2652 2729
4 180 131 191 3720
4 1609 3310 1566 4036
4 3223 3260 2653 4104
4 2813 3017 3262 3797
4 2749 2663 3423 3882
4 2638 3032 3419 4127
4 532 531 572 3255
4 275 260 2934 3417
4 822 363 351 3738
4 2700 2990 2798 3100
4 2594 3136 2932 3372
4 2922 3066 2885 3828
4 1985 3407 2140 4258
4 2735 3651 2803 3760
4 2669 3468 3064 4091
4 2525 2957 3107 3408
4 3265 3592 2639 3821
4 988 986 987 4045
4 29 84 186 3211
4 2731 2912 2732 3493
4 659 3264 657 4197
4 2545 2614 3288 3830
4 306 2952 305 3499
4 414 407 415 3171
4 2788 3299 3452 4055
4 2979 4142 2924 4143
4 2894 3435 2890 3695
4 2547 4014 3270 4031
4 2024 2026 3128 4015
4 2590 2506 3209 3861
4 1045 1030 1046 3397
4 1006 1022 1021 3396
4 800 3125 801 3463
4 3560 4189 2653 4220
4 1672 1671 3621 4024
4 1523 3066 1524 3381
4 2525 2720 2579 3642
4 2579 3340 3107 3642
4 2676 3549 3272 4125
4 1617 1616 3891 4039
4 423 2989 702 4246
4 2359 2344 2346 3517
4 2175 2176 2148 3074
4 2351 2350 2352 4033
4 2650 3604 3339 3838
4 2693 3091 3374 3376
4 2655 2872 3172 3785
4 2770 3247 3188 3796
4 798 3463 3215 3669
4 3304 3761 3058 3892
4 2870 3195 2459 3588
4 2148 2172 2175 3074
4 3039 3398 3275 4070
4 29 83 84 3211
4 2570 2924 2979 3047
4 2877 3682 3485 4042
4 2832 2966 3437 4136
4 2952 2665 3460 3791
4 3309 3447 2723 4275
4 2749 3030 3013 3466
4 2081 2100 3144 3605
4 2779 3440 2809 3660
4 717 3755 2982 3998
4 3169 3221 711 3351
4 2140 3407 2124 4258
4 2615 2819 2588 3111
4 2952 3460 2851 3791
4 1632 1615 1631 3891
4 2549 3308 2597 3337
4 419 410 417 3672
4 2501 2967 3096 3961
4 2081 3144 2082 3605
4 941 940 958 4045
4 3293 3762 1291 4091
4 3286 3869 3088 3984
4 186 3211 84 3212
4 2668 2827 2716 3694
4 1158 1197 1199 3715
4 64 3180 3174 3222
4 2940 3507 3043 3544
4 3067 4057 2744 4074
4 1651 1653 1695 3418
4 707 3658 706 3819
4 2650 3199 3022 3666
4 838 839 847 3326
4 962 2990 992 3944
4 2920 2939 2693 3034
4 2607 3058 3761 3828
4 2537 2810 2734 3113
4 2089 3128 2839 3278
4 2221 2066 3144 4243
4 2509 2556 3717 4102
4 2515 3494 2559 3653
4 608 588 3012 3670
4 1224 3777 1225 3863
4 1004 1091 3471 4257
4 2131 3777 2224 3863
4 2926 3796 3491 4072
4 2494 3496 3138 3710
4 846 842 853 3182
4 2262 2210 2169 3348
4 2738 2842 2665 3948
4 2262 2304 2210 3348
4 940 957 958 4045
4 2637 3551 3086 3936
4 1986 1656 3601 4029
4 2667 3207 2895 3890
4 2494 3496 2951 3641
4 3332 3378 2501 3720
4 2757 3227 3562 3570
4 2623 3295 3360 3694
4 2580 3137 2556 4154
4 2498 3177 3176 3180
4 3428 3599 2548 3712
4 2306 2305 2266 3348
4 2536 3176 2510 3318
4 2264 2266 2305 3348
4 2524 3028 3538 4190
4 2390 2377 2379 3521
4 553 3459 3203 4250
4 1671 1663 3869 4024
4 2657 3006 2983 3473
4 771 770 762 3668
4 3277 3936 2797 4178
4 2726 3088 3387 3869
4 2536 3145 2510 3489
4 2718 2968 2931 3242
4 2615 2819 2580 3185
4 1013 981 3390 4286
4 325 3110 350 4043
4 3332 3720 152 4211
4 2538 3359 2616 3492
4 3027 3475 3058 3828
4 2505 3096 3288 3368
4 394 395 3445 3484
4 2493 3138 2509 3139
4 3090 3772 2878 4306
4 2046 2044 3128 3236
4 70 190 2957 4161
4 642 666 665 3618
4 2151 2146 2145 4240
4 121 2976 3314 3909
4 2902 3098 2841 3536
4 2465 2435 2438 3907
4 1514 2955 1522 4092
4 3016 3759 3215 4145
4 2723 3447 3309 4096
4 2721 2785 3312 4031
4 2532 2963 2840 4235
4 2631 3526 2994 4142
4 613 3328 611 3435
4 2559 2515 3106 3494
4 487 2847 488 3488
4 1679 1703 1674 3612
4 1678 3612 3621 3882
4 2987 3466 2899 3758
4 1836 1838 1839 3400
4 3488 4034 2847 4191
4 1571 3585 1642 3677
4 942 960 943 4045
4 1994 1997 1995 3280
4 2079 2954 2098 3605
4 1397 1405 1409 3066
4 2525 3107 2957 3642
4 713 714 2893 3658
4 2878 3135 2915 4306
4 704 3351 2886 3672
4 2647 3224 2576 4118
4 201 202 3810 4264
4 2648 3133 3665 4303
4 1606 3094 3439 4130
4 711 3169 720 3221
4 1461 1469 1463 3422
4 1707 1688 3236 3874
4 2506 2639 3265 3878
4 967 951 952 3122
4 1578 4117 1577 4203
4 2513 3137 2580 4154
4 3004 3154 2761 3418
4 2501 3332 2991 3378
4 2940 3544 3010 4187
4 2525 3642 200 3806
4 2826 3247 3188 4019
4 2426 1819 2422 3934
4 254 2974 255 3417
4 69 116 105 3070
4 2700 2798 2772 3100
4 2881 3277 2926 4178
4 2975 3728 619 4280
4 2644 3723 3487 3966
4 487 1346 2847 3329
4 2725 2845 2623 3295
4 2697 3548 3380 3849
4 2793 3141 3080 3630
4 2161 3416 2206 3795
4 994 962 992 3944
4 584 583 575 3639
4 104 81 113 3453
4 2602 2643 2786 3321
4 3086 2637 3320 4184
4 780 1037 1013 4167
4 3048 3493 2834 3840
4 402 3969 3478 4126
4 1519 3381 1518 3382
4 1037 780 813 4167
4 717 724 723 2982
4 2584 2945 2931 3999
4 2862 3652 1645 3677
4 2659 3758 3387 4040
4 330 3123 327 3814
4 2973 3344 2719 4178
4 1648 3220 1650 3418
4 1170 1171 3931 3942
4 2754 2669 2999 4005
4 2609 2692 2666 2821
4 777 3509 739 4105
4 2836 4199 2710 4200
4 1030 3397 3324 3951
4 3247 3503 4030 4282
4 1606 4068 1605 4130
4 2607 3761 2922 3828
4 3587 4068 3094 4130
4 2719 2814 3454 4193
4 2573 2623 2796 3835
4 425 3399 3507 3815
4 1021 1005 1006 3396
4 185 112 2997 3531
4 3209 3284 3003 3878
4 2881 3572 2975 3597
4 2623 2702 2582 2845
4 2667 3503 3194 4251
4 2763 2575 3407 4179
4 2607 3058 3027 3822
4 3308 3655 2864 3912
4 2654 3704 2521 4139
4 255 3417 2974 3783
4 2525 2720 3642 3704
4 248 2859 3276 3625
4 960 942 959 4045
4 2606 3373 2533 4095
4 2698 3115 2996 3916
4 2385 2389 1774 3941
4 2849 3009 501 3722
4 2726 2945 2930 4075
4 2528 3212 2502 3368
4 294 3379 306 4025
4 2556 2618 2557 2833
4 1623 1646 1644 3585
4 1918 1923 1930 3069
4 2688 3784 2603 4103
4 2493 3139 3274 3525
4 1642 1571 1621 3585
4 2604 2895 3062 4267
4 2501 2534 3886 4171
4 2826 3247 3654 3796
4 177 83 29 3211
4 3096 2528 3288 3368
4 2514 2967 2555 3420
4 2637 3307 3087 3768
4 2996 3115 2733 3916
4 2819 2615 3510 3738
4 3133 3421 3194 4170
4 576 3639 3216 4061
4 1109 1110 1071 3555
4 2809 3353 3855 4127
4 2549 4073 2497 4177
4 1957 1943 1944 4237
4 1636 1661 2002 3529
4 661 659 660 3859
4 587 3670 607 3919
4 2869 3640 3324 3951
4 2764 3242 2857 3431
4 931 2783 932 4285
4 2818 3838 2650 4189
4 2936 3260 3223 3537
4 3077 3199 2906 4077
4 976 3011 1001 3122
4 29 186 177 3211
4 931 932 948 4285
4 3567 3668 761 4242
4 2157 2155 3713 3795
4 1442 1445 1446 3229
4 1732 1733 3573 4215
4 2498 3846 3180 3864
4 3224 3578 3001 3579
4 2693 2705 2564 3091
4 2118 2103 2104 3536
4 365 364 353 3663
4 2603 3765 2762 4212
4 3104 3383 3208 3678
4 3001 3579 3578 3887
4 156 3044 3039 3950
4 3848 3879 2799 4294
4 822 826 363 3738
4 3084 3563 3342 3781
4 2003 2011 2004 3430
4 1559 3094 1560 4130
4 2573 4056 3031 4219
4 3457 3975 3914 4227
4 1405 1400 1404 3958
4 2570 2782 3893 4016
4 2652 2571 2710 3134
4 2748 2914 3912 4102
4 1765 3299 1768 3426
4 2726 3088 3621 3758
4 2901 3352 2735 3760
4 2838 4021 3481 4119
4 2694 2740 2813 3821
4 1682 1692 1693 3200
4 133 3586 2493 3949
4 1279 1280 1262 2988
4 1982 1981 2006 3431
4 2557 2644 3493 4254
4 3220 3463 817 3714
4 2969 3104 2901 4119
4 3177 3180 2498 3846
4 1496 1497 1474 3149
4 3437 4210 3033 4273
4 1569 1571 1572 4036
4 1981 2005 2006 3431
4 2624 3956 2784 3995
4 2556 2618 2703 3192
4 2289 2297 2290 3201
4 2716 3841 3411 4012
4 3016 3575 3277 3936
4 1929 1932 3219 4163
4 2575 2801 2772 2802
4 1138 1107 1137 3555
4 1394 3079 2909 3940
4 452 3433 3020 3997
4 1492 1482 1491 3587
4 2648 3665 3481 4303
4 2505 2541 2531 4217
4 2006 2005 2013 3430
4 3150 3653 3539 4226
4 2309 2258 2310 3699
4 2772 2798 2564 2802
4 121 3001 2976 3909
4 2578 3530 2615 4207
4 2368 2363 2367 3737
4 2568 2778 2630 3488
4 1609 1610 1602 3437
4 3127 3407 2575 4179
4 2650 3045 2837 3726
4 1132 1148 1147 3046
4 2428 3029 3574 4084
4 67 3180 58 3593
4 209 201 3810 4264
4 257 256 272 4276
4 411 410 419 3506
4 2162 2136 2137 3637
4 2736 3979 3651 4170
4 1359 1350 3132 3160
4 3487 3655 2960 4067
4 3028 3514 3462 3860
4 3044 3586 3039 3950
4 407 405 3171 3445
4 669 645 646 3575
4 2109 3117 2108 3683
4 2540 2865 2626 3743
4 2626 3530 3880 4207
4 3453 3851 3373 4223
4 2394 2403 2404 3115
4 2492 3377 3179 3910
4 2523 3894 3099 3908
4 531 467 570 3957
4 931 948 3755 4285
4 2655 3614 3207 3960
4 1478 1482 3353 3855
4 624 3264 663 3611
4 806 782 664 3611
4 546 3263 547 4250
4 2983 3473 3006 3815
4 105 58 69 3070
4 246 240 235 2859
4 2659 3088 3387 3758
4 1452 1454 3974 4115
4 3106 3726 3494 4290
4 2962 2792 3475 4074
4 1927 1914 1930 3853
4 2557 2833 2644 2934
4 702 2989 703 3930
4 2430 2928 2431 3589
4 1106 1098 1185 3279
4 2607 3689 3031 3822
4 66 3227 3138 3710
4 869 887 867 3674
4 759 2982 767 3568
4 2503 2510 3176 3318
4 2593 2896 3354 3690
4 2724 3131 3458 4104
4 1319 3459 1314 3990
4 2920 2626 2939 3049
4 2054 2071 2052 3152
4 2160 2135 2136 3186
4 3285 3460 2665 3791
4 3179 3377 2840 3910
4 2740 2666 3154 3765
4 263 278 261 3600
4 2507 4183 3976 4208
4 3383 3622 3104 4261
4 2362 2367 3737 4007
4 2497 3158 2759 3366
4 3088 3286 3387 3869
4 663 661 662 3611
4 3771 4005 2617 4259
4 2533 2635 2537 4188
4 1122 1123 1131 3425
4 2706 2884 2627 3356
4 1679 3013 3612 3882
4 3108 3673 3103 4000
4 1656 1628 3601 3884
4 3247 3504 3503 4282
4 424 2989 423 4246
4 849 3313 848 3696
4 2808 3314 3850 3928
4 2765 2657 2983 3473
4 464 465 466 3700
4 2967 3211 3096 3961
4 603 1352 1349 3293
4 2537 3323 3831 4223
4 1675 3088 1670 3984
4 715 718 3351 3602
4 646 670 669 3575
4 3149 3419 1497 3855
4 1590 3353 3547 4137
4 3194 3207 2667 3890
4 3068 3528 3266 4086
4 913 928 912 3049
4 3022 3920 3550 4123
4 1333 1332 3159 3367
4 1315 1292 603 3762
4 2749 3466 3013 3924
4 2765 3124 3123 3479
4 443 439 442 3292
4 2577 2682 2884 3470
4 276 267 266 3499
4 2738 2882 2819 3313
4 611 3328 609 3982
4 2196 2195 2217 3748
4 2524 2666 2588 3428
4 2816 3403 2632 4169
4 2538 2864 3249 3359
4 3177 3370 2861 4035
4 2462 3588 2460 4088
4 441 430 2940 3461
4 3125 3474 772 3764
4 2749 2663 3030 3798
4 918 3330 3228 4225
4 1251 1246 1247 3744
4 1682 3200 1693 3882
4 2533 3813 2635 4188
4 2676 3108 2907 3673
4 3137 3185 2524 3641
4 2626 3530 3833 3880
4 2881 2926 3277 4003
4 969 977 3011 3471
4 3070 2504 3318 3593
4 2889 3435 2770 3695
4 1592 3465 3547 4210
4 3461 3911 3479 4295
4 2154 2157 2155 3713
4 637 3277 636 3847
4 1084 1083 1092 4079
4 2527 3130 3701 4304
4 2592 2845 3295 3927
4 2300 2293 2292 3734
4 2648 2915 2878 3281
4 2892 3038 3199 3556
4 2651 2848 2586 3018
4 3087 3768 2538 4209
4 2653 3516 3505 4104
4 2876 3552 3525 3656
4 3172 3553 2895 4241
4 2558 2857 2718 3918
4 395 3168 405 3445
4 2607 3027 3058 4266
4 2564 2802 2798 3091
4 2665 2952 3741 3791
4 3249 3274 2941 3552
4 1698 3874 3004 4029
4 3328 3782 3671 4072
4 2571 4057 2671 4074
4 3317 3587 2701 4130
4 2735 3614 2901 3760
4 2558 2764 2718 2857
4 739 779 741 3509
4 2607 2885 3304 3657
4 1743 3486 2792 4204
4 815 1621 814 3585
4 1621 815 1622 3585
4 2655 3785 3172 3871
4 2881 2975 3572 4133
4 1577 3559 1585 4203
4 2655 2893 2843 3960
4 1657 1698 3004 4029
4 1015 1039 1040 3384
4 2892 3199 3045 3556
4 2719 3344 3012 4178
4 375 374 3110 3168
4 2659 3452 2899 4055
4 2843 3383 3208 3557
4 3342 3781 3550 4123
4 2261 2263 2264 3348
4 2083 3117 2093 3144
4 305 323 3513 4043
4 2692 3204 2869 3444
4 2838 3460 2665 3623
4 1774 1763 2385 3098
4 3011 3122 2709 3640
4 586 607 3459 3919
4 2208 2209 2201 3955
4 402 3104 412 3478
4 887 3105 867 3674
4 1350 1349 3132 3160
4 2613 3086 3320 4184
4 1322 3012 3522 3670
4 2605 3266 2940 3544
4 2002 1978 1636 3529
4 696 680 798 3055
4 3022 3920 3223 4124
4 2585 3053 3010 4187
4 2807 3362 3099 3908
4 2021 2022 2020 4029
4 3304 3822 2904 3892
4 2719 3492 3491 3693
4 2605 2940 2849 4187
4 3263 3671 2695 3959
4 3247 3386 2566 4019
4 3165 2868 3190 3873
4 3227 3340 2957 3562
4 1315 3064 602 4245
4 2960 2780 3487 3665
4 1227 1200 1198 3715
4 1482 1481 3587 3855
4 3104 3786 2901 4119
4 625 633 3782 4017
4 1364 1369 2791 2925
4 2593 2809 3440 3660
4 2607 3304 2922 3761
4 602 492 601 3762
4 883 3915 3674 4129
4 2869 3011 2709 3640
4 2901 2969 4119 4126
4 1382 3290 3079 4174
4 2766 3507 3043 3508
4 3682 4218 3008 4239
4 1040 1016 1015 3384
4 3188 3597 3320 4018
4 2930 2584 2945 3709
4 3249 3337 2649 4004
4 2646 2839 3152 3280
4 493 3461 2940 3747
4 2974 2878 3417 4306
4 1473 1474 1466 3707
4 2580 3285 2665 3741
4 3087 2941 3285 3552
4 2736 2619 2794 3352
4 2663 3013 2749 3030
4 301 316 318 3779
4 450 451 452 3433
4 1892 1907 1906 4107
4 3080 3458 2793 4104
4 2517 3249 2748 4010
4 2169 3302 2167 3638
4 2584 2721 3312 4132
4 215 3305 3191 3609
4 1723 3236 2086 3536
4 2803 3436 3161 3760
4 287 270 285 3057
4 3087 3307 2637 4184
4 2895 3172 3711 3808
4 1852 1866 3045 3518
4 2660 2830 3761 4204
4 1871 3854 3630 4113
4 763 3474 771 3668
4 2889 3695 2770 4072
4 2659 3088 3758 3914
4 2623 2796 2690 3533
4 2098 2097 2114 3661
4 2549 3337 2657 4073
4 2600 3369 3270 3883
4 121 3909 2905 4194
4 1319 1320 1328 3990
4 2856 3115 2634 4095
4 2529 3340 2513 3524
4 3264 3859 3611 4012
4 1725 3472 1724 4192
4 723 716 2982 3568
4 1364 1356 2925 3303
4 2257 2249 2256 3343
4 337 314 338 3787
4 2718 3101 3866 4167
4 2526 4016 3167 4143
4 2710 2571 3003 4199
4 2474 1339 2475 2487
4 2644 3648 3493 4254
4 1866 1865 3045 3644
4 1442 1446 1443 3229
4 1337 2473 2472 3056
4 2773 3515 3811 3872
4 2024 2023 2026 4015
4 2701 3992 3660 4054
4 1586 4117 1578 4203
4 2976 3850 3314 3928
4 679 678 670 4085
4 1604 1680 1675 3541
4 3289 4119 2969 4126
4 103 2501 86 3332
4 3544 3654 2585 4187
4 3164 3660 3140 3746
4 2651 2733 2656 3916
4 2781 3246 3093 4301
4 2541 2574 2531 4217
4 78 3138 66 3227
4 2513 2567 3510 3524
4 2033 2203 3748 4128
4 3485 4042 3682 4218
4 1420 1421 1413 3143
4 1675 1596 1604 3541
4 1747 1744 2918 3486
4 2645 3682 4077 4218
4 2979 3501 3047 3897
4 2498 3921 4041 4183
4 2556 2509 3137 3285
4 616 618 617 3728
4 2582 3927 2722 4260
4 2809 3440 2779 4106
4 2018 2022 3128 4029
4 437 447 446 3508
4 2601 3036 2745 3490
4 1832 3556 3518 4047
4 2595 2797 2694 3551
4 271 285 270 3135
4 726 3785 3602 3842
4 60 188 2997 4087
4 2496 2840 3393 4070
4 1664 1663 1671 4024
4 2574 2596 2642 3757
4 2785 4117 3286 4203
4 2065 2081 2082 3605
4 1120 1194 1193 3863
4 117 2495 3385 4109
4 630 631 3847 4280
4 2613 3622 3104 3786
4 286 285 271 3135
4 3093 3246 3871 4301
4 3402 3468 1330 4172
4 724 735 734 2982
4 2735 2736 3651 3760
4 2808 3850 2976 3851
4 2597 3102 3473 4086
4 2809 3855 2958 4127
4 2525 2521 2647 2654
4 2543 3345 2641 3697
4 90 3332 86 3961
4 790 769 770 3669
4 3235 3435 613 4138
4 3489 4169 3403 4263
4 3086 2637 3936 4145
4 1524 1397 1520 3590
4 1438 1471 1472 3258
4 791 790 770 3669
4 336 3124 3123 3507
4 1971 3601 1046 3952
4 2512 3237 2685 3740
4 3380 3548 2697 3792
4 2378 2385 2371 3521
4 2782 3167 2868 4016
4 3022 3666 2907 4124
4 3010 3545 3009 4187
4 739 777 779 3509
4 2656 2707 2642 3232
4 2864 3249 2941 3913
4 382 381 372 4126
4 2588 3185 2615 3820
4 276 275 267 2934
4 2880 3059 2696 4189
4 2620 3739 3403 3740
4 730 3785 726 3842
4 138 90 100 3720
4 2577 2921 2646 3443
4 376 389 3760 4126
4 2788 3103 3077 3426
4 875 876 3239 4160
4 402 403 412 3969
4 2666 2821 2762 4212
4 798 680 672 4085
4 772 793 792 3669
4 1676 3088 1675 3541
4 664 688 806 3611
4 2517 3338 3044 4010
4 2138 1151 1152 4062
4 1152 2139 2138 4062
4 2711 2923 3497 4009
4 2803 2604 3411 3808
4 2645 3550 3272 3781
4 468 2778 478 4293
4 1685 1684 1695 3874
4 2609 2751 2953 3443
4 2083 2109 3117 3144
4 2583 2960 3643 3966
4 3310 3437 1609 4210
4 772 792 771 3669
4 1391 1522 1383 2955
4 546 547 3919 4250
4 2558 2764 3127 4179
4 3140 3653 3539 4235
4 1091 1084 4079 4257
4 2697 2966 2779 3624
4 2619 3281 3409 3972
4 1632 1616 1615 3891
4 2772 2801 3580 4026
4 236 4156 234 4276
4 103 2589 2991 3332
4 2656 3036 2651 3706
4 2782 2868 3035 4016
4 3457 3973 3008 4227
4 2626 2920 2693 3743
4 2830 1740 3958 3991
4 1506 1516 1519 3032
4 2571 3164 3003 4199
4 3096 3211 2528 3368
4 2719 2973 3491 3492
4 903 2873 885 4225
4 1322 3522 3183 3670
4 499 501 2849 3747
4 522 465 511 3700
4 2557 2556 3285 4102
4 2687 4077 3682 4218
4 2570 2831 2674 3047
4 2529 3185 2513 3340
4 2685 3237 2620 3740
4 579 555 556 3919
4 638 646 3016 4242
4 2496 2924 2979 4142
4 2114 2097 2113 3661
4 2592 3043 2946 3544
4 138 100 149 3720
4 3259 3711 2975 4280
4 2184 2183 2189 3356
4 1798 3103 1814 3673
4 657 3264 618 4197
4 1591 3547 3033 4210
4 2550 3771 2617 4259
4 1454 3587 1455 3974
4 1825 3108 1810 3673
4 2701 2689 3183 3317
4 150 3139 2590 3861
4 2170 2017 2173 4307
4 3084 3339 2542 4218
4 644 3277 645 3575
4 2973 3492 2719 3834
4 1393 2909 1394 4174
4 1974 3763 1994 3952
4 121 3531 3909 4194
4 2891 2835 3498 4289
4 540 526 3671 3959
4 2393 2402 3115 3804
4 1643 1571 1642 3677
4 2782 3035 2904 4016
4 2702 2796 2623 3835
4 2840 3257 2496 3393
4 2687 3682 2877 4042
4 1571 3677 1572 4036
4 2732 2760 2583 3723
4 617 615 616 3728
4 1330 1335 1334 3092
4 2519 2609 3443 3538
4 3096 3368 2505 3886
4 2542 3217 3084 3793
4 667 644 668 3618
4 2451 2457 3229 3907
4 3087 3285 2941 4148
4 849 857 848 3313
4 1805 1815 1814 4144
4 2422 2423 3029 3934
4 663 3264 661 3611
4 2512 2685 3237 3554
4 2566 3386 4030 4303
4 2612 2751 2609 3538
4 2644 2934 2833 4090
4 2542 3793 3084 4218
4 1227 1198 1226 3715
4 2650 2745 3045 3726
4 3693 3768 2637 4178
4 1386 1396 1393 3705
4 3160 3293 3132 3589
4 2666 2784 2709 3428
4 1346 1344 2847 3802
4 2724 3069 3261 4104
4 2878 2915 2648 3090
4 1002 3011 977 3471
4 2534 3106 3726 3784
4 2842 3002 2969 3484
4 67 115 3180 3593
4 1853 1852 1833 3518
4 3423 3541 2832 3914
4 2646 3443 2921 4103
4 501 3010 3009 3747
4 2753 4063 2840 4235
4 372 369 370 3289
4 3013 3466 3030 3924
4 2671 2836 2701 3164
4 2552 4011 2747 4134
4 2692 2821 3204 3444
4 2010 1669 2035 3529
4 3369 3825 2558 3918
4 1707 1709 1715 3236
4 510 3009 3545 3959
4 1061 1059 1070 3375
4 3094 2701 3587 4130
4 887 889 881 3105
4 2542 3140 3217 3218
4 2966 3075 2779 3310
4 2749 3410 2663 3882
4 734 2982 759 3568
4 2465 3195 2458 3907
4 2780 3307 4148 4184
4 937 954 3330 4257
4 2197 3748 2194 3795
4 3028 3691 2666 4147
4 763 3474 3093 4301
4 129 3283 132 3949
4 2524 3137 3496 3599
4 602 603 492 3762
4 2782 3035 2868 3167
4 2603 2688 2902 3485
4 1865 3633 3045 3644
4 689 673 674 3519
4 3145 3511 2529 3530
4 3259 3567 753 4280
4 1866 1878 1865 3644
4 2513 3510 2529 3524
4 3087 3086 3623 4184
4 2184 2189 2190 3356
4 1483 1501 1372 3229
4 2542 3084 3217 3339
4 2784 3324 2709 3396
4 374 3002 362 3110
4 3383 3581 3155 3786
4 2738 2709 2882 3105
4 1639 1631 3316 3891
4 2595 2813 2689 4180
4 2936 3560 3260 3667
4 2724 4104 3261 4294
4 3311 3387 3312 4075
4 3277 3847 2881 4003
4 1477 1469 3422 4137
4 3106 3218 3462 3746
4 2505 2531 3288 3886
4 589 590 1412 3977
4 2719 2973 2814 3344
4 1451 1486 1449 3974
4 272 270 287 3057
4 843 844 836 3696
4 2861 4035 3130 4041
4 2102 2972 2109 3144
4 2896 3660 3217 4226
4 517 510 506 3545
4 2548 2665 3285 3623
4 2595 3454 2719 3768
4 343 345 344 4140
4 2086 2103 1730 3536
4 678 3017 670 4085
4 2613 2969 2838 4119
4 1522 1514 1383 2955
4 1587 4117 1586 4195
4 3086 3759 3581 4145
4 2926 3782 3328 4072
4 977 968 969 3011
4 2625 3537 2935 3753
4 2501 3210 3378 4171
4 1839 1940 1930 2992
4 2538 3335 3249 3552
4 2877 3681 3566 4284
4 428 3507 3399 3508
4 3423 3621 3088 3758
4 1664 1671 1672 4024
4 3267 3304 2885 3657
4 2543 3099 2496 4277
4 816 801 817 3463
4 385 3969 392 4126
4 799 815 814 3463
4 2517 2587 3971 4009
4 3342 3550 2935 4123
4 584 576 585 3459
4 2865 2920 2626 3743
4 2655 2843 3614 3960
4 79 2504 3193 4050
4 2712 2701 3184 4054
4 1714 1708 1707 3013
4 1549 1550 1542 3245
4 332 3399 425 3815
4 3344 2814 3670 3919
4 2574 2601 2707 3706
4 2852 3479 3461 3911
4 201 202 203 3810
4 383 3484 385 3703
4 2735 3352 2901 3979
4 2641 3879 2572 4100
4 2638 4137 3422 4219
4 2713 2909 2815 3294
4 104 114 93 3851
4 2838 3147 3703 4253
4 3541 3677 2832 4136
4 1761 1760 1765 3299
4 1756 1766 2879 3582
4 3005 2762 3601 3952
4 2838 3289 2969 3703
4 2081 2083 2082 3144
4 968 3011 976 3122
4 2602 2786 2643 3510
4 3478 3614 3371 3760
4 1236 1237 2235 3349
4 1237 2236 2235 3349
4 643 644 667 3618
4 2502 3288 2528 3368
4 2914 3308 2748 3912
4 2595 2797 2719 4193
4 2765 3507 2766 3815
4 141 3040 137 4232
4 1516 3032 1506 3707
4 2683 2932 3201 3680
4 2702 2791 3687 3857
4 2509 3139 3496 4141
4 2017 2170 2009 4307
4 2991 3332 2589 3378
4 2026 2023 2025 4015
4 3587 3974 1454 4115
4 2821 2863 2762 3444
4 1046 1970 1045 3601
4 1971 1970 1046 3601
4 184 2521 3704 3806
4 81 104 93 3851
4 2822 3382 3032 3419
4 707 708 706 3658
4 2744 3027 2962 3539
4 2650 2687 2892 3442
4 1684 3410 3013 3882
4 2300 2301 2293 3734
4 2770 3247 3796 4072
4 2564 3252 2510 3881
4 267 275 260 2934
4 3027 3828 3058 4266
4 2093 2085 2084 3395
4 905 891 3221 4185
4 715 2893 714 3842
4 2684 3971 2611 4162
4 2895 3553 3172 3808
4 1865 1852 1866 4047
4 2008 2007 2015 3449
4 78 2757 59 3138
4 713 721 714 3658
4 2593 3539 3164 3660
4 2927 2806 3455 3456
4 2248 2256 2249 3343
4 3505 3516 3080 4104
4 2580 2817 3510 3741
4 3369 3881 3173 3918
4 2832 2862 2697 2966
4 1225 3715 1196 3863
4 1150 1134 1135 4062
4 2840 2532 3450 4070
4 2627 2706 2908 3591
4 625 3782 3328 4003
4 2689 3075 2813 3262
4 2953 3280 2646 4128
4 2818 2650 3022 3666
4 2995 2848 3018 3934
4 2595 3551 3821 4209
4 1509 3419 3382 3565
4 754 744 746 3871
4 2740 3821 2694 3827
4 2821 3444 2762 3952
4 1787 1788 3576 3679
4 2504 2562 2512 3222
4 414 404 407 3445
4 2861 3360 3295 3694
4 1596 3251 1604 3541
4 3551 3768 2797 3936
4 3070 3318 2499 3512
4 2361 2362 3661 4007
4 625 3782 4003 4017
4 2332 2331 3343 3365
4 2871 3708 2535 3938
4 2803 2886 3351 3672
4 2907 3753 3550 3920
4 346 3513 3147 4020
4 202 207 3543 4264
4 1558 1557 1560 4130
4 3144 2627 3395 3832
4 2659 3798 3452 4227
4 1652 1654 1655 3884
4 1584 3465 3073 3547
4 2264 2262 2261 3348
4 2639 3592 3265 3878
4 2967 2501 3420 3720
4 2748 2864 3308 4004
4 2707 2891 2642 3232
4 3164 2571 3746 4235
4 1569 1572 1570 4036
4 2738 2842 2624 2989
4 399 392 402 4126
4 2580 2817 2819 3510
4 2527 3701 2585 3862
4 807 3062 784 3611
4 167 141 3039 3040
4 790 3215 798 4085
4 3013 3030 1727 3924
4 1675 1596 3541 3984
4 2533 3453 3076 3799
4 141 137 3179 4232
4 2573 3190 2868 3823
4 697 3506 421 3672
4 927 930 3049 3051
4 727 742 3390 3509
4 2218 2217 2195 3748
4 753 3259 744 3871
4 2784 2863 2709 3324
4 2781 3093 3246 3557
4 260 259 251 3225
4 2594 2683 2932 3964
4 2558 3918 3434 4046
4 1970 1986 1656 3601
4 369 3147 3289 3774
4 3102 2759 3467 3721
4 762 3093 763 3668
4 1786 3426 1791 4000
4 2872 3351 2893 3960
4 129 17 132 3283
4 577 585 576 3459
4 2578 3185 2615 3530
4 1010 3011 1002 3471
4 2659 3423 3798 4227
4 603 1351 1349 1352
4 563 3255 572 3957
4 2320 1279 1278 2988
4 2501 3378 2534 4171
4 2813 3849 3075 3992
4 1707 1715 3013 3236
4 2935 3811 3166 3872
4 2795 3304 3267 3657
4 3012 3344 673 3618
4 2589 2599 3257 3943
4 369 365 357 3774
4 1358 1347 1350 3160
4 2065 3605 2082 4243
4 3497 4009 2923 4292
4 3200 3423 2663 3882
4 2766 2765 3266 3507
4 1443 1446 1484 3229
4 2603 2762 2761 3004
4 723 2982 734 3568
4 626 3328 627 4003
4 1792 1794 3438 3566
4 2522 3578 3531 3909
4 2667 3695 3503 4133
4 583 3216 575 3639
4 2749 3013 2663 3410
4 3354 3564 3031 3689
4 193 3408 2957 3887
4 493 2849 3078 3461
4 3077 3199 2687 3438
4 963 945 962 3051
4 2520 3528 3721 4086
4 2697 3380 3792 3793
4 1584 3073 3465 3559
4 2625 2935 3165 3753
4 1766 1777 2965 4001
4 2090 2107 3205 3683
4 2913 3214 2828 3233
4 705 698 699 4052
4 2813 3055 3017 3797
4 3485 3008 4218 4239
4 3227 3710 70 4161
4 2363 2112 2362 3661
4 2863 2869 2709 3324
4 2181 2213 3832 3852
4 2695 3671 3782 4072
4 3235 3328 613 3435
4 1452 1454 1455 3974
4 2987 3202 2749 3758
4 754 753 744 3871
4 2667 3890 2975 4133
4 3249 3274 2748 3717
4 1344 488 2847 4191
4 3541 3621 3423 3882
4 1724 3472 1725 4006
4 2728 2887 2604 3169
4 1475 1474 1497 3149
4 3442 3726 2650 3856
4 2868 3035 2625 3167
4 95 3323 3385 4223
4 87 2631 3076 3943
4 332 426 425 3399
4 299 3057 287 3135
4 1199 1160 1158 3715
4 1299 2923 1301 4244
4 2876 3525 3552 4141
4 2797 2689 3262 3519
4 562 534 563 3255
4 2086 1730 1723 3536
4 129 133 3138 3949
4 2087 3128 2088 3278
4 2647 2576 3224 3578
4 2536 3403 3176 3752
4 1391 2922 1522 2955
4 1523 1522 2922 4092
4 2657 2658 3007 3158
4 3353 3354 2769 4219
4 2772 2801 2575 3127
4 820 3714 3397 3884
4 608 3012 689 3522
4 1934 1836 1839 3069
4 2542 3218 2697 3380
4 2528 3211 3212 3368
4 2470 2438 3577 3876
4 2111 2361 3661 4007
4 3086 3622 3581 3759
4 1348 491 490 3293
4 2572 3848 2641 4100
4 2601 2707 3036 3490
4 2643 3511 3510 3524
4 2808 3373 3370 3825
4 2773 3339 3838 4226
4 2898 3474 3956 4261
4 1876 3630 1863 3633
4 2510 3145 2536 3318
4 2709 3122 3011 3228
4 2860 3294 3327 3676
4 622 3264 624 3711
4 2945 3472 1725 4192
4 2275 2253 2252 3749
4 3103 3673 1798 4000
4 2717 3270 2718 4132
4 1609 3437 1601 4210
4 2781 3093 3557 4261
4 2610 3230 3151 3231
4 2870 3588 2959 4027
4 2506 3525 3139 3861
4 1888 3516 3505 4097
4 2697 3075 2813 3849
4 935 3011 952 3122
4 1258 1245 1254 4114
4 1657 3004 1656 4029
4 2543 3234 2641 4100
4 2587 3025 2927 3771
4 2832 3437 3624 3975
4 2768 3284 2710 3729
4 2504 3180 3176 3593
4 2796 2845 2623 3082
4 95 88 3453 4223
4 616 3728 615 4138
4 404 396 395 3445
4 2542 3217 3140 3339
4 2152 2153 2147 3736
4 2578 3833 3530 3880
4 2527 3467 2871 4041
4 1937 3219 1936 3756
4 3487 3723 2583 3966
4 2143 2127 2126 3406
4 2845 3297 3143 3923
4 3022 2907 3920 4124
4 1301 2923 1298 4244
4 1732 2879 2945 3573
4 2822 3419 3032 4127
4 3032 3267 3149 3707
4 3235 3328 2926 4003
4 2795 2702 3267 3835
4 2686 3511 2956 4169
4 970 979 3471 4257
4 762 763 771 3668
4 2717 2945 2931 3472
4 2478 2870 2461 3588
4 2955 3304 3267 3835
4 3268 3716 3647 3977
4 3006 3007 2983 4111
4 1363 1357 1355 4093
4 711 712 3169 3351
4 2509 2941 3274 3552
4 499 498 2849 3722
4 264 3120 3625 3858
4 2820 3689 3027 3822
4 1469 1470 1463 3422
4 891 3506 3221 4185
4 2653 3260 3223 3560
4 2679 2833 2703 3791
4 1098 1177 1185 3279
4 2493 2900 3903 4076
4 2657 2983 2933 3816
4 1711 1718 1710 4099
4 1969 1968 1985 4258
4 1675 3541 3088 3984
4 1331 1325 1326 3402
4 450 444 451 3433
4 240 3196 3305 3608
4 1696 1685 1695 3874
4 2907 2906 3673 3829
4 1272 2313 2314 4048
4 2507 2867 3635 3976
4 2773 3811 3342 3872
4 2899 3299 2853 4055
4 1289 3468 3064 4172
4 2509 3717 2941 4102
4 3602 3785 737 4105
4 3008 3084 3975 4218
4 627 3235 628 4003
4 2643 2786 3321 3510
4 1864 3630 3141 4205
4 2991 2589 3334 3378
4 1882 1870 3854 3906
4 1982 1983 1966 4256
4 1332 3159 2866 3990
4 1967 1966 1983 4256
4 612 651 653 4138
4 2830 3500 2660 3761
4 420 698 697 3672
4 911 912 2938 3632
4 2775 3182 2816 3239
4 2949 3283 2493 4076
4 2599 3377 2840 3494
4 1624 1648 1646 3220
4 2999 3042 2778 4005
4 2619 3352 2736 3979
4 1995 2027 2025 4015
4 2025 1993 1995 4015
4 96 2991 2589 3943
4 2179 2185 2180 3429
4 618 3264 620 3728
4 2897 2909 2652 3398
4 1516 3032 3267 4092
4 2613 2838 3481 4119
4 2864 3359 3126 4004
4 1548 1532 3357 3877
4 2962 3027 2744 3475
4 3724 3987 2962 3988
4 2881 3277 3016 3847
4 1788 3679 1801 3804
4 2776 2932 2594 3136
4 2548 3285 3087 3623
4 2574 2505 2596 3943
4 2667 3194 3890 4251
4 2864 2748 3308 3912
4 148 3040 98 4232
4 2626 2686 3530 4207
4 2685 3740 2620 3752
4 2514 2720 2612 2777
4 2621 3363 3724 3987
4 210 3754 3609 3810
4 898 895 3844 3901
4 2638 4219 3657 4265
4 1968 1984 1985 4258
4 424 415 3171 4246
4 756 750 3246 3871
4 2315 2314 2332 3365
4 2527 3694 2668 3701
4 1677 3621 1676 3882
4 1984 3127 1983 3449
4 2260 2258 2232 4152
4 3452 3682 2788 3973
4 2976 3314 3909 3928
4 2889 3053 2695 3671
4 2965 3582 1766 4001
4 715 2893 3351 4052
4 2551 2914 3648 3649
4 2627 2884 2545 3470
4 305 2952 306 4043
4 2508 3270 2547 3360
4 3008 3793 3485 4218
4 509 507 3009 4216
4 2494 3138 3137 3227
4 2886 704 3221 3351
4 3492 3693 2719 3768
4 2503 3070 3318 3593
4 1507 2489 1496 3149
4 3654 3796 3247 4072
4 58 3070 105 3593
4 2618 3192 2949 3392
4 2813 3992 2689 4180
4 2726 3387 3088 3758
4 2548 3599 3285 3712
4 1201 1199 1200 3715
4 899 889 900 3105
4 660 662 661 3859
4 2658 3119 2568 3771
4 3172 746 3711 3871
4 1585 3465 4195 4203
4 2653 3922 3560 4220
4 166 68 3336 4076
4 451 459 452 3700
4 2937 3569 2943 4002
4 2788 3681 3077 3682
4 3084 3342 3339 4123
4 3000 3300 2586 4103
4 79 58 72 2504
4 2886 3169 2604 3351
4 1619 812 3148 4167
4 1109 1139 1140 3555
4 1090 3495 3376 3942
4 1221 1220 1211 4268
4 2855 3073 2690 3559
4 1908 1922 1909 4098
4 2210 2304 2296 3954
4 459 3020 452 3700
4 2820 3027 3689 3690
4 1455 1453 1452 3974
4 2645 3549 3272 3550
4 755 3093 754 3871
4 2704 3043 2592 3544
4 1310 1309 1305 3231
4 424 3105 881 3998
4 1670 3088 1671 3869
4 1506 1505 1516 3707
4 1602 3437 1610 4136
4 1503 1499 1512 3565
4 2982 3396 3415 3995
4 2653 4104 3505 4124
4 2063 2039 2038 3432
4 858 864 3674 4129
4 72 3193 2504 3222
4 953 3011 936 3330
4 1760 3620 3299 4083
4 2547 3533 4014 4031
4 2733 4060 3115 4095
4 2038 2062 2063 3432
4 932 949 948 4285
4 2596 3831 2505 4217
4 1296 2436 2434 4121
4 2590 3525 3139 3586
4 1645 3585 2862 3677
4 2551 3493 2731 3648
4 2624 2784 3428 3995
4 2769 2903 3547 4137
4 2571 3164 2671 4057
4 679 670 671 4085
4 2743 4030 3068 4067
4 1408 1743 1742 3065
4 119 2808 111 3314
4 1197 1195 1196 3715
4 3196 3347 3305 3608
4 1509 3032 1508 3382
4 1371 3676 3132 3965
4 2657 3816 2933 3980
4 612 614 613 3435
4 3000 3300 2841 4213
4 1765 1761 3299 3582
4 1508 3032 1519 3382
4 3115 3175 2698 3520
4 2529 3107 3870 4135
4 2637 3320 3188 3597
4 129 3138 59 3283
4 2455 1321 1322 3183
4 2591 3191 2767 3192
4 2033 3748 2034 4128
4 2185 2186 2180 3429
4 2709 2588 3428 3995
4 2850 2944 2700 4228
4 2054 2072 2071 3152
4 1870 1871 3854 3906
4 2492 3514 3378 3860
4 2624 2989 2842 4261
4 129 59 17 3283
4 1682 1681 1692 3200
4 920 2938 912 3502
4 2573 2903 4056 4219
4 2806 3455 2923 4292
4 689 3012 673 3519
4 2530 2640 2567 3120
4 2207 2208 2200 3416
4 2085 2221 3144 3832
4 1634 1635 1618 3341
4 2743 2960 4030 4067
4 922 906 905 3221
4 588 3344 3012 3670
4 3370 4109 2495 4238
4 2706 2763 2575 3406
4 2780 3386 3015 3665
4 2832 3914 3251 3975
4 2539 3462 3218 3878
4 2573 3031 3304 3657
4 672 790 798 4085
4 2688 2745 2586 3018
4 3277 3575 3016 3847
4 1485 3271 2870 3565
4 717 724 2982 3755
4 1649 1651 1694 3652
4 556 3344 580 3919
4 1667 2930 1666 3709
4 2201 2200 2208 3955
4 3167 4016 2782 4143
4 3037 3148 2718 3291
4 2536 3752 3318 4252
4 1602 1601 1609 3437
4 2625 3165 2868 3167
4 1509 3032 3382 3419
4 2514 3645 3642 3806
4 2573 3304 3031 3823
4 3106 3462 2515 3746
4 1839 3069 2992 3853
4 104 2495 126 3851
4 2493 3139 3525 3586
4 737 751 3553 3785
4 2518 2575 2558 3434
4 399 389 392 4126
4 3735 4041 3921 4183
4 2941 3274 3249 3717
4 397 406 3171 3313
4 1068 3770 1066 3944
4 3080 3458 2724 3853
4 3270 4031 2721 4132
4 3002 3168 374 3484
4 1376 1377 1378 2925
4 1694 1651 1695 3652
4 2664 3311 3189 4281
4 65 132 17 3283
4 1337 3056 2866 3367
4 905 921 922 3221
4 1299 1305 3455 4244
4 1391 1400 1405 2922
4 2663 2832 3792 4239
4 2523 3476 3893 3894
4 2542 3442 3380 3485
4 992 2990 962 3388
4 403 413 3969 4246
4 1933 1929 1932 3219
4 2544 2858 2622 3732
4 815 814 3463 3585
4 1105 1127 3627 4116
4 3028 3599 3265 4147
4 2537 2734 2635 3113
4 2997 3408 188 3887
4 2521 2654 2525 3704
4 335 334 3123 3818
4 1426 3142 1427 3258
4 3651 3979 2735 4170
4 1810 3673 3108 4000
4 1647 1693 1692 3652
4 3450 4070 2532 4151
4 1571 1643 1572 3677
4 1786 1776 3426 4001
4 2607 3031 3689 4265
4 2554 3369 3250 3883
4 2662 2562 2829 3276
4 468 478 473 4034
4 2728 4228 2886 4288
4 2665 2819 2580 3110
4 1692 1645 1647 3652
4 2603 2761 2746 3004
4 2588 2869 3702 3820
4 2506 3462 3209 3860
4 931 2783 3755 3998
4 2046 3128 2068 3236
4 743 1013 981 3509
4 3137 3138 2494 3496
4 2309 2310 2302 3734
4 2736 2735 3651 3979
4 2613 3581 3622 3786
4 2719 3012 2797 4178
4 2683 3288 2614 3830
4 3028 3538 3496 3641
4 2832 3437 2966 3624
4 2788 2937 2853 4002
4 1091 1084 1092 4079
4 2790 3203 3009 4216
4 610 612 611 3982
4 3387 4040 2853 4055
4 274 264 258 3858
4 2666 2740 2639 3765
4 933 3915 3122 4285
4 2604 2803 3351 3808
4 1623 1622 3463 3585
4 2562 3809 2767 4120
4 2651 2848 2698 3916
4 662 664 663 3611
4 2936 3515 3166 3811
4 1789 1790 1791 3426
4 566 2844 568 4283
4 432 442 3119 3606
4 3228 3915 902 4129
4 2614 3591 2518 4196
4 1013 743 780 3509
4 3207 3651 3411 3808
4 2902 3071 3030 3620
4 3094 2779 3662 4158
4 1272 2314 1273 4048
4 3274 3525 3139 4141
4 2726 3202 2987 3758
4 3131 3537 3458 4104
4 3031 2769 3354 4219
4 695 679 680 4085
4 1138 1108 1107 3555
4 2520 3655 3487 4067
4 69 3070 2997 4194
4 2780 3015 3386 4019
4 82 91 3323 3526
4 3270 4014 2721 4031
4 151 2951 131 3645
4 2674 3047 2831 3500
4 3107 3408 2522 3993
4 1030 1031 1046 3951
4 3015 3386 4019 4303
4 2922 3267 2885 4092
4 2788 3452 3973 4055
4 2621 3724 3363 3800
4 3008 3485 3793 4239
4 447 455 454 3629
4 119 2808 2976 3851
4 2769 4137 3353 4219
4 1350 1348 1349 3160
4 1845 1857 3906 4205
4 1995 3280 2027 4015
4 2832 3541 3200 3677
4 862 853 852 3182
4 2250 2251 2243 3777
4 1676 3621 3541 3882
4 1746 1741 1742 3889
4 3155 3383 2750 3581
4 1291 3293 603 3762
4 2896 3342 3084 3563
4 2867 3275 2496 3527
4 2613 3581 3086 3622
4 1375 2925 1378 3857
4 1421 1427 1413 3143
4 613 611 612 3435
4 3420 3538 2951 3860
4 2615 2873 3111 3820
4 3145 3489 2540 3985
4 613 615 628 3235
4 2573 3190 3031 4056
4 2708 3021 2810 3113
4 2869 2709 3324 3640
4 2638 3353 4137 4219
4 2418 1801 2424 3187
4 1059 1056 1068 3770
4 3339 3342 2773 4123
4 2426 2422 3029 3934
4 2655 3557 3871 3898
4 2558 3369 3270 3825
4 246 262 253 3347
4 114 119 2976 3851
4 2648 3665 3206 3803
4 3411 3651 2803 3808
4 2820 3150 3027 3690
4 1082 1154 1153 3376
4 3150 3539 3027 3690
4 1137 1107 1020 3100
4 1078 1080 1079 3376
4 1747 2918 1746 3889
4 733 752 729 3246
4 1922 1934 1923 3905
4 3363 3801 2924 3897
4 2637 3086 3320 4145
4 2973 3919 3782 4250
4 2510 2632 3489 3743
4 2820 3564 3823 3873
4 1328 1321 3183 3670
4 2593 2809 3660 3775
4 1044 1137 1020 3100
4 215 3196 3191 3305
4 2552 2874 2774 2911
4 2696 2653 4189 4220
4 3085 3131 3035 3558
4 2244 2245 2226 3749
4 886 897 904 2938
4 381 377 3774 4126
4 733 732 757 4301
4 775 3415 2982 3755
4 1471 1357 1363 3923
4 2626 2693 2939 3833
4 1484 3229 1446 3271
4 2585 2704 3010 3053
4 1482 1481 1491 3587
4 2712 3183 3159 3989
4 2743 3643 2960 4067
4 2558 3434 2575 4046
4 2772 3404 2802 4026
4 1509 3382 1508 3565
4 2676 2739 3108 3241
4 719 726 3602 3842
4 2594 2932 2555 3964
4 2559 3653 3560 3838
4 2511 3403 3739 3740
4 2797 3017 2694 3936
4 3270 3369 2600 4035
4 1585 3559 3465 4203
4 2613 3320 3581 4018
4 2100 2102 3144 3780
4 3362 3893 3099 3894
4 3086 3551 2694 3936
4 2718 3270 2558 3369
4 3560 3838 2653 4189
4 2554 2728 3883 4267
4 3015 3665 3386 4303
4 1600 1599 3439 4210
4 2748 3249 2864 4004
4 2540 2865 3743 4169
4 2549 2497 2759 3945
4 1293 3468 3619 4091
4 277 263 264 3120
4 1821 1810 3108 3482
4 795 3415 794 3764
4 3976 4183 3364 4208
4 982 980 981 3390
4 2668 2889 2890 3647
4 144 152 3720 4211
4 2528 2976 3212 3224
4 372 381 369 3289
4 2520 3528 3655 4067
4 2718 3341 3148 4167
4 2021 1991 2023 4029
4 2877 3620 3452 3681
4 2021 1989 1991 4029
4 2982 3568 716 3930
4 2930 2945 2726 4099
4 2606 2635 2888 4095
4 2650 3022 3199 4077
4 2519 3443 3691 4103
4 2510 3489 3145 3985
4 3560 3653 2773 3838
4 170 2516 168 3039
4 2550 2815 2909 3398
4 2512 2562 2685 3554
4 2430 3293 2928 3589
4 2518 3742 2558 4179
4 2580 2819 2817 3110
4 242 3783 3902 3963
4 2670 3314 3252 4046
4 2589 2840 3377 3910
4 3339 3653 3140 3838
4 2788 4002 3594 4125
4 2772 3127 2575 4179
4 2479 3974 3588 4115
4 442 443 2999 3606
4 1936 1937 3756 4098
4 2018 3236 2020 4029
4 1864 1871 3141 3630
4 2607 2922 2885 3828
4 2736 3436 2803 3760
4 2861 3370 3177 3583
4 299 287 3057 3779
4 2909 3294 2713 3327
4 1019 993 991 3826
4 118 114 2976 3212
4 772 3474 3125 3669
4 2112 2096 2095 3661
4 532 572 563 3255
4 1313 1314 1319 3459
4 3537 3811 2936 4255
4 2726 3316 2785 4075
4 2968 3242 2764 3430
4 1990 4015 1991 4029
4 2896 3440 3217 3660
4 2982 3930 717 3998
4 2528 2976 2614 3850
4 3042 3762 3020 3888
4 2753 3027 2962 3362
4 3364 4188 3373 4223
4 1391 1405 1522 2922
4 2693 3034 2939 3833
4 2651 3029 3018 4084
4 628 627 613 3235
4 382 372 3703 4126
4 2855 4117 2785 4203
4 3033 3439 1599 4210
4 2235 2263 2261 3349
4 2519 3691 2539 4103
4 2585 3544 3862 4282
4 2832 3423 3914 4227
4 2770 2926 3328 4072
4 767 2982 759 3755
4 1153 1081 1082 3376
4 1018 1019 991 3826
4 1498 1509 1508 3565
4 3166 3537 2625 4255
4 2915 3090 2878 4101
4 1079 1077 1078 3376
4 2343 2323 2340 3675
4 2941 3249 2538 3913
4 2943 3272 3165 4081
4 2506 3860 3139 4141
4 2616 3492 3359 4096
4 1486 1451 1489 3974
4 3085 3131 2936 4255
4 2824 3064 3447 3700
4 1852 3045 1866 4047
4 2034 3748 2057 4278
4 501 3009 3010 3545
4 2095 2111 2112 3661
4 2971 3311 2943 4125
4 2877 2687 3681 3682
4 90 94 100 3720
4 2224 3777 1224 3863
4 1619 1618 1635 3341
4 2695 2585 3654 4187
4 801 802 817 3714
4 2915 3135 2878 3281
4 2501 3720 2967 3961
4 804 819 803 3714
4 1865 1866 3045 4047
4 2524 3496 3137 3641
4 2836 2701 3184 3588
4 2611 2684 3729 3994
4 2807 3150 3561 3653
4 2631 3393 2589 3943
4 2896 2773 3690 4226
4 2720 2811 2777 2823
4 2644 3487 3206 3966
4 2609 2751 2821 2953
4 1407 1741 1406 3065
4 903 3228 902 4129
4 1090 3376 1081 3942
4 2027 3152 2839 3280
4 637 636 628 3847
4 1144 2131 3863 4032
4 2040 2015 2014 3432
4 3190 4081 3189 4281
4 2746 3004 2761 3418
4 2203 2204 2194 3748
4 108 115 3177 3846
4 2753 3099 2807 3362
4 2588 3702 2666 4190
4 2530 2800 2640 3120
4 70 56 178 14
4 631 3567 639 3847
4 245 249 251 4291
4 1479 3419 1487 3565
4 434 3124 3394 3818
4 775 3396 776 4297
4 2838 2851 3460 3803
4 3020 3888 463 3997
4 2939 3502 3072 4229
4 2549 3197 2497 3945
4 184 199 2521 3806
4 688 3626 3611 3859
4 2587 2933 4009 4010
4 637 628 629 3847
4 64 3180 67 3846
4 3131 3260 2936 3537
4 2533 3076 3453 4223
4 3015 3665 3481 3803
4 3217 3339 2896 4226
4 1895 1894 1908 3631
4 1645 2862 3585 3652
4 1680 3541 1604 4136
4 2404 3115 2403 4022
4 3102 3109 2759 3721
4 1468 3149 1476 3422
4 3206 3487 2780 3966
4 2745 3726 3442 3784
4 2821 2646 2953 3280
4 1363 1355 1364 4093
4 1655 1653 1652 3884
4 2685 2760 2755 2829
4 2659 2899 3758 4055
4 1034 1033 1025 4059
4 2632 3743 2865 4169
4 3397 3714 820 4297
4 299 313 300 3779
4 2901 3478 3104 4126
4 2830 3991 3958 4204
4 795 794 3415 3714
4 2706 2627 3144 3832
4 2853 3582 3299 4083
4 2753 3150 3027 3362
4 297 2915 312 3135
4 3528 3776 3126 4004
4 957 982 984 4045
4 630 631 639 3847
4 2896 3342 2773 4226
4 2763 3832 3144 4243
4 3137 3138 2509 3282
4 2847 3329 3042 3488
4 1522 2955 2922 4092
4 2298 2291 2290 3895
4 764 773 772 3764
4 1559 1562 1560 4158
4 2718 3270 2584 4132
4 2366 2362 2361 4007
4 1622 1623 1644 3585
4 638 630 639 3847
4 2898 3474 3125 3956
4 1790 1802 1798 3103
4 2699 3437 3033 4273
4 1621 1571 1540 3585
4 2816 3182 2632 3239
4 2299 2291 2298 3895
4 2853 4040 3573 4083
4 2367 2362 2366 4007
4 1005 1006 3396 4285
4 2784 2740 3154 3714
4 497 3078 2849 3722
4 2690 3559 3962 4279
4 3027 3362 3150 3476
4 2854 3958 3066 3991
4 2593 3354 3689 3690
4 2740 2898 2694 3055
4 100 94 198 3720
4 2600 3694 3360 4035
4 2512 3740 2685 3752
4 611 609 610 3982
4 59 129 18 140
4 959 986 988 4045
4 2645 2906 3549 3550
4 3364 2500 3976 4208
4 904 897 911 2938
4 2697 2832 3624 3793
4 471 522 549 4245
4 2613 3320 3015 4184
4 1496 2489 1497 3149
4 927 945 946 3051
4 2603 2841 2746 2902
4 2666 2863 2784 3397
4 3299 3426 2788 3681
4 2718 3866 3242 4167
4 1734 2987 1729 3466
4 2520 3649 3102 3721
4 339 354 355 3532
4 3184 3317 2464 4115
4 3379 3499 306 4025
4 2643 2661 2567 3510
4 3193 3222 2636 3981
4 2545 3830 3288 4060
4 750 3785 3246 3871
4 2750 3383 3155 3898
4 3339 3084 4123 4218
4 2569 2766 2737 3006
4 3264 3611 2895 4012
4 1620 1636 1978 3341
4 1278 2319 2320 2988
4 1532 3877 3626 4206
4 108 3177 3583 3846
4 1395 3079 3290 4174
4 2650 2687 3604 4077
4 2596 2642 3041 3896
4 2790 3491 2973 3834
4 3093 3474 763 3668
4 2826 3307 3188 3693
4 2400 2409 2408 4159
4 885 2873 3112 4225
4 2818 3666 3022 4124
4 603 1349 490 3293
4 2869 3444 3204 4059
4 1111 1070 1110 3375
4 1351 1360 1349 3965
4 3015 3206 2780 3665
4 2599 3334 2589 3377
4 931 3755 2783 4285
4 899 881 889 3105
4 2509 3285 3552 3599
4 2245 2227 2226 3749
4 2639 3380 3548 3849
4 2836 4054 3164 4199
4 583 605 604 3216
4 739 741 740 3602
4 2551 3477 3197 3945
4 1833 1817 1818 3518
4 1076 3374 1075 3773
4 2493 3282 2949 3717
4 1756 2879 1750 3582
4 3106 3218 2539 3462
4 1768 3426 3299 3681
4 2878 3723 3417 4302
4 2216 2181 3832 3865
4 1099 4071 1091 4079
4 2989 3445 2842 4246
4 2809 2958 3587 3775
4 1000 3122 1001 3640
4 1013 3390 981 3509
4 2544 3635 2582 4198
4 2841 3205 2646 3278
4 142 191 131 3720
4 3251 3437 1602 4136
4 703 2989 424 3998
4 429 427 428 3507
4 82 3526 3323 3527
4 2826 3386 3247 4019
4 2854 3761 3958 4204
4 3202 3621 2749 3758
4 3217 3624 3084 3793
4 2878 3803 3206 4302
4 1540 3253 1539 3797
4 2508 3369 3370 3825
4 2509 3138 3137 3496
4 2495 3373 2808 3851
4 2822 2958 3382 3419
4 1221 1211 1212 4268
4 3317 3662 3094 3992
4 1542 3244 1526 4224
4 2832 3914 3975 4227
4 706 707 3819 4052
4 3247 3386 3068 4030
4 1761 1760 3299 4083
4 3001 3578 2976 3909
4 2376 2123 2972 3970
4 95 3385 88 4223
4 2752 2794 3352 3839
4 1657 1987 1698 4029
4 2917 4273 3189 4281
4 3560 3561 2773 3653
4 2755 3650 3554 3809
4 2604 3351 2872 3808
4 2362 2363 3661 3737
4 3310 3439 1608 4158
4 1237 1220 1221 3350
4 3268 3671 528 3788
4 2664 3189 4081 4281
4 3360 3533 2547 4188
4 3194 3841 3651 4170
4 2658 2933 2657 3007
4 94 187 3720 3961
4 2492 3860 3378 4211
4 2557 2851 2644 3206
4 2518 3373 3434 3825
4 2903 3073 2769 3547
4 3045 3633 1865 4047
4 2870 3229 3195 3271
4 169 161 2900 3044
4 3000 3018 2848 3934
4 1649 1648 3418 3652
4 1563 1536 4037 4158
4 2660 3724 2792 3988
4 553 3919 3459 4250
4 1697 1698 1689 3874
4 2335 2339 2336 3628
4 1099 1004 1091 4071
4 3237 3972 3739 4170
4 1533 3317 3662 4130
4 962 961 3388 3767
4 3311 3312 2853 4075
4 2780 3307 3015 4019
4 3066 3381 1523 4092
4 3077 3681 2687 3682
4 192 2521 199 3211
4 623 622 624 3711
4 2989 3930 702 4246
4 299 311 313 3787
4 2821 2762 3005 3952
4 2689 2712 3183 4193
4 3395 3832 3356 3865
4 141 174 148 3040
4 2717 3999 2677 4132
4 386 394 384 3484
4 540 546 520 4250
4 1497 3149 2489 3419
4 2496 3393 3040 4070
4 2748 3249 2941 3912
4 849 3111 858 3313
4 3619 4091 3468 4292
4 3027 2744 3475 3828
4 1503 1488 1499 3565
4 74 68 166 2900
4 1814 3673 3103 4144
4 1782 1781 1773 4214
4 2706 2715 2545 2812
4 2523 3085 3894 3908
4 987 989 988 4045
4 460 511 465 3700
4 148 137 3040 4232
4 3106 3380 3218 3856
4 1835 1819 2426 4084
4 2522 3578 2680 3887
4 2480 1452 3974 4115
4 1482 3353 3855 4068
4 2538 2616 3335 3454
4 2814 2973 2719 3834
4 2558 2772 3918 4046
4 2746 3030 2902 3536
4 1292 3064 1289 4091
4 3030 3620 3466 3798
4 798 814 696 3055
4 1482 3855 3587 4068
4 2898 3759 3474 4261
4 3093 2781 3474 4261
4 2866 3056 2712 3367
4 641 556 548 4017
4 2824 3497 2852 4096
4 3467 3721 2743 3862
4 2433 2432 2431 3589
4 1932 1928 1931 4163
4 3077 2788 3426 3681
4 627 3328 3235 4003
4 130 3586 150 3950
4 1426 1415 3143 4249
4 107 179 46 3001
4 2531 2586 3443 4171
4 859 850 401 3506
4 2900 2561 3044 4073
4 2655 3871 3259 3898
4 879 886 866 3112
4 1068 1056 1066 3770
4 1561 1562 1559 4158
4 2712 3992 2701 4054
4 2663 2749 3423 3798
4 487 486 3329 3488
4 2797 3519 3012 4193
4 2749 2899 3466 3758
4 3208 3104 3678 4246
4 1520 3381 1524 3986
4 2909 3327 2713 3733
4 2653 3560 3223 3838
4 2699 3624 3437 3975
4 1760 1768 1765 3299
4 2619 3421 3133 4170
4 114 124 99 3212
4 396 403 393 3445
4 1715 1709 1716 3236
4 614 616 615 4138
4 1526 3244 1542 4279
4 2292 2291 3895 4066
4 774 3415 795 3764
4 2441 3571 2445 3577
4 2497 4073 3338 4177
4 2641 3848 2572 3879
4 2740 3548 2813 3821
4 2512 3467 3237 4304
4 2920 3049 2939 3523
4 940 3221 939 3390
4 720 3169 727 3390
4 1180 1179 1171 3931
4 2580 2665 3110 3741
4 1685 1688 1686 3874
4 2583 3487 3648 3723
4 1010 1009 3011 3640
4 952 3011 968 3122
4 994 963 962 3944
4 2499 2522 3107 3983
4 2641 2799 3848 3879
4 2020 1698 1987 4029
4 1483 1372 1367 3229
4 1778 1767 1766 3576
4 128 3910 137 4232
4 775 2982 3415 3764
4 2662 2800 2562 3276
4 1030 3396 3324 3397
4 3615 220 3963 4291
4 2255 2247 2254 3812
4 715 3351 712 4052
4 2223 3748 2217 3865
4 3285 4102 2941 4148
4 2203 3795 3748 4128
4 2676 3108 3103 4000
4 3830 3916 3288 4060
4 3221 3240 4044 4185
4 2616 3359 3335 3497
4 2739 3414 2734 3906
4 1679 3612 1678 3882
4 1687 1697 1689 3874
4 3027 3475 2962 3988
4 3185 3641 4135 4173
4 2574 2596 2505 4217
4 2526 3167 3533 4188
4 2798 2990 2920 3770
4 147 74 173 3949
4 1171 1172 1180 3931
4 2681 3178 2789 3833
4 1155 1157 1171 3942
4 1315 3064 1292 3762
4 2718 3883 3369 4248
4 2639 3548 3380 3765
4 2739 3141 2734 4064
4 1081 1153 1169 3942
4 2895 3062 2716 3611
4 2609 2821 2666 4212
4 2531 3886 3706 4171
4 2515 2840 4063 4235
4 530 559 649 3982
4 3190 3533 2868 4082
4 1565 1567 1568 4037
4 1613 3626 1532 3877
4 2865 2920 2632 3050
4 1836 1837 1838 3400
4 759 2982 735 3755
4 623 621 622 3711
4 2872 2655 3808 3960
4 618 620 619 3728
4 424 2989 3171 3998
4 739 3509 741 3602
4 557 558 595 3788
4 2504 3180 72 3222
4 2773 3838 3653 4226
4 3085 2936 3900 4255
4 2595 2694 2813 3821
4 2029 3280 1997 4128
4 2586 2848 2651 3706
4 3209 3450 2515 3746
4 648 769 672 3215
4 1010 3471 1011 3885
4 939 956 957 3390
4 2718 3101 2857 3866
4 3077 3438 2687 3681
4 2029 1997 1999 4128
4 2700 2772 2564 3918
4 672 769 790 3215
4 2106 3278 3205 4157
4 709 710 716 3930
4 1036 1035 1027 4058
4 375 387 3168 3326
4 2701 3094 2779 3992
4 70 3710 77 4161
4 714 2893 3658 3842
4 1532 1613 688 3626
4 688 1613 806 3626
4 2509 3137 3285 3599
4 1766 1777 1778 3576
4 2613 3786 3104 4119
4 2508 3364 3370 4035
4 2667 3411 3651 3841
4 1625 818 819 3714
4 819 1626 1625 3714
4 2517 3044 3338 3586
4 940 939 957 3390
4 65 17 59 3283
4 414 407 3171 3445
4 2541 2505 3799 4217
4 736 739 740 3602
4 2818 2653 3505 4124
4 742 740 741 3509
4 2809 3439 3094 4068
4 2511 3176 3403 3740
4 2548 3599 3428 4147
4 2496 3040 3275 4070
4 3288 3916 2541 4060
4 178 13 60 188
4 2878 3966 3723 4302
4 1563 1565 1566 4158
4 2771 3254 2578 4274
4 424 3171 3105 3998
4 2712 3184 3183 3989
4 312 3787 2915 3839
4 2975 3235 3728 4133
4 2899 3299 3452 3620
4 381 3289 372 4126
4 2848 2586 3000 3300
4 2588 2738 2709 2882
4 111 2808 2495 4238
4 871 419 421 3506
4 2824 3394 3497 4292
4 2508 3370 3369 4035
4 1467 1475 1468 3664
4 1639 3316 1640 3891
4 2959 3587 2958 3775
4 3207 3614 3155 4287
4 2294 2293 2301 3725
4 2460 3588 2459 4088
4 1318 1311 1313 3639
4 3072 3471 2691 4071
4 2853 2937 2677 3312
4 2724 3080 3069 4104
4 2555 2720 2514 2777
4 3145 3511 2602 3524
4 928 3049 930 3523
4 2539 3380 3106 3442
4 3251 2832 3541 3914
4 859 401 411 3506
4 2682 3470 3210 3830
4 620 659 661 3264
4 2659 3758 4040 4055
4 2956 3181 2786 3315
4 463 464 466 3888
4 2905 3512 3070 3983
4 2942 3089 206 3543
4 2830 3958 3761 4204
4 3064 3468 1289 4091
4 2958 3419 2822 4127
4 2716 3130 2600 3250
4 2748 3912 2941 4102
4 2518 3434 3373 3850
4 2557 3460 3285 3791
4 2548 3265 3551 3552
4 443 450 2999 3606
4 1171 1170 1155 3942
4 3246 3557 3093 3871
4 2778 3292 2947 4293
4 2559 2650 3838 4189
4 1994 3280 1995 4015
4 2516 3636 3275 4300
4 615 613 614 4138
4 2544 2675 2582 3635
4 780 1013 3509 4167
4 2980 2993 2799 3879
4 78 59 66 3138
4 2854 3319 3066 3828
4 3137 3227 3138 4053
4 1584 1592 1585 3465
4 3251 3541 1596 3984
4 2637 3307 3188 3320
4 1725 3472 2945 4006
4 2528 3212 3211 3224
4 2798 3404 2772 3580
4 616 618 3728 4138
4 2923 3092 2711 3497
4 2961 3701 2668 3841
4 2847 3160 3329 3802
4 2839 3205 2106 3278
4 211 214 3609 4156
4 1576 3073 1584 3559
4 3049 3051 930 3523
4 2147 2146 2152 3736
4 2572 3261 3260 4294
4 412 3478 3104 3678
4 2600 3130 2511 3250
4 3086 2624 3622 3759
4 887 869 888 3674
4 1169 1090 1081 3942
4 2833 2834 3493 3840
4 3089 2662 3754 3810
4 2522 2499 3512 3983
4 3174 3222 3864 3946
4 1046 3601 3397 3951
4 1651 3418 1695 3652
4 2726 3621 3202 3758
4 3423 3758 3088 3914
4 3515 3561 2773 3811
4 2677 2888 2739 3241
4 130 50 141 3039
4 2688 2892 2745 3018
4 1999 2031 2029 4128
4 2518 3373 3825 4095
4 992 993 994 3944
4 718 3169 712 3351
4 2917 3457 3251 3914
4 1952 1950 1951 3685
4 2644 3225 3615 3783
4 2694 3821 3551 3827
4 2861 3295 3130 3694
4 2795 3483 3422 3664
4 2614 3850 2976 3928
4 2960 3665 3421 4030
4 2752 3843 3133 3979
4 3249 3335 2538 3359
4 1318 1313 1319 3639
4 3073 3547 2903 4296
4 988 989 990 3388
4 2958 3855 3587 3974
4 2955 3267 2702 3835
4 3481 4018 3391 4303
4 2940 3043 3010 3544
4 2967 3420 2514 3806
4 1867 1868 3490 4084
4 2743 2960 3421 4030
4 69 116 3070 4194
4 2668 2725 2890 3083
4 2506 3028 3462 3860
4 2438 3134 3876 3907
4 2992 3400 1839 4271
4 619 617 618 3728
4 2545 2715 2706 3591
4 2296 2202 2210 3954
4 2824 3433 2669 3700
4 2690 2903 2796 3245
4 2712 3003 4054 4199
4 2957 3340 2494 3642
4 884 2873 903 4129
4 3031 3822 2820 3823
4 1930 1839 2992 3853
4 767 3568 2982 3764
4 3665 4030 3386 4303
4 122 196 185 2997
4 3487 3648 2914 3649
4 2937 3299 2853 3582
4 2614 3288 2518 4060
4 2890 3647 3268 3716
4 2499 3070 3512 3983
4 2524 4147 3028 4190
4 2525 2654 2598 3704
4 2637 3188 3307 3693
4 2520 3643 3487 3649
4 2872 3351 3169 3602
4 127 120 2503 3593
4 3505 4104 2793 4124
4 408 3371 418 3867
4 1674 3202 1700 4024
4 2682 2577 2884 3302
4 2924 3099 2963 3363
4 93 3212 84 3368
4 2429 1352 3589 3965
4 1200 1202 1201 3715
4 786 784 3062 3553
4 1915 1928 1929 3113
4 1202 1229 1204 3226
4 2252 2274 2275 3749
4 2676 4002 3549 4125
4 3123 3814 330 3815
4 2529 3870 3530 4135
4 2659 3758 3423 3914
4 198 94 187 3720
4 3125 3415 2784 3956
4 882 865 884 4129
4 59 2757 78 3283
4 2577 2756 3117 3118
4 2079 3605 3432 3967
4 2154 2000 3713 4128
4 1501 1372 3229 3875
4 121 120 2905 3314
4 2959 3974 2870 4027
4 3431 3432 2007 3449
4 3587 3855 2809 4068
4 744 3259 3711 3871
4 1305 1306 1310 4244
4 3031 3190 2769 4056
4 2577 2756 3118 3795
4 2799 3261 3331 3401
4 3261 4104 3260 4294
4 1713 1720 3202 3612
4 93 114 99 3212
4 2528 2502 2976 3850
4 2867 3976 2500 4143
4 3356 3395 2627 3832
4 1738 1747 1742 2488
4 3194 3651 2735 4170
4 314 313 311 3787
4 62 2757 3227 3562
4 1189 1212 1188 3766
4 2770 3504 3247 4072
4 1475 3149 1468 3664
4 3066 3381 2885 4298
4 2711 3092 3231 3358
4 3109 2743 3409 3467
4 3017 3215 2694 3936
4 2595 2719 3454 4193
4 1612 1611 3677 4136
4 3179 3209 2492 3861
4 2583 3643 3487 3966
4 1866 1867 3490 3518
4 736 738 739 4105
4 2501 3886 3210 4171
4 2841 2902 2688 3098
4 3176 3318 2536 3752
4 1196 1198 1197 3715
4 922 3221 940 4044
4 2912 3048 2732 3493
4 471 480 3064 4245
4 2551 3477 3392 3493
4 1741 1406 2897 3940
4 2175 2213 2181 3852
4 169 2900 166 3366
4 1585 1592 1593 3465
4 2620 2678 3057 3276
4 402 412 3104 3969
4 2018 1698 2020 3236
4 184 2525 2521 3579
4 2513 3137 3227 3340
4 643 642 634 4017
4 2835 3243 3232 4289
4 1511 1503 1512 3271
4 2200 2199 2207 3416
4 2666 2762 2863 3397
4 3397 3601 1628 3884
4 2179 2152 2151 4240
4 2807 3653 3494 4063
4 2566 3194 3421 3503
4 2589 3332 80 3910
4 2513 3185 3137 3340
4 2020 3236 1698 4029
4 2921 3443 2586 4103
4 2819 2817 3110 3738
4 2536 2602 3489 4263
4 2663 3410 3200 3882
4 2987 3202 1720 3924
4 2097 3661 2098 3967
4 2648 3281 2878 3966
4 2574 3886 2531 4217
4 1300 1302 1304 3455
4 607 3670 3459 3919
4 170 2516 3039 3044
4 3386 3655 3068 4067
4 2870 3974 3565 4027
4 2962 3363 2581 3988
4 2412 2413 2402 3804
4 2681 2578 2771 3178
4 45 179 107 3531
4 1664 1639 3316 4024
4 117 165 42 4109
4 3174 3846 164 3921
4 2363 2113 2112 3661
4 1689 1698 2018 3236
4 2725 2704 2844 3441
4 81 3453 104 3851
4 908 907 924 4122
4 334 327 330 3123
4 509 3009 510 3807
4 2547 3167 2868 4082
4 1793 1804 1794 3750
4 165 155 42 4109
4 2142 2143 2126 3406
4 3149 3267 3032 3657
4 2691 2981 2869 3702
4 197 77 3710 4161
4 2593 3354 2809 4127
4 3094 3317 2701 4130
4 2900 3044 3338 4073
4 3567 3847 631 4280
4 2572 3879 3848 4294
4 2616 2814 2866 3454
4 2500 2537 2782 3558
4 2515 3377 3106 3494
4 2455 3183 2456 3317
4 993 3826 1019 3944
4 1906 1907 3498 3836
4 1894 1910 1908 3631
4 2651 2531 2848 3470
4 1151 1150 1135 4062
4 2651 3036 3018 3706
4 2530 2536 2643 3524
4 2896 3339 3342 4226
4 1929 2891 1916 3113
4 2512 2498 3180 3864
4 2547 2508 3360 3813
4 3364 3370 2495 3373
4 757 752 733 3246
4 3325 3864 3222 3946
4 2527 2592 2725 3295
4 1431 1549 1541 4108
4 2907 3108 2676 3753
4 1225 2225 2226 3596
4 1790 1802 3103 4144
4 1225 2226 1226 3596
4 2655 3207 3808 3960
4 90 86 94 3961
4 2607 3657 3031 4265
4 2524 2588 3185 3712
4 2613 3104 2969 4119
4 2616 2814 3454 3834
4 166 2900 68 4076
4 3119 2658 3607 3771
4 2597 3528 3126 4004
4 1025 1026 1034 4059
4 3012 673 3519 3618
4 2745 2892 2688 3442
4 1805 1814 1802 4144
4 3016 3936 2637 4145
4 3127 3826 3100 4258
4 2554 2673 4228 4288
4 2254 2246 2253 3749
4 2010 2002 3529 4080
4 176 169 2561 4247
4 2665 3110 3002 3168
4 1479 3565 1487 3974
4 2795 2796 2573 2903
4 264 3625 258 3858
4 1065 1062 1091 4257
4 3140 3218 2542 3856
4 13 56 178 60
4 2826 3188 3247 3796
4 2778 463 3888 3997
4 509 3009 3807 4216
4 2807 2753 3150 3653
4 2673 2620 3403 4263
4 1579 1578 1586 4117
4 2682 3096 2683 3830
4 2432 2433 2435 3589
4 1594 4195 1593 4210
4 2657 3337 2933 4073
4 663 781 624 4241
4 333 328 327 3817
4 3478 3969 3104 4126
4 2509 2556 3137 3282
4 2441 3451 3294 3659
4 399 2901 3478 3760
4 132 3283 65 3949
4 2065 2041 3449 4243
4 2827 2855 2690 3244
4 2503 3252 2905 3314
4 3428 3712 2548 3948
4 2820 3823 3166 3873
4 2188 2198 3118 3865
4 2918 3501 3500 3634
4 2284 2285 2277 3812
4 3210 3378 2519 3420
4 2599 3697 3257 3757
4 520 546 545 4250
4 1972 1990 1988 3952
4 2564 2510 3743 3968
4 2803 3351 3960 4052
4 2033 2001 2155 4128
4 1974 1994 1992 3952
4 2582 4198 3927 4260
4 1520 1521 3381 4153
4 886 2938 885 3112
4 2641 2993 2980 3879
4 2816 3019 2775 4038
4 3364 3385 2500 4223
4 3130 3694 2600 4035
4 2916 3107 2681 3870
4 444 443 433 3606
4 2525 3704 3642 3806
4 2284 2277 2276 3812
4 1833 3518 1832 3556
4 2496 3275 3040 3527
4 189 118 3001 3212
4 2125 1138 1137 3580
4 812 3509 3148 4167
4 748 3785 750 3871
4 2824 3394 2852 3497
4 70 3227 66 3710
4 2509 3552 3265 3599
4 1732 2879 1749 4006
4 1308 1303 3456 3994
4 2872 3169 2604 3602
4 2566 4018 3188 4019
4 2959 2701 3317 3587
4 3144 3605 2100 3780
4 625 609 3328 3671
4 1212 1189 1213 3766
4 131 144 142 3720
4 2501 3210 2967 3420
4 3107 3340 2957 3642
4 2048 2045 2047 3128
4 2375 2388 2386 3300
4 1666 2930 1659 3891
4 2922 3066 1523 4092
4 3459 3670 1314 3990
4 2251 2252 2244 3749
4 3373 4188 2533 4223
4 3316 3387 2785 3869
4 2559 2807 3560 3653
4 56 61 3562 4087
4 1656 1628 1970 3601
4 3011 3228 935 3330
4 111 120 3314 4238
4 3271 2870 3565 4153
4 2687 3199 3038 3556
4 3015 3460 3206 3803
4 3050 3632 3240 3901
4 1795 3824 3750 4008
4 2460 2461 2459 3588
4 2943 3569 2676 4002
4 2716 2668 3841 4012
4 3277 3575 2797 3936
4 2639 3691 3028 4147
4 254 271 2974 3417
4 961 943 960 3388
4 690 689 674 3519
4 1077 1075 3374 3495
4 2436 3024 2434 4121
4 2141 2172 3406 4307
4 2719 2814 3012 3344
4 2566 3194 3503 4251
4 2517 4009 3971 4069
4 2665 3623 2548 3948
4 804 820 3714 4297
4 2228 2246 2247 3248
4 1869 3574 3114 4084
4 3344 3782 2973 3919
4 2570 3047 2979 3501
4 1132 3046 1131 3425
4 2437 2438 2435 3659
4 2630 2737 2592 2946
4 2528 3224 3211 4118
4 2243 2242 2250 3777
4 862 861 3239 4160
4 3342 3811 2935 3872
4 2159 2205 2204 3795
4 3530 3833 2681 3870
4 3209 2515 3462 3746
4 2782 2924 3893 3894
4 83 3368 3211 3961
4 594 568 593 2844
4 1146 1130 1131 3688
4 2721 4031 3312 4132
4 510 509 506 3009
4 2155 2203 2033 4128
4 155 4109 165 4183
4 1498 3419 1509 3565
4 2664 3311 2943 4081
4 3630 3854 3080 4113
4 1573 3483 1463 4296
4 2856 3115 2733 3804
4 1229 1202 1228 3226
4 2726 4040 2987 4099
4 2204 2157 2159 3795
4 173 147 3949 3950
4 2553 3218 3140 3746
4 3166 2936 3811 4255
4 2693 2789 2705 3376
4 140 18 59 66
4 2370 2116 3175 3780
4 2933 2983 2657 3007
4 790 3215 769 3669
4 842 3182 846 3731
4 1370 2925 1365 3132
4 1137 2124 2125 3580
4 2957 3562 3408 4087
4 2750 3093 3383 3898
4 3467 4041 2527 4304
4 1586 4195 4117 4203
4 2798 2990 3770 3944
4 2523 3561 3515 3900
4 2584 3316 2930 4075
4 687 3153 688 3859
4 2734 3458 2628 3558
4 2939 3502 2938 4225
4 74 65 68 2900
4 2749 3466 2987 3758
4 677 676 668 3575
4 2083 2084 2082 3144
4 3370 3583 2861 4109
4 2966 3253 3075 4036
4 798 3055 680 4085
4 964 996 760 3755
4 203 3543 3089 3595
4 3018 3036 2745 3706
4 2553 3660 3164 3746
4 1587 1579 1586 4117
4 1138 3555 1137 3580
4 489 481 3762 3888
4 2616 3335 2711 3497
4 1479 3419 3565 3974
4 2528 2683 2614 2964
4 2663 2832 3200 3792
4 1863 1862 3633 4205
4 2580 3110 2817 3741
4 638 3847 639 4242
4 563 534 532 3255
4 2843 3371 3478 3614
4 3003 3450 3209 3878
4 748 746 747 3172
4 2566 3386 3247 4030
4 1965 1964 1981 3431
4 3678 3969 413 4246
4 721 714 3658 3842
4 3173 3370 3369 3825
4 3053 3671 526 3959
4 3088 3541 3914 3984
4 3339 2773 3838 4123
4 2571 2729 2962 4074
4 2945 3573 2853 4040
4 3104 3969 2969 4126
4 3383 3557 3093 4261
4 1615 1614 3877 4039
4 2719 3768 3693 4178
4 747 749 748 3172
4 1435 3142 1426 3258
4 2590 3971 3586 4162
4 1518 1516 1515 4092
4 2705 2747 3985 4134
4 2605 2849 2790 4187
4 2780 4148 3460 4184
4 75 67 125 3846
4 2809 3094 3587 4068
4 1029 805 797 4297
4 2588 2819 2738 2882
4 2282 2275 2274 3427
4 2899 2749 3466 3798
4 2644 3723 3225 3783
4 2660 2830 2918 3500
4 2571 2729 2532 4235
4 2718 3242 3341 4167
4 2759 3467 2871 3708
4 2969 3002 2838 3703
4 803 795 804 4297
4 3316 2726 3869 4024
4 2625 3558 3458 4064
4 2090 2839 3152 3683
4 2613 3481 3391 4119
4 2198 2197 3118 3865
4 2694 3936 3215 4145
4 2820 3166 3515 3872
4 2634 2698 2545 4060
4 2119 3521 2118 3536
4 1981 1964 1980 3431
4 1145 3713 2132 4058
4 1548 3357 1532 4206
4 2517 3274 3525 3586
4 2677 2965 2888 3241
4 2664 4081 3190 4281
4 2861 3177 2498 3583
4 2785 3387 2726 4075
4 2543 3345 3099 3908
4 3168 3171 405 3445
4 753 744 3259 4280
4 444 433 3394 3606
4 2607 3689 3822 4266
4 3178 3254 2771 3627
4 2539 3691 2639 3765
4 167 3040 3039 3275
4 3003 3592 3358 4199
4 1102 3254 1103 3540
4 2603 2761 3380 3792
4 1977 2000 1998 3763
4 1335 3092 1330 3402
4 3076 3831 3323 4223
4 2852 3447 2824 4096
4 3088 3869 1670 3984
4 2545 2698 2627 3470
4 1978 2002 2003 3242
4 3619 3730 2970 4121
4 2662 2591 3609 3810
4 2697 3218 2553 3849
4 430 427 431 3507
4 1515 1516 3267 4092
4 1693 3200 1692 3652
4 1378 3061 2925 4175
4 3295 3927 2845 4198
4 2762 3154 2666 3765
4 1994 1975 1996 3763
4 2602 2536 3145 3524
4 3020 2669 3064 3762
4 1572 3677 1570 4036
4 2832 3975 3008 4227
4 2752 2794 3843 3979
4 2121 2106 2107 3205
4 2577 3117 2627 3118
4 2748 3274 3249 3903
4 2933 3337 2657 3980
4 2882 3111 2819 3313
4 2558 3173 3434 3918
4 2138 2166 2164 3638
4 2995 2848 3934 4159
4 2718 2857 3242 3866
4 2234 2261 2168 3638
4 1707 1708 1706 3013
4 2799 2980 2641 3848
4 660 3859 659 4197
4 3180 3222 2512 3864
4 2003 1979 1978 3242
4 1007 3122 1008 3640
4 2553 2697 3849 3992
4 3252 3314 3173 4046
4 810 1617 1618 3148
4 334 327 3123 3817
4 614 612 653 4138
4 2840 4070 3450 4151
4 2644 3417 3225 3723
4 2527 2871 3708 4041
4 2132 3713 1977 4058
4 2773 3561 3150 3653
4 1375 1369 2925 3857
4 3044 4010 3338 4073
4 748 3172 749 3785
4 2717 2584 3999 4132
4 3206 3460 2851 3803
4 2575 2802 4046 4196
4 3246 3557 2893 3658
4 306 3379 307 4043
4 2687 3199 3077 4077
4 227 213 215 4110
4 979 1004 3471 4257
4 2992 2724 3458 3853
4 2800 2859 2640 3120
4 2622 2550 2858 3398
4 2532 4151 3039 4162
4 67 115 125 3846
4 2952 3002 2665 3110
4 1727 1736 1735 3030
4 625 626 634 4003
4 2603 2688 2841 2902
4 1646 1623 1624 3220
4 2549 3197 3102 3308
4 3474 3764 3125 3956
4 2473 2472 3056 4088
4 2882 3228 2709 3820
4 346 341 357 347
4 3539 3746 3140 4235
4 2335 2338 2339 3628
4 67 72 58 3180
4 443 449 439 3292
4 856 867 3171 3313
4 1702 2035 1669 3529
4 1930 1923 1934 3069
4 1468 1461 1462 3422
4 1393 1394 2909 3065
4 2451 3907 3229 3965
4 1834 1833 1818 3518
4 178 190 70 14
4 2571 3003 3746 4235
4 2723 2814 3459 3990
4 3284 3592 3003 3878
4 2643 2602 3510 3511
4 2503 2808 3173 3314
4 2644 3615 3723 3783
4 148 137 141 3040
4 627 628 636 4003
4 3018 3029 2426 4084
4 116 105 3070 4194
4 2384 2368 2383 3737
4 3133 3481 3391 4303
4 444 3433 450 3606
4 1155 3156 1157 3942
4 457 458 455 3997
4 2526 3635 4143 4208
4 2217 2214 2223 3865
4 2754 3497 3394 4292
4 2539 3380 3442 3784
4 3453 3799 3373 3851
4 2511 3369 3370 4035
4 627 636 635 4003
4 865 3480 884 4129
4 2600 3130 2716 3694
4 1479 1498 1487 3419
4 2493 2900 3586 3903
4 3053 2695 3671 3959
4 2247 2246 2254 3812
4 2582 2702 2623 3835
4 369 381 377 3774
4 2554 2511 3250 3369
4 1753 3030 3071 3620
4 2501 3334 2534 3378
4 3087 2538 3768 3913
4 2498 3846 3864 3921
4 2613 2969 3104 3622
4 2694 3551 3086 3827
4 1583 3073 1575 3962
4 993 3388 991 3826
4 2247 2229 2228 3248
4 1679 1683 1684 3882
4 1973 1972 1048 3952
4 1048 1972 1047 3952
4 2795 3267 3258 3707
4 1869 1868 1855 4084
4 1729 2987 1734 4215
4 1795 1796 3824 4008
4 2530 2504 2562 3752
4 298 4101 3135 4306
4 2539 2603 3380 3784
4 1051 1976 1975 3763
4 1975 1050 1051 3763
4 3274 3552 3249 3656
4 2915 3281 2648 3843
4 2127 2126 3406 4026
4 3184 3588 2959 4115
4 1090 3178 3495 3942
4 2871 3158 2561 3366
4 2962 3362 2581 3363
4 2779 3440 3217 3624
4 2949 2493 3717 3903
4 2522 2560 3909 4011
4 2885 4266 3828 4298
4 1046 1045 3397 3601
4 707 708 3658 3819
4 856 3171 406 3313
4 769 648 640 4242
4 2014 2006 3430 3432
4 2770 3572 3503 4133
4 2189 3356 2188 3416
4 2648 3206 3665 3966
4 503 502 497 3078
4 2793 3537 3458 3753
4 1077 1079 1089 3495
4 120 127 2503 4238
4 4031 4056 2664 4082
4 940 3390 957 4045
4 2753 2962 3027 3539
4 2506 3860 3209 3861
4 2873 3228 2691 3330
4 2574 3334 2596 3757
4 2651 3470 2848 3916
4 2712 3056 2836 3367
4 1774 1771 1763 4214
4 336 335 3123 3124
4 745 747 746 4241
4 2694 3017 2813 3055
4 2265 2236 2237 3349
4 2723 3309 3203 3834
4 2832 3793 3008 3975
4 2632 2510 3881 3968
4 2749 3423 3621 3882
4 2749 3621 3423 3758
4 2522 2560 2633 2913
4 1703 1700 1674 3202
4 1361 1366 1362 3965
4 2600 2716 2827 3694
4 2752 3391 3481 4119
4 2710 3003 2571 3450
4 741 743 742 3509
4 2615 2956 2929 3696
4 1563 1566 1564 4158
4 3487 3643 2960 3966
4 903 3228 2873 4225
4 2090 3152 2091 3683
4 2562 2755 3809 4120
4 3003 3358 3284 4199
4 2496 3040 3393 3527
4 237 3840 238 4090
4 2519 2539 3784 4103
4 638 647 646 4242
4 2003 2011 3430 4080
4 2637 3551 3087 4184
4 2564 2772 2700 2798
4 2877 3681 3452 3682
4 653 654 655 4138
4 1695 3410 3418 3874
4 2854 3761 3058 3828
4 2637 3320 3597 4145
4 2602 3181 2956 4169
4 2503 3173 3252 3314
4 2833 3146 2934 3791
4 1296 3619 1300 4121
4 2623 3295 2845 4198
4 266 267 265 3146
4 982 956 980 3390
4 2749 2899 3758 3798
4 3264 3728 618 4197
4 1508 1519 1518 3382
4 2682 2825 2577 3302
4 2514 3704 2967 3806
4 911 2938 920 4225
4 3509 3602 739 4105
4 2871 3158 2759 3708
4 3419 3855 2958 3974
4 2798 3770 3375 3944
4 2716 3062 2895 4267
4 3003 3284 3209 3450
4 3155 3890 3207 4287
4 1824 3679 1823 3789
4 2798 2920 3375 3770
4 2667 3695 2894 4012
4 91 3385 3323 3976
4 652 650 682 3716
4 2943 4081 3165 4082
4 2997 3531 112 4194
4 275 2934 276 3772
4 3001 3578 3531 3887
4 156 50 130 3039
4 2785 2855 2664 4031
4 2271 2239 2241 3699
4 446 436 437 3508
4 713 2893 706 3658
4 2753 3027 3150 3539
4 2261 2234 2235 3349
4 122 185 112 2997
4 2626 3743 2693 3833
4 2581 3363 3362 3897
4 1190 1189 1181 3925
4 1463 3483 3422 4296
4 1089 1088 1077 3495
4 1923 3069 1918 3516
4 3308 3337 3197 4177
4 1888 1876 3505 4113
4 3003 2710 3284 3450
4 3080 3630 3141 3854
4 2469 2468 3367 4088
4 205 2491 218 2942
4 3166 3515 2936 3900
4 2683 2812 2682 3830
4 3297 3923 2845 3927
4 2522 3909 2905 4011
4 2808 3370 2495 4238
4 3004 3418 2746 3874
4 2010 2002 1669 3529
4 2561 2658 3158 3938
4 409 399 3478 3867
4 2074 2223 3395 3748
4 773 764 765 3764
4 2573 2690 3533 4056
4 3338 3586 2900 3903
4 3166 3811 3537 4255
4 2719 3693 3491 4178
4 883 890 864 3674
4 2697 2862 2832 3792
4 1766 2965 2879 3582
4 2682 2932 2776 3097
4 3388 3826 993 3944
4 3568 3658 716 3930
4 2523 3899 3894 3900
4 1464 1473 1466 3258
4 2904 3894 3476 3899
4 2648 3665 3281 3966
4 2637 3087 3551 3768
4 2824 3447 2852 4201
4 2597 3266 2765 4295
4 2903 3962 3245 4056
4 716 3568 722 3658
4 2745 2837 2601 3490
4 2531 3210 3443 3470
4 684 656 654 3751
4 1681 3200 1682 3882
4 3398 3801 3275 4070
4 3275 3801 2622 4300
4 2717 2879 2945 3472
4 1321 1328 1320 3670
4 2376 2972 2370 4262
4 275 259 260 3417
4 729 728 3246 3842
4 2651 2848 2531 3706
4 870 864 890 3674
4 1225 3596 1226 3715
4 3127 4256 3826 4258
4 1099 1012 1004 4071
4 2518 3799 3373 4095
4 2864 3249 3359 4004
4 783 785 747 4241
4 3319 3475 2854 4204
4 2624 3428 2738 3995
4 2824 2616 3497 4096
4 2760 3723 3615 3783
4 2026 2839 3128 4015
4 2502 3799 3453 3851
4 2832 3200 2862 3677
4 502 495 497 3078
4 1648 1646 3220 3652
4 2748 3337 3249 4004
4 412 3678 3104 3969
4 3098 3536 2902 3917
4 2885 2822 4266 4298
4 2808 3314 2976 3850
4 3247 3068 3654 4282
4 141 143 3039 3179
4 2566 4019 3386 4303
4 2511 2600 3369 4035
4 1049 1974 1973 3444
4 1973 1048 1049 3444
4 2034 3152 3748 4278
4 2391 2379 2373 4213
4 932 3915 2783 3998
4 2671 3067 4027 4153
4 1568 1566 1565 4037
4 428 429 3507 3508
4 2586 2531 2848 3706
4 2966 4036 3437 4136
4 2608 2888 2856 3187
4 746 744 745 4241
4 661 3264 659 3859
4 2093 2084 3144 3395
4 2712 2836 3184 3367
4 2955 3287 2582 3857
4 2362 2367 2363 3737
4 2696 3922 2653 4220
4 1323 3468 1289 4172
4 2585 3010 2704 3544
4 1518 1519 1516 4092
4 9 67 58 3593
4 2992 2799 3400 4271
4 2843 3557 3208 3819
4 2699 3440 3033 4106
4 2615 3111 2873 3480
4 3465 3547 3033 4273
4 2618 2557 2833 3493
4 1529 3244 1528 4299
4 2723 3639 3402 3990
4 2983 2933 3817 4111
4 767 766 3568 3764
4 1680 1612 1691 4136
4 2645 3550 3781 4123
4 3140 3653 3339 4226
4 2716 2827 2668 3014
4 1317 3216 605 3639
4 1391 1389 1400 3287
4 2095 3472 2094 4006
4 2517 2493 3274 3586
4 1610 1611 1603 4136
4 2866 3159 1332 3367
4 2607 3822 3027 4266
4 2808 3850 3434 3928
4 1722 1714 1715 3013
4 2915 3839 2794 3843
4 1813 2424 1801 3187
4 2864 3655 3528 3776
4 3137 3340 3185 3641
4 2850 3239 2775 4038
4 2667 3194 2961 3841
4 2530 3193 2504 4252
4 2663 2902 3030 3798
4 2524 3599 3428 3712
4 3200 2832 3423 3541
4 788 809 810 4105
4 238 3196 3146 4090
4 2815 2909 2713 4176
4 661 662 3611 3859
4 2667 2975 3728 4133
4 3487 2914 3648 4254
4 3338 3366 2497 4076
4 1566 1609 1608 3310
4 2586 3706 2745 3784
4 1821 3108 1841 3482
4 2650 2892 2745 3442
4 1105 3627 1106 4116
4 1636 1978 3341 3529
4 2623 3694 3360 4014
4 1527 3244 1526 4279
4 2657 3158 3006 3473
4 1322 2456 3183 3522
4 1732 2945 2879 4006
4 2393 3576 3115 4007
4 3503 4133 3572 4251
4 1498 1487 3419 3565
4 443 450 449 3292
4 2799 4271 2993 4272
4 2466 3195 2465 3876
4 3077 3103 2906 4144
4 3222 3325 2512 3864
4 3247 3654 3504 4282
4 2187 2181 2219 3865
4 2794 3135 2915 3281
4 3053 3545 3010 4187
4 3044 3534 2516 4162
4 1421 3143 1433 3258
4 2836 3195 2671 3588
4 2137 1150 1151 3637
4 1151 2138 2137 3637
4 2590 2611 3971 4162
4 2818 3666 3633 4047
4 2552 2828 2787 3365
4 1149 2135 1148 3637
4 2136 2135 1149 3637
4 2653 2880 2818 3505
4 2534 3378 3514 4171
4 2738 2665 3168 3712
4 2518 3373 3799 3850
4 2574 2642 3041 3757
4 1076 1113 1115 3374
4 192 2521 3211 3224
4 2426 3029 3018 3934
4 3027 2744 3828 4266
4 2770 3796 2926 4072
4 1468 1476 1469 3422
4 2933 2587 3607 3771
4 2824 3433 3394 4292
4 2780 3386 3307 4019
4 865 3112 884 3480
4 2540 2789 2705 3743
4 1564 1566 1608 3310
4 3096 3210 2501 3886
4 105 3070 120 3593
4 1110 1070 1071 3375
4 2872 3553 2604 3808
4 1534 3522 690 4221
4 1238 1237 1221 3350
4 2624 2842 2738 3948
4 3515 3561 2936 3900
4 428 427 425 3507
4 2294 2301 2302 3725
4 2687 2877 3566 4042
4 2793 3223 3920 4124
4 493 3078 495 3461
4 2943 3165 2676 3569
4 641 665 580 3344
4 240 3347 253 3608
4 3235 3435 3728 4133
4 424 3171 2989 4246
4 238 3840 3196 4090
4 2644 2732 3048 3493
4 701 423 702 4246
4 928 927 930 3049
4 2494 2957 3227 3340
4 3089 3595 2767 3810
4 2685 2755 2562 2829
4 1047 1046 1031 3951
4 1649 3418 1651 3652
4 1848 1849 1826 3412
4 2614 2874 2774 3928
4 3478 3760 3371 3867
4 1326 3402 1325 3639
4 2549 3158 2657 3473
4 2885 2822 4265 4266
4 2977 3091 2802 4134
4 2504 3222 3193 3981
4 1532 3357 3877 4206
4 3115 4060 2634 4095
4 2616 2538 3335 3359
4 3013 2746 3236 3536
4 354 367 355 3663
4 197 70 77 4161
4 1789 3426 3077 4144
4 2920 3034 2693 3769
4 2152 3346 2153 3736
4 3586 3971 3044 4162
4 2824 3064 3468 4172
4 2770 3695 3435 4133
4 1908 1902 1905 1909
4 3126 3479 3911 4295
4 1320 3670 1328 3990
4 2573 2795 2903 4219
4 771 770 3668 3669
4 703 3930 2989 3998
4 2558 3127 2772 4179
4 642 3618 665 4017
4 2717 2931 2945 3999
4 2177 2150 2149 4240
4 2336 2339 2340 3628
4 772 771 3474 3669
4 577 3459 553 3919
4 3460 3623 2838 4184
4 2797 2689 3519 4193
4 3177 2498 3583 3846
4 2464 3184 3183 3317
4 559 528 557 3268
4 2738 2989 2624 3995
4 3087 3551 3768 4209
4 2611 3450 3284 3729
4 3439 4106 3310 4210
4 154 166 68 3336
4 3077 3426 1789 3681
4 2851 3803 3090 4302
4 2658 2933 3607 3771
4 3055 3215 798 3463
4 3651 3739 2736 4170
4 1761 3582 1757 4083
4 1532 688 3153 3626
4 2814 3159 2866 4165
4 800 799 791 3669
4 2820 3564 3031 3823
4 1240 2239 2238 3929
4 2689 3992 2712 4180
4 3012 3344 2814 3670
4 1828 1813 1824 3187
4 2914 3197 2551 3477
4 2519 3784 3443 4103
4 331 425 427 3507
4 232 234 4156 4181
4 3383 3759 3622 4261
4 2619 3133 3281 3843
4 2098 2114 3413 3661
4 850 851 840 3698
4 2095 3661 2096 3967
4 1351 603 1349 492
4 2898 3055 2740 3463
4 2548 3551 3821 3827
4 2203 2194 2193 3748
4 2005 1981 1980 3430
4 787 785 786 3553
4 2005 1980 2004 3430
4 2814 2723 3459 3834
4 2816 3081 2741 3181
4 1888 1876 1877 3633
4 2551 2914 3493 3648
4 1001 3011 1009 3640
4 2779 3660 2701 3992
4 3106 3377 2515 3462
4 2656 2651 3036 3114
4 271 3135 270 3902
4 1794 1803 1789 3438
4 2633 2705 2747 3985
4 308 3379 307 3939
4 2752 2794 3839 3843
4 729 730 728 3842
4 325 3379 2817 4043
4 185 3531 2997 3887
4 771 3668 3474 3669
4 2917 3465 4273 4281
4 1474 1475 1467 3664
4 2898 2694 3055 3215
4 1313 3459 1319 3639
4 2858 2909 2897 3398
4 419 3506 410 3672
4 364 352 353 3663
4 2886 3221 697 3506
4 635 3277 643 4017
4 2293 2294 2286 3680
4 2508 3270 2606 4132
4 1004 3471 1091 4071
4 2632 3403 2510 3489
4 2817 3110 325 4043
4 2492 3378 3332 4211
4 3075 3662 2779 4158
4 2529 3340 3107 4135
4 2575 2715 2706 2984
4 1503 1502 1485 3271
4 2584 3270 2721 4132
4 3772 4302 2878 4306
4 3415 3956 2982 3995
4 2602 3145 3489 3511
4 677 3262 676 3575
4 2493 2949 3282 3283
4 275 286 271 4306
4 1178 3279 1170 3931
4 3192 3282 2949 4149
4 3557 3658 3208 3819
4 2278 2256 2255 3812
4 2600 3360 3270 4035
4 193 178 2957 3408
4 3235 3728 3435 4138
4 1145 1146 2132 3713
4 2132 1146 2133 3713
4 3039 4151 2590 4162
4 2559 3838 2650 3856
4 3362 3363 3099 3893
4 2545 2627 2706 2812
4 801 3463 3125 3714
4 2693 2920 2798 3968
4 386 3168 395 3484
4 1019 3826 1020 3944
4 2691 3702 2869 3820
4 3491 3693 2926 4178
4 506 509 507 3009
4 2867 2496 3526 3527
4 960 3388 943 4045
4 2596 3041 2642 3757
4 2117 2115 2116 3780
4 2573 3657 2795 4219
4 354 366 367 3663
4 2583 2974 2685 3409
4 1792 1793 1794 3566
4 430 431 2940 3507
4 2703 2834 3191 3192
4 1779 1789 3426 3681
4 2950 3394 3479 3818
4 1754 1753 3030 3071
4 540 3671 3263 3959
4 2862 3200 2832 3792
4 2712 3592 3358 4165
4 3104 3969 3678 4246
4 362 350 3110 4043
4 2667 3411 3207 3651
4 605 3216 583 3639
4 641 580 556 3344
4 2762 3005 3004 4222
4 3438 3556 1805 4144
4 639 3847 3567 4242
4 2930 2931 2584 3709
4 2501 86 3961 4150
4 3164 3660 2701 3775
4 2027 3280 2839 4015
4 3323 2500 3526 3976
4 676 692 691 4221
4 2626 2865 2686 3112
4 1866 1867 1879 3490
4 522 523 4245 4275
4 2638 3149 3032 3657
4 1505 3267 1516 3707
4 2773 3342 3339 4226
4 2087 2068 2069 3128
4 2599 3757 3257 3943
4 2423 2414 2421 3389
4 2885 3828 3066 4298
4 3173 2558 3825 3918
4 2069 2088 2087 3128
4 151 3645 136 3710
4 668 669 677 3575
4 2961 3701 2546 4170
4 3161 4186 3436 4234
4 2272 2250 2153 3346
4 3176 3180 3177 3593
4 1105 1097 1106 3627
4 340 339 355 3532
4 950 949 933 4285
4 1021 1029 797 4297
4 2636 2949 3192 3392
4 3203 3459 2723 3834
4 2759 3158 2871 3366
4 2890 2894 3751 4138
4 2767 3595 3089 4120
4 718 725 3169 3602
4 1712 2059 1702 4080
4 802 818 817 3714
4 2785 3316 2584 4075
4 2589 2631 3257 3393
4 2790 3009 3722 4216
4 794 3415 3125 3764
4 1157 3156 1155 3298
4 2624 2898 3759 3827
4 2938 3049 2865 3632
4 2872 2604 2887 3602
4 2836 2986 4199 4200
4 3188 3320 3307 4019
4 804 820 819 3714
4 2618 3192 2556 3282
4 3177 4109 3370 4238
4 2522 2727 2560 2913
4 1104 1103 1095 3627
4 928 913 927 3049
4 1596 1595 1603 3251
4 1603 1604 1596 3251
4 3316 3869 1663 4024
4 742 743 3390 3509
4 2455 2456 1460 3317
4 2630 2946 2758 3629
4 2607 3828 2885 4266
4 2519 3443 3210 3538
4 934 951 950 3122
4 684 654 683 3751
4 423 701 422 4246
4 2827 2855 3244 3692
4 2552 2828 2747 4011
4 3124 3461 3394 3479
4 2577 2884 2627 3470
4 2852 3126 3479 3911
4 1825 1810 1814 3673
4 2721 2785 3357 3877
4 1176 1250 1184 3745
4 548 633 641 4017
4 2738 3428 2588 3995
4 2796 3083 2690 3245
4 3050 2865 3632 3901
4 226 3840 217 4264
4 1426 1435 1428 3142
4 2645 3781 3084 4123
4 1541 1424 1431 4108
4 3051 3632 3049 3767
4 988 990 960 3388
4 3004 3874 3236 4029
4 2438 3294 3134 3907
4 231 242 230 3783
4 161 2900 3044 3950
4 451 3433 444 4201
4 3268 3647 2844 3977
4 3066 3319 2854 3991
4 3023 3155 3581 4287
4 1604 3541 3251 4136
4 280 279 3120 3322
4 2933 3816 2983 3817
4 1951 3805 3684 4272
4 250 249 238 4090
4 737 736 3602 4105
4 232 234 233 4156
4 2119 2104 3278 3536
4 1681 1682 1677 3882
4 2862 2761 3652 3792
4 2660 3475 3058 3988
4 2666 3691 3028 4190
4 2526 3635 2582 3835
4 1977 3713 2000 3763
4 2160 2158 2135 3186
4 2960 3409 2743 3421
4 2845 3143 2702 3923
4 3176 3177 2503 3593
4 3043 3507 2766 3544
4 2669 3468 4091 4292
4 2238 2269 2267 4078
4 1693 3200 3652 3882
4 932 933 949 4285
4 857 3313 858 3674
4 886 2938 3112 3632
4 3044 3534 2933 4073
4 2803 3651 2736 3760
4 2074 2217 2223 3748
4 3008 3975 3793 4218
4 2597 3980 3126 4295
4 2989 3930 3208 4261
4 95 3453 3323 4223
4 2992 3069 2724 3853
4 2989 3171 2842 3445
4 2614 3288 2528 3850
4 2843 3104 3478 3678
4 2095 3472 3661 3967
4 2538 3249 2941 3552
4 3020 3433 452 3700
4 1688 1687 1690 3236
4 2245 2253 2246 3749
4 3087 3551 3086 4184
4 3031 3564 3190 3823
4 2729 3363 2962 3724
4 2569 3544 2527 3708
4 2797 3618 3277 4178
4 1505 3267 3258 3687
4 2504 2512 3180 3222
4 3190 2664 4056 4082
4 603 3293 490 3762
4 751 749 3553 3785
4 1073 1087 1086 3495
4 1304 1303 2440 3025
4 2501 3368 3886 4150
4 1638 1637 1663 4231
4 1693 3652 3410 3882
4 148 98 89 4232
4 1368 1369 1374 3857
4 2661 2703 2679 3196
4 332 331 329 3815
4 2907 3666 2906 3829
4 3728 4138 618 4197
4 1677 1676 1681 3882
4 80 2589 3910 4232
4 2250 3346 2251 3777
4 388 3161 400 4186
4 2886 3506 697 3672
4 135 151 3139 4211
4 2732 2583 2760 3790
4 1626 1652 1650 3884
4 1144 1120 1118 3863
4 1694 3410 1693 3652
4 804 795 796 4297
4 902 3228 917 3915
4 2524 3185 2612 3641
4 1580 1556 1555 4231
4 1225 1196 1194 3863
4 3657 4219 3031 4265
4 2868 2904 3823 3899
4 2134 2158 2156 3713
4 2698 2996 2651 3916
4 729 3785 730 3842
4 2951 3538 3496 3860
4 2973 3459 3203 3834
4 3676 3907 3589 3965
4 2548 3087 3086 3623
4 2243 2251 2244 3749
4 3167 4143 2782 4188
4 2907 3673 3108 4205
4 2795 3422 2903 4219
4 2717 2879 2965 3999
4 3549 2788 3973 4125
4 3499 3513 305 3772
4 1654 1628 1656 3884
4 2870 2671 3588 4027
4 2586 2651 3018 3706
4 2132 2154 2000 3713
4 2721 2875 2600 3270
4 275 291 286 4306
4 2501 2534 3334 3886
4 119 121 2976 3314
4 64 164 3174 3846
4 822 351 3321 3738
4 1903 3516 1918 3853
4 3311 3594 2943 4125
4 2285 2293 2286 3680
4 2007 3432 2015 3449
4 2581 3987 3047 4028
4 2716 3411 3250 4267
4 2276 2254 2253 3812
4 2822 3381 3382 4153
4 2719 3454 2814 3834
4 1137 2124 3580 4258
4 400 3161 410 3506
4 2433 2435 3589 3659
4 2868 3035 2904 3899
4 3258 3267 1505 3707
4 76 122 116 2997
4 2803 3207 3614 3960
4 2724 2992 3458 3879
4 2059 1712 2075 4192
4 1193 3298 1119 3863
4 2646 2841 3278 4222
4 2753 3099 3362 3363
4 3003 2712 3592 4199
4 1154 1193 1195 3298
4 2643 3510 2567 3524
4 2564 2798 2700 3968
4 2460 2459 2467 4088
4 2567 2661 2703 3741
4 2706 3406 2984 4240
4 2709 3105 2738 3995
4 2523 3150 3515 3561
4 2612 2811 2720 2823
4 3195 3588 2836 4088
4 2589 3257 2631 3943
4 1158 3156 1157 3298
4 3207 3411 2895 3808
4 2711 3971 2806 4069
4 3489 3743 2540 3985
4 2542 3792 3380 3793
4 3059 3261 2696 3331
4 2890 2827 3083 3751
4 464 3020 3700 3888
4 1704 1713 1711 3202
4 167 3039 168 3275
4 2014 2039 2040 3432
4 3307 3913 2780 4148
4 2593 4057 3539 4266
4 1676 3541 1681 3882
4 2772 2802 2801 4026
4 2799 2992 2724 3879
4 1990 1992 1993 4015
4 2036 2061 2037 4080
4 540 520 3263 4250
4 113 81 25 88
4 842 837 3698 3731
4 2539 2519 3028 3691
4 1867 3518 1854 4084
4 599 3255 563 3441
4 862 3239 877 3901
4 2459 2466 2467 3195
4 2536 2678 2800 3121
4 3171 3445 2989 4246
4 96 2589 3393 3943
4 1908 1909 1905 3937
4 3130 2527 4041 4304
4 1010 3011 3471 3885
4 2560 2576 2552 2787
4 3253 3677 1571 4036
4 2788 3973 3594 4055
4 1729 3466 2987 3924
4 2620 3276 2685 3752
4 819 3714 820 3884
4 2878 2915 4101 4306
4 169 176 2561 3366
4 2559 4220 3494 4290
4 2065 2041 3432 3449
4 1884 3414 1872 3906
4 2663 2902 3798 4239
4 2652 2815 2910 3398
4 1477 3855 1478 4137
4 2752 3352 2794 3979
4 547 3263 541 3782
4 2761 3004 2762 3154
4 1402 1739 3290 3940
4 2698 3175 2972 3301
4 2650 3726 2837 4189
4 1789 3438 3077 3681
4 441 435 430 3461
4 1455 1491 1490 3974
4 2536 2510 3403 3489
4 2035 1702 2059 4080
4 2838 2952 2851 3513
4 641 665 3344 4017
4 2448 2447 3464 3571
4 3027 3539 2744 4266
4 465 3064 466 3700
4 1162 1164 1163 4089
4 518 3203 543 4216
4 150 2590 143 3861
4 2302 2301 2309 3734
4 357 346 347 3147
4 1139 1140 3555 4026
4 942 943 4044 4045
4 3525 3552 3274 3656
4 950 933 934 3122
4 2683 2528 3288 3830
4 373 361 3002 4253
4 3317 3522 1533 3662
4 2329 1288 1285 3584
4 1309 2448 1307 3333
4 626 625 3328 4003
4 2595 2797 3551 3768
4 1416 3082 593 4146
4 941 4044 940 4045
4 661 622 620 3264
4 1435 3142 1466 3664
4 121 118 2976 3001
4 2783 3396 2982 3995
4 2969 3104 2842 3969
4 2079 2954 3605 3967
4 3622 3759 2624 4261
4 3077 3438 1789 4144
4 2575 2984 2706 3406
4 3072 3471 1091 4257
4 1712 1719 2075 4192
4 1395 1402 3290 3940
4 2840 2963 2496 4063
4 2764 3432 3449 3605
4 3106 3726 3442 3856
4 2492 3332 3378 3910
4 2815 2928 2713 3659
4 79 2504 72 3193
4 2603 3380 3485 3792
4 2060 2061 2036 4080
4 259 3225 260 3417
4 2973 3782 3263 4250
4 2831 2830 3500 3634
4 277 264 274 3120
4 2573 3533 3190 4056
4 1626 1625 3714 3884
4 2505 3288 2541 3799
4 2928 3293 3160 3589
4 240 3196 239 3305
4 2603 2762 3004 4222
4 1056 1054 946 3770
4 2379 2377 2372 3521
4 1904 3853 1914 3854
4 562 535 534 3255
4 2814 2973 3459 3919
4 798 3215 3055 4085
4 800 3125 3463 3669
4 2162 2164 2165 3361
4 2372 2119 2120 4157
4 451 452 3433 3700
4 1714 1722 1721 3612
4 169 2561 170 3044
4 2870 4027 3565 4153
4 2474 2475 2471 3876
4 634 635 643 4017
4 2861 3360 3694 4035
4 1425 1410 1418 3405
4 2524 3428 2588 3712
4 2676 3165 3753 4064
4 2531 3706 2586 4171
4 2664 3189 3311 4081
4 2543 3908 3085 4100
4 2870 2671 3195 3588
4 2560 2828 2913 3214
4 775 3396 3415 3755
4 3353 2809 3855 4068
4 2603 3691 3765 4212
4 1571 3253 1540 3585
4 2793 3505 3080 4104
4 103 80 2589 3332
4 2736 2794 2619 3972
4 2693 2705 3091 3376
4 2872 2604 3169 3351
4 2843 2893 3819 3960
4 2178 2179 2151 4240
4 2754 2950 3394 4009
4 3237 3701 2743 4170
4 2907 3141 2793 3630
4 2842 2989 2738 3171
4 3317 4115 3587 4130
4 2323 2343 2321 3675
4 480 3762 3064 4245
4 962 3051 945 3767
4 710 914 717 3998
4 3152 3280 2029 4128
4 1459 1454 1458 4130
4 2694 3086 3936 4145
4 2508 3360 3364 4035
4 385 3703 3484 3969
4 1618 811 810 3148
4 2937 2788 3426 4002
4 607 587 606 3670
4 783 781 782 4241
4 2982 3396 2783 3755
4 701 702 3930 4246
4 369 3289 381 3774
4 2509 3139 3138 3496
4 356 355 368 3996
4 2421 3029 2423 3389
4 3087 3768 3307 3913
4 2107 2122 2121 3205
4 931 717 914 3998
4 2736 3161 2803 3436
4 2500 3385 3323 4223
4 3411 3651 2546 4288
4 2744 3475 3319 4074
4 2498 4041 3467 4304
4 1877 3633 1878 3937
4 2626 2938 2865 3112
4 1766 2965 1777 3576
4 2612 3641 3185 4173
4 2676 2739 3241 3569
4 1616 1632 1633 3891
4 713 716 722 3658
4 2233 2258 3699 4152
4 2034 3748 3152 4128
4 2667 2895 3207 3411
4 3068 3721 3528 4086
4 2770 3695 3504 4072
4 1372 3676 3229 3875
4 530 649 610 3982
4 106 42 155 4109
4 3184 3588 2462 4088
4 1787 2965 1777 4001
4 2627 2577 2921 3117
4 1010 1011 1026 3885
4 2221 3144 3832 4243
4 3103 3426 2788 4002
4 2853 3573 3582 4083
4 1077 3374 1078 3376
4 45 107 112 3531
4 211 210 204 3089
4 1316 3216 1317 4172
4 2753 2963 2840 4063
4 2918 2621 3500 3501
4 3373 3850 2808 3851
4 999 3122 1007 4285
4 2781 3093 3474 4301
4 822 344 320 351
4 1333 1332 1326 3990
4 3217 3660 3140 4226
4 3174 3366 2871 3921
4 370 372 3289 3703
4 327 3814 3123 3817
4 2012 2038 2013 3430
4 2573 2623 2526 3533
4 3147 3774 357 3839
4 769 3215 648 4242
4 2522 2905 3531 3983
4 3093 3871 3557 3898
4 2833 3840 2644 4090
4 1011 1027 1026 3885
4 2105 3278 2106 4157
4 2562 2800 2530 3752
4 815 3463 1622 3585
4 2559 3494 3726 4290
4 1684 3410 1695 3874
4 2905 2522 3512 3983
4 2218 3748 2195 3865
4 2833 2934 2851 3791
4 2667 3728 2894 4133
4 3063 3178 2771 3627
4 2621 3047 3501 3897
4 850 3019 401 3506
4 2699 3033 3437 4106
4 1965 1040 3866 4256
4 2742 3697 3060 3757
4 2753 3099 2963 4063
4 3450 3746 3209 3878
4 1421 1433 3143 3923
4 1664 3316 1663 4024
4 3550 3753 2935 3920
4 3055 3548 3463 3585
4 2851 3513 3499 3772
4 3206 3665 3015 3803
4 3320 3597 3023 4018
4 2495 3385 3364 4223
4 2689 3522 3317 3662
4 250 238 3146 4090
4 2769 3547 3465 4273
4 2709 3228 2882 3915
4 2123 2101 2117 2972
4 1073 1075 1087 3495
4 3706 3886 2534 4171
4 2506 2876 3265 4141
4 2190 2184 3356 3953
4 2667 3264 2894 3728
4 3274 3552 3525 4141
4 3023 3320 3581 3597
4 487 3329 2847 3488
4 2785 2664 3312 4031
4 2540 3833 3530 3870
4 1014 1038 1039 4286
4 2767 3192 2636 3981
4 364 378 366 3663
4 2685 3276 2562 3752
4 2730 3495 3034 3978
4 2795 3304 2573 3835
4 1583 3547 3073 4296
4 2537 2994 2782 3558
4 3533 3190 4056 4082
4 2703 2618 2834 3192
4 503 502 3078 3447
4 2717 2968 2558 3742
4 1902 1905 1909 4097
4 2701 3660 3164 4054
4 1118 1143 1144 3863
4 1027 1011 1012 4071
4 2550 2858 2629 3732
4 2645 3973 3682 4218
4 1037 3101 1038 4286
4 1194 1224 1225 3863
4 1013 3101 1037 4286
4 2542 3339 3140 3856
4 2557 2618 2556 4102
4 2814 3459 2973 3834
4 3323 3385 2500 3976
4 2735 3614 3207 4287
4 414 3171 415 4246
4 3068 3247 4030 4282
4 2534 3106 3514 4290
4 105 10 116 69
4 1039 1015 1014 4286
4 81 25 104 113
4 1681 3541 3200 3882
4 154 68 57 3336
4 2607 2885 4265 4266
4 1590 1582 1589 4137
4 2711 2806 2923 4009
4 2801 2802 2575 2984
4 2839 2646 3205 3278
4 2653 2880 3505 3516
4 2521 3224 2647 4118
4 3013 3030 2746 3536
4 2669 4091 3619 4292
4 1181 1182 1190 3925
4 1866 1879 1878 3644
4 2525 184 3704 3806
4 2699 3563 3189 4273
4 120 3070 105 4194
4 650 681 682 3716
4 2601 2534 2745 3706
4 694 693 3797 4037
4 3402 3639 1326 3990
4 2514 3420 3210 3538
4 69 2997 116 4194
4 2649 3359 3249 4004
4 2024 3128 2023 4015
4 2896 3440 3354 3563
4 1871 3630 1876 4113
4 1930 1934 1839 3069
4 3320 3023 3581 4018
4 2806 3456 3025 3994
4 2526 2582 3635 4198
4 1655 3418 3004 3874
4 1317 3639 1325 4172
4 2569 3544 3266 4086
4 3062 3553 784 4241
4 2959 3588 2671 4027
4 2691 3820 2873 3880
4 2822 3381 4153 4298
4 1028 1027 1012 4071
4 1010 1026 3640 3885
4 2822 3382 4027 4153
4 2712 4054 3592 4180
4 1358 2925 1356 3802
4 2609 2646 2821 4212
4 2522 3531 3578 3887
4 2576 2528 2614 2964
4 1876 3630 3505 4113
4 89 80 33 4232
4 2559 3653 3494 4220
4 2522 3531 2905 3909
4 3750 3824 3566 4008
4 2216 2213 2215 3832
4 3109 3467 2759 3721
4 1762 1769 1759 4284
4 2474 2986 2475 3876
4 950 933 3122 4285
4 2519 3443 2609 3691
4 2583 3409 3109 3643
4 2820 3515 3166 3899
4 3202 4024 2726 4099
4 3454 3492 2719 3768
4 1119 1117 1118 4065
4 2573 3031 3657 4219
4 3581 3597 3320 4145
4 2369 2384 3175 3413
4 3192 2591 3570 3981
4 2503 3370 3173 4238
4 2385 1774 3098 3941
4 34 138 128 3332
4 2750 3016 3597 4145
4 34 128 80 3332
4 1405 3066 2922 3958
4 2570 3304 2904 3892
4 268 282 281 4025
4 984 958 957 4045
4 513 3309 508 4216
4 2724 3879 3131 4294
4 165 117 171 3385
4 735 2982 724 3755
4 3033 3547 3465 4210
4 2564 2705 2693 3743
4 2847 3160 2617 3329
4 2524 3599 3028 4147
4 2588 2666 2524 4190
4 2972 3117 2627 3301
4 456 454 461 4270
4 1707 3236 3013 3874
4 3154 3397 2784 3714
4 461 454 462 4270
4 1986 1988 1989 4029
4 1648 1649 1646 3652
4 3015 4018 3481 4303
4 1827 1813 1824 1828
4 1945 3219 1959 3756
4 1070 1059 1068 3375
4 3087 3552 2538 3913
4 2074 3748 3395 4278
4 912 3049 928 3502
4 1371 1373 3132 3676
4 2571 3134 2652 4074
4 635 644 643 3277
4 2857 3431 3242 3866
4 638 3016 3847 4242
4 686 660 658 3859
4 624 3264 3611 3711
4 33 128 137 4232
4 3090 2878 4101 4306
4 662 688 664 3859
4 960 959 988 4045
4 2374 2375 2386 3300
4 3371 3760 3614 3867
4 245 251 259 3225
4 2891 3232 2835 4217
4 45 185 179 3531
4 367 3663 366 4186
4 3307 3320 2637 4184
4 2572 3260 3261 3922
4 1221 1212 3766 4268
4 1378 3061 1382 3857
4 2770 3503 3247 3504
4 2536 3489 3403 4263
4 2618 2949 3192 3282
4 897 2938 886 3632
4 858 3111 855 4129
4 2857 2700 3100 3826
4 2763 2908 2706 3591
4 2690 3962 3073 4056
4 3237 3409 2743 3467
4 791 792 800 3669
4 2427 2428 2425 3029
4 3251 3541 2832 4136
4 1825 1831 3108 3673
4 1471 3258 1438 3923
4 2889 3671 2695 4072
4 1147 1146 3688 3713
4 2872 2655 3172 3808
4 366 3663 378 4186
4 693 4037 1537 4221
4 2527 3544 2592 3708
4 93 104 26 114
4 255 259 3417 3783
4 76 116 69 2997
4 2697 3380 3218 3849
4 2210 3302 2169 3348
4 2936 3537 3223 3811
4 1169 1170 3279 3942
4 1315 4172 3064 4245
4 1948 3400 3805 4272
4 463 3020 464 3888
4 347 3147 3513 4253
4 2542 3485 3792 3793
4 1751 1757 1756 1750
4 2735 3207 2803 3651
4 2536 2602 3145 3489
4 2609 3028 2519 3691
4 1587 3286 4117 4195
4 3065 3319 2792 4074
4 267 2934 265 3146
4 2848 3470 2698 3916
4 3188 3307 2826 4019
4 745 624 781 4241
4 436 428 437 3508
4 375 3110 363 3326
4 2753 3539 3150 3653
4 3504 3654 3247 4072
4 1292 1291 603 3762
4 2645 2906 3550 4077
4 2703 2833 2679 3196
4 2602 2956 3511 4169
4 963 3051 962 3944
4 221 205 218 3963
4 3185 3702 2578 3820
4 2520 3643 3109 3721
4 354 339 337 3663
4 3138 3227 2757 4053
4 2090 3205 2839 3683
4 2709 2882 3105 3915
4 2034 3152 2032 4128
4 3093 3474 3759 4261
4 3223 3560 2773 3838
4 2496 2979 2867 3526
4 2668 2890 2827 3083
4 3307 3768 2538 3913
4 3793 3975 3084 4218
4 170 3039 156 3044
4 1599 1600 1592 4210
4 2540 2686 3489 3530
4 2804 3870 2789 3985
4 820 804 805 4297
4 3068 3655 3528 4067
4 1203 1201 1202 4089
4 1218 1152 1136 4116
4 1324 3402 1330 4172
4 2671 3164 3775 4057
4 858 3111 849 3696
4 2679 2703 2661 3741
4 1791 3426 3103 4000
4 1888 3505 3937 4097
4 2565 3190 3564 3873
4 2766 3043 2946 3508
4 3199 3666 3045 4047
4 2974 3281 2685 3409
4 1577 4117 3559 4203
4 2664 3190 4081 4082
4 2860 3195 3134 3907
4 2879 3573 1750 3582
4 2749 3621 3612 3882
4 2720 2555 3704 4139
4 3010 3544 2585 4187
4 2525 2598 2720 3704
4 1015 1039 3384 4286
4 1650 1652 1653 3418
4 1477 1470 1469 4137
4 1349 3160 1348 3293
4 10 105 58 69
4 2509 3552 3274 4141
4 2974 3135 2878 4306
4 2893 3351 2872 3842
4 3265 3599 3028 4141
4 2869 2981 3885 4058
4 1714 3013 1722 3612
4 3141 3630 2907 4205
4 2628 3234 2994 3558
4 1262 1263 1279 2988
4 2125 2124 3407 3580
4 1103 1102 1094 3254
4 1163 1161 1162 4089
4 374 3002 3110 3168
4 117 42 106 4109
4 3159 4165 2814 4193
4 3085 2523 3561 3908
4 821 3397 820 4297
4 3024 3730 2434 4121
4 1927 1930 2992 3853
4 2624 2842 3622 4261
4 288 301 289 3779
4 3633 3644 1878 3937
4 2524 3185 2580 3712
4 2794 3281 2915 3843
4 2620 3237 2685 3972
4 1592 1591 1599 4210
4 850 840 3019 3698
4 3103 3673 2906 4144
4 2632 3239 3182 4169
4 2009 1985 1984 3449
4 1407 1742 1741 3065
4 376 378 364 3436
4 69 3070 58 4050
4 1751 1757 3573 4083
4 2752 3774 3147 3839
4 688 3611 664 3859
4 2997 3070 69 4087
4 1508 1506 1519 3032
4 2573 2868 3190 3533
4 994 993 995 3944
4 2610 3333 2768 4200
4 2765 2766 3473 3815
4 2753 3362 2962 3363
4 2944 3221 2850 4044
4 2581 3476 3892 3893
4 755 756 764 4301
4 2531 3210 3470 3830
4 3463 3548 3220 3585
4 2923 3092 1298 4244
4 764 763 755 4301
4 2864 3126 3776 4004
4 3314 3909 2552 4011
4 2204 3748 2203 3795
4 2668 3695 2961 3841
4 508 513 512 3309
4 3078 2852 3447 4201
4 2764 3449 2763 3605
4 2638 3032 4127 4265
4 840 833 380 4186
4 286 298 3135 4306
4 2868 3166 3035 3899
4 2614 2518 3850 4196
4 1563 4037 1565 4158
4 341 342 3147 3839
4 2717 2965 2879 3576
4 706 700 707 4052
4 1633 1617 1616 3891
4 2520 3109 3643 3649
4 2908 2763 3605 4179
4 2493 3282 3138 3283
4 1984 2008 2009 3449
4 2495 3370 2808 3373
4 2626 2730 2939 3880
4 1918 3069 1930 3853
4 3643 3721 2520 4067
4 2820 3166 3823 3899
4 2526 4188 3360 4208
4 640 761 769 4242
4 936 920 937 3330
4 850 401 3019 4186
4 2454 1456 1457 4115
4 1131 1147 1146 3688
4 2847 3042 2568 3488
4 2962 3987 3363 3988
4 1589 1478 3353 4137
4 2554 4267 3250 4288
4 1594 1593 1601 4210
4 2644 3048 2732 3615
4 3086 3581 3320 4145
4 215 213 214 3609
4 2266 3349 2265 4078
4 1374 1369 1375 3857
4 2639 2740 2666 4147
4 3183 3184 2464 3989
4 2164 2137 2138 3638
4 2168 2139 2234 3638
4 2804 2916 3870 3993
4 2553 3660 3992 4054
4 639 647 638 4242
4 2842 3104 2969 3622
4 3958 3991 2854 4204
4 850 3019 840 4186
4 1988 1971 1972 3952
4 3030 2902 3536 3917
4 390 378 388 4186
4 1973 1974 1992 3952
4 1601 1602 1594 4210
4 1666 1674 1700 4024
4 733 757 3246 4301
4 747 3172 746 4241
4 3155 3786 3581 4287
4 1147 3186 2134 3713
4 2624 2738 3428 3948
4 2571 2744 4057 4074
4 2618 2949 3282 3717
4 1455 1454 1459 4130
4 311 297 312 3787
4 1589 1582 1581 4137
4 188 76 60 2997
4 2413 3115 3804 4022
4 2670 3434 3314 4046
4 3141 3458 2734 4064
4 1116 1143 1118 4065
4 2626 2865 2938 3049
4 2534 2601 2745 3726
4 2602 3321 2741 3322
4 2674 3304 2955 3835
4 2527 3708 3295 4041
4 2018 3128 3236 4029
4 2869 3324 2863 3951
4 340 345 343 3996
4 820 1627 1626 3884
4 1626 819 820 3884
4 3138 3227 2494 3710
4 46 118 107 3001
4 2678 2741 2602 4263
4 2513 3227 3137 4053
4 2555 3096 2682 3210
4 159 2867 2507 3976
4 1305 1302 1299 3455
4 466 3700 3064 3888
4 2576 2552 2874 3928
4 186 84 99 3212
4 887 889 3105 3674
4 2062 2078 2079 3967
4 2076 3472 3967 4080
4 804 3714 803 4297
4 2922 3267 2955 3304
4 2665 3002 2842 3168
4 132 65 147 3949
4 3642 3704 2514 3806
4 3633 4124 3630 4205
4 1829 1815 3556 3829
4 2583 2960 3409 3643
4 453 3700 451 4201
4 1833 1817 3518 3556
4 1590 3547 1582 4137
4 2645 4123 3084 4218
4 2769 2903 4137 4219
4 62 70 56 3227
4 3085 3908 3667 4100
4 1743 2792 3319 4204
4 883 889 3674 3915
4 2840 3209 3179 4151
4 2815 2617 2928 4259
4 656 655 654 4138
4 2731 2912 3595 4120
4 2048 2046 2045 3128
4 2987 3758 2899 4040
4 3538 3641 2524 4190
4 989 991 990 3388
4 337 352 354 3663
4 2937 3582 2965 4001
4 97 3323 2631 3393
4 2866 3335 2616 3454
4 339 2883 337 3663
4 309 310 326 3321
4 643 3277 644 3618
4 2547 3360 3270 4014
4 2188 3118 2198 3416
4 2851 3090 3772 4302
4 3253 3075 4036 4037
4 2803 3371 3867 4052
4 3366 3946 2497 4076
4 389 398 388 3867
4 3108 3141 2907 4205
4 2781 2982 3568 3764
4 468 478 4034 4293
4 104 113 126 2495
4 1993 1991 1990 4015
4 2598 2916 2720 3026
4 3380 3548 2761 3765
4 728 730 726 3842
4 2590 3861 3209 4151
4 2615 3480 2956 3696
4 81 93 104 26
4 1842 1840 1846 3789
4 748 3172 3785 3871
4 2551 2914 3477 3493
4 3352 3787 3663 3839
4 2459 3588 3195 4088
4 2780 3206 3460 4148
4 301 3121 289 3779
4 102 3453 93 3904
4 3352 3760 2901 3774
4 2507 3735 158 4183
4 156 3039 130 3950
4 2687 3442 2650 3604
4 3010 3043 2704 3544
4 399 398 389 3867
4 2697 3792 2832 3793
4 2568 2630 2847 3488
4 2597 3308 3528 4004
4 1891 1892 1906 4107
4 2878 3772 3090 4302
4 1844 1841 3108 3482
4 1796 2416 1808 3934
4 1550 1551 1543 4279
4 2854 3991 3319 4204
4 554 3919 553 4250
4 2586 3018 2745 3706
4 2223 2214 2222 3395
4 236 246 235 2859
4 1142 1116 1114 3404
4 2424 1813 1828 3187
4 1042 1018 1017 3826
4 2676 4000 3103 4002
4 2866 3159 3367 4165
4 2603 2761 2762 3765
4 513 508 507 4216
4 1871 1870 1864 3906
4 2369 2384 3413 3737
4 2716 3014 2668 4012
4 2506 3265 3028 4141
4 1548 1629 3877 4231
4 2603 3380 2761 3765
4 2648 3090 2915 4020
4 3035 3131 3085 4255
4 974 975 999 3122
4 2576 2874 2614 3928
4 1771 1774 1772 4214
4 2858 3079 2909 4176
4 2868 3823 3166 3899
4 867 3313 856 3674
4 126 2495 2808 3851
4 2748 3249 2517 3903
4 2743 3467 3109 3721
4 516 505 515 3545
4 3310 3437 2966 4036
4 2095 3661 3472 4006
4 365 357 3774 3839
4 658 685 686 3859
4 2509 3274 2941 3717
4 810 4039 3148 4105
4 662 687 688 3859
4 1023 3324 1007 3640
4 2165 2163 2162 3361
4 932 2783 3915 4285
4 886 3632 3112 3901
4 277 274 279 3120
4 2667 2961 3695 3841
4 502 495 3078 4201
4 2745 3442 2688 3784
4 2637 3693 3307 3768
4 1048 1032 1033 4059
4 200 193 2957 3887
4 435 3461 445 4201
4 2743 3409 3237 4170
4 2174 2175 2172 3074
4 613 3435 614 4138
4 2036 2011 2010 4080
4 2604 2803 3411 3651
4 2940 3461 2849 3747
4 2748 3903 4010 4177
4 1034 1035 1050 4059
4 1864 1863 3630 4205
4 1964 1980 3431 3866
4 2955 3287 1400 3958
4 298 297 3135 4101
4 1865 1878 1877 3633
4 1371 1372 1373 3676
4 1814 3829 3673 4144
4 2255 2277 2278 3812
4 167 174 141 3040
4 2499 3145 3107 3512
4 2664 3190 4056 4281
4 722 721 713 3658
4 1734 3573 3466 4083
4 640 631 632 3567
4 639 631 640 3567
4 1039 1964 1965 3866
4 763 772 771 3474
4 3138 3282 3137 4053
4 162 3385 91 3976
4 1889 1877 1878 3937
4 2376 3970 2972 4262
4 3201 3052 3680 4066
4 1965 1040 1039 3866
4 1405 2922 1400 3958
4 3144 3605 2763 4243
4 378 390 379 4186
4 3565 4027 3382 4153
4 447 3508 437 3629
4 304 305 3513 3772
4 1889 1878 1890 3937
4 2963 3363 2729 3800
4 2531 3210 3096 3886
4 1427 3142 1426 3143
4 1655 3418 1653 3884
4 2127 2143 2144 3646
4 3002 2838 3703 4253
4 1998 1976 1977 3763
4 134 140 3138 3710
4 2773 3150 3690 4226
4 1680 1604 1612 4136
4 1923 3516 1919 4097
4 2875 2721 3626 3877
4 1603 1602 1610 4136
4 2690 2827 2721 2855
4 729 3246 3785 3842
4 180 191 183 3720
4 2731 3650 3648 3790
4 1994 1974 1975 3763
4 1520 1510 1511 3875
4 2958 3565 3974 4027
4 2750 3093 3668 3759
4 2722 2847 2629 4260
4 3288 3799 2505 3904
4 2716 3411 2895 4012
4 3171 3313 867 3674
4 179 189 46 3001
4 2550 2815 3025 4259
4 363 826 3326 3738
4 595 3788 594 3977
4 1698 3236 1689 3874
4 2579 2612 2514 2720
4 3472 3661 3116 4006
4 2771 3063 2681 3178
4 2672 3059 2880 4189
4 2507 3635 2544 4198
4 2115 3605 3413 3780
4 2893 3960 3351 4052
4 3392 3477 2618 3493
4 9 115 67 3593
4 2681 3870 3107 4135
4 2465 3876 3195 3907
4 3417 4302 3772 4306
4 705 712 3351 4052
4 2633 2913 2560 4011
4 421 872 871 3506
4 2892 2687 3038 4042
4 2765 3124 3479 4295
4 2981 3425 2771 4274
4 1347 1346 3329 3802
4 1373 1370 1371 3132
4 2687 3442 3604 4042
4 447 437 3399 3629
4 2161 3186 2160 3361
4 3310 4036 3075 4037
4 2595 2876 4165 4209
4 326 3321 351 3738
4 9 58 105 3593
4 2962 3724 3363 3987
4 2257 2333 2330 3343
4 829 835 832 3868
4 1689 1690 1687 3236
4 2798 2990 2700 3968
4 1836 3331 1837 3400
4 3386 3665 2960 4030
4 861 875 3239 4160
4 1098 1106 1097 3627
4 2531 3210 3886 4171
4 2678 3057 2883 3972
4 149 100 198 3720
4 489 3762 3042 3888
4 2737 2947 2658 3007
4 2512 3237 3740 4304
4 2693 2798 2564 3743
4 377 3436 3352 3760
4 2685 2755 2583 3554
4 1209 1219 1218 4116
4 111 126 2495 2808
4 1765 1768 1776 3426
4 1791 1797 1786 4000
4 2582 3287 3061 3857
4 3105 3171 867 3674
4 1718 1717 4099 4215
4 1711 1699 3202 4099
4 2547 3167 3813 4188
4 1319 1328 1327 3990
4 191 180 54 131
4 1135 1127 1136 4116
4 177 83 3211 3961
4 2265 2267 2268 4078
4 2578 3880 3530 4207
4 98 3040 89 4232
4 462 463 2778 3997
4 3208 3678 2843 3819
4 1482 3587 1492 4068
4 1514 3267 2955 4092
4 2899 3452 3299 4055
4 2627 2698 3301 3470
4 1016 4045 987 4286
4 3083 3244 2690 3245
4 1734 3466 1735 4083
4 2982 2781 3930 3956
4 1104 1095 1096 3627
4 1850 3666 1862 4205
4 3339 3604 2650 3856
4 770 769 3668 3669
4 611 3435 3328 3982
4 342 346 3147 4020
4 2958 3974 2959 4027
4 2890 3435 2894 4138
4 1400 1389 1398 3287
4 365 353 357 3839
4 3503 2961 4030 4282
4 2518 2575 3434 4196
4 2517 2493 3586 3903
4 2435 3294 2438 3907
4 2391 3521 2379 4213
4 2526 4143 3167 4188
4 2798 3555 3100 3944
4 2731 3493 2732 3648
4 1078 1115 1117 4065
4 2602 2786 3510 3511
4 394 3445 393 3484
4 2889 3268 2890 3647
4 3068 4030 2743 4282
4 2075 2076 2059 4080
4 2510 3743 3489 3985
4 262 246 247 3347
4 2608 2856 2888 4095
4 2529 3185 3340 4135
4 532 514 531 3255
4 2669 3762 2970 4091
4 3054 3129 2948 3256
4 3002 3703 373 4253
4 2729 2897 2652 3398
4 778 788 810 4105
4 210 3089 3754 3810
4 1474 3149 1475 3664
4 3070 4050 69 4087
4 489 481 490 3762
4 839 832 835 2929
4 2864 3776 3528 4004
4 2738 2819 3168 3313
4 2628 2993 2992 3021
4 1520 3381 3986 4153
4 1008 3122 1000 3640
4 2670 2774 2911 3928
4 2624 3759 3086 3827
4 2369 3413 2368 3737
4 2967 3720 187 3961
4 2076 2077 2060 3967
4 1707 1706 1686 3013
4 1161 1163 1174 3686
4 2824 2852 3394 4201
4 3208 3557 2781 3658
4 2079 2063 2062 3967
4 2921 3117 2756 3683
4 2993 3684 2980 4272
4 1538 695 1539 3797
4 695 1538 694 3797
4 598 563 571 3957
4 402 3104 3478 3969
4 3289 3703 372 4126
4 2656 2835 2608 3243
4 936 919 920 3330
4 2660 3988 3058 4028
4 2001 1998 2000 4128
4 328 3817 333 4111
4 254 255 259 3417
4 1676 1672 1671 3621
4 2673 2775 3019 4038
4 2092 2093 3117 4278
4 2897 2909 2858 3940
4 1722 3612 3013 3924
4 1852 3518 3045 4047
4 3684 3805 2980 4272
4 2906 3666 3199 3829
4 1115 1078 1076 3374
4 2674 3761 3304 3892
4 2674 2922 2955 3304
4 827 3469 825 3996
4 1100 1091 1092 4079
4 623 621 3711 4280
4 123 171 117 3385
4 2664 2943 3311 4082
4 2862 3220 2761 3548
4 2558 2772 2575 4179
4 1517 1524 1520 3381
4 2678 2800 3121 3276
4 2520 3487 3643 4067
4 1931 1928 3021 4163
4 62 63 2757 3193
4 2093 3395 3117 4278
4 2618 3392 2949 3477
4 1116 1142 1143 4065
4 811 3148 2887 4105
4 1310 1309 3231 3333
4 2652 3134 2860 4074
4 1284 1282 1286 3584
4 1101 1102 3425 4079
4 1640 3891 3316 4024
4 483 482 474 3837
4 599 3441 563 3957
4 1815 3829 1814 4144
4 878 3239 876 3844
4 1324 1325 3402 4172
4 2619 3409 3237 3972
4 2669 2824 3468 4292
4 2545 3470 3830 3916
4 2613 3623 3086 4184
4 3601 3951 1046 3952
4 678 3262 3017 3797
4 2500 3385 3364 3976
4 2144 2128 2127 3646
4 2544 4198 2535 4247
4 180 53 131 3645
4 101 162 171 3385
4 2791 3923 3837 3927
4 1159 1172 1157 3686
4 2721 3153 3626 3877
4 3185 3641 3340 4135
4 2904 3823 3304 4016
4 1679 1678 1683 3882
4 1052 1036 1129 4058
4 2641 3234 2993 3879
4 2526 2623 4198 4208
4 3553 737 3785 4105
4 3211 3212 186 3224
4 3225 3417 2644 4302
4 2300 3734 2292 3895
4 526 3671 3053 3788
4 566 565 591 3441
4 3792 3793 3485 4239
4 453 460 3700 4201
4 2725 2845 2704 3441
4 1174 1173 1161 3686
4 2230 3248 2248 3343
4 3122 3228 2709 3915
4 2462 3184 2464 4115
4 746 3172 748 3871
4 855 845 854 3696
4 2700 4228 2944 4248
4 2508 3369 3270 4035
4 3038 3566 2998 4042
4 3860 3861 3139 4211
4 2935 3537 3223 3920
4 2994 3234 2782 3558
4 641 3344 556 4017
4 2587 2927 2754 4005
4 1328 3183 2464 3989
4 2914 2748 3477 4102
4 2619 3237 3409 4170
4 2952 305 3499 3513
4 2878 3281 2974 3723
4 2548 3086 3087 3551
4 3474 3668 2898 3669
4 3202 3612 2749 3621
4 1803 1789 3438 4144
4 2572 3131 3085 3234
4 2149 2176 2177 4240
4 1141 1142 1114 3404
4 1743 2792 1742 3065
4 2528 2614 2683 3288
4 1989 1987 1986 4029
4 1805 1803 3438 4144
4 3020 3042 2669 3762
4 1304 2927 3025 4121
4 2623 3360 3295 4208
4 2691 2981 3702 4274
4 168 3275 2516 3636
4 2496 2979 3526 4142
4 3190 3823 3564 3873
4 127 3593 2503 4238
4 2875 3037 2721 3877
4 2649 3359 3126 3479
4 2059 2076 2060 4080
4 288 287 3779 3858
4 2449 2448 1309 3333
4 2297 3348 2305 3895
4 380 391 840 4186
4 2871 2498 3921 4041
4 2507 160 3735 4247
4 2566 3247 3503 4030
4 1150 3540 1134 4062
4 2077 2061 2060 3967
4 2644 3206 3487 4254
4 2691 2873 3330 3880
4 2272 2153 2180 3346
4 1246 1242 1247 4023
4 619 621 631 4280
4 2603 3004 2746 4222
4 753 623 744 4280
4 390 400 401 4186
4 331 3123 330 3815
4 941 923 922 4044
4 652 650 3716 3982
4 2598 2579 2720 2916
4 659 657 658 4197
4 3177 3583 3370 4109
4 3085 3234 3131 3558
4 2618 3282 2556 3717
4 3067 4057 2822 4298
4 2075 4080 2059 4192
4 749 747 785 4241
4 3262 3519 676 3575
4 2998 3566 3446 4008
4 3493 3648 2914 4254
4 3075 3262 2689 4221
4 2637 3768 3551 3936
4 260 265 2934 4090
4 453 3447 460 4201
4 2570 3892 2904 3893
4 3075 3310 2966 4036
4 3102 3649 3197 3945
4 758 3568 766 4301
4 823 822 2786 3868
4 96 87 2991 3943
4 1127 3540 1126 3627
4 1155 1153 3298 3942
4 3000 3934 2848 4159
4 2551 3650 2731 4120
4 2613 3622 3086 3623
4 2738 3168 2819 3712
4 2437 2436 2439 3659
4 3465 3547 2769 4281
4 1714 1720 1713 3612
4 2813 3849 3992 4180
4 402 392 3969 4126
4 1580 1579 1587 3286
4 2459 2458 2466 3195
4 1172 1171 1157 3686
4 136 131 53 3645
4 3398 3800 2622 3801
4 2908 3605 2954 4179
4 3200 3652 2862 3677
4 2532 4070 3039 4151
4 1677 1672 1676 3621
4 1015 3384 1016 4286
4 3206 3966 2878 4302
4 2790 3492 3491 3834
4 3442 3726 3106 3784
4 701 708 3819 3930
4 1728 1734 1729 3466
4 2612 2524 3641 4190
4 2866 2711 3335 3358
4 3062 784 3611 4241
4 2508 3270 3369 3825
4 2893 3658 3557 3819
4 3363 3893 3362 3897
4 2459 3195 2467 4088
4 3284 3358 3003 3592
4 2506 3139 3860 3861
4 1010 3640 3011 3885
4 1392 3290 1382 4174
4 2819 3168 2665 3712
4 2689 3662 3317 3992
4 2981 3425 3072 4071
4 1688 1687 3236 3874
4 2936 3166 3900 4255
4 593 2844 3441 4146
4 1593 1585 3465 4195
4 3027 3822 3689 4266
4 1516 3267 3032 3707
4 196 76 188 2997
4 3014 4138 2894 4197
4 1998 3763 2000 4128
4 3128 3278 3536 4222
4 1916 1915 1929 3113
4 2587 2754 2927 4292
4 3090 3803 3513 4021
4 1888 1902 3516 4097
4 3057 3135 299 3779
4 2871 3921 3735 4041
4 518 509 3807 4216
4 2740 3428 2666 4147
4 2861 3694 3130 4035
4 2506 3284 3209 3878
4 2552 2911 2774 3928
4 391 390 401 4186
4 2634 4060 3742 4095
4 741 3509 740 3602
4 2646 3278 2839 4222
4 507 3722 3009 4216
4 2601 2837 2745 3726
4 1112 1141 1114 4202
4 2509 3265 3552 4141
4 1406 2909 2897 3940
4 147 65 74 3949
4 732 3568 758 4301
4 2593 3689 3354 4127
4 2633 2747 2705 3156
4 2161 3361 2163 3416
4 2540 2705 2789 3985
4 2493 3274 3282 3717
4 3209 3746 3462 3878
4 3266 3528 2597 4086
4 1285 2325 2329 3584
4 2552 3314 2670 3928
4 2974 3417 2878 3723
4 3609 3754 2662 3810
4 195 186 99 3212
4 3539 4057 2744 4266
4 3209 3462 2492 3860
4 1328 3670 3183 3989
4 3139 3525 2590 3861
4 2717 2965 2677 3999
4 1952 1953 3685 3933
4 2253 2275 2276 3812
4 2611 3209 2590 3284
4 2690 2623 3533 4014
4 2706 3356 2627 3832
4 184 2525 200 3806
4 1646 1649 1647 3652
4 2688 3018 3000 3446
4 2440 1303 2443 3025
4 1483 1367 1440 3229
4 3172 3553 749 3785
4 2762 3691 2666 4212
4 3386 3068 4030 4067
4 2515 3653 3140 4235
4 1583 3962 1575 4296
4 757 732 758 4301
4 836 2929 835 3315
4 919 911 920 4225
4 1787 1777 2965 3576
4 3131 3879 2572 4294
4 2931 2945 2584 3709
4 2836 2986 3876 4088
4 1058 3034 1064 3617
4 1470 3422 1469 4137
4 1818 1819 1834 3824
4 2566 3503 3421 4030
4 2595 3821 3265 4209
4 1571 3253 3585 3677
4 2537 2563 2533 3831
4 3165 3167 2625 4064
4 2889 3504 3695 4072
4 2854 3058 3475 3828
4 2761 3410 3418 3652
4 2914 3477 3493 4102
4 2765 3123 2983 3816
4 3094 4068 3439 4130
4 2499 3318 4050 4252
4 2146 2152 3736 4240
4 1638 1663 3316 4231
4 2524 3428 3599 4147
4 2687 3566 3038 4042
4 70 66 77 3710
4 879 866 862 3901
4 612 3435 611 3982
4 2793 3223 3537 3920
4 2522 3408 3107 3983
4 631 630 619 4280
4 3068 3862 3721 4086
4 1559 3662 3094 4130
4 3048 3615 2644 3840
4 2519 3514 3378 4171
4 403 3969 3445 4246
4 2158 2134 2135 3186
4 2650 3838 3339 3856
4 2768 3333 3571 4200
4 197 146 181 3710
4 2798 2920 2693 3375
4 2831 3287 2675 3835
4 694 1537 693 4037
4 694 1538 1537 4037
4 701 3208 422 4246
4 689 3012 3519 3522
4 2975 3847 3567 4280
4 2621 2919 2918 3800
4 2773 3515 3150 3561
4 632 623 753 4280
4 941 922 940 4044
4 2283 3812 2275 4066
4 1653 1651 1650 3418
4 197 190 70 4161
4 2930 2726 4024 4099
4 3332 2589 3378 3910
4 814 3055 798 3463
4 2021 3128 2022 4029
4 1195 1156 1154 3298
4 3265 3592 2595 4209
4 2769 3033 3547 4273
4 2668 3014 2894 4012
4 1172 1171 3686 3931
4 2803 3672 3351 4052
4 2189 3416 2199 3955
4 185 2997 188 3887
4 2578 3820 2691 3880
4 764 772 3474 3764
4 1006 3324 1022 3396
4 722 716 723 3568
4 1240 2238 1239 3929
4 129 134 140 3138
4 2100 2101 2102 3780
4 2887 3062 2604 3553
4 663 624 3611 4241
4 846 3731 3794 4166
4 53 181 136 3645
4 2822 4027 3067 4153
4 700 3819 707 4052
4 811 2887 3148 3509
4 2930 3316 3037 3891
4 1247 1242 1244 4023
4 2743 3721 3643 4067
4 2508 3364 3360 4188
4 312 3135 2915 3787
4 1587 1588 1580 3286
4 2578 3530 2681 4135
4 3407 3580 2124 4258
4 2578 3702 4135 4173
4 764 3474 763 4301
4 3223 3537 2935 3811
4 64 72 3180 3222
4 1460 3317 1533 4130
4 2470 2438 2442 3577
4 2846 3685 3060 3757
4 428 436 429 3508
4 2692 3702 2981 4274
4 2536 2530 2800 3752
4 2437 2439 2441 3659
4 172 64 75 3846
4 148 89 137 4232
4 3022 3339 3838 4123
4 2769 4056 3190 4281
4 842 837 834 3698
4 1827 3412 1849 3574
4 565 3441 566 4283
4 2413 3115 2403 3804
4 2583 3648 3643 3650
4 2499 3318 3070 4050
4 503 3078 3309 3447
4 2501 2991 3334 3378
4 1076 3773 1074 4202
4 2108 3117 2972 3970
4 3566 3824 3446 4008
4 2752 3289 3147 3774
4 1106 1098 3279 3627
4 3106 3494 3377 4290
4 2499 3070 3983 4087
4 402 412 409 3478
4 2031 3152 2029 4128
4 2573 2526 2623 3835
4 1154 3298 1153 3376
4 2219 2181 2216 3865
4 2578 3702 2771 4274
4 651 649 650 3982
4 3024 3659 2434 3730
4 885 3112 2938 4225
4 2518 4060 3742 4179
4 2960 2743 3409 3643
4 1861 1849 1848 3412
4 2412 3389 2413 3804
4 863 865 882 4129
4 2526 3360 2623 4208
4 2754 3394 3497 4009
4 3373 3434 2808 3850
4 1707 1715 1714 3013
4 2500 2537 3167 4188
4 2075 3472 2076 4080
4 3172 3711 746 4241
4 1120 3863 1119 4065
4 2697 2813 3253 3548
4 2669 3020 2999 3042
4 2520 3721 3102 4086
4 2834 3493 3048 3542
4 860 3506 873 4160
4 2608 2541 2733 4095
4 1223 1213 1214 3766
4 2604 2895 3411 3808
4 2932 3372 3725 4033
4 2618 3493 3477 4102
4 1552 1553 1545 4299
4 2878 3135 2974 3281
4 2667 2894 3695 4133
4 113 117 2495 3385
4 908 3844 907 4122
4 1129 4058 1036 4071
4 2982 2783 3995 3998
4 3307 3320 3015 4019
4 1409 1408 1397 3705
4 2679 3379 2952 3741
4 2548 3551 3265 3821
4 2310 3306 2311 3725
4 3251 3914 3541 3984
4 2760 2829 2685 2974
4 2492 3462 3514 3860
4 3118 3395 3356 3865
4 2090 2091 2107 3683
4 165 3385 171 3976
4 1554 1555 1547 4299
4 2793 3080 3505 3630
4 1851 1852 1865 4047
4 1903 3853 1904 4113
4 2853 2677 2937 3999
4 3330 3502 3072 3880
4 150 3139 133 3586
4 2129 2145 2146 3736
4 2523 3894 3085 3900
4 955 954 938 4257
4 1596 1595 3251 3984
4 1108 1069 1067 3555
4 1646 3585 3220 3652
4 3066 1524 3381 3986
4 535 3255 562 4283
4 322 3513 323 4253
4 3216 3639 1317 4172
4 2756 2921 2577 3117
4 34 90 138 3332
4 2873 3228 903 4129
4 2849 3461 2940 3911
4 3364 4183 2861 4208
4 488 3488 2847 4191
4 2980 3401 3400 3805
4 1882 3906 3854 4230
4 2586 2745 2688 3784
4 2501 3378 3210 3420
4 2634 3115 3916 4060
4 999 975 1000 3122
4 3001 3531 194 3887
4 2877 3071 2902 3620
4 2677 3569 2739 3813
4 2993 2994 2641 3684
4 2562 3276 2800 3752
4 2575 2706 2715 3591
4 2500 3526 2867 4143
4 2744 2962 3475 4074
4 2545 2627 2812 2884
4 1102 1101 1093 4079
4 989 3388 988 4045
4 2669 3064 3762 4091
4 3172 3711 3259 3871
4 206 3273 2942 3543
4 2850 3240 3221 4185
4 2900 3366 3338 4076
4 764 765 3764 4301
4 2632 3239 2850 4038
4 2853 3312 2677 3999
4 2697 3624 3217 3793
4 133 134 3138 3139
4 1421 3143 1420 3923
4 2565 3873 3165 4081
4 2501 3961 3368 4150
4 2762 3601 3397 3884
4 2927 2669 3619 4292
4 3437 3310 4106 4210
4 3188 2826 3693 3796
4 2433 2431 2928 3589
4 1455 1490 1453 3974
4 247 261 262 3347
4 1914 1918 1930 3853
4 982 957 956 3390
4 1160 1199 1201 4089
4 2521 3224 192 3579
4 2508 2606 3813 4132
4 3417 3723 2974 3783
4 2627 2908 2545 3591
4 128 80 3332 3910
4 2564 2802 3091 4134
4 1759 3620 3071 4284
4 3417 3723 2644 4302
4 729 3246 752 3785
4 2837 3644 3633 3937
4 3002 3484 373 3703
4 1317 1316 604 3216
4 1388 1386 1380 3590
4 3307 3386 2826 4019
4 2518 3591 4060 4179
4 503 3309 512 4275
4 2554 3369 3883 4248
4 3215 3463 2898 3669
4 34 80 90 3332
4 2065 3449 3605 4243
4 265 250 252 3146
4 2304 2264 2305 3348
4 972 973 964 4285
4 2500 2537 2533 4223
4 2716 2895 3611 4012
4 2075 1719 2094 3472
4 2928 2617 3160 3293
4 2264 2304 2262 3348
4 455 458 454 4293
4 1130 3688 1129 4071
4 2695 3671 3263 3782
4 1011 1027 3885 4071
4 3197 3337 2549 4177
4 136 3645 181 3710
4 1358 3160 2925 3802
4 2257 2330 2249 3343
4 126 2808 119 3851
4 1078 1080 3374 4065
4 2504 3752 2530 4252
4 2612 2777 2720 2811
4 3125 3764 3415 3956
4 1979 3242 2003 3430
4 2982 3995 2989 3998
4 504 514 515 4269
4 2652 3294 3134 3451
4 2629 2722 2544 3061
4 2595 3821 2813 4180
4 2557 3206 2644 4254
4 1975 3763 1974 4059
4 1664 1639 1638 3316
4 783 782 784 4241
4 2436 2434 3024 3659
4 2748 3308 3197 4177
4 1837 1946 3933 4237
4 2861 4041 3735 4183
4 2633 2747 3156 3157
4 2857 3384 2700 3826
4 3073 3962 2903 4056
4 2694 2898 2740 3827
4 2620 2800 3276 3752
4 1307 2447 1308 3464
4 1100 1122 1121 4071
4 68 65 3283 4076
4 2866 3151 3092 3358
4 2234 3638 2139 4062
4 2101 2972 2102 3780
4 2872 3172 3553 3808
4 3294 3589 2713 3676
4 1774 1763 3098 4214
4 82 153 37 162
4 2133 2134 2156 3713
4 2515 3746 3450 4235
4 2284 3812 2283 4066
4 205 2942 218 3963
4 294 278 295 3600
4 2937 2677 3312 3569
4 3682 3973 3008 4218
4 851 841 840 3698
4 1977 2132 2000 3713
4 895 880 878 3844
4 3003 3592 2712 4054
4 3151 3231 3230 4244
4 2094 1719 1724 3472
4 1555 1579 1580 4231
4 322 321 305 3513
4 2795 3142 3483 3664
4 305 3513 2952 4043
4 2731 3392 2912 3493
4 3083 3245 2796 4108
4 2617 3160 2629 4176
4 527 557 528 3788
4 2960 3386 4030 4067
4 2011 2036 3430 4080
4 1712 4080 1702 4192
4 2740 3827 3428 4147
4 548 3782 633 4017
4 1164 1203 1205 4305
4 1706 3013 1708 3612
4 2543 2631 3257 3697
4 1631 3877 3316 3891
4 2687 3604 4077 4218
4 2610 3358 3284 3424
4 2920 3769 3375 3770
4 1662 1663 1637 4231
4 3045 3666 2818 4047
4 1543 1542 1550 4279
4 2716 3611 3859 4012
4 2632 3403 2816 4038
4 2717 2584 2931 3999
4 518 543 3203 4250
4 2742 2631 3757 3943
4 2373 2374 2387 4157
4 832 3326 831 3868
4 1507 1506 3032 3707
4 2723 3459 3639 3990
4 1118 1120 1119 4065
4 1209 1210 1219 4116
4 1325 3639 3402 4172
4 3337 2748 4010 4177
4 564 537 535 4283
4 743 981 3390 3509
4 1436 1429 1428 3664
4 1440 3229 1367 3965
4 3435 2894 3728 4133
4 2712 3592 4165 4180
4 2002 3242 1978 3529
4 1549 1550 3962 4296
4 101 91 162 3385
4 2092 2109 2108 3683
4 207 3273 3543 4264
4 2472 1336 1337 3056
4 3299 3620 2899 4083
4 2690 2664 4031 4056
4 2748 3197 2914 3477
4 2527 3295 2725 3694
4 141 50 167 3039
4 2615 2956 2686 3511
4 1094 1095 1103 3254
4 3363 3724 2729 3800
4 260 3225 2934 3417
4 2635 2734 3558 4064
4 2391 2373 2387 4213
4 2780 3655 3487 3912
4 1131 1130 3425 3688
4 2496 3099 2924 4277
4 1781 4214 1782 4284
4 1127 1128 1136 4116
4 131 151 144 2951
4 2958 3587 2959 3974
4 2268 2266 2265 4078
4 2959 3588 2870 3974
4 2517 3274 3249 3656
4 3646 4026 2802 4032
4 1871 1876 1883 4113
4 1974 1049 1050 4059
4 1050 1975 1974 4059
4 255 3783 2974 3902
4 2363 3413 2113 3661
4 3481 3803 2648 4021
4 761 3668 769 4242
4 1084 3617 4079 4257
4 1366 3132 1362 3965
4 3056 3151 2866 3358
4 2899 4040 3758 4055
4 421 3506 419 3672
4 3082 3083 2796 3405
4 1050 1051 3763 4059
4 3014 3751 2894 4138
4 1478 1477 1481 3855
4 3048 3542 2912 3543
4 2961 3701 2743 4282
4 2838 3002 2952 4253
4 1708 3013 1714 3612
4 2582 3287 2955 3835
4 2526 3533 3360 4188
4 2014 3430 2039 3432
4 1661 1669 2002 3529
4 1688 1685 1687 3874
4 130 141 143 3039
4 3014 3859 3264 4012
4 2516 2684 3398 4162
4 158 2507 160 3735
4 2762 3397 3154 3884
4 337 2883 339 3779
4 2779 3217 3440 3660
4 706 3658 2893 3819
4 2539 2603 3784 4103
4 2556 3137 3282 4053
4 2682 3210 3096 3830
4 438 431 429 3508
4 3033 4210 3465 4273
4 1984 3127 1985 4258
4 515 514 532 3255
4 2534 3726 2745 3784
4 1567 1538 1539 4037
4 1133 1125 1134 3540
4 1292 3762 3064 4091
4 2012 2013 2005 3430
4 2990 3388 992 3944
4 530 528 559 3268
4 3208 3930 2781 4261
4 1115 1113 1114 4202
4 2509 3496 3137 3599
4 1068 3375 3770 3944
4 1548 1555 1556 3357
4 665 3618 3344 4017
4 1854 1855 1868 4084
4 1767 2879 1766 3576
4 2936 3561 3560 3667
4 3249 3552 3335 3656
4 1202 1204 1203 4089
4 285 287 3057 3135
4 3384 3388 2700 3826
4 2596 2505 3831 3943
4 3075 2779 3310 4158
4 2818 2880 2837 3937
4 2959 3775 2958 4027
4 1767 1758 2879 3576
4 3210 3420 2519 3538
4 1477 1478 1470 4137
4 859 850 3506 4160
4 2665 2952 2838 3002
4 1310 3231 3230 3333
4 2885 3032 2822 3381
4 148 174 98 3040
4 1650 1625 1626 3884
4 1121 1099 1100 4071
4 1431 3483 1549 4108
4 3479 3816 2765 3980
4 2866 3159 2814 3990
4 1509 1498 2489 3419
4 1334 1339 1338 3092
4 197 77 146 3710
4 2902 3485 2877 4239
4 3018 3029 2995 3934
4 1627 1628 1654 3884
4 2633 3156 2804 3157
4 3073 3547 3465 4281
4 1582 1575 1574 4296
4 1478 1481 1482 3855
4 2592 2630 2535 2737
4 202 207 206 3543
4 3077 3426 3103 4144
4 2853 2937 3582 3999
4 2111 3661 4006 4007
4 3050 3240 3239 3901
4 380 368 367 4186
4 2836 3056 2986 4088
4 2781 3568 2982 3930
4 3093 3259 3871 3898
4 1408 1742 1407 3065
4 805 1029 821 3397
4 3328 3782 2926 4003
4 1123 1122 1101 3425
4 237 4090 249 4291
4 2828 2913 2747 4011
4 644 635 636 3277
4 2812 2884 2706 3356
4 3188 4018 3320 4019
4 1976 1977 3763 4058
4 3798 4227 3423 4239
4 2624 3759 2898 4261
4 3147 4020 3513 4021
4 1623 3220 1646 3585
4 2923 3231 3092 4244
4 786 3553 3062 4105
4 3013 2749 3612 3882
4 3450 3729 2611 4151
4 2516 3732 3534 3938
4 3195 3876 3134 3907
4 173 2900 161 3950
4 913 3049 912 3632
4 2509 2556 3282 3717
4 3076 3799 3453 3904
4 2308 2300 2307 3895
4 1086 1087 1095 3978
4 2536 2602 2678 3121
4 1592 1593 3465 4210
4 3013 3410 2749 3882
4 2912 3493 3392 3542
4 2146 2130 2129 3736
4 265 252 266 3146
4 3073 2903 3962 4296
4 2798 3375 3555 3944
4 54 142 191 131
4 1595 3251 3984 4195
4 1025 3640 1026 3885
4 1058 1060 3034 3769
4 2653 3260 3261 4104
4 2570 2979 2924 4143
4 2001 1999 1998 4128
4 1695 3418 3410 3652
4 2822 3381 3032 3382
4 2748 3903 2517 4010
4 2701 2689 3317 3992
4 2544 3635 2507 4300
4 3339 4123 3604 4218
4 2995 3018 2651 3029
4 3093 3474 3668 3759
4 193 188 178 3408
4 2522 2727 2913 3993
4 684 656 3751 4197
4 1082 1119 3298 3376
4 2591 3191 3192 3570
4 2541 2835 2533 4095
4 2438 3134 3294 3577
4 3017 3575 3016 3936
4 633 548 542 3782
4 1736 1754 3030 3917
4 636 3277 635 4003
4 2811 2823 2612 4173
4 1346 2847 3329 3802
4 2610 3151 3056 3358
4 2748 3337 3308 4177
4 2639 2666 3691 4147
4 3231 3456 2806 3464
4 1349 492 603 490
4 3503 3504 2961 4282
4 2495 3364 3373 4223
4 2704 2845 2592 3441
4 1947 3805 3400 3933
4 2901 3104 3478 3786
4 2583 2732 3648 3790
4 2131 2147 2242 3777
4 2243 2244 2225 3777
4 2720 3704 2654 4139
4 2218 2217 3748 3865
4 2679 3499 3146 3791
4 2625 3167 3035 3558
4 859 860 850 4160
4 197 3710 181 4161
4 749 3172 747 4241
4 2080 3432 2079 3605
4 2815 2910 2684 3025
4 2575 2801 2984 3406
4 2534 3514 3106 3784
4 2803 3161 2886 3672
4 542 625 633 3782
4 1455 3587 1491 3974
4 1526 3244 1527 4224
4 2903 3547 4137 4296
4 3477 3903 2748 4177
4 136 181 146 3710
4 130 143 150 3039
4 2777 2823 2811 3350
4 2609 3028 3691 4190
4 144 152 142 3720
4 2569 3006 3158 3473
4 1106 3279 1185 4116
4 56 61 62 3562
4 2416 2408 2417 4159
4 1057 1058 3617 3769
4 1917 2891 3498 4289
4 2855 3559 2690 4279
4 3104 3445 3969 4246
4 2584 3312 2785 4075
4 1409 3319 3986 3991
4 263 264 3120 3625
4 2982 3930 2989 3956
4 2861 3370 3364 4035
4 1593 4195 3465 4210
4 3338 3903 2900 4076
4 2999 3020 2778 3042
4 3220 3418 1648 3652
4 2987 4040 2945 4099
4 2715 2812 2706 3429
4 2737 2947 2630 4260
4 746 3711 744 4241
4 809 1617 810 4039
4 2559 3560 2807 4220
4 459 458 452 3020
4 1084 3617 1083 4079
4 3035 3167 2782 3558
4 2389 1772 1774 3941
4 3058 3761 2660 4028
4 2890 3083 2725 3716
4 1424 1425 1430 3483
4 2822 2885 3381 4298
4 2803 3808 3207 3960
4 1862 1865 3633 4047
4 2851 3206 2557 3460
4 1926 1931 1928 3021
4 1256 1257 1275 4049
4 2803 3161 2736 4288
4 550 523 3216 4245
4 2404 3520 3115 4022
4 2509 3282 3274 3717
4 276 2934 267 3499
4 2122 2374 2121 3970
4 2065 3432 2064 3605
4 1905 3937 1909 4097
4 2520 3109 3649 3721
4 112 185 45 3531
4 608 2456 1322 3522
4 204 3089 210 3810
4 1462 3422 1461 3483
4 3165 3166 2868 3873
4 2628 2992 2734 3021
4 1977 1976 1052 4058
4 1052 1976 1051 4058
4 2803 3960 3371 4052
4 2966 3437 3310 4106
4 1990 3952 4015 4029
4 2500 3167 2782 4188
4 800 3463 799 3669
4 2668 2890 2725 3647
4 2634 3742 2856 4095
4 180 181 53 3645
4 2579 4135 3641 4173
4 2924 3893 3363 3897
4 1779 3426 1768 3681
4 752 3246 750 3785
4 3166 3035 3899 3900
4 1869 3036 3114 3718
4 678 3797 3017 4085
4 3927 4198 2535 4260
4 842 852 853 3182
4 1348 1350 1347 3160
4 2958 3775 2809 4127
4 1928 1913 1926 3021
4 2902 2998 2688 3098
4 1770 1773 1781 4214
4 3505 3630 3080 4113
4 2119 2104 2105 3278
4 2572 3667 3260 3922
4 3360 3533 2623 4014
4 562 3255 599 3441
4 1683 3410 1684 3882
4 2091 3152 2072 4278
4 2518 3288 2614 3850
4 1634 1618 1617 3291
4 193 188 3408 3887
4 3620 3681 2877 4284
4 2910 3398 2684 3729
4 1798 1797 1791 4000
4 228 215 216 3305
4 170 2516 2561 4247
4 2822 4127 3032 4265
4 2921 2627 3117 3301
4 3908 3922 3667 4100
4 1189 1188 1180 3931
4 2976 3850 2502 3851
4 1013 3390 3509 4286
4 1376 1378 1375 2925
4 1619 3148 1618 3341
4 3154 3220 1625 3714
4 3013 3410 1684 3874
4 1111 1110 1109 4202
4 2574 2534 2601 3706
4 2644 3615 3225 3840
4 3216 4245 523 4275
4 658 685 3859 4197
4 2498 3583 3921 4183
4 2763 3144 2908 3605
4 2869 3204 2981 4058
4 2986 3056 2610 3151
4 450 3433 2999 3606
4 2620 3739 3237 3972
4 2998 3566 2877 4042
4 2963 2924 3363 3801
4 2462 3588 3184 4115
4 2305 2306 2298 3895
4 1573 1463 1470 4296
4 2701 3183 3184 3317
4 462 458 463 3997
4 2236 1237 1238 3610
4 379 380 367 4186
4 3277 2797 3575 3618
4 2237 2236 1238 3610
4 2563 2596 2642 4217
4 920 937 3330 3502
4 3165 3569 2943 4082
4 2851 3513 3090 3803
4 961 960 990 3388
4 2941 3717 2748 4102
4 1762 1759 3071 4284
4 1747 1742 2792 3889
4 3462 3746 3218 3878
4 2120 2119 2105 3278
4 2550 2909 2858 3398
4 644 3575 668 3618
4 551 575 3216 4061
4 2316 1277 1274 3365
4 2723 3639 3459 4061
4 1614 1615 807 4039
4 3109 3467 3409 3554
4 2862 3253 2966 3677
4 2503 3593 3177 4238
4 85 93 3368 3904
4 2494 2957 3642 4161
4 450 452 449 3997
4 91 82 37 162
4 1937 1920 1933 2891
4 2766 3266 2765 3473
4 807 1615 808 4039
4 1782 3566 1783 4284
4 3164 3746 3539 4235
4 1795 1796 1807 3824
4 3173 3825 3369 3918
4 2933 3816 2649 3980
4 139 3586 3949 3950
4 1611 1610 1570 4036
4 2697 2966 2862 3253
4 1850 1862 3666 4047
4 1618 3148 1617 3291
4 1233 1214 1215 4168
4 2563 2708 2810 3113
4 3108 2676 3753 4064
4 2649 3337 3249 4010
4 3174 3366 3336 3946
4 3821 3827 2740 4147
4 1694 1695 3410 3652
4 2037 2062 2038 3967
4 2636 3193 3192 4149
4 2762 3154 3004 3884
4 2925 3132 1370 3719
4 2959 3974 3587 4115
4 2455 3317 1456 4115
4 2718 3369 3918 4248
4 3673 3829 2906 4144
4 2974 3281 3135 3972
4 1570 1610 1568 4036
4 1244 1245 1258 4023
4 1985 3127 1984 3449
4 3930 3956 2781 4261
4 151 131 136 3645
4 1779 1776 1768 3426
4 1328 3159 1327 3990
4 116 2997 122 4194
4 3434 3918 3173 4046
4 2568 2778 3042 4005
4 3353 1478 3855 4137
4 3589 3659 2435 3907
4 2932 3372 3136 3725
4 2445 2441 3451 3571
4 2904 3822 3476 3892
4 2750 3383 3093 3759
4 3179 3861 2492 3910
4 2736 3161 3436 4234
4 2604 3169 2887 3602
4 2664 4056 3073 4281
4 409 3478 3371 3867
4 1945 1936 3219 3756
4 165 3976 159 4183
4 1001 3122 3011 3640
4 3837 3923 3297 3927
4 972 997 973 4285
4 299 313 3779 3787
4 1107 3100 1137 3555
4 2690 2855 2721 4031
4 2609 2751 2692 2821
4 1234 1216 1270 4168
4 2547 3813 3360 4188
4 1333 1327 3159 3990
4 2432 3589 2435 3907
4 2150 2144 2149 3406
4 1110 3375 1071 3555
4 3159 3183 2712 4193
4 3112 4207 2938 4225
4 3148 2718 3291 3341
4 2061 2062 2037 3967
4 2943 3569 3312 4082
4 2786 3315 3181 3469
4 2451 3589 3907 3965
4 1588 1670 3869 3984
4 1616 1617 809 4039
4 764 772 763 3474
4 2666 2639 3691 3765
4 2541 2533 2835 4217
4 3602 3785 2872 3842
4 444 434 435 3394
4 297 311 299 3787
4 2428 3574 1835 4084
4 2632 3968 3881 4038
4 164 64 172 3846
4 1357 1438 1432 3923
4 2841 3000 2688 4103
4 139 3586 150 3949
4 2664 2855 2690 4031
4 2529 2615 3185 3530
4 2657 2933 2658 4073
4 2839 3280 3005 4015
4 2624 3428 3827 3948
4 211 3609 3754 4156
4 3192 3193 2757 4149
4 1005 3396 3755 4285
4 2740 3154 3220 3548
4 2688 2586 3000 3018
4 305 321 304 3513
4 1474 1496 3149 3707
4 2788 3549 3103 4002
4 201 203 204 3810
4 527 558 557 3788
4 3023 3890 3155 4287
4 2853 3582 3573 3999
4 2676 3103 3549 4002
4 3373 2533 3799 4223
4 163 98 174 3040
4 1583 1575 1582 4296
4 2120 2105 2106 4157
4 693 3262 4037 4221
4 2610 3230 3333 4200
4 2751 2825 2811 3638
4 2595 2689 2797 4193
4 2517 3586 3525 3971
4 1091 3471 3072 4071
4 2259 2258 2309 3699
4 520 3807 3263 4250
4 2760 3902 3783 3963
4 328 329 3814 4111
4 2790 3722 3309 4216
4 2907 3141 3108 3753
4 2715 2706 2984 3429
4 2006 3431 3430 3432
4 2803 3371 3614 3867
4 306 3379 2952 3499
4 2500 4188 3364 4223
4 2394 3115 2404 3737
4 2632 2920 2865 3743
4 1631 3037 1615 3877
4 2605 2849 2940 3911
4 1581 1573 1470 4296
4 775 3415 774 3764
4 2562 3809 3325 3981
4 2640 3120 2859 3347
4 1983 3127 3431 3449
4 1473 1466 3258 3707
4 1556 1637 1629 4231
4 1588 1670 1662 3869
4 2074 2085 2093 3395
4 2815 2713 3294 3659
4 2242 2224 2131 3777
4 2226 2225 2244 3777
4 3202 3612 1720 3924
4 2778 3488 3042 3888
4 2559 4189 3560 4220
4 2116 2115 2114 3413
4 2686 3511 3489 3530
4 2743 3068 3721 4067
4 2794 3787 3352 3839
4 1888 3505 1876 3633
4 3017 4085 3215 4242
4 2711 2806 4009 4069
4 62 63 3193 3562
4 1007 1023 1022 3324
4 440 432 442 3119
4 2610 3358 3056 4199
4 2594 2521 3964 4139
4 2617 2847 3042 4005
4 3442 2542 3604 4042
4 3364 4109 2861 4183
4 1099 1091 1100 4079
4 2749 3758 3423 3798
4 2763 3074 2706 3832
4 270 285 3057 3135
4 3533 4056 4031 4082
4 2650 2559 3726 4189
4 881 3105 899 3998
4 1293 3619 1294 4091
4 122 2997 112 4194
4 199 3211 2967 3961
4 375 3168 3110 3326
4 2827 2890 2668 3751
4 1140 1141 1112 4202
4 3093 3557 3383 3898
4 2746 3236 3004 3874
4 904 2938 911 4225
4 2505 3368 3288 3904
4 75 64 67 3846
4 3088 3541 3423 3914
4 2889 2585 3053 3647
4 2536 2800 2678 3752
4 2451 3589 2432 3907
4 3055 3463 814 3585
4 2764 2558 2968 3742
4 2562 2755 2685 3554
4 1889 1890 1895 3937
4 2651 3018 3036 4084
4 3332 3910 2492 4211
4 3032 3267 2885 3657
4 2494 3227 3137 3340
4 318 319 343 3532
4 2577 2627 2884 3118
4 1359 1362 1365 3132
4 3253 3548 3055 3585
4 2602 2643 3321 3322
4 2686 2615 3530 4207
4 3062 4039 786 4105
4 2231 2230 3343 3448
4 2502 2528 3288 3850
4 2723 3309 3834 4096
4 2790 3203 3309 3834
4 718 3169 3351 3602
4 103 86 90 3332
4 1086 1095 1094 3978
4 2706 3074 3406 4240
4 2718 2857 3101 4248
4 2225 3596 1225 3777
4 1763 1762 3917 4214
4 546 555 554 3919
4 2793 3080 3141 3458
4 2939 3072 3502 3880
4 2838 3513 3147 4253
4 2591 2662 2530 3981
4 3307 3087 4148 4184
4 593 3082 2844 4146
4 2961 3841 3194 4170
4 359 357 347 3147
4 150 3586 133 3949
4 2959 3587 3317 4115
4 2981 3072 2691 4071
4 1160 3156 1158 3715
4 195 124 189 3212
4 2698 3470 2545 3916
4 2765 3266 2597 3473
4 2573 3304 3823 4016
4 369 377 365 3774
4 2726 3202 3621 4024
4 3249 3337 2748 4010
4 1757 3582 3573 4083
4 3114 3574 3029 4084
4 581 582 573 4245
4 1612 3677 1691 4136
4 3066 3828 3319 4298
4 3403 3740 3176 3752
4 2575 4046 3434 4196
4 2099 2100 2080 3605
4 923 924 907 4044
4 1365 1369 1364 2925
4 2938 3049 912 3502
4 2983 3007 2933 4111
4 3203 2723 3459 4061
4 3481 3665 3015 4303
4 749 785 787 3553
4 1382 3079 3061 4175
4 2892 3442 2687 4042
4 434 3394 433 3818
4 160 176 3735 4247
4 1091 4071 3072 4079
4 181 3710 3645 4161
4 860 851 850 4160
4 397 3171 3168 3313
4 490 1349 1348 3293
4 2578 3702 3185 4135
4 2737 2946 2569 3708
4 440 3119 442 3292
4 2541 3916 2733 4060
4 2671 3775 2959 4027
4 2672 2696 3059 4189
4 1466 3142 1435 3258
4 2718 3037 2875 3148
4 146 77 140 3710
4 2712 3056 2866 3358
4 518 4216 3807 4250
4 1613 1629 1630 3877
4 2923 3619 3468 4292
4 2571 3539 2753 4235
4 263 261 3347 3600
4 2769 4273 3465 4281
4 2736 3739 2620 3972
4 2593 3660 3164 3775
4 2632 2850 3968 4038
4 642 643 3618 4017
4 1016 1040 1041 3384
4 3666 4124 3633 4205
4 3149 3267 2795 3707
4 2905 3983 3070 4194
4 2842 3168 3002 3484
4 2005 3430 2006 3431
4 3505 3633 1888 3937
4 2474 2471 2470 3876
4 1086 3495 1087 3978
4 2674 2922 3304 3761
4 2593 3775 3164 4057
4 2868 3167 2547 3533
4 203 3089 204 3810
4 2856 2733 3187 3804
4 3199 3556 3438 4144
4 297 299 285 3135
4 2947 3119 3007 4112
4 2624 2898 3956 4261
4 1334 1335 1339 3092
4 450 2999 3433 3997
4 701 3930 3208 4246
4 1623 3463 3220 3585
4 1059 3769 1056 3770
4 3421 3503 2961 4030
4 1484 1485 1502 3271
4 3351 3602 2872 3842
4 3542 3595 3543 4264
4 3265 3821 3551 4209
4 2772 2857 2700 3100
4 1090 3279 3178 3942
4 594 3082 596 3977
4 1785 3679 1787 4001
4 2510 2564 3743 3985
4 3751 4138 3014 4197
4 3526 4142 2979 4143
4 3022 3604 3339 4123
4 2683 3096 2528 3830
4 2966 2832 3677 4136
4 2342 2339 2357 3675
4 3295 4198 2623 4208
4 184 199 192 2521
4 911 2938 897 3632
4 2418 3187 2424 4155
4 1230 1206 1204 3932
4 2037 2038 2012 3430
4 3622 3623 2842 3948
4 2860 3229 3195 3907
4 2535 2630 2592 3927
4 1867 1868 1880 4107
4 2663 3485 2902 4239
4 2577 2805 3118 3416
4 1958 1957 1944 3756
4 402 409 399 3478
4 2567 2661 2643 3120
4 2592 2725 2704 3647
4 103 2589 96 2991
4 2544 4198 2582 4260
4 1942 1932 1931 4163
4 2617 2550 2815 4176
4 2552 2787 2874 3365
4 2588 3702 3185 3820
4 1041 1017 1016 3384
4 1845 3906 3108 4205
4 2872 3785 3602 4105
4 3118 3416 2805 3795
4 2079 3432 2063 3967
4 1382 1384 4174 4175
4 879 886 3112 3901
4 2930 3709 2945 4099
4 460 3447 511 3700
4 3064 3762 480 3888
4 2572 3131 3234 3879
4 73 3193 2636 4149
4 89 33 137 4232
4 3067 4153 3381 4298
4 2786 2956 2602 3181
4 1232 1233 1215 4168
4 2183 3356 2184 3852
4 2941 2538 3552 3913
4 3221 3240 2850 4044
4 320 326 310 3321
4 195 99 124 3212
4 672 3215 790 4085
4 2582 2722 2544 4260
4 884 3112 2873 3480
4 2588 2882 2709 3820
4 1125 1126 1134 3540
4 904 885 2938 4225
4 2492 3910 3861 4211
4 2806 3025 2684 3994
4 3191 3192 2834 3392
4 2927 3771 3025 4259
4 3245 3483 1549 4296
4 1867 3490 1868 4107
4 2712 3367 3159 4165
4 3038 3446 2998 3566
4 2602 3321 2786 4140
4 2815 2909 2652 3294
4 805 821 820 4297
4 1168 1207 1252 4114
4 3168 3445 395 3484
4 2981 3046 2771 3425
4 2550 2909 2815 4176
4 118 114 119 2976
4 1583 3073 3962 4296
4 2190 2185 2184 3953
4 2588 2524 3702 4190
4 1741 3940 3889 4182
4 3236 4029 3128 4222
4 2532 2710 2571 3450
4 1078 1117 1080 4065
4 2853 3573 2945 3999
4 2682 2555 2776 2932
4 2772 2857 2558 3918
4 1440 1367 1361 3965
4 1566 4036 3310 4037
4 2987 3466 1734 3573
4 3387 3758 2726 4040
4 504 448 456 4269
4 2872 2887 2604 3553
4 2794 2883 2736 3352
4 2512 3467 2498 3864
4 703 710 3930 3998
4 3070 3318 2504 4050
4 2850 3221 2775 4185
4 2754 2999 2669 3433
4 1867 1880 1879 3490
4 2750 3597 3581 4145
4 905 3221 906 4185
4 1527 1543 1544 4279
4 2438 3294 2435 3659
4 2579 3107 2916 3993
4 782 3611 784 4241
4 2604 2886 2803 4288
4 1718 1710 4099 4192
4 2685 2583 3409 3554
4 2683 2714 2594 3372
4 658 660 659 4197
4 2496 2979 2924 3801
4 2557 3493 4102 4254
4 368 3081 367 4186
4 2617 2629 2550 4176
4 216 3305 3609 4156
4 2251 3346 2273 3427
4 170 3044 156 3950
4 1291 1292 603 1352
4 2040 2015 3432 3449
4 2472 2467 2471 4088
4 659 3859 3264 4197
4 435 3394 3461 4201
4 140 77 66 3710
4 2661 2817 3379 3741
4 906 3221 922 4185
4 2551 3648 2731 3650
4 1593 1586 1585 4195
4 2790 2849 2605 3911
4 302 3532 3322 3779
4 3516 3853 1903 4113
4 1442 1441 1444 3229
4 3141 3630 1871 3854
4 167 50 156 3039
4 1728 1735 1734 3466
4 2099 2100 3605 3780
4 2728 2944 4228 4248
4 389 388 3436 3867
4 203 206 205 3089
4 1718 1711 3202 4099
4 2532 2910 2710 3729
4 2668 3694 3130 3701
4 2749 3013 3612 3924
4 2929 2956 2786 3868
4 2574 3706 2531 3886
4 2772 2802 2564 4046
4 2123 2122 2108 3970
4 2715 2984 3346 3429
4 2778 3888 3020 3997
4 1399 1401 3213 3290
4 2564 3985 3252 4134
4 910 926 927 3767
4 1906 1907 3836 4107
4 2606 2888 2677 2965
4 2989 3930 2982 3998
4 2801 2802 3646 4026
4 2630 2722 2847 4034
4 2733 3029 2651 3114
4 3104 3445 2842 3969
4 594 2844 593 3082
4 3295 3708 2592 4198
4 3098 3446 3000 3941
4 1021 3396 1029 4297
4 3035 3894 3085 4277
4 2852 3078 3447 4096
4 1006 1007 3324 4285
4 2796 3245 2903 3483
4 1366 1361 1367 3965
4 2553 3164 3660 4054
4 2794 3135 3281 3972
4 80 96 2589 4232
4 2510 3252 2564 3985
4 3045 3518 2892 3556
4 2889 3053 3268 3647
4 3261 3401 2799 3848
4 3614 3786 3155 4287
4 2525 3408 2522 3887
4 3371 3614 2843 3960
4 1300 3619 2927 4121
4 3250 4267 3411 4288
4 1020 3100 1107 3944
4 1380 1386 1379 3590
4 1891 1879 1880 3644
4 1113 1074 1111 4202
4 2114 2113 3413 3661
4 3336 3946 3366 4076
4 3149 3422 1468 3664
4 2550 2815 2684 3025
4 2545 2682 2812 3830
4 2629 3079 2858 4176
4 2773 3653 3150 4226
4 656 685 658 4197
4 2591 2640 2530 2662
4 1528 3244 1529 4164
4 2632 3881 3403 4038
4 1587 3286 1579 4117
4 2980 2799 3400 3401
4 2191 2185 2190 3953
4 2553 3746 3164 4054
4 2799 2992 3879 4271
4 2660 2918 2792 3724
4 158 3735 2871 3921
4 1538 3797 1539 4037
4 2765 3479 3123 3816
4 275 271 3417 4306
4 2787 3170 2988 3578
4 2633 3512 3252 4011
4 2943 3312 3311 4082
4 2644 3723 3966 4302
4 2892 3045 2745 3518
4 2703 3192 3191 3570
4 2548 3086 3551 3827
4 2660 3761 3500 4028
4 957 3390 982 4045
4 2664 3311 3312 4082
4 2579 2681 2916 3107
4 3199 3829 3556 4144
4 2429 2432 2451 3589
4 1033 1049 1048 4059
4 1050 1035 1051 4059
4 2140 2170 2171 4307
4 2972 3117 2109 3144
4 2581 3363 3897 3987
4 3434 3850 2518 4196
4 2573 3304 2795 3657
4 744 3711 3259 4280
4 1601 3437 1602 4210
4 297 3135 312 3787
4 829 828 830 3469
4 1549 1550 3245 3962
4 2698 3115 2634 3175
4 2918 2919 2621 3501
4 2717 2945 2879 3999
4 2802 2984 2801 3646
4 1805 1803 1804 3438
4 2559 2807 3653 4220
4 430 3124 2940 3461
4 2738 2665 3712 3948
4 1437 1468 1462 3664
4 495 3461 3078 4201
4 3377 3514 3106 4290
4 9 105 115 3593
4 1365 1370 1369 2925
4 367 3081 368 3996
4 478 2778 3488 4034
4 544 552 551 4061
4 2970 3293 2928 3730
4 3221 3390 940 4044
4 3032 3657 2885 4265
4 3076 2505 3799 3904
4 2175 2181 2176 3852
4 2712 3159 3367 3989
4 2785 2855 2721 3357
4 2790 3309 3203 4216
4 3912 4148 4102 4254
4 2678 2800 2620 3752
4 2469 3367 3184 4088
4 1339 2474 1338 2487
4 2636 3193 73 3222
4 2540 2789 3870 3985
4 2664 3073 4203 4281
4 2983 3123 3814 3816
4 2898 3668 3474 3759
4 2038 2062 3432 3967
4 3775 4027 2822 4127
4 2879 3582 2965 3999
4 2577 3118 2805 3795
4 317 339 3532 3779
4 332 426 3399 4112
4 2757 3282 3192 4149
4 1542 4108 3245 4224
4 2981 3471 2691 3885
4 2178 2177 2183 3852
4 871 411 419 3506
4 1594 1586 1593 4195
4 2502 3799 3288 3904
4 2716 2600 2721 2875
4 834 830 827 3598
4 2213 2175 2174 3074
4 1461 3422 1463 3483
4 2748 3308 3337 4004
4 2814 4165 3454 4193
4 1817 1818 3518 3824
4 2107 2108 2122 3970
4 1721 3612 1722 3924
4 1782 1795 3566 4008
4 541 3263 540 3671
4 1630 1614 1613 3877
4 2627 3301 2921 3470
4 2525 2598 2654 3296
4 1656 3601 3004 3884
4 2657 2765 3816 3980
4 2771 2981 2692 3046
4 1214 1191 1215 4168
4 2666 3702 2692 4190
4 1513 1521 1511 4153
4 848 3313 3326 3696
4 194 3224 3001 3579
4 3090 2648 3803 4021
4 3284 3450 2710 3729
4 1941 3021 1940 4163
4 3141 3906 1864 4205
4 427 3124 336 3507
4 1545 1544 1552 4299
4 2837 2880 2818 4189
4 2894 3014 3264 4012
4 3093 3759 3383 4261
4 1625 3220 3154 3884
4 218 220 231 3963
4 3161 3019 4186 4234
4 161 173 166 2900
4 2605 2940 3266 4295
4 2609 3538 3028 4190
4 3115 3175 3520 3737
4 555 546 547 3919
4 2496 2963 2924 3099
4 2899 3620 3452 3798
4 2624 3086 3622 3948
4 687 3859 3692 4206
4 3050 3239 2865 3901
4 2248 3248 2247 3812
4 891 906 892 4185
4 3200 3541 3423 3882
4 2393 3115 3576 3804
4 2612 3538 2609 4190
4 2777 2948 2555 4139
4 2954 2968 3661 3742
4 2682 3097 2825 3348
4 2921 3301 2848 3470
4 2630 4034 2778 4293
4 2530 2643 2567 3524
4 3228 3330 2873 4225
4 2668 3647 2725 3694
4 1205 1166 1164 4305
4 2853 4040 2899 4055
4 2559 2672 4189 4220
4 187 2967 183 3720
4 121 2905 120 4194
4 2374 2387 4157 4213
4 1348 491 3293 3329
4 228 239 3196 3305
4 2684 2806 2587 3025
4 2595 3551 2694 3821
4 1547 1546 1554 4299
4 1474 3664 1466 3707
4 267 3146 266 3499
4 3364 3370 2861 4109
4 648 4085 647 4242
4 2618 2833 2703 2834
4 2530 2504 3193 3981
4 2538 3335 3552 4209
4 749 785 3553 4241
4 2649 3337 2933 3980
4 2574 2534 3706 3886
4 2759 3467 3109 3554
4 3643 3648 3487 3649
4 2183 2184 2178 3852
4 2662 2562 3089 3754
4 2926 3693 3491 3796
4 905 906 891 4185
4 2757 3282 3138 4053
4 1201 1162 1160 4089
4 2779 3310 3439 4106
4 2716 2721 2600 2827
4 2541 3799 3288 4060
4 1364 3303 2925 4093
4 2500 2533 2537 4188
4 3736 3777 2131 3863
4 2774 2670 2911 2978
4 684 1528 1529 4164
4 3394 3433 2754 4292
4 651 650 652 3982
4 2612 2692 2609 2751
4 2832 3624 3793 3975
4 2627 2545 2706 3591
4 1529 685 684 4164
4 2545 3470 2682 3830
4 1229 1230 1204 3932
4 3285 3741 2556 3791
4 1168 4114 1167 4305
4 648 671 647 4085
4 744 3711 745 4241
4 1666 2930 3891 4024
4 1529 1545 1546 4299
4 2854 3475 3319 3828
4 381 3774 3289 4126
4 648 672 671 4085
4 2989 3956 3930 4261
4 2516 2622 2544 4300
4 1862 3666 3633 4205
4 3126 3359 2649 4004
4 2515 2840 3494 4063
4 1313 585 1314 3459
4 1012 1011 1003 3471
4 2286 2279 2278 3198
4 889 900 3105 3915
4 2674 3500 2830 3761
4 154 22 68 166
4 3992 4054 2712 4180
4 2510 3145 3512 3985
4 2846 3041 2596 3757
4 2917 4203 3465 4281
4 2505 3886 3368 4150
4 2119 2372 2371 3521
4 2953 3795 2155 4128
4 3518 3556 1817 3750
4 2605 3911 2940 4295
4 3261 3848 2799 4294
4 2559 3726 3106 3856
4 3397 2784 3714 4297
4 2300 2299 2307 3895
4 3116 3472 2968 3661
4 539 567 569 4283
4 3084 3781 3342 4123
4 2819 2615 2929 3111
4 3361 3416 2161 3795
4 2954 3432 2764 3605
4 855 854 3480 3696
4 2969 3969 3703 4126
4 2569 3862 3544 4086
4 2754 2999 3607 3771
4 2559 2650 3726 3856
4 1129 1145 1052 4058
4 1037 3101 1013 4167
4 2497 3366 2759 3946
4 2350 2287 2352 4033
4 856 3313 857 3674
4 2219 2218 2187 3865
4 246 240 2859 3347
4 2934 3225 2644 4302
4 2644 3966 3206 4302
4 2373 2372 2120 4157
4 2010 3529 2035 4080
4 2980 3805 3684 3933
4 2916 3162 2804 3870
4 2898 3215 3055 3463
4 192 184 2521 3579
4 2979 3801 3275 4300
4 1615 3037 1631 3891
4 2500 3323 2537 4223
4 2690 4014 3533 4031
4 3324 3396 1006 4285
4 3195 3229 2860 3271
4 2945 4040 2853 4075
4 1598 1605 1606 4068
4 2841 4157 3521 4213
4 2230 3932 1230 4094
4 176 2871 3366 3921
4 1531 1547 1548 4206
4 3232 3498 1907 4107
4 2691 3228 3011 3330
4 3240 3632 3050 3767
4 1122 1100 1101 3425
4 2926 4003 3782 4017
4 3132 3676 3589 3965
4 1744 1745 2918 3634
4 2542 3485 3380 3792
4 135 3139 3861 4211
4 2780 3655 3912 3913
4 1073 3495 1086 3773
4 2539 3218 3106 3380
4 2549 3102 3158 3473
4 1807 1796 1808 3824
4 2778 3042 3020 3888
4 2146 3736 2145 4240
4 2592 3295 2527 3708
4 3246 3658 2893 3842
4 2042 3449 2041 4243
4 2615 2529 3510 3511
4 2598 2720 2654 3256
4 1830 3666 1850 4205
4 212 4110 226 4264
4 2500 2533 4188 4223
4 3006 3473 2766 3815
4 2556 3741 2679 3791
4 2785 2855 3357 4117
4 2743 4030 3421 4282
4 87 3076 3904 4150
4 3373 3799 2533 4095
4 3138 3282 2757 3283
4 1962 1963 1037 4167
4 1952 3684 3805 3933
4 843 845 855 3696
4 3539 3653 2753 4235
4 1249 1248 1244 4023
4 2208 2200 3416 3955
4 2577 3118 2884 3416
4 823 2786 824 3868
4 2223 3395 3748 3865
4 2764 2968 2954 3742
4 491 3042 3293 3329
4 3164 3539 2571 4235
4 2213 2181 2216 2175
4 1004 1012 1003 3471
4 2590 3209 2611 3450
4 493 495 441 3461
4 2878 3281 3723 3966
4 2517 3044 3586 3971
4 3459 3919 3203 4250
4 1037 1963 1038 4167
4 3309 3447 3078 4096
4 893 876 874 4185
4 3124 3479 3394 3818
4 2860 3907 3676 3965
4 3215 3668 769 3669
4 1091 4079 3072 4257
4 1619 1620 812 4167
4 2850 3221 2944 4228
4 149 198 191 3720
4 2505 2531 3886 4217
4 2550 2629 2617 2847
4 3246 3568 2781 3658
4 2626 3833 2730 3880
4 2403 3115 2402 3804
4 171 3385 162 3976
4 2685 3409 3281 3972
4 656 684 685 4197
4 1266 1280 1281 3778
4 2692 2771 3702 4274
4 1728 3466 1729 3924
4 196 122 76 2997
4 1409 1397 3066 3986
4 3045 2818 3633 4047
4 2704 2592 2758 3441
4 523 524 550 3216
4 1658 1633 1659 3291
4 2939 2938 3880 4225
4 435 3124 430 3461
4 2549 2658 3158 4073
4 2560 2787 2988 3578
4 2894 3264 3014 4197
4 1547 1555 1548 3357
4 3523 2939 3769 4229
4 1539 3253 4036 4037
4 2684 2910 3729 3994
4 966 951 967 3122
4 2600 2511 3130 4035
4 812 1620 813 4167
4 109 3583 3177 4109
4 2669 3042 2970 3762
4 1582 1590 1583 3547
4 924 942 943 4122
4 661 3611 3264 3859
4 2965 2888 3241 3679
4 3153 3611 3062 3626
4 3040 3179 4070 4232
4 3073 3465 3559 4203
4 2516 2622 2550 3732
4 893 874 892 4185
4 315 3779 313 3787
4 1914 3853 3021 4230
4 68 3336 4076 4149
4 2035 2036 2010 4080
4 2702 2582 2845 3923
4 3122 3324 2709 3640
4 2883 3972 2736 4234
4 2416 1796 2407 4008
4 3230 3231 1310 4244
4 1114 1116 1115 4202
4 1328 3670 3159 3990
4 2947 3007 3006 4112
4 2681 3833 2789 3870
4 1037 1038 3101 4167
4 3262 3797 693 4037
4 2617 3042 2847 3329
4 3409 3467 3237 3554
4 3105 3995 2783 3998
4 1604 3251 1603 4136
4 1659 2930 3291 3891
4 2610 3231 3358 3424
4 57 154 22 68
4 775 796 795 3415
4 2877 2998 2902 4284
4 3040 3393 92 4232
4 1868 1881 1880 4107
4 1983 3431 3127 4256
4 2995 3029 2423 3934
4 2930 2726 3316 4024
4 2571 3450 3003 4235
4 3100 3127 2857 3826
4 1342 483 484 3837
4 2806 3424 2768 3971
4 2298 2297 2305 3895
4 2611 3424 3284 3525
4 1544 1528 1527 4279
4 354 355 3532 3663
4 795 774 775 3415
4 1536 693 1537 4221
4 1888 1883 1876 4113
4 3183 3522 3012 3670
4 2493 3586 2900 3949
4 2647 3224 2521 3579
4 1718 4099 1717 4192
4 693 1536 692 4221
4 3017 3215 3016 4242
4 540 3263 546 4250
4 2792 3475 3319 4204
4 960 988 3388 4045
4 2700 4038 2850 4228
4 2457 2451 2432 3907
4 2634 3916 2698 4060
4 3394 3461 2852 3479
4 1764 3582 1765 4001
4 2652 2815 3294 3451
4 2429 3589 2451 3965
4 3020 3064 2669 3700
4 962 3388 3051 3767
4 2949 3392 2636 3947
4 363 3110 351 3738
4 2922 2854 3761 3958
4 1952 1953 1950 3685
4 3103 4000 3426 4002
4 2798 3100 2990 3944
4 1180 1181 1189 3931
4 2721 2855 2785 4031
4 1408 1743 3319 3991
4 2448 3333 2449 3571
4 1981 3430 2005 3431
4 2745 3706 2534 3784
4 2595 2876 3592 4165
4 2783 2709 3396 3995
4 2781 3764 3474 3956
4 1583 1582 3547 4296
4 2602 2956 2786 3511
4 1883 1882 3854 4230
4 2698 2848 3301 3470
4 2668 2894 2890 3695
4 2658 2933 3007 3607
4 2631 3323 2994 3526
4 2687 3438 3199 3556
4 2981 2691 3471 4071
4 675 3519 674 3618
4 208 217 2491 3048
4 1393 3705 3065 3733
4 2286 2287 2279 3198
4 3518 3556 3045 4047
4 2673 4234 2620 4263
4 2791 2582 3061 3857
4 2497 3197 2549 4177
4 1517 3381 1518 4092
4 2558 2718 3369 3918
4 775 3415 3396 4297
4 2609 2666 3691 4212
4 433 3606 432 3818
4 859 3506 860 4160
4 2531 3096 3210 3830
4 2508 3270 3360 4035
4 3467 3864 2871 4041
4 3505 3516 1888 4113
4 462 2778 468 4293
4 211 210 3089 3754
4 200 3642 2957 4161
4 430 3124 427 3507
4 2602 2816 2741 3181
4 3028 3599 3496 4141
4 3006 2983 3814 4111
4 123 113 88 3385
4 3270 3360 2600 4014
4 2670 4046 2802 4196
4 2811 2825 2777 3638
4 3208 3819 3658 3930
4 3458 3853 3080 3854
4 2510 3145 3318 3512
4 1634 1618 3291 3341
4 1093 1094 1102 4079
4 1108 1067 1107 3555
4 623 3711 744 4280
4 1119 3863 3298 4065
4 268 262 269 3608
4 3426 3582 2937 4001
4 1580 3286 1588 4231
4 286 298 297 3135
4 2829 3089 2562 3754
4 1747 2488 1744 3486
4 1533 3317 1460 3522
4 2856 2634 3115 3116
4 2670 2911 2552 3928
4 2370 2972 2117 3780
4 1053 3523 3769 4229
4 940 4044 3390 4045
4 1590 1591 1583 3547
4 3153 1532 3626 4206
4 123 88 101 3385
4 2518 3434 2558 3825
4 2563 2635 2835 3113
4 2514 2612 2579 3641
4 1588 3286 1587 3984
4 2992 3021 2993 4271
4 648 3215 672 4085
4 2871 3174 3864 3946
4 213 3191 215 4110
4 2685 3281 2974 3972
4 1157 3686 1171 3942
4 2506 3284 2876 3525
4 444 3433 3394 4201
4 3012 3519 2689 4193
4 2567 2661 3120 3347
4 3106 3462 2539 3514
4 1546 1530 1529 4299
4 2055 2053 2032 3152
4 454 462 4270 4293
4 1981 1980 3430 3431
4 2851 3206 3803 4302
4 1687 1689 3236 3874
4 2939 3072 3617 4229
4 849 3111 3313 3696
4 189 118 46 3001
4 2546 3701 3237 4170
4 1337 2473 3056 3367
4 1626 3714 819 3884
4 3566 3750 3038 3824
4 2542 3485 3793 4218
4 691 1535 1534 4221
4 2119 3278 3521 3536
4 506 505 516 3545
4 3059 3060 2672 3756
4 3056 3358 2712 4199
4 2581 3047 3892 4028
4 1391 1400 2955 3287
4 3249 3274 2517 3903
4 1141 2128 2129 4026
4 2129 1142 1141 4026
4 2633 2747 3252 4134
4 2604 2803 3651 4288
4 2931 3291 2718 3341
4 2890 3083 3716 3751
4 3033 4106 3439 4210
4 2140 2171 2141 4307
4 2712 3184 2836 4054
4 2973 3203 2790 3834
4 1638 1663 1664 3316
4 2303 3725 2311 4152
4 2587 2927 3455 4292
4 2992 3853 3458 3854
4 2018 2043 2019 3236
4 2494 3227 2957 4161
4 2550 2622 2516 3398
4 345 358 344 4140
4 2782 4142 3526 4143
4 3658 3819 708 3930
4 2555 3964 3704 4139
4 530 3268 559 3982
4 2503 3173 2808 4238
4 2716 3611 3153 3859
4 1694 1695 1684 3410
4 2543 3099 3345 4063
4 1914 3854 3853 4230
4 2548 3827 3821 4147
4 1548 1532 1531 4206
4 1028 3885 1027 4071
4 1278 1279 1263 2988
4 912 3049 2938 3632
4 3312 3387 2785 4075
4 2712 3367 3184 3989
4 112 3531 121 4194
4 3147 3513 2838 4021
4 2173 2017 4243 4307
4 2960 3281 3665 3966
4 3323 3453 3076 4223
4 1360 1362 1359 3132
4 3373 3799 3453 4223
4 2564 3881 2510 3968
4 3203 3459 2973 3919
4 2427 2428 3029 3574
4 1534 690 691 4221
4 2958 3565 3419 3974
4 290 280 3121 3322
4 764 3764 3474 4301
4 2757 3193 3192 3570
4 1178 1179 1187 3931
4 1704 1703 1705 3612
4 3573 3582 2879 3999
4 2720 2948 2777 4139
4 1786 3426 4000 4001
4 2506 3525 2876 4141
4 2781 3557 3246 3658
4 1093 1092 1083 4079
4 252 253 266 3608
4 2852 3461 3078 3911
4 2602 2741 3321 4140
4 2708 2642 2891 4217
4 2561 3366 3158 4073
4 2946 3043 2766 3544
4 2493 3525 3274 3586
4 2803 3614 3371 3960
4 2661 2643 3120 3603
4 2934 3772 3417 4302
4 2559 3838 3560 4189
4 3209 3861 3179 4151
4 3277 3618 643 4017
4 2689 3183 3317 3522
4 2718 3883 3101 4167
4 1939 2992 1940 3021
4 1536 4037 4158 4221
4 3140 3339 3217 4226
4 3208 3658 2781 3930
4 1444 2451 2452 3229
4 3225 3840 3615 4291
4 2448 2449 2445 3571
4 1270 1216 1217 4168
4 2018 2019 1689 3236
4 2968 3432 2954 3967
4 3052 3201 2812 4066
4 2806 3231 2768 3424
4 1307 3456 3333 3464
4 545 553 543 4250
4 3145 3524 2536 4252
4 3045 3633 2837 3644
4 2793 3458 3141 3753
4 2547 3533 3360 4014
4 108 157 40 3846
4 2820 3823 3822 3899
4 2861 3364 3360 4035
4 108 3177 109 3583
4 2885 3267 3032 4092
4 922 4044 923 4185
4 2762 3765 3691 4212
4 2582 2544 2722 3061
4 2922 3066 2854 3958
4 3206 4148 2780 4254
4 2699 3437 3624 4106
4 2931 3472 2945 4192
4 1113 1076 1074 4202
4 2626 2939 2730 3833
4 2982 3764 2781 3956
4 1244 1248 1247 4023
4 1293 1289 3468 4091
4 453 459 451 3700
4 2526 2623 3360 3533
4 3231 3333 1309 3456
4 2497 3197 3477 3945
4 2838 3803 3481 4021
4 3215 3668 2898 3759
4 2797 3012 3519 3618
4 158 176 2871 3735
4 3087 2538 3552 4209
4 1424 1425 3483 4108
4 346 321 3513 4020
4 2675 2919 2858 3940
4 3531 3887 2522 3983
4 2417 2410 2414 2995
4 951 966 950 3122
4 2712 2836 3056 4199
4 1345 1342 484 3837
4 2780 3487 3206 4254
4 2697 3253 2862 3548
4 3446 3566 3038 3824
4 2036 2037 3430 4080
4 1378 2925 3061 3857
4 108 115 109 3177
4 2683 3628 3372 4033
4 3164 4054 3003 4199
4 2721 2855 2827 3692
4 210 3609 209 3810
4 1360 1351 1361 3965
4 1858 3414 1859 3789
4 3821 3849 2813 4180
4 433 442 432 3606
4 2537 3323 2994 3831
4 2436 2484 2439 3024
4 1567 4036 1568 4037
4 325 350 351 326
4 2783 2709 3324 3396
4 110 2495 4109 4238
4 2559 2672 3726 4189
4 218 2942 2491 3273
4 2551 3392 3477 3947
4 2633 3985 2747 4134
4 984 4045 982 4286
4 310 3321 309 3322
4 2961 3421 4030 4282
4 2827 2668 3014 3751
4 769 3668 3215 4242
4 3125 3415 794 3714
4 2754 3394 2950 3818
4 639 3567 640 4242
4 1717 1725 4192 4215
4 2702 2791 2582 3923
4 1759 1753 1754 3071
4 971 1065 979 4257
4 635 4003 3277 4017
4 2781 3557 3208 4261
4 2108 3683 3117 3970
4 1576 1552 1551 4279
4 1772 1782 1773 4008
4 1729 3924 2987 4215
4 3388 3767 943 4044
4 751 749 787 3553
4 2775 2886 2673 3506
4 919 904 911 4225
4 1710 1718 1717 4192
4 701 3819 3208 3930
4 1038 3866 1039 4286
4 3173 2558 3434 3825
4 2683 2594 2932 3372
4 2746 2841 2603 4222
4 2879 2965 1766 3576
4 2700 2564 3881 3918
4 3179 3910 2840 4232
4 1668 1667 1701 3709
4 3388 4044 943 4045
4 2497 3946 3945 3947
4 464 3020 459 3700
4 2767 3192 3191 3392
4 2142 2172 2148 3406
4 1845 1831 1830 4205
4 3069 3080 2724 3853
4 2822 4027 3775 4057
4 1568 4036 1566 4037
4 1383 2955 1514 3687
4 2770 3503 3695 4133
4 3912 4102 2914 4254
4 2121 2120 2106 4157
4 2444 2445 2441 3451
4 1927 2992 1939 3021
4 526 3788 3053 3959
4 1220 1236 1219 3350
4 1270 1217 1267 3744
4 2503 3177 3370 4238
4 2930 2945 2584 4075
4 3453 3799 2533 4223
4 2917 3914 3251 3984
4 2372 3521 2119 4157
4 164 21 64 3174
4 3452 3798 3620 4239
4 102 81 93 3453
4 3004 3601 1656 4029
4 2690 3245 3962 4056
4 586 585 577 3459
4 168 2867 3275 3636
4 2784 3415 3396 3995
4 2808 3370 3173 3825
4 2774 2874 2552 3928
4 1869 3114 3036 4084
4 2232 1234 1287 3054
4 3209 3377 2492 3462
4 2044 2043 2018 3236
4 2570 2675 3501 3635
4 943 4044 3767 4122
4 1866 3490 3045 3518
4 2929 3315 2956 3868
4 2539 3442 3106 3784
4 925 924 943 4122
4 341 3147 357 3839
4 2990 2700 3388 3826
4 2589 3257 2840 3393
4 2595 3592 3265 3821
4 2569 3102 3721 4086
4 655 657 616 4197
4 2997 3408 3887 3983
4 2397 2386 2396 3535
4 1029 1045 821 3397
4 2790 3009 2849 3722
4 2625 3141 3458 3753
4 432 3607 333 3818
4 2248 2256 3343 3812
4 736 739 3602 4105
4 1005 1021 797 3396
4 2593 3164 3539 4057
4 2866 3367 2712 4165
4 194 189 3001 3224
4 2172 3074 2148 3406
4 612 3982 651 4138
4 3617 3769 2939 4229
4 2907 2793 3753 3920
4 1866 3045 3490 3644
4 2925 3061 2791 3303
4 1460 3317 2456 3522
4 2615 3480 2873 4207
4 2198 3118 2197 3416
4 2618 3477 2949 3717
4 2557 2851 3460 3791
4 884 3480 2873 4129
4 2746 3004 3236 4029
4 3125 2784 3415 3714
4 339 354 3532 3663
4 838 832 839 3326
4 2758 2946 2592 3043
4 1994 3952 3280 4015
4 2017 2009 3449 4307
4 1769 1762 1770 4284
4 2999 3771 2754 4005
4 2039 3430 2038 3432
4 111 3314 2808 4238
4 2662 4156 2859 4276
4 475 571 570 3957
4 3116 3661 2968 3742
4 121 107 118 3001
4 2970 3762 3293 4091
4 583 604 581 3216
4 2724 3458 3131 3879
4 2690 4031 3533 4056
4 1767 1758 3576 4007
4 614 3435 612 4138
4 2686 2956 2615 3480
4 2749 3202 2987 3924
4 3457 3008 3975 4227
4 1629 1548 1556 4231
4 2270 2271 2259 3699
4 1588 3869 3286 3984
4 2982 3755 2783 3998
4 453 460 459 3700
4 2562 3554 3325 3809
4 942 4044 943 4122
4 3330 3471 3072 4257
4 2076 3967 2060 4080
4 591 565 592 3441
4 3177 109 4109 4238
4 2808 3434 3314 3928
4 1392 1390 1382 3290
4 1599 1606 1607 3439
4 2562 2530 2662 3981
4 507 508 500 3722
4 907 906 923 4185
4 2719 3492 3454 3834
4 3191 3196 2640 3305
4 858 855 3111 3696
4 2930 3291 2931 3709
4 2660 3500 2918 3724
4 2447 3451 2443 3994
4 1168 1252 1243 4114
4 149 191 142 3720
4 1587 3984 3286 4195
4 169 161 166 2900
4 2674 2831 2830 3500
4 2354 2357 2339 3628
4 1143 2130 2131 4032
4 2213 2175 3074 3852
4 2746 3536 2841 4222
4 2236 2265 2263 3349
4 2611 2806 2768 3971
4 2131 1144 1143 4032
4 897 3632 886 3901
4 2904 3035 3894 3899
4 3244 3245 1542 4279
4 2609 2666 2692 4190
4 1022 1006 1007 3324
4 1816 1829 1815 3556
4 1318 3639 1319 3990
4 550 524 551 3216
4 3229 3907 2860 3965
4 2466 2467 3195 3876
4 828 826 824 3868
4 1527 683 682 4224
4 2061 3967 2037 4080
4 1798 1791 3103 4000
4 2633 2804 3870 3993
4 2803 3867 3672 4052
4 2561 3158 2658 4073
4 682 1526 1527 4224
4 578 579 587 3919
4 2838 3513 2851 3803
4 3147 3839 342 4020
4 2954 3413 2634 3737
4 260 3225 251 4090
4 200 193 178 2957
4 2179 2178 2184 3429
4 85 93 84 3368
4 1985 2009 3407 3449
4 2656 2835 3232 4217
4 3199 3666 2906 4077
4 687 3153 3859 4206
4 1291 3762 1292 4091
4 2798 3100 3555 3580
4 906 922 923 4185
4 2625 3458 3537 3753
4 2731 2912 3392 3595
4 2553 3592 4054 4180
4 1711 1699 1704 3202
4 2935 3753 3537 3920
4 586 1314 585 3459
4 2190 2189 2199 3955
4 2600 2716 3250 4267
4 2744 4057 3067 4298
4 1364 2925 2791 4093
4 3335 3359 3249 4069
4 2687 3038 3438 3556
4 3531 3983 2905 4194
4 1735 1753 1751 4083
4 2518 3799 3288 3850
4 1013 1014 981 4286
4 2589 2599 2840 3257
4 1134 3540 1135 4062
4 1724 1731 2110 4006
4 2200 2190 2199 3955
4 2663 3798 3423 4239
4 2723 4061 3309 4275
4 2144 2143 2149 3406
4 2580 2819 2665 3712
4 689 3519 690 3522
4 1607 1562 1564 4158
4 2623 2827 2690 3083
4 3302 3361 2805 3416
4 2840 2963 2532 4070
4 3280 1994 3763 3952
4 1554 1553 1578 4299
4 2945 3573 2879 3999
4 2543 2496 4142 4277
4 3264 3859 3014 4197
4 2360 1752 2365 4006
4 3237 3739 2546 4170
4 2202 2192 2201 3955
4 2358 3725 2303 4152
4 2621 3047 3500 3501
4 378 3436 388 4186
4 927 3051 3049 3767
4 2335 2317 2332 3613
4 2711 3424 2806 3971
4 1365 1362 1366 3132
4 3459 3670 2814 3919
4 1579 3286 1580 4231
4 2846 3756 3060 4013
4 1161 3686 1159 4089
4 2794 3281 2619 3972
4 3424 3525 2611 3971
4 2191 2201 2192 3955
4 2174 2172 2171 4307
4 797 776 1005 3396
4 3422 2903 4137 4296
4 1945 1959 1958 3756
4 2871 3864 3174 3921
4 2560 2576 2787 3578
4 1704 3202 1703 3612
4 2634 2908 2954 4179
4 1305 3231 1309 3456
4 2609 2519 3028 3538
4 851 3698 850 4160
4 1753 3071 1759 3620
4 2877 2902 3071 4284
4 3298 3376 1119 4065
4 2668 3083 2827 3694
4 2690 2903 3245 4056
4 2648 3090 4020 4021
4 242 230 3783 3963
4 2500 2782 3526 4143
4 425 3507 331 3815
4 2781 3568 3246 4301
4 1895 3631 1908 3937
4 985 1015 1016 4286
4 2571 2744 3539 4057
4 2608 2856 2733 3187
4 2693 2798 3743 3968
4 3062 3611 807 3626
4 2424 3187 1828 4155
4 1016 987 985 4286
4 1395 3290 3079 3940
4 481 480 3762 3888
4 2740 3125 3463 3714
4 3346 3736 2152 4240
4 2612 2823 2720 4173
4 1161 1163 3686 4089
4 2736 2883 2794 3972
4 3494 3653 2807 4220
4 2063 3432 2062 3967
4 524 3216 523 4275
4 3244 4279 1528 4299
4 274 258 273 3858
4 2416 2407 2408 4159
4 2904 3893 3476 3894
4 1455 3587 1454 4130
4 323 4043 348 4253
4 3222 3174 3336 3946
4 3397 3714 3154 3884
4 1788 3576 3679 3804
4 2743 3721 3068 4282
4 2208 3302 2209 3955
4 2581 3892 3058 4028
4 1014 983 981 4286
4 1172 1173 1181 3925
4 2118 3521 2371 3917
4 2840 3179 4070 4151
4 3502 3880 3330 4225
4 2712 4180 4165 4193
4 2709 3105 2783 3915
4 2574 3334 2505 3943
4 1025 1024 1009 3640
4 2831 3047 2570 3501
4 2556 2679 2703 3791
4 1713 3202 1704 3612
4 2514 3641 2579 3642
4 2184 2185 2179 3429
4 2718 3148 3883 4167
4 1430 1431 1424 3483
4 518 3203 4216 4250
4 2753 2807 3099 4063
4 1566 3310 1564 4158
4 1793 1792 1783 3566
4 467 531 461 4270
4 2851 3090 3513 3772
4 2696 4189 2672 4220
4 2552 2576 2560 3578
4 2806 2587 2927 3455
4 2818 2837 3633 3937
4 2522 2633 2560 4011
4 2053 2030 2032 3152
4 437 428 3399 3508
4 2618 3477 3717 4102
4 2900 3338 3044 3586
4 368 827 356 3996
4 249 3225 251 4291
4 690 3522 3519 4221
4 1539 3797 3253 4037
4 1303 3455 1302 3456
4 1466 3664 3258 3707
4 2476 2474 2446 3577
4 2560 2787 2552 2828
4 2743 3701 3467 3862
4 3320 4018 3015 4019
4 2547 3312 2677 3569
4 2579 3641 3340 3642
4 2700 3968 2850 4038
4 3094 3662 3317 4130
4 2868 2573 3823 4016
4 2673 3019 2816 4038
4 2064 3432 2080 3605
4 111 2495 110 4238
4 3109 3409 2743 3643
4 815 799 800 3463
4 3134 3577 2438 3876
4 879 3112 866 3901
4 206 203 202 3543
4 3026 3054 2948 3256
4 656 654 3751 4197
4 1810 3108 3241 4000
4 2684 3729 3398 4162
4 822 826 3738 3868
4 3503 3504 2770 3695
4 1487 1499 1488 3565
4 583 581 574 3216
4 2181 3852 3832 3865
4 3055 2740 3463 3548
4 2640 3305 2859 4156
4 1078 3374 1080 3376
4 2860 3134 3294 3907
4 1534 3662 3522 4221
4 2497 3947 3477 4177
4 1024 1008 1009 3640
4 2515 3140 3746 4235
4 1670 1588 1596 3984
4 134 129 133 3138
4 2793 3537 3753 3920
4 3443 4103 2646 4212
4 3096 3288 2528 3830
4 1181 1180 1172 3925
4 1844 1845 1856 3906
4 2876 3358 3284 3592
4 2819 3111 2929 3326
4 385 3484 393 3969
4 2816 2632 3182 4169
4 700 418 3819 4052
4 2802 2984 2978 4196
4 2528 2683 2964 4118
4 2495 3370 3364 4109
4 242 3963 3902 4181
4 2589 2840 3910 4232
4 3288 3368 2502 3904
4 306 2952 3379 4043
4 1724 2110 2094 4006
4 2659 3457 3914 4227
4 2819 3326 2929 3738
4 3106 3218 3140 3856
4 3375 3769 2693 3773
4 2831 1739 3634 4182
4 594 568 2844 3788
4 1751 1734 1735 4083
4 83 3368 3961 4150
4 2892 3038 2998 4042
4 214 216 3609 4156
4 2506 3028 3860 4141
4 1444 1441 1422 3229
4 3128 4015 2839 4222
4 2212 2213 2174 3074
4 2810 2985 2596 3685
4 2504 3193 4050 4252
4 2514 2720 2555 3704
4 2769 3073 2903 4056
4 2982 3956 2989 3995
4 2669 3433 2824 4292
4 1525 681 589 4224
4 2843 3678 3371 3819
4 2540 3743 2705 3985
4 2837 3045 2818 3633
4 3784 4103 2586 4171
4 2397 2409 2400 3616
4 2476 2487 2474 2986
4 2778 3020 2999 3997
4 2704 2725 2592 2845
4 2723 3203 3309 4061
4 557 560 3268 3977
4 1634 3291 1635 3341
4 1143 3863 1118 4065
4 2838 2952 3513 4253
4 2085 3144 2084 3395
4 1796 3446 1808 3824
4 879 862 877 3901
4 1959 1945 1942 3219
4 1317 1312 1311 3639
4 1319 3639 3459 3990
4 236 244 246 2859
4 155 3583 106 4109
4 2619 3281 2794 3843
4 1721 1720 1714 3612
4 2593 2809 3775 4127
4 2975 3567 3259 4280
4 2535 2592 3708 4198
4 2367 2382 3737 4007
4 2609 2692 2612 4190
4 2167 3361 2166 3638
4 2504 3318 3752 4252
4 1140 3555 4026 4202
4 2592 2946 2737 3708
4 1139 2126 2127 4026
4 1071 3375 1069 3555
4 2499 3107 3408 3983
4 1007 3324 3122 3640
4 3410 3652 3200 3882
4 578 587 586 3919
4 2005 2004 2012 3430
4 1265 1269 1268 3355
4 1947 1948 1946 3400
4 1064 1063 3617 3978
4 2774 2964 2614 3198
4 2057 3748 2058 4278
4 3106 3514 2539 3784
4 3061 3290 2831 3940
4 3105 3171 2989 3998
4 2630 2592 2758 2946
4 2722 3837 2791 4093
4 3262 3519 2689 4221
4 1917 1900 1899 4289
4 705 699 706 4052
4 1099 1100 4071 4079
4 3154 3463 3220 3714
4 2440 3025 3024 4121
4 2748 3717 3274 3903
4 3231 3455 1305 4244
4 860 873 875 4160
4 40 125 108 3846
4 3594 3973 2788 4125
4 2880 3516 3069 4236
4 2662 2859 3276 4276
4 825 824 358 3469
4 213 215 3191 3609
4 2965 3187 2888 3679
4 1829 3829 3556 4047
4 2925 3802 3160 4176
4 1507 3032 3149 3707
4 2564 2705 3743 3985
4 2852 3911 3078 4096
4 2797 3575 3017 3936
4 2468 2473 3367 4088
4 376 389 3436 3760
4 1949 3400 1948 4271
4 199 2967 187 3961
4 2791 3061 2925 3857
4 2233 3054 2232 4152
4 2675 3635 2570 3835
4 1494 3258 1505 3707
4 2546 3701 2961 3841
4 2944 2700 3384 3388
4 109 3177 115 3593
4 2777 2825 2682 3097
4 2530 2562 2504 3981
4 1762 4214 1770 4284
4 2032 3152 2031 4128
4 163 3275 168 3527
4 2701 3164 2836 4054
4 3374 3495 1075 3773
4 2831 3500 3047 3501
4 1751 3573 1734 4083
4 231 3783 230 3963
4 1471 1363 3687 3923
4 3295 3360 2861 4208
4 3078 3461 2852 4201
4 318 343 2741 3532
4 2986 2610 3056 4199
4 2530 3562 3193 4252
4 3339 3604 2542 4218
4 1250 1246 1251 3744
4 2569 3158 3102 3473
4 2751 2777 2612 2811
4 3050 3632 3051 3767
4 948 735 724 3755
4 3415 3714 2784 4297
4 2135 3186 1148 3637
4 1061 1072 1060 3773
4 3099 3893 2924 3894
4 598 3441 599 3957
4 1794 1804 1803 3438
4 1596 1675 1670 3984
4 3615 3963 3783 4291
4 2218 2195 2187 3865
4 1815 1805 1804 3556
4 1860 1861 1848 3412
4 1005 3755 997 4285
4 3435 3695 2894 4133
4 426 432 440 3119
4 2836 3588 3184 4088
4 2510 3403 2632 3881
4 1316 604 3216 4245
4 3172 2895 3711 4241
4 2955 3267 2922 4092
4 2455 1460 1456 3317
4 2954 3661 3116 3742
4 2816 2673 4038 4263
4 3282 3283 2949 4149
4 2391 2390 3521 4213
4 422 701 700 3819
4 3073 2769 3547 4281
4 722 723 731 3568
4 2599 2696 2672 4220
4 2505 2991 3076 3943
4 634 4003 635 4017
4 159 3976 2507 4183
4 552 544 543 4061
4 300 301 288 3779
4 139 150 3586 3950
4 2911 2977 2747 3226
4 2578 2771 3702 4173
4 1292 1291 2429 1352
4 2581 3897 3047 3987
4 709 716 3658 3930
4 309 2817 308 3603
4 2572 3234 3085 4100
4 2668 2725 3083 3694
4 2713 2928 3160 3589
4 1864 1863 1871 3630
4 3012 3183 2689 3522
4 2795 3267 3149 3657
4 3189 4273 2769 4281
4 2842 2738 3168 3171
4 2586 2848 3000 3018
4 2633 2747 2913 4011
4 737 752 751 3785
4 1712 2059 4080 4192
4 2557 3460 3206 4148
4 3413 3661 2363 3737
4 1225 3777 3596 3863
4 1432 1353 1357 3923
4 551 3216 524 4061
4 3286 2785 3387 3869
4 2531 3830 3470 3916
4 3340 3641 2579 4135
4 3394 3433 2824 4201
4 1333 1326 1327 3990
4 2328 2232 1287 3054
4 688 3153 3626 3859
4 2164 3361 2162 3637
4 2677 2965 2937 3582
4 1564 1608 1607 4158
4 1767 1778 2401 3576
4 1307 1308 3456 3464
4 2121 2106 3205 4157
4 3045 3556 3199 4047
4 422 700 418 3819
4 297 299 3135 3787
4 2311 2260 2312 4152
4 749 3553 3172 4241
4 1080 1082 1081 3376
4 1797 3679 1799 4001
4 2548 3827 3428 3948
4 334 3817 3123 3818
4 3335 3358 2711 3424
4 2645 4077 3550 4123
4 467 3163 472 3957
4 3442 3485 2542 4042
4 1830 1831 1829 3829
4 196 44 122 185
4 1040 3384 1039 3866
4 1208 1272 1253 4048
4 2966 3624 3437 4106
4 2762 4212 3005 4222
4 255 254 242 3902
4 1795 1807 3750 3824
4 403 396 404 3445
4 2799 3879 2993 4271
4 1408 3319 1409 3991
4 2494 3642 3645 4161
4 2699 3624 3440 4106
4 2499 4050 3070 4087
4 93 99 84 3212
4 871 859 411 3506
4 1226 2226 2227 3596
4 1226 2227 1227 3596
4 78 3283 2757 4149
4 2883 3352 2794 3787
4 1077 3376 1079 3495
4 75 172 20 64
4 2989 3956 2624 3995
4 3194 3421 2961 4170
4 3630 4124 2907 4205
4 79 69 58 4050
4 2872 3553 3785 4105
4 3454 3768 2595 4209
4 2401 2392 1767 3576
4 3122 3324 1007 4285
4 328 332 329 4111
4 2920 2693 3375 3769
4 2561 2658 3534 4073
4 2903 2769 4056 4219
4 3085 3561 3667 3908
4 1042 1968 1043 4258
4 2512 3325 2562 3554
4 3384 4045 1016 4286
4 2609 3443 2646 4212
4 2842 3623 2665 3948
4 1203 4089 1204 4305
4 1131 3046 1147 3688
4 1013 3509 3101 4286
4 2562 2512 3222 3325
4 2230 1229 2229 4094
4 1229 2230 1230 4094
4 2570 3047 3892 3893
4 2997 3887 3531 3983
4 2782 2570 2924 4143
4 674 675 690 3519
4 1837 3933 3331 4237
4 1712 1702 1701 4192
4 1794 1793 1792 1789
4 2596 3757 3334 3943
4 2731 3648 2732 3790
4 3017 3055 2694 3215
4 2426 2425 2428 3029
4 1042 1967 1968 4258
4 2807 3561 3560 3653
4 2725 2623 2845 3082
4 2536 3318 3145 4252
4 1542 3245 1550 3962
4 925 943 3767 4122
4 2586 3784 2688 4103
4 1370 3132 1373 3719
4 738 777 739 4105
4 805 1029 3397 4297
4 163 3040 3275 3527
4 2228 1228 1227 4094
4 1227 2227 2228 4094
4 2065 3449 3432 3605
4 2595 3454 4165 4193
4 2631 2543 2994 3697
4 349 4043 361 4253
4 492 603 490 3762
4 1605 4068 1492 4130
4 2651 2995 3029 3389
4 2873 3820 3228 4129
4 3316 3877 1638 4231
4 261 262 3347 3600
4 1474 3149 3664 3707
4 3736 3863 2131 4032
4 1556 3357 1555 4231
4 1762 1759 1754 3071
4 72 67 64 3180
4 40 157 172 3846
4 2124 1137 1044 4258
4 2910 3134 2710 3571
4 3191 3305 2640 3609
4 1598 1606 3439 4068
4 1634 1617 1633 3291
4 2499 3562 3524 4252
4 1380 3590 1379 3676
4 1129 1036 1028 4071
4 491 486 3042 3329
4 3452 3008 3973 4227
4 2871 3467 2759 3864
4 3062 3153 2716 3611
4 1440 1441 1443 3229
4 2456 3317 3183 3522
4 2942 3273 2912 3543
4 3222 3336 3325 3946
4 3135 4101 2915 4306
4 2540 3743 3489 4169
4 706 3819 2893 4052
4 858 3313 3111 3674
4 705 3672 698 4052
4 843 3696 836 3731
4 2864 3912 3655 3913
4 2860 3327 3067 3590
4 518 520 543 4250
4 2588 2524 3185 3702
4 1442 1443 1441 3229
4 846 3731 3182 3794
4 149 142 138 3720
4 1455 1459 3587 4130
4 3060 3685 2846 4013
4 3117 3301 2972 3970
4 2800 3120 2643 3121
4 2677 3582 2937 3999
4 545 554 553 4250
4 2814 2866 3454 4165
4 1291 1289 1290 4091
4 727 3390 3169 3509
4 2907 2793 3141 3753
4 1561 1559 3662 4158
4 225 3305 216 4156
4 127 3177 109 3593
4 103 2991 87 4150
4 1197 1158 3298 3715
4 1081 1079 1080 3376
4 2537 2628 2994 3558
4 2002 2003 3242 4080
4 3452 3620 2877 4239
4 2649 3497 3479 4009
4 2928 2970 2617 3293
4 1044 1969 2124 4258
4 2885 3381 3066 4092
4 1605 1598 1597 4068
4 239 3146 238 3196
4 2869 3951 3444 4059
4 2540 2626 3530 3833
4 3357 3153 3877 4206
4 1991 4015 2023 4029
4 211 205 221 3089
4 3263 3671 541 3782
4 2194 3748 2204 3795
4 2998 3098 3071 4214
4 2768 3571 2710 4200
4 2278 3198 2256 3812
4 2560 2913 2727 3214
4 3071 4214 1762 4284
4 2732 2760 2942 3790
4 1199 1197 1198 3715
4 2527 3130 3694 3701
4 118 124 114 3212
4 1966 1041 1040 4256
4 384 383 373 3484
4 2462 3184 2469 3989
4 446 447 454 3629
4 2731 3650 3790 4120
4 2690 3962 3245 4279
4 2799 3401 2980 3848
4 1040 1965 1966 4256
4 1025 3885 1026 4059
4 2550 3025 2684 4259
4 2738 3712 3428 3948
4 1291 1292 1289 4091
4 907 4044 924 4122
4 2808 3434 3373 3825
4 2869 2981 2692 3702
4 2691 3330 3072 3880
4 2675 2622 2858 2919
4 2530 2640 2591 3570
4 1204 3932 1206 4305
4 2562 2767 3809 3981
4 1048 1047 3951 3952
4 662 664 3611 3859
4 3360 3364 2861 4208
4 2688 2892 3018 3446
4 3131 3537 2936 4255
4 2581 3892 3047 3893
4 1393 1387 3733 4174
4 2687 3438 3038 3566
4 2982 3415 3396 3755
4 2869 2863 3444 3951
4 251 3225 249 4090
4 482 475 474 3957
4 1849 3412 1861 3574
4 3382 3419 2958 3565
4 2393 2392 3576 4007
4 2797 3262 3017 3575
4 3288 3799 2518 4060
4 2538 3492 3454 3768
4 2956 3315 2786 3868
4 1299 3455 2923 4244
4 1148 1147 3046 3186
4 2987 3924 1720 4215
4 2736 3651 2803 4288
4 2646 4103 2841 4222
4 2701 3317 3094 3992
4 3154 3714 1625 3884
4 2636 3325 3222 3336
4 1549 3962 3245 4296
4 2016 2017 2009 3449
4 3087 3913 3307 4148
4 367 3663 3081 3996
4 2806 2587 3455 4292
4 557 3788 595 3977
4 2961 3421 3194 3503
4 1652 3418 1650 3884
4 3648 3649 3643 3650
4 1397 1524 3066 3986
4 2889 3328 3671 4072
4 57 64 21 3174
4 376 389 388 3436
4 3161 3436 388 3867
4 2748 3477 3717 3903
4 2475 2474 2487 2986
4 3181 3182 2956 4169
4 1468 1469 1461 3422
4 1830 1850 1845 4205
4 2405 2410 2409 3616
4 2085 3144 3395 3832
4 836 2929 3315 3731
4 3257 3757 2631 3943
4 4117 4195 3286 4203
4 444 3394 3433 3606
4 333 327 334 3817
4 3186 3361 2161 3795
4 272 287 288 3858
4 3030 3071 2902 3917
4 1612 1572 1643 3677
4 2768 3231 2806 3464
4 3491 3693 2826 3796
4 1633 3291 1617 3891
4 1643 1691 1612 3677
4 1511 1502 1503 3271
4 2704 2758 2592 3043
4 894 878 876 3844
4 3543 3595 2912 4120
4 159 2507 158 4183
4 2369 2370 3175 4262
4 845 854 3696 4166
4 2792 2962 2729 4074
4 1305 1310 3231 4244
4 1871 1864 3141 3906
4 3772 4101 303 4306
4 133 129 132 3949
4 2726 2945 4040 4099
4 256 3902 270 4276
4 2565 3190 3873 4081
4 2834 3542 3048 3840
4 64 3174 73 3222
4 165 171 162 3976
4 209 3810 3191 4264
4 2600 2875 2716 4267
4 3601 3952 1988 4029
4 2592 2845 2758 3441
4 2843 3819 3371 3960
4 1542 3245 3244 4224
4 2969 3484 3002 3703
4 2883 3057 2678 3779
4 2831 3940 1739 4182
4 2454 2455 1456 4115
4 1440 1422 1441 3229
4 2565 3564 3872 3873
4 367 3081 3663 4186
4 2555 2777 2682 3097
4 3404 2802 4026 4032
4 2774 3928 2670 4196
4 2595 4165 3592 4180
4 2652 3294 2909 3327
4 1619 3148 3341 4167
4 832 2929 839 3326
4 3356 3429 2812 3953
4 2417 2414 2423 2995
4 2405 2396 2406 3616
4 2080 2100 2081 3605
4 2840 2599 3494 4063
4 2885 3066 2922 4092
4 2738 2819 2588 3712
4 2583 3487 3643 3648
4 2808 3314 2503 4238
4 2864 3528 3308 4004
4 2585 2704 3053 3647
4 2775 2673 3019 3506
4 1332 2473 1337 3367
4 2628 3234 3131 3879
4 1745 3634 1739 4182
4 3408 2522 3887 3983
4 1534 1533 3522 3662
4 2994 3323 2537 3526
4 2886 3221 3169 3351
4 1139 2127 1140 4026
4 2939 3880 3502 4225
4 897 886 879 3901
4 3109 2759 3554 3650
4 1050 3763 1975 4059
4 3744 3745 2598 4168
4 3122 3915 2783 4285
4 2610 3284 2768 3424
4 2691 2578 3880 4274
4 2958 4027 3775 4127
4 536 516 533 3545
4 1738 2830 1740 3213
4 451 3700 3433 4201
4 255 2974 254 3902
4 3220 3463 2740 3548
4 2567 3120 2640 3347
4 1266 1264 1259 3778
4 119 111 121 3314
4 2876 2595 3592 4209
4 2692 2612 2771 3046
4 2997 3983 3070 4087
4 2939 3034 2730 3833
4 1221 3766 1222 3929
4 2505 3904 3076 4150
4 3721 3862 3068 4282
4 3208 3557 3383 4261
4 3004 3418 1655 3884
4 1302 1300 1299 3455
4 3335 3497 3359 4069
4 2504 3318 3176 3752
4 2784 3396 2709 3995
4 2989 3995 3105 3998
4 3314 3434 3173 4046
4 2954 2634 3116 3737
4 3118 3356 2188 3865
4 2629 3160 2847 3802
4 2998 2688 3098 3446
4 2672 2696 2599 3060
4 2107 3683 2108 3970
4 3141 3458 3080 3854
4 1653 3418 1652 3884
4 2840 3257 2599 4063
4 964 949 965 4285
4 1076 1075 1074 3773
4 2151 2145 2150 4240
4 2674 3761 2830 3958
4 2759 2512 3467 3554
4 2961 2743 3421 4282
4 1474 1467 1466 3664
4 2778 2947 2630 4293
4 2783 3122 2709 3915
4 3131 3458 2625 3558
4 340 343 319 3532
4 566 3441 2844 4283
4 3850 3928 2614 4196
4 2673 2816 3019 4263
4 2960 3643 3487 4067
4 3314 3434 2670 3928
4 2296 2297 2289 3954
4 1265 1248 1264 3778
4 2949 3338 3903 4177
4 3192 3570 2703 4154
4 2549 3337 4073 4177
4 2794 2619 3843 3979
4 836 3696 2929 3731
4 101 171 162 36
4 3220 3548 3154 3765
4 833 827 368 3598
4 3012 2689 3519 3522
4 2753 2963 3099 3363
4 1678 1673 1677 3621
4 2550 2629 2847 3732
4 2746 4029 3236 4222
4 2288 2296 2289 3954
4 503 3447 3309 4275
4 3492 3834 2790 4096
4 1376 2925 1370 3719
4 1832 1829 3556 4047
4 1396 1386 1388 3590
4 1063 1057 1058 3617
4 2718 3101 3883 4248
4 2531 3443 3210 4171
4 2093 3144 3117 3395
4 1398 1399 1401 3213
4 2316 2318 1277 2787
4 1796 1784 2407 4008
4 2599 3060 3697 3757
4 3148 3509 2887 3883
4 2926 3277 4003 4178
4 2603 2841 2688 4103
4 3277 4017 4003 4178
4 2608 2541 2656 2733
4 3000 3521 3098 3941
4 2721 3270 2600 4014
4 1208 1231 1272 4048
4 2597 3337 3308 4004
4 2958 2822 4027 4127
4 1617 3148 810 4039
4 3131 3558 2625 4255
4 2987 3573 2945 4040
4 2569 3473 3102 4086
4 1109 1071 1069 3555
4 765 766 3764 4301
4 2196 2220 2193 3748
4 1228 3226 1202 3715
4 2577 2627 2921 3470
4 2705 3091 2977 4134
4 1529 3692 3244 4299
4 1502 1501 1484 3229
4 2863 3951 3601 3952
4 2651 2531 3470 3916
4 2927 3619 3455 4292
4 2207 2199 2206 3416
4 344 345 343 340
4 2390 2399 3941 4213
4 2747 2977 2911 4134
4 497 494 496 3747
4 2899 3620 3466 4083
4 2545 3591 2634 4060
4 2040 3432 2041 3449
4 2606 2856 2888 2965
4 2505 3076 2991 4150
4 2790 2849 3078 3722
4 2938 4207 3880 4225
4 2865 3112 2938 3632
4 2569 3721 3862 4086
4 339 3663 3532 3779
4 199 177 3211 3961
4 3328 3435 2889 3982
4 2563 2810 2537 3113
4 150 135 3139 3861
4 3118 3748 2197 3795
4 220 3615 219 4291
4 3701 3862 2743 4282
4 235 2859 240 3305
4 546 3919 554 4250
4 3163 3837 2722 4034
4 2941 3552 3087 3913
4 341 311 312 3787
4 2636 3192 2949 4149
4 2617 3160 3293 3329
4 2791 2925 1369 3857
4 3164 3746 3003 4054
4 2548 3265 3599 4147
4 1401 2831 1739 3213
4 2875 2721 3153 3626
4 2681 3162 2916 3870
4 2525 2680 2522 3993
4 2837 3726 2672 4189
4 2938 3502 920 4225
4 2115 3413 2116 3780
4 2640 2530 2662 2800
4 395 405 404 3445
4 1012 3471 1004 4071
4 1153 1155 1170 3942
4 2160 3186 2162 3361
4 2608 2733 2656 3114
4 1850 1851 1862 4047
4 2708 2891 2835 4217
4 2653 2818 2880 4189
4 1221 3350 1220 4268
4 2611 3284 2768 3729
4 2645 3604 4077 4123
4 2632 3489 3743 4169
4 2761 3220 3154 3765
4 3056 3367 2473 4088
4 776 1005 3396 3755
4 947 929 3523 4229
4 3209 3462 2506 3878
4 2669 2754 3433 4292
4 1834 1819 1835 4084
4 348 4043 349 4253
4 1051 1976 3763 4058
4 2497 3477 3197 4177
4 161 3044 170 3950
4 435 427 430 3124
4 1333 3159 1327 3989
4 1947 3400 1946 3933
4 2426 2420 2425 3029
4 2632 2865 2850 3239
4 826 831 3738 3868
4 326 2817 3321 3738
4 2430 2431 2429 3589
4 489 476 481 3888
4 2442 2441 2445 3577
4 1464 1465 1472 3258
4 3551 3552 3265 4209
4 388 378 376 3436
4 3676 3719 2713 3733
4 1866 3490 1879 3644
4 1673 1672 1677 3621
4 1190 1213 1189 3766
4 508 3722 507 4216
4 439 447 437 3399
4 455 449 457 3292
4 3633 3666 1862 4047
4 1393 1407 3065 3705
4 2679 3741 2952 3791
4 2831 2919 3940 4182
4 3053 3788 2844 4283
4 3474 2781 3956 4261
4 3225 4090 3840 4291
4 3013 3236 2746 3874
4 343 3996 345 4140
4 535 533 3255 4283
4 1899 3113 1884 4230
4 1635 1636 1619 3341
4 163 92 98 3040
4 3010 3545 3255 4269
4 2553 3592 3003 4054
4 2445 2444 2448 3571
4 3496 3599 2509 4141
4 1817 3518 3750 3824
4 2987 3202 2726 4099
4 189 124 118 3212
4 2789 3686 3156 3942
4 2646 3005 2839 3280
4 1782 1795 1793 3566
4 1870 1857 1864 3906
4 1636 1620 1619 3341
4 3071 3620 2877 4284
4 1842 1846 1847 3789
4 154 169 166 3366
4 2368 3413 2363 3737
4 228 216 225 3305
4 3447 3700 460 4201
4 3066 3986 3319 3991
4 1564 3310 1608 4158
4 1876 3505 3630 3633
4 1877 1862 1865 3633
4 2882 3313 3105 3674
4 2732 2942 2760 3615
4 3182 3794 2956 4169
4 3203 3919 2973 4250
4 147 132 16 65
4 84 186 99 28
4 658 3859 660 4197
4 3532 3663 355 3996
4 182 3642 3645 3806
4 1843 1823 1822 3789
4 2598 3026 2720 3256
4 3125 3474 2898 3669
4 2564 3918 2772 4046
4 557 3268 528 3788
4 1044 3100 1020 4258
4 570 472 475 3957
4 108 3583 157 3846
4 2567 2703 3570 4154
4 2681 3107 2579 4135
4 2919 3800 3398 3889
4 2601 3041 2672 3757
4 2802 2575 2984 4196
4 2755 2760 2583 3790
4 3154 3220 2761 3418
4 12 60 188 76
4 2666 3691 2762 3765
4 1328 3159 3670 3989
4 2107 2091 2108 3683
4 2541 4060 2733 4095
4 3080 3516 3505 4113
4 1170 1169 1153 3942
4 40 172 125 3846
4 2693 2789 3376 3495
4 2714 3372 2683 3628
4 482 1341 1419 3837
4 2035 3529 1702 4080
4 2422 1808 2416 3934
4 2619 3133 3843 3979
4 2415 2414 2995 3389
4 2727 2560 3214 4233
4 2645 3604 4123 4218
4 3074 3832 2213 3852
4 2674 2830 3213 3958
4 3446 3941 3098 4008
4 3360 4188 3364 4208
4 2795 2702 3258 3267
4 2612 3641 3538 4190
4 589 1412 1525 4224
4 2768 3333 3231 3464
4 2506 3265 3592 3878
4 2931 2968 2717 3472
4 3531 3578 3001 3909
4 2297 3201 2289 3954
4 2886 3161 2803 4288
4 2540 2789 3833 3870
4 2530 2536 3524 4252
4 1844 3108 1845 3906
4 111 119 126 2808
4 1227 3226 1228 3715
4 2182 2176 2181 3852
4 2411 3576 1788 3804
4 2803 3614 3760 3867
4 152 3910 3332 4211
4 694 3797 1538 4037
4 2685 3409 3237 3554
4 1159 1157 3156 3686
4 2853 4040 3387 4075
4 2757 3193 63 4149
4 3066 3319 3986 4298
4 2516 2544 2622 3732
4 2624 3956 2989 4261
4 2507 4198 2544 4247
4 663 3611 781 4241
4 2555 2948 2776 4139
4 883 889 888 3674
4 2996 3389 3115 4022
4 2690 3083 2827 3244
4 112 122 44 185
4 780 743 741 3509
4 2890 2889 3435 3982
4 2472 2473 2468 4088
4 3237 3739 2620 3740
4 1393 3733 2909 4174
4 2284 2283 2291 4066
4 2632 3050 2920 3968
4 3568 3764 766 4301
4 741 779 780 3509
4 504 515 505 4269
4 2346 2356 2359 3372
4 2564 4046 2802 4134
4 2931 2945 3709 4192
4 2234 3349 3638 4062
4 1212 1211 1188 4268
4 190 200 2957 4161
4 2555 2682 2776 3097
4 1684 1683 1694 3410
4 172 164 20 64
4 2309 2310 3306 3699
4 2551 3650 3809 3945
4 3085 3894 3908 4277
4 2179 2180 3346 3429
4 2530 2567 2640 3570
4 3286 3869 1588 4231
4 1237 1236 1220 3350
4 1946 1837 1943 4237
4 455 3997 458 4293
4 2994 3323 2631 3831
4 2774 2978 2911 3248
4 200 178 190 2957
4 2762 2863 3397 3601
4 3229 2860 3676 3965
4 1081 3376 1153 3942
4 2949 4076 3947 4149
4 2540 3743 2626 3833
4 2843 3478 3371 3678
4 2725 3647 3716 3977
4 2593 3689 4127 4266
4 1187 1188 1211 4268
4 1810 3241 1798 4000
4 2873 4207 3112 4225
4 3732 3938 2516 4247
4 2650 3604 3022 4077
4 1959 1942 1956 3219
4 1606 1599 1598 3439
4 1328 1327 3159 3989
4 2686 3112 2865 3794
4 2839 3278 3128 4222
4 2535 3708 2871 3735
4 3055 3215 3017 4085
4 1861 3114 1869 3574
4 2407 2399 2408 3941
4 1555 4117 1579 4231
4 2728 3169 2886 3221
4 2557 4148 3206 4254
4 2943 2664 4081 4082
4 2214 3395 2223 3865
4 1878 3644 1890 3937
4 2924 3099 3363 3893
4 188 185 196 2997
4 865 866 884 3112
4 1028 1121 1129 4071
4 1662 3869 1663 4231
4 1861 1869 3114 3718
4 454 458 462 4293
4 1094 3254 1102 4079
4 1137 3100 1044 4258
4 328 3814 3817 4111
4 1796 1808 3446 3934
4 2673 2736 3161 4288
4 3118 2627 3356 3395
4 3108 3753 3141 4064
4 2494 3645 3710 4161
4 2722 2847 4034 4191
4 2889 3268 3053 3671
4 1529 4206 3692 4299
4 2058 2217 2074 3748
4 2946 3043 2758 3629
4 3358 3592 2876 4165
4 2709 2783 3105 3995
4 2138 3637 1151 4062
4 2555 2594 3964 4139
4 121 111 120 3314
4 3260 3667 3560 3922
4 2907 4124 3666 4205
4 2979 2924 3801 3897
4 858 3674 3111 4129
4 2710 2910 2652 3134
4 1186 1210 1209 4268
4 2284 2291 2292 4066
4 2016 2009 2008 3449
4 2126 1139 1138 3580
4 151 144 2951 4211
4 2193 2057 2034 3748
4 2625 3753 3165 4064
4 1084 1062 3617 4257
4 3015 3320 3307 4184
4 974 3122 999 4285
4 2517 3525 3274 3656
4 2569 3006 2737 3158
4 1209 1185 1186 4268
4 1617 3291 3148 4039
4 1574 3962 1550 4296
4 1844 1856 3482 3906
4 2813 3821 3548 3849
4 3183 3670 3012 4193
4 2733 3115 2996 3389
4 1140 4026 1141 4202
4 2232 3054 2328 4152
4 2578 3185 3530 4135
4 2167 3302 3361 3638
4 2836 2986 3056 4199
4 2899 3466 3620 3798
4 388 3436 3161 4186
4 3476 3822 2904 3899
4 2721 3357 3153 3877
4 1274 1273 2315 3365
4 1084 1091 1062 4257
4 1225 3596 3715 3863
4 592 599 600 4146
4 1520 3986 3590 4153
4 1228 3226 1227 4094
4 338 353 3787 3839
4 1426 3142 1428 4249
4 2902 2877 3485 4042
4 1227 1226 3596 3715
4 2500 2782 4143 4188
4 2841 3536 3278 4222
4 3035 2625 3558 4255
4 2717 2856 2965 3576
4 3692 3859 685 4197
4 2572 3922 3848 4100
4 1524 3590 1520 3986
4 167 163 3040 3275
4 1551 1575 1576 4279
4 827 830 3469 3598
4 2581 3058 3988 4028
4 2390 3941 3521 4213
4 2726 4040 2945 4075
4 2555 2777 2776 2948
4 1393 1396 1407 3705
4 2729 3065 2792 4074
4 2698 3916 2545 4060
4 3443 2586 4103 4171
4 2836 3184 2701 4054
4 2786 3469 2602 4140
4 3611 3626 3153 3859
4 2504 2562 3222 3981
4 3203 4061 543 4216
4 846 3182 853 3794
4 2865 3794 3239 4169
4 2556 2703 2833 3791
4 3335 2711 3497 4069
4 3074 3832 2763 4243
4 2972 3144 2102 3780
4 1818 1834 3518 3824
4 3019 3506 850 4160
4 2871 3864 2759 3946
4 1074 1070 1111 3375
4 963 3770 3051 3944
4 2949 3903 3338 4076
4 2507 4247 2544 4300
4 2631 3323 3076 3831
4 2293 2301 3725 3734
4 1387 1385 3733 4175
4 155 3583 4109 4183
4 2587 3534 2684 3771
4 450 449 3292 3997
4 964 3755 948 4285
4 2617 2847 2629 3160
4 3196 3840 3146 4090
4 2663 3792 3485 4239
4 3239 3794 3182 4169
4 2711 3231 2806 3424
4 2629 3061 2925 3303
4 2621 3500 3047 3987
4 2971 3973 3594 4125
4 2263 2235 2236 3349
4 1397 1388 1520 3590
4 2711 3656 3971 4069
4 176 3366 3174 3921
4 3312 3999 2853 4075
4 2926 4003 4017 4178
4 2627 2972 2908 3144
4 2693 3743 2920 3968
4 1868 1869 1861 3718
4 824 2786 823 4140
4 2436 3024 2439 3659
4 2369 3175 2116 3413
4 3078 3461 2849 3911
4 414 3445 3171 4246
4 2374 2121 3970 4157
4 893 3844 876 4185
4 2127 3406 2143 3646
4 2721 2827 3153 3692
4 2700 2554 4228 4248
4 2758 3837 3163 3957
4 3109 3650 3649 3945
4 162 91 101 36
4 2841 4103 2603 4222
4 2189 2190 3356 3955
4 3132 3676 1373 3719
4 618 616 657 4197
4 331 336 335 3123
4 2582 3635 2675 3835
4 2119 2371 2118 3521
4 2575 2763 2706 3591
4 3141 3854 1871 3906
4 945 3051 927 3767
4 1595 3984 1587 4195
4 2920 2990 2798 3968
4 3422 3483 1462 3664
4 2118 3536 3521 3917
4 430 2940 3124 3507
4 3135 3779 3057 3787
4 1072 3034 1060 3773
4 3344 4017 3618 4178
4 1280 1266 1281 1260
4 1663 3869 3316 4231
4 1846 3482 1858 3789
4 2560 2913 2828 4011
4 3452 4227 3798 4239
4 2998 3071 2902 4284
4 2998 3446 3098 4008
4 3249 3359 2649 4069
4 1748 1752 2360 4006
4 2585 3504 3654 4282
4 224 232 222 4181
4 2158 3713 3186 3795
4 3252 3512 2905 4011
4 2927 3619 2970 4121
4 2506 3592 3284 3878
4 2729 2652 2897 4074
4 2640 2800 2662 2859
4 524 4061 3216 4275
4 984 982 983 4286
4 1444 1422 2451 3229
4 3689 4265 4127 4266
4 134 135 151 3139
4 2463 3588 2462 4115
4 2628 2734 2537 2810
4 2554 3883 3250 4267
4 2954 3661 3413 3737
4 598 571 597 3957
4 446 3508 447 3629
4 2950 2649 3479 4009
4 1857 1856 1845 3906
4 2667 3841 3695 4012
4 1853 1834 1854 3518
4 2760 2974 3723 3783
4 2656 2733 2541 3916
4 2871 2759 3366 3946
4 3053 3671 3268 3788
4 2226 2244 3749 3777
4 2412 2419 3389 3804
4 1073 1074 1075 3773
4 3438 3566 1794 3750
4 2871 3366 3174 3946
4 3053 3268 2844 3788
4 2778 4034 478 4293
4 2571 3539 3164 4057
4 1235 1236 3349 3350
4 1143 1142 4032 4065
4 2522 2680 2525 3887
4 165 117 43 171
4 1659 1633 1641 3891
4 2293 3680 2292 3734
4 2876 3592 3265 4209
4 950 3122 966 4285
4 3415 3764 2982 3956
4 328 3814 327 3817
4 2830 1740 3213 3958
4 3000 3098 2688 3446
4 1876 1863 1862 3633
4 2873 2691 3228 3820
4 768 1005 776 3755
4 3695 3841 2894 4012
4 1477 1476 1480 3855
4 2917 3984 3251 4195
4 272 3057 287 3858
4 361 4043 3002 4253
4 2522 2913 2633 3993
4 2621 3501 3801 3897
4 756 3246 757 4301
4 2544 2535 4198 4260
4 2783 3915 3105 3998
4 3502 3523 929 4229
4 2836 3367 3056 4088
4 1575 3962 1576 4279
4 2227 3248 2228 4094
4 3159 3670 3183 4193
4 2875 3153 3062 3626
4 2514 3538 2612 3641
4 2621 3897 3363 3987
4 2196 2217 2220 3748
4 1100 3425 1122 4071
4 2548 3821 3265 4147
4 2422 2417 2423 3934
4 2716 3859 3014 4012
4 1197 3298 1195 3715
4 1918 3516 3069 3853
4 2706 2812 3356 3429
4 1305 1302 3455 3456
4 2628 2734 2810 3021
4 3422 4137 2903 4219
4 542 541 3671 3782
4 2505 3334 2574 3886
4 2728 2887 3169 3509
4 1379 1373 3676 3719
4 2492 3209 3860 3861
4 2553 3003 3746 4054
4 1274 2315 2316 3365
4 2851 3499 2952 3791
4 2633 3252 3512 3985
4 2603 4212 2762 4222
4 2550 2858 2909 4176
4 3119 3607 2999 3771
4 2622 2544 2675 2858
4 3161 2803 3760 3867
4 2677 2717 2606 2965
4 3254 3425 1102 4079
4 3335 3552 2876 3656
4 2230 2229 3248 4094
4 2529 3510 3511 3524
4 1484 1501 1483 3229
4 2534 3514 3784 4171
4 1067 995 1107 3944
4 269 284 282 4025
4 110 2495 117 4109
4 2647 3578 3224 3579
4 3075 3797 3262 4037
4 1287 1234 1270 3256
4 676 3519 3262 4221
4 1825 3673 1814 3829
4 2692 2771 2612 3702
4 2831 3213 2830 3634
4 3213 3287 2955 3958
4 2273 2281 2274 3427
4 1908 1905 1895 3937
4 974 998 972 4285
4 2822 3032 2885 4265
4 487 488 486 3488
4 393 3484 3445 3969
4 1577 1578 1553 4299
4 16 74 147 65
4 186 195 99 28
4 827 368 3598 3996
4 1108 1138 1139 3555
4 2652 2860 3294 3327
4 3451 3571 2441 3577
4 2730 3178 3495 3978
4 89 92 3393 4232
4 1536 1537 4037 4221
4 164 154 21 3174
4 2932 2683 3372 4033
4 2894 3435 3728 4138
4 3071 3917 1762 4214
4 2649 3479 3126 3980
4 2865 3050 2850 3239
4 2479 3588 2463 4115
4 2615 3511 2686 3530
4 862 853 3182 3794
4 3547 1582 4137 4296
4 1986 3601 1988 4029
4 2798 2772 3100 3580
4 2599 3060 2696 3697
4 3277 3575 644 3618
4 3166 3811 3515 3872
4 2824 3433 3700 4201
4 2877 3682 3452 4239
4 347 3513 322 4253
4 321 3090 304 3513
4 2526 2573 3533 4016
4 2822 4057 3775 4127
4 2562 2829 2755 3089
4 1737 1730 2103 3536
4 2616 3454 3492 3834
4 196 12 188 76
4 3107 3870 2916 3993
4 2103 2118 1737 3536
4 1690 1689 2019 3236
4 2775 3019 2816 4160
4 1825 1831 3673 3829
4 2790 3078 3911 4096
4 2499 4050 3562 4252
4 1082 3298 1154 3376
4 2530 3562 3524 3570
4 725 719 726 3602
4 170 2561 169 4247
4 1392 1382 1384 4174
4 1834 1853 1833 3518
4 84 83 85 3368
4 3039 4070 3179 4151
4 1198 1200 1199 3715
4 254 271 270 3902
4 2282 2281 2289 4051
4 1836 1934 1837 4237
4 1588 1587 1595 3984
4 2725 3647 2890 3716
4 2933 3534 2587 3771
4 3237 3467 2743 3701
4 1011 3471 1012 4071
4 2672 2880 2837 4189
4 2855 2721 3357 4206
4 2280 2186 2192 4051
4 2523 3515 3899 3900
4 161 169 170 3044
4 2607 2885 3657 4265
4 2761 3154 2762 3765
4 436 446 448 3508
4 3006 3814 2983 3815
4 2533 2835 2635 4095
4 192 3211 186 3224
4 265 3146 2934 4090
4 831 832 838 3326
4 1378 2925 1377 4175
4 2841 2688 3000 3098
4 2851 2952 3499 3513
4 2691 3702 2578 4274
4 2188 3356 2182 3865
4 2887 3553 2872 4105
4 1299 3455 1300 3619
4 3008 3682 3452 3973
4 919 920 3330 4225
4 2464 3184 2462 3989
4 1426 3143 3142 4249
4 745 3711 624 4241
4 2528 2964 2576 4118
4 182 3645 3642 4161
4 2427 1828 1827 3727
4 3034 2693 3769 3773
4 2282 2274 2281 3427
4 3704 3964 2521 4139
4 108 41 157 3583
4 2838 3513 3803 4021
4 2532 3398 3729 4162
4 1422 2451 3229 3965
4 2576 3170 2787 3578
4 1069 1067 3555 3944
4 1711 3709 1699 4099
4 2556 3137 4053 4154
4 3583 3846 2498 3921
4 2433 3589 2928 3659
4 575 583 574 3216
4 431 3507 429 3508
4 2556 2703 2679 3741
4 2676 3108 2739 4064
4 2494 3137 3496 3641
4 2833 2851 2557 3791
4 3019 850 3698 4160
4 3450 3746 3003 4235
4 2677 2937 3241 3569
4 624 3711 3611 4241
4 87 3076 2991 3943
4 1477 1480 1481 3855
4 2844 3788 568 4283
4 2449 2445 3571 4131
4 2623 2690 2796 3083
4 2611 3729 3464 3994
4 1974 3444 1049 4059
4 2726 3758 2987 4040
4 1363 2791 1368 3687
4 3423 2659 3914 4227
4 2282 2289 2290 4051
4 3567 3847 3016 4242
4 2740 2639 3548 3821
4 2781 3658 3568 3930
4 2761 3548 3220 3765
4 2307 3895 2306 4078
4 2289 3201 2290 4051
4 1049 3444 1048 4059
4 2308 3895 2307 4078
4 1542 3962 1550 4279
4 1581 4137 1582 4296
4 78 62 63 2757
4 2560 2552 3578 3909
4 2833 3146 2679 3196
4 2341 2337 2714 3170
4 2953 3713 2155 3795
4 2722 2791 3837 3927
4 1290 2486 2431 3730
4 531 514 461 4270
4 70 62 66 3227
4 3588 3974 2959 4115
4 1213 1190 1214 3766
4 2570 3304 2674 3835
4 2590 3450 2611 4151
4 3043 4269 3255 4270
4 752 750 751 3785
4 2547 2677 3312 4132
4 2741 3181 3081 3469
4 2596 2708 2642 3896
4 2713 3160 3132 3589
4 2192 2288 2280 4051
4 73 2636 3336 4149
4 2550 2684 3771 4259
4 1595 1596 1588 3984
4 966 3122 974 4285
4 2468 1333 2469 3367
4 2915 3135 297 4101
4 1825 1829 1831 3829
4 3060 3685 2742 3757
4 2966 3677 3253 4036
4 2606 2888 2856 4095
4 1138 2125 2126 3580
4 3389 3804 3115 4022
4 3394 3606 433 3818
4 3098 3521 2841 3536
4 2517 4010 4009 4069
4 1973 1048 3444 3952
4 2822 4153 3067 4298
4 2369 3175 2384 4262
4 2377 2390 2389 3521
4 2710 3577 3134 4200
4 410 3506 3161 3672
4 1419 597 482 3837
4 2162 3186 2136 3637
4 2722 3927 2630 4260
4 2887 4039 3062 4105
4 3014 3153 2827 3692
4 3085 2543 4100 4277
4 3098 3941 1774 4214
4 2756 3748 3795 4128
4 1408 1743 3065 3319
4 102 3076 3453 3904
4 1974 3444 3763 3952
4 568 558 569 3788
4 3134 3571 3451 3577
4 2790 3078 2849 3911
4 115 108 125 3846
4 3191 3196 215 4110
4 2701 3184 2959 4115
4 1747 2792 2918 3889
4 608 1460 2456 3522
4 2821 3280 3005 4212
4 370 359 360 4253
4 535 533 534 3255
4 560 589 561 3977
4 1836 3069 1934 4236
4 1754 3071 3030 3917
4 2037 2038 3430 3967
4 2786 3738 2929 3868
4 103 90 80 3332
4 964 948 949 4285
4 1710 1712 1701 4192
4 1613 1614 806 3626
4 806 1614 807 3626
4 3359 3497 2649 4009
4 2609 3691 2666 4190
4 2915 3787 2794 3839
4 48 147 173 3950
4 1150 2137 2136 3637
4 2136 1149 1150 3637
4 2701 2959 3317 4115
4 502 3078 3447 4201
4 2309 3306 2310 3734
4 1990 3952 1992 4015
4 1913 1904 1914 4230
4 206 2942 205 3089
4 2570 2674 3304 3892
4 385 393 392 3969
4 2550 2617 2815 4259
4 2557 3493 2618 4102
4 266 253 268 3608
4 2126 3580 3406 4026
4 1386 1379 3590 3733
4 2253 2245 2252 3749
4 439 440 3292 3399
4 2784 3956 3415 3995
4 2673 3161 2736 4234
4 145 3861 3179 3910
4 1106 3627 3279 4116
4 470 479 476 3888
4 127 3177 3593 4238
4 2700 2857 2772 3918
4 690 675 691 3519
4 2775 2816 3182 4160
4 1170 3931 3279 3942
4 1110 3555 1109 4202
4 2597 3126 3980 4004
4 3335 3358 2876 4165
4 316 3532 318 3779
4 1923 3069 3516 4236
4 123 101 171 3385
4 167 170 168 3039
4 244 236 234 4276
4 2990 3100 2700 3826
4 2544 2675 3635 4300
4 1867 3490 3518 4084
4 2606 2717 2677 4132
4 1716 1709 2043 3236
4 2494 3710 3227 4161
4 865 866 3112 4166
4 2572 3848 3261 4294
4 800 816 815 3463
4 3325 3336 2636 3947
4 3046 3425 1132 3540
4 965 950 966 4285
4 974 999 998 4285
4 3165 3569 3167 4064
4 2754 3606 3394 3818
4 2616 3834 3492 4096
4 163 174 98 39
4 2433 2437 2435 3659
4 2599 2991 2589 3334
4 3035 3558 3131 4255
4 2496 2924 2963 3801
4 2389 3521 2390 3941
4 2285 2284 2292 3680
4 1304 3025 2440 4121
4 846 3794 853 4166
4 1115 3374 1113 4202
4 2905 3909 3314 4011
4 896 880 895 3901
4 1242 3845 1167 4114
4 2206 2199 2198 3416
4 2388 2386 3300 3535
4 2119 3278 2120 4157
4 596 595 594 3977
4 2092 3117 2109 3683
4 253 3347 262 3608
4 2530 3524 3562 4252
4 2667 3264 2895 4012
4 2578 3702 2691 3820
4 632 3567 631 4280
4 317 339 340 3532
4 2952 3002 4043 4253
4 776 797 796 4297
4 2569 3266 2766 3473
4 1363 1364 2791 4093
4 2042 2017 3449 4243
4 1511 3271 1512 4153
4 2621 3800 3363 3801
4 2895 3411 2667 4012
4 73 3222 3174 3336
4 2532 2729 2652 3398
4 2460 2462 2463 3588
4 2801 3407 3127 3580
4 3148 4039 2887 4105
4 723 734 731 3568
4 97 82 3323 3527
4 1185 1209 1128 4116
4 3894 3899 3035 3900
4 3071 3098 2902 3917
4 2818 3633 3666 4124
4 468 467 462 3163
4 2532 2652 2910 3398
4 1816 1832 1829 3556
4 3436 4186 3663 4234
4 1077 3374 3376 3495
4 276 3499 292 3772
4 2234 3349 2261 3638
4 2676 3569 3165 4064
4 1035 1034 1026 3885
4 1128 1106 1185 4116
4 2780 3912 3487 4254
4 2246 3248 2228 3749
4 2569 3266 3473 4086
4 103 96 87 2991
4 2144 2150 2145 4240
4 2987 3573 1734 4215
4 263 3347 3625 3939
4 439 449 447 3292
4 1964 3431 1965 3866
4 3626 3877 3153 4206
4 30 187 94 3961
4 2813 3055 3253 3548
4 2790 3834 3309 4096
4 1280 1260 1262 4233
4 1702 4080 3529 4192
4 1329 3468 1323 4172
4 3333 3456 3231 3464
4 2274 3427 2275 3749
4 2285 2292 2293 3680
4 134 151 136 3710
4 2683 2614 2964 3198
4 973 3755 964 4285
4 89 3040 92 4232
4 1257 4049 1256 4114
4 1876 1871 1863 3630
4 1971 1988 1986 3601
4 2689 4180 2712 4193
4 1677 1678 3621 3882
4 706 715 713 712
4 2723 3216 4061 4275
4 3265 3552 2876 4209
4 2586 2688 3000 4103
4 928 929 938 3502
4 1061 3375 1070 3773
4 1673 1674 1666 4024
4 2860 3134 2652 3294
4 1453 1451 1450 3974
4 514 531 3255 4270
4 2914 4102 3493 4254
4 2574 3041 2601 3334
4 1957 2490 1961 2846
4 364 3436 378 3663
4 2818 3633 3505 3937
4 3018 3446 2892 3824
4 2466 2471 2467 3876
4 648 3215 4085 4242
4 96 3393 2589 4232
4 2954 3413 2098 3605
4 1026 3885 1034 4059
4 123 43 117 171
4 393 3445 403 3969
4 735 948 964 3755
4 1764 1761 1765 3582
4 1966 1965 1982 3431
4 2949 3283 4076 4149
4 2568 2999 2778 4005
4 174 141 148 51
4 2592 3927 3295 4198
4 2792 3065 1743 3319
4 269 282 268 4025
4 2795 3258 3142 3707
4 2564 3091 2705 4134
4 277 263 3120 3939
4 262 3600 269 3608
4 796 775 776 4297
4 3109 3409 2583 3554
4 2563 2537 2635 3113
4 2840 3393 4070 4232
4 1393 3065 2909 3733
4 3490 4084 1868 4107
4 1782 4008 3566 4284
4 1973 3444 1974 3952
4 254 270 256 3902
4 2905 3314 3252 4011
4 1190 1191 1214 4168
4 2734 3906 3414 4230
4 2539 3514 2519 3784
4 2589 2840 2599 3377
4 581 3216 604 4245
4 3127 3407 1985 4258
4 1982 3431 1983 4256
4 2168 2166 2139 3638
4 2646 2839 3005 4222
4 273 257 272 3858
4 2857 3826 3127 4256
4 450 3292 2999 3997
4 2633 3870 2804 3985
4 2498 3864 3467 4041
4 2836 3876 3195 4088
4 862 3239 3182 4160
4 1982 1965 1981 3431
4 222 223 224 3754
4 2863 3444 3951 3952
4 2543 2994 2641 3234
4 2978 2984 2802 3736
4 734 759 758 3568
4 2554 3403 3881 4038
4 531 3957 3255 4270
4 2592 2535 3927 4198
4 78 2757 63 4149
4 1904 3854 1914 4230
4 1622 1644 1642 3585
4 2917 4195 3465 4203
4 3489 3511 2686 4169
4 3208 3678 422 4246
4 2681 3530 3870 4135
4 2945 3472 2879 4006
4 57 21 154 3174
4 166 23 74 173
4 1860 1861 3412 3718
4 3099 2543 3908 4277
4 941 958 959 4045
4 2448 2447 1307 3464
4 655 4138 656 4197
4 2291 2290 3895 4066
4 510 517 3807 3959
4 2944 3221 2728 4228
4 3648 3650 2583 3790
4 2748 3717 3477 4102
4 1859 3412 1860 3789
4 2728 3221 2944 3390
4 201 209 208 4264
4 3101 3509 1013 4167
4 1745 2918 3634 4182
4 2356 2353 2355 4033
4 1083 1085 1093 3978
4 524 513 519 4216
4 378 3663 3436 4186
4 2725 2844 2704 3647
4 959 942 941 4045
4 1774 3941 1772 4214
4 2684 2611 3729 4162
4 2564 2705 3985 4134
4 1400 1398 1403 3958
4 834 833 841 3698
4 1288 1287 1271 3256
4 3141 2734 3854 3906
4 3021 3853 2992 3854
4 3099 3908 3894 4277
4 1860 3412 1848 3789
4 3185 4135 3702 4173
4 2970 4121 3730 4259
4 121 118 119 2976
4 3020 2669 3433 3700
4 1662 1670 1663 3869
4 2568 2947 2778 3292
4 69 60 2997 4087
4 3396 3397 1029 4297
4 618 4138 616 4197
4 3360 3813 2508 4188
4 2228 3248 2227 3749
4 920 3502 3330 4225
4 279 277 3120 3939
4 73 2636 3222 3336
4 2502 3453 3799 3904
4 3230 4131 3333 4200
4 2741 3469 3081 3996
4 3221 4044 922 4185
4 3324 3397 2863 3951
4 3123 3817 3816 3818
4 3228 3820 2882 4129
4 2227 3596 2226 3749
4 2782 4016 2570 4143
4 399 389 3760 3867
4 2834 3192 2618 3392
4 2793 2907 3630 4124
4 2763 2764 3605 4179
4 1824 3187 1813 3679
4 713 709 716 3658
4 2898 2740 3125 3463
4 2970 3042 3293 3762
4 3153 3357 2721 4206
4 258 257 273 3858
4 3107 3340 2579 4135
4 2888 2965 2856 3187
4 2188 3356 3118 3416
4 2894 4138 3728 4197
4 2733 3115 3389 3804
4 2263 3348 2261 3349
4 835 2929 832 3868
4 461 462 3163 4270
4 1067 1107 3555 3944
4 889 3105 3674 3915
4 2916 2804 3238 3993
4 2969 3703 3289 4126
4 2740 3220 3154 3463
4 3109 3643 2743 3721
4 1396 1388 1397 3590
4 1759 3620 1760 4083
4 2956 3794 3731 4166
4 1729 1726 3924 4215
4 2902 2998 2877 4042
4 2599 2589 2991 3943
4 1207 1253 4114 4305
4 2818 3505 2880 3937
4 2758 2845 3297 3441
4 3113 3414 1884 4230
4 3854 3906 2734 4230
4 1401 1403 1398 3213
4 2917 3286 4195 4203
4 2749 3612 3202 3924
4 3395 3748 3117 4278
4 187 183 191 3720
4 2467 2468 2460 4088
4 2848 2995 2651 2996
4 2974 3783 2760 3902
4 2189 3356 3416 3955
4 179 194 189 3001
4 1530 686 685 3692
4 685 1529 1530 3692
4 2646 3005 3280 4212
4 708 709 3658 3930
4 495 445 3461 4201
4 448 438 436 3508
4 2954 2968 2764 3432
4 2912 3542 3392 3595
4 893 894 876 3844
4 180 182 3645 3806
4 1908 1924 1922 4098
4 2887 2872 3602 4105
4 2506 3265 2876 3592
4 2700 2554 4038 4228
4 2362 3661 3116 3737
4 2533 2606 2635 3813
4 2211 3832 2212 4307
4 95 88 81 3453
4 3070 3983 2997 4194
4 2543 3345 3257 4063
4 172 75 125 3846
4 3064 3700 3020 3888
4 2638 3657 3032 4265
4 109 106 3583 4109
4 95 3076 3323 3453
4 962 2990 3051 3388
4 2447 2444 2443 3451
4 3047 3761 2674 3892
4 2894 3728 3264 4197
4 1011 3885 3471 4071
4 2813 3548 2697 3849
4 160 2507 159 3636
4 2830 2831 2674 3213
4 2526 4198 3635 4208
4 997 3755 973 4285
4 4010 4073 3337 4177
4 2624 3827 3086 3948
4 106 155 41 3583
4 2556 2703 2618 2833
4 770 769 761 3668
4 2632 2865 3239 4169
4 3072 3425 2981 4274
4 2868 3533 2573 4016
4 1690 2019 1709 3236
4 1982 1966 3431 4256
4 2670 2978 2774 4196
4 97 87 2631 3076
4 3141 3753 2625 4064
4 418 417 3672 4052
4 2673 4038 2554 4228
4 2355 2353 2352 4033
4 2516 2544 4247 4300
4 3626 3877 1614 4039
4 2686 2956 3794 4169
4 962 3051 2990 3944
4 2788 3549 4002 4125
4 3116 2879 4006 4007
4 2668 2894 3695 3841
4 3294 3451 2815 3659
4 1670 1671 1663 3869
4 1577 1553 1552 3559
4 2688 2998 2902 4042
4 3615 3840 219 4291
4 1057 1063 1062 3617
4 929 930 947 3523
4 123 113 24 88
4 1103 3254 1095 3627
4 52 146 136 181
4 1035 3885 1027 4058
4 2656 3036 2707 4107
4 3035 3085 3900 4255
4 2310 3725 2302 3734
4 2568 3042 2847 4005
4 3596 3777 2802 3863
4 3446 3824 1796 4008
4 1266 1259 1260 4233
4 2730 2939 3072 3617
4 1276 1277 2318 2787
4 96 103 80 2589
4 2700 3881 2564 3968
4 1680 1681 1676 3541
4 3559 4117 2855 4203
4 2513 3524 3562 3570
4 3309 3722 508 4216
4 2984 3646 2802 3736
4 1676 1675 1680 3541
4 2862 3548 3253 3585
4 3397 3601 2863 3951
4 1658 3529 3291 3709
4 863 3480 865 4129
4 2536 2678 2602 4263
4 177 30 83 3961
4 182 200 3642 3806
4 126 110 111 2495
4 2746 3004 4029 4222
4 1767 3576 2392 4007
4 2185 2186 3429 3953
4 1513 1511 3382 4153
4 1039 3866 3384 4286
4 3075 4037 3262 4221
4 2591 2530 3570 3981
4 2556 3282 3192 4053
4 686 3692 687 3859
4 2672 2599 4220 4290
4 1817 1833 1832 3556
4 146 52 197 181
4 2923 3468 2824 4292
4 2859 3120 2800 3625
4 1492 1605 1597 4068
4 2550 2684 3732 3771
4 1403 1401 1740 3213
4 3019 401 3506 4186
4 1511 1512 3382 4153
4 3498 3836 1907 4107
4 1881 1893 1892 4107
4 3268 3716 559 3982
4 2582 3923 2791 3927
4 2117 2972 2101 3780
4 502 3447 453 4201
4 88 24 123 101
4 2315 1273 2314 3365
4 3325 3809 2636 3981
4 260 2934 3225 4090
4 410 3672 3161 3867
4 2098 3413 2954 3661
4 2998 3038 2892 3446
4 194 3579 3001 3887
4 2968 2954 3661 3967
4 2601 2574 2707 3041
4 1709 2019 2043 3236
4 3346 3736 2984 3777
4 2970 3730 2928 4259
4 2272 2273 3346 3427
4 3550 4077 3022 4123
4 2615 2929 3111 3696
4 2574 3334 2534 3886
4 1811 1809 3482 3679
4 2060 3967 2061 4080
4 1741 2897 1406 3065
4 1614 3626 1613 3877
4 2074 2058 3748 4278
4 254 241 242 3902
4 2292 3895 3734 4066
4 2400 2399 2391 4213
4 3156 2747 3715 4089
4 1889 1895 1905 3937
4 2672 3059 2696 3060
4 2634 3413 3175 3737
4 2842 3171 3168 3445
4 2949 3903 3477 4177
4 2120 3278 2105 4157
4 1789 1791 1786 3426
4 706 699 700 4052
4 1907 1892 3232 4107
4 2553 3746 3003 3878
4 194 3531 185 3887
4 109 110 4109 4238
4 2715 3346 2812 3429
4 2169 3348 3302 3638
4 2868 3823 3190 3873
4 1483 1440 1443 3229
4 1581 1470 4137 4296
4 3114 3412 2733 3727
4 3249 2649 4010 4069
4 1118 3863 1120 4065
4 1862 1851 1865 4047
4 62 2757 78 3227
4 2583 3643 3109 3650
4 2434 2436 2433 3659
4 3325 3554 2759 3650
4 3037 3291 2930 3891
4 2866 3335 3454 4165
4 3075 2689 3662 4221
4 2506 2876 3284 3592
4 2656 3232 3718 4107
4 1673 1672 3621 4024
4 2904 3892 3476 3893
4 1793 1794 3566 3750
4 182 3642 200 4161
4 3742 4060 2518 4095
4 1834 3824 1819 4084
4 2551 3809 3392 3947
4 158 159 160 2507
4 517 506 516 3545
4 2633 3252 2747 4011
4 3116 3661 2362 4007
4 3256 3744 2598 4168
4 3218 2553 3849 3878
4 438 429 436 3508
4 72 63 3193 3222
4 465 464 460 3700
4 3142 3143 1427 3258
4 2509 3599 3265 4141
4 2636 2949 3947 4149
4 663 664 781 3611
4 443 442 433 3606
4 3562 4050 3193 4252
4 2362 3737 3116 4007
4 2553 3003 3592 3878
4 2867 3526 2500 3976
4 1631 3037 3877 3891
4 2999 3119 442 3606
4 1535 1536 4158 4221
4 2621 3801 3363 3897
4 3377 3494 2599 4290
4 2553 3849 3592 4180
4 2934 3146 267 3499
4 1347 3160 1358 3802
4 2510 3512 3252 3985
4 30 177 187 3961
4 855 3480 3111 3696
4 4057 4127 2822 4266
4 2768 3231 2610 3424
4 567 564 566 4283
4 513 3309 4216 4275
4 1804 3438 1794 3750
4 2641 2994 2993 3234
4 1552 3559 1553 4299
4 2711 4009 3497 4069
4 1922 1935 1934 3905
4 1554 4117 1555 4299
4 3519 3575 2797 3618
4 3043 3255 2704 4270
4 3432 3605 2954 3967
4 2862 2761 3220 3652
4 3434 3928 3850 4196
4 80 89 96 4232
4 2736 3352 3436 3760
4 2861 4109 3583 4183
4 1053 947 3523 4229
4 1401 1739 2831 3290
4 3377 3462 3106 3514
4 2251 3749 2243 3777
4 1150 1149 3540 3637
4 3072 4071 3425 4079
4 71 68 65 3283
4 2759 2512 3325 3864
4 2534 2574 2601 3334
4 2711 3358 3231 3424
4 2857 3100 2772 3127
4 2528 3096 2683 3964
4 1109 1112 1111 4202
4 1719 3472 2075 4192
4 1711 1710 3709 4099
4 1555 4117 1547 4299
4 3005 3280 2821 3952
4 2755 2829 2760 3963
4 2927 4005 3771 4259
4 1376 1370 1373 3719
4 2620 2673 3739 4234
4 3422 3483 2903 4296
4 3061 3079 2925 4175
4 995 1020 1107 3944
4 3340 3641 2494 3642
4 2741 3081 2816 4263
4 2904 3304 2570 4016
4 3060 3684 2742 3685
4 3404 3580 3555 4026
4 1416 1417 3082 4249
4 3945 3946 3325 3947
4 654 4138 3751 4197
4 862 866 3794 3901
4 3085 3908 2543 4277
4 2642 2891 2707 3836
4 1738 1740 1401 3213
4 2667 2894 3264 4012
4 2980 3401 2641 3848
4 2763 2908 3591 4179
4 485 3488 488 4034
4 108 106 41 3583
4 2786 3181 2602 3469
4 516 515 533 3255
4 2612 2579 3641 4173
4 2238 3610 2239 3699
4 2822 3382 2958 4027
4 795 3415 796 4297
4 2371 1763 1755 3917
4 3087 3552 3551 4209
4 2629 2544 2858 3061
4 3688 3713 1145 4058
4 278 277 295 3939
4 1034 3885 1035 4059
4 332 3006 3399 3815
4 3253 3797 2813 4037
4 860 875 861 4160
4 2515 2753 3653 4235
4 1336 1335 2475 2471
4 1951 1948 1947 3805
4 2862 3220 3548 3585
4 1942 3219 1932 4163
4 2779 3440 3624 4106
4 2517 3903 3338 4010
4 2164 3637 2137 3638
4 1452 1453 1450 3974
4 2821 3005 2762 4212
4 2294 3680 2293 3725
4 3881 3968 2700 4038
4 1615 3877 3037 4039
4 3042 3329 486 3488
4 2662 3754 3609 4156
4 2840 4070 3179 4232
4 467 461 462 3163
4 924 4044 942 4122
4 1017 3384 1041 4256
4 97 3076 2631 3323
4 389 3436 3760 3867
4 114 27 93 99
4 2775 3221 2850 4228
4 2938 2939 2626 3049
4 2569 2766 3266 3544
4 2716 3062 2875 3153
4 2225 2226 3596 3777
4 1073 1075 3495 3773
4 1026 1027 1035 3885
4 399 3760 3478 3867
4 2712 3358 2866 4165
4 2816 3081 3019 4263
4 2476 3230 2986 4131
4 1798 3241 1797 4000
4 3651 3739 2546 4288
4 27 114 124 99
4 2729 2962 2792 3724
4 3081 4234 3019 4263
4 3137 2494 3340 3641
4 2842 3484 2969 3969
4 2550 2629 2858 4176
4 2043 2067 1716 3236
4 2544 2629 2858 3732
4 2645 4077 3604 4218
4 3321 3510 2817 3603
4 2588 3428 2738 3712
4 2166 3361 2164 3638
4 254 2974 271 3902
4 2527 3130 3295 3694
4 273 272 288 3858
4 2817 3510 3321 3738
4 418 699 417 4052
4 3258 3267 2955 3687
4 2793 3920 2907 4124
4 2406 3616 3535 4022
4 2213 2212 2215 3832
4 3519 3522 2689 4221
4 2309 2301 2308 3734
4 75 67 8 125
4 116 122 76 11
4 1548 3877 3357 4231
4 2898 3463 3125 3669
4 2850 2865 2632 3050
4 895 880 3844 3901
4 2560 2522 2680 2727
4 2484 3024 2436 4121
4 137 3910 3179 4232
4 3116 3737 3115 4007
4 2740 3463 3154 3714
4 208 217 3048 4264
4 545 546 554 4250
4 1391 2955 1383 3287
4 2791 3303 2722 4093
4 2533 2541 3799 4217
4 2407 3941 2408 4159
4 2833 2679 3146 3791
4 1915 1928 3113 4230
4 1064 3617 3034 3978
4 2669 2970 2927 3619
4 2633 3870 3107 3993
4 994 1066 963 3944
4 55 198 191 149
4 997 1005 768 3755
4 2868 3823 2904 4016
4 2941 4102 3912 4148
4 502 503 511 3447
4 2671 3775 4027 4057
4 218 2942 3273 3615
4 3435 2890 3982 4138
4 447 3399 3292 3629
4 2717 2856 2606 2965
4 2824 3700 3447 4201
4 3131 3458 2628 3879
4 3237 3467 2512 3554
4 2789 3162 3686 3942
4 2999 3020 2669 3433
4 972 998 997 4285
4 2566 4018 4019 4303
4 2551 3197 3649 3945
4 2883 3663 3352 3787
4 2365 4006 1752 4007
4 843 845 3696 3731
4 2998 4214 3071 4284
4 2525 2647 2521 3579
4 1720 3612 1721 3924
4 2614 3052 2774 3198
4 2384 3520 3175 3737
4 532 534 533 3255
4 2777 2823 3350 3610
4 1811 3482 1822 3679
4 158 160 176 3735
4 607 1321 1320 3670
4 3392 3595 2767 4120
4 668 644 645 3575
4 1810 3241 3108 3482
4 563 3441 3255 3957
4 1520 3590 3875 4153
4 3592 3849 3821 4180
4 1372 1380 1379 3676
4 3073 4056 2769 4281
4 2529 3511 3145 3524
4 2817 3379 308 3939
4 3522 3662 2689 4221
4 2827 3014 2716 3153
4 3008 3452 3682 4239
4 87 2991 3076 4150
4 2384 2383 3520 3737
4 2693 2789 3495 3833
4 718 719 725 3602
4 199 183 187 2967
4 690 3519 691 4221
4 3592 3849 2553 3878
4 208 3273 207 4264
4 3112 3632 2865 3901
4 1660 1661 1635 3529
4 1440 1422 3229 3965
4 2713 3589 3132 3676
4 1763 3917 3098 4214
4 2557 4102 4148 4254
4 2547 3312 3569 4082
4 1021 797 3396 4297
4 2824 3497 2923 4292
4 1086 3034 3495 3978
4 1348 3160 1347 3329
4 2620 2685 3057 3972
4 3630 3633 3505 4124
4 645 669 668 3575
4 1051 4058 3763 4059
4 2416 3934 2407 4159
4 3578 3579 2680 3887
4 67 8 125 115
4 76 116 11 69
4 1403 3958 1740 3991
4 2307 2268 2270 4078
4 2701 3317 3184 4115
4 2535 2592 2737 3708
4 2633 3252 3985 4134
4 265 250 3146 4090
4 124 189 47 195
4 2500 3526 2782 4142
4 3225 3417 259 3783
4 1903 1914 1904 3853
4 805 3397 821 4297
4 1548 3357 1556 4231
4 2711 3335 3424 3656
4 3041 3756 2846 3896
4 2252 2245 2244 3749
4 1782 4214 4008 4284
4 3569 3813 3167 4064
4 156 130 49 3950
4 294 295 3379 3600
4 137 32 89 148
4 168 175 153 2867
4 2517 3525 3656 3971
4 2944 3390 3221 4044
4 1978 3341 3242 4167
4 31 198 100 94
4 148 32 89 98
4 2651 2996 2733 3916
4 1160 3715 1199 4089
4 2570 3501 2979 3635
4 159 175 2867 3976
4 826 831 3326 3738
4 140 146 19 77
4 62 61 63 3562
4 1702 3529 1701 4192
4 1376 1377 2925 4175
4 2798 3555 3404 3580
4 227 3196 238 4110
4 92 3040 163 3527
4 1555 3357 1547 4117
4 497 496 499 3747
4 2757 3283 3282 4149
4 1348 3293 3160 3329
4 2677 2965 3582 3999
4 3443 4103 3784 4171
4 1095 3254 1094 3978
4 198 31 187 94
4 3861 3910 145 4211
4 1859 3243 1860 3412
4 232 229 234 4181
4 1075 1077 1088 3495
4 66 140 19 77
4 2670 2802 4046 4134
4 513 4216 4061 4275
4 1724 2094 3472 4006
4 2470 2442 2474 3577
4 2598 2727 2680 3993
4 2470 3577 2474 3876
4 331 334 330 3123
4 1793 3566 1795 3750
4 1492 4068 3587 4130
4 2934 3146 2833 4090
4 2866 3358 3335 4165
4 2597 3473 3266 4086
4 3371 3819 418 4052
4 2617 3293 3042 3329
4 2691 3072 2981 4274
4 1155 3298 3156 3942
4 2785 3316 3869 4231
4 3237 3409 2685 3972
4 1139 3555 1138 3580
4 2550 3732 2847 3771
4 87 3076 102 3904
4 2571 2532 3450 4235
4 276 2934 3499 3772
4 339 2883 3663 3779
4 1673 1666 1665 4024
4 2122 2121 3205 3970
4 1842 1843 1822 3789
4 2560 2552 3909 4011
4 2277 2255 2254 3812
4 204 205 211 3089
4 2933 2950 2649 3816
4 2528 3964 2683 4118
4 2855 2690 3244 4279
4 2626 2939 2938 3880
4 2375 3300 2374 3970
4 2639 3821 2740 4147
4 1719 1724 3472 4192
4 85 3368 83 4150
4 2785 3877 3316 4231
4 2720 2777 2555 4139
4 3335 4165 2876 4209
4 666 642 643 3618
4 2497 2759 3945 3946
4 911 897 898 3632
4 2747 2705 3156 3715
4 2744 3319 3475 3828
4 1114 3404 1116 4202
4 189 186 3212 3224
4 3474 3764 2781 4301
4 3477 3947 2949 4177
4 127 105 120 3593
4 2688 2892 2998 4042
4 474 475 472 3163
4 2635 3558 3167 4064
4 1048 3951 1032 4059
4 2998 4008 3098 4214
4 1495 3258 1494 3707
4 2546 3651 3411 3841
4 3245 3962 1542 4279
4 3336 2497 3946 4076
4 1787 3576 2965 3679
4 1395 3290 1392 4174
4 1550 3962 1551 4279
4 3184 3367 2469 3989
4 2876 3552 3335 4209
4 2533 3799 2541 4095
4 1305 3455 3231 3456
4 2512 2759 3467 3864
4 138 152 128 3332
4 2660 3500 3724 3987
4 1704 1705 1706 3612
4 1088 1087 1075 3495
4 1836 3331 3069 4236
4 2806 3464 3456 3994
4 3521 3536 3098 3917
4 3022 4077 3604 4123
4 191 55 149 142
4 2594 3129 2776 3136
4 3677 4036 2966 4136
4 3500 3987 2660 4028
4 2530 3524 2567 3570
4 656 4138 654 4197
4 2744 3319 3828 4298
4 2423 2995 2414 3389
4 2939 3049 2938 3502
4 2696 3257 3345 4220
4 3208 3930 2989 4246
4 2651 2996 2995 3389
4 746 748 755 3871
4 1320 1328 1321 2464
4 855 3111 3480 4129
4 145 3179 137 3910
4 2462 2464 2454 4115
4 2658 2568 3534 3771
4 1848 3412 1826 3789
4 2639 3265 3821 4147
4 3460 4148 3087 4184
4 2661 3379 2679 3741
4 2149 2143 2148 3406
4 2419 2411 2418 3804
4 3123 3816 3479 3818
4 3075 2813 3262 3797
4 3105 2882 3674 3915
4 2711 3656 3424 3971
4 2546 3739 3651 4170
4 2305 3348 2306 3895
4 3045 3490 2745 3518
4 2101 2100 2099 3780
4 1066 1056 963 3770
4 2623 2827 3083 3694
4 2728 2887 3509 3883
4 1471 1493 3258 3687
4 1868 3718 1881 4107
4 3086 3623 3622 3948
4 279 3322 296 3603
4 3083 2796 3405 4108
4 3167 3558 2625 4064
4 3346 3953 2186 4051
4 3394 2852 3461 4201
4 2416 3446 2407 3934
4 1988 3601 1971 3952
4 2336 2340 2714 3628
4 2675 3287 2582 3835
4 666 643 667 3618
4 3148 3291 1618 3341
4 2544 2722 2629 4260
4 1483 1443 1484 3229
4 1202 3226 1204 4089
4 2802 3777 3736 3863
4 2954 3605 2764 4179
4 2270 2308 2307 4078
4 2929 3326 3111 3696
4 197 77 70 15
4 2519 3784 3514 4171
4 1577 4117 1578 4299
4 4165 4180 2595 4193
4 2373 4157 2387 4213
4 2579 2612 2720 4173
4 3102 3649 3109 3721
4 2604 3651 3411 4288
4 1083 3617 1063 3978
4 3020 3433 2999 3997
4 2640 3609 3305 4156
4 3014 3153 3692 3859
4 245 259 255 3783
4 1847 1848 1843 3789
4 2611 2768 3424 3971
4 2723 3834 2616 4096
4 3128 4015 3005 4029
4 2611 2768 3464 3729
4 3087 3623 3460 4184
4 2727 3214 4023 4233
4 2812 3201 3302 3954
4 3173 3370 2808 4238
4 203 205 204 3089
4 2869 2981 2691 3885
4 2546 3130 3250 4304
4 3242 3341 1978 3529
4 3182 3731 2956 3794
4 2493 3274 3717 3903
4 3338 4010 3903 4177
4 1813 3187 1801 3679
4 2673 3019 3161 4234
4 2795 3142 2796 3483
4 1143 1144 3863 4032
4 755 754 746 3871
4 2634 3591 2908 4179
4 1459 1492 3587 4130
4 1424 3483 1431 4108
4 2594 2555 2776 4139
4 3067 3986 3381 4153
4 307 3379 295 3939
4 862 3182 3239 3794
4 2500 2537 3323 3526
4 2107 2122 3205 3970
4 2546 3651 3841 4170
4 176 160 169 4247
4 2345 2324 2327 3517
4 2612 2811 2771 3046
4 3108 3906 3141 4205
4 3000 3446 3018 3934
4 1797 3241 1809 3679
4 1796 3446 2416 3934
4 2621 3047 3897 3987
4 1163 1174 3686 3845
4 15 70 197 190
4 2658 2568 2947 3938
4 2730 3072 2939 3880
4 2725 2844 3647 3977
4 1109 1108 1139 3555
4 2686 2626 3112 4207
4 2857 3918 2700 4248
4 982 4045 3390 4286
4 2526 3835 2573 4016
4 2567 3524 2513 3570
4 3467 3701 2527 3862
4 2251 3346 3749 3777
4 2497 3336 3946 3947
4 1920 1912 1906 3498
4 3120 2661 3603 3939
4 2737 2569 3158 3708
4 3005 2839 4015 4222
4 2741 2602 3469 4140
4 2720 2916 2823 3026
4 1233 1232 1241 3929
4 327 328 329 3814
4 2754 4009 3497 4292
4 2646 4212 4103 4222
4 2535 2630 3927 4260
4 3513 4020 3090 4021
4 2990 3826 3388 3944
4 2625 3458 3131 3537
4 1873 1874 3243 4289
4 2624 3622 2842 3948
4 2287 2286 2294 4033
4 2122 2375 2374 3970
4 3337 4010 2933 4073
4 2516 2684 2550 3398
4 2449 3333 2450 4131
4 2582 2845 3923 3927
4 2944 3384 2700 4248
4 2593 4127 4057 4266
4 607 606 1321 3670
4 2499 3145 3512 4252
4 907 923 4044 4185
4 62 78 66 3227
4 1232 1215 1216 4168
4 1912 1925 1910 3631
4 3525 3586 2590 3971
4 2620 2736 3972 4234
4 3015 4019 4018 4303
4 1334 3092 1338 4244
4 3220 3585 2862 3652
4 3335 3249 3656 4069
4 2867 3526 2979 4143
4 2603 4103 4212 4222
4 2174 3074 2172 4307
4 1257 1255 4049 4114
4 949 950 965 4285
4 510 3545 517 3959
4 862 3794 3239 3901
4 288 3779 289 3858
4 3060 2742 3684 3697
4 2758 2704 3255 4270
4 1704 1708 1713 3612
4 1316 3216 4172 4245
4 332 3399 3006 4112
4 2894 3841 2668 4012
4 2294 2286 3680 4033
4 431 427 429 3507
4 1468 3422 1462 3664
4 3477 3945 2551 3947
4 520 518 3807 4250
4 2793 3630 3505 4124
4 1501 3229 1502 3271
4 2635 2739 2734 4064
4 1785 1799 3679 4001
4 95 102 3076 3453
4 2607 4265 3689 4266
4 1902 1888 3516 4113
4 3116 3576 2879 4007
4 2712 4054 2836 4199
4 2529 3511 2615 3530
4 2123 2376 2375 3970
4 3183 3670 3159 3989
4 2754 2950 2933 3607
4 2690 2721 2827 4014
4 97 3393 92 3527
4 96 89 3393 4232
4 2563 2835 2533 4217
4 512 3309 513 4275
4 377 381 376 4126
4 113 123 117 3385
4 2630 3163 2758 3837
4 2231 3343 2313 3448
4 2638 3419 3149 3855
4 1661 1636 1635 3529
4 2796 3082 2623 3083
4 2681 2771 2578 4173
4 834 827 833 3598
4 2728 3509 3101 3883
4 478 477 485 3488
4 1714 1713 1708 3612
4 3316 3891 2930 4024
4 2762 3004 3601 3884
4 2512 2759 3325 3554
4 1053 3523 1054 3769
4 3286 3984 2917 4195
4 2176 3074 2175 3852
4 245 251 3225 4291
4 2734 2739 2635 3414
4 1333 3367 3159 3989
4 177 199 187 3961
4 3595 3810 202 4264
4 1903 1918 1914 3853
4 2548 3623 3086 3948
4 1235 3350 3349 4062
4 1141 3404 1114 4202
4 1805 3438 1804 3556
4 2689 3075 3662 3992
4 2554 3918 3369 4248
4 448 456 4269 4270
4 1180 1172 3925 3931
4 516 515 3255 3545
4 3075 3253 2813 4037
4 229 243 234 4181
4 2505 3886 2574 4217
4 1494 3258 1493 3687
4 2581 3893 3047 3897
4 2987 3466 2749 3924
4 3496 3860 3028 4141
4 2802 3736 3646 4032
4 2596 2985 2708 3896
4 48 161 49 3950
4 2507 3635 2867 3636
4 2815 2928 3024 4259
4 3735 4183 2507 4208
4 3181 3698 837 3731
4 2423 3029 2995 3389
4 2715 2978 2984 4196
4 1916 1920 1917 2891
4 3034 3617 1058 3769
4 304 3513 3090 3772
4 176 3174 164 3921
4 323 3513 4043 4253
4 3033 3437 4106 4210
4 734 758 732 3568
4 2527 3295 3130 4041
4 2688 2998 2892 3446
4 2604 3062 2887 4267
4 2717 3472 3116 4006
4 332 3006 4111 4112
4 2721 4014 2690 4031
4 3371 3960 3819 4052
4 2755 2583 3650 3790
4 448 504 496 4269
4 170 167 156 3039
4 2586 3706 3784 4171
4 2913 3238 2804 3993
4 3321 3510 2786 3738
4 1823 3679 1822 3789
4 2498 3864 2871 3921
4 110 113 117 2495
4 158 2871 176 3921
4 3221 3506 2775 4185
4 245 3225 259 3783
4 1070 1072 1061 3773
4 2641 3848 3345 4100
4 3010 3053 2704 3545
4 3184 3367 2836 4088
4 825 827 828 3469
4 2670 2911 2977 4134
4 3142 3258 1466 3664
4 3057 3779 287 3858
4 2684 3025 2587 3771
4 2554 2700 3918 4248
4 2166 2138 2139 3638
4 684 3751 4164 4197
4 3078 3309 2790 3722
4 2929 3326 832 3868
4 2553 3992 3849 4180
4 3216 3639 2723 4061
4 2909 2713 3719 3733
4 1297 1295 1296 3619
4 87 3904 85 4150
4 3430 3432 2968 3967
4 247 2859 248 3625
4 3075 2813 3797 4037
4 2908 3605 3144 3780
4 48 49 139 3950
4 1741 3065 1742 3889
4 3250 3739 2546 4304
4 3193 3562 2530 3570
4 231 245 242 3783
4 2831 3500 3501 3634
4 41 155 157 3583
4 1817 1832 1816 3556
4 2258 3306 2310 3699
4 48 173 161 3950
4 2516 2544 3732 4247
4 2810 2994 2993 3684
4 2816 3181 2602 4169
4 1908 1909 3937 4098
4 3100 3555 1107 3944
4 1507 3149 1496 3707
4 383 384 385 3484
4 581 574 3216 4245
4 2623 2690 2827 4014
4 761 762 770 3668
4 1957 1958 2490 2846
4 2677 3999 3312 4132
4 2498 2871 3864 4041
4 2214 2222 3395 3832
4 883 3674 864 4129
4 2704 3255 3043 4269
4 2440 3025 2443 3451
4 141 137 143 3179
4 2399 2408 3941 4159
4 2683 3052 2614 3198
4 127 109 115 3593
4 160 3636 168 4247
4 2596 2742 3757 3943
4 1912 3631 1906 3836
4 30 94 83 3961
4 2561 3534 3044 4073
4 3069 3516 3080 3853
4 2384 3175 3413 3737
4 986 984 985 4045
4 1575 3962 1574 4296
4 116 120 105 4194
4 2741 2602 3181 3469
4 2754 3607 2587 3771
4 1383 1381 3287 3857
4 2740 3154 3548 3765
4 2731 2732 2912 3790
4 2492 3377 3378 3514
4 1579 4117 3286 4231
4 1993 2023 1991 4015
4 2023 1993 2025 4015
4 983 985 984 4286
4 3061 3079 1382 3290
4 338 341 353 3839
4 1850 1830 1829 4047
4 205 2491 2942 3273
4 3640 3885 1025 4059
4 1986 1970 1971 3601
4 543 520 545 4250
4 1753 3620 1759 4083
4 1739 2831 3290 3940
4 3035 3900 3166 4255
4 2597 3980 3337 4004
4 1974 3763 3444 4059
4 1194 1120 1224 3863
4 3592 3821 2595 4180
4 1420 598 597 3297
4 701 702 708 3930
4 1181 3925 1189 3931
4 2656 2707 3232 4107
4 2688 3442 2892 4042
4 3195 3876 2467 4088
4 1883 1897 1882 4230
4 1086 3495 3034 3773
4 2628 3458 3131 3558
4 2747 4011 3252 4134
4 4009 4010 2649 4069
4 226 4110 3840 4264
4 143 3179 145 3861
4 964 965 972 4285
4 157 3846 3583 3921
4 1734 3573 1733 4215
4 2937 3426 4000 4002
4 363 3326 3110 3738
4 517 516 536 3545
4 1290 3730 2970 4091
4 1985 3407 3127 3449
4 1809 3241 1810 3482
4 2677 3241 2739 3569
4 328 333 332 4111
4 1357 3923 1353 4093
4 1281 1286 1282 3935
4 2096 3661 2097 3967
4 781 3611 782 4241
4 834 3181 837 3315
4 1423 1361 1351 3965
4 237 219 3840 4291
4 334 333 3817 3818
4 2868 3166 3823 3873
4 2091 3683 3152 4278
4 2928 3730 3024 4259
4 3242 3529 2002 4080
4 2184 3429 2178 3852
4 3019 3598 840 4186
4 2401 3576 2411 3804
4 2546 3841 2961 4170
4 2945 3573 2987 4215
4 2497 4076 2949 4177
4 2898 3668 3215 3669
4 3298 3376 2789 3942
4 1382 1381 1378 3857
4 782 781 664 3611
4 2853 3999 2945 4075
4 2680 2727 2522 3993
4 139 3949 147 3950
4 163 168 153 3527
4 2730 3254 3178 3978
4 2200 2199 3416 3955
4 2284 3680 2285 3812
4 1116 3404 1142 4065
4 1710 1699 1711 3709
4 2670 3434 4046 4196
4 1899 1884 3113 4289
4 2938 3112 2626 4207
4 1271 1287 1270 3256
4 3025 3771 2684 4259
4 898 910 911 3632
4 1597 1482 1492 4068
4 1159 1161 1173 3686
4 2615 3111 3480 3696
4 108 109 106 3583
4 2953 3204 2821 3763
4 2649 3980 3126 4004
4 1020 3826 3100 3944
4 1113 3374 1076 4202
4 1111 3375 1110 4202
4 2602 3511 3489 4169
4 2412 2411 2419 3804
4 466 469 463 3888
4 2532 2710 3450 3729
4 1407 1396 1408 3705
4 2928 3659 3024 3730
4 2573 3835 3304 4016
4 3111 3326 3313 3696
4 1440 1361 1423 3965
4 2953 2821 3280 3763
4 3005 4029 3004 4222
4 3356 3429 2184 3852
4 2996 3535 2698 3616
4 2782 3035 3558 4277
4 2553 3218 3746 3878
4 638 629 630 3847
4 518 519 509 4216
4 2038 3432 3430 3967
4 638 637 629 3847
4 1379 3676 3590 3733
4 652 3716 682 3751
4 2519 3443 3784 4171
4 1965 3866 3431 4256
4 282 283 281 4025
4 1552 1576 1577 3559
4 3819 3960 2893 4052
4 2399 2390 2391 4213
4 2673 3019 4234 4263
4 1137 3555 3100 3580
4 1642 1621 1622 3585
4 2921 3301 3117 3970
4 2439 3451 2441 3659
4 2783 3396 3324 4285
4 3822 3823 2904 3899
4 2841 3521 3278 3536
4 2759 3109 3102 3649
4 2633 2913 2804 3993
4 271 2974 3135 3902
4 1887 1874 1886 3243
4 532 533 515 3255
4 2912 2942 2732 3273
4 3197 3477 2748 4177
4 2861 4183 3735 4208
4 1145 1129 1130 3688
4 3146 3840 2833 4090
4 1373 1379 1376 3719
4 2883 3057 3779 3787
4 2887 3148 3062 4039
4 1332 2468 2473 3367
4 35 90 100 138
4 1706 1708 1704 3612
4 2716 3153 3014 3859
4 2754 3433 3394 3606
4 1202 1201 3715 4089
4 3115 3116 2634 3737
4 2805 3302 2825 3361
4 2711 3092 2923 3231
4 3387 4040 2726 4075
4 2190 3953 3356 3955
4 2241 2259 2271 3699
4 2847 3732 2568 3771
4 2693 3495 3034 3833
4 2544 4247 2535 4260
4 2622 2858 2919 3398
4 3294 2435 3659 3907
4 2937 4000 3426 4001
4 68 71 3336 4149
4 139 147 48 3950
4 1142 3404 1141 4026
4 233 3305 225 4156
4 3318 3512 3145 4252
4 2747 2977 2705 3715
4 1764 1757 1761 3582
4 3412 3574 1827 3727
4 1219 1210 1220 4268
4 2872 3553 3172 3785
4 2679 2952 3499 3791
4 825 3469 358 3996
4 2676 2739 3569 4064
4 2783 3324 3122 4285
4 1738 1401 1402 1739
4 2233 2240 3054 3699
4 2817 308 3603 3939
4 2247 3248 2246 3812
4 2184 3429 3356 3953
4 2563 2708 2596 2985
4 1173 1172 1159 3686
4 229 241 243 4181
4 2999 3433 2754 3606
4 1535 3662 1534 4221
4 842 834 841 3698
4 2678 3779 3057 3858
4 128 3332 152 3910
4 1880 1892 1891 4107
4 3284 3424 2876 3525
4 2825 3097 2777 3348
4 3105 3313 3171 3674
4 3034 2939 3617 3769
4 2850 2775 3239 3844
4 2879 3576 1758 4007
4 4127 4265 2822 4266
4 1934 3069 1923 4236
4 2139 3638 2138 4062
4 851 852 841 3698
4 2300 2308 2301 3734
4 2955 3258 2702 3267
4 2594 2683 3964 4118
4 840 3598 3019 3698
4 2690 3245 3244 4279
4 1912 1910 1911 3631
4 1151 3637 1150 4062
4 2954 3116 3661 3737
4 522 511 512 4275
4 1549 3483 3245 4108
4 3449 4243 2017 4307
4 1120 1144 1224 3863
4 2879 3116 2717 3576
4 2136 3186 2135 3637
4 1859 3414 3243 3789
4 458 3997 462 4293
4 3115 3576 3116 4007
4 2691 3880 3072 4274
4 1145 3688 1146 3713
4 2521 2594 3964 4118
4 3428 3827 2548 4147
4 2287 2294 2295 4033
4 100 35 138 149
4 335 434 433 3818
4 1166 3157 1164 4305
4 650 561 681 3716
4 150 135 133 3139
4 1924 1910 1925 4098
4 89 98 92 3040
4 1402 1406 1739 3940
4 2895 3611 3264 3711
4 1699 1701 1667 3709
4 771 791 770 3669
4 3080 3853 3516 4113
4 1977 3713 3204 4058
4 2682 3348 3201 3895
4 792 791 771 3669
4 263 3625 3120 3939
4 1484 1502 3229 3271
4 1498 1499 1487 3565
4 398 408 410 3867
4 652 683 654 3751
4 2887 3602 3509 4105
4 840 3598 833 4186
4 1420 597 1419 3297
4 2925 3303 1356 3802
4 1717 4192 4099 4215
4 2737 3006 2947 3007
4 3019 3698 2816 4160
4 2542 3442 3604 3856
4 1040 3384 3866 4256
4 3607 3817 333 3818
4 1078 3374 1115 4065
4 219 226 237 3840
4 1957 1944 3756 4237
4 1561 3662 1535 4158
4 2720 2948 3129 3256
4 2600 3694 2827 4014
4 2997 3983 3531 4194
4 1614 807 3626 4039
4 3166 3899 3515 3900
4 2777 2811 2751 2825
4 2448 1307 3333 3464
4 2216 3832 2215 3865
4 1053 1054 1057 3769
4 3520 3535 2996 4022
4 738 778 777 4105
4 3404 4026 3555 4202
4 76 69 60 2997
4 1856 3414 1858 3482
4 1440 1423 1422 3965
4 2634 3116 2856 3742
4 1208 3233 1253 4305
4 1636 3341 1635 3529
4 61 69 4050 4087
4 3696 3731 845 4166
4 98 92 163 39
4 2674 2922 3761 3958
4 2511 3739 3250 4304
4 291 3772 303 4306
4 1276 2318 2319 2787
4 2591 3191 2640 3609
4 878 894 895 3844
4 3618 4017 3277 4178
4 3196 3840 238 4110
4 3853 3854 3021 4230
4 2833 2834 2618 3493
4 1137 3580 3100 4258
4 237 3840 4090 4291
4 1383 3687 1374 3857
4 508 498 500 3722
4 167 141 174 51
4 2499 3524 3145 4252
4 2142 2148 2143 3406
4 1286 3584 1282 3935
4 3382 3565 2958 4027
4 1987 1989 2020 4029
4 705 3351 3672 4052
4 877 3239 878 3901
4 2841 3098 3000 3521
4 106 41 155 42
4 2642 2656 2574 2707
4 2323 2714 2340 3675
4 2620 2678 2883 3972
4 1284 1269 1282 3355
4 3435 3982 612 4138
4 624 745 744 3711
4 2986 3151 2610 3230
4 2815 3024 2928 3659
4 2254 2276 2277 3812
4 2734 2635 3113 3414
4 2650 3604 3442 3856
4 3708 3735 3295 4041
4 3152 3748 2756 4128
4 2725 3295 2623 3694
4 2978 2984 3736 3777
4 2037 3967 3430 4080
4 2924 3099 3894 4277
4 837 3315 3181 3731
4 2461 2460 2463 3588
4 1076 3374 3773 4202
4 23 74 68 166
4 2625 3458 3141 4064
4 3135 3787 3057 3972
4 1223 1239 1222 3929
4 1473 3258 1495 3707
4 2634 3175 3115 3737
4 2535 2737 2630 4260
4 2673 2886 4228 4288
4 1879 3490 1880 3644
4 1153 3376 3298 3942
4 2660 3987 3724 3988
4 2692 3702 2612 4190
4 1093 1083 3978 4079
4 3182 3239 2775 4160
4 2933 2950 2754 4009
4 2606 2533 2635 4095
4 2570 3835 3635 4143
4 3483 3664 3142 4249
4 3034 3769 1060 3773
4 198 187 191 3720
4 2811 2777 3349 3638
4 2875 3062 2887 3148
4 2021 2020 1989 4029
4 1898 1897 1883 4230
4 3837 3923 2791 4093
4 1741 2897 3889 3940
4 2990 3051 2920 3770
4 2075 3472 4080 4192
4 3705 3986 3319 4074
4 1270 1267 1271 3744
4 158 3735 3921 4183
4 2873 3330 3880 4225
4 1390 3287 1382 3290
4 2921 3117 3683 3970
4 1741 1739 1406 3940
4 120 111 127 4238
4 2446 2442 2445 3577
4 3130 3295 2861 4041
4 2771 3046 2811 3540
4 2554 3881 2700 4038
4 2636 3947 3336 4149
4 2727 2988 2560 4233
4 2551 3945 3809 3947
4 1547 3357 1548 4206
4 2738 3105 2882 3313
4 2738 3105 2989 3995
4 3005 4015 3128 4222
4 417 698 420 3672
4 2813 3253 3055 3797
4 154 3174 176 3366
4 2611 3284 2590 3525
4 1166 1165 3157 4305
4 2405 3616 2406 4022
4 2949 3477 3392 3947
4 2628 2810 2993 3021
4 2208 3416 3302 3955
4 2783 3755 3396 4285
4 2449 3571 3333 4131
4 133 135 134 3139
4 3505 3516 2880 4097
4 2892 3446 3038 3824
4 452 3020 458 3997
4 1923 3516 4097 4236
4 2710 3571 2768 3729
4 2743 3862 3721 4282
4 2143 3406 2144 3646
4 2119 3521 3278 4157
4 2682 3097 3348 3895
4 2946 3399 3006 3815
4 2547 3569 2677 3813
4 2915 3135 2794 3787
4 2865 3239 3794 3901
4 139 150 133 3949
4 2003 3430 3242 4080
4 3505 2880 3937 4097
4 2800 3276 2859 3625
4 2859 3305 2640 3347
4 2693 3374 2798 3375
4 686 685 3692 3859
4 1830 3829 1829 4047
4 2781 3764 3568 4301
4 1239 2238 2237 3610
4 2909 3733 3719 4175
4 2649 3337 3980 4004
4 2747 2633 2913 3157
4 623 624 744 3711
4 1385 3719 1379 3733
4 566 568 567 4283
4 2178 3429 2179 4240
4 2734 2992 2628 3458
4 2890 3268 2889 3982
4 2996 3115 2698 3520
4 434 427 435 3124
4 175 2867 168 3636
4 1347 3329 3160 3802
4 1139 3555 3580 4026
4 2646 3280 2821 4212
4 2647 3269 3170 3296
4 684 3751 683 4164
4 2794 3787 3135 3972
4 2405 2397 2396 3616
4 828 824 3469 3868
4 1104 1096 1105 3627
4 45 112 44 185
4 1297 1294 1295 3619
4 1300 3455 2927 3619
4 3162 3931 1171 3942
4 3101 3866 1038 4286
4 830 828 827 3469
4 2396 3535 2406 3616
4 2679 3499 3379 4025
4 304 2481 303 4101
4 474 472 473 3163
4 2956 3182 3181 3731
4 1544 4279 1552 4299
4 2675 2831 2570 3501
4 2764 3432 3431 3449
4 2632 2920 3743 3968
4 468 473 3163 4034
4 843 849 844 3696
4 3556 3829 3199 4047
4 652 682 683 3751
4 164 20 64 21
4 2600 2827 2721 4014
4 2584 3999 3312 4075
4 3130 2546 3701 4304
4 3067 3986 3705 4074
4 2833 3196 2834 4110
4 2819 3313 3111 3326
4 1887 1875 1874 3243
4 2598 2916 3238 3993
4 2615 2686 3480 4207
4 1131 3425 3046 3688
4 2834 3392 3493 3542
4 2635 2739 2888 3414
4 3090 3513 321 4020
4 574 550 3216 4245
4 2595 4180 2689 4193
4 152 145 3910 4211
4 2722 2582 2791 3927
4 2297 3348 3895 3954
4 2802 3863 3736 4032
4 1246 3845 1242 4023
4 3011 2691 3330 3471
4 285 286 297 3135
4 433 334 335 3818
4 3244 4164 1527 4224
4 2620 3739 2736 4234
4 2035 2059 2060 4080
4 28 84 186 29
4 17 16 132 65
4 2035 2060 2036 4080
4 3156 3157 2747 4089
4 1860 3243 1875 3718
4 852 842 841 3698
4 2702 3142 2795 3258
4 2632 2850 3050 3968
4 1326 3639 1318 3990
4 2803 3161 3672 3867
4 63 79 72 3193
4 37 91 162 36
4 2630 2778 2568 2947
4 161 170 156 3950
4 3021 3546 2993 4271
4 2978 3346 2984 3777
4 2466 2465 2470 3876
4 2562 3325 3222 3981
4 2497 3338 4076 4177
4 2797 3519 3262 3575
4 1762 3071 1754 3917
4 2658 3534 2933 3771
4 2419 3389 3804 4155
4 2768 3571 3464 3729
4 2415 3389 2995 4022
4 3331 3933 3059 4237
4 826 828 831 3868
4 40 108 41 157
4 834 830 3181 3315
4 3333 4131 3571 4200
4 1221 3766 3350 4268
4 987 4045 985 4286
4 2816 4038 3403 4263
4 971 1062 1065 4257
4 432 3606 3607 3818
4 92 3393 3040 3527
4 279 3603 296 3939
4 437 3508 3399 3629
4 155 165 159 4183
4 2497 2949 3947 4177
4 1530 4206 1529 4299
4 1471 3687 3258 3923
4 3987 3988 2660 4028
4 594 2844 3082 3977
4 2213 3074 2212 3832
4 514 4269 504 4270
4 1787 3679 2965 4001
4 2254 2246 3749 3812
4 1844 3482 3108 3906
4 3455 3619 2923 4292
4 221 3089 205 3963
4 2945 2987 4099 4215
4 3244 3692 1529 4164
4 2947 3006 3399 4112
4 3312 4031 2547 4132
4 269 3600 284 4025
4 1368 1374 3687 3857
4 2670 3928 3434 4196
4 1948 3805 1951 4272
4 1211 1220 1210 4268
4 2429 1422 1352 3965
4 4156 4181 234 4276
4 1693 1647 1649 3652
4 2178 2151 2150 4240
4 274 273 289 3858
4 2757 3570 3192 4053
4 1649 1694 1693 3652
4 240 3305 2859 3347
4 2292 3734 3680 4066
4 2236 3349 1237 3610
4 335 334 331 3123
4 1801 3187 2418 3804
4 3063 3279 3178 3627
4 2884 3356 2812 3953
4 3066 3986 3381 4298
4 3035 2782 3894 4277
4 263 3347 261 3625
4 2850 3239 3050 3240
4 3346 3427 2251 3749
4 1782 1773 4008 4214
4 2176 3852 2177 4240
4 1047 1031 1032 3951
4 2804 3162 2789 3870
4 1746 3889 2918 4182
4 193 185 188 3887
4 3376 3495 2789 3942
4 2543 3345 3908 4100
4 2620 3057 2678 3972
4 1103 3540 3254 3627
4 2595 3768 3551 4209
4 1951 1947 1952 3805
4 2361 2365 2366 4007
4 2949 4076 3338 4177
4 2661 2817 3603 3939
4 270 3135 3057 3902
4 832 831 828 3868
4 2601 3490 2837 3631
4 3065 3705 3327 3733
4 1054 3523 946 3770
4 2760 3783 3615 3963
4 1946 1952 1947 3933
4 2416 2417 3934 4159
4 3484 3703 2969 3969
4 2709 3122 2783 3324
4 2107 3205 3683 3970
4 2970 3042 2617 3293
4 2150 3406 2149 4240
4 2253 3749 2275 3812
4 2454 2463 2462 4115
4 2812 3302 2884 3954
4 1238 1239 2237 3610
4 2704 3010 3255 4269
4 2118 1737 3536 3917
4 1035 4058 1051 4059
4 1406 2897 2909 3065
4 2672 3756 3060 3757
4 1942 1956 3219 4163
4 2903 3245 3962 4296
4 2910 3451 3134 3571
4 655 616 4138 4197
4 2704 3053 2844 4283
4 2789 3178 3279 3942
4 2961 3504 3503 3695
4 2337 2336 2714 3613
4 796 3415 775 4297
4 2634 2954 3116 3742
4 938 4229 955 4257
4 158 157 3583 3921
4 38 163 153 3527
4 167 168 163 3275
4 1240 1233 1241 3929
4 2903 3483 3245 4296
4 3295 3735 3708 4198
4 561 589 681 3716
4 2675 2858 3061 3940
4 3090 4101 3772 4306
4 2675 2858 2544 3061
4 3038 3556 3518 3750
4 445 441 495 3461
4 1452 2480 1457 4115
4 803 818 802 3714
4 2505 2991 3886 4150
4 2900 3586 3044 3950
4 828 824 825 3469
4 2933 2950 3816 3817
4 2425 3029 2420 4155
4 278 3600 294 4025
4 2439 3024 2484 4121
4 183 2967 199 3806
4 2837 2880 2672 3095
4 2636 3192 2767 3392
4 2525 2680 2647 3579
4 2643 3121 3120 3322
4 352 364 366 3663
4 366 354 352 3663
4 2092 2108 2091 3683
4 3306 3699 2258 4152
4 2979 3635 2867 4143
4 2715 2984 2575 4196
4 2551 3649 3648 3650
4 2876 3525 3424 3656
4 1271 1267 1268 3744
4 2628 3458 2992 3879
4 1387 1384 1385 4175
4 3312 4031 2664 4082
4 3735 4198 3295 4208
4 2467 3876 2471 4088
4 2798 2564 3743 3968
4 2736 3352 2883 3663
4 2546 3739 3237 4304
4 2947 3006 2946 3399
4 2841 3278 3521 4157
4 2686 3794 2865 4169
4 85 102 93 3904
4 1018 1042 1043 3826
4 2584 3312 3999 4132
4 1668 1701 3529 3709
4 212 3191 209 3609
4 2731 3595 3392 4120
4 1199 3715 1201 4089
4 1190 3766 1189 3925
4 2946 3006 2766 3815
4 1356 3303 1343 3802
4 2031 1999 2001 4128
4 2796 3142 3082 4249
4 1904 3853 3854 4113
4 2611 3525 2590 3971
4 1937 3219 3041 3836
4 205 2942 206 3273
4 652 3716 3751 3982
4 449 455 447 3292
4 2579 2720 2823 4173
4 1043 1019 1018 3826
4 2844 3441 2704 4283
4 3403 4038 2673 4263
4 2548 3086 3827 3948
4 1433 3258 3143 3923
4 3168 3171 2738 3313
4 2734 3458 3141 3854
4 2407 3446 3941 4159
4 2713 3676 3132 3719
4 1770 4214 1781 4284
4 1379 1385 1376 3719
4 879 880 896 3901
4 2275 3812 3427 4066
4 346 342 321 4020
4 2640 3191 2703 3196
4 1310 2450 2449 3333
4 1038 1963 1964 3866
4 2755 3089 2829 3963
4 2706 3852 3074 4240
4 1658 1634 1633 3291
4 2496 2924 4142 4277
4 1964 1039 1038 3866
4 2873 3880 4207 4225
4 2692 2981 2869 3204
4 2812 3953 3954 3955
4 1403 3213 1740 3958
4 3129 3306 3136 4152
4 1909 4097 3937 4098
4 2931 3242 2968 4080
4 24 113 25 88
4 278 295 3600 3939
4 2154 2133 2156 3713
4 2505 3368 3904 4150
4 1850 3666 1830 4047
4 682 3716 681 4224
4 2141 3406 3407 4307
4 1074 3773 3375 4202
4 2521 2647 2594 4118
4 3467 3701 3237 4304
4 3115 3520 2996 4022
4 2759 3649 3102 3945
4 2316 2317 2318 3613
4 1074 3375 1111 4202
4 329 330 327 3814
4 1731 1748 2360 4006
4 1189 3766 1188 3931
4 1386 1385 1379 3733
4 2785 3357 3286 4117
4 1143 4032 3863 4065
4 52 136 53 181
4 3120 3121 280 3322
4 2134 3186 2158 3713
4 2792 2729 3724 3889
4 1217 1184 1250 3744
4 186 192 177 3211
4 2918 3486 1744 3634
4 2670 2977 2802 4134
4 2763 3605 3449 4243
4 137 145 143 3179
4 2720 3129 2654 3256
4 1927 1939 1938 3021
4 3160 3802 2629 4176
4 2810 2742 2994 3684
4 2455 2454 1321 2464
4 2454 1320 1321 2464
4 3204 3763 1977 4058
4 56 60 61 4087
4 2790 3309 3078 4096
4 3040 4070 3393 4232
4 2782 3558 3234 4277
4 837 3181 834 3698
4 3032 3149 2638 3419
4 3881 3918 2564 4046
4 2587 2754 3771 4005
4 3220 3418 3154 3884
4 2675 3061 2582 3287
4 1409 3319 1408 3705
4 2678 3057 3276 3858
4 3005 4212 2646 4222
4 2538 3768 3454 4209
4 899 914 710 3998
4 2968 3116 2717 3472
4 2285 3198 2286 3812
4 3012 2689 3183 4193
4 2742 2810 2596 3685
4 2700 2944 2850 3388
4 2669 3042 2999 4005
4 1977 3204 3713 3763
4 2673 2775 4038 4228
4 938 3502 929 4229
4 288 289 273 3858
4 2502 3288 3799 3850
4 2233 3699 3054 4152
4 13 12 60 188
4 908 909 894 4122
4 2789 3298 2705 3376
4 2474 3577 2986 3876
4 2116 3413 3175 3780
4 2780 3913 3912 4148
4 2042 2221 2211 4243
4 2672 2837 2601 3726
4 2857 2700 3384 4248
4 2705 2977 2747 4134
4 1529 3692 685 4164
4 3161 3760 3436 3867
4 1041 3384 1040 4256
4 1530 3692 1529 4206
4 2601 3334 3041 3757
4 2759 3864 3325 3946
4 2128 2144 2145 3646
4 3239 3240 3844 3901
4 2398 2399 2407 3941
4 93 26 27 114
4 231 221 218 3963
4 189 124 47 118
4 3168 3313 2819 3326
4 1229 3226 1228 4094
4 776 3396 797 4297
4 2816 3698 3182 4160
4 322 347 346 3513
4 2827 3751 4164 4224
4 1902 3516 1903 4113
4 2652 3134 2910 3451
4 2737 2946 2630 2947
4 1338 3092 1339 3151
4 2551 3649 3650 3945
4 3010 2704 3255 3545
4 393 402 392 3969
4 2775 2850 4038 4228
4 2568 2778 2999 3292
4 523 522 512 4275
4 176 154 164 3174
4 699 418 700 4052
4 462 3997 2778 4293
4 2696 3331 3261 3401
4 2319 1278 1276 2787
4 313 316 300 3779
4 2629 2847 3303 3802
4 2938 2626 3880 4207
4 3751 3982 2890 4138
4 2405 2409 2397 3616
4 2507 3636 160 4247
4 2674 3047 3500 3761
4 2623 3083 2725 3694
4 2544 3732 4247 4260
4 807 3062 3626 4039
4 2918 3500 2830 3634
4 165 162 159 3976
4 3554 3650 3325 3809
4 3100 3580 3127 4258
4 2635 2888 2835 3414
4 590 589 560 3977
4 2704 3441 3255 4283
4 1594 1587 1586 4195
4 1860 1875 1881 3718
4 393 403 402 3969
4 3075 4158 4037 4221
4 467 461 3163 4270
4 1779 1786 1776 3426
4 338 3787 341 3839
4 1799 1811 1812 3679
4 2760 3615 2942 3963
4 1976 1998 1996 3763
4 2842 3445 3484 3969
4 1855 1835 3574 4084
4 2754 2999 3606 3607
4 3497 4009 3359 4069
4 2359 2346 3372 3517
4 1746 1741 3889 4182
4 2144 3406 2150 4240
4 1473 1464 1472 3258
4 3006 3007 4111 4112
4 2560 3926 3214 4233
4 2887 3062 2875 4267
4 2570 3047 2674 3892
4 2844 3268 3053 3647
4 2681 3162 3279 3931
4 3117 3118 2756 3748
4 2677 2547 3813 4132
4 2965 3241 2937 4001
4 1080 3376 3374 4065
4 2243 3749 2244 3777
4 177 30 29 83
4 17 129 18 59
4 56 178 14 13
4 2445 3451 2444 3571
4 3098 4008 3941 4214
4 3097 3610 3349 4078
4 2758 3043 2704 4270
4 89 33 32 137
4 3310 4037 3075 4158
4 2673 2886 2775 4228
4 2842 3445 3168 3484
4 2754 2933 2587 3607
4 3112 3794 866 3901
4 3286 2785 3869 4231
4 1398 3213 1403 3958
4 842 3698 3182 3731
4 2717 3116 2968 3742
4 2884 3118 2627 3356
4 2672 3059 3756 3905
4 1129 3688 1145 4058
4 206 207 3273 3543
4 3117 3395 3118 3748
4 3232 3243 2656 3718
4 3041 3756 2672 3757
4 2211 2221 3832 4243
4 2446 3577 2445 4131
4 2001 2033 2031 4128
4 2876 3358 3335 3424
4 1241 3054 2240 3929
4 456 504 4269 4270
4 2409 2400 3616 4159
4 3099 3908 3345 4063
4 346 321 322 3513
4 3546 3684 2993 4272
4 2685 3057 2829 3276
4 3667 3908 2807 3922
4 2802 3404 3091 3863
4 1280 1262 2988 4233
4 2704 3043 3010 4269
4 73 64 57 3174
4 3501 3800 2621 3801
4 2376 2375 3970 4262
4 3535 3616 2996 4022
4 3730 4121 3024 4259
4 2197 3416 3118 3795
4 1229 1204 3226 3932
4 2525 2598 2680 3993
4 3082 3441 2844 4146
4 3325 3946 3336 3947
4 2755 2942 2760 3790
4 1594 1595 1587 4195
4 182 181 3645 4161
4 1942 1931 1941 4163
4 2902 3071 2998 3098
4 834 3181 830 3598
4 2754 2587 4009 4292
4 2827 4164 3244 4224
4 2745 3018 3518 4084
4 2228 3248 2229 4094
4 3254 3495 3178 3978
4 2641 3234 3879 4100
4 2857 3127 2764 3431
4 1567 1569 1570 4036
4 829 3315 835 3868
4 3087 2941 3913 4148
4 38 92 163 3527
4 2727 3214 2913 4023
4 3331 3400 2799 3401
4 1397 3590 1524 3986
4 2910 3464 2447 3571
4 2611 4151 3729 4162
4 2529 3530 3185 4135
4 1808 3824 3446 3934
4 445 435 441 3461
4 3000 2841 3521 4213
4 2567 3741 2703 4154
4 64 73 72 3222
4 3357 4117 1555 4231
4 2730 4079 3072 4274
4 687 662 660 3859
4 2736 3739 2673 4234
4 409 2482 408 3371
4 1127 3540 3063 4116
4 2955 3213 2674 3287
4 2286 3198 2278 3812
4 1340 3151 3230 4244
4 1576 3962 3559 4279
4 3345 2641 3697 3848
4 1116 4065 1115 4202
4 3041 1937 3836 4098
4 1945 1958 1944 3756
4 2513 4053 3137 4154
4 462 3163 4270 4293
4 3452 3008 4227 4239
4 1861 1860 1868 3718
4 2766 2946 2737 3006
4 2399 4159 3941 4213
4 1812 1800 1799 3679
4 3500 3761 3047 4028
4 2871 3735 3708 4041
4 3156 3298 2789 3942
4 2698 3301 2848 3535
4 2427 2425 1828 3727
4 3521 3941 3000 4213
4 49 130 139 3950
4 516 3255 533 3545
4 2892 3518 3018 3824
4 3062 3553 2887 4105
4 2145 2129 2128 3646
4 2873 3480 3112 4207
4 1710 1701 3709 4192
4 3359 4009 2649 4069
4 2185 3429 2184 3953
4 2182 3356 2183 3852
4 1954 1940 3546 4163
4 1396 1386 3590 3705
4 3286 4117 3357 4231
4 3590 3676 1380 3875
4 1786 4000 1797 4001
4 1171 3686 3162 3942
4 1937 3041 3219 3756
4 3052 2812 3427 4066
4 3336 3947 2497 4076
4 3098 3917 3071 4214
4 3127 3580 3407 4258
4 2802 3091 2977 3863
4 2869 3640 3951 4059
4 1356 1343 3303 4093
4 3139 3860 3496 4141
4 3067 3590 3705 3986
4 1687 1685 1696 3874
4 3072 3330 2691 3471
4 1861 3412 3114 3574
4 1096 1097 1105 3627
4 1746 1745 1741 4182
4 1836 1837 3331 4237
4 2741 2816 2602 4263
4 2129 3646 2145 3736
4 945 927 926 3767
4 2921 3300 2848 3301
4 1702 1669 1668 3529
4 710 703 899 3998
4 1130 1146 1145 3688
4 1832 1852 1851 4047
4 3072 2730 3617 4079
4 2714 2683 2964 3628
4 538 521 517 3959
4 3063 2681 3178 3279
4 86 103 87 4150
4 689 1460 608 3522
4 3152 2756 3748 4278
4 2739 3241 2888 3482
4 3110 3168 2819 3326
4 3063 3627 1127 4116
4 1576 3559 1552 4279
4 3688 4058 1129 4071
4 596 590 595 3977
4 2593 3775 4057 4127
4 202 3595 203 3810
4 2992 1940 3021 4271
4 2614 3928 2774 4196
4 2758 3441 3297 3957
4 1101 3425 1100 4079
4 2764 3742 2954 4179
4 2923 3455 3231 4244
4 2066 2221 2042 4243
4 2631 3831 3076 3943
4 2933 3337 2649 4010
4 1890 1896 1894 3644
4 1963 3866 1038 4167
4 2128 2127 3646 4026
4 1216 1234 1232 4168
4 2780 4148 3912 4254
4 2552 2787 2576 2874
4 2583 3554 2755 3650
4 3067 3705 3327 4074
4 1378 1381 1375 3857
4 1577 1553 3559 4299
4 2900 3949 3586 3950
4 2988 3170 2680 3578
4 3465 4203 3073 4281
4 2662 2829 2562 3754
4 482 474 3837 3957
4 2230 3248 3448 4094
4 1093 3978 1094 4079
4 2640 2662 2591 3609
4 2669 2970 3619 4091
4 2861 3735 3295 4208
4 2811 3046 2751 3637
4 2628 2993 3234 3879
4 370 371 372 3703
4 1830 3666 3829 4047
4 2734 2992 3458 3854
4 10 11 116 69
4 67 8 115 9
4 2915 4020 3090 4101
4 2313 3448 2314 4048
4 2661 3379 2817 3939
4 458 3020 463 3997
4 332 3006 3815 4111
4 3708 3735 2535 4198
4 2736 3739 3651 4288
4 3413 3605 2908 3780
4 2775 3221 2886 3506
4 2643 3510 3321 3603
4 1619 3341 1620 4167
4 2552 2560 2828 4011
4 3192 3193 2636 3981
4 863 853 862 865
4 2848 2698 3535 3616
4 2786 822 3321 3738
4 134 136 140 3710
4 139 130 150 3950
4 1710 1701 1699 3709
4 1687 1696 1697 3874
4 2696 2599 3257 4220
4 3187 1801 3679 3804
4 91 97 82 3323
4 3814 3815 3006 4111
4 2612 3702 2771 4173
4 2177 3852 2178 4240
4 3085 4100 3234 4277
4 2846 3756 3041 3757
4 252 266 3146 3608
4 1339 2487 1338 3151
4 635 634 626 4003
4 3889 3940 2919 4182
4 1973 1992 1990 3952
4 341 338 311 3787
4 1379 3719 3676 3733
4 163 174 167 3040
4 218 2491 217 3273
4 3346 2812 3429 3953
4 3345 3908 2807 4063
4 158 3921 3583 4183
4 2397 3535 3616 4213
4 1635 3341 3291 3529
4 626 627 635 4003
4 557 3268 3788 3977
4 2949 3717 3477 3903
4 212 208 209 4264
4 1376 2925 3719 4175
4 660 686 687 3859
4 1546 4206 1530 4299
4 2141 3407 2140 4307
4 1922 4097 1909 4098
4 2736 2673 3739 4288
4 2840 2589 3393 4232
4 3284 3358 2876 3424
4 1501 3229 3271 3875
4 57 73 3174 3336
4 439 3292 447 3399
4 3063 3540 1127 3627
4 827 3598 3469 3996
4 2554 2700 3881 3918
4 1577 3559 4117 4299
4 1231 1208 1206 3932
4 2970 3730 3619 4091
4 2572 3879 3234 4100
4 2732 2942 2912 3790
4 1164 3157 1163 4089
4 356 340 355 3996
4 3128 4029 3005 4222
4 1824 3187 3679 3789
4 3109 3554 2583 3650
4 2622 3501 2979 3801
4 2869 3011 3640 3885
4 2501 3334 2991 3886
4 1387 3733 4174 4175
4 533 3545 3255 4283
4 1396 1397 1408 3705
4 2681 2789 3162 3870
4 1951 3684 3685 4272
4 3205 2921 3683 3970
4 217 226 219 3840
4 2634 2954 2908 3413
4 2416 2407 3446 4008
4 2711 3335 3656 4069
4 3050 3051 2920 3968
4 2416 3446 1796 4008
4 30 187 31 94
4 3294 3659 3589 3907
4 19 18 140 66
4 3363 3800 2963 3801
4 1789 1786 1779 3426
4 1908 3631 1910 4098
4 2595 4165 3454 4209
4 279 3120 3603 3939
4 2888 2608 3243 3412
4 2542 3604 3339 3856
4 1038 3866 3101 4167
4 3309 4061 3203 4216
4 191 55 142 54
4 3156 3686 1157 3942
4 317 3532 316 3779
4 2875 3148 2887 3883
4 3345 3922 3908 4100
4 2808 3173 3314 3434
4 1908 1910 1924 4098
4 3286 3357 2785 4231
4 2730 3072 3880 4274
4 457 449 452 3997
4 2830 3213 1738 3634
4 3085 3894 3035 3900
4 1048 3951 3444 3952
4 3487 3912 2914 4254
4 3316 3877 3037 3891
4 1793 1806 1804 3750
4 1191 1183 1192 3745
4 2956 3696 3480 4166
4 2499 3562 4050 4087
4 1423 1351 1352 3965
4 3814 3816 3123 3817
4 127 109 3177 4238
4 2285 2286 3198 3680
4 2844 3053 2704 3647
4 78 71 3283 4149
4 2445 3577 3571 4131
4 3116 4006 3661 4007
4 2704 2758 3255 3441
4 985 987 986 4045
4 1507 1496 1495 3707
4 2582 2955 2702 3835
4 1403 1404 1400 3958
4 2544 2582 2675 3061
4 263 3600 3347 3939
4 2670 2977 2911 3596
4 2662 2859 2800 3276
4 2994 3234 2543 4277
4 448 3043 438 3508
4 337 3663 2883 3787
4 2145 3736 3646 4240
4 2909 3079 2858 3940
4 2092 3117 3683 4278
4 2625 3537 3131 4255
4 2756 3117 3748 4278
4 788 789 787 4105
4 2072 3152 2054 4278
4 426 3119 440 3399
4 1162 1201 1203 4089
4 2365 2361 2360 4007
4 3156 3298 1158 3715
4 3074 3406 2172 4307
4 3761 3892 3047 4028
4 3072 4079 3617 4257
4 1937 3041 3756 4098
4 2920 3051 3049 3523
4 3026 3256 2598 4168
4 2934 3417 3225 4302
4 1062 1055 3617 4257
4 1937 2891 1933 3219
4 213 3191 212 3609
4 2727 3238 2913 3993
4 2555 2776 2777 3097
4 101 88 91 3385
4 1954 2490 1955 2985
4 2599 3494 4220 4290
4 484 3837 483 4034
4 1868 1860 1881 3718
4 3187 3727 1828 4155
4 190 15 70 14
4 2862 3585 3253 3677
4 2698 3535 3520 4262
4 3406 3646 2127 4026
4 3029 3114 2733 3727
4 1796 1795 1784 4008
4 2672 3756 3095 3905
4 1763 1762 1755 3917
4 2692 2751 3046 3186
4 2952 4043 3513 4253
4 268 253 262 3608
4 1139 3580 2126 4026
4 1554 1578 4117 4299
4 2465 2457 2435 3907
4 2972 3301 3175 4262
4 221 230 223 3963
4 2130 2146 2147 3736
4 2311 3725 3306 4152
4 2601 3726 2534 4290
4 1884 3414 3113 4289
4 111 110 109 4238
4 2725 2623 3082 3083
4 2623 2827 3694 4014
4 2738 3171 3105 3313
4 2634 2908 3175 3413
4 454 3629 455 4293
4 241 256 243 3902
4 379 391 380 4186
4 1094 3978 3254 4079
4 2150 2177 2178 4240
4 3739 3740 3237 4304
4 2517 3249 4010 4069
4 2880 3095 2837 3937
4 2968 3661 3472 3967
4 379 390 391 4186
4 2398 2390 2399 3941
4 1237 3349 1236 3350
4 3444 3951 1048 4059
4 1221 3350 3766 3929
4 708 702 709 3930
4 2504 4050 3318 4252
4 2925 2629 3802 4176
4 2628 3131 3234 3558
4 2814 3670 3459 3990
4 958 984 986 4045
4 2728 3221 2886 4228
4 942 4044 941 4045
4 2606 2856 3742 4095
4 1929 3219 2708 4163
4 2925 2629 3303 3802
4 2670 2911 2978 3596
4 358 356 825 3996
4 2302 3725 2301 3734
4 2543 3257 3345 3697
4 151 135 144 4211
4 1570 1568 1567 4036
4 2734 3414 3113 4230
4 2802 3404 3863 4032
4 194 192 189 3224
4 460 464 459 3700
4 1941 1931 3021 4163
4 2621 3501 2919 3800
4 1739 3213 2831 3634
4 2568 3119 2999 3771
4 87 102 85 3904
4 2307 2299 2306 3895
4 2061 2077 2078 3967
4 2715 2984 2978 3346
4 1502 3271 1511 3875
4 908 893 907 3844
4 2810 2994 2742 3831
4 1429 1428 3664 4249
4 3417 2878 4302 4306
4 2722 2630 3163 4034
4 524 4061 513 4216
4 2706 2984 3429 4240
4 683 3751 682 4224
4 2715 2978 2774 3749
4 468 473 472 3163
4 945 926 944 3767
4 3348 3349 2266 4078
4 513 4061 524 4275
4 926 909 925 4122
4 289 3779 3121 3858
4 348 359 347 4253
4 2789 3279 3162 3942
4 3089 3595 3543 4120
4 300 316 301 3779
4 2056 3152 2055 4278
4 1460 689 1533 3522
4 2947 3938 2568 4260
4 2410 2995 2417 4159
4 97 92 82 3527
4 1762 1754 1755 3917
4 1409 3705 1397 3986
4 2860 3229 3676 3875
4 3072 4079 3425 4274
4 2944 3101 2728 3390
4 2730 3254 4079 4274
4 3240 3767 3388 4044
4 1489 1453 1490 3974
4 3529 3709 1701 4192
4 1933 2891 1929 3219
4 180 183 182 3806
4 2642 2707 3041 3836
4 3392 3542 2834 3595
4 2078 2062 2061 3967
4 359 348 360 4253
4 3295 3735 2861 4041
4 2860 3271 3229 3875
4 3304 3835 2570 4016
4 2673 3161 2886 4288
4 2856 2717 3116 3576
4 2574 3041 3334 3757
4 2448 3464 3333 3571
4 1223 1240 1239 3929
4 3114 3412 1861 3718
4 1210 1219 4116 4268
4 195 189 186 3212
4 468 472 467 3163
4 104 25 81 26
4 3081 3469 3181 3598
4 244 234 243 4276
4 2628 2993 2810 2994
4 2254 3749 2253 3812
4 212 3191 213 4110
4 2934 2851 3499 3772
4 2745 3018 2892 3518
4 10 105 9 58
4 1316 4172 1315 4245
4 3198 3628 2683 4033
4 247 261 3347 3625
4 2756 3795 2953 4128
4 54 180 53 131
4 2535 4247 3938 4260
4 1333 2468 1332 3367
4 1960 1950 1953 3685
4 1953 1961 1960 3685
4 2728 3169 3221 3390
4 1922 3905 1923 4097
4 3159 3670 2814 3990
4 2756 3748 3118 3795
4 2774 2978 2715 4196
4 2056 2054 3152 4278
4 1904 3854 1898 4113
4 1880 1891 3644 4107
4 3280 3952 3005 4015
4 197 181 190 4161
4 138 35 90 34
4 1949 1946 1948 3400
4 2397 3535 2396 3616
4 173 3 74 147
4 75 1 172 125
4 0 76 196 122
4 100 198 6 149
4 2 77 146 197
4 5 123 101 171
4 124 4 99 195
4 174 148 98 7
4 2534 3784 3706 4171
4 96 92 97 3393
4 2240 1241 1232 3054
4 3191 3810 3542 4264
4 1230 1231 1206 3932
4 104 119 114 3851
4 1073 1072 1070 3773
4 3346 2812 3953 4051
4 2641 2980 3684 3697
4 1056 946 963 3770
4 2979 3801 3501 3897
4 1913 1898 1904 4230
4 4057 4266 2822 4298
4 2398 2389 2390 3941
4 822 3738 2786 3868
4 3464 3571 2910 3729
4 1183 1184 1192 3745
4 1659 3291 1633 3891
4 2909 3065 2652 3327
4 2399 2400 2408 4159
4 38 153 82 3527
4 2913 2804 3238 3845
4 180 182 181 3645
4 1784 1795 1782 4008
4 314 311 338 3787
4 3542 3810 3595 4264
4 2823 3610 3026 3929
4 1047 1032 1048 3951
4 2667 3411 3841 4012
4 2147 2131 2130 3736
4 1217 1250 1267 3744
4 2785 3357 3877 4231
4 1304 2484 1300 4121
4 2755 3650 3809 4120
4 2594 2714 2683 4118
4 2131 3736 2147 3777
4 2741 3081 2678 3532
4 3335 3454 4165 4209
4 2737 3938 2947 4260
4 2956 3731 3696 4166
4 3043 3508 448 4270
4 3099 2807 3908 4063
4 2867 3635 2979 4300
4 3112 2865 3794 3901
4 2224 2242 2243 3777
4 2399 2400 4159 4213
4 2715 3052 2812 3427
4 2427 3029 2425 3727
4 1188 1187 1179 3931
4 1383 2955 3687 3857
4 3709 4099 1710 4192
4 2608 2656 3243 3412
4 894 893 908 3844
4 2925 3303 2791 4093
4 3643 3649 3109 3650
4 1940 3546 3021 4271
4 1840 3482 1846 3789
4 486 485 477 3488
4 3719 3733 1385 4175
4 2137 3637 2138 3638
4 2640 2662 3609 4156
4 1501 3271 1502 3875
4 555 579 578 3919
4 2874 2964 2774 3343
4 3326 3738 831 3868
4 910 909 926 4122
4 2635 2835 3113 3414
4 2154 2132 2133 3713
4 3692 3859 3153 4206
4 2587 3771 2927 4005
4 165 117 42 43
4 96 89 92 3393
4 3049 3502 2939 3523
4 1721 1720 3924 4215
4 2319 2318 2337 3613
4 3081 3663 4186 4234
4 2570 3635 2979 4143
4 2909 4174 3733 4175
4 3101 2728 3390 3509
4 517 3545 536 3959
4 680 679 671 4085
4 2974 3135 3057 3972
4 486 488 485 3488
4 475 3163 474 3957
4 3100 3826 1020 4258
4 2511 3740 3739 4304
4 2891 3113 2708 4289
4 2835 2891 2708 4289
4 3101 3509 3390 4286
4 2730 3880 2578 4274
4 203 3595 3089 3810
4 1929 2891 2708 3219
4 2567 3570 2513 4154
4 2627 3118 3117 3395
4 3424 3656 3525 3971
4 2501 3886 2991 4150
4 1551 3962 1575 4279
4 1948 4271 3400 4272
4 2417 2995 2423 3934
4 2704 3545 3053 4283
4 2499 3512 3318 4252
4 2728 4228 2554 4248
4 2804 2913 2633 3157
4 803 819 818 3714
4 2640 2859 2662 4156
4 2945 4099 4192 4215
4 1209 4116 1185 4268
4 3947 4076 3336 4149
4 3209 3450 2590 4151
4 2211 4243 3832 4307
4 3178 2789 3495 3942
4 3058 3892 3761 4028
4 1066 3770 963 3944
4 1672 1665 1664 4024
4 2128 3646 2129 4026
4 201 204 209 3810
4 210 209 204 3810
4 2837 3490 3045 3644
4 79 61 69 4050
4 1891 3631 3644 4107
4 158 157 155 3583
4 1929 2708 2891 3113
4 3617 3978 1083 4079
4 3425 4071 1100 4079
4 2547 3533 4031 4082
4 182 183 184 3806
4 3276 3625 2800 3858
4 3059 3331 3401 3933
4 1070 3375 1074 3773
4 2989 3105 2738 3171
4 2990 2920 3051 3968
4 2335 2336 2317 3613
4 2129 3736 2130 4032
4 483 1342 1341 3837
4 507 519 513 4216
4 2658 2947 2737 3938
4 2850 3239 3240 3844
4 2680 3579 2525 3887
4 2698 3520 3175 4262
4 230 3963 242 4181
4 2499 3983 3408 4087
4 2883 3057 3787 3972
4 1936 1925 1937 4098
4 2807 3345 4063 4220
4 2730 3978 3617 4079
4 159 162 175 3976
4 2851 3772 2934 4302
4 2931 2718 3242 3341
4 1413 3143 1415 4146
4 1407 1408 3065 3705
4 3101 3384 2944 4248
4 321 342 312 4020
4 2525 2680 2598 3296
4 2808 3173 3434 3825
4 3132 2713 3719 4176
4 3136 3517 3372 3675
4 2761 3418 3220 3652
4 1527 4164 683 4224
4 578 554 555 3919
4 1935 1936 1944 3905
4 2751 2811 3637 3638
4 2563 2835 2708 3113
4 2931 2968 3472 4080
4 254 256 241 3902
4 2964 3198 2774 3343
4 3548 3821 2639 3849
4 2056 2072 2054 4278
4 2492 3861 3860 4211
4 2939 3523 3502 4229
4 1804 1816 1815 3556
4 2669 2970 3042 4005
4 2744 3828 4266 4298
4 245 3783 231 4291
4 1167 3845 1165 4305
4 1775 1776 1785 4001
4 1380 3676 1372 3875
4 345 3996 358 4140
4 1288 3355 1285 3584
4 1899 3113 1916 4289
4 205 3089 2942 3963
4 1742 3065 2792 3889
4 3243 3414 1873 4289
4 208 3048 2491 3273
4 189 192 186 3224
4 3038 3750 3518 3824
4 2965 3679 3576 3804
4 3159 2712 4165 4193
4 1380 1388 3590 3875
4 2272 3427 3346 4051
4 412 413 2482 3678
4 3156 3715 1160 4089
4 942 924 923 4044
4 2214 2212 2211 3832
4 2225 2224 2243 3777
4 340 3532 355 3996
4 1535 4158 3662 4221
4 2736 3436 3352 3663
4 69 61 60 4087
4 2795 3422 3149 3664
4 1382 3061 3290 3857
4 3192 4053 3570 4154
4 1673 1665 1672 4024
4 1952 3805 1947 3933
4 2795 3664 3149 3707
4 2730 3034 2939 3617
4 2771 2681 3063 4173
4 1702 1668 1701 3529
4 2641 3401 2980 3697
4 3067 3590 3327 3705
4 135 150 143 3861
4 2720 3026 2948 3256
4 1054 1056 3769 3770
4 1208 1253 3233 4048
4 2606 2856 2717 3742
4 2798 3374 3091 3404
4 1615 1616 808 4039
4 2432 2435 2457 3907
4 2576 2964 2714 4118
4 923 941 942 4044
4 808 1616 809 4039
4 1677 1682 1678 3882
4 161 156 49 3950
4 3375 3555 1110 4202
4 1996 1975 1976 3763
4 3381 3986 3067 4298
4 2440 3024 3025 3451
4 3464 3729 2910 3994
4 1547 4206 1546 4299
4 947 1053 1055 4229
4 829 830 835 3315
4 2185 2191 2186 3953
4 128 34 80 33
4 2429 2451 1422 3965
4 2855 3559 4279 4299
4 2358 3372 2355 4033
4 2592 2758 2845 3927
4 3523 3769 2920 3770
4 2968 3967 3472 4080
4 3108 3141 2739 4064
4 1404 3958 1403 3991
4 3425 4079 3254 4274
4 1258 4023 1245 4114
4 1965 3431 1966 4256
4 3501 3635 2675 4300
4 2705 2789 3156 3298
4 2768 3333 3464 3571
4 2764 3431 3127 3449
4 194 192 3224 3579
4 1333 1327 2469 3989
4 3356 3953 2884 3955
4 486 1346 491 1347
4 2636 3809 2767 3981
4 3379 294 3600 4025
4 707 701 708 3819
4 3205 3970 2121 4157
4 1917 3498 1900 4289
4 2727 2598 3238 3993
4 2679 3379 2661 3600
4 2212 3074 2174 4307
4 2575 2763 3591 4179
4 1902 1909 1919 4097
4 3051 3523 2920 3770
4 2771 2811 3063 3540
4 1264 1269 1265 3778
4 2879 3472 2717 4006
4 1520 3590 1388 3875
4 2419 3804 2418 4155
4 2875 3062 2716 4267
4 1829 1832 1851 4047
4 2516 4247 3636 4300
4 829 830 3315 3469
4 2728 2554 3883 4248
4 2678 3276 3121 3858
4 2466 2470 2471 3876
4 1278 2787 2319 2988
4 2601 3757 2672 4290
4 1761 1759 1760 4083
4 3076 3831 2505 3943
4 439 426 440 3399
4 2983 3816 3814 3817
4 2192 2186 2191 3953
4 2074 2092 2073 4278
4 502 453 495 4201
4 3017 3797 3055 4085
4 2610 4199 2986 4200
4 3237 3701 2546 4304
4 1959 2846 1958 3756
4 2968 3430 2764 3432
4 2681 2823 2579 2916
4 1867 1880 3490 4107
4 1925 3836 1937 4098
4 1954 3546 1940 4271
4 83 3961 86 4150
4 2715 2812 3346 3427
4 2700 2850 3050 3388
4 3178 3495 3254 3627
4 65 59 71 3283
4 2927 4121 2970 4259
4 1162 1203 1164 4089
4 2563 2810 2708 2985
4 2505 2991 3334 3886
4 1398 1399 3213 3287
4 2693 3376 3374 3495
4 1414 1413 600 4146
4 303 4101 298 4306
4 2948 3026 3610 3929
4 455 3292 457 3997
4 341 357 353 3839
4 1073 1070 1074 3773
4 681 3716 589 4224
4 3390 4044 2944 4045
4 2859 3347 3120 3625
4 2630 2722 3163 3837
4 1776 1786 1785 4001
4 2662 3276 2829 4276
4 2759 3109 3649 3945
4 1554 1579 1555 4117
4 2774 3052 3749 3812
4 2533 2563 2635 2835
4 964 760 735 3755
4 2374 3970 3300 4157
4 155 158 3583 4183
4 1682 1683 1678 3882
4 2306 2299 2298 3895
4 213 226 212 4110
4 653 655 614 4138
4 507 509 519 4216
4 2563 2596 2810 2985
4 3291 3529 2931 3709
4 2617 2970 2928 4259
4 87 85 86 4150
4 3248 3343 2230 3448
4 1345 1355 1354 4093
4 1274 1275 1257 4049
4 2652 2910 2815 3451
4 2718 3148 2875 3883
4 2532 3729 4151 4162
4 2977 3596 2802 3863
4 249 4090 3225 4291
4 2941 3912 3913 4148
4 116 122 112 4194
4 2191 3953 2190 3955
4 910 926 3767 4122
4 409 408 399 3867
4 2560 2988 2680 3578
4 1345 3837 484 4191
4 2517 3971 3656 4069
4 3136 3725 2358 4152
4 2635 3167 3813 4064
4 3767 4044 3240 4122
4 2944 4044 3388 4045
4 3111 3313 2882 3674
4 2551 3809 3650 4120
4 2675 2831 2919 3940
4 3000 4159 3616 4213
4 2924 3894 2782 4277
4 1229 1230 3932 4094
4 2876 3424 3335 3656
4 2407 3934 3446 4159
4 2829 3902 2760 3963
4 2812 4051 3427 4066
4 213 227 226 4110
4 642 641 633 4017
4 2469 3367 1333 3989
4 3291 3341 2931 3529
4 2440 3024 2439 4121
4 279 3120 3322 3603
4 2692 2751 2612 3046
4 408 2482 418 3371
4 2879 2717 3116 4006
4 1266 1281 1282 3778
4 175 160 159 3636
4 1557 1558 1458 4130
4 2772 2801 3127 3580
4 1219 1220 3350 4268
4 1042 4256 1967 4258
4 1849 1861 1869 3574
4 3043 3747 3010 4269
4 2700 3050 2990 3388
4 3065 3327 3705 4074
4 1817 1816 1806 3750
4 2630 2947 2946 3629
4 3025 3456 1303 3994
4 671 672 680 4085
4 3280 3763 3444 3952
4 852 3182 842 3698
4 1376 3719 1385 4175
4 304 303 292 3772
4 1804 1806 1816 3750
4 2912 3273 3048 3543
4 3566 4008 2998 4284
4 1952 1951 3684 3685
4 2827 3244 3083 4224
4 2620 3972 2883 4234
4 719 715 714 3842
4 2956 2686 3794 4166
4 2711 2923 2806 3231
4 3162 3686 1171 3931
4 1054 3769 3523 3770
4 1109 1069 1108 3555
4 2177 2176 2182 3852
4 1797 3241 3679 4001
4 2532 3398 2910 3729
4 1945 1932 1942 3219
4 1042 1043 3826 4258
4 2427 1827 3574 3727
4 2191 2192 3953 3955
4 2092 2093 2084 2083
4 3081 4186 3019 4234
4 1284 3355 1282 3584
4 1207 1166 1205 4305
4 1990 1972 1973 3952
4 1898 3854 1883 4113
4 468 4034 3163 4293
4 2563 2642 2596 2708
4 85 3904 3368 4150
4 2360 2110 1731 4006
4 2720 3129 2948 4139
4 1942 1941 1956 4163
4 2802 2978 3736 3777
4 2952 3379 2679 3499
4 2606 2677 3813 4132
4 1806 1793 1795 3750
4 2672 3060 2599 3757
4 2918 3500 2621 3724
4 1740 1743 1403 3991
4 2476 2986 2474 3577
4 2397 2400 2387 4213
4 61 4050 3562 4087
4 2329 2325 3517 3584
4 2129 1142 4026 4032
4 63 3193 73 4149
4 2883 3663 3532 4234
4 2713 2909 3719 4176
4 2587 2933 2754 4009
4 2910 3571 2710 3729
4 1179 1180 1188 3931
4 39 92 163 38
4 2831 2674 3213 3287
4 241 242 3902 4181
4 2661 2679 3600 3608
4 2130 3736 2131 4032
4 382 376 381 4126
4 3400 3401 3331 3933
4 925 943 944 3767
4 2791 3687 1363 3923
4 2324 2327 3517 3584
4 2715 2774 3052 3749
4 2965 3187 3679 3804
4 2601 2837 2672 3095
4 2526 3635 3835 4143
4 2802 3596 2978 3777
4 2491 3048 217 3273
4 2725 3716 3083 3977
4 169 154 176 3366
4 3938 4247 3732 4260
4 303 291 292 3772
4 106 110 117 4109
4 2538 3454 3335 4209
4 1913 1914 3021 4230
4 2993 3879 2992 4271
4 1176 3238 1246 3745
4 1518 1515 1517 4092
4 94 86 83 3961
4 2700 3050 2850 3968
4 1795 1807 1806 3750
4 2334 2335 2964 3628
4 3038 2892 3518 3556
4 3590 3986 3067 4153
4 3192 3570 3193 3981
4 2848 3300 3000 4213
4 3258 3664 3142 3707
4 470 469 466 3888
4 3100 3826 2990 3944
4 2949 2497 3947 4076
4 2584 2945 3999 4075
4 3081 3532 3663 4234
4 1856 1872 3414 3906
4 3204 3688 2981 4058
4 1085 1094 1093 3978
4 2815 3024 3025 4259
4 2622 3398 2919 3800
4 1507 1495 1506 3707
4 2415 2413 2414 3389
4 2389 2398 1772 3941
4 1862 1877 1876 3633
4 2212 3832 3074 4307
4 4008 4214 2998 4284
4 2927 2970 2669 4005
4 2848 3301 3300 3535
4 235 240 233 3305
4 3408 3983 2997 4087
4 3837 3927 3297 3957
4 1817 1806 1807 3750
4 3142 3143 3082 4249
4 3163 3837 474 3957
4 928 938 937 3502
4 296 3603 308 3939
4 2519 3210 3443 4171
4 2284 3680 3812 4066
4 3560 3561 2807 3667
4 422 2482 413 3678
4 3169 3390 2728 3509
4 3074 2706 3832 3852
4 651 610 649 3982
4 2656 3718 3036 4107
4 2729 2897 3065 4074
4 462 468 3163 4293
4 2442 2446 2474 3577
4 442 3119 2999 3292
4 2705 3298 3091 3376
4 2795 3142 3664 3707
4 2704 3255 3545 4283
4 2182 2183 2177 3852
4 2681 2578 4135 4173
4 837 836 3315 3731
4 2649 2950 2933 4009
4 3560 3667 2807 3922
4 3148 3291 3037 4039
4 3178 3495 2789 3833
4 3662 4158 3075 4221
4 2768 3284 2611 3424
4 3374 2693 3495 3773
4 2806 3231 2923 3455
4 2794 2883 3787 3972
4 2144 2145 3646 4240
4 2516 2550 2684 3732
4 128 145 137 3910
4 1396 3590 1397 3705
4 1511 3875 3271 4153
4 1927 1938 1926 3021
4 2747 3157 2913 3233
4 2744 4266 4057 4298
4 1950 3685 3546 4272
4 3081 3181 2816 3598
4 1847 1843 1842 3789
4 2925 3061 2629 3079
4 2492 3462 3377 3514
4 832 828 829 3868
4 594 3788 2844 3977
4 2599 2696 3257 3697
4 2592 2630 2758 3927
4 2827 3083 3751 4224
4 3346 3427 2812 4051
4 2627 3117 2972 3144
4 146 140 136 3710
4 1489 1451 1453 3974
4 2314 3365 1273 4048
4 106 109 110 4109
4 2409 3616 2410 4159
4 2397 3616 2400 4213
4 3469 3598 3081 3996
4 3081 3663 3532 3996
4 2805 3713 2953 3795
4 432 3606 3119 3607
4 2118 2371 1755 3917
4 2993 3021 2810 3546
4 2547 3167 3569 3813
4 2722 3303 2847 4191
4 2658 3534 2568 3938
4 3005 4015 3952 4029
4 71 78 63 4149
4 2828 3214 3926 4049
4 126 113 110 2495
4 141 167 50 51
4 3607 3817 2933 4111
4 2702 3258 2955 3687
4 2816 3182 3181 4169
4 1906 3836 3631 4107
4 2497 3945 3477 3947
4 1412 4108 1525 4224
4 2226 3749 3596 3777
4 22 23 68 166
4 1600 1601 1593 4210
4 3021 3113 1928 4230
4 995 1066 994 3944
4 1510 1501 1502 3875
4 1593 1592 1600 4210
4 3635 3636 2507 4300
4 1805 1802 1803 4144
4 1797 4000 3241 4001
4 1409 3319 3705 3986
4 2815 3025 3024 3451
4 3436 3663 2736 4234
4 1859 3243 3412 3789
4 222 232 4156 4181
4 2792 3724 2918 3889
4 1150 3637 3540 4062
4 2374 4157 3300 4213
4 2988 3926 2560 4233
4 2739 3141 3108 3906
4 3322 3532 3121 3779
4 2825 3349 2777 3638
4 2807 3667 3561 3908
4 237 249 245 4291
4 2811 3350 3063 4116
4 2293 3725 3680 3734
4 1414 600 3297 4146
4 87 95 102 3076
4 2398 2407 1784 3941
4 1117 1115 1116 4065
4 2608 3114 2656 3412
4 2829 4181 4156 4276
4 2856 3116 2717 3742
4 454 4270 3629 4293
4 2505 3334 2991 3943
4 3065 3327 2909 3733
4 73 3193 63 3222
4 1627 1654 1652 3884
4 1784 1772 2398 3941
4 3471 3885 2981 4071
4 3048 217 3840 4264
4 3280 3444 2821 3952
4 2776 3097 2932 3734
4 2598 3744 3238 3745
4 245 255 242 3783
4 1772 4008 1773 4214
4 473 478 484 4034
4 3101 3384 2857 3866
4 1838 3400 1949 4271
4 2807 3922 3345 4220
4 2733 3804 3389 4155
4 2439 2444 2441 3451
4 3617 4229 3072 4257
4 2730 3254 3978 4079
4 2778 2999 3292 3997
4 2837 3095 2601 3631
4 2944 3384 3101 4286
4 1834 3518 3824 4084
4 2909 4175 3719 4176
4 2429 2431 2432 3589
4 3034 3495 2693 3773
4 3234 4100 2543 4277
4 1807 1808 1818 3824
4 598 597 3297 3957
4 2696 3697 3401 3848
4 2574 2656 2642 4217
4 985 4045 984 4286
4 257 243 256 4276
4 2649 3816 3479 3980
4 3062 3148 2875 4039
4 244 243 257 4276
4 1922 1924 1935 4098
4 68 71 73 3336
4 2275 3749 3427 3812
4 2408 2410 2417 4159
4 2248 3343 3248 3812
4 1818 1808 1819 3824
4 1286 2326 2324 3584
4 1952 3685 3684 3933
4 3405 3483 1425 4108
4 2332 3365 3343 3613
4 648 647 639 4242
4 2679 3196 3146 3608
4 1228 2228 2229 4094
4 2229 1229 1228 4094
4 2763 3074 4243 4307
4 2572 3261 3848 3922
4 2681 3279 2823 3931
4 333 3817 3607 4111
4 2707 3490 2601 3631
4 1502 1511 1510 3875
4 2909 3079 4174 4175
4 448 4269 3043 4270
4 592 1413 1415 4146
4 1166 1207 1168 4305
4 2534 3334 2601 4290
4 2972 3970 3301 4262
4 944 926 925 3767
4 2823 3063 4116 4268
4 3404 3555 2798 4202
4 835 3315 2929 3868
4 2387 2400 2391 4213
4 192 199 177 3211
4 2733 3114 2608 3412
4 1869 1855 1849 3574
4 2422 2416 2417 3934
4 2848 3616 3300 4213
4 184 183 199 3806
4 1561 1563 1564 4158
4 2979 3501 2622 4300
4 1887 1886 3232 3243
4 2239 3610 2238 3929
4 1528 684 683 4164
4 683 1527 1528 4164
4 2656 3114 3036 3718
4 1330 1329 1334 1335
4 2848 3000 3616 4213
4 3430 3431 2764 3432
4 536 3959 3545 4283
4 2517 3656 3249 4069
4 2696 3345 3257 3697
4 3611 3711 2895 4241
4 3325 3650 2759 3945
4 3401 3697 2641 3848
4 2755 3790 3650 4120
4 2812 3954 2884 3955
4 1902 1919 3516 4097
4 851 861 852 4160
4 519 524 507 513
4 518 509 510 3807
4 2200 2191 2190 3955
4 2200 2201 2191 3955
4 2948 3129 2776 4139
4 456 514 504 4270
4 2507 3635 4198 4208
4 2427 3574 3029 3727
4 2956 3480 2686 4166
4 1959 3756 3219 3896
4 1163 3157 1165 3845
4 2237 3349 2236 3610
4 3089 3754 2829 3963
4 2759 3650 3109 3945
4 59 78 71 3283
4 2741 2678 3081 4263
4 1854 1835 1855 4084
4 3005 3601 3004 4029
4 1458 1558 1459 4130
4 3505 3633 2818 4124
4 2848 2996 2698 3616
4 485 4034 488 4191
4 3400 3805 3401 3933
4 745 781 783 4241
4 1611 1612 1604 4136
4 222 221 223 3754
4 2696 3345 3697 3848
4 1854 3518 1834 4084
4 1141 4026 3404 4202
4 3173 3918 3881 4046
4 2682 3302 3201 3348
4 3832 3852 3356 3865
4 433 443 444 434
4 2918 3800 2919 4182
4 3004 3005 2762 3601
4 2708 2810 3021 4163
4 4061 4216 3309 4275
4 1174 1173 3686 3925
4 3181 3469 830 3598
4 157 164 3846 3921
4 1227 3596 2227 4094
4 358 345 356 3996
4 3081 3532 2741 3996
4 2728 3883 3101 4248
4 182 184 200 3806
4 284 3600 278 4025
4 2118 1755 1737 3917
4 295 3379 3600 3939
4 2576 2647 3170 3578
4 3019 3081 2816 3598
4 1128 1218 1136 4116
4 1175 3745 1183 3925
4 2696 3401 3261 3848
4 2091 2072 2073 4278
4 2630 2847 2722 4260
4 1395 1401 1392 3290
4 3300 3535 2386 4213
4 1148 3186 3046 3637
4 2661 3600 3347 3608
4 2993 3546 2810 3684
4 2714 2964 2683 4118
4 2777 2811 3349 3350
4 2553 4054 3992 4180
4 1837 1949 1838 3400
4 2581 3988 3987 4028
4 2628 2993 2994 3234
4 2956 2929 3696 3731
4 2857 3127 3431 4256
4 1581 1470 1478 4137
4 3142 2796 3483 4249
4 2683 3052 3198 3680
4 986 959 958 4045
4 1954 1949 3546 4271
4 2886 3221 2775 4228
4 3046 3425 2981 3688
4 2579 2823 2720 2916
4 2860 3676 3590 3875
4 1770 1762 1763 4214
4 1935 1924 1936 4098
4 2715 2774 2614 3052
4 2855 4117 3559 4299
4 2634 2954 3742 4179
4 1962 813 1620 4167
4 2758 3927 3837 3957
4 2945 4099 3709 4192
4 3302 2884 3954 3955
4 2476 3577 2446 4131
4 813 1962 1037 4167
4 971 1055 1062 4257
4 2092 2091 2073 4278
4 1383 3287 2955 3857
4 3686 3925 1172 3931
4 1949 4271 1948 4272
4 1317 1311 1318 3639
4 2670 2802 2978 4196
4 1547 4117 4206 4299
4 3201 2289 3954 4051
4 2684 3025 2910 3994
4 2948 3610 3097 4078
4 57 68 73 3336
4 3119 3292 440 3399
4 269 268 3608 4025
4 488 4034 3488 4191
4 2745 3518 3036 4084
4 1180 3925 1181 3931
4 3019 3506 3161 4186
4 2745 3036 3018 4084
4 1238 1237 3350 3610
4 524 519 4061 4216
4 182 190 181 4161
4 43 123 5 171
4 125 1 172 40
4 3 74 147 16
4 76 196 12 0
4 4 99 195 28
4 482 3837 597 3957
4 2261 3349 3348 3638
4 2953 3763 3280 4128
4 1273 1255 1253 4048
4 1341 1419 3837 3923
4 851 852 3698 4160
4 1552 4279 3559 4299
4 2418 3804 3187 4155
4 3338 4073 4010 4177
4 1589 1581 1478 4137
4 3222 3325 2636 3981
4 861 851 860 4160
4 2636 3809 3325 3947
4 1341 482 483 3837
4 2381 2366 2365 4007
4 2828 3448 2911 3932
4 1419 1420 3297 3923
4 1085 1086 1094 3978
4 1395 1402 1401 3290
4 472 3163 475 3957
4 1210 4116 1209 4268
4 2710 3571 3134 3577
4 3306 3725 2310 3734
4 2537 2994 2810 3831
4 3590 3705 1386 3733
4 1745 1739 1741 4182
4 2828 2747 3233 3932
4 2740 3548 2639 3765
4 2621 2918 3724 3800
4 2977 2747 3226 3715
4 3146 3196 2833 3840
4 3080 3854 3853 4113
4 3060 3756 3059 4013
4 2751 2811 2612 3046
4 461 514 456 4270
4 2696 3345 3922 4220
4 3404 4065 1116 4202
4 2467 2472 2468 4088
4 105 127 115 3593
4 1554 1578 1579 4117
4 2680 3170 2988 3296
4 156 49 130 50
4 57 154 21 22
4 1206 3932 1208 4305
4 81 102 95 3453
4 1140 2128 1141 4026
4 2214 2215 2212 3832
4 2128 1140 2127 4026
4 3685 3933 1953 4013
4 591 3441 592 4146
4 153 37 38 82
4 2533 2563 2537 2635
4 2887 2875 3883 4267
4 422 3678 413 4246
4 2130 1143 1142 4032
4 1142 2129 2130 4032
4 2786 3469 824 3868
4 478 3488 485 4034
4 2758 3297 3927 3957
4 616 614 655 4138
4 132 139 133 3949
4 2439 2440 2443 3451
4 2812 2884 3953 3955
4 1227 3596 3226 3715
4 251 249 250 4090
4 1115 4065 3374 4202
4 2810 3684 3546 3685
4 1864 1862 1863 4205
4 1924 1925 1936 4098
4 2308 3734 2300 3895
4 3534 3732 2684 3771
4 633 634 642 4017
4 1167 4114 3845 4305
4 1422 1423 1352 3965
4 1736 1737 1754 3917
4 3169 3509 2887 3602
4 2267 2269 2270 4078
4 1836 3331 4236 4237
4 2476 2986 3577 4131
4 2320 2340 2323 2341
4 2857 3384 3826 4256
4 2297 3895 3201 3954
4 1017 3826 3384 4256
4 170 169 160 4247
4 85 83 86 4150
4 2357 2339 3628 3675
4 2888 3482 3241 3679
4 610 651 612 3982
4 2796 3245 3483 4108
4 3480 3696 854 4166
4 1382 3287 1381 3857
4 2708 3896 2985 4163
4 1232 2233 2240 3054
4 2810 3546 3021 4163
4 1054 1056 1057 3769
4 2282 3427 2281 4051
4 135 3861 145 4211
4 3241 3482 1809 3679
4 475 597 571 3957
4 2682 2825 3302 3348
4 2698 3175 3301 4262
4 217 3273 3048 3615
4 3404 4032 1142 4065
4 1881 3718 1893 4107
4 2202 3954 2192 3955
4 930 946 947 3523
4 1250 3744 1184 3745
4 190 182 200 4161
4 152 144 145 4211
4 1510 1520 1388 3875
4 1267 1251 1268 3744
4 2596 2810 2742 3831
4 2807 4063 3494 4220
4 3226 3596 1227 4094
4 1958 2846 1957 3756
4 1668 1669 1661 3529
4 121 120 112 4194
4 1822 3679 3482 3789
4 2758 3297 2845 3927
4 7 98 174 39
4 470 476 469 3888
4 1561 1564 1562 4158
4 2698 3301 3535 4262
4 230 221 231 3963
4 2239 3699 3610 3929
4 764 756 765 4301
4 3024 3451 2439 3659
4 3325 3945 2759 3946
4 3532 3663 2883 3779
4 846 845 3731 4166
4 2162 3361 3186 3637
4 2680 3578 2647 3579
4 1246 3238 1176 3845
4 2480 2454 1457 4115
4 995 1067 1066 3944
4 1914 1927 1930 1918
4 2395 3520 2383 3737
4 2186 3953 2192 4051
4 2462 1328 2464 3989
4 211 3089 221 3754
4 3444 3763 3204 4059
4 3347 3600 262 3608
4 1952 1946 1953 3933
4 2775 3506 3019 4160
4 2731 3790 2912 4120
4 3231 3455 2806 3456
4 1092 1093 1101 4079
4 2908 3413 2954 3605
4 2173 4243 2211 4307
4 3132 3160 2713 4176
4 72 73 63 3222
4 3024 2815 3451 3659
4 1901 3232 1886 4289
4 2284 2292 3680 4066
4 3756 3905 1936 4098
4 1547 4117 3357 4206
4 2192 2202 2288 3954
4 2290 4051 3201 4066
4 2296 2288 2202 3954
4 3905 4097 2880 4236
4 38 82 92 3527
4 3384 3866 3101 4286
4 1721 3924 1726 4215
4 3570 4053 2513 4154
4 3431 3866 3384 4256
4 3065 2652 3327 4074
4 343 2741 3996 4140
4 2507 3636 4247 4300
4 1772 1784 1782 4008
4 2214 3832 3395 3865
4 1885 1901 1886 4289
4 2227 3596 3248 4094
4 3142 3664 1428 4249
4 1172 3686 1173 3925
4 23 3 74 173
4 4 124 47 195
4 148 174 51 7
4 1263 2988 1262 4233
4 1419 3297 597 3837
4 3254 3540 2771 3627
4 1028 1099 1121 4071
4 1415 591 592 4146
4 3037 3626 2875 4039
4 1218 1128 1209 4116
4 368 3598 3081 4186
4 482 597 475 3957
4 1028 1012 1099 4071
4 757 765 756 4301
4 1883 3854 1898 4230
4 1892 1880 1881 4107
4 2916 3238 2804 3845
4 2568 2847 2630 4260
4 632 621 623 4280
4 3120 3347 2661 3939
4 3018 3824 3518 4084
4 2918 3889 3800 4182
4 2365 2360 4006 4007
4 3101 3390 2944 4286
4 2720 2654 3129 4139
4 1116 1118 1117 4065
4 2846 3060 3756 3757
4 2374 2373 2121 4157
4 3345 3257 4063 4220
4 1854 1834 1835 4084
4 2428 2427 1835 3574
4 2092 3683 2091 4278
4 1345 1354 1342 4093
4 589 3716 561 3977
4 3021 3546 1940 4163
4 1310 2449 1309 3333
4 2630 2947 2568 4260
4 2449 2446 2445 4131
4 144 135 145 4211
4 907 3844 893 4185
4 3571 4131 3577 4200
4 1055 4229 3617 4257
4 1946 4013 3933 4237
4 127 111 109 4238
4 3529 4080 2931 4192
4 2120 2121 2373 4157
4 632 631 621 4280
4 2469 1327 2462 3989
4 198 55 6 149
4 224 3754 223 4181
4 1168 1207 4114 4305
4 3292 3629 2947 4293
4 1380 1510 1388 3875
4 1234 3054 1232 4168
4 2647 2680 3170 3578
4 2819 3110 3326 3738
4 3885 4058 1035 4059
4 2948 3097 3699 4078
4 1923 1919 1922 4097
4 2649 2950 3479 3816
4 701 707 700 3819
4 222 211 221 3754
4 3193 3570 2530 3981
4 3356 3832 2706 3852
4 866 3794 3112 4166
4 3054 3306 3129 4152
4 160 168 170 4247
4 2956 3315 2929 3731
4 1804 3556 3438 3750
4 2776 3129 2594 4139
4 3053 3959 3788 4283
4 2507 4198 3735 4208
4 639 640 648 4242
4 692 1536 1535 4221
4 1164 4089 1203 4305
4 2811 3540 3046 3637
4 2283 2282 2290 4066
4 1892 1893 3232 4107
4 1535 691 692 4221
4 3037 3877 3626 4039
4 2335 2336 3613 3628
4 835 830 834 3315
4 52 2 146 197
4 865 3112 3480 4166
4 1949 1837 1946 3400
4 35 100 6 149
4 146 19 77 2
4 31 198 6 100
4 101 24 123 5
4 118 189 46 47
4 95 3076 97 3323
4 2677 2937 2965 3241
4 2335 2332 2964 3613
4 2916 2823 3766 3931
4 1855 1827 1849 3574
4 1923 4097 3905 4236
4 2996 3616 2995 4022
4 2672 3726 2601 4290
4 2828 2911 2747 3932
4 1223 3766 1214 3929
4 2447 3464 2910 3994
4 2375 2122 2123 3970
4 1049 1033 1034 4059
4 333 3607 432 4112
4 2756 3683 3117 4278
4 1949 1950 3546 4272
4 2627 3117 3144 3395
4 2358 3372 3136 4152
4 2290 2291 2283 4066
4 2678 3532 3081 4234
4 2544 2622 2675 4300
4 2933 2649 4009 4010
4 3298 3863 3091 4065
4 2672 3041 3095 3756
4 241 230 242 4181
4 3121 3322 2741 3532
4 1961 3685 1953 4013
4 1408 3319 3065 3705
4 473 474 3163 4034
4 3345 2807 3908 3922
4 2857 3384 3101 4248
4 2309 3699 3306 3734
4 3014 3859 3692 4197
4 2073 2072 2056 4278
4 2728 3101 2944 4248
4 262 268 246 253
4 2758 2630 3837 3927
4 1611 1604 1603 4136
4 892 907 893 4185
4 2758 3629 3043 4270
4 3083 3977 3716 4108
4 2755 3089 2942 3790
4 1887 1875 3243 3718
4 2754 2950 3606 3818
4 101 5 171 36
4 601 573 602 4245
4 2924 2782 4142 4277
4 2705 3298 3156 3715
4 2214 2215 3832 3865
4 907 892 906 4185
4 3201 3895 2290 4066
4 2336 2337 2318 3613
4 3346 2978 3749 3777
4 1233 3929 1214 4168
4 2335 2332 2317 2315
4 2227 3248 3596 3749
4 2511 3250 3130 4304
4 521 3807 517 3959
4 0 196 44 122
4 1925 1920 1937 3836
4 3361 3637 2164 3638
4 3005 3952 3601 4029
4 2944 4045 3384 4286
4 1 172 20 75
4 122 0 76 11
4 1 75 8 125
4 173 48 3 147
4 197 2 77 15
4 3146 3608 266 4025
4 2622 2919 3501 3800
4 27 124 4 99
4 1652 1626 1627 3884
4 2339 2338 2354 3628
4 926 925 3767 4122
4 2611 2590 4151 4162
4 1573 1581 1574 4296
4 3083 3405 3977 4108
4 2703 3741 2556 4154
4 1858 3482 3414 3789
4 3560 3922 2807 4220
4 1051 1035 1036 4058
4 157 158 164 3921
4 1270 1217 3744 4168
4 3181 3315 830 3469
4 804 796 805 4297
4 788 778 789 4105
4 2772 3127 3100 3580
4 3182 3698 3181 3731
4 2708 2985 2810 4163
4 2696 3059 3331 3401
4 135 143 145 3861
4 1175 1174 3845 3925
4 139 132 147 3949
4 1960 3546 1950 3685
4 2829 2974 2760 3902
4 2912 2732 3048 3273
4 2990 3051 3050 3968
4 1934 1923 3905 4236
4 3716 3751 3083 4224
4 2703 2834 2833 3196
4 3059 4013 3756 4237
4 1538 1567 1565 4037
4 2437 2433 2436 3659
4 3091 3404 3374 4065
4 3050 3388 3240 3767
4 513 524 523 4275
4 2681 3063 2823 3279
4 2642 2707 2574 3041
4 291 303 298 4306
4 1719 1710 1717 4192
4 1547 1530 1546 4206
4 2383 2485 2384 3520
4 2601 2672 3041 3095
4 2856 2965 3576 3804
4 2848 3616 3000 4159
4 721 719 714 3842
4 1253 1272 1273 4048
4 455 3292 3997 4293
4 2944 3388 3384 4045
4 3119 3607 3007 4112
4 98 148 32 7
4 3406 3407 2801 3580
4 1232 3929 1233 4168
4 783 747 745 4241
4 3118 3748 3395 3865
4 2230 3448 3932 4094
4 293 3499 283 4025
4 2647 2594 2714 3269
4 1875 1887 1893 3718
4 567 537 564 4283
4 2848 3535 3300 3616
4 2692 3046 2981 3688
4 243 234 4181 4276
4 3414 3482 1856 3906
4 2532 3729 3450 4151
4 1215 1191 1192 4168
4 2568 3771 2999 4005
4 457 3292 449 3997
4 1740 1742 1743 2488
4 2911 3226 2747 3932
4 3392 2767 3809 4120
4 2281 2280 2288 4051
4 3933 4013 3059 4237
4 2774 2978 3248 3749
4 2995 2996 2848 3616
4 1343 4093 1345 4191
4 3061 3287 2831 3290
4 73 3336 71 4149
4 3192 3282 2757 4053
4 2178 3852 3429 4240
4 3095 3836 3631 4098
4 3065 3705 3319 4074
4 834 3598 833 3698
4 3407 4243 3449 4307
4 120 116 112 4194
4 1101 1100 1092 4079
4 1898 3854 1904 4230
4 2812 3201 4051 4066
4 862 3794 866 4166
4 340 343 3532 3996
4 1345 1342 3837 4093
4 145 128 152 3910
4 2979 2622 3801 4300
4 1941 1955 1956 4163
4 3840 4110 3542 4264
4 2622 2919 2675 3501
4 2734 3021 2992 3854
4 2855 4279 3244 4299
4 2784 3397 3396 4297
4 2986 3230 2610 4200
4 1185 4116 3279 4268
4 295 279 296 3939
4 3060 3933 3685 4013
4 2281 2288 2289 4051
4 2288 3954 2289 4051
4 1275 3926 1256 4049
4 3129 2594 3269 3675
4 2238 3610 1239 3929
4 2911 3343 3248 3448
4 2630 2947 3629 4293
4 2547 4031 3312 4082
4 2568 2999 3119 3292
4 1910 3631 1925 4098
4 2804 2916 3845 3925
4 157 164 172 3846
4 2796 3082 3405 4249
4 2805 3361 3186 3795
4 1908 3937 3631 4098
4 2996 3520 2698 3535
4 854 845 846 4166
4 1969 1044 1043 4258
4 3863 4032 3404 4065
4 2720 2823 2777 3610
4 2630 3163 4034 4293
4 2617 3042 2970 4005
4 2405 2406 2404 4022
4 194 193 3579 3887
4 1710 1719 1712 4192
4 2867 3636 3635 4300
4 2138 3638 3637 4062
4 1043 1968 1969 4258
4 2192 3954 2288 4051
4 1271 1288 3256 3355
4 1547 1531 1530 4206
4 3081 3598 368 3996
4 2931 3341 3242 3529
4 2929 3738 3326 3868
4 863 865 3480 4166
4 2715 3427 3346 3749
4 1234 1270 3256 4168
4 1935 1944 1943 4237
4 824 3469 2786 4140
4 908 894 3844 4122
4 2908 3144 2972 3780
4 2636 3392 3809 3947
4 3059 3905 2880 4236
4 2805 3416 3361 3795
4 1399 3213 3287 3290
4 3091 3376 3298 4065
4 1041 1967 1042 4256
4 1932 1945 1936 3219
4 409 3371 408 3867
4 3114 3574 3412 3727
4 2319 2337 3170 3613
4 1966 1967 1041 4256
4 2384 3175 3520 4262
4 2984 3736 3346 4240
4 3161 3506 2886 3672
4 2621 3724 3500 3987
4 1176 3745 1175 3845
4 2321 3675 2327 3935
4 971 955 1055 4257
4 2810 3546 2985 3685
4 1737 1755 1754 3917
4 3375 3773 3374 4202
4 2741 3532 343 3996
4 2415 2413 3389 4022
4 2763 4243 3407 4307
4 3083 3405 3082 3977
4 3120 3625 3347 3939
4 2787 2828 2560 3926
4 2558 3742 2764 4179
4 1581 1582 1574 4296
4 1234 2232 2233 3054
4 955 947 1055 4229
4 2647 2714 2576 3170
4 2835 2888 2608 3243
4 2823 4116 3350 4268
4 3763 4058 3204 4059
4 3301 3970 3535 4262
4 2833 2834 3840 4110
4 2410 3616 2995 4159
4 1387 4174 1384 4175
4 1301 1338 1340 4244
4 2270 2268 2267 4078
4 1920 1912 3498 3836
4 3074 3852 3406 4240
4 2776 3136 3129 3306
4 1242 4023 3845 4114
4 1190 1214 3766 4168
4 2777 3348 3097 3349
4 2652 2909 2897 3065
4 2823 3279 3063 4268
4 3143 3297 1420 3923
4 2675 3061 2831 3940
4 1281 1282 3778 3935
4 358 3469 824 4140
4 2880 4097 3516 4236
4 3243 3412 2656 3718
4 2798 3374 3404 4202
4 797 805 796 4297
4 3225 3783 245 4291
4 2977 3298 2705 3715
4 1202 3715 3226 4089
4 1142 3404 4026 4032
4 2365 2380 2381 4007
4 2324 1284 1286 3584
4 2596 3831 2742 3943
4 3204 3713 3688 4058
4 484 478 485 4034
4 2614 2774 2715 4196
4 2563 2642 2708 4217
4 2925 4175 3079 4176
4 2831 3213 1401 3290
4 437 428 425 3399
4 3157 3686 1163 4089
4 3119 3606 2999 3607
4 2174 2171 2173 4307
4 2979 3635 3501 4300
4 1287 3054 1234 3256
4 2767 3191 2591 3810
4 1955 1954 2985 4163
4 2594 2647 2714 4118
4 1308 3464 2447 3994
4 3754 4156 2829 4181
4 3115 2856 3576 3804
4 2294 3680 3725 4033
4 2598 3355 2654 3778
4 2830 3486 2918 3634
4 295 277 279 3939
4 2730 3034 3617 3978
4 2568 3732 3534 3771
4 1804 1816 3556 3750
4 2407 3941 3446 4008
4 2421 2419 2420 4155
4 1255 1253 4048 4114
4 1817 3556 1816 3750
4 2238 3610 3699 4078
4 1956 1959 3219 3896
4 233 240 239 3305
4 2823 3063 3350 4116
4 2733 3412 3187 3727
4 2821 3444 3280 3763
4 1343 488 1344 4191
4 2601 3334 3757 4290
4 1668 1661 1660 3529
4 3186 3713 2805 3795
4 2791 2702 3687 3923
4 2796 3483 3405 4108
4 2686 3112 3480 4207
4 2336 2318 2317 3613
4 2316 2787 1277 3365
4 241 243 4181 4276
4 2576 2714 2647 4118
4 2823 3026 2916 3766
4 2953 3713 3204 3763
4 598 3297 3441 3957
4 3019 3598 2816 3698
4 567 539 537 4283
4 1232 1234 2233 3054
4 3472 2931 4080 4192
4 2287 3198 2286 4033
4 2413 2412 2414 3389
4 484 485 1345 4191
4 2911 2977 3226 3596
4 682 3751 3716 4224
4 2685 2829 3057 3902
4 2601 3095 3041 3631
4 2407 1784 3941 4008
4 1306 1301 1340 4244
4 2977 3091 2705 3298
4 1014 1015 983 4286
4 193 194 185 3887
4 1015 985 983 4286
4 592 3441 599 4146
4 2631 2742 2994 3831
4 2388 2485 2386 3535
4 2948 2776 3129 3306
4 3136 3306 2932 3725
4 2560 2727 2680 2988
4 2883 2736 3663 4234
4 1836 4236 1934 4237
4 2948 3699 3610 4078
4 844 848 835 839
4 2439 3024 2440 3451
4 234 229 232 233
4 2745 3490 3036 3518
4 1662 1637 1556 4231
4 2751 3637 3361 3638
4 3201 3680 2932 3734
4 2835 2708 3113 4289
4 2856 3187 2965 3804
4 2771 2811 2612 4173
4 3226 3715 2747 4089
4 2784 3396 3415 4297
4 2647 3170 2680 3296
4 3406 3580 2801 4026
4 1215 1192 1216 4168
4 1912 1906 3498 3836
4 3261 2696 3848 3922
4 3095 3937 2880 4097
4 2916 3745 3845 3925
4 2732 3273 2942 3615
4 3254 3425 2771 3540
4 2535 3938 2737 4260
4 2410 2409 2408 2405
4 1208 3932 1231 4048
4 1277 1274 3365 4049
4 863 3480 854 4166
4 3014 2827 3751 4164
4 1526 682 681 4224
4 1386 1387 1385 3733
4 309 3322 3321 3603
4 582 602 573 4245
4 2681 4135 2579 4173
4 97 91 95 3323
4 2563 2708 2835 4217
4 681 1525 1526 4224
4 2443 3451 3025 3994
4 2692 2981 3204 3688
4 2282 4051 2290 4066
4 2771 3063 2811 4173
4 2821 3204 3444 3763
4 2338 2353 2354 3628
4 2858 3079 3290 3940
4 2447 3451 2910 3571
4 1912 1920 1925 3836
4 1784 1772 3941 4008
4 1308 3456 3464 3994
4 2828 3214 2560 3926
4 1517 1515 1514 4092
4 1860 3412 3243 3718
4 3152 3683 2756 4278
4 1273 3365 1274 4049
4 2911 3248 2978 3596
4 2678 2883 3532 4234
4 3902 3963 2829 4181
4 2620 2883 2678 4234
4 261 258 263 3625
4 505 499 496 4269
4 2358 3136 3372 3725
4 1887 1892 1893 3232
4 2421 3389 2419 4155
4 3941 4008 1772 4214
4 432 3119 426 4112
4 2685 3057 2974 3902
4 2978 2715 3346 3749
4 224 229 232 4181
4 2383 2395 2485 3520
4 2888 3412 3243 3789
4 3374 3376 3091 4065
4 2825 3348 2777 3349
4 1034 1050 1049 4059
4 1934 1935 1943 4237
4 2815 2910 3025 3451
4 3684 3685 3060 3933
4 160 175 168 3636
4 231 220 219 4291
4 286 291 298 4306
4 2144 3646 3406 4240
4 2771 3425 3254 4274
4 1382 3290 3287 3857
4 1187 1211 1210 4268
4 1210 1186 1187 4268
4 2763 3449 3407 4243
4 2850 3240 3050 3388
4 3036 4084 3490 4107
4 2308 3734 3895 4078
4 3279 3627 3063 4116
4 3111 3674 2882 4129
4 2386 2485 2396 3535
4 1957 3756 4013 4237
4 2576 2714 2964 3613
4 2319 2320 2988 3170
4 2980 3401 3805 3933
4 445 495 453 4201
4 2856 3116 3115 3576
4 2742 3684 2810 3685
4 1739 3940 1741 4182
4 3024 4121 3025 4259
4 97 95 87 3076
4 2662 2829 4156 4276
4 2576 3170 2714 3613
4 104 126 119 3851
4 3014 4164 3751 4197
4 1827 1835 2427 3574
4 499 3747 496 4269
4 3092 3151 1338 4244
4 3832 4243 3074 4307
4 1829 1851 1850 4047
4 1551 1552 1544 4279
4 3438 3038 3566 3750
4 2074 2073 2058 4278
4 3063 2771 3540 3627
4 2890 3716 3268 3982
4 2683 3198 2964 3628
4 2811 3063 4062 4116
4 2703 2834 3196 4110
4 2984 3406 2801 3646
4 1278 2988 1263 3926
4 3062 2875 3626 4039
4 1187 3931 1188 4268
4 2356 2355 3372 4033
4 2058 2073 2056 4278
4 209 3609 3191 3810
4 1265 3355 1268 3744
4 2537 2810 2563 3831
4 1051 1036 1052 4058
4 426 439 425 3399
4 2629 3061 2858 3079
4 2805 2825 2751 3361
4 2950 2933 3607 3817
4 3809 3945 3325 3947
4 452 458 457 3997
4 1174 3686 3845 3925
4 2598 3256 2654 3355
4 306 323 322 305
4 3054 3699 3306 4152
4 1328 2462 1327 3989
4 2652 3065 2897 4074
4 3053 3545 3959 4283
4 3719 4175 2925 4176
4 1891 1896 1890 3644
4 862 853 3794 4166
4 194 193 184 3579
4 3255 3441 2758 3957
4 2986 4131 3230 4200
4 1722 1714 1721 1715
4 3243 3414 2888 3789
4 2990 3050 2700 3968
4 2994 2543 4142 4277
4 582 602 601 573
4 1403 1743 1408 3991
4 3325 3809 3650 3945
4 3242 3430 2968 4080
4 1189 3925 3766 3931
4 2827 3692 3244 4164
4 1565 1537 1538 4037
4 2828 3932 3233 4048
4 155 159 158 4183
4 3136 3372 2594 3675
4 1404 1405 1391 1400
4 592 600 1413 4146
4 1920 2891 1937 3836
4 1885 1900 1901 4289
4 581 573 574 4245
4 2678 4234 3081 4263
4 2720 2777 2948 3610
4 1342 1341 3837 4093
4 3242 2931 3529 4080
4 3052 3427 2715 3749
4 3716 3083 4108 4224
4 3219 3756 3041 3896
4 2622 3800 3501 3801
4 2977 3715 3596 3863
4 3047 3987 3500 4028
4 179 45 107 46
4 2560 2988 2787 3926
4 3345 3848 2696 3922
4 3540 3637 2811 4062
4 158 176 164 3921
4 655 656 657 4197
4 3279 4116 3063 4268
4 1250 1251 1267 3744
4 2722 3837 2630 3927
4 2599 3757 3334 4290
4 2916 2598 3238 3745
4 3350 4116 1219 4268
4 2685 2974 2829 3902
4 3374 3375 2693 3773
4 2804 3162 2916 3925
4 3357 4117 2855 4299
4 512 513 523 4275
4 2811 4062 3350 4116
4 1283 3296 2988 3935
4 1553 1554 1546 4299
4 3279 3931 3162 3942
4 3848 3922 3345 4100
4 294 278 277 295
4 2774 3248 2911 3343
4 1288 3256 3355 3584
4 2980 3697 3401 3933
4 2932 3725 3306 3734
4 3057 3135 2974 3902
4 2932 3725 3680 4033
4 2776 2948 2777 3097
4 269 3608 3600 4025
4 1392 1384 1387 4174
4 2568 3732 2847 4260
4 3037 2875 3148 4039
4 2747 4089 3157 4305
4 2707 2601 3041 3631
4 3248 3749 2246 3812
4 2828 3448 3932 4048
4 73 71 63 4149
4 2537 2628 2810 2994
4 3021 3854 2734 4230
4 2880 3905 3095 4097
4 828 826 831 824
4 2630 3629 3163 4293
4 1919 1909 1922 4097
4 2823 2720 3026 3610
4 3837 4034 484 4191
4 3327 3590 2860 3676
4 3048 3543 3273 4264
4 2787 2874 3365 3613
4 2579 2823 2681 4173
4 683 4164 3751 4224
4 3199 3829 3666 4047
4 2425 3727 3029 4155
4 1901 1900 3498 4289
4 3201 3895 3348 3954
4 1907 1886 1901 3232
4 2776 2932 3306 3734
4 2741 3322 3321 4140
4 2897 3065 1741 3889
4 2869 3885 3640 4059
4 1961 1953 1957 4013
4 1881 1875 1893 3718
4 3091 3298 2977 3863
4 221 3754 3089 3963
4 437 425 439 3399
4 1258 4023 4114 4233
4 2256 3198 3343 3812
4 3279 2823 3931 4268
4 1163 3686 3157 3845
4 3097 3306 2776 3699
4 3038 3518 2892 3824
4 1232 3054 1241 3929
4 333 432 426 4112
4 2352 2287 2295 4033
4 2725 3083 3082 3977
4 1879 1890 1878 3644
4 846 853 854 4166
4 2747 3226 4089 4305
4 845 842 846 3731
4 3258 3687 2702 3923
4 3079 4175 2909 4176
4 955 4229 1055 4257
4 2409 2410 2408 4159
4 2563 2810 2596 3831
4 2384 2386 2388 2485
4 1912 1925 3631 3836
4 3025 4121 2927 4259
4 2678 3121 3779 3858
4 2776 2932 3136 3306
4 1556 1580 1662 4231
4 3446 3824 3018 3934
4 2948 3026 2720 3610
4 1880 3644 3490 4107
4 1886 3243 1874 4289
4 3233 4114 1253 4305
4 2672 3757 2599 4290
4 1399 3287 1390 3290
4 2823 3063 2811 3350
4 3292 3399 2947 3629
4 408 398 399 3867
4 3082 2845 3441 4146
4 1397 3705 3590 3986
4 2948 3129 3054 3306
4 2972 3175 2908 3780
4 520 517 521 3807
4 3255 3957 2758 4270
4 1544 1543 1551 4279
4 3534 3732 2568 3938
4 358 3996 3469 4140
4 2950 3607 3606 3818
4 1761 1757 1759 4083
4 3157 4089 1164 4305
4 518 510 517 3807
4 2678 3121 3532 3779
4 1266 3778 1259 4233
4 3384 3431 2857 3866
4 2811 3063 2823 4173
4 2771 3425 3046 3540
4 2675 2622 3501 4300
4 2995 3389 2996 4022
4 2678 3532 2883 3779
4 3050 3051 3388 3767
4 3091 3863 3404 4065
4 2833 3840 3196 4110
4 192 194 184 3579
4 2980 3684 3697 3933
4 2355 2352 2295 4033
4 1269 3355 1265 3778
4 870 858 855 864
4 3201 3348 3302 3954
4 538 517 536 3959
4 1343 1345 485 4191
4 3542 3543 3048 4264
4 3256 3355 2598 3744
4 2450 2483 2446 4131
4 1305 1302 1300 1299
4 3616 4159 2400 4213
4 2173 2171 2170 4307
4 3646 3736 2129 4032
4 2656 3412 3114 3718
4 3000 3941 3446 4159
4 333 4111 3607 4112
4 2837 3631 3490 3644
4 2913 3238 2727 4023
4 2931 3709 3529 4192
4 3637 3638 2811 4062
4 230 241 229 4181
4 834 3181 3598 3698
4 1338 3151 1340 4244
4 1887 3232 1893 3718
4 3182 3698 852 4160
4 2516 2684 3534 3732
4 3036 3518 3490 4084
4 1331 1332 1326 1325
4 2884 3416 3356 3955
4 2834 3392 2618 3493
4 1208 3932 3233 4305
4 2349 2329 2325 3517
4 3542 3840 2834 4110
4 2995 3934 2417 4159
4 1753 1757 1751 4083
4 2678 3121 2741 3532
4 3357 2855 4206 4299
4 3046 3186 2751 3637
4 3300 3616 3535 4213
4 2568 3119 2947 3292
4 496 504 505 4269
4 1757 1753 1759 4083
4 1269 1264 1282 3778
4 3143 3258 2702 3923
4 2774 3749 3248 3812
4 3406 3646 2984 4240
4 3303 4093 1343 4191
4 1392 1384 1382 1390
4 3118 3356 2884 3416
4 3181 3315 2956 3731
4 658 657 656 4197
4 2285 3680 3198 3812
4 2630 2758 3163 3629
4 2950 3817 3607 3818
4 2568 3938 3732 4260
4 432 3607 3119 4112
4 3941 4159 3000 4213
4 3615 3783 3225 4291
4 3546 3685 3684 4272
4 3629 4270 3163 4293
4 2798 3375 3374 4202
4 3302 2825 3361 3638
4 2707 3631 3041 3836
4 2685 2974 3057 3972
4 1546 1545 1553 4299
4 2706 3429 3852 4240
4 2729 3800 3724 3889
4 2642 3041 3219 3836
4 3885 4058 2981 4071
4 263 258 264 3625
4 1042 3826 4256 4258
4 3043 3629 3508 4270
4 2733 3389 3029 4155
4 2932 3198 2683 4033
4 1901 3498 3232 4289
4 2932 3680 3198 4033
4 1258 1259 4023 4233
4 1921 1900 1917 3498
4 3036 3490 2707 4107
4 2129 4026 3646 4032
4 2747 3157 3233 4305
4 2890 3751 3716 3982
4 3756 3905 3059 4237
4 1229 3932 3226 4094
4 3007 3607 2933 4111
4 3438 3556 3038 3750
4 3054 3129 2328 4152
4 426 332 333 4112
4 2857 3431 3384 4256
4 3724 3800 2918 3889
4 518 517 520 3807
4 2774 3198 3052 3812
4 2675 2919 2831 3501
4 2447 2910 3451 3994
4 308 325 324 307
4 2950 3816 3817 3818
4 2561 3534 2658 3938
4 224 222 3754 4181
4 3205 3300 2921 3970
4 3014 3692 2827 4164
4 3374 4065 3404 4202
4 1837 1934 1943 4237
4 2848 2995 3616 4159
4 1217 1184 3744 3745
4 3300 3970 3205 4157
4 2739 3108 3482 3906
4 2950 3479 3816 3818
4 1891 1890 1879 3644
4 2598 3744 3355 3778
4 2844 3788 3268 3977
4 3175 3413 2908 3780
4 2835 2888 3243 3414
4 1269 1284 1285 3355
4 2444 2439 2443 3451
4 2683 3198 2932 3680
4 2985 3546 2810 4163
4 3390 4045 2944 4286
4 1845 1850 1857 4205
4 842 845 843 3731
4 2356 3372 2357 3628
4 3108 3241 2739 3482
4 2970 4005 2927 4259
4 2874 3343 2911 3448
4 2916 3925 3162 3931
4 2722 4093 3303 4191
4 2801 3646 3406 4026
4 3048 3840 3542 4264
4 2725 3082 2844 3977
4 2642 3219 3041 3896
4 3298 3715 2977 3863
4 224 223 229 4181
4 2986 3577 4131 4200
4 2947 3399 3119 4112
4 1887 3243 3232 3718
4 2946 2947 2737 3006
4 2358 3725 3372 4033
4 1498 1497 1496 2489
4 2636 3392 2767 3809
4 3490 3644 3631 4107
4 3191 3609 2591 3810
4 3302 3348 2825 3638
4 2628 2992 2993 3879
4 3399 3508 2946 3629
4 2916 3745 3238 3845
4 1893 3718 3232 4107
4 1922 1935 3905 4098
4 2835 3414 3243 4289
4 2776 3306 3097 3734
4 3063 3540 2811 4062
4 2948 3097 2776 3699
4 1821 1825 1810 1814
4 3346 3429 2984 4240
4 241 3902 243 4276
4 2916 3766 3925 3931
4 1855 1835 1827 3574
4 1850 1862 1857 4205
4 2751 3361 2825 3638
4 2754 3606 2950 3607
4 1740 1738 1742 2488
4 1922 3905 4097 4098
4 2981 3688 3425 4071
4 3540 4062 3063 4116
4 243 3902 256 4276
4 3347 3600 2661 3939
4 2739 2888 3414 3482
4 3300 3535 3301 3970
4 2823 3063 2681 4173
4 2948 2776 3306 3699
4 3571 3577 2710 4200
4 1935 1936 3905 4098
4 3430 3967 2968 4080
4 2661 3600 3379 3939
4 1256 4049 3214 4114
4 253 235 246 240
4 2680 2727 2598 3296
4 1510 1380 1501 3875
4 3349 3350 1237 3610
4 2981 4058 3688 4071
4 3136 3517 3129 4152
4 2948 3306 3054 3699
4 1901 1907 3232 3498
4 230 223 3963 4181
4 1395 1393 1394 4174
4 1814 1798 1810 1802
4 3584 3778 1282 3935
4 2947 3399 2946 3629
4 2751 3186 3361 3637
4 1285 1268 1269 3355
4 2617 4005 2970 4259
4 2846 3756 1959 3896
4 1266 1282 1264 3778
4 1857 1862 1864 4205
4 3446 3934 3000 4159
4 3348 3895 3097 4078
4 2708 2891 2642 3219
4 3119 3399 426 4112
4 3590 3676 3327 3733
4 929 928 927 930
4 208 3048 3273 4264
4 3214 1256 4114 4233
4 2686 3480 3112 4166
4 597 3837 3297 3957
4 1501 1380 1372 3875
4 2706 3429 3356 3852
4 3082 3143 2845 4146
4 1358 1356 1347 3802
4 3060 3697 3684 3933
4 1944 3905 3756 4237
4 2192 3954 3953 3955
4 2337 2714 3170 3613
4 332 4111 333 4112
4 2356 3628 2353 4033
4 438 494 493 441
4 2858 3290 3061 3940
4 3097 3349 3348 4078
4 3937 4097 3095 4098
4 1178 3279 3931 4268
4 237 245 231 4291
4 2675 2831 3061 3287
4 2314 3448 3365 4048
4 2858 3079 3061 3290
4 1208 3233 3932 4048
4 2629 2925 3079 4176
4 2620 4234 2678 4263
4 1256 3926 1261 4233
4 2596 2985 2846 3685
4 3233 4048 1253 4114
4 3059 3401 3060 3933
4 2755 3089 3790 4120
4 1191 3745 1192 4168
4 3546 4271 1949 4272
4 1343 485 488 4191
4 1392 1387 1393 4174
4 2686 3112 3794 4166
4 2714 3613 2336 3628
4 1934 3905 1935 4237
4 3327 3705 3590 3733
4 2812 3954 3953 4051
4 2829 3754 2662 4156
4 3198 3680 2286 4033
4 2835 3113 3414 4289
4 2415 2403 2413 4022
4 2476 1338 2474 2487
4 3375 2798 3555 4202
4 3050 3051 2990 3388
4 3297 3837 1419 3923
4 3041 3836 3095 4098
4 3238 3744 1246 3745
4 1935 3905 1944 4237
4 2805 2751 3186 3361
4 3357 4206 4117 4299
4 2696 3060 3059 3401
4 2888 3187 2608 3412
4 1345 4093 3837 4191
4 2804 3686 3162 3925
4 835 839 829 832
4 2774 2911 2874 3343
4 1921 1906 1900 3498
4 1165 3845 3157 4305
4 3241 4000 2937 4001
4 2733 3029 3727 4155
4 1343 1344 1346 3802
4 3187 3412 2888 3789
4 2696 3060 3401 3697
4 2654 3129 3517 3584
4 2679 3379 3600 4025
4 3315 3469 2786 3868
4 2708 3219 3896 4163
4 2804 3845 3686 3925
4 1898 1883 1888 4113
4 2742 3831 2631 3943
4 3052 3427 3812 4066
4 1961 1957 2846 4013
4 2576 2787 3170 3613
4 2823 3350 3610 3929
4 2332 3343 2964 3613
4 2326 3584 1286 3935
4 2777 3350 3349 3610
4 2732 3048 3273 3615
4 2777 3349 3097 3610
4 1276 3926 1275 4049
4 1907 1892 1886 3232
4 2323 3269 2714 3675
4 496 499 498 497
4 1175 3845 3745 3925
4 1282 3584 3355 3778
4 2965 3679 3241 4001
4 1898 1888 1902 4113
4 2192 3953 3954 4051
4 1925 3631 3836 4098
4 2778 3997 3292 4293
4 2812 3201 3954 4051
4 452 458 459 451
4 904 919 911 897
4 1960 2985 1954 3546
4 3163 3629 2758 4270
4 1285 3355 1284 3584
4 3051 3770 2990 3944
4 1246 3238 3845 4023
4 2576 2874 2787 3613
4 1371 1370 1373 1372
4 3191 3542 2834 4110
4 1271 1268 3355 3744
4 1686 1706 1707 1688
4 201 207 202 4264
4 3041 3631 3095 3836
4 2734 3113 3021 4230
4 1232 3054 3929 4168
4 1956 3896 3219 4163
4 2913 3157 2804 3845
4 1887 1886 1892 3232
4 3214 3233 2913 4114
4 1255 4048 4049 4114
4 2282 3427 4051 4066
4 3646 3736 2984 4240
4 1911 1912 1906 1910
4 3300 3301 2921 3970
4 2733 3187 3804 4155
4 1954 3546 2985 4163
4 1176 3238 3745 3845
4 3405 3483 2796 4249
4 2316 2318 2787 3613
4 2386 2384 2383 2485
4 2702 3143 3142 3258
4 2703 3196 3191 4110
4 1234 3256 3054 4168
4 908 925 909 4122
4 908 924 925 4122
4 2642 2708 3219 3896
4 1255 4048 1273 4049
4 2370 2369 2375 4262
4 1934 4236 3905 4237
4 2913 3233 3157 4305
4 3306 3699 3097 3734
4 1208 1253 1252 1207
4 241 4181 3902 4276
4 1269 1282 3355 3778
4 484 4034 485 4191
4 3348 3349 2825 3638
4 2891 3219 1937 3836
4 1341 3923 3837 4093
4 2913 4114 3233 4305
4 3095 4097 3905 4098
4 3181 2816 3598 3698
4 2888 3679 3187 3789
4 2913 3845 4114 4305
4 3302 3416 2884 3955
4 3482 3679 2888 3789
4 2370 2375 2376 4262
4 1946 1957 1953 4013
4 1961 2846 3685 4013
4 3232 3243 1886 4289
4 1957 3756 2846 4013
4 493 497 502 495
4 356 358 825 824
4 3146 3499 2679 4025
4 2325 2344 2349 3517
4 2733 3727 3187 4155
4 2405 2404 2403 4022
4 1340 2446 1306 2483
4 2405 2403 2415 4022
4 3029 3574 3114 3727
4 2642 3219 2891 3836
4 3372 3517 3136 4152
4 3095 3905 3756 4098
4 2758 3957 3163 4270
4 2324 3517 2325 3584
4 237 231 219 4291
4 3052 3812 3680 4066
4 1276 2787 1278 3926
4 2420 2419 2418 4155
4 2319 2787 2318 3613
4 2946 3508 3043 3629
4 1395 1392 1393 4174
4 3427 3749 3052 3812
4 2733 2608 3187 3412
4 412 408 409 2482
4 3059 3933 3060 4013
4 2703 3191 2834 4110
4 2804 3157 3156 3686
4 3296 3584 3269 3935
4 2777 3097 2948 3610
4 2823 3026 3766 3929
4 2911 3596 3226 4094
4 3287 3290 3061 3857
4 3766 3931 2823 4268
4 2823 3766 3350 3929
4 3162 3925 3686 3931
4 1343 1346 1347 3802
4 3306 3725 3136 4152
4 3198 2774 3343 3812
4 2598 2654 3296 3778
4 1214 3929 3766 4168
4 2911 3248 3596 4094
4 3800 3889 2919 4182
4 3469 3996 2741 4140
4 3054 2948 3699 3929
4 2594 3372 2714 3675
4 230 229 223 4181
4 2739 3482 3414 3906
4 1256 3926 3214 4049
4 3631 3836 2707 4107
4 3631 3644 2837 3937
4 3081 3598 3019 4186
4 1343 1347 1356 3802
4 1920 3498 2891 3836
4 3350 3766 2823 4268
4 3097 3734 3699 4078
4 3156 3686 3157 4089
4 3745 3766 2916 4168
4 1277 3365 2787 4049
4 2846 2985 2596 3896
4 2654 3355 3256 3584
4 3680 3725 2932 3734
4 2831 3287 3213 3290
4 1273 4048 3365 4049
4 2357 3628 3372 3675
4 2643 3322 3120 3603
4 1270 3744 3256 4168
4 3059 4236 3331 4237
4 1960 2985 3546 3685
4 3490 3631 2707 4107
4 2804 3157 3686 3845
4 3596 3749 2978 3777
4 3025 3451 2910 3994
4 2319 2988 2787 3170
4 2722 4034 3837 4191
4 454 455 457 458
4 3355 3744 1265 3778
4 2913 3157 3845 4305
4 2319 3170 2787 3613
4 2947 3292 3119 3399
4 2326 1286 1281 3935
4 3095 3756 3041 4098
4 3607 4111 3007 4112
4 3610 3699 2948 3929
4 3121 3276 2800 3858
4 3026 2916 3766 4168
4 3248 3343 2774 3812
4 222 4156 3754 4181
4 3226 3596 2977 3715
4 435 445 441 430
4 1946 1953 3933 4013
4 2911 3226 3932 4094
4 3181 3182 2816 3698
4 3296 3778 1280 4233
4 1263 3926 2988 4233
4 1918 1923 1919 1922
4 3214 2913 4023 4114
4 3095 3631 2837 3937
4 2594 2714 3269 3675
4 3631 3937 3095 4098
4 1217 3745 3744 4168
4 3401 3697 3060 3933
4 2911 3932 3448 4094
4 3214 3926 1256 4233
4 1261 3926 1263 4233
4 1278 2787 2988 3926
4 2911 3448 3248 4094
4 2335 3613 2964 3628
4 3321 3322 2643 3603
4 2948 3054 3026 3929
4 2978 3596 3248 3749
4 235 234 236 233
4 3845 4023 2913 4114
4 2874 3365 3343 3448
4 1280 2988 3296 4233
4 3143 3297 2845 4146
4 3343 3365 2874 3613
4 3146 2679 3608 4025
4 3238 3744 2598 3778
4 2356 3372 3628 4033
4 1283 2322 2321 3935
4 1805 1804 1803 1802
4 3097 3895 3734 4078
4 429 431 430 427
4 201 208 207 4264
4 3297 3441 2845 4146
4 3365 3448 2828 4048
4 2916 3766 3745 3925
4 3414 3482 2888 3789
4 3905 4236 3059 4237
4 829 827 830 828
4 3600 3608 2679 4025
4 3214 4114 4023 4233
4 3744 3778 3238 4023
4 2787 3365 2316 3613
4 2647 2714 3170 3269
4 2321 2326 1281 3935
4 2321 1281 1283 3935
4 2913 3845 3238 4023
4 2828 3233 3214 4048
4 2829 3963 3754 4181
4 2722 3837 4093 4191
4 2421 2423 2420 2422
4 3198 3343 2964 3628
4 3214 4048 3233 4114
4 3269 3296 2654 3584
4 3198 3680 3052 3812
4 3902 4181 2829 4276
4 3214 4049 4048 4114
4 2993 4271 3546 4272
4 2964 3613 2714 3628
4 2828 4048 3214 4049
4 2727 3238 2598 3778
4 2598 3296 2727 3778
4 2828 3365 4048 4049
4 2680 2988 2727 3296
4 408 412 413 2482
4 3026 3929 3054 4168
4 3054 3256 3026 4168
4 1957 1954 1961 2490
4 1300 1304 2439 2484
4 3238 3778 2727 4023
4 2964 3343 2874 3613
4 3296 3778 3584 3935
4 2654 3256 3129 3584
4 2576 2964 2874 3613
4 1297 2433 1294 2486
4 2727 3296 2988 4233
4 297 303 304 2481
4 3766 3929 3026 4168
4 1387 1386 1385 1384
4 2727 4023 3778 4233
4 2727 3778 3296 4233
4 3372 3628 2714 3675
4 1310 1306 2450 2483
4 2383 2396 2386 2485
4 1294 2433 2431 2486
4 2175 2172 2148 2142
4 2269 2259 2270 2271
4 2396 2383 2395 2485
4 218 208 217 2491
4 1894 1889 1890 1895
4 1717 1711 1718 1710
4 1957 1955 1954 2490
4 1434 1420 1433 1421
4 1955 1957 1958 2490
4 1509 1496 1507 2489
4 1294 2431 1290 2486
4 1320 586 607 1314
4 218 205 208 2491
4 1747 1738 1744 2488
4 2389 1763 2385 1774
4 1906 1921 1920 3498
4 1763 1771 1770 4214
4 309 302 3322 290
4 309 3322 302 310
4 4152 2358 3517 2348
4 2344 3517 2358 2348
4 2344 2358 3517 2359
4 496 448 3043 438
4 3043 448 496 4269
4 3043 494 496 438
4 2483 1340 4244 1306
4 4244 1340 2483 3230
4 4244 1310 2483 1306
4 2483 1310 4244 3230
4 1291 3293 2429 1352
4 2429 3293 1291 2430
4 501 499 3722 500
4 501 3722 499 2849
4 1884 3906 1870 1882
4 1870 3906 1884 1872
4 2856 2733 4095 2608
4 2856 4095 2733 3115
4 490 486 3042 491
4 3042 486 490 489
4 490 3762 3042 489
4 3149 3855 1475 1476
4 3149 1475 3855 1497
4 1500 3855 1475 1497
4 1132 1148 3540 1133
4 1149 3540 1148 1133
4 1149 1148 3540 3637
4 737 778 4105 789
4 4105 778 737 738
4 3187 1828 3412 1824
4 3187 3412 1828 3727
4 1827 3412 1828 1824
4 1827 1828 3412 3727
4 1800 1813 3679 1812
4 1800 3679 1813 1801
4 1394 1395 3079 3940
4 3079 1395 1394 4174
4 1938 3021 1940 1941
4 1940 3021 1938 1939
4 210 3609 212 209
4 2304 2297 3348 2305
4 3348 2297 2304 3954
4 4092 1519 3032 2885
4 4092 3032 1519 1516
4 3620 1735 4083 1753
4 3620 4083 1735 3466
4 3801 2532 3800 2963
4 3801 3800 2532 3398
4 2729 3800 2532 2963
4 2729 2532 3800 3398
4 3514 4290 3378 2534
4 3378 4290 3514 3377
4 3421 3281 3409 2619
4 3421 3409 3281 2960
4 3495 1090 1079 1089
4 3495 1079 1090 3376
4 3420 4211 3860 2951
4 3860 4211 3420 3378
4 3573 1749 1733 1732
4 3573 1733 1749 1750
4 2436 1300 4121 1296
4 2436 4121 1300 2484
4 2161 2158 3795 2159
4 2161 3795 2158 3186
4 609 3671 3982 2889
4 609 3982 3671 529
4 530 3671 3982 529
4 4242 3759 3215 3016
4 4242 3215 3759 3668
4 3990 1331 2866 1332
4 3990 2866 1331 3402
4 1265 1248 3744 1247
4 1265 3744 1248 3778
4 4023 3744 1248 1247
4 4023 1248 3744 3778
4 3681 1760 4284 3620
4 3681 4284 1760 1768
4 4205 1831 3829 3673
4 4205 3829 1831 1830
4 3489 3530 3145 2540
4 3145 3530 3489 3511
4 2422 2420 3029 2423
4 3029 2420 2422 2426
4 4152 2303 2348 2312
4 4152 2348 2303 2358
4 3868 823 826 824
4 3868 826 823 822
4 3683 2839 2646 3205
4 3683 2646 2839 3152
4 3108 1841 1825 1821
4 3108 1825 1841 1844
4 4170 3972 2736 2619
4 4170 2736 3972 3739
4 3782 4178 4017 3344
4 4017 4178 3782 2926
4 3915 934 3228 917
4 3915 3228 934 3122
4 4208 2500 4188 3364
4 4208 4188 2500 4143
4 2108 2972 2101 2123
4 1219 1235 3350 1236
4 4052 706 715 2893
4 4002 3241 3569 2676
4 4002 3569 3241 2937
4 493 3747 441 494
4 493 441 3747 2940
4 438 441 3747 494
4 438 3747 441 2940
4 317 318 3532 319
4 317 3532 318 316
4 715 2893 713 714
4 713 2893 715 706
4 4169 4263 2602 2816
4 2602 4263 4169 3489
4 596 1410 3405 1411
4 3405 1410 596 3977
4 3405 3082 596 1411
4 596 3082 3405 3977
4 3776 4295 3911 2605
4 3911 4295 3776 3126
4 1119 1080 3376 1082
4 1119 3376 1080 4065
4 1891 1896 3631 1911
4 1891 3631 1896 3644
4 1910 3631 1896 1911
4 4006 1748 2879 1749
4 4006 2879 1748 1752
4 1750 2879 1748 1749
4 1750 1748 2879 1752
4 4264 217 212 208
4 4264 212 217 226
4 592 562 3441 565
4 3441 562 592 599
4 3881 3176 2510 3403
4 3881 2510 3176 2503
4 1747 2488 2792 1742
4 1747 2792 2488 3486
4 1743 2792 2488 1742
4 1743 2488 2792 3486
4 3973 3781 4125 2971
4 3973 4125 3781 2645
4 3881 3369 2511 2554
4 3881 2511 3369 3173
4 3400 1836 3069 1839
4 3400 3069 1836 3331
4 4236 3261 3059 3331
4 4236 3059 3261 2880
4 4052 712 706 705
4 4052 706 712 715
4 3149 2489 3032 1507
4 3149 3032 2489 3419
4 1509 3032 2489 1507
4 1509 2489 3032 3419
4 211 213 3609 214
4 3130 3841 3701 2546
4 3701 3841 3130 2668
4 1434 1466 3258 1464
4 3258 1466 1434 1435
4 3842 2655 2872 2893
4 3842 2872 2655 3785
4 1750 3582 1757 1756
4 1757 3582 1750 3573
4 3776 3913 3655 2826
4 3655 3913 3776 2864
4 3419 1497 1498 2489
4 3419 1498 1497 1500
4 3974 1481 3587 1491
4 3974 3587 1481 3855
4 1606 4158 3094 1560
4 3094 4158 1606 3439
4 1831 1844 3108 1845
4 1831 3108 1844 1825
4 3122 935 3228 934
4 3122 3228 935 3011
4 443 2999 3292 442
4 3292 2999 443 450
4 702 424 2989 423
4 702 2989 424 703
4 3236 1722 3536 1723
4 3236 3536 1722 3013
4 2642 3232 4217 2656
4 4217 3232 2642 2891
4 645 3847 3277 637
4 3277 3847 645 3575
4 4110 4264 3191 3542
4 3491 4187 3654 2605
4 3654 4187 3491 2695
4 4266 3690 3539 2593
4 4266 3539 3690 3027
4 1204 4305 1205 1203
4 1205 4305 1204 1206
4 4099 3202 4215 2987
4 4099 4215 3202 1718
4 1720 4215 3202 2987
4 1720 3202 4215 1718
4 3565 1508 1512 3382
4 3565 1512 1508 1499
4 91 3976 82 162
4 91 82 3976 3526
4 153 82 3976 162
4 153 3976 82 3526
4 3742 3825 2508 2606
4 3742 2508 3270 2606
4 3742 3270 2717 2606
4 2717 3270 3742 2558
4 2588 3111 3820 2615
4 3820 3111 2588 2882
4 3266 3776 3068 2605
4 3068 3776 3266 3528
4 2925 1359 1364 1365
4 2925 1364 1359 1358
4 4022 2406 3520 3535
4 4022 3520 2406 2404
4 2395 2406 3520 2404
4 1916 1933 2891 1929
4 1916 2891 1933 1920
4 3855 1479 1476 1480
4 3747 438 3043 3508
4 3747 3043 438 494
4 4301 732 3246 733
4 4301 3246 732 3568
4 3422 2638 2795 3149
4 3422 2795 2638 4219
4 3657 2795 2638 3149
4 3657 2638 2795 4219
4 341 346 3147 342
4 341 3147 346 357
4 2701 2689 2712 3184
4 2701 2712 2689 3992
4 3730 2430 2928 2431
4 3730 2928 2430 3293
4 3725 2310 2303 2311
4 3725 2303 2310 2302
4 3753 3272 3550 2935
4 3753 3550 3272 2676
4 1948 1950 4272 1951
4 4272 1950 1948 1949
4 3742 3825 2518 2558
4 3742 2518 3825 4095
4 3393 3943 87 96
4 87 3943 3393 2631
4 87 97 3393 96
4 3393 97 87 2631
4 4124 4104 3223 2653
4 4124 3223 4104 2793
4 4176 2928 3160 2713
4 4176 3160 2928 2617
4 3965 3293 3132 1349
4 3965 3132 3293 3589
4 4257 937 3502 3330
4 4257 3502 937 938
4 1438 1433 3258 1439
4 3258 1433 1438 3923
4 1254 1253 4114 1252
4 4114 1253 1254 1255
4 4121 1297 3619 3730
4 4121 3619 1297 1296
4 3880 3820 4207 2578
4 3880 4207 3820 2873
4 1069 1070 3375 1071
4 1069 3375 1070 1068
4 1698 3874 1657 3004
4 1698 1657 3874 1697
4 1655 1657 3874 3004
4 1655 3874 1657 1697
4 3466 4083 2987 2899
4 3466 2987 4083 3573
4 4040 2987 4083 2899
4 4040 4083 2987 3573
4 953 3471 3330 954
4 3330 3471 953 3011
4 2098 3967 2954 2079
4 2954 3967 2098 3661
4 2371 1763 3098 2385
4 3098 1763 2371 3917
4 3098 3521 2371 2385
4 2371 3521 3098 3917
4 3778 1281 3296 1280
4 3778 3296 1281 3935
4 1283 3296 1281 1280
4 1283 1281 3296 3935
4 3336 154 3366 3174
4 3336 3366 154 166
4 3922 2653 3260 3261
4 3922 3260 2653 3560
4 2157 3795 2156 2159
4 2157 2156 3795 3713
4 2158 2156 3795 2159
4 2158 3795 2156 3713
4 2929 3511 3510 2786
4 3510 3511 2929 2615
4 2332 2334 3343 2331
4 3343 2334 2332 2964
4 506 507 3722 3009
4 3722 501 506 3009
4 2992 1939 1930 1927
4 2992 1930 1939 1940
4 1308 2443 3994 2447
4 217 220 3615 219
4 3940 2858 3398 2919
4 3398 2858 3940 2897
4 3398 3889 3940 2919
4 3940 3889 3398 2897
4 1303 2443 3994 1308
4 1303 3994 2443 3025
4 3588 2701 2671 2836
4 3588 2671 2701 2959
4 3471 969 953 3011
4 3143 3082 2702 3142
4 3143 2702 3082 2845
4 2796 2702 3082 3142
4 2796 3082 2702 2845
4 1840 1844 3482 1841
4 1840 3482 1844 1846
4 3236 2087 3536 3128
4 3236 3536 2087 2086
4 3321 351 320 326
4 3321 320 351 822
4 3447 4172 2723 3216
4 2723 4172 3447 2824
4 4134 2552 3252 2670
4 4134 3252 2552 4011
4 3314 3252 2552 2670
4 3314 2552 3252 4011
4 4021 2752 4119 3147
4 4021 4119 2752 3481
4 1298 3092 3468 1334
4 3468 3092 1298 2923
4 4153 3382 1521 3381
4 4153 1521 3382 1513
4 1518 1521 3382 3381
4 1518 3382 1521 1513
4 4282 3544 3068 3654
4 4282 3068 3544 3862
4 3104 4261 2842 3208
4 2842 4261 3104 3622
4 3615 218 3963 220
4 3615 3963 218 2942
4 4258 1983 3127 4256
4 4258 3127 1983 1984
4 3974 2479 2870 1450
4 3974 2870 2479 3588
4 2478 2870 2479 1450
4 2478 2479 2870 3588
4 3961 90 3720 94
4 3961 3720 90 3332
4 2322 3269 2321 3935
4 3675 3269 2321 2323
4 3675 2321 3269 3935
4 4105 809 786 788
4 4105 786 809 4039
4 2668 3504 2889 3647
4 2889 3504 2668 3695
4 3792 2603 2663 3485
4 3792 2663 2603 2761
4 1330 3468 1334 1329
4 1334 3468 1330 3402
4 4264 212 3191 209
4 4264 3191 212 4110
4 772 3764 793 3125
4 772 793 3764 773
4 794 793 3764 3125
4 794 3764 793 773
4 2369 2388 4262 2384
4 2369 4262 2388 2375
4 4158 1559 3094 1560
4 4158 3094 1559 3662
4 1744 1739 3634 1738
4 3634 1739 1744 1745
4 4235 2963 2729 2532
4 4235 2729 2963 2753
4 3622 3786 3383 3104
4 3383 3786 3622 3581
4 4212 3443 3691 2609
4 4212 3691 3443 4103
4 3311 4203 4281 2664
4 4281 4203 3311 2917
4 1949 1960 3546 1950
4 3546 1960 1949 1954
4 1472 1495 3258 1494
4 1472 3258 1495 1473
4 2341 2319 3170 2320
4 2341 3170 2319 2337
4 1364 1358 1355 1359
4 1355 1358 1364 1356
4 4245 465 3700 3064
4 4245 3700 465 522
4 3253 3585 3797 1540
4 3253 3797 3585 3055
4 696 3797 3585 1540
4 696 3585 3797 3055
4 3236 2068 2087 3128
4 3294 3577 3451 2441
4 3451 3577 3294 3134
4 4072 2585 3654 2695
4 4072 3654 2585 3504
4 4081 4125 2565 2971
4 4081 2565 4125 3272
4 3781 2565 4125 2971
4 3781 4125 2565 3272
4 56 4087 178 60
4 188 178 4087 60
4 188 4087 178 3408
4 4119 4126 3774 2901
4 3774 4126 4119 3289
4 3774 2752 4119 2901
4 4119 2752 3774 3289
4 4041 4035 2498 2861
4 4041 2498 4035 2511
4 3177 2498 4035 2861
4 3177 4035 2498 2511
4 2778 478 469 468
4 3441 593 566 2844
4 3441 566 593 591
4 3627 1087 3254 1095
4 3627 3254 1087 3495
4 3978 3254 1087 1095
4 3978 1087 3254 3495
4 2646 3683 2921 2756
4 2921 3683 2646 3205
4 3443 3210 2825 2577
4 2825 3210 3443 2751
4 2825 2805 3443 2577
4 3443 2805 2825 2751
4 3565 1449 1485 1486
4 3565 1485 1449 2870
4 3621 1674 4024 3202
4 3621 4024 1674 1673
4 4086 3544 3068 3862
4 4086 3068 3544 3266
4 2447 2444 3571 2448
4 3571 2444 2447 3451
4 858 869 3674 870
4 858 3674 869 857
4 3976 153 175 2867
4 3976 175 153 162
4 3390 720 3221 939
4 3390 3221 720 3169
4 2431 2928 2486 2433
4 2431 2486 2928 3730
4 3889 2729 3398 2897
4 3889 3398 2729 3800
4 1222 1223 3766 1213
4 3766 1223 1222 3929
4 826 375 3326 831
4 826 3326 375 363
4 3160 1359 2925 3132
4 3160 2925 1359 1358
4 3534 4162 3971 2684
4 3971 4162 3534 3044
4 3971 2587 3534 2684
4 3534 2587 3971 3044
4 4043 307 325 3379
4 4043 325 307 324
4 4223 88 113 3385
4 4223 113 88 3453
4 3540 1102 3425 1124
4 3540 3425 1102 3254
4 2972 2376 2117 2123
4 2972 2117 2376 2370
4 4140 344 3321 823
4 4140 3321 344 320
4 822 3321 344 823
4 822 344 3321 320
4 3552 3599 2548 3265
4 2548 3599 3552 3285
4 4153 2870 2671 3271
4 4153 2671 2870 4027
4 1268 1288 3355 1285
4 3355 1288 1268 1271
4 766 757 4301 765
4 766 4301 757 758
4 3510 3185 2513 2529
4 3510 2513 3185 2580
4 2847 3771 4005 2617
4 4005 3771 2847 2568
4 3963 4291 231 3783
4 231 4291 3963 220
4 3652 3792 2663 3200
4 2663 3792 3652 2761
4 3076 4217 3831 2563
4 3831 4217 3076 2505
4 3064 3762 602 4245
4 4106 2809 3033 3439
4 4106 3033 2809 3440
4 2901 4287 3614 2735
4 3614 4287 2901 3786
4 914 900 3998 899
4 914 3998 900 915
4 3915 900 3998 915
4 3082 1411 594 596
4 3874 1707 1686 3013
4 3874 1686 1707 1688
4 878 3901 879 877
4 879 3901 878 880
4 3825 3270 3742 2508
4 3825 3742 3270 2558
4 3506 400 4186 401
4 3506 4186 400 3161
4 3793 4239 2832 3008
4 2832 4239 3793 3792
4 4126 385 3703 382
4 4126 3703 385 3969
4 4036 1611 3677 1570
4 4036 3677 1611 4136
4 3957 572 531 3255
4 3957 531 572 570
4 3779 302 3121 3322
4 3779 3121 302 301
4 289 302 3121 301
4 3875 3271 3590 2860
4 3875 3590 3271 4153
4 3067 3590 3271 2860
4 3067 3271 3590 4153
4 3682 4077 3077 2645
4 3077 4077 3682 2687
4 4133 2881 2770 3572
4 4133 2770 2881 3235
4 4296 1470 3422 1463
4 4296 3422 1470 4137
4 3965 1372 3229 1367
4 3965 3229 1372 3676
4 3463 1623 817 816
4 3463 817 1623 3220
4 3857 2702 2582 2955
4 3857 2582 2702 2791
4 4175 1377 1382 1384
4 4175 1382 1377 1378
4 1290 2486 4091 1294
4 1290 4091 2486 3730
4 4091 2486 3619 1294
4 4091 3619 2486 3730
4 3619 2486 1297 1294
4 3619 1297 2486 3730
4 1417 3082 593 1416
4 1693 3882 1683 1682
4 1683 3882 1693 3410
4 3628 2334 2353 2351
4 3628 2353 2334 2338
4 3666 2650 3045 2818
4 3666 3045 2650 3199
4 1059 3769 1060 1058
4 599 600 3441 598
4 599 3441 600 4146
4 3297 3441 600 598
4 3297 600 3441 4146
4 4287 3581 2613 3786
4 2613 3581 4287 3391
4 2613 4119 4287 3786
4 4287 4119 2613 3391
4 3884 1650 3220 3418
4 3884 3220 1650 1625
4 4043 362 3002 3110
4 4043 3002 362 361
4 3436 365 3663 364
4 3436 3663 365 3352
4 4216 4250 3009 3807
4 3009 4250 4216 3203
4 3713 2751 2805 2953
4 3713 2805 2751 3186
4 4232 128 80 33
4 4232 80 128 3910
4 3980 4295 3479 3126
4 3479 4295 3980 2765
4 3046 3713 2692 3186
4 2751 2692 3713 3186
4 2751 3713 2692 3204
4 3127 2558 2857 2764
4 3127 2857 2558 2772
4 1429 1416 4249 1417
4 1429 4249 1416 1428
4 3906 1884 4230 1882
4 3906 4230 1884 3414
4 2654 2647 4139 2521
4 2594 4139 2647 2521
4 4068 1589 1482 3353
4 4068 1482 1589 1597
4 3851 3799 3850 2502
4 3851 3850 3799 3373
4 3770 1059 3375 1068
4 3770 3375 1059 3769
4 4290 2559 2672 3726
4 4290 2672 2559 4220
4 3929 1241 2239 2240
4 3929 2239 1241 1240
4 3570 2567 3191 2703
4 2640 3191 2567 2703
4 3619 1299 2923 1295
4 3619 2923 1299 3455
4 4217 2533 3076 3799
4 4217 3076 2533 2563
4 3973 4055 2659 3594
4 2659 4055 3973 3452
4 3419 4127 3855 2638
4 3855 4127 3419 2958
4 4239 3620 2902 3798
4 4239 2902 3620 2877
4 3752 4263 2678 2536
4 2678 4263 3752 2620
4 3974 1487 1486 3565
4 521 3959 3263 3807
4 989 1017 4045 987
4 1016 1017 4045 3384
4 1016 4045 1017 987
4 3779 302 318 301
4 3779 318 302 3532
4 4206 687 1532 1531
4 4206 1532 687 3153
4 2356 2354 3628 2357
4 2356 3628 2354 2353
4 2516 2561 3044 170
4 2516 3044 2561 3534
4 3876 2475 4088 2986
4 3876 4088 2475 2471
4 3056 4088 2475 2986
4 1642 3677 1645 1643
4 1645 3677 1642 3585
4 4017 625 634 4003
4 4017 634 625 633
4 2861 2498 4183 3583
4 4183 2498 2861 4041
4 3958 2955 2674 2922
4 3958 2674 2955 3213
4 4024 4099 3709 2930
4 3709 1700 4024 2930
4 726 721 3842 719
4 726 3842 721 728
4 1963 1979 4167 1962
4 1978 1979 4167 3242
4 1978 4167 1979 1962
4 3491 4072 3654 2695
4 3654 4072 3491 3796
4 1525 1541 4224 4108
4 1542 4224 1541 4108
4 2479 2454 4115 2463
4 4115 2454 2479 2480
4 4172 2723 3639 3402
4 4172 3639 2723 3216
4 750 757 3246 752
4 750 3246 757 756
4 3739 2554 4288 2673
4 3739 4288 2554 3250
4 1507 3032 1508 1509
4 1508 3032 1507 1506
4 3302 2167 2208 2209
4 3185 3712 2819 2580
4 2819 3712 3185 2588
4 4082 3167 3569 2547
4 4082 3569 3167 3165
4 3853 1927 3021 2992
4 3853 3021 1927 1914
4 2640 3570 3191 2591
4 3191 3570 2640 2567
4 248 261 3625 258
4 248 3625 261 247
4 1452 1456 4115 1457
4 4115 1456 1452 1454
4 2316 2317 3365 2315
4 2316 3365 2317 3613
4 2332 3365 2317 2315
4 2332 2317 3365 3613
4 521 540 546 520
4 546 540 521 538
4 546 545 521 520
4 521 545 546 538
4 1838 1954 4271 1949
4 1838 4271 1954 1940
4 2575 3407 3406 2763
4 3406 3407 2575 2801
4 312 341 3839 342
4 312 3839 341 3787
4 3871 756 4301 3246
4 3871 4301 756 755
4 2860 4074 3327 2652
4 3327 4074 2860 3067
4 4130 1456 4115 1454
4 4130 4115 1456 3317
4 4199 3284 4200 2610
4 3874 1653 1695 1696
4 3874 1695 1653 3418
4 584 585 3639 3459
4 1313 3639 585 3459
4 3379 325 308 307
4 3379 308 325 2817
4 1504 1515 3267 1514
4 1504 3267 1515 1505
4 4118 3211 2521 3224
4 4118 2521 3211 3964
4 3230 2483 2476 1340
4 3230 2476 2483 4131
4 2446 2476 2483 1340
4 2446 2483 2476 4131
4 1831 3108 4205 1845
4 1831 4205 3108 3673
4 3691 4103 2603 2539
4 3691 2603 4103 4212
4 3958 1398 3287 1400
4 3958 3287 1398 3213
4 3671 625 3782 3328
4 3671 3782 625 542
4 4241 785 784 783
4 4241 784 785 3553
4 3818 3124 3123 335
4 3818 3123 3124 3479
4 3523 928 3502 929
4 3523 3502 928 3049
4 521 540 3959 538
4 521 3959 540 3263
4 1479 3855 3974 1480
4 3974 3855 1479 3419
4 2197 2188 3865 2198
4 3865 2188 2197 2187
4 3532 302 2741 318
4 3532 2741 302 3322
4 320 2741 302 318
4 2849 499 497 498
4 2849 497 499 3747
4 3964 3096 2682 2555
4 2682 3096 3964 2683
4 2682 2932 3964 2555
4 3964 2932 2682 2683
4 56 3227 3562 62
4 3562 3227 56 2957
4 3866 1979 4167 1963
4 3866 4167 1979 3242
4 4037 1566 4158 3310
4 4037 4158 1566 1565
4 3832 2085 2222 3395
4 3832 2222 2085 2221
4 3269 2320 2321 2323
4 3269 2321 2320 2322
4 304 293 3772 292
4 304 3772 293 305
4 3499 3772 293 292
4 3499 293 3772 305
4 3990 1320 1314 1319
4 3990 1314 1320 3670
4 3887 200 3579 2525
4 3887 3579 200 193
4 184 3579 200 2525
4 184 200 3579 193
4 2540 4169 2686 2626
4 2686 4169 2540 3489
4 3659 2438 2441 2437
4 3659 2441 2438 3294
4 3407 2125 3406 2141
4 2142 3406 2125 2141
4 2142 2125 3406 2126
4 1356 4093 1364 1355
4 1364 4093 1356 3303
4 541 526 3671 540
4 3671 526 541 525
4 3499 266 4025 3146
4 3110 3738 325 351
4 3110 325 3738 2817
4 326 325 3738 351
4 326 3738 325 2817
4 2488 1738 2830 1740
4 3375 1069 3944 1068
4 3375 3944 1069 3555
4 4240 2179 3346 3429
4 4240 3346 2179 2152
4 3949 4076 2493 3283
4 2493 4076 3949 2900
4 3744 1247 1268 1265
4 3744 1268 1247 1251
4 4206 1530 686 1531
4 686 1530 4206 3692
4 686 687 4206 1531
4 4206 687 686 3692
4 3708 3544 2946 2569
4 3708 2946 3544 2592
4 3827 2694 4145 3086
4 4145 2694 3827 2898
4 4145 3759 3827 3086
4 3827 3759 4145 2898
4 4267 2895 3411 2604
4 4267 3411 2895 2716
4 3699 2240 3929 2239
4 3699 3929 2240 3054
4 463 459 3020 458
4 463 3020 459 464
4 4009 3394 3479 2950
4 4009 3479 3394 3497
4 4042 2542 4218 3485
4 4042 4218 2542 3604
4 3531 107 121 3001
4 3531 121 107 112
4 651 4138 652 653
4 654 652 4138 653
4 654 4138 652 3751
4 4257 3502 3072 3330
4 4257 3072 3502 4229
4 4024 1640 1666 1665
4 4024 1666 1640 3891
4 3751 2668 2894 2890
4 3751 2894 2668 3014
4 4038 3239 2816 2632
4 4038 2816 3239 2775
4 3346 2186 3429 2180
4 3346 3429 2186 3953
4 3801 4070 2496 3275
4 2496 4070 3801 2963
4 4144 1815 3556 1805
4 4144 3556 1815 3829
4 1571 4036 1540 3253
4 1571 1540 4036 1569
4 1539 1540 4036 3253
4 1539 4036 1540 1569
4 807 4039 784 3062
4 807 784 4039 808
4 786 784 4039 3062
4 786 4039 784 808
4 1891 3631 1906 1911
4 1906 3631 1891 4107
4 526 558 3788 569
4 3788 558 526 527
4 2846 3896 2490 2985
4 3765 2539 2603 3380
4 3765 2603 2539 3691
4 373 3703 383 371
4 383 3703 373 3484
4 2831 3835 2570 2674
4 2570 3835 2831 2675
4 2859 247 244 246
4 2859 244 247 248
4 1955 1940 4163 1941
4 4163 1940 1955 1954
4 4063 2515 3653 3494
4 4063 3653 2515 2753
4 3526 2537 4142 2500
4 3526 4142 2537 2994
4 2782 4142 2537 2500
4 2782 2537 4142 2994
4 4116 1135 3540 4062
4 4116 3540 1135 1127
4 3640 1023 3951 1024
4 3640 3951 1023 3324
4 2789 3156 3985 2705
4 2789 3985 3156 2804
4 2633 3985 3156 2705
4 2633 3156 3985 2804
4 3479 3359 3497 2649
4 3479 3497 3359 2852
4 4283 3959 526 539
4 526 3959 4283 3788
4 526 569 4283 539
4 4283 569 526 3788
4 3143 4146 4249 1415
4 3143 4249 4146 3082
4 1416 4249 4146 1415
4 1416 4146 4249 3082
4 3662 2779 3992 3075
4 3662 3992 2779 3094
4 3760 4126 399 2901
4 399 4126 3760 389
4 3933 1837 3400 1946
4 3933 3400 1837 3331
4 3709 1658 2930 3291
4 3709 2930 1658 1667
4 1659 2930 1658 3291
4 4027 4057 3067 2671
4 3067 4057 4027 2822
4 3051 3632 2865 3049
4 2865 3632 3051 3050
4 2865 2920 3051 3049
4 3051 2920 2865 3050
4 3714 795 4297 3415
4 3714 4297 795 803
4 3915 4129 2882 3674
4 2882 4129 3915 3228
4 4199 2710 3284 3003
4 4199 3284 2710 4200
4 3112 885 866 884
4 3112 866 885 886
4 879 866 885 884
4 879 885 866 886
4 728 734 3568 731
4 3568 734 728 732
4 4084 2651 3114 3036
4 4084 3114 2651 3029
4 3007 3158 2737 3006
4 2737 3158 3007 2658
4 4132 2508 2547 3813
4 4132 2547 2508 3270
4 1284 2325 3584 2324
4 1284 3584 2325 1285
4 3877 1638 1631 3316
4 3877 1631 1638 1630
4 3829 2907 4205 3673
4 3829 4205 2907 3666
4 1703 1699 3202 1704
4 3202 1699 1703 1700
4 3951 1024 4059 3640
4 3951 4059 1024 1032
4 1033 1024 4059 1032
4 1656 3884 1657 1654
4 1656 1657 3884 3004
4 1655 1657 3884 1654
4 1655 3884 1657 3004
4 1183 1174 3925 1182
4 1183 3925 1174 1175
4 3507 3043 3747 2940
4 3507 3747 3043 3508
4 438 3507 3747 2940
4 438 3747 3507 3508
4 431 3507 438 2940
4 431 438 3507 3508
4 3483 2795 2903 2796
4 3483 2903 2795 3422
4 3806 180 3720 3645
4 3806 3720 180 183
4 3431 3430 3866 1980
4 3431 3866 3430 3242
4 1979 3866 3430 1980
4 1979 3430 3866 3242
4 3720 152 138 3332
4 3720 138 152 142
4 3039 4151 143 2590
4 3039 143 4151 3179
4 3861 143 4151 2590
4 3861 4151 143 3179
4 3789 1824 3412 1826
4 3789 3412 1824 3187
4 706 3658 709 713
4 709 3658 706 708
4 4071 1130 3425 1122
4 4071 3425 1130 3688
4 3685 2596 3757 2846
4 3685 3757 2596 2742
4 3497 4096 3359 2852
4 3359 4096 3497 2616
4 3934 1819 3018 2426
4 3934 3018 1819 3824
4 4084 3018 1819 2426
4 4084 1819 3018 3824
4 1427 3258 1421 1434
4 1421 3258 1427 3143
4 693 3797 678 694
4 678 3797 693 3262
4 3824 1817 1807 3750
4 3824 1807 1817 1818
4 812 4167 779 3509
4 812 779 4167 813
4 780 779 4167 3509
4 780 4167 779 813
4 3826 1017 989 1018
4 989 991 3826 1018
4 3826 991 989 3388
4 3398 2815 2684 2550
4 3398 2684 2815 2910
4 3867 410 417 408
4 417 410 3867 3672
4 417 418 3867 408
4 3867 418 417 3672
4 4105 786 787 788
4 4105 787 786 3553
4 3901 898 897 3632
4 3441 562 4283 565
4 3441 4283 562 3255
4 4241 3062 2895 3611
4 4241 2895 3062 3553
4 3055 680 3797 696
4 3055 3797 680 4085
4 695 3797 680 696
4 695 680 3797 4085
4 4167 3883 3509 3148
4 4167 3509 3883 3101
4 3736 2153 3777 3346
4 3736 3777 2153 2147
4 2242 2153 3777 2147
4 2707 3706 2656 2574
4 2656 3706 2707 3036
4 3601 1045 1628 1970
4 3601 1628 1045 3397
4 4306 2974 271 3417
4 4306 271 2974 3135
4 3507 331 3123 336
4 3507 3123 331 3815
4 3266 3507 3544 2766
4 3544 3507 3266 2940
4 270 4276 3057 272
4 3057 4276 270 3902
4 95 3385 91 88
4 91 3385 95 3323
4 4060 3799 4095 2541
4 4060 4095 3799 2518
4 4289 1916 2891 3113
4 4289 2891 1916 1917
4 1414 3297 598 1420
4 598 3297 1414 600
4 3687 1514 3267 2955
4 3687 3267 1514 1504
4 1280 1283 2988 1279
4 1280 2988 1283 3296
4 2874 2614 2964 2576
4 2874 2964 2614 2774
4 3625 3276 258 3858
4 3625 258 3276 248
4 801 3714 793 802
4 801 793 3714 3125
4 794 793 3714 802
4 794 3714 793 3125
4 3952 2863 2762 3601
4 3952 2762 2863 3444
4 3777 2250 2153 2242
4 3777 2153 2250 3346
4 1325 1316 4172 1324
4 4172 1316 1325 1317
4 559 3982 561 649
4 559 561 3982 3716
4 650 561 3982 649
4 650 3982 561 3716
4 996 973 3755 964
4 3755 973 996 997
4 737 729 3785 730
4 737 3785 729 752
4 652 3982 4138 651
4 4138 3982 652 3751
4 1063 1084 3617 1083
4 3617 1084 1063 1062
4 2208 2165 3416 2207
4 2163 2165 3416 3361
4 2163 3416 2165 2207
4 3600 284 261 269
4 3600 261 284 278
4 1956 2490 1955 1958
4 1959 2846 2490 1958
4 2490 2846 1959 3896
4 1956 1959 2490 1958
4 2490 1959 1956 3896
4 309 2817 3321 326
4 3321 2817 309 3603
4 238 228 3196 227
4 238 3196 228 239
4 1393 1386 3733 1387
4 1393 3733 1386 3705
4 737 4105 751 789
4 737 751 4105 3553
4 787 751 4105 789
4 787 4105 751 3553
4 2033 2193 3748 2203
4 3748 2193 2033 2034
4 3737 2404 3520 3115
4 3737 3520 2404 2395
4 1752 4007 2879 1758
4 2879 4007 1752 4006
4 2360 4007 2110 4006
4 2360 2110 4007 2361
4 2111 2110 4007 4006
4 2111 4007 2110 2361
4 1362 3965 1360 1361
4 1360 3965 1362 3132
4 4089 1159 3156 3686
4 4089 3156 1159 1160
4 3867 4052 418 3672
4 418 4052 3867 3371
4 4051 2272 2186 3346
4 4051 2186 2272 2280
4 4058 2869 4059 3885
4 4058 4059 2869 3204
4 4224 1412 3716 589
4 4224 3716 1412 4108
4 3977 3716 1412 589
4 3977 1412 3716 4108
4 3326 848 847 3313
4 3326 847 848 839
4 4307 3407 2009 3449
4 1196 3863 1195 1194
4 1193 1195 3863 1194
4 1193 3863 1195 3298
4 3615 218 217 3273
4 3615 217 218 220
4 4078 2306 3348 3895
4 4078 3348 2306 2266
4 1417 594 3082 1411
4 1417 3082 594 593
4 4292 2806 4009 2923
4 4292 4009 2806 2587
4 2450 2483 3333 1310
4 2450 3333 2483 4131
4 3230 3333 2483 1310
4 3230 2483 3333 4131
4 3152 2055 2034 2032
4 3152 2034 2055 4278
4 1103 3627 1125 3540
4 1103 1125 3627 1104
4 1126 1125 3627 3540
4 1126 3627 1125 1104
4 3531 179 194 185
4 3531 194 179 3001
4 1765 4001 3426 1776
4 3426 4001 1765 3582
4 3687 1505 1494 3258
4 413 404 4246 403
4 413 4246 404 414
4 3445 4246 404 403
4 3445 404 4246 414
4 1895 3631 3644 1894
4 3644 3631 1895 3937
4 3644 1890 1895 1894
4 1895 1890 3644 3937
4 4120 3790 2942 3089
4 2942 3790 4120 2912
4 2942 3543 4120 3089
4 4120 3543 2942 2912
4 4270 446 3508 448
4 4270 3508 446 3629
4 3629 455 3292 447
4 3629 3292 455 4293
4 2662 3981 2767 2562
4 2767 3981 2662 2591
4 3779 337 3787 315
4 3779 3787 337 2883
4 371 4253 370 360
4 370 4253 371 3703
4 1686 3874 1684 1685
4 1684 3874 1686 3013
4 2691 3885 3011 2869
4 3011 3885 2691 3471
4 3934 1808 1819 2422
4 3934 1819 1808 3824
4 4059 1025 1024 1033
4 4059 1024 1025 3640
4 3558 3085 4277 3035
4 3558 4277 3085 3234
4 4253 370 3147 3703
4 4253 3147 370 359
4 3236 4222 3536 2746
4 3536 4222 3236 3128
4 678 4085 694 3797
4 678 694 4085 679
4 695 694 4085 3797
4 695 4085 694 679
4 4267 2728 2887 2604
4 4267 2887 2728 3883
4 1188 4268 3766 1212
4 3766 4268 1188 3931
4 1588 4231 1662 1580
4 1662 4231 1588 3869
4 4120 2551 3392 2731
4 4120 3392 2551 3809
4 4160 862 852 3182
4 4160 852 862 861
4 1392 1399 3290 1401
4 3290 1399 1392 1390
4 3519 691 676 675
4 3519 676 691 4221
4 2261 3638 2262 2168
4 2261 2262 3638 3348
4 2169 2262 3638 2168
4 2169 3638 2262 3348
4 4036 1539 1567 1569
4 4036 1567 1539 4037
4 2786 823 3321 822
4 2786 3321 823 4140
4 1304 2927 1300 3455
4 1300 2927 1304 4121
4 3716 559 3977 3268
4 3716 3977 559 561
4 560 3977 559 3268
4 560 559 3977 561
4 3891 4039 3291 1617
4 3291 4039 3891 3037
4 207 3273 205 206
4 4158 2779 3439 3094
4 4158 3439 2779 3310
4 4106 2966 2779 3310
4 4106 2779 2966 3624
4 2074 2222 3395 2223
4 2074 3395 2222 2085
4 1173 1182 3925 1174
4 3925 1182 1173 1181
4 1914 1926 3021 1927
4 1914 3021 1926 1913
4 1240 1214 3929 1223
4 3929 1214 1240 1233
4 3697 2742 2994 2631
4 3697 2994 2742 3684
4 1844 1858 3482 1856
4 1844 3482 1858 1846
4 4295 3461 2940 3124
4 4295 2940 3461 3911
4 4149 68 3283 4076
4 4149 3283 68 71
4 4105 3509 811 777
4 4105 811 3509 2887
4 3279 2789 2681 3178
4 3279 2681 2789 3162
4 4034 474 3837 483
4 4034 3837 474 3163
4 2386 4213 2397 2387
4 2397 4213 2386 3535
4 3615 217 3840 3048
4 3615 3840 217 219
4 2155 3713 4128 2154
4 4128 3713 2155 2953
4 2023 4029 3128 2021
4 3128 4029 2023 4015
4 3957 467 4270 531
4 3957 4270 467 3163
4 2546 4288 3250 3411
4 3250 4288 2546 3739
4 240 3196 3146 239
4 3146 3196 240 3608
4 3146 252 240 239
4 240 252 3146 3608
4 349 360 4253 361
4 349 4253 360 348
4 3151 2866 1336 3056
4 4043 2817 2952 3379
4 4043 2952 2817 3110
4 3741 2952 2817 3379
4 3741 2817 2952 3110
4 2275 4066 2282 2283
4 2282 4066 2275 3427
4 3988 2792 2962 3724
4 3988 2962 2792 3475
4 1086 3773 1072 1073
4 1072 3773 1086 3034
4 3767 961 943 944
4 3767 943 961 3388
4 3844 2850 4185 3240
4 3844 4185 2850 2775
4 862 865 4166 866
4 4166 865 862 853
4 4160 4185 3844 2775
4 3844 4185 4160 876
4 3844 3239 4160 2775
4 4160 3239 3844 876
4 3273 208 205 2491
4 3273 205 208 207
4 1418 3405 1417 4249
4 3082 3405 1417 1411
4 3082 1417 3405 4249
4 1184 3745 4168 1192
4 4168 3745 1184 1217
4 4168 1216 1184 1192
4 1184 1216 4168 1217
4 3323 3527 3393 97
4 3393 3527 3323 3526
4 863 883 4129 882
4 863 4129 883 864
4 434 336 3124 335
4 434 3124 336 427
4 4160 4185 3506 874
4 3506 4185 4160 2775
4 4307 3406 2763 3074
4 4307 2763 3406 3407
4 3962 1576 3073 1575
4 3962 3073 1576 3559
4 3527 168 2867 3275
4 3527 2867 168 153
4 4154 3192 2556 2703
4 4154 2556 3192 4053
4 247 2859 3347 246
4 247 3347 2859 3625
4 2281 4051 2273 2280
4 2281 2273 4051 3427
4 2272 2273 4051 2280
4 2272 4051 2273 3427
4 4052 698 417 3672
4 4052 417 698 699
4 976 967 3122 975
4 3122 967 976 968
4 552 575 4061 576
4 552 4061 575 551
4 3891 4039 1615 3037
4 1615 4039 3891 1616
4 3051 946 963 945
4 3051 963 946 3770
4 2835 2541 2656 2608
4 2835 2656 2541 4217
4 4167 1978 1620 1962
4 4167 1620 1978 3341
4 2421 3029 4155 2420
4 4155 3029 2421 3389
4 2412 2421 3389 2419
4 2412 3389 2421 2414
4 4269 515 3545 3255
4 4269 3545 515 505
4 693 4221 677 3262
4 693 677 4221 692
4 676 677 4221 3262
4 676 4221 677 692
4 541 548 3782 542
4 3782 548 541 547
4 3676 3907 3294 3589
4 3294 3907 3676 2860
4 1428 3664 1435 1436
4 1435 3664 1428 3142
4 1632 1639 3891 1631
4 1632 3891 1639 1640
4 473 483 4034 484
4 4034 483 473 474
4 3901 878 3844 3239
4 3901 3844 878 880
4 3941 2385 3521 3098
4 3941 3521 2385 2389
4 3441 2725 3082 2844
4 3441 3082 2725 2845
4 2099 2079 3605 2080
4 2099 3605 2079 2098
4 3813 2606 2888 2677
4 2888 2606 3813 2635
4 2888 2739 3813 2677
4 3813 2739 2888 2635
4 1246 3745 1250 1176
4 1250 3745 1246 3744
4 3835 4143 4016 2526
4 4016 4143 3835 2570
4 4130 1456 1460 3317
4 2370 3175 2972 3780
4 2972 3175 2370 4262
4 4256 1017 1042 1041
4 4256 1042 1017 3826
4 4258 1043 1019 1044
4 1019 1043 4258 3826
4 1019 1020 4258 1044
4 4258 1020 1019 3826
4 4071 1036 3885 4058
4 4071 3885 1036 1028
4 1027 3885 1036 4058
4 1027 1036 3885 1028
4 445 451 4201 453
4 445 4201 451 444
4 2197 3795 2198 3416
4 2197 2198 3795 2205
4 2206 2198 3795 3416
4 2206 3795 2198 2205
4 3196 215 227 228
4 3196 227 215 4110
4 266 4025 268 281
4 268 4025 266 3608
4 1635 3529 1634 1660
4 1635 1634 3529 3291
4 1658 1634 3529 1660
4 1658 3529 1634 3291
4 3416 2577 3302 2884
4 3416 3302 2577 2805
4 4275 503 511 512
4 4275 511 503 3447
4 1920 1917 3498 1921
4 1920 3498 1917 2891
4 718 727 3169 725
4 718 3169 727 720
4 2182 3865 3852 2181
4 3852 3865 2182 3356
4 3021 4163 3113 2708
4 3021 3113 4163 1928
4 1929 3113 4163 2708
4 1929 4163 3113 1928
4 1638 4231 1630 1637
4 1638 1630 4231 3877
4 1629 1630 4231 1637
4 1629 4231 1630 3877
4 4213 2373 3521 2379
4 4213 3521 2373 4157
4 2372 3521 2373 2379
4 2372 2373 3521 4157
4 3596 2802 2670 2977
4 3596 2670 2802 2978
4 4193 3670 2814 3159
4 4193 2814 3670 3012
4 4262 2375 3535 2388
4 4262 3535 2375 3970
4 3300 3535 2375 2388
4 3300 2375 3535 3970
4 3520 2485 2406 2395
4 3520 2406 2485 3535
4 2396 2406 2485 2395
4 2396 2485 2406 3535
4 1433 1419 3923 1420
4 3923 1419 1433 1432
4 2290 3895 2297 2298
4 2297 3895 2290 3201
4 4093 1363 3923 2791
4 4093 3923 1363 1357
4 2320 2323 3170 2341
4 2320 3170 2323 3269
4 2714 3170 2323 2341
4 2714 2323 3170 3269
4 4206 2721 3692 2855
4 4206 3692 2721 3153
4 1658 1666 2930 1659
4 2930 1666 1658 1667
4 4108 1549 1542 3245
4 4108 1542 1549 1541
4 2266 3349 2263 2265
4 2263 3349 2266 3348
4 3389 2651 2733 3029
4 3389 2733 2651 2996
4 4150 103 2501 86
4 4150 2501 103 2991
4 4286 982 981 3390
4 4286 981 982 983
4 3302 2812 2682 3201
4 3302 2682 2812 2884
4 3495 2730 3833 3178
4 3495 3833 2730 3034
4 4240 2176 3406 2149
4 4240 3406 2176 3852
4 3074 2176 3406 3852
4 3963 2755 2942 2760
4 3963 2942 2755 3089
4 4202 1109 1140 3555
4 4202 1140 1109 1112
4 3296 2525 2647 2654
4 3296 2647 2525 2680
4 3191 3392 3595 2767
4 3595 3392 3191 2834
4 3595 3810 3191 2767
4 3675 3129 3136 3517
4 3675 3136 3129 2594
4 3833 3743 2789 2540
4 3833 2789 3743 2693
4 1788 2418 3804 1801
4 1788 3804 2418 2411
4 1639 1665 4024 1664
4 1639 4024 1665 1640
4 4271 1839 1940 1838
4 4271 1940 1839 2992
4 3937 1877 1888 1889
4 3937 1888 1877 3633
4 3193 79 3562 63
4 3193 3562 79 4050
4 61 3562 79 63
4 61 79 3562 4050
4 3659 2713 3589 2928
4 3659 3589 2713 3294
4 1290 1293 4091 1289
4 4091 1293 1290 1294
4 4247 4198 3735 2507
4 4247 3735 4198 2535
4 3506 2673 3161 2886
4 3506 3161 2673 3019
4 3121 290 302 289
4 3121 302 290 3322
4 4283 536 533 3545
4 1941 1926 3021 1931
4 1941 3021 1926 1938
4 3749 2274 2251 2252
4 3749 2251 2274 3427
4 3857 1368 2791 3687
4 3857 2791 1368 1369
4 159 3636 2867 175
4 2867 3636 159 2507
4 1859 1846 3789 1847
4 1859 3789 1846 1858
4 2215 2217 3865 2214
4 2215 3865 2217 2218
4 3347 2567 3196 2640
4 3347 3196 2567 2661
4 2703 3196 2567 2640
4 2703 2567 3196 2661
4 2629 4260 3732 2544
4 3732 4260 2629 2847
4 2486 3730 2433 2928
4 3659 2433 3730 2928
4 3659 3730 2433 2434
4 486 1346 3329 491
4 486 3329 1346 487
4 3686 2789 2804 3162
4 3686 2804 2789 3156
4 676 3575 3618 668
4 3618 667 676 668
4 676 667 3618 675
4 4270 454 446 456
4 4270 446 454 3629
4 2187 2182 3865 2188
4 2187 3865 2182 2181
4 916 932 3915 933
4 3915 932 916 915
4 1326 1317 3639 1325
4 3639 1317 1326 1318
4 3747 4187 3009 2849
4 3009 4187 3747 3010
4 1347 491 3329 1346
4 1347 3329 491 1348
4 4201 435 444 445
4 4201 444 435 3394
4 3456 2927 1303 3455
4 3456 1303 2927 3025
4 1729 1733 4215 1734
4 4215 1733 1729 1726
4 4164 4197 685 684
4 918 904 4225 903
4 4225 904 918 919
4 3255 514 4269 515
4 3255 4269 514 4270
4 3495 3627 1089 1088
4 1089 3627 3495 3178
4 4213 2386 2374 2387
4 4213 2374 2386 3300
4 4230 1928 1913 1915
4 4230 1913 1928 3021
4 1859 1875 3243 1874
4 3243 1875 1859 1860
4 3772 4101 304 303
4 304 4101 3772 3090
4 4176 3132 2925 3719
4 4176 2925 3132 3160
4 1231 2231 3932 1230
4 2230 2231 3932 3448
4 2230 3932 2231 1230
4 3813 4064 2739 2635
4 2739 4064 3813 3569
4 1256 1260 4233 1261
4 1256 4233 1260 1259
4 3713 4128 3763 2953
4 3763 4128 3713 2000
4 3692 4197 4164 3014
4 4164 4197 3692 685
4 2850 4044 3388 2944
4 3388 4044 2850 3240
4 3322 296 309 290
4 3322 309 296 3603
4 308 309 296 290
4 308 296 309 3603
4 1296 1299 3619 1295
4 3619 1299 1296 1300
4 897 895 3901 896
4 897 3901 895 898
4 3697 2631 3757 2742
4 3697 3757 2631 3257
4 856 848 3313 847
4 3313 848 856 857
4 3718 4107 1869 3036
4 3718 1869 4107 1868
4 4084 1869 4107 3036
4 4084 4107 1869 1868
4 4074 3986 2744 3067
4 4074 2744 3986 3319
4 4298 2744 3986 3067
4 4298 3986 2744 3319
4 4186 833 368 3598
4 4186 368 833 380
4 4307 2009 1985 2170
4 1985 2009 4307 3407
4 1985 2140 4307 2170
4 4307 2140 1985 3407
4 4247 168 2516 3636
4 4247 2516 168 170
4 3955 2202 2209 2201
4 3895 2682 3734 3201
4 3895 3734 2682 3097
4 2932 3734 2682 3201
4 2932 2682 3734 3097
4 4166 863 853 854
4 4166 853 863 865
4 666 675 3618 667
4 666 3618 675 674
4 3469 829 3868 3315
4 3469 3868 829 828
4 1765 1775 4001 1776
4 4001 1775 1765 1764
4 2017 2211 4243 2042
4 2017 4243 2211 2173
4 1184 1175 3745 1183
4 1184 3745 1175 1176
4 3297 1414 3143 1420
4 3297 3143 1414 4146
4 1413 3143 1414 1420
4 1413 1414 3143 4146
4 3955 3954 2209 2202
4 3955 2209 3954 3302
4 2210 2209 3954 2202
4 2210 3954 2209 3302
4 3858 3120 2800 3121
4 3858 2800 3120 3625
4 590 557 3977 560
4 590 3977 557 595
4 4168 2916 2598 3026
4 4168 2598 2916 3745
4 4224 3245 3083 4108
4 4224 3083 3245 3244
4 1485 1487 3565 1486
4 1485 3565 1487 1488
4 1822 3789 1820 1842
4 1822 1820 3789 3482
4 1840 1820 3789 1842
4 1840 3789 1820 3482
4 1458 1533 4130 1460
4 1458 4130 1533 1557
4 2034 2031 4128 2032
4 4128 2031 2034 2033
4 4283 569 568 567
4 4283 568 569 3788
4 843 858 3696 855
4 3696 858 843 849
4 387 831 3326 375
4 3326 831 387 838
4 3939 278 263 3600
4 3939 263 278 277
4 2334 3628 3343 2351
4 3343 3628 2334 2964
4 1729 3924 1727 1728
4 1727 3924 1729 1726
4 1732 1726 4215 1725
4 4215 1726 1732 1733
4 1259 3778 4023 4233
4 1056 1058 3769 1059
4 1056 3769 1058 1057
4 4156 211 222 3754
4 4156 222 211 214
4 4300 2867 3275 2979
4 4300 3275 2867 3636
4 999 1008 3122 1000
4 3122 1008 999 1007
4 1720 4215 1717 1718
4 1717 4215 1720 1721
4 1261 1262 4233 1263
4 1261 4233 1262 1260
4 2032 2029 3152 2030
4 3152 2029 2032 2031
4 1135 4116 1151 4062
4 1135 1151 4116 1136
4 1152 1151 4116 4062
4 1152 4116 1151 1136
4 1313 584 3639 1311
4 3639 584 1313 585
4 1064 1083 3978 1085
4 1064 3978 1083 1063
4 1882 1871 3854 1870
4 3854 1871 1882 1883
4 544 4061 4216 543
4 4216 4061 544 519
4 4216 518 544 543
4 544 518 4216 519
4 4268 1178 1187 3931
4 4268 1187 1178 1186
4 1667 3709 3529 1658
4 3529 3709 1667 1668
4 3529 1660 1667 1658
4 1667 1660 3529 1668
4 1185 4268 1177 1186
4 1185 1177 4268 3279
4 1178 1177 4268 1186
4 1178 4268 1177 3279
4 998 1007 4285 999
4 998 4285 1007 1006
4 1341 4093 1353 3923
4 3612 1705 3013 1679
4 3612 3013 1705 1706
4 1686 3013 1705 1679
4 1686 1705 3013 1706
4 1389 1382 3287 1381
4 3287 1382 1389 1390
4 2222 2211 3832 2214
4 2222 3832 2211 2221
4 1541 1412 4108 1525
4 1541 4108 1412 1424
4 2066 2084 3144 2082
4 3144 2084 2066 2085
4 4033 2351 3198 3628
4 4033 3198 2351 2350
4 3343 3198 2351 3628
4 3343 2351 3198 2350
4 2173 2212 4307 2211
4 2173 4307 2212 2174
4 1562 1606 4158 1607
4 1562 4158 1606 1560
4 1828 4155 2425 2424
4 2425 4155 1828 3727
4 296 307 3939 308
4 3939 307 296 295
4 1525 1542 4224 1541
4 4224 1542 1525 1526
4 2041 2066 4243 2065
4 4243 2066 2041 2042
4 3931 2681 2916 2823
4 3931 2916 2681 3162
4 4305 3226 1204 3932
4 4305 1204 3226 4089
4 3713 3046 1147 3186
4 3713 1147 3046 3688
4 4107 3498 2707 3232
4 4107 2707 3498 3836
4 2891 2707 3498 3232
4 2891 3498 2707 3836
4 2068 2086 3236 2087
4 3236 2086 2068 2067
4 4063 2599 4220 3257
4 4063 4220 2599 3494
4 469 473 478 476
4 478 473 469 468
4 1397 1523 3066 1524
4 3066 1523 1397 1405
4 966 975 3122 967
4 3122 975 966 974
4 223 3963 3754 221
4 223 3754 3963 4181
4 1368 1364 2791 1363
4 2791 1364 1368 1369
4 3943 3334 2599 3757
4 3943 2599 3334 2991
4 1766 1757 3582 1756
4 3582 1757 1766 1764
4 2490 1960 1954 1961
4 2490 1954 1960 2985
4 2846 3685 2490 1961
4 2846 2490 3685 2985
4 3685 1960 2490 1961
4 3685 2490 1960 2985
4 758 767 3568 759
4 3568 767 758 766
4 4033 2351 2353 2352
4 4033 2353 2351 3628
4 812 777 3509 779
4 3509 777 812 811
4 3244 1528 1527 4164
4 1527 1528 3244 4279
4 422 414 4246 413
4 4246 414 422 423
4 334 432 3818 433
4 334 3818 432 333
4 1605 1560 4130 1558
4 1605 4130 1560 1606
4 3698 833 840 3598
4 3698 840 833 841
4 1489 1480 3974 1490
4 1489 3974 1480 1479
4 4066 3734 3201 3895
4 4066 3201 3734 3680
4 540 539 3959 538
4 3959 539 540 526
4 3517 4152 2328 3129
4 1249 1264 3778 1259
4 3778 1264 1249 1248
4 3778 4023 1249 1259
4 1249 4023 3778 1248
4 3905 2672 2880 3095
4 3905 2880 2672 3059
4 1292 1323 4172 1315
4 4172 1323 1292 1289
4 4172 3064 1292 1315
4 1292 3064 4172 1289
4 3399 3508 3815 2946
4 3399 3815 3508 3507
4 2766 3815 3508 2946
4 2766 3508 3815 3507
4 239 250 3146 252
4 239 3146 250 238
4 919 935 3330 936
4 919 3330 935 918
4 1375 1370 2925 1369
4 2925 1370 1375 1376
4 2287 3198 2350 2279
4 2287 2350 3198 4033
4 940 921 3221 922
4 940 3221 921 939
4 4062 3349 2811 3350
4 4062 2811 3349 3638
4 2124 2141 3407 2140
4 3407 2141 2124 2125
4 4277 2994 2782 4142
4 4277 2782 2994 3234
4 2401 2412 3804 2411
4 3804 2412 2401 2402
4 551 519 4061 524
4 4061 519 551 544
4 283 292 3499 293
4 3499 292 283 276
4 1298 1294 3619 1295
4 3619 1294 1298 1293
4 2463 2478 3588 2479
4 2463 3588 2478 2461
4 1734 1750 3573 1751
4 3573 1750 1734 1733
4 1894 3631 1896 1910
4 1894 1896 3631 3644
4 4113 1904 1902 1898
4 4113 1902 1904 1903
4 1820 1810 3482 1809
4 3482 1810 1820 1821
4 2382 2366 4007 2367
4 4007 2366 2382 2381
4 460 502 3447 453
4 460 3447 502 511
4 1112 1113 4202 1114
4 1112 4202 1113 1111
4 4110 227 3840 238
4 4110 3840 227 226
4 237 3840 227 238
4 237 227 3840 226
4 3628 2340 3675 2339
4 3628 3675 2340 2714
4 1847 1860 3789 1859
4 3789 1860 1847 1848
4 776 767 3755 775
4 776 3755 767 768
4 1374 1514 3687 1383
4 3687 1514 1374 1504
4 1493 1363 3687 1471
4 1493 3687 1363 1368
4 2383 2367 3737 2368
4 3737 2367 2383 2382
4 1786 1799 4001 1797
4 4001 1799 1786 1785
4 529 625 3671 609
4 3671 625 529 542
4 3256 1271 3744 1270
4 3256 3744 1271 3355
4 525 542 3671 529
4 3671 542 525 541
4 1872 1857 3906 1856
4 1872 3906 1857 1870
4 1327 1318 3990 1326
4 3990 1318 1327 1319
4 974 965 4285 972
4 974 4285 965 966
4 970 955 4257 954
4 970 4257 955 971
4 4237 1957 1946 4013
4 4237 1946 1957 1943
4 1492 1558 4130 1459
4 4130 1558 1492 1605
4 2040 2065 3432 2064
4 3432 2065 2040 2041
4 1494 1471 3258 1472
4 3258 1471 1494 1493
4 1391 1381 3287 1383
4 1391 3287 1381 1389
4 1338 1298 4244 1301
4 1338 4244 1298 1334
4 1822 1809 3482 1811
4 3482 1809 1822 1820
4 2039 2064 3432 2063
4 2039 3432 2064 2040
4 946 1053 3523 1054
4 946 3523 1053 947
4 674 665 3618 673
4 3618 665 674 666
4 415 423 4246 424
4 415 4246 423 414
4 480 549 4245 471
4 4245 549 480 573
4 351 362 3110 363
4 351 3110 362 350
4 588 579 3919 587
4 3919 579 588 580
4 3919 3344 588 587
4 588 3344 3919 580
4 2102 2108 2972 2101
4 2972 2108 2102 2109
4 1435 1467 3664 1466
4 1435 3664 1467 1436
4 1164 1165 3157 1166
4 3157 1165 1164 1163
4 726 740 3602 736
4 726 3602 740 725
4 729 732 3246 728
4 3246 732 729 733
4 1432 1341 3923 1419
4 3923 1341 1432 1353
4 750 749 3785 748
4 3785 749 750 751
4 2403 2393 3115 2394
4 3115 2393 2403 2402
4 3778 2654 3584 3355
4 3778 3584 2654 3296
4 3065 3889 2729 2792
4 2729 3889 3065 2897
4 1915 1898 4230 1897
4 4230 1898 1915 1913
4 348 324 4043 323
4 348 4043 324 349
4 902 884 4129 882
4 4129 884 902 903
4 626 609 3328 625
4 3328 609 626 611
4 915 901 3915 900
4 3915 901 915 916
4 766 775 3764 767
4 3764 775 766 774
4 2063 2080 3432 2079
4 3432 2080 2063 2064
4 4283 537 3959 539
4 4283 3959 537 536
4 538 3959 537 539
4 538 537 3959 536
4 1897 1916 4230 1915
4 1897 4230 1916 1899
4 3113 4230 1916 1915
4 3113 1916 4230 1899
4 1874 1858 3243 1859
4 1874 3243 1858 1873
4 3414 3243 1858 1859
4 3414 1858 3243 1873
4 1175 1163 3845 1174
4 3845 1163 1175 1165
4 371 361 4253 360
4 371 4253 361 373
4 1067 1068 3944 1069
4 1067 3944 1068 1066
4 2394 2381 4007 2382
4 4007 2381 2394 2393
4 4007 3737 2394 2382
4 1723 2067 3236 1716
4 1723 3236 2067 2086
4 1398 1390 3287 1389
4 3287 1390 1398 1399
4 1309 1302 3456 1307
4 3456 1302 1309 1305
4 1454 1460 4130 1456
4 1454 4130 1460 1458
4 4049 2787 2828 3365
4 4049 2828 2787 3926
4 867 857 3674 856
4 3674 857 867 869
4 553 576 3459 577
4 553 3459 576 552
4 1787 1775 4001 1777
4 4001 1775 1787 1785
4 362 373 3002 374
4 362 3002 373 361
4 1003 979 3471 978
4 3471 979 1003 1004
4 1383 1375 3857 1374
4 3857 1375 1383 1381
4 1496 1473 3707 1474
4 1496 3707 1473 1495
4 3699 4078 2308 2270
4 3699 2259 2308 2309
4 2308 2259 3699 2270
4 929 955 4229 947
4 929 4229 955 938
4 4049 1276 2787 1277
4 4049 2787 1276 3926
4 690 1533 3522 1534
4 690 3522 1533 689
4 3576 2392 3804 2401
4 3576 3804 2392 2393
4 2402 3804 2392 2401
4 2402 2392 3804 2393
4 1491 1459 3587 1455
4 3587 1459 1491 1492
4 2098 2078 3967 2079
4 2098 3967 2078 2097
4 864 854 3480 855
4 3480 854 864 863
4 3480 4129 864 855
4 864 4129 3480 863
4 1167 1246 3845 1242
4 3845 1246 1167 1176
4 2218 2216 3865 2219
4 2218 3865 2216 2215
4 1165 1176 3845 1167
4 1165 3845 1176 1175
4 2382 2395 3737 2394
4 2382 3737 2395 2383
4 2024 2045 3128 2047
4 3128 2045 2024 2022
4 4233 1266 1280 1260
4 4233 1280 1266 3778
4 1307 1303 3456 1308
4 1307 3456 1303 1302
4 1882 1899 4230 1897
4 4230 1899 1882 1884
4 953 937 3330 936
4 3330 937 953 954
4 1368 1504 3687 1374
4 1368 3687 1504 1493
4 1809 1798 3241 1797
4 3241 1798 1809 1810
4 1494 1506 3707 1505
4 3707 1506 1494 1495
4 2096 2113 3661 2112
4 2096 3661 2113 2097
4 917 933 3915 934
4 917 3915 933 916
4 1493 1505 3687 1504
4 3687 1505 1493 1494
4 1166 1167 4305 1168
4 1166 4305 1167 1165
4 912 937 3502 928
4 3502 937 912 920
4 969 954 3471 953
4 3471 954 969 970
4 1486 1479 3974 1489
4 1486 3974 1479 1487
4 1872 1885 4289 1884
4 4289 1885 1872 1873
4 4289 3414 1872 1884
4 1872 3414 4289 1873
4 1330 1336 3402 1331
4 3402 1336 1330 1335
4 1758 2392 4007 1767
4 1758 4007 2392 2380
4 2064 2081 3605 2080
4 3605 2081 2064 2065
4 1514 1523 4092 1522
4 1514 4092 1523 1517
4 1900 1884 4289 1885
4 4289 1884 1900 1899
4 2077 2097 3967 2096
4 3967 2097 2077 2078
4 768 759 3755 767
4 3755 759 768 760
4 1299 1306 4244 1301
4 4244 1306 1299 1305
4 1428 1415 4249 1416
4 1428 4249 1415 1426
4 2188 2183 3356 2189
4 2188 3356 2183 2182
4 1490 1481 3974 1491
4 1490 3974 1481 1480
4 2411 1778 3576 2401
4 3576 1778 2411 1788
4 295 306 3379 307
4 3379 306 295 294
4 549 523 4245 522
4 4245 523 549 550
4 2393 2380 4007 2381
4 4007 2380 2393 2392
4 748 756 3871 750
4 3871 756 748 755
4 293 278 4025 283
4 4025 278 293 294
4 1873 1886 4289 1885
4 4289 1886 1873 1874
4 1777 1764 4001 1766
4 1777 4001 1764 1775
4 1331 1324 3402 1330
4 3402 1324 1331 1325
4 1800 1785 3679 1787
4 1800 3679 1785 1799
4 2048 2068 3128 2069
4 3128 2068 2048 2046
4 1206 1207 4305 1208
4 1206 4305 1207 1205
4 2050 2069 3128 2070
4 3128 2069 2050 2048
4 2204 2197 3795 2205
4 2204 3795 2197 2194
4 917 903 3228 902
4 3228 903 917 918
4 1811 1797 3679 1799
4 3679 1797 1811 1809
4 1575 1550 3962 1551
4 1575 3962 1550 1574
4 349 325 4043 324
4 349 4043 325 350
4 765 774 3764 766
4 3764 774 765 773
4 3303 2847 1344 3802
4 1344 2847 3303 4191
4 1344 1343 3303 3802
4 3303 1343 1344 4191
4 3932 2747 4305 3226
4 3932 4305 2747 3233
4 350 361 4043 362
4 4043 361 350 349
4 902 916 3915 917
4 902 3915 916 901
4 952 936 3011 935
4 952 3011 936 953
4 918 934 3228 935
4 3228 934 918 917
4 1767 1756 2879 1758
4 2879 1756 1767 1766
4 951 935 3122 934
4 3122 935 951 952
4 2047 2026 3128 2024
4 2047 3128 2026 2049
4 1301 1295 2923 1299
4 1301 2923 1295 1298
4 2049 2028 2839 2026
4 2049 2839 2028 2051
4 673 580 3344 588
4 3344 580 673 665
4 953 968 3011 969
4 953 3011 968 952
4 978 1002 3471 1003
4 978 3471 1002 977
4 1873 1856 3414 1858
4 1873 3414 1856 1872
4 1324 1315 4172 1323
4 4172 1315 1324 1316
4 1168 1242 4114 1243
4 1168 4114 1242 1167
4 374 363 3110 362
4 3110 363 374 375
4 1557 1534 3662 1533
4 3662 1534 1557 1559
4 547 540 3263 546
4 547 3263 540 541
4 2056 2053 3152 2054
4 3152 2053 2056 2055
4 386 375 3168 374
4 386 3168 375 387
4 1574 1549 4296 1550
4 1574 4296 1549 1573
4 1825 1815 3829 1814
4 3829 1815 1825 1829
4 305 3499 4025 306
4 4025 3499 305 293
4 4025 294 305 306
4 305 294 4025 293
4 1722 1726 3924 1727
4 1722 3924 1726 1721
4 3744 4023 1246 1247
4 1246 4023 3744 3238
4 1722 1716 3236 1715
4 3236 1716 1722 1723
4 397 838 3326 387
4 3326 838 397 847
4 397 3313 3326 847
4 307 323 4043 324
4 307 4043 323 306
4 1289 1329 3468 1323
4 3468 1329 1289 1293
4 882 901 4129 902
4 882 4129 901 883
4 1573 1431 3483 1549
4 3483 1431 1573 1463
4 536 535 4283 533
4 4283 535 536 537
4 1293 1334 3468 1329
4 1293 3468 1334 1298
4 1323 1330 4172 1324
4 1323 4172 1330 1329
4 2041 2015 3449 2016
4 2041 3449 2015 2040
4 1933 1936 3219 1932
4 3219 1936 1933 1937
4 2055 2058 4278 2057
4 4278 2058 2055 2056
4 1725 1721 4215 1717
4 4215 1721 1725 1726
4 836 834 3315 835
4 836 3315 834 837
4 1563 1537 4037 1536
4 4037 1537 1563 1565
4 1304 2439 4121 2440
4 1304 4121 2439 2484
4 1261 1278 3926 1276
4 1261 3926 1278 1263
4 3296 3170 3935 3269
4 3296 3935 3170 2988
4 3935 3170 2322 3269
4 3935 2322 3170 2988
4 2322 3170 2320 3269
4 2322 2320 3170 2988
4 1404 1408 3991 1403
4 3991 1408 1404 1409
4 554 577 3919 578
4 554 3919 577 553
4 2054 2051 3152 2052
4 2054 3152 2051 2053
4 1559 1535 3662 1534
4 3662 1535 1559 1561
4 2042 2016 3449 2017
4 2042 3449 2016 2041
4 910 912 3632 913
4 910 3632 912 911
4 239 225 3305 228
4 239 3305 225 233
4 1536 1561 4158 1563
4 4158 1561 1536 1535
4 3169 3509 725 727
4 742 3509 725 740
4 742 725 3509 727
4 297 303 4101 298
4 297 4101 303 2481
4 4276 3057 2829 3902
4 4276 2829 3057 3276
4 222 233 4156 232
4 222 4156 233 225
4 214 225 4156 222
4 214 4156 225 216
4 468 463 2778 462
4 468 2778 463 469
4 490 480 3762 481
4 490 3762 480 492
4 501 507 3722 506
4 501 3722 507 500
4 382 371 3703 372
4 382 3703 371 383
4 393 384 3484 385
4 393 3484 384 394
4 389 382 4126 376
4 389 4126 382 392
4 395 387 3168 386
4 395 3168 387 397
4 4245 573 3762 601
4 4245 3762 573 480
4 492 3762 573 601
4 492 573 3762 480
4 415 406 3171 407
4 415 3171 406 416
4 278 282 4025 283
4 278 4025 282 284
4 2741 318 4140 343
4 2741 4140 318 320
4 344 4140 318 343
4 344 318 4140 320
4 315 316 3779 317
4 315 3779 316 313
4 347 323 4253 322
4 347 4253 323 348
4 291 276 3772 275
4 291 3772 276 292
4 3417 271 259 254
4 3417 259 271 275
4 260 259 271 254
4 260 271 259 275
4 1433 1464 3258 1465
4 1433 3258 1464 1434
4 573 550 4245 549
4 573 4245 550 574
4 3888 470 3064 466
4 465 3064 470 466
4 465 470 3064 471
4 574 551 3216 550
4 574 3216 551 575
4 811 778 4105 777
4 4105 778 811 810
4 712 720 3169 718
4 712 3169 720 711
4 2344 2347 3517 2348
4 2344 3517 2347 2349
4 4152 3517 2347 2348
4 709 703 3930 702
4 709 3930 703 710
4 602 1316 4245 604
4 602 4245 1316 1315
4 583 1311 3639 584
4 583 3639 1311 1312
4 1243 1254 4114 1252
4 1243 4114 1254 1245
4 1244 1259 4023 1258
4 1244 4023 1259 1249
4 1254 4114 4233 1258
4 4233 4114 1254 1256
4 4233 1259 1254 1258
4 1254 1259 4233 1256
4 1276 1274 4049 1275
4 4049 1274 1276 1277
4 1255 1274 4049 1273
4 1255 4049 1274 1257
4 1276 1256 3926 1261
4 3926 1256 1276 1275
4 2233 2259 3699 2258
4 2233 3699 2259 2241
4 2260 2328 4152 2232
4 4152 2328 2260 2347
4 2418 2425 4155 2424
4 2418 4155 2425 2420
4 1060 1085 3034 1072
4 1060 3034 1085 1064
4 3978 1085 3034 1064
4 997 1006 4285 998
4 997 4285 1006 1005
4 703 881 3998 424
4 703 3998 881 899
4 900 883 3915 889
4 900 3915 883 901
4 406 847 3313 397
4 406 3313 847 856
4 2355 2303 4033 2295
4 2355 4033 2303 2358
4 3725 2303 4033 2358
4 1463 1430 3483 1431
4 3483 1430 1463 1461
4 2114 2369 3413 2364
4 2114 3413 2369 2116
4 2099 2117 3780 2115
4 2099 3780 2117 2101
4 2057 2217 3748 2220
4 2057 3748 2217 2058
4 2193 2195 3748 2194
4 3748 2195 2193 2196
4 2233 2239 3699 2241
4 2233 3699 2239 2240
4 2310 2260 3306 2258
4 2310 3306 2260 2311
4 4152 3306 2260 2258
4 4152 2260 3306 2311
4 2356 2358 3372 2355
4 2356 3372 2358 2359
4 2321 2342 3675 2343
4 3675 2342 2321 2327
4 2342 2356 3372 2357
4 3372 2356 2342 2346
4 3372 3675 2342 2357
4 2344 2342 3517 2345
4 2344 3517 2342 2346
4 2260 2348 4152 2347
4 4152 2348 2260 2312
4 1417 1430 4249 1429
4 1417 4249 1430 1418
4 1780 1782 4284 1781
4 1780 4284 1782 1783
4 1770 1772 4214 1771
4 1770 4214 1772 1773
4 1821 1840 3482 1841
4 1821 3482 1840 1820
4 1823 1848 3789 1843
4 1823 3789 1848 1826
4 1780 1770 4284 1769
4 1780 4284 1770 1781
4 1717 1724 4192 1725
4 1717 4192 1724 1719
4 1732 1748 4006 1749
4 1732 4006 1748 1731
4 1750 1758 2879 1756
4 1750 2879 1758 1752
4 1789 1780 3681 1779
4 1789 3681 1780 1792
4 3681 1779 4284 1768
4 3681 4284 1779 1780
4 1769 4284 1779 1768
4 1769 1779 4284 1780
4 1707 1690 3236 1688
4 3236 1690 1707 1709
4 1802 1789 4144 1790
4 1802 4144 1789 1803
4 1811 1823 3679 1822
4 1811 3679 1823 1812
4 3405 1410 4108 1425
4 1424 4108 1410 1425
4 1424 1410 4108 1412
4 3030 1727 3536 1722
4 1723 3536 1727 1722
4 1723 1727 3536 1730
4 1725 1731 4006 1732
4 1725 4006 1731 1724
4 1633 1640 3891 1632
4 1633 3891 1640 1641
4 1508 1511 3382 1513
4 1508 3382 1511 1512
4 1384 1376 4175 1377
4 1384 4175 1376 1385
4 1468 1436 3664 1437
4 1468 3664 1436 1467
4 1359 1349 3132 1350
4 1359 3132 1349 1360
4 1413 1426 3143 1427
4 1413 3143 1426 1415
4 1370 1366 3132 1365
4 1370 3132 1366 1371
4 1355 1353 4093 1357
4 4093 1353 1355 1354
4 837 843 3731 842
4 837 3731 843 836
4 344 824 4140 358
4 344 4140 824 823
4 1752 2380 4007 1758
4 1752 4007 2380 2365
4 2081 2102 3144 2100
4 2081 3144 2102 2083
4 1255 1256 4114 1257
4 1255 4114 1256 1254
4 2344 2324 3517 2325
4 2344 3517 2324 2345
4 760 997 3755 996
4 760 3755 997 768
4 1768 1759 4284 1760
4 1768 4284 1759 1769
4 2340 2342 3675 2339
4 2340 3675 2342 2343
4 1901 1906 3498 1900
4 1901 3498 1906 1907
4 881 867 3105 868
4 881 3105 867 887
4 602 581 4245 582
4 602 4245 581 604
4 1518 1520 3381 1517
4 1518 3381 1520 1521
4 1918 1902 3516 1903
4 1918 3516 1902 1919
4 260 250 4090 251
4 260 4090 250 265
4 1342 1353 4093 1354
4 1342 4093 1353 1341
4 4114 1243 4023 1245
4 4114 4023 1243 1242
4 1244 4023 1243 1245
4 1244 1243 4023 1242
4 1902 1889 4097 1888
4 1902 4097 1889 1905
4 3937 4097 1889 1888
4 3937 1889 4097 1905
4 3042 3888 486 489
4 476 3888 486 477
4 476 486 3888 489
4 888 870 3674 869
4 888 3674 870 890
4 384 374 3484 373
4 384 3484 374 386
4 4229 3617 1053 1055
4 1062 3617 1053 1057
4 1062 1053 3617 1055
4 2371 2377 3521 2372
4 2371 3521 2377 2378
4 1410 1417 3405 1411
4 1410 3405 1417 1418
4 2321 2324 3935 2327
4 2321 3935 2324 2326
4 3584 3935 2324 2327
4 3584 2324 3935 2326
4 1343 1355 4093 1356
4 1343 4093 1355 1345
4 476 480 3888 479
4 476 3888 480 481
4 1511 1520 4153 1521
4 1511 4153 1520 3875
4 910 895 3844 898
4 3240 3844 910 4122
4 3767 3240 910 4122
4 909 894 3844 895
4 3844 894 909 4122
4 3844 910 909 895
4 909 910 3844 4122
4 302 310 2741 320
4 302 2741 310 3322
4 2741 310 4140 320
4 2741 4140 310 3322
4 4140 310 3321 320
4 4140 3321 310 3322
4 1098 3279 3178 1090
4 3178 3279 1098 3627
4 3178 1089 1098 1090
4 1098 1089 3178 3627
4 1219 1218 3350 1235
4 1219 3350 1218 4116
4 3350 1218 4062 1235
4 3350 4062 1218 4116
4 4062 1218 1152 1235
4 4062 1152 1218 4116
4 3575 678 3262 3017
4 3575 3262 678 677
4 3919 548 3344 3782
4 3919 3344 548 556
4 4017 3344 548 3782
4 4017 548 3344 556
4 244 2859 3276 248
4 3276 2859 244 4276
4 3276 258 244 248
4 3407 3449 2764 3127
4 2764 3449 3407 2763
4 2764 4179 3407 3127
4 3407 4179 2764 2763
4 3483 1430 3405 1425
4 3483 3405 1430 4249
4 1418 3405 1430 1425
4 1418 1430 3405 4249
4 353 338 3663 352
4 353 3663 338 3787
4 337 3663 338 352
4 337 338 3663 3787
4 2831 4182 3501 2919
4 2831 3501 4182 3634
4 2918 3501 4182 2919
4 2918 4182 3501 3634
4 3447 4245 522 3700
4 3447 522 4245 4275
4 3371 2482 3478 409
4 3371 3478 2482 3678
4 412 3478 2482 409
4 412 2482 3478 3678
4 2257 2350 3198 2279
4 3198 2350 2257 3343
4 3198 2256 2257 2279
4 2257 2256 3198 3343
4 2487 2986 3056 2475
4 3056 2986 2487 3151
4 3056 1339 2487 2475
4 2487 1339 3056 3151
4 2194 2187 3865 2197
4 2194 3865 2187 2195
4 233 235 2859 236
4 2859 235 233 3305
4 2859 4156 233 236
4 233 4156 2859 3305
4 304 2481 321 312
4 2481 297 2915 312
4 2481 2915 297 4101
4 4020 2481 2915 312
4 4020 2915 2481 4101
4 321 2481 4020 312
4 3397 3324 2784 3396
4 3397 2784 3324 2863
4 3616 2405 2415 4022
4 2415 2995 3616 4022
4 4024 4099 1700 3709
4 4024 1700 4099 3202
4 1699 1700 4099 3709
4 1699 4099 1700 3202
4 3054 2328 3256 1287
4 3054 3256 2328 3129
4 1288 3256 2328 1287
4 506 499 3545 501
4 499 3010 3545 501
4 3545 3010 499 4269
4 499 3747 3010 501
4 3010 3747 499 4269
4 2487 1340 1338 3151
4 2487 1338 1340 2476
4 2986 3230 2487 3151
4 2986 2487 3230 2476
4 3230 1340 2487 3151
4 3230 2487 1340 2476
4 1030 3951 1022 1031
4 1030 1022 3951 3324
4 1023 1022 3951 1031
4 1023 3951 1022 3324
4 3678 2482 3819 422
4 3678 3819 2482 3371
4 418 3819 2482 422
4 418 2482 3819 3371
4 946 3051 3523 930
4 3523 3051 946 3770
4 3819 422 3208 3678
4 3819 3208 422 701
4 3919 577 586 578
4 3919 586 577 3459
4 3795 2577 2953 2805
4 3795 2953 2577 2756
4 2734 2537 3558 2628
4 2734 3558 2537 2635
4 3545 505 499 506
4 3545 499 505 4269
4 3348 2210 3954 2304
4 3348 3954 2210 3302
4 1936 1944 3756 1945
4 1936 3756 1944 3905
4 512 498 3309 503
4 512 3309 498 508
4 3722 498 3309 508
4 4048 2313 1231 1272
4 1221 1238 3929 1222
4 1239 1238 3929 3610
4 1239 3929 1238 1222
4 3365 2552 3448 2874
4 3365 3448 2552 2828
4 2911 3448 2552 2874
4 2911 2552 3448 2828
4 1190 1191 3925 1182
4 1183 1191 3925 3745
4 1183 3925 1191 1182
4 2995 2414 3616 2410
4 2995 3616 2414 2415
4 2405 3616 2414 2410
4 2405 2414 3616 2415
4 2358 3517 3372 4152
4 2358 3372 3517 2359
4 496 3043 3747 494
4 3747 3043 496 4269
4 3042 490 3293 3762
4 3293 490 3042 491
4 3855 1475 1479 1500
4 3855 1479 1475 1476
4 1148 3540 3046 1132
4 1148 3046 3540 3637
4 3609 212 211 210
4 3609 211 212 213
4 3365 2314 3343 3448
4 3365 3343 2314 2331
4 2313 3343 2314 3448
4 2313 2314 3343 2331
4 3671 3982 3268 530
4 3671 3268 3982 2889
4 848 844 3326 839
4 3326 844 848 3696
4 844 2929 3326 839
4 3326 2929 844 3696
4 844 835 2929 839
4 1291 2430 3730 1290
4 1291 3730 2430 3293
4 2970 1291 3730 1290
4 2970 3730 1291 3293
4 4091 1291 2970 1290
4 4091 2970 1291 3293
4 4087 178 2957 56
4 4087 2957 178 3408
4 476 3888 2778 469
4 2778 3888 476 477
4 2778 478 476 469
4 476 478 2778 477
4 3762 602 1315 3064
4 3762 1315 602 603
4 900 3998 3105 3915
4 900 3105 3998 899
4 3713 2692 3688 3046
4 3713 3688 2692 3204
4 2654 2647 2594 4139
4 2594 2647 2654 3269
4 2594 3129 2654 4139
4 2654 3129 2594 3269
4 1780 3681 3566 1792
4 3566 3681 1780 4284
4 3566 1783 1780 1792
4 1780 1783 3566 4284
4 4088 2475 2472 3056
4 4088 2472 2475 2471
4 1336 2472 2475 3056
4 1336 2475 2472 2471
4 1061 3375 3769 1059
4 3769 3375 1061 3773
4 3769 1060 1061 1059
4 1061 1060 3769 3773
4 2125 3406 3580 3407
4 2125 3580 3406 2126
4 2488 1744 3634 1738
4 3634 1744 2488 3486
4 3634 2830 2488 1738
4 2488 2830 3634 3486
4 2488 1740 3486 1743
4 2488 3486 1740 2830
4 4204 3486 1740 1743
4 4204 1740 3486 2830
4 3826 3384 4045 1017
4 4045 3384 3826 3388
4 4045 989 3826 1017
4 3826 989 4045 3388
4 3276 257 258 3858
4 272 3276 257 4276
4 272 257 3276 3858
4 3057 3276 272 4276
4 3057 272 3276 3858
4 2167 2165 3302 2208
4 2167 3302 2165 3361
4 3416 3302 2165 2208
4 3416 2165 3302 3361
4 2388 2485 4262 2384
4 2388 4262 2485 3535
4 3520 4262 2485 2384
4 3520 2485 4262 3535
4 4163 1956 2985 1955
4 4163 2985 1956 3896
4 2490 2985 1956 1955
4 2490 1956 2985 3896
4 3863 1195 3715 1196
4 3863 3715 1195 3298
4 398 410 3161 3867
4 3161 410 398 400
4 3161 388 398 3867
4 398 388 3161 400
4 1996 1994 3280 1997
4 1996 3280 1994 3763
4 4128 1996 3280 1997
4 4128 3280 1996 3763
4 1999 1996 4128 1997
4 1339 1335 3151 3092
4 1335 2866 3151 3092
4 3151 2866 1335 1336
4 1335 3402 2866 3092
4 2866 3402 1335 1336
4 2176 3406 2148 3074
4 2176 2148 3406 2149
4 3191 3595 3542 3810
4 3542 3595 3191 2834
4 2271 3699 2269 2239
4 2238 3699 2269 4078
4 2238 2269 3699 2239
4 3730 2433 1297 2486
4 3730 1297 2433 2434
4 3618 676 3519 3575
4 3519 676 3618 675
4 2231 3932 2313 1231
4 2231 2313 3932 3448
4 4048 2313 3932 1231
4 4048 3932 2313 3448
4 281 283 3499 4025
4 3499 283 281 276
4 3499 266 281 4025
4 281 266 3499 276
4 3675 3129 2654 3269
4 3675 2654 3129 3517
4 3584 3675 2654 3269
4 3584 2654 3675 3517
4 3935 3675 3584 3269
4 2394 4007 3115 3737
4 3115 4007 2394 2393
4 2308 3699 3734 4078
4 3734 3699 2308 2309
4 3326 397 3168 3313
4 3168 397 3326 387
4 3509 725 3602 3169
4 3509 3602 725 740
4 470 3064 479 3888
4 470 479 3064 471
4 480 479 3064 3888
4 480 3064 479 471
4 3517 2329 2347 2349
4 1085 3034 1086 3978
4 1085 1086 3034 1072
4 2303 4033 2302 3725
4 2303 2302 4033 2295
4 2294 2302 4033 3725
4 2294 4033 2302 2295
4 2342 3372 3517 3675
4 3517 3372 2342 2346
4 2342 3517 2327 3675
4 2342 2327 3517 2345
4 3517 2328 2347 2329
4 2347 2328 3517 4152
4 1410 4108 3977 3405
4 1410 3977 4108 1412
4 1727 3536 1736 3030
4 1727 1736 3536 1730
4 1737 3536 1736 1730
4 3617 1053 3769 4229
4 3617 3769 1053 1057
4 1462 1429 3483 1461
4 1430 3483 1429 1461
4 1430 1429 3483 4249
4 3240 910 3632 3767
4 3858 290 289 274
4 3858 289 290 3121
4 3120 280 3858 274
4 3120 3858 280 3121
4 280 290 3858 274
4 280 3858 290 3121
4 4128 1998 1996 1999
4 4128 1996 1998 3763
4 3664 1429 3483 1462
4 3664 3483 1429 4249
4 4299 3692 2855 4206
4 4299 2855 3692 3244
4 907 4185 4122 3844
4 907 4122 4185 4044
4 3240 4122 4185 3844
4 3240 4185 4122 4044
4 3151 1335 3056 1336
4 3151 3056 1335 1339
4 2475 3056 1335 1336
4 2475 1335 3056 1339
4 2327 3584 3675 3517
4 3675 3584 2327 3935
4 3888 486 3488 3042
4 3888 3488 486 477
4 3901 3844 3632 3240
4 3901 3632 3844 898
4 910 3632 3844 3240
4 910 3844 3632 898
4 244 3276 257 258
4 257 3276 244 4276
4 2194 3748 3865 2195
4 2197 3748 3865 2194
4 2197 3865 3748 3118
4 2481 4020 3090 321
4 3090 4020 2481 4101
4 3090 304 2481 321
4 2481 304 3090 4101
4 2265 2267 3349 2237
4 3349 2267 2265 4078
4 2267 3610 3349 2237
4 3349 3610 2267 4078
4 2267 2238 3610 2237
4 3610 2238 2267 4078
4 497 498 3078 3722
4 497 3078 498 503
4 3309 3078 498 3722
4 3309 498 3078 503
4 1238 3929 3350 1221
4 1238 3350 3929 3610
4 1191 3925 4168 1190
4 1191 4168 3925 3745
4 3766 4168 3925 1190
4 3766 3925 4168 3745
4 2329 1288 3256 2328
4 2329 3256 1288 3584
4 3129 3517 3256 2328
4 3129 3256 3517 3584
4 3517 2329 3256 2328
4 3517 3256 2329 3584
4 2929 844 836 835
4 836 844 2929 3696
4 3699 2269 2270 2271
4 3699 2270 2269 4078
4 3536 1736 3917 1737
4 3536 3917 1736 3030

CELL_TYPES 23889
5
5
5
5
5
5
5
5
5
5
5
5
5
5
5
5
5
5
5
5
5
5
5
5
5
5
5
5
5
5
5
5
5
5
5
5
5
5
5
5
5
5
5
5
5
5
5
5
5
5
5
5
5
5
5
5
5
5
5
5
5
5
5
5
5
5
5
5
5
5
5
5
5
5
5
5
5
5
5
5
5
5
5
5
5
5
5
5
5
5
5
5
5
5
5
5
5
5
5
5
5
5
5
5
5
5
5
5
5
5
5
5
5
5
5
5
5
5
5
5
5
5
5
5
5
5
5
5
5
5
5
5
5
5
5
5
5
5
5
5
5
5
5
5
5
5
5
5
5
5
5
5
5
5
5
5
5
5
5
5
5
5
5
5
5
5
5
5
5
5
5
5
5
5
5
5
5
5
5
5
5
5
5
5
5
5
5
5
5
5
5
5
5
5
5
5
5
5
5
5
5
5
5
5
5
5
5
5
5
5
5
5
5
5
5
5
5
5
5
5
5
5
5
5
5
5
5
5
5
5
5
5
5
5
5
5
5
5
5
5
5
5
5
5
5
5
5
5
5
5
5
5
5
5
5
5
5
5
5
5
5
5
5
5
5
5
5
5
5
5
5
5
5
5
5
5
5
5
5
5
5
5
5
5
5
5
5
5
5
5
5
5
5
5
5
5
5
5
5
5
5
5
5
5
5
5
5
5
5
5
5
5
5
5
5
5
5
5
5
5
5
5
5
5
5
5
5
5
5
5
5
5
5
5
5
5
5
5
5
5
5
5
5
5
5
5
5
5
5
5
5
5
5
5
5
5
5
5
5
5
5
5
5
5
5
5
5
5
5
5
5
5
5
5
5
5
5
5
5
5
5
5
5
5
5
5
5
5
5
5
5
5
5
5
5
5
5
5
5
5
5
5
5
5
5
5
5
5
5
5
5
5
5
5
5
5
5
5
5
5
5
5
5
5
5
5
5
5
5
5
5
5
5
5
5
5
5
5
5
5
5
5
5
5
5
5
5
5
5
5
5
5
5
5
5
5
5
5
5
5
5
5
5
5
5
5
5
5
5
5
5
5
5
5
5
5
5
5
5
5
5
5
5
5
5
5
5
5
5
5
5
5
5
5
5
5
5
5
5
5
5
5
5
5
5
5
5
5
5
5
5
5
5
5
5
5
5
5
5
5
5
5
5
5
5
5
5
5
5
5
5
5
5
5
5
5
5
5
5
5
5
5
5
5
5
5
5
5
5
5
5
5
5
5
5
5
5
5
5
5
5
5
5
5
5
5
5
5
5
5
5
5
5
5
5
5
5
5
5
5
5
5
5
5
5
5
5
5
5
5
5
5
5
5
5
5
5
5
5
5
5
5
5
5
5
5
5
5
5
5
5
5
5
5
5
5
5
5
5
5
5
5
5
5
5
5
5
5
5
5
5
5
5
5
5
5
5
5
5
5
5
5
5
5
5
5
5
5
5
5
5
5
5
5
5
5
5
5
5
5
5
5
5
5
5
5
5
5
5
5
5
5
5
5
5
5
5
5
5
5
5
5
5
5
5
5
5
5
5
5
5
5
5
5
5
5
5
5
5
5
5
5
5
5
5
5
5
5
5
5
5
5
5
5
5
5
5
5
5
5
5
5
5
5
5
5
5
5
5
5
5
5
5
5
5
5
5
5
5
5
5
5
5
5
5
5
5
5
5
5
5
5
5
5
5
5
5
5
5
5
5
5
5
5
5
5
5
5
5
5
5
5
5
5
5
5
5
5
5
5
5
5
5
5
5
5
5
5
5
5
5
5
5
5
5
5
5
5
5
5
5
5
5
5
5
5
5
5
5
5
5
5
5
5
5
5
5
5
5
5
5
5
5
5
5
5
5
5
5
5
5
5
5
5
5
5
5
5
5
5
5
5
5
5
5
5
5
5
5
5
5
5
5
5
5
5
5
5
5
5
5
5
5
5
5
5
5
5
5
5
5
5
5
5
5
5
5
5
5
5
5
5
5
5
5
5
5
5
5
5
5
5
5
5
5
5
5
5
5
5
5
5
5
5
5
5
5
5
5
5
5
5
5
5
5
5
5
5
5
5
5
5
5
5
5
5
5
5
5
5
5
5
5
5
5
5
5
5
5
5
5
5
5
5
5
5
5
5
5
5
5
5
5
5
5
5
5
5
5
5
5
5
5
5
5
5
5
5
5
5
5
5
5
5
5
5
5
5
5
5
5
5
5
5
5
5
5
5
5
5
5
5
5
5
5
5
5
5
5
5
5
5
5
5
5
5
5
5
5
5
5
5
5
5
5
5
5
5
5
5
5
5
5
5
5
5
5
5
5
5
5
5
5
5
5
5
5
5
5
5
5
5
5
5
5
5
5
5
5
5
5
5
5
5
5
5
5
5
5
5
5
5
5
5
5
5
5
5
5
5
5
5
5
5
5
5
5
5
5
5
5
5
5
5
5
5
5
5
5
5
5
5
5
5
5
5
5
5
5
5
5
5
5
5
5
5
5
5
5
5
5
5
5
5
5
5
5
5
5
5
5
5
5
5
5
5
5
5
5
5
5
5
5
5
5
5
5
5
5
5
5
5
5
5
5
5
5
5
5
5
5
5
5
5
5
5
5
5
5
5
5
5
5
5
5
5
5
5
5
5
5
5
5
5
5
5
5
5
5
5
5
5
5
5
5
5
5
5
5
5
5
5
5
5
5
5
5
5
5
5
5
5
5
5
5
5
5
5
5
5
5
5
5
5
5
5
5
5
5
5
5
5
5
5
5
5
5
5
5
5
5
5
5
5
5
5
5
5
5
5
5
5
5
5
5
5
5
5
5
5
5
5
5
5
5
5
5
5
5
5
5
5
5
5
5
5
5
5
5
5
5
5
5
5
5
5
5
5
5
5
5
5
5
5
5
5
5
5
5
5
5
5
5
5
5
5
5
5
5
5
5
5
5
5
5
5
5
5
5
5
5
5
5
5
5
5
5
5
5
5
5
5
5
5
5
5
5
5
5
5
5
5
5
5
5
5
5
5
5
5
5
5
5
5
5
5
5
5
5
5
5
5
5
5
5
5
5
5
5
5
5
5
5
5
5
5
5
5
5
5
5
5
5
5
5
5
5
5
5
5
5
5
5
5
5
5
5
5
5
5
5
5
5
5
5
5
5
5
5
5
5
5
5
5
5
5
5
5
5
5
5
5
5
5
5
5
5
5
5
5
5
5
5
5
5
5
5
5
5
5
5
5
5
5
5
5
5
5
5
5
5
5
5
5
5
5
5
5
5
5
5
5
5
5
5
5
5
5
5
5
5
5
5
5
5
5
5
5
5
5
5
5
5
5
5
5
5
5
5
5
5
5
5
5
5
5
5
5
5
5
5
5
5
5
5
5
5
5
5
5
5
5
5
5
5
5
5
5
5
5
5
5
5
5
5
5
5
5
5
5
5
5
5
5
5
5
5
5
5
5
5
5
5
5
5
5
5
5
5
5
5
5
5
5
5
5
5
5
5
5
5
5
5
5
5
5
5
5
5
5
5
5
5
5
5
5
5
5
5
5
5
5
5
5
5
5
5
5
5
5
5
5
5
5
5
5
5
5
5
5
5
5
5
5
5
5
5
5
5
5
5
5
5
5
5
5
5
5
5
5
5
5
5
5
5
5
5
5
5
5
5
5
5
5
5
5
5
5
5
5
5
5
5
5
5
5
5
5
5
5
5
5
5
5
5
5
5
5
5
5
5
5
5
5
5
5
5
5
5
5
5
5
5
5
5
5
5
5
5
5
5
5
5
5
5
5
5
5
5
5
5
5
5
5
5
5
5
5
5
5
5
5
5
5
5
5
5
5
5
5
5
5
5
5
5
5
5
5
5
5
5
5
5
5
5
5
5
5
5
5
5
5
5
5
5
5
5
5
5
5
5
5
5
5
5
5
5
5
5
5
5
5
5
5
5
5
5
5
5
5
5
5
5
5
5
5
5
5
5
5
5
5
5
5
5
5
5
5
5
5
5
5
5
5
5
5
5
5
5
5
5
5
5
5
5
5
5
5
5
5
5
5
5
5
5
5
5
5
5
5
5
5
5
5
5
5
5
5
5
5
5
5
5
5
5
5
5
5
5
5
5
5
5
5
5
5
5
5
5
5
5
5
5
5
5
5
5
5
5
5
5
5
5
5
5
5
5
5
5
5
5
5
5
5
5
5
5
5
5
5
5
5
5
5
5
5
5
5
5
5
5
5
5
5
5
5
5
5
5
5
5
5
5
5
5
5
5
5
5
5
5
5
5
5
5
5
5
5
5
5
5
5
5
5
5
5
5
5
5
5
5
5
5
5
5
5
5
5
5
5
5
5
5
5
5
5
5
5
5
5
5
5
5
5
5
5
5
5
5
5
5
5
5
5
5
5
5
5
5
5
5
5
5
5
5
5
5
5
5
5
5
5
5
5
5
5
5
5
5
5
5
5
5
5
5
5
5
5
5
5
5
5
5
5
5
5
5
5
5
5
5
5
5
5
5
5
5
5
5
5
5
5
5
5
5
5
5
5
5
5
5
5
5
5
5
5
5
5
5
5
5
5
5
5
5
5
5
5
5
5
5
5
5
5
5
5
5
5
5
5
5
5
5
5
5
5
5
5
5
5
5
5
5
5
5
5
5
5
5
5
5
5
5
5
5
5
5
5
5
5
5
5
5
5
5
5
5
5
5
5
5
5
5
5
5
5
5
5
5
5
5
5
5
5
5
5
5
5
5
5
5
5
5
5
5
5
5
5
5
5
5
5
5
5
5
5
5
5
5
5
5
5
5
5
5
5
5
5
5
5
5
5
5
5
5
5
5
5
5
5
5
5
5
5
5
5
5
5
5
5
5
5
5
5
5
5
5
5
5
5
5
5
5
5
5
5
5
5
5
5
5
5
5
5
5
5
5
5
5
5
5
5
5
5
5
5
5
5
5
5
5
5
5
5
5
5
5
5
5
5
5
5
5
5
5
5
5
5
5
5
5
5
5
5
5
5
5
5
5
5
5
5
5
5
5
5
5
5
5
5
5
5
5
5
5
5
5
5
5
5
5
5
5
5
5
5
5
5
5
5
5
5
5
5
5
5
5
5
5
5
5
5
5
5
5
5
5
5
5
5
5
5
5
5
5
5
5
5
5
5
5
5
5
5
5
5
5
5
5
5
5
5
5
5
5
5
5
5
5
5
5
5
5
5
5
5
5
5
5
5
5
5
5
5
5
5
5
5
5
5
5
5
5
5
5
5
5
5
5
5
5
5
5
5
5
5
5
5
5
5
5
5
5
5
5
5
5
5
5
5
5
5
5
5
5
5
5
5
5
5
5
5
5
5
5
5
5
5
5
5
5
5
5
5
5
5
5
5
5
5
5
5
5
5
5
5
5
5
5
5
5
5
5
5
5
5
5
5
5
5
5
5
5
5
5
5
5
5
5
5
5
5
5
5
5
5
5
5
5
5
5
5
5
5
5
5
5
5
5
5
5
5
5
5
5
5
5
5
5
5
5
5
5
5
5
5
5
5
5
5
5
5
5
5
5
5
5
5
5
5
5
5
5
5
5
5
5
5
5
5
5
5
5
5
5
5
5
5
5
5
5
5
5
5
5
5
5
5
5
5
5
5
5
5
5
5
5
5
5
5
5
5
5
5
5
5
5
5
5
5
5
5
5
5
5
5
5
5
5
5
5
5
5
5
5
5
5
5
5
5
5
5
5
5
5
5
5
5
5
5
5
5
5
5
5
5
5
5
5
5
5
5
5
5
5
5
5
5
5
5
5
5
5
5
5
5
5
5
5
5
5
5
5
5
5
5
5
5
5
5
5
5
5
5
5
5
5
5
5
5
5
5
5
5
5
5
5
5
5
5
5
5
5
5
5
5
5
5
5
5
5
5
5
5
5
5
5
5
5
5
5
5
5
5
5
5
5
5
5
5
5
5
5
5
5
5
5
5
5
5
5
5
5
5
5
5
5
5
5
5
5
5
5
5
5
5
5
5
5
5
5
5
5
5
5
5
5
5
5
5
5
5
5
5
5
5
5
5
5
5
5
5
5
5
5
5
5
5
5
5
5
5
5
5
5
5
5
5
5
5
5
5
5
5
5
5
5
5
5
5
5
5
5
5
5
5
5
5
5
5
5
5
5
5
5
5
5
5
5
5
5
5
5
5
5
5
5
5
5
5
5
5
5
5
5
5
5
5
5
5
5
5
5
5
5
5
5
5
5
5
5
5
5
5
5
5
5
5
5
5
5
5
5
5
5
5
5
5
5
5
5
5
5
5
5
5
5
5
5
5
5
5
5
5
5
5
5
5
5
5
5
5
5
5
5
5
5
5
5
5
5
5
5
5
5
5
5
5
5
5
5
5
5
5
5
5
5
5
5
5
5
5
5
5
5
5
5
5
5
5
5
5
5
5
5
5
5
5
5
5
5
5
5
5
5
5
5
5
5
5
5
5
5
5
5
5
5
5
5
5
5
5
5
5
5
5
5
5
5
5
5
5
5
5
5
5
5
5
5
5
5
5
5
5
5
5
5
5
5
5
5
5
5
5
5
5
5
5
5
5
5
5
5
5
5
5
5
5
5
5
5
5
5
5
5
5
5
5
5
5
5
5
5
5
5
5
5
5
5
5
5
5
5
5
5
5
5
5
5
5
5
5
5
5
5
5
5
5
5
5
5
5
5
5
5
5
5
5
5
5
5
5
5
5
5
5
5
5
5
5
5
5
5
5
5
5
5
5
5
5
5
5
5
5
5
5
5
5
5
5
5
5
5
5
5
5
5
5
5
5
5
5
5
5
5
5
5
5
5
5
5
5
5
5
5
5
5
5
5
5
5
5
5
5
5
5
5
5
5
5
5
5
5
5
5
5
5
5
5
5
5
5
5
5
5
5
5
5
5
5
5
5
5
5
5
5
5
5
5
5
5
5
5
5
5
5
5
5
5
5
5
5
5
5
5
5
5
5
5
5
5
5
5
5
5
5
5
5
5
5
5
5
5
5
5
5
5
5
5
5
5
5
5
5
5
5
5
5
5
5
5
5
5
5
5
5
5
5
5
5
5
5
5
5
5
5
5
5
5
5
5
5
5
5
5
5
5
5
5
5
5
5
5
5
5
5
5
5
5
5
5
5
5
5
5
5
5
5
5
5
5
5
5
5
5
5
5
5
5
5
5
5
5
5
5
5
5
5
5
5
5
5
5
5
5
5
5
5
5
5
5
5
5
5
5
5
5
5
5
5
5
5
5
5
5
5
5
5
5
5
5
5
5
5
5
5
5
5
5
5
5
5
5
5
5
5
5
5
5
5
5
5
5
5
5
5
5
5
5
5
5
5
5
5
5
5
5
5
5
5
5
5
5
5
5
5
5
5
5
5
5
5
5
5
5
5
5
5
5
5
5
5
5
5
5
5
5
5
5
5
5
5
5
5
5
5
5
5
5
5
5
5
5
5
5
5
5
5
5
5
5
5
5
5
5
5
5
5
5
5
5
5
5
5
5
5
5
5
5
5
5
5
5
5
5
5
5
5
5
5
5
5
5
5
5
5
5
5
5
5
5
5
5
5
5
5
5
5
5
5
5
5
5
5
5
5
5
5
5
5
5
5
5
5
5
5
5
5
5
5
5
5
5
5
5
5
5
5
5
5
5
5
5
5
5
5
5
5
5
5
5
5
5
5
5
5
5
5
5
5
5
5
5
5
5
5
5
5
5
5
5
5
5
5
5
5
5
5
5
5
5
5
5
5
5
5
5
5
5
5
5
5
5
5
5
5
5
5
5
5
5
5
5
5
5
5
5
5
5
5
5
5
5
5
5
5
5
5
5
5
5
5
5
5
5
5
5
5
5
5
5
5
5
5
5
5
5
5
5
5
5
5
5
5
5
5
5
5
5
5
5
5
5
5
5
5
5
5
5
5
5
5
5
5
5
5
5
5
5
5
5
5
5
5
5
5
5
5
5
5
5
5
5
5
5
5
5
5
5
5
5
5
5
5
5
5
5
5
5
5
5
5
5
5
5
5
5
5
5
5
5
5
5
5
5
5
5
5
5
5
5
5
5
5
5
5
5
5
5
5
5
5
5
5
5
5
5
5
5
5
5
5
5
5
5
5
5
5
5
5
5
5
5
5
5
5
5
5
5
5
5
5
5
5
5
5
5
5
5
5
5
5
5
5
5
5
5
5
5
5
5
5
5
5
5
5
5
5
5
5
5
5
5
5
5
5
5
5
5
5
5
5
5
5
5
5
5
5
5
5
5
5
5
5
5
5
5
5
5
5
5
5
5
5
5
5
5
5
5
5
5
5
5
5
5
5
5
5
5
5
5
5
5
5
5
5
5
5
5
5
5
5
5
5
5
5
5
5
5
5
5
5
5
5
5
5
5
5
5
5
5
5
5
5
5
5
5
5
5
5
5
5
5
5
5
5
5
5
5
5
5
5
5
5
5
5
5
5
5
5
5
5
5
5
5
5
5
5
5
5
5
5
5
5
5
5
5
5
5
5
5
5
5
5
5
5
5
5
5
5
5
5
5
5
5
5
5
5
5
5
5
5
5
5
5
5
5
5
5
5
5
5
5
5
5
5
5
5
5
5
5
5
5
5
5
5
5
5
5
5
5
5
5
5
5
5
5
5
5
5
5
5
5
5
5
5
5
5
5
5
5
5
5
5
5
5
5
5
5
5
5
5
5
5
5
5
5
5
5
5
5
5
5
5
5
5
5
5
5
5
5
5
5
5
5
5
5
5
5
5
5
5
5
5
5
5
5
5
5
5
5
5
5
5
5
5
5
5
5
5
5
5
5
5
5
5
5
5
5
5
5
5
5
5
5
5
5
5
5
5
5
5
5
5
5
5
5
5
5
5
5
5
5
5
5
5
5
5
5
5
5
5
5
5
5
5
5
5
5
5
5
5
5
5
5
5
5
5
5
5
5
5
5
5
5
5
5
5
5
5
5
5
5
5
5
5
5
5
5
5
5
5
5
5
5
5
5
5
5
5
5
5
5
5
5
5
5
5
5
5
5
5
5
5
5
5
5
5
5
5
5
5
5
5
5
5
5
5
5
5
5
5
5
5
5
5
5
5
5
5
5
5
5
5
5
5
5
5
5
5
5
5
5
5
5
5
5
5
5
5
5
5
5
5
5
5
5
5
5
5
5
5
5
5
5
5
5
5
5
5
5
5
5
5
5
5
5
5
5
5
5
5
5
5
5
5
5
5
5
5
5
5
5
5
5
5
5
5
5
5
5
5
5
5
5
5
5
5
5
5
5
5
5
5
5
5
5
5
5
5
5
5
5
5
5
5
5
5
5
5
5
5
5
5
5
5
5
5
5
5
5
5
5
5
5
5
5
5
5
5
5
5
5
5
5
5
5
5
5
5
5
5
5
5
5
5
5
5
5
5
5
5
5
5
5
5
5
5
5
5
5
5
5
5
5
5
5
5
5
5
5
5
5
5
5
5
5
5
5
5
5
5
5
5
5
5
5
5
5
5
5
5
5
5
5
5
5
5
5
5
5
5
5
5
5
5
5
5
5
5
5
5
5
5
5
5
5
5
5
5
5
5
5
5
5
5
5
5
5
5
5
5
5
5
5
5
5
5
5
5
5
5
5
5
5
5
5
5
5
5
5
5
5
5
5
5
5
5
5
5
5
5
5
5
5
5
5
5
5
5
5
5
5
5
5
5
5
5
5
5
5
5
5
5
5
5
5
5
5
5
5
5
5
5
5
5
5
5
5
5
5
5
5
5
5
5
5
5
5
5
5
5
5
5
5
5
5
5
5
5
5
5
5
5
5
5
5
5
5
5
5
5
5
5
5
5
5
5
5
5
5
5
5
5
5
5
5
5
5
5
5
5
5
5
5
5
5
5
5
5
5
5
5
5
5
5
5
5
5
5
5
5
5
5
5
5
5
5
5
5
5
5
5
5
5
5
5
5
5
5
5
5
5
5
5
5
5
5
5
5
5
5
5
5
5
5
5
5
5
5
5
5
5
5
5
5
5
5
5
5
5
5
5
5
5
5
5
5
5
5
5
5
5
5
5
5
5
5
5
5
5
5
5
5
5
5
5
5
5
5
5
5
5
5
5
5
5
5
5
5
5
5
5
5
5
5
5
5
5
5
5
5
5
5
5
5
5
5
5
5
5
5
5
5
5
5
5
5
5
5
5
5
5
5
5
5
5
5
5
5
5
5
5
5
5
5
5
5
5
5
5
5
5
5
5
5
5
5
5
5
5
5
5
5
5
5
5
5
5
5
5
5
5
5
5
5
5
5
5
5
5
5
5
5
5
5
5
5
5
5
5
5
5
5
5
5
5
5
5
5
5
5
5
5
5
5
5
5
5
5
5
5
5
5
5
5
5
5
5
5
5
5
5
5
5
5
5
5
5
5
5
5
5
5
5
5
5
5
5
5
5
5
5
5
5
5
5
5
5
5
5
5
5
5
5
5
5
5
5
5
5
5
5
5
5
5
5
5
5
5
5
5
5
5
5
5
5
5
5
5
5
5
5
5
5
5
5
5
5
5
5
5
5
5
5
5
5
5
5
5
5
5
5
5
5
5
5
5
5
5
5
5
5
5
5
5
5
5
5
5
5
5
5
5
5
5
5
5
5
5
5
5
5
5
5
5
5
5
5
5
5
5
5
5
5
5
5
5
5
5
5
5
5
5
5
5
5
5
5
5
5
5
5
5
5
5
5
5
5
5
5
5
5
5
5
5
5
5
5
5
5
5
5
5
5
5
5
5
5
5
5
5
5
5
5
5
5
5
5
5
5
5
5
5
5
5
5
5
5
5
5
5
5
5
5
5
5
5
5
5
5
5
5
5
5
5
5
5
5
5
5
5
5
5
5
5
5
5
5
5
5
5
5
5
5
5
5
5
5
5
5
5
5
5
5
5
5
5
5
5
5
5
5
5
5
5
5
5
5
5
5
5
5
5
5
5
5
5
5
5
5
5
5
5
5
5
5
5
5
5
5
5
5
5
5
5
5
5
5
5
5
5
5
5
5
5
5
5
5
5
5
5
5
5
5
5
5
5
5
5
5
5
5
5
5
5
5
5
5
5
5
5
5
5
5
5
5
5
5
5
5
5
5
5
5
5
5
5
5
5
5
5
5
5
5
5
5
5
5
5
5
5
5
5
5
5
5
5
5
5
5
5
5
5
10
10
10
10
10
10
10
10
10
10
10
10
10
10
10
10
10
10
10
10
10
10
10
10
10
10
10
10
10
10
10
10
10
10
10
10
10
10
10
10
10
10
10
10
10
10
10
10
10
10
10
10
10
10
10
10
10
10
10
10
10
10
10
10
10
10
10
10
10
10
10
10
10
10
10
10
10
10
10
10
10
10
10
10
10
10
10
10
10
10
10
10
10
10
10
10
10
10
10
10
10
10
10
10
10
10
10
10
10
10
10
10
10
10
10
10
10
10
10
10
10
10
10
10
10
10
10
10
10
10
10
10
10
10
10
10
10
10
10
10
10
10
10
10
10
10
10
10
10
10
10
10
10
10
10
10
10
10
10
10
10
10
10
10
10
10
10
10
10
10
10
10
10
10
10
10
10
10
10
10
10
10
10
10
10
10
10
10
10
10
10
10
10
10
10
10
10
10
10
10
10
10
10
10
10
10
10
10
10
10
10
10
10
10
10
10
10
10
10
10
10
10
10
10
10
10
10
10
10
10
10
10
10
10
10
10
10
10
10
10
10
10
10
10
10
10
10
10
10
10
10
10
10
10
10
10
10
10
10
10
10
10
10
10
10
10
10
10
10
10
10
10
10
10
10
10
10
10
10
10
10
10
10
10
10
10
10
10
10
10
10
10
10
10
10
10
10
10
10
10
10
10
10
10
10
10
10
10
10
10
10
10
10
10
10
10
10
10
10
10
10
10
10
10
10
10
10
10
10
10
10
10
10
10
10
10
10
10
10
10
10
10
10
10
10
10
10
10
10
10
10
10
10
10
10
10
10
10
10
10
10
10
10
10
10
10
10
10
10
10
10
10
10
10
10
10
10
10
10
10
10
10
10
10
10
10
10
10
10
10
10
10
10
10
10
10
10
10
10
10
10
10
10
10
10
10
10
10
10
10
10
10
10
10
10
10
10
10
10
10
10
10
10
10
10
10
10
10
10
10
10
10
10
10
10
10
10
10
10
10
10
10
10
10
10
10
10
10
10
10
10
10
10
10
10
10
10
10
10
10
10
10
10
10
10
10
10
10
10
10
10
10
10
10
10
10
10
10
10
10
10
10
10
10
10
10
10
10
10
10
10
10
10
10
10
10
10
10
10
10
10
10
10
10
10
10
10
10
10
10
10
10
10
10
10
10
10
10
10
10
10
10
10
10
10
10
10
10
10
10
10
10
10
10
10
10
10
10
10
10
10
10
10
10
10
10
10
10
10
10
10
10
10
10
10
10
10
10
10
10
10
10
10
10
10
10
10
10
10
10
10
10
10
10
10
10
10
10
10
10
10
10
10
10
10
10
10
10
10
10
10
10
10
10
10
10
10
10
10
10
10
10
10
10
10
10
10
10
10
10
10
10
10
10
10
10
10
10
10
10
10
10
10
10
10
10
10
10
10
10
10
10
10
10
10
10
10
10
10
10
10
10
10
10
10
10
10
10
10
10
10
10
10
10
10
10
10
10
10
10
10
10
10
10
10
10
10
10
10
10
10
10
10
10
10
10
10
10
10
10
10
10
10
10
10
10
10
10
10
10
10
10
10
10
10
10
10
10
10
10
10
10
10
10
10
10
10
10
10
10
10
10
10
10
10
10
10
10
10
10
10
10
10
10
10
10
10
10
10
10
10
10
10
10
10
10
10
10
10
10
10
10
10
10
10
10
10
10
10
10
10
10
10
10
10
10
10
10
10
10
10
10
10
10
10
10
10
10
10
10
10
10
10
10
10
10
10
10
10
10
10
10
10
10
10
10
10
10
10
10
10
10
10
10
10
10
10
10
10
10
10
10
10
10
10
10
10
10
10
10
10
10
10
10
10
10
10
10
10
10
10
10
10
10
10
10
10
10
10
10
10
10
10
10
10
10
10
10
10
10
10
10
10
10
10
10
10
10
10
10
10
10
10
10
10
10
10
10
10
10
10
10
10
10
10
10
10
10
10
10
10
10
10
10
10
10
10
10
10
10
10
10
10
10
10
10
10
10
10
10
10
10
10
10
10
10
10
10
10
10
10
10
10
10
10
10
10
10
10
10
10
10
10
10
10
10
10
10
10
10
10
10
10
10
10
10
10
10
10
10
10
10
10
10
10
10
10
10
10
10
10
10
10
10
10
10
10
10
10
10
10
10
10
10
10
10
10
10
10
10
10
10
10
10
10
10
10
10
10
10
10
10
10
10
10
10
10
10
10
10
10
10
10
10
10
10
10
10
10
10
10
10
10
10
10
10
10
10
10
10
10
10
10
10
10
10
10
10
10
10
10
10
10
10
10
10
10
10
10
10
10
10
10
10
10
10
10
10
10
10
10
10
10
10
10
10
10
10
10
10
10
10
10
10
10
10
10
10
10
10
10
10
10
10
10
10
10
10
10
10
10
10
10
10
10
10
10
10
10
10
10
10
10
10
10
10
10
10
10
10
10
10
10
10
10
10
10
10
10
10
10
10
10
10
10
10
10
10
10
10
10
10
10
10
10
10
10
10
10
10
10
10
10
10
10
10
10
10
10
10
10
10
10
10
10
10
10
10
10
10
10
10
10
10
10
10
10
10
10
10
10
10
10
10
10
10
10
10
10
10
10
10
10
10
10
10
10
10
10
10
10
10
10
10
10
10
10
10
10
10
10
10
10
10
10
10
10
10
10
10
10
10
10
10
10
10
10
10
10
10
10
10
10
10
10
10
10
10
10
10
10
10
10
10
10
10
10
10
10
10
10
10
10
10
10
10
10
10
10
10
10
10
10
10
10
10
10
10
10
10
10
10
10
10
10
10
10
10
10
10
10
10
10
10
10
10
10
10
10
10
10
10
10
10
10
10
10
10
10
10
10
10
10
10
10
10
10
10
10
10
10
10
10
10
10
10
10
10
10
10
10
10
10
10
10
10
10
10
10
10
10
10
10
10
10
10
10
10
10
10
10
10
10
10
10
10
10
10
10
10
10
10
10
10
10
10
10
10
10
10
10
10
10
10
10
10
10
10
10
10
10
10
10
10
10
10
10
10
10
10
10
10
10
10
10
10
10
10
10
10
10
10
10
10
10
10
10
10
10
10
10
10
10
10
10
10
10
10
10
10
10
10
10
10
10
10
10
10
10
10
10
10
10
10
10
10
10
10
10
10
10
10
10
10
10
10
10
10
10
10
10
10
10
10
10
10
10
10
10
10
10
10
10
10
10
10
10
10
10
10
10
10
10
10
10
10
10
10
10
10
10
10
10
10
10
10
10
10
10
10
10
10
10
10
10
10
10
10
10
10
10
10
10
10
10
10
10
10
10
10
10
10
10
10
10
10
10
10
10
10
10
10
10
10
10
10
10
10
10
10
10
10
10
10
10
10
10
10
10
10
10
10
10
10
10
10
10
10
10
10
10
10
10
10
10
10
10
10
10
10
10
10
10
10
10
10
10
10
10
10
10
10
10
10
10
10
10
10
10
10
10
10
10
10
10
10
10
10
10
10
10
10
10
10
10
10
10
10
10
10
10
10
10
10
10
10
10
10
10
10
10
10
10
10
10
10
10
10
10
10
10
10
10
10
10
10
10
10
10
10
10
10
10
10
10
10
10
10
10
10
10
10
10
10
10
10
10
10
10
10
10
10
10
10
10
10
10
10
10
10
10
10
10
10
10
10
10
10
10
10
10
10
10
10
10
10
10
10
10
10
10
10
10
10
10
10
10
10
10
10
10
10
10
10
10
10
10
10
10
10
10
10
10
10
10
10
10
10
10
10
10
10
10
10
10
10
10
10
10
10
10
10
10
10
10
10
10
10
10
10
10
10
10
10
10
10
10
10
10
10
10
10
10
10
10
10
10
10
10
10
10
10
10
10
10
10
10
10
10
10
10
10
10
10
10
10
10
10
10
10
10
10
10
10
10
10
10
10
10
10
10
10
10
10
10
10
10
10
10
10
10
10
10
10
10
10
10
10
10
10
10
10
10
10
10
10
10
10
10
10
10
10
10
10
10
10
10
10
10
10
10
10
10
10
10
10
10
10
10
10
10
10
10
10
10
10
10
10
10
10
10
10
10
10
10
10
10
10
10
10
10
10
10
10
10
10
10
10
10
10
10
10
10
10
10
10
10
10
10
10
10
10
10
10
10
10
10
10
10
10
10
10
10
10
10
10
10
10
10
10
10
10
10
10
10
10
10
10
10
10
10
10
10
10
10
10
10
10
10
10
10
10
10
10
10
10
10
10
10
10
10
10
10
10
10
10
10
10
10
10
10
10
10
10
10
10
10
10
10
10
10
10
10
10
10
10
10
10
10
10
10
10
10
10
10
10
10
10
10
10
10
10
10
10
10
10
10
10
10
10
10
10
10
10
10
10
10
10
10
10
10
10
10
10
10
10
10
10
10
10
10
10
10
10
10
10
10
10
10
10
10
10
10
10
10
10
10
10
10
10
10
10
10
10
10
10
10
10
10
10
10
10
10
10
10
10
10
10
10
10
10
10
10
10
10
10
10
10
10
10
10
10
10
10
10
10
10
10
10
10
10
10
10
10
10
10
10
10
10
10
10
10
10
10
10
10
10
10
10
10
10
10
10
10
10
10
10
10
10
10
10
10
10
10
10
10
10
10
10
10
10
10
10
10
10
10
10
10
10
10
10
10
10
10
10
10
10
10
10
10
10
10
10
10
10
10
10
10
10
10
10
10
10
10
10
10
10
10
10
10
10
10
10
10
10
10
10
10
10
10
10
10
10
10
10
10
10
10
10
10
10
10
10
10
10
10
10
10
10
10
10
10
10
10
10
10
10
10
10
10
10
10
10
10
10
10
10
10
10
10
10
10
10
10
10
10
10
10
10
10
10
10
10
10
10
10
10
10
10
10
10
10
10
10
10
10
10
10
10
10
10
10
10
10
10
10
10
10
10
10
10
10
10
10
10
10
10
10
10
10
10
10
10
10
10
10
10
10
10
10
10
10
10
10
10
10
10
10
10
10
10
10
10
10
10
10
10
10
10
10
10
10
10
10
10
10
10
10
10
10
10
10
10
10
10
10
10
10
10
10
10
10
10
10
10
10
10
10
10
10
10
10
10
10
10
10
10
10
10
10
10
10
10
10
10
10
10
10
10
10
10
10
10
10
10
10
10
10
10
10
10
10
10
10
10
10
10
10
10
10
10
10
10
10
10
10
10
10
10
10
10
10
10
10
10
10
10
10
10
10
10
10
10
10
10
10
10
10
10
10
10
10
10
10
10
10
10
10
10
10
10
10
10
10
10
10
10
10
10
10
10
10
10
10
10
10
10
10
10
10
10
10
10
10
10
10
10
10
10
10
10
10
10
10
10
10
10
10
10
10
10
10
10
10
10
10
10
10
10
10
10
10
10
10
10
10
10
10
10
10
10
10
10
10
10
10
10
10
10
10
10
10
10
10
10
10
10
10
10
10
10
10
10
10
10
10
10
10
10
10
10
10
10
10
10
10
10
10
10
10
10
10
10
10
10
10
10
10
10
10
10
10
10
10
10
10
10
10
10
10
10
10
10
10
10
10
10
10
10
10
10
10
10
10
10
10
10
10
10
10
10
10
10
10
10
10
10
10
10
10
10
10
10
10
10
10
10
10
10
10
10
10
10
10
10
10
10
10
10
10
10
10
10
10
10
10
10
10
10
10
10
10
10
10
10
10
10
10
10
10
10
10
10
10
10
10
10
10
10
10
10
10
10
10
10
10
10
10
10
10
10
10
10
10
10
10
10
10
10
10
10
10
10
10
10
10
10
10
10
10
10
10
10
10
10
10
10
10
10
10
10
10
10
10
10
10
10
10
10
10
10
10
10
10
10
10
10
10
10
10
10
10
10
10
10
10
10
10
10
10
10
10
10
10
10
10
10
10
10
10
10
10
10
10
10
10
10
10
10
10
10
10
10
10
10
10
10
10
10
10
10
10
10
10
10
10
10
10
10
10
10
10
10
10
10
10
10
10
10
10
10
10
10
10
10
10
10
10
10
10
10
10
10
10
10
10
10
10
10
10
10
10
10
10
10
10
10
10
10
10
10
10
10
10
10
10
10
10
10
10
10
10
10
10
10
10
10
10
10
10
10
10
10
10
10
10
10
10
10
10
10
10
10
10
10
10
10
10
10
10
10
10
10
10
10
10
10
10
10
10
10
10
10
10
10
10
10
10
10
10
10
10
10
10
10
10
10
10
10
10
10
10
10
10
10
10
10
10
10
10
10
10
10
10
10
10
10
10
10
10
10
10
10
10
10
10
10
10
10
10
10
10
10
10
10
10
10
10
10
10
10
10
10
10
10
10
10
10
10
10
10
10
10
10
10
10
10
10
10
10
10
10
10
10
10
10
10
10
10
10
10
10
10
10
10
10
10
10
10
10
10
10
10
10
10
10
10
10
10
10
10
10
10
10
10
10
10
10
10
10
10
10
10
10
10
10
10
10
10
10
10
10
10
10
10
10
10
10
10
10
10
10
10
10
10
10
10
10
10
10
10
10
10
10
10
10
10
10
10
10
10
10
10
10
10
10
10
10
10
10
10
10
10
10
10
10
10
10
10
10
10
10
10
10
10
10
10
10
10
10
10
10
10
10
10
10
10
10
10
10
10
10
10
10
10
10
10
10
10
10
10
10
10
10
10
10
10
10
10
10
10
10
10
10
10
10
10
10
10
10
10
10
10
10
10
10
10
10
10
10
10
10
10
10
10
10
10
10
10
10
10
10
10
10
10
10
10
10
10
10
10
10
10
10
10
10
10
10
10
10
10
10
10
10
10
10
10
10
10
10
10
10
10
10
10
10
10
10
10
10
10
10
10
10
10
10
10
10
10
10
10
10
10
10
10
10
10
10
10
10
10
10
10
10
10
10
10
10
10
10
10
10
10
10
10
10
10
10
10
10
10
10
10
10
10
10
10
10
10
10
10
10
10
10
10
10
10
10
10
10
10
10
10
10
10
10
10
10
10
10
10
10
10
10
10
10
10
10
10
10
10
10
10
10
10
10
10
10
10
10
10
10
10
10
10
10
10
10
10
10
10
10
10
10
10
10
10
10
10
10
10
10
10
10
10
10
10
10
10
10
10
10
10
10
10
10
10
10
10
10
10
10
10
10
10
10
10
10
10
10
10
10
10
10
10
10
10
10
10
10
10
10
10
10
10
10
10
10
10
10
10
10
10
10
10
10
10
10
10
10
10
10
10
10
10
10
10
10
10
10
10
10
10
10
10
10
10
10
10
10
10
10
10
10
10
10
10
10
10
10
10
10
10
10
10
10
10
10
10
10
10
10
10
10
10
10
10
10
10
10
10
10
10
10
10
10
10
10
10
10
10
10
10
10
10
10
10
10
10
10
10
10
10
10
10
10
10
10
10
10
10
10
10
10
10
10
10
10
10
10
10
10
10
10
10
10
10
10
10
10
10
10
10
10
10
10
10
10
10
10
10
10
10
10
10
10
10
10
10
10
10
10
10
10
10
10
10
10
10
10
10
10
10
10
10
10
10
10
10
10
10
10
10
10
10
10
10
10
10
10
10
10
10
10
10
10
10
10
10
10
10
10
10
10
10
10
10
10
10
10
10
10
10
10
10
10
10
10
10
10
10
10
10
10
10
10
10
10
10
10
10
10
10
10
10
10
10
10
10
10
10
10
10
10
10
10
10
10
10
10
10
10
10
10
10
10
10
10
10
10
10
10
10
10
10
10
10
10
10
10
10
10
10
10
10
10
10
10
10
10
10
10
10
10
10
10
10
10
10
10
10
10
10
10
10
10
10
10
10
10
10
10
10
10
10
10
10
10
10
10
10
10
10
10
10
10
10
10
10
10
10
10
10
10
10
10
10
10
10
10
10
10
10
10
10
10
10
10
10
10
10
10
10
10
10
10
10
10
10
10
10
10
10
10
10
10
10
10
10
10
10
10
10
10
10
10
10
10
10
10
10
10
10
10
10
10
10
10
10
10
10
10
10
10
10
10
10
10
10
10
10
10
10
10
10
10
10
10
10
10
10
10
10
10
10
10
10
10
10
10
10
10
10
10
10
10
10
10
10
10
10
10
10
10
10
10
10
10
10
10
10
10
10
10
10
10
10
10
10
10
10
10
10
10
10
10
10
10
10
10
10
10
10
10
10
10
10
10
10
10
10
10
10
10
10
10
10
10
10
10
10
10
10
10
10
10
10
10
10
10
10
10
10
10
10
10
10
10
10
10
10
10
10
10
10
10
10
10
10
10
10
10
10
10
10
10
10
10
10
10
10
10
10
10
10
10
10
10
10
10
10
10
10
10
10
10
10
10
10
10
10
10
10
10
10
10
10
10
10
10
10
10
10
10
10
10
10
10
10
10
10
10
10
10
10
10
10
10
10
10
10
10
10
10
10
10
10
10
10
10
10
10
10
10
10
10
10
10
10
10
10
10
10
10
10
10
10
10
10
10
10
10
10
10
10
10
10
10
10
10
10
10
10
10
10
10
10
10
10
10
10
10
10
10
10
10
10
10
10
10
10
10
10
10
10
10
10
10
10
10
10
10
10
10
10
10
10
10
10
10
10
10
10
10
10
10
10
10
10
10
10
10
10
10
10
10
10
10
10
10
10
10
10
10
10
10
10
10
10
10
10
10
10
10
10
10
10
10
10
10
10
10
10
10
10
10
10
10
10
10
10
10
10
10
10
10
10
10
10
10
10
10
10
10
10
10
10
10
10
10
10
10
10
10
10
10
10
10
10
10
10
10
10
10
10
10
10
10
10
10
10
10
10
10
10
10
10
10
10
10
10
10
10
10
10
10
10
10
10
10
10
10
10
10
10
10
10
10
10
10
10
10
10
10
10
10
10
10
10
10
10
10
10
10
10
10
10
10
10
10
10
10
10
10
10
10
10
10
10
10
10
10
10
10
10
10
10
10
10
10
10
10
10
10
10
10
10
10
10
10
10
10
10
10
10
10
10
10
10
10
10
10
10
10
10
10
10
10
10
10
10
10
10
10
10
10
10
10
10
10
10
10
10
10
10
10
10
10
10
10
10
10
10
10
10
10
10
10
10
10
10
10
10
10
10
10
10
10
10
10
10
10
10
10
10
10
10
10
10
10
10
10
10
10
10
10
10
10
10
10
10
10
10
10
10
10
10
10
10
10
10
10
10
10
10
10
10
10
10
10
10
10
10
10
10
10
10
10
10
10
10
10
10
10
10
10
10
10
10
10
10
10
10
10
10
10
10
10
10
10
10
10
10
10
10
10
10
10
10
10
10
10
10
10
10
10
10
10
10
10
10
10
10
10
10
10
10
10
10
10
10
10
10
10
10
10
10
10
10
10
10
10
10
10
10
10
10
10
10
10
10
10
10
10
10
10
10
10
10
10
10
10
10
10
10
10
10
10
10
10
10
10
10
10
10
10
10
10
10
10
10
10
10
10
10
10
10
10
10
10
10
10
10
10
10
10
10
10
10
10
10
10
10
10
10
10
10
10
10
10
10
10
10
10
10
10
10
10
10
10
10
10
10
10
10
10
10
10
10
10
10
10
10
10
10
10
10
10
10
10
10
10
10
10
10
10
10
10
10
10
10
10
10
10
10
10
10
10
10
10
10
10
10
10
10
10
10
10
10
10
10
10
10
10
10
10
10
10
10
10
10
10
10
10
10
10
10
10
10
10
10
10
10
10
10
10
10
10
10
10
10
10
10
10
10
10
10
10
10
10
10
10
10
10
10
10
10
10
10
10
10
10
10
10
10
10
10
10
10
10
10
10
10
10
10
10
10
10
10
10
10
10
10
10
10
10
10
10
10
10
10
10
10
10
10
10
10
10
10
10
10
10
10
10
10
10
10
10
10
10
10
10
10
10
10
10
10
10
10
10
10
10
10
10
10
10
10
10
10
10
10
10
10
10
10
10
10
10
10
10
10
10
10
10
10
10
10
10
10
10
10
10
10
10
10
10
10
10
10
10
10
10
10
10
10
10
10
10
10
10
10
10
10
10
10
10
10
10
10
10
10
10
10
10
10
10
10
10
10
10
10
10
10
10
10
10
10
10
10
10
10
10
10
10
10
10
10
10
10
10
10
10
10
10
10
10
10
10
10
10
10
10
10
10
10
10
10
10
10
10
10
10
10
10
10
10
10
10
10
10
10
10
10
10
10
10
10
10
10
10
10
10
10
10
10
10
10
10
10
10
10
10
10
10
10
10
10
10
10
10
10
10
10
10
10
10
10
10
10
10
10
10
10
10
10
10
10
10
10
10
10
10
10
10
10
10
10
10
10
10
10
10
10
10
10
10
10
10
10
10
10
10
10
10
10
10
10
10
10
10
10
10
10
10
10
10
10
10
10
10
10
10
10
10
10
10
10
10
10
10
10
10
10
10
10
10
10
10
10
10
10
10
10
10
10
10
10
10
10
10
10
10
10
10
10
10
10
10
10
10
10
10
10
10
10
10
10
10
10
10
10
10
10
10
10
10
10
10
10
10
10
10
10
10
10
10
10
10
10
10
10
10
10
10
10
10
10
10
10
10
10
10
10
10
10
10
10
10
10
10
10
10
10
10
10
10
10
10
10
10
10
10
10
10
10
10
10
10
10
10
10
10
10
10
10
10
10
10
10
10
10
10
10
10
10
10
10
10
10
10
10
10
10
10
10
10
10
10
10
10
10
10
10
10
10
10
10
10
10
10
10
10
10
10
10
10
10
10
10
10
10
10
10
10
10
10
10
10
10
10
10
10
10
10
10
10
10
10
10
10
10
10
10
10
10
10
10
10
10
10
10
10
10
10
10
10
10
10
10
10
10
10
10
10
10
10
10
10
10
10
10
10
10
10
10
10
10
10
10
10
10
10
10
10
10
10
10
10
10
10
10
10
10
10
10
10
10
10
10
10
10
10
10
10
10
10
10
10
10
10
10
10
10
10
10
10
10
10
10
10
10
10
10
10
10
10
10
10
10
10
10
10
10
10
10
10
10
10
10
10
10
10
10
10
10
10
10
10
10
10
10
10
10
10
10
10
10
10
10
10
10
10
10
10
10
10
10
10
10
10
10
10
10
10
10
10
10
10
10
10
10
10
10
10
10
10
10
10
10
10
10
10
10
10
10
10
10
10
10
10
10
10
10
10
10
10
10
10
10
10
10
10
10
10
10
10
10
10
10
10
10
10
10
10
10
10
10
10
10
10
10
10
10
10
10
10
10
10
10
10
10
10
10
10
10
10
10
10
10
10
10
10
10
10
10
10
10
10
10
10
10
10
10
10
10
10
10
10
10
10
10
10
10
10
10
10
10
10
10
10
10
10
10
10
10
10
10
10
10
10
10
10
10
10
10
10
10
10
10
10
10
10
10
10
10
10
10
10
10
10
10
10
10
10
10
10
10
10
10
10
10
10
10
10
10
10
10
10
10
10
10
10
10
10
10
10
10
10
10
10
10
10
10
10
10
10
10
10
10
10
10
10
10
10
10
10
10
10
10
10
10
10
10
10
10
10
10
10
10
10
10
10
10
10
10
10
10
10
10
10
10
10
10
10
10
10
10
10
10
10
10
10
10
10
10
10
10
10
10
10
10
10
10
10
10
10
10
10
10
10
10
10
10
10
10
10
10
10
10
10
10
10
10
10
10
10
10
10
10
10
10
10
10
10
10
10
10
10
10
10
10
10
10
10
10
10
10
10
10
10
10
10
10
10
10
10
10
10
10
10
10
10
10
10
10
10
10
10
10
10
10
10
10
10
10
10
10
10
10
10
10
10
10
10
10
10
10
10
10
10
10
10
10
10
10
10
10
10
10
10
10
10
10
10
10
10
10
10
10
10
10
10
10
10
10
10
10
10
10
10
10
10
10
10
10
10
10
10
10
10
10
10
10
10
10
10
10
10
10
10
10
10
10
10
10
10
10
10
10
10
10
10
10
10
10
10
10
10
10
10
10
10
10
10
10
10
10
10
10
10
10
10
10
10
10
10
10
10
10
10
10
10
10
10
10
10
10
10
10
10
10
10
10
10
10
10
10
10
10
10
10
10
10
10
10
10
10
10
10
10
10
10
10
10
10
10
10
10
10
10
10
10
10
10
10
10
10
10
10
10
10
10
10
10
10
10
10
10
10
10
10
10
10
10
10
10
10
10
10
10
10
10
10
10
10
10
10
10
10
10
10
10
10
10
10
10
10
10
10
10
10
10
10
10
10
10
10
10
10
10
10
10
10
10
10
10
10
10
10
10
10
10
10
10
10
10
10
10
10
10
10
10
10
10
10
10
10
10
10
10
10
10
10
10
10
10
10
10
10
10
10
10
10
10
10
10
10
10
10
10
10
10
10
10
10
10
10
10
10
10
10
10
10
10
10
10
10
10
10
10
10
10
10
10
10
10
10
10
10
10
10
10
10
10
10
10
10
10
10
10
10
10
10
10
10
10
10
10
10
10
10
10
10
10
10
10
10
10
10
10
10
10
10
10
10
10
10
10
10
10
10
10
10
10
10
10
10
10
10
10
10
10
10
10
10
10
10
10
10
10
10
10
10
10
10
10
10
10
10
10
10
10
10
10
10
10
10
10
10
10
10
10
10
10
10
10
10
10
10
10
10
10
10
10
10
10
10
10
10
10
10
10
10
10
10
10
10
10
10
10
10
10
10
10
10
10
10
10
10
10
10
10
10
10
10
10
10
10
10
10
10
10
10
10
10
10
10
10
10
10
10
10
10
10
10
10
10
10
10
10
10
10
10
10
10
10
10
10
10
10
10
10
10
10
10
10
10
10
10
10
10
10
10
10
10
10
10
10
10
10
10
10
10
10
10
10
10
10
10
10
10
10
10
10
10
10
10
10
10
10
10
10
10
10
10
10
10
10
10
10
10
10
10
10
10
10
10
10
10
10
10
10
10
10
10
10
10
10
10
10
10
10
10
10
10
10
10
10
10
10
10
10
10
10
10
10
10
10
10
10
10
10
10
10
10
10
10
10
10
10
10
10
10
10
10
10
10
10
10
10
10
10
10
10
10
10
10
10
10
10
10
10
10
10
10
10
10
10
10
10
10
10
10
10
10
10
10
10
10
10
10
10
10
10
10
10
10
10
10
10
10
10
10
10
10
10
10
10
10
10
10
10
10
10
10
10
10
10
10
10
10
10
10
10
10
10
10
10
10
10
10
10
10
10
10
10
10
10
10
10
10
10
10
10
10
10
10
10
10
10
10
10
10
10
10
10
10
10
10
10
10
10
10
10
10
10
10
10
10
10
10
10
10
10
10
10
10
10
10
10
10
10
10
10
10
10
10
10
10
10
10
10
10
10
10
10
10
10
10
10
10
10
10
10
10
10
10
10
10
10
10
10
10
10
10
10
10
10
10
10
10
10
10
10
10
10
10
10
10
10
10
10
10
10
10
10
10
10
10
10
10
10
10
10
10
10
10
10
10
10
10
10
10
10
10
10
10
10
10
10
10
10
10
10
10
10
10
10
10
10
10
10
10
10
10
10
10
10
10
10
10
10
10
10
10
10
10
10
10
10
10
10
10
10
10
10
10
10
10
10
10
10
10
10
10
10
10
10
10
10
10
10
10
10
10
10
10
10
10
10
10
10
10
10
10
10
10
10
10
10
10
10
10
10
10
10
10
10
10
10
10
10
10
10
10
10
10
10
10
10
10
10
10
10
10
10
10
10
10
10
10
10
10
10
10
10
10
10
10
10
10
10
10
10
10
10
10
10
10
10
10
10
10
10
10
10
10
10
10
10
10
10
10
10
10
10
10
10
10
10
10
10
10
10
10
10
10
10
10
10
10
10
10
10
10
10
10
10
10
10
10
10
10
10
10
10
10
10
10
10
10
10
10
10
10
10
10
10
10
10
10
10
10
10
10
10
10
10
10
10
10
10
10
10
10
10
10
10
10
10
10
10
10
10
10
10
10
10
10
10
10
10
10
10
10
10
10
10
10
10
10
10
10
10
10
10
10
10
10
10
10
10
10
10
10
10
10
10
10
10
10
10
10
10
10
10
10
10
10
10
10
10
10
10
10
10
10
10
10
10
10
10
10
10
10
10
10
10
10
10
10
10
10
10
10
10
10
10
10
10
10
10
10
10
10
10
10
10
10
10
10
10
10
10
10
10
10
10
10
10
10
10
10
10
10
10
10
10
10
10
10
10
10
10
10
10
10
10
10
10
10
10
10
10
10
10
10
10
10
10
10
10
10
10
10
10
10
10
10
10
10
10
10
10
10
10
10
10
10
10
10
10
10
10
10
10
10
10
10
10
10
10
10
10
10
10
10
10
10
10
10
10
10
10
10
10
10
10
10
10
10
10
10
10
10
10
10
10
10
10
10
10
10
10
10
10
10
10
10
10
10
10
10
10
10
10
10
10
10
10
10
10
10
10
10
10
10
10
10
10
10
10
10
10
10
10
10
10
10
10
10
10
10
10
10
10
10
10
10
10
10
10
10
10
10
10
10
10
10
10
10
10
10
10
10
10
10
10
10
10
10
10
10
10
10
10
10
10
10
10
10
10
10
10
10
10
10
10
10
10
10
10
10
10
10
10
10
10
10
10
10
10
10
10
10
10
10
10
10
10
10
10
10
10
10
10
10
10
10
10
10
10
10
10
10
10
10
10
10
10
10
10
10
10
10
10
10
10
10
10
10
10
10
10
10
10
10
10
10
10
10
10
10
10
10
10
10
10
10
10
10
10
10
10
10
10
10
10
10
10
10
10
10
10
10
10
10
10
10
10
10
10
10
10
10
10
10
10
10
10
10
10
10
10
10
10
10
10
10
10
10
10
10
10
10
10
10
10
10
10
10
10
10
10
10
10
10
10
10
10
10
10
10
10
10
10
10
10
10
10
10
10
10
10
10
10
10
10
10
10
10
10
10
10
10
10
10
10
10
10
10
10
10
10
10
10
10
10
10
10
10
10
10
10
10
10
10
10
10
10
10
10
10
10
10
10
10
10
10
10
10
10
10
10
10
10
10
10
10
10
10
10
10
10
10
10
10
10
10
10
10
10
10
10
10
10
10
10
10
10
10
10
10
10
10
10
10
10
10
10
10
10
10
10
10
10
10
10
10
10
10
10
10
10
10
10
10
10
10
10
10
10
10
10
10
10
10
10
10
10
10
10
10
10
10
10
10
10
10
10
10
10
10
10
10
10
10
10
10
10
10
10
10
10
10
10
10
10
10
10
10
10
10
10
10
10
10
10
10
10
10
10
10
10
10
10
10
10
10
10
10
10
10
10
10
10
10
10
10
10
10
10
10
10
10
10
10
10
10
10
10
10
10
10
10
10
10
10
10
10
10
10
10
10
10
10
10
10
10
10
10
10
10
10
10
10
10
10
10
10
10
10
10
10
10
10
10
10
10
10
10
10
10
10
10
10
10
10
10
10
10
10
10
10
10
10
10
10
10
10
10
10
10
10
10
10
10
10
10
10
10
10
10
10
10
10
10
10
10
10
10
10
10
10
10
10
10
10
10
10
10
10
10
10
10
10
10
10
10
10
10
10
10
10
10
10
10
10
10
10
10
10
10
10
10
10
10
10
10
10
10
10
10
10
10
10
10
10
10
10
10
10
10
10
10
10
10
10
10
10
10
10
10
10
10
10
10
10
10
10
10
10
10
10
10
10
10
10
10
10
10
10
10
10
10
10
10
10
10
10
10
10
10
10
10
10
10
10
10
10
10
10
10
10
10
10
10
10
10
10
10
10
10
10
10
10
10
10
10
10
10
10
10
10
10
10
10
10
10
10
10
10
10
10
10
10
10
10
10
10
10
10
10
10
10
10
10
10
10
10
10
10
10
10
10
10
10
10
10
10
10
10
10
10
10
10
10
10
10
10
10
10
10
10
10
10
10
10
10
10
10
10
10
10
10
10
10
10
10
10
10
10
10
10
10
10
10
10
10
10
10
10
10
10
10
10
10
10
10
10
10
10
10
10
10
10
10
10
10
10
10
10
10
10
10
10
10
10
10
10
10
10
10
10
10
10
10
10
10
10
10
10
10
10
10
10
10
10
10
10
10
10
10
10
10
10
10
10
10
10
10
10
10
10
10
10
10
10
10
10
10
10
10
10
10
10
10
10
10
10
10
10
10
10
10
10
10
10
10
10
10
10
10
10
10
10
10
10
10
10
10
10
10
10
10
10
10
10
10
10
10
10
10
10
10
10
10
10
10
10
10
10
10
10
10
10
10
10
10
10
10
10
10
10
10
10
10
10
10
10
10
10
10
10
10
10
10
10
10
10
10
10
10
10
10
10
10
10
10
10
10
10
10
10
10
10
10
10
10
10
10
10
10
10
10
10
10
10
10
10
10
10
10
10
10
10
10
10
10
10
10
10
10
10
10
10
10
10
10
10
10
10
10
10
10
10
10
10
10
10
10
10
10
10
10
10
10
10
10
10
10
10
10
10
10
10
10
10
10
10
10
10
10
10
10
10
10
10
10
10
10
10
10
10
10
10
10
10
10
10
10
10
10
10
10
10
10
10
10
10
10
10
10
10
10
10
10
10
10
10
10
10
10
10
10
10
10
10
10
10
10
10
10
10
10
10
10
10
10
10
10
10
10
10
10
10
10
10
10
10
10
10
10
10
10
10
10
10
10
10
10
10
10
10
10
10
10
10
10
10
10
10
10
10
10
10
10
10
10
10
10
10
10
10
10
10
10
10
10
10
10
10
10
10
10
10
10
10
10
10
10
10
10
10
10
10
10
10
10
10
10
10
10
10
10
10
10
10
10
10
10
10
10
10
10
10
10
10
10
10
10
10
10
10
10
10
10
10
10
10
10
10
10
10
10
10
10
10
10
10
10
10
10
10
10
10
10
10
10
10
10
10
10
10
10
10
10
10
10
10
10
10
10
10
10
10
10
10
10
10
10
10
10
10
10
10
10
10
10
10
10
10
10
10
10
10
10
10
10
10
10
10
10
10
10
10
10
10
10
10
10
10
10
10
10
10
10
10
10
10
10
10
10
10
10
10
10
10
10
10
10
10
10
10
10
10
10
10
10
10
10
10
10
10
10
10
10
10
10
10
10
10
10
10
10
10
10
10
10
10
10
10
10
10
10
10
10
10
10
10
10
10
10
10
10
10
10
10
10
10
10
10
10
10
10
10
10
10
10
10
10
10
10
10
10
10
10
10
10
10
10
10
10
10
10
10
10
10
10
10
10
10
10
10
10
10
10
10
10
10
10
10
10
10
10
10
10
10
10
10
10
10
10
10
10
10
10
10
10
10
10
10
10
10
10
10
10
10
10
10
10
10
10
10
10
10
10
10
10
10
10
10
10
10
10
10
10
10
10
10
10
10
10
10
10
10
10
10
10
10
10
10
10
10
10
10
10
10
10
10
10
10
10
10
10
10
10
10
10
10
10
10
10
10
10
10
10
10
10
10
10
10
10
10
10
10
10
10
10
10
10
10
10
10
10
10
10
10
10
10
10
10
10
10
10
10
10
10
10
10
10
10
10
10
10
10
10
10
10
10
10
10
10
10
10
10
10
10
10
10
10
10
10
10
10
10
10
10
10
10
10
10
10
10
10
10
10
10
10
10
10
10
10
10
10
10
10
10
10
10
10
10
10
10
10
10
10
10
10
10
10
10
10
10
10
10
10
10
10
10
10
10
10
10
10
10
10
10
10
10
10
10
10
10
10
10
10
10
10
10
10
10
10
10
10
10
10
10
10
10
10
10
10
10
10
10
10
10
10
10
10
10
10
10
10
10
10
10
10
10
10
10
10
10
10
10
10
10
10
10
10
10
10
10
10
10
10
10
10
10
10
10
10
10
10
10
10
10
10
10
10
10
10
10
10
10
10
10
10
10
10
10
10
10
10
10
10
10
10
10
10
10
10
10
10
10
10
10
10
10
10
10
10
10
10
10
10
10
10
10
10
10
10
10
10
10
10
10
10
10
10
10
10
10
10
10
10
10
10
10
10
10
10
10
10
10
10
10
10
10
10
10
10
10
10
10
10
10
10
10
10
10
10
10
10
10
10
10
10
10
10
10
10
10
10
10
10
10
10
10
10
10
10
10
10
10
10
10
10
10
10
10
10
10
10
10
10
10
10
10
10
10
10
10
10
10
10
10
10
10
10
10
10
10
10
10
10
10
10
10
10
10
10
10
10
10
10
10
10
10
10
10
10
10
10
10
10
10
10
10
10
10
10
10
10
10
10
10
10
10
10
10
10
10
10
10
10
10
10
10
10
10
10
10
10
10
10
10
10
10
10
10
10
10
10
10
10
10
10
10
10
10
10
10
10
10
10
10
10
10
10
10
10
10
10
10
10
10
10
10
10
10
10
10
10
10
10
10
10
10
10
10
10
10
10
10
10
10
10
10
10
10
10
10
10
10
10
10
10
10
10
10
10
10
10
10
10
10
10
10
10
10
10
10
10
10
10
10
10
10
10
10
10
10
10
10
10
10
10
10
10
10
10
10
10
10
10
10
10
10
10
10
10
10
10
10
10
10
10
10
10
10
10
10
10
10
10
10
10
10
10
10
10
10
10
10
10
10
10
10
10
10
10
10
10
10
10
10
10
10
10
10
10
10
10
10
10
10
10
10
10
10
10
10
10
10
10
10
10
10
10
10
10
10
10
10
10
10
10
10
10
10
10
10
10
10
10
10
10
10
10
10
10
10
10
10
10
10
10
10
10
10
10
10
10
10
10
10
10
10
10
10
10
10
10
10
10
10
10
10
10
10
10
10
10
10
10
10
10
10
10
10
10
10
10
10
10
10
10
10
10
10
10
10
10
10
10
10
10
10
10
10
10
10
10
10
10
10
10
10
10
10
10
10
10
10
10
10
10
10
10
10
10
10
10
10
10
10
10
10
10
10
10
10
10
10
10
10
10
10
10
10
10
10
10
10
10
10
10
10
10
10
10
10
10
10
10
10
10
10
10
10
10
10
10
10
10
10
10
10
10
10
10
10
10
10
10
10
10
10
10
10
10
10
10
10
10
10
10
10
10
10
10
10
10
10
10
10
10
10
10
10
10
10
10
10
10
10
10
10
10
10
10
10
10
10
10
10
10
10
10
10
10
10
10
10
10
10
10
10
10
10
10
10
10
10
10
10
10
10
10
10
10
10
10
10
10
10
10
10
10
10
10
10
10
10
10
10
10
10
10
10
10
10
10
10
10
10
10
10
10
10
10
10
10
10
10
10
10
10
10
10
10
10
10
10
10
10
10
10
10
10
10
10
10
10
10
10
10
10
10
10
10
10
10
10
10
10
10
10
10
10
10
10
10
10
10
10
10
10
10
10
10
10
10
10
10
10
10
10
10
10
10
10
10
10
10
10
10
10
10
10
10
10
10
10
10
10
10
10
10
10
10
10
10
10
10
10
10
10
10
10
10
10
10
10
10
10
10
10
10
10
10
10
10
10
10
10
10
10
10
10
10
10
10
10
10
10
10
10
10
10
10
10
10
10
10
10
10
10
10
10
10
10
10
10
10
10
10
10
10
10
10
10
10
10
10
10
10
10
10
10
10
10
10
10
10
10
10
10
10
10
10
10
10
10
10
10
10
10
10
10
10
10
10
10
10
10
10
10
10
10
10
10
10
10
10
10
10
10
10
10
10
10
10
10
10
10
10
10
10
10
10
10
10
10
10
10
10
10
10
10
10
10
10
10
10
10
10
10
10
10
10
10
10
10
10
10
10
10
10
10
10
10
10
10
10
10
10
10
10
10
10
10
10
10
10
10
10
10
10
10
10
10
10
10
10
10
10
10
10
10
10
10
10
10
10
10
10
10
10
10
10
10
10
10
10
10
10
10
10
10
10
10
10
10
10
10
10
10
10
10
10
10
10
10
10
10
10
10
10
10
10
10
10
10
10
10
10
10
10
10
10
10
10
10
10
10
10
10
10
10
10
10
10
10
10
10
10
10
10
10
10
10
10
10
10
10
10
10
10
10
10
10
10
10
10
10
10
10
10
10
10
10
10
10
10
10
10
10
10
10
10
10
10
10
10
10
10
10
10
10
10
10
10
10
10
10
10
10
10
10
10
10
10
10
10
10
10
10
10
10
10
10
10
10
10
10
10
10
10
10
10
10
10
10
10
10
10
10
10
10
10
10
10
10
10
10
10
10
10
10
10
10
10
10
10
10
10
10
10
10
10
10
10
10
10
10
10
10
10
10
10
10
10
10
10
10
10
10
10
10
10
10
10
10
10
10
10
10
10
10
10
10
10
10
10
10
10
10
10
10
10
10
10
10
10
10
10
10
10
10
10
10
10
10
10
10
10
10
10
10
10
10
10
10
10
10
10
10
10
10
10
10
10
10
10
10
10
10
10
10
10
10
10
10
10
10
10
10
10
10
10
10
10
10
10
10
10
10
10
10
10
10
10
10
10
10
10
10
10
10
10
10
10
10
10
10
10
10
10
10
10
10
10
10
10
10
10
10
10
10
10
10
10
10
10
10
10
10
10
10
10
10
10
10
10
10
10
10
10
10
10
10
10
10
10
10
10
10
10
10
10
10
10
10
10
10
10
10
10
10
10
10
10
10
10
10
10
10
10
10
10
10
10
10
10
10
10
10
10
10
10
10
10
10
10
10
10
10
10
10
10
10
10
10
10
10
10
10
10
10
10
10
10
10
10
10
10
10
10
10
10
10
10
10
10
10
10
10
10
10
10
10
10
10
10
10
10
10
10
10
10
10
10
10
10
10
10
10
10
10
10
10
10
10
10
10
10
10
10
10
10
10
10
10
10
10
10
10
10
10
10
10
10
10
10
10
10
10
10
10
10
10
10
10
10
10
10
10
10
10
10
10
10
10
10
10
10
10
10
10
10
10
10
10
10
10
10
10
10
10
10
10
10
10
10
10
10
10
10
10
10
10
10
10
10
10
10
10
10
10
10
10
10
10
10
10
10
10
10
10
10
10
10
10
10
10
10
10
10
10
10
10
10
10
10
10
10
10
10
10
10
10
10
10
10
10
10
10
10
10
10
10
10
10
10
10
10
10
10
10
10
10
10
10
10
10
10
10
10
10
10
10
10
10
10
10
10
10
10
10
10
10
10
10
10
10
10
10
10
10
10
10
10
10
10
10
10
10
10
10
10
10
10
10
10
10
10
10
10
10
10
10
10
10
10
10
10
10
10
10
10
10
10
10
10
10
10
10
10
10
10
10
10
10
10
10
10
10
10
10
10
10
10
10
10
10
10
10
10
10
10
10
10
10
10
10
10
10
10
10
10
10
10
10
10
10
10
10
10
10
10
10
10
10
10
10
10
10
10
10
10
10
10
10
10
10
10
10
10
10
10
10
10
10
10
10
10
10
10
10
10
10
10
10
10
10
10
10
10
10
10
10
10
10
10
10
10
10
10
10
10
10
10
10
10
10
10
10
10
10
10
10
10
10
10
10
10
10
10
10
10
10
10
10
10
10
10
10
10
10
10
10
10
10
10
10
10
10
10
10
10
10
10
10
10
10
10
10
10
10
10
10
10
10
10
10
10
10
10
10
10
10
10
10
10
10
10
10
10
10
10
10
10
10
10
10
10
10
10
10
10
10
10
10
10
10
10
10
10
10
10
10
10
10
10
10
10
10
10
10
10
10
10
10
10
10
10
10
10
10
10
10
10
10
10
10
10
10
10
10
10
10
10
10
10
10
10
10
10
10
10
10
10
10
10
10
10
10
10
10
10
10
10
10
10
10
10
10
10
10
10
10
10
10
10
10
10
10
10
10
10
10
10
10
10
10
10
10
10
10
10
10
10
10
10
10
10
10
10
10
10
10
10
10
10
10
10
10
10
10
10
10
10
10
10
10
10
10
10
10
10
10
10
10
10
10
10
10
10
10
10
10
10
10
10
10
10
10
10
10
10
10
10
10
10
10
10
10
10
10
10
10
10
10
10
10
10
10
10
10
10
10
10
10
10
10
10
10
10
10
10
10
10
10
10
10
10
10
10
10
10
10
10
10
10
10
10
10
10
10
10
10
10
10
10
10
10
10
10
10
10
10
10
10
10
10
10
10
10
10
10
10
10
10
10
10
10
10
10
10
10
10
10
10
10
10
10
10
10
10
10
10
10
10
10
10
10
10
10
10
10
10
10
10
10
10
10
10
10
10
10
10
10
10
10
10
10
10
10
10
10
10
10
10
10
10
10
10
10
10
10
10
10
10
10
10
10
10
10
10
10
10
10
10
10
10
10
10
10
10
10
10
10
10
10
10
10
10
10
10
10
10
10
10
10
10
10
10
10
10
10
10
10
10
10
10
10
10
10
10
10
10
10
10
10
10
10
10
10
10
10
10
10
10
10
10
10
10
10
10
10
10
10
10
10
10
10
10
10
10
10
10
10
10
10
10
10
10
10
10
10
10
10
10
10
10
10
10
10
10
10
10
10
10
10
10
10
10
10
10
10
10
10
10
10
10
10
10
10
10
10
10
10
10
10
10
10
10
10
10
10
10
10
10
10
10
10
10
10
10
10
10
10
10
10
10
10
10
10
10
10
10
10
10
10
10
10
10
10
10
10
10
10
10
10
10
10
10
10
10
10
10
10
10
10
10
10
10
10
10
10
10
10
10
10
10
10
10
10
10
10
10
10
10
10
10
10
10
10
10
10
10
10
10
10
10
10
10
10
10
10
10
10
10
10
10
10
10
10
10
10
10
10
10
10
10
10
10
10
10
10
10
10
10
10
10
10
10
10
10
10
10
10
10
10
10
10
10
10
10
10
10
10
10
10
10
10
10
10
10
10
10
10
10
10
10
10
10
10
10
10
10
10
10
10
10
10
10
10
10
10
10
10
10
10
10
10
10
10
10
10
10
10
10
10
10
10
10
10
10
10
10
10
10
10
10
10
10
10
10
10
10
10
10
10
10
10
10
10
10
10
10
10
10
10
10
10
10
10
10
10
10
10
10
10
10
10
10
10
10
10
10
10
10
10
10
10
10
10
10
10
10
10
10
10
10
10
10
10
10
10
10
10
10
10
10
10
10
10
10
10
10
10
10
10
10
10
10
10
10
10
10
10
10
10
10
10
10
10
10
10
10
10
10
10
10
10
10
10
10
10
10
10
10
10
10
10
10
10
10
10
10
10
10
10
10
10
10
10
10
10
10
10
10
10
10
10
10
10
10
10
10
10
10
10
10
10
10
10
10
10
10
10
10
10
10
10
10
10
10
10
10
10
10
10
10
10
10
10
10
10
10
10
10
10
10
10
10
10
10
10
10
10
10
10
10
10
10
10
10
10
10
10
10
10
10
10
10
10
10
10
10
10
10
10
10
10
10
10
10
10
10
10
10
10
10
10
10
10
10
10
10
10
10
10
10
10
10
10
10
10
10
10
10
10
10
10
10
10
10
10
10
10
10
10
10
10
10
10
10
10
10
10
10
10
10
10
10
10
10
10
10
10
10
10
10
10
10
10
10
10
10
10
10
10
10
10
10
10
10
10
10
10
10
10
10
10
10
10
10
10
10
10
10
10
10
10
10
10
10
10
10
10
10
10
10
10
10
10
10
10
10
10
10
10
10
10
10
10
10
10
10
10
10
10
10
10
10
10
10
10
10
10
10
10
10
10
10
10
10
10
10
10
10
10
10
10
10
10
10
10
10
10
10
10
10
10
10
10
10
10
10
10
10
10
10
10
10
10
10
10
10
10
10
10
10
10
10
10
10
10
10
10
10
10
10
10
10
10
10
10
10
10
10
10
10
10
10
10
10
10
10
10
10
10
10
10
10
10
10
10
10
10
10
10
10
10
10
10
10
10
10
10
10
10
10
10
10
10
10
10
10
10
10
10
10
10
10
10
10
10
10
10
10
10
10
10
10
10
10
10
10
10
10
10
10
10
10
10
10
10
10
10
10
10
10
10
10
10
10
10
10
10
10
10
10
10
10
10
10
10
10
10
10
10
10
10
10
10
10
10
10
10
10
10
10
10
10
10
10
10
10
10
10
10
10
10
10
10
10
10
10
10
10
10
10
10
10
10
10
10
10
10
10
10
10
10
10
10
10
10
10
10
10
10
10
10
10
10
10
10
10
10
10
10
10
10
10
10
10
10
10
10
10
10
10
10
10
10
10
10
10
10
10
10
10
10
10
10
10
10
10
10
10
10
10
10
10
10
10
10
10
10
10
10
10
10
10
10
10
10
10
10
10
10
10
10
10
10
10
10
10
10
10
10
10
10
10
10
10
10
10
10
10
10
10
10
10
10
10
10
10
10
10
10
10
10
10
10
10
10
10
10
10
10
10
10
10
10
10
10
10
10
10
10
10
10
10
10
10
10
10
10
10
10
10
10
10
10
10
10
10
10
10
10
10
10
10
10
10
10
10
10
10
10
10
10
10
10
10
10
10
10
10
10
10
10
10
10
10
10
10
10
10
10
10
10
10
10
10
10
10
10
10
10
10
10
10
10
10
10
10
10
10
10
10
10
10
10
10
10
10
10
10
10
10
10
10
10
10
10
10
10
10
10
10
10
10
10
10
10
10
10
10
10
10
10
10
10
10
10
10
10
10
10
10
10
10
10
10
10
10
10
10
10
10
10
10
10
10
10
10
10
10
10
10
10
10
10
10
10
10
10
10
10
10
10
10
10
10
10
10
10
10
10
10
10
10
10
10
10
10
10
10
10
10
10
10
10
10
10
10
10
10
10
10
10
10
10
10
10
10
10
10
10
10
10
10
10
10
10
10
10
10
10
10
10
10
10
10
10
10
10
10
10
10
10
10
10
10
10
10
10
10
10
10
10
10
10
10
10
10
10
10
10
10
10
10
10
10
10
10
10
10
10
10
10
10
10
10
10
10
10
10
10
10
10
10
10
10
10
10
10
10
10
10
10
10
10
10
10
10
10
10
10
10
10
10
10
10
10
10
10
10
10
10
10
10
10
10
10
10
10
10
10
10
10
10
10
10
10
10
10
10
10
10
10
10
10
10
10
10
10
10
10
10
10
10
10
10
10
10
10
10
10
10
10
10
10
10
10
10
10
10
10
10
10
10
10
10
10
10
10
10
10
10
10
10
10
10
10
10
10
10
10
10
10
10
10
10
10
10
10
10
10
10
10
10
10
10
10
10
10
10
10
10
10
10
10
10
10
10
10
10
10
10
10
10
10
10
10
10
10
10
10
10
10
10
10
10
10
10
10
10
10
10
10
10
10
10
10
10
10
10
10
10
10
10
10
10
10
10
10
10
10
10
10
10
10
10
10
10
10
10
10
10
10
10
10
10
10
10
10
10
10
10
10
10
10
10
10
10
10
10
10
10
10
10
10
10
10
10
10
10
10
10
10
10
10
10
10
10
10
10
10
10
10
10
10
10
10
10
10
10
10
10
10
10
10
10
10
10
10
10
10
10
10
10
10
10
10
10
10
10
10
10
10
10
10
10
10
10
10
10
10
10
10
10
10
10
10
10
10
10
10
10
10
10
10
10
10
10
10
10
10
10
10
10
10
10
10
10
10
10
10
10
10
10
10
10
10
10
10
10
10
10
10
10
10
10
10
10
10
10
10
10
10
10
10
10
10
10
10
10
10
10
10
10
10
10
10
10
10
10
10
10
10
10
10
10
10
10
10
10
10
10
10
10
10
10
10
10
10
10
10
10
10
10
10
10
10
10
10
10
10
10
10
10
10
10
10
10
10
10
10
10
10
10
10
10
10
10
10
10
10
10
10
10
10
10
10
10
10
10
10
10
10
10
10
10
10
10
10
10
10
10
10
10
10
10
10
10
10
10
10
10
10
10
10
10
10
10
10
10
10
10
10
10
10
10
10
10
10
10
10
10
10
10
10
10
10
10
10
10
10
10
10
10
10
10
10
10
10
10
10
10
10
10
10
10
10
10
10
10
10
10
10
10
10
10
10
10
10
10
10
10
10
10
10
10
10
10
10
10
10
10
10
10
10
10
10
10
10
10
10
10
10
10
10
10
10
10
10
10
10
10
10
10
10
10
10
10
10
10
10
10
10
10
10
10
10
10
10
10
10
10
10
10
10
10
10
10
10
10
10
10
10
10
10
10
10
10
10
10
10
10
10
10
10
10
10
10
10
10
10
10
10
10
10
10
10
10
10
10
10
10
10
10
10
10
10
10
10
10
10
10
10
10
10
10
10
10
10
10
10
10
10
10
10
10
10
10
10
10
10
10
10
10
10
10
10
10
10
10
10
10
10
10
10
10
10
10
10
10
10
10
10
10
10
10
10
10
10
10
10
10
10
10
10
10
10
10
10
10
10
10
10
10
10
10
10
10
10
10
10
10
10
10
10
10
10
10
10
10
10
10
10
10
10
10
10
10
10
10
10
10
10
10
10
10
10
10
10
10
10
10
10
10
10
10
10
10
10
10
10
10
10
10
10
10
10
10
10
10
10
10
10
10
10
10
10
10
10
10
10
10
10
10
10
10
10
10
10
10
10
10
10
10
10
10
10
10
10
10
10
10
10
10
10
10
10
10
10
10
10
10
10
10
10
10
10
10
10
10
10
10
10
10
10
10
10
10
10
10
10
10
10
10
10
10
10
10
10
10
10
10
10
10
10
10
10
10
10
10
10
10
10
10
10
10
10
10
10
10
10
10
10
10
10
10
10
10
10
10
10
10
10
10
10
10
10
10
10
10
10
10
10
10
10
10
10
10
10
10
10
10
10
10
10
10
10
10
10
10
10
10
10
10
10
10
10
10
10
10
10
10
10
10
10
10
10
10
10
10
10
10
10
10
10
10
10
10
10
10
10
10
10
10
10
10
10
10
10
10
10
10
10
10
10
10
10
10
10
10
10
10
10
10
10
10
10
10
10
10
10
10
10
10
10
10
10
10
10
10
10
10
10
10
10
10
10
10
10
10
10
10
10
10
10
10
10
10
10
10
10
10
10
10
10
10
10
10
10
10
10
10
10
10
10
10
10
10
10
10
10
10
10
10
10
10
10
10
10
10
10
10
10
10
10
10
10
10
10
10
10
10
10
10
10
10
10
10
10
10
10
10
10
10
10
10
10
10
10
10
10
10
10
10
10
10
10
10
10
10
10
10
10
10
10
10
10
10
10
10
10
10
10
10
10
10
10
10
10
10
10
10
10
10
10
10
10
10
10
10
10
10
10
10
10
10
10
10
10
10
10
10
10
10
10
10
10
10
10
10
10
10
10
10
10
10
10
10
10
10
10
10
10
10
10
10
10
10
10
10
10
10
10
10
10
10
10
10
10
10
10
10
10
10
10
10
10
10
10
10
10
10
10
10
10
10
10
10
10
10
10
10
10
10
10
10
10
10
10
10
10
10
10
10
10
10
10
10
10
10
10
10
10
10
10
10
10
10
10
10
10
10
10
10
10
10
10
10
10
10
10
10
10
10
10
10
10
10
10
10
10
10
10
10
10
10
10
10
10
10
10
10
10
10
10
10
10
10
10
10
10
10
10
10
10
10
10
10
10
10
10
10
10
10
10
10
10
10
10
10
10
10
10
10
10
10
10
10
10
10
10
10
10
10
10
10
10
10
10
10
10
10
10
10
10
10
10
10
10
10
10
10
10
10
10
10
10
10
10
10
10
10
10
10
10
10
10
10
10
10
10
10
10
10
10
10
10
10
10
10
10
10
10
10
10
10
10
10
10
10
10
10
10
10
10
10
10
10
10
10
10
10
10
10
10
10
10
10
10
10
10
10
10
10
10
10
10
10
10
10
10
10
10
10
10
10
10
10
10
10
10
10
10
10
10
10
10
10
10
10
10
10
10
10
10
10
10
10
10
10
10
10
10
10
10
10
10
10
10
10
10
10
10
10
10
10
10
10
10
10
10
10
10
10
10
10
10
10
10
10
10
10
10
10
10
10
10
10
10
10
10
10
10
10
10
10
10
10
10
10
10
10
10
10
10
10
10
10
10
10
10
10
10
10
10
10
10
10
10
10
10
10
10
10
10
10
10
10
10
10
10
10
10
10
10
10
10
10
10
10
10
10
10
10
10
10
10
10
10
10
10
10
10
10
10
10
10
10
10
10
10
10
10
10
10
10
10
10
10
10
10
10
10
10
10
10
10
10
10
10
10
10
10
10
10
10
10
10
10
10
10
10
10
10
10
10
10
10
10
10
10
10
10
10
10
10
10
10
10
10
10
10
10
10
10
10
10
10
10
10
10
10
10
10
10
10
10
10
10
10
10
10
10
10
10
10
10
10
10
10
10
10
10
10
10
10
10
10
10
10
10
10
10
10
10
10
10
10
10
10
10
10
10
10
10
10
10
10
10
10
10
10
10
10
10
10
10
10
10
10
10
10
10
10
10
10
10
10
10
10
10
10
10
10
10
10
10
10
10
10
10
10
10
10
10
10
10
10
10
10
10
10
10
10
10
10
10
10
10
10
10
10
10
10
10
10
10
10
10
10
10
10
10
10
10
10
10
10
10
10
10
10
10
10
10
10
10
10
10
10
10
10
10
10
10
10
10
10
10
10
10
10
10
10
10
10
10
10
10
10
10
10
10
10
10
10
10
10
10
10
10
10
10
10
10
10
10
10
10
10
10
10
10
10
10
10
10
10
10
10
10
10
10
10
10
10
10
10
10
10
10
10
10
10
10
10
10
10
10
10
10
10
10
10
10
10
10
10
10
10
10
10
10
10
10
10
10
10
10
10
10
10
10
10
10
10
10
10
10
10
10
10
10
10
10
10
10
10
10
10
10
10
10
10
10
10
10
10
10
10
10
10
10
10
10
10
10
10
10
10
10
10
10
10
10
10
10
10
10
10
10
10
10
10
10
10
10
10
10
10
10
10
10
10
10
10
10
10
10
10
10
10
10
10
10
10
10
10
10
10
10
10
10
10
10
10
10
10
10
10
10
10
10
10
10
10
10
10
10
10
10
10
10
10
10
10
10
10
10
10
10
10
10
10
10
10
10
10
10
10
10
10
10
10
10
10
10
10
10
10
10
10
10
10
10
10
10
10
10
10
10
10
10
10
10
10
10
10
10
10
10
10
10
10
10
10
10
10
10
10
10
10
10
10
10
10
10
10
10
10
10
10
10
10
10
10
10
10
10
10
10
10
10
10
10
10
10
10
10
10
10
10
10
10
10
10
10
10
10
10
10
10
10
10
10
10
10
10
10
10
10
10
10
10
10
10
10
10
10
10
10
10
10
10
10
10
10
10
10
10
10
10
10
10
10
10
10
10
10
10
10
10
10
10
10
10
10
10
10
10
10
10
10
10
10
10
10
10
10
10
10
10
10
10
10
10
10
10
10
10
10
10
10
10
10
10
10
10
10
10
10
10
10
10
10
10
10
10
10
10
10
10
10
10
10
10
10
10
10
10
10
10
10
10
10
10
10
10
10
10
10
10
10
10
10
10
10
10
10
10
10
10
10
10
10
10
10
10
10
10
10
10
10
10
10
10
10
10
10
10
10
10
10
10
10
10
10
10
10
10
10
10
10
10
10
10
10
10
10
10
10
10
10
10
10
10
10
10
10
10
10
10
10
10
10
10
10
10
10
10
10
10
10
10
10
10
10
10
10
10
10
10
10
10
10
10
10
10
10
10
10
10
10
10
10
10
10
10
10
10
10
10
10
10
10
10
10
10
10
10
10
10
10
10
10
10
10
10
10
10
10
10
10
10
10
10
10
10
10
10
10
10
10
10
10
10
10
10
10
10
10
10
10
10
10
10
10
10
10
10
10
10
10
10
10
10
10
10
10
10
10
10
10
10
10
10
10
10
10
10
10
10
10
10
10
10
10
10
10
10
10
10
10
10
10
10
10
10
10
10
10
10
10
10
10
10
10
10
10
10
10
10
10
10
10
10
10
10
10
10
10
10
10
10
10
10
10
10
10
10
10
10
10
10
10
10
10
10
10
10
10
10
10
10
10
10
10
10
10
10
10
10
10
10
10
10
10
10
10
10
10
10
10
10
10
10
10
10
10
10
10
10
10
10
10
10
10
10
10
10
10
10
10
10
10
10
10
10
10
10
10
10
10
10
10
10
10
10
10
10
10
10
10
10
10
10
10
10
10
10
10
10
10
10
10
10
10
10
10
10
10
10
10
10
10
10
10
10
10
10
10
10
10
10
10
10
10
10
10
10
10
10
10
10
10
10
10
10
10
10
10
10
10
10
10
10
10
10
10
10
10
10
10
10
10
10
10
10
10
10
10
10
10
10
10
10
10
10
10
10
10
10
10
10
10
10
10
10
10
10
10
10
10
10
10
10
10
10
10
10
10
10
10
10
10
10
10
10
10
10
10
10
10
10
10
10
10
10
10
10
10
10
10
10
10
10
10
10
10
10
10
10
10
10
10
10
10
10
10
10
10
10
10
10
10
10
10
10
10
10
10
10
10
10
10
10
10
10
10
10
10
10
10
10
10
10
10
10
10
10
10
10
10
10
10
10
10
10
10
10
10
10
10
10
10
10
10
10
10
10
10
10
10
10
10
10
10
10
10
10
10
10
10
10
10
10
10
10
10
10
10
10
10
10
10
10
10
10
10
10
10
10
10
10
10
10
10
10
10
10
10
10
10
10
10
10
10
10
10
10
10
10
10
10
10
10
10
10
10
10
10
10
10
10
10
10
10
10
10
10
10
10
10
10
10
10
10
10
10
10
10
10
10
10
10
10
10
10
10
10
10
10
10
10
10
10
10
10
10
10
10
10
10
10
10
10
10
10
10
10
10
10
10
10
10
10
10
10
10
10
10
10
10
10
10
10
10
10
10
10
10
10
10
10
10
10
10
10
10
10
10
10
10
10
10
10
10
10
10
10
10
10
10
10
10
10
10
10
10
10
10
10
10
10
10
10
10
10
10
10
10
10
10
10
10
10
10
10
10
10
10
10
10
10
10
10
10
10
10
10
10
10
10
10
10
10
10
10
10
10
10
10
10
10
10
10
10
10
10
10
10
10
10
10
10
10
10
10
10
10
10
10
10
10
10
10
10
10
10
10
10
10
10
10
10
10
10
10
10
10
10
10
10
10
10
10
10
10
10
10
10
10
10
10
10
10
10
10
10
10
10
10
10
10
10
10
10
10
10
10
10
10
10
10
10
10
10
10
10
10
10
10
10
10
10
10
10
10
10
10
10
10
10
10
10
10
10
10
10
10
10
10
10
10
10
10
10
10
10
10
10
10
10
10
10
10
10
10
10
10
10
10
10
10
10
10
10
10
10
10
10
10
10
10
10
10
10
10
10
10
10
10
10
10
10
10
10
10
10
10
10
10
10
10
10
10
10
10
10
10
10
10
10
10
10
10
10
10
10
10
10
10
10
10
10
10
10
10
10
10
10
10
10
10
10
10
10
10
10
10
10
10
10
10
10
10
10
10
10
10
10
10
10
10
10
10
10
10
10
10
10
10
10
10
10
10
10
10
10
10
10
10
10
10
10
10
10
10
10
10
10
10
10
10
10
10
10
10
10
10
10
10
10
10
10
10
10
10
10
10
10
10
10
10
10
10
10
10
10
10
10
10
10
10
10
10
10
10
10
10
10
10
10
10
10
10
10
10
10
10
10
10
10
10
10
10
10
10
10
10
10
10
10
10
10
10
10
10
10
10
10
10
10
10
10
10
10
10
10
10
10
10
10
10
10
10
10
10
10
10
10
10
10
10
10
10
10
10
10
10
10
10
10
10
10
10
10
10
10
10
10
10
10
10
10
10
10
10
10
10
10
10
10
10
10
10
10
10
10
10
10
10
10
10
10
10
10
10
10
10
10
10
10
10
10
10
10
10
10
10
10
10
10
10
10
10
10
10
10
10
10
10
10
10
10
10
10
10
10
10
10
10
10
10
10
10
10
10
10
10
10
10
10
10
10
10
10
10
10
10
10
10
10
10
10
10
10
10
10
10
10
10
10
10
10
10
10
10
10
10
10
10
10
10
10
10
10
10
10
10
10
10
10
10
10
10
10
10
10
10
10
10
10
10
10
10
10
10
10
10
10
10
10
10
10
10
10
10
10
10
10
10
10
10
10
10
10
10
10
10
10
10
10
10
10
10
10
10
10
10
10
10
10
10
10
10
10
10
10
10
10
10
10
10
10
10
10
10
10
10
10
10
10
10
10
10
10
10
10
10
10
10
10
10
10
10
10
10
10
10
10
10
10
10
10
10
10
10
10
10
10
10
10
10
10
10
10
10
10
10
10
10
10
10
10
10
10
10
10
10
10
10
10
10
10
10
10
10
10
10
10
10
10
10
10
10
10
10
10
10
10
10
10
10
10
10
10
10
10
10
10
10
10
10
10
10
10
10
10
10
10
10
10
10
10
10
10
10
10
10
10
10
10
10
10
10
10
10
10
10
10
10
10
10
10
10
10
10
10
10
10
10
10
10
10
10
10
10
10
10
10
10
10
10
10
10
10
10
10
10
10
10
10
10
10
10
10
10
10
10
10
10
10
10
10
10
10
10
10
10
10
10
10
10
10
10
10
10
10
10
10
10
10
10
10
10
10
10
10
10
10
10
10
10
10
10
10
10
10
10
10
10
10
10
10
10
10
10
10
10
10
10
10
10
10
10
10
10
10
10
10
10
10
10
10
10
10
10
10
10
10
10
10
10
10
10
10
10
10
10
10
10
10
10
10
10
10
10
10
10
10
10
10
10
10
10
10
10
10
10
10
10
10
10
10
10
10
10
10
10
10
10
10
10
10
10
10
10
10
10
10
10
10
10
10
10
10
10
10
10
10
10
10
10
10
10
10
10
10
10
10
10
10
10
10
10
10
10
10
10
10
10
10
10
10
10
10
10
10
10
10
10
10
10
10
10
10
10
10
10
10
10
10
10
10
10
10
10
10
10
10
10
10
10
10
10
10
10
10
10
10
10
10
10
10
10
10
10
10
10
10
10
10
10
10
10
10
10
10
10
10
10
10
10
10
10
10
10
10
10
10
10
10
10
10
10
10
10
10
10
10
10
10
10
10
10
10
10
10
10
10
10
10
10
10
10
10
10
10
10
10
10
10
10
10
10
10
10
10
10
10
10
10
10
10
10
10
10
10
10
10
10
10
10
10
10
10
10
10
10
10
10
10
10
10
10
10
10
10
10
10
10
10
10
10
10
10
10
10
10
10
10
10
10
10
10
10
10
10
10
10
10
10
10
10
10
10
10
10
10
10
10
10
10
10
10
10
10
10
10
10
10
10
10
10
10
10
10
10
10
10
10
10
10
10
10
10
10
10
10
10
10
10
10
10
10
10
10
10
10
10
10
10
10
10
10
10
10
10
10
10
10
10
10
10
10
10
10
10
10
10
10
10
10
10
10
10
10
10
10
10
10
10
10
10
10
10
10
10
10
10
10
10
10
10
10
10
10
10
10
10
10
10
10
10
10
10
10
10
10
10
10
10
10
10
10
10
10
10
10
10
10
10
10
10
10
10
10
10
10
10
10
10
10
10
10
10
10
10
10
10
10
10
10
10
10
10
10
10
10
10
10
10
10
10
10
10
10
10
10
10
10
10
10
10
10
10
10
10
10
10
10
10
10
10
10
10
10
10
10
10
10
10
10
10
10
10
10
10
10
10
10
10
10
10
10
10
10
10
10
10
10
10
10
10
10
10
10
10
10
10
10
10
10
10
10
10
10
10
10
10
10
10
10
10
10
10
10
10
10
10
10
10
10
10
10
10
10
10
10
10
10
10
10
10
10
10
10
10
10
10
10
10
10
10
10
10
10
10
10
10
10
10
10
10
10
10
10
10
10
10
10
10
10
10
10
10
10
10
10
10
10
10
10
10
10
10
10
10
10
10
10
10
10
10
10
10
10
10
10
10
10
10
10
10
10
10
10
10
10
10
10
10
10
10
10
10
10
10
10
10
10
10
10
10
10
10
10
10
10
10
10
10
10
10
10
10
10
10
10
10
10
10
10
10
10
10
10
10
10
10
10
10
10
10
10
10
10
10
10
10
10
10
10
10
10
10
10
10
10
10
10
10
10
10
10
10
10
10
10
10
10
10
10
10
10
10
10
10
10
10
10
10
10
10
10
10
10
10
10
10
10
10
10
10
10
10
10
10
10
10
10
10
10
10
10
10
10
10
10
10
10
10
10
10
10
10
10
10
10
10
10
10
10
10
10
10
10
10
10
10
10
10
10
10
10
10
10
10
10
10
10
10
10
10
10
10
10
10
10
10
10
10
10
10
10
10
10
10
10
10
10
10
10
10
10
10
10
10
10
10
10
10
10
10
10
10
10
10
10
10
10
10
10
10
10
10
10
10
10
10
10
10
10
10
10
10
10
10
10
10
10
10
10
10
10
10
10
10
10
10
10
10
10
10
10
10
10
10
10
10
10
10
10
10
10
10
10
10
10
10
10
10
10
10
10
10
10
10
10
10
10
10
10
10
10
10
10
10
10
10
10
10
10
10
10
10
10
10
10
10
10
10
10
10
10
10
10
10
10
10
10
10
10
10
10
10
10
10
10
10
10
10
10
10
10
10
10
10
10
10
10
10
10
10
10
10
10
10
10
10
10
10
10
10
10
10
10
10
10
10
10
10
10
10
10
10
10
10
10
10
10
10
10
10
10
10
10
10
10
10
10
10
10
10
10
10
10
10
10
10
10
10
10
10
10
10
10
10
10
10
10
10
10
10
10
10
10
10
10
10
10
10
10
10
10
10
10
10
10
10
10
10
10
10
10
10
10
10
10
10
10
10
10
10
10
10
10
10
10
10
10
10
10
10
10
10
10
10
10
10
10
10
10
10
10
10
10
10
10
10
10
10
10
10
10
10
10
10
10
10
10
10
10
10
10
10
10
10
10
10
10
10
10
10
10
10
10
10
10
10
10
10
10
10
10
10
10
10
10
10
10
10
10
10
10
10
10
10
10
10
10
10
10
10
10
10
10
10
10
10
10
10
10
10
10
10
10
10
10
10
10
10
10
10
10
10
10
10
10
10
10
10
10
10
10
10
10
10
10
10
10
10
10
10
10
10
10
10
10
10
10
10
10
10
10
10
10
10
10
10
10
10
10
10
10
10
10
10
10
10
10
10
10
10
10
10
10
10
10
10
10
10
10
10
10
10
10
10
10
10
10
10
10
10
10
10
10
10
10
10
10
10
10
10
10
10
10
10
10
10
10
10
10
10
10
10
10
10
10
10
10
10
10
10
10
10
10
10
10
10
10
10
10
10
10
10
10
10
10
10
10
10
10
10
10
10
10
10
10
10
10
10
10
10
10
10
10
10
10
10
10
10
10
10
10
10
10
10
10
10
10
10
10
10
10
10
10
10
10
10
10
10
10
10
10
10
10
10
10
10
10
10
10
10
10
10
10
10
10
10
10
10
10
10
10
10
10
10
10
10
10
10
10
10
10
10
10
10
10
10
10
10
10
10
10
10
10
10
10
10
10
10
10
10
10
10
10
10
10
10
10
10
10
10
10
10
10
10
10
10
10
10
10
10
10
10
10
10
10
10
10
10
10
10
10
10
10
10
10
10
10
10
10
10
10
10
10
10
10
10
10
10
10
10
10
10
10
10
10
10
10
10
10
10
10
10
10
10
10
10
10
10
10
10
10
10
10
10
10
10
10
10
10
10
10
10
10
10
10
10
10
10
10
10
10
10
10
10
10
10
10
10
10
10
10
10
10
10
10
10
10
10
10
10
10
10
10
10
10
10
10
10
10
10
10
10
10
10
10
10
10
10
10
10
10
10
10
10
10
10
10
10
10
10
10
10
10
10
10
10
10
10
10
10
10
10
10
10
10
10
10
10
10
10
10
10
10
10
10
10
10
10
10
10
10
10
10
10
10
10
10
10
10
10
10
10
10
10
10
10
10
10
10
10
10
10
10
10
10
10
10
10
10
10
10
10
10
10
10
10
10
10
10
10
10
10
10
10
10
10
10
10
10
10
10
10
10
10
10
10
10
10
10
10
10
10
10
10
10
10
10
10
10
10
10
10
10
10
10
10
10
10
10
10
10
10
10
10
10
10
10
10
10
10
10
10
10
10
10
10
10
10
10
10
10
10
10
10
10
10
10
10
10
10
10
10
10
10
10
10
10
10
10
10
10
10
10
10
10
10
10
10
10
10
10
10
10
10
10
10
10
10
10
10
10
10
10
10
10
10
10
10
10
10
10
10
10
10
10
10
10
10
10
10
10
10
10
10
10
10
10
10
10
10
10
10
10
10
10
10
10
10
10
10
10
10
10
10
10
10
10
10
10
10
10
10
10
10
10
10
10
10
10
10
10
10
10
10
10
10
10
10
10
10
10
10
10
10
10
10
10
10
10
10
10
10
10
10
10
10
10
10
10
10
10
10
10
10
10
10
10
10
10
10
10
10
10
10
10
10
10
10
10
10
10
10
10
10
10
10
10
10
10
10
10
10
10
10
10
10
10
10
10
10
10
10
10
10
10
10
10
10
10
10
10
10
10
10
10
10
10
10
10
10
10
10
10
10
10
10
10
10
10
10
10
10
10
10
10
10
10
10
10
10
10
10
10
10
10
10
10
10
10
10
10
10
10
10
10
10
10
10
10
10
10
10
10
10
10
10
10
10
10
10
10
10
10
10
10
10
10
10
10
10
10
10
10
10
10
10
10
10
10
10
10
10
10
10
10
10
10
10
10
10
10
10
10
10
10
10
10
10
10
10
10
10
10
10
10
10
10
10
10
10
10
10
10
10
10
10
10
10
10
10
10
10
10
10
10
10
10
10
10
10
10
10
10
10
10
10
10
10
10
10
10
10
10
10
10
10
10
10
10
10
10
10
10
10
10
10
10
10
10
10
10
10
10
10
10
10
10
10
10
10
10
10
10
10
10
10
10
10
10
10
10
10
10
10
10
10
10
10
10
10
10
10
10
10
10
10
10
10
10
10
10
10
10
10
10
10
10
10
10
10
10
10
10
10
10
10
10
10
10
10
10
10
10
10
10
10
10
10
10
10
10
10
10
10
10
10
10
10
10
10
10
10
10
10
10
10
10
10
10
10
10
10
10
10
10
10
10
10
10
10
10
10
10
10
10
10
10
10
10
10
10
10
10
10
10
10
10
10
10
10
10
10
10
10
10
10
10
10
10
10
10
10
10
10
10
10
10
10
10
10
10
10
10
10
10
10
10
10
10
10
10
10
10
10
10
10
10
10
10
10
10
10
10
10
10
10
10
10
10
10
10
10
10
10
10
10
10
10
10
10
10
10
10
10
10
10
10
10
10
10
10
10
10
10
10
10
10
10
10
10
10
10
10
10
10
10
10
10
10
10
10
10
10
10
10
10
10
10
10
10
10
10
10
10
10
10
10
10
10
10
10
10
10
10
10
10
10
10
10
10
10
10
10
10
10
10
10
10
10
10
10
10
10
10
10
10
10
10
10
10
10
10
10
10
10
10
10
10
10
10
10
10
10
10
10
10
10
10
10
10
10
10
10
10
10
10
10
10
10
10
10
10
10
10
10
10
10
10
10
10
10
10
10
10
10
10
10
10
10
10
10
10
10
10
10
10
10
10
10
10
10
10
10
10
10
10
10
10
10
10
10
10
10
10
10
10
10
10
10
10
10
10
10
10
10
10
10
10
10
10
10
10
10
10
10
10
10
10
10
10
10
10
10
10
10
10
10
10
10
10
10
10
10
10
10
10
10
10
10
10
10
10
10
10
10
10
10
10
10
10
10
10
10
10
10
10
10
10
10
10
10
10
10
10
10
10
10
10
10
10
10
10
10
10
10
10
10
10
10
10
10
10
10
10
10
10
10
10
10
10
10
10
10
10
10
10
10
10
10
10
10
10
10
10
10
10
10
10
10
10
10
10
10
10
10
10
10
10
10
10
10
10
10
10
10
10
10
10
10
10
10
10
10
10
10
10
10
10
10
10
10
10
10
10
10
10
10
10
10
10
10
10
10
10
10
10
10
10
10
10
10
10
10
10
10
10
10
10
10
10
10
10
10
10
10
10
10
10
10
10
10
10
10
10
10
10
10
10
10
10
10
10
10
10
10
10
10
10
10
10
10
10
10
10
10
10
10
10
10
10
10
10
10
10
10
10
10
10
10
10
10
10
10
10
10
10
10
10
10
10
10
10
10
10
10
10
10
10
10
10
10
10
10
10
10
10
10
10
10
10
10
10
10
10
10
10
10
10
10
10
10
10
10
10
10
10
10
10
10
10
10
10
10
10
10
10
10
10
10
10
10
10
10
10
10
10
10
10
10
10
10
10
10
10
10
10
10
10
10
10
10
10
10
10
10
10
10
10
10
10
10
10
10
10
10
10
10
10
10
10
10
10
10
10
10
10
10
10
10
10
10
10
10
10
10
10
10
10
10
10
10
10
10
10
10
10
10
10
10
10
10
10
10
10
10
10
10
10
10
10
10
10
10
10
10
10
10
10
10
10
10
10
10
10
10
10
10
10
10
10
10
10
10
10
10
10
10
10
10
10
10
10
10
10
10
10
10
10
10
10
10
10
10
10
10
10
10
10
10
10
10
10
10
10
10
10
10
10
10
10
10
10
10
10
10
10
10
10
10
10
10
10
10
10
10
10
10
10
10
10
10
10
10
10
10
10
10
10
10
10
10
10
10
10
10
10
10
10
10
10
10
10
10
10
10
10
10
10
10
10
10
10
10
10
10
10
10
10
10
10
10
10
10
10
10
10
10
10
10
10
10
10
10
10
10
10
10
10
10
10
10
10
10
10
10
10
10
10
10
10
10
10
10
10
10
10
10
10
10
10
10
10
10
10
10
10
10
10
10
10
10
10
10
10
10
10
10
10
10
10
10
10
10
10
10
10
10
10
10
10
10
10
10
10
10
10
10
10
10
10
10
10
10
10
10
10
10
10
10
10
10
10
10
10
10
10
10
10
10
10
10
10
10
10
10
10
10
10
10
10
10
10
10
10
10
10
10
10
10
10
10
10
10
10
10
10
10
10
10
10
10
10
10
10
10
10
10
10
10
10
10
10
10
10
10
10
10
10
10
10
10
10
10
10
10
10
10
10
10
10
10
10
10
10
10
10
10
10
10
10
10
10
10
10
10
10
10
10
10
10
10
10
10
10
10
10
10
10
10
10
10
10
10
10
10
10
10
10
10
10
10
10
10
10
10
10
10
10
10
10
10
10
10
10
10
10
10
10
10
10
10
10
10
10
10
10
10
10
10
10
10
10
10
10
10
10
10
10
10
10
10
10
10
10
10
10
10
10
10
10
10
10
10
10
10
10
10
10
10
10
10
10
10
10
10
10
10
10
10
10
10
10
10
10
10
10
10
10
10
10
10
10
10
10
10
10
10
10
10
10
10
10
10
10
10
10
10
10
10
10
10
10
10
10
10
10
10
10
10
10
10
10
10
10
10
10
10
10
10
10
10
10
10
10
10
10
10
10
10
10
10
10
10
10
10
10
10
10
10
10
10
10
10
10
10
10
10
10
10
10
10
10
10
10
10
10
10
10
10
10
10
10
10
10
10
10
10
10
10
10
10
10
10
10
10
10
10
10
10
10
10
10
10
10
10
10
10
10
10
10
10
10
10
10
10
10
10
10
10
10
10
10
10
10
10
10
10
10
10
10
10
10
10
10
10
10
10
10
10
10
10
10
10
10
10
10
10
10
10
10
10
10
10
10
10
10
10
10
10
10
10
10
10
10
10
10
10
10
10
10
10
10
10
10
10
10
10
10
10
10
10
10
10
10
10
10
10
10
10
10
10
10
10
10
10
10
10
10
10
10
10
10
10
10
10
10
10
10
10
10
10
10
10
10
10
10
10
10
10
10
10
10
10
10
10
10
10
10
10
10
10
10
10
10
10
10
10
10
10
10
10
10
10
10
10
10
10
10
10
10
10
10
10
10
10
10
10
10
10
10
10
10
10
10
10
10
10
10
10
10
10
10
10
10
10
10
10
10
10
10
10
10
10
10
10
10
10
10
10
10
10
10
10
10
10
10
10
10
10
10
10
10
10
10
10
10
10
10
10
10
10
10
10
10
10
10
10
10
10
10
10
10
10
10
10
10
10
10
10
10
10
10
10
10
10
10
10
10
10
10
10
10
10
10
10
10
10
10
10
10
10
10
10
10
10
10
10
10
10
10
10
10
10
10
10
10
10
10
10
10
10
10
10
10
10
10
10
10
10
10
10
10
10
10
10
10
10
10
10
10
10
10
10
10
10
10
10
10
10
10
10
10
10
10
10
10
10
10
10
10
10
10
10
10
10
10
10
10
10
10
10
10
10
10
10
10
10
10
10
10
10
10
10
10
10
10
10
10
10
10
10
10
10
10
10
10
10
10
10
10
10
10
10
10
10
10
10
10
10
10
10
10
10
10
10
10
10
10
10
10
10
10
10
10
10
10
10
10
10
10
10
10
10
10
10
10
10
10
10
10
10
10
10
10
10
10
10
10
10
10
10
10
10
10
10
10
10
10
10
10
10
10
10
10
10
10
10
10
10
10
10
10
10
10
10
10
10
10
10
10
10
10
10
10
10
10
10
10
10
10
10
10
10
10
10
10
10
10
10
10
10
10
10
10
10
10
10
10
10
10
10
10
10
10
10
10
10
10
10
10
10
10
10
10
10
10
10
10
10
10
10
10
10
10
10
10
10
10
10
10
10
10
10
10
10
10
10
10
10
10
10
10
10
10
10
10
10
10
10
10
10
10
10
10
10
10
10
10
10
10
10
10
10
10
10
10
10
10
10
10
10
10
10
10
10
10
10
10
10
10
10
10
10
10
10
10
10
10
10
10
10
10
10
10
10
10
10
10
10
10
10
10
10
10
10
10
10
10
10
10
10
10
10
10
10
10
10
10
10
10
10
10
10
10
10
10
10
10
10
10
10
10
10
10
10
10
10
10
10
10
10
10
10
10
10
10
10
10
10
10
10
10
10
10
10
10
10
10
10
10
10
10
10
10
10
10
10
10
10
10
10
10
10
10
10
10
10
10
10
10
10
10
10
10
10
10
10
10
10
10
10
10
10
10
10
10
10
10
10
10
10
10
10
10
10
10
10
10
10
10
10
10
10
10
10
10
10
10
10
10
10
10
10
10
10
10
10
10
10
10
10
10
10
10
10
10
10
10
10
10
10
10
10
10
10
10
10
10
10
10
10
10
10
10
10
10
10
10
10
10
10
10
10
10
10
10
10
10
10
10
10
10
10
10
10
10
10
10
10
10
10
10
10
10
10
10
10
10
10
10
10
10
10
10
10
10
10
10
10
10
10
10
10
10
10
10
10
10
10
10
10
10
10
10
10
10
10
10
10
10
10
10
10
10
10
10
10
10
10
10
10
10
10
10
10
10
10
10
10
10
10
10
10
10
10
10
10
10
10
10
10
10
10
10
10
10
10
10
10
10
10
10
10
10
10
10
10
10
10
10
10
10
10
10
10
10
10
10
10
10
10
10
10
10
10
10
10
10
10
10
10
10
10
10
10
10
10
10
10
10
10
10
10
10
10
10
10
10
10
10
10
10
10
10
10
10
10
10
10
10
10
10
10
10
10
10
10
10
10
10
10
10
10
10
10
10
10
10
10
10
10
10
10
10
10
10
10
10
10
10
10
10
10
10
10
10
10
10
10
10
10
10
10
10
10
10
10
10
10
10
10
10
10
10
10
10
10
10
10
10
10
10
10
10
10
10
10
10
10
10
10
10
10
10
10
10
10
10
10
10
10
10
10
10
10
10
10
10
10
10
10
10
10
10
10
10
10
10
10
10
10
10
10
10
10
10
10
10
10
10
10
10
10
10
10
10
10
10
10
10
10
10
10
10
10
10
10
10
10
10
10
10
10
10
10
10
10
10
10
10
10
10
10
10
10
10
10
10
10
10
10
10
10
10
10
10
10
10
10
10
10
10
10
10
10
10
10
10
10
10
10
10
10
10
10
10
10
10
10
10
10
10
10
10
10
10
10
10
10
10
10
10
10
10
10
10
10
10
10
10
10
10
10
10
10
10
10
10
10
10
10
10
10
10
10
10
10
10
10
10
10
10
10
10
10
10
10
10
10
10
10
10
10
10
10
10
10
10
10
10
10
10
10
10
10
10
10
10
10
10
10
10
10
10
10
10
10
10
10
10
10
10
10
10
10
10
10
10
10
10
10
10
10
10
10
10
10
10
10
10
10
10
10
10
10
10
10
10
10
10
10
10
10
10
10
10
10
10
10
10
10
10
10
10
10
10
10
10
10
10
10
10
10
10
10
10
10
10
10
10
10
10
10
10
10
10
10
10
10
10
10
10
10
10
10
10
10
10
10
10
10
10
10
10
10
10
10
10
10
10
10
10
10
10
10
10
10
10
10
10
10
10
10
10
10
10
10
10
10
10
10
10
10
10
10
10
10
10
10
10
10
10
10
10
10
10
10
10
10
10
10
10
10
10
10
10
10
10
10
10
10
10
10
10
10
10
10
10
10
10
10
10
10
10
10
10
10
10
10
10
10
10
10
10
10
10
10
10
10
10
10
10
10
10
10
10
10
10
10
10
10
10
10
10
10
10
10
10
10
10
10
10
10
10
10
10
10
10
10
10
10
10
10
10
10
10
10
10
10
10
10
10
10
10
10
10
10
10
10
10
10
10
10
10
10
10
10
10
10
10
10
10
10
10
10
10
10
10
10
10
10
10
10
10
10
10
10
10
10
10
10
10
10
10
10
10
10
10
10
10
10
10
10
10
10
10
10
10
10
10
10
10
10
10
10
10
10
10
10
10
10
10
10
10
10
10
10
10
10
10
10
10
10
10
10
10
10
10
10
10
10
10
10
10
10
10
10
10
10
10
10
10
10
10
10
10
10
10
10
10
10
10
10
10
10
10
10
10
10
10
10
10
10
10
10
10
10
10
10
10
10
10
10
10
10
10
10
10
10
10
10
10
10
10

CELL_DATA 23889
SCALARS CellEntityIds int 1
LOOKUP_TABLE default
3
3
3
3
3
3
3
3
3
3
3
3
3
3
3
3
3
3
3
3
3
3
3
3
3
3
3
3
3
3
3
3
3
3
3
3
3
3
3
3
3
3
3
3
3
3
3
3
3
3
3
3
3
3
3
3
3
3
3
3
3
3
3
3
3
3
3
3
3
3
3
3
3
3
3
3
3
3
3
3
3
3
3
3
3
3
3
3
3
3
3
3
3
3
3
3
3
3
3
3
3
3
3
3
3
3
3
3
3
3
3
3
3
3
3
3
3
3
3
3
3
3
3
3
3
3
3
3
3
3
3
3
3
3
3
3
3
3
3
3
3
3
3
3
3
3
3
3
3
3
3
3
3
3
3
3
3
3
3
3
3
3
3
3
3
3
3
3
3
3
3
3
3
3
3
3
3
3
3
3
3
3
3
3
3
3
3
3
3
3
3
3
3
3
3
3
3
3
3
3
3
3
3
3
3
3
3
3
3
3
3
3
3
3
3
3
3
3
3
3
3
3
3
3
3
3
3
3
3
3
3
3
3
3
3
3
3
3
3
3
3
3
3
3
3
3
3
3
3
3
3
3
3
3
3
3
3
3
3
3
3
3
3
3
3
3
2
2
2
2
2
2
2
2
2
2
2
2
2
2
2
2
2
2
2
2
2
2
2
2
2
2
2
2
2
2
2
2
2
2
2
2
2
2
2
2
2
2
2
2
2
2
2
2
2
2
2
2
2
2
2
2
2
2
2
2
2
2
2
2
2
2
1
1
1
1
1
1
1
1
1
1
1
1
1
1
1
1
1
1
1
1
1
1
1
1
1
1
1
1
1
1
1
1
1
1
1
1
1
1
1
1
1
1
1
1
1
1
1
1
1
1
1
1
1
1
1
1
1
1
1
1
1
1
1
1
1
1
4
4
4
4
4
4
4
4
4
4
4
4
4
4
4
4
4
4
4
4
4
4
4
4
4
4
4
4
4
4
4
4
4
4
4
4
4
4
4
4
4
4
4
4
4
4
4
4
4
4
4
4
4
4
4
4
4
4
4
4
4
4
4
4
4
4
4
4
4
4
4
4
4
4
4
4
4
4
4
4
4
4
4
4
4
4
4
4
4
4
4
4
4
4
4
4
4
4
4
4
4
4
4
4
4
4
4
4
4
4
4
4
4
4
4
4
4
4
4
4
4
4
4
4
4
4
4
4
4
4
4
4
4
4
4
4
4
4
4
4
4
4
4
4
4
4
4
4
4
4
4
4
4
4
4
4
4
4
4
4
4
4
4
4
4
4
4
4
4
4
4
4
4
4
4
4
4
4
4
4
4
4
4
4
4
4
4
4
4
4
4
4
4
4
4
4
4
4
4
4
4
4
4
4
4
4
4
4
4
4
4
4
4
4
4
4
4
4
4
4
4
4
4
4
4
4
4
4
4
4
4
4
4
4
4
4
4
4
4
4
4
4
4
4
4
4
4
4
4
4
4
4
4
4
4
4
4
4
4
4
4
4
4
4
4
4
4
4
4
4
4
4
4
4
4
4
4
4
4
4
4
4
4
4
4
4
4
4
4
4
4
4
4
4
4
4
4
4
4
4
4
4
4
4
4
4
4
4
4
4
4
4
4
4
4
4
4
4
4
4
4
4
4
4
4
4
4
4
4
4
4
4
4
4
4
4
4
4
4
4
4
4
4
4
4
4
4
4
4
4
4
4
4
4
4
4
4
4
4
4
4
4
4
4
4
4
4
4
4
4
4
4
4
4
4
4
4
4
4
4
4
4
4
4
4
4
4
4
4
4
4
4
4
4
4
4
4
4
4
4
4
4
4
4
4
4
4
4
4
4
4
4
4
4
4
4
4
4
4
4
4
4
4
4
4
4
4
4
4
4
4
4
4
4
4
4
4
4
4
4
4
4
4
4
4
4
4
4
4
4
4
4
4
4
4
4
4
4
4
4
4
4
4
4
4
4
4
4
4
4
4
4
4
4
4
4
4
4
4
4
4
4
4
4
4
4
4
4
4
4
4
4
4
4
4
4
4
4
4
4
4
4
4
4
4
4
4
4
4
4
4
4
4
4
4
4
4
4
4
4
4
4
4
4
4
4
4
4
4
4
4
4
4
4
4
4
4
4
4
4
4
4
4
4
4
4
4
4
4
4
4
4
4
4
4
4
4
4
4
4
4
4
4
4
4
4
4
4
4
4
4
4
4
4
4
4
4
4
4
4
4
4
4
4
4
4
4
4
4
4
4
4
4
4
4
4
4
4
4
4
4
4
4
4
4
4
4
4
4
4
4
4
4
4
4
4
4
4
4
4
4
4
4
4
4
4
4
4
4
4
4
4
4
4
4
4
4
4
4
4
4
4
4
4
4
4
4
4
4
4
4
4
4
4
4
4
4
4
4
4
4
4
4
4
4
4
4
4
4
4
4
4
4
4
4
4
4
4
4
4
4
4
4
4
4
4
4
4
4
4
4
4
4
4
4
4
4
4
4
4
4
4
4
4
4
4
4
4
4
4
4
4
4
4
4
4
4
4
4
4
4
4
4
4
4
4
4
4
4
4
4
4
4
4
4
4
4
4
4
4
4
4
4
4
4
4
4
4
4
4
4
4
4
4
4
4
4
4
4
4
4
4
4
4
4
4
4
4
4
4
4
4
4
4
4
4
4
4
4
4
4
4
4
4
4
4
4
4
4
4
4
4
4
4
4
4
4
4
4
4
4
4
4
4
4
4
4
4
4
4
4
4
4
4
4
4
4
4
4
4
4
4
4
4
4
4
4
4
4
4
4
4
4
4
4
4
4
4
4
4
4
4
4
4
4
4
4
4
4
4
4
4
4
4
4
4
4
4
4
4
4
4
4
4
4
4
4
4
4
4
4
4
4
4
4
4
4
4
4
4
4
4
4
4
4
4
4
4
4
4
4
4
4
4
4
4
4
4
4
4
4
4
4
4
4
4
4
4
4
4
4
4
4
4
4
4
4
4
4
4
4
4
4
4
4
4
4
4
4
4
4
4
4
4
4
4
4
4
4
4
4
4
4
4
4
4
4
4
4
4
4
4
4
4
4
4
4
4
4
4
4
4
4
4
4
4
4
4
4
4
4
4
4
4
4
4
4
4
4
4
4
4
4
4
4
4
4
4
4
4
4
4
4
4
4
4
4
4
4
4
4
4
4
4
4
4
4
4
4
4
4
4
4
4
4
4
4
4
4
4
4
4
4
4
4
4
4
4
4
4
4
4
4
4
4
4
4
4
4
4
4
4
4
4
4
4
4
4
4
4
4
4
4
4
4
4
4
4
4
4
4
4
4
4
4
4
4
4
4
4
4
4
4
4
4
4
4
4
4
4
4
4
4
4
4
4
4
4
4
4
4
4
4
4
4
4
4
4
4
4
4
4
4
4
4
4
4
4
4
4
4
4
4
4
4
4
4
4
4
4
4
4
4
4
4
4
4
4
4
4
4
4
4
4
4
4
4
4
4
4
4
4
4
4
4
4
4
4
4
4
4
4
4
4
4
4
4
4
4
4
4
4
4
4
4
4
4
4
4
4
4
4
4
4
4
4
4
4
4
4
4
4
4
4
4
4
4
4
4
4
4
4
4
4
4
4
4
4
4
4
4
4
4
4
4
4
4
4
4
4
4
4
4
4
4
4
4
4
4
4
4
4
4
4
4
4
4
4
4
4
4
4
4
4
4
4
4
4
4
4
4
4
4
4
4
4
4
4
4
4
4
4
4
4
4
4
4
4
4
4
4
4
4
4
4
4
4
4
4
4
4
4
4
4
4
4
4
4
4
4
4
4
4
4
4
4
4
4
4
4
4
4
4
4
4
4
4
4
4
4
4
4
4
4
4
4
4
4
4
4
4
4
4
4
4
4
4
4
4
4
4
4
4
4
4
4
4
4
4
4
4
4
4
4
4
4
4
4
4
4
4
4
4
4
4
4
4
4
4
4
4
4
4
4
4
4
4
4
4
4
4
4
4
4
4
4
4
4
4
4
4
4
4
4
4
4
4
4
4
4
4
4
4
4
4
4
4
4
4
4
4
4
4
4
4
4
4
4
4
4
4
4
4
4
4
4
4
4
4
4
4
4
4
4
4
4
4
4
4
4
4
4
4
4
4
4
4
4
4
4
4
4
4
4
4
4
4
4
4
4
4
4
4
4
4
4
4
4
4
4
4
4
4
4
4
4
4
4
4
4
4
4
4
4
4
4
4
4
4
4
4
4
4
4
4
4
4
4
4
4
4
4
4
4
4
4
4
4
4
4
4
4
4
4
4
4
4
4
4
4
4
4
4
4
4
4
4
4
4
4
4
4
4
4
4
4
4
4
4
4
4
4
4
4
4
4
4
4
4
4
4
4
4
4
4
4
4
4
4
4
4
4
4
4
4
4
4
4
4
4
4
4
4
4
4
4
4
4
4
4
4
4
4
4
4
4
4
4
4
4
4
4
4
4
4
4
4
4
4
4
4
4
4
4
4
4
4
4
4
4
4
4
4
4
4
4
4
4
4
4
4
4
4
4
4
4
4
4
4
4
4
4
4
4
4
4
4
4
4
4
4
4
4
4
4
4
4
4
4
4
4
4
4
4
4
4
4
4
4
4
4
4
4
4
4
4
4
4
4
4
4
4
4
4
4
4
4
4
4
4
4
4
4
4
4
4
4
4
4
4
4
4
4
4
4
4
4
4
4
4
4
4
4
4
4
4
4
4
4
4
4
4
4
4
4
4
4
4
4
4
4
4
4
4
4
4
4
4
4
4
4
4
4
4
4
4
4
4
4
4
4
4
4
4
4
4
4
4
4
4
4
4
4
4
4
4
4
4
4
4
4
4
4
4
4
4
4
4
4
4
4
4
4
4
4
4
4
4
4
4
4
4
4
4
4
4
4
4
4
4
4
4
4
4
4
4
4
4
4
4
4
4
4
4
4
4
4
4
4
4
4
4
4
4
4
4
4
4
4
4
4
4
4
4
4
4
4
4
4
4
4
4
4
4
4
4
4
4
4
4
4
4
4
4
4
4
4
4
4
4
4
4
4
4
4
4
4
4
4
4
4
4
4
4
4
4
4
4
4
4
4
4
4
4
4
4
4
4
4
4
4
4
4
4
4
4
4
4
4
4
4
4
4
4
4
4
4
4
4
4
4
4
4
4
4
4
4
4
4
4
4
4
4
4
4
4
4
4
4
4
4
4
4
4
4
4
4
4
4
4
4
4
4
4
4
4
4
4
4
4
4
4
4
4
4
4
4
4
4
4
4
4
4
4
4
4
4
4
4
4
4
4
4
4
4
4
4
4
4
4
4
4
4
4
4
4
4
4
4
4
4
4
4
4
4
4
4
4
4
4
4
4
4
4
4
4
4
4
4
4
4
4
4
4
4
4
4
4
4
4
4
4
4
4
4
4
4
4
4
4
4
4
4
4
4
4
4
4
4
4
4
4
4
4
4
4
4
4
4
4
4
4
4
4
4
4
4
4
4
4
4
4
4
4
4
4
4
4
4
4
4
4
4
4
4
4
4
4
4
4
4
4
4
4
4
4
4
4
4
4
4
4
4
4
4
4
4
4
4
4
4
4
4
4
4
4
4
4
4
4
4
4
4
4
4
4
4
4
4
4
4
4
4
4
4
4
4
4
4
4
4
4
4
4
4
4
4
4
4
4
4
4
4
4
4
4
4
4
4
4
4
4
4
4
4
4
4
4
4
4
4
4
4
4
4
4
4
4
4
4
4
4
4
4
4
4
4
4
4
4
4
4
4
4
4
4
4
4
4
4
4
4
4
4
4
4
4
4
4
4
4
4
4
4
4
4
4
4
4
4
4
4
4
4
4
4
4
4
4
4
4
4
4
4
4
4
4
4
4
4
4
4
4
4
4
4
4
4
4
4
4
4
4
4
4
4
4
4
4
4
4
4
4
4
4
4
4
4
4
4
4
4
4
4
4
4
4
4
4
4
4
4
4
4
4
4
4
4
4
4
4
4
4
4
4
4
4
4
4
4
4
4
4
4
4
4
4
4
4
4
4
4
4
4
4
4
4
4
4
4
4
4
4
4
4
4
4
4
4
4
4
4
4
4
4
4
4
4
4
4
4
4
4
4
4
4
4
4
4
4
4
4
4
4
4
4
4
4
4
4
4
4
4
4
4
4
4
4
4
4
4
4
4
4
4
4
4
4
4
4
4
4
4
4
4
4
4
4
4
4
4
4
4
4
4
4
4
4
4
4
4
4
4
4
4
4
4
4
4
4
4
4
4
4
4
4
4
4
4
4
4
4
4
4
4
4
4
4
4
4
4
4
4
4
4
4
4
4
4
4
4
4
4
4
4
4
4
4
4
4
4
4
4
4
4
4
4
4
4
4
4
4
4
4
4
4
4
4
4
4
4
4
4
4
4
4
4
4
4
4
4
4
4
4
4
4
4
4
4
4
4
4
4
4
4
4
4
4
4
4
4
4
4
4
4
4
4
4
4
4
4
4
4
4
4
4
4
4
4
4
4
4
4
4
4
4
4
4
4
4
4
4
4
4
4
4
4
4
4
4
4
4
4
4
4
4
4
4
4
4
4
4
4
4
4
4
4
4
4
4
4
4
4
4
4
4
4
4
4
4
4
4
4
4
4
4
4
4
4
4
4
4
4
4
4
4
4
4
4
4
4
4
4
4
4
4
4
4
4
4
4
4
4
4
4
4
4
4
4
4
4
4
4
4
4
4
4
4
4
4
4
4
4
4
4
4
4
4
4
4
4
4
4
4
4
4
4
4
4
4
4
4
4
4
4
4
4
4
4
4
4
4
4
4
4
4
4
4
4
4
4
4
4
4
4
4
4
4
4
4
4
4
4
4
4
4
4
4
4
4
4
4
4
4
4
4
4
4
4
4
4
4
4
4
4
4
4
4
4
4
4
4
4
4
4
4
4
4
4
4
4
4
4
4
4
4
4
4
4
4
4
4
4
4
4
4
4
4
4
4
4
4
4
4
4
4
4
4
4
4
4
4
4
4
4
4
4
4
4
4
4
4
4
4
4
4
4
4
4
4
4
4
4
4
4
4
4
4
4
4
4
4
4
4
4
4
4
4
4
4
4
4
4
4
4
4
4
4
4
4
4
4
4
4
4
4
4
4
4
4
4
4
4
4
4
4
4
4
4
4
4
4
4
4
4
4
4
4
4
4
4
4
4
4
4
4
4
4
4
4
4
4
4
4
4
4
4
4
4
4
4
4
4
4
4
4
4
4
4
4
4
4
4
4
4
4
4
4
4
4
4
4
4
4
4
4
4
4
4
4
4
4
4
4
4
4
4
4
4
4
4
4
4
4
4
4
4
4
4
4
4
4
4
4
4
4
4
4
4
4
4
4
4
4
4
4
4
4
4
4
4
4
4
4
4
4
4
4
4
4
4
4
4
4
4
4
4
4
4
4
4
4
4
4
4
4
4
4
4
4
4
4
4
4
4
4
4
4
4
4
4
4
4
4
4
4
4
4
4
4
4
4
4
4
4
4
4
4
4
4
4
4
4
4
4
4
4
4
4
4
4
4
4
4
4
4
4
4
4
4
4
4
4
4
4
4
4
4
4
4
4
4
4
4
4
4
4
4
4
4
4
4
4
4
4
4
4
4
4
4
4
4
4
4
4
4
4
4
4
4
4
4
4
4
4
4
4
4
4
4
4
4
4
4
4
4
4
4
4
4
4
4
4
4
4
4
4
4
4
4
4
4
4
4
4
4
4
4
4
4
4
4
4
4
4
4
4
4
4
4
4
4
4
4
4
4
4
4
4
4
4
4
4
4
4
4
4
4
4
4
4
4
4
4
4
4
4
4
4
4
4
4
4
4
4
4
4
4
4
4
4
4
4
4
4
4
4
4
4
4
4
4
4
4
4
4
4
4
4
4
4
4
4
4
4
4
4
4
4
4
4
4
4
4
4
4
4
4
4
4
4
4
4
4
4
4
4
4
4
4
4
4
4
4
4
4
4
4
4
4
4
4
4
4
4
4
4
4
4
4
4
4
4
4
4
4
4
4
4
4
4
4
4
4
4
4
4
4
4
4
4
4
4
4
4
4
4
4
4
4
4
4
4
4
4
4
4
4
4
4
4
4
4
4
4
4
4
4
4
4
4
4
4
4
4
4
4
4
4
4
4
4
4
4
4
4
4
4
4
4
4
4
4
4
4
4
4
4
4
4
4
4
4
4
4
4
4
4
4
4
4
4
4
4
4
4
4
4
4
4
4
4
4
4
4
4
4
4
4
4
4
4
4
4
4
4
4
4
4
4
4
4
4
4
4
4
4
4
4
4
4
4
4
4
4
4
4
4
4
4
4
4
4
4
4
4
4
4
4
4
4
4
4
4
4
4
4
4
4
4
4
4
4
4
4
4
4
4
4
4
4
4
4
4
4
4
4
4
4
4
4
4
4
4
4
4
4
4
4
4
4
4
4
4
4
4
4
4
4
4
4
4
4
4
4
4
4
4
4
4
4
4
4
4
4
4
4
4
4
4
4
4
4
4
4
4
4
4
4
4
4
4
4
4
4
4
4
4
4
4
4
4
4
4
4
4
4
4
4
4
4
4
4
4
4
4
4
4
4
4
4
4
4
4
4
4
4
4
4
4
4
4
4
4
4
4
4
4
4
4
4
4
4
4
4
4
4
4
4
4
4
4
4
4
4
4
4
4
4
4
4
4
4
4
4
4
4
4
4
4
4
4
4
4
4
4
4
4
4
4
4
4
4
4
4
4
4
4
4
4
4
4
4
4
4
4
4
4
4
4
4
4
4
4
4
4
4
4
4
4
4
4
4
4
4
4
4
4
4
4
4
4
4
4
4
4
4
4
4
4
4
4
4
4
4
4
4
4
4
4
4
4
4
4
4
4
4
4
4
4
4
4
4
4
4
4
4
4
4
4
4
4
4
4
4
4
4
4
4
4
4
4
4
4
4
4
4
4
4
4
4
4
4
4
4
4
4
4
4
4
4
4
4
4
4
4
4
4
4
4
4
4
4
4
4
4
4
4
4
4
4
4
4
4
4
4
4
4
4
4
4
4
4
4
4
4
4
4
4
4
4
4
4
4
4
4
4
4
4
4
4
4
4
4
4
4
4
4
4
4
4
4
4
4
4
4
4
4
4
4
4
4
4
4
4
4
4
4
4
4
4
4
4
4
4
4
4
4
4
4
4
4
4
4
4
4
4
4
4
4
4
4
4
4
4
4
4
4
4
4
4
4
4
4
4
4
4
4
4
4
4
4
4
4
4
4
4
4
4
4
4
4
4
4
4
4
4
4
4
4
4
4
4
4
4
4
4
4
4
4
4
4
4
4
4
4
4
4
4
4
4
4
4
4
4
4
4
4
4
4
4
4
4
4
4
4
4
4
4
4
4
4
4
4
4
4
4
4
4
4
4
4
4
4
4
4
4
4
4
4
4
4
4
4
4
4
4
4
4
4
4
4
4
4
4
4
4
4
4
4
4
4
4
4
4
4
4
4
4
4
4
4
4
4
4
4
4
4
4
4
4
4
4
4
4
4
4
4
4
4
4
4
4
4
4
4
4
4
4
4
4
4
4
4
4
4
4
4
4
4
4
4
4
4
4
4
4
4
4
4
4
4
4
4
4
4
4
4
4
4
4
4
4
4
4
4
4
4
4
4
4
4
4
4
4
4
4
4
4
4
4
4
4
4
4
4
4
4
4
4
4
4
4
4
4
4
4
4
4
4
4
4
4
4
4
4
4
4
4
4
4
4
4
4
4
4
4
4
4
4
4
4
4
4
4
4
4
4
4
4
4
4
4
4
4
4
4
4
4
4
4
4
4
4
4
4
4
4
4
4
4
4
4
4
4
4
4
4
4
4
4
4
4
4
4
4
4
4
4
4
4
4
4
4
4
4
4
4
4
4
4
4
4
4
4
4
4
4
4
4
4
4
4
4
4
4
4
4
4
4
4
4
4
4
4
4
4
4
4
4
4
4
4
4
4
4
4
4
4
4
4
4
4
4
4
4
4
4
4
4
4
4
4
4
4
4
4
4
4
4
4
4
4
4
4
4
4
4
4
4
4
4
4
4
4
4
4
4
4
4
4
4
4
4
4
4
4
4
4
4
4
4
4
4
4
4
4
4
4
4
4
4
4
4
4
4
4
4
4
4
4
4
4
4
4
4
4
4
4
4
4
4
4
4
4
4
4
4
4
4
4
4
4
4
4
4
4
4
4
4
4
4
4
4
4
4
4
4
4
4
4
4
4
4
4
4
4
4
4
4
4
4
4
4
4
4
4
4
4
4
4
4
4
4
4
4
4
4
4
4
4
4
4
4
4
4
4
4
4
4
4
4
4
4
4
4
4
4
4
4
4
4
4
4
4
4
4
4
4
4
4
4
4
4
4
4
4
4
4
4
4
4
4
4
4
4
4
4
4
4
4
4
4
4
4
4
4
4
4
4
4
4
4
4
4
4
4
4
4
4
4
4
4
4
4
4
4
4
4
4
4
4
4
4
4
4
4
4
4
4
4
4
4
4
4
4
4
4
4
4
4
4
4
4
4
4
4
4
4
4
4
4
4
4
4
4
4
4
4
4
4
4
4
4
4
4
4
4
4
4
4
4
4
4
4
4
4
4
4
4
4
4
4
4
4
4
4
4
4
4
4
4
4
4
4
4
4
4
4
4
4
4
4
4
4
4
4
4
4
4
4
4
4
4
4
4
4
4
4
4
4
4
4
4
4
4
4
4
4
4
4
4
4
4
4
4
4
4
4
4
4
4
4
4
4
4
4
4
4
4
4
4
4
4
4
4
4
4
4
4
4
4
4
4
4
4
4
4
4
4
4
4
4
4
4
4
4
4
4
4
4
4
4
4
4
4
4
4
4
4
4
4
4
4
4
4
4
4
4
4
4
4
4
4
4
4
4
4
4
4
4
4
4
4
4
4
4
4
4
4
4
4
4
4
4
4
4
4
4
4
4
4
4
4
4
4
4
4
4
4
4
4
4
4
4
4
4
4
4
4
4
4
4
4
4
4
4
4
4
4
4
4
4
4
4
4
4
4
4
4
4
4
4
4
4
4
4
4
4
4
4
4
4
4
4
4
4
4
4
4
4
4
4
4
4
4
4
4
4
4
4
4
4
4
4
4
4
4
4
4
4
4
4
4
4
4
4
4
4
4
4
4
4
4
4
4
0
0
0
0
0
0
0
0
0
0
0
0
0
0
0
0
0
0
0
0
0
0
0
0
0
0
0
0
0
0
0
0
0
0
0
0
0
0
0
0
0
0
0
0
0
0
0
0
0
0
0
0
0
0
0
0
0
0
0
0
0
0
0
0
0
0
0
0
0
0
0
0
0
0
0
0
0
0
0
0
0
0
0
0
0
0
0
0
0
0
0
0
0
0
0
0
0
0
0
0
0
0
0
0
0
0
0
0
0
0
0
0
0
0
0
0
0
0
0
0
0
0
0
0
0
0
0
0
0
0
0
0
0
0
0
0
0
0
0
0
0
0
0
0
0
0
0
0
0
0
0
0
0
0
0
0
0
0
0
0
0
0
0
0
0
0
0
0
0
0
0
0
0
0
0
0
0
0
0
0
0
0
0
0
0
0
0
0
0
0
0
0
0
0
0
0
0
0
0
0
0
0
0
0
0
0
0
0
0
0
0
0
0
0
0
0
0
0
0
0
0
0
0
0
0
0
0
0
0
0
0
0
0
0
0
0
0
0
0
0
0
0
0
0
0
0
0
0
0
0
0
0
0
0
0
0
0
0
0
0
0
0
0
0
0
0
0
0
0
0
0
0
0
0
0
0
0
0
0
0
0
0
0
0
0
0
0
0
0
0
0
0
0
0
0
0
0
0
0
0
0
0
0
0
0
0
0
0
0
0
0
0
0
0
0
0
0
0
0
0
0
0
0
0
0
0
0
0
0
0
0
0
0
0
0
0
0
0
0
0
0
0
0
0
0
0
0
0
0
0
0
0
0
0
0
0
0
0
0
0
0
0
0
0
0
0
0
0
0
0
0
0
0
0
0
0
0
0
0
0
0
0
0
0
0
0
0
0
0
0
0
0
0
0
0
0
0
0
0
0
0
0
0
0
0
0
0
0
0
0
0
0
0
0
0
0
0
0
0
0
0
0
0
0
0
0
0
0
0
0
0
0
0
0
0
0
0
0
0
0
0
0
0
0
0
0
0
0
0
0
0
0
0
0
0
0
0
0
0
0
0
0
0
0
0
0
0
0
0
0
0
0
0
0
0
0
0
0
0
0
0
0
0
0
0
0
0
0
0
0
0
0
0
0
0
0
0
0
0
0
0
0
0
0
0
0
0
0
0
0
0
0
0
0
0
0
0
0
0
0
0
0
0
0
0
0
0
0
0
0
0
0
0
0
0
0
0
0
0
0
0
0
0
0
0
0
0
0
0
0
0
0
0
0
0
0
0
0
0
0
0
0
0
0
0
0
0
0
0
0
0
0
0
0
0
0
0
0
0
0
0
0
0
0
0
0
0
0
0
0
0
0
0
0
0
0
0
0
0
0
0
0
0
0
0
0
0
0
0
0
0
0
0
0
0
0
0
0
0
0
0
0
0
0
0
0
0
0
0
0
0
0
0
0
0
0
0
0
0
0
0
0
0
0
0
0
0
0
0
0
0
0
0
0
0
0
0
0
0
0
0
0
0
0
0
0
0
0
0
0
0
0
0
0
0
0
0
0
0
0
0
0
0
0
0
0
0
0
0
0
0
0
0
0
0
0
0
0
0
0
0
0
0
0
0
0
0
0
0
0
0
0
0
0
0
0
0
0
0
0
0
0
0
0
0
0
0
0
0
0
0
0
0
0
0
0
0
0
0
0
0
0
0
0
0
0
0
0
0
0
0
0
0
0
0
0
0
0
0
0
0
0
0
0
0
0
0
0
0
0
0
0
0
0
0
0
0
0
0
0
0
0
0
0
0
0
0
0
0
0
0
0
0
0
0
0
0
0
0
0
0
0
0
0
0
0
0
0
0
0
0
0
0
0
0
0
0
0
0
0
0
0
0
0
0
0
0
0
0
0
0
0
0
0
0
0
0
0
0
0
0
0
0
0
0
0
0
0
0
0
0
0
0
0
0
0
0
0
0
0
0
0
0
0
0
0
0
0
0
0
0
0
0
0
0
0
0
0
0
0
0
0
0
0
0
0
0
0
0
0
0
0
0
0
0
0
0
0
0
0
0
0
0
0
0
0
0
0
0
0
0
0
0
0
0
0
0
0
0
0
0
0
0
0
0
0
0
0
0
0
0
0
0
0
0
0
0
0
0
0
0
0
0
0
0
0
0
0
0
0
0
0
0
0
0
0
0
0
0
0
0
0
0
0
0
0
0
0
0
0
0
0
0
0
0
0
0
0
0
0
0
0
0
0
0
0
0
0
0
0
0
0
0
0
0
0
0
0
0
0
0
0
0
0
0
0
0
0
0
0
0
0
0
0
0
0
0
0
0
0
0
0
0
0
0
0
0
0
0
0
0
0
0
0
0
0
0
0
0
0
0
0
0
0
0
0
0
0
0
0
0
0
0
0
0
0
0
0
0
0
0
0
0
0
0
0
0
0
0
0
0
0
0
0
0
0
0
0
0
0
0
0
0
0
0
0
0
0
0
0
0
0
0
0
0
0
0
0
0
0
0
0
0
0
0
0
0
0
0
0
0
0
0
0
0
0
0
0
0
0
0
0
0
0
0
0
0
0
0
0
0
0
0
0
0
0
0
0
0
0
0
0
0
0
0
0
0
0
0
0
0
0
0
0
0
0
0
0
0
0
0
0
0
0
0
0
0
0
0
0
0
0
0
0
0
0
0
0
0
0
0
0
0
0
0
0
0
0
0
0
0
0
0
0
0
0
0
0
0
0
0
0
0
0
0
0
0
0
0
0
0
0
0
0
0
0
0
0
0
0
0
0
0
0
0
0
0
0
0
0
0
0
0
0
0
0
0
0
0
0
0
0
0
0
0
0
0
0
0
0
0
0
0
0
0
0
0
0
0
0
0
0
0
0
0
0
0
0
0
0
0
0
0
0
0
0
0
0
0
0
0
0
0
0
0
0
0
0
0
0
0
0
0
0
0
0
0
0
0
0
0
0
0
0
0
0
0
0
0
0
0
0
0
0
0
0
0
0
0
0
0
0
0
0
0
0
0
0
0
0
0
0
0
0
0
0
0
0
0
0
0
0
0
0
0
0
0
0
0
0
0
0
0
0
0
0
0
0
0
0
0
0
0
0
0
0
0
0
0
0
0
0
0
0
0
0
0
0
0
0
0
0
0
0
0
0
0
0
0
0
0
0
0
0
0
0
0
0
0
0
0
0
0
0
0
0
0
0
0
0
0
0
0
0
0
0
0
0
0
0
0
0
0
0
0
0
0
0
0
0
0
0
0
0
0
0
0
0
0
0
0
0
0
0
0
0
0
0
0
0
0
0
0
0
0
0
0
0
0
0
0
0
0
0
0
0
0
0
0
0
0
0
0
0
0
0
0
0
0
0
0
0
0
0
0
0
0
0
0
0
0
0
0
0
0
0
0
0
0
0
0
0
0
0
0
0
0
0
0
0
0
0
0
0
0
0
0
0
0
0
0
0
0
0
0
0
0
0
0
0
0
0
0
0
0
0
0
0
0
0
0
0
0
0
0
0
0
0
0
0
0
0
0
0
0
0
0
0
0
0
0
0
0
0
0
0
0
0
0
0
0
0
0
0
0
0
0
0
0
0
0
0
0
0
0
0
0
0
0
0
0
0
0
0
0
0
0
0
0
0
0
0
0
0
0
0
0
0
0
0
0
0
0
0
0
0
0
0
0
0
0
0
0
0
0
0
0
0
0
0
0
0
0
0
0
0
0
0
0
0
0
0
0
0
0
0
0
0
0
0
0
0
0
0
0
0
0
0
0
0
0
0
0
0
0
0
0
0
0
0
0
0
0
0
0
0
0
0
0
0
0
0
0
0
0
0
0
0
0
0
0
0
0
0
0
0
0
0
0
0
0
0
0
0
0
0
0
0
0
0
0
0
0
0
0
0
0
0
0
0
0
0
0
0
0
0
0
0
0
0
0
0
0
0
0
0
0
0
0
0
0
0
0
0
0
0
0
0
0
0
0
0
0
0
0
0
0
0
0
0
0
0
0
0
0
0
0
0
0
0
0
0
0
0
0
0
0
0
0
0
0
0
0
0
0
0
0
0
0
0
0
0
0
0
0
0
0
0
0
0
0
0
0
0
0
0
0
0
0
0
0
0
0
0
0
0
0
0
0
0
0
0
0
0
0
0
0
0
0
0
0
0
0
0
0
0
0
0
0
0
0
0
0
0
0
0
0
0
0
0
0
0
0
0
0
0
0
0
0
0
0
0
0
0
0
0
0
0
0
0
0
0
0
0
0
0
0
0
0
0
0
0
0
0
0
0
0
0
0
0
0
0
0
0
0
0
0
0
0
0
0
0
0
0
0
0
0
0
0
0
0
0
0
0
0
0
0
0
0
0
0
0
0
0
0
0
0
0
0
0
0
0
0
0
0
0
0
0
0
0
0
0
0
0
0
0
0
0
0
0
0
0
0
0
0
0
0
0
0
0
0
0
0
0
0
0
0
0
0
0
0
0
0
0
0
0
0
0
0
0
0
0
0
0
0
0
0
0
0
0
0
0
0
0
0
0
0
0
0
0
0
0
0
0
0
0
0
0
0
0
0
0
0
0
0
0
0
0
0
0
0
0
0
0
0
0
0
0
0
0
0
0
0
0
0
0
0
0
0
0
0
0
0
0
0
0
0
0
0
0
0
0
0
0
0
0
0
0
0
0
0
0
0
0
0
0
0
0
0
0
0
0
0
0
0
0
0
0
0
0
0
0
0
0
0
0
0
0
0
0
0
0
0
0
0
0
0
0
0
0
0
0
0
0
0
0
0
0
0
0
0
0
0
0
0
0
0
0
0
0
0
0
0
0
0
0
0
0
0
0
0
0
0
0
0
0
0
0
0
0
0
0
0
0
0
0
0
0
0
0
0
0
0
0
0
0
0
0
0
0
0
0
0
0
0
0
0
0
0
0
0
0
0
0
0
0
0
0
0
0
0
0
0
0
0
0
0
0
0
0
0
0
0
0
0
0
0
0
0
0
0
0
0
0
0
0
0
0
0
0
0
0
0
0
0
0
0
0
0
0
0
0
0
0
0
0
0
0
0
0
0
0
0
0
0
0
0
0
0
0
0
0
0
0
0
0
0
0
0
0
0
0
0
0
0
0
0
0
0
0
0
0
0
0
0
0
0
0
0
0
0
0
0
0
0
0
0
0
0
0
0
0
0
0
0
0
0
0
0
0
0
0
0
0
0
0
0
0
0
0
0
0
0
0
0
0
0
0
0
0
0
0
0
0
0
0
0
0
0
0
0
0
0
0
0
0
0
0
0
0
0
0
0
0
0
0
0
0
0
0
0
0
0
0
0
0
0
0
0
0
0
0
0
0
0
0
0
0
0
0
0
0
0
0
0
0
0
0
0
0
0
0
0
0
0
0
0
0
0
0
0
0
0
0
0
0
0
0
0
0
0
0
0
0
0
0
0
0
0
0
0
0
0
0
0
0
0
0
0
0
0
0
0
0
0
0
0
0
0
0
0
0
0
0
0
0
0
0
0
0
0
0
0
0
0
0
0
0
0
0
0
0
0
0
0
0
0
0
0
0
0
0
0
0
0
0
0
0
0
0
0
0
0
0
0
0
0
0
0
0
0
0
0
0
0
0
0
0
0
0
0
0
0
0
0
0
0
0
0
0
0
0
0
0
0
0
0
0
0
0
0
0
0
0
0
0
0
0
0
0
0
0
0
0
0
0
0
0
0
0
0
0
0
0
0
0
0
0
0
0
0
0
0
0
0
0
0
0
0
0
0
0
0
0
0
0
0
0
0
0
0
0
0
0
0
0
0
0
0
0
0
0
0
0
0
0
0
0
0
0
0
0
0
0
0
0
0
0
0
0
0
0
0
0
0
0
0
0
0
0
0
0
0
0
0
0
0
0
0
0
0
0
0
0
0
0
0
0
0
0
0
0
0
0
0
0
0
0
0
0
0
0
0
0
0
0
0
0
0
0
0
0
0
0
0
0
0
0
0
0
0
0
0
0
0
0
0
0
0
0
0
0
0
0
0
0
0
0
0
0
0
0
0
0
0
0
0
0
0
0
0
0
0
0
0
0
0
0
0
0
0
0
0
0
0
0
0
0
0
0
0
0
0
0
0
0
0
0
0
0
0
0
0
0
0
0
0
0
0
0
0
0
0
0
0
0
0
0
0
0
0
0
0
0
0
0
0
0
0
0
0
0
0
0
0
0
0
0
0
0
0
0
0
0
0
0
0
0
0
0
0
0
0
0
0
0
0
0
0
0
0
0
0
0
0
0
0
0
0
0
0
0
0
0
0
0
0
0
0
0
0
0
0
0
0
0
0
0
0
0
0
0
0
0
0
0
0
0
0
0
0
0
0
0
0
0
0
0
0
0
0
0
0
0
0
0
0
0
0
0
0
0
0
0
0
0
0
0
0
0
0
0
0
0
0
0
0
0
0
0
0
0
0
0
0
0
0
0
0
0
0
0
0
0
0
0
0
0
0
0
0
0
0
0
0
0
0
0
0
0
0
0
0
0
0
0
0
0
0
0
0
0
0
0
0
0
0
0
0
0
0
0
0
0
0
0
0
0
0
0
0
0
0
0
0
0
0
0
0
0
0
0
0
0
0
0
0
0
0
0
0
0
0
0
0
0
0
0
0
0
0
0
0
0
0
0
0
0
0
0
0
0
0
0
0
0
0
0
0
0
0
0
0
0
0
0
0
0
0
0
0
0
0
0
0
0
0
0
0
0
0
0
0
0
0
0
0
0
0
0
0
0
0
0
0
0
0
0
0
0
0
0
0
0
0
0
0
0
0
0
0
0
0
0
0
0
0
0
0
0
0
0
0
0
0
0
0
0
0
0
0
0
0
0
0
0
0
0
0
0
0
0
0
0
0
0
0
0
0
0
0
0
0
0
0
0
0
0
0
0
0
0
0
0
0
0
0
0
0
0
0
0
0
0
0
0
0
0
0
0
0
0
0
0
0
0
0
0
0
0
0
0
0
0
0
0
0
0
0
0
0
0
0
0
0
0
0
0
0
0
0
0
0
0
0
0
0
0
0
0
0
0
0
0
0
0
0
0
0
0
0
0
0
0
0
0
0
0
0
0
0
0
0
0
0
0
0
0
0
0
0
0
0
0
0
0
0
0
0
0
0
0
0
0
0
0
0
0
0
0
0
0
0
0
0
0
0
0
0
0
0
0
0
0
0
0
0
0
0
0
0
0
0
0
0
0
0
0
0
0
0
0
0
0
0
0
0
0
0
0
0
0
0
0
0
0
0
0
0
0
0
0
0
0
0
0
0
0
0
0
0
0
0
0
0
0
0
0
0
0
0
0
0
0
0
0
0
0
0
0
0
0
0
0
0
0
0
0
0
0
0
0
0
0
0
0
0
0
0
0
0
0
0
0
0
0
0
0
0
0
0
0
0
0
0
0
0
0
0
0
0
0
0
0
0
0
0
0
0
0
0
0
0
0
0
0
0
0
0
0
0
0
0
0
0
0
0
0
0
0
0
0
0
0
0
0
0
0
0
0
0
0
0
0
0
0
0
0
0
0
0
0
0
0
0
0
0
0
0
0
0
0
0
0
0
0
0
0
0
0
0
0
0
0
0
0
0
0
0
0
0
0
0
0
0
0
0
0
0
0
0
0
0
0
0
0
0
0
0
0
0
0
0
0
0
0
0
0
0
0
0
0
0
0
0
0
0
0
0
0
0
0
0
0
0
0
0
0
0
0
0
0
0
0
0
0
0
0
0
0
0
0
0
0
0
0
0
0
0
0
0
0
0
0
0
0
0
0
0
0
0
0
0
0
0
0
0
0
0
0
0
0
0
0
0
0
0
0
0
0
0
0
0
0
0
0
0
0
0
0
0
0
0
0
0
0
0
0
0
0
0
0
0
0
0
0
0
0
0
0
0
0
0
0
0
0
0
0
0
0
0
0
0
0
0
0
0
0
0
0
0
0
0
0
0
0
0
0
0
0
0
0
0
0
0
0
0
0
0
0
0
0
0
0
0
0
0
0
0
0
0
0
0
0
0
0
0
0
0
0
0
0
0
0
0
0
0
0
0
0
0
0
0
0
0
0
0
0
0
0
0
0
0
0
0
0
0
0
0
0
0
0
0
0
0
0
0
0
0
0
0
0
0
0
0
0
0
0
0
0
0
0
0
0
0
0
0
0
0
0
0
0
0
0
0
0
0
0
0
0
0
0
0
0
0
0
0
0
0
0
0
0
0
0
0
0
0
0
0
0
0
0
0
0
0
0
0
0
0
0
0
0
0
0
0
0
0
0
0
0
0
0
0
0
0
0
0
0
0
0
0
0
0
0
0
0
0
0
0
0
0
0
0
0
0
0
0
0
0
0
0
0
0
0
0
0
0
0
0
0
0
0
0
0
0
0
0
0
0
0
0
0
0
0
0
0
0
0
0
0
0
0
0
0
0
0
0
0
0
0
0
0
0
0
0
0
0
0
0
0
0
0
0
0
0
0
0
0
0
0
0
0
0
0
0
0
0
0
0
0
0
0
0
0
0
0
0
0
0
0
0
0
0
0
0
0
0
0
0
0
0
0
0
0
0
0
0
0
0
0
0
0
0
0
0
0
0
0
0
0
0
0
0
0
0
0
0
0
0
0
0
0
0
0
0
0
0
0
0
0
0
0
0
0
0
0
0
0
0
0
0
0
0
0
0
0
0
0
0
0
0
0
0
0
0
0
0
0
0
0
0
0
0
0
0
0
0
0
0
0
0
0
0
0
0
0
0
0
0
0
0
0
0
0
0
0
0
0
0
0
0
0
0
0
0
0
0
0
0
0
0
0
0
0
0
0
0
0
0
0
0
0
0
0
0
0
0
0
0
0
0
0
0
0
0
0
0
0
0
0
0
0
0
0
0
0
0
0
0
0
0
0
0
0
0
0
0
0
0
0
0
0
0
0
0
0
0
0
0
0
0
0
0
0
0
0
0
0
0
0
0
0
0
0
0
0
0
0
0
0
0
0
0
0
0
0
0
0
0
0
0
0
0
0
0
0
0
0
0
0
0
0
0
0
0
0
0
0
0
0
0
0
0
0
0
0
0
0
0
0
0
0
0
0
0
0
0
0
0
0
0
0
0
0
0
0
0
0
0
0
0
0
0
0
0
0
0
0
0
0
0
0
0
0
0
0
0
0
0
0
0
0
0
0
0
0
0
0
0
0
0
0
0
0
0
0
0
0
0
0
0
0
0
0
0
0
0
0
0
0
0
0
0
0
0
0
0
0
0
0
0
0
0
0
0
0
0
0
0
0
0
0
0
0
0
0
0
0
0
0
0
0
0
0
0
0
0
0
0
0
0
0
0
0
0
0
0
0
0
0
0
0
0
0
0
0
0
0
0
0
0
0
0
0
0
0
0
0
0
0
0
0
0
0
0
0
0
0
0
0
0
0
0
0
0
0
0
0
0
0
0
0
0
0
0
0
0
0
0
0
0
0
0
0
0
0
0
0
0
0
0
0
0
0
0
0
0
0
0
0
0
0
0
0
0
0
0
0
0
0
0
0
0
0
0
0
0
0
0
0
0
0
0
0
0
0
0
0
0
0
0
0
0
0
0
0
0
0
0
0
0
0
0
0
0
0
0
0
0
0
0
0
0
0
0
0
0
0
0
0
0
0
0
0
0
0
0
0
0
0
0
0
0
0
0
0
0
0
0
0
0
0
0
0
0
0
0
0
0
0
0
0
0
0
0
0
0
0
0
0
0
0
0
0
0
0
0
0
0
0
0
0
0
0
0
0
0
0
0
0
0
0
0
0
0
0
0
0
0
0
0
0
0
0
0
0
0
0
0
0
0
0
0
0
0
0
0
0
0
0
0
0
0
0
0
0
0
0
0
0
0
0
0
0
0
0
0
0
0
0
0
0
0
0
0
0
0
0
0
0
0
0
0
0
0
0
0
0
0
0
0
0
0
0
0
0
0
0
0
0
0
0
0
0
0
0
0
0
0
0
0
0
0
0
0
0
0
0
0
0
0
0
0
0
0
0
0
0
0
0
0
0
0
0
0
0
0
0
0
0
0
0
0
0
0
0
0
0
0
0
0
0
0
0
0
0
0
0
0
0
0
0
0
0
0
0
0
0
0
0
0
0
0
0
0
0
0
0
0
0
0
0
0
0
0
0
0
0
0
0
0
0
0
0
0
0
0
0
0
0
0
0
0
0
0
0
0
0
0
0
0
0
0
0
0
0
0
0
0
0
0
0
0
0
0
0
0
0
0
0
0
0
0
0
0
0
0
0
0
0
0
0
0
0
0
0
0
0
0
0
0
0
0
0
0
0
0
0
0
0
0
0
0
0
0
0
0
0
0
0
0
0
0
0
0
0
0
0
0
0
0
0
0
0
0
0
0
0
0
0
0
0
0
0
0
0
0
0
0
0
0
0
0
0
0
0
0
0
0
0
0
0
0
0
0
0
0
0
0
0
0
0
0
0
0
0
0
0
0
0
0
0
0
0
0
0
0
0
0
0
0
0
0
0
0
0
0
0
0
0
0
0
0
0
0
0
0
0
0
0
0
0
0
0
0
0
0
0
0
0
0
0
0
0
0
0
0
0
0
0
0
0
0
0
0
0
0
0
0
0
0
0
0
0
0
0
0
0
0
0
0
0
0
0
0
0
0
0
0
0
0
0
0
0
0
0
0
0
0
0
0
0
0
0
0
0
0
0
0
0
0
0
0
0
0
0
0
0
0
0
0
0
0
0
0
0
0
0
0
0
0
0
0
0
0
0
0
0
0
0
0
0
0
0
0
0
0
0
0
0
0
0
0
0
0
0
0
0
0
0
0
0
0
0
0
0
0
0
0
0
0
0
0
0
0
0
0
0
0
0
0
0
0
0
0
0
0
0
0
0
0
0
0
0
0
0
0
0
0
0
0
0
0
0
0
0
0
0
0
0
0
0
0
0
0
0
0
0
0
0
0
0
0
0
0
0
0
0
0
0
0
0
0
0
0
0
0
0
0
0
0
0
0
0
0
0
0
0
0
0
0
0
0
0
0
0
0
0
0
0
0
0
0
0
0
0
0
0
0
0
0
0
0
0
0
0
0
0
0
0
0
0
0
0
0
0
0
0
0
0
0
0
0
0
0
0
0
0
0
0
0
0
0
0
0
0
0
0
0
0
0
0
0
0
0
0
0
0
0
0
0
0
0
0
0
0
0
0
0
0
0
0
0
0
0
0
0
0
0
0
0
0
0
0
0
0
0
0
0
0
0
0
0
0
0
0
0
0
0
0
0
0
0
0
0
0
0
0
0
0
0
0
0
0
0
0
0
0
0
0
0
0
0
0
0
0
0
0
0
0
0
0
0
0
0
0
0
0
0
0
0
0
0
0
0
0
0
0
0
0
0
0
0
0
0
0
0
0
0
0
0
0
0
0
0
0
0
0
0
0
0
0
0
0
0
0
0
0
0
0
0
0
0
0
0
0
0
0
0
0
0
0
0
0
0
0
0
0
0
0
0
0
0
0
0
0
0
0
0
0
0
0
0
0
0
0
0
0
0
0
0
0
0
0
0
0
0
0
0
0
0
0
0
0
0
0
0
0
0
0
0
0
0
0
0
0
0
0
0
0
0
0
0
0
0
0
0
0
0
0
0
0
0
0
0
0
0
0
0
0
0
0
0
0
0
0
0
0
0
0
0
0
0
0
0
0
0
0
0
0
0
0
0
0
0
0
0
0
0
0
0
0
0
0
0
0
0
0
0
0
0
0
0
0
0
0
0
0
0
0
0
0
0
0
0
0
0
0
0
0
0
0
0
0
0
0
0
0
0
0
0
0
0
0
0
0
0
0
0
0
0
0
0
0
0
0
0
0
0
0
0
0
0
0
0
0
0
0
0
0
0
0
0
0
0
0
0
0
0
0
0
0
0
0
0
0
0
0
0
0
0
0
0
0
0
0
0
0
0
0
0
0
0
0
0
0
0
0
0
0
0
0
0
0
0
0
0
0
0
0
0
0
0
0
0
0
0
0
0
0
0
0
0
0
0
0
0
0
0
0
0
0
0
0
0
0
0
0
0
0
0
0
0
0
0
0
0
0
0
0
0
0
0
0
0
0
0
0
0
0
0
0
0
0
0
0
0
0
0
0
0
0
0
0
0
0
0
0
0
0
0
0
0
0
0
0
0
0
0
0
0
0
0
0
0
0
0
0
0
0
0
0
0
0
0
0
0
0
0
0
0
0
0
0
0
0
0
0
0
0
0
0
0
0
0
0
0
0
0
0
0
0
0
0
0
0
0
0
0
0
0
0
0
0
0
0
0
0
0
0
0
0
0
0
0
0
0
0
0
0
0
0
0
0
0
0
0
0
0
0
0
0
0
0
0
0
0
0
0
0
0
0
0
0
0
0
0
0
0
0
0
0
0
0
0
0
0
0
0
0
0
0
0
0
0
0
0
0
0
0
0
0
0
0
0
0
0
0
0
0
0
0
0
0
0
0
0
0
0
0
0
0
0
0
0
0
0
0
0
0
0
0
0
0
0
0
0
0
0
0
0
0
0
0
0
0
0
0
0
0
0
0
0
0
0
0
0
0
0
0
0
0
0
0
0
0
0
0
0
0
0
0
0
0
0
0
0
0
0
0
0
0
0
0
0
0
0
0
0
0
0
0
0
0
0
0
0
0
0
0
0
0
0
0
0
0
0
0
0
0
0
0
0
0
0
0
0
0
0
0
0
0
0
0
0
0
0
0
0
0
0
0
0
0
0
0
0
0
0
0
0
0
0
0
0
0
0
0
0
0
0
0
0
0
0
0
0
0
0
0
0
0
0
0
0
0
0
0
0
0
0
0
0
0
0
0
0
0
0
0
0
0
0
0
0
0
0
0
0
0
0
0
0
0
0
0
0
0
0
0
0
0
0
0
0
0
0
0
0
0
0
0
0
0
0
0
0
0
0
0
0
0
0
0
0
0
0
0
0
0
0
0
0
0
0
0
0
0
0
0
0
0
0
0
0
0
0
0
0
0
0
0
0
0
0
0
0
0
0
0
0
0
0
0
0
0
0
0
0
0
0
0
0
0
0
0
0
0
0
0
0
0
0
0
0
0
0
0
0
0
0
0
0
0
0
0
0
0
0
0
0
0
0
0
0
0
0
0
0
0
0
0
0
0
0
0
0
0
0
0
0
0
0
0
0
0
0
0
0
0
0
0
0
0
0
0
0
0
0
0
0
0
0
0
0
0
0
0
0
0
0
0
0
0
0
0
0
0
0
0
0
0
0
0
0
0
0
0
0
0
0
0
0
0
0
0
0
0
0
0
0
0
0
0
0
0
0
0
0
0
0
0
0
0
0
0
0
0
0
0
0
0
0
0
0
0
0
0
0
0
0
0
0
0
0
0
0
0
0
0
0
0
0
0
0
0
0
0
0
0
0
0
0
0
0
0
0
0
0
0
0
0
0
0
0
0
0
0
0
0
0
0
0
0
0
0
0
0
0
0
0
0
0
0
0
0
0
0
0
0
0
0
0
0
0
0
0
0
0
0
0
0
0
0
0
0
0
0
0
0
0
0
0
0
0
0
0
0
0
0
0
0
0
0
0
0
0
0
0
0
0
0
0
0
0
0
0
0
0
0
0
0
0
0
0
0
0
0
0
0
0
0
0
0
0
0
0
0
0
0
0
0
0
0
0
0
0
0
0
0
0
0
0
0
0
0
0
0
0
0
0
0
0
0
0
0
0
0
0
0
0
0
0
0
0
0
0
0
0
0
0
0
0
0
0
0
0
0
0
0
0
0
0
0
0
0
0
0
0
0
0
0
0
0
0
0
0
0
0
0
0
0
0
0
0
0
0
0
0
0
0
0
0
0
0
0
0
0
0
0
0
0
0
0
0
0
0
0
0
0
0
0
0
0
0
0
0
0
0
0
0
0
0
0
0
0
0
0
0
0
0
0
0
0
0
0
0
0
0
0
0
0
0
0
0
0
0
0
0
0
0
0
0
0
0
0
0
0
0
0
0
0
0
0
0
0
0
0
0
0
0
0
0
0
0
0
0
0
0
0
0
0
0
0
0
0
0
0
0
0
0
0
0
0
0
0
0
0
0
0
0
0
0
0
0
0
0
0
0
0
0
0
0
0
0
0
0
0
0
0
0
0
0
0
0
0
0
0
0
0
0
0
0
0
0
0
0
0
0
0
0
0
0
0
0
0
0
0
0
0
0
0
0
0
0
0
0
0
0
0
0
0
0
0
0
0
0
0
0
0
0
0
0
0
0
0
0
0
0
0
0
0
0
0
0
0
0
0
0
0
0
0
0
0
0
0
0
0
0
0
0
0
0
0
0
0
0
0
0
0
0
0
0
0
0
0
0
0
0
0
0
0
0
0
0
0
0
0
0
0
0
0
0
0
0
0
0
0
0
0
0
0
0
0
0
0
0
0
0
0
0
0
0
0
0
0
0
0
0
0
0
0
0
0
0
0
0
0
0
0
0
0
0
0
0
0
0
0
0
0
0
0
0
0
0
0
0
0
0
0
0
0
0
0
0
0
0
0
0
0
0
0
0
0
0
0
0
0
0
0
0
0
0
0
0
0
0
0
0
0
0
0
0
0
0
0
0
0
0
0
0
0
0
0
0
0
0
0
0
0
0
0
0
0
0
0
0
0
0
0
0
0
0
0
0
0
0
0
0
0
0
0
0
0
0
0
0
0
0
0
0
0
0
0
0
0
0
0
0
0
0
0
0
0
0
0
0
0
0
0
0
0
0
0
0
0
0
0
0
0
0
0
0
0
0
0
0
0
0
0
0
0
0
0
0
0
0
0
0
0
0
0
0
0
0
0
0
0
0
0
0
0
0
0
0
0
0
0
0
0
0
0
0
0
0
0
0
0
0
0
0
0
0
0
0
0
0
0
0
0
0
0
0
0
0
0
0
0
0
0
0
0
0
0
0
0
0
0
0
0
0
0
0
0
0
0
0
0
0
0
0
0
0
0
0
0
0
0
0
0
0
0
0
0
0
0
0
0
0
0
0
0
0
0
0
0
0
0
0
0
0
0
0
0
0
0
0
0
0
0
0
0
0
0
0
0
0
0
0
0
0
0
0
0
0
0
0
0
0
0
0
0
0
0
0
0
0
0
0
0
0
0
0
0
0
0
0
0
0
0
0
0
0
0
0
0
0
0
0
0
0
0
0
0
0
0
0
0
0
0
0
0
0
0
0
0
0
0
0
0
0
0
0
0
0
0
0
0
0
0
0
0
0
0
0
0
0
0
0
0
0
0
0
0
0
0
0
0
0
0
0
0
0
0
0
0
0
0
0
0
0
0
0
0
0
0
0
0
0
0
0
0
0
0
0
0
0
0
0
0
0
0
0
0
0
0
0
0
0
0
0
0
0
0
0
0
0
0
0
0
0
0
0
0
0
0
0
0
0
0
0
0
0
0
0
0
0
0
0
0
0
0
0
0
0
0
0
0
0
0
0
0
0
0
0
0
0
0
0
0
0
0
0
0
0
0
0
0
0
0
0
0
0
0
0
0
0
0
0
0
0
0
0
0
0
0
0
0
0
0
0
0
0
0
0
0
0
0
0
0
0
0
0
0
0
0
0
0
0
0
0
0
0
0
0
0
0
0
0
0
0
0
0
0
0
0
0
0
0
0
0
0
0
0
0
0
0
0
0
0
0
0
0
0
0
0
0
0
0
0
0
0
0
0
0
0
0
0
0
0
0
0
0
0
0
0
0
0
0
0
0
0
0
0
0
0
0
0
0
0
0
0
0
0
0
0
0
0
0
0
0
0
0
0
0
0
0
0
0
0
0
0
0
0
0
0
0
0
0
0
0
0
0
0
0
0
0
0
0
0
0
0
0
0
0
0
0
0
0
0
0
0
0
0
0
0
0
0
0
0
0
0
0
0
0
0
0
0
0
0
0
0
0
0
0
0
0
0
0
0
0
0
0
0
0
0
0
0
0
0
0
0
0
0
0
0
0
0
0
0
0
0
0
0
0
0
0
0
0
0
0
0
0
0
0
0
0
0
0
0
0
0
0
0
0
0
0
0
0
0
0
0
0
0
0
0
0
0
0
0
0
0
0
0
0
0
0
0
0
0
0
0
0
0
0
0
0
0
0
0
0
0
0
0
0
0
0
0
0
0
0
0
0
0
0
0
0
0
0
0
0
0
0
0
0
0
0
0
0
0
0
0
0
0
0
0
0
0
0
0
0
0
0
0
0
0
0
0
0
0
0
0
0
0
0
0
0
0
0
0
0
0
0
0
0
0
0
0
0
0
0
0
0
0
0
0
0
0
0
0
0
0
0
0
0
0
0
0
0
0
0
0
0
0
0
0
0
0
0
0
0
0
0
0
0
0
0
0
0
0
0
0
0
0
0
0
0
0
0
0
0
0
0
0
0
0
0
0
0
0
0
0
0
0
0
0
0
0
0
0
0
0
0
0
0
0
0
0
0
0
0
0
0
0
0
0
0
0
0
0
0
0
0
0
0
0
0
0
0
0
0
0
0
0
0
0
0
0
0
0
0
0
0
0
0
0
0
0
0
0
0
0
0
0
0
0
0
0
0
0
0
0
0
0
0
0
0
0
0
0
0
0
0
0
0
0
0
0
0
0
0
0
0
0
0
0
0
0
0
0
0
0
0
0
0
0
0
0
0
0
0
0
0
0
0
0
0
0
0
0
0
0
0
0
0
0
0
0
0
0
0
0
0
0
0
0
0
0
0
0
0
0
0
0
0
0
0
0
0
0
0
0
0
0
0
0
0
0
0
0
0
0
0
0
0
0
0
0
0
0
0
0
0
0
0
0
0
0
0
0
0
0
0
0
0
0
0
0
0
0
0
0
0
0
0
0
0
0
0
0
0
0
0
0
0
0
0
0
0
0
0
0
0
0
0
0
0
0
0
0
0
0
0
0
0
0
0
0
0
0
0
0
0
0
0
0
0
0
0
0
0
0
0
0
0
0
0
0
0
0
0
0
0
0
0
0
0
0
0
0
0
0
0
0
0
0
0
0
0
0
0
0
0
0
0
0
0
0
0
0
0
0
0
0
0
0
0
0
0
0
0
0
0
0
0
0
0
0
0
0
0
0
0
0
0
0
0
0
0
0
0
0
0
0
0
0
0
0
0
0
0
0
0
0
0
0
0
0
0
0
0
0
0
0
0
0
0
0
0
0
0
0
0
0
0
0
0
0
0
0
0
0
0
0
0
0
0
0
0
0
0
0
0
0
0
0
0
0
0
0
0
0
0
0
0
0
0
0
0
0
0
0
0
0
0
0
0
0
0
0
0
0
0
0
0
0
0
0
0
0
0
0
0
0
0
0
0
0
0
0
0
0
0
0
0
0
0
0
0
0
0
0
0
0
0
0
0
0
0
0
0
0
0
0
0
0
0
0
0
0
0
0
0
0
0
0
0
0
0
0
0
0
0
0
0
0
0
0
0
0
0
0
0
0
0
0
0
0
0
0
0
0
0
0
0
0
0
0
0
0
0
0
0
0
0
0
0
0
0
0
0
0
0
0
0
0
0
0
0
0
0
0
0
0
0
0
0
0
0
0
0
0
0
0
0
0
0
0
0
0
0
0
0
0
0
0
0
0
0
0
0
0
0
0
0
0
0
0
0
0
0
0
0
0
0
0
0
0
0
0
0
0
0
0
0
0
0
0
0
0
0
0
0
0
0
0
0
0
0
0
0
0
0
0
0
0
0
0
0
0
0
0
0
0
0
0
0
0
0
0
0
0
0
0
0
0
0
0
0
0
0
0
0
0
0
0
0
0
0
0
0
0
0
0
0
0
0
0
0
0
0
0
0
0
0
0
0
0
0
0
0
0
0
0
0
0
0
0
0
0
0
0
0
0
0
0
0
0
0
0
0
0
0
0
0
0
0
0
0
0
0
0
0
0
0
0
0
0
0
0
0
0
0
0
0
0
0
0
0
0
0
0
0
0
0
0
0
0
0
0
0
0
0
0
0
0
0
0
0
0
0
0
0
0
0
0
0
0
0
0
0
0
0
0
0
0
0
0
0
0
0
0
0
0
0
0
0
0
0
0
0
0
0
0
0
0
0
0
0
0
0
0
0
0
0
0
0
0
0
0
0
0
0
0
0
0
0
0
0
0
0
0
0
0
0
0
0
0
0
0
0
0
0
0
0
0
0
0
0
0
0
0
0
0
0
0
0
0
0
0
0
0
0
0
0
0
0
0
0
0
0
0
0
0
0
0
0
0
0
0
0
0
0
0
0
0
0
0
0
0
0
0
0
0
0
0
0
0
0
0
0
0
0
0
0
0
0
0
0
0
0
0
0
0
0
0
0
0
0
0
0
0
0
0
0
0
0
0
0
0
0
0
0
0
0
0
0
0
0
0
0
0
0
0
0
0
0
0
0
0
0
0
0
0
0
0
0
0
0
0
0
0
0
0
0
0
0
0
0
0
0
0
0
0
0
0
0
0
0
0
0
0
0
0
0
0
0
0
0
0
0
0
0
0
0
0
0
0
0
0
0
0
0
0
0
0
0
0
0
0
0
0
0
0
0
0
0
0
0
0
0
0
0
0
0
0
0
0
0
0
0
0
0
0
0
0
0
0
0
0
0
0
0
0
0
0
0
0
0
0
0
0
0
0
0
0
0
0
0
0
0
0
0
0
0
0
0
0
0
0
0
0
0
0
0
0
0
0
0
0
0
0
0
0
0
0
0
0
0
0
0
0
0
0
0
0
0
0
0
0
0
0
0
0
0
0
0
0
0
0
0
0
0
0
0
0
0
0
0
0
0
0
0
0
0
0
0
0
0
0
0
0
0
0
0
0
0
0
0
0
0
0
0
0
0
0
0
0
0
0
0
0
0
0
0
0
0
0
0
0
0
0
0
0
0
0
0
0
0
0
0
0
0
0
0
0
0
0
0
0
0
0
0
0
0
0
0
0
0
0
0
0
0
0
0
0
0
0
0
0
0
0
0
0
0
0
0
0
0
0
0
0
0
0
0
0
0
0
0
0
0
0
0
0
0
0
0
0
0
0
0
0
0
0
0
0
0
0
0
0
0
0
0
0
0
0
0
0
0
0
0
0
0
0
0
0
0
0
0
0
0
0
0
0
0
0
0
0
0
0
0
0
0
0
0
0
0
0
0
0
0
0
0
0
0
0
0
0
0
0
0
0
0
0
0
0
0
0
0
0
0
0
0
0
0
0
0
0
0
0
0
0
0
0
0
0
0
0
0
0
0
0
0
0
0
0
0
0
0
0
0
0
0
0
0
0
0
0
0
0
0
0
0
0
0
0
0
0
0
0
0
0
0
0
0
0
0
0
0
0
0
0
0
0
0
0
0
0
0
0
0
0
0
0
0
0
0
0
0
0
0
0
0
0
0
0
0
0
0
0
0
0
0
0
0
0
0
0
0
0
0
0
0
0
0
0
0
0
0
0
0
0
0
0
0
0
0
0
0
0
0
0
0
0
0
0
0
0
0
0
0
0
0
0
0
0
0
0
0
0
0
0
0
0
0
0
0
0
0
0
0
0
0
0
0
0
0
0
0
0
0
0
0
0
0
0
0
0
0
0
0
0
0
0
0
0
0
0
0
0
0
0
0
0
0
0
0
0
0
0
0
0
0
0
0
0
0
0
0
0
0
0
0
0
0
0
0
0
0
0
0
0
0
0
0
0
0
0
0
0
0
0
0
0
0
0
0
0
0
0
0
0
0
0
0
0
0
0
0
0
0
0
0
0
0
0
0
0
0
0
0
0
0
0
0
0
0
0
0
0
0
0
0
0
0
0
0
0
0
0
0
0
0
0
0
0
0
0
0
0
0
0
0
0
0
0
0
0
0
0
0
0
0
0
0
0
0
0
0
0
0
0
0
0
0
0
0
0
0
0
0
0
0
0
0
0
0
0
0
0
0
0
0
0
0
0
0
0
0
0
0
0
0
0
0
0
0
0
0
0
0
0
0
0
0
0
0
0
0
0
0
0
0
0
0
0
0
0
0
0
0
0
0
0
0
0
0
0
0
0
0
0
0
0
0
0
0
0
0
0
0
0
0
0
0
0
0
0
0
0
0
0
0
0
0
0
0
0
0
0
0
0
0
0
0
0
0
0
0
0
0
0
0
0
0
0
0
0
0
0
0
0
0
0
0
0
0
0
0
0
0
0
0
0
0
0
0
0
0
0
0
0
0
0
0
0
0
0
0
0
0
0
0
0
0
0
0
0
0
0
0
0
0
0
0
0
0
0
0
0
0
0
0
0
0
0
0
0
0
0
0
0
0
0
0
0
0
0
0
0
0
0
0
0
0
0
0
0
0
0
0
0
0
0
0
0
0
0
0
0
0
0
0
0
0
0
0
0
0
0
0
0
0
0
0
0
0
0
0
0
0
0
0
0
0
0
0
0
0
0
0
0
0
0
0
0
0
0
0
0
0
0
0
0
0
0
0
0
0
0
0
0
0
0
0
0
0
0
0
0
0
0
0
0
0
0
0
0
0
0
0
0
0
0
0
0
0
0
0
0
0
0
0
0
0
0
0
0
0
0
0
0
0
0
0
0
0
0
0
0
0
0
0
0
0
0
0
0
0
0
0
0
0
0
0
0
0
0
0
0
0
0
0
0
0
0
0
0
0
0
0
0
0
0
0
0
0
0
0
0
0
0
0
0
0
0
0
0
0
0
0
0
0
0
0
0
0
0
0
0
0
0
0
0
0
0
0
0
0
0
0
0
0
0
0
0
0
0
0
0
0
0
0
0
0
0
0
0
0
0
0
0
0
0
0
0
0
0
0
0
0
0
0
0
0
0
0
0
0
0
0
0
0
0
0
0
0
0
0
0
0
0
0
0
0
0
0
0
0
0
0
0
0
0
0
0
0
0
0
0
0
0
0
0
0
0
0
0
0
0
0
0
0
0
0
0
0
0
0
0
0
0
0
0
0
0
0
0
0
0
0
0
0
0
0
0
0
0
0
0
0
0
0
0
0
0
0
0
0
0
0
0
0
0
0
0
0
0
0
0
0
0
0
0
0
0
0
0
0
0
0
0
0
0
0
0
0
0
0
0
0
0
0
0
0
0
0
0
0
0
0
0
0
0
0
0
0
0
0
0
0
0
0
0
0
0
0
0
0
0
0
0
0
0
0
0
0
0
0
0
0
0
0
0
0
0
0
0
0
0
0
0
0
0
0
0
0
0
0
0
0
0
0
0
0
0
0
0
0
0
0
0
0
0
0
0
0
0
0
0
0
0
0
0
0
0
0
0
0
0
0
0
0
0
0
0
0
0
0
0
0
0
0
0
0
0
0
0
0
0
0
0
0
0
0
0
0
0
0
0
0
0
0
0
0
0
0
0
0
0
0
0
0
0
0
0
0
0
0
0
0
0
0
0
0
0
0
0
0
0
0
0
0
0
0
0
0
0
0
0
0
0
0
0
0
0
0
0
0
0
0
0
0
0
0
0
0
0
0
0
0
0
0
0
0
0
0
0
0
0
0
0
0
0
0
0
0
0
0
0
0
0
0
0
0
0
0
0
0
0
0
0
0
0
0
0
0
0
0
0
0
0
0
0
0
0
0
0
0
0
0
0
0
0
0
0
0
0
0
0
0
0
0
0
0
0
0
0
0
0
0
0
0
0
0
0
0
0
0
0
0
0
0
0
0
0
0
0
0
0
0
0
0
0
0
0
0
0
0
0
0
0
0
0
0
0
0
0
0
0
0
0
0
0
0
0
0
0
0
0
0
0
0
0
0
0
0
0
0
0
0
0
0
0
0
0
0
0
0
0
0
0
0
0
0
0
0
0
0
0
0
0
0
0
0
0
0
0
0
0
0
0
0
0
0
0
0
0
0
0
0
0
0
0
0
0
0
0
0
0
0
0
0
0
0
0
0
0
0
0
0
0
0
0
0
0
0
0
0
0
0
0
0
0
0
0
0
0
0
0
0
0
0
0
0
0
0
0
0
0
0
0
0
0
0
0
0
0
0
0
0
0
0
0
0
0
0
0
0
0
0
0
0
0
0
0
0
0
0
0
0
0
0
0
0
0
0
0
0
0
0
0
0
0
0
0
0
0
0
0
0
0
0
0
0
0
0
0
0
0
0
0
0
0
0
0
0
0
0
0
0
0
0
0
0
0
0
0
0
0
0
0
0
0
0
0
0
0
0
0
0
0
0
0
0
0
0
0
0
0
0
0
0
0
0
0
0
0
0
0
0
0
0
0
0
0
0
0
0
0
0
0
0
0
0
0
0
0
0
0
0
0
0
0
0
0
0
0
0
0
0
0
0
0
0
0
0
0
0
0
0
0
0
0
0
0
0
0
0
0
0
0
0
0
0
0
0
0
0
0
0
0
0
0
0
0
0
0
0
0
0
0
0
0
0
0
0
0
0
0
0
0
0
0
0
0
0
0
0
0
0
0
0
0
0
0
0
0
0
0
0
0
0
0
0
0
0
0
0
0
0
0
0
0
0
0
0
0
0
0
0
0
0
0
0
0
0
0
0
0
0
0
0
0
0
0
0
0
0
0
0
0
0
0
0
0
0
0
0
0
0
0
0
0
0
0
0
0
0
0
0
0
0
0
0
0
0
0
0
0
0
0
0
0
0
0
0
0
0
0
0
0
0
0
0
0
0
0
0
0
0
0
0
0
0
0
0
0
0
0
0
0
0
0
0
0
0
0
0
0
0
0
0
0
0
0
0
0
0
0
0
0
0
0
0
0
0
0
0
0
0
0
0
0
0
0
0
0
0
0
0
0
0
0
0
0
0
0
0
0
0
0
0
0
0
0
0
0
0
0
0
0
0
0
0
0
0
0
0
0
0
0
0
0
0
0
0
0
0
0
0
0
0
0
0
0
0
0
0
0
0
0
0
0
0
0
0
0
0
0
0
0
0
0
0
0
0
0
0
0
0
0
0
0
0
0
0
0
0
0
0
0
0
0
0
0
0
0
0
0
0
0
0
0
0
0
0
0
0
0
0
0
0
0
0
0
0
0
0
0
0
0
0
0
0
0
0
0
0
0
0
0
0
0
0
0
0
0
0
0
0
0
0
0
0
0
0
0
0
0
0
0
0
0
0
0
0
0
0
0
0
0
0
0
0
0
0
0
0
0
0
0
0
0
0
0
0
0
0
0
0
0
0
0
0
0
0
0
0
0
0
0
0
0
0
0
0
0
0
0
0
0
0
0
0
0
0
0
0
0
0
0
0
0
0
0
0
0
0
0
0
0
0
0
0
0
0
0
0
0
0
0
0
0
0
0
0
0
0
0
0
0
0
0
0
0
0
0
0
0
0
0
0
0
0
0
0
0
0
0
0
0
0
0
0
0
0
0
0
0
0
0
0
0
0
0
0
0
0
0
0
0
0
0
0
0
0
0
0
0
0
0
0
0
0
0
0
0
0
0
0
0
0
0
0
0
0
0
0
0
0
0
0
0
0
0
0
0
0
0
0
0
0
0
0
0
0
0
0
0
0
0
0
0
0
0
0
0
0
0
0
0
0
0
0
0
0
0
0
0
0
0
0
0
0
0
0
0
0
0
0
0
0
0
0
0
0
0
0
0
0
0
0
0
0
0
0
0
0
0
0
0
0
0
0
0
0
0
0
0
0
0
0
0
0
0
0
0
0
0
0
0
0
0
0
0
0
0
0
0
0
0
0
0
0
0
0
0
0
0
0
0
0
0
0
0
0
0
0
0
0
0
0
0
0
0
0
0
0
0
0
0
0
0
0
0
0
0
0
0
0
0
0
0
0
0
0
0
0
0
0
0
0
0
0
0
0
0
0
0
0
0
0
0
0
0
0
0
0
0
0
0
0
0
0
0
0
0
0
0
0
0
0
0
0
0
0
0
0
0
0
0
0
0
0
0
0
0
0
0
0
0
0
0
0
0
0
0
0
0
0
0
0
0
0
0
0
0
0
0
0
0
0
0
0
0
0
0
0
0
0
0
0
0
0
0
0
0
0
0
0
0
0
0
0
0
0
0
0
0
0
0
0
0
0
0
0
0
0
0
0
0
0
0
0
0
0
0
0
0
0
0
0
0
0
0
0
0
0
0
0
0
0
0
0
0
0
0
0
0
0
0
0
0
0
0
0
0
0
0
0
0
0
0
0
0
0
0
0
0
0
0
0
0
0
0
0
0
0
0
0
0
0
0
0
0
0
0
0
0
0
0
0
0
0
0
0
0
0
0
0
0
0
0
0
0
0
0
0
0
0
0
0
0
0
0
0
0
0
0
0
0
0
0
0
0
0
0
0
0
0
0
0
0
0
0
0
0
0
0
0
0
0
0
0
0
0
0
0
0
0
0
0
0
0
0
0
0
0
0
0
0
0
0
0
0
0
0
0
0
0
0
0
0
0
0
0
0
0
0
0
0
0
0
0
0
0
0
0
0
0
0
0
0
0
0
0
0
0
0
0
0
0
0
0
0
0
0
0
0
0
0
0
0
0
0
0
0
0
0
0
0
0
0
0
0
0
0
0
0
0
0
0
0
0
0
0
0
0
0
0
0
0
0
0
0
0
0
0
0
0
0
0
0
0
0
0
0
0
0
0
0
0
0
0
0
0
0
0
0
0
0
0
0
0
0
0
0
0
0
0
0
0
0
0
0
0
0
0
0
0
0
0
0
0
0
0
0
0
0
0
0
0
0
0
0
0
0
0
0
0
0
0
0
0
0
0
0
0
0
0
0
0
0
0
0
0
0
0
0
0
0
0
0
0
0
0
0
0
0
0
0
0
0
0
0
0
0
0
0
0
0
0
0
0
0
0
0
0
0
0
0
0
0
0
0
0
0
0
0
0
0
0
0
0
0
0
0
0
0
0
0
0
0
0
0
0
0
0
0
0
0
0
0
0
0
0
0
0
0
0
0
0
0
0
0
0
0
0
0
0
0
0
0
0
0
0
0
0
0
0
0
0
0
0
0
0
0
0
0
0
0
0
0
0
0
0
0
0
0
0
0
0
0
0
0
0
0
0
0
0
0
0
0
0
0
0
0
0
0
0
0
0
0
0
0
0
0
0
0
0
0
0
0
0
0
0
0
0
0
0
0
0
0
0
0
0
0
0
0
0
0
0
0
0
0
0
0
0
0
0
0
0
0
0
0
0
0
0
0
0
0
0
0
0
0
0
0
0
0
0
0
0
0
0
0
0
0
0
0
0
0
0
0
0
0
0
0
0
0
0
0
0
0
0
0
0
0
0
0
0
0
0
0
0
0
0
0
0
0
0
0
0
0
0
0
0
0
0
0
0
0
0
0
0
0
0
0
0
0
0
0
0
0
0
0
0
0
0
0
0
0
0
0
0
0
0
0
0
0
0
0
0
0
0
0
0
0
0
0
0
0
0
0
0
0
0
0
0
0
0
0
0
0
0
0
0
0
0
0
0
0
0
0
0
0
0
0
0
0
0
0
0
0
0
0
0
0
0
0
0
0
0
0
0
0
0
0
0
0
0
0
0
0
0
0
0
0
0
0
0
0
0
0
0
0
0
0
0
0
0
0
0
0
0
0
0
0
0
0
0
0
0
0
0
0
0
0
0
0
0
0
0
0
0
0
0
0
0
0
0
0
0
0
0
0
0
0
0
0
0
0
0
0
0
0
0
0
0
0
0
0
0
0
0
0
0
0
0
0
0
0
0
0
0
0
0
0
0
0
0
0
0
0
0
0
0
0
0
0
0
0
0
0
0
0
0
0
0
0
0
0
0
0
0
0
0
0
0
0
0
0
0
0
0
0
0
0
0
0
0
0
0
0
0
0
0
0
0
0
0
0
0
0
0
0
0
0
0
0
0
0
0
0
0
0
0
0
0
0
0
0
0
0
0
0
0
0
0
0
0
0
0
0
0
0
0
0
0
0
0
0
0
0
0
0
0
0
0
0
0
0
0
0
0
0
0
0
0
0
0
0
0
0
0
0
0
0
0
0
0
0
0
0
0
0
0
0
0
0
0
0
0
0
0
0
0
0
0
0
0
0
0
0
0
0
0
0
0
0
0
0
0
0
0
0
0
0
0
0
0
0
0
0
0
0
0
0
0
0
0
0
0
0
0
0
0
0
0
0
0
0
0
0
0
0
0
0
0
0
0
0
0
0
0
0
0
0
0
0
0
0
0
0
0
0
0
0
0
0
0
0
0
0
0
0
0
0
0
0
0
0
0
0
0
0
0
0
0
0
0
0
0
0
0
0
0
0
0
0
0
0
0
0
0
0
0
0
0
0
0
0
0
0
0
0
0
0
0
0
0
0
0
0
0
0
0
0
0
0
0
0
0
0
0
0
0
0
0
0
0
0
0
0
0
0
0
0
0
0
0
0
0
0
0
0
0
0
0
0
0
0
0
0
0
0
0
0
0
0
0
0
0
0
0
0
0
0
0
0
0
0
0
0
0
0
0
0
0
0
0
0
0
0
0
0
0
0
0
0
0
0
0
0
0
0
0
0
0
0
0
0
0
0
0
0
0
0
0
0
0
0
0
0
0
0
0
0
0
0
0
0
0
0
0
0
0
0
0
0
0
0
0
0
0
0
0
0
0
0
0
0
0
0
0
0
0
0
0
0
0
0
0
0
0
0
0
0
0
0
0
0
0
0
0
0
0
0
0
0
0
0
0
0
0
0
0
0
0
0
0
0
0
0
0
0
0
0
0
0
0
0
0
0
0
0
0
0
0
0
0
0
0
0
0
0
0
0
0
0
0
0
0
0
0
0
0
0
0
0
0
0
0
0
0
0
0
0
0
0
0
0
0
0
0
0
0
0
0
0
0
0
0
0
0
0
0
0
0
0
0
0
0
0
0
0
0
0
0
0
0
0
0
0
0
0
0
0
0
0
0
0
0
0
0
0
0
0
0
0
0
0
0
0
0
0
0
0
0
0
0
0
0
0
0
0
0
0
0
0
0
0
0
0
0
0
0
0
0
0
0
0
0
0
0
0
0
0
0
0
0
0
0
0
0
0
0
0
0
0
0
0
0
0
0
0
0
0
0
0
0
0
0
0
0
0
0
0
0
0
0
0
0
0
0
0
0
0
0
0
0
0
0
0
0
0
0
0
0
0
0
0
0
0
0
0
0
0
0
0
0
0
0
0
0
0
0
0
0
0
0
0
0
0
0
0
0
0
0
0
0
0
0
0
0
0
0
0
0
0
0
0
0
0
0
0
0
0
0
0
0
0
0
0
0
0
0
0
0
0
0
0
0
0
0
0
0
0
0
0
0
0
0
0
0
0
0
0
0
0
0
0
0
0
0
0
0
0
0
0
0
0
0
0
0
0
0
0
0
0
0
0
0
0
0
0
0
0
0
0
0
0
0
0
0
0
0
0
0
0
0
0
0
0
0
0
0
0
0
0
0
0
0
0
0
0
0
0
0
0
0
0
0
0
0
0
0
0
0
0
0
0
0
0
0
0
0
0
0
0
0
0
0
0
0
0
0
0
0
0
0
0
0
0
0
0
0
0
0
0
0
0
0
0
0
0
0
0
0
0
0
0
0
0
0
0
0
0
0
0
0
0
0
0
0
0
0
0
0
0
0
0
0
0
0
0
0
0
0
0
0
0
0
0
0
0
0
0
0
0
0
0
0
0
0
0
0
0
0
0
0
0
0
0
0
0
0
0
0
0
0
0
0
0
0
0
0
0
0
0
0
0
0
0
0
0
0
0
0
0
0
0
0
0
0
0
0
0
0
0
0
0
0
0
0
0
0
0
0
0
0
0
0
0
0
0
0
0
0
0
0
0
0
0
0
0
0
0
0
0
0
0
0
0
0
0
0
0
0
0
0
0
0
0
0
0
0
0
0
0
0
0
0
0
0
0
0
0
0
0
0
0
0
0
0
0
0
0
0
0
0
0
0
0
0
0
0
0
0
0
0
0
0
0
0
0
0
0
0
0
0
0
0
0
0
0
0
0
0
0
0
0
0
0
0
0
0
0
0
0
0
0
0
0
0
0
0
0
0
0
0
0
0
0
0
0
0
0
0
0
0
0
0
0
0
0
0
0
0
0
0
0
0
0
0
0
0
0
0
0
0
0
0
0
0
0
0
0
0
0
0
0
0
0
0
0
0
0
0
0
0
0
0
0
0
0
0
0
0
0
0
0
0
0
0
0
0
0
0
0
0
0
0
0
0
0
0
0
0
0
0
0
0
0
0
0
0
0
0
0
0
0
0
0
0
0
0
0
0
0
0
0
0
0
0
0
0
0
0
0
0
0
0
0
0
0
0
0
0
0
0
0
0
0
0
0
0
0
0
0
0
0
0
0
0
0
0
0
0
0
0
0
0
0
0
0
0
0
0
0
0
0
0
0
0
0
0
0
0
0
0
0
0
0
0
0
0
0
0
0
0
0
0
0
0
0
0
0
0
0
0
0
0
0
0
0
0
0
0
0
0
0
0
0
0
0
0
0
0
0
0
0
0
0
0
0
0
0
0
0
0
0
0
0
0
0
0
0
0
0
0
0
0
0
0
0
0
0
0
0
0
0
0
0
0
0
0
0
0
0
0
0
0
0
0
0
0
0
0
0
0
0
0
0
0
0
0
0
0
0
0
0
0
0
0
0
0
0
0
0
0
0
0
0
0
0
0
0
0
0
0
0
0
0
0
0
0
0
0
0
0
0
0
0
0
0
0
0
0
0
0
0
0
0
0
0
0
0
0
0
0
0
0
0
0
0
0
0
0
0
0
0
0
0
0
0
0
0
0
0
0
0
0
0
0
0
0
0
0
0
0
0
0
0
0
0
0
0
0
0
0
0
0
0
0
0
0
0
0
0
0
0
0
0
0
0
0
0
0
0
0
0
0
0
0
0
0
0
0
0
0
0
0
0
0
0
0
0
0
0
0
0
0
0
0
0
0
0
0
0
0
0
0
0
0
0
0
0
0
0
0
0
0
0
0
0
0
0
0
0
0
0
0
0
0
0
0
0
0
0
0
0
0
0
0
0
0
0
0
0
0
0
0
0
0
0
0
0
0
0
0
0
0
0
0
0
0
0
0
0
0
0
0
0
0
0
0
0
0
0
0
0
0
0
0
0
0
0
0
0
0
0
0
0
0
0
0
0
0
0
0
0
0
0
0
0
0
0
0
0
0
0
0
0
0
0
0
0
0
0
0
0
0
0
0
0
0
0
0
0
0
0
0
0
0
0
0
0
0
0
0
0
0
0
0
0
0
0
0
0
0
0
0
0
0
0
0
0
0
0
0
0
0
0
0
0
0
0
0
0
0
0
0
0
0
0
0
0
0
0
0
0
0
0
0
0
0
0
0
0
0
0
0
0
0
0
0
0
0
0
0
0
0
0
0
0
0
0
0
0
0
0
0
0
0
0
0
0
0
0
0
0
0
0
0
0
0
0
0
0
0
0
0
0
0
0
0
0
0
0
0
0
0
0
0
0
0
0
0
0
0
0
0
0
0
0
0
0
0
0
0
0
0
0
0
0
0
0
0
0
0
0
0
0
0
0
0
0
0
0
0
0
0
0
0
0
0
0
0
0
0
0
0
0
0
0
0
0
0
0
0
0
0
0
0
0
0
0
0
0
0
0
0
0
0
0
0
0
0
0
0
0
0
0
0
0
0
0
0
0
0
0
0
0
0
0
0
0
0
0
0
0
0
0
0
0
0
0
0
0
0
0
0
0
0
0
0
0
0
0
0
0
0
0
0
0
0
0
0
0
0
0
0
0
0
0
0
0
0
0
0
0
0
0
0
0
0
0
0
0
0
0
0
0
0
0
0
0
0
0
0
0
0
0
0
0
0
0
0
0
0
0
0
0
0
0
0
0
0
0
0
0
0
0
0
0
0
0
0
0
0
0
0
0
0
0
0
0
0
0
0
0
0
0
0
0
0
0
0
0
0
0
0
0
0
0
0
0
0
0
0
0
0
0
0
0
0
0
0
0
0
0
0
0
0
0
0
0
0
0
0
0
0
0
0
0
0
0
0
0
0
0
0
0
0
0
0
0
0
0
0
0
0
0
0
0
0
0
0
0
0
0
0
0
0
0
0
0
0
0
0
0
0
0
0
0
0
0
0
0
0
0
0
0
0
0
0
0
0
0
0
0
0
0
0
0
0
0
0
0
0
0
0
0
0
0
0
0
0
0
0
0
0
0
0
0
0
0
0
0
0
0
0
0
0
0
0
0
0
0
0
0
0
0
0
0
0
0
0
0
0
0
0
0
0
0
0
0
0
0
0
0
0
0
0
0
0
0
0
0
0
0
0
0
0
0
0
0
0
0
0
0
0
0
0
0
0
0
0
0
0
0
0
0
0
0
0
0
0
0
0
0
0
0
0
0
0
0
0
0
0
0
0
0
0
0
0
0
0
0
0
0
0
0
0
0
0
0
0
0
0
0
0
0
0
0
0
0
0
0
0
0
0
0
0
0
0
0
0
0
0
0
0
0
0
0
0
0
0
0
0
0
0
0
0
0
0
0
0
0
0
0
0
0
0
0
0
0
0
0
0
0
0
0
0
0
0
0
0
0
0
0
0
0
0
0
0
0
0
0
0
0
0
0
0
0
0
0
0
0
0
0
0
0
0
0
0
0
0
0
0
0
0
0
0
0
0
0
0
0
0
0
0
0
0
0
0
0
0
0
0
0
0
0
0
0
0
0
0
0
0
0
0
0
0
0
0
0
0
0
0
0
0
0
0
0
0
0
0
0
0
0
0
0
0
0
0
0
0
0
0
0
0
0
0
0
0
0
0
0
0
0
0
0
0
0
0
0
0
0
0
0
0
0
0
0
0
0
0
0
0
0
0
0
0
0
0
0
0
0
0
0
0
0
0
0
0
0
0
0
0
0
0
0
0
0
0
0
0
0
0
0
0
0
0
0
0
0
0
0
0
0
0
0
0
0
0
0
0
0
0
0
0
0
0
0
0
0
0
0
0
0
0
0
0
0
0
0
0
0
0
0
0
0
0
0
0
0
0
0
0
0
0
0
0
0
0
0
0
0
0
0
0
0
0
0
0
0
0
0
0
0
0
0
0
0
0
0
0
0
0
0
0
0
0
0
0
0
0
0
0
0
0
0
0
0
0
0
0
0
0
0
0
0
0
0
0
0
0
0
0
0
0
0
0
0
0
0
0
0
0
0
0
0
0
0
0
0
0
0
0
0
0
0
0
0
0
0
0
0
0
0
0
0
0
0
0
0
0
0
0
0
0
0
0
0
0
0
0
0
0
0
0
0
0
0
0
0
0
0
0
0
0
0
0
0
0
0
0
0
0
0
0
0
0
0
0
0
0
0
0
0
0
0
0
0
0
0
0
0
0
0
0
0
0
0
0
0
0
0
0
0
0
0
0
0
0
0
0
0
0
0
0
0
0
0
0
0
0
0
0
0
0
0
0
0
0
0
0
0
0
0
0
0
0
0
0
0
0
0
0
0
0
0
0
0
0
0
0
0
0
0
0
0
0
0
0
0
0
0
0
0
0
0
0
0
0
0
0
0
0
0
0
0
0
0
0
0
0
0
0
0
0
0
0
0
0
0
0
0
0
0
0
0
0
0
0
0
0
0
0
0
0
0
0
0
0
0
0
0
0
0
0
0
0
0
0
0
0
0
0
0
0
0
0
0
0
0
0
0
0
0
0
0
0
0
0
0
0
0
0
0
0
0
0
0
0
0
0
0
0
0
0
0
0
0
0
0
0
0
0
0
0
0
0
0
0
0
0
0
0
0
0
0
0
0
0
0
0
0
0
0
0
0
0
0
0
0
0
0
0
0
0
0
0
0
0
0
0
0
0
0
0
0
0
0
0
0
0
0
0
0
0
0
0
0
0
0
0
0
0
0
0
0
0
0
0
0
0
0
0
0
0
0
0
0
0
0
0
0
0
0
0
0
0
0
0
0
0
0
0
0
0
0
0
0
0
0
0
0
0
0
0
0
0
0
0
0
0
0
0
0
0
0
0
0
0
0
0
0
0
0
0
0
0
0
0
0
0
0
0
0
0
0
0
0
0
0
0
0
0
0
0
0
0
0
0
0
0
0
0
0
0
0
0
0
0
0
0
0
0
0
0
0
0
0
0
0
0
0
0
0
0
0
0
0
0
0
0
0
0
0
0
0
0
0
0
0
0
0
0
0
0
0
0
0
0
0
0
0
0
0
0
0
0
0
0
0
0
0
0
0
0
0
0
0
0
0
0
0
0
0
0
0
0
0
0
0
0
0
0
0
0
0
0
0
0
0
0
0
0
0
0
0
0
0
0
0
0
0
0
0
0
0
0
0
0
0
0
0
0
0
0
0
0
0
0
0
0
0
0
0
0
0
0
0
0
0
0
0
0
0
0
0
0
0
0
0
0
0
0
0
0
0
0
0
0
0
0
0
0
0
0
0
0
0
0
0
0
0
0
0
0
0
0
0
0
0
0
0
0
0
0
0
0
0
0
0
0
0
0
0
0
0
0
0
0
0
0
0
0
0
0
0
0
0
0
0
0
0
0
0
0
0
0
0
0
0
0
0
0
0
0
0
0
0
0
0
0
0
0
0
0
0
0
0
0
0
0
0
0
0
0
0
0
0
0
0
0
0
0
0
0
0
0
0
0
0
0
0
0
0
0
0
0
0
0
0
0
0
0
0
0
0
0
0
0
0
0
0
0
0
0
0
0
0
0
0
0
0
0
0
0
0
0
0
0
0
0
0
0
0
0
0
0
0
0
0
0
0
0
0
0
0
0
0
0
0
0
0
0
0
0
0
0
0
0
0
0
0
0
0
0
0
0
0
0
0
0
0
0
0
0
0
0
0
0
0
0
0
0
0
0
0
0
0
0
0
0
0
0
0
0
0
0
0
0
0
0
0
0
0
0
0
0
0
0
0
0
0
0
0
0
0
0
0
0
0
0
0
0
0
0
0
0
0
0
0
0
0
0
0
0
0
0
0
0
0
0
0
0
0
0
0
0
0
0
0
0
0
0
0
0
0
0
0
0
0
0
0
0
0
0
0
0
0
0
0
0
0
0
0
0
0
0
0
0
0
0
0
0
0
0
0
0
0
0
0
0
0
0
0
0
0
0
0
0
0
0
0
0
0
0
0
0
0
0
0
0
0
0
0
0
0
0
0
0
0
0
0
0
0
0
0
0
0
0
0
0
0
0
0
0
0
0
0
0
0
0
0
0
0
0
0
0
0
0
0
0
0
0
0
0
0
0
0
0
0
0
0
0
0
0
0
0
0
0
0
0
0
0
0
0
0
0
0
0
0
0
0
0
0
0
0
0
0
0
0
0
0
0
0
0
0
0
0
0
0
0
0
0
0
0
0
0
0
0
0
0
0
0
0
0
0
0
0
0
0
0
0
0
0
0
0
0
0
0
0
0
0
0
0
0
0
0
0
0
0
0
0
0
0
0
0
0
0
0
0
0
0
0
0
0
0
0
0
0
0
0
0
0
0
0
0
0
0
0
0
0
0
0
0
0
0
0
0
0
0
0
0
0
0
0
0
0
0
0
0
0
0
0
0
0
0
0
0
0
0
0
0
0
0
0
0
0
0
0
0
0
0
0
0
0
0
0
0
0
0
0
0
0
0
0
0
0
0
0
0
0
0
0
0
0
0
0
0
0
0
0
0
0
0
0
0
0
0
0
0
0
0
0
0
0
0
0
0
0
0
0
0
0
0
0
0
0
0
0
0
0
0
0
0
0
0
0
0
0
0
0
0
0
0
0
0
0
0
0
0
0
0
0
0
0
0
0
0
0
0
0
0
0
0
0
0
0
0
0
0
0
0
0
0
0
0
0
0
0
0
0
0
0
0
0
0
0
0
0
0
0
0
0
0
0
0
0
0
0
0
0
0
0
0
0
0
0
0
0
0
0
0
0
0
0
0
0
0
0
0
0
0
0
0
0
0
0
0
0
0
0
0
0
0
0
0
0
0
0
0
0
0
0
0
0
0
0
0
0
0
0
0
0
0
0
0
0
0
0
0
0
0
0
0
0
0
0
0
0
0
0
0
0
0
0
0
0
0
0
0
0
0
0
0
0
0
0
0
0
0
0
0
0
0
0
0
0
0
0
0
0
0
0
0
0
0
0
0
0
0
0
0
0
0
0
0
0
0
0
0
0
0
0
0
0
0
0
0
0
0
0
0
0
0
0
0
0
0
0
0
0
0
0
0
0
0
0
0
0
0
0
0
0
0
0
0
0
0
0
0
0
0
0
0
0
0
0
0
0
0
0
0
0
0
0
0
0
0
0
0
0
0
0
0
0
0
0
0
0
0
0
0
0
0
0
0
0
0
0
0
0
0
0
0
0
0
0
0
0
0
0
0
0
0
0
0
0
0
0
0
0
0
0
0
0
0
0
0
0
0
0
0
0
0
0
0
0
0
0
0
0
0
0
0
0
0
0
0
0
0
0
0
0
0
0
0
0
0
0
0
0
0
0
0
0
0
0
0
0
0
0
0
0
0
0
0
0
0
0
0
0
0
0
0
0
0
0
0
0
0
0
0
0
0
0
0
0
0
0
0
0
0
0
0
0
0
0
0
0
0
0
0
0
0
0
0
0
0
0
0
0
0
0
0
0
0
0
0
0
0
0
0
0
0
0
0
0
0
0
0
0
0
0
0
0
0
0
0
0
0
0
0
0
0
0
0
0
0
0
0
0
0
0
0
0
0
0
0
0
0
0
0
0
0
0
0
0
0
0
0
0
0
0
0
0
0
0
0
0
0
0
0
0
0
0
0
0
0
0
0
0
0
0
0
0
0
0
0
0
0
0
0
0
0
0
0
0
0
0
0
0
0
0
0
0
0
0
0
0
0
0
0
0
0
0
0
0
0
0
0
0
0
0
0
0
0
0
0
0
0
0
0
0
0
0
0
0
0
0
0
0
0
0
0
0
0
0
0
0
0
0
0
0
0
0
0
0
0
0
0
0
0
0
0
0
0
0
0
0
0
0
0
0
0
0
0
0
0
0
0
0
0
0
0
0
0
0
0
0
0
0
0
0
0
0
0
0
0
0
0
0
0
0
0
0
0
0
0
0
0
0
0
0
0
0
0
0
0
0
0
0
0
0
0
0
0
0
0
0
0
0
0
0
0
0
0
0
0
0
0
0
0
0
0
0
0
0
0
0
0
0
0
0
0
0
0
0
0
0
0
0
0
0
0
0
0
0
0
0
0
0
0
0
0
0
0
0
0
0
0
0
0
0
0
0
0
0
0
0
0
0
0
0
0
0
0
0
0
0
0
0
0
0
0
0
0
0
0
0
0
0
0
0
0
0
0
0
0
0
0
0
0
0
0
0
0
0
0
0
0
0
0
0
0
0
0
0
0
0
0
0
0
0
0
0
0
0
0
0
0
0
0
0
0
0
0
0
0
0
0
0
0
0
0
0
0
0
0
0
0
0
0
0
0
0
0
0
0
0
0
0
0
0
0
0
0
0
0
0
0
0
0
0
0
0
0
0
0
0
0
0
0
0
0
0
0
0
0
0
0
0
0
0
0
0
0
0
0
0
0
0
0
0
0
0
0
0
0
0
0
0
0
0
0
0
0
0
0
0
0
0
0
0
0
0
0
0
0
0
0
0
0
0
0
0
0
0
0
0
0
0
0
0
0
0
0
0
0
0
0
0
0
0
0
0
0
0
0
0
0
0
0
0
0
0
0
0
0
0
0
0
0
0
0
0
0
0
0
0
0
0
0
0
0
0
0
0
0
0
0
0
0
0
0
0
0
0
0
0
0
0
0
0
0
0
0
0
0
0
0
0
0
0
0
0
0
0
0
0
0
0
0
0
0
0
0
0
0
0
0
0
0
0
0
0
0
0
0
0
0
0
0
0
0
0
0
0
0
0
0
0
0
0
0
0
0
0
0
0
0
0
0
0
0
0
0
0
0
0
0
0
0
0
0
0
0
0
0
0
0
0
0
0
0
0
0
0
0
0
0
0
0
0
0
0
0
0
0
0
0
0
0
0
0
0
0
0
0
0
0
0
0
0
0
0
0
0
0
0
0
0
0
0
0
0
0
0
0
0
0
0
0
0
0
0
0
0
0
0
0
0
0
0
0
0
0
0
0
0
0
0
0
0
0
0
0
0
0
0
0
0
0
0
0
0
0
0
0
0
0
0
0
0
0
0
0
0
0
0
0
0
0
0
0
0
0
0
0
0
0
0
0
0
0
0
0
0
0
0
0
0
0
0
0
0
0
0
0
0
0
0
0
0
0
0
0
0
0
0
0
0
0
0
0
0
0
0
0
0
0
0
0
0
0
0
0
0
0
0
0
0
0
0
0
0
0
0
0
0
0
0
0
0
0
0
0
0
0
0
0
0
0
0
0
0
0
0
0
0
0
0
0
0
0
0
0
0
0
0
0
0
0
0
0
0
0
0
0
0
0
0
0
0
0
0
0
0
0
0
0
0
0
0
0
0
0
0
0
0
0
0
0
0
0
0
0
0
0
0
0
0
0
0
0
0
0
0
0
0
0
0
0
0
0
0
0
0
0
0
0
0
0
0
0
0
0
0
0
0
0
0
0
0
0
0
0
0
0
0
0
0
0
0
0
0
0
0
0
0
0
0
0
0
0
0
0
0
0
0
0
0
0
0
0
0
0
0
0
0
0
0
0
0
0
0
0
0
0
0
0
0
0
0
0
0
0
0
0
0
0
0
0
0
0
0
0
0
0
0
0
0
0
0
0
0
0
0
0
0
0
0
0
0
0
0
0
0
0
0
0
0
0
0
0
0
0
0
0
0
0
0
0
0
0
0
0
0
0
0
0
0
0
0
0
0
0
0
0
0
0
0
0
0
0
0
0
0
0
0
0
0
0
0
0
0
0
0
0
0
0
0
0
0
0
0
0
0
0
0
0
0
0
0
0
0
0
0
0
0
0
0
0
0
0
0
0
0
0
0
0
0
0
0
0
0
0
0
0
0
0
0
0
0
0
0
0
0
0
0
0
0
0
0
0
0
0
0
0
0
0
0
0
0
0
0
0
0
0
0
0
0
0
0
0
0
0
0
0
0
0
0
0
0
0
0
0
0
0
0
0
0
0
0
0
0
0
0
0
0
0
0
0
0
0
0
0
0
0
0
0
0
0
0
0
0
0
0
0
0
0
0
0
0
0
0
0
0
0
0
0
0
0
0
0
0
0
0
0
0
0
0
0
0
0
0
0
0
0
0
0
0
0
0
0
0
0
0
0
0
0
0
0
0
0
0
0
0
0
0
0
0
0
0
0
0
0
0
0
0
0
0
0
0
0
0
0
0
0
0
0
0
0
0
0
0
0
0
0
0
0
0
0
0
0
0
0
0
0
0
0
0
0
0
0
0
0
0
0
0
0
0
0
0
0
0
0
0
0
0
0
0
0
0
0
0
0
0
0
0
0
0
0
0
0
0
0
0
0
0
0
0
0
0
0
0
0
0
0
0
0
0
0
0
0
0
0
0
0
0
0
0
0
0
0
0
0
0
0
0
0
0
0
0
0
0
0
0
0
0
0
0
0
0
0
0
0
0
0
0
0
0
0
0
0
0
0
0
0
0
0
0
0
0
0
0
0
0
0
0
0
0
0
0
0
0
0
0
0
0
0
0
0
0
0
0
0
0
0
0
0
0
0
0
0
0
0
0
0
0
0
0
0
0
0
0
0
0
0
0
0
0
0
0
0
0
0
0
0
0
0
0
0
0
0
0
0
0
0
0
0
0
0
0
0
0
0
0
0
0
0
0
0
0
0
0
0
0
0
0
0
0
0
0
0
0
0
0
0
0
0
0
0
0
0
0
0
0
0
0
0
0
0
0
0
0
0
0
0
0
0
0
0
0
0
0
0
0
0
0
0
0
0
0
0
0
0
0
0
0
0
0
0
0
0
0
0
0
0
0
0
0
0
0
0
0
0
0
0
0
0
0
0
0
0
0
0
0
0
0
0
0
0
0
0
0
0
0
0
0
0
0
0
0
0
0
0
0
0
0
0
0
0
0
0
0
0
0
0
0
0
0
0
0
0
0
0
0
0
0
0
0
0
0
0
0
0
0
0
0
0
0
0
0
0
0
0
0
0
0
0
0
0
0
0
0
0
0
0
0
0
0
0
0
0
0
0
0
0
0
0
0
0
0
0
0
0
0
0
0
0
0
0
0
0
0
0
0
0
0
0
0
0
0
0
0
0
0
0
0
0
0
0
0
0
0
0
0
0
0
0
0
0
0
0
0
0
0
0
0
0
0
0
0
0
0
0
0
0
0
0
0
0
0
0
0
0
0
0
0
0
0
0
0
0
0
0
0
0
0
0
0
0
0
0
0
0
0
0
0
0
0
0
0
0
0
0
0
0
0
0
0
0
0
0
0
0
0
0
0
0
0
0
0
0
0
0
0
0
0
0
0
0
0
0
0
0
0
0
0
0
0
0
0
0
0
0
0
0
0
0
0
0
0
0
0
0
0
0
0
0
0
0
0
0
0
0
0
0
0
0
0
0
0
0
0
0
0
0
0
0
0
0
0
0
0
0
0
0
0
0
0
0
0
0
0
0
0
0
0
0
0
0
0
0
0
0
0
0
0
0
0
0
0
0
0
0
0
0
0
0
0
0
0
0
0
0
0
0
0
0
0
0
0
0
0
0
0
0
0
0
0
0
0
0
0
0
0
0
0
0
0
0
0
0
0
0
0
0
0
0
0
0
0
0
0
0
0
0
0
0
0
0
0
0
0
0
0
0
0
0
0
0
0
0
0
0
0
0
0
0
0
0
0
0
0
0
0
0
0
0
0
0
0
0
0
0
0
0
0
0
0
0
0
0
0
0
0
0
0
0
0
0
0
0
0
0
0
0
0
0
0
0
0
0
0
0
0
0
0
0
0
0
0
0
0
0
0
0
0
0
0
0
0
0
0
0
0
0
0
0
0
0
0
0
0
0
0
0
0
0
0
0
0
0
0
0
0
0
0
0
0
0
0
0
0
0
0
0
0
0
0
0
0
0
0
0
0
0
0
0
0
0
0
0
0
0
0
0
0
0
0
0
0
0
0
0
0
0
0
0
0
0
0
0
0
0
0
0
0
0
0
0
0
0
0
0
0
0
0
0
0
0
0
0
0
0
0
0
0
0
0
0
0
0
0
0
0
0
0
0
0
0
0
0
0
0
0
0
0
0
0
0
0
0
0
0
0
0
0
0
0
0
0
0
0
0
0
0
0
0
0
0
0
0
0
0
0
0
0
0
0
0
0
0
0
0
0
0
0
0
0
0
0
0
0
0
0
0
0
0
0
0
0
0
0
0
0
0
0
0
0
0
0
0
0
0
0
0
0
0
0
0
0
0
0
0
0
0
0
0
0
0
0
0
0
0
0
0
0
0
0
0
0
0
0
0
0
0
0
0
0
0
0
0
0
0
0
0
0
0
0
0
0
0
0
0
0
0
0
0
0
0
0
0
0
0
0
0
0
0
0
0
0
0
0
0
0
0
0
0
0
0
0
0
0
0
0
0
0
0
0
0
0
0
0
0
0
0
0
0
0
0
0
0
0
0
0
0
0
0
0
0
0
0
0
0
0
0
0
0
0
0
0
0
0
0
0
0
0
0
0
0
0
0
0
0
0
0
0
0
0
0
0
0
0
0
0
0
0
0
0
0
0
0
0
0
0
0
0
0
0
0
0
0
0
0
0
0
0
0
0
0
0
0
0
0
0
0
0
0
0
0
0
0
0
0
0
0
0
0
0
0
0
0
0
0
0
0
0
0
0
0
0
0
0
0
0
0
0
0
0
0
0
0
0
0
0
0
0
0
0
0
0
0
0
0
0
0
0
0
0
0
0
0
0
0
0
0
0
0
0
0
0
0
0
0
0
0
0
0
0
0
0
0
0
0
0
0
0
0
0
0
0
0
0
0
0
0
0
0
0
0
0
0
0
0
0
0
0
0
0
0
0
0
0
0
0
0
0
0
0
0
0
0
0
0
0
0
0
0
0
0
0
0
0
0
0
0
0
0
0
0
0
0
0
0
0
0
0
0
0
0
0
0
0
0
0
0
0
0
0
0
0
0
0
0
0
0
0
0
0
0
0
0
0
0
0
0
0
0
0
0
0
0
0
0
0
0
0
0
0
0
0
0
0
0
0
0
0
0
0
0
0
0
0
0
0
0
0
0
0
0
0
0
0
0
0
0
0
0
0
0
0
0
0
0
0
0
0
0
0
0
0
0
0
0
0
0
0
0
0
0
0
0
0
0
0
0
0
0
0
0
0
0
0
0
0
0
0
0
0
0
0
0
0
0
0
0
0
0
0
0
0
0
0
0
0
0
0
0
0
0
0
0
0
0
0
0
0
0
0
0
0
0
0
0
0
0
0
0
0
0
0
0
0
0
0
0
0
0
0
0
0
0
0
0
0
0
0
0
0
0
0
0
0
0
0
0
0
0
0
0
0
0
0
0
0
0
0
0
0
0
0
0
0
0
0
0
0
0
0
0
0
0
0
0
0
0
0
0
0
0
0
0
0
0
0
0
0
0
0
0
0
0
0
0
0
0
0
0
0
0
0
0
0
0
0
0
0
0
0
0
0
0
0
0
0
0
0
0
0
0
0
0
0
0
0
0
0
0
0
0
0
0
0
0
0
0
0
0
0
0
0
0
0
0
0
0
0
0
0
0
0
0
0
0
0
0
0
0
0
0
0
0
0
0
0
0
0
0
0
0
0
0
0
0
0
0
0
0
0
0
0
0
0
0
0
0
0
0
0
0
0
0
0
0
0
0
0
0
0
0
0
0
0
0
0
0
0
0
0
0
0
0
0
0
0
0
0
0
0
0
0
0
0
0
0
0
0
0
0
0
0
0
0
0
0
0
0
0
0
0
0
0
0
0
0
0
0
0
0
0
0
0
0
0
0
0
0
0
0
0
0
0
0
0
0
0
0
0
0
0
0
0
0
0
0
0
0
0
0
0
0
0
0
0
0
0
0
0
0
0
0
0
0
0
0
0
0
0
0
0
0
0
0
0
0
0
0
0
0
0
0
0
0
0
0
0
0
0
0
0
0
0
0
0
0
0
0
0
0
0
0
0
0
0
0
0
0
0
0
0
0
0
0
0
0
0
0
0
0
0
0
0
0
0
0
0
0
0
0
0
0
0
0
0
0
0
0
0
0
0
0
0
0
0
0
0
0
0
0
0
0
0
0
0
0
0
0
0
0
0
0
0
0
0
0
0
0
0
0
0
0
0
0
0
0
0
0
0
0
0
0
0
0
0
0
0
0
0
0
0
0
0
0
0
0
0
0
0
0
0
0
0
0
0
0
0
0
0
0
0
0
0
0
0
0
0
0
0
0
0
0
0
0
0
0
0
0
0
0
0
0
0
0
0
0
0
0
0
0
0
0
0
0
0
0
0
0
0
0
0
0
0
0
0
0
0
0
0
0
0
0
0
0
0
0
0
0
0
0
0
0
0
0
0
0
0
0
0
0
0
0
0
0
0
0
0
0
0
0
0
0
0
0
0
0
0
0
0
0
0
0
0
0
0
0
0
0
0
0
0
0
0
0
0
0
0
0
0
0
0
0
0
0
0
0
0
0
0
0
0
0
0
0
0
0
0
0
0
0
0
0
0
0
0
0
0
0
0
0
0
0
0
0
0
0
0
0
0
0
0
0
0
0
0
0
0
0
0
0
0
0
0
0
0
0
0
0
0
0
0
0
0
0
0
0
0
0
0
0
0
0
0
0
0
0
0
0
0
0
0
0
0
0
0
0
0
0
0
0
0
0
0
0
0
0
0
0
0
0
0
0
0
0
0
0
0
0
0
0
0
0
0
0
0
0
0
0
0
0
0
0
0
0
0
0
0
0
0
0
0
0
0
0
0
0
0
0
0
0
0
0
0
0
0
0
0
0
0
0
0
0
0
0
0
0
0
0
0
0
0
0
0
0
0
0
0
0
0
0
0
0
0
0
0
0
0
0
0
0
0
0
0
0
0
0
0
0
0
0
0
0
0
0
0
0
0
0
0
0
0
0
0
0
0
0
0
0
0
0
0
0
0
0
0
0
0
0
0
0
0
0
0
0
0
0
0
0
0
0
0
0
0
0
0
0
0
0
0
0
0
0
0
0
0
0
0
0
0
0
0
0
0
0
0
0
0
0
0
0
0
0
0
0
0
0
0
0
0
0
0
0
0
0
0
0
0
0
0
0
0
0
0
0
0
0
0
0
0
0
0
0
0
0
0
0
0
0
0
0
0
0
0
0
0
0
0
0
0
0
0
0
0
0
0
0
0
0
0
0
0
0
0
0
0
0
0
0
0
0
0
0
0
0
0
0
0
0
0
0
0
0
0
0
0
0
0
0
0
0
0
0
0
0
0
0
0
0
0
0
0
0
0
0
0
0
0
0
0
0
0
0
0
0
0
0
0
0
0
0
0
0
0
0
0
0
0
0
0
0
0
0
0
0
0
0
0
0
0
0
0
0
0
0
0
0
0
0
0
0
0
0
0
0
0
0
0
0
0
0
0
0
0
0
0
0
0
0
0
0
0
0
0
0
0
0
0
0
0
0
0
0
0
0
0
0
0
0
0
0
0
0
0
0
0
0
0
0
0
0
0
0
0
0
0
0
0
0
0
0
0
0
0
0
0
0
0
0
0
0
0
0
0
0
0
0
0
0
0
0
0
0
0
0
0
0
0
0
0
0
0
0
0
0
0
0
0
0
0
0
0
0
0
0
0
0
0
0
0
0
0
0
0
0
0
0
0
0
0
0
0
0
0
0
0
0
0
0
0
0
0
0
0
0
0
0
0
0
0
0
0
0
0
0
0
0
